Frequency [Hz], |S00| [-], |S10| [-], Arg(S00) [-], Arg(S10) [-], Delay 0>0 [s], Delay 0>1 [s], |Z0| [Ohm] , Arg(Z0) [-]
2.000000e+08, 8.574730e-02, 9.507946e-01, 4.395580e-01, -6.023063e-01, -2.008746e-11, 4.720698e-10, 5.840018e+01, 7.338626e-02
2.038000e+08, 8.683653e-02, 9.508868e-01, 4.400377e-01, -6.135775e-01, -7.224169e-12, 4.723969e-10, 5.851355e+01, 7.440461e-02
2.076000e+08, 8.792234e-02, 9.509773e-01, 4.402101e-01, -6.248565e-01, 5.024087e-12, 4.727096e-10, 5.862809e+01, 7.537332e-02
2.114000e+08, 8.900435e-02, 9.510660e-01, 4.400902e-01, -6.361430e-01, 1.669250e-11, 4.730085e-10, 5.874377e+01, 7.629264e-02
2.152000e+08, 9.008222e-02, 9.511528e-01, 4.396916e-01, -6.474366e-01, 2.781390e-11, 4.732943e-10, 5.886053e+01, 7.716277e-02
2.190000e+08, 9.115559e-02, 9.512377e-01, 4.390275e-01, -6.587370e-01, 3.841895e-11, 4.735673e-10, 5.897833e+01, 7.798392e-02
2.228000e+08, 9.222415e-02, 9.513204e-01, 4.381102e-01, -6.700439e-01, 4.853630e-11, 4.738282e-10, 5.909712e+01, 7.875630e-02
2.266000e+08, 9.328759e-02, 9.514011e-01, 4.369514e-01, -6.813571e-01, 5.819273e-11, 4.740773e-10, 5.921685e+01, 7.948010e-02
2.304000e+08, 9.434563e-02, 9.514795e-01, 4.355620e-01, -6.926762e-01, 6.741333e-11, 4.743150e-10, 5.933748e+01, 8.015551e-02
2.342000e+08, 9.539799e-02, 9.515555e-01, 4.339524e-01, -7.040010e-01, 7.622158e-11, 4.745417e-10, 5.945896e+01, 8.078271e-02
2.380000e+08, 9.644442e-02, 9.516292e-01, 4.321325e-01, -7.153312e-01, 8.463946e-11, 4.747576e-10, 5.958123e+01, 8.136189e-02
2.418000e+08, 9.748466e-02, 9.517005e-01, 4.301117e-01, -7.266666e-01, 9.268763e-11, 4.749632e-10, 5.970426e+01, 8.189324e-02
2.456000e+08, 9.851849e-02, 9.517692e-01, 4.278987e-01, -7.380069e-01, 1.003854e-10, 4.751587e-10, 5.982799e+01, 8.237694e-02
2.494000e+08, 9.954567e-02, 9.518354e-01, 4.255018e-01, -7.493518e-01, 1.077511e-10, 4.753444e-10, 5.995237e+01, 8.281319e-02
2.532000e+08, 1.005660e-01, 9.518989e-01, 4.229292e-01, -7.607012e-01, 1.148017e-10, 4.755205e-10, 6.007735e+01, 8.320216e-02
2.570000e+08, 1.015793e-01, 9.519598e-01, 4.201881e-01, -7.720547e-01, 1.215532e-10, 4.756872e-10, 6.020289e+01, 8.354406e-02
2.608000e+08, 1.025853e-01, 9.520179e-01, 4.172859e-01, -7.834123e-01, 1.280209e-10, 4.758449e-10, 6.032893e+01, 8.383909e-02
2.646000e+08, 1.035839e-01, 9.520732e-01, 4.142293e-01, -7.947736e-01, 1.342188e-10, 4.759937e-10, 6.045543e+01, 8.408745e-02
2.684000e+08, 1.045749e-01, 9.521258e-01, 4.110247e-01, -8.061385e-01, 1.401606e-10, 4.761338e-10, 6.058234e+01, 8.428935e-02
2.722000e+08, 1.055581e-01, 9.521755e-01, 4.076782e-01, -8.175067e-01, 1.458587e-10, 4.762655e-10, 6.070960e+01, 8.444501e-02
2.760000e+08, 1.065334e-01, 9.522223e-01, 4.041956e-01, -8.288781e-01, 1.513251e-10, 4.763889e-10, 6.083717e+01, 8.455463e-02
2.798000e+08, 1.075006e-01, 9.522662e-01, 4.005826e-01, -8.402524e-01, 1.565710e-10, 4.765042e-10, 6.096499e+01, 8.461846e-02
2.836000e+08, 1.084596e-01, 9.523072e-01, 3.968443e-01, -8.516295e-01, 1.616071e-10, 4.766115e-10, 6.109302e+01, 8.463673e-02
2.874000e+08, 1.094102e-01, 9.523453e-01, 3.929857e-01, -8.630091e-01, 1.664435e-10, 4.767112e-10, 6.122121e+01, 8.460967e-02
2.912000e+08, 1.103523e-01, 9.523804e-01, 3.890117e-01, -8.743911e-01, 1.710894e-10, 4.768033e-10, 6.134950e+01, 8.453753e-02
2.950000e+08, 1.112858e-01, 9.524126e-01, 3.849268e-01, -8.857753e-01, 1.755541e-10, 4.768880e-10, 6.147786e+01, 8.442057e-02
2.988000e+08, 1.122105e-01, 9.524418e-01, 3.807352e-01, -8.971615e-01, 1.798459e-10, 4.769654e-10, 6.160621e+01, 8.425905e-02
3.026000e+08, 1.131264e-01, 9.524681e-01, 3.764412e-01, -9.085496e-01, 1.839728e-10, 4.770358e-10, 6.173453e+01, 8.405325e-02
3.064000e+08, 1.140333e-01, 9.524913e-01, 3.720486e-01, -9.199394e-01, 1.879425e-10, 4.770993e-10, 6.186275e+01, 8.380343e-02
3.102000e+08, 1.149312e-01, 9.525117e-01, 3.675613e-01, -9.313306e-01, 1.917622e-10, 4.771561e-10, 6.199083e+01, 8.350988e-02
3.140000e+08, 1.158198e-01, 9.525291e-01, 3.629828e-01, -9.427233e-01, 1.954388e-10, 4.772063e-10, 6.211872e+01, 8.317290e-02
3.178000e+08, 1.166992e-01, 9.525435e-01, 3.583165e-01, -9.541171e-01, 1.989786e-10, 4.772500e-10, 6.224636e+01, 8.279279e-02
3.216000e+08, 1.175692e-01, 9.525551e-01, 3.535656e-01, -9.655120e-01, 2.023879e-10, 4.772875e-10, 6.237371e+01, 8.236985e-02
3.254000e+08, 1.184297e-01, 9.525638e-01, 3.487334e-01, -9.769077e-01, 2.056726e-10, 4.773188e-10, 6.250072e+01, 8.190441e-02
3.292000e+08, 1.192808e-01, 9.525696e-01, 3.438227e-01, -9.883042e-01, 2.088380e-10, 4.773442e-10, 6.262733e+01, 8.139678e-02
3.330000e+08, 1.201221e-01, 9.525725e-01, 3.388365e-01, -9.997014e-01, 2.118896e-10, 4.773638e-10, 6.275350e+01, 8.084730e-02
3.368000e+08, 1.209538e-01, 9.525727e-01, 3.337774e-01, -1.011099e+00, 2.148323e-10, 4.773777e-10, 6.287918e+01, 8.025631e-02
3.406000e+08, 1.217757e-01, 9.525700e-01, 3.286480e-01, -1.022497e+00, 2.176709e-10, 4.773861e-10, 6.300432e+01, 7.962416e-02
3.444000e+08, 1.225878e-01, 9.525647e-01, 3.234509e-01, -1.033895e+00, 2.204099e-10, 4.773892e-10, 6.312887e+01, 7.895120e-02
3.482000e+08, 1.233900e-01, 9.525566e-01, 3.181884e-01, -1.045293e+00, 2.230536e-10, 4.773870e-10, 6.325278e+01, 7.823779e-02
3.520000e+08, 1.241821e-01, 9.525459e-01, 3.128627e-01, -1.056691e+00, 2.256062e-10, 4.773799e-10, 6.337600e+01, 7.748432e-02
3.558000e+08, 1.249643e-01, 9.525326e-01, 3.074761e-01, -1.068089e+00, 2.280716e-10, 4.773678e-10, 6.349848e+01, 7.669115e-02
3.596000e+08, 1.257363e-01, 9.525167e-01, 3.020307e-01, -1.079487e+00, 2.304533e-10, 4.773509e-10, 6.362017e+01, 7.585867e-02
3.634000e+08, 1.264981e-01, 9.524983e-01, 2.965283e-01, -1.090884e+00, 2.327551e-10, 4.773295e-10, 6.374104e+01, 7.498728e-02
3.672000e+08, 1.272498e-01, 9.524774e-01, 2.909710e-01, -1.102281e+00, 2.349803e-10, 4.773036e-10, 6.386101e+01, 7.407739e-02
3.710000e+08, 1.279911e-01, 9.524541e-01, 2.853606e-01, -1.113677e+00, 2.371321e-10, 4.772734e-10, 6.398006e+01, 7.312939e-02
3.748000e+08, 1.287222e-01, 9.524285e-01, 2.796988e-01, -1.125073e+00, 2.392136e-10, 4.772390e-10, 6.409812e+01, 7.214371e-02
3.786000e+08, 1.294428e-01, 9.524006e-01, 2.739873e-01, -1.136467e+00, 2.412277e-10, 4.772007e-10, 6.421516e+01, 7.112078e-02
3.824000e+08, 1.301531e-01, 9.523704e-01, 2.682278e-01, -1.147861e+00, 2.431772e-10, 4.771584e-10, 6.433112e+01, 7.006102e-02
3.862000e+08, 1.308528e-01, 9.523381e-01, 2.624216e-01, -1.159254e+00, 2.450648e-10, 4.771125e-10, 6.444597e+01, 6.896487e-02
3.900000e+08, 1.315421e-01, 9.523037e-01, 2.565705e-01, -1.170645e+00, 2.468930e-10, 4.770630e-10, 6.455964e+01, 6.783279e-02
3.938000e+08, 1.322208e-01, 9.522672e-01, 2.506756e-01, -1.182036e+00, 2.486642e-10, 4.770101e-10, 6.467210e+01, 6.666523e-02
3.976000e+08, 1.328888e-01, 9.522287e-01, 2.447385e-01, -1.193425e+00, 2.503809e-10, 4.769539e-10, 6.478329e+01, 6.546264e-02
4.014000e+08, 1.335463e-01, 9.521884e-01, 2.387604e-01, -1.204813e+00, 2.520451e-10, 4.768946e-10, 6.489318e+01, 6.422551e-02
4.052000e+08, 1.341931e-01, 9.521462e-01, 2.327425e-01, -1.216199e+00, 2.536590e-10, 4.768323e-10, 6.500171e+01, 6.295431e-02
4.090000e+08, 1.348291e-01, 9.521022e-01, 2.266861e-01, -1.227584e+00, 2.552247e-10, 4.767672e-10, 6.510885e+01, 6.164951e-02
4.128000e+08, 1.354544e-01, 9.520565e-01, 2.205923e-01, -1.238967e+00, 2.567441e-10, 4.766993e-10, 6.521454e+01, 6.031162e-02
4.166000e+08, 1.360689e-01, 9.520093e-01, 2.144623e-01, -1.250349e+00, 2.582189e-10, 4.766289e-10, 6.531875e+01, 5.894113e-02
4.204000e+08, 1.366726e-01, 9.519604e-01, 2.082970e-01, -1.261729e+00, 2.596511e-10, 4.765560e-10, 6.542142e+01, 5.753854e-02
4.242000e+08, 1.372654e-01, 9.519101e-01, 2.020976e-01, -1.273107e+00, 2.610422e-10, 4.764809e-10, 6.552251e+01, 5.610438e-02
4.280000e+08, 1.378473e-01, 9.518584e-01, 1.958649e-01, -1.284484e+00, 2.623939e-10, 4.764036e-10, 6.562199e+01, 5.463915e-02
4.318000e+08, 1.384183e-01, 9.518054e-01, 1.896000e-01, -1.295858e+00, 2.637078e-10, 4.763243e-10, 6.571980e+01, 5.314339e-02
4.356000e+08, 1.389784e-01, 9.517511e-01, 1.833036e-01, -1.307231e+00, 2.649852e-10, 4.762431e-10, 6.581591e+01, 5.161763e-02
4.394000e+08, 1.395275e-01, 9.516957e-01, 1.769768e-01, -1.318602e+00, 2.662277e-10, 4.761602e-10, 6.591027e+01, 5.006241e-02
4.432000e+08, 1.400655e-01, 9.516391e-01, 1.706204e-01, -1.329971e+00, 2.674365e-10, 4.760756e-10, 6.600284e+01, 4.847829e-02
4.470000e+08, 1.405925e-01, 9.515816e-01, 1.642350e-01, -1.341338e+00, 2.686129e-10, 4.759896e-10, 6.609359e+01, 4.686580e-02
4.508000e+08, 1.411085e-01, 9.515231e-01, 1.578216e-01, -1.352702e+00, 2.697583e-10, 4.759022e-10, 6.618246e+01, 4.522553e-02
4.546000e+08, 1.416133e-01, 9.514638e-01, 1.513808e-01, -1.364065e+00, 2.708737e-10, 4.758135e-10, 6.626943e+01, 4.355802e-02
4.584000e+08, 1.421071e-01, 9.514037e-01, 1.449134e-01, -1.375426e+00, 2.719603e-10, 4.757237e-10, 6.635445e+01, 4.186387e-02
4.622000e+08, 1.425896e-01, 9.513429e-01, 1.384200e-01, -1.386784e+00, 2.730191e-10, 4.756330e-10, 6.643749e+01, 4.014365e-02
4.660000e+08, 1.430610e-01, 9.512815e-01, 1.319014e-01, -1.398140e+00, 2.740513e-10, 4.755413e-10, 6.651849e+01, 3.839794e-02
4.698000e+08, 1.435213e-01, 9.512195e-01, 1.253581e-01, -1.409494e+00, 2.750577e-10, 4.754489e-10, 6.659744e+01, 3.662736e-02
4.736000e+08, 1.439702e-01, 9.511571e-01, 1.187908e-01, -1.420846e+00, 2.760393e-10, 4.753559e-10, 6.667429e+01, 3.483249e-02
4.774000e+08, 1.444080e-01, 9.510943e-01, 1.122001e-01, -1.432196e+00, 2.769971e-10, 4.752624e-10, 6.674901e+01, 3.301394e-02
4.812000e+08, 1.448344e-01, 9.510311e-01, 1.055865e-01, -1.443543e+00, 2.779318e-10, 4.751684e-10, 6.682155e+01, 3.117233e-02
4.850000e+08, 1.452496e-01, 9.509678e-01, 9.895055e-02, -1.454889e+00, 2.788443e-10, 4.750741e-10, 6.689190e+01, 2.930828e-02
4.888000e+08, 1.456535e-01, 9.509043e-01, 9.229283e-02, -1.466231e+00, 2.797353e-10, 4.749797e-10, 6.696000e+01, 2.742242e-02
4.926000e+08, 1.460460e-01, 9.508407e-01, 8.561384e-02, -1.477572e+00, 2.806057e-10, 4.748851e-10, 6.702584e+01, 2.551538e-02
4.964000e+08, 1.464271e-01, 9.507771e-01, 7.891407e-02, -1.488911e+00, 2.814561e-10, 4.747906e-10, 6.708937e+01, 2.358780e-02
5.002000e+08, 1.467969e-01, 9.507136e-01, 7.219400e-02, -1.500247e+00, 2.822872e-10, 4.746962e-10, 6.715058e+01, 2.164033e-02
5.040000e+08, 1.471552e-01, 9.506502e-01, 6.545408e-02, -1.511581e+00, 2.830996e-10, 4.746020e-10, 6.720941e+01, 1.967361e-02
5.078000e+08, 1.475021e-01, 9.505871e-01, 5.869477e-02, -1.522912e+00, 2.838940e-10, 4.745082e-10, 6.726586e+01, 1.768830e-02
5.116000e+08, 1.478376e-01, 9.505242e-01, 5.191648e-02, -1.534242e+00, 2.846710e-10, 4.744147e-10, 6.731988e+01, 1.568508e-02
5.154000e+08, 1.481616e-01, 9.504618e-01, 4.511965e-02, -1.545569e+00, 2.854311e-10, 4.743218e-10, 6.737145e+01, 1.366459e-02
5.192000e+08, 1.484741e-01, 9.503997e-01, 3.830467e-02, -1.556894e+00, 2.861748e-10, 4.742295e-10, 6.742055e+01, 1.162753e-02
5.230000e+08, 1.487751e-01, 9.503382e-01, 3.147193e-02, -1.568217e+00, 2.869027e-10, 4.741378e-10, 6.746714e+01, 9.574570e-03
5.268000e+08, 1.490646e-01, 9.502772e-01, 2.462181e-02, -1.579537e+00, 2.876152e-10, 4.740470e-10, 6.751120e+01, 7.506393e-03
5.306000e+08, 1.493425e-01, 9.502169e-01, 1.775468e-02, -1.590856e+00, 2.883128e-10, 4.739570e-10, 6.755272e+01, 5.423690e-03
5.344000e+08, 1.496088e-01, 9.501573e-01, 1.087090e-02, -1.602172e+00, 2.889959e-10, 4.738680e-10, 6.759166e+01, 3.327158e-03
5.382000e+08, 1.498635e-01, 9.500985e-01, 3.970799e-03, -1.613486e+00, 2.896650e-10, 4.737800e-10, 6.762800e+01, 1.217496e-03
5.420000e+08, 1.501066e-01, 9.500405e-01, -2.945273e-03, -1.624798e+00, 2.903204e-10, 4.736931e-10, 6.766173e+01, -9.045908e-04
5.458000e+08, 1.503381e-01, 9.499834e-01, -9.876993e-03, -1.636108e+00, 2.909625e-10, 4.736074e-10, 6.769281e+01, -3.038392e-03
5.496000e+08, 1.505580e-01, 9.499273e-01, -1.682404e-02, -1.647416e+00, 2.915917e-10, 4.735230e-10, 6.772125e+01, -5.183195e-03
5.534000e+08, 1.507661e-01, 9.498723e-01, -2.378612e-02, -1.658722e+00, 2.922082e-10, 4.734399e-10, 6.774701e+01, -7.338279e-03
5.572000e+08, 1.509626e-01, 9.498183e-01, -3.076291e-02, -1.670026e+00, 2.928124e-10, 4.733582e-10, 6.777007e+01, -9.502923e-03
5.610000e+08, 1.511474e-01, 9.497655e-01, -3.775413e-02, -1.681327e+00, 2.934046e-10, 4.732779e-10, 6.779044e+01, -1.167640e-02
5.648000e+08, 1.513204e-01, 9.497139e-01, -4.475949e-02, -1.692628e+00, 2.939851e-10, 4.731992e-10, 6.780808e+01, -1.385798e-02
5.686000e+08, 1.514817e-01, 9.496636e-01, -5.177871e-02, -1.703926e+00, 2.945541e-10, 4.731222e-10, 6.782299e+01, -1.604693e-02
5.724000e+08, 1.516313e-01, 9.496146e-01, -5.881151e-02, -1.715222e+00, 2.951118e-10, 4.730467e-10, 6.783515e+01, -1.824250e-02
5.762000e+08, 1.517690e-01, 9.495669e-01, -6.585763e-02, -1.726516e+00, 2.956585e-10, 4.729731e-10, 6.784456e+01, -2.044397e-02
5.800000e+08, 1.518950e-01, 9.495207e-01, -7.291680e-02, -1.737809e+00, 2.961944e-10, 4.729011e-10, 6.785120e+01, -2.265058e-02
5.838000e+08, 1.520091e-01, 9.494760e-01, -7.998877e-02, -1.749100e+00, 2.967197e-10, 4.728311e-10, 6.785507e+01, -2.486159e-02
5.876000e+08, 1.521115e-01, 9.494328e-01, -8.707328e-02, -1.760390e+00, 2.972346e-10, 4.727629e-10, 6.785616e+01, -2.707625e-02
5.914000e+08, 1.522019e-01, 9.493912e-01, -9.417009e-02, -1.771677e+00, 2.977392e-10, 4.726966e-10, 6.785445e+01, -2.929380e-02
5.952000e+08, 1.522805e-01, 9.493512e-01, -1.012789e-01, -1.782964e+00, 2.982337e-10, 4.726324e-10, 6.784996e+01, -3.151350e-02
5.990000e+08, 1.523473e-01, 9.493130e-01, -1.083996e-01, -1.794248e+00, 2.987182e-10, 4.725702e-10, 6.784267e+01, -3.373458e-02
6.028000e+08, 1.524021e-01, 9.492764e-01, -1.155318e-01, -1.805531e+00, 2.991929e-10, 4.725101e-10, 6.783258e+01, -3.595629e-02
6.066000e+08, 1.524450e-01, 9.492416e-01, -1.226754e-01, -1.816813e+00, 2.996578e-10, 4.724521e-10, 6.781970e+01, -3.817786e-02
6.104000e+08, 1.524760e-01, 9.492085e-01, -1.298300e-01, -1.828093e+00, 3.001132e-10, 4.723963e-10, 6.780401e+01, -4.039854e-02
6.142000e+08, 1.524951e-01, 9.491774e-01, -1.369956e-01, -1.839372e+00, 3.005589e-10, 4.723427e-10, 6.778553e+01, -4.261757e-02
6.180000e+08, 1.525021e-01, 9.491481e-01, -1.441718e-01, -1.850650e+00, 3.009952e-10, 4.722913e-10, 6.776425e+01, -4.483417e-02
6.218000e+08, 1.524973e-01, 9.491207e-01, -1.513584e-01, -1.861926e+00, 3.014221e-10, 4.722422e-10, 6.774018e+01, -4.704759e-02
6.256000e+08, 1.524804e-01, 9.490953e-01, -1.585551e-01, -1.873202e+00, 3.018397e-10, 4.721955e-10, 6.771333e+01, -4.925706e-02
6.294000e+08, 1.524516e-01, 9.490719e-01, -1.657619e-01, -1.884476e+00, 3.022480e-10, 4.721510e-10, 6.768370e+01, -5.146181e-02
6.332000e+08, 1.524107e-01, 9.490505e-01, -1.729784e-01, -1.895749e+00, 3.026470e-10, 4.721090e-10, 6.765129e+01, -5.366109e-02
6.370000e+08, 1.523578e-01, 9.490311e-01, -1.802044e-01, -1.907021e+00, 3.030367e-10, 4.720694e-10, 6.761613e+01, -5.585413e-02
6.408000e+08, 1.522929e-01, 9.490138e-01, -1.874398e-01, -1.918292e+00, 3.034172e-10, 4.720322e-10, 6.757821e+01, -5.804016e-02
6.446000e+08, 1.522159e-01, 9.489987e-01, -1.946842e-01, -1.929563e+00, 3.037884e-10, 4.719975e-10, 6.753755e+01, -6.021842e-02
6.484000e+08, 1.521269e-01, 9.489856e-01, -2.019375e-01, -1.940832e+00, 3.041504e-10, 4.719652e-10, 6.749417e+01, -6.238816e-02
6.522000e+08, 1.520258e-01, 9.489748e-01, -2.091994e-01, -1.952101e+00, 3.045032e-10, 4.719355e-10, 6.744807e+01, -6.454860e-02
6.560000e+08, 1.519127e-01, 9.489661e-01, -2.164697e-01, -1.963369e+00, 3.048466e-10, 4.719082e-10, 6.739927e+01, -6.669899e-02
6.598000e+08, 1.517874e-01, 9.489596e-01, -2.237483e-01, -1.974636e+00, 3.051806e-10, 4.718836e-10, 6.734780e+01, -6.883858e-02
6.636000e+08, 1.516501e-01, 9.489553e-01, -2.310348e-01, -1.985903e+00, 3.055053e-10, 4.718614e-10, 6.729365e+01, -7.096661e-02
6.674000e+08, 1.515006e-01, 9.489533e-01, -2.383291e-01, -1.997169e+00, 3.058205e-10, 4.718419e-10, 6.723687e+01, -7.308232e-02
6.712000e+08, 1.513390e-01, 9.489536e-01, -2.456309e-01, -2.008435e+00, 3.061262e-10, 4.718249e-10, 6.717746e+01, -7.518498e-02
6.750000e+08, 1.511653e-01, 9.489561e-01, -2.529400e-01, -2.019700e+00, 3.064222e-10, 4.718105e-10, 6.711545e+01, -7.727382e-02
6.788000e+08, 1.509795e-01, 9.489609e-01, -2.602562e-01, -2.030965e+00, 3.067086e-10, 4.717988e-10, 6.705085e+01, -7.934812e-02
6.826000e+08, 1.507815e-01, 9.489680e-01, -2.675792e-01, -2.042230e+00, 3.069851e-10, 4.717896e-10, 6.698370e+01, -8.140712e-02
6.864000e+08, 1.505714e-01, 9.489775e-01, -2.749088e-01, -2.053494e+00, 3.072517e-10, 4.717831e-10, 6.691402e+01, -8.345010e-02
6.902000e+08, 1.503492e-01, 9.489893e-01, -2.822448e-01, -2.064759e+00, 3.075082e-10, 4.717791e-10, 6.684183e+01, -8.547631e-02
6.940000e+08, 1.501148e-01, 9.490034e-01, -2.895869e-01, -2.076023e+00, 3.077546e-10, 4.717778e-10, 6.676717e+01, -8.748504e-02
6.978000e+08, 1.498682e-01, 9.490198e-01, -2.969348e-01, -2.087287e+00, 3.079906e-10, 4.717792e-10, 6.669005e+01, -8.947556e-02
7.016000e+08, 1.496095e-01, 9.490386e-01, -3.042885e-01, -2.098551e+00, 3.082162e-10, 4.717832e-10, 6.661051e+01, -9.144715e-02
7.054000e+08, 1.493386e-01, 9.490597e-01, -3.116475e-01, -2.109816e+00, 3.084310e-10, 4.717897e-10, 6.652858e+01, -9.339909e-02
7.092000e+08, 1.490556e-01, 9.490832e-01, -3.190116e-01, -2.121080e+00, 3.086351e-10, 4.717990e-10, 6.644429e+01, -9.533069e-02
7.130000e+08, 1.487604e-01, 9.491091e-01, -3.263806e-01, -2.132345e+00, 3.088281e-10, 4.718108e-10, 6.635767e+01, -9.724123e-02
7.168000e+08, 1.484530e-01, 9.491372e-01, -3.337542e-01, -2.143610e+00, 3.090099e-10, 4.718252e-10, 6.626876e+01, -9.913001e-02
7.206000e+08, 1.481335e-01, 9.491678e-01, -3.411322e-01, -2.154875e+00, 3.091803e-10, 4.718423e-10, 6.617758e+01, -1.009964e-01
7.244000e+08, 1.478018e-01, 9.492007e-01, -3.485142e-01, -2.166141e+00, 3.093390e-10, 4.718620e-10, 6.608419e+01, -1.028396e-01
7.282000e+08, 1.474580e-01, 9.492359e-01, -3.559000e-01, -2.177407e+00, 3.094858e-10, 4.718842e-10, 6.598860e+01, -1.046590e-01
7.320000e+08, 1.471019e-01, 9.492735e-01, -3.632893e-01, -2.188674e+00, 3.096204e-10, 4.719090e-10, 6.589086e+01, -1.064539e-01
7.358000e+08, 1.467338e-01, 9.493134e-01, -3.706818e-01, -2.199941e+00, 3.097427e-10, 4.719364e-10, 6.579101e+01, -1.082237e-01
7.396000e+08, 1.463535e-01, 9.493556e-01, -3.780773e-01, -2.211209e+00, 3.098522e-10, 4.719663e-10, 6.568908e+01, -1.099677e-01
7.434000e+08, 1.459610e-01, 9.494001e-01, -3.854753e-01, -2.222478e+00, 3.099488e-10, 4.719988e-10, 6.558511e+01, -1.116852e-01
7.472000e+08, 1.455564e-01, 9.494469e-01, -3.928757e-01, -2.233748e+00, 3.100321e-10, 4.720338e-10, 6.547916e+01, -1.133757e-01
7.510000e+08, 1.451397e-01, 9.494960e-01, -4.002781e-01, -2.245018e+00, 3.101018e-10, 4.720713e-10, 6.537124e+01, -1.150384e-01
7.548000e+08, 1.447108e-01, 9.495474e-01, -4.076821e-01, -2.256289e+00, 3.101576e-10, 4.721113e-10, 6.526142e+01, -1.166727e-01
7.586000e+08, 1.442699e-01, 9.496010e-01, -4.150874e-01, -2.267561e+00, 3.101990e-10, 4.721537e-10, 6.514972e+01, -1.182781e-01
7.624000e+08, 1.438168e-01, 9.496569e-01, -4.224938e-01, -2.278835e+00, 3.102258e-10, 4.721986e-10, 6.503620e+01, -1.198539e-01
7.662000e+08, 1.433517e-01, 9.497149e-01, -4.299008e-01, -2.290109e+00, 3.102376e-10, 4.722458e-10, 6.492090e+01, -1.213995e-01
7.700000e+08, 1.428744e-01, 9.497752e-01, -4.373080e-01, -2.301384e+00, 3.102339e-10, 4.722955e-10, 6.480385e+01, -1.229143e-01
7.738000e+08, 1.423851e-01, 9.498377e-01, -4.447152e-01, -2.312661e+00, 3.102144e-10, 4.723475e-10, 6.468512e+01, -1.243978e-01
7.776000e+08, 1.418838e-01, 9.499022e-01, -4.521219e-01, -2.323939e+00, 3.101785e-10, 4.724019e-10, 6.456474e+01, -1.258493e-01
7.814000e+08, 1.413704e-01, 9.499690e-01, -4.595278e-01, -2.335218e+00, 3.101259e-10, 4.724586e-10, 6.444275e+01, -1.272683e-01
7.852000e+08, 1.408450e-01, 9.500378e-01, -4.669324e-01, -2.346498e+00, 3.100561e-10, 4.725176e-10, 6.431922e+01, -1.286543e-01
7.890000e+08, 1.403076e-01, 9.501087e-01, -4.743353e-01, -2.357780e+00, 3.099685e-10, 4.725788e-10, 6.419417e+01, -1.300066e-01
7.928000e+08, 1.397582e-01, 9.501817e-01, -4.817362e-01, -2.369063e+00, 3.098626e-10, 4.726422e-10, 6.406767e+01, -1.313248e-01
7.966000e+08, 1.391968e-01, 9.502566e-01, -4.891345e-01, -2.380348e+00, 3.097380e-10, 4.727078e-10, 6.393976e+01, -1.326083e-01
8.004000e+08, 1.386235e-01, 9.503336e-01, -4.965298e-01, -2.391635e+00, 3.095939e-10, 4.727756e-10, 6.381049e+01, -1.338567e-01
8.042000e+08, 1.380383e-01, 9.504126e-01, -5.039217e-01, -2.402923e+00, 3.094299e-10, 4.728455e-10, 6.367990e+01, -1.350693e-01
8.080000e+08, 1.374411e-01, 9.504934e-01, -5.113097e-01, -2.414212e+00, 3.092452e-10, 4.729175e-10, 6.354805e+01, -1.362458e-01
8.118000e+08, 1.368322e-01, 9.505762e-01, -5.186932e-01, -2.425504e+00, 3.090393e-10, 4.729915e-10, 6.341498e+01, -1.373855e-01
8.156000e+08, 1.362113e-01, 9.506608e-01, -5.260719e-01, -2.436797e+00, 3.088114e-10, 4.730675e-10, 6.328076e+01, -1.384882e-01
8.194000e+08, 1.355786e-01, 9.507472e-01, -5.334451e-01, -2.448092e+00, 3.085609e-10, 4.731455e-10, 6.314541e+01, -1.395532e-01
8.232000e+08, 1.349342e-01, 9.508355e-01, -5.408123e-01, -2.459389e+00, 3.082870e-10, 4.732255e-10, 6.300901e+01, -1.405801e-01
8.270000e+08, 1.342780e-01, 9.509255e-01, -5.481730e-01, -2.470688e+00, 3.079888e-10, 4.733073e-10, 6.287160e+01, -1.415686e-01
8.308000e+08, 1.336100e-01, 9.510172e-01, -5.555266e-01, -2.481988e+00, 3.076657e-10, 4.733909e-10, 6.273322e+01, -1.425181e-01
8.346000e+08, 1.329304e-01, 9.511106e-01, -5.628725e-01, -2.493291e+00, 3.073167e-10, 4.734764e-10, 6.259393e+01, -1.434283e-01
8.384000e+08, 1.322391e-01, 9.512056e-01, -5.702100e-01, -2.504596e+00, 3.069410e-10, 4.735636e-10, 6.245379e+01, -1.442987e-01
8.422000e+08, 1.315361e-01, 9.513022e-01, -5.775386e-01, -2.515903e+00, 3.065376e-10, 4.736526e-10, 6.231284e+01, -1.451290e-01
8.460000e+08, 1.308216e-01, 9.514003e-01, -5.848575e-01, -2.527212e+00, 3.061055e-10, 4.737432e-10, 6.217114e+01, -1.459188e-01
8.498000e+08, 1.300955e-01, 9.515000e-01, -5.921661e-01, -2.538523e+00, 3.056437e-10, 4.738354e-10, 6.202873e+01, -1.466676e-01
8.536000e+08, 1.293579e-01, 9.516011e-01, -5.994637e-01, -2.549836e+00, 3.051512e-10, 4.739292e-10, 6.188567e+01, -1.473752e-01
8.574000e+08, 1.286088e-01, 9.517037e-01, -6.067495e-01, -2.561152e+00, 3.046267e-10, 4.740245e-10, 6.174202e+01, -1.480412e-01
8.612000e+08, 1.278483e-01, 9.518076e-01, -6.140228e-01, -2.572470e+00, 3.040692e-10, 4.741213e-10, 6.159781e+01, -1.486652e-01
8.650000e+08, 1.270765e-01, 9.519129e-01, -6.212828e-01, -2.583790e+00, 3.034774e-10, 4.742195e-10, 6.145311e+01, -1.492470e-01
8.688000e+08, 1.262932e-01, 9.520194e-01, -6.285286e-01, -2.595112e+00, 3.028499e-10, 4.743192e-10, 6.130797e+01, -1.497863e-01
8.726000e+08, 1.254987e-01, 9.521271e-01, -6.357595e-01, -2.606437e+00, 3.021855e-10, 4.744201e-10, 6.116244e+01, -1.502827e-01
8.764000e+08, 1.246929e-01, 9.522361e-01, -6.429745e-01, -2.617765e+00, 3.014827e-10, 4.745223e-10, 6.101656e+01, -1.507359e-01
8.802000e+08, 1.238760e-01, 9.523461e-01, -6.501728e-01, -2.629094e+00, 3.007399e-10, 4.746257e-10, 6.087040e+01, -1.511458e-01
8.840000e+08, 1.230479e-01, 9.524573e-01, -6.573533e-01, -2.640427e+00, 2.999557e-10, 4.747303e-10, 6.072401e+01, -1.515120e-01
8.878000e+08, 1.222087e-01, 9.525695e-01, -6.645150e-01, -2.651761e+00, 2.991283e-10, 4.748361e-10, 6.057743e+01, -1.518343e-01
8.916000e+08, 1.213585e-01, 9.526826e-01, -6.716570e-01, -2.663099e+00, 2.982560e-10, 4.749428e-10, 6.043071e+01, -1.521124e-01
8.954000e+08, 1.204973e-01, 9.527967e-01, -6.787782e-01, -2.674438e+00, 2.973369e-10, 4.750506e-10, 6.028392e+01, -1.523462e-01
8.992000e+08, 1.196252e-01, 9.529117e-01, -6.858775e-01, -2.685781e+00, 2.963692e-10, 4.751594e-10, 6.013709e+01, -1.525355e-01
9.030000e+08, 1.187422e-01, 9.530275e-01, -6.929536e-01, -2.697126e+00, 2.953507e-10, 4.752690e-10, 5.999029e+01, -1.526801e-01
9.068000e+08, 1.178485e-01, 9.531440e-01, -7.000054e-01, -2.708473e+00, 2.942794e-10, 4.753795e-10, 5.984356e+01, -1.527797e-01
9.106000e+08, 1.169440e-01, 9.532613e-01, -7.070317e-01, -2.719823e+00, 2.931530e-10, 4.754907e-10, 5.969695e+01, -1.528343e-01
9.144000e+08, 1.160289e-01, 9.533792e-01, -7.140310e-01, -2.731176e+00, 2.919690e-10, 4.756027e-10, 5.955051e+01, -1.528437e-01
9.182000e+08, 1.151032e-01, 9.534977e-01, -7.210021e-01, -2.742532e+00, 2.907250e-10, 4.757153e-10, 5.940430e+01, -1.528078e-01
9.220000e+08, 1.141670e-01, 9.536168e-01, -7.279435e-01, -2.753890e+00, 2.894183e-10, 4.758286e-10, 5.925836e+01, -1.527264e-01
9.258000e+08, 1.132203e-01, 9.537363e-01, -7.348537e-01, -2.765251e+00, 2.880461e-10, 4.759424e-10, 5.911274e+01, -1.525994e-01
9.296000e+08, 1.122633e-01, 9.538563e-01, -7.417311e-01, -2.776615e+00, 2.866053e-10, 4.760566e-10, 5.896750e+01, -1.524268e-01
9.334000e+08, 1.112960e-01, 9.539767e-01, -7.485741e-01, -2.787981e+00, 2.850930e-10, 4.761714e-10, 5.882267e+01, -1.522086e-01
9.372000e+08, 1.103185e-01, 9.540974e-01, -7.553810e-01, -2.799350e+00, 2.835057e-10, 4.762864e-10, 5.867832e+01, -1.519445e-01
9.410000e+08, 1.093308e-01, 9.542183e-01, -7.621500e-01, -2.810722e+00, 2.818399e-10, 4.764018e-10, 5.853449e+01, -1.516347e-01
9.448000e+08, 1.083331e-01, 9.543395e-01, -7.688793e-01, -2.822097e+00, 2.800919e-10, 4.765175e-10, 5.839122e+01, -1.512790e-01
9.486000e+08, 1.073255e-01, 9.544608e-01, -7.755668e-01, -2.833474e+00, 2.782576e-10, 4.766333e-10, 5.824857e+01, -1.508775e-01
9.524000e+08, 1.063080e-01, 9.545822e-01, -7.822105e-01, -2.844854e+00, 2.763331e-10, 4.767493e-10, 5.810658e+01, -1.504302e-01
9.562000e+08, 1.052808e-01, 9.547036e-01, -7.888083e-01, -2.856237e+00, 2.743136e-10, 4.768653e-10, 5.796530e+01, -1.499370e-01
9.600000e+08, 1.042438e-01, 9.548250e-01, -7.953578e-01, -2.867623e+00, 2.721946e-10, 4.769814e-10, 5.782479e+01, -1.493981e-01
9.638000e+08, 1.031973e-01, 9.549464e-01, -8.018567e-01, -2.879011e+00, 2.699709e-10, 4.770974e-10, 5.768507e+01, -1.488135e-01
9.676000e+08, 1.021414e-01, 9.550676e-01, -8.083026e-01, -2.890402e+00, 2.676373e-10, 4.772133e-10, 5.754620e+01, -1.481832e-01
9.714000e+08, 1.010760e-01, 9.551885e-01, -8.146927e-01, -2.901796e+00, 2.651880e-10, 4.773290e-10, 5.740824e+01, -1.475074e-01
9.752000e+08, 1.000014e-01, 9.553093e-01, -8.210244e-01, -2.913193e+00, 2.626169e-10, 4.774445e-10, 5.727121e+01, -1.467861e-01
9.790000e+08, 9.891765e-02, 9.554297e-01, -8.272947e-01, -2.924593e+00, 2.599175e-10, 4.775597e-10, 5.713517e+01, -1.460194e-01
9.828000e+08, 9.782486e-02, 9.555497e-01, -8.335005e-01, -2.935995e+00, 2.570829e-10, 4.776746e-10, 5.700016e+01, -1.452076e-01
9.866000e+08, 9.672314e-02, 9.556693e-01, -8.396386e-01, -2.947400e+00, 2.541058e-10, 4.777890e-10, 5.686622e+01, -1.443506e-01
9.904000e+08, 9.561263e-02, 9.557884e-01, -8.457057e-01, -2.958808e+00, 2.509782e-10, 4.779030e-10, 5.673341e+01, -1.434488e-01
9.942000e+08, 9.449343e-02, 9.559070e-01, -8.516980e-01, -2.970218e+00, 2.476917e-10, 4.780165e-10, 5.660176e+01, -1.425023e-01
9.980000e+08, 9.336569e-02, 9.560250e-01, -8.576120e-01, -2.981631e+00, 2.442372e-10, 4.781294e-10, 5.647132e+01, -1.415113e-01
1.001800e+09, 9.222954e-02, 9.561423e-01, -8.634434e-01, -2.993047e+00, 2.406051e-10, 4.782416e-10, 5.634212e+01, -1.404760e-01
1.005600e+09, 9.108510e-02, 9.562589e-01, -8.691881e-01, -3.004466e+00, 2.367849e-10, 4.783531e-10, 5.621422e+01, -1.393966e-01
1.009400e+09, 8.993253e-02, 9.563747e-01, -8.748416e-01, -3.015887e+00, 2.327656e-10, 4.784639e-10, 5.608764e+01, -1.382735e-01
1.013200e+09, 8.877196e-02, 9.564897e-01, -8.803991e-01, -3.027311e+00, 2.285350e-10, 4.785739e-10, 5.596244e+01, -1.371068e-01
1.017000e+09, 8.760355e-02, 9.566038e-01, -8.858557e-01, -3.038737e+00, 2.240804e-10, 4.786829e-10, 5.583866e+01, -1.358969e-01
1.020800e+09, 8.642745e-02, 9.567170e-01, -8.912058e-01, -3.050166e+00, 2.193879e-10, 4.787911e-10, 5.571633e+01, -1.346440e-01
1.024600e+09, 8.524382e-02, 9.568292e-01, -8.964440e-01, -3.061598e+00, 2.144425e-10, 4.788983e-10, 5.559550e+01, -1.333486e-01
1.028400e+09, 8.405283e-02, 9.569404e-01, -9.015640e-01, -3.073032e+00, 2.092282e-10, 4.790044e-10, 5.547620e+01, -1.320108e-01
1.032200e+09, 8.285466e-02, 9.570504e-01, -9.065596e-01, -3.084469e+00, 2.037275e-10, 4.791095e-10, 5.535847e+01, -1.306312e-01
1.036000e+09, 8.164948e-02, 9.571593e-01, -9.114238e-01, -3.095908e+00, 1.979218e-10, 4.792134e-10, 5.524236e+01, -1.292100e-01
1.039800e+09, 8.043747e-02, 9.572670e-01, -9.161494e-01, -3.107350e+00, 1.917906e-10, 4.793161e-10, 5.512789e+01, -1.277477e-01
1.043600e+09, 7.921883e-02, 9.573734e-01, -9.207286e-01, -3.118794e+00, 1.853120e-10, 4.794176e-10, 5.501511e+01, -1.262447e-01
1.047400e+09, 7.799377e-02, 9.574786e-01, -9.251531e-01, -3.130241e+00, 1.784622e-10, 4.795178e-10, 5.490405e+01, -1.247013e-01
1.051200e+09, 7.676248e-02, 9.575823e-01, -9.294141e-01, 3.141495e+00, 1.712153e-10, 4.796166e-10, 5.479476e+01, -1.231182e-01
1.055000e+09, 7.552520e-02, 9.576847e-01, -9.335021e-01, 3.130044e+00, 1.635432e-10, 4.797141e-10, 5.468726e+01, -1.214956e-01
1.058800e+09, 7.428214e-02, 9.577856e-01, -9.374068e-01, 3.118590e+00, 1.554155e-10, 4.798100e-10, 5.458159e+01, -1.198341e-01
1.062600e+09, 7.303354e-02, 9.578851e-01, -9.411176e-01, 3.107134e+00, 1.467989e-10, 4.799045e-10, 5.447779e+01, -1.181343e-01
1.066400e+09, 7.177966e-02, 9.579829e-01, -9.446225e-01, 3.095676e+00, 1.376572e-10, 4.799975e-10, 5.437589e+01, -1.163966e-01
1.070200e+09, 7.052076e-02, 9.580792e-01, -9.479093e-01, 3.084216e+00, 1.279509e-10, 4.800889e-10, 5.427592e+01, -1.146215e-01
1.074000e+09, 6.925711e-02, 9.581739e-01, -9.509642e-01, 3.072753e+00, 1.176369e-10, 4.801786e-10, 5.417792e+01, -1.128097e-01
1.077800e+09, 6.798899e-02, 9.582668e-01, -9.537729e-01, 3.061288e+00, 1.066681e-10, 4.802667e-10, 5.408192e+01, -1.109616e-01
1.081600e+09, 6.671672e-02, 9.583581e-01, -9.563198e-01, 3.049821e+00, 9.499296e-11, 4.803531e-10, 5.398795e+01, -1.090780e-01
1.085400e+09, 6.544062e-02, 9.584475e-01, -9.585878e-01, 3.038352e+00, 8.255486e-11, 4.804377e-10, 5.389605e+01, -1.071593e-01
1.089200e+09, 6.416101e-02, 9.585352e-01, -9.605589e-01, 3.026881e+00, 6.929186e-11, 4.805205e-10, 5.380624e+01, -1.052063e-01
1.093000e+09, 6.287828e-02, 9.586210e-01, -9.622133e-01, 3.015408e+00, 5.513589e-11, 4.806015e-10, 5.371855e+01, -1.032195e-01
1.096800e+09, 6.159279e-02, 9.587049e-01, -9.635298e-01, 3.003933e+00, 4.001217e-11, 4.806807e-10, 5.363302e+01, -1.011997e-01
1.100600e+09, 6.030495e-02, 9.587868e-01, -9.644851e-01, 2.992457e+00, 2.383842e-11, 4.807579e-10, 5.354967e+01, -9.914746e-02
1.104400e+09, 5.901520e-02, 9.588668e-01, -9.650543e-01, 2.980978e+00, 6.524036e-12, 4.808332e-10, 5.346854e+01, -9.706356e-02
1.108200e+09, 5.772401e-02, 9.589448e-01, -9.652100e-01, 2.969498e+00, -1.203081e-11, 4.809065e-10, 5.338964e+01, -9.494869e-02
1.112000e+09, 5.643186e-02, 9.590208e-01, -9.649228e-01, 2.958015e+00, -3.193623e-11, 4.809778e-10, 5.331302e+01, -9.280358e-02
1.115800e+09, 5.513929e-02, 9.590947e-01, -9.641603e-01, 2.946532e+00, -5.331369e-11, 4.810471e-10, 5.323869e+01, -9.062897e-02
1.119600e+09, 5.384688e-02, 9.591665e-01, -9.628873e-01, 2.935046e+00, -7.629732e-11, 4.811144e-10, 5.316667e+01, -8.842565e-02
1.123400e+09, 5.255524e-02, 9.592361e-01, -9.610657e-01, 2.923559e+00, -1.010352e-10, 4.811795e-10, 5.309701e+01, -8.619438e-02
1.127200e+09, 5.126505e-02, 9.593036e-01, -9.586533e-01, 2.912070e+00, -1.276909e-10, 4.812425e-10, 5.302972e+01, -8.393597e-02
1.131000e+09, 4.997704e-02, 9.593688e-01, -9.556046e-01, 2.900580e+00, -1.564450e-10, 4.813034e-10, 5.296482e+01, -8.165123e-02
1.134800e+09, 4.869199e-02, 9.594319e-01, -9.518693e-01, 2.889088e+00, -1.874966e-10, 4.813621e-10, 5.290234e+01, -7.934099e-02
1.138600e+09, 4.741077e-02, 9.594927e-01, -9.473926e-01, 2.877595e+00, -2.210653e-10, 4.814186e-10, 5.284231e+01, -7.700609e-02
1.142400e+09, 4.613432e-02, 9.595512e-01, -9.421144e-01, 2.866101e+00, -2.573927e-10, 4.814729e-10, 5.278474e+01, -7.464740e-02
1.146200e+09, 4.486369e-02, 9.596073e-01, -9.359689e-01, 2.854605e+00, -2.967440e-10, 4.815249e-10, 5.272965e+01, -7.226580e-02
1.150000e+09, 4.360000e-02, 9.596612e-01, -9.288838e-01, 2.843108e+00, -3.394092e-10, 4.815747e-10, 5.267707e+01, -6.986217e-02
1.153800e+09, 4.234452e-02, 9.597127e-01, -9.207800e-01, 2.831610e+00, -3.857046e-10, 4.816223e-10, 5.262702e+01, -6.743741e-02
1.157600e+09, 4.109861e-02, 9.597618e-01, -9.115709e-01, 2.820111e+00, -4.359723e-10, 4.816675e-10, 5.257952e+01, -6.499246e-02
1.161400e+09, 3.986383e-02, 9.598085e-01, -9.011616e-01, 2.808611e+00, -4.905801e-10, 4.817105e-10, 5.253458e+01, -6.252823e-02
1.165200e+09, 3.864187e-02, 9.598529e-01, -8.894484e-01, 2.797109e+00, -5.499186e-10, 4.817511e-10, 5.249223e+01, -6.004567e-02
1.169000e+09, 3.743462e-02, 9.598947e-01, -8.763185e-01, 2.785607e+00, -6.143971e-10, 4.817895e-10, 5.245248e+01, -5.754575e-02
1.172800e+09, 3.624418e-02, 9.599342e-01, -8.616491e-01, 2.774104e+00, -6.844355e-10, 4.818254e-10, 5.241535e+01, -5.502943e-02
1.176600e+09, 3.507290e-02, 9.599711e-01, -8.453075e-01, 2.762599e+00, -7.604524e-10, 4.818591e-10, 5.238086e+01, -5.249770e-02
1.180400e+09, 3.392338e-02, 9.600056e-01, -8.271508e-01, 2.751095e+00, -8.428468e-10, 4.818904e-10, 5.234901e+01, -4.995154e-02
1.184200e+09, 3.279855e-02, 9.600376e-01, -8.070269e-01, 2.739589e+00, -9.319730e-10, 4.819193e-10, 5.231983e+01, -4.739197e-02
1.188000e+09, 3.170165e-02, 9.600670e-01, -7.847750e-01, 2.728083e+00, -1.028105e-09, 4.819458e-10, 5.229333e+01, -4.481999e-02
1.191800e+09, 3.063629e-02, 9.600940e-01, -7.602279e-01, 2.716576e+00, -1.131388e-09, 4.819700e-10, 5.226952e+01, -4.223664e-02
1.195600e+09, 2.960648e-02, 9.601185e-01, -7.332148e-01, 2.705068e+00, -1.241780e-09, 4.819918e-10, 5.224842e+01, -3.964296e-02
1.199400e+09, 2.861666e-02, 9.601404e-01, -7.035659e-01, 2.693560e+00, -1.358975e-09, 4.820113e-10, 5.223003e+01, -3.703998e-02
1.203200e+09, 2.767170e-02, 9.601597e-01, -6.711189e-01, 2.682051e+00, -1.482310e-09, 4.820283e-10, 5.221437e+01, -3.442875e-02
1.207000e+09, 2.677692e-02, 9.601765e-01, -6.357271e-01, 2.670542e+00, -1.610668e-09, 4.820430e-10, 5.220145e+01, -3.181035e-02
1.210800e+09, 2.593805e-02, 9.601908e-01, -5.972706e-01, 2.659033e+00, -1.742376e-09, 4.820553e-10, 5.219128e+01, -2.918584e-02
1.214600e+09, 2.516124e-02, 9.602025e-01, -5.556694e-01, 2.647523e+00, -1.875118e-09, 4.820653e-10, 5.218386e+01, -2.655629e-02
1.218400e+09, 2.445289e-02, 9.602117e-01, -5.108989e-01, 2.636014e+00, -2.005884e-09, 4.820729e-10, 5.217921e+01, -2.392278e-02
1.222200e+09, 2.381959e-02, 9.602183e-01, -4.630062e-01, 2.624504e+00, -2.130985e-09, 4.820781e-10, 5.217733e+01, -2.128642e-02
1.226000e+09, 2.326793e-02, 9.602223e-01, -4.121266e-01, 2.612993e+00, -2.246170e-09, 4.820809e-10, 5.217822e+01, -1.864828e-02
1.229800e+09, 2.280425e-02, 9.602238e-01, -3.584968e-01, 2.601483e+00, -2.346853e-09, 4.820815e-10, 5.218190e+01, -1.600947e-02
1.233600e+09, 2.243438e-02, 9.602228e-01, -3.024631e-01, 2.589973e+00, -2.428466e-09, 4.820796e-10, 5.218837e+01, -1.337110e-02
1.237400e+09, 2.216336e-02, 9.602192e-01, -2.444808e-01, 2.578463e+00, -2.486904e-09, 4.820755e-10, 5.219762e+01, -1.073426e-02
1.241200e+09, 2.199514e-02, 9.602130e-01, -1.851032e-01, 2.566953e+00, -2.518995e-09, 4.820690e-10, 5.220968e+01, -8.100062e-03
1.245000e+09, 2.193234e-02, 9.602043e-01, -1.249594e-01, 2.555443e+00, -2.522904e-09, 4.820602e-10, 5.222452e+01, -5.469626e-03
1.248800e+09, 2.197606e-02, 9.601931e-01, -6.472226e-02, 2.543933e+00, -2.498392e-09, 4.820491e-10, 5.224217e+01, -2.844061e-03
1.252600e+09, 2.212584e-02, 9.601794e-01, -5.070404e-03, 2.532424e+00, -2.446840e-09, 4.820357e-10, 5.226262e+01, -2.244828e-04
1.256400e+09, 2.237965e-02, 9.601631e-01, 5.335059e-02, 2.520915e+00, -2.371065e-09, 4.820201e-10, 5.228586e+01, 2.387994e-03
1.260200e+09, 2.273407e-02, 9.601444e-01, 1.099624e-01, 2.509406e+00, -2.274946e-09, 4.820021e-10, 5.231190e+01, 4.992254e-03
1.264000e+09, 2.318451e-02, 9.601231e-01, 1.642792e-01, 2.497897e+00, -2.162966e-09, 4.819820e-10, 5.234074e+01, 7.587182e-03
1.267800e+09, 2.372546e-02, 9.600994e-01, 2.159224e-01, 2.486390e+00, -2.039744e-09, 4.819596e-10, 5.237237e+01, 1.017167e-02
1.271600e+09, 2.435083e-02, 9.600732e-01, 2.646236e-01, 2.474882e+00, -1.909661e-09, 4.819350e-10, 5.240679e+01, 1.274459e-02
1.275400e+09, 2.505420e-02, 9.600446e-01, 3.102188e-01, 2.463376e+00, -1.776588e-09, 4.819082e-10, 5.244399e+01, 1.530485e-02
1.279200e+09, 2.582903e-02, 9.600135e-01, 3.526368e-01, 2.451869e+00, -1.643737e-09, 4.818793e-10, 5.248398e+01, 1.785134e-02
1.283000e+09, 2.666892e-02, 9.599800e-01, 3.918829e-01, 2.440364e+00, -1.513627e-09, 4.818482e-10, 5.252673e+01, 2.038296e-02
1.286800e+09, 2.756771e-02, 9.599441e-01, 4.280224e-01, 2.428859e+00, -1.388112e-09, 4.818149e-10, 5.257226e+01, 2.289860e-02
1.290600e+09, 2.851960e-02, 9.599059e-01, 4.611651e-01, 2.417356e+00, -1.268461e-09, 4.817795e-10, 5.262054e+01, 2.539717e-02
1.294400e+09, 2.951916e-02, 9.598652e-01, 4.914510e-01, 2.405853e+00, -1.155459e-09, 4.817421e-10, 5.267156e+01, 2.787759e-02
1.298200e+09, 3.056144e-02, 9.598222e-01, 5.190389e-01, 2.394350e+00, -1.049507e-09, 4.817025e-10, 5.272533e+01, 3.033878e-02
1.302000e+09, 3.164188e-02, 9.597769e-01, 5.440970e-01, 2.382849e+00, -9.507175e-10, 4.816609e-10, 5.278183e+01, 3.277965e-02
1.305800e+09, 3.275637e-02, 9.597293e-01, 5.667965e-01, 2.371349e+00, -8.589919e-10, 4.816173e-10, 5.284104e+01, 3.519914e-02
1.309600e+09, 3.390120e-02, 9.596794e-01, 5.873058e-01, 2.359850e+00, -7.740886e-10, 4.815717e-10, 5.290296e+01, 3.759619e-02
1.313400e+09, 3.507301e-02, 9.596273e-01, 6.057881e-01, 2.348352e+00, -6.956729e-10, 4.815240e-10, 5.296757e+01, 3.996975e-02
1.317200e+09, 3.626880e-02, 9.595729e-01, 6.223980e-01, 2.336855e+00, -6.233558e-10, 4.814745e-10, 5.303485e+01, 4.231877e-02
1.321000e+09, 3.748586e-02, 9.595164e-01, 6.372813e-01, 2.325359e+00, -5.567224e-10, 4.814229e-10, 5.310480e+01, 4.464221e-02
1.324800e+09, 3.872177e-02, 9.594576e-01, 6.505737e-01, 2.313865e+00, -4.953515e-10, 4.813695e-10, 5.317739e+01, 4.693906e-02
1.328600e+09, 3.997433e-02, 9.593967e-01, 6.624007e-01, 2.302371e+00, -4.388299e-10, 4.813142e-10, 5.325260e+01, 4.920830e-02
1.332400e+09, 4.124159e-02, 9.593337e-01, 6.728783e-01, 2.290880e+00, -3.867609e-10, 4.812570e-10, 5.333043e+01, 5.144891e-02
1.336200e+09, 4.252177e-02, 9.592686e-01, 6.821126e-01, 2.279389e+00, -3.387696e-10, 4.811980e-10, 5.341085e+01, 5.365993e-02
1.340000e+09, 4.381328e-02, 9.592014e-01, 6.902011e-01, 2.267900e+00, -2.945062e-10, 4.811372e-10, 5.349384e+01, 5.584035e-02
1.343800e+09, 4.511466e-02, 9.591322e-01, 6.972328e-01, 2.256412e+00, -2.536470e-10, 4.810746e-10, 5.357938e+01, 5.798921e-02
1.347600e+09, 4.642461e-02, 9.590610e-01, 7.032889e-01, 2.244926e+00, -2.158942e-10, 4.810103e-10, 5.366744e+01, 6.010556e-02
1.351400e+09, 4.774192e-02, 9.589878e-01, 7.084436e-01, 2.233441e+00, -1.809754e-10, 4.809442e-10, 5.375802e+01, 6.218845e-02
1.355200e+09, 4.906550e-02, 9.589127e-01, 7.127646e-01, 2.221958e+00, -1.486424e-10, 4.808765e-10, 5.385107e+01, 6.423695e-02
1.359000e+09, 5.039436e-02, 9.588357e-01, 7.163136e-01, 2.210477e+00, -1.186693e-10, 4.808070e-10, 5.394658e+01, 6.625015e-02
1.362800e+09, 5.172758e-02, 9.587568e-01, 7.191470e-01, 2.198997e+00, -9.085113e-11, 4.807360e-10, 5.404452e+01, 6.822715e-02
1.366600e+09, 5.306431e-02, 9.586761e-01, 7.213161e-01, 2.187519e+00, -6.500198e-11, 4.806633e-10, 5.414486e+01, 7.016706e-02
1.370400e+09, 5.440378e-02, 9.585936e-01, 7.228681e-01, 2.176043e+00, -4.095354e-11, 4.805891e-10, 5.424758e+01, 7.206900e-02
1.374200e+09, 5.574526e-02, 9.585093e-01, 7.238459e-01, 2.164568e+00, -1.855332e-11, 4.805133e-10, 5.435265e+01, 7.393213e-02
1.378000e+09, 5.708809e-02, 9.584233e-01, 7.242889e-01, 2.153095e+00, 2.336747e-12, 4.804360e-10, 5.446004e+01, 7.575559e-02
1.381800e+09, 5.843164e-02, 9.583356e-01, 7.242331e-01, 2.141624e+00, 2.184172e-11, 4.803572e-10, 5.456971e+01, 7.753858e-02
1.385600e+09, 5.977533e-02, 9.582462e-01, 7.237116e-01, 2.130155e+00, 4.007490e-11, 4.802769e-10, 5.468164e+01, 7.928027e-02
1.389400e+09, 6.111861e-02, 9.581552e-01, 7.227548e-01, 2.118688e+00, 5.713904e-11, 4.801953e-10, 5.479579e+01, 8.097989e-02
1.393200e+09, 6.246097e-02, 9.580627e-01, 7.213905e-01, 2.107223e+00, 7.312735e-11, 4.801122e-10, 5.491213e+01, 8.263664e-02
1.397000e+09, 6.380193e-02, 9.579686e-01, 7.196445e-01, 2.095760e+00, 8.812444e-11, 4.800279e-10, 5.503062e+01, 8.424979e-02
1.400800e+09, 6.514103e-02, 9.578731e-01, 7.175405e-01, 2.084298e+00, 1.022072e-10, 4.799421e-10, 5.515123e+01, 8.581858e-02
1.404600e+09, 6.647784e-02, 9.577761e-01, 7.151002e-01, 2.072839e+00, 1.154457e-10, 4.798551e-10, 5.527393e+01, 8.734230e-02
1.408400e+09, 6.781194e-02, 9.576776e-01, 7.123438e-01, 2.061382e+00, 1.279035e-10, 4.797669e-10, 5.539866e+01, 8.882025e-02
1.412200e+09, 6.914296e-02, 9.575778e-01, 7.092899e-01, 2.049927e+00, 1.396387e-10, 4.796774e-10, 5.552540e+01, 9.025174e-02
1.416000e+09, 7.047051e-02, 9.574767e-01, 7.059559e-01, 2.038474e+00, 1.507043e-10, 4.795868e-10, 5.565411e+01, 9.163610e-02
1.419800e+09, 7.179424e-02, 9.573743e-01, 7.023577e-01, 2.027024e+00, 1.611487e-10, 4.794950e-10, 5.578474e+01, 9.297269e-02
1.423600e+09, 7.311381e-02, 9.572707e-01, 6.985101e-01, 2.015575e+00, 1.710162e-10, 4.794021e-10, 5.591725e+01, 9.426089e-02
1.427400e+09, 7.442889e-02, 9.571658e-01, 6.944269e-01, 2.004129e+00, 1.803472e-10, 4.793082e-10, 5.605160e+01, 9.550007e-02
1.431200e+09, 7.573917e-02, 9.570598e-01, 6.901209e-01, 1.992685e+00, 1.891788e-10, 4.792132e-10, 5.618775e+01, 9.668966e-02
1.435000e+09, 7.704435e-02, 9.569528e-01, 6.856040e-01, 1.981243e+00, 1.975452e-10, 4.791172e-10, 5.632564e+01, 9.782909e-02
1.438800e+09, 7.834413e-02, 9.568446e-01, 6.808874e-01, 1.969804e+00, 2.054777e-10, 4.790202e-10, 5.646524e+01, 9.891780e-02
1.442600e+09, 7.963824e-02, 9.567354e-01, 6.759814e-01, 1.958367e+00, 2.130049e-10, 4.789224e-10, 5.660649e+01, 9.995527e-02
1.446400e+09, 8.092639e-02, 9.566253e-01, 6.708957e-01, 1.946932e+00, 2.201534e-10, 4.788236e-10, 5.674935e+01, 1.009410e-01
1.450200e+09, 8.220832e-02, 9.565143e-01, 6.656393e-01, 1.935499e+00, 2.269476e-10, 4.787240e-10, 5.689377e+01, 1.018745e-01
1.454000e+09, 8.348379e-02, 9.564023e-01, 6.602207e-01, 1.924069e+00, 2.334099e-10, 4.786236e-10, 5.703969e+01, 1.027552e-01
1.457800e+09, 8.475253e-02, 9.562896e-01, 6.546477e-01, 1.912642e+00, 2.395612e-10, 4.785224e-10, 5.718707e+01, 1.035829e-01
1.461600e+09, 8.601430e-02, 9.561761e-01, 6.489279e-01, 1.901216e+00, 2.454207e-10, 4.784206e-10, 5.733585e+01, 1.043569e-01
1.465400e+09, 8.726888e-02, 9.560618e-01, 6.430683e-01, 1.889794e+00, 2.510062e-10, 4.783180e-10, 5.748598e+01, 1.050770e-01
1.469200e+09, 8.851602e-02, 9.559469e-01, 6.370752e-01, 1.878373e+00, 2.563340e-10, 4.782148e-10, 5.763740e+01, 1.057427e-01
1.473000e+09, 8.975550e-02, 9.558313e-01, 6.309550e-01, 1.866955e+00, 2.614196e-10, 4.781110e-10, 5.779006e+01, 1.063537e-01
1.476800e+09, 9.098711e-02, 9.557152e-01, 6.247133e-01, 1.855540e+00, 2.662770e-10, 4.780066e-10, 5.794391e+01, 1.069096e-01
1.480600e+09, 9.221062e-02, 9.555985e-01, 6.183556e-01, 1.844127e+00, 2.709194e-10, 4.779017e-10, 5.809887e+01, 1.074101e-01
1.484400e+09, 9.342583e-02, 9.554813e-01, 6.118871e-01, 1.832717e+00, 2.753590e-10, 4.777964e-10, 5.825490e+01, 1.078550e-01
1.488200e+09, 9.463253e-02, 9.553637e-01, 6.053126e-01, 1.821309e+00, 2.796073e-10, 4.776906e-10, 5.841193e+01, 1.082439e-01
1.492000e+09, 9.583052e-02, 9.552457e-01, 5.986367e-01, 1.809903e+00, 2.836749e-10, 4.775844e-10, 5.856990e+01, 1.085766e-01
1.495800e+09, 9.701960e-02, 9.551274e-01, 5.918636e-01, 1.798500e+00, 2.875715e-10, 4.774779e-10, 5.872875e+01, 1.088528e-01
1.499600e+09, 9.819958e-02, 9.550089e-01, 5.849975e-01, 1.787100e+00, 2.913066e-10, 4.773711e-10, 5.888842e+01, 1.090725e-01
1.503400e+09, 9.937026e-02, 9.548900e-01, 5.780423e-01, 1.775702e+00, 2.948886e-10, 4.772641e-10, 5.904883e+01, 1.092353e-01
1.507200e+09, 1.005315e-01, 9.547710e-01, 5.710015e-01, 1.764307e+00, 2.983256e-10, 4.771568e-10, 5.920994e+01, 1.093411e-01
1.511000e+09, 1.016830e-01, 9.546519e-01, 5.638786e-01, 1.752914e+00, 3.016253e-10, 4.770494e-10, 5.937166e+01, 1.093899e-01
1.514800e+09, 1.028247e-01, 9.545327e-01, 5.566770e-01, 1.741524e+00, 3.047945e-10, 4.769418e-10, 5.953393e+01, 1.093813e-01
1.518600e+09, 1.039564e-01, 9.544135e-01, 5.493997e-01, 1.730137e+00, 3.078400e-10, 4.768342e-10, 5.969669e+01, 1.093155e-01
1.522400e+09, 1.050779e-01, 9.542943e-01, 5.420497e-01, 1.718752e+00, 3.107679e-10, 4.767265e-10, 5.985986e+01, 1.091923e-01
1.526200e+09, 1.061890e-01, 9.541752e-01, 5.346297e-01, 1.707370e+00, 3.135841e-10, 4.766189e-10, 6.002337e+01, 1.090116e-01
1.530000e+09, 1.072896e-01, 9.540562e-01, 5.271426e-01, 1.695990e+00, 3.162939e-10, 4.765113e-10, 6.018715e+01, 1.087735e-01
1.533800e+09, 1.083794e-01, 9.539374e-01, 5.195907e-01, 1.684613e+00, 3.189026e-10, 4.764038e-10, 6.035113e+01, 1.084779e-01
1.537600e+09, 1.094584e-01, 9.538188e-01, 5.119766e-01, 1.673238e+00, 3.214149e-10, 4.762965e-10, 6.051523e+01, 1.081249e-01
1.541400e+09, 1.105264e-01, 9.537006e-01, 5.043024e-01, 1.661866e+00, 3.238355e-10, 4.761894e-10, 6.067938e+01, 1.077145e-01
1.545200e+09, 1.115832e-01, 9.535826e-01, 4.965705e-01, 1.650496e+00, 3.261685e-10, 4.760826e-10, 6.084351e+01, 1.072468e-01
1.549000e+09, 1.126286e-01, 9.534651e-01, 4.887829e-01, 1.639129e+00, 3.284179e-10, 4.759760e-10, 6.100754e+01, 1.067218e-01
1.552800e+09, 1.136626e-01, 9.533479e-01, 4.809415e-01, 1.627765e+00, 3.305877e-10, 4.758698e-10, 6.117139e+01, 1.061399e-01
1.556600e+09, 1.146849e-01, 9.532313e-01, 4.730484e-01, 1.616403e+00, 3.326814e-10, 4.757640e-10, 6.133498e+01, 1.055009e-01
1.560400e+09, 1.156954e-01, 9.531152e-01, 4.651052e-01, 1.605043e+00, 3.347023e-10, 4.756586e-10, 6.149824e+01, 1.048053e-01
1.564200e+09, 1.166939e-01, 9.529998e-01, 4.571138e-01, 1.593687e+00, 3.366537e-10, 4.755537e-10, 6.166109e+01, 1.040530e-01
1.568000e+09, 1.176804e-01, 9.528849e-01, 4.490759e-01, 1.582332e+00, 3.385385e-10, 4.754493e-10, 6.182344e+01, 1.032444e-01
1.571800e+09, 1.186546e-01, 9.527708e-01, 4.409929e-01, 1.570980e+00, 3.403597e-10, 4.753455e-10, 6.198522e+01, 1.023797e-01
1.575600e+09, 1.196165e-01, 9.526574e-01, 4.328664e-01, 1.559631e+00, 3.421198e-10, 4.752424e-10, 6.214634e+01, 1.014592e-01
1.579400e+09, 1.205658e-01, 9.525448e-01, 4.246979e-01, 1.548284e+00, 3.438216e-10, 4.751399e-10, 6.230672e+01, 1.004832e-01
1.583200e+09, 1.215024e-01, 9.524331e-01, 4.164888e-01, 1.536939e+00, 3.454673e-10, 4.750381e-10, 6.246629e+01, 9.945197e-02
1.587000e+09, 1.224263e-01, 9.523222e-01, 4.082404e-01, 1.525597e+00, 3.470594e-10, 4.749371e-10, 6.262495e+01, 9.836588e-02
1.590800e+09, 1.233373e-01, 9.522123e-01, 3.999540e-01, 1.514258e+00, 3.485999e-10, 4.748369e-10, 6.278262e+01, 9.722531e-02
1.594600e+09, 1.242352e-01, 9.521034e-01, 3.916308e-01, 1.502921e+00, 3.500909e-10, 4.747376e-10, 6.293922e+01, 9.603067e-02
1.598400e+09, 1.251199e-01, 9.519955e-01, 3.832720e-01, 1.491586e+00, 3.515344e-10, 4.746392e-10, 6.309467e+01, 9.478236e-02
1.602200e+09, 1.259913e-01, 9.518888e-01, 3.748787e-01, 1.480253e+00, 3.529323e-10, 4.745417e-10, 6.324888e+01, 9.348085e-02
1.606000e+09, 1.268493e-01, 9.517831e-01, 3.664520e-01, 1.468923e+00, 3.542862e-10, 4.744453e-10, 6.340176e+01, 9.212661e-02
1.609800e+09, 1.276937e-01, 9.516787e-01, 3.579931e-01, 1.457595e+00, 3.555980e-10, 4.743499e-10, 6.355323e+01, 9.072015e-02
1.613600e+09, 1.285244e-01, 9.515755e-01, 3.495028e-01, 1.446269e+00, 3.568691e-10, 4.742555e-10, 6.370321e+01, 8.926198e-02
1.617400e+09, 1.293413e-01, 9.514736e-01, 3.409821e-01, 1.434946e+00, 3.581011e-10, 4.741624e-10, 6.385160e+01, 8.775267e-02
1.621200e+09, 1.301443e-01, 9.513730e-01, 3.324321e-01, 1.423625e+00, 3.592954e-10, 4.740704e-10, 6.399833e+01, 8.619279e-02
1.625000e+09, 1.309333e-01, 9.512738e-01, 3.238535e-01, 1.412306e+00, 3.604534e-10, 4.739796e-10, 6.414331e+01, 8.458294e-02
1.628800e+09, 1.317081e-01, 9.511761e-01, 3.152473e-01, 1.400989e+00, 3.615765e-10, 4.738901e-10, 6.428646e+01, 8.292377e-02
1.632600e+09, 1.324686e-01, 9.510797e-01, 3.066142e-01, 1.389674e+00, 3.626657e-10, 4.738019e-10, 6.442767e+01, 8.121592e-02
1.636400e+09, 1.332147e-01, 9.509849e-01, 2.979552e-01, 1.378362e+00, 3.637224e-10, 4.737150e-10, 6.456689e+01, 7.946008e-02
1.640200e+09, 1.339464e-01, 9.508917e-01, 2.892709e-01, 1.367051e+00, 3.647477e-10, 4.736296e-10, 6.470401e+01, 7.765695e-02
1.644000e+09, 1.346634e-01, 9.508001e-01, 2.805622e-01, 1.355743e+00, 3.657425e-10, 4.735456e-10, 6.483895e+01, 7.580728e-02
1.647800e+09, 1.353657e-01, 9.507101e-01, 2.718297e-01, 1.344437e+00, 3.667080e-10, 4.734631e-10, 6.497164e+01, 7.391181e-02
1.651600e+09, 1.360533e-01, 9.506217e-01, 2.630741e-01, 1.333132e+00, 3.676451e-10, 4.733821e-10, 6.510198e+01, 7.197134e-02
1.655400e+09, 1.367259e-01, 9.505351e-01, 2.542962e-01, 1.321830e+00, 3.685548e-10, 4.733027e-10, 6.522990e+01, 6.998667e-02
1.659200e+09, 1.373835e-01, 9.504503e-01, 2.454965e-01, 1.310529e+00, 3.694379e-10, 4.732249e-10, 6.535531e+01, 6.795863e-02
1.663000e+09, 1.380259e-01, 9.503673e-01, 2.366758e-01, 1.299230e+00, 3.702952e-10, 4.731487e-10, 6.547814e+01, 6.588809e-02
1.666800e+09, 1.386532e-01, 9.502861e-01, 2.278346e-01, 1.287933e+00, 3.711276e-10, 4.730742e-10, 6.559829e+01, 6.377593e-02
1.670600e+09, 1.392651e-01, 9.502068e-01, 2.189735e-01, 1.276638e+00, 3.719359e-10, 4.730015e-10, 6.571569e+01, 6.162306e-02
1.674400e+09, 1.398617e-01, 9.501294e-01, 2.100931e-01, 1.265345e+00, 3.727207e-10, 4.729305e-10, 6.583027e+01, 5.943041e-02
1.678200e+09, 1.404427e-01, 9.500540e-01, 2.011940e-01, 1.254053e+00, 3.734828e-10, 4.728613e-10, 6.594195e+01, 5.719894e-02
1.682000e+09, 1.410082e-01, 9.499806e-01, 1.922767e-01, 1.242763e+00, 3.742228e-10, 4.727940e-10, 6.605064e+01, 5.492962e-02
1.685800e+09, 1.415579e-01, 9.499092e-01, 1.833417e-01, 1.231474e+00, 3.749413e-10, 4.727285e-10, 6.615628e+01, 5.262347e-02
1.689600e+09, 1.420919e-01, 9.498399e-01, 1.743896e-01, 1.220187e+00, 3.756390e-10, 4.726650e-10, 6.625880e+01, 5.028150e-02
1.693400e+09, 1.426100e-01, 9.497726e-01, 1.654208e-01, 1.208902e+00, 3.763164e-10, 4.726034e-10, 6.635811e+01, 4.790477e-02
1.697200e+09, 1.431122e-01, 9.497075e-01, 1.564358e-01, 1.197618e+00, 3.769741e-10, 4.725438e-10, 6.645415e+01, 4.549435e-02
1.701000e+09, 1.435984e-01, 9.496446e-01, 1.474351e-01, 1.186336e+00, 3.776126e-10, 4.724861e-10, 6.654686e+01, 4.305132e-02
1.704800e+09, 1.440684e-01, 9.495839e-01, 1.384192e-01, 1.175055e+00, 3.782323e-10, 4.724306e-10, 6.663616e+01, 4.057681e-02
1.708600e+09, 1.445223e-01, 9.495253e-01, 1.293885e-01, 1.163775e+00, 3.788338e-10, 4.723771e-10, 6.672198e+01, 3.807195e-02
1.712400e+09, 1.449599e-01, 9.494691e-01, 1.203434e-01, 1.152496e+00, 3.794174e-10, 4.723257e-10, 6.680428e+01, 3.553789e-02
1.716200e+09, 1.453811e-01, 9.494151e-01, 1.112844e-01, 1.141219e+00, 3.799837e-10, 4.722764e-10, 6.688297e+01, 3.297582e-02
1.720000e+09, 1.457860e-01, 9.493634e-01, 1.022119e-01, 1.129943e+00, 3.805329e-10, 4.722294e-10, 6.695801e+01, 3.038692e-02
1.723800e+09, 1.461743e-01, 9.493140e-01, 9.312623e-02, 1.118668e+00, 3.810656e-10, 4.721845e-10, 6.702934e+01, 2.777241e-02
1.727600e+09, 1.465461e-01, 9.492670e-01, 8.402787e-02, 1.107394e+00, 3.815819e-10, 4.721418e-10, 6.709690e+01, 2.513352e-02
1.731400e+09, 1.469012e-01, 9.492224e-01, 7.491718e-02, 1.096121e+00, 3.820824e-10, 4.721014e-10, 6.716064e+01, 2.247149e-02
1.735200e+09, 1.472396e-01, 9.491802e-01, 6.579454e-02, 1.084849e+00, 3.825672e-10, 4.720632e-10, 6.722051e+01, 1.978761e-02
1.739000e+09, 1.475613e-01, 9.491404e-01, 5.666032e-02, 1.073578e+00, 3.830367e-10, 4.720274e-10, 6.727646e+01, 1.708314e-02
1.742800e+09, 1.478661e-01, 9.491031e-01, 4.751490e-02, 1.062308e+00, 3.834912e-10, 4.719939e-10, 6.732845e+01, 1.435939e-02
1.746600e+09, 1.481540e-01, 9.490683e-01, 3.835862e-02, 1.051038e+00, 3.839309e-10, 4.719627e-10, 6.737642e+01, 1.161767e-02
1.750400e+09, 1.484250e-01, 9.490359e-01, 2.919185e-02, 1.039770e+00, 3.843561e-10, 4.719339e-10, 6.742035e+01, 8.859312e-03
1.754200e+09, 1.486789e-01, 9.490061e-01, 2.001492e-02, 1.028502e+00, 3.847670e-10, 4.719074e-10, 6.746020e+01, 6.085649e-03
1.758000e+09, 1.489158e-01, 9.489787e-01, 1.082819e-02, 1.017235e+00, 3.851638e-10, 4.718834e-10, 6.749592e+01, 3.298037e-03
1.761800e+09, 1.491355e-01, 9.489539e-01, 1.631975e-03, 1.005968e+00, 3.855467e-10, 4.718618e-10, 6.752749e+01, 4.978431e-04
1.765600e+09, 1.493380e-01, 9.489317e-01, -7.573378e-03, 9.947016e-01, 3.859159e-10, 4.718426e-10, 6.755488e+01, -2.313557e-03
1.769400e+09, 1.495232e-01, 9.489120e-01, -1.678755e-02, 9.834358e-01, 3.862716e-10, 4.718259e-10, 6.757806e+01, -5.134776e-03
1.773200e+09, 1.496912e-01, 9.488949e-01, -2.601021e-02, 9.721704e-01, 3.866138e-10, 4.718117e-10, 6.759701e+01, -7.964418e-03
1.777000e+09, 1.498418e-01, 9.488804e-01, -3.524104e-02, 9.609054e-01, 3.869428e-10, 4.717999e-10, 6.761171e+01, -1.080108e-02
1.780800e+09, 1.499750e-01, 9.488685e-01, -4.447972e-02, 9.496407e-01, 3.872586e-10, 4.717907e-10, 6.762213e+01, -1.364334e-02
1.784600e+09, 1.500908e-01, 9.488592e-01, -5.372595e-02, 9.383761e-01, 3.875614e-10, 4.717840e-10, 6.762827e+01, -1.648979e-02
1.788400e+09, 1.501890e-01, 9.488526e-01, -6.297941e-02, 9.271118e-01, 3.878513e-10, 4.717797e-10, 6.763012e+01, -1.933900e-02
1.792200e+09, 1.502698e-01, 9.488485e-01, -7.223979e-02, 9.158475e-01, 3.881282e-10, 4.717781e-10, 6.762766e+01, -2.218953e-02
1.796000e+09, 1.503329e-01, 9.488471e-01, -8.150678e-02, 9.045833e-01, 3.883923e-10, 4.717789e-10, 6.762089e+01, -2.503996e-02
1.799800e+09, 1.503784e-01, 9.488483e-01, -9.078007e-02, 8.933191e-01, 3.886437e-10, 4.717823e-10, 6.760981e+01, -2.788885e-02
1.803600e+09, 1.504063e-01, 9.488522e-01, -1.000594e-01, 8.820547e-01, 3.888823e-10, 4.717883e-10, 6.759441e+01, -3.073474e-02
1.807400e+09, 1.504165e-01, 9.488587e-01, -1.093444e-01, 8.707903e-01, 3.891082e-10, 4.717969e-10, 6.757471e+01, -3.357620e-02
1.811200e+09, 1.504089e-01, 9.488678e-01, -1.186347e-01, 8.595256e-01, 3.893213e-10, 4.718080e-10, 6.755071e+01, -3.641180e-02
1.815000e+09, 1.503836e-01, 9.488796e-01, -1.279302e-01, 8.482607e-01, 3.895217e-10, 4.718216e-10, 6.752242e+01, -3.924007e-02
1.818800e+09, 1.503405e-01, 9.488940e-01, -1.372305e-01, 8.369954e-01, 3.897093e-10, 4.718379e-10, 6.748985e+01, -4.205958e-02
1.822600e+09, 1.502795e-01, 9.489110e-01, -1.465352e-01, 8.257297e-01, 3.898841e-10, 4.718567e-10, 6.745302e+01, -4.486890e-02
1.826400e+09, 1.502007e-01, 9.489307e-01, -1.558441e-01, 8.144636e-01, 3.900460e-10, 4.718781e-10, 6.741196e+01, -4.766657e-02
1.830200e+09, 1.501040e-01, 9.489530e-01, -1.651569e-01, 8.031970e-01, 3.901949e-10, 4.719020e-10, 6.736667e+01, -5.045118e-02
1.834000e+09, 1.499894e-01, 9.489779e-01, -1.744733e-01, 7.919298e-01, 3.903309e-10, 4.719286e-10, 6.731719e+01, -5.322129e-02
1.837800e+09, 1.498569e-01, 9.490054e-01, -1.837928e-01, 7.806620e-01, 3.904537e-10, 4.719576e-10, 6.726355e+01, -5.597547e-02
1.841600e+09, 1.497064e-01, 9.490356e-01, -1.931153e-01, 7.693935e-01, 3.905632e-10, 4.719893e-10, 6.720577e+01, -5.871231e-02
1.845400e+09, 1.495380e-01, 9.490683e-01, -2.024405e-01, 7.581243e-01, 3.906593e-10, 4.720235e-10, 6.714390e+01, -6.143041e-02
1.849200e+09, 1.493516e-01, 9.491036e-01, -2.117679e-01, 7.468542e-01, 3.907419e-10, 4.720603e-10, 6.707796e+01, -6.412835e-02
1.853000e+09, 1.491471e-01, 9.491414e-01, -2.210973e-01, 7.355832e-01, 3.908107e-10, 4.720995e-10, 6.700801e+01, -6.680475e-02
1.856800e+09, 1.489247e-01, 9.491819e-01, -2.304283e-01, 7.243113e-01, 3.908657e-10, 4.721414e-10, 6.693407e+01, -6.945822e-02
1.860600e+09, 1.486842e-01, 9.492248e-01, -2.397607e-01, 7.130384e-01, 3.909065e-10, 4.721857e-10, 6.685620e+01, -7.208739e-02
1.864400e+09, 1.484257e-01, 9.492703e-01, -2.490940e-01, 7.017645e-01, 3.909330e-10, 4.722326e-10, 6.677445e+01, -7.469090e-02
1.868200e+09, 1.481491e-01, 9.493182e-01, -2.584280e-01, 6.904894e-01, 3.909449e-10, 4.722819e-10, 6.668887e+01, -7.726740e-02
1.872000e+09, 1.478545e-01, 9.493687e-01, -2.677622e-01, 6.792131e-01, 3.909420e-10, 4.723337e-10, 6.659950e+01, -7.981556e-02
1.875800e+09, 1.475418e-01, 9.494216e-01, -2.770964e-01, 6.679357e-01, 3.909239e-10, 4.723880e-10, 6.650641e+01, -8.233405e-02
1.879600e+09, 1.472111e-01, 9.494770e-01, -2.864301e-01, 6.566569e-01, 3.908904e-10, 4.724447e-10, 6.640965e+01, -8.482156e-02
1.883400e+09, 1.468623e-01, 9.495348e-01, -2.957630e-01, 6.453767e-01, 3.908412e-10, 4.725039e-10, 6.630929e+01, -8.727680e-02
1.887200e+09, 1.464954e-01, 9.495949e-01, -3.050948e-01, 6.340952e-01, 3.907759e-10, 4.725654e-10, 6.620538e+01, -8.969850e-02
1.891000e+09, 1.461105e-01, 9.496575e-01, -3.144250e-01, 6.228122e-01, 3.906941e-10, 4.726294e-10, 6.609799e+01, -9.208538e-02
1.894800e+09, 1.457075e-01, 9.497224e-01, -3.237533e-01, 6.115276e-01, 3.905955e-10, 4.726957e-10, 6.598719e+01, -9.443622e-02
1.898600e+09, 1.452865e-01, 9.497896e-01, -3.330792e-01, 6.002415e-01, 3.904796e-10, 4.727644e-10, 6.587305e+01, -9.674977e-02
1.902400e+09, 1.448475e-01, 9.498591e-01, -3.424023e-01, 5.889537e-01, 3.903460e-10, 4.728354e-10, 6.575564e+01, -9.902483e-02
1.906200e+09, 1.443904e-01, 9.499308e-01, -3.517222e-01, 5.776642e-01, 3.901942e-10, 4.729087e-10, 6.563502e+01, -1.012602e-01
1.910000e+09, 1.439153e-01, 9.500048e-01, -3.610386e-01, 5.663730e-01, 3.900237e-10, 4.729843e-10, 6.551129e+01, -1.034547e-01
1.913800e+09, 1.434222e-01, 9.500810e-01, -3.703508e-01, 5.550800e-01, 3.898340e-10, 4.730622e-10, 6.538450e+01, -1.056073e-01
1.917600e+09, 1.429112e-01, 9.501594e-01, -3.796585e-01, 5.437851e-01, 3.896245e-10, 4.731422e-10, 6.525474e+01, -1.077167e-01
1.921400e+09, 1.423822e-01, 9.502398e-01, -3.889612e-01, 5.324883e-01, 3.893947e-10, 4.732245e-10, 6.512209e+01, -1.097818e-01
1.925200e+09, 1.418352e-01, 9.503224e-01, -3.982585e-01, 5.211896e-01, 3.891438e-10, 4.733089e-10, 6.498663e+01, -1.118016e-01
1.929000e+09, 1.412703e-01, 9.504070e-01, -4.075497e-01, 5.098888e-01, 3.888713e-10, 4.733954e-10, 6.484844e+01, -1.137751e-01
1.932800e+09, 1.406875e-01, 9.504937e-01, -4.168344e-01, 4.985859e-01, 3.885764e-10, 4.734841e-10, 6.470761e+01, -1.157010e-01
1.936600e+09, 1.400869e-01, 9.505823e-01, -4.261121e-01, 4.872810e-01, 3.882584e-10, 4.735748e-10, 6.456421e+01, -1.175785e-01
1.940400e+09, 1.394685e-01, 9.506729e-01, -4.353822e-01, 4.759739e-01, 3.879166e-10, 4.736675e-10, 6.441834e+01, -1.194066e-01
1.944200e+09, 1.388322e-01, 9.507654e-01, -4.446442e-01, 4.646645e-01, 3.875500e-10, 4.737623e-10, 6.427008e+01, -1.211842e-01
1.948000e+09, 1.381782e-01, 9.508597e-01, -4.538973e-01, 4.533529e-01, 3.871578e-10, 4.738590e-10, 6.411951e+01, -1.229103e-01
1.951800e+09, 1.375064e-01, 9.509559e-01, -4.631412e-01, 4.420390e-01, 3.867391e-10, 4.739576e-10, 6.396674e+01, -1.245842e-01
1.955600e+09, 1.368169e-01, 9.510538e-01, -4.723750e-01, 4.307228e-01, 3.862930e-10, 4.740581e-10, 6.381184e+01, -1.262048e-01
1.959400e+09, 1.361098e-01, 9.511535e-01, -4.815982e-01, 4.194041e-01, 3.858183e-10, 4.741605e-10, 6.365491e+01, -1.277713e-01
1.963200e+09, 1.353851e-01, 9.512548e-01, -4.908100e-01, 4.080830e-01, 3.853140e-10, 4.742647e-10, 6.349603e+01, -1.292828e-01
1.967000e+09, 1.346429e-01, 9.513578e-01, -5.000098e-01, 3.967594e-01, 3.847789e-10, 4.743707e-10, 6.333530e+01, -1.307385e-01
1.970800e+09, 1.338831e-01, 9.514624e-01, -5.091968e-01, 3.854333e-01, 3.842119e-10, 4.744784e-10, 6.317281e+01, -1.321375e-01
1.974600e+09, 1.331058e-01, 9.515685e-01, -5.183703e-01, 3.741046e-01, 3.836115e-10, 4.745877e-10, 6.300865e+01, -1.334792e-01
1.978400e+09, 1.323111e-01, 9.516761e-01, -5.275294e-01, 3.627733e-01, 3.829766e-10, 4.746987e-10, 6.284292e+01, -1.347627e-01
1.982200e+09, 1.314991e-01, 9.517852e-01, -5.366734e-01, 3.514393e-01, 3.823056e-10, 4.748114e-10, 6.267570e+01, -1.359873e-01
1.986000e+09, 1.306698e-01, 9.518956e-01, -5.458014e-01, 3.401027e-01, 3.815969e-10, 4.749255e-10, 6.250708e+01, -1.371523e-01
1.989800e+09, 1.298232e-01, 9.520074e-01, -5.549125e-01, 3.287633e-01, 3.808491e-10, 4.750412e-10, 6.233717e+01, -1.382571e-01
1.993600e+09, 1.289595e-01, 9.521204e-01, -5.640056e-01, 3.174212e-01, 3.800603e-10, 4.751583e-10, 6.216605e+01, -1.393009e-01
1.997400e+09, 1.280786e-01, 9.522347e-01, -5.730800e-01, 3.060763e-01, 3.792288e-10, 4.752769e-10, 6.199382e+01, -1.402831e-01
2.001200e+09, 1.271807e-01, 9.523502e-01, -5.821345e-01, 2.947285e-01, 3.783526e-10, 4.753968e-10, 6.182057e+01, -1.412032e-01
2.005000e+09, 1.262658e-01, 9.524668e-01, -5.911681e-01, 2.833779e-01, 3.774296e-10, 4.755180e-10, 6.164639e+01, -1.420606e-01
2.008800e+09, 1.253340e-01, 9.525844e-01, -6.001796e-01, 2.720243e-01, 3.764578e-10, 4.756405e-10, 6.147138e+01, -1.428547e-01
2.012600e+09, 1.243854e-01, 9.527031e-01, -6.091680e-01, 2.606679e-01, 3.754348e-10, 4.757643e-10, 6.129562e+01, -1.435849e-01
2.016400e+09, 1.234200e-01, 9.528227e-01, -6.181319e-01, 2.493085e-01, 3.743581e-10, 4.758891e-10, 6.111921e+01, -1.442509e-01
2.020200e+09, 1.224380e-01, 9.529432e-01, -6.270701e-01, 2.379461e-01, 3.732252e-10, 4.760151e-10, 6.094224e+01, -1.448521e-01
2.024000e+09, 1.214393e-01, 9.530646e-01, -6.359813e-01, 2.265807e-01, 3.720333e-10, 4.761422e-10, 6.076480e+01, -1.453882e-01
2.027800e+09, 1.204241e-01, 9.531867e-01, -6.448640e-01, 2.152123e-01, 3.707793e-10, 4.762702e-10, 6.058699e+01, -1.458586e-01
2.031600e+09, 1.193926e-01, 9.533095e-01, -6.537168e-01, 2.038408e-01, 3.694603e-10, 4.763993e-10, 6.040888e+01, -1.462630e-01
2.035400e+09, 1.183447e-01, 9.534330e-01, -6.625380e-01, 1.924663e-01, 3.680727e-10, 4.765292e-10, 6.023059e+01, -1.466010e-01
2.039200e+09, 1.172805e-01, 9.535571e-01, -6.713262e-01, 1.810886e-01, 3.666131e-10, 4.766599e-10, 6.005218e+01, -1.468724e-01
2.043000e+09, 1.162003e-01, 9.536817e-01, -6.800795e-01, 1.697078e-01, 3.650776e-10, 4.767915e-10, 5.987376e+01, -1.470768e-01
2.046800e+09, 1.151040e-01, 9.538067e-01, -6.887961e-01, 1.583239e-01, 3.634622e-10, 4.769237e-10, 5.969540e+01, -1.472139e-01
2.050600e+09, 1.139917e-01, 9.539322e-01, -6.974742e-01, 1.469368e-01, 3.617623e-10, 4.770567e-10, 5.951721e+01, -1.472835e-01
2.054400e+09, 1.128636e-01, 9.540580e-01, -7.061116e-01, 1.355466e-01, 3.599735e-10, 4.771903e-10, 5.933926e+01, -1.472854e-01
2.058200e+09, 1.117199e-01, 9.541841e-01, -7.147064e-01, 1.241531e-01, 3.580905e-10, 4.773244e-10, 5.916164e+01, -1.472194e-01
2.062000e+09, 1.105605e-01, 9.543104e-01, -7.232562e-01, 1.127565e-01, 3.561081e-10, 4.774590e-10, 5.898443e+01, -1.470853e-01
2.065800e+09, 1.093856e-01, 9.544368e-01, -7.317587e-01, 1.013566e-01, 3.540205e-10, 4.775941e-10, 5.880773e+01, -1.468831e-01
2.069600e+09, 1.081953e-01, 9.545634e-01, -7.402113e-01, 8.995355e-02, 3.518215e-10, 4.777295e-10, 5.863161e+01, -1.466125e-01
2.073400e+09, 1.069898e-01, 9.546899e-01, -7.486114e-01, 7.854723e-02, 3.495043e-10, 4.778653e-10, 5.845616e+01, -1.462735e-01
2.077200e+09, 1.057692e-01, 9.548164e-01, -7.569562e-01, 6.713767e-02, 3.470618e-10, 4.780014e-10, 5.828146e+01, -1.458661e-01
2.081000e+09, 1.045336e-01, 9.549427e-01, -7.652427e-01, 5.572486e-02, 3.444862e-10, 4.781376e-10, 5.810760e+01, -1.453902e-01
2.084800e+09, 1.032832e-01, 9.550689e-01, -7.734677e-01, 4.430879e-02, 3.417691e-10, 4.782740e-10, 5.793465e+01, -1.448459e-01
2.088600e+09, 1.020180e-01, 9.551949e-01, -7.816278e-01, 3.288947e-02, 3.389016e-10, 4.784104e-10, 5.776270e+01, -1.442333e-01
2.092400e+09, 1.007382e-01, 9.553205e-01, -7.897195e-01, 2.146690e-02, 3.358737e-10, 4.785469e-10, 5.759181e+01, -1.435523e-01
2.096200e+09, 9.944403e-02, 9.554457e-01, -7.977388e-01, 1.004106e-02, 3.326750e-10, 4.786834e-10, 5.742208e+01, -1.428031e-01
2.100000e+09, 9.813557e-02, 9.555705e-01, -8.056818e-01, -1.388035e-03, 3.292939e-10, 4.788197e-10, 5.725358e+01, -1.419857e-01
2.103800e+09, 9.681298e-02, 9.556947e-01, -8.135441e-01, -1.282038e-02, 3.257179e-10, 4.789559e-10, 5.708638e+01, -1.411005e-01
2.107600e+09, 9.547643e-02, 9.558184e-01, -8.213209e-01, -2.425599e-02, 3.219335e-10, 4.790919e-10, 5.692057e+01, -1.401475e-01
2.111400e+09, 9.412609e-02, 9.559414e-01, -8.290075e-01, -3.569483e-02, 3.179260e-10, 4.792275e-10, 5.675621e+01, -1.391270e-01
2.115200e+09, 9.276211e-02, 9.560637e-01, -8.365983e-01, -4.713692e-02, 3.136791e-10, 4.793628e-10, 5.659338e+01, -1.380392e-01
2.119000e+09, 9.138469e-02, 9.561852e-01, -8.440877e-01, -5.858224e-02, 3.091755e-10, 4.794977e-10, 5.643215e+01, -1.368844e-01
2.122800e+09, 8.999400e-02, 9.563058e-01, -8.514696e-01, -7.003077e-02, 3.043959e-10, 4.796321e-10, 5.627260e+01, -1.356630e-01
2.126600e+09, 8.859023e-02, 9.564255e-01, -8.587374e-01, -8.148252e-02, 2.993192e-10, 4.797660e-10, 5.611479e+01, -1.343752e-01
2.130400e+09, 8.717358e-02, 9.565442e-01, -8.658840e-01, -9.293746e-02, 2.939224e-10, 4.798993e-10, 5.595879e+01, -1.330214e-01
2.134200e+09, 8.574424e-02, 9.566619e-01, -8.729017e-01, -1.043956e-01, 2.881802e-10, 4.800319e-10, 5.580468e+01, -1.316021e-01
2.138000e+09, 8.430244e-02, 9.567784e-01, -8.797823e-01, -1.158569e-01, 2.820649e-10, 4.801637e-10, 5.565253e+01, -1.301176e-01
2.141800e+09, 8.284837e-02, 9.568937e-01, -8.865170e-01, -1.273213e-01, 2.755455e-10, 4.802948e-10, 5.550239e+01, -1.285685e-01
2.145600e+09, 8.138228e-02, 9.570078e-01, -8.930959e-01, -1.387889e-01, 2.685884e-10, 4.804250e-10, 5.535433e+01, -1.269552e-01
2.149400e+09, 7.990440e-02, 9.571205e-01, -8.995088e-01, -1.502596e-01, 2.611560e-10, 4.805543e-10, 5.520843e+01, -1.252783e-01
2.153200e+09, 7.841497e-02, 9.572318e-01, -9.057441e-01, -1.617333e-01, 2.532067e-10, 4.806827e-10, 5.506474e+01, -1.235382e-01
2.157000e+09, 7.691425e-02, 9.573417e-01, -9.117897e-01, -1.732102e-01, 2.446946e-10, 4.808099e-10, 5.492333e+01, -1.217357e-01
2.160800e+09, 7.540251e-02, 9.574500e-01, -9.176321e-01, -1.846900e-01, 2.355683e-10, 4.809361e-10, 5.478426e+01, -1.198714e-01
2.164600e+09, 7.388002e-02, 9.575567e-01, -9.232565e-01, -1.961729e-01, 2.257705e-10, 4.810611e-10, 5.464759e+01, -1.179458e-01
2.168400e+09, 7.234710e-02, 9.576618e-01, -9.286471e-01, -2.076588e-01, 2.152375e-10, 4.811848e-10, 5.451338e+01, -1.159597e-01
2.172200e+09, 7.080404e-02, 9.577651e-01, -9.337861e-01, -2.191476e-01, 2.038976e-10, 4.813073e-10, 5.438170e+01, -1.139138e-01
2.176000e+09, 6.925119e-02, 9.578666e-01, -9.386544e-01, -2.306393e-01, 1.916706e-10, 4.814284e-10, 5.425259e+01, -1.118089e-01
2.179800e+09, 6.768888e-02, 9.579663e-01, -9.432307e-01, -2.421340e-01, 1.784661e-10, 4.815481e-10, 5.412612e+01, -1.096457e-01
2.183600e+09, 6.611749e-02, 9.580641e-01, -9.474918e-01, -2.536315e-01, 1.641823e-10, 4.816663e-10, 5.400233e+01, -1.074250e-01
2.187400e+09, 6.453741e-02, 9.581598e-01, -9.514118e-01, -2.651318e-01, 1.487040e-10, 4.817830e-10, 5.388130e+01, -1.051477e-01
2.191200e+09, 6.294907e-02, 9.582536e-01, -9.549623e-01, -2.766349e-01, 1.319006e-10, 4.818981e-10, 5.376307e+01, -1.028147e-01
2.195000e+09, 6.135292e-02, 9.583452e-01, -9.581116e-01, -2.881407e-01, 1.136237e-10, 4.820115e-10, 5.364769e+01, -1.004268e-01
2.198800e+09, 5.974945e-02, 9.584346e-01, -9.608245e-01, -2.996493e-01, 9.370420e-11, 4.821232e-10, 5.353523e+01, -9.798510e-02
2.202600e+09, 5.813919e-02, 9.585218e-01, -9.630618e-01, -3.111605e-01, 7.194891e-11, 4.822331e-10, 5.342572e+01, -9.549045e-02
2.206400e+09, 5.652270e-02, 9.586068e-01, -9.647796e-01, -3.226744e-01, 4.813633e-11, 4.823412e-10, 5.331921e+01, -9.294390e-02
2.210200e+09, 5.490062e-02, 9.586893e-01, -9.659289e-01, -3.341908e-01, 2.201191e-11, 4.824473e-10, 5.321577e+01, -9.034647e-02
2.214000e+09, 5.327363e-02, 9.587695e-01, -9.664545e-01, -3.457097e-01, -6.717764e-12, 4.825516e-10, 5.311543e+01, -8.769922e-02
2.217800e+09, 5.164249e-02, 9.588472e-01, -9.662941e-01, -3.572312e-01, -3.839189e-11, 4.826538e-10, 5.301825e+01, -8.500326e-02
2.221600e+09, 5.000802e-02, 9.589224e-01, -9.653774e-01, -3.687551e-01, -7.340372e-11, 4.827539e-10, 5.292427e+01, -8.225970e-02
2.225400e+09, 4.837116e-02, 9.589950e-01, -9.636248e-01, -3.802814e-01, -1.122104e-10, 4.828520e-10, 5.283353e+01, -7.946971e-02
2.229200e+09, 4.673296e-02, 9.590650e-01, -9.609457e-01, -3.918100e-01, -1.553450e-10, 4.829478e-10, 5.274608e+01, -7.663447e-02
2.233000e+09, 4.509457e-02, 9.591322e-01, -9.572367e-01, -4.033409e-01, -2.034303e-10, 4.830414e-10, 5.266196e+01, -7.375519e-02
2.236800e+09, 4.345732e-02, 9.591968e-01, -9.523795e-01, -4.148741e-01, -2.571957e-10, 4.831328e-10, 5.258121e+01, -7.083311e-02
2.240600e+09, 4.182272e-02, 9.592585e-01, -9.462387e-01, -4.264094e-01, -3.174969e-10, 4.832218e-10, 5.250389e+01, -6.786951e-02
2.244400e+09, 4.019250e-02, 9.593174e-01, -9.386581e-01, -4.379468e-01, -3.853390e-10, 4.833084e-10, 5.243001e+01, -6.486569e-02
2.248200e+09, 3.856864e-02, 9.593734e-01, -9.294577e-01, -4.494864e-01, -4.619025e-10, 4.833925e-10, 5.235963e+01, -6.182296e-02
2.252000e+09, 3.695345e-02, 9.594265e-01, -9.184293e-01, -4.610279e-01, -5.485726e-10, 4.834742e-10, 5.229279e+01, -5.874269e-02
2.255800e+09, 3.534961e-02, 9.594766e-01, -9.053315e-01, -4.725714e-01, -6.469698e-10, 4.835534e-10, 5.222951e+01, -5.562626e-02
2.259600e+09, 3.376029e-02, 9.595236e-01, -8.898844e-01, -4.841167e-01, -7.589788e-10, 4.836299e-10, 5.216984e+01, -5.247506e-02
2.263400e+09, 3.218919e-02, 9.595676e-01, -8.717629e-01, -4.956639e-01, -8.867715e-10, 4.837038e-10, 5.211380e+01, -4.929053e-02
2.267200e+09, 3.064076e-02, 9.596084e-01, -8.505903e-01, -5.072129e-01, -1.032811e-09, 4.837751e-10, 5.206144e+01, -4.607412e-02
2.271000e+09, 2.912024e-02, 9.596461e-01, -8.259308e-01, -5.187636e-01, -1.199820e-09, 4.838436e-10, 5.201279e+01, -4.282732e-02
2.274800e+09, 2.763395e-02, 9.596805e-01, -7.972838e-01, -5.303159e-01, -1.390687e-09, 4.839093e-10, 5.196788e+01, -3.955161e-02
2.278600e+09, 2.618945e-02, 9.597117e-01, -7.640796e-01, -5.418697e-01, -1.608259e-09, 4.839722e-10, 5.192673e+01, -3.624852e-02
2.282400e+09, 2.479584e-02, 9.597396e-01, -7.256806e-01, -5.534251e-01, -1.854949e-09, 4.840323e-10, 5.188938e+01, -3.291961e-02
2.286200e+09, 2.346400e-02, 9.597642e-01, -6.813917e-01, -5.649819e-01, -2.132086e-09, 4.840895e-10, 5.185586e+01, -2.956642e-02
2.290000e+09, 2.220692e-02, 9.597854e-01, -6.304857e-01, -5.765401e-01, -2.438885e-09, 4.841438e-10, 5.182619e+01, -2.619054e-02
2.293800e+09, 2.103991e-02, 9.598032e-01, -5.722547e-01, -5.880996e-01, -2.771009e-09, 4.841950e-10, 5.180040e+01, -2.279359e-02
2.297600e+09, 1.998069e-02, 9.598176e-01, -5.060938e-01, -5.996602e-01, -3.118810e-09, 4.842433e-10, 5.177851e+01, -1.937716e-02
2.301400e+09, 1.904918e-02, 9.598285e-01, -4.316287e-01, -6.112221e-01, -3.465686e-09, 4.842885e-10, 5.176056e+01, -1.594291e-02
2.305200e+09, 1.826689e-02, 9.598359e-01, -3.488816e-01, -6.227850e-01, -3.787462e-09, 4.843307e-10, 5.174655e+01, -1.249248e-02
2.309000e+09, 1.765559e-02, 9.598398e-01, -2.584518e-01, -6.343489e-01, -4.054062e-09, 4.843697e-10, 5.173652e+01, -9.027542e-03
2.312800e+09, 1.723536e-02, 9.598401e-01, -1.616566e-01, -6.459138e-01, -4.234458e-09, 4.844056e-10, 5.173049e+01, -5.549773e-03
2.316600e+09, 1.702219e-02, 9.598369e-01, -6.055422e-02, -6.574795e-01, -4.304291e-09, 4.844384e-10, 5.172847e+01, -2.060866e-03
2.320400e+09, 1.702558e-02, 9.598300e-01, 4.221547e-02, -6.690460e-01, -4.253359e-09, 4.844679e-10, 5.173048e+01, 1.437474e-03
2.324200e+09, 1.724699e-02, 9.598196e-01, 1.437691e-01, -6.806132e-01, -4.089110e-09, 4.844942e-10, 5.173654e+01, 4.943534e-03
2.328000e+09, 1.767972e-02, 9.598054e-01, 2.414011e-01, -6.921811e-01, -3.834068e-09, 4.845173e-10, 5.174666e+01, 8.455588e-03
2.331800e+09, 1.831012e-02, 9.597876e-01, 3.329437e-01, -7.037494e-01, -3.518747e-09, 4.845371e-10, 5.176087e+01, 1.197191e-02
2.335600e+09, 1.911983e-02, 9.597661e-01, 4.169577e-01, -7.153183e-01, -3.173795e-09, 4.845536e-10, 5.177917e+01, 1.549075e-02
2.339400e+09, 2.008823e-02, 9.597410e-01, 4.927356e-01, -7.268876e-01, -2.824532e-09, 4.845668e-10, 5.180158e+01, 1.901037e-02
2.343200e+09, 2.119449e-02, 9.597120e-01, 5.601744e-01, -7.384571e-01, -2.488778e-09, 4.845766e-10, 5.182811e+01, 2.252902e-02
2.347000e+09, 2.241901e-02, 9.596794e-01, 6.195967e-01, -7.500269e-01, -2.177203e-09, 4.845831e-10, 5.185877e+01, 2.604494e-02
2.350800e+09, 2.374415e-02, 9.596430e-01, 6.715798e-01, -7.615969e-01, -1.894875e-09, 4.845863e-10, 5.189357e+01, 2.955639e-02
2.354600e+09, 2.515458e-02, 9.596029e-01, 7.168221e-01, -7.731669e-01, -1.643042e-09, 4.845860e-10, 5.193252e+01, 3.306160e-02
2.358400e+09, 2.663723e-02, 9.595590e-01, 7.560515e-01, -7.847369e-01, -1.420637e-09, 4.845824e-10, 5.197562e+01, 3.655882e-02
2.362200e+09, 2.818108e-02, 9.595113e-01, 7.899708e-01, -7.963069e-01, -1.225367e-09, 4.845754e-10, 5.202288e+01, 4.004628e-02
2.366000e+09, 2.977690e-02, 9.594599e-01, 8.192278e-01, -8.078767e-01, -1.054424e-09, 4.845649e-10, 5.207432e+01, 4.352224e-02
2.369800e+09, 3.141701e-02, 9.594046e-01, 8.444033e-01, -8.194462e-01, -9.049081e-10, 4.845510e-10, 5.212992e+01, 4.698494e-02
2.373600e+09, 3.309498e-02, 9.593456e-01, 8.660090e-01, -8.310154e-01, -7.740609e-10, 4.845337e-10, 5.218969e+01, 5.043264e-02
2.377400e+09, 3.480543e-02, 9.592828e-01, 8.844905e-01, -8.425841e-01, -6.593740e-10, 4.845130e-10, 5.225363e+01, 5.386359e-02
2.381200e+09, 3.654386e-02, 9.592163e-01, 9.002338e-01, -8.541524e-01, -5.586287e-10, 4.844889e-10, 5.232175e+01, 5.727606e-02
2.385000e+09, 3.830646e-02, 9.591460e-01, 9.135717e-01, -8.657201e-01, -4.698950e-10, 4.844613e-10, 5.239405e+01, 6.066833e-02
2.388800e+09, 4.008998e-02, 9.590719e-01, 9.247910e-01, -8.772872e-01, -3.915119e-10, 4.844303e-10, 5.247051e+01, 6.403867e-02
2.392600e+09, 4.189166e-02, 9.589940e-01, 9.341387e-01, -8.888535e-01, -3.220583e-10, 4.843958e-10, 5.255115e+01, 6.738537e-02
2.396400e+09, 4.370914e-02, 9.589124e-01, 9.418282e-01, -9.004190e-01, -2.603229e-10, 4.843580e-10, 5.263594e+01, 7.070673e-02
2.400200e+09, 4.554037e-02, 9.588271e-01, 9.480437e-01, -9.119836e-01, -2.052742e-10, 4.843167e-10, 5.272490e+01, 7.400108e-02
2.404000e+09, 4.738355e-02, 9.587380e-01, 9.529449e-01, -9.235472e-01, -1.560341e-10, 4.842720e-10, 5.281800e+01, 7.726672e-02
2.407800e+09, 4.923712e-02, 9.586452e-01, 9.566704e-01, -9.351097e-01, -1.118542e-10, 4.842240e-10, 5.291525e+01, 8.050201e-02
2.411600e+09, 5.109970e-02, 9.585487e-01, 9.593410e-01, -9.466711e-01, -7.209571e-11, 4.841725e-10, 5.301663e+01, 8.370528e-02
2.415400e+09, 5.297007e-02, 9.584486e-01, 9.610624e-01, -9.582312e-01, -3.621227e-11, 4.841177e-10, 5.312214e+01, 8.687492e-02
2.419200e+09, 5.484713e-02, 9.583448e-01, 9.619270e-01, -9.697901e-01, -3.735317e-12, 4.840595e-10, 5.323176e+01, 9.000931e-02
2.423000e+09, 5.672989e-02, 9.582373e-01, 9.620162e-01, -9.813475e-01, 2.573799e-11, 4.839979e-10, 5.334548e+01, 9.310683e-02
2.426800e+09, 5.861747e-02, 9.581262e-01, 9.614016e-01, -9.929035e-01, 5.255497e-11, 4.839331e-10, 5.346328e+01, 9.616593e-02
2.430600e+09, 6.050906e-02, 9.580116e-01, 9.601468e-01, -1.004458e+00, 7.701589e-11, 4.838649e-10, 5.358516e+01, 9.918502e-02
2.434400e+09, 6.240391e-02, 9.578933e-01, 9.583080e-01, -1.016011e+00, 9.938117e-11, 4.837935e-10, 5.371109e+01, 1.021626e-01
2.438200e+09, 6.430134e-02, 9.577715e-01, 9.559352e-01, -1.027562e+00, 1.198773e-10, 4.837188e-10, 5.384105e+01, 1.050970e-01
2.442000e+09, 6.620073e-02, 9.576463e-01, 9.530730e-01, -1.039111e+00, 1.387017e-10, 4.836408e-10, 5.397504e+01, 1.079869e-01
2.445800e+09, 6.810148e-02, 9.575175e-01, 9.497613e-01, -1.050659e+00, 1.560272e-10, 4.835597e-10, 5.411302e+01, 1.108308e-01
2.449600e+09, 7.000306e-02, 9.573853e-01, 9.460360e-01, -1.062204e+00, 1.720053e-10, 4.834753e-10, 5.425498e+01, 1.136271e-01
2.453400e+09, 7.190494e-02, 9.572497e-01, 9.419292e-01, -1.073748e+00, 1.867692e-10, 4.833878e-10, 5.440089e+01, 1.163745e-01
2.457200e+09, 7.380665e-02, 9.571106e-01, 9.374699e-01, -1.085289e+00, 2.004366e-10, 4.832972e-10, 5.455074e+01, 1.190714e-01
2.461000e+09, 7.570772e-02, 9.569683e-01, 9.326842e-01, -1.096828e+00, 2.131112e-10, 4.832035e-10, 5.470449e+01, 1.217166e-01
2.464800e+09, 7.760773e-02, 9.568227e-01, 9.275959e-01, -1.108365e+00, 2.248852e-10, 4.831067e-10, 5.486212e+01, 1.243087e-01
2.468600e+09, 7.950626e-02, 9.566737e-01, 9.222266e-01, -1.119900e+00, 2.358405e-10, 4.830069e-10, 5.502360e+01, 1.268462e-01
2.472400e+09, 8.140292e-02, 9.565216e-01, 9.165956e-01, -1.131432e+00, 2.460499e-10, 4.829041e-10, 5.518890e+01, 1.293280e-01
2.476200e+09, 8.329732e-02, 9.563663e-01, 9.107209e-01, -1.142962e+00, 2.555786e-10, 4.827983e-10, 5.535800e+01, 1.317526e-01
2.480000e+09, 8.518910e-02, 9.562079e-01, 9.046187e-01, -1.154490e+00, 2.644846e-10, 4.826897e-10, 5.553086e+01, 1.341188e-01
2.483800e+09, 8.707792e-02, 9.560463e-01, 8.983038e-01, -1.166014e+00, 2.728203e-10, 4.825781e-10, 5.570745e+01, 1.364253e-01
2.487600e+09, 8.896344e-02, 9.558818e-01, 8.917899e-01, -1.177536e+00, 2.806326e-10, 4.824637e-10, 5.588773e+01, 1.386710e-01
2.491400e+09, 9.084532e-02, 9.557142e-01, 8.850895e-01, -1.189056e+00, 2.879637e-10, 4.823465e-10, 5.607167e+01, 1.408546e-01
2.495200e+09, 9.272325e-02, 9.555437e-01, 8.782141e-01, -1.200572e+00, 2.948517e-10, 4.822266e-10, 5.625923e+01, 1.429750e-01
2.499000e+09, 9.459692e-02, 9.553703e-01, 8.711741e-01, -1.212086e+00, 3.013311e-10, 4.821039e-10, 5.645037e+01, 1.450310e-01
2.502800e+09, 9.646603e-02, 9.551940e-01, 8.639795e-01, -1.223597e+00, 3.074331e-10, 4.819786e-10, 5.664506e+01, 1.470214e-01
2.506600e+09, 9.833029e-02, 9.550150e-01, 8.566392e-01, -1.235105e+00, 3.131860e-10, 4.818507e-10, 5.684324e+01, 1.489453e-01
2.510400e+09, 1.001894e-01, 9.548333e-01, 8.491616e-01, -1.246609e+00, 3.186155e-10, 4.817201e-10, 5.704489e+01, 1.508014e-01
2.514200e+09, 1.020431e-01, 9.546488e-01, 8.415543e-01, -1.258111e+00, 3.237450e-10, 4.815871e-10, 5.724995e+01, 1.525889e-01
2.518000e+09, 1.038911e-01, 9.544618e-01, 8.338245e-01, -1.269609e+00, 3.285960e-10, 4.814516e-10, 5.745837e+01, 1.543065e-01
2.521800e+09, 1.057332e-01, 9.542722e-01, 8.259789e-01, -1.281104e+00, 3.331878e-10, 4.813137e-10, 5.767012e+01, 1.559535e-01
2.525600e+09, 1.075690e-01, 9.540801e-01, 8.180237e-01, -1.292596e+00, 3.375384e-10, 4.811734e-10, 5.788514e+01, 1.575288e-01
2.529400e+09, 1.093983e-01, 9.538856e-01, 8.099646e-01, -1.304085e+00, 3.416640e-10, 4.810307e-10, 5.810338e+01, 1.590314e-01
2.533200e+09, 1.112209e-01, 9.536886e-01, 8.018070e-01, -1.315570e+00, 3.455798e-10, 4.808858e-10, 5.832478e+01, 1.604604e-01
2.537000e+09, 1.130366e-01, 9.534894e-01, 7.935559e-01, -1.327052e+00, 3.492994e-10, 4.807387e-10, 5.854930e+01, 1.618151e-01
2.540800e+09, 1.148450e-01, 9.532879e-01, 7.852160e-01, -1.338530e+00, 3.528355e-10, 4.805895e-10, 5.877688e+01, 1.630944e-01
2.544600e+09, 1.166459e-01, 9.530843e-01, 7.767916e-01, -1.350005e+00, 3.561998e-10, 4.804381e-10, 5.900746e+01, 1.642977e-01
2.548400e+09, 1.184391e-01, 9.528785e-01, 7.682870e-01, -1.361476e+00, 3.594031e-10, 4.802847e-10, 5.924098e+01, 1.654240e-01
2.552200e+09, 1.202244e-01, 9.526706e-01, 7.597058e-01, -1.372943e+00, 3.624553e-10, 4.801293e-10, 5.947738e+01, 1.664726e-01
2.556000e+09, 1.220015e-01, 9.524608e-01, 7.510518e-01, -1.384406e+00, 3.653657e-10, 4.799719e-10, 5.971660e+01, 1.674428e-01
2.559800e+09, 1.237702e-01, 9.522491e-01, 7.423283e-01, -1.395866e+00, 3.681427e-10, 4.798127e-10, 5.995857e+01, 1.683338e-01
2.563600e+09, 1.255303e-01, 9.520355e-01, 7.335385e-01, -1.407322e+00, 3.707942e-10, 4.796517e-10, 6.020322e+01, 1.691449e-01
2.567400e+09, 1.272815e-01, 9.518201e-01, 7.246854e-01, -1.418775e+00, 3.733275e-10, 4.794889e-10, 6.045049e+01, 1.698755e-01
2.571200e+09, 1.290237e-01, 9.516030e-01, 7.157718e-01, -1.430223e+00, 3.757495e-10, 4.793244e-10, 6.070031e+01, 1.705249e-01
2.575000e+09, 1.307566e-01, 9.513843e-01, 7.068003e-01, -1.441667e+00, 3.780665e-10, 4.791583e-10, 6.095259e+01, 1.710925e-01
2.578800e+09, 1.324800e-01, 9.511640e-01, 6.977736e-01, -1.453108e+00, 3.802844e-10, 4.789906e-10, 6.120728e+01, 1.715778e-01
2.582600e+09, 1.341937e-01, 9.509423e-01, 6.886939e-01, -1.464544e+00, 3.824086e-10, 4.788214e-10, 6.146429e+01, 1.719801e-01
2.586400e+09, 1.358975e-01, 9.507191e-01, 6.795634e-01, -1.475977e+00, 3.844443e-10, 4.786507e-10, 6.172354e+01, 1.722989e-01
2.590200e+09, 1.375911e-01, 9.504946e-01, 6.703844e-01, -1.487405e+00, 3.863963e-10, 4.784787e-10, 6.198495e+01, 1.725337e-01
2.594000e+09, 1.392745e-01, 9.502688e-01, 6.611588e-01, -1.498829e+00, 3.882690e-10, 4.783053e-10, 6.224844e+01, 1.726841e-01
2.597800e+09, 1.409473e-01, 9.500418e-01, 6.518884e-01, -1.510249e+00, 3.900666e-10, 4.781307e-10, 6.251392e+01, 1.727495e-01
2.601600e+09, 1.426095e-01, 9.498137e-01, 6.425751e-01, -1.521665e+00, 3.917931e-10, 4.779549e-10, 6.278130e+01, 1.727297e-01
2.605400e+09, 1.442607e-01, 9.495846e-01, 6.332206e-01, -1.533077e+00, 3.934520e-10, 4.777779e-10, 6.305050e+01, 1.726241e-01
2.609200e+09, 1.459008e-01, 9.493545e-01, 6.238265e-01, -1.544484e+00, 3.950469e-10, 4.775999e-10, 6.332142e+01, 1.724324e-01
2.613000e+09, 1.475296e-01, 9.491235e-01, 6.143944e-01, -1.555887e+00, 3.965810e-10, 4.774209e-10, 6.359397e+01, 1.721542e-01
2.616800e+09, 1.491469e-01, 9.488917e-01, 6.049256e-01, -1.567286e+00, 3.980573e-10, 4.772410e-10, 6.386804e+01, 1.717893e-01
2.620600e+09, 1.507526e-01, 9.486591e-01, 5.954215e-01, -1.578681e+00, 3.994787e-10, 4.770602e-10, 6.414355e+01, 1.713374e-01
2.624400e+09, 1.523464e-01, 9.484260e-01, 5.858835e-01, -1.590071e+00, 4.008479e-10, 4.768786e-10, 6.442038e+01, 1.707983e-01
2.628200e+09, 1.539282e-01, 9.481922e-01, 5.763128e-01, -1.601457e+00, 4.021673e-10, 4.766963e-10, 6.469844e+01, 1.701716e-01
2.632000e+09, 1.554978e-01, 9.479580e-01, 5.667106e-01, -1.612839e+00, 4.034394e-10, 4.765133e-10, 6.497761e+01, 1.694572e-01
2.635800e+09, 1.570549e-01, 9.477233e-01, 5.570781e-01, -1.624216e+00, 4.046664e-10, 4.763297e-10, 6.525778e+01, 1.686550e-01
2.639600e+09, 1.585995e-01, 9.474883e-01, 5.474162e-01, -1.635589e+00, 4.058506e-10, 4.761455e-10, 6.553885e+01, 1.677648e-01
2.643400e+09, 1.601314e-01, 9.472530e-01, 5.377261e-01, -1.646958e+00, 4.069937e-10, 4.759610e-10, 6.582070e+01, 1.667865e-01
2.647200e+09, 1.616503e-01, 9.470176e-01, 5.280087e-01, -1.658322e+00, 4.080979e-10, 4.757760e-10, 6.610321e+01, 1.657200e-01
2.651000e+09, 1.631562e-01, 9.467821e-01, 5.182649e-01, -1.669681e+00, 4.091647e-10, 4.755907e-10, 6.638626e+01, 1.645654e-01
2.654800e+09, 1.646488e-01, 9.465465e-01, 5.084956e-01, -1.681037e+00, 4.101961e-10, 4.754051e-10, 6.666974e+01, 1.633226e-01
2.658600e+09, 1.661280e-01, 9.463111e-01, 4.987017e-01, -1.692388e+00, 4.111935e-10, 4.752193e-10, 6.695350e+01, 1.619916e-01
2.662400e+09, 1.675936e-01, 9.460757e-01, 4.888840e-01, -1.703734e+00, 4.121585e-10, 4.750335e-10, 6.723744e+01, 1.605724e-01
2.666200e+09, 1.690454e-01, 9.458406e-01, 4.790433e-01, -1.715076e+00, 4.130926e-10, 4.748475e-10, 6.752141e+01, 1.590653e-01
2.670000e+09, 1.704834e-01, 9.456058e-01, 4.691802e-01, -1.726413e+00, 4.139971e-10, 4.746616e-10, 6.780528e+01, 1.574703e-01
2.673800e+09, 1.719073e-01, 9.453714e-01, 4.592956e-01, -1.737746e+00, 4.148733e-10, 4.744758e-10, 6.808892e+01, 1.557876e-01
2.677600e+09, 1.733170e-01, 9.451375e-01, 4.493900e-01, -1.749075e+00, 4.157224e-10, 4.742901e-10, 6.837220e+01, 1.540173e-01
2.681400e+09, 1.747123e-01, 9.449041e-01, 4.394642e-01, -1.760399e+00, 4.165457e-10, 4.741046e-10, 6.865496e+01, 1.521598e-01
2.685200e+09, 1.760931e-01, 9.446713e-01, 4.295187e-01, -1.771719e+00, 4.173443e-10, 4.739194e-10, 6.893708e+01, 1.502153e-01
2.689000e+09, 1.774592e-01, 9.444392e-01, 4.195542e-01, -1.783034e+00, 4.181192e-10, 4.737346e-10, 6.921840e+01, 1.481840e-01
2.692800e+09, 1.788105e-01, 9.442080e-01, 4.095711e-01, -1.794345e+00, 4.188714e-10, 4.735502e-10, 6.949878e+01, 1.460664e-01
2.696600e+09, 1.801468e-01, 9.439775e-01, 3.995701e-01, -1.805652e+00, 4.196019e-10, 4.733663e-10, 6.977806e+01, 1.438628e-01
2.700400e+09, 1.814681e-01, 9.437481e-01, 3.895516e-01, -1.816954e+00, 4.203117e-10, 4.731829e-10, 7.005610e+01, 1.415736e-01
2.704200e+09, 1.827740e-01, 9.435196e-01, 3.795162e-01, -1.828252e+00, 4.210016e-10, 4.730002e-10, 7.033274e+01, 1.391994e-01
2.708000e+09, 1.840646e-01, 9.432923e-01, 3.694644e-01, -1.839545e+00, 4.216725e-10, 4.728181e-10, 7.060783e+01, 1.367405e-01
2.711800e+09, 1.853397e-01, 9.430661e-01, 3.593965e-01, -1.850834e+00, 4.223251e-10, 4.726369e-10, 7.088120e+01, 1.341976e-01
2.715600e+09, 1.865991e-01, 9.428412e-01, 3.493130e-01, -1.862119e+00, 4.229602e-10, 4.724564e-10, 7.115270e+01, 1.315713e-01
2.719400e+09, 1.878426e-01, 9.426177e-01, 3.392143e-01, -1.873399e+00, 4.235786e-10, 4.722769e-10, 7.142217e+01, 1.288621e-01
2.723200e+09, 1.890703e-01, 9.423955e-01, 3.291009e-01, -1.884676e+00, 4.241810e-10, 4.720983e-10, 7.168945e+01, 1.260707e-01
2.727000e+09, 1.902818e-01, 9.421749e-01, 3.189731e-01, -1.895947e+00, 4.247680e-10, 4.719207e-10, 7.195436e+01, 1.231979e-01
2.730800e+09, 1.914772e-01, 9.419558e-01, 3.088313e-01, -1.907215e+00, 4.253402e-10, 4.717442e-10, 7.221674e+01, 1.202443e-01
2.734600e+09, 1.926563e-01, 9.417383e-01, 2.986759e-01, -1.918478e+00, 4.258983e-10, 4.715689e-10, 7.247643e+01, 1.172109e-01
2.738400e+09, 1.938189e-01, 9.415226e-01, 2.885071e-01, -1.929738e+00, 4.264429e-10, 4.713948e-10, 7.273326e+01, 1.140984e-01
2.742200e+09, 1.949649e-01, 9.413087e-01, 2.783253e-01, -1.940993e+00, 4.269745e-10, 4.712220e-10, 7.298705e+01, 1.109077e-01
2.746000e+09, 1.960942e-01, 9.410966e-01, 2.681308e-01, -1.952244e+00, 4.274937e-10, 4.710506e-10, 7.323764e+01, 1.076398e-01
2.749800e+09, 1.972067e-01, 9.408865e-01, 2.579239e-01, -1.963491e+00, 4.280010e-10, 4.708805e-10, 7.348486e+01, 1.042956e-01
2.753600e+09, 1.983023e-01, 9.406784e-01, 2.477049e-01, -1.974733e+00, 4.284968e-10, 4.707120e-10, 7.372853e+01, 1.008761e-01
2.757400e+09, 1.993808e-01, 9.404724e-01, 2.374741e-01, -1.985972e+00, 4.289817e-10, 4.705450e-10, 7.396848e+01, 9.738252e-02
2.761200e+09, 2.004422e-01, 9.402685e-01, 2.272317e-01, -1.997207e+00, 4.294561e-10, 4.703796e-10, 7.420455e+01, 9.381586e-02
2.765000e+09, 2.014863e-01, 9.400669e-01, 2.169779e-01, -2.008438e+00, 4.299204e-10, 4.702159e-10, 7.443655e+01, 9.017731e-02
2.768800e+09, 2.025130e-01, 9.398676e-01, 2.067131e-01, -2.019665e+00, 4.303751e-10, 4.700539e-10, 7.466432e+01, 8.646808e-02
2.772600e+09, 2.035221e-01, 9.396707e-01, 1.964374e-01, -2.030888e+00, 4.308206e-10, 4.698937e-10, 7.488769e+01, 8.268943e-02
2.776400e+09, 2.045137e-01, 9.394762e-01, 1.861511e-01, -2.042107e+00, 4.312572e-10, 4.697353e-10, 7.510648e+01, 7.884266e-02
2.780200e+09, 2.054876e-01, 9.392842e-01, 1.758544e-01, -2.053322e+00, 4.316853e-10, 4.695789e-10, 7.532053e+01, 7.492913e-02
2.784000e+09, 2.064436e-01, 9.390948e-01, 1.655474e-01, -2.064534e+00, 4.321054e-10, 4.694244e-10, 7.552967e+01, 7.095023e-02
2.787800e+09, 2.073817e-01, 9.389080e-01, 1.552304e-01, -2.075742e+00, 4.325176e-10, 4.692720e-10, 7.573374e+01, 6.690741e-02
2.791600e+09, 2.083018e-01, 9.387240e-01, 1.449036e-01, -2.086947e+00, 4.329224e-10, 4.691217e-10, 7.593256e+01, 6.280216e-02
2.795400e+09, 2.092037e-01, 9.385427e-01, 1.345671e-01, -2.098147e+00, 4.333200e-10, 4.689735e-10, 7.612598e+01, 5.863602e-02
2.799200e+09, 2.100875e-01, 9.383643e-01, 1.242211e-01, -2.109345e+00, 4.337108e-10, 4.688275e-10, 7.631383e+01, 5.441057e-02
2.803000e+09, 2.109529e-01, 9.381888e-01, 1.138658e-01, -2.120538e+00, 4.340951e-10, 4.686838e-10, 7.649596e+01, 5.012744e-02
2.806800e+09, 2.117999e-01, 9.380163e-01, 1.035013e-01, -2.131729e+00, 4.344731e-10, 4.685424e-10, 7.667222e+01, 4.578830e-02
2.810600e+09, 2.126284e-01, 9.378467e-01, 9.312773e-02, -2.142916e+00, 4.348452e-10, 4.684034e-10, 7.684245e+01, 4.139488e-02
2.814400e+09, 2.134383e-01, 9.376803e-01, 8.274532e-02, -2.154099e+00, 4.352115e-10, 4.682668e-10, 7.700649e+01, 3.694893e-02
2.818200e+09, 2.142295e-01, 9.375171e-01, 7.235416e-02, -2.165280e+00, 4.355723e-10, 4.681327e-10, 7.716422e+01, 3.245225e-02
2.822000e+09, 2.150019e-01, 9.373570e-01, 6.195439e-02, -2.176457e+00, 4.359279e-10, 4.680012e-10, 7.731548e+01, 2.790668e-02
2.825800e+09, 2.157555e-01, 9.372002e-01, 5.154613e-02, -2.187631e+00, 4.362785e-10, 4.678722e-10, 7.746014e+01, 2.331413e-02
2.829600e+09, 2.164901e-01, 9.370467e-01, 4.112950e-02, -2.198802e+00, 4.366243e-10, 4.677459e-10, 7.759807e+01, 1.867650e-02
2.833400e+09, 2.172057e-01, 9.368967e-01, 3.070462e-02, -2.209970e+00, 4.369655e-10, 4.676222e-10, 7.772913e+01, 1.399577e-02
2.837200e+09, 2.179022e-01, 9.367500e-01, 2.027158e-02, -2.221135e+00, 4.373024e-10, 4.675013e-10, 7.785320e+01, 9.273927e-03
2.841000e+09, 2.185795e-01, 9.366069e-01, 9.830507e-03, -2.232297e+00, 4.376350e-10, 4.673832e-10, 7.797017e+01, 4.513015e-03
2.844800e+09, 2.192376e-01, 9.364672e-01, -6.185133e-04, -2.243456e+00, 4.379637e-10, 4.672679e-10, 7.807993e+01, -2.848963e-04
2.848600e+09, 2.198763e-01, 9.363312e-01, -1.107538e-02, -2.254613e+00, 4.382886e-10, 4.671555e-10, 7.818236e+01, -5.117704e-03
2.852400e+09, 2.204956e-01, 9.361988e-01, -2.154001e-02, -2.265767e+00, 4.386099e-10, 4.670461e-10, 7.827736e+01, -9.983272e-03
2.856200e+09, 2.210954e-01, 9.360702e-01, -3.201230e-02, -2.276918e+00, 4.389277e-10, 4.669396e-10, 7.836484e+01, -1.487944e-02
2.860000e+09, 2.216756e-01, 9.359452e-01, -4.249219e-02, -2.288067e+00, 4.392422e-10, 4.668361e-10, 7.844471e+01, -1.980400e-02
2.863800e+09, 2.222363e-01, 9.358240e-01, -5.297958e-02, -2.299213e+00, 4.395536e-10, 4.667357e-10, 7.851688e+01, -2.475476e-02
2.867600e+09, 2.227772e-01, 9.357067e-01, -6.347441e-02, -2.310357e+00, 4.398620e-10, 4.666384e-10, 7.858129e+01, -2.972945e-02
2.871400e+09, 2.232983e-01, 9.355933e-01, -7.397660e-02, -2.321498e+00, 4.401675e-10, 4.665443e-10, 7.863785e+01, -3.472581e-02
2.875200e+09, 2.237997e-01, 9.354837e-01, -8.448608e-02, -2.332637e+00, 4.404702e-10, 4.664533e-10, 7.868651e+01, -3.974156e-02
2.879000e+09, 2.242811e-01, 9.353782e-01, -9.500279e-02, -2.343774e+00, 4.407704e-10, 4.663656e-10, 7.872721e+01, -4.477440e-02
2.882800e+09, 2.247426e-01, 9.352766e-01, -1.055267e-01, -2.354909e+00, 4.410681e-10, 4.662811e-10, 7.875990e+01, -4.982199e-02
2.886600e+09, 2.251841e-01, 9.351791e-01, -1.160577e-01, -2.366042e+00, 4.413635e-10, 4.662000e-10, 7.878454e+01, -5.488200e-02
2.890400e+09, 2.256055e-01, 9.350856e-01, -1.265957e-01, -2.377173e+00, 4.416566e-10, 4.661221e-10, 7.880110e+01, -5.995209e-02
2.894200e+09, 2.260068e-01, 9.349963e-01, -1.371407e-01, -2.388303e+00, 4.419476e-10, 4.660477e-10, 7.880955e+01, -6.502990e-02
2.898000e+09, 2.263880e-01, 9.349111e-01, -1.476927e-01, -2.399430e+00, 4.422366e-10, 4.659767e-10, 7.880987e+01, -7.011305e-02
2.901800e+09, 2.267488e-01, 9.348301e-01, -1.582516e-01, -2.410556e+00, 4.425236e-10, 4.659091e-10, 7.880206e+01, -7.519917e-02
2.905600e+09, 2.270895e-01, 9.347533e-01, -1.688174e-01, -2.421680e+00, 4.428088e-10, 4.658450e-10, 7.878609e+01, -8.028589e-02
2.909400e+09, 2.274097e-01, 9.346808e-01, -1.793899e-01, -2.432802e+00, 4.430922e-10, 4.657844e-10, 7.876199e+01, -8.537084e-02
2.913200e+09, 2.277096e-01, 9.346125e-01, -1.899692e-01, -2.443924e+00, 4.433739e-10, 4.657273e-10, 7.872976e+01, -9.045162e-02
2.917000e+09, 2.279891e-01, 9.345486e-01, -2.005553e-01, -2.455043e+00, 4.436541e-10, 4.656738e-10, 7.868942e+01, -9.552588e-02
2.920800e+09, 2.282481e-01, 9.344889e-01, -2.111480e-01, -2.466162e+00, 4.439327e-10, 4.656239e-10, 7.864099e+01, -1.005912e-01
2.924600e+09, 2.284866e-01, 9.344337e-01, -2.217474e-01, -2.477279e+00, 4.442099e-10, 4.655776e-10, 7.858451e+01, -1.056453e-01
2.928400e+09, 2.287045e-01, 9.343828e-01, -2.323534e-01, -2.488395e+00, 4.444857e-10, 4.655349e-10, 7.852003e+01, -1.106858e-01
2.932200e+09, 2.289019e-01, 9.343363e-01, -2.429660e-01, -2.499510e+00, 4.447602e-10, 4.654959e-10, 7.844758e+01, -1.157104e-01
2.936000e+09, 2.290786e-01, 9.342943e-01, -2.535851e-01, -2.510625e+00, 4.450334e-10, 4.654606e-10, 7.836723e+01, -1.207166e-01
2.939800e+09, 2.292346e-01, 9.342566e-01, -2.642108e-01, -2.521738e+00, 4.453054e-10, 4.654290e-10, 7.827903e+01, -1.257023e-01
2.943600e+09, 2.293699e-01, 9.342235e-01, -2.748429e-01, -2.532851e+00, 4.455762e-10, 4.654011e-10, 7.818306e+01, -1.306651e-01
2.947400e+09, 2.294845e-01, 9.341948e-01, -2.854815e-01, -2.543963e+00, 4.458459e-10, 4.653769e-10, 7.807940e+01, -1.356027e-01
2.951200e+09, 2.295784e-01, 9.341706e-01, -2.961266e-01, -2.555074e+00, 4.461145e-10, 4.653566e-10, 7.796812e+01, -1.405129e-01
2.955000e+09, 2.296514e-01, 9.341510e-01, -3.067781e-01, -2.566185e+00, 4.463820e-10, 4.653400e-10, 7.784931e+01, -1.453935e-01
2.958800e+09, 2.297036e-01, 9.341358e-01, -3.174360e-01, -2.577295e+00, 4.466486e-10, 4.653272e-10, 7.772307e+01, -1.502423e-01
2.962600e+09, 2.297350e-01, 9.341252e-01, -3.281002e-01, -2.588406e+00, 4.469141e-10, 4.653181e-10, 7.758951e+01, -1.550571e-01
2.966400e+09, 2.297455e-01, 9.341191e-01, -3.387707e-01, -2.599516e+00, 4.471787e-10, 4.653130e-10, 7.744872e+01, -1.598357e-01
2.970200e+09, 2.297351e-01, 9.341176e-01, -3.494476e-01, -2.610625e+00, 4.474424e-10, 4.653116e-10, 7.730082e+01, -1.645761e-01
2.974000e+09, 2.297038e-01, 9.341206e-01, -3.601308e-01, -2.621735e+00, 4.477051e-10, 4.653141e-10, 7.714594e+01, -1.692760e-01
2.977800e+09, 2.296515e-01, 9.341282e-01, -3.708203e-01, -2.632845e+00, 4.479670e-10, 4.653204e-10, 7.698418e+01, -1.739336e-01
2.981600e+09, 2.295783e-01, 9.341403e-01, -3.815160e-01, -2.643955e+00, 4.482279e-10, 4.653305e-10, 7.681569e+01, -1.785468e-01
2.985400e+09, 2.294841e-01, 9.341570e-01, -3.922179e-01, -2.655065e+00, 4.484880e-10, 4.653445e-10, 7.664058e+01, -1.831136e-01
2.989200e+09, 2.293690e-01, 9.341782e-01, -4.029261e-01, -2.666176e+00, 4.487472e-10, 4.653624e-10, 7.645901e+01, -1.876320e-01
2.993000e+09, 2.292328e-01, 9.342040e-01, -4.136404e-01, -2.677287e+00, 4.490055e-10, 4.653841e-10, 7.627111e+01, -1.921002e-01
2.996800e+09, 2.290756e-01, 9.342344e-01, -4.243609e-01, -2.688399e+00, 4.492629e-10, 4.654097e-10, 7.607702e+01, -1.965162e-01
3.000600e+09, 2.288975e-01, 9.342692e-01, -4.350875e-01, -2.699511e+00, 4.495194e-10, 4.654391e-10, 7.587690e+01, -2.008783e-01
3.004400e+09, 2.286983e-01, 9.343087e-01, -4.458203e-01, -2.710624e+00, 4.497750e-10, 4.654724e-10, 7.567089e+01, -2.051847e-01
3.008200e+09, 2.284781e-01, 9.343526e-01, -4.565592e-01, -2.721737e+00, 4.500297e-10, 4.655095e-10, 7.545916e+01, -2.094336e-01
3.012000e+09, 2.282368e-01, 9.344011e-01, -4.673041e-01, -2.732852e+00, 4.502834e-10, 4.655504e-10, 7.524185e+01, -2.136233e-01
3.015800e+09, 2.279746e-01, 9.344541e-01, -4.780552e-01, -2.743967e+00, 4.505362e-10, 4.655952e-10, 7.501913e+01, -2.177521e-01
3.019600e+09, 2.276913e-01, 9.345116e-01, -4.888122e-01, -2.755084e+00, 4.507880e-10, 4.656439e-10, 7.479116e+01, -2.218185e-01
3.023400e+09, 2.273870e-01, 9.345736e-01, -4.995753e-01, -2.766202e+00, 4.510388e-10, 4.656963e-10, 7.455810e+01, -2.258208e-01
3.027200e+09, 2.270617e-01, 9.346400e-01, -5.103443e-01, -2.777321e+00, 4.512886e-10, 4.657525e-10, 7.432013e+01, -2.297576e-01
3.031000e+09, 2.267153e-01, 9.347109e-01, -5.211193e-01, -2.788441e+00, 4.515373e-10, 4.658125e-10, 7.407740e+01, -2.336273e-01
3.034800e+09, 2.263480e-01, 9.347862e-01, -5.319003e-01, -2.799563e+00, 4.517849e-10, 4.658763e-10, 7.383009e+01, -2.374284e-01
3.038600e+09, 2.259597e-01, 9.348659e-01, -5.426871e-01, -2.810686e+00, 4.520313e-10, 4.659439e-10, 7.357837e+01, -2.411597e-01
3.042400e+09, 2.255504e-01, 9.349500e-01, -5.534799e-01, -2.821811e+00, 4.522766e-10, 4.660152e-10, 7.332241e+01, -2.448197e-01
3.046200e+09, 2.251201e-01, 9.350384e-01, -5.642785e-01, -2.832938e+00, 4.525206e-10, 4.660902e-10, 7.306237e+01, -2.484071e-01
3.050000e+09, 2.246689e-01, 9.351312e-01, -5.750829e-01, -2.844066e+00, 4.527633e-10, 4.661689e-10, 7.279844e+01, -2.519206e-01
3.053800e+09, 2.241967e-01, 9.352283e-01, -5.858931e-01, -2.855197e+00, 4.530046e-10, 4.662512e-10, 7.253077e+01, -2.553590e-01
3.057600e+09, 2.237037e-01, 9.353296e-01, -5.967091e-01, -2.866329e+00, 4.532445e-10, 4.663373e-10, 7.225956e+01, -2.587212e-01
3.061400e+09, 2.231897e-01, 9.354352e-01, -6.075308e-01, -2.877463e+00, 4.534830e-10, 4.664269e-10, 7.198495e+01, -2.620060e-01
3.065200e+09, 2.226550e-01, 9.355450e-01, -6.183582e-01, -2.888600e+00, 4.537199e-10, 4.665201e-10, 7.170714e+01, -2.652123e-01
3.069000e+09, 2.220993e-01, 9.356590e-01, -6.291913e-01, -2.899738e+00, 4.539551e-10, 4.666170e-10, 7.142628e+01, -2.683390e-01
3.072800e+09, 2.215229e-01, 9.357771e-01, -6.400300e-01, -2.910879e+00, 4.541887e-10, 4.667173e-10, 7.114254e+01, -2.713852e-01
3.076600e+09, 2.209257e-01, 9.358993e-01, -6.508742e-01, -2.922023e+00, 4.544205e-10, 4.668212e-10, 7.085611e+01, -2.743498e-01
3.080400e+09, 2.203078e-01, 9.360255e-01, -6.617240e-01, -2.933169e+00, 4.546505e-10, 4.669285e-10, 7.056713e+01, -2.772319e-01
3.084200e+09, 2.196691e-01, 9.361558e-01, -6.725793e-01, -2.944317e+00, 4.548785e-10, 4.670393e-10, 7.027579e+01, -2.800307e-01
3.088000e+09, 2.190098e-01, 9.362901e-01, -6.834400e-01, -2.955468e+00, 4.551045e-10, 4.671534e-10, 6.998224e+01, -2.827453e-01
3.091800e+09, 2.183299e-01, 9.364283e-01, -6.943062e-01, -2.966622e+00, 4.553283e-10, 4.672709e-10, 6.968664e+01, -2.853749e-01
3.095600e+09, 2.176294e-01, 9.365704e-01, -7.051776e-01, -2.977778e+00, 4.555499e-10, 4.673918e-10, 6.938917e+01, -2.879187e-01
3.099400e+09, 2.169083e-01, 9.367163e-01, -7.160544e-01, -2.988938e+00, 4.557692e-10, 4.675159e-10, 6.908998e+01, -2.903760e-01
3.103200e+09, 2.161667e-01, 9.368660e-01, -7.269364e-01, -3.000100e+00, 4.559860e-10, 4.676433e-10, 6.878922e+01, -2.927461e-01
3.107000e+09, 2.154047e-01, 9.370195e-01, -7.378236e-01, -3.011266e+00, 4.562003e-10, 4.677739e-10, 6.848706e+01, -2.950283e-01
3.110800e+09, 2.146223e-01, 9.371766e-01, -7.487158e-01, -3.022435e+00, 4.564119e-10, 4.679076e-10, 6.818365e+01, -2.972220e-01
3.114600e+09, 2.138196e-01, 9.373375e-01, -7.596132e-01, -3.033606e+00, 4.566206e-10, 4.680444e-10, 6.787914e+01, -2.993267e-01
3.118400e+09, 2.129966e-01, 9.375018e-01, -7.705155e-01, -3.044781e+00, 4.568265e-10, 4.681843e-10, 6.757368e+01, -3.013418e-01
3.122200e+09, 2.121533e-01, 9.376698e-01, -7.814227e-01, -3.055960e+00, 4.570292e-10, 4.683272e-10, 6.726743e+01, -3.032667e-01
3.126000e+09, 2.112899e-01, 9.378412e-01, -7.923348e-01, -3.067142e+00, 4.572288e-10, 4.684731e-10, 6.696052e+01, -3.051011e-01
3.129800e+09, 2.104064e-01, 9.380160e-01, -8.032517e-01, -3.078327e+00, 4.574250e-10, 4.686218e-10, 6.665310e+01, -3.068444e-01
3.133600e+09, 2.095028e-01, 9.381942e-01, -8.141732e-01, -3.089516e+00, 4.576177e-10, 4.687734e-10, 6.634531e+01, -3.084963e-01
3.137400e+09, 2.085792e-01, 9.383757e-01, -8.250993e-01, -3.100708e+00, 4.578067e-10, 4.689278e-10, 6.603729e+01, -3.100563e-01
3.141200e+09, 2.076358e-01, 9.385604e-01, -8.360300e-01, -3.111905e+00, 4.579919e-10, 4.690850e-10, 6.572918e+01, -3.115242e-01
3.145000e+09, 2.066725e-01, 9.387483e-01, -8.469650e-01, -3.123104e+00, 4.581731e-10, 4.692448e-10, 6.542112e+01, -3.128996e-01
3.148800e+09, 2.056894e-01, 9.389393e-01, -8.579044e-01, -3.134308e+00, 4.583501e-10, 4.694073e-10, 6.511322e+01, -3.141823e-01
3.152600e+09, 2.046867e-01, 9.391333e-01, -8.688480e-01, 3.137670e+00, 4.585227e-10, 4.695723e-10, 6.480563e+01, -3.153719e-01
3.156400e+09, 2.036644e-01, 9.393303e-01, -8.797958e-01, 3.126458e+00, 4.586908e-10, 4.697398e-10, 6.449847e+01, -3.164683e-01
3.160200e+09, 2.026225e-01, 9.395303e-01, -8.907475e-01, 3.115242e+00, 4.588541e-10, 4.699098e-10, 6.419186e+01, -3.174713e-01
3.164000e+09, 2.015612e-01, 9.397330e-01, -9.017032e-01, 3.104023e+00, 4.590124e-10, 4.700821e-10, 6.388594e+01, -3.183808e-01
3.167800e+09, 2.004805e-01, 9.399386e-01, -9.126626e-01, 3.092799e+00, 4.591656e-10, 4.702568e-10, 6.358080e+01, -3.191965e-01
3.171600e+09, 1.993806e-01, 9.401468e-01, -9.236257e-01, 3.081571e+00, 4.593133e-10, 4.704337e-10, 6.327658e+01, -3.199184e-01
3.175400e+09, 1.982615e-01, 9.403576e-01, -9.345923e-01, 3.070339e+00, 4.594554e-10, 4.706128e-10, 6.297340e+01, -3.205465e-01
3.179200e+09, 1.971233e-01, 9.405710e-01, -9.455623e-01, 3.059103e+00, 4.595915e-10, 4.707941e-10, 6.267135e+01, -3.210806e-01
3.183000e+09, 1.959661e-01, 9.407869e-01, -9.565355e-01, 3.047862e+00, 4.597215e-10, 4.709773e-10, 6.237055e+01, -3.215208e-01
3.186800e+09, 1.947901e-01, 9.410052e-01, -9.675119e-01, 3.036617e+00, 4.598451e-10, 4.711626e-10, 6.207112e+01, -3.218671e-01
3.190600e+09, 1.935952e-01, 9.412258e-01, -9.784912e-01, 3.025367e+00, 4.599620e-10, 4.713497e-10, 6.177315e+01, -3.221195e-01
3.194400e+09, 1.923817e-01, 9.414486e-01, -9.894733e-01, 3.014113e+00, 4.600719e-10, 4.715387e-10, 6.147675e+01, -3.222781e-01
3.198200e+09, 1.911496e-01, 9.416736e-01, -1.000458e+00, 3.002855e+00, 4.601745e-10, 4.717295e-10, 6.118203e+01, -3.223430e-01
3.202000e+09, 1.898991e-01, 9.419007e-01, -1.011445e+00, 2.991592e+00, 4.602695e-10, 4.719220e-10, 6.088907e+01, -3.223143e-01
3.205800e+09, 1.886301e-01, 9.421298e-01, -1.022435e+00, 2.980324e+00, 4.603565e-10, 4.721161e-10, 6.059798e+01, -3.221922e-01
3.209600e+09, 1.873430e-01, 9.423608e-01, -1.033426e+00, 2.969052e+00, 4.604352e-10, 4.723117e-10, 6.030885e+01, -3.219769e-01
3.213400e+09, 1.860377e-01, 9.425937e-01, -1.044420e+00, 2.957775e+00, 4.605053e-10, 4.725088e-10, 6.002177e+01, -3.216685e-01
3.217200e+09, 1.847144e-01, 9.428283e-01, -1.055415e+00, 2.946493e+00, 4.605664e-10, 4.727073e-10, 5.973684e+01, -3.212673e-01
3.221000e+09, 1.833732e-01, 9.430646e-01, -1.066411e+00, 2.935207e+00, 4.606180e-10, 4.729072e-10, 5.945414e+01, -3.207736e-01
3.224800e+09, 1.820143e-01, 9.433025e-01, -1.077409e+00, 2.923916e+00, 4.606598e-10, 4.731082e-10, 5.917376e+01, -3.201877e-01
3.228600e+09, 1.806377e-01, 9.435419e-01, -1.088408e+00, 2.912620e+00, 4.606912e-10, 4.733105e-10, 5.889579e+01, -3.195098e-01
3.232400e+09, 1.792436e-01, 9.437827e-01, -1.099407e+00, 2.901319e+00, 4.607120e-10, 4.735139e-10, 5.862030e+01, -3.187404e-01
3.236200e+09, 1.778321e-01, 9.440249e-01, -1.110407e+00, 2.890013e+00, 4.607215e-10, 4.737182e-10, 5.834738e+01, -3.178798e-01
3.240000e+09, 1.764034e-01, 9.442683e-01, -1.121407e+00, 2.878703e+00, 4.607193e-10, 4.739235e-10, 5.807711e+01, -3.169284e-01
3.243800e+09, 1.749576e-01, 9.445129e-01, -1.132408e+00, 2.867387e+00, 4.607048e-10, 4.741297e-10, 5.780957e+01, -3.158866e-01
3.247600e+09, 1.734949e-01, 9.447585e-01, -1.143407e+00, 2.856067e+00, 4.606776e-10, 4.743366e-10, 5.754482e+01, -3.147550e-01
3.251400e+09, 1.720153e-01, 9.450052e-01, -1.154407e+00, 2.844741e+00, 4.606369e-10, 4.745443e-10, 5.728295e+01, -3.135341e-01
3.255200e+09, 1.705190e-01, 9.452527e-01, -1.165405e+00, 2.833411e+00, 4.605822e-10, 4.747526e-10, 5.702403e+01, -3.122243e-01
3.259000e+09, 1.690063e-01, 9.455011e-01, -1.176402e+00, 2.822076e+00, 4.605128e-10, 4.749614e-10, 5.676812e+01, -3.108262e-01
3.262800e+09, 1.674771e-01, 9.457502e-01, -1.187397e+00, 2.810736e+00, 4.604280e-10, 4.751707e-10, 5.651530e+01, -3.093404e-01
3.266600e+09, 1.659317e-01, 9.459999e-01, -1.198390e+00, 2.799390e+00, 4.603271e-10, 4.753804e-10, 5.626563e+01, -3.077675e-01
3.270400e+09, 1.643703e-01, 9.462501e-01, -1.209381e+00, 2.788040e+00, 4.602094e-10, 4.755904e-10, 5.601919e+01, -3.061082e-01
3.274200e+09, 1.627929e-01, 9.465008e-01, -1.220369e+00, 2.776685e+00, 4.600740e-10, 4.758006e-10, 5.577602e+01, -3.043632e-01
3.278000e+09, 1.611998e-01, 9.467519e-01, -1.231354e+00, 2.765325e+00, 4.599200e-10, 4.760110e-10, 5.553620e+01, -3.025331e-01
3.281800e+09, 1.595911e-01, 9.470033e-01, -1.242335e+00, 2.753959e+00, 4.597466e-10, 4.762215e-10, 5.529979e+01, -3.006188e-01
3.285600e+09, 1.579669e-01, 9.472548e-01, -1.253312e+00, 2.742589e+00, 4.595527e-10, 4.764320e-10, 5.506685e+01, -2.986210e-01
3.289400e+09, 1.563275e-01, 9.475064e-01, -1.264284e+00, 2.731214e+00, 4.593373e-10, 4.766423e-10, 5.483744e+01, -2.965406e-01
3.293200e+09, 1.546730e-01, 9.477581e-01, -1.275251e+00, 2.719833e+00, 4.590994e-10, 4.768526e-10, 5.461161e+01, -2.943784e-01
3.297000e+09, 1.530036e-01, 9.480096e-01, -1.286213e+00, 2.708448e+00, 4.588377e-10, 4.770626e-10, 5.438942e+01, -2.921352e-01
3.300800e+09, 1.513195e-01, 9.482610e-01, -1.297168e+00, 2.697058e+00, 4.585511e-10, 4.772723e-10, 5.417093e+01, -2.898121e-01
3.304600e+09, 1.496208e-01, 9.485122e-01, -1.308117e+00, 2.685662e+00, 4.582381e-10, 4.774816e-10, 5.395618e+01, -2.874099e-01
3.308400e+09, 1.479077e-01, 9.487629e-01, -1.319058e+00, 2.674262e+00, 4.578974e-10, 4.776904e-10, 5.374524e+01, -2.849297e-01
3.312200e+09, 1.461804e-01, 9.490133e-01, -1.329990e+00, 2.662856e+00, 4.575274e-10, 4.778987e-10, 5.353815e+01, -2.823725e-01
3.316000e+09, 1.444392e-01, 9.492631e-01, -1.340914e+00, 2.651446e+00, 4.571266e-10, 4.781064e-10, 5.333496e+01, -2.797393e-01
3.319800e+09, 1.426840e-01, 9.495122e-01, -1.351829e+00, 2.640031e+00, 4.566932e-10, 4.783134e-10, 5.313572e+01, -2.770314e-01
3.323600e+09, 1.409153e-01, 9.497607e-01, -1.362733e+00, 2.628610e+00, 4.562252e-10, 4.785197e-10, 5.294047e+01, -2.742498e-01
3.327400e+09, 1.391331e-01, 9.500084e-01, -1.373626e+00, 2.617185e+00, 4.557209e-10, 4.787251e-10, 5.274927e+01, -2.713957e-01
3.331200e+09, 1.373376e-01, 9.502552e-01, -1.384506e+00, 2.605755e+00, 4.551778e-10, 4.789296e-10, 5.256216e+01, -2.684703e-01
3.335000e+09, 1.355292e-01, 9.505010e-01, -1.395374e+00, 2.594320e+00, 4.545939e-10, 4.791332e-10, 5.237919e+01, -2.654749e-01
3.338800e+09, 1.337078e-01, 9.507457e-01, -1.406228e+00, 2.582880e+00, 4.539665e-10, 4.793357e-10, 5.220038e+01, -2.624109e-01
3.342600e+09, 1.318738e-01, 9.509894e-01, -1.417067e+00, 2.571436e+00, 4.532931e-10, 4.795371e-10, 5.202580e+01, -2.592794e-01
3.346400e+09, 1.300274e-01, 9.512317e-01, -1.427890e+00, 2.559986e+00, 4.525705e-10, 4.797373e-10, 5.185547e+01, -2.560820e-01
3.350200e+09, 1.281687e-01, 9.514728e-01, -1.438696e+00, 2.548532e+00, 4.517959e-10, 4.799362e-10, 5.168944e+01, -2.528200e-01
3.354000e+09, 1.262980e-01, 9.517125e-01, -1.449483e+00, 2.537073e+00, 4.509657e-10, 4.801339e-10, 5.152774e+01, -2.494949e-01
3.357800e+09, 1.244154e-01, 9.519506e-01, -1.460250e+00, 2.525609e+00, 4.500762e-10, 4.803301e-10, 5.137042e+01, -2.461081e-01
3.361600e+09, 1.225213e-01, 9.521872e-01, -1.470996e+00, 2.514141e+00, 4.491234e-10, 4.805249e-10, 5.121750e+01, -2.426613e-01
3.365400e+09, 1.206158e-01, 9.524222e-01, -1.481720e+00, 2.502668e+00, 4.481031e-10, 4.807182e-10, 5.106903e+01, -2.391560e-01
3.369200e+09, 1.186991e-01, 9.526554e-01, -1.492419e+00, 2.491190e+00, 4.470103e-10, 4.809099e-10, 5.092503e+01, -2.355937e-01
3.373000e+09, 1.167714e-01, 9.528868e-01, -1.503091e+00, 2.479708e+00, 4.458400e-10, 4.810999e-10, 5.078554e+01, -2.319762e-01
3.376800e+09, 1.148331e-01, 9.531163e-01, -1.513736e+00, 2.468221e+00, 4.445865e-10, 4.812883e-10, 5.065059e+01, -2.283052e-01
3.380600e+09, 1.128842e-01, 9.533438e-01, -1.524351e+00, 2.456730e+00, 4.432435e-10, 4.814748e-10, 5.052021e+01, -2.245823e-01
3.384400e+09, 1.109250e-01, 9.535692e-01, -1.534934e+00, 2.445234e+00, 4.418042e-10, 4.816596e-10, 5.039444e+01, -2.208093e-01
3.388200e+09, 1.089558e-01, 9.537925e-01, -1.545483e+00, 2.433734e+00, 4.402613e-10, 4.818424e-10, 5.027329e+01, -2.169880e-01
3.392000e+09, 1.069768e-01, 9.540136e-01, -1.555995e+00, 2.422229e+00, 4.386064e-10, 4.820234e-10, 5.015679e+01, -2.131203e-01
3.395800e+09, 1.049882e-01, 9.542323e-01, -1.566467e+00, 2.410721e+00, 4.368304e-10, 4.822023e-10, 5.004498e+01, -2.092080e-01
3.399600e+09, 1.029902e-01, 9.544487e-01, -1.576897e+00, 2.399207e+00, 4.349234e-10, 4.823791e-10, 4.993787e+01, -2.052531e-01
3.403400e+09, 1.009832e-01, 9.546627e-01, -1.587281e+00, 2.387690e+00, 4.328742e-10, 4.825538e-10, 4.983549e+01, -2.012573e-01
3.407200e+09, 9.896723e-02, 9.548741e-01, -1.597616e+00, 2.376169e+00, 4.306705e-10, 4.827263e-10, 4.973786e+01, -1.972229e-01
3.411000e+09, 9.694268e-02, 9.550829e-01, -1.607899e+00, 2.364643e+00, 4.282985e-10, 4.828966e-10, 4.964501e+01, -1.931516e-01
3.414800e+09, 9.490975e-02, 9.552890e-01, -1.618125e+00, 2.353113e+00, 4.257431e-10, 4.830646e-10, 4.955694e+01, -1.890457e-01
3.418600e+09, 9.286869e-02, 9.554924e-01, -1.628290e+00, 2.341580e+00, 4.229870e-10, 4.832303e-10, 4.947369e+01, -1.849071e-01
3.422400e+09, 9.081975e-02, 9.556930e-01, -1.638389e+00, 2.330042e+00, 4.200111e-10, 4.833936e-10, 4.939526e+01, -1.807379e-01
3.426200e+09, 8.876318e-02, 9.558907e-01, -1.648418e+00, 2.318500e+00, 4.167940e-10, 4.835544e-10, 4.932168e+01, -1.765402e-01
3.430000e+09, 8.669925e-02, 9.560854e-01, -1.658369e+00, 2.306955e+00, 4.133114e-10, 4.837127e-10, 4.925296e+01, -1.723162e-01
3.433800e+09, 8.462821e-02, 9.562771e-01, -1.668237e+00, 2.295406e+00, 4.095360e-10, 4.838685e-10, 4.918911e+01, -1.680681e-01
3.437600e+09, 8.255033e-02, 9.564657e-01, -1.678015e+00, 2.283853e+00, 4.054367e-10, 4.840217e-10, 4.913014e+01, -1.637981e-01
3.441400e+09, 8.046587e-02, 9.566511e-01, -1.687696e+00, 2.272296e+00, 4.009782e-10, 4.841722e-10, 4.907607e+01, -1.595083e-01
3.445200e+09, 7.837509e-02, 9.568333e-01, -1.697269e+00, 2.260736e+00, 3.961205e-10, 4.843201e-10, 4.902691e+01, -1.552010e-01
3.449000e+09, 7.627829e-02, 9.570123e-01, -1.706727e+00, 2.249172e+00, 3.908173e-10, 4.844651e-10, 4.898266e+01, -1.508785e-01
3.452800e+09, 7.417573e-02, 9.571878e-01, -1.716058e+00, 2.237605e+00, 3.850160e-10, 4.846074e-10, 4.894333e+01, -1.465430e-01
3.456600e+09, 7.206769e-02, 9.573599e-01, -1.725251e+00, 2.226035e+00, 3.786555e-10, 4.847469e-10, 4.890893e+01, -1.421969e-01
3.460400e+09, 6.995448e-02, 9.575286e-01, -1.734292e+00, 2.214461e+00, 3.716651e-10, 4.848834e-10, 4.887946e+01, -1.378423e-01
3.464200e+09, 6.783637e-02, 9.576937e-01, -1.743166e+00, 2.202884e+00, 3.639628e-10, 4.850170e-10, 4.885493e+01, -1.334817e-01
3.468000e+09, 6.571368e-02, 9.578552e-01, -1.751856e+00, 2.191304e+00, 3.554526e-10, 4.851477e-10, 4.883533e+01, -1.291173e-01
3.471800e+09, 6.358672e-02, 9.580130e-01, -1.760343e+00, 2.179720e+00, 3.460218e-10, 4.852753e-10, 4.882067e+01, -1.247515e-01
3.475600e+09, 6.145580e-02, 9.581672e-01, -1.768604e+00, 2.168134e+00, 3.355373e-10, 4.853999e-10, 4.881095e+01, -1.203867e-01
3.479400e+09, 5.932125e-02, 9.583175e-01, -1.776616e+00, 2.156544e+00, 3.238411e-10, 4.855213e-10, 4.880616e+01, -1.160251e-01
3.483200e+09, 5.718342e-02, 9.584641e-01, -1.784348e+00, 2.144952e+00, 3.107446e-10, 4.856396e-10, 4.880630e+01, -1.116691e-01
3.487000e+09, 5.504267e-02, 9.586067e-01, -1.791767e+00, 2.133357e+00, 2.960211e-10, 4.857547e-10, 4.881136e+01, -1.073211e-01
3.490800e+09, 5.289937e-02, 9.587454e-01, -1.798835e+00, 2.121759e+00, 2.793962e-10, 4.858665e-10, 4.882134e+01, -1.029834e-01
3.494600e+09, 5.075391e-02, 9.588802e-01, -1.805506e+00, 2.110158e+00, 2.605355e-10, 4.859751e-10, 4.883624e+01, -9.865830e-02
3.498400e+09, 4.860673e-02, 9.590109e-01, -1.811726e+00, 2.098555e+00, 2.390280e-10, 4.860804e-10, 4.885603e+01, -9.434821e-02
3.502200e+09, 4.645826e-02, 9.591375e-01, -1.817433e+00, 2.086949e+00, 2.143643e-10, 4.861823e-10, 4.888072e+01, -9.005543e-02
3.506000e+09, 4.430902e-02, 9.592600e-01, -1.822552e+00, 2.075341e+00, 1.859072e-10, 4.862808e-10, 4.891028e+01, -8.578230e-02
3.509800e+09, 4.215954e-02, 9.593783e-01, -1.826990e+00, 2.063731e+00, 1.528518e-10, 4.863758e-10, 4.894470e+01, -8.153112e-02
3.513600e+09, 4.001042e-02, 9.594924e-01, -1.830640e+00, 2.052118e+00, 1.141695e-10, 4.864674e-10, 4.898398e+01, -7.730419e-02
3.517400e+09, 3.786235e-02, 9.596022e-01, -1.833366e+00, 2.040503e+00, 6.853043e-11, 4.865555e-10, 4.902809e+01, -7.310381e-02
3.521200e+09, 3.571612e-02, 9.597078e-01, -1.835002e+00, 2.028886e+00, 1.419270e-11, 4.866401e-10, 4.907701e+01, -6.893224e-02
3.525000e+09, 3.357265e-02, 9.598090e-01, -1.835341e+00, 2.017267e+00, -5.115899e-11, 4.867210e-10, 4.913072e+01, -6.479175e-02
3.528800e+09, 3.143305e-02, 9.599058e-01, -1.834119e+00, 2.005646e+00, -1.306510e-10, 4.867984e-10, 4.918921e+01, -6.068456e-02
3.532600e+09, 2.929866e-02, 9.599982e-01, -1.831000e+00, 1.994023e+00, -2.285794e-10, 4.868721e-10, 4.925245e+01, -5.661289e-02
3.536400e+09, 2.717118e-02, 9.600862e-01, -1.825542e+00, 1.982398e+00, -3.509631e-10, 4.869421e-10, 4.932041e+01, -5.257894e-02
3.540200e+09, 2.505278e-02, 9.601697e-01, -1.817163e+00, 1.970772e+00, -5.064160e-10, 4.870084e-10, 4.939307e+01, -4.858488e-02
3.544000e+09, 2.294633e-02, 9.602486e-01, -1.805072e+00, 1.959144e+00, -7.075566e-10, 4.870710e-10, 4.947041e+01, -4.463285e-02
3.547800e+09, 2.085572e-02, 9.603230e-01, -1.788178e+00, 1.947515e+00, -9.733411e-10, 4.871298e-10, 4.955240e+01, -4.072497e-02
3.551600e+09, 1.878644e-02, 9.603929e-01, -1.764938e+00, 1.935884e+00, -1.333007e-09, 4.871848e-10, 4.963899e+01, -3.686334e-02
3.555400e+09, 1.674651e-02, 9.604581e-01, -1.733111e+00, 1.924252e+00, -1.832814e-09, 4.872360e-10, 4.973018e+01, -3.305001e-02
3.559200e+09, 1.474803e-02, 9.605187e-01, -1.689351e+00, 1.912619e+00, -2.547412e-09, 4.872834e-10, 4.982591e+01, -2.928701e-02
3.563000e+09, 1.281021e-02, 9.605747e-01, -1.628529e+00, 1.900984e+00, -3.597319e-09, 4.873268e-10, 4.992615e+01, -2.557636e-02
3.566800e+09, 1.096479e-02, 9.606259e-01, -1.542639e+00, 1.889349e+00, -5.166338e-09, 4.873664e-10, 5.003088e+01, -2.192000e-02
3.570600e+09, 9.266335e-03, 9.606725e-01, -1.419287e+00, 1.877712e+00, -7.469996e-09, 4.874020e-10, 5.014004e+01, -1.831989e-02
3.574400e+09, 7.810115e-03, 9.607144e-01, -1.240932e+00, 1.866075e+00, -1.048352e-08, 4.874338e-10, 5.025361e+01, -1.477791e-02
3.578200e+09, 6.752936e-03, 9.607515e-01, -9.906265e-01, 1.854437e+00, -1.319431e-08, 4.874615e-10, 5.037154e+01, -1.129593e-02
3.582000e+09, 6.296842e-03, 9.607838e-01, -6.755977e-01, 1.842798e+00, -1.358177e-08, 4.874853e-10, 5.049378e+01, -7.875784e-03
3.585800e+09, 6.565853e-03, 9.608115e-01, -3.513180e-01, 1.831159e+00, -1.127219e-08, 4.875050e-10, 5.062030e+01, -4.519251e-03
3.589600e+09, 7.479759e-03, 9.608343e-01, -8.218190e-02, 1.819519e+00, -8.180954e-09, 4.875208e-10, 5.075105e+01, -1.228086e-03
3.593400e+09, 8.838507e-03, 9.608523e-01, 1.131474e-01, 1.807879e+00, -5.672027e-09, 4.875326e-10, 5.088598e+01, 1.995997e-03
3.597200e+09, 1.046821e-02, 9.608656e-01, 2.485733e-01, 1.796239e+00, -3.935374e-09, 4.875403e-10, 5.102504e+01, 5.151325e-03
3.601000e+09, 1.225932e-02, 9.608740e-01, 3.425347e-01, 1.784598e+00, -2.773586e-09, 4.875439e-10, 5.116818e+01, 8.236264e-03
3.604800e+09, 1.414883e-02, 9.608777e-01, 4.087572e-01, 1.772958e+00, -1.987341e-09, 4.875435e-10, 5.131535e+01, 1.124922e-02
3.608600e+09, 1.610037e-02, 9.608765e-01, 4.562071e-01, 1.761317e+00, -1.441263e-09, 4.875390e-10, 5.146650e+01, 1.418864e-02
3.612400e+09, 1.809222e-02, 9.608705e-01, 4.906189e-01, 1.749677e+00, -1.050971e-09, 4.875305e-10, 5.162157e+01, 1.705302e-02
3.616200e+09, 2.011080e-02, 9.608598e-01, 5.157120e-01, 1.738036e+00, -7.643150e-10, 4.875179e-10, 5.178050e+01, 1.984088e-02
3.620000e+09, 2.214727e-02, 9.608442e-01, 5.339608e-01, 1.726396e+00, -5.485301e-10, 4.875012e-10, 5.194323e+01, 2.255080e-02
3.623800e+09, 2.419560e-02, 9.608238e-01, 5.470576e-01, 1.714757e+00, -3.825131e-10, 4.874804e-10, 5.210971e+01, 2.518139e-02
3.627600e+09, 2.625159e-02, 9.607986e-01, 5.561905e-01, 1.703117e+00, -2.523091e-10, 4.874555e-10, 5.227987e+01, 2.773131e-02
3.631400e+09, 2.831215e-02, 9.607686e-01, 5.622147e-01, 1.691479e+00, -1.484510e-10, 4.874266e-10, 5.245364e+01, 3.019925e-02
3.635200e+09, 3.037497e-02, 9.607338e-01, 5.657591e-01, 1.679841e+00, -6.436121e-11, 4.873935e-10, 5.263097e+01, 3.258396e-02
3.639000e+09, 3.243830e-02, 9.606943e-01, 5.672958e-01, 1.668204e+00, 4.630746e-12, 4.873564e-10, 5.281177e+01, 3.488422e-02
3.642800e+09, 3.450071e-02, 9.606500e-01, 5.671852e-01, 1.656568e+00, 6.190769e-11, 4.873153e-10, 5.299600e+01, 3.709886e-02
3.646600e+09, 3.656108e-02, 9.606010e-01, 5.657071e-01, 1.644933e+00, 1.099642e-10, 4.872700e-10, 5.318356e+01, 3.922675e-02
3.650400e+09, 3.861847e-02, 9.605473e-01, 5.630816e-01, 1.633298e+00, 1.506700e-10, 4.872207e-10, 5.337439e+01, 4.126680e-02
3.654200e+09, 4.067210e-02, 9.604889e-01, 5.594842e-01, 1.621666e+00, 1.854473e-10, 4.871674e-10, 5.356842e+01, 4.321797e-02
3.658000e+09, 4.272128e-02, 9.604257e-01, 5.550564e-01, 1.610034e+00, 2.153927e-10, 4.871101e-10, 5.376556e+01, 4.507925e-02
3.661800e+09, 4.476542e-02, 9.603580e-01, 5.499137e-01, 1.598404e+00, 2.413620e-10, 4.870487e-10, 5.396575e+01, 4.684969e-02
3.665600e+09, 4.680400e-02, 9.602856e-01, 5.441509e-01, 1.586775e+00, 2.640308e-10, 4.869833e-10, 5.416888e+01, 4.852836e-02
3.669400e+09, 4.883656e-02, 9.602086e-01, 5.378469e-01, 1.575147e+00, 2.839378e-10, 4.869140e-10, 5.437490e+01, 5.011440e-02
3.673200e+09, 5.086265e-02, 9.601270e-01, 5.310676e-01, 1.563522e+00, 3.015168e-10, 4.868407e-10, 5.458370e+01, 5.160696e-02
3.677000e+09, 5.288190e-02, 9.600409e-01, 5.238685e-01, 1.551898e+00, 3.171201e-10, 4.867635e-10, 5.479520e+01, 5.300527e-02
3.680800e+09, 5.489393e-02, 9.599502e-01, 5.162969e-01, 1.540276e+00, 3.310360e-10, 4.866823e-10, 5.500932e+01, 5.430857e-02
3.684600e+09, 5.689841e-02, 9.598551e-01, 5.083931e-01, 1.528656e+00, 3.435026e-10, 4.865972e-10, 5.522596e+01, 5.551616e-02
3.688400e+09, 5.889502e-02, 9.597556e-01, 5.001916e-01, 1.517038e+00, 3.547174e-10, 4.865083e-10, 5.544503e+01, 5.662738e-02
3.692200e+09, 6.088345e-02, 9.596516e-01, 4.917223e-01, 1.505422e+00, 3.648459e-10, 4.864155e-10, 5.566643e+01, 5.764159e-02
3.696000e+09, 6.286342e-02, 9.595433e-01, 4.830112e-01, 1.493808e+00, 3.740269e-10, 4.863189e-10, 5.589006e+01, 5.855823e-02
3.699800e+09, 6.483465e-02, 9.594306e-01, 4.740809e-01, 1.482197e+00, 3.823783e-10, 4.862186e-10, 5.611583e+01, 5.937676e-02
3.703600e+09, 6.679688e-02, 9.593137e-01, 4.649512e-01, 1.470588e+00, 3.900000e-10, 4.861144e-10, 5.634364e+01, 6.009667e-02
3.707400e+09, 6.874984e-02, 9.591926e-01, 4.556395e-01, 1.458981e+00, 3.969776e-10, 4.860066e-10, 5.657337e+01, 6.071752e-02
3.711200e+09, 7.069330e-02, 9.590672e-01, 4.461612e-01, 1.447377e+00, 4.033846e-10, 4.858950e-10, 5.680493e+01, 6.123889e-02
3.715000e+09, 7.262701e-02, 9.589377e-01, 4.365300e-01, 1.435776e+00, 4.092844e-10, 4.857798e-10, 5.703820e+01, 6.166041e-02
3.718800e+09, 7.455073e-02, 9.588042e-01, 4.267579e-01, 1.424178e+00, 4.147320e-10, 4.856610e-10, 5.727307e+01, 6.198175e-02
3.722600e+09, 7.646425e-02, 9.586665e-01, 4.168557e-01, 1.412582e+00, 4.197752e-10, 4.855386e-10, 5.750943e+01, 6.220262e-02
3.726400e+09, 7.836733e-02, 9.585249e-01, 4.068331e-01, 1.400989e+00, 4.244556e-10, 4.854126e-10, 5.774717e+01, 6.232279e-02
3.730200e+09, 8.025976e-02, 9.583794e-01, 3.966987e-01, 1.389399e+00, 4.288099e-10, 4.852831e-10, 5.798616e+01, 6.234203e-02
3.734000e+09, 8.214133e-02, 9.582300e-01, 3.864604e-01, 1.377813e+00, 4.328702e-10, 4.851502e-10, 5.822628e+01, 6.226020e-02
3.737800e+09, 8.401183e-02, 9.580768e-01, 3.761252e-01, 1.366229e+00, 4.366650e-10, 4.850139e-10, 5.846742e+01, 6.207717e-02
3.741600e+09, 8.587105e-02, 9.579198e-01, 3.656993e-01, 1.354649e+00, 4.402193e-10, 4.848741e-10, 5.870944e+01, 6.179286e-02
3.745400e+09, 8.771881e-02, 9.577591e-01, 3.551886e-01, 1.343072e+00, 4.435554e-10, 4.847311e-10, 5.895222e+01, 6.140724e-02
3.749200e+09, 8.955489e-02, 9.575948e-01, 3.445982e-01, 1.331499e+00, 4.466933e-10, 4.845847e-10, 5.919563e+01, 6.092032e-02
3.753000e+09, 9.137910e-02, 9.574270e-01, 3.339329e-01, 1.319929e+00, 4.496505e-10, 4.844351e-10, 5.943953e+01, 6.033214e-02
3.756800e+09, 9.319127e-02, 9.572556e-01, 3.231970e-01, 1.308362e+00, 4.524431e-10, 4.842823e-10, 5.968380e+01, 5.964280e-02
3.760600e+09, 9.499119e-02, 9.570808e-01, 3.123944e-01, 1.296799e+00, 4.550852e-10, 4.841264e-10, 5.992829e+01, 5.885243e-02
3.764400e+09, 9.677869e-02, 9.569026e-01, 3.015288e-01, 1.285240e+00, 4.575896e-10, 4.839674e-10, 6.017286e+01, 5.796123e-02
3.768200e+09, 9.855359e-02, 9.567211e-01, 2.906033e-01, 1.273685e+00, 4.599678e-10, 4.838053e-10, 6.041738e+01, 5.696940e-02
3.772000e+09, 1.003157e-01, 9.565365e-01, 2.796211e-01, 1.262134e+00, 4.622304e-10, 4.836403e-10, 6.066169e+01, 5.587722e-02
3.775800e+09, 1.020649e-01, 9.563486e-01, 2.685848e-01, 1.250586e+00, 4.643866e-10, 4.834723e-10, 6.090566e+01, 5.468500e-02
3.779600e+09, 1.038009e-01, 9.561577e-01, 2.574971e-01, 1.239043e+00, 4.664452e-10, 4.833014e-10, 6.114912e+01, 5.339310e-02
3.783400e+09, 1.055236e-01, 9.559638e-01, 2.463602e-01, 1.227503e+00, 4.684139e-10, 4.831277e-10, 6.139195e+01, 5.200193e-02
3.787200e+09, 1.072329e-01, 9.557669e-01, 2.351763e-01, 1.215968e+00, 4.702997e-10, 4.829512e-10, 6.163397e+01, 5.051193e-02
3.791000e+09, 1.089285e-01, 9.555672e-01, 2.239474e-01, 1.204437e+00, 4.721093e-10, 4.827720e-10, 6.187504e+01, 4.892360e-02
3.794800e+09, 1.106103e-01, 9.553647e-01, 2.126752e-01, 1.192911e+00, 4.738484e-10, 4.825901e-10, 6.211500e+01, 4.723749e-02
3.798600e+09, 1.122782e-01, 9.551596e-01, 2.013616e-01, 1.181388e+00, 4.755226e-10, 4.824057e-10, 6.235368e+01, 4.545417e-02
3.802400e+09, 1.139320e-01, 9.549518e-01, 1.900079e-01, 1.169870e+00, 4.771367e-10, 4.822187e-10, 6.259094e+01, 4.357429e-02
3.806200e+09, 1.155715e-01, 9.547415e-01, 1.786158e-01, 1.158357e+00, 4.786955e-10, 4.820292e-10, 6.282661e+01, 4.159854e-02
3.810000e+09, 1.171966e-01, 9.545288e-01, 1.671864e-01, 1.146848e+00, 4.802031e-10, 4.818373e-10, 6.306052e+01, 3.952765e-02
3.813800e+09, 1.188071e-01, 9.543137e-01, 1.557210e-01, 1.135343e+00, 4.816634e-10, 4.816431e-10, 6.329251e+01, 3.736239e-02
3.817600e+09, 1.204029e-01, 9.540964e-01, 1.442208e-01, 1.123844e+00, 4.830800e-10, 4.814465e-10, 6.352242e+01, 3.510361e-02
3.821400e+09, 1.219839e-01, 9.538769e-01, 1.326867e-01, 1.112348e+00, 4.844562e-10, 4.812478e-10, 6.375007e+01, 3.275218e-02
3.825200e+09, 1.235498e-01, 9.536553e-01, 1.211198e-01, 1.100858e+00, 4.857951e-10, 4.810468e-10, 6.397530e+01, 3.030903e-02
3.829000e+09, 1.251006e-01, 9.534317e-01, 1.095209e-01, 1.089373e+00, 4.870996e-10, 4.808438e-10, 6.419794e+01, 2.777516e-02
3.832800e+09, 1.266361e-01, 9.532061e-01, 9.789085e-02, 1.077892e+00, 4.883723e-10, 4.806387e-10, 6.441781e+01, 2.515157e-02
3.836600e+09, 1.281561e-01, 9.529788e-01, 8.623042e-02, 1.066416e+00, 4.896157e-10, 4.804317e-10, 6.463475e+01, 2.243937e-02
3.840400e+09, 1.296607e-01, 9.527497e-01, 7.454030e-02, 1.054945e+00, 4.908322e-10, 4.802228e-10, 6.484858e+01, 1.963969e-02
3.844200e+09, 1.311495e-01, 9.525190e-01, 6.282114e-02, 1.043479e+00, 4.920238e-10, 4.800120e-10, 6.505914e+01, 1.675371e-02
3.848000e+09, 1.326225e-01, 9.522868e-01, 5.107353e-02, 1.032019e+00, 4.931925e-10, 4.797995e-10, 6.526625e+01, 1.378267e-02
3.851800e+09, 1.340795e-01, 9.520531e-01, 3.929802e-02, 1.020563e+00, 4.943404e-10, 4.795853e-10, 6.546974e+01, 1.072786e-02
3.855600e+09, 1.355205e-01, 9.518180e-01, 2.749509e-02, 1.009112e+00, 4.954691e-10, 4.793695e-10, 6.566943e+01, 7.590624e-03
3.859400e+09, 1.369453e-01, 9.515818e-01, 1.566522e-02, 9.976668e-01, 4.965802e-10, 4.791521e-10, 6.586517e+01, 4.372353e-03
3.863200e+09, 1.383537e-01, 9.513443e-01, 3.808820e-03, 9.862265e-01, 4.976755e-10, 4.789333e-10, 6.605676e+01, 1.074494e-03
3.867000e+09, 1.397457e-01, 9.511058e-01, -8.073731e-03, 9.747915e-01, 4.987562e-10, 4.787131e-10, 6.624406e+01, -2.301455e-03
3.870800e+09, 1.411212e-01, 9.508664e-01, -1.998209e-02, 9.633617e-01, 4.998239e-10, 4.784916e-10, 6.642688e+01, -5.753944e-03
3.874600e+09, 1.424799e-01, 9.506261e-01, -3.191593e-02, 9.519371e-01, 5.008797e-10, 4.782688e-10, 6.660507e+01, -9.281371e-03
3.878400e+09, 1.438219e-01, 9.503851e-01, -4.387499e-02, 9.405179e-01, 5.019250e-10, 4.780448e-10, 6.677845e+01, -1.288208e-02
3.882200e+09, 1.451469e-01, 9.501434e-01, -5.585900e-02, 9.291041e-01, 5.029609e-10, 4.778197e-10, 6.694687e+01, -1.655438e-02
3.886000e+09, 1.464550e-01, 9.499011e-01, -6.786775e-02, 9.176956e-01, 5.039885e-10, 4.775937e-10, 6.711016e+01, -2.029650e-02
3.889800e+09, 1.477459e-01, 9.496584e-01, -7.990103e-02, 9.062926e-01, 5.050089e-10, 4.773667e-10, 6.726816e+01, -2.410664e-02
3.893600e+09, 1.490196e-01, 9.494154e-01, -9.195868e-02, 8.948949e-01, 5.060230e-10, 4.771388e-10, 6.742072e+01, -2.798294e-02
3.897400e+09, 1.502759e-01, 9.491721e-01, -1.040405e-01, 8.835027e-01, 5.070318e-10, 4.769101e-10, 6.756768e+01, -3.192351e-02
3.901200e+09, 1.515148e-01, 9.489287e-01, -1.161465e-01, 8.721159e-01, 5.080362e-10, 4.766808e-10, 6.770890e+01, -3.592639e-02
3.905000e+09, 1.527362e-01, 9.486853e-01, -1.282764e-01, 8.607346e-01, 5.090371e-10, 4.764509e-10, 6.784423e+01, -3.998959e-02
3.908800e+09, 1.539400e-01, 9.484420e-01, -1.404302e-01, 8.493589e-01, 5.100352e-10, 4.762204e-10, 6.797352e+01, -4.411105e-02
3.912600e+09, 1.551260e-01, 9.481988e-01, -1.526079e-01, 8.379886e-01, 5.110315e-10, 4.759894e-10, 6.809663e+01, -4.828868e-02
3.916400e+09, 1.562941e-01, 9.479560e-01, -1.648093e-01, 8.266238e-01, 5.120265e-10, 4.757581e-10, 6.821344e+01, -5.252035e-02
3.920200e+09, 1.574444e-01, 9.477135e-01, -1.770345e-01, 8.152645e-01, 5.130211e-10, 4.755266e-10, 6.832381e+01, -5.680389e-02
3.924000e+09, 1.585766e-01, 9.474716e-01, -1.892835e-01, 8.039108e-01, 5.140159e-10, 4.752948e-10, 6.842762e+01, -6.113706e-02
3.927800e+09, 1.596908e-01, 9.472303e-01, -2.015562e-01, 7.925626e-01, 5.150116e-10, 4.750630e-10, 6.852474e+01, -6.551761e-02
3.931600e+09, 1.607868e-01, 9.469897e-01, -2.138526e-01, 7.812200e-01, 5.160089e-10, 4.748311e-10, 6.861506e+01, -6.994324e-02
3.935400e+09, 1.618645e-01, 9.467500e-01, -2.261729e-01, 7.698829e-01, 5.170083e-10, 4.745993e-10, 6.869848e+01, -7.441162e-02
3.939200e+09, 1.629238e-01, 9.465112e-01, -2.385171e-01, 7.585513e-01, 5.180104e-10, 4.743676e-10, 6.877488e+01, -7.892036e-02
3.943000e+09, 1.639647e-01, 9.462734e-01, -2.508851e-01, 7.472252e-01, 5.190159e-10, 4.741363e-10, 6.884416e+01, -8.346705e-02
3.946800e+09, 1.649871e-01, 9.460369e-01, -2.632772e-01, 7.359047e-01, 5.200252e-10, 4.739052e-10, 6.890624e+01, -8.804927e-02
3.950600e+09, 1.659909e-01, 9.458016e-01, -2.756934e-01, 7.245897e-01, 5.210390e-10, 4.736746e-10, 6.896103e+01, -9.266454e-02
3.954400e+09, 1.669761e-01, 9.455677e-01, -2.881338e-01, 7.132802e-01, 5.220577e-10, 4.734446e-10, 6.900846e+01, -9.731036e-02
3.958200e+09, 1.679425e-01, 9.453354e-01, -3.005985e-01, 7.019762e-01, 5.230818e-10, 4.732152e-10, 6.904844e+01, -1.019842e-01
3.962000e+09, 1.688901e-01, 9.451046e-01, -3.130876e-01, 6.906776e-01, 5.241119e-10, 4.729865e-10, 6.908090e+01, -1.066835e-01
3.965800e+09, 1.698188e-01, 9.448756e-01, -3.256014e-01, 6.793846e-01, 5.251484e-10, 4.727586e-10, 6.910581e+01, -1.114057e-01
3.969600e+09, 1.707286e-01, 9.446484e-01, -3.381399e-01, 6.680969e-01, 5.261918e-10, 4.725316e-10, 6.912309e+01, -1.161482e-01
3.973400e+09, 1.716193e-01, 9.444232e-01, -3.507033e-01, 6.568147e-01, 5.272426e-10, 4.723057e-10, 6.913271e+01, -1.209085e-01
3.977200e+09, 1.724910e-01, 9.442000e-01, -3.632918e-01, 6.455379e-01, 5.283011e-10, 4.720809e-10, 6.913462e+01, -1.256838e-01
3.981000e+09, 1.733436e-01, 9.439790e-01, -3.759056e-01, 6.342664e-01, 5.293679e-10, 4.718573e-10, 6.912880e+01, -1.304715e-01
3.984800e+09, 1.741770e-01, 9.437603e-01, -3.885448e-01, 6.230003e-01, 5.304434e-10, 4.716350e-10, 6.911523e+01, -1.352690e-01
3.988600e+09, 1.749911e-01, 9.435441e-01, -4.012097e-01, 6.117395e-01, 5.315280e-10, 4.714141e-10, 6.909388e+01, -1.400736e-01
3.992400e+09, 1.757859e-01, 9.433303e-01, -4.139005e-01, 6.004840e-01, 5.326221e-10, 4.711948e-10, 6.906475e+01, -1.448826e-01
3.996200e+09, 1.765614e-01, 9.431192e-01, -4.266175e-01, 5.892337e-01, 5.337261e-10, 4.709771e-10, 6.902785e+01, -1.496935e-01
4.000000e+09, 1.773174e-01, 9.429108e-01, -4.393608e-01, 5.779886e-01, 5.337261e-10, 4.709771e-10, 6.898317e+01, -1.545034e-01
