Frequency [Hz], |S00| [-], |S10| [-], Arg(S00) [-], Arg(S10) [-], Delay 0>0 [s], Delay 0>1 [s], |Z0| [Ohm] , Arg(Z0) [-]
2.000000e+08, 4.491576e-02, 9.617659e-01, 2.259384e+00, -5.079720e-01, 6.056087e-10, 4.080476e-10, 3.778263e+01, 6.939153e-02
2.038000e+08, 4.476783e-02, 9.616489e-01, 2.244924e+00, -5.177146e-01, 6.114577e-10, 4.077989e-10, 3.782778e+01, 6.997593e-02
2.076000e+08, 4.461901e-02, 9.615318e-01, 2.230325e+00, -5.274513e-01, 6.172244e-10, 4.075575e-10, 3.787358e+01, 7.054655e-02
2.114000e+08, 4.446933e-02, 9.614147e-01, 2.215588e+00, -5.371821e-01, 6.229187e-10, 4.073231e-10, 3.792002e+01, 7.110279e-02
2.152000e+08, 4.431884e-02, 9.612976e-01, 2.200715e+00, -5.469074e-01, 6.285495e-10, 4.070953e-10, 3.796710e+01, 7.164405e-02
2.190000e+08, 4.416757e-02, 9.611807e-01, 2.185708e+00, -5.566273e-01, 6.341252e-10, 4.068739e-10, 3.801479e+01, 7.216979e-02
2.228000e+08, 4.401559e-02, 9.610639e-01, 2.170567e+00, -5.663418e-01, 6.396530e-10, 4.066585e-10, 3.806310e+01, 7.267947e-02
2.266000e+08, 4.386295e-02, 9.609474e-01, 2.155295e+00, -5.760513e-01, 6.451399e-10, 4.064490e-10, 3.811200e+01, 7.317258e-02
2.304000e+08, 4.370970e-02, 9.608312e-01, 2.139891e+00, -5.857557e-01, 6.505919e-10, 4.062451e-10, 3.816149e+01, 7.364865e-02
2.342000e+08, 4.355590e-02, 9.607154e-01, 2.124358e+00, -5.954552e-01, 6.560146e-10, 4.060467e-10, 3.821155e+01, 7.410720e-02
2.380000e+08, 4.340162e-02, 9.606002e-01, 2.108695e+00, -6.051500e-01, 6.614130e-10, 4.058535e-10, 3.826217e+01, 7.454780e-02
2.418000e+08, 4.324693e-02, 9.604854e-01, 2.092903e+00, -6.148402e-01, 6.667917e-10, 4.056655e-10, 3.831334e+01, 7.497003e-02
2.456000e+08, 4.309188e-02, 9.603713e-01, 2.076982e+00, -6.245260e-01, 6.721548e-10, 4.054824e-10, 3.836505e+01, 7.537348e-02
2.494000e+08, 4.293656e-02, 9.602579e-01, 2.060934e+00, -6.342073e-01, 6.775059e-10, 4.053041e-10, 3.841728e+01, 7.575777e-02
2.532000e+08, 4.278103e-02, 9.601453e-01, 2.044758e+00, -6.438844e-01, 6.828483e-10, 4.051306e-10, 3.847002e+01, 7.612252e-02
2.570000e+08, 4.262536e-02, 9.600334e-01, 2.028454e+00, -6.535573e-01, 6.881848e-10, 4.049617e-10, 3.852326e+01, 7.646738e-02
2.608000e+08, 4.246965e-02, 9.599225e-01, 2.012023e+00, -6.632262e-01, 6.935181e-10, 4.047972e-10, 3.857698e+01, 7.679202e-02
2.646000e+08, 4.231396e-02, 9.598124e-01, 1.995464e+00, -6.728912e-01, 6.988501e-10, 4.046372e-10, 3.863117e+01, 7.709610e-02
2.684000e+08, 4.215838e-02, 9.597034e-01, 1.978779e+00, -6.825524e-01, 7.041829e-10, 4.044816e-10, 3.868582e+01, 7.737931e-02
2.722000e+08, 4.200299e-02, 9.595954e-01, 1.961965e+00, -6.922098e-01, 7.095179e-10, 4.043302e-10, 3.874091e+01, 7.764137e-02
2.760000e+08, 4.184788e-02, 9.594885e-01, 1.945025e+00, -7.018636e-01, 7.148563e-10, 4.041830e-10, 3.879642e+01, 7.788199e-02
2.798000e+08, 4.169313e-02, 9.593828e-01, 1.927957e+00, -7.115140e-01, 7.201991e-10, 4.040399e-10, 3.885236e+01, 7.810088e-02
2.836000e+08, 4.153883e-02, 9.592783e-01, 1.910761e+00, -7.211609e-01, 7.255470e-10, 4.039009e-10, 3.890869e+01, 7.829781e-02
2.874000e+08, 4.138508e-02, 9.591750e-01, 1.893438e+00, -7.308044e-01, 7.309003e-10, 4.037658e-10, 3.896540e+01, 7.847251e-02
2.912000e+08, 4.123196e-02, 9.590730e-01, 1.875987e+00, -7.404448e-01, 7.362591e-10, 4.036348e-10, 3.902249e+01, 7.862475e-02
2.950000e+08, 4.107956e-02, 9.589724e-01, 1.858408e+00, -7.500820e-01, 7.416233e-10, 4.035076e-10, 3.907993e+01, 7.875432e-02
2.988000e+08, 4.092799e-02, 9.588731e-01, 1.840701e+00, -7.597162e-01, 7.469925e-10, 4.033843e-10, 3.913771e+01, 7.886099e-02
3.026000e+08, 4.077734e-02, 9.587753e-01, 1.822866e+00, -7.693475e-01, 7.523659e-10, 4.032647e-10, 3.919582e+01, 7.894456e-02
3.064000e+08, 4.062771e-02, 9.586789e-01, 1.804902e+00, -7.789758e-01, 7.577428e-10, 4.031489e-10, 3.925423e+01, 7.900484e-02
3.102000e+08, 4.047920e-02, 9.585840e-01, 1.786810e+00, -7.886015e-01, 7.631218e-10, 4.030369e-10, 3.931294e+01, 7.904165e-02
3.140000e+08, 4.033190e-02, 9.584906e-01, 1.768590e+00, -7.982244e-01, 7.685016e-10, 4.029284e-10, 3.937192e+01, 7.905483e-02
3.178000e+08, 4.018592e-02, 9.583988e-01, 1.750241e+00, -8.078448e-01, 7.738805e-10, 4.028236e-10, 3.943117e+01, 7.904419e-02
3.216000e+08, 4.004137e-02, 9.583086e-01, 1.731764e+00, -8.174626e-01, 7.792566e-10, 4.027224e-10, 3.949066e+01, 7.900961e-02
3.254000e+08, 3.989834e-02, 9.582200e-01, 1.713158e+00, -8.270781e-01, 7.846277e-10, 4.026247e-10, 3.955038e+01, 7.895093e-02
3.292000e+08, 3.975695e-02, 9.581330e-01, 1.694424e+00, -8.366912e-01, 7.899914e-10, 4.025305e-10, 3.961031e+01, 7.886802e-02
3.330000e+08, 3.961729e-02, 9.580477e-01, 1.675562e+00, -8.463021e-01, 7.953452e-10, 4.024398e-10, 3.967044e+01, 7.876076e-02
3.368000e+08, 3.947948e-02, 9.579641e-01, 1.656573e+00, -8.559107e-01, 8.006861e-10, 4.023524e-10, 3.973075e+01, 7.862903e-02
3.406000e+08, 3.934363e-02, 9.578822e-01, 1.637455e+00, -8.655174e-01, 8.060110e-10, 4.022684e-10, 3.979122e+01, 7.847274e-02
3.444000e+08, 3.920983e-02, 9.578020e-01, 1.618211e+00, -8.751220e-01, 8.113167e-10, 4.021878e-10, 3.985183e+01, 7.829179e-02
3.482000e+08, 3.907821e-02, 9.577236e-01, 1.598840e+00, -8.847246e-01, 8.165995e-10, 4.021104e-10, 3.991257e+01, 7.808608e-02
3.520000e+08, 3.894887e-02, 9.576469e-01, 1.579343e+00, -8.943255e-01, 8.218558e-10, 4.020362e-10, 3.997342e+01, 7.785555e-02
3.558000e+08, 3.882192e-02, 9.575720e-01, 1.559720e+00, -9.039245e-01, 8.270814e-10, 4.019653e-10, 4.003436e+01, 7.760013e-02
3.596000e+08, 3.869748e-02, 9.574989e-01, 1.539972e+00, -9.135219e-01, 8.322722e-10, 4.018975e-10, 4.009538e+01, 7.731975e-02
3.634000e+08, 3.857564e-02, 9.574276e-01, 1.520101e+00, -9.231176e-01, 8.374238e-10, 4.018328e-10, 4.015645e+01, 7.701437e-02
3.672000e+08, 3.845654e-02, 9.573581e-01, 1.500107e+00, -9.327118e-01, 8.425316e-10, 4.017712e-10, 4.021757e+01, 7.668395e-02
3.710000e+08, 3.834026e-02, 9.572904e-01, 1.479990e+00, -9.423046e-01, 8.475908e-10, 4.017127e-10, 4.027870e+01, 7.632844e-02
3.748000e+08, 3.822694e-02, 9.572246e-01, 1.459753e+00, -9.518959e-01, 8.525964e-10, 4.016571e-10, 4.033984e+01, 7.594784e-02
3.786000e+08, 3.811668e-02, 9.571605e-01, 1.439396e+00, -9.614859e-01, 8.575433e-10, 4.016044e-10, 4.040096e+01, 7.554212e-02
3.824000e+08, 3.800958e-02, 9.570983e-01, 1.418922e+00, -9.710747e-01, 8.624261e-10, 4.015546e-10, 4.046205e+01, 7.511127e-02
3.862000e+08, 3.790576e-02, 9.570379e-01, 1.398330e+00, -9.806622e-01, 8.672394e-10, 4.015077e-10, 4.052308e+01, 7.465529e-02
3.900000e+08, 3.780534e-02, 9.569793e-01, 1.377624e+00, -9.902487e-01, 8.719776e-10, 4.014635e-10, 4.058404e+01, 7.417420e-02
3.938000e+08, 3.770841e-02, 9.569225e-01, 1.356805e+00, -9.998340e-01, 8.766351e-10, 4.014221e-10, 4.064492e+01, 7.366802e-02
3.976000e+08, 3.761508e-02, 9.568676e-01, 1.335874e+00, -1.009418e+00, 8.812059e-10, 4.013834e-10, 4.070568e+01, 7.313676e-02
4.014000e+08, 3.752548e-02, 9.568144e-01, 1.314834e+00, -1.019002e+00, 8.856843e-10, 4.013474e-10, 4.076632e+01, 7.258047e-02
4.052000e+08, 3.743969e-02, 9.567631e-01, 1.293687e+00, -1.028585e+00, 8.900641e-10, 4.013140e-10, 4.082680e+01, 7.199918e-02
4.090000e+08, 3.735782e-02, 9.567136e-01, 1.272436e+00, -1.038166e+00, 8.943395e-10, 4.012831e-10, 4.088713e+01, 7.139296e-02
4.128000e+08, 3.727999e-02, 9.566658e-01, 1.251083e+00, -1.047747e+00, 8.985044e-10, 4.012547e-10, 4.094726e+01, 7.076185e-02
4.166000e+08, 3.720628e-02, 9.566199e-01, 1.229630e+00, -1.057328e+00, 9.025526e-10, 4.012288e-10, 4.100720e+01, 7.010592e-02
4.204000e+08, 3.713680e-02, 9.565757e-01, 1.208081e+00, -1.066908e+00, 9.064782e-10, 4.012053e-10, 4.106691e+01, 6.942527e-02
4.242000e+08, 3.707165e-02, 9.565333e-01, 1.186437e+00, -1.076487e+00, 9.102752e-10, 4.011842e-10, 4.112637e+01, 6.871995e-02
4.280000e+08, 3.701093e-02, 9.564926e-01, 1.164704e+00, -1.086066e+00, 9.139376e-10, 4.011653e-10, 4.118558e+01, 6.799008e-02
4.318000e+08, 3.695472e-02, 9.564536e-01, 1.142882e+00, -1.095644e+00, 9.174595e-10, 4.011488e-10, 4.124450e+01, 6.723574e-02
4.356000e+08, 3.690313e-02, 9.564164e-01, 1.120977e+00, -1.105222e+00, 9.208352e-10, 4.011344e-10, 4.130312e+01, 6.645705e-02
4.394000e+08, 3.685623e-02, 9.563808e-01, 1.098991e+00, -1.114799e+00, 9.240591e-10, 4.011222e-10, 4.136142e+01, 6.565413e-02
4.432000e+08, 3.681412e-02, 9.563470e-01, 1.076928e+00, -1.124376e+00, 9.271256e-10, 4.011121e-10, 4.141937e+01, 6.482710e-02
4.470000e+08, 3.677687e-02, 9.563148e-01, 1.054792e+00, -1.133953e+00, 9.300296e-10, 4.011041e-10, 4.147697e+01, 6.397609e-02
4.508000e+08, 3.674457e-02, 9.562842e-01, 1.032586e+00, -1.143530e+00, 9.327658e-10, 4.010980e-10, 4.153419e+01, 6.310124e-02
4.546000e+08, 3.671730e-02, 9.562553e-01, 1.010316e+00, -1.153107e+00, 9.353295e-10, 4.010939e-10, 4.159101e+01, 6.220270e-02
4.584000e+08, 3.669513e-02, 9.562279e-01, 9.879836e-01, -1.162683e+00, 9.377160e-10, 4.010918e-10, 4.164741e+01, 6.128063e-02
4.622000e+08, 3.667813e-02, 9.562022e-01, 9.655946e-01, -1.172260e+00, 9.399211e-10, 4.010914e-10, 4.170337e+01, 6.033520e-02
4.660000e+08, 3.666636e-02, 9.561780e-01, 9.431530e-01, -1.181836e+00, 9.419407e-10, 4.010929e-10, 4.175888e+01, 5.936657e-02
4.698000e+08, 3.665989e-02, 9.561554e-01, 9.206631e-01, -1.191413e+00, 9.437711e-10, 4.010961e-10, 4.181390e+01, 5.837493e-02
4.736000e+08, 3.665879e-02, 9.561342e-01, 8.981295e-01, -1.200990e+00, 9.454090e-10, 4.011011e-10, 4.186843e+01, 5.736046e-02
4.774000e+08, 3.666310e-02, 9.561146e-01, 8.755568e-01, -1.210566e+00, 9.468512e-10, 4.011077e-10, 4.192244e+01, 5.632336e-02
4.812000e+08, 3.667287e-02, 9.560964e-01, 8.529497e-01, -1.220143e+00, 9.480953e-10, 4.011158e-10, 4.197592e+01, 5.526383e-02
4.850000e+08, 3.668816e-02, 9.560797e-01, 8.303129e-01, -1.229720e+00, 9.491389e-10, 4.011256e-10, 4.202885e+01, 5.418209e-02
4.888000e+08, 3.670900e-02, 9.560644e-01, 8.076511e-01, -1.239298e+00, 9.499803e-10, 4.011368e-10, 4.208120e+01, 5.307836e-02
4.926000e+08, 3.673544e-02, 9.560505e-01, 7.849693e-01, -1.248875e+00, 9.506179e-10, 4.011494e-10, 4.213295e+01, 5.195285e-02
4.964000e+08, 3.676750e-02, 9.560379e-01, 7.622723e-01, -1.258453e+00, 9.510507e-10, 4.011635e-10, 4.218410e+01, 5.080581e-02
5.002000e+08, 3.680523e-02, 9.560267e-01, 7.395649e-01, -1.268031e+00, 9.512783e-10, 4.011789e-10, 4.223461e+01, 4.963747e-02
5.040000e+08, 3.684864e-02, 9.560168e-01, 7.168520e-01, -1.277610e+00, 9.513003e-10, 4.011957e-10, 4.228447e+01, 4.844810e-02
5.078000e+08, 3.689776e-02, 9.560082e-01, 6.941387e-01, -1.287189e+00, 9.511171e-10, 4.012137e-10, 4.233366e+01, 4.723793e-02
5.116000e+08, 3.695259e-02, 9.560008e-01, 6.714297e-01, -1.296768e+00, 9.507294e-10, 4.012328e-10, 4.238217e+01, 4.600724e-02
5.154000e+08, 3.701316e-02, 9.559946e-01, 6.487300e-01, -1.306348e+00, 9.501383e-10, 4.012532e-10, 4.242997e+01, 4.475629e-02
5.192000e+08, 3.707947e-02, 9.559897e-01, 6.260444e-01, -1.315929e+00, 9.493454e-10, 4.012746e-10, 4.247705e+01, 4.348538e-02
5.230000e+08, 3.715152e-02, 9.559859e-01, 6.033777e-01, -1.325509e+00, 9.483526e-10, 4.012972e-10, 4.252339e+01, 4.219477e-02
5.268000e+08, 3.722931e-02, 9.559833e-01, 5.807348e-01, -1.335091e+00, 9.471623e-10, 4.013207e-10, 4.256896e+01, 4.088477e-02
5.306000e+08, 3.731284e-02, 9.559817e-01, 5.581202e-01, -1.344673e+00, 9.457772e-10, 4.013452e-10, 4.261376e+01, 3.955567e-02
5.344000e+08, 3.740209e-02, 9.559813e-01, 5.355388e-01, -1.354255e+00, 9.442005e-10, 4.013707e-10, 4.265776e+01, 3.820778e-02
5.382000e+08, 3.749704e-02, 9.559819e-01, 5.129949e-01, -1.363839e+00, 9.424356e-10, 4.013970e-10, 4.270096e+01, 3.684141e-02
5.420000e+08, 3.759769e-02, 9.559835e-01, 4.904932e-01, -1.373422e+00, 9.404865e-10, 4.014241e-10, 4.274332e+01, 3.545689e-02
5.458000e+08, 3.770400e-02, 9.559861e-01, 4.680381e-01, -1.383007e+00, 9.383573e-10, 4.014521e-10, 4.278483e+01, 3.405454e-02
5.496000e+08, 3.781594e-02, 9.559897e-01, 4.456338e-01, -1.392592e+00, 9.360525e-10, 4.014808e-10, 4.282548e+01, 3.263469e-02
5.534000e+08, 3.793348e-02, 9.559942e-01, 4.232845e-01, -1.402178e+00, 9.335768e-10, 4.015102e-10, 4.286525e+01, 3.119769e-02
5.572000e+08, 3.805659e-02, 9.559996e-01, 4.009943e-01, -1.411764e+00, 9.309352e-10, 4.015403e-10, 4.290413e+01, 2.974388e-02
5.610000e+08, 3.818523e-02, 9.560059e-01, 3.787672e-01, -1.421351e+00, 9.281331e-10, 4.015710e-10, 4.294209e+01, 2.827361e-02
5.648000e+08, 3.831934e-02, 9.560131e-01, 3.566070e-01, -1.430939e+00, 9.251759e-10, 4.016023e-10, 4.297913e+01, 2.678725e-02
5.686000e+08, 3.845889e-02, 9.560210e-01, 3.345174e-01, -1.440528e+00, 9.220692e-10, 4.016341e-10, 4.301522e+01, 2.528515e-02
5.724000e+08, 3.860382e-02, 9.560298e-01, 3.125020e-01, -1.450118e+00, 9.188189e-10, 4.016665e-10, 4.305035e+01, 2.376770e-02
5.762000e+08, 3.875407e-02, 9.560393e-01, 2.905642e-01, -1.459708e+00, 9.154310e-10, 4.016993e-10, 4.308451e+01, 2.223526e-02
5.800000e+08, 3.890959e-02, 9.560495e-01, 2.687072e-01, -1.469299e+00, 9.119116e-10, 4.017325e-10, 4.311769e+01, 2.068822e-02
5.838000e+08, 3.907032e-02, 9.560604e-01, 2.469343e-01, -1.478891e+00, 9.082669e-10, 4.017662e-10, 4.314986e+01, 1.912698e-02
5.876000e+08, 3.923618e-02, 9.560720e-01, 2.252485e-01, -1.488483e+00, 9.045031e-10, 4.018001e-10, 4.318102e+01, 1.755191e-02
5.914000e+08, 3.940712e-02, 9.560843e-01, 2.036525e-01, -1.498077e+00, 9.006266e-10, 4.018345e-10, 4.321114e+01, 1.596343e-02
5.952000e+08, 3.958306e-02, 9.560971e-01, 1.821490e-01, -1.507671e+00, 8.966436e-10, 4.018690e-10, 4.324023e+01, 1.436194e-02
5.990000e+08, 3.976393e-02, 9.561105e-01, 1.607406e-01, -1.517266e+00, 8.925606e-10, 4.019039e-10, 4.326826e+01, 1.274785e-02
6.028000e+08, 3.994965e-02, 9.561245e-01, 1.394298e-01, -1.526862e+00, 8.883839e-10, 4.019389e-10, 4.329522e+01, 1.112157e-02
6.066000e+08, 4.014014e-02, 9.561390e-01, 1.182186e-01, -1.536459e+00, 8.841197e-10, 4.019742e-10, 4.332110e+01, 9.483530e-03
6.104000e+08, 4.033532e-02, 9.561540e-01, 9.710929e-02, -1.546056e+00, 8.797744e-10, 4.020095e-10, 4.334589e+01, 7.834149e-03
6.142000e+08, 4.053512e-02, 9.561695e-01, 7.610371e-02, -1.555655e+00, 8.753541e-10, 4.020450e-10, 4.336958e+01, 6.173858e-03
6.180000e+08, 4.073944e-02, 9.561854e-01, 5.520366e-02, -1.565254e+00, 8.708649e-10, 4.020806e-10, 4.339216e+01, 4.503092e-03
6.218000e+08, 4.094820e-02, 9.562018e-01, 3.441080e-02, -1.574854e+00, 8.663128e-10, 4.021163e-10, 4.341361e+01, 2.822289e-03
6.256000e+08, 4.116131e-02, 9.562185e-01, 1.372662e-02, -1.584455e+00, 8.617037e-10, 4.021519e-10, 4.343392e+01, 1.131893e-03
6.294000e+08, 4.137868e-02, 9.562356e-01, -6.847503e-03, -1.594057e+00, 8.570433e-10, 4.021876e-10, 4.345310e+01, -5.676487e-04
6.332000e+08, 4.160022e-02, 9.562530e-01, -2.731036e-02, -1.603659e+00, 8.523373e-10, 4.022232e-10, 4.347112e+01, -2.275886e-03
6.370000e+08, 4.182584e-02, 9.562707e-01, -4.766085e-02, -1.613263e+00, 8.475911e-10, 4.022587e-10, 4.348798e+01, -3.992364e-03
6.408000e+08, 4.205544e-02, 9.562888e-01, -6.789803e-02, -1.622867e+00, 8.428101e-10, 4.022942e-10, 4.350366e+01, -5.716624e-03
6.446000e+08, 4.228892e-02, 9.563070e-01, -8.802105e-02, -1.632473e+00, 8.379994e-10, 4.023296e-10, 4.351817e+01, -7.448204e-03
6.484000e+08, 4.252620e-02, 9.563256e-01, -1.080292e-01, -1.642079e+00, 8.331641e-10, 4.023648e-10, 4.353150e+01, -9.186639e-03
6.522000e+08, 4.276718e-02, 9.563443e-01, -1.279219e-01, -1.651685e+00, 8.283089e-10, 4.023998e-10, 4.354363e+01, -1.093146e-02
6.560000e+08, 4.301175e-02, 9.563632e-01, -1.476987e-01, -1.661293e+00, 8.234385e-10, 4.024347e-10, 4.355456e+01, -1.268220e-02
6.598000e+08, 4.325983e-02, 9.563823e-01, -1.673592e-01, -1.670902e+00, 8.185574e-10, 4.024694e-10, 4.356428e+01, -1.443838e-02
6.636000e+08, 4.351130e-02, 9.564015e-01, -1.869032e-01, -1.680511e+00, 8.136698e-10, 4.025038e-10, 4.357280e+01, -1.619953e-02
6.674000e+08, 4.376608e-02, 9.564209e-01, -2.063304e-01, -1.690121e+00, 8.087799e-10, 4.025379e-10, 4.358010e+01, -1.796516e-02
6.712000e+08, 4.402406e-02, 9.564403e-01, -2.256410e-01, -1.699732e+00, 8.038916e-10, 4.025718e-10, 4.358617e+01, -1.973480e-02
6.750000e+08, 4.428515e-02, 9.564598e-01, -2.448348e-01, -1.709344e+00, 7.990086e-10, 4.026054e-10, 4.359103e+01, -2.150796e-02
6.788000e+08, 4.454924e-02, 9.564794e-01, -2.639120e-01, -1.718957e+00, 7.941344e-10, 4.026386e-10, 4.359465e+01, -2.328415e-02
6.826000e+08, 4.481623e-02, 9.564990e-01, -2.828728e-01, -1.728570e+00, 7.892725e-10, 4.026715e-10, 4.359705e+01, -2.506290e-02
6.864000e+08, 4.508603e-02, 9.565186e-01, -3.017176e-01, -1.738185e+00, 7.844261e-10, 4.027041e-10, 4.359820e+01, -2.684371e-02
6.902000e+08, 4.535853e-02, 9.565382e-01, -3.204466e-01, -1.747800e+00, 7.795981e-10, 4.027363e-10, 4.359813e+01, -2.862609e-02
6.940000e+08, 4.563363e-02, 9.565578e-01, -3.390604e-01, -1.757415e+00, 7.747915e-10, 4.027681e-10, 4.359681e+01, -3.040956e-02
6.978000e+08, 4.591124e-02, 9.565773e-01, -3.575594e-01, -1.767032e+00, 7.700088e-10, 4.027994e-10, 4.359425e+01, -3.219361e-02
7.016000e+08, 4.619125e-02, 9.565967e-01, -3.759442e-01, -1.776649e+00, 7.652526e-10, 4.028304e-10, 4.359046e+01, -3.397776e-02
7.054000e+08, 4.647357e-02, 9.566161e-01, -3.942154e-01, -1.786267e+00, 7.605253e-10, 4.028609e-10, 4.358542e+01, -3.576152e-02
7.092000e+08, 4.675810e-02, 9.566354e-01, -4.123738e-01, -1.795886e+00, 7.558290e-10, 4.028909e-10, 4.357914e+01, -3.754439e-02
7.130000e+08, 4.704474e-02, 9.566545e-01, -4.304201e-01, -1.805505e+00, 7.511658e-10, 4.029205e-10, 4.357163e+01, -3.932587e-02
7.168000e+08, 4.733338e-02, 9.566735e-01, -4.483550e-01, -1.815126e+00, 7.465376e-10, 4.029496e-10, 4.356287e+01, -4.110548e-02
7.206000e+08, 4.762394e-02, 9.566924e-01, -4.661794e-01, -1.824746e+00, 7.419462e-10, 4.029782e-10, 4.355288e+01, -4.288271e-02
7.244000e+08, 4.791632e-02, 9.567110e-01, -4.838942e-01, -1.834368e+00, 7.373931e-10, 4.030062e-10, 4.354166e+01, -4.465709e-02
7.282000e+08, 4.821041e-02, 9.567295e-01, -5.015002e-01, -1.843990e+00, 7.328798e-10, 4.030338e-10, 4.352921e+01, -4.642810e-02
7.320000e+08, 4.850613e-02, 9.567478e-01, -5.189986e-01, -1.853613e+00, 7.284078e-10, 4.030608e-10, 4.351552e+01, -4.819527e-02
7.358000e+08, 4.880338e-02, 9.567658e-01, -5.363901e-01, -1.863237e+00, 7.239781e-10, 4.030873e-10, 4.350062e+01, -4.995809e-02
7.396000e+08, 4.910206e-02, 9.567837e-01, -5.536759e-01, -1.872861e+00, 7.195921e-10, 4.031132e-10, 4.348449e+01, -5.171609e-02
7.434000e+08, 4.940209e-02, 9.568013e-01, -5.708569e-01, -1.882486e+00, 7.152506e-10, 4.031385e-10, 4.346715e+01, -5.346877e-02
7.472000e+08, 4.970335e-02, 9.568186e-01, -5.879343e-01, -1.892111e+00, 7.109546e-10, 4.031633e-10, 4.344861e+01, -5.521564e-02
7.510000e+08, 5.000578e-02, 9.568356e-01, -6.049091e-01, -1.901737e+00, 7.067048e-10, 4.031875e-10, 4.342885e+01, -5.695621e-02
7.548000e+08, 5.030926e-02, 9.568524e-01, -6.217825e-01, -1.911363e+00, 7.025020e-10, 4.032111e-10, 4.340791e+01, -5.869001e-02
7.586000e+08, 5.061371e-02, 9.568689e-01, -6.385555e-01, -1.920991e+00, 6.983468e-10, 4.032341e-10, 4.338577e+01, -6.041656e-02
7.624000e+08, 5.091905e-02, 9.568850e-01, -6.552293e-01, -1.930618e+00, 6.942397e-10, 4.032565e-10, 4.336244e+01, -6.213536e-02
7.662000e+08, 5.122517e-02, 9.569009e-01, -6.718051e-01, -1.940246e+00, 6.901811e-10, 4.032783e-10, 4.333795e+01, -6.384594e-02
7.700000e+08, 5.153200e-02, 9.569164e-01, -6.882839e-01, -1.949875e+00, 6.861715e-10, 4.032995e-10, 4.331228e+01, -6.554784e-02
7.738000e+08, 5.183944e-02, 9.569315e-01, -7.046670e-01, -1.959504e+00, 6.822111e-10, 4.033201e-10, 4.328546e+01, -6.724057e-02
7.776000e+08, 5.214740e-02, 9.569464e-01, -7.209555e-01, -1.969134e+00, 6.783001e-10, 4.033400e-10, 4.325748e+01, -6.892367e-02
7.814000e+08, 5.245581e-02, 9.569608e-01, -7.371507e-01, -1.978764e+00, 6.744387e-10, 4.033593e-10, 4.322837e+01, -7.059666e-02
7.852000e+08, 5.276456e-02, 9.569749e-01, -7.532537e-01, -1.988395e+00, 6.706271e-10, 4.033780e-10, 4.319813e+01, -7.225909e-02
7.890000e+08, 5.307359e-02, 9.569886e-01, -7.692656e-01, -1.998026e+00, 6.668651e-10, 4.033960e-10, 4.316676e+01, -7.391050e-02
7.928000e+08, 5.338280e-02, 9.570020e-01, -7.851878e-01, -2.007658e+00, 6.631530e-10, 4.034134e-10, 4.313429e+01, -7.555043e-02
7.966000e+08, 5.369211e-02, 9.570149e-01, -8.010213e-01, -2.017289e+00, 6.594905e-10, 4.034301e-10, 4.310072e+01, -7.717842e-02
8.004000e+08, 5.400143e-02, 9.570274e-01, -8.167673e-01, -2.026922e+00, 6.558775e-10, 4.034462e-10, 4.306606e+01, -7.879403e-02
8.042000e+08, 5.431070e-02, 9.570396e-01, -8.324271e-01, -2.036555e+00, 6.523140e-10, 4.034617e-10, 4.303033e+01, -8.039681e-02
8.080000e+08, 5.461981e-02, 9.570513e-01, -8.480019e-01, -2.046188e+00, 6.487997e-10, 4.034765e-10, 4.299353e+01, -8.198632e-02
8.118000e+08, 5.492871e-02, 9.570626e-01, -8.634927e-01, -2.055821e+00, 6.453344e-10, 4.034907e-10, 4.295569e+01, -8.356212e-02
8.156000e+08, 5.523729e-02, 9.570735e-01, -8.789007e-01, -2.065455e+00, 6.419179e-10, 4.035042e-10, 4.291681e+01, -8.512379e-02
8.194000e+08, 5.554550e-02, 9.570839e-01, -8.942272e-01, -2.075089e+00, 6.385498e-10, 4.035171e-10, 4.287691e+01, -8.667088e-02
8.232000e+08, 5.585324e-02, 9.570939e-01, -9.094733e-01, -2.084723e+00, 6.352299e-10, 4.035293e-10, 4.283600e+01, -8.820299e-02
8.270000e+08, 5.616044e-02, 9.571035e-01, -9.246401e-01, -2.094358e+00, 6.319577e-10, 4.035409e-10, 4.279409e+01, -8.971968e-02
8.308000e+08, 5.646703e-02, 9.571127e-01, -9.397288e-01, -2.103993e+00, 6.287330e-10, 4.035518e-10, 4.275121e+01, -9.122055e-02
8.346000e+08, 5.677293e-02, 9.571214e-01, -9.547405e-01, -2.113628e+00, 6.255552e-10, 4.035621e-10, 4.270736e+01, -9.270519e-02
8.384000e+08, 5.707806e-02, 9.571296e-01, -9.696763e-01, -2.123264e+00, 6.224241e-10, 4.035718e-10, 4.266256e+01, -9.417320e-02
8.422000e+08, 5.738236e-02, 9.571374e-01, -9.845374e-01, -2.132900e+00, 6.193392e-10, 4.035808e-10, 4.261683e+01, -9.562417e-02
8.460000e+08, 5.768574e-02, 9.571448e-01, -9.993248e-01, -2.142535e+00, 6.162999e-10, 4.035892e-10, 4.257017e+01, -9.705771e-02
8.498000e+08, 5.798813e-02, 9.571517e-01, -1.014040e+00, -2.152172e+00, 6.133060e-10, 4.035970e-10, 4.252262e+01, -9.847344e-02
8.536000e+08, 5.828947e-02, 9.571582e-01, -1.028683e+00, -2.161808e+00, 6.103568e-10, 4.036042e-10, 4.247418e+01, -9.987097e-02
8.574000e+08, 5.858969e-02, 9.571642e-01, -1.043256e+00, -2.171444e+00, 6.074519e-10, 4.036107e-10, 4.242487e+01, -1.012499e-01
8.612000e+08, 5.888870e-02, 9.571697e-01, -1.057760e+00, -2.181081e+00, 6.045908e-10, 4.036166e-10, 4.237471e+01, -1.026100e-01
8.650000e+08, 5.918645e-02, 9.571748e-01, -1.072195e+00, -2.190718e+00, 6.017731e-10, 4.036219e-10, 4.232371e+01, -1.039507e-01
8.688000e+08, 5.948286e-02, 9.571794e-01, -1.086563e+00, -2.200355e+00, 5.989981e-10, 4.036266e-10, 4.227190e+01, -1.052717e-01
8.726000e+08, 5.977787e-02, 9.571836e-01, -1.100865e+00, -2.209992e+00, 5.962653e-10, 4.036307e-10, 4.221928e+01, -1.065728e-01
8.764000e+08, 6.007141e-02, 9.571874e-01, -1.115101e+00, -2.219629e+00, 5.935743e-10, 4.036341e-10, 4.216588e+01, -1.078534e-01
8.802000e+08, 6.036341e-02, 9.571906e-01, -1.129273e+00, -2.229266e+00, 5.909246e-10, 4.036370e-10, 4.211172e+01, -1.091134e-01
8.840000e+08, 6.065381e-02, 9.571935e-01, -1.143382e+00, -2.238903e+00, 5.883155e-10, 4.036394e-10, 4.205681e+01, -1.103524e-01
8.878000e+08, 6.094253e-02, 9.571959e-01, -1.157429e+00, -2.248541e+00, 5.857465e-10, 4.036411e-10, 4.200118e+01, -1.115699e-01
8.916000e+08, 6.122953e-02, 9.571978e-01, -1.171414e+00, -2.258178e+00, 5.832172e-10, 4.036423e-10, 4.194484e+01, -1.127659e-01
8.954000e+08, 6.151473e-02, 9.571993e-01, -1.185339e+00, -2.267816e+00, 5.807269e-10, 4.036429e-10, 4.188780e+01, -1.139398e-01
8.992000e+08, 6.179807e-02, 9.572004e-01, -1.199205e+00, -2.277453e+00, 5.782752e-10, 4.036429e-10, 4.183010e+01, -1.150914e-01
9.030000e+08, 6.207949e-02, 9.572010e-01, -1.213012e+00, -2.287090e+00, 5.758615e-10, 4.036424e-10, 4.177174e+01, -1.162204e-01
9.068000e+08, 6.235892e-02, 9.572012e-01, -1.226761e+00, -2.296728e+00, 5.734852e-10, 4.036414e-10, 4.171276e+01, -1.173265e-01
9.106000e+08, 6.263631e-02, 9.572009e-01, -1.240454e+00, -2.306365e+00, 5.711460e-10, 4.036398e-10, 4.165315e+01, -1.184095e-01
9.144000e+08, 6.291160e-02, 9.572003e-01, -1.254090e+00, -2.316003e+00, 5.688431e-10, 4.036378e-10, 4.159296e+01, -1.194690e-01
9.182000e+08, 6.318472e-02, 9.571992e-01, -1.267672e+00, -2.325640e+00, 5.665761e-10, 4.036351e-10, 4.153219e+01, -1.205048e-01
9.220000e+08, 6.345561e-02, 9.571977e-01, -1.281200e+00, -2.335277e+00, 5.643445e-10, 4.036320e-10, 4.147087e+01, -1.215166e-01
9.258000e+08, 6.372423e-02, 9.571958e-01, -1.294674e+00, -2.344914e+00, 5.621478e-10, 4.036284e-10, 4.140902e+01, -1.225041e-01
9.296000e+08, 6.399050e-02, 9.571935e-01, -1.308096e+00, -2.354551e+00, 5.599854e-10, 4.036243e-10, 4.134665e+01, -1.234672e-01
9.334000e+08, 6.425438e-02, 9.571908e-01, -1.321466e+00, -2.364188e+00, 5.578569e-10, 4.036197e-10, 4.128378e+01, -1.244055e-01
9.372000e+08, 6.451580e-02, 9.571877e-01, -1.334786e+00, -2.373825e+00, 5.557617e-10, 4.036147e-10, 4.122044e+01, -1.253188e-01
9.410000e+08, 6.477472e-02, 9.571842e-01, -1.348055e+00, -2.383462e+00, 5.536993e-10, 4.036092e-10, 4.115665e+01, -1.262070e-01
9.448000e+08, 6.503107e-02, 9.571803e-01, -1.361275e+00, -2.393098e+00, 5.516693e-10, 4.036032e-10, 4.109243e+01, -1.270697e-01
9.486000e+08, 6.528480e-02, 9.571761e-01, -1.374447e+00, -2.402735e+00, 5.496711e-10, 4.035968e-10, 4.102779e+01, -1.279068e-01
9.524000e+08, 6.553586e-02, 9.571714e-01, -1.387571e+00, -2.412371e+00, 5.477043e-10, 4.035900e-10, 4.096276e+01, -1.287180e-01
9.562000e+08, 6.578420e-02, 9.571665e-01, -1.400648e+00, -2.422007e+00, 5.457685e-10, 4.035827e-10, 4.089735e+01, -1.295032e-01
9.600000e+08, 6.602975e-02, 9.571611e-01, -1.413679e+00, -2.431643e+00, 5.438630e-10, 4.035751e-10, 4.083160e+01, -1.302622e-01
9.638000e+08, 6.627248e-02, 9.571555e-01, -1.426664e+00, -2.441279e+00, 5.419876e-10, 4.035670e-10, 4.076551e+01, -1.309948e-01
9.676000e+08, 6.651232e-02, 9.571494e-01, -1.439605e+00, -2.450915e+00, 5.401417e-10, 4.035585e-10, 4.069911e+01, -1.317008e-01
9.714000e+08, 6.674923e-02, 9.571431e-01, -1.452501e+00, -2.460550e+00, 5.383248e-10, 4.035497e-10, 4.063242e+01, -1.323800e-01
9.752000e+08, 6.698315e-02, 9.571364e-01, -1.465354e+00, -2.470185e+00, 5.365366e-10, 4.035405e-10, 4.056546e+01, -1.330323e-01
9.790000e+08, 6.721404e-02, 9.571294e-01, -1.478165e+00, -2.479820e+00, 5.347766e-10, 4.035309e-10, 4.049825e+01, -1.336576e-01
9.828000e+08, 6.744185e-02, 9.571221e-01, -1.490933e+00, -2.489455e+00, 5.330444e-10, 4.035210e-10, 4.043080e+01, -1.342556e-01
9.866000e+08, 6.766653e-02, 9.571145e-01, -1.503660e+00, -2.499090e+00, 5.313396e-10, 4.035108e-10, 4.036315e+01, -1.348263e-01
9.904000e+08, 6.788802e-02, 9.571066e-01, -1.516346e+00, -2.508724e+00, 5.296617e-10, 4.035002e-10, 4.029531e+01, -1.353696e-01
9.942000e+08, 6.810629e-02, 9.570985e-01, -1.528993e+00, -2.518358e+00, 5.280103e-10, 4.034894e-10, 4.022730e+01, -1.358852e-01
9.980000e+08, 6.832129e-02, 9.570900e-01, -1.541600e+00, -2.527992e+00, 5.263851e-10, 4.034782e-10, 4.015913e+01, -1.363731e-01
1.001800e+09, 6.853297e-02, 9.570813e-01, -1.554168e+00, -2.537625e+00, 5.247856e-10, 4.034667e-10, 4.009084e+01, -1.368333e-01
1.005600e+09, 6.874128e-02, 9.570724e-01, -1.566697e+00, -2.547258e+00, 5.232115e-10, 4.034550e-10, 4.002244e+01, -1.372655e-01
1.009400e+09, 6.894618e-02, 9.570632e-01, -1.579190e+00, -2.556891e+00, 5.216623e-10, 4.034430e-10, 3.995395e+01, -1.376697e-01
1.013200e+09, 6.914762e-02, 9.570537e-01, -1.591645e+00, -2.566524e+00, 5.201378e-10, 4.034307e-10, 3.988539e+01, -1.380458e-01
1.017000e+09, 6.934557e-02, 9.570441e-01, -1.604064e+00, -2.576156e+00, 5.186376e-10, 4.034182e-10, 3.981678e+01, -1.383938e-01
1.020800e+09, 6.953997e-02, 9.570342e-01, -1.616447e+00, -2.585788e+00, 5.171612e-10, 4.034055e-10, 3.974814e+01, -1.387136e-01
1.024600e+09, 6.973078e-02, 9.570241e-01, -1.628795e+00, -2.595420e+00, 5.157084e-10, 4.033925e-10, 3.967949e+01, -1.390051e-01
1.028400e+09, 6.991797e-02, 9.570138e-01, -1.641108e+00, -2.605052e+00, 5.142788e-10, 4.033794e-10, 3.961085e+01, -1.392682e-01
1.032200e+09, 7.010148e-02, 9.570033e-01, -1.653387e+00, -2.614683e+00, 5.128721e-10, 4.033660e-10, 3.954223e+01, -1.395030e-01
1.036000e+09, 7.028129e-02, 9.569927e-01, -1.665632e+00, -2.624314e+00, 5.114879e-10, 4.033525e-10, 3.947366e+01, -1.397094e-01
1.039800e+09, 7.045734e-02, 9.569819e-01, -1.677844e+00, -2.633944e+00, 5.101260e-10, 4.033388e-10, 3.940516e+01, -1.398874e-01
1.043600e+09, 7.062959e-02, 9.569709e-01, -1.690024e+00, -2.643574e+00, 5.087859e-10, 4.033249e-10, 3.933675e+01, -1.400369e-01
1.047400e+09, 7.079802e-02, 9.569598e-01, -1.702172e+00, -2.653204e+00, 5.074675e-10, 4.033109e-10, 3.926844e+01, -1.401580e-01
1.051200e+09, 7.096257e-02, 9.569485e-01, -1.714288e+00, -2.662833e+00, 5.061703e-10, 4.032967e-10, 3.920025e+01, -1.402506e-01
1.055000e+09, 7.112321e-02, 9.569371e-01, -1.726374e+00, -2.672463e+00, 5.048942e-10, 4.032824e-10, 3.913220e+01, -1.403147e-01
1.058800e+09, 7.127991e-02, 9.569256e-01, -1.738429e+00, -2.682091e+00, 5.036387e-10, 4.032681e-10, 3.906432e+01, -1.403504e-01
1.062600e+09, 7.143261e-02, 9.569140e-01, -1.750454e+00, -2.691720e+00, 5.024037e-10, 4.032536e-10, 3.899661e+01, -1.403577e-01
1.066400e+09, 7.158129e-02, 9.569023e-01, -1.762449e+00, -2.701348e+00, 5.011889e-10, 4.032390e-10, 3.892910e+01, -1.403366e-01
1.070200e+09, 7.172592e-02, 9.568905e-01, -1.774416e+00, -2.710976e+00, 4.999939e-10, 4.032243e-10, 3.886180e+01, -1.402872e-01
1.074000e+09, 7.186644e-02, 9.568787e-01, -1.786353e+00, -2.720603e+00, 4.988186e-10, 4.032096e-10, 3.879474e+01, -1.402094e-01
1.077800e+09, 7.200284e-02, 9.568667e-01, -1.798263e+00, -2.730230e+00, 4.976627e-10, 4.031948e-10, 3.872792e+01, -1.401034e-01
1.081600e+09, 7.213506e-02, 9.568548e-01, -1.810146e+00, -2.739857e+00, 4.965258e-10, 4.031800e-10, 3.866138e+01, -1.399692e-01
1.085400e+09, 7.226309e-02, 9.568427e-01, -1.822001e+00, -2.749483e+00, 4.954079e-10, 4.031651e-10, 3.859512e+01, -1.398068e-01
1.089200e+09, 7.238688e-02, 9.568307e-01, -1.833829e+00, -2.759109e+00, 4.943086e-10, 4.031503e-10, 3.852917e+01, -1.396165e-01
1.093000e+09, 7.250640e-02, 9.568186e-01, -1.845631e+00, -2.768735e+00, 4.932277e-10, 4.031354e-10, 3.846353e+01, -1.393981e-01
1.096800e+09, 7.262162e-02, 9.568065e-01, -1.857408e+00, -2.778360e+00, 4.921650e-10, 4.031205e-10, 3.839823e+01, -1.391519e-01
1.100600e+09, 7.273251e-02, 9.567944e-01, -1.869159e+00, -2.787985e+00, 4.911202e-10, 4.031056e-10, 3.833329e+01, -1.388779e-01
1.104400e+09, 7.283903e-02, 9.567823e-01, -1.880885e+00, -2.797610e+00, 4.900932e-10, 4.030908e-10, 3.826871e+01, -1.385762e-01
1.108200e+09, 7.294115e-02, 9.567702e-01, -1.892586e+00, -2.807234e+00, 4.890837e-10, 4.030760e-10, 3.820452e+01, -1.382470e-01
1.112000e+09, 7.303884e-02, 9.567582e-01, -1.904264e+00, -2.816858e+00, 4.880916e-10, 4.030612e-10, 3.814074e+01, -1.378904e-01
1.115800e+09, 7.313208e-02, 9.567462e-01, -1.915917e+00, -2.826482e+00, 4.871166e-10, 4.030465e-10, 3.807737e+01, -1.375065e-01
1.119600e+09, 7.322082e-02, 9.567342e-01, -1.927548e+00, -2.836105e+00, 4.861586e-10, 4.030319e-10, 3.801444e+01, -1.370954e-01
1.123400e+09, 7.330505e-02, 9.567223e-01, -1.939155e+00, -2.845728e+00, 4.852173e-10, 4.030173e-10, 3.795196e+01, -1.366573e-01
1.127200e+09, 7.338473e-02, 9.567105e-01, -1.950740e+00, -2.855350e+00, 4.842926e-10, 4.030029e-10, 3.788995e+01, -1.361923e-01
1.131000e+09, 7.345984e-02, 9.566987e-01, -1.962303e+00, -2.864972e+00, 4.833844e-10, 4.029885e-10, 3.782842e+01, -1.357007e-01
1.134800e+09, 7.353034e-02, 9.566870e-01, -1.973845e+00, -2.874594e+00, 4.824924e-10, 4.029743e-10, 3.776738e+01, -1.351825e-01
1.138600e+09, 7.359621e-02, 9.566755e-01, -1.985365e+00, -2.884215e+00, 4.816164e-10, 4.029601e-10, 3.770686e+01, -1.346380e-01
1.142400e+09, 7.365742e-02, 9.566640e-01, -1.996864e+00, -2.893837e+00, 4.807564e-10, 4.029461e-10, 3.764686e+01, -1.340673e-01
1.146200e+09, 7.371395e-02, 9.566526e-01, -2.008342e+00, -2.903457e+00, 4.799121e-10, 4.029323e-10, 3.758741e+01, -1.334707e-01
1.150000e+09, 7.376577e-02, 9.566414e-01, -2.019801e+00, -2.913078e+00, 4.790835e-10, 4.029186e-10, 3.752851e+01, -1.328482e-01
1.153800e+09, 7.381285e-02, 9.566303e-01, -2.031240e+00, -2.922698e+00, 4.782704e-10, 4.029050e-10, 3.747018e+01, -1.322002e-01
1.157600e+09, 7.385517e-02, 9.566194e-01, -2.042659e+00, -2.932318e+00, 4.774726e-10, 4.028917e-10, 3.741243e+01, -1.315269e-01
1.161400e+09, 7.389271e-02, 9.566086e-01, -2.054059e+00, -2.941937e+00, 4.766900e-10, 4.028785e-10, 3.735528e+01, -1.308284e-01
1.165200e+09, 7.392544e-02, 9.565980e-01, -2.065440e+00, -2.951556e+00, 4.759225e-10, 4.028655e-10, 3.729874e+01, -1.301051e-01
1.169000e+09, 7.395334e-02, 9.565875e-01, -2.076804e+00, -2.961175e+00, 4.751699e-10, 4.028527e-10, 3.724283e+01, -1.293571e-01
1.172800e+09, 7.397638e-02, 9.565772e-01, -2.088149e+00, -2.970794e+00, 4.744323e-10, 4.028401e-10, 3.718756e+01, -1.285846e-01
1.176600e+09, 7.399455e-02, 9.565671e-01, -2.099476e+00, -2.980412e+00, 4.737093e-10, 4.028277e-10, 3.713293e+01, -1.277880e-01
1.180400e+09, 7.400781e-02, 9.565572e-01, -2.110787e+00, -2.990030e+00, 4.730010e-10, 4.028155e-10, 3.707897e+01, -1.269675e-01
1.184200e+09, 7.401616e-02, 9.565475e-01, -2.122080e+00, -2.999648e+00, 4.723073e-10, 4.028036e-10, 3.702569e+01, -1.261233e-01
1.188000e+09, 7.401956e-02, 9.565381e-01, -2.133357e+00, -3.009265e+00, 4.716279e-10, 4.027919e-10, 3.697309e+01, -1.252558e-01
1.191800e+09, 7.401800e-02, 9.565288e-01, -2.144618e+00, -3.018882e+00, 4.709630e-10, 4.027805e-10, 3.692120e+01, -1.243652e-01
1.195600e+09, 7.401146e-02, 9.565198e-01, -2.155862e+00, -3.028499e+00, 4.703123e-10, 4.027693e-10, 3.687002e+01, -1.234518e-01
1.199400e+09, 7.399992e-02, 9.565110e-01, -2.167092e+00, -3.038116e+00, 4.696758e-10, 4.027584e-10, 3.681956e+01, -1.225159e-01
1.203200e+09, 7.398336e-02, 9.565024e-01, -2.178306e+00, -3.047732e+00, 4.690534e-10, 4.027477e-10, 3.676984e+01, -1.215577e-01
1.207000e+09, 7.396175e-02, 9.564941e-01, -2.189505e+00, -3.057348e+00, 4.684450e-10, 4.027373e-10, 3.672086e+01, -1.205777e-01
1.210800e+09, 7.393510e-02, 9.564861e-01, -2.200690e+00, -3.066964e+00, 4.678506e-10, 4.027273e-10, 3.667265e+01, -1.195761e-01
1.214600e+09, 7.390336e-02, 9.564783e-01, -2.211860e+00, -3.076579e+00, 4.672702e-10, 4.027175e-10, 3.662520e+01, -1.185532e-01
1.218400e+09, 7.386654e-02, 9.564708e-01, -2.223017e+00, -3.086195e+00, 4.667036e-10, 4.027080e-10, 3.657853e+01, -1.175094e-01
1.222200e+09, 7.382461e-02, 9.564636e-01, -2.234160e+00, -3.095810e+00, 4.661509e-10, 4.026988e-10, 3.653266e+01, -1.164449e-01
1.226000e+09, 7.377755e-02, 9.564566e-01, -2.245290e+00, -3.105425e+00, 4.656120e-10, 4.026899e-10, 3.648758e+01, -1.153603e-01
1.229800e+09, 7.372536e-02, 9.564500e-01, -2.256407e+00, -3.115039e+00, 4.650868e-10, 4.026814e-10, 3.644332e+01, -1.142557e-01
1.233600e+09, 7.366801e-02, 9.564436e-01, -2.267511e+00, -3.124654e+00, 4.645753e-10, 4.026732e-10, 3.639988e+01, -1.131315e-01
1.237400e+09, 7.360549e-02, 9.564376e-01, -2.278603e+00, -3.134268e+00, 4.640775e-10, 4.026653e-10, 3.635726e+01, -1.119881e-01
1.241200e+09, 7.353779e-02, 9.564319e-01, -2.289684e+00, 3.139303e+00, 4.635934e-10, 4.026577e-10, 3.631549e+01, -1.108259e-01
1.245000e+09, 7.346490e-02, 9.564264e-01, -2.300752e+00, 3.129689e+00, 4.631230e-10, 4.026505e-10, 3.627457e+01, -1.096453e-01
1.248800e+09, 7.338679e-02, 9.564213e-01, -2.311810e+00, 3.120076e+00, 4.626662e-10, 4.026437e-10, 3.623450e+01, -1.084465e-01
1.252600e+09, 7.330346e-02, 9.564166e-01, -2.322857e+00, 3.110462e+00, 4.622231e-10, 4.026371e-10, 3.619531e+01, -1.072301e-01
1.256400e+09, 7.321490e-02, 9.564121e-01, -2.333893e+00, 3.100849e+00, 4.617936e-10, 4.026310e-10, 3.615698e+01, -1.059963e-01
1.260200e+09, 7.312109e-02, 9.564080e-01, -2.344919e+00, 3.091235e+00, 4.613778e-10, 4.026252e-10, 3.611955e+01, -1.047456e-01
1.264000e+09, 7.302203e-02, 9.564042e-01, -2.355934e+00, 3.081622e+00, 4.609757e-10, 4.026197e-10, 3.608300e+01, -1.034784e-01
1.267800e+09, 7.291770e-02, 9.564008e-01, -2.366941e+00, 3.072009e+00, 4.605873e-10, 4.026147e-10, 3.604735e+01, -1.021951e-01
1.271600e+09, 7.280809e-02, 9.563977e-01, -2.377938e+00, 3.062396e+00, 4.602127e-10, 4.026100e-10, 3.601261e+01, -1.008961e-01
1.275400e+09, 7.269320e-02, 9.563950e-01, -2.388926e+00, 3.052784e+00, 4.598518e-10, 4.026057e-10, 3.597879e+01, -9.958182e-02
1.279200e+09, 7.257301e-02, 9.563926e-01, -2.399905e+00, 3.043171e+00, 4.595048e-10, 4.026017e-10, 3.594589e+01, -9.825268e-02
1.283000e+09, 7.244751e-02, 9.563906e-01, -2.410877e+00, 3.033558e+00, 4.591716e-10, 4.025982e-10, 3.591392e+01, -9.690912e-02
1.286800e+09, 7.231671e-02, 9.563889e-01, -2.421840e+00, 3.023946e+00, 4.588524e-10, 4.025950e-10, 3.588288e+01, -9.555155e-02
1.290600e+09, 7.218058e-02, 9.563876e-01, -2.432795e+00, 3.014334e+00, 4.585471e-10, 4.025922e-10, 3.585279e+01, -9.418043e-02
1.294400e+09, 7.203913e-02, 9.563867e-01, -2.443744e+00, 3.004721e+00, 4.582560e-10, 4.025898e-10, 3.582364e+01, -9.279619e-02
1.298200e+09, 7.189234e-02, 9.563861e-01, -2.454685e+00, 2.995109e+00, 4.579789e-10, 4.025878e-10, 3.579545e+01, -9.139928e-02
1.302000e+09, 7.174021e-02, 9.563859e-01, -2.465620e+00, 2.985497e+00, 4.577162e-10, 4.025862e-10, 3.576823e+01, -8.999016e-02
1.305800e+09, 7.158274e-02, 9.563861e-01, -2.476548e+00, 2.975885e+00, 4.574677e-10, 4.025850e-10, 3.574196e+01, -8.856927e-02
1.309600e+09, 7.141991e-02, 9.563867e-01, -2.487471e+00, 2.966272e+00, 4.572337e-10, 4.025842e-10, 3.571668e+01, -8.713707e-02
1.313400e+09, 7.125173e-02, 9.563876e-01, -2.498388e+00, 2.956660e+00, 4.570143e-10, 4.025838e-10, 3.569236e+01, -8.569404e-02
1.317200e+09, 7.107820e-02, 9.563890e-01, -2.509300e+00, 2.947048e+00, 4.568096e-10, 4.025838e-10, 3.566904e+01, -8.424064e-02
1.321000e+09, 7.089930e-02, 9.563907e-01, -2.520206e+00, 2.937436e+00, 4.566196e-10, 4.025842e-10, 3.564669e+01, -8.277734e-02
1.324800e+09, 7.071503e-02, 9.563928e-01, -2.531109e+00, 2.927824e+00, 4.564446e-10, 4.025850e-10, 3.562534e+01, -8.130462e-02
1.328600e+09, 7.052539e-02, 9.563952e-01, -2.542007e+00, 2.918212e+00, 4.562847e-10, 4.025861e-10, 3.560499e+01, -7.982295e-02
1.332400e+09, 7.033039e-02, 9.563981e-01, -2.552901e+00, 2.908599e+00, 4.561401e-10, 4.025877e-10, 3.558564e+01, -7.833282e-02
1.336200e+09, 7.013001e-02, 9.564013e-01, -2.563792e+00, 2.898987e+00, 4.560110e-10, 4.025897e-10, 3.556729e+01, -7.683472e-02
1.340000e+09, 6.992426e-02, 9.564050e-01, -2.574680e+00, 2.889375e+00, 4.558974e-10, 4.025921e-10, 3.554995e+01, -7.532913e-02
1.343800e+09, 6.971313e-02, 9.564090e-01, -2.585565e+00, 2.879763e+00, 4.557997e-10, 4.025949e-10, 3.553361e+01, -7.381654e-02
1.347600e+09, 6.949664e-02, 9.564134e-01, -2.596447e+00, 2.870150e+00, 4.557180e-10, 4.025981e-10, 3.551830e+01, -7.229745e-02
1.351400e+09, 6.927476e-02, 9.564181e-01, -2.607328e+00, 2.860538e+00, 4.556525e-10, 4.026017e-10, 3.550400e+01, -7.077235e-02
1.355200e+09, 6.904752e-02, 9.564233e-01, -2.618207e+00, 2.850925e+00, 4.556035e-10, 4.026057e-10, 3.549072e+01, -6.924175e-02
1.359000e+09, 6.881490e-02, 9.564288e-01, -2.629085e+00, 2.841313e+00, 4.555713e-10, 4.026101e-10, 3.547847e+01, -6.770615e-02
1.362800e+09, 6.857692e-02, 9.564348e-01, -2.639963e+00, 2.831700e+00, 4.555560e-10, 4.026148e-10, 3.546723e+01, -6.616604e-02
1.366600e+09, 6.833357e-02, 9.564411e-01, -2.650840e+00, 2.822087e+00, 4.555580e-10, 4.026200e-10, 3.545703e+01, -6.462194e-02
1.370400e+09, 6.808485e-02, 9.564477e-01, -2.661717e+00, 2.812474e+00, 4.555775e-10, 4.026256e-10, 3.544785e+01, -6.307436e-02
1.374200e+09, 6.783078e-02, 9.564548e-01, -2.672594e+00, 2.802861e+00, 4.556149e-10, 4.026315e-10, 3.543971e+01, -6.152380e-02
1.378000e+09, 6.757135e-02, 9.564622e-01, -2.683472e+00, 2.793248e+00, 4.556704e-10, 4.026379e-10, 3.543260e+01, -5.997077e-02
1.381800e+09, 6.730657e-02, 9.564700e-01, -2.694352e+00, 2.783634e+00, 4.557445e-10, 4.026446e-10, 3.542651e+01, -5.841579e-02
1.385600e+09, 6.703644e-02, 9.564782e-01, -2.705233e+00, 2.774021e+00, 4.558374e-10, 4.026517e-10, 3.542147e+01, -5.685937e-02
1.389400e+09, 6.676097e-02, 9.564867e-01, -2.716117e+00, 2.764407e+00, 4.559495e-10, 4.026592e-10, 3.541745e+01, -5.530202e-02
1.393200e+09, 6.648016e-02, 9.564956e-01, -2.727003e+00, 2.754793e+00, 4.560813e-10, 4.026670e-10, 3.541447e+01, -5.374425e-02
1.397000e+09, 6.619403e-02, 9.565049e-01, -2.737893e+00, 2.745179e+00, 4.562332e-10, 4.026753e-10, 3.541253e+01, -5.218659e-02
1.400800e+09, 6.590258e-02, 9.565145e-01, -2.748786e+00, 2.735564e+00, 4.564055e-10, 4.026839e-10, 3.541162e+01, -5.062955e-02
1.404600e+09, 6.560582e-02, 9.565245e-01, -2.759683e+00, 2.725950e+00, 4.565987e-10, 4.026928e-10, 3.541175e+01, -4.907365e-02
1.408400e+09, 6.530375e-02, 9.565348e-01, -2.770585e+00, 2.716335e+00, 4.568134e-10, 4.027021e-10, 3.541290e+01, -4.751939e-02
1.412200e+09, 6.499638e-02, 9.565455e-01, -2.781492e+00, 2.706720e+00, 4.570500e-10, 4.027118e-10, 3.541510e+01, -4.596731e-02
1.416000e+09, 6.468373e-02, 9.565565e-01, -2.792404e+00, 2.697105e+00, 4.573091e-10, 4.027219e-10, 3.541832e+01, -4.441790e-02
1.419800e+09, 6.436580e-02, 9.565679e-01, -2.803323e+00, 2.687490e+00, 4.575912e-10, 4.027322e-10, 3.542257e+01, -4.287170e-02
1.423600e+09, 6.404260e-02, 9.565796e-01, -2.814249e+00, 2.677874e+00, 4.578969e-10, 4.027430e-10, 3.542786e+01, -4.132921e-02
1.427400e+09, 6.371415e-02, 9.565917e-01, -2.825181e+00, 2.668258e+00, 4.582269e-10, 4.027540e-10, 3.543417e+01, -3.979094e-02
1.431200e+09, 6.338045e-02, 9.566040e-01, -2.836122e+00, 2.658642e+00, 4.585817e-10, 4.027654e-10, 3.544150e+01, -3.825742e-02
1.435000e+09, 6.304152e-02, 9.566167e-01, -2.847071e+00, 2.649025e+00, 4.589621e-10, 4.027772e-10, 3.544986e+01, -3.672915e-02
1.438800e+09, 6.269738e-02, 9.566297e-01, -2.858029e+00, 2.639409e+00, 4.593688e-10, 4.027892e-10, 3.545924e+01, -3.520665e-02
1.442600e+09, 6.234802e-02, 9.566430e-01, -2.868997e+00, 2.629792e+00, 4.598025e-10, 4.028016e-10, 3.546964e+01, -3.369041e-02
1.446400e+09, 6.199348e-02, 9.566567e-01, -2.879976e+00, 2.620174e+00, 4.602640e-10, 4.028143e-10, 3.548106e+01, -3.218096e-02
1.450200e+09, 6.163375e-02, 9.566706e-01, -2.890965e+00, 2.610557e+00, 4.607543e-10, 4.028273e-10, 3.549348e+01, -3.067879e-02
1.454000e+09, 6.126887e-02, 9.566848e-01, -2.901966e+00, 2.600939e+00, 4.612741e-10, 4.028406e-10, 3.550692e+01, -2.918441e-02
1.457800e+09, 6.089883e-02, 9.566993e-01, -2.912979e+00, 2.591320e+00, 4.618244e-10, 4.028542e-10, 3.552136e+01, -2.769832e-02
1.461600e+09, 6.052366e-02, 9.567141e-01, -2.924006e+00, 2.581702e+00, 4.624062e-10, 4.028681e-10, 3.553680e+01, -2.622102e-02
1.465400e+09, 6.014338e-02, 9.567292e-01, -2.935046e+00, 2.572083e+00, 4.630204e-10, 4.028823e-10, 3.555323e+01, -2.475301e-02
1.469200e+09, 5.975800e-02, 9.567446e-01, -2.946101e+00, 2.562464e+00, 4.636683e-10, 4.028967e-10, 3.557067e+01, -2.329477e-02
1.473000e+09, 5.936754e-02, 9.567602e-01, -2.957172e+00, 2.552844e+00, 4.643508e-10, 4.029115e-10, 3.558908e+01, -2.184681e-02
1.476800e+09, 5.897202e-02, 9.567761e-01, -2.968259e+00, 2.543224e+00, 4.650693e-10, 4.029265e-10, 3.560848e+01, -2.040961e-02
1.480600e+09, 5.857145e-02, 9.567922e-01, -2.979363e+00, 2.533604e+00, 4.658250e-10, 4.029417e-10, 3.562886e+01, -1.898365e-02
1.484400e+09, 5.816586e-02, 9.568086e-01, -2.990485e+00, 2.523983e+00, 4.666192e-10, 4.029573e-10, 3.565022e+01, -1.756942e-02
1.488200e+09, 5.775527e-02, 9.568252e-01, -3.001626e+00, 2.514362e+00, 4.674534e-10, 4.029730e-10, 3.567253e+01, -1.616739e-02
1.492000e+09, 5.733969e-02, 9.568421e-01, -3.012787e+00, 2.504741e+00, 4.683290e-10, 4.029890e-10, 3.569582e+01, -1.477804e-02
1.495800e+09, 5.691916e-02, 9.568592e-01, -3.023969e+00, 2.495119e+00, 4.692476e-10, 4.030053e-10, 3.572005e+01, -1.340184e-02
1.499600e+09, 5.649368e-02, 9.568765e-01, -3.035173e+00, 2.485497e+00, 4.702109e-10, 4.030218e-10, 3.574523e+01, -1.203926e-02
1.503400e+09, 5.606329e-02, 9.568940e-01, -3.046400e+00, 2.475874e+00, 4.712206e-10, 4.030385e-10, 3.577136e+01, -1.069075e-02
1.507200e+09, 5.562801e-02, 9.569118e-01, -3.057651e+00, 2.466251e+00, 4.722786e-10, 4.030554e-10, 3.579842e+01, -9.356787e-03
1.511000e+09, 5.518785e-02, 9.569297e-01, -3.068927e+00, 2.456628e+00, 4.733869e-10, 4.030725e-10, 3.582641e+01, -8.037809e-03
1.514800e+09, 5.474286e-02, 9.569478e-01, -3.080229e+00, 2.447004e+00, 4.745475e-10, 4.030899e-10, 3.585533e+01, -6.734273e-03
1.518600e+09, 5.429304e-02, 9.569661e-01, -3.091560e+00, 2.437380e+00, 4.757627e-10, 4.031074e-10, 3.588515e+01, -5.446622e-03
1.522400e+09, 5.383844e-02, 9.569846e-01, -3.102919e+00, 2.427755e+00, 4.770347e-10, 4.031251e-10, 3.591588e+01, -4.175296e-03
1.526200e+09, 5.337907e-02, 9.570033e-01, -3.114309e+00, 2.418130e+00, 4.783661e-10, 4.031430e-10, 3.594751e+01, -2.920731e-03
1.530000e+09, 5.291496e-02, 9.570221e-01, -3.125730e+00, 2.408504e+00, 4.797595e-10, 4.031611e-10, 3.598003e+01, -1.683356e-03
1.533800e+09, 5.244614e-02, 9.570410e-01, -3.137185e+00, 2.398878e+00, 4.812176e-10, 4.031794e-10, 3.601343e+01, -4.635962e-04
1.537600e+09, 5.197265e-02, 9.570602e-01, 3.134511e+00, 2.389252e+00, 4.827435e-10, 4.031978e-10, 3.604770e+01, 7.381289e-04
1.541400e+09, 5.149450e-02, 9.570794e-01, 3.122985e+00, 2.379625e+00, 4.843402e-10, 4.032163e-10, 3.608283e+01, 1.921405e-03
1.545200e+09, 5.101173e-02, 9.570988e-01, 3.111420e+00, 2.369998e+00, 4.860111e-10, 4.032350e-10, 3.611882e+01, 3.085825e-03
1.549000e+09, 5.052438e-02, 9.571183e-01, 3.099816e+00, 2.360370e+00, 4.877598e-10, 4.032539e-10, 3.615566e+01, 4.230986e-03
1.552800e+09, 5.003247e-02, 9.571379e-01, 3.088171e+00, 2.350742e+00, 4.895900e-10, 4.032729e-10, 3.619333e+01, 5.356490e-03
1.556600e+09, 4.953604e-02, 9.571576e-01, 3.076481e+00, 2.341114e+00, 4.915058e-10, 4.032920e-10, 3.623182e+01, 6.461947e-03
1.560400e+09, 4.903513e-02, 9.571774e-01, 3.064746e+00, 2.331485e+00, 4.935114e-10, 4.033112e-10, 3.627113e+01, 7.546973e-03
1.564200e+09, 4.852976e-02, 9.571973e-01, 3.052963e+00, 2.321855e+00, 4.956116e-10, 4.033305e-10, 3.631124e+01, 8.611188e-03
1.568000e+09, 4.801997e-02, 9.572173e-01, 3.041129e+00, 2.312225e+00, 4.978110e-10, 4.033500e-10, 3.635214e+01, 9.654221e-03
1.571800e+09, 4.750581e-02, 9.572374e-01, 3.029244e+00, 2.302595e+00, 5.001151e-10, 4.033695e-10, 3.639383e+01, 1.067571e-02
1.575600e+09, 4.698730e-02, 9.572575e-01, 3.017303e+00, 2.292964e+00, 5.025293e-10, 4.033891e-10, 3.643629e+01, 1.167528e-02
1.579400e+09, 4.646449e-02, 9.572776e-01, 3.005304e+00, 2.283332e+00, 5.050597e-10, 4.034088e-10, 3.647951e+01, 1.265260e-02
1.583200e+09, 4.593743e-02, 9.572979e-01, 2.993246e+00, 2.273701e+00, 5.077126e-10, 4.034286e-10, 3.652348e+01, 1.360731e-02
1.587000e+09, 4.540614e-02, 9.573181e-01, 2.981123e+00, 2.264068e+00, 5.104950e-10, 4.034485e-10, 3.656818e+01, 1.453907e-02
1.590800e+09, 4.487067e-02, 9.573384e-01, 2.968935e+00, 2.254436e+00, 5.134142e-10, 4.034684e-10, 3.661361e+01, 1.544756e-02
1.594600e+09, 4.433107e-02, 9.573587e-01, 2.956676e+00, 2.244802e+00, 5.164781e-10, 4.034883e-10, 3.665975e+01, 1.633244e-02
1.598400e+09, 4.378738e-02, 9.573790e-01, 2.944345e+00, 2.235169e+00, 5.196952e-10, 4.035083e-10, 3.670659e+01, 1.719340e-02
1.602200e+09, 4.323965e-02, 9.573993e-01, 2.931937e+00, 2.225534e+00, 5.230746e-10, 4.035284e-10, 3.675412e+01, 1.803013e-02
1.606000e+09, 4.268793e-02, 9.574196e-01, 2.919448e+00, 2.215900e+00, 5.266263e-10, 4.035484e-10, 3.680231e+01, 1.884233e-02
1.609800e+09, 4.213227e-02, 9.574399e-01, 2.906874e+00, 2.206265e+00, 5.303609e-10, 4.035685e-10, 3.685117e+01, 1.962969e-02
1.613600e+09, 4.157271e-02, 9.574601e-01, 2.894211e+00, 2.196629e+00, 5.342897e-10, 4.035886e-10, 3.690068e+01, 2.039193e-02
1.617400e+09, 4.100931e-02, 9.574804e-01, 2.881454e+00, 2.186993e+00, 5.384253e-10, 4.036088e-10, 3.695082e+01, 2.112876e-02
1.621200e+09, 4.044212e-02, 9.575005e-01, 2.868599e+00, 2.177356e+00, 5.427809e-10, 4.036289e-10, 3.700157e+01, 2.183992e-02
1.625000e+09, 3.987121e-02, 9.575207e-01, 2.855639e+00, 2.167719e+00, 5.473711e-10, 4.036490e-10, 3.705293e+01, 2.252514e-02
1.628800e+09, 3.929663e-02, 9.575407e-01, 2.842570e+00, 2.158082e+00, 5.522115e-10, 4.036691e-10, 3.710488e+01, 2.318415e-02
1.632600e+09, 3.871843e-02, 9.575608e-01, 2.829385e+00, 2.148443e+00, 5.573193e-10, 4.036892e-10, 3.715741e+01, 2.381671e-02
1.636400e+09, 3.813669e-02, 9.575807e-01, 2.816079e+00, 2.138805e+00, 5.627128e-10, 4.037092e-10, 3.721049e+01, 2.442257e-02
1.640200e+09, 3.755148e-02, 9.576005e-01, 2.802643e+00, 2.129166e+00, 5.684124e-10, 4.037293e-10, 3.726412e+01, 2.500151e-02
1.644000e+09, 3.696284e-02, 9.576203e-01, 2.789072e+00, 2.119526e+00, 5.744398e-10, 4.037492e-10, 3.731828e+01, 2.555328e-02
1.647800e+09, 3.637087e-02, 9.576399e-01, 2.775357e+00, 2.109887e+00, 5.808189e-10, 4.037692e-10, 3.737295e+01, 2.607768e-02
1.651600e+09, 3.577563e-02, 9.576595e-01, 2.761489e+00, 2.100246e+00, 5.875760e-10, 4.037890e-10, 3.742812e+01, 2.657449e-02
1.655400e+09, 3.517721e-02, 9.576789e-01, 2.747460e+00, 2.090605e+00, 5.947395e-10, 4.038089e-10, 3.748377e+01, 2.704351e-02
1.659200e+09, 3.457567e-02, 9.576981e-01, 2.733260e+00, 2.080964e+00, 6.023407e-10, 4.038286e-10, 3.753989e+01, 2.748455e-02
1.663000e+09, 3.397111e-02, 9.577173e-01, 2.718878e+00, 2.071322e+00, 6.104139e-10, 4.038483e-10, 3.759646e+01, 2.789741e-02
1.666800e+09, 3.336362e-02, 9.577363e-01, 2.704304e+00, 2.061680e+00, 6.189966e-10, 4.038679e-10, 3.765345e+01, 2.828192e-02
1.670600e+09, 3.275329e-02, 9.577551e-01, 2.689525e+00, 2.052037e+00, 6.281303e-10, 4.038874e-10, 3.771087e+01, 2.863792e-02
1.674400e+09, 3.214021e-02, 9.577738e-01, 2.674527e+00, 2.042394e+00, 6.378604e-10, 4.039068e-10, 3.776868e+01, 2.896524e-02
1.678200e+09, 3.152451e-02, 9.577923e-01, 2.659298e+00, 2.032750e+00, 6.482374e-10, 4.039261e-10, 3.782687e+01, 2.926372e-02
1.682000e+09, 3.090627e-02, 9.578106e-01, 2.643820e+00, 2.023106e+00, 6.593166e-10, 4.039453e-10, 3.788542e+01, 2.953323e-02
1.685800e+09, 3.028564e-02, 9.578288e-01, 2.628078e+00, 2.013461e+00, 6.711595e-10, 4.039644e-10, 3.794432e+01, 2.977362e-02
1.689600e+09, 2.966271e-02, 9.578467e-01, 2.612054e+00, 2.003816e+00, 6.838342e-10, 4.039833e-10, 3.800355e+01, 2.998478e-02
1.693400e+09, 2.903765e-02, 9.578645e-01, 2.595726e+00, 1.994170e+00, 6.974165e-10, 4.040021e-10, 3.806308e+01, 3.016658e-02
1.697200e+09, 2.841057e-02, 9.578820e-01, 2.579075e+00, 1.984524e+00, 7.119902e-10, 4.040208e-10, 3.812291e+01, 3.031891e-02
1.701000e+09, 2.778164e-02, 9.578993e-01, 2.562075e+00, 1.974878e+00, 7.276491e-10, 4.040394e-10, 3.818301e+01, 3.044167e-02
1.704800e+09, 2.715103e-02, 9.579163e-01, 2.544702e+00, 1.965231e+00, 7.444977e-10, 4.040578e-10, 3.824336e+01, 3.053477e-02
1.708600e+09, 2.651890e-02, 9.579332e-01, 2.526926e+00, 1.955584e+00, 7.626529e-10, 4.040760e-10, 3.830394e+01, 3.059813e-02
1.712400e+09, 2.588545e-02, 9.579497e-01, 2.508717e+00, 1.945936e+00, 7.822455e-10, 4.040941e-10, 3.836474e+01, 3.063167e-02
1.716200e+09, 2.525090e-02, 9.579661e-01, 2.490040e+00, 1.936288e+00, 8.034221e-10, 4.041120e-10, 3.842573e+01, 3.063533e-02
1.720000e+09, 2.461545e-02, 9.579821e-01, 2.470857e+00, 1.926639e+00, 8.263476e-10, 4.041298e-10, 3.848690e+01, 3.060905e-02
1.723800e+09, 2.397936e-02, 9.579979e-01, 2.451128e+00, 1.916990e+00, 8.512073e-10, 4.041473e-10, 3.854823e+01, 3.055278e-02
1.727600e+09, 2.334291e-02, 9.580134e-01, 2.430804e+00, 1.907341e+00, 8.782103e-10, 4.041647e-10, 3.860969e+01, 3.046648e-02
1.731400e+09, 2.270637e-02, 9.580287e-01, 2.409836e+00, 1.897691e+00, 9.075920e-10, 4.041819e-10, 3.867127e+01, 3.035012e-02
1.735200e+09, 2.207009e-02, 9.580436e-01, 2.388166e+00, 1.888040e+00, 9.396187e-10, 4.041989e-10, 3.873294e+01, 3.020368e-02
1.739000e+09, 2.143443e-02, 9.580582e-01, 2.365732e+00, 1.878390e+00, 9.745912e-10, 4.042157e-10, 3.879469e+01, 3.002716e-02
1.742800e+09, 2.079977e-02, 9.580726e-01, 2.342462e+00, 1.868739e+00, 1.012850e-09, 4.042322e-10, 3.885650e+01, 2.982054e-02
1.746600e+09, 2.016657e-02, 9.580866e-01, 2.318279e+00, 1.859087e+00, 1.054780e-09, 4.042486e-10, 3.891833e+01, 2.958383e-02
1.750400e+09, 1.953534e-02, 9.581003e-01, 2.293095e+00, 1.849435e+00, 1.100816e-09, 4.042647e-10, 3.898019e+01, 2.931704e-02
1.754200e+09, 1.890662e-02, 9.581136e-01, 2.266812e+00, 1.839783e+00, 1.151451e-09, 4.042807e-10, 3.904203e+01, 2.902021e-02
1.758000e+09, 1.828105e-02, 9.581266e-01, 2.239320e+00, 1.830130e+00, 1.207239e-09, 4.042963e-10, 3.910385e+01, 2.869337e-02
1.761800e+09, 1.765933e-02, 9.581393e-01, 2.210496e+00, 1.820477e+00, 1.268804e-09, 4.043118e-10, 3.916562e+01, 2.833655e-02
1.765600e+09, 1.704229e-02, 9.581516e-01, 2.180202e+00, 1.810824e+00, 1.336842e-09, 4.043270e-10, 3.922732e+01, 2.794980e-02
1.769400e+09, 1.643083e-02, 9.581636e-01, 2.148283e+00, 1.801170e+00, 1.412129e-09, 4.043419e-10, 3.928892e+01, 2.753320e-02
1.773200e+09, 1.582600e-02, 9.581752e-01, 2.114567e+00, 1.791516e+00, 1.495515e-09, 4.043566e-10, 3.935041e+01, 2.708681e-02
1.777000e+09, 1.522901e-02, 9.581864e-01, 2.078860e+00, 1.781862e+00, 1.587924e-09, 4.043711e-10, 3.941177e+01, 2.661070e-02
1.780800e+09, 1.464122e-02, 9.581973e-01, 2.040946e+00, 1.772207e+00, 1.690334e-09, 4.043853e-10, 3.947296e+01, 2.610496e-02
1.784600e+09, 1.406421e-02, 9.582077e-01, 2.000588e+00, 1.762552e+00, 1.803748e-09, 4.043992e-10, 3.953398e+01, 2.556970e-02
1.788400e+09, 1.349981e-02, 9.582178e-01, 1.957521e+00, 1.752896e+00, 1.929146e-09, 4.044128e-10, 3.959480e+01, 2.500502e-02
1.792200e+09, 1.295010e-02, 9.582274e-01, 1.911461e+00, 1.743240e+00, 2.067402e-09, 4.044261e-10, 3.965540e+01, 2.441103e-02
1.796000e+09, 1.241748e-02, 9.582367e-01, 1.862099e+00, 1.733584e+00, 2.219160e-09, 4.044392e-10, 3.971575e+01, 2.378786e-02
1.799800e+09, 1.190471e-02, 9.582456e-01, 1.809114e+00, 1.723928e+00, 2.384661e-09, 4.044520e-10, 3.977583e+01, 2.313563e-02
1.803600e+09, 1.141494e-02, 9.582540e-01, 1.752178e+00, 1.714271e+00, 2.563504e-09, 4.044645e-10, 3.983563e+01, 2.245451e-02
1.807400e+09, 1.095171e-02, 9.582620e-01, 1.690971e+00, 1.704614e+00, 2.754335e-09, 4.044767e-10, 3.989511e+01, 2.174463e-02
1.811200e+09, 1.051903e-02, 9.582696e-01, 1.625209e+00, 1.694957e+00, 2.954493e-09, 4.044885e-10, 3.995426e+01, 2.100615e-02
1.815000e+09, 1.012129e-02, 9.582768e-01, 1.554667e+00, 1.685299e+00, 3.159638e-09, 4.045001e-10, 4.001306e+01, 2.023925e-02
1.818800e+09, 9.763256e-03, 9.582835e-01, 1.479227e+00, 1.675641e+00, 3.363466e-09, 4.045114e-10, 4.007148e+01, 1.944411e-02
1.822600e+09, 9.449937e-03, 9.582897e-01, 1.398921e+00, 1.665983e+00, 3.557634e-09, 4.045223e-10, 4.012950e+01, 1.862091e-02
1.826400e+09, 9.186394e-03, 9.582956e-01, 1.313978e+00, 1.656325e+00, 3.732077e-09, 4.045329e-10, 4.018709e+01, 1.776985e-02
1.830200e+09, 8.977498e-03, 9.583009e-01, 1.224871e+00, 1.646666e+00, 3.875839e-09, 4.045432e-10, 4.024424e+01, 1.689113e-02
1.834000e+09, 8.827602e-03, 9.583058e-01, 1.132331e+00, 1.637007e+00, 3.978437e-09, 4.045532e-10, 4.030093e+01, 1.598498e-02
1.837800e+09, 8.740205e-03, 9.583103e-01, 1.037341e+00, 1.627348e+00, 4.031544e-09, 4.045628e-10, 4.035713e+01, 1.505161e-02
1.841600e+09, 8.717632e-03, 9.583143e-01, 9.410836e-01, 1.617689e+00, 4.030557e-09, 4.045721e-10, 4.041281e+01, 1.409126e-02
1.845400e+09, 8.760809e-03, 9.583177e-01, 8.448496e-01, 1.608029e+00, 3.975554e-09, 4.045811e-10, 4.046797e+01, 1.310417e-02
1.849200e+09, 8.869177e-03, 9.583208e-01, 7.499289e-01, 1.598369e+00, 3.871271e-09, 4.045897e-10, 4.052256e+01, 1.209059e-02
1.853000e+09, 9.040769e-03, 9.583233e-01, 6.574980e-01, 1.588709e+00, 3.726133e-09, 4.045980e-10, 4.057659e+01, 1.105078e-02
1.856800e+09, 9.272425e-03, 9.583254e-01, 5.685325e-01, 1.579049e+00, 3.550662e-09, 4.046059e-10, 4.063001e+01, 9.985000e-03
1.860600e+09, 9.560102e-03, 9.583269e-01, 4.837565e-01, 1.569388e+00, 3.355803e-09, 4.046134e-10, 4.068281e+01, 8.893536e-03
1.864400e+09, 9.899209e-03, 9.583280e-01, 4.036330e-01, 1.559728e+00, 3.151578e-09, 4.046206e-10, 4.073498e+01, 7.776671e-03
1.868200e+09, 1.028493e-02, 9.583285e-01, 3.283856e-01, 1.550067e+00, 2.946265e-09, 4.046275e-10, 4.078648e+01, 6.634698e-03
1.872000e+09, 1.071246e-02, 9.583286e-01, 2.580403e-01, 1.540406e+00, 2.746106e-09, 4.046339e-10, 4.083729e+01, 5.467919e-03
1.875800e+09, 1.117724e-02, 9.583281e-01, 1.924740e-01, 1.530745e+00, 2.555380e-09, 4.046400e-10, 4.088740e+01, 4.276645e-03
1.879600e+09, 1.167499e-02, 9.583272e-01, 1.314614e-01, 1.521084e+00, 2.376704e-09, 4.046457e-10, 4.093678e+01, 3.061194e-03
1.883400e+09, 1.220185e-02, 9.583257e-01, 7.471498e-02, 1.511423e+00, 2.211395e-09, 4.046511e-10, 4.098541e+01, 1.821895e-03
1.887200e+09, 1.275436e-02, 9.583237e-01, 2.191549e-02, 1.501761e+00, 2.059829e-09, 4.046561e-10, 4.103328e+01, 5.590823e-04
1.891000e+09, 1.332947e-02, 9.583212e-01, -2.726520e-02, 1.492099e+00, 1.921749e-09, 4.046607e-10, 4.108036e+01, -7.269000e-04
1.894800e+09, 1.392447e-02, 9.583182e-01, -7.314909e-02, 1.482438e+00, 1.796502e-09, 4.046649e-10, 4.112662e+01, -2.035700e-03
1.898600e+09, 1.453702e-02, 9.583147e-01, -1.160426e-01, 1.472776e+00, 1.683208e-09, 4.046687e-10, 4.117206e+01, -3.366958e-03
1.902400e+09, 1.516507e-02, 9.583106e-01, -1.562310e-01, 1.463114e+00, 1.580887e-09, 4.046721e-10, 4.121665e+01, -4.720307e-03
1.906200e+09, 1.580684e-02, 9.583060e-01, -1.939764e-01, 1.453452e+00, 1.488533e-09, 4.046752e-10, 4.126037e+01, -6.095370e-03
1.910000e+09, 1.646076e-02, 9.583008e-01, -2.295168e-01, 1.443790e+00, 1.405171e-09, 4.046778e-10, 4.130320e+01, -7.491765e-03
1.913800e+09, 1.712548e-02, 9.582952e-01, -2.630668e-01, 1.434128e+00, 1.329881e-09, 4.046801e-10, 4.134512e+01, -8.909101e-03
1.917600e+09, 1.779981e-02, 9.582890e-01, -2.948192e-01, 1.424466e+00, 1.261812e-09, 4.046820e-10, 4.138612e+01, -1.034698e-02
1.921400e+09, 1.848272e-02, 9.582822e-01, -3.249463e-01, 1.414803e+00, 1.200193e-09, 4.046834e-10, 4.142617e+01, -1.180499e-02
1.925200e+09, 1.917329e-02, 9.582750e-01, -3.536023e-01, 1.405141e+00, 1.144328e-09, 4.046845e-10, 4.146526e+01, -1.328273e-02
1.929000e+09, 1.987071e-02, 9.582671e-01, -3.809244e-01, 1.395479e+00, 1.093598e-09, 4.046852e-10, 4.150336e+01, -1.477978e-02
1.932800e+09, 2.057427e-02, 9.582588e-01, -4.070352e-01, 1.385817e+00, 1.047448e-09, 4.046854e-10, 4.154047e+01, -1.629569e-02
1.936600e+09, 2.128335e-02, 9.582499e-01, -4.320442e-01, 1.376154e+00, 1.005389e-09, 4.046853e-10, 4.157656e+01, -1.783005e-02
1.940400e+09, 2.199736e-02, 9.582404e-01, -4.560490e-01, 1.366492e+00, 9.669880e-10, 4.046848e-10, 4.161161e+01, -1.938242e-02
1.944200e+09, 2.271581e-02, 9.582304e-01, -4.791369e-01, 1.356830e+00, 9.318601e-10, 4.046838e-10, 4.164562e+01, -2.095233e-02
1.948000e+09, 2.343824e-02, 9.582199e-01, -5.013861e-01, 1.347167e+00, 8.996668e-10, 4.046824e-10, 4.167856e+01, -2.253935e-02
1.951800e+09, 2.416424e-02, 9.582088e-01, -5.228666e-01, 1.337505e+00, 8.701084e-10, 4.046807e-10, 4.171041e+01, -2.414300e-02
1.955600e+09, 2.489344e-02, 9.581972e-01, -5.436414e-01, 1.327843e+00, 8.429197e-10, 4.046785e-10, 4.174117e+01, -2.576282e-02
1.959400e+09, 2.562550e-02, 9.581851e-01, -5.637671e-01, 1.318181e+00, 8.178658e-10, 4.046759e-10, 4.177082e+01, -2.739835e-02
1.963200e+09, 2.636011e-02, 9.581724e-01, -5.832945e-01, 1.308519e+00, 7.947388e-10, 4.046729e-10, 4.179933e+01, -2.904909e-02
1.967000e+09, 2.709699e-02, 9.581591e-01, -6.022698e-01, 1.298857e+00, 7.733537e-10, 4.046695e-10, 4.182670e+01, -3.071456e-02
1.970800e+09, 2.783587e-02, 9.581453e-01, -6.207344e-01, 1.289195e+00, 7.535464e-10, 4.046657e-10, 4.185292e+01, -3.239428e-02
1.974600e+09, 2.857652e-02, 9.581310e-01, -6.387262e-01, 1.279533e+00, 7.351706e-10, 4.046614e-10, 4.187797e+01, -3.408775e-02
1.978400e+09, 2.931871e-02, 9.581161e-01, -6.562792e-01, 1.269871e+00, 7.180961e-10, 4.046568e-10, 4.190183e+01, -3.579447e-02
1.982200e+09, 3.006223e-02, 9.581007e-01, -6.734245e-01, 1.260210e+00, 7.022062e-10, 4.046517e-10, 4.192450e+01, -3.751393e-02
1.986000e+09, 3.080688e-02, 9.580847e-01, -6.901905e-01, 1.250548e+00, 6.873968e-10, 4.046463e-10, 4.194596e+01, -3.924561e-02
1.989800e+09, 3.155249e-02, 9.580682e-01, -7.066028e-01, 1.240887e+00, 6.735746e-10, 4.046404e-10, 4.196619e+01, -4.098901e-02
1.993600e+09, 3.229888e-02, 9.580512e-01, -7.226852e-01, 1.231225e+00, 6.606557e-10, 4.046341e-10, 4.198520e+01, -4.274360e-02
1.997400e+09, 3.304589e-02, 9.580336e-01, -7.384591e-01, 1.221564e+00, 6.485646e-10, 4.046274e-10, 4.200297e+01, -4.450885e-02
2.001200e+09, 3.379336e-02, 9.580155e-01, -7.539443e-01, 1.211903e+00, 6.372335e-10, 4.046203e-10, 4.201948e+01, -4.628424e-02
2.005000e+09, 3.454116e-02, 9.579968e-01, -7.691589e-01, 1.202243e+00, 6.266011e-10, 4.046128e-10, 4.203474e+01, -4.806924e-02
2.008800e+09, 3.528913e-02, 9.579777e-01, -7.841197e-01, 1.192582e+00, 6.166119e-10, 4.046049e-10, 4.204872e+01, -4.986330e-02
2.012600e+09, 3.603714e-02, 9.579580e-01, -7.988420e-01, 1.182922e+00, 6.072159e-10, 4.045966e-10, 4.206142e+01, -5.166588e-02
2.016400e+09, 3.678508e-02, 9.579378e-01, -8.133400e-01, 1.173261e+00, 5.983676e-10, 4.045878e-10, 4.207284e+01, -5.347644e-02
2.020200e+09, 3.753281e-02, 9.579170e-01, -8.276266e-01, 1.163601e+00, 5.900256e-10, 4.045787e-10, 4.208296e+01, -5.529444e-02
2.024000e+09, 3.828022e-02, 9.578958e-01, -8.417142e-01, 1.153942e+00, 5.821525e-10, 4.045691e-10, 4.209178e+01, -5.711931e-02
2.027800e+09, 3.902719e-02, 9.578740e-01, -8.556137e-01, 1.144282e+00, 5.747140e-10, 4.045592e-10, 4.209928e+01, -5.895050e-02
2.031600e+09, 3.977362e-02, 9.578517e-01, -8.693356e-01, 1.134623e+00, 5.676790e-10, 4.045489e-10, 4.210548e+01, -6.078747e-02
2.035400e+09, 4.051940e-02, 9.578289e-01, -8.828896e-01, 1.124964e+00, 5.610188e-10, 4.045381e-10, 4.211035e+01, -6.262964e-02
2.039200e+09, 4.126442e-02, 9.578056e-01, -8.962845e-01, 1.115305e+00, 5.547075e-10, 4.045270e-10, 4.211390e+01, -6.447646e-02
2.043000e+09, 4.200859e-02, 9.577818e-01, -9.095288e-01, 1.105647e+00, 5.487212e-10, 4.045155e-10, 4.211612e+01, -6.632736e-02
2.046800e+09, 4.275180e-02, 9.577575e-01, -9.226301e-01, 1.095988e+00, 5.430379e-10, 4.045036e-10, 4.211701e+01, -6.818177e-02
2.050600e+09, 4.349397e-02, 9.577327e-01, -9.355957e-01, 1.086330e+00, 5.376376e-10, 4.044913e-10, 4.211656e+01, -7.003914e-02
2.054400e+09, 4.423499e-02, 9.577074e-01, -9.484324e-01, 1.076673e+00, 5.325016e-10, 4.044786e-10, 4.211477e+01, -7.189888e-02
2.058200e+09, 4.497478e-02, 9.576816e-01, -9.611465e-01, 1.067015e+00, 5.276131e-10, 4.044655e-10, 4.211164e+01, -7.376043e-02
2.062000e+09, 4.571325e-02, 9.576554e-01, -9.737438e-01, 1.057358e+00, 5.229562e-10, 4.044521e-10, 4.210717e+01, -7.562323e-02
2.065800e+09, 4.645031e-02, 9.576286e-01, -9.862300e-01, 1.047701e+00, 5.185166e-10, 4.044382e-10, 4.210135e+01, -7.748668e-02
2.069600e+09, 4.718588e-02, 9.576014e-01, -9.986102e-01, 1.038045e+00, 5.142807e-10, 4.044240e-10, 4.209419e+01, -7.935023e-02
2.073400e+09, 4.791986e-02, 9.575737e-01, -1.010889e+00, 1.028389e+00, 5.102362e-10, 4.044095e-10, 4.208569e+01, -8.121331e-02
2.077200e+09, 4.865219e-02, 9.575456e-01, -1.023072e+00, 1.018733e+00, 5.063716e-10, 4.043945e-10, 4.207584e+01, -8.307532e-02
2.081000e+09, 4.938276e-02, 9.575170e-01, -1.035162e+00, 1.009078e+00, 5.026762e-10, 4.043792e-10, 4.206466e+01, -8.493571e-02
2.084800e+09, 5.011152e-02, 9.574880e-01, -1.047164e+00, 9.994229e-01, 4.991403e-10, 4.043636e-10, 4.205213e+01, -8.679390e-02
2.088600e+09, 5.083837e-02, 9.574585e-01, -1.059081e+00, 9.897682e-01, 4.957546e-10, 4.043476e-10, 4.203827e+01, -8.864932e-02
2.092400e+09, 5.156323e-02, 9.574286e-01, -1.070918e+00, 9.801140e-01, 4.925106e-10, 4.043312e-10, 4.202307e+01, -9.050139e-02
2.096200e+09, 5.228604e-02, 9.573982e-01, -1.082677e+00, 9.704601e-01, 4.894004e-10, 4.043145e-10, 4.200655e+01, -9.234954e-02
2.100000e+09, 5.300671e-02, 9.573675e-01, -1.094362e+00, 9.608067e-01, 4.864165e-10, 4.042974e-10, 4.198870e+01, -9.419321e-02
2.103800e+09, 5.372517e-02, 9.573363e-01, -1.105976e+00, 9.511536e-01, 4.835521e-10, 4.042800e-10, 4.196952e+01, -9.603182e-02
2.107600e+09, 5.444134e-02, 9.573047e-01, -1.117521e+00, 9.415010e-01, 4.808007e-10, 4.042622e-10, 4.194904e+01, -9.786481e-02
2.111400e+09, 5.515515e-02, 9.572726e-01, -1.129001e+00, 9.318488e-01, 4.781563e-10, 4.042442e-10, 4.192724e+01, -9.969160e-02
2.115200e+09, 5.586652e-02, 9.572402e-01, -1.140417e+00, 9.221970e-01, 4.756133e-10, 4.042258e-10, 4.190414e+01, -1.015117e-01
2.119000e+09, 5.657539e-02, 9.572074e-01, -1.151773e+00, 9.125457e-01, 4.731664e-10, 4.042070e-10, 4.187974e+01, -1.033244e-01
2.122800e+09, 5.728168e-02, 9.571742e-01, -1.163071e+00, 9.028948e-01, 4.708107e-10, 4.041880e-10, 4.185406e+01, -1.051292e-01
2.126600e+09, 5.798533e-02, 9.571406e-01, -1.174312e+00, 8.932444e-01, 4.685416e-10, 4.041686e-10, 4.182710e+01, -1.069257e-01
2.130400e+09, 5.868625e-02, 9.571067e-01, -1.185499e+00, 8.835944e-01, 4.663547e-10, 4.041490e-10, 4.179886e+01, -1.087131e-01
2.134200e+09, 5.938438e-02, 9.570724e-01, -1.196633e+00, 8.739449e-01, 4.642459e-10, 4.041290e-10, 4.176936e+01, -1.104910e-01
2.138000e+09, 6.007965e-02, 9.570377e-01, -1.207718e+00, 8.642959e-01, 4.622115e-10, 4.041087e-10, 4.173861e+01, -1.122588e-01
2.141800e+09, 6.077200e-02, 9.570027e-01, -1.218754e+00, 8.546473e-01, 4.602478e-10, 4.040882e-10, 4.170662e+01, -1.140160e-01
2.145600e+09, 6.146135e-02, 9.569674e-01, -1.229742e+00, 8.449993e-01, 4.583516e-10, 4.040673e-10, 4.167339e+01, -1.157620e-01
2.149400e+09, 6.214763e-02, 9.569317e-01, -1.240686e+00, 8.353517e-01, 4.565194e-10, 4.040462e-10, 4.163895e+01, -1.174964e-01
2.153200e+09, 6.283078e-02, 9.568957e-01, -1.251586e+00, 8.257047e-01, 4.547485e-10, 4.040248e-10, 4.160329e+01, -1.192184e-01
2.157000e+09, 6.351073e-02, 9.568594e-01, -1.262444e+00, 8.160581e-01, 4.530359e-10, 4.040032e-10, 4.156644e+01, -1.209277e-01
2.160800e+09, 6.418742e-02, 9.568227e-01, -1.273260e+00, 8.064121e-01, 4.513790e-10, 4.039812e-10, 4.152840e+01, -1.226237e-01
2.164600e+09, 6.486078e-02, 9.567858e-01, -1.284038e+00, 7.967666e-01, 4.497753e-10, 4.039590e-10, 4.148920e+01, -1.243059e-01
2.168400e+09, 6.553074e-02, 9.567486e-01, -1.294776e+00, 7.871216e-01, 4.482223e-10, 4.039366e-10, 4.144883e+01, -1.259737e-01
2.172200e+09, 6.619723e-02, 9.567111e-01, -1.305478e+00, 7.774772e-01, 4.467179e-10, 4.039139e-10, 4.140732e+01, -1.276267e-01
2.176000e+09, 6.686020e-02, 9.566733e-01, -1.316144e+00, 7.678333e-01, 4.452599e-10, 4.038910e-10, 4.136468e+01, -1.292643e-01
2.179800e+09, 6.751958e-02, 9.566353e-01, -1.326775e+00, 7.581900e-01, 4.438463e-10, 4.038678e-10, 4.132093e+01, -1.308861e-01
2.183600e+09, 6.817531e-02, 9.565970e-01, -1.337373e+00, 7.485472e-01, 4.424752e-10, 4.038444e-10, 4.127608e+01, -1.324915e-01
2.187400e+09, 6.882731e-02, 9.565585e-01, -1.347937e+00, 7.389049e-01, 4.411448e-10, 4.038208e-10, 4.123014e+01, -1.340801e-01
2.191200e+09, 6.947554e-02, 9.565197e-01, -1.358470e+00, 7.292633e-01, 4.398533e-10, 4.037970e-10, 4.118314e+01, -1.356513e-01
2.195000e+09, 7.011992e-02, 9.564807e-01, -1.368972e+00, 7.196222e-01, 4.385992e-10, 4.037730e-10, 4.113508e+01, -1.372047e-01
2.198800e+09, 7.076039e-02, 9.564415e-01, -1.379444e+00, 7.099817e-01, 4.373809e-10, 4.037488e-10, 4.108599e+01, -1.387398e-01
2.202600e+09, 7.139689e-02, 9.564021e-01, -1.389887e+00, 7.003417e-01, 4.361970e-10, 4.037244e-10, 4.103588e+01, -1.402562e-01
2.206400e+09, 7.202937e-02, 9.563625e-01, -1.400302e+00, 6.907023e-01, 4.350460e-10, 4.036998e-10, 4.098477e+01, -1.417533e-01
2.210200e+09, 7.265775e-02, 9.563227e-01, -1.410689e+00, 6.810636e-01, 4.339267e-10, 4.036750e-10, 4.093268e+01, -1.432307e-01
2.214000e+09, 7.328198e-02, 9.562828e-01, -1.421049e+00, 6.714254e-01, 4.328377e-10, 4.036501e-10, 4.087962e+01, -1.446880e-01
2.217800e+09, 7.390200e-02, 9.562426e-01, -1.431384e+00, 6.617878e-01, 4.317779e-10, 4.036250e-10, 4.082562e+01, -1.461248e-01
2.221600e+09, 7.451774e-02, 9.562024e-01, -1.441693e+00, 6.521508e-01, 4.307462e-10, 4.035997e-10, 4.077069e+01, -1.475405e-01
2.225400e+09, 7.512915e-02, 9.561619e-01, -1.451977e+00, 6.425144e-01, 4.297414e-10, 4.035743e-10, 4.071485e+01, -1.489347e-01
2.229200e+09, 7.573617e-02, 9.561214e-01, -1.462238e+00, 6.328786e-01, 4.287626e-10, 4.035488e-10, 4.065812e+01, -1.503071e-01
2.233000e+09, 7.633874e-02, 9.560807e-01, -1.472475e+00, 6.232434e-01, 4.278088e-10, 4.035231e-10, 4.060052e+01, -1.516572e-01
2.236800e+09, 7.693680e-02, 9.560399e-01, -1.482690e+00, 6.136089e-01, 4.268789e-10, 4.034973e-10, 4.054208e+01, -1.529847e-01
2.240600e+09, 7.753029e-02, 9.559990e-01, -1.492882e+00, 6.039749e-01, 4.259722e-10, 4.034714e-10, 4.048280e+01, -1.542890e-01
2.244400e+09, 7.811916e-02, 9.559580e-01, -1.503052e+00, 5.943416e-01, 4.250877e-10, 4.034453e-10, 4.042271e+01, -1.555698e-01
2.248200e+09, 7.870334e-02, 9.559169e-01, -1.513202e+00, 5.847089e-01, 4.242247e-10, 4.034192e-10, 4.036184e+01, -1.568267e-01
2.252000e+09, 7.928277e-02, 9.558758e-01, -1.523331e+00, 5.750768e-01, 4.233824e-10, 4.033930e-10, 4.030019e+01, -1.580593e-01
2.255800e+09, 7.985742e-02, 9.558346e-01, -1.533439e+00, 5.654454e-01, 4.225600e-10, 4.033667e-10, 4.023780e+01, -1.592673e-01
2.259600e+09, 8.042720e-02, 9.557933e-01, -1.543528e+00, 5.558146e-01, 4.217568e-10, 4.033403e-10, 4.017468e+01, -1.604503e-01
2.263400e+09, 8.099208e-02, 9.557521e-01, -1.553598e+00, 5.461844e-01, 4.209722e-10, 4.033139e-10, 4.011085e+01, -1.616079e-01
2.267200e+09, 8.155199e-02, 9.557107e-01, -1.563650e+00, 5.365548e-01, 4.202054e-10, 4.032873e-10, 4.004635e+01, -1.627397e-01
2.271000e+09, 8.210688e-02, 9.556694e-01, -1.573682e+00, 5.269259e-01, 4.194559e-10, 4.032608e-10, 3.998117e+01, -1.638456e-01
2.274800e+09, 8.265669e-02, 9.556281e-01, -1.583697e+00, 5.172976e-01, 4.187231e-10, 4.032342e-10, 3.991536e+01, -1.649250e-01
2.278600e+09, 8.320137e-02, 9.555868e-01, -1.593695e+00, 5.076699e-01, 4.180064e-10, 4.032075e-10, 3.984893e+01, -1.659776e-01
2.282400e+09, 8.374086e-02, 9.555455e-01, -1.603675e+00, 4.980429e-01, 4.173052e-10, 4.031809e-10, 3.978190e+01, -1.670032e-01
2.286200e+09, 8.427511e-02, 9.555042e-01, -1.613639e+00, 4.884165e-01, 4.166191e-10, 4.031542e-10, 3.971430e+01, -1.680015e-01
2.290000e+09, 8.480407e-02, 9.554630e-01, -1.623586e+00, 4.787907e-01, 4.159475e-10, 4.031275e-10, 3.964614e+01, -1.689721e-01
2.293800e+09, 8.532769e-02, 9.554218e-01, -1.633517e+00, 4.691656e-01, 4.152899e-10, 4.031008e-10, 3.957746e+01, -1.699147e-01
2.297600e+09, 8.584590e-02, 9.553807e-01, -1.643433e+00, 4.595412e-01, 4.146459e-10, 4.030741e-10, 3.950826e+01, -1.708290e-01
2.301400e+09, 8.635866e-02, 9.553397e-01, -1.653333e+00, 4.499173e-01, 4.140151e-10, 4.030474e-10, 3.943858e+01, -1.717148e-01
2.305200e+09, 8.686592e-02, 9.552987e-01, -1.663218e+00, 4.402941e-01, 4.133969e-10, 4.030208e-10, 3.936844e+01, -1.725719e-01
2.309000e+09, 8.736762e-02, 9.552579e-01, -1.673088e+00, 4.306716e-01, 4.127911e-10, 4.029942e-10, 3.929785e+01, -1.733998e-01
2.312800e+09, 8.786371e-02, 9.552171e-01, -1.682944e+00, 4.210496e-01, 4.121972e-10, 4.029676e-10, 3.922685e+01, -1.741984e-01
2.316600e+09, 8.835415e-02, 9.551765e-01, -1.692786e+00, 4.114283e-01, 4.116148e-10, 4.029411e-10, 3.915545e+01, -1.749675e-01
2.320400e+09, 8.883888e-02, 9.551361e-01, -1.702614e+00, 4.018077e-01, 4.110435e-10, 4.029146e-10, 3.908368e+01, -1.757067e-01
2.324200e+09, 8.931784e-02, 9.550957e-01, -1.712428e+00, 3.921876e-01, 4.104831e-10, 4.028882e-10, 3.901156e+01, -1.764159e-01
2.328000e+09, 8.979100e-02, 9.550556e-01, -1.722228e+00, 3.825682e-01, 4.099331e-10, 4.028619e-10, 3.893910e+01, -1.770949e-01
2.331800e+09, 9.025830e-02, 9.550156e-01, -1.732016e+00, 3.729495e-01, 4.093933e-10, 4.028356e-10, 3.886635e+01, -1.777434e-01
2.335600e+09, 9.071969e-02, 9.549757e-01, -1.741791e+00, 3.633313e-01, 4.088634e-10, 4.028095e-10, 3.879331e+01, -1.783612e-01
2.339400e+09, 9.117513e-02, 9.549361e-01, -1.751553e+00, 3.537138e-01, 4.083430e-10, 4.027835e-10, 3.872001e+01, -1.789482e-01
2.343200e+09, 9.162456e-02, 9.548967e-01, -1.761302e+00, 3.440969e-01, 4.078318e-10, 4.027575e-10, 3.864647e+01, -1.795041e-01
2.347000e+09, 9.206794e-02, 9.548575e-01, -1.771040e+00, 3.344806e-01, 4.073296e-10, 4.027317e-10, 3.857272e+01, -1.800288e-01
2.350800e+09, 9.250523e-02, 9.548185e-01, -1.780765e+00, 3.248649e-01, 4.068361e-10, 4.027060e-10, 3.849877e+01, -1.805220e-01
2.354600e+09, 9.293636e-02, 9.547797e-01, -1.790479e+00, 3.152499e-01, 4.063511e-10, 4.026805e-10, 3.842466e+01, -1.809838e-01
2.358400e+09, 9.336130e-02, 9.547412e-01, -1.800181e+00, 3.056355e-01, 4.058743e-10, 4.026551e-10, 3.835039e+01, -1.814138e-01
2.362200e+09, 9.378000e-02, 9.547030e-01, -1.809872e+00, 2.960216e-01, 4.054054e-10, 4.026299e-10, 3.827600e+01, -1.818120e-01
2.366000e+09, 9.419242e-02, 9.546651e-01, -1.819551e+00, 2.864084e-01, 4.049442e-10, 4.026048e-10, 3.820151e+01, -1.821782e-01
2.369800e+09, 9.459851e-02, 9.546274e-01, -1.829220e+00, 2.767958e-01, 4.044906e-10, 4.025799e-10, 3.812694e+01, -1.825123e-01
2.373600e+09, 9.499822e-02, 9.545900e-01, -1.838877e+00, 2.671837e-01, 4.040442e-10, 4.025552e-10, 3.805230e+01, -1.828142e-01
2.377400e+09, 9.539151e-02, 9.545529e-01, -1.848524e+00, 2.575723e-01, 4.036048e-10, 4.025307e-10, 3.797763e+01, -1.830838e-01
2.381200e+09, 9.577833e-02, 9.545162e-01, -1.858161e+00, 2.479614e-01, 4.031724e-10, 4.025063e-10, 3.790295e+01, -1.833209e-01
2.385000e+09, 9.615865e-02, 9.544797e-01, -1.867787e+00, 2.383511e-01, 4.027466e-10, 4.024822e-10, 3.782827e+01, -1.835256e-01
2.388800e+09, 9.653242e-02, 9.544436e-01, -1.877403e+00, 2.287414e-01, 4.023273e-10, 4.024583e-10, 3.775362e+01, -1.836977e-01
2.392600e+09, 9.689959e-02, 9.544079e-01, -1.887009e+00, 2.191323e-01, 4.019143e-10, 4.024346e-10, 3.767902e+01, -1.838371e-01
2.396400e+09, 9.726012e-02, 9.543725e-01, -1.896605e+00, 2.095237e-01, 4.015074e-10, 4.024112e-10, 3.760449e+01, -1.839438e-01
2.400200e+09, 9.761398e-02, 9.543375e-01, -1.906192e+00, 1.999157e-01, 4.011065e-10, 4.023880e-10, 3.753005e+01, -1.840178e-01
2.404000e+09, 9.796111e-02, 9.543029e-01, -1.915769e+00, 1.903082e-01, 4.007113e-10, 4.023650e-10, 3.745573e+01, -1.840589e-01
2.407800e+09, 9.830149e-02, 9.542687e-01, -1.925336e+00, 1.807013e-01, 4.003218e-10, 4.023423e-10, 3.738154e+01, -1.840672e-01
2.411600e+09, 9.863506e-02, 9.542349e-01, -1.934894e+00, 1.710950e-01, 3.999377e-10, 4.023199e-10, 3.730751e+01, -1.840427e-01
2.415400e+09, 9.896179e-02, 9.542015e-01, -1.944443e+00, 1.614891e-01, 3.995589e-10, 4.022977e-10, 3.723365e+01, -1.839853e-01
2.419200e+09, 9.928163e-02, 9.541685e-01, -1.953983e+00, 1.518838e-01, 3.991853e-10, 4.022759e-10, 3.716000e+01, -1.838950e-01
2.423000e+09, 9.959456e-02, 9.541360e-01, -1.963514e+00, 1.422790e-01, 3.988167e-10, 4.022543e-10, 3.708656e+01, -1.837719e-01
2.426800e+09, 9.990052e-02, 9.541039e-01, -1.973036e+00, 1.326748e-01, 3.984530e-10, 4.022330e-10, 3.701335e+01, -1.836159e-01
2.430600e+09, 1.001995e-01, 9.540723e-01, -1.982550e+00, 1.230710e-01, 3.980941e-10, 4.022120e-10, 3.694041e+01, -1.834270e-01
2.434400e+09, 1.004914e-01, 9.540411e-01, -1.992055e+00, 1.134678e-01, 3.977397e-10, 4.021914e-10, 3.686775e+01, -1.832054e-01
2.438200e+09, 1.007763e-01, 9.540105e-01, -2.001551e+00, 1.038650e-01, 3.973899e-10, 4.021710e-10, 3.679538e+01, -1.829510e-01
2.442000e+09, 1.010540e-01, 9.539803e-01, -2.011039e+00, 9.426273e-02, 3.970444e-10, 4.021510e-10, 3.672334e+01, -1.826639e-01
2.445800e+09, 1.013246e-01, 9.539506e-01, -2.020519e+00, 8.466093e-02, 3.967031e-10, 4.021314e-10, 3.665163e+01, -1.823442e-01
2.449600e+09, 1.015880e-01, 9.539214e-01, -2.029991e+00, 7.505960e-02, 3.963660e-10, 4.021121e-10, 3.658028e+01, -1.819919e-01
2.453400e+09, 1.018441e-01, 9.538928e-01, -2.039454e+00, 6.545873e-02, 3.960329e-10, 4.020931e-10, 3.650930e+01, -1.816071e-01
2.457200e+09, 1.020931e-01, 9.538646e-01, -2.048910e+00, 5.585831e-02, 3.957036e-10, 4.020745e-10, 3.643873e+01, -1.811899e-01
2.461000e+09, 1.023347e-01, 9.538370e-01, -2.058358e+00, 4.625834e-02, 3.953782e-10, 4.020563e-10, 3.636856e+01, -1.807404e-01
2.464800e+09, 1.025690e-01, 9.538100e-01, -2.067798e+00, 3.665880e-02, 3.950565e-10, 4.020385e-10, 3.629883e+01, -1.802587e-01
2.468600e+09, 1.027959e-01, 9.537835e-01, -2.077231e+00, 2.705969e-02, 3.947383e-10, 4.020210e-10, 3.622955e+01, -1.797449e-01
2.472400e+09, 1.030155e-01, 9.537576e-01, -2.086655e+00, 1.746099e-02, 3.944236e-10, 4.020039e-10, 3.616075e+01, -1.791992e-01
2.476200e+09, 1.032276e-01, 9.537323e-01, -2.096073e+00, 7.862703e-03, 3.941123e-10, 4.019873e-10, 3.609243e+01, -1.786217e-01
2.480000e+09, 1.034323e-01, 9.537075e-01, -2.105483e+00, -1.735187e-03, 3.938043e-10, 4.019710e-10, 3.602461e+01, -1.780125e-01
2.483800e+09, 1.036294e-01, 9.536834e-01, -2.114885e+00, -1.133269e-02, 3.934994e-10, 4.019552e-10, 3.595732e+01, -1.773718e-01
2.487600e+09, 1.038191e-01, 9.536598e-01, -2.124280e+00, -2.092981e-02, 3.931977e-10, 4.019398e-10, 3.589058e+01, -1.766997e-01
2.491400e+09, 1.040011e-01, 9.536369e-01, -2.133668e+00, -3.052657e-02, 3.928989e-10, 4.019248e-10, 3.582439e+01, -1.759965e-01
2.495200e+09, 1.041756e-01, 9.536146e-01, -2.143049e+00, -4.012297e-02, 3.926031e-10, 4.019102e-10, 3.575878e+01, -1.752623e-01
2.499000e+09, 1.043425e-01, 9.535929e-01, -2.152423e+00, -4.971902e-02, 3.923101e-10, 4.018961e-10, 3.569376e+01, -1.744974e-01
2.502800e+09, 1.045018e-01, 9.535718e-01, -2.161790e+00, -5.931473e-02, 3.920198e-10, 4.018825e-10, 3.562936e+01, -1.737018e-01
2.506600e+09, 1.046533e-01, 9.535514e-01, -2.171150e+00, -6.891012e-02, 3.917322e-10, 4.018693e-10, 3.556558e+01, -1.728759e-01
2.510400e+09, 1.047972e-01, 9.535316e-01, -2.180503e+00, -7.850519e-02, 3.914472e-10, 4.018566e-10, 3.550244e+01, -1.720198e-01
2.514200e+09, 1.049333e-01, 9.535125e-01, -2.189849e+00, -8.809996e-02, 3.911646e-10, 4.018443e-10, 3.543996e+01, -1.711338e-01
2.518000e+09, 1.050616e-01, 9.534941e-01, -2.199189e+00, -9.769444e-02, 3.908845e-10, 4.018325e-10, 3.537816e+01, -1.702182e-01
2.521800e+09, 1.051822e-01, 9.534764e-01, -2.208521e+00, -1.072886e-01, 3.906067e-10, 4.018212e-10, 3.531705e+01, -1.692731e-01
2.525600e+09, 1.052950e-01, 9.534593e-01, -2.217848e+00, -1.168826e-01, 3.903311e-10, 4.018104e-10, 3.525665e+01, -1.682989e-01
2.529400e+09, 1.053999e-01, 9.534429e-01, -2.227167e+00, -1.264762e-01, 3.900577e-10, 4.018001e-10, 3.519697e+01, -1.672957e-01
2.533200e+09, 1.054969e-01, 9.534272e-01, -2.236480e+00, -1.360696e-01, 3.897864e-10, 4.017903e-10, 3.513803e+01, -1.662640e-01
2.537000e+09, 1.055861e-01, 9.534123e-01, -2.245787e+00, -1.456628e-01, 3.895171e-10, 4.017810e-10, 3.507984e+01, -1.652040e-01
2.540800e+09, 1.056673e-01, 9.533980e-01, -2.255087e+00, -1.552558e-01, 3.892498e-10, 4.017722e-10, 3.502241e+01, -1.641159e-01
2.544600e+09, 1.057406e-01, 9.533844e-01, -2.264381e+00, -1.648486e-01, 3.889843e-10, 4.017640e-10, 3.496577e+01, -1.630002e-01
2.548400e+09, 1.058059e-01, 9.533716e-01, -2.273668e+00, -1.744411e-01, 3.887207e-10, 4.017562e-10, 3.490993e+01, -1.618570e-01
2.552200e+09, 1.058632e-01, 9.533595e-01, -2.282949e+00, -1.840335e-01, 3.884587e-10, 4.017490e-10, 3.485489e+01, -1.606868e-01
2.556000e+09, 1.059125e-01, 9.533482e-01, -2.292224e+00, -1.936257e-01, 3.881984e-10, 4.017424e-10, 3.480068e+01, -1.594899e-01
2.559800e+09, 1.059538e-01, 9.533376e-01, -2.301493e+00, -2.032177e-01, 3.879397e-10, 4.017362e-10, 3.474731e+01, -1.582666e-01
2.563600e+09, 1.059870e-01, 9.533277e-01, -2.310755e+00, -2.128096e-01, 3.876825e-10, 4.017307e-10, 3.469479e+01, -1.570173e-01
2.567400e+09, 1.060122e-01, 9.533186e-01, -2.320012e+00, -2.224014e-01, 3.874267e-10, 4.017257e-10, 3.464313e+01, -1.557423e-01
2.571200e+09, 1.060292e-01, 9.533102e-01, -2.329262e+00, -2.319930e-01, 3.871722e-10, 4.017212e-10, 3.459235e+01, -1.544420e-01
2.575000e+09, 1.060381e-01, 9.533027e-01, -2.338506e+00, -2.415846e-01, 3.869191e-10, 4.017173e-10, 3.454246e+01, -1.531168e-01
2.578800e+09, 1.060389e-01, 9.532958e-01, -2.347744e+00, -2.511760e-01, 3.866671e-10, 4.017140e-10, 3.449347e+01, -1.517671e-01
2.582600e+09, 1.060315e-01, 9.532898e-01, -2.356976e+00, -2.607674e-01, 3.864163e-10, 4.017112e-10, 3.444540e+01, -1.503934e-01
2.586400e+09, 1.060159e-01, 9.532845e-01, -2.366202e+00, -2.703587e-01, 3.861665e-10, 4.017090e-10, 3.439826e+01, -1.489959e-01
2.590200e+09, 1.059921e-01, 9.532801e-01, -2.375423e+00, -2.799499e-01, 3.859178e-10, 4.017075e-10, 3.435205e+01, -1.475751e-01
2.594000e+09, 1.059602e-01, 9.532764e-01, -2.384637e+00, -2.895411e-01, 3.856699e-10, 4.017065e-10, 3.430680e+01, -1.461315e-01
2.597800e+09, 1.059199e-01, 9.532735e-01, -2.393845e+00, -2.991323e-01, 3.854229e-10, 4.017061e-10, 3.426250e+01, -1.446655e-01
2.601600e+09, 1.058715e-01, 9.532714e-01, -2.403047e+00, -3.087235e-01, 3.851767e-10, 4.017062e-10, 3.421919e+01, -1.431775e-01
2.605400e+09, 1.058147e-01, 9.532701e-01, -2.412244e+00, -3.183147e-01, 3.849312e-10, 4.017070e-10, 3.417685e+01, -1.416680e-01
2.609200e+09, 1.057497e-01, 9.532696e-01, -2.421435e+00, -3.279059e-01, 3.846862e-10, 4.017084e-10, 3.413551e+01, -1.401374e-01
2.613000e+09, 1.056764e-01, 9.532699e-01, -2.430619e+00, -3.374971e-01, 3.844419e-10, 4.017105e-10, 3.409518e+01, -1.385863e-01
2.616800e+09, 1.055947e-01, 9.532710e-01, -2.439798e+00, -3.470884e-01, 3.841979e-10, 4.017131e-10, 3.405586e+01, -1.370151e-01
2.620600e+09, 1.055047e-01, 9.532729e-01, -2.448972e+00, -3.566797e-01, 3.839544e-10, 4.017163e-10, 3.401756e+01, -1.354242e-01
2.624400e+09, 1.054064e-01, 9.532756e-01, -2.458139e+00, -3.662712e-01, 3.837112e-10, 4.017202e-10, 3.398031e+01, -1.338142e-01
2.628200e+09, 1.052998e-01, 9.532792e-01, -2.467300e+00, -3.758627e-01, 3.834682e-10, 4.017247e-10, 3.394410e+01, -1.321856e-01
2.632000e+09, 1.051847e-01, 9.532836e-01, -2.476456e+00, -3.854543e-01, 3.832253e-10, 4.017298e-10, 3.390894e+01, -1.305389e-01
2.635800e+09, 1.050613e-01, 9.532888e-01, -2.485606e+00, -3.950460e-01, 3.829825e-10, 4.017355e-10, 3.387484e+01, -1.288746e-01
2.639600e+09, 1.049295e-01, 9.532948e-01, -2.494750e+00, -4.046379e-01, 3.827396e-10, 4.017419e-10, 3.384182e+01, -1.271933e-01
2.643400e+09, 1.047893e-01, 9.533016e-01, -2.503889e+00, -4.142299e-01, 3.824967e-10, 4.017489e-10, 3.380988e+01, -1.254954e-01
2.647200e+09, 1.046406e-01, 9.533093e-01, -2.513021e+00, -4.238221e-01, 3.822535e-10, 4.017566e-10, 3.377903e+01, -1.237815e-01
2.651000e+09, 1.044836e-01, 9.533178e-01, -2.522148e+00, -4.334145e-01, 3.820101e-10, 4.017649e-10, 3.374927e+01, -1.220522e-01
2.654800e+09, 1.043181e-01, 9.533271e-01, -2.531269e+00, -4.430071e-01, 3.817663e-10, 4.017739e-10, 3.372062e+01, -1.203080e-01
2.658600e+09, 1.041441e-01, 9.533373e-01, -2.540384e+00, -4.525999e-01, 3.815220e-10, 4.017835e-10, 3.369309e+01, -1.185495e-01
2.662400e+09, 1.039617e-01, 9.533483e-01, -2.549493e+00, -4.621929e-01, 3.812771e-10, 4.017938e-10, 3.366667e+01, -1.167772e-01
2.666200e+09, 1.037709e-01, 9.533601e-01, -2.558596e+00, -4.717862e-01, 3.810315e-10, 4.018047e-10, 3.364138e+01, -1.149917e-01
2.670000e+09, 1.035715e-01, 9.533727e-01, -2.567694e+00, -4.813797e-01, 3.807852e-10, 4.018163e-10, 3.361722e+01, -1.131936e-01
2.673800e+09, 1.033637e-01, 9.533862e-01, -2.576786e+00, -4.909735e-01, 3.805380e-10, 4.018285e-10, 3.359421e+01, -1.113835e-01
2.677600e+09, 1.031474e-01, 9.534005e-01, -2.585871e+00, -5.005676e-01, 3.802899e-10, 4.018414e-10, 3.357234e+01, -1.095620e-01
2.681400e+09, 1.029227e-01, 9.534156e-01, -2.594951e+00, -5.101620e-01, 3.800406e-10, 4.018549e-10, 3.355163e+01, -1.077297e-01
2.685200e+09, 1.026894e-01, 9.534316e-01, -2.604025e+00, -5.197568e-01, 3.797901e-10, 4.018692e-10, 3.353207e+01, -1.058871e-01
2.689000e+09, 1.024476e-01, 9.534484e-01, -2.613093e+00, -5.293518e-01, 3.795384e-10, 4.018841e-10, 3.351368e+01, -1.040349e-01
2.692800e+09, 1.021974e-01, 9.534660e-01, -2.622155e+00, -5.389473e-01, 3.792852e-10, 4.018996e-10, 3.349646e+01, -1.021738e-01
2.696600e+09, 1.019386e-01, 9.534844e-01, -2.631211e+00, -5.485431e-01, 3.790304e-10, 4.019159e-10, 3.348041e+01, -1.003042e-01
2.700400e+09, 1.016713e-01, 9.535037e-01, -2.640261e+00, -5.581392e-01, 3.787740e-10, 4.019328e-10, 3.346554e+01, -9.842694e-02
2.704200e+09, 1.013955e-01, 9.535237e-01, -2.649304e+00, -5.677358e-01, 3.785157e-10, 4.019503e-10, 3.345186e+01, -9.654254e-02
2.708000e+09, 1.011112e-01, 9.535446e-01, -2.658342e+00, -5.773328e-01, 3.782555e-10, 4.019686e-10, 3.343936e+01, -9.465164e-02
2.711800e+09, 1.008184e-01, 9.535663e-01, -2.667373e+00, -5.869303e-01, 3.779933e-10, 4.019875e-10, 3.342806e+01, -9.275490e-02
2.715600e+09, 1.005171e-01, 9.535888e-01, -2.676398e+00, -5.965282e-01, 3.777288e-10, 4.020071e-10, 3.341795e+01, -9.085295e-02
2.719400e+09, 1.002072e-01, 9.536121e-01, -2.685417e+00, -6.061265e-01, 3.774619e-10, 4.020274e-10, 3.340904e+01, -8.894644e-02
2.723200e+09, 9.988885e-02, 9.536363e-01, -2.694429e+00, -6.157254e-01, 3.771926e-10, 4.020483e-10, 3.340134e+01, -8.703602e-02
2.727000e+09, 9.956196e-02, 9.536612e-01, -2.703435e+00, -6.253247e-01, 3.769205e-10, 4.020699e-10, 3.339484e+01, -8.512233e-02
2.730800e+09, 9.922656e-02, 9.536869e-01, -2.712434e+00, -6.349246e-01, 3.766456e-10, 4.020922e-10, 3.338955e+01, -8.320604e-02
2.734600e+09, 9.888265e-02, 9.537134e-01, -2.721427e+00, -6.445250e-01, 3.763678e-10, 4.021152e-10, 3.338547e+01, -8.128781e-02
2.738400e+09, 9.853023e-02, 9.537407e-01, -2.730413e+00, -6.541259e-01, 3.760867e-10, 4.021389e-10, 3.338260e+01, -7.936829e-02
2.742200e+09, 9.816930e-02, 9.537688e-01, -2.739393e+00, -6.637275e-01, 3.758022e-10, 4.021632e-10, 3.338094e+01, -7.744814e-02
2.746000e+09, 9.779987e-02, 9.537976e-01, -2.748365e+00, -6.733295e-01, 3.755143e-10, 4.021882e-10, 3.338051e+01, -7.552804e-02
2.749800e+09, 9.742194e-02, 9.538273e-01, -2.757331e+00, -6.829322e-01, 3.752225e-10, 4.022138e-10, 3.338129e+01, -7.360865e-02
2.753600e+09, 9.703551e-02, 9.538577e-01, -2.766290e+00, -6.925355e-01, 3.749268e-10, 4.022401e-10, 3.338328e+01, -7.169063e-02
2.757400e+09, 9.664060e-02, 9.538888e-01, -2.775242e+00, -7.021395e-01, 3.746270e-10, 4.022671e-10, 3.338650e+01, -6.977465e-02
2.761200e+09, 9.623721e-02, 9.539207e-01, -2.784187e+00, -7.117440e-01, 3.743227e-10, 4.022948e-10, 3.339094e+01, -6.786140e-02
2.765000e+09, 9.582534e-02, 9.539534e-01, -2.793124e+00, -7.213493e-01, 3.740139e-10, 4.023231e-10, 3.339660e+01, -6.595153e-02
2.768800e+09, 9.540501e-02, 9.539868e-01, -2.802054e+00, -7.309552e-01, 3.737002e-10, 4.023521e-10, 3.340347e+01, -6.404573e-02
2.772600e+09, 9.497621e-02, 9.540209e-01, -2.810976e+00, -7.405618e-01, 3.733814e-10, 4.023818e-10, 3.341157e+01, -6.214465e-02
2.776400e+09, 9.453896e-02, 9.540558e-01, -2.819891e+00, -7.501691e-01, 3.730573e-10, 4.024121e-10, 3.342088e+01, -6.024898e-02
2.780200e+09, 9.409327e-02, 9.540914e-01, -2.828799e+00, -7.597771e-01, 3.727275e-10, 4.024431e-10, 3.343141e+01, -5.835939e-02
2.784000e+09, 9.363914e-02, 9.541277e-01, -2.837698e+00, -7.693859e-01, 3.723918e-10, 4.024747e-10, 3.344316e+01, -5.647655e-02
2.787800e+09, 9.317659e-02, 9.541647e-01, -2.846589e+00, -7.789954e-01, 3.720500e-10, 4.025070e-10, 3.345612e+01, -5.460113e-02
2.791600e+09, 9.270563e-02, 9.542024e-01, -2.855472e+00, -7.886057e-01, 3.717016e-10, 4.025399e-10, 3.347029e+01, -5.273379e-02
2.795400e+09, 9.222627e-02, 9.542407e-01, -2.864347e+00, -7.982168e-01, 3.713463e-10, 4.025735e-10, 3.348568e+01, -5.087522e-02
2.799200e+09, 9.173851e-02, 9.542798e-01, -2.873213e+00, -8.078287e-01, 3.709839e-10, 4.026077e-10, 3.350227e+01, -4.902608e-02
2.803000e+09, 9.124239e-02, 9.543195e-01, -2.882071e+00, -8.174414e-01, 3.706140e-10, 4.026425e-10, 3.352007e+01, -4.718702e-02
2.806800e+09, 9.073790e-02, 9.543599e-01, -2.890920e+00, -8.270549e-01, 3.702362e-10, 4.026780e-10, 3.353907e+01, -4.535872e-02
2.810600e+09, 9.022506e-02, 9.544010e-01, -2.899760e+00, -8.366693e-01, 3.698502e-10, 4.027141e-10, 3.355927e+01, -4.354184e-02
2.814400e+09, 8.970388e-02, 9.544426e-01, -2.908590e+00, -8.462846e-01, 3.694554e-10, 4.027508e-10, 3.358067e+01, -4.173704e-02
2.818200e+09, 8.917439e-02, 9.544849e-01, -2.917411e+00, -8.559007e-01, 3.690516e-10, 4.027881e-10, 3.360325e+01, -3.994497e-02
2.822000e+09, 8.863659e-02, 9.545279e-01, -2.926223e+00, -8.655177e-01, 3.686382e-10, 4.028261e-10, 3.362702e+01, -3.816629e-02
2.825800e+09, 8.809050e-02, 9.545714e-01, -2.935024e+00, -8.751356e-01, 3.682147e-10, 4.028646e-10, 3.365198e+01, -3.640165e-02
2.829600e+09, 8.753615e-02, 9.546155e-01, -2.943816e+00, -8.847544e-01, 3.677808e-10, 4.029038e-10, 3.367811e+01, -3.465169e-02
2.833400e+09, 8.697354e-02, 9.546602e-01, -2.952597e+00, -8.943742e-01, 3.673359e-10, 4.029436e-10, 3.370542e+01, -3.291705e-02
2.837200e+09, 8.640270e-02, 9.547055e-01, -2.961368e+00, -9.039949e-01, 3.668793e-10, 4.029839e-10, 3.373389e+01, -3.119839e-02
2.841000e+09, 8.582364e-02, 9.547514e-01, -2.970127e+00, -9.136166e-01, 3.664107e-10, 4.030248e-10, 3.376353e+01, -2.949632e-02
2.844800e+09, 8.523639e-02, 9.547977e-01, -2.978876e+00, -9.232393e-01, 3.659293e-10, 4.030663e-10, 3.379432e+01, -2.781149e-02
2.848600e+09, 8.464096e-02, 9.548447e-01, -2.987613e+00, -9.328629e-01, 3.654345e-10, 4.031084e-10, 3.382625e+01, -2.614452e-02
2.852400e+09, 8.403738e-02, 9.548921e-01, -2.996338e+00, -9.424876e-01, 3.649256e-10, 4.031510e-10, 3.385934e+01, -2.449603e-02
2.856200e+09, 8.342566e-02, 9.549401e-01, -3.005051e+00, -9.521133e-01, 3.644020e-10, 4.031942e-10, 3.389355e+01, -2.286664e-02
2.860000e+09, 8.280583e-02, 9.549885e-01, -3.013751e+00, -9.617400e-01, 3.638629e-10, 4.032380e-10, 3.392889e+01, -2.125696e-02
2.863800e+09, 8.217792e-02, 9.550375e-01, -3.022439e+00, -9.713677e-01, 3.633075e-10, 4.032823e-10, 3.396536e+01, -1.966759e-02
2.867600e+09, 8.154194e-02, 9.550869e-01, -3.031113e+00, -9.809965e-01, 3.627350e-10, 4.033271e-10, 3.400293e+01, -1.809914e-02
2.871400e+09, 8.089793e-02, 9.551367e-01, -3.039774e+00, -9.906264e-01, 3.621445e-10, 4.033724e-10, 3.404161e+01, -1.655220e-02
2.875200e+09, 8.024589e-02, 9.551870e-01, -3.048421e+00, -1.000257e+00, 3.615350e-10, 4.034182e-10, 3.408139e+01, -1.502735e-02
2.879000e+09, 7.958587e-02, 9.552378e-01, -3.057053e+00, -1.009889e+00, 3.609057e-10, 4.034646e-10, 3.412225e+01, -1.352519e-02
2.882800e+09, 7.891789e-02, 9.552889e-01, -3.065670e+00, -1.019523e+00, 3.602553e-10, 4.035115e-10, 3.416419e+01, -1.204629e-02
2.886600e+09, 7.824197e-02, 9.553404e-01, -3.074271e+00, -1.029157e+00, 3.595828e-10, 4.035588e-10, 3.420720e+01, -1.059121e-02
2.890400e+09, 7.755814e-02, 9.553923e-01, -3.082857e+00, -1.038792e+00, 3.588871e-10, 4.036066e-10, 3.425126e+01, -9.160516e-03
2.894200e+09, 7.686643e-02, 9.554446e-01, -3.091426e+00, -1.048429e+00, 3.581668e-10, 4.036549e-10, 3.429637e+01, -7.754769e-03
2.898000e+09, 7.616687e-02, 9.554972e-01, -3.099977e+00, -1.058067e+00, 3.574206e-10, 4.037036e-10, 3.434252e+01, -6.374514e-03
2.901800e+09, 7.545950e-02, 9.555501e-01, -3.108511e+00, -1.067705e+00, 3.566472e-10, 4.037528e-10, 3.438970e+01, -5.020291e-03
2.905600e+09, 7.474433e-02, 9.556034e-01, -3.117026e+00, -1.077345e+00, 3.558449e-10, 4.038024e-10, 3.443789e+01, -3.692636e-03
2.909400e+09, 7.402140e-02, 9.556569e-01, -3.125522e+00, -1.086987e+00, 3.550123e-10, 4.038525e-10, 3.448708e+01, -2.392073e-03
2.913200e+09, 7.329075e-02, 9.557108e-01, -3.133999e+00, -1.096629e+00, 3.541474e-10, 4.039029e-10, 3.453727e+01, -1.119120e-03
2.917000e+09, 7.255240e-02, 9.557648e-01, 3.140731e+00, -1.106273e+00, 3.532486e-10, 4.039538e-10, 3.458843e+01, 1.257133e-04
2.920800e+09, 7.180640e-02, 9.558192e-01, 3.132297e+00, -1.115918e+00, 3.523138e-10, 4.040050e-10, 3.464056e+01, 1.341924e-03
2.924600e+09, 7.105276e-02, 9.558737e-01, 3.123885e+00, -1.125564e+00, 3.513410e-10, 4.040567e-10, 3.469365e+01, 2.529019e-03
2.928400e+09, 7.029154e-02, 9.559285e-01, 3.115496e+00, -1.135211e+00, 3.503278e-10, 4.041087e-10, 3.474768e+01, 3.686513e-03
2.932200e+09, 6.952276e-02, 9.559834e-01, 3.107132e+00, -1.144859e+00, 3.492719e-10, 4.041610e-10, 3.480263e+01, 4.813931e-03
2.936000e+09, 6.874647e-02, 9.560385e-01, 3.098792e+00, -1.154509e+00, 3.481706e-10, 4.042137e-10, 3.485850e+01, 5.910802e-03
2.939800e+09, 6.796269e-02, 9.560938e-01, 3.090479e+00, -1.164160e+00, 3.470212e-10, 4.042667e-10, 3.491527e+01, 6.976670e-03
2.943600e+09, 6.717148e-02, 9.561492e-01, 3.082194e+00, -1.173813e+00, 3.458206e-10, 4.043201e-10, 3.497292e+01, 8.011084e-03
2.947400e+09, 6.637286e-02, 9.562047e-01, 3.073937e+00, -1.183466e+00, 3.445657e-10, 4.043737e-10, 3.503144e+01, 9.013603e-03
2.951200e+09, 6.556688e-02, 9.562603e-01, 3.065710e+00, -1.193121e+00, 3.432529e-10, 4.044276e-10, 3.509082e+01, 9.983795e-03
2.955000e+09, 6.475357e-02, 9.563159e-01, 3.057515e+00, -1.202777e+00, 3.418785e-10, 4.044818e-10, 3.515104e+01, 1.092124e-02
2.958800e+09, 6.393299e-02, 9.563717e-01, 3.049352e+00, -1.212435e+00, 3.404384e-10, 4.045363e-10, 3.521208e+01, 1.182552e-02
2.962600e+09, 6.310517e-02, 9.564274e-01, 3.041224e+00, -1.222093e+00, 3.389283e-10, 4.045910e-10, 3.527392e+01, 1.269624e-02
2.966400e+09, 6.227015e-02, 9.564832e-01, 3.033131e+00, -1.231754e+00, 3.373433e-10, 4.046459e-10, 3.533656e+01, 1.353299e-02
2.970200e+09, 6.142799e-02, 9.565389e-01, 3.025077e+00, -1.241415e+00, 3.356783e-10, 4.047011e-10, 3.539997e+01, 1.433541e-02
2.974000e+09, 6.057872e-02, 9.565946e-01, 3.017062e+00, -1.251078e+00, 3.339277e-10, 4.047565e-10, 3.546414e+01, 1.510311e-02
2.977800e+09, 5.972240e-02, 9.566503e-01, 3.009089e+00, -1.260742e+00, 3.320854e-10, 4.048120e-10, 3.552904e+01, 1.583573e-02
2.981600e+09, 5.885907e-02, 9.567059e-01, 3.001160e+00, -1.270407e+00, 3.301447e-10, 4.048677e-10, 3.559467e+01, 1.653292e-02
2.985400e+09, 5.798877e-02, 9.567614e-01, 2.993278e+00, -1.280074e+00, 3.280984e-10, 4.049236e-10, 3.566100e+01, 1.719433e-02
2.989200e+09, 5.711157e-02, 9.568167e-01, 2.985444e+00, -1.289742e+00, 3.259387e-10, 4.049796e-10, 3.572801e+01, 1.781963e-02
2.993000e+09, 5.622750e-02, 9.568720e-01, 2.977662e+00, -1.299411e+00, 3.236567e-10, 4.050357e-10, 3.579569e+01, 1.840850e-02
2.996800e+09, 5.533663e-02, 9.569270e-01, 2.969934e+00, -1.309082e+00, 3.212431e-10, 4.050920e-10, 3.586401e+01, 1.896062e-02
3.000600e+09, 5.443901e-02, 9.569819e-01, 2.962264e+00, -1.318754e+00, 3.186874e-10, 4.051483e-10, 3.593296e+01, 1.947570e-02
3.004400e+09, 5.353468e-02, 9.570366e-01, 2.954655e+00, -1.328427e+00, 3.159782e-10, 4.052047e-10, 3.600251e+01, 1.995345e-02
3.008200e+09, 5.262371e-02, 9.570911e-01, 2.947111e+00, -1.338102e+00, 3.131028e-10, 4.052611e-10, 3.607265e+01, 2.039357e-02
3.012000e+09, 5.170615e-02, 9.571453e-01, 2.939635e+00, -1.347778e+00, 3.100473e-10, 4.053176e-10, 3.614335e+01, 2.079581e-02
3.015800e+09, 5.078207e-02, 9.571992e-01, 2.932233e+00, -1.357455e+00, 3.067962e-10, 4.053742e-10, 3.621460e+01, 2.115990e-02
3.019600e+09, 4.985152e-02, 9.572529e-01, 2.924907e+00, -1.367134e+00, 3.033325e-10, 4.054307e-10, 3.628637e+01, 2.148561e-02
3.023400e+09, 4.891456e-02, 9.573062e-01, 2.917665e+00, -1.376814e+00, 2.996372e-10, 4.054872e-10, 3.635864e+01, 2.177268e-02
3.027200e+09, 4.797126e-02, 9.573592e-01, 2.910511e+00, -1.386495e+00, 2.956892e-10, 4.055437e-10, 3.643138e+01, 2.202091e-02
3.031000e+09, 4.702169e-02, 9.574118e-01, 2.903451e+00, -1.396178e+00, 2.914649e-10, 4.056002e-10, 3.650458e+01, 2.223007e-02
3.034800e+09, 4.606591e-02, 9.574640e-01, 2.896492e+00, -1.405862e+00, 2.869378e-10, 4.056565e-10, 3.657821e+01, 2.239996e-02
3.038600e+09, 4.510399e-02, 9.575158e-01, 2.889641e+00, -1.415548e+00, 2.820785e-10, 4.057128e-10, 3.665226e+01, 2.253039e-02
3.042400e+09, 4.413601e-02, 9.575672e-01, 2.882906e+00, -1.425235e+00, 2.768537e-10, 4.057691e-10, 3.672669e+01, 2.262118e-02
3.046200e+09, 4.316204e-02, 9.576181e-01, 2.876296e+00, -1.434923e+00, 2.712259e-10, 4.058251e-10, 3.680148e+01, 2.267217e-02
3.050000e+09, 4.218216e-02, 9.576686e-01, 2.869820e+00, -1.444612e+00, 2.651527e-10, 4.058811e-10, 3.687660e+01, 2.268319e-02
3.053800e+09, 4.119645e-02, 9.577185e-01, 2.863489e+00, -1.454303e+00, 2.585860e-10, 4.059369e-10, 3.695204e+01, 2.265410e-02
3.057600e+09, 4.020499e-02, 9.577679e-01, 2.857315e+00, -1.463996e+00, 2.514711e-10, 4.059925e-10, 3.702777e+01, 2.258478e-02
3.061400e+09, 3.920788e-02, 9.578168e-01, 2.851311e+00, -1.473689e+00, 2.437457e-10, 4.060479e-10, 3.710377e+01, 2.247510e-02
3.065200e+09, 3.820521e-02, 9.578651e-01, 2.845491e+00, -1.483384e+00, 2.353381e-10, 4.061031e-10, 3.718000e+01, 2.232494e-02
3.069000e+09, 3.719707e-02, 9.579127e-01, 2.839872e+00, -1.493080e+00, 2.261662e-10, 4.061581e-10, 3.725644e+01, 2.213422e-02
3.072800e+09, 3.618358e-02, 9.579598e-01, 2.834472e+00, -1.502778e+00, 2.161350e-10, 4.062129e-10, 3.733306e+01, 2.190285e-02
3.076600e+09, 3.516484e-02, 9.580062e-01, 2.829312e+00, -1.512476e+00, 2.051345e-10, 4.062673e-10, 3.740985e+01, 2.163075e-02
3.080400e+09, 3.414096e-02, 9.580520e-01, 2.824414e+00, -1.522176e+00, 1.930368e-10, 4.063215e-10, 3.748677e+01, 2.131787e-02
3.084200e+09, 3.311208e-02, 9.580970e-01, 2.819805e+00, -1.531878e+00, 1.796919e-10, 4.063754e-10, 3.756380e+01, 2.096416e-02
3.088000e+09, 3.207833e-02, 9.581413e-01, 2.815515e+00, -1.541580e+00, 1.649241e-10, 4.064290e-10, 3.764090e+01, 2.056957e-02
3.091800e+09, 3.103985e-02, 9.581849e-01, 2.811577e+00, -1.551284e+00, 1.485254e-10, 4.064822e-10, 3.771805e+01, 2.013409e-02
3.095600e+09, 2.999682e-02, 9.582277e-01, 2.808031e+00, -1.560990e+00, 1.302491e-10, 4.065350e-10, 3.779523e+01, 1.965771e-02
3.099400e+09, 2.894940e-02, 9.582697e-01, 2.804921e+00, -1.570696e+00, 1.098005e-10, 4.065875e-10, 3.787240e+01, 1.914042e-02
3.103200e+09, 2.789778e-02, 9.583110e-01, 2.802299e+00, -1.580404e+00, 8.682508e-11, 4.066395e-10, 3.794953e+01, 1.858225e-02
3.107000e+09, 2.684220e-02, 9.583513e-01, 2.800226e+00, -1.590113e+00, 6.089432e-11, 4.066912e-10, 3.802661e+01, 1.798321e-02
3.110800e+09, 2.578288e-02, 9.583908e-01, 2.798772e+00, -1.599823e+00, 3.148593e-11, 4.067424e-10, 3.810359e+01, 1.734334e-02
3.114600e+09, 2.472011e-02, 9.584295e-01, 2.798021e+00, -1.609534e+00, -2.041197e-12, 4.067931e-10, 3.818044e+01, 1.666270e-02
3.118400e+09, 2.365420e-02, 9.584672e-01, 2.798069e+00, -1.619247e+00, -4.048043e-11, 4.068434e-10, 3.825715e+01, 1.594135e-02
3.122200e+09, 2.258553e-02, 9.585040e-01, 2.799036e+00, -1.628961e+00, -8.482202e-11, 4.068932e-10, 3.833368e+01, 1.517937e-02
3.126000e+09, 2.151452e-02, 9.585398e-01, 2.801061e+00, -1.638676e+00, -1.363134e-10, 4.069424e-10, 3.841000e+01, 1.437685e-02
3.129800e+09, 2.044167e-02, 9.585747e-01, 2.804316e+00, -1.648392e+00, -1.965414e-10, 4.069911e-10, 3.848607e+01, 1.353389e-02
3.133600e+09, 1.936761e-02, 9.586085e-01, 2.809008e+00, -1.658109e+00, -2.675463e-10, 4.070392e-10, 3.856188e+01, 1.265061e-02
3.137400e+09, 1.829307e-02, 9.586414e-01, 2.815396e+00, -1.667828e+00, -3.519805e-10, 4.070868e-10, 3.863738e+01, 1.172713e-02
3.141200e+09, 1.721896e-02, 9.586732e-01, 2.823800e+00, -1.677548e+00, -4.533330e-10, 4.071338e-10, 3.871255e+01, 1.076360e-02
3.145000e+09, 1.614642e-02, 9.587039e-01, 2.834624e+00, -1.687268e+00, -5.762513e-10, 4.071801e-10, 3.878736e+01, 9.760172e-03
3.148800e+09, 1.507691e-02, 9.587335e-01, 2.848383e+00, -1.696990e+00, -7.270039e-10, 4.072259e-10, 3.886177e+01, 8.717016e-03
3.152600e+09, 1.401229e-02, 9.587620e-01, 2.865741e+00, -1.706713e+00, -9.141537e-10, 4.072709e-10, 3.893576e+01, 7.634311e-03
3.156400e+09, 1.295502e-02, 9.587894e-01, 2.887567e+00, -1.716437e+00, -1.149534e-09, 4.073153e-10, 3.900929e+01, 6.512254e-03
3.160200e+09, 1.190842e-02, 9.588156e-01, 2.915014e+00, -1.726162e+00, -1.449646e-09, 4.073590e-10, 3.908233e+01, 5.351050e-03
3.164000e+09, 1.087700e-02, 9.588406e-01, 2.949625e+00, -1.735888e+00, -1.837583e-09, 4.074020e-10, 3.915485e+01, 4.150921e-03
3.167800e+09, 9.867108e-03, 9.588645e-01, 2.993500e+00, -1.745616e+00, -2.345393e-09, 4.074443e-10, 3.922682e+01, 2.912101e-03
3.171600e+09, 8.887781e-03, 9.588871e-01, 3.049499e+00, -1.755344e+00, -3.016070e-09, 4.074858e-10, 3.929820e+01, 1.634838e-03
3.175400e+09, 7.952203e-03, 9.589084e-01, 3.121511e+00, -1.765073e+00, -3.902039e-09, 4.075265e-10, 3.936897e+01, 3.193912e-04
3.179200e+09, 7.079806e-03, 9.589285e-01, -3.068509e+00, -1.774803e+00, -5.051020e-09, 4.075665e-10, 3.943909e+01, -1.033964e-03
3.183000e+09, 6.299178e-03, 9.589474e-01, -2.947910e+00, -1.784534e+00, -6.459193e-09, 4.076056e-10, 3.950853e+01, -2.424941e-03
3.186800e+09, 5.650973e-03, 9.589649e-01, -2.793690e+00, -1.794266e+00, -7.970575e-09, 4.076439e-10, 3.957725e+01, -3.853239e-03
3.190600e+09, 5.187733e-03, 9.589810e-01, -2.603384e+00, -1.803999e+00, -9.176108e-09, 4.076814e-10, 3.964524e+01, -5.318545e-03
3.194400e+09, 4.964234e-03, 9.589959e-01, -2.384294e+00, -1.813733e+00, -9.542149e-09, 4.077180e-10, 3.971244e+01, -6.820530e-03
3.198200e+09, 5.015247e-03, 9.590093e-01, -2.156465e+00, -1.823468e+00, -8.868115e-09, 4.077538e-10, 3.977884e+01, -8.358856e-03
3.202000e+09, 5.335284e-03, 9.590214e-01, -1.944729e+00, -1.833203e+00, -7.509282e-09, 4.077886e-10, 3.984440e+01, -9.933167e-03
3.205800e+09, 5.882686e-03, 9.590321e-01, -1.765436e+00, -1.842940e+00, -5.998814e-09, 4.078225e-10, 3.990908e+01, -1.154310e-02
3.209600e+09, 6.602953e-03, 9.590413e-01, -1.622208e+00, -1.852677e+00, -4.664091e-09, 4.078555e-10, 3.997286e+01, -1.318827e-02
3.213400e+09, 7.447655e-03, 9.590491e-01, -1.510848e+00, -1.862415e+00, -3.600237e-09, 4.078876e-10, 4.003571e+01, -1.486828e-02
3.217200e+09, 8.380596e-03, 9.590554e-01, -1.424888e+00, -1.872154e+00, -2.786959e-09, 4.079186e-10, 4.009759e+01, -1.658274e-02
3.221000e+09, 9.376638e-03, 9.590603e-01, -1.358346e+00, -1.881893e+00, -2.172118e-09, 4.079487e-10, 4.015847e+01, -1.833121e-02
3.224800e+09, 1.041872e-02, 9.590636e-01, -1.306485e+00, -1.891633e+00, -1.705576e-09, 4.079778e-10, 4.021832e+01, -2.011327e-02
3.228600e+09, 1.149520e-02, 9.590655e-01, -1.265762e+00, -1.901374e+00, -1.347846e-09, 4.080058e-10, 4.027711e+01, -2.192847e-02
3.232400e+09, 1.259806e-02, 9.590658e-01, -1.233581e+00, -1.911116e+00, -1.069924e-09, 4.080329e-10, 4.033480e+01, -2.377636e-02
3.236200e+09, 1.372162e-02, 9.590645e-01, -1.208035e+00, -1.920858e+00, -8.510024e-10, 4.080588e-10, 4.039138e+01, -2.565646e-02
3.240000e+09, 1.486180e-02, 9.590617e-01, -1.187717e+00, -1.930601e+00, -6.762102e-10, 4.080837e-10, 4.044680e+01, -2.756828e-02
3.243800e+09, 1.601560e-02, 9.590573e-01, -1.171571e+00, -1.940345e+00, -5.348580e-10, 4.081075e-10, 4.050104e+01, -2.951134e-02
3.247600e+09, 1.718074e-02, 9.590513e-01, -1.158801e+00, -1.950089e+00, -4.191839e-10, 4.081302e-10, 4.055406e+01, -3.148512e-02
3.251400e+09, 1.835550e-02, 9.590436e-01, -1.148793e+00, -1.959833e+00, -3.234836e-10, 4.081518e-10, 4.060584e+01, -3.348910e-02
3.255200e+09, 1.953852e-02, 9.590344e-01, -1.141069e+00, -1.969578e+00, -2.435116e-10, 4.081723e-10, 4.065635e+01, -3.552275e-02
3.259000e+09, 2.072873e-02, 9.590235e-01, -1.135255e+00, -1.979324e+00, -1.760677e-10, 4.081916e-10, 4.070556e+01, -3.758551e-02
3.262800e+09, 2.192526e-02, 9.590109e-01, -1.131051e+00, -1.989070e+00, -1.187104e-10, 4.082097e-10, 4.075344e+01, -3.967684e-02
3.266600e+09, 2.312740e-02, 9.589967e-01, -1.128217e+00, -1.998816e+00, -6.955486e-11, 4.082267e-10, 4.079996e+01, -4.179616e-02
3.270400e+09, 2.433455e-02, 9.589808e-01, -1.126556e+00, -2.008563e+00, -2.713017e-11, 4.082424e-10, 4.084510e+01, -4.394289e-02
3.274200e+09, 2.554622e-02, 9.589631e-01, -1.125908e+00, -2.018310e+00, 9.723516e-12, 4.082570e-10, 4.088882e+01, -4.611644e-02
3.278000e+09, 2.676197e-02, 9.589438e-01, -1.126140e+00, -2.028058e+00, 4.192964e-11, 4.082703e-10, 4.093110e+01, -4.831620e-02
3.281800e+09, 2.798142e-02, 9.589228e-01, -1.127142e+00, -2.037806e+00, 7.023004e-11, 4.082824e-10, 4.097192e+01, -5.054155e-02
3.285600e+09, 2.920426e-02, 9.589000e-01, -1.128818e+00, -2.047554e+00, 9.522575e-11, 4.082933e-10, 4.101125e+01, -5.279187e-02
3.289400e+09, 3.043019e-02, 9.588754e-01, -1.131092e+00, -2.057302e+00, 1.174075e-10, 4.083028e-10, 4.104906e+01, -5.506652e-02
3.293200e+09, 3.165896e-02, 9.588491e-01, -1.133895e+00, -2.067051e+00, 1.371790e-10, 4.083111e-10, 4.108532e+01, -5.736484e-02
3.297000e+09, 3.289032e-02, 9.588210e-01, -1.137171e+00, -2.076800e+00, 1.548747e-10, 4.083182e-10, 4.112003e+01, -5.968619e-02
3.300800e+09, 3.412405e-02, 9.587912e-01, -1.140868e+00, -2.086549e+00, 1.707732e-10, 4.083239e-10, 4.115314e+01, -6.202988e-02
3.304600e+09, 3.535997e-02, 9.587595e-01, -1.144946e+00, -2.096298e+00, 1.851084e-10, 4.083283e-10, 4.118464e+01, -6.439525e-02
3.308400e+09, 3.659788e-02, 9.587261e-01, -1.149365e+00, -2.106048e+00, 1.980775e-10, 4.083313e-10, 4.121451e+01, -6.678159e-02
3.312200e+09, 3.783761e-02, 9.586908e-01, -1.154095e+00, -2.115797e+00, 2.098477e-10, 4.083331e-10, 4.124271e+01, -6.918821e-02
3.316000e+09, 3.907899e-02, 9.586537e-01, -1.159105e+00, -2.125546e+00, 2.205614e-10, 4.083335e-10, 4.126925e+01, -7.161440e-02
3.319800e+09, 4.032188e-02, 9.586148e-01, -1.164371e+00, -2.135296e+00, 2.303409e-10, 4.083325e-10, 4.129408e+01, -7.405944e-02
3.323600e+09, 4.156611e-02, 9.585741e-01, -1.169871e+00, -2.145045e+00, 2.392910e-10, 4.083302e-10, 4.131720e+01, -7.652261e-02
3.327400e+09, 4.281155e-02, 9.585316e-01, -1.175584e+00, -2.154794e+00, 2.475026e-10, 4.083264e-10, 4.133858e+01, -7.900316e-02
3.331200e+09, 4.405806e-02, 9.584872e-01, -1.181494e+00, -2.164544e+00, 2.550542e-10, 4.083213e-10, 4.135821e+01, -8.150036e-02
3.335000e+09, 4.530550e-02, 9.584409e-01, -1.187583e+00, -2.174293e+00, 2.620144e-10, 4.083148e-10, 4.137607e+01, -8.401344e-02
3.338800e+09, 4.655375e-02, 9.583928e-01, -1.193839e+00, -2.184042e+00, 2.684431e-10, 4.083069e-10, 4.139214e+01, -8.654167e-02
3.342600e+09, 4.780269e-02, 9.583428e-01, -1.200249e+00, -2.193791e+00, 2.743927e-10, 4.082976e-10, 4.140640e+01, -8.908425e-02
3.346400e+09, 4.905217e-02, 9.582910e-01, -1.206800e+00, -2.203539e+00, 2.799095e-10, 4.082868e-10, 4.141885e+01, -9.164042e-02
3.350200e+09, 5.030210e-02, 9.582373e-01, -1.213483e+00, -2.213287e+00, 2.850342e-10, 4.082746e-10, 4.142946e+01, -9.420941e-02
3.354000e+09, 5.155234e-02, 9.581818e-01, -1.220289e+00, -2.223035e+00, 2.898029e-10, 4.082610e-10, 4.143823e+01, -9.679041e-02
3.357800e+09, 5.280278e-02, 9.581244e-01, -1.227208e+00, -2.232783e+00, 2.942475e-10, 4.082459e-10, 4.144514e+01, -9.938264e-02
3.361600e+09, 5.405331e-02, 9.580651e-01, -1.234233e+00, -2.242530e+00, 2.983967e-10, 4.082293e-10, 4.145018e+01, -1.019853e-01
3.365400e+09, 5.530382e-02, 9.580039e-01, -1.241358e+00, -2.252277e+00, 3.022759e-10, 4.082113e-10, 4.145334e+01, -1.045976e-01
3.369200e+09, 5.655418e-02, 9.579408e-01, -1.248575e+00, -2.262024e+00, 3.059078e-10, 4.081918e-10, 4.145460e+01, -1.072187e-01
3.373000e+09, 5.780429e-02, 9.578759e-01, -1.255879e+00, -2.271770e+00, 3.093128e-10, 4.081709e-10, 4.145397e+01, -1.098477e-01
3.376800e+09, 5.905405e-02, 9.578091e-01, -1.263264e+00, -2.281515e+00, 3.125093e-10, 4.081485e-10, 4.145143e+01, -1.124840e-01
3.380600e+09, 6.030333e-02, 9.577405e-01, -1.270726e+00, -2.291260e+00, 3.155137e-10, 4.081246e-10, 4.144698e+01, -1.151266e-01
3.384400e+09, 6.155204e-02, 9.576699e-01, -1.278259e+00, -2.301005e+00, 3.183411e-10, 4.080992e-10, 4.144061e+01, -1.177747e-01
3.388200e+09, 6.280007e-02, 9.575975e-01, -1.285860e+00, -2.310749e+00, 3.210049e-10, 4.080723e-10, 4.143231e+01, -1.204276e-01
3.392000e+09, 6.404730e-02, 9.575233e-01, -1.293524e+00, -2.320492e+00, 3.235174e-10, 4.080439e-10, 4.142208e+01, -1.230842e-01
3.395800e+09, 6.529364e-02, 9.574472e-01, -1.301248e+00, -2.330234e+00, 3.258895e-10, 4.080140e-10, 4.140992e+01, -1.257439e-01
3.399600e+09, 6.653898e-02, 9.573692e-01, -1.309029e+00, -2.339976e+00, 3.281315e-10, 4.079826e-10, 4.139583e+01, -1.284058e-01
3.403400e+09, 6.778321e-02, 9.572894e-01, -1.316864e+00, -2.349717e+00, 3.302525e-10, 4.079497e-10, 4.137979e+01, -1.310690e-01
3.407200e+09, 6.902623e-02, 9.572077e-01, -1.324749e+00, -2.359457e+00, 3.322610e-10, 4.079153e-10, 4.136182e+01, -1.337327e-01
3.411000e+09, 7.026794e-02, 9.571242e-01, -1.332682e+00, -2.369197e+00, 3.341645e-10, 4.078794e-10, 4.134191e+01, -1.363961e-01
3.414800e+09, 7.150822e-02, 9.570388e-01, -1.340661e+00, -2.378935e+00, 3.359702e-10, 4.078419e-10, 4.132007e+01, -1.390582e-01
3.418600e+09, 7.274699e-02, 9.569516e-01, -1.348682e+00, -2.388673e+00, 3.376845e-10, 4.078030e-10, 4.129629e+01, -1.417184e-01
3.422400e+09, 7.398413e-02, 9.568627e-01, -1.356745e+00, -2.398410e+00, 3.393132e-10, 4.077625e-10, 4.127059e+01, -1.443756e-01
3.426200e+09, 7.521955e-02, 9.567719e-01, -1.364846e+00, -2.408146e+00, 3.408619e-10, 4.077206e-10, 4.124295e+01, -1.470291e-01
3.430000e+09, 7.645314e-02, 9.566793e-01, -1.372985e+00, -2.417880e+00, 3.423356e-10, 4.076771e-10, 4.121340e+01, -1.496780e-01
3.433800e+09, 7.768479e-02, 9.565849e-01, -1.381159e+00, -2.427614e+00, 3.437389e-10, 4.076322e-10, 4.118193e+01, -1.523215e-01
3.437600e+09, 7.891442e-02, 9.564887e-01, -1.389366e+00, -2.437347e+00, 3.450760e-10, 4.075857e-10, 4.114856e+01, -1.549588e-01
3.441400e+09, 8.014191e-02, 9.563907e-01, -1.397605e+00, -2.447078e+00, 3.463509e-10, 4.075377e-10, 4.111329e+01, -1.575889e-01
3.445200e+09, 8.136716e-02, 9.562911e-01, -1.405874e+00, -2.456809e+00, 3.475672e-10, 4.074882e-10, 4.107612e+01, -1.602111e-01
3.449000e+09, 8.259008e-02, 9.561896e-01, -1.414173e+00, -2.466538e+00, 3.487284e-10, 4.074372e-10, 4.103708e+01, -1.628245e-01
3.452800e+09, 8.381057e-02, 9.560864e-01, -1.422499e+00, -2.476266e+00, 3.498376e-10, 4.073848e-10, 4.099616e+01, -1.654283e-01
3.456600e+09, 8.502852e-02, 9.559815e-01, -1.430852e+00, -2.485993e+00, 3.508976e-10, 4.073308e-10, 4.095339e+01, -1.680216e-01
3.460400e+09, 8.624383e-02, 9.558749e-01, -1.439230e+00, -2.495718e+00, 3.519113e-10, 4.072753e-10, 4.090876e+01, -1.706037e-01
3.464200e+09, 8.745641e-02, 9.557667e-01, -1.447632e+00, -2.505442e+00, 3.528811e-10, 4.072184e-10, 4.086231e+01, -1.731737e-01
3.468000e+09, 8.866616e-02, 9.556567e-01, -1.456058e+00, -2.515165e+00, 3.538093e-10, 4.071600e-10, 4.081404e+01, -1.757307e-01
3.471800e+09, 8.987297e-02, 9.555451e-01, -1.464505e+00, -2.524887e+00, 3.546982e-10, 4.071001e-10, 4.076396e+01, -1.782740e-01
3.475600e+09, 9.107674e-02, 9.554318e-01, -1.472974e+00, -2.534607e+00, 3.555498e-10, 4.070388e-10, 4.071209e+01, -1.808027e-01
3.479400e+09, 9.227739e-02, 9.553169e-01, -1.481463e+00, -2.544325e+00, 3.563661e-10, 4.069760e-10, 4.065846e+01, -1.833161e-01
3.483200e+09, 9.347480e-02, 9.552005e-01, -1.489972e+00, -2.554042e+00, 3.571488e-10, 4.069118e-10, 4.060306e+01, -1.858133e-01
3.487000e+09, 9.466889e-02, 9.550824e-01, -1.498499e+00, -2.563757e+00, 3.578995e-10, 4.068461e-10, 4.054593e+01, -1.882936e-01
3.490800e+09, 9.585955e-02, 9.549628e-01, -1.507044e+00, -2.573471e+00, 3.586200e-10, 4.067790e-10, 4.048708e+01, -1.907562e-01
3.494600e+09, 9.704669e-02, 9.548416e-01, -1.515607e+00, -2.583184e+00, 3.593115e-10, 4.067105e-10, 4.042654e+01, -1.932002e-01
3.498400e+09, 9.823020e-02, 9.547189e-01, -1.524186e+00, -2.592894e+00, 3.599755e-10, 4.066406e-10, 4.036431e+01, -1.956248e-01
3.502200e+09, 9.941000e-02, 9.545947e-01, -1.532781e+00, -2.602603e+00, 3.606134e-10, 4.065693e-10, 4.030043e+01, -1.980295e-01
3.506000e+09, 1.005860e-01, 9.544690e-01, -1.541391e+00, -2.612311e+00, 3.612263e-10, 4.064965e-10, 4.023491e+01, -2.004132e-01
3.509800e+09, 1.017581e-01, 9.543418e-01, -1.550015e+00, -2.622016e+00, 3.618153e-10, 4.064225e-10, 4.016778e+01, -2.027754e-01
3.513600e+09, 1.029261e-01, 9.542132e-01, -1.558654e+00, -2.631720e+00, 3.623816e-10, 4.063470e-10, 4.009905e+01, -2.051152e-01
3.517400e+09, 1.040901e-01, 9.540832e-01, -1.567306e+00, -2.641422e+00, 3.629262e-10, 4.062702e-10, 4.002876e+01, -2.074319e-01
3.521200e+09, 1.052498e-01, 9.539518e-01, -1.575972e+00, -2.651122e+00, 3.634500e-10, 4.061920e-10, 3.995693e+01, -2.097248e-01
3.525000e+09, 1.064053e-01, 9.538191e-01, -1.584649e+00, -2.660820e+00, 3.639539e-10, 4.061126e-10, 3.988357e+01, -2.119931e-01
3.528800e+09, 1.075564e-01, 9.536850e-01, -1.593339e+00, -2.670517e+00, 3.644388e-10, 4.060318e-10, 3.980872e+01, -2.142362e-01
3.532600e+09, 1.087030e-01, 9.535496e-01, -1.602041e+00, -2.680211e+00, 3.649055e-10, 4.059497e-10, 3.973240e+01, -2.164533e-01
3.536400e+09, 1.098450e-01, 9.534129e-01, -1.610753e+00, -2.689904e+00, 3.653547e-10, 4.058663e-10, 3.965465e+01, -2.186436e-01
3.540200e+09, 1.109824e-01, 9.532749e-01, -1.619476e+00, -2.699594e+00, 3.657872e-10, 4.057817e-10, 3.957547e+01, -2.208066e-01
3.544000e+09, 1.121149e-01, 9.531357e-01, -1.628210e+00, -2.709283e+00, 3.662037e-10, 4.056958e-10, 3.949491e+01, -2.229416e-01
3.547800e+09, 1.132427e-01, 9.529954e-01, -1.636953e+00, -2.718969e+00, 3.666047e-10, 4.056086e-10, 3.941298e+01, -2.250477e-01
3.551600e+09, 1.143654e-01, 9.528538e-01, -1.645706e+00, -2.728654e+00, 3.669910e-10, 4.055203e-10, 3.932973e+01, -2.271245e-01
3.555400e+09, 1.154832e-01, 9.527111e-01, -1.654469e+00, -2.738336e+00, 3.673631e-10, 4.054307e-10, 3.924516e+01, -2.291712e-01
3.559200e+09, 1.165958e-01, 9.525673e-01, -1.663240e+00, -2.748016e+00, 3.677215e-10, 4.053400e-10, 3.915933e+01, -2.311872e-01
3.563000e+09, 1.177032e-01, 9.524225e-01, -1.672020e+00, -2.757694e+00, 3.680668e-10, 4.052481e-10, 3.907224e+01, -2.331718e-01
3.566800e+09, 1.188052e-01, 9.522766e-01, -1.680808e+00, -2.767370e+00, 3.683994e-10, 4.051551e-10, 3.898394e+01, -2.351245e-01
3.570600e+09, 1.199019e-01, 9.521296e-01, -1.689604e+00, -2.777043e+00, 3.687199e-10, 4.050609e-10, 3.889445e+01, -2.370445e-01
3.574400e+09, 1.209930e-01, 9.519817e-01, -1.698407e+00, -2.786714e+00, 3.690287e-10, 4.049657e-10, 3.880380e+01, -2.389313e-01
3.578200e+09, 1.220786e-01, 9.518328e-01, -1.707218e+00, -2.796383e+00, 3.693262e-10, 4.048693e-10, 3.871202e+01, -2.407843e-01
3.582000e+09, 1.231585e-01, 9.516831e-01, -1.716036e+00, -2.806050e+00, 3.696129e-10, 4.047719e-10, 3.861915e+01, -2.426030e-01
3.585800e+09, 1.242326e-01, 9.515324e-01, -1.724861e+00, -2.815714e+00, 3.698891e-10, 4.046735e-10, 3.852521e+01, -2.443866e-01
3.589600e+09, 1.253009e-01, 9.513809e-01, -1.733693e+00, -2.825376e+00, 3.701551e-10, 4.045740e-10, 3.843023e+01, -2.461347e-01
3.593400e+09, 1.263632e-01, 9.512286e-01, -1.742531e+00, -2.835036e+00, 3.704114e-10, 4.044736e-10, 3.833425e+01, -2.478467e-01
3.597200e+09, 1.274195e-01, 9.510755e-01, -1.751375e+00, -2.844693e+00, 3.706583e-10, 4.043722e-10, 3.823730e+01, -2.495220e-01
3.601000e+09, 1.284697e-01, 9.509217e-01, -1.760224e+00, -2.854348e+00, 3.708961e-10, 4.042698e-10, 3.813941e+01, -2.511601e-01
3.604800e+09, 1.295137e-01, 9.507671e-01, -1.769080e+00, -2.864001e+00, 3.711250e-10, 4.041665e-10, 3.804060e+01, -2.527605e-01
3.608600e+09, 1.305514e-01, 9.506120e-01, -1.777941e+00, -2.873651e+00, 3.713455e-10, 4.040623e-10, 3.794092e+01, -2.543227e-01
3.612400e+09, 1.315828e-01, 9.504562e-01, -1.786807e+00, -2.883298e+00, 3.715578e-10, 4.039573e-10, 3.784039e+01, -2.558461e-01
3.616200e+09, 1.326076e-01, 9.502998e-01, -1.795679e+00, -2.892943e+00, 3.717621e-10, 4.038514e-10, 3.773904e+01, -2.573303e-01
3.620000e+09, 1.336260e-01, 9.501428e-01, -1.804555e+00, -2.902585e+00, 3.719587e-10, 4.037447e-10, 3.763691e+01, -2.587747e-01
3.623800e+09, 1.346377e-01, 9.499854e-01, -1.813436e+00, -2.912225e+00, 3.721479e-10, 4.036372e-10, 3.753403e+01, -2.601790e-01
3.627600e+09, 1.356426e-01, 9.498275e-01, -1.822321e+00, -2.921862e+00, 3.723299e-10, 4.035289e-10, 3.743043e+01, -2.615426e-01
3.631400e+09, 1.366409e-01, 9.496691e-01, -1.831211e+00, -2.931497e+00, 3.725049e-10, 4.034199e-10, 3.732615e+01, -2.628650e-01
3.635200e+09, 1.376322e-01, 9.495104e-01, -1.840105e+00, -2.941129e+00, 3.726731e-10, 4.033102e-10, 3.722120e+01, -2.641459e-01
3.639000e+09, 1.386166e-01, 9.493514e-01, -1.849003e+00, -2.950759e+00, 3.728348e-10, 4.031998e-10, 3.711564e+01, -2.653848e-01
3.642800e+09, 1.395939e-01, 9.491920e-01, -1.857905e+00, -2.960386e+00, 3.729901e-10, 4.030888e-10, 3.700948e+01, -2.665813e-01
3.646600e+09, 1.405641e-01, 9.490324e-01, -1.866810e+00, -2.970010e+00, 3.731393e-10, 4.029772e-10, 3.690276e+01, -2.677350e-01
3.650400e+09, 1.415271e-01, 9.488726e-01, -1.875720e+00, -2.979631e+00, 3.732824e-10, 4.028649e-10, 3.679552e+01, -2.688454e-01
3.654200e+09, 1.424829e-01, 9.487125e-01, -1.884632e+00, -2.989250e+00, 3.734198e-10, 4.027522e-10, 3.668778e+01, -2.699123e-01
3.658000e+09, 1.434313e-01, 9.485524e-01, -1.893548e+00, -2.998866e+00, 3.735515e-10, 4.026389e-10, 3.657957e+01, -2.709351e-01
3.661800e+09, 1.443722e-01, 9.483922e-01, -1.902467e+00, -3.008480e+00, 3.736777e-10, 4.025251e-10, 3.647093e+01, -2.719135e-01
3.665600e+09, 1.453057e-01, 9.482319e-01, -1.911389e+00, -3.018090e+00, 3.737986e-10, 4.024108e-10, 3.636189e+01, -2.728473e-01
3.669400e+09, 1.462315e-01, 9.480717e-01, -1.920314e+00, -3.027698e+00, 3.739144e-10, 4.022961e-10, 3.625248e+01, -2.737359e-01
3.673200e+09, 1.471497e-01, 9.479115e-01, -1.929241e+00, -3.037304e+00, 3.740251e-10, 4.021811e-10, 3.614273e+01, -2.745792e-01
3.677000e+09, 1.480602e-01, 9.477514e-01, -1.938171e+00, -3.046906e+00, 3.741309e-10, 4.020657e-10, 3.603267e+01, -2.753768e-01
3.680800e+09, 1.489629e-01, 9.475914e-01, -1.947104e+00, -3.056506e+00, 3.742320e-10, 4.019499e-10, 3.592233e+01, -2.761282e-01
3.684600e+09, 1.498576e-01, 9.474316e-01, -1.956039e+00, -3.066103e+00, 3.743285e-10, 4.018339e-10, 3.581175e+01, -2.768334e-01
3.688400e+09, 1.507444e-01, 9.472721e-01, -1.964977e+00, -3.075697e+00, 3.744205e-10, 4.017176e-10, 3.570095e+01, -2.774919e-01
3.692200e+09, 1.516232e-01, 9.471128e-01, -1.973917e+00, -3.085289e+00, 3.745081e-10, 4.016011e-10, 3.558997e+01, -2.781035e-01
3.696000e+09, 1.524938e-01, 9.469539e-01, -1.982858e+00, -3.094877e+00, 3.745915e-10, 4.014844e-10, 3.547882e+01, -2.786679e-01
3.699800e+09, 1.533563e-01, 9.467953e-01, -1.991802e+00, -3.104463e+00, 3.746707e-10, 4.013676e-10, 3.536756e+01, -2.791848e-01
3.703600e+09, 1.542105e-01, 9.466371e-01, -2.000748e+00, -3.114046e+00, 3.747458e-10, 4.012507e-10, 3.525619e+01, -2.796540e-01
3.707400e+09, 1.550564e-01, 9.464795e-01, -2.009695e+00, -3.123627e+00, 3.748171e-10, 4.011337e-10, 3.514476e+01, -2.800753e-01
3.711200e+09, 1.558940e-01, 9.463223e-01, -2.018645e+00, -3.133204e+00, 3.748845e-10, 4.010167e-10, 3.503329e+01, -2.804484e-01
3.715000e+09, 1.567230e-01, 9.461657e-01, -2.027595e+00, 3.140407e+00, 3.749481e-10, 4.008996e-10, 3.492182e+01, -2.807731e-01
3.718800e+09, 1.575435e-01, 9.460097e-01, -2.036548e+00, 3.130835e+00, 3.750082e-10, 4.007827e-10, 3.481036e+01, -2.810493e-01
3.722600e+09, 1.583555e-01, 9.458544e-01, -2.045501e+00, 3.121265e+00, 3.750646e-10, 4.006658e-10, 3.469895e+01, -2.812766e-01
3.726400e+09, 1.591588e-01, 9.456998e-01, -2.054456e+00, 3.111699e+00, 3.751177e-10, 4.005490e-10, 3.458762e+01, -2.814549e-01
3.730200e+09, 1.599533e-01, 9.455460e-01, -2.063413e+00, 3.102136e+00, 3.751673e-10, 4.004325e-10, 3.447640e+01, -2.815841e-01
3.734000e+09, 1.607391e-01, 9.453929e-01, -2.072370e+00, 3.092575e+00, 3.752136e-10, 4.003161e-10, 3.436531e+01, -2.816640e-01
3.737800e+09, 1.615160e-01, 9.452407e-01, -2.081329e+00, 3.083017e+00, 3.752567e-10, 4.001999e-10, 3.425438e+01, -2.816944e-01
3.741600e+09, 1.622839e-01, 9.450895e-01, -2.090289e+00, 3.073462e+00, 3.752967e-10, 4.000841e-10, 3.414365e+01, -2.816752e-01
3.745400e+09, 1.630429e-01, 9.449392e-01, -2.099249e+00, 3.063909e+00, 3.753336e-10, 3.999686e-10, 3.403312e+01, -2.816062e-01
3.749200e+09, 1.637929e-01, 9.447899e-01, -2.108211e+00, 3.054359e+00, 3.753675e-10, 3.998534e-10, 3.392284e+01, -2.814874e-01
3.753000e+09, 1.645337e-01, 9.446416e-01, -2.117173e+00, 3.044813e+00, 3.753985e-10, 3.997387e-10, 3.381283e+01, -2.813186e-01
3.756800e+09, 1.652653e-01, 9.444945e-01, -2.126136e+00, 3.035268e+00, 3.754267e-10, 3.996244e-10, 3.370312e+01, -2.810997e-01
3.760600e+09, 1.659878e-01, 9.443485e-01, -2.135100e+00, 3.025727e+00, 3.754520e-10, 3.995106e-10, 3.359373e+01, -2.808307e-01
3.764400e+09, 1.667009e-01, 9.442037e-01, -2.144064e+00, 3.016188e+00, 3.754746e-10, 3.993974e-10, 3.348469e+01, -2.805115e-01
3.768200e+09, 1.674047e-01, 9.440601e-01, -2.153029e+00, 3.006652e+00, 3.754945e-10, 3.992847e-10, 3.337602e+01, -2.801419e-01
3.772000e+09, 1.680991e-01, 9.439179e-01, -2.161994e+00, 2.997119e+00, 3.755118e-10, 3.991727e-10, 3.326775e+01, -2.797220e-01
3.775800e+09, 1.687840e-01, 9.437770e-01, -2.170960e+00, 2.987588e+00, 3.755266e-10, 3.990614e-10, 3.315990e+01, -2.792517e-01
3.779600e+09, 1.694593e-01, 9.436376e-01, -2.179926e+00, 2.978060e+00, 3.755388e-10, 3.989507e-10, 3.305250e+01, -2.787310e-01
3.783400e+09, 1.701251e-01, 9.434995e-01, -2.188893e+00, 2.968535e+00, 3.755486e-10, 3.988408e-10, 3.294558e+01, -2.781599e-01
3.787200e+09, 1.707813e-01, 9.433630e-01, -2.197859e+00, 2.959012e+00, 3.755560e-10, 3.987318e-10, 3.283916e+01, -2.775383e-01
3.791000e+09, 1.714278e-01, 9.432281e-01, -2.206826e+00, 2.949492e+00, 3.755610e-10, 3.986235e-10, 3.273325e+01, -2.768663e-01
3.794800e+09, 1.720645e-01, 9.430947e-01, -2.215793e+00, 2.939974e+00, 3.755638e-10, 3.985162e-10, 3.262790e+01, -2.761439e-01
3.798600e+09, 1.726914e-01, 9.429630e-01, -2.224760e+00, 2.930459e+00, 3.755643e-10, 3.984098e-10, 3.252311e+01, -2.753711e-01
3.802400e+09, 1.733085e-01, 9.428330e-01, -2.233727e+00, 2.920947e+00, 3.755625e-10, 3.983044e-10, 3.241892e+01, -2.745480e-01
3.806200e+09, 1.739157e-01, 9.427047e-01, -2.242694e+00, 2.911437e+00, 3.755586e-10, 3.982000e-10, 3.231534e+01, -2.736745e-01
3.810000e+09, 1.745129e-01, 9.425782e-01, -2.251661e+00, 2.901929e+00, 3.755526e-10, 3.980967e-10, 3.221240e+01, -2.727509e-01
3.813800e+09, 1.751001e-01, 9.424536e-01, -2.260628e+00, 2.892424e+00, 3.755445e-10, 3.979945e-10, 3.211012e+01, -2.717771e-01
3.817600e+09, 1.756773e-01, 9.423309e-01, -2.269594e+00, 2.882922e+00, 3.755344e-10, 3.978934e-10, 3.200852e+01, -2.707532e-01
3.821400e+09, 1.762444e-01, 9.422101e-01, -2.278561e+00, 2.873421e+00, 3.755222e-10, 3.977936e-10, 3.190763e+01, -2.696794e-01
3.825200e+09, 1.768013e-01, 9.420913e-01, -2.287527e+00, 2.863924e+00, 3.755081e-10, 3.976950e-10, 3.180746e+01, -2.685558e-01
3.829000e+09, 1.773480e-01, 9.419745e-01, -2.296492e+00, 2.854428e+00, 3.754920e-10, 3.975977e-10, 3.170805e+01, -2.673825e-01
3.832800e+09, 1.778845e-01, 9.418598e-01, -2.305458e+00, 2.844935e+00, 3.754740e-10, 3.975018e-10, 3.160940e+01, -2.661596e-01
3.836600e+09, 1.784107e-01, 9.417473e-01, -2.314422e+00, 2.835444e+00, 3.754541e-10, 3.974073e-10, 3.151154e+01, -2.648873e-01
3.840400e+09, 1.789266e-01, 9.416369e-01, -2.323387e+00, 2.825956e+00, 3.754325e-10, 3.973142e-10, 3.141449e+01, -2.635658e-01
3.844200e+09, 1.794320e-01, 9.415288e-01, -2.332351e+00, 2.816470e+00, 3.754089e-10, 3.972225e-10, 3.131828e+01, -2.621953e-01
3.848000e+09, 1.799271e-01, 9.414229e-01, -2.341314e+00, 2.806985e+00, 3.753836e-10, 3.971324e-10, 3.122291e+01, -2.607759e-01
3.851800e+09, 1.804117e-01, 9.413193e-01, -2.350277e+00, 2.797503e+00, 3.753566e-10, 3.970439e-10, 3.112841e+01, -2.593079e-01
3.855600e+09, 1.808858e-01, 9.412181e-01, -2.359239e+00, 2.788024e+00, 3.753278e-10, 3.969570e-10, 3.103481e+01, -2.577914e-01
3.859400e+09, 1.813493e-01, 9.411193e-01, -2.368200e+00, 2.778546e+00, 3.752973e-10, 3.968717e-10, 3.094212e+01, -2.562268e-01
3.863200e+09, 1.818023e-01, 9.410229e-01, -2.377161e+00, 2.769070e+00, 3.752652e-10, 3.967882e-10, 3.085035e+01, -2.546142e-01
3.867000e+09, 1.822446e-01, 9.409290e-01, -2.386121e+00, 2.759596e+00, 3.752314e-10, 3.967064e-10, 3.075953e+01, -2.529540e-01
3.870800e+09, 1.826763e-01, 9.408377e-01, -2.395080e+00, 2.750124e+00, 3.751959e-10, 3.966264e-10, 3.066968e+01, -2.512465e-01
3.874600e+09, 1.830973e-01, 9.407489e-01, -2.404038e+00, 2.740655e+00, 3.751588e-10, 3.965482e-10, 3.058081e+01, -2.494918e-01
3.878400e+09, 1.835075e-01, 9.406627e-01, -2.412995e+00, 2.731187e+00, 3.751202e-10, 3.964719e-10, 3.049295e+01, -2.476904e-01
3.882200e+09, 1.839069e-01, 9.405792e-01, -2.421952e+00, 2.721720e+00, 3.750800e-10, 3.963976e-10, 3.040610e+01, -2.458425e-01
3.886000e+09, 1.842956e-01, 9.404984e-01, -2.430907e+00, 2.712256e+00, 3.750382e-10, 3.963252e-10, 3.032029e+01, -2.439486e-01
3.889800e+09, 1.846734e-01, 9.404203e-01, -2.439861e+00, 2.702793e+00, 3.749949e-10, 3.962548e-10, 3.023554e+01, -2.420089e-01
3.893600e+09, 1.850403e-01, 9.403451e-01, -2.448815e+00, 2.693332e+00, 3.749500e-10, 3.961865e-10, 3.015186e+01, -2.400238e-01
3.897400e+09, 1.853963e-01, 9.402726e-01, -2.457767e+00, 2.683873e+00, 3.749037e-10, 3.961202e-10, 3.006927e+01, -2.379937e-01
3.901200e+09, 1.857413e-01, 9.402029e-01, -2.466718e+00, 2.674415e+00, 3.748558e-10, 3.960561e-10, 2.998778e+01, -2.359190e-01
3.905000e+09, 1.860754e-01, 9.401362e-01, -2.475669e+00, 2.664959e+00, 3.748065e-10, 3.959942e-10, 2.990742e+01, -2.338001e-01
3.908800e+09, 1.863984e-01, 9.400724e-01, -2.484617e+00, 2.655504e+00, 3.747557e-10, 3.959345e-10, 2.982819e+01, -2.316375e-01
3.912600e+09, 1.867104e-01, 9.400116e-01, -2.493565e+00, 2.646051e+00, 3.747035e-10, 3.958770e-10, 2.975012e+01, -2.294316e-01
3.916400e+09, 1.870113e-01, 9.399537e-01, -2.502512e+00, 2.636599e+00, 3.746498e-10, 3.958219e-10, 2.967321e+01, -2.271829e-01
3.920200e+09, 1.873012e-01, 9.398989e-01, -2.511457e+00, 2.627148e+00, 3.745947e-10, 3.957691e-10, 2.959749e+01, -2.248918e-01
3.924000e+09, 1.875799e-01, 9.398471e-01, -2.520401e+00, 2.617698e+00, 3.745381e-10, 3.957186e-10, 2.952297e+01, -2.225588e-01
3.927800e+09, 1.878474e-01, 9.397985e-01, -2.529343e+00, 2.608250e+00, 3.744802e-10, 3.956706e-10, 2.944966e+01, -2.201844e-01
3.931600e+09, 1.881038e-01, 9.397529e-01, -2.538284e+00, 2.598803e+00, 3.744208e-10, 3.956250e-10, 2.937758e+01, -2.177693e-01
3.935400e+09, 1.883489e-01, 9.397106e-01, -2.547224e+00, 2.589357e+00, 3.743600e-10, 3.955818e-10, 2.930675e+01, -2.153138e-01
3.939200e+09, 1.885828e-01, 9.396714e-01, -2.556162e+00, 2.579912e+00, 3.742978e-10, 3.955412e-10, 2.923717e+01, -2.128186e-01
3.943000e+09, 1.888055e-01, 9.396354e-01, -2.565099e+00, 2.570468e+00, 3.742343e-10, 3.955032e-10, 2.916886e+01, -2.102843e-01
3.946800e+09, 1.890168e-01, 9.396027e-01, -2.574034e+00, 2.561025e+00, 3.741693e-10, 3.954677e-10, 2.910183e+01, -2.077113e-01
3.950600e+09, 1.892169e-01, 9.395733e-01, -2.582968e+00, 2.551583e+00, 3.741030e-10, 3.954349e-10, 2.903610e+01, -2.051004e-01
3.954400e+09, 1.894056e-01, 9.395471e-01, -2.591900e+00, 2.542141e+00, 3.740352e-10, 3.954047e-10, 2.897168e+01, -2.024522e-01
3.958200e+09, 1.895830e-01, 9.395243e-01, -2.600831e+00, 2.532701e+00, 3.739661e-10, 3.953772e-10, 2.890859e+01, -1.997672e-01
3.962000e+09, 1.897490e-01, 9.395048e-01, -2.609760e+00, 2.523261e+00, 3.738956e-10, 3.953524e-10, 2.884682e+01, -1.970462e-01
3.965800e+09, 1.899036e-01, 9.394887e-01, -2.618687e+00, 2.513821e+00, 3.738238e-10, 3.953303e-10, 2.878641e+01, -1.942898e-01
3.969600e+09, 1.900468e-01, 9.394760e-01, -2.627612e+00, 2.504382e+00, 3.737505e-10, 3.953110e-10, 2.872735e+01, -1.914986e-01
3.973400e+09, 1.901786e-01, 9.394667e-01, -2.636536e+00, 2.494944e+00, 3.736758e-10, 3.952945e-10, 2.866967e+01, -1.886735e-01
3.977200e+09, 1.902989e-01, 9.394609e-01, -2.645458e+00, 2.485506e+00, 3.735998e-10, 3.952808e-10, 2.861336e+01, -1.858151e-01
3.981000e+09, 1.904078e-01, 9.394585e-01, -2.654378e+00, 2.476068e+00, 3.735224e-10, 3.952700e-10, 2.855845e+01, -1.829241e-01
3.984800e+09, 1.905052e-01, 9.394595e-01, -2.663296e+00, 2.466630e+00, 3.734435e-10, 3.952620e-10, 2.850494e+01, -1.800013e-01
3.988600e+09, 1.905911e-01, 9.394641e-01, -2.672213e+00, 2.457193e+00, 3.733633e-10, 3.952570e-10, 2.845285e+01, -1.770474e-01
3.992400e+09, 1.906654e-01, 9.394721e-01, -2.681127e+00, 2.447756e+00, 3.732816e-10, 3.952548e-10, 2.840218e+01, -1.740632e-01
3.996200e+09, 1.907283e-01, 9.394837e-01, -2.690039e+00, 2.438319e+00, 3.731986e-10, 3.952556e-10, 2.835294e+01, -1.710495e-01
4.000000e+09, 1.907796e-01, 9.394988e-01, -2.698950e+00, 2.428882e+00, 3.731986e-10, 3.952556e-10, 2.830515e+01, -1.680071e-01
