Frequency [Hz], |S00| [-], |S10| [-], Arg(S00) [-], Arg(S10) [-], Delay 0>0 [s], Delay 0>1 [s], |Z0| [Ohm] , Arg(Z0) [-]
2.000000e+08, 4.282920e-02, 9.582165e-01, 2.225056e+00, -5.092233e-01, 4.804658e-10, 4.104184e-10, 3.797008e+01, 6.798980e-02
2.038000e+08, 4.277037e-02, 9.578153e-01, 2.213584e+00, -5.190225e-01, 4.895024e-10, 4.078546e-10, 3.800253e+01, 6.848739e-02
2.076000e+08, 4.273712e-02, 9.574151e-01, 2.201897e+00, -5.287605e-01, 5.015659e-10, 4.053720e-10, 3.803460e+01, 6.902653e-02
2.114000e+08, 4.272830e-02, 9.570242e-01, 2.189921e+00, -5.384392e-01, 5.164357e-10, 4.030205e-10, 3.806659e+01, 6.960935e-02
2.152000e+08, 4.274237e-02, 9.566501e-01, 2.177591e+00, -5.480617e-01, 5.338378e-10, 4.008453e-10, 3.809882e+01, 7.023682e-02
2.190000e+08, 4.277751e-02, 9.562997e-01, 2.164845e+00, -5.576323e-01, 5.534561e-10, 3.988860e-10, 3.813161e+01, 7.090875e-02
2.228000e+08, 4.283161e-02, 9.559792e-01, 2.151630e+00, -5.671562e-01, 5.749434e-10, 3.971758e-10, 3.816527e+01, 7.162379e-02
2.266000e+08, 4.290235e-02, 9.556938e-01, 2.137903e+00, -5.766392e-01, 5.979329e-10, 3.957411e-10, 3.820009e+01, 7.237952e-02
2.304000e+08, 4.298725e-02, 9.554478e-01, 2.123627e+00, -5.860880e-01, 6.220496e-10, 3.946012e-10, 3.823637e+01, 7.317247e-02
2.342000e+08, 4.308370e-02, 9.552443e-01, 2.108775e+00, -5.955095e-01, 6.469202e-10, 3.937679e-10, 3.827437e+01, 7.399819e-02
2.380000e+08, 4.318902e-02, 9.550854e-01, 2.093329e+00, -6.049111e-01, 6.721815e-10, 3.932457e-10, 3.831433e+01, 7.485138e-02
2.418000e+08, 4.330054e-02, 9.549723e-01, 2.077280e+00, -6.143003e-01, 6.974883e-10, 3.930320e-10, 3.835646e+01, 7.572600e-02
2.456000e+08, 4.341558e-02, 9.549049e-01, 2.060626e+00, -6.236844e-01, 7.225184e-10, 3.931173e-10, 3.840093e+01, 7.661536e-02
2.494000e+08, 4.353153e-02, 9.548821e-01, 2.043375e+00, -6.330705e-01, 7.469769e-10, 3.934854e-10, 3.844790e+01, 7.751230e-02
2.532000e+08, 4.364592e-02, 9.549020e-01, 2.025540e+00, -6.424654e-01, 7.705990e-10, 3.941145e-10, 3.849746e+01, 7.840927e-02
2.570000e+08, 4.375638e-02, 9.549615e-01, 2.007141e+00, -6.518753e-01, 7.931510e-10, 3.949776e-10, 3.854968e+01, 7.929853e-02
2.608000e+08, 4.386071e-02, 9.550572e-01, 1.988204e+00, -6.613058e-01, 8.144309e-10, 3.960431e-10, 3.860459e+01, 8.017227e-02
2.646000e+08, 4.395692e-02, 9.551845e-01, 1.968759e+00, -6.707618e-01, 8.342682e-10, 3.972758e-10, 3.866218e+01, 8.102273e-02
2.684000e+08, 4.404319e-02, 9.553386e-01, 1.948840e+00, -6.802472e-01, 8.525223e-10, 3.986379e-10, 3.872239e+01, 8.184237e-02
2.722000e+08, 4.411795e-02, 9.555142e-01, 1.928485e+00, -6.897651e-01, 8.690818e-10, 4.000899e-10, 3.878515e+01, 8.262398e-02
2.760000e+08, 4.417985e-02, 9.557056e-01, 1.907734e+00, -6.993177e-01, 8.838621e-10, 4.015915e-10, 3.885033e+01, 8.336081e-02
2.798000e+08, 4.422778e-02, 9.559072e-01, 1.886631e+00, -7.089062e-01, 8.968043e-10, 4.031028e-10, 3.891777e+01, 8.404665e-02
2.836000e+08, 4.426088e-02, 9.561132e-01, 1.865219e+00, -7.185307e-01, 9.078732e-10, 4.045849e-10, 3.898731e+01, 8.467597e-02
2.874000e+08, 4.427851e-02, 9.563181e-01, 1.843543e+00, -7.281906e-01, 9.170552e-10, 4.060013e-10, 3.905873e+01, 8.524395e-02
2.912000e+08, 4.428030e-02, 9.565166e-01, 1.821647e+00, -7.378843e-01, 9.243576e-10, 4.073183e-10, 3.913181e+01, 8.574657e-02
2.950000e+08, 4.426610e-02, 9.567039e-01, 1.799577e+00, -7.476095e-01, 9.298066e-10, 4.085062e-10, 3.920631e+01, 8.618067e-02
2.988000e+08, 4.423599e-02, 9.568756e-01, 1.777377e+00, -7.573630e-01, 9.334460e-10, 4.095397e-10, 3.928199e+01, 8.654394e-02
3.026000e+08, 4.419026e-02, 9.570279e-01, 1.755090e+00, -7.671412e-01, 9.353362e-10, 4.103985e-10, 3.935857e+01, 8.683497e-02
3.064000e+08, 4.412944e-02, 9.571579e-01, 1.732757e+00, -7.769400e-01, 9.355535e-10, 4.110677e-10, 3.943580e+01, 8.705321e-02
3.102000e+08, 4.405421e-02, 9.572632e-01, 1.710420e+00, -7.867547e-01, 9.341885e-10, 4.115381e-10, 3.951343e+01, 8.719897e-02
3.140000e+08, 4.396547e-02, 9.573423e-01, 1.688115e+00, -7.965806e-01, 9.313454e-10, 4.118061e-10, 3.959119e+01, 8.727337e-02
3.178000e+08, 4.386425e-02, 9.573944e-01, 1.665878e+00, -8.064129e-01, 9.271415e-10, 4.118738e-10, 3.966886e+01, 8.727831e-02
3.216000e+08, 4.375175e-02, 9.574196e-01, 1.643742e+00, -8.162468e-01, 9.217055e-10, 4.117486e-10, 3.974620e+01, 8.721636e-02
3.254000e+08, 4.362928e-02, 9.574186e-01, 1.621735e+00, -8.260778e-01, 9.151769e-10, 4.114430e-10, 3.982301e+01, 8.709072e-02
3.292000e+08, 4.349826e-02, 9.573929e-01, 1.599884e+00, -8.359015e-01, 9.077046e-10, 4.109738e-10, 3.989911e+01, 8.690512e-02
3.330000e+08, 4.336019e-02, 9.573445e-01, 1.578212e+00, -8.457139e-01, 8.994454e-10, 4.103618e-10, 3.997433e+01, 8.666373e-02
3.368000e+08, 4.321665e-02, 9.572762e-01, 1.556737e+00, -8.555118e-01, 8.905626e-10, 4.096307e-10, 4.004855e+01, 8.637105e-02
3.406000e+08, 4.306923e-02, 9.571908e-01, 1.535473e+00, -8.652921e-01, 8.812241e-10, 4.088067e-10, 4.012164e+01, 8.603181e-02
3.444000e+08, 4.291956e-02, 9.570918e-01, 1.514433e+00, -8.750529e-01, 8.716003e-10, 4.079173e-10, 4.019354e+01, 8.565090e-02
3.482000e+08, 4.276926e-02, 9.569827e-01, 1.493623e+00, -8.847923e-01, 8.618619e-10, 4.069910e-10, 4.026418e+01, 8.523321e-02
3.520000e+08, 4.261993e-02, 9.568674e-01, 1.473045e+00, -8.945097e-01, 8.521777e-10, 4.060557e-10, 4.033355e+01, 8.478358e-02
3.558000e+08, 4.247312e-02, 9.567496e-01, 1.452698e+00, -9.042047e-01, 8.427117e-10, 4.051387e-10, 4.040164e+01, 8.430669e-02
3.596000e+08, 4.233032e-02, 9.566327e-01, 1.432577e+00, -9.138778e-01, 8.336209e-10, 4.042655e-10, 4.046849e+01, 8.380698e-02
3.634000e+08, 4.219292e-02, 9.565204e-01, 1.412674e+00, -9.235301e-01, 8.250524e-10, 4.034595e-10, 4.053413e+01, 8.328859e-02
3.672000e+08, 4.206223e-02, 9.564157e-01, 1.392975e+00, -9.331632e-01, 8.171410e-10, 4.027411e-10, 4.059864e+01, 8.275524e-02
3.710000e+08, 4.193943e-02, 9.563214e-01, 1.373465e+00, -9.427791e-01, 8.100066e-10, 4.021275e-10, 4.066211e+01, 8.221026e-02
3.748000e+08, 4.182559e-02, 9.562398e-01, 1.354125e+00, -9.523803e-01, 8.037526e-10, 4.016324e-10, 4.072464e+01, 8.165647e-02
3.786000e+08, 4.172162e-02, 9.561729e-01, 1.334934e+00, -9.619697e-01, 7.984633e-10, 4.012654e-10, 4.078634e+01, 8.109620e-02
3.824000e+08, 4.162832e-02, 9.561219e-01, 1.315870e+00, -9.715504e-01, 7.942034e-10, 4.010325e-10, 4.084733e+01, 8.053126e-02
3.862000e+08, 4.154631e-02, 9.560878e-01, 1.296908e+00, -9.811255e-01, 7.910162e-10, 4.009355e-10, 4.090773e+01, 7.996290e-02
3.900000e+08, 4.147606e-02, 9.560708e-01, 1.278021e+00, -9.906982e-01, 7.889237e-10, 4.009724e-10, 4.096769e+01, 7.939187e-02
3.938000e+08, 4.141791e-02, 9.560707e-01, 1.259185e+00, -1.000272e+00, 7.879268e-10, 4.011376e-10, 4.102732e+01, 7.881838e-02
3.976000e+08, 4.137205e-02, 9.560868e-01, 1.240372e+00, -1.009850e+00, 7.880054e-10, 4.014221e-10, 4.108676e+01, 7.824218e-02
4.014000e+08, 4.133850e-02, 9.561179e-01, 1.221558e+00, -1.019434e+00, 7.891199e-10, 4.018135e-10, 4.114611e+01, 7.766254e-02
4.052000e+08, 4.131718e-02, 9.561623e-01, 1.202717e+00, -1.029028e+00, 7.912129e-10, 4.022973e-10, 4.120548e+01, 7.707834e-02
4.090000e+08, 4.130786e-02, 9.562181e-01, 1.183826e+00, -1.038633e+00, 7.942109e-10, 4.028563e-10, 4.126499e+01, 7.648808e-02
4.128000e+08, 4.131021e-02, 9.562830e-01, 1.164863e+00, -1.048252e+00, 7.980267e-10, 4.034719e-10, 4.132469e+01, 7.588994e-02
4.166000e+08, 4.132381e-02, 9.563546e-01, 1.145809e+00, -1.057885e+00, 8.025621e-10, 4.041242e-10, 4.138468e+01, 7.528188e-02
4.204000e+08, 4.134812e-02, 9.564301e-01, 1.126647e+00, -1.067534e+00, 8.077102e-10, 4.047929e-10, 4.144501e+01, 7.466162e-02
4.242000e+08, 4.138257e-02, 9.565069e-01, 1.107362e+00, -1.077199e+00, 8.133584e-10, 4.054574e-10, 4.150571e+01, 7.402677e-02
4.280000e+08, 4.142649e-02, 9.565821e-01, 1.087942e+00, -1.086879e+00, 8.193912e-10, 4.060978e-10, 4.156680e+01, 7.337486e-02
4.318000e+08, 4.147920e-02, 9.566533e-01, 1.068378e+00, -1.096575e+00, 8.256922e-10, 4.066952e-10, 4.162830e+01, 7.270340e-02
4.356000e+08, 4.153997e-02, 9.567178e-01, 1.048664e+00, -1.106286e+00, 8.321469e-10, 4.072321e-10, 4.169020e+01, 7.200993e-02
4.394000e+08, 4.160808e-02, 9.567734e-01, 1.028796e+00, -1.116009e+00, 8.386450e-10, 4.076931e-10, 4.175247e+01, 7.129208e-02
4.432000e+08, 4.168278e-02, 9.568180e-01, 1.008772e+00, -1.125743e+00, 8.450815e-10, 4.080653e-10, 4.181508e+01, 7.054763e-02
4.470000e+08, 4.176337e-02, 9.568502e-01, 9.885949e-01, -1.135486e+00, 8.513593e-10, 4.083382e-10, 4.187797e+01, 6.977450e-02
4.508000e+08, 4.184913e-02, 9.568685e-01, 9.682677e-01, -1.145236e+00, 8.573894e-10, 4.085046e-10, 4.194109e+01, 6.897084e-02
4.546000e+08, 4.193940e-02, 9.568721e-01, 9.477966e-01, -1.154989e+00, 8.630928e-10, 4.085602e-10, 4.200436e+01, 6.813504e-02
4.584000e+08, 4.203356e-02, 9.568606e-01, 9.271893e-01, -1.164744e+00, 8.684005e-10, 4.085040e-10, 4.206771e+01, 6.726574e-02
4.622000e+08, 4.213103e-02, 9.568339e-01, 9.064553e-01, -1.174497e+00, 8.732541e-10, 4.083380e-10, 4.213105e+01, 6.636185e-02
4.660000e+08, 4.223128e-02, 9.567926e-01, 8.856054e-01, -1.184247e+00, 8.776062e-10, 4.080676e-10, 4.219428e+01, 6.542257e-02
4.698000e+08, 4.233387e-02, 9.567373e-01, 8.646516e-01, -1.193990e+00, 8.814198e-10, 4.077010e-10, 4.225732e+01, 6.444736e-02
4.736000e+08, 4.243837e-02, 9.566694e-01, 8.436067e-01, -1.203724e+00, 8.846683e-10, 4.072488e-10, 4.232007e+01, 6.343597e-02
4.774000e+08, 4.254445e-02, 9.565904e-01, 8.224843e-01, -1.213448e+00, 8.873351e-10, 4.067244e-10, 4.238244e+01, 6.238842e-02
4.812000e+08, 4.265184e-02, 9.565022e-01, 8.012982e-01, -1.223159e+00, 8.894128e-10, 4.061427e-10, 4.244433e+01, 6.130496e-02
4.850000e+08, 4.276031e-02, 9.564069e-01, 7.800625e-01, -1.232856e+00, 8.909026e-10, 4.055201e-10, 4.250566e+01, 6.018609e-02
4.888000e+08, 4.286971e-02, 9.563068e-01, 7.587912e-01, -1.242538e+00, 8.918132e-10, 4.048742e-10, 4.256634e+01, 5.903250e-02
4.926000e+08, 4.297994e-02, 9.562042e-01, 7.374982e-01, -1.252205e+00, 8.921605e-10, 4.042229e-10, 4.262629e+01, 5.784508e-02
4.964000e+08, 4.309094e-02, 9.561017e-01, 7.161968e-01, -1.261856e+00, 8.919662e-10, 4.035840e-10, 4.268544e+01, 5.662485e-02
5.002000e+08, 4.320274e-02, 9.560017e-01, 6.949002e-01, -1.271492e+00, 8.912568e-10, 4.029750e-10, 4.274373e+01, 5.537297e-02
5.040000e+08, 4.331535e-02, 9.559064e-01, 6.736204e-01, -1.281114e+00, 8.900633e-10, 4.024123e-10, 4.280109e+01, 5.409071e-02
5.078000e+08, 4.342888e-02, 9.558180e-01, 6.523692e-01, -1.290722e+00, 8.884193e-10, 4.019106e-10, 4.285748e+01, 5.277939e-02
5.116000e+08, 4.354344e-02, 9.557386e-01, 6.311572e-01, -1.300318e+00, 8.863613e-10, 4.014831e-10, 4.291284e+01, 5.144037e-02
5.154000e+08, 4.365917e-02, 9.556698e-01, 6.099943e-01, -1.309904e+00, 8.839266e-10, 4.011407e-10, 4.296715e+01, 5.007506e-02
5.192000e+08, 4.377624e-02, 9.556129e-01, 5.888896e-01, -1.319481e+00, 8.811537e-10, 4.008918e-10, 4.302036e+01, 4.868485e-02
5.230000e+08, 4.389484e-02, 9.555691e-01, 5.678511e-01, -1.329053e+00, 8.780806e-10, 4.007422e-10, 4.307246e+01, 4.727109e-02
5.268000e+08, 4.401515e-02, 9.555389e-01, 5.468859e-01, -1.338621e+00, 8.747449e-10, 4.006951e-10, 4.312342e+01, 4.583513e-02
5.306000e+08, 4.413739e-02, 9.555227e-01, 5.260004e-01, -1.348188e+00, 8.711825e-10, 4.007508e-10, 4.317324e+01, 4.437822e-02
5.344000e+08, 4.426176e-02, 9.555204e-01, 5.052000e-01, -1.357757e+00, 8.674279e-10, 4.009067e-10, 4.322191e+01, 4.290159e-02
5.382000e+08, 4.438846e-02, 9.555315e-01, 4.844892e-01, -1.367329e+00, 8.635132e-10, 4.011578e-10, 4.326942e+01, 4.140637e-02
5.420000e+08, 4.451769e-02, 9.555552e-01, 4.638719e-01, -1.376907e+00, 8.594680e-10, 4.014966e-10, 4.331576e+01, 3.989362e-02
5.458000e+08, 4.464964e-02, 9.555902e-01, 4.433511e-01, -1.386493e+00, 8.553190e-10, 4.019131e-10, 4.336095e+01, 3.836431e-02
5.496000e+08, 4.478449e-02, 9.556352e-01, 4.229294e-01, -1.396089e+00, 8.510904e-10, 4.023955e-10, 4.340499e+01, 3.681934e-02
5.534000e+08, 4.492239e-02, 9.556882e-01, 4.026087e-01, -1.405697e+00, 8.468030e-10, 4.029305e-10, 4.344787e+01, 3.525953e-02
5.572000e+08, 4.506352e-02, 9.557475e-01, 3.823904e-01, -1.415317e+00, 8.424748e-10, 4.035032e-10, 4.348961e+01, 3.368562e-02
5.610000e+08, 4.520799e-02, 9.558108e-01, 3.622753e-01, -1.424951e+00, 8.381210e-10, 4.040980e-10, 4.353022e+01, 3.209827e-02
5.648000e+08, 4.535593e-02, 9.558759e-01, 3.422643e-01, -1.434599e+00, 8.337541e-10, 4.046988e-10, 4.356970e+01, 3.049809e-02
5.686000e+08, 4.550744e-02, 9.559405e-01, 3.223575e-01, -1.444262e+00, 8.293841e-10, 4.052895e-10, 4.360806e+01, 2.888563e-02
5.724000e+08, 4.566260e-02, 9.560024e-01, 3.025550e-01, -1.453939e+00, 8.250185e-10, 4.058543e-10, 4.364530e+01, 2.726137e-02
5.762000e+08, 4.582150e-02, 9.560594e-01, 2.828568e-01, -1.463629e+00, 8.206633e-10, 4.063780e-10, 4.368143e+01, 2.562577e-02
5.800000e+08, 4.598417e-02, 9.561094e-01, 2.632625e-01, -1.473332e+00, 8.163226e-10, 4.068467e-10, 4.371646e+01, 2.397923e-02
5.838000e+08, 4.615068e-02, 9.561504e-01, 2.437719e-01, -1.483046e+00, 8.119992e-10, 4.072479e-10, 4.375040e+01, 2.232214e-02
5.876000e+08, 4.632105e-02, 9.561809e-01, 2.243846e-01, -1.492769e+00, 8.076952e-10, 4.075710e-10, 4.378323e+01, 2.065485e-02
5.914000e+08, 4.649530e-02, 9.561995e-01, 2.051000e-01, -1.502500e+00, 8.034119e-10, 4.078071e-10, 4.381498e+01, 1.897769e-02
5.952000e+08, 4.667345e-02, 9.562049e-01, 1.859176e-01, -1.512237e+00, 7.991504e-10, 4.079499e-10, 4.384564e+01, 1.729097e-02
5.990000e+08, 4.685551e-02, 9.561966e-01, 1.668370e-01, -1.521978e+00, 7.949118e-10, 4.079954e-10, 4.387521e+01, 1.559501e-02
6.028000e+08, 4.704147e-02, 9.561739e-01, 1.478576e-01, -1.531719e+00, 7.906975e-10, 4.079420e-10, 4.390370e+01, 1.389010e-02
6.066000e+08, 4.723134e-02, 9.561370e-01, 1.289788e-01, -1.541459e+00, 7.865094e-10, 4.077906e-10, 4.393111e+01, 1.217650e-02
6.104000e+08, 4.742511e-02, 9.560862e-01, 1.102001e-01, -1.551195e+00, 7.823498e-10, 4.075447e-10, 4.395743e+01, 1.045449e-02
6.142000e+08, 4.762277e-02, 9.560219e-01, 9.152059e-02, -1.560926e+00, 7.782220e-10, 4.072100e-10, 4.398267e+01, 8.724329e-03
6.180000e+08, 4.782430e-02, 9.559453e-01, 7.293968e-02, -1.570649e+00, 7.741299e-10, 4.067946e-10, 4.400684e+01, 6.986259e-03
6.218000e+08, 4.802970e-02, 9.558577e-01, 5.445647e-02, -1.580361e+00, 7.700783e-10, 4.063084e-10, 4.402992e+01, 5.240513e-03
6.256000e+08, 4.823896e-02, 9.557606e-01, 3.607001e-02, -1.590062e+00, 7.660725e-10, 4.057633e-10, 4.405193e+01, 3.487305e-03
6.294000e+08, 4.845205e-02, 9.556558e-01, 1.777918e-02, -1.599750e+00, 7.621186e-10, 4.051722e-10, 4.407286e+01, 1.726837e-03
6.332000e+08, 4.866896e-02, 9.555452e-01, -4.172445e-04, -1.609424e+00, 7.582229e-10, 4.045496e-10, 4.409270e+01, -4.071014e-05
6.370000e+08, 4.888966e-02, 9.554311e-01, -1.852065e-02, -1.619083e+00, 7.543922e-10, 4.039102e-10, 4.411147e+01, -1.815170e-03
6.408000e+08, 4.911414e-02, 9.553155e-01, -3.653260e-02, -1.628727e+00, 7.506330e-10, 4.032693e-10, 4.412916e+01, -3.596396e-03
6.446000e+08, 4.934235e-02, 9.552008e-01, -5.445479e-02, -1.638356e+00, 7.469518e-10, 4.026422e-10, 4.414577e+01, -5.384256e-03
6.484000e+08, 4.957425e-02, 9.550891e-01, -7.228909e-02, -1.647969e+00, 7.433545e-10, 4.020436e-10, 4.416128e+01, -7.178633e-03
6.522000e+08, 4.980980e-02, 9.549825e-01, -9.003750e-02, -1.657568e+00, 7.398464e-10, 4.014874e-10, 4.417571e+01, -8.979423e-03
6.560000e+08, 5.004894e-02, 9.548830e-01, -1.077022e-01, -1.667154e+00, 7.364315e-10, 4.009864e-10, 4.418904e+01, -1.078653e-02
6.598000e+08, 5.029159e-02, 9.547924e-01, -1.252853e-01, -1.676728e+00, 7.331130e-10, 4.005519e-10, 4.420126e+01, -1.259985e-02
6.636000e+08, 5.053768e-02, 9.547123e-01, -1.427892e-01, -1.686292e+00, 7.298925e-10, 4.001935e-10, 4.421237e+01, -1.441930e-02
6.674000e+08, 5.078711e-02, 9.546439e-01, -1.602161e-01, -1.695847e+00, 7.267700e-10, 3.999188e-10, 4.422235e+01, -1.624477e-02
6.712000e+08, 5.103976e-02, 9.545883e-01, -1.775686e-01, -1.705396e+00, 7.237440e-10, 3.997334e-10, 4.423120e+01, -1.807614e-02
6.750000e+08, 5.129551e-02, 9.545463e-01, -1.948488e-01, -1.714940e+00, 7.208110e-10, 3.996406e-10, 4.423889e+01, -1.991326e-02
6.788000e+08, 5.155422e-02, 9.545181e-01, -2.120589e-01, -1.724481e+00, 7.179660e-10, 3.996413e-10, 4.424542e+01, -2.175596e-02
6.826000e+08, 5.181573e-02, 9.545039e-01, -2.292012e-01, -1.734023e+00, 7.152021e-10, 3.997343e-10, 4.425076e+01, -2.360403e-02
6.864000e+08, 5.207987e-02, 9.545033e-01, -2.462774e-01, -1.743567e+00, 7.125107e-10, 3.999162e-10, 4.425490e+01, -2.545722e-02
6.902000e+08, 5.234645e-02, 9.545158e-01, -2.632894e-01, -1.753116e+00, 7.098815e-10, 4.001812e-10, 4.425781e+01, -2.731523e-02
6.940000e+08, 5.261527e-02, 9.545405e-01, -2.802386e-01, -1.762671e+00, 7.073032e-10, 4.005219e-10, 4.425948e+01, -2.917770e-02
6.978000e+08, 5.288613e-02, 9.545763e-01, -2.971262e-01, -1.772234e+00, 7.047629e-10, 4.009290e-10, 4.425989e+01, -3.104420e-02
7.016000e+08, 5.315880e-02, 9.546216e-01, -3.139532e-01, -1.781806e+00, 7.022469e-10, 4.013917e-10, 4.425902e+01, -3.291426e-02
7.054000e+08, 5.343305e-02, 9.546749e-01, -3.307201e-01, -1.791390e+00, 6.997408e-10, 4.018981e-10, 4.425684e+01, -3.478733e-02
7.092000e+08, 5.370865e-02, 9.547344e-01, -3.474272e-01, -1.800986e+00, 6.972298e-10, 4.024352e-10, 4.425334e+01, -3.666280e-02
7.130000e+08, 5.398538e-02, 9.547981e-01, -3.640744e-01, -1.810594e+00, 6.946991e-10, 4.029897e-10, 4.424850e+01, -3.853999e-02
7.168000e+08, 5.426299e-02, 9.548642e-01, -3.806611e-01, -1.820216e+00, 6.921340e-10, 4.035477e-10, 4.424230e+01, -4.041817e-02
7.206000e+08, 5.454125e-02, 9.549306e-01, -3.971865e-01, -1.829851e+00, 6.895206e-10, 4.040958e-10, 4.423473e+01, -4.229654e-02
7.244000e+08, 5.481995e-02, 9.549954e-01, -4.136496e-01, -1.839499e+00, 6.868458e-10, 4.046206e-10, 4.422578e+01, -4.417426e-02
7.282000e+08, 5.509886e-02, 9.550566e-01, -4.300488e-01, -1.849160e+00, 6.840976e-10, 4.051098e-10, 4.421544e+01, -4.605043e-02
7.320000e+08, 5.537780e-02, 9.551124e-01, -4.463824e-01, -1.858833e+00, 6.812657e-10, 4.055520e-10, 4.420370e+01, -4.792413e-02
7.358000e+08, 5.565656e-02, 9.551612e-01, -4.626483e-01, -1.868516e+00, 6.783415e-10, 4.059369e-10, 4.419057e+01, -4.979441e-02
7.396000e+08, 5.593499e-02, 9.552017e-01, -4.788445e-01, -1.878208e+00, 6.753185e-10, 4.062559e-10, 4.417604e+01, -5.166031e-02
7.434000e+08, 5.621294e-02, 9.552325e-01, -4.949685e-01, -1.887908e+00, 6.721923e-10, 4.065023e-10, 4.416013e+01, -5.352085e-02
7.472000e+08, 5.649029e-02, 9.552527e-01, -5.110178e-01, -1.897613e+00, 6.689608e-10, 4.066708e-10, 4.414284e+01, -5.537510e-02
7.510000e+08, 5.676693e-02, 9.552618e-01, -5.269900e-01, -1.907323e+00, 6.656245e-10, 4.067585e-10, 4.412419e+01, -5.722209e-02
7.548000e+08, 5.704278e-02, 9.552592e-01, -5.428825e-01, -1.917035e+00, 6.621863e-10, 4.067643e-10, 4.410419e+01, -5.906094e-02
7.586000e+08, 5.731781e-02, 9.552449e-01, -5.586929e-01, -1.926747e+00, 6.586517e-10, 4.066892e-10, 4.408286e+01, -6.089078e-02
7.624000e+08, 5.759198e-02, 9.552191e-01, -5.744190e-01, -1.936457e+00, 6.550285e-10, 4.065361e-10, 4.406024e+01, -6.271081e-02
7.662000e+08, 5.786529e-02, 9.551824e-01, -5.900585e-01, -1.946163e+00, 6.513270e-10, 4.063099e-10, 4.403634e+01, -6.452027e-02
7.700000e+08, 5.813777e-02, 9.551354e-01, -6.056096e-01, -1.955865e+00, 6.475595e-10, 4.060171e-10, 4.401119e+01, -6.631850e-02
7.738000e+08, 5.840947e-02, 9.550791e-01, -6.210708e-01, -1.965559e+00, 6.437403e-10, 4.056658e-10, 4.398482e+01, -6.810490e-02
7.776000e+08, 5.868045e-02, 9.550149e-01, -6.364409e-01, -1.975244e+00, 6.398853e-10, 4.052654e-10, 4.395727e+01, -6.987896e-02
7.814000e+08, 5.895080e-02, 9.549440e-01, -6.517188e-01, -1.984921e+00, 6.360120e-10, 4.048266e-10, 4.392856e+01, -7.164025e-02
7.852000e+08, 5.922063e-02, 9.548681e-01, -6.669043e-01, -1.994586e+00, 6.321386e-10, 4.043607e-10, 4.389874e+01, -7.338842e-02
7.890000e+08, 5.949004e-02, 9.547888e-01, -6.819973e-01, -2.004241e+00, 6.282844e-10, 4.038796e-10, 4.386782e+01, -7.512320e-02
7.928000e+08, 5.975915e-02, 9.547079e-01, -6.969983e-01, -2.013884e+00, 6.244685e-10, 4.033953e-10, 4.383584e+01, -7.684441e-02
7.966000e+08, 6.002810e-02, 9.546270e-01, -7.119082e-01, -2.023515e+00, 6.207103e-10, 4.029200e-10, 4.380283e+01, -7.855195e-02
8.004000e+08, 6.029701e-02, 9.545480e-01, -7.267283e-01, -2.033135e+00, 6.170285e-10, 4.024652e-10, 4.376882e+01, -8.024574e-02
8.042000e+08, 6.056600e-02, 9.544724e-01, -7.414606e-01, -2.042745e+00, 6.134408e-10, 4.020420e-10, 4.373383e+01, -8.192582e-02
8.080000e+08, 6.083519e-02, 9.544018e-01, -7.561071e-01, -2.052344e+00, 6.099639e-10, 4.016605e-10, 4.369788e+01, -8.359223e-02
8.118000e+08, 6.110469e-02, 9.543377e-01, -7.706707e-01, -2.061934e+00, 6.066127e-10, 4.013296e-10, 4.366098e+01, -8.524506e-02
8.156000e+08, 6.137458e-02, 9.542813e-01, -7.851542e-01, -2.071516e+00, 6.034002e-10, 4.010569e-10, 4.362316e+01, -8.688441e-02
8.194000e+08, 6.164495e-02, 9.542336e-01, -7.995611e-01, -2.081092e+00, 6.003371e-10, 4.008484e-10, 4.358443e+01, -8.851042e-02
8.232000e+08, 6.191583e-02, 9.541955e-01, -8.138948e-01, -2.090663e+00, 5.974318e-10, 4.007086e-10, 4.354479e+01, -9.012318e-02
8.270000e+08, 6.218726e-02, 9.541674e-01, -8.281591e-01, -2.100230e+00, 5.946901e-10, 4.006399e-10, 4.350424e+01, -9.172281e-02
8.308000e+08, 6.245924e-02, 9.541498e-01, -8.423580e-01, -2.109796e+00, 5.921150e-10, 4.006434e-10, 4.346280e+01, -9.330935e-02
8.346000e+08, 6.273174e-02, 9.541427e-01, -8.564954e-01, -2.119362e+00, 5.897067e-10, 4.007181e-10, 4.342046e+01, -9.488285e-02
8.384000e+08, 6.300471e-02, 9.541458e-01, -8.705753e-01, -2.128929e+00, 5.874627e-10, 4.008613e-10, 4.337721e+01, -9.644328e-02
8.422000e+08, 6.327807e-02, 9.541588e-01, -8.846016e-01, -2.138500e+00, 5.853778e-10, 4.010687e-10, 4.333306e+01, -9.799054e-02
8.460000e+08, 6.355171e-02, 9.541809e-01, -8.985782e-01, -2.148076e+00, 5.834441e-10, 4.013345e-10, 4.328799e+01, -9.952448e-02
8.498000e+08, 6.382549e-02, 9.542113e-01, -9.125086e-01, -2.157658e+00, 5.816515e-10, 4.016515e-10, 4.324200e+01, -1.010449e-01
8.536000e+08, 6.409924e-02, 9.542488e-01, -9.263961e-01, -2.167248e+00, 5.799875e-10, 4.020113e-10, 4.319508e+01, -1.025514e-01
8.574000e+08, 6.437279e-02, 9.542923e-01, -9.402440e-01, -2.176847e+00, 5.784378e-10, 4.024048e-10, 4.314722e+01, -1.040437e-01
8.612000e+08, 6.464591e-02, 9.543403e-01, -9.540548e-01, -2.186455e+00, 5.769867e-10, 4.028217e-10, 4.309841e+01, -1.055213e-01
8.650000e+08, 6.491838e-02, 9.543913e-01, -9.678310e-01, -2.196072e+00, 5.756169e-10, 4.032518e-10, 4.304866e+01, -1.069836e-01
8.688000e+08, 6.518996e-02, 9.544439e-01, -9.815745e-01, -2.205700e+00, 5.743104e-10, 4.036843e-10, 4.299795e+01, -1.084301e-01
8.726000e+08, 6.546040e-02, 9.544964e-01, -9.952868e-01, -2.215339e+00, 5.730489e-10, 4.041086e-10, 4.294628e+01, -1.098600e-01
8.764000e+08, 6.572943e-02, 9.545474e-01, -1.008969e+00, -2.224987e+00, 5.718136e-10, 4.045145e-10, 4.289366e+01, -1.112726e-01
8.802000e+08, 6.599679e-02, 9.545954e-01, -1.022622e+00, -2.234646e+00, 5.705863e-10, 4.048924e-10, 4.284009e+01, -1.126672e-01
8.840000e+08, 6.626222e-02, 9.546390e-01, -1.036245e+00, -2.244313e+00, 5.693492e-10, 4.052331e-10, 4.278558e+01, -1.140428e-01
8.878000e+08, 6.652545e-02, 9.546769e-01, -1.049839e+00, -2.253988e+00, 5.680856e-10, 4.055290e-10, 4.273013e+01, -1.153988e-01
8.916000e+08, 6.678624e-02, 9.547080e-01, -1.063403e+00, -2.263671e+00, 5.667802e-10, 4.057733e-10, 4.267377e+01, -1.167341e-01
8.954000e+08, 6.704435e-02, 9.547315e-01, -1.076935e+00, -2.273359e+00, 5.654192e-10, 4.059606e-10, 4.261651e+01, -1.180480e-01
8.992000e+08, 6.729956e-02, 9.547465e-01, -1.090435e+00, -2.283052e+00, 5.639907e-10, 4.060870e-10, 4.255837e+01, -1.193396e-01
9.030000e+08, 6.755167e-02, 9.547525e-01, -1.103901e+00, -2.292748e+00, 5.624848e-10, 4.061501e-10, 4.249938e+01, -1.206081e-01
9.068000e+08, 6.780050e-02, 9.547493e-01, -1.117331e+00, -2.302445e+00, 5.608940e-10, 4.061490e-10, 4.243957e+01, -1.218526e-01
9.106000e+08, 6.804590e-02, 9.547368e-01, -1.130723e+00, -2.312142e+00, 5.592130e-10, 4.060845e-10, 4.237897e+01, -1.230726e-01
9.144000e+08, 6.828774e-02, 9.547152e-01, -1.144075e+00, -2.321838e+00, 5.574391e-10, 4.059589e-10, 4.231762e+01, -1.242673e-01
9.182000e+08, 6.852592e-02, 9.546848e-01, -1.157384e+00, -2.331531e+00, 5.555719e-10, 4.057759e-10, 4.225555e+01, -1.254360e-01
9.220000e+08, 6.876037e-02, 9.546463e-01, -1.170649e+00, -2.341219e+00, 5.536136e-10, 4.055405e-10, 4.219281e+01, -1.265784e-01
9.258000e+08, 6.899105e-02, 9.546004e-01, -1.183867e+00, -2.350902e+00, 5.515684e-10, 4.052591e-10, 4.212942e+01, -1.276939e-01
9.296000e+08, 6.921794e-02, 9.545480e-01, -1.197036e+00, -2.360578e+00, 5.494431e-10, 4.049389e-10, 4.206544e+01, -1.287822e-01
9.334000e+08, 6.944106e-02, 9.544904e-01, -1.210155e+00, -2.370246e+00, 5.472463e-10, 4.045882e-10, 4.200090e+01, -1.298429e-01
9.372000e+08, 6.966043e-02, 9.544286e-01, -1.223221e+00, -2.379906e+00, 5.449883e-10, 4.042157e-10, 4.193584e+01, -1.308760e-01
9.410000e+08, 6.987612e-02, 9.543641e-01, -1.236233e+00, -2.389557e+00, 5.426813e-10, 4.038307e-10, 4.187030e+01, -1.318813e-01
9.448000e+08, 7.008820e-02, 9.542981e-01, -1.249190e+00, -2.399199e+00, 5.403384e-10, 4.034426e-10, 4.180433e+01, -1.328587e-01
9.486000e+08, 7.029677e-02, 9.542320e-01, -1.262092e+00, -2.408832e+00, 5.379740e-10, 4.030606e-10, 4.173795e+01, -1.338082e-01
9.524000e+08, 7.050194e-02, 9.541672e-01, -1.274936e+00, -2.418455e+00, 5.356028e-10, 4.026940e-10, 4.167121e+01, -1.347301e-01
9.562000e+08, 7.070382e-02, 9.541050e-01, -1.287724e+00, -2.428070e+00, 5.332402e-10, 4.023512e-10, 4.160413e+01, -1.356244e-01
9.600000e+08, 7.090254e-02, 9.540466e-01, -1.300456e+00, -2.437676e+00, 5.309013e-10, 4.020402e-10, 4.153674e+01, -1.364912e-01
9.638000e+08, 7.109822e-02, 9.539931e-01, -1.313132e+00, -2.447276e+00, 5.286010e-10, 4.017679e-10, 4.146906e+01, -1.373309e-01
9.676000e+08, 7.129099e-02, 9.539455e-01, -1.325753e+00, -2.456868e+00, 5.263534e-10, 4.015403e-10, 4.140113e+01, -1.381437e-01
9.714000e+08, 7.148095e-02, 9.539046e-01, -1.338320e+00, -2.466455e+00, 5.241716e-10, 4.013622e-10, 4.133297e+01, -1.389297e-01
9.752000e+08, 7.166823e-02, 9.538712e-01, -1.350835e+00, -2.476038e+00, 5.220677e-10, 4.012370e-10, 4.126458e+01, -1.396894e-01
9.790000e+08, 7.185290e-02, 9.538456e-01, -1.363300e+00, -2.485618e+00, 5.200519e-10, 4.011668e-10, 4.119598e+01, -1.404228e-01
9.828000e+08, 7.203505e-02, 9.538281e-01, -1.375717e+00, -2.495197e+00, 5.181330e-10, 4.011525e-10, 4.112720e+01, -1.411301e-01
9.866000e+08, 7.221475e-02, 9.538189e-01, -1.388088e+00, -2.504775e+00, 5.163176e-10, 4.011934e-10, 4.105822e+01, -1.418117e-01
9.904000e+08, 7.239201e-02, 9.538177e-01, -1.400416e+00, -2.514354e+00, 5.146106e-10, 4.012875e-10, 4.098907e+01, -1.424675e-01
9.942000e+08, 7.256687e-02, 9.538242e-01, -1.412703e+00, -2.523935e+00, 5.130145e-10, 4.014316e-10, 4.091975e+01, -1.430977e-01
9.980000e+08, 7.273932e-02, 9.538381e-01, -1.424952e+00, -2.533519e+00, 5.115297e-10, 4.016213e-10, 4.085027e+01, -1.437024e-01
1.001800e+09, 7.290931e-02, 9.538584e-01, -1.437165e+00, -2.543109e+00, 5.101545e-10, 4.018509e-10, 4.078063e+01, -1.442813e-01
1.005600e+09, 7.307679e-02, 9.538846e-01, -1.449345e+00, -2.552703e+00, 5.088850e-10, 4.021142e-10, 4.071083e+01, -1.448346e-01
1.009400e+09, 7.324169e-02, 9.539155e-01, -1.461496e+00, -2.562304e+00, 5.077154e-10, 4.024039e-10, 4.064088e+01, -1.453620e-01
1.013200e+09, 7.340389e-02, 9.539502e-01, -1.473618e+00, -2.571912e+00, 5.066380e-10, 4.027123e-10, 4.057078e+01, -1.458633e-01
1.017000e+09, 7.356326e-02, 9.539876e-01, -1.485714e+00, -2.581527e+00, 5.056434e-10, 4.030313e-10, 4.050055e+01, -1.463383e-01
1.020800e+09, 7.371968e-02, 9.540264e-01, -1.497787e+00, -2.591150e+00, 5.047208e-10, 4.033527e-10, 4.043018e+01, -1.467867e-01
1.024600e+09, 7.387296e-02, 9.540655e-01, -1.509838e+00, -2.600780e+00, 5.038582e-10, 4.036682e-10, 4.035969e+01, -1.472081e-01
1.028400e+09, 7.402294e-02, 9.541037e-01, -1.521868e+00, -2.610419e+00, 5.030426e-10, 4.039700e-10, 4.028910e+01, -1.476021e-01
1.032200e+09, 7.416943e-02, 9.541399e-01, -1.533879e+00, -2.620064e+00, 5.022605e-10, 4.042504e-10, 4.021840e+01, -1.479683e-01
1.036000e+09, 7.431224e-02, 9.541731e-01, -1.545871e+00, -2.629716e+00, 5.014980e-10, 4.045025e-10, 4.014763e+01, -1.483064e-01
1.039800e+09, 7.445116e-02, 9.542022e-01, -1.557845e+00, -2.639374e+00, 5.007410e-10, 4.047203e-10, 4.007679e+01, -1.486158e-01
1.043600e+09, 7.458601e-02, 9.542265e-01, -1.569800e+00, -2.649037e+00, 4.999760e-10, 4.048986e-10, 4.000591e+01, -1.488962e-01
1.047400e+09, 7.471658e-02, 9.542452e-01, -1.581738e+00, -2.658704e+00, 4.991897e-10, 4.050332e-10, 3.993502e+01, -1.491472e-01
1.051200e+09, 7.484270e-02, 9.542578e-01, -1.593657e+00, -2.668375e+00, 4.983699e-10, 4.051210e-10, 3.986413e+01, -1.493684e-01
1.055000e+09, 7.496418e-02, 9.542639e-01, -1.605556e+00, -2.678047e+00, 4.975053e-10, 4.051603e-10, 3.979328e+01, -1.495594e-01
1.058800e+09, 7.508088e-02, 9.542633e-01, -1.617434e+00, -2.687721e+00, 4.965860e-10, 4.051505e-10, 3.972250e+01, -1.497200e-01
1.062600e+09, 7.519264e-02, 9.542560e-01, -1.629291e+00, -2.697395e+00, 4.956036e-10, 4.050921e-10, 3.965183e+01, -1.498499e-01
1.066400e+09, 7.529935e-02, 9.542421e-01, -1.641124e+00, -2.707067e+00, 4.945513e-10, 4.049871e-10, 3.958128e+01, -1.499490e-01
1.070200e+09, 7.540089e-02, 9.542220e-01, -1.652932e+00, -2.716736e+00, 4.934243e-10, 4.048384e-10, 3.951090e+01, -1.500171e-01
1.074000e+09, 7.549720e-02, 9.541961e-01, -1.664713e+00, -2.726402e+00, 4.922194e-10, 4.046501e-10, 3.944072e+01, -1.500543e-01
1.077800e+09, 7.558822e-02, 9.541650e-01, -1.676465e+00, -2.736064e+00, 4.909355e-10, 4.044271e-10, 3.937078e+01, -1.500605e-01
1.081600e+09, 7.567392e-02, 9.541296e-01, -1.688187e+00, -2.745720e+00, 4.895736e-10, 4.041753e-10, 3.930110e+01, -1.500359e-01
1.085400e+09, 7.575430e-02, 9.540907e-01, -1.699876e+00, -2.755370e+00, 4.881363e-10, 4.039011e-10, 3.923173e+01, -1.499806e-01
1.089200e+09, 7.582938e-02, 9.540493e-01, -1.711531e+00, -2.765013e+00, 4.866283e-10, 4.036116e-10, 3.916270e+01, -1.498949e-01
1.093000e+09, 7.589921e-02, 9.540063e-01, -1.723149e+00, -2.774650e+00, 4.850559e-10, 4.033140e-10, 3.909403e+01, -1.497792e-01
1.096800e+09, 7.596385e-02, 9.539629e-01, -1.734731e+00, -2.784280e+00, 4.834271e-10, 4.030159e-10, 3.902576e+01, -1.496339e-01
1.100600e+09, 7.602341e-02, 9.539202e-01, -1.746273e+00, -2.793902e+00, 4.817514e-10, 4.027246e-10, 3.895791e+01, -1.494593e-01
1.104400e+09, 7.607798e-02, 9.538792e-01, -1.757775e+00, -2.803518e+00, 4.800395e-10, 4.024473e-10, 3.889051e+01, -1.492560e-01
1.108200e+09, 7.612770e-02, 9.538409e-01, -1.769237e+00, -2.813126e+00, 4.783030e-10, 4.021910e-10, 3.882358e+01, -1.490245e-01
1.112000e+09, 7.617270e-02, 9.538064e-01, -1.780657e+00, -2.822729e+00, 4.765547e-10, 4.019617e-10, 3.875714e+01, -1.487653e-01
1.115800e+09, 7.621313e-02, 9.537764e-01, -1.792035e+00, -2.832326e+00, 4.748076e-10, 4.017652e-10, 3.869120e+01, -1.484791e-01
1.119600e+09, 7.624914e-02, 9.537518e-01, -1.803372e+00, -2.841919e+00, 4.730750e-10, 4.016061e-10, 3.862578e+01, -1.481664e-01
1.123400e+09, 7.628089e-02, 9.537332e-01, -1.814667e+00, -2.851508e+00, 4.713705e-10, 4.014882e-10, 3.856089e+01, -1.478278e-01
1.127200e+09, 7.630854e-02, 9.537211e-01, -1.825921e+00, -2.861094e+00, 4.697073e-10, 4.014144e-10, 3.849654e+01, -1.474638e-01
1.131000e+09, 7.633225e-02, 9.537158e-01, -1.837136e+00, -2.870678e+00, 4.680982e-10, 4.013863e-10, 3.843273e+01, -1.470751e-01
1.134800e+09, 7.635215e-02, 9.537175e-01, -1.848312e+00, -2.880262e+00, 4.665552e-10, 4.014044e-10, 3.836946e+01, -1.466622e-01
1.138600e+09, 7.636839e-02, 9.537263e-01, -1.859452e+00, -2.889846e+00, 4.650894e-10, 4.014684e-10, 3.830674e+01, -1.462254e-01
1.142400e+09, 7.638109e-02, 9.537419e-01, -1.870557e+00, -2.899431e+00, 4.637107e-10, 4.015766e-10, 3.824457e+01, -1.457654e-01
1.146200e+09, 7.639035e-02, 9.537642e-01, -1.881628e+00, -2.909019e+00, 4.624278e-10, 4.017262e-10, 3.818295e+01, -1.452823e-01
1.150000e+09, 7.639626e-02, 9.537927e-01, -1.892669e+00, -2.918611e+00, 4.612478e-10, 4.019139e-10, 3.812186e+01, -1.447767e-01
1.153800e+09, 7.639888e-02, 9.538267e-01, -1.903682e+00, -2.928207e+00, 4.601762e-10, 4.021349e-10, 3.806131e+01, -1.442486e-01
1.157600e+09, 7.639827e-02, 9.538656e-01, -1.914669e+00, -2.937808e+00, 4.592167e-10, 4.023842e-10, 3.800130e+01, -1.436984e-01
1.161400e+09, 7.639444e-02, 9.539086e-01, -1.925633e+00, -2.947416e+00, 4.583716e-10, 4.026557e-10, 3.794181e+01, -1.431263e-01
1.165200e+09, 7.638738e-02, 9.539548e-01, -1.936578e+00, -2.957030e+00, 4.576409e-10, 4.029433e-10, 3.788285e+01, -1.425321e-01
1.169000e+09, 7.637708e-02, 9.540031e-01, -1.947504e+00, -2.966650e+00, 4.570233e-10, 4.032402e-10, 3.782441e+01, -1.419161e-01
1.172800e+09, 7.636348e-02, 9.540527e-01, -1.958416e+00, -2.976278e+00, 4.565155e-10, 4.035396e-10, 3.776650e+01, -1.412782e-01
1.176600e+09, 7.634651e-02, 9.541025e-01, -1.969316e+00, -2.985913e+00, 4.561127e-10, 4.038347e-10, 3.770910e+01, -1.406183e-01
1.180400e+09, 7.632607e-02, 9.541514e-01, -1.980206e+00, -2.995555e+00, 4.558086e-10, 4.041188e-10, 3.765222e+01, -1.399363e-01
1.184200e+09, 7.630205e-02, 9.541985e-01, -1.991089e+00, -3.005204e+00, 4.555956e-10, 4.043856e-10, 3.759586e+01, -1.392320e-01
1.188000e+09, 7.627430e-02, 9.542429e-01, -2.001967e+00, -3.014859e+00, 4.554645e-10, 4.046293e-10, 3.754003e+01, -1.385054e-01
1.191800e+09, 7.624268e-02, 9.542837e-01, -2.012842e+00, -3.024520e+00, 4.554057e-10, 4.048445e-10, 3.748473e+01, -1.377561e-01
1.195600e+09, 7.620703e-02, 9.543202e-01, -2.023715e+00, -3.034186e+00, 4.554082e-10, 4.050266e-10, 3.742998e+01, -1.369840e-01
1.199400e+09, 7.616716e-02, 9.543517e-01, -2.034588e+00, -3.043856e+00, 4.554609e-10, 4.051721e-10, 3.737578e+01, -1.361889e-01
1.203200e+09, 7.612290e-02, 9.543777e-01, -2.045463e+00, -3.053530e+00, 4.555518e-10, 4.052780e-10, 3.732215e+01, -1.353705e-01
1.207000e+09, 7.607405e-02, 9.543977e-01, -2.056340e+00, -3.063207e+00, 4.556693e-10, 4.053425e-10, 3.726910e+01, -1.345288e-01
1.210800e+09, 7.602041e-02, 9.544117e-01, -2.067219e+00, -3.072885e+00, 4.558013e-10, 4.053646e-10, 3.721665e+01, -1.336636e-01
1.214600e+09, 7.596181e-02, 9.544194e-01, -2.078102e+00, -3.082563e+00, 4.559363e-10, 4.053444e-10, 3.716482e+01, -1.327747e-01
1.218400e+09, 7.589805e-02, 9.544209e-01, -2.088988e+00, -3.092241e+00, 4.560632e-10, 4.052831e-10, 3.711363e+01, -1.318621e-01
1.222200e+09, 7.582894e-02, 9.544163e-01, -2.099877e+00, -3.101918e+00, 4.561714e-10, 4.051825e-10, 3.706310e+01, -1.309258e-01
1.226000e+09, 7.575431e-02, 9.544062e-01, -2.110769e+00, -3.111592e+00, 4.562513e-10, 4.050457e-10, 3.701325e+01, -1.299657e-01
1.229800e+09, 7.567401e-02, 9.543907e-01, -2.121662e+00, -3.121263e+00, 4.562940e-10, 4.048762e-10, 3.696412e+01, -1.289820e-01
1.233600e+09, 7.558788e-02, 9.543707e-01, -2.132557e+00, -3.130930e+00, 4.562917e-10, 4.046785e-10, 3.691571e+01, -1.279748e-01
1.237400e+09, 7.549578e-02, 9.543467e-01, -2.143451e+00, -3.140592e+00, 4.562380e-10, 4.044576e-10, 3.686807e+01, -1.269443e-01
1.241200e+09, 7.539760e-02, 9.543195e-01, -2.154344e+00, 3.132936e+00, 4.561274e-10, 4.042187e-10, 3.682121e+01, -1.258907e-01
1.245000e+09, 7.529323e-02, 9.542898e-01, -2.165235e+00, 3.123285e+00, 4.559557e-10, 4.039678e-10, 3.677515e+01, -1.248144e-01
1.248800e+09, 7.518260e-02, 9.542587e-01, -2.176121e+00, 3.113640e+00, 4.557201e-10, 4.037107e-10, 3.672993e+01, -1.237157e-01
1.252600e+09, 7.506562e-02, 9.542270e-01, -2.187002e+00, 3.104001e+00, 4.554190e-10, 4.034535e-10, 3.668556e+01, -1.225951e-01
1.256400e+09, 7.494227e-02, 9.541955e-01, -2.197876e+00, 3.094368e+00, 4.550519e-10, 4.032019e-10, 3.664207e+01, -1.214530e-01
1.260200e+09, 7.481249e-02, 9.541651e-01, -2.208741e+00, 3.084741e+00, 4.546197e-10, 4.029618e-10, 3.659948e+01, -1.202899e-01
1.264000e+09, 7.467629e-02, 9.541368e-01, -2.219595e+00, 3.075120e+00, 4.541242e-10, 4.027382e-10, 3.655780e+01, -1.191066e-01
1.267800e+09, 7.453366e-02, 9.541112e-01, -2.230438e+00, 3.065504e+00, 4.535684e-10, 4.025361e-10, 3.651706e+01, -1.179034e-01
1.271600e+09, 7.438463e-02, 9.540891e-01, -2.241267e+00, 3.055893e+00, 4.529559e-10, 4.023596e-10, 3.647727e+01, -1.166812e-01
1.275400e+09, 7.422923e-02, 9.540712e-01, -2.252082e+00, 3.046286e+00, 4.522915e-10, 4.022122e-10, 3.643844e+01, -1.154405e-01
1.279200e+09, 7.406750e-02, 9.540578e-01, -2.262881e+00, 3.036683e+00, 4.515803e-10, 4.020969e-10, 3.640060e+01, -1.141820e-01
1.283000e+09, 7.389950e-02, 9.540496e-01, -2.273663e+00, 3.027083e+00, 4.508282e-10, 4.020156e-10, 3.636375e+01, -1.129065e-01
1.286800e+09, 7.372530e-02, 9.540466e-01, -2.284427e+00, 3.017484e+00, 4.500412e-10, 4.019693e-10, 3.632790e+01, -1.116146e-01
1.290600e+09, 7.354497e-02, 9.540492e-01, -2.295172e+00, 3.007887e+00, 4.492259e-10, 4.019586e-10, 3.629306e+01, -1.103071e-01
1.294400e+09, 7.335859e-02, 9.540573e-01, -2.305898e+00, 2.998289e+00, 4.483888e-10, 4.019828e-10, 3.625923e+01, -1.089846e-01
1.298200e+09, 7.316623e-02, 9.540709e-01, -2.316604e+00, 2.988692e+00, 4.475363e-10, 4.020406e-10, 3.622643e+01, -1.076478e-01
1.302000e+09, 7.296800e-02, 9.540899e-01, -2.327289e+00, 2.979092e+00, 4.466750e-10, 4.021300e-10, 3.619465e+01, -1.062975e-01
1.305800e+09, 7.276397e-02, 9.541138e-01, -2.337954e+00, 2.969491e+00, 4.458109e-10, 4.022483e-10, 3.616390e+01, -1.049343e-01
1.309600e+09, 7.255422e-02, 9.541423e-01, -2.348599e+00, 2.959887e+00, 4.449499e-10, 4.023921e-10, 3.613418e+01, -1.035589e-01
1.313400e+09, 7.233885e-02, 9.541750e-01, -2.359222e+00, 2.950279e+00, 4.440973e-10, 4.025574e-10, 3.610549e+01, -1.021719e-01
1.317200e+09, 7.211793e-02, 9.542111e-01, -2.369826e+00, 2.940668e+00, 4.432579e-10, 4.027401e-10, 3.607783e+01, -1.007739e-01
1.321000e+09, 7.189152e-02, 9.542502e-01, -2.380409e+00, 2.931052e+00, 4.424361e-10, 4.029355e-10, 3.605120e+01, -9.936547e-02
1.324800e+09, 7.165972e-02, 9.542916e-01, -2.390972e+00, 2.921432e+00, 4.416354e-10, 4.031388e-10, 3.602560e+01, -9.794726e-02
1.328600e+09, 7.142257e-02, 9.543345e-01, -2.401517e+00, 2.911806e+00, 4.408589e-10, 4.033453e-10, 3.600103e+01, -9.651978e-02
1.332400e+09, 7.118013e-02, 9.543783e-01, -2.412043e+00, 2.902176e+00, 4.401090e-10, 4.035501e-10, 3.597749e+01, -9.508358e-02
1.336200e+09, 7.093246e-02, 9.544223e-01, -2.422551e+00, 2.892541e+00, 4.393874e-10, 4.037487e-10, 3.595497e+01, -9.363916e-02
1.340000e+09, 7.067960e-02, 9.544657e-01, -2.433042e+00, 2.882901e+00, 4.386951e-10, 4.039367e-10, 3.593347e+01, -9.218704e-02
1.343800e+09, 7.042158e-02, 9.545080e-01, -2.443516e+00, 2.873256e+00, 4.380328e-10, 4.041101e-10, 3.591300e+01, -9.072768e-02
1.347600e+09, 7.015844e-02, 9.545486e-01, -2.453975e+00, 2.863608e+00, 4.374005e-10, 4.042656e-10, 3.589355e+01, -8.926158e-02
1.351400e+09, 6.989020e-02, 9.545870e-01, -2.464418e+00, 2.853955e+00, 4.367976e-10, 4.044001e-10, 3.587512e+01, -8.778919e-02
1.355200e+09, 6.961689e-02, 9.546228e-01, -2.474847e+00, 2.844300e+00, 4.362233e-10, 4.045114e-10, 3.585771e+01, -8.631097e-02
1.359000e+09, 6.933852e-02, 9.546555e-01, -2.485263e+00, 2.834642e+00, 4.356766e-10, 4.045977e-10, 3.584131e+01, -8.482738e-02
1.362800e+09, 6.905511e-02, 9.546850e-01, -2.495665e+00, 2.824982e+00, 4.351560e-10, 4.046580e-10, 3.582594e+01, -8.333887e-02
1.366600e+09, 6.876665e-02, 9.547111e-01, -2.506055e+00, 2.815320e+00, 4.346600e-10, 4.046920e-10, 3.581158e+01, -8.184589e-02
1.370400e+09, 6.847317e-02, 9.547337e-01, -2.516433e+00, 2.805657e+00, 4.341870e-10, 4.047000e-10, 3.579824e+01, -8.034889e-02
1.374200e+09, 6.817467e-02, 9.547529e-01, -2.526799e+00, 2.795995e+00, 4.337356e-10, 4.046830e-10, 3.578591e+01, -7.884832e-02
1.378000e+09, 6.787115e-02, 9.547688e-01, -2.537155e+00, 2.786332e+00, 4.333044e-10, 4.046427e-10, 3.577461e+01, -7.734465e-02
1.381800e+09, 6.756262e-02, 9.547816e-01, -2.547501e+00, 2.776671e+00, 4.328920e-10, 4.045811e-10, 3.576432e+01, -7.583834e-02
1.385600e+09, 6.724908e-02, 9.547916e-01, -2.557837e+00, 2.767011e+00, 4.324977e-10, 4.045009e-10, 3.575504e+01, -7.432984e-02
1.389400e+09, 6.693055e-02, 9.547992e-01, -2.568163e+00, 2.757353e+00, 4.321207e-10, 4.044051e-10, 3.574679e+01, -7.281964e-02
1.393200e+09, 6.660704e-02, 9.548048e-01, -2.578480e+00, 2.747698e+00, 4.317608e-10, 4.042972e-10, 3.573954e+01, -7.130820e-02
1.397000e+09, 6.627855e-02, 9.548089e-01, -2.588789e+00, 2.738045e+00, 4.314180e-10, 4.041807e-10, 3.573331e+01, -6.979600e-02
1.400800e+09, 6.594509e-02, 9.548119e-01, -2.599090e+00, 2.728395e+00, 4.310930e-10, 4.040594e-10, 3.572810e+01, -6.828351e-02
1.404600e+09, 6.560669e-02, 9.548144e-01, -2.609382e+00, 2.718747e+00, 4.307866e-10, 4.039370e-10, 3.572390e+01, -6.677122e-02
1.408400e+09, 6.526337e-02, 9.548169e-01, -2.619668e+00, 2.709103e+00, 4.305001e-10, 4.038173e-10, 3.572070e+01, -6.525959e-02
1.412200e+09, 6.491513e-02, 9.548199e-01, -2.629947e+00, 2.699461e+00, 4.302353e-10, 4.037037e-10, 3.571851e+01, -6.374910e-02
1.416000e+09, 6.456200e-02, 9.548240e-01, -2.640219e+00, 2.689822e+00, 4.299942e-10, 4.035998e-10, 3.571733e+01, -6.224022e-02
1.419800e+09, 6.420400e-02, 9.548295e-01, -2.650486e+00, 2.680186e+00, 4.297791e-10, 4.035083e-10, 3.571715e+01, -6.073340e-02
1.423600e+09, 6.384115e-02, 9.548368e-01, -2.660747e+00, 2.670552e+00, 4.295926e-10, 4.034320e-10, 3.571797e+01, -5.922910e-02
1.427400e+09, 6.347348e-02, 9.548464e-01, -2.671004e+00, 2.660919e+00, 4.294375e-10, 4.033729e-10, 3.571978e+01, -5.772777e-02
1.431200e+09, 6.310100e-02, 9.548585e-01, -2.681257e+00, 2.651288e+00, 4.293164e-10, 4.033328e-10, 3.572259e+01, -5.622984e-02
1.435000e+09, 6.272372e-02, 9.548733e-01, -2.691508e+00, 2.641658e+00, 4.292322e-10, 4.033127e-10, 3.572639e+01, -5.473574e-02
1.438800e+09, 6.234167e-02, 9.548910e-01, -2.701756e+00, 2.632029e+00, 4.291876e-10, 4.033132e-10, 3.573117e+01, -5.324588e-02
1.442600e+09, 6.195486e-02, 9.549116e-01, -2.712003e+00, 2.622399e+00, 4.291850e-10, 4.033344e-10, 3.573693e+01, -5.176066e-02
1.446400e+09, 6.156329e-02, 9.549352e-01, -2.722251e+00, 2.612769e+00, 4.292267e-10, 4.033757e-10, 3.574367e+01, -5.028047e-02
1.450200e+09, 6.116698e-02, 9.549616e-01, -2.732499e+00, 2.603138e+00, 4.293146e-10, 4.034361e-10, 3.575139e+01, -4.880571e-02
1.454000e+09, 6.076590e-02, 9.549907e-01, -2.742749e+00, 2.593506e+00, 4.294499e-10, 4.035141e-10, 3.576007e+01, -4.733674e-02
1.457800e+09, 6.036007e-02, 9.550223e-01, -2.753003e+00, 2.583871e+00, 4.296337e-10, 4.036077e-10, 3.576973e+01, -4.587394e-02
1.461600e+09, 5.994947e-02, 9.550561e-01, -2.763261e+00, 2.574235e+00, 4.298662e-10, 4.037146e-10, 3.578035e+01, -4.441766e-02
1.465400e+09, 5.953407e-02, 9.550918e-01, -2.773524e+00, 2.564596e+00, 4.301470e-10, 4.038323e-10, 3.579194e+01, -4.296828e-02
1.469200e+09, 5.911386e-02, 9.551289e-01, -2.783795e+00, 2.554954e+00, 4.304751e-10, 4.039578e-10, 3.580449e+01, -4.152614e-02
1.473000e+09, 5.868881e-02, 9.551672e-01, -2.794073e+00, 2.545309e+00, 4.308486e-10, 4.040882e-10, 3.581801e+01, -4.009162e-02
1.476800e+09, 5.825888e-02, 9.552061e-01, -2.804360e+00, 2.535661e+00, 4.312653e-10, 4.042204e-10, 3.583248e+01, -3.866508e-02
1.480600e+09, 5.782403e-02, 9.552453e-01, -2.814657e+00, 2.526009e+00, 4.317217e-10, 4.043514e-10, 3.584792e+01, -3.724691e-02
1.484400e+09, 5.738421e-02, 9.552842e-01, -2.824964e+00, 2.516355e+00, 4.322140e-10, 4.044781e-10, 3.586432e+01, -3.583748e-02
1.488200e+09, 5.693939e-02, 9.553226e-01, -2.835284e+00, 2.506698e+00, 4.327377e-10, 4.045978e-10, 3.588167e+01, -3.443720e-02
1.492000e+09, 5.648950e-02, 9.553599e-01, -2.845616e+00, 2.497038e+00, 4.332876e-10, 4.047080e-10, 3.590000e+01, -3.304650e-02
1.495800e+09, 5.603450e-02, 9.553960e-01, -2.855961e+00, 2.487375e+00, 4.338580e-10, 4.048064e-10, 3.591928e+01, -3.166579e-02
1.499600e+09, 5.557434e-02, 9.554303e-01, -2.866320e+00, 2.477710e+00, 4.344428e-10, 4.048911e-10, 3.593953e+01, -3.029555e-02
1.503400e+09, 5.510896e-02, 9.554628e-01, -2.876693e+00, 2.468042e+00, 4.350355e-10, 4.049606e-10, 3.596074e+01, -2.893625e-02
1.507200e+09, 5.463833e-02, 9.554931e-01, -2.887080e+00, 2.458373e+00, 4.356295e-10, 4.050138e-10, 3.598292e+01, -2.758838e-02
1.511000e+09, 5.416238e-02, 9.555212e-01, -2.897481e+00, 2.448703e+00, 4.362180e-10, 4.050502e-10, 3.600607e+01, -2.625248e-02
1.514800e+09, 5.368109e-02, 9.555470e-01, -2.907896e+00, 2.439032e+00, 4.367942e-10, 4.050697e-10, 3.603018e+01, -2.492908e-02
1.518600e+09, 5.319441e-02, 9.555704e-01, -2.918325e+00, 2.429361e+00, 4.373517e-10, 4.050725e-10, 3.605525e+01, -2.361876e-02
1.522400e+09, 5.270233e-02, 9.555915e-01, -2.928767e+00, 2.419689e+00, 4.378842e-10, 4.050595e-10, 3.608129e+01, -2.232210e-02
1.526200e+09, 5.220482e-02, 9.556105e-01, -2.939222e+00, 2.410018e+00, 4.383860e-10, 4.050318e-10, 3.610829e+01, -2.103972e-02
1.530000e+09, 5.170188e-02, 9.556274e-01, -2.949689e+00, 2.400347e+00, 4.388522e-10, 4.049910e-10, 3.613625e+01, -1.977223e-02
1.533800e+09, 5.119351e-02, 9.556425e-01, -2.960167e+00, 2.390678e+00, 4.392783e-10, 4.049390e-10, 3.616516e+01, -1.852027e-02
1.537600e+09, 5.067972e-02, 9.556561e-01, -2.970656e+00, 2.381009e+00, 4.396611e-10, 4.048781e-10, 3.619502e+01, -1.728449e-02
1.541400e+09, 5.016054e-02, 9.556685e-01, -2.981153e+00, 2.371342e+00, 4.399981e-10, 4.048105e-10, 3.622582e+01, -1.606555e-02
1.545200e+09, 4.963601e-02, 9.556800e-01, -2.991659e+00, 2.361677e+00, 4.402882e-10, 4.047389e-10, 3.625755e+01, -1.486408e-02
1.549000e+09, 4.910618e-02, 9.556909e-01, -3.002171e+00, 2.352014e+00, 4.405315e-10, 4.046658e-10, 3.629020e+01, -1.368076e-02
1.552800e+09, 4.857111e-02, 9.557016e-01, -3.012689e+00, 2.342352e+00, 4.407296e-10, 4.045940e-10, 3.632377e+01, -1.251620e-02
1.556600e+09, 4.803088e-02, 9.557125e-01, -3.023212e+00, 2.332692e+00, 4.408853e-10, 4.045260e-10, 3.635823e+01, -1.137105e-02
1.560400e+09, 4.748558e-02, 9.557238e-01, -3.033739e+00, 2.323033e+00, 4.410031e-10, 4.044642e-10, 3.639358e+01, -1.024592e-02
1.564200e+09, 4.693531e-02, 9.557360e-01, -3.044268e+00, 2.313376e+00, 4.410889e-10, 4.044110e-10, 3.642979e+01, -9.141384e-03
1.568000e+09, 4.638017e-02, 9.557493e-01, -3.054800e+00, 2.303720e+00, 4.411504e-10, 4.043683e-10, 3.646686e+01, -8.058011e-03
1.571800e+09, 4.582029e-02, 9.557639e-01, -3.065333e+00, 2.294066e+00, 4.411965e-10, 4.043378e-10, 3.650476e+01, -6.996325e-03
1.575600e+09, 4.525579e-02, 9.557801e-01, -3.075867e+00, 2.284412e+00, 4.412379e-10, 4.043209e-10, 3.654347e+01, -5.956819e-03
1.579400e+09, 4.468682e-02, 9.557980e-01, -3.086402e+00, 2.274758e+00, 4.412868e-10, 4.043185e-10, 3.658298e+01, -4.939944e-03
1.583200e+09, 4.411350e-02, 9.558178e-01, -3.096938e+00, 2.265104e+00, 4.413568e-10, 4.043313e-10, 3.662326e+01, -3.946111e-03
1.587000e+09, 4.353599e-02, 9.558394e-01, -3.107476e+00, 2.255451e+00, 4.414626e-10, 4.043594e-10, 3.666429e+01, -2.975685e-03
1.590800e+09, 4.295442e-02, 9.558629e-01, -3.118016e+00, 2.245796e+00, 4.416206e-10, 4.044026e-10, 3.670605e+01, -2.028986e-03
1.594600e+09, 4.236895e-02, 9.558882e-01, -3.128560e+00, 2.236140e+00, 4.418478e-10, 4.044601e-10, 3.674852e+01, -1.106288e-03
1.598400e+09, 4.177970e-02, 9.559152e-01, -3.139110e+00, 2.226484e+00, 4.421626e-10, 4.045310e-10, 3.679168e+01, -2.078197e-04
1.602200e+09, 4.118683e-02, 9.559436e-01, 3.133518e+00, 2.216825e+00, 4.425840e-10, 4.046139e-10, 3.683549e+01, 6.662382e-04
1.606000e+09, 4.059047e-02, 9.559733e-01, 3.122951e+00, 2.207164e+00, 4.431317e-10, 4.047069e-10, 3.687995e+01, 1.515747e-03
1.609800e+09, 3.999073e-02, 9.560041e-01, 3.112371e+00, 2.197501e+00, 4.438259e-10, 4.048081e-10, 3.692503e+01, 2.340609e-03
1.613600e+09, 3.938774e-02, 9.560355e-01, 3.101774e+00, 2.187836e+00, 4.446871e-10, 4.049153e-10, 3.697071e+01, 3.140766e-03
1.617400e+09, 3.878160e-02, 9.560673e-01, 3.091157e+00, 2.178168e+00, 4.457362e-10, 4.050261e-10, 3.701697e+01, 3.916192e-03
1.621200e+09, 3.817241e-02, 9.560991e-01, 3.080514e+00, 2.168498e+00, 4.469936e-10, 4.051380e-10, 3.706379e+01, 4.666893e-03
1.625000e+09, 3.756024e-02, 9.561306e-01, 3.069842e+00, 2.158825e+00, 4.484799e-10, 4.052485e-10, 3.711116e+01, 5.392897e-03
1.628800e+09, 3.694516e-02, 9.561613e-01, 3.059134e+00, 2.149149e+00, 4.502154e-10, 4.053550e-10, 3.715906e+01, 6.094254e-03
1.632600e+09, 3.632722e-02, 9.561910e-01, 3.048384e+00, 2.139471e+00, 4.522199e-10, 4.054551e-10, 3.720747e+01, 6.771027e-03
1.636400e+09, 3.570646e-02, 9.562193e-01, 3.037587e+00, 2.129790e+00, 4.545126e-10, 4.055467e-10, 3.725639e+01, 7.423284e-03
1.640200e+09, 3.508290e-02, 9.562459e-01, 3.026735e+00, 2.120107e+00, 4.571123e-10, 4.056276e-10, 3.730580e+01, 8.051098e-03
1.644000e+09, 3.445655e-02, 9.562705e-01, 3.015821e+00, 2.110422e+00, 4.600373e-10, 4.056960e-10, 3.735569e+01, 8.654536e-03
1.647800e+09, 3.382739e-02, 9.562929e-01, 3.004837e+00, 2.100736e+00, 4.633054e-10, 4.057505e-10, 3.740606e+01, 9.233654e-03
1.651600e+09, 3.319541e-02, 9.563129e-01, 2.993775e+00, 2.091048e+00, 4.669337e-10, 4.057900e-10, 3.745689e+01, 9.788493e-03
1.655400e+09, 3.256056e-02, 9.563304e-01, 2.982627e+00, 2.081360e+00, 4.709395e-10, 4.058136e-10, 3.750818e+01, 1.031907e-02
1.659200e+09, 3.192281e-02, 9.563452e-01, 2.971382e+00, 2.071670e+00, 4.753398e-10, 4.058210e-10, 3.755992e+01, 1.082539e-02
1.663000e+09, 3.128210e-02, 9.563575e-01, 2.960033e+00, 2.061981e+00, 4.801518e-10, 4.058122e-10, 3.761211e+01, 1.130740e-02
1.666800e+09, 3.063836e-02, 9.563670e-01, 2.948569e+00, 2.052292e+00, 4.853937e-10, 4.057877e-10, 3.766475e+01, 1.176504e-02
1.670600e+09, 2.999152e-02, 9.563741e-01, 2.936980e+00, 2.042603e+00, 4.910847e-10, 4.057481e-10, 3.771783e+01, 1.219821e-02
1.674400e+09, 2.934150e-02, 9.563788e-01, 2.925255e+00, 2.032915e+00, 4.972455e-10, 4.056947e-10, 3.777135e+01, 1.260676e-02
1.678200e+09, 2.868823e-02, 9.563814e-01, 2.913382e+00, 2.023229e+00, 5.038997e-10, 4.056290e-10, 3.782531e+01, 1.299050e-02
1.682000e+09, 2.803162e-02, 9.563819e-01, 2.901351e+00, 2.013544e+00, 5.110737e-10, 4.055528e-10, 3.787970e+01, 1.334923e-02
1.685800e+09, 2.737162e-02, 9.563809e-01, 2.889149e+00, 2.003861e+00, 5.187985e-10, 4.054680e-10, 3.793451e+01, 1.368268e-02
1.689600e+09, 2.670813e-02, 9.563785e-01, 2.876762e+00, 1.994180e+00, 5.271103e-10, 4.053770e-10, 3.798976e+01, 1.399056e-02
1.693400e+09, 2.604111e-02, 9.563751e-01, 2.864176e+00, 1.984501e+00, 5.360521e-10, 4.052821e-10, 3.804542e+01, 1.427255e-02
1.697200e+09, 2.537050e-02, 9.563711e-01, 2.851378e+00, 1.974825e+00, 5.456752e-10, 4.051858e-10, 3.810149e+01, 1.452828e-02
1.701000e+09, 2.469625e-02, 9.563668e-01, 2.838349e+00, 1.965150e+00, 5.560413e-10, 4.050906e-10, 3.815796e+01, 1.475739e-02
1.704800e+09, 2.401834e-02, 9.563626e-01, 2.825073e+00, 1.955479e+00, 5.672243e-10, 4.049989e-10, 3.821483e+01, 1.495947e-02
1.708600e+09, 2.333676e-02, 9.563589e-01, 2.811530e+00, 1.945809e+00, 5.793135e-10, 4.049132e-10, 3.827208e+01, 1.513409e-02
1.712400e+09, 2.265152e-02, 9.563560e-01, 2.797698e+00, 1.936141e+00, 5.924163e-10, 4.048357e-10, 3.832970e+01, 1.528085e-02
1.716200e+09, 2.196264e-02, 9.563543e-01, 2.783553e+00, 1.926475e+00, 6.066626e-10, 4.047684e-10, 3.838767e+01, 1.539932e-02
1.720000e+09, 2.127017e-02, 9.563539e-01, 2.769069e+00, 1.916811e+00, 6.222091e-10, 4.047130e-10, 3.844598e+01, 1.548907e-02
1.723800e+09, 2.057417e-02, 9.563553e-01, 2.754213e+00, 1.907148e+00, 6.392457e-10, 4.046711e-10, 3.850460e+01, 1.554968e-02
1.727600e+09, 1.987475e-02, 9.563584e-01, 2.738950e+00, 1.897486e+00, 6.580025e-10, 4.046439e-10, 3.856353e+01, 1.558077e-02
1.731400e+09, 1.917202e-02, 9.563637e-01, 2.723240e+00, 1.887825e+00, 6.787591e-10, 4.046321e-10, 3.862272e+01, 1.558197e-02
1.735200e+09, 1.846613e-02, 9.563710e-01, 2.707033e+00, 1.878163e+00, 7.018569e-10, 4.046362e-10, 3.868217e+01, 1.555293e-02
1.739000e+09, 1.775726e-02, 9.563805e-01, 2.690276e+00, 1.868502e+00, 7.277134e-10, 4.046564e-10, 3.874184e+01, 1.549333e-02
1.742800e+09, 1.704560e-02, 9.563921e-01, 2.672901e+00, 1.858841e+00, 7.568428e-10, 4.046923e-10, 3.880170e+01, 1.540292e-02
1.746600e+09, 1.633141e-02, 9.564059e-01, 2.654830e+00, 1.849178e+00, 7.898812e-10, 4.047434e-10, 3.886173e+01, 1.528146e-02
1.750400e+09, 1.561496e-02, 9.564216e-01, 2.635971e+00, 1.839515e+00, 8.276208e-10, 4.048085e-10, 3.892190e+01, 1.512878e-02
1.754200e+09, 1.489656e-02, 9.564392e-01, 2.616211e+00, 1.829849e+00, 8.710562e-10, 4.048866e-10, 3.898217e+01, 1.494475e-02
1.758000e+09, 1.417659e-02, 9.564583e-01, 2.595413e+00, 1.820182e+00, 9.214459e-10, 4.049759e-10, 3.904252e+01, 1.472928e-02
1.761800e+09, 1.345546e-02, 9.564788e-01, 2.573413e+00, 1.810513e+00, 9.803979e-10, 4.050747e-10, 3.910291e+01, 1.448235e-02
1.765600e+09, 1.273368e-02, 9.565003e-01, 2.550005e+00, 1.800841e+00, 1.049988e-09, 4.051809e-10, 3.916331e+01, 1.420398e-02
1.769400e+09, 1.201181e-02, 9.565226e-01, 2.524935e+00, 1.791167e+00, 1.132924e-09, 4.052925e-10, 3.922369e+01, 1.389424e-02
1.773200e+09, 1.129054e-02, 9.565452e-01, 2.497885e+00, 1.781490e+00, 1.232788e-09, 4.054071e-10, 3.928402e+01, 1.355327e-02
1.777000e+09, 1.057071e-02, 9.565679e-01, 2.468451e+00, 1.771811e+00, 1.354370e-09, 4.055225e-10, 3.934426e+01, 1.318123e-02
1.780800e+09, 9.853348e-03, 9.565904e-01, 2.436114e+00, 1.762129e+00, 1.504173e-09, 4.056364e-10, 3.940438e+01, 1.277833e-02
1.784600e+09, 9.139747e-03, 9.566122e-01, 2.400200e+00, 1.752444e+00, 1.691137e-09, 4.057466e-10, 3.946436e+01, 1.234483e-02
1.788400e+09, 8.431584e-03, 9.566329e-01, 2.359822e+00, 1.742756e+00, 1.927722e-09, 4.058510e-10, 3.952417e+01, 1.188101e-02
1.792200e+09, 7.731078e-03, 9.566524e-01, 2.313796e+00, 1.733066e+00, 2.231481e-09, 4.059477e-10, 3.958378e+01, 1.138718e-02
1.796000e+09, 7.041247e-03, 9.566703e-01, 2.260517e+00, 1.723373e+00, 2.627281e-09, 4.060349e-10, 3.964317e+01, 1.086368e-02
1.799800e+09, 6.366305e-03, 9.566864e-01, 2.197788e+00, 1.713679e+00, 3.150168e-09, 4.061112e-10, 3.970231e+01, 1.031087e-02
1.803600e+09, 5.712293e-03, 9.567003e-01, 2.122574e+00, 1.703982e+00, 3.848072e-09, 4.061754e-10, 3.976117e+01, 9.729120e-03
1.807400e+09, 5.088073e-03, 9.567120e-01, 2.030697e+00, 1.694285e+00, 4.780916e-09, 4.062266e-10, 3.981974e+01, 9.118793e-03
1.811200e+09, 4.506860e-03, 9.567212e-01, 1.916547e+00, 1.684585e+00, 6.005349e-09, 4.062642e-10, 3.987800e+01, 8.480268e-03
1.815000e+09, 3.988361e-03, 9.567280e-01, 1.773163e+00, 1.674885e+00, 7.519942e-09, 4.062880e-10, 3.993592e+01, 7.813911e-03
1.818800e+09, 3.560984e-03, 9.567322e-01, 1.593616e+00, 1.665185e+00, 9.142619e-09, 4.062979e-10, 3.999350e+01, 7.120083e-03
1.822600e+09, 3.261688e-03, 9.567339e-01, 1.375326e+00, 1.655484e+00, 1.038981e-08, 4.062945e-10, 4.005071e+01, 6.399128e-03
1.826400e+09, 3.128395e-03, 9.567330e-01, 1.127258e+00, 1.645783e+00, 1.065717e-08, 4.062783e-10, 4.010754e+01, 5.651371e-03
1.830200e+09, 3.182929e-03, 9.567298e-01, 8.728060e-01, 1.636083e+00, 9.786895e-09, 4.062503e-10, 4.016398e+01, 4.877119e-03
1.834000e+09, 3.417124e-03, 9.567243e-01, 6.391331e-01, 1.626383e+00, 8.253537e-09, 4.062117e-10, 4.022001e+01, 4.076653e-03
1.837800e+09, 3.798624e-03, 9.567166e-01, 4.420708e-01, 1.616685e+00, 6.648254e-09, 4.061640e-10, 4.027562e+01, 3.250230e-03
1.841600e+09, 4.288949e-03, 9.567071e-01, 2.833364e-01, 1.606987e+00, 5.283013e-09, 4.061087e-10, 4.033080e+01, 2.398082e-03
1.845400e+09, 4.855829e-03, 9.566959e-01, 1.571986e-01, 1.597291e+00, 4.221672e-09, 4.060477e-10, 4.038553e+01, 1.520414e-03
1.849200e+09, 5.476069e-03, 9.566833e-01, 5.640153e-02, 1.587596e+00, 3.423324e-09, 4.059826e-10, 4.043979e+01, 6.174084e-04
1.853000e+09, 6.133986e-03, 9.566695e-01, -2.533411e-02, 1.577902e+00, 2.826068e-09, 4.059154e-10, 4.049359e+01, -3.107766e-04
1.856800e+09, 6.819124e-03, 9.566548e-01, -9.280961e-02, 1.568211e+00, 2.375997e-09, 4.058480e-10, 4.054690e+01, -1.264002e-03
1.860600e+09, 7.524457e-03, 9.566394e-01, -1.495392e-01, 1.558521e+00, 2.032520e-09, 4.057821e-10, 4.059970e+01, -2.242147e-03
1.864400e+09, 8.245176e-03, 9.566237e-01, -1.980678e-01, 1.548832e+00, 1.766573e-09, 4.057195e-10, 4.065199e+01, -3.245103e-03
1.868200e+09, 8.977917e-03, 9.566078e-01, -2.402467e-01, 1.539145e+00, 1.557635e-09, 4.056617e-10, 4.070374e+01, -4.272770e-03
1.872000e+09, 9.720272e-03, 9.565919e-01, -2.774369e-01, 1.529460e+00, 1.391188e-09, 4.056102e-10, 4.075494e+01, -5.325053e-03
1.875800e+09, 1.047048e-02, 9.565764e-01, -3.106531e-01, 1.519775e+00, 1.256867e-09, 4.055661e-10, 4.080557e+01, -6.401856e-03
1.879600e+09, 1.122721e-02, 9.565612e-01, -3.406622e-01, 1.510092e+00, 1.147182e-09, 4.055304e-10, 4.085560e+01, -7.503079e-03
1.883400e+09, 1.198945e-02, 9.565466e-01, -3.680524e-01, 1.500409e+00, 1.056641e-09, 4.055039e-10, 4.090503e+01, -8.628607e-03
1.887200e+09, 1.275640e-02, 9.565327e-01, -3.932809e-01, 1.490728e+00, 9.811631e-10, 4.054870e-10, 4.095382e+01, -9.778315e-03
1.891000e+09, 1.352741e-02, 9.565196e-01, -4.167072e-01, 1.481046e+00, 9.176750e-10, 4.054799e-10, 4.100195e+01, -1.095205e-02
1.894800e+09, 1.430197e-02, 9.565071e-01, -4.386177e-01, 1.471365e+00, 8.638295e-10, 4.054824e-10, 4.104940e+01, -1.214965e-02
1.898600e+09, 1.507961e-02, 9.564954e-01, -4.592426e-01, 1.461683e+00, 8.178127e-10, 4.054943e-10, 4.109614e+01, -1.337090e-02
1.902400e+09, 1.585994e-02, 9.564844e-01, -4.787688e-01, 1.452002e+00, 7.782066e-10, 4.055149e-10, 4.114215e+01, -1.461557e-02
1.906200e+09, 1.664264e-02, 9.564739e-01, -4.973493e-01, 1.442320e+00, 7.438900e-10, 4.055433e-10, 4.118740e+01, -1.588339e-02
1.910000e+09, 1.742738e-02, 9.564640e-01, -5.151105e-01, 1.432637e+00, 7.139682e-10, 4.055786e-10, 4.123187e+01, -1.717407e-02
1.913800e+09, 1.821389e-02, 9.564543e-01, -5.321573e-01, 1.422953e+00, 6.877199e-10, 4.056195e-10, 4.127552e+01, -1.848725e-02
1.917600e+09, 1.900190e-02, 9.564448e-01, -5.485774e-01, 1.413269e+00, 6.645592e-10, 4.056646e-10, 4.131834e+01, -1.982255e-02
1.921400e+09, 1.979117e-02, 9.564353e-01, -5.644445e-01, 1.403583e+00, 6.440065e-10, 4.057125e-10, 4.136030e+01, -2.117957e-02
1.925200e+09, 2.058147e-02, 9.564255e-01, -5.798208e-01, 1.393896e+00, 6.256663e-10, 4.057615e-10, 4.140136e+01, -2.255783e-02
1.929000e+09, 2.137257e-02, 9.564152e-01, -5.947593e-01, 1.384208e+00, 6.092107e-10, 4.058102e-10, 4.144152e+01, -2.395686e-02
1.932800e+09, 2.216427e-02, 9.564043e-01, -6.093049e-01, 1.374519e+00, 5.943665e-10, 4.058570e-10, 4.148073e+01, -2.537614e-02
1.936600e+09, 2.295638e-02, 9.563924e-01, -6.234960e-01, 1.364829e+00, 5.809051e-10, 4.059003e-10, 4.151899e+01, -2.681510e-02
1.940400e+09, 2.374870e-02, 9.563795e-01, -6.373658e-01, 1.355137e+00, 5.686346e-10, 4.059388e-10, 4.155627e+01, -2.827319e-02
1.944200e+09, 2.454107e-02, 9.563654e-01, -6.509426e-01, 1.345445e+00, 5.573934e-10, 4.059712e-10, 4.159256e+01, -2.974981e-02
1.948000e+09, 2.533333e-02, 9.563497e-01, -6.642510e-01, 1.335752e+00, 5.470454e-10, 4.059963e-10, 4.162783e+01, -3.124434e-02
1.951800e+09, 2.612532e-02, 9.563325e-01, -6.773123e-01, 1.326059e+00, 5.374759e-10, 4.060133e-10, 4.166206e+01, -3.275617e-02
1.955600e+09, 2.691691e-02, 9.563136e-01, -6.901451e-01, 1.316365e+00, 5.285881e-10, 4.060213e-10, 4.169526e+01, -3.428467e-02
1.959400e+09, 2.770799e-02, 9.562929e-01, -7.027657e-01, 1.306670e+00, 5.203007e-10, 4.060200e-10, 4.172739e+01, -3.582922e-02
1.963200e+09, 2.849843e-02, 9.562704e-01, -7.151885e-01, 1.296976e+00, 5.125455e-10, 4.060090e-10, 4.175846e+01, -3.738920e-02
1.967000e+09, 2.928816e-02, 9.562461e-01, -7.274261e-01, 1.287282e+00, 5.052652e-10, 4.059883e-10, 4.178844e+01, -3.896400e-02
1.970800e+09, 3.007708e-02, 9.562199e-01, -7.394898e-01, 1.277589e+00, 4.984121e-10, 4.059582e-10, 4.181734e+01, -4.055302e-02
1.974600e+09, 3.086514e-02, 9.561919e-01, -7.513900e-01, 1.267896e+00, 4.919470e-10, 4.059191e-10, 4.184515e+01, -4.215569e-02
1.978400e+09, 3.165229e-02, 9.561622e-01, -7.631357e-01, 1.258204e+00, 4.858371e-10, 4.058717e-10, 4.187186e+01, -4.377146e-02
1.982200e+09, 3.243848e-02, 9.561310e-01, -7.747356e-01, 1.248514e+00, 4.800558e-10, 4.058168e-10, 4.189747e+01, -4.539978e-02
1.986000e+09, 3.322369e-02, 9.560983e-01, -7.861975e-01, 1.238824e+00, 4.745814e-10, 4.057555e-10, 4.192197e+01, -4.704017e-02
1.989800e+09, 3.400791e-02, 9.560643e-01, -7.975287e-01, 1.229137e+00, 4.693964e-10, 4.056891e-10, 4.194536e+01, -4.869215e-02
1.993600e+09, 3.479114e-02, 9.560293e-01, -8.087360e-01, 1.219450e+00, 4.644864e-10, 4.056189e-10, 4.196764e+01, -5.035526e-02
1.997400e+09, 3.557337e-02, 9.559934e-01, -8.198261e-01, 1.209766e+00, 4.598402e-10, 4.055462e-10, 4.198880e+01, -5.202910e-02
2.001200e+09, 3.635462e-02, 9.559568e-01, -8.308053e-01, 1.200083e+00, 4.554484e-10, 4.054726e-10, 4.200885e+01, -5.371327e-02
2.005000e+09, 3.713491e-02, 9.559198e-01, -8.416797e-01, 1.190402e+00, 4.513033e-10, 4.053995e-10, 4.202779e+01, -5.540742e-02
2.008800e+09, 3.791427e-02, 9.558825e-01, -8.524550e-01, 1.180722e+00, 4.473985e-10, 4.053284e-10, 4.204560e+01, -5.711119e-02
2.012600e+09, 3.869270e-02, 9.558452e-01, -8.631372e-01, 1.171045e+00, 4.437281e-10, 4.052606e-10, 4.206228e+01, -5.882428e-02
2.016400e+09, 3.947025e-02, 9.558081e-01, -8.737317e-01, 1.161369e+00, 4.402869e-10, 4.051976e-10, 4.207784e+01, -6.054639e-02
2.020200e+09, 4.024692e-02, 9.557714e-01, -8.842440e-01, 1.151694e+00, 4.370695e-10, 4.051403e-10, 4.209227e+01, -6.227721e-02
2.024000e+09, 4.102275e-02, 9.557352e-01, -8.946795e-01, 1.142021e+00, 4.340706e-10, 4.050900e-10, 4.210555e+01, -6.401648e-02
2.027800e+09, 4.179773e-02, 9.556996e-01, -9.050434e-01, 1.132349e+00, 4.312842e-10, 4.050474e-10, 4.211770e+01, -6.576391e-02
2.031600e+09, 4.257188e-02, 9.556649e-01, -9.153408e-01, 1.122678e+00, 4.287040e-10, 4.050131e-10, 4.212868e+01, -6.751922e-02
2.035400e+09, 4.334520e-02, 9.556310e-01, -9.255766e-01, 1.113008e+00, 4.263230e-10, 4.049876e-10, 4.213851e+01, -6.928214e-02
2.039200e+09, 4.411767e-02, 9.555981e-01, -9.357555e-01, 1.103338e+00, 4.241332e-10, 4.049712e-10, 4.214717e+01, -7.105236e-02
2.043000e+09, 4.488927e-02, 9.555661e-01, -9.458822e-01, 1.093669e+00, 4.221261e-10, 4.049637e-10, 4.215464e+01, -7.282957e-02
2.046800e+09, 4.565997e-02, 9.555350e-01, -9.559609e-01, 1.084000e+00, 4.202922e-10, 4.049650e-10, 4.216093e+01, -7.461344e-02
2.050600e+09, 4.642971e-02, 9.555049e-01, -9.659959e-01, 1.074331e+00, 4.186211e-10, 4.049746e-10, 4.216601e+01, -7.640361e-02
2.054400e+09, 4.719844e-02, 9.554755e-01, -9.759909e-01, 1.064662e+00, 4.171019e-10, 4.049918e-10, 4.216987e+01, -7.819970e-02
2.058200e+09, 4.796610e-02, 9.554469e-01, -9.859497e-01, 1.054992e+00, 4.157230e-10, 4.050158e-10, 4.217251e+01, -8.000130e-02
2.062000e+09, 4.873258e-02, 9.554188e-01, -9.958755e-01, 1.045322e+00, 4.144720e-10, 4.050456e-10, 4.217391e+01, -8.180794e-02
2.065800e+09, 4.949781e-02, 9.553912e-01, -1.005771e+00, 1.035651e+00, 4.133364e-10, 4.050800e-10, 4.217405e+01, -8.361917e-02
2.069600e+09, 5.026167e-02, 9.553638e-01, -1.015640e+00, 1.025980e+00, 4.123033e-10, 4.051178e-10, 4.217293e+01, -8.543445e-02
2.073400e+09, 5.102404e-02, 9.553364e-01, -1.025485e+00, 1.016307e+00, 4.113595e-10, 4.051576e-10, 4.217054e+01, -8.725324e-02
2.077200e+09, 5.178480e-02, 9.553090e-01, -1.035306e+00, 1.006633e+00, 4.104921e-10, 4.051980e-10, 4.216686e+01, -8.907495e-02
2.081000e+09, 5.254381e-02, 9.552812e-01, -1.045107e+00, 9.969588e-01, 4.096880e-10, 4.052376e-10, 4.216189e+01, -9.089898e-02
2.084800e+09, 5.330094e-02, 9.552528e-01, -1.054889e+00, 9.872833e-01, 4.089347e-10, 4.052750e-10, 4.215562e+01, -9.272468e-02
2.088600e+09, 5.405603e-02, 9.552237e-01, -1.064653e+00, 9.776069e-01, 4.082202e-10, 4.053089e-10, 4.214803e+01, -9.455138e-02
2.092400e+09, 5.480895e-02, 9.551937e-01, -1.074399e+00, 9.679297e-01, 4.075331e-10, 4.053381e-10, 4.213913e+01, -9.637838e-02
2.096200e+09, 5.555954e-02, 9.551626e-01, -1.084130e+00, 9.582518e-01, 4.068624e-10, 4.053613e-10, 4.212892e+01, -9.820498e-02
2.100000e+09, 5.630764e-02, 9.551303e-01, -1.093844e+00, 9.485734e-01, 4.061986e-10, 4.053776e-10, 4.211738e+01, -1.000304e-01
2.103800e+09, 5.705313e-02, 9.550965e-01, -1.103542e+00, 9.388945e-01, 4.055326e-10, 4.053863e-10, 4.210452e+01, -1.018541e-01
2.107600e+09, 5.779585e-02, 9.550613e-01, -1.113225e+00, 9.292155e-01, 4.048566e-10, 4.053865e-10, 4.209035e+01, -1.036750e-01
2.111400e+09, 5.853566e-02, 9.550245e-01, -1.122891e+00, 9.195364e-01, 4.041641e-10, 4.053778e-10, 4.207486e+01, -1.054927e-01
2.115200e+09, 5.927244e-02, 9.549860e-01, -1.132541e+00, 9.098576e-01, 4.034495e-10, 4.053601e-10, 4.205806e+01, -1.073063e-01
2.119000e+09, 6.000606e-02, 9.549459e-01, -1.142174e+00, 9.001792e-01, 4.027084e-10, 4.053332e-10, 4.203996e+01, -1.091151e-01
2.122800e+09, 6.073642e-02, 9.549041e-01, -1.151789e+00, 8.905014e-01, 4.019378e-10, 4.052973e-10, 4.202057e+01, -1.109184e-01
2.126600e+09, 6.146340e-02, 9.548608e-01, -1.161386e+00, 8.808245e-01, 4.011358e-10, 4.052528e-10, 4.199990e+01, -1.127154e-01
2.130400e+09, 6.218693e-02, 9.548159e-01, -1.170963e+00, 8.711486e-01, 4.003016e-10, 4.052001e-10, 4.197796e+01, -1.145057e-01
2.134200e+09, 6.290692e-02, 9.547696e-01, -1.180521e+00, 8.614740e-01, 3.994356e-10, 4.051401e-10, 4.195476e+01, -1.162884e-01
2.138000e+09, 6.362330e-02, 9.547220e-01, -1.190058e+00, 8.518009e-01, 3.985392e-10, 4.050737e-10, 4.193032e+01, -1.180631e-01
2.141800e+09, 6.433602e-02, 9.546732e-01, -1.199574e+00, 8.421293e-01, 3.976147e-10, 4.050018e-10, 4.190466e+01, -1.198290e-01
2.145600e+09, 6.504504e-02, 9.546235e-01, -1.209067e+00, 8.324594e-01, 3.966653e-10, 4.049255e-10, 4.187779e+01, -1.215857e-01
2.149400e+09, 6.575032e-02, 9.545729e-01, -1.218538e+00, 8.227914e-01, 3.956951e-10, 4.048461e-10, 4.184972e+01, -1.233327e-01
2.153200e+09, 6.645184e-02, 9.545217e-01, -1.227986e+00, 8.131252e-01, 3.947087e-10, 4.047649e-10, 4.182048e+01, -1.250695e-01
2.157000e+09, 6.714960e-02, 9.544700e-01, -1.237410e+00, 8.034610e-01, 3.937111e-10, 4.046831e-10, 4.179008e+01, -1.267955e-01
2.160800e+09, 6.784358e-02, 9.544182e-01, -1.246810e+00, 7.937988e-01, 3.927078e-10, 4.046019e-10, 4.175853e+01, -1.285105e-01
2.164600e+09, 6.853380e-02, 9.543663e-01, -1.256186e+00, 7.841384e-01, 3.917047e-10, 4.045228e-10, 4.172587e+01, -1.302140e-01
2.168400e+09, 6.922026e-02, 9.543146e-01, -1.265539e+00, 7.744800e-01, 3.907075e-10, 4.044467e-10, 4.169209e+01, -1.319057e-01
2.172200e+09, 6.990298e-02, 9.542633e-01, -1.274867e+00, 7.648234e-01, 3.897222e-10, 4.043748e-10, 4.165723e+01, -1.335852e-01
2.176000e+09, 7.058198e-02, 9.542124e-01, -1.284172e+00, 7.551685e-01, 3.887544e-10, 4.043080e-10, 4.162129e+01, -1.352521e-01
2.179800e+09, 7.125727e-02, 9.541623e-01, -1.293454e+00, 7.455152e-01, 3.878096e-10, 4.042472e-10, 4.158429e+01, -1.369063e-01
2.183600e+09, 7.192889e-02, 9.541129e-01, -1.302714e+00, 7.358634e-01, 3.868930e-10, 4.041931e-10, 4.154624e+01, -1.385473e-01
2.187400e+09, 7.259685e-02, 9.540645e-01, -1.311951e+00, 7.262128e-01, 3.860092e-10, 4.041461e-10, 4.150716e+01, -1.401750e-01
2.191200e+09, 7.326117e-02, 9.540170e-01, -1.321167e+00, 7.165634e-01, 3.851622e-10, 4.041066e-10, 4.146706e+01, -1.417890e-01
2.195000e+09, 7.392186e-02, 9.539706e-01, -1.330364e+00, 7.069149e-01, 3.843555e-10, 4.040747e-10, 4.142595e+01, -1.433891e-01
2.198800e+09, 7.457892e-02, 9.539252e-01, -1.339541e+00, 6.972671e-01, 3.835921e-10, 4.040504e-10, 4.138384e+01, -1.449749e-01
2.202600e+09, 7.523236e-02, 9.538809e-01, -1.348699e+00, 6.876200e-01, 3.828739e-10, 4.040335e-10, 4.134075e+01, -1.465462e-01
2.206400e+09, 7.588218e-02, 9.538377e-01, -1.357841e+00, 6.779732e-01, 3.822024e-10, 4.040236e-10, 4.129667e+01, -1.481027e-01
2.210200e+09, 7.652835e-02, 9.537955e-01, -1.366966e+00, 6.683267e-01, 3.815780e-10, 4.040202e-10, 4.125164e+01, -1.496441e-01
2.214000e+09, 7.717086e-02, 9.537541e-01, -1.376077e+00, 6.586803e-01, 3.810008e-10, 4.040225e-10, 4.120564e+01, -1.511700e-01
2.217800e+09, 7.780966e-02, 9.537136e-01, -1.385174e+00, 6.490338e-01, 3.804699e-10, 4.040298e-10, 4.115870e+01, -1.526801e-01
2.221600e+09, 7.844473e-02, 9.536739e-01, -1.394258e+00, 6.393872e-01, 3.799836e-10, 4.040412e-10, 4.111081e+01, -1.541740e-01
2.225400e+09, 7.907599e-02, 9.536347e-01, -1.403330e+00, 6.297402e-01, 3.795399e-10, 4.040557e-10, 4.106200e+01, -1.556514e-01
2.229200e+09, 7.970340e-02, 9.535959e-01, -1.412392e+00, 6.200930e-01, 3.791358e-10, 4.040723e-10, 4.101226e+01, -1.571118e-01
2.233000e+09, 8.032688e-02, 9.535575e-01, -1.421445e+00, 6.104453e-01, 3.787682e-10, 4.040898e-10, 4.096162e+01, -1.585549e-01
2.236800e+09, 8.094635e-02, 9.535192e-01, -1.430488e+00, 6.007972e-01, 3.784333e-10, 4.041072e-10, 4.091007e+01, -1.599801e-01
2.240600e+09, 8.156173e-02, 9.534810e-01, -1.439524e+00, 5.911487e-01, 3.781270e-10, 4.041235e-10, 4.085764e+01, -1.613871e-01
2.244400e+09, 8.217291e-02, 9.534426e-01, -1.448552e+00, 5.814998e-01, 3.778450e-10, 4.041377e-10, 4.080432e+01, -1.627753e-01
2.248200e+09, 8.277981e-02, 9.534040e-01, -1.457573e+00, 5.718506e-01, 3.775826e-10, 4.041489e-10, 4.075015e+01, -1.641443e-01
2.252000e+09, 8.338231e-02, 9.533649e-01, -1.466588e+00, 5.622011e-01, 3.773353e-10, 4.041561e-10, 4.069512e+01, -1.654936e-01
2.255800e+09, 8.398032e-02, 9.533254e-01, -1.475598e+00, 5.525514e-01, 3.770983e-10, 4.041588e-10, 4.063925e+01, -1.668227e-01
2.259600e+09, 8.457370e-02, 9.532852e-01, -1.484601e+00, 5.429016e-01, 3.768672e-10, 4.041562e-10, 4.058257e+01, -1.681311e-01
2.263400e+09, 8.516237e-02, 9.532443e-01, -1.493600e+00, 5.332520e-01, 3.766374e-10, 4.041479e-10, 4.052508e+01, -1.694184e-01
2.267200e+09, 8.574619e-02, 9.532027e-01, -1.502592e+00, 5.236025e-01, 3.764049e-10, 4.041336e-10, 4.046681e+01, -1.706839e-01
2.271000e+09, 8.632507e-02, 9.531604e-01, -1.511579e+00, 5.139534e-01, 3.761656e-10, 4.041131e-10, 4.040777e+01, -1.719272e-01
2.274800e+09, 8.689890e-02, 9.531172e-01, -1.520561e+00, 5.043047e-01, 3.759160e-10, 4.040864e-10, 4.034798e+01, -1.731479e-01
2.278600e+09, 8.746756e-02, 9.530732e-01, -1.529536e+00, 4.946567e-01, 3.756531e-10, 4.040536e-10, 4.028747e+01, -1.743455e-01
2.282400e+09, 8.803097e-02, 9.530285e-01, -1.538505e+00, 4.850095e-01, 3.753741e-10, 4.040149e-10, 4.022626e+01, -1.755196e-01
2.286200e+09, 8.858901e-02, 9.529830e-01, -1.547468e+00, 4.753632e-01, 3.750768e-10, 4.039707e-10, 4.016437e+01, -1.766696e-01
2.290000e+09, 8.914162e-02, 9.529369e-01, -1.556423e+00, 4.657179e-01, 3.747594e-10, 4.039216e-10, 4.010182e+01, -1.777953e-01
2.293800e+09, 8.968870e-02, 9.528902e-01, -1.565371e+00, 4.560739e-01, 3.744208e-10, 4.038681e-10, 4.003864e+01, -1.788962e-01
2.297600e+09, 9.023019e-02, 9.528431e-01, -1.574311e+00, 4.464311e-01, 3.740602e-10, 4.038109e-10, 3.997485e+01, -1.799719e-01
2.301400e+09, 9.076600e-02, 9.527956e-01, -1.583242e+00, 4.367896e-01, 3.736772e-10, 4.037509e-10, 3.991047e+01, -1.810222e-01
2.305200e+09, 9.129609e-02, 9.527479e-01, -1.592164e+00, 4.271496e-01, 3.732723e-10, 4.036888e-10, 3.984554e+01, -1.820468e-01
2.309000e+09, 9.182041e-02, 9.527000e-01, -1.601076e+00, 4.175111e-01, 3.728460e-10, 4.036254e-10, 3.978008e+01, -1.830452e-01
2.312800e+09, 9.233890e-02, 9.526523e-01, -1.609978e+00, 4.078741e-01, 3.723993e-10, 4.035617e-10, 3.971410e+01, -1.840174e-01
2.316600e+09, 9.285154e-02, 9.526046e-01, -1.618869e+00, 3.982386e-01, 3.719338e-10, 4.034985e-10, 3.964765e+01, -1.849631e-01
2.320400e+09, 9.335829e-02, 9.525573e-01, -1.627750e+00, 3.886047e-01, 3.714512e-10, 4.034365e-10, 3.958073e+01, -1.858820e-01
2.324200e+09, 9.385913e-02, 9.525105e-01, -1.636619e+00, 3.789722e-01, 3.709535e-10, 4.033765e-10, 3.951339e+01, -1.867740e-01
2.328000e+09, 9.435404e-02, 9.524642e-01, -1.645475e+00, 3.693411e-01, 3.704430e-10, 4.033192e-10, 3.944563e+01, -1.876389e-01
2.331800e+09, 9.484302e-02, 9.524185e-01, -1.654320e+00, 3.597114e-01, 3.699221e-10, 4.032652e-10, 3.937749e+01, -1.884766e-01
2.335600e+09, 9.532606e-02, 9.523737e-01, -1.663153e+00, 3.500830e-01, 3.693932e-10, 4.032151e-10, 3.930899e+01, -1.892869e-01
2.339400e+09, 9.580314e-02, 9.523297e-01, -1.671972e+00, 3.404558e-01, 3.688591e-10, 4.031692e-10, 3.924014e+01, -1.900698e-01
2.343200e+09, 9.627428e-02, 9.522867e-01, -1.680779e+00, 3.308297e-01, 3.683222e-10, 4.031279e-10, 3.917098e+01, -1.908252e-01
2.347000e+09, 9.673947e-02, 9.522446e-01, -1.689573e+00, 3.212046e-01, 3.677850e-10, 4.030913e-10, 3.910152e+01, -1.915529e-01
2.350800e+09, 9.719872e-02, 9.522037e-01, -1.698354e+00, 3.115803e-01, 3.672502e-10, 4.030596e-10, 3.903178e+01, -1.922529e-01
2.354600e+09, 9.765202e-02, 9.521638e-01, -1.707123e+00, 3.019568e-01, 3.667198e-10, 4.030328e-10, 3.896179e+01, -1.929251e-01
2.358400e+09, 9.809939e-02, 9.521249e-01, -1.715879e+00, 2.923340e-01, 3.661961e-10, 4.030106e-10, 3.889156e+01, -1.935695e-01
2.362200e+09, 9.854082e-02, 9.520872e-01, -1.724622e+00, 2.827117e-01, 3.656810e-10, 4.029929e-10, 3.882111e+01, -1.941860e-01
2.366000e+09, 9.897631e-02, 9.520506e-01, -1.733353e+00, 2.730898e-01, 3.651762e-10, 4.029794e-10, 3.875046e+01, -1.947745e-01
2.369800e+09, 9.940586e-02, 9.520149e-01, -1.742072e+00, 2.634682e-01, 3.646832e-10, 4.029697e-10, 3.867963e+01, -1.953350e-01
2.373600e+09, 9.982947e-02, 9.519803e-01, -1.750779e+00, 2.538468e-01, 3.642030e-10, 4.029633e-10, 3.860863e+01, -1.958673e-01
2.377400e+09, 1.002471e-01, 9.519466e-01, -1.759475e+00, 2.442256e-01, 3.637367e-10, 4.029598e-10, 3.853749e+01, -1.963715e-01
2.381200e+09, 1.006588e-01, 9.519138e-01, -1.768160e+00, 2.346045e-01, 3.632848e-10, 4.029586e-10, 3.846621e+01, -1.968475e-01
2.385000e+09, 1.010645e-01, 9.518818e-01, -1.776834e+00, 2.249835e-01, 3.628478e-10, 4.029591e-10, 3.839482e+01, -1.972951e-01
2.388800e+09, 1.014642e-01, 9.518506e-01, -1.785497e+00, 2.153624e-01, 3.624256e-10, 4.029609e-10, 3.832333e+01, -1.977144e-01
2.392600e+09, 1.018578e-01, 9.518201e-01, -1.794150e+00, 2.057412e-01, 3.620182e-10, 4.029633e-10, 3.825177e+01, -1.981051e-01
2.396400e+09, 1.022454e-01, 9.517901e-01, -1.802794e+00, 1.961200e-01, 3.616252e-10, 4.029659e-10, 3.818013e+01, -1.984673e-01
2.400200e+09, 1.026269e-01, 9.517607e-01, -1.811428e+00, 1.864988e-01, 3.612459e-10, 4.029682e-10, 3.810845e+01, -1.988008e-01
2.404000e+09, 1.030023e-01, 9.517317e-01, -1.820053e+00, 1.768775e-01, 3.608797e-10, 4.029697e-10, 3.803674e+01, -1.991055e-01
2.407800e+09, 1.033715e-01, 9.517032e-01, -1.828670e+00, 1.672561e-01, 3.605254e-10, 4.029700e-10, 3.796501e+01, -1.993814e-01
2.411600e+09, 1.037344e-01, 9.516750e-01, -1.837278e+00, 1.576348e-01, 3.601821e-10, 4.029689e-10, 3.789328e+01, -1.996283e-01
2.415400e+09, 1.040911e-01, 9.516471e-01, -1.845877e+00, 1.480134e-01, 3.598485e-10, 4.029660e-10, 3.782157e+01, -1.998462e-01
2.419200e+09, 1.044415e-01, 9.516194e-01, -1.854469e+00, 1.383922e-01, 3.595234e-10, 4.029612e-10, 3.774990e+01, -2.000349e-01
2.423000e+09, 1.047855e-01, 9.515920e-01, -1.863053e+00, 1.287710e-01, 3.592054e-10, 4.029543e-10, 3.767828e+01, -2.001943e-01
2.426800e+09, 1.051231e-01, 9.515649e-01, -1.871630e+00, 1.191501e-01, 3.588932e-10, 4.029455e-10, 3.760673e+01, -2.003245e-01
2.430600e+09, 1.054542e-01, 9.515379e-01, -1.880199e+00, 1.095293e-01, 3.585853e-10, 4.029345e-10, 3.753526e+01, -2.004252e-01
2.434400e+09, 1.057788e-01, 9.515112e-01, -1.888760e+00, 9.990878e-02, 3.582804e-10, 4.029216e-10, 3.746390e+01, -2.004965e-01
2.438200e+09, 1.060968e-01, 9.514846e-01, -1.897314e+00, 9.028858e-02, 3.579772e-10, 4.029069e-10, 3.739267e+01, -2.005382e-01
2.442000e+09, 1.064081e-01, 9.514583e-01, -1.905862e+00, 8.066873e-02, 3.576744e-10, 4.028905e-10, 3.732158e+01, -2.005502e-01
2.445800e+09, 1.067127e-01, 9.514322e-01, -1.914401e+00, 7.104928e-02, 3.573708e-10, 4.028727e-10, 3.725065e+01, -2.005326e-01
2.449600e+09, 1.070106e-01, 9.514065e-01, -1.922934e+00, 6.143025e-02, 3.570654e-10, 4.028538e-10, 3.717990e+01, -2.004853e-01
2.453400e+09, 1.073016e-01, 9.513810e-01, -1.931459e+00, 5.181167e-02, 3.567570e-10, 4.028339e-10, 3.710934e+01, -2.004083e-01
2.457200e+09, 1.075858e-01, 9.513558e-01, -1.939977e+00, 4.219356e-02, 3.564447e-10, 4.028135e-10, 3.703901e+01, -2.003016e-01
2.461000e+09, 1.078631e-01, 9.513310e-01, -1.948488e+00, 3.257595e-02, 3.561276e-10, 4.027926e-10, 3.696890e+01, -2.001650e-01
2.464800e+09, 1.081334e-01, 9.513067e-01, -1.956991e+00, 2.295883e-02, 3.558052e-10, 4.027717e-10, 3.689906e+01, -1.999988e-01
2.468600e+09, 1.083967e-01, 9.512828e-01, -1.965486e+00, 1.334221e-02, 3.554766e-10, 4.027510e-10, 3.682948e+01, -1.998028e-01
2.472400e+09, 1.086529e-01, 9.512593e-01, -1.973973e+00, 3.726083e-03, 3.551413e-10, 4.027306e-10, 3.676020e+01, -1.995772e-01
2.476200e+09, 1.089020e-01, 9.512364e-01, -1.982453e+00, -5.889554e-03, 3.547990e-10, 4.027107e-10, 3.669122e+01, -1.993219e-01
2.480000e+09, 1.091439e-01, 9.512140e-01, -1.990924e+00, -1.550472e-02, 3.544492e-10, 4.026916e-10, 3.662257e+01, -1.990370e-01
2.483800e+09, 1.093787e-01, 9.511922e-01, -1.999387e+00, -2.511942e-02, 3.540916e-10, 4.026732e-10, 3.655428e+01, -1.987227e-01
2.487600e+09, 1.096063e-01, 9.511710e-01, -2.007841e+00, -3.473369e-02, 3.537260e-10, 4.026557e-10, 3.648634e+01, -1.983790e-01
2.491400e+09, 1.098265e-01, 9.511504e-01, -2.016287e+00, -4.434754e-02, 3.533524e-10, 4.026391e-10, 3.641879e+01, -1.980059e-01
2.495200e+09, 1.100395e-01, 9.511305e-01, -2.024724e+00, -5.396099e-02, 3.529704e-10, 4.026233e-10, 3.635163e+01, -1.976037e-01
2.499000e+09, 1.102452e-01, 9.511111e-01, -2.033151e+00, -6.357407e-02, 3.525803e-10, 4.026084e-10, 3.628490e+01, -1.971724e-01
2.502800e+09, 1.104435e-01, 9.510925e-01, -2.041569e+00, -7.318679e-02, 3.521818e-10, 4.025942e-10, 3.621860e+01, -1.967122e-01
2.506600e+09, 1.106345e-01, 9.510744e-01, -2.049978e+00, -8.279917e-02, 3.517751e-10, 4.025806e-10, 3.615275e+01, -1.962232e-01
2.510400e+09, 1.108180e-01, 9.510571e-01, -2.058377e+00, -9.241123e-02, 3.513603e-10, 4.025676e-10, 3.608737e+01, -1.957056e-01
2.514200e+09, 1.109941e-01, 9.510403e-01, -2.066766e+00, -1.020230e-01, 3.509374e-10, 4.025549e-10, 3.602247e+01, -1.951596e-01
2.518000e+09, 1.111628e-01, 9.510243e-01, -2.075145e+00, -1.116344e-01, 3.505065e-10, 4.025424e-10, 3.595808e+01, -1.945853e-01
2.521800e+09, 1.113240e-01, 9.510089e-01, -2.083514e+00, -1.212456e-01, 3.500678e-10, 4.025301e-10, 3.589420e+01, -1.939830e-01
2.525600e+09, 1.114777e-01, 9.509942e-01, -2.091872e+00, -1.308564e-01, 3.496215e-10, 4.025178e-10, 3.583085e+01, -1.933528e-01
2.529400e+09, 1.116239e-01, 9.509801e-01, -2.100220e+00, -1.404670e-01, 3.491678e-10, 4.025054e-10, 3.576805e+01, -1.926950e-01
2.533200e+09, 1.117626e-01, 9.509667e-01, -2.108557e+00, -1.500772e-01, 3.487068e-10, 4.024928e-10, 3.570581e+01, -1.920097e-01
2.537000e+09, 1.118938e-01, 9.509540e-01, -2.116882e+00, -1.596872e-01, 3.482387e-10, 4.024801e-10, 3.564415e+01, -1.912973e-01
2.540800e+09, 1.120174e-01, 9.509419e-01, -2.125197e+00, -1.692968e-01, 3.477639e-10, 4.024671e-10, 3.558309e+01, -1.905580e-01
2.544600e+09, 1.121335e-01, 9.509306e-01, -2.133500e+00, -1.789062e-01, 3.472826e-10, 4.024541e-10, 3.552262e+01, -1.897919e-01
2.548400e+09, 1.122420e-01, 9.509200e-01, -2.141792e+00, -1.885152e-01, 3.467951e-10, 4.024410e-10, 3.546278e+01, -1.889995e-01
2.552200e+09, 1.123430e-01, 9.509102e-01, -2.150072e+00, -1.981240e-01, 3.463016e-10, 4.024281e-10, 3.540357e+01, -1.881808e-01
2.556000e+09, 1.124364e-01, 9.509012e-01, -2.158340e+00, -2.077324e-01, 3.458026e-10, 4.024154e-10, 3.534500e+01, -1.873363e-01
2.559800e+09, 1.125222e-01, 9.508930e-01, -2.166597e+00, -2.173405e-01, 3.452983e-10, 4.024032e-10, 3.528709e+01, -1.864662e-01
2.563600e+09, 1.126005e-01, 9.508856e-01, -2.174841e+00, -2.269483e-01, 3.447893e-10, 4.023917e-10, 3.522986e+01, -1.855708e-01
2.567400e+09, 1.126711e-01, 9.508792e-01, -2.183073e+00, -2.365558e-01, 3.442758e-10, 4.023812e-10, 3.517330e+01, -1.846504e-01
2.571200e+09, 1.127342e-01, 9.508737e-01, -2.191293e+00, -2.461631e-01, 3.437582e-10, 4.023719e-10, 3.511744e+01, -1.837053e-01
2.575000e+09, 1.127897e-01, 9.508691e-01, -2.199501e+00, -2.557702e-01, 3.432370e-10, 4.023642e-10, 3.506229e+01, -1.827357e-01
2.578800e+09, 1.128376e-01, 9.508655e-01, -2.207696e+00, -2.653771e-01, 3.427127e-10, 4.023584e-10, 3.500785e+01, -1.817421e-01
2.582600e+09, 1.128779e-01, 9.508630e-01, -2.215879e+00, -2.749839e-01, 3.421855e-10, 4.023546e-10, 3.495414e+01, -1.807247e-01
2.586400e+09, 1.129106e-01, 9.508616e-01, -2.224049e+00, -2.845905e-01, 3.416560e-10, 4.023532e-10, 3.490117e+01, -1.796838e-01
2.590200e+09, 1.129357e-01, 9.508612e-01, -2.232206e+00, -2.941971e-01, 3.411244e-10, 4.023543e-10, 3.484895e+01, -1.786198e-01
2.594000e+09, 1.129532e-01, 9.508620e-01, -2.240351e+00, -3.038038e-01, 3.405912e-10, 4.023582e-10, 3.479749e+01, -1.775330e-01
2.597800e+09, 1.129631e-01, 9.508638e-01, -2.248483e+00, -3.134105e-01, 3.400566e-10, 4.023649e-10, 3.474679e+01, -1.764237e-01
2.601600e+09, 1.129654e-01, 9.508668e-01, -2.256602e+00, -3.230174e-01, 3.395209e-10, 4.023746e-10, 3.469688e+01, -1.752923e-01
2.605400e+09, 1.129601e-01, 9.508709e-01, -2.264709e+00, -3.326246e-01, 3.389842e-10, 4.023872e-10, 3.464775e+01, -1.741391e-01
2.609200e+09, 1.129472e-01, 9.508761e-01, -2.272802e+00, -3.422320e-01, 3.384468e-10, 4.024027e-10, 3.459942e+01, -1.729644e-01
2.613000e+09, 1.129267e-01, 9.508824e-01, -2.280883e+00, -3.518398e-01, 3.379085e-10, 4.024210e-10, 3.455189e+01, -1.717686e-01
2.616800e+09, 1.128985e-01, 9.508897e-01, -2.288951e+00, -3.614481e-01, 3.373695e-10, 4.024418e-10, 3.450518e+01, -1.705521e-01
2.620600e+09, 1.128627e-01, 9.508981e-01, -2.297006e+00, -3.710568e-01, 3.368294e-10, 4.024648e-10, 3.445929e+01, -1.693151e-01
2.624400e+09, 1.128193e-01, 9.509073e-01, -2.305048e+00, -3.806661e-01, 3.362881e-10, 4.024899e-10, 3.441424e+01, -1.680580e-01
2.628200e+09, 1.127682e-01, 9.509175e-01, -2.313077e+00, -3.902760e-01, 3.357452e-10, 4.025165e-10, 3.437003e+01, -1.667812e-01
2.632000e+09, 1.127094e-01, 9.509285e-01, -2.321094e+00, -3.998865e-01, 3.352003e-10, 4.025442e-10, 3.432667e+01, -1.654850e-01
2.635800e+09, 1.126429e-01, 9.509403e-01, -2.329097e+00, -4.094977e-01, 3.346526e-10, 4.025726e-10, 3.428416e+01, -1.641698e-01
2.639600e+09, 1.125687e-01, 9.509528e-01, -2.337087e+00, -4.191096e-01, 3.341016e-10, 4.026012e-10, 3.424253e+01, -1.628360e-01
2.643400e+09, 1.124868e-01, 9.509659e-01, -2.345064e+00, -4.287221e-01, 3.335464e-10, 4.026294e-10, 3.420176e+01, -1.614839e-01
2.647200e+09, 1.123972e-01, 9.509795e-01, -2.353028e+00, -4.383353e-01, 3.329862e-10, 4.026568e-10, 3.416189e+01, -1.601139e-01
2.651000e+09, 1.122997e-01, 9.509936e-01, -2.360978e+00, -4.479492e-01, 3.324199e-10, 4.026828e-10, 3.412290e+01, -1.587264e-01
2.654800e+09, 1.121945e-01, 9.510081e-01, -2.368915e+00, -4.575637e-01, 3.318466e-10, 4.027069e-10, 3.408482e+01, -1.573218e-01
2.658600e+09, 1.120815e-01, 9.510230e-01, -2.376839e+00, -4.671788e-01, 3.312650e-10, 4.027289e-10, 3.404765e+01, -1.559004e-01
2.662400e+09, 1.119606e-01, 9.510382e-01, -2.384748e+00, -4.767944e-01, 3.306739e-10, 4.027481e-10, 3.401139e+01, -1.544628e-01
2.666200e+09, 1.118319e-01, 9.510536e-01, -2.392643e+00, -4.864104e-01, 3.300723e-10, 4.027645e-10, 3.397606e+01, -1.530093e-01
2.670000e+09, 1.116954e-01, 9.510693e-01, -2.400524e+00, -4.960269e-01, 3.294588e-10, 4.027777e-10, 3.394167e+01, -1.515403e-01
2.673800e+09, 1.115509e-01, 9.510852e-01, -2.408390e+00, -5.056437e-01, 3.288322e-10, 4.027876e-10, 3.390821e+01, -1.500563e-01
2.677600e+09, 1.113985e-01, 9.511013e-01, -2.416241e+00, -5.152607e-01, 3.281913e-10, 4.027942e-10, 3.387571e+01, -1.485578e-01
2.681400e+09, 1.112382e-01, 9.511176e-01, -2.424077e+00, -5.248778e-01, 3.275348e-10, 4.027975e-10, 3.384417e+01, -1.470452e-01
2.685200e+09, 1.110699e-01, 9.511342e-01, -2.431898e+00, -5.344950e-01, 3.268618e-10, 4.027977e-10, 3.381360e+01, -1.455189e-01
2.689000e+09, 1.108937e-01, 9.511511e-01, -2.439702e+00, -5.441123e-01, 3.261711e-10, 4.027951e-10, 3.378400e+01, -1.439796e-01
2.692800e+09, 1.107095e-01, 9.511682e-01, -2.447489e+00, -5.537295e-01, 3.254618e-10, 4.027901e-10, 3.375538e+01, -1.424276e-01
2.696600e+09, 1.105174e-01, 9.511858e-01, -2.455260e+00, -5.633465e-01, 3.247330e-10, 4.027830e-10, 3.372775e+01, -1.408635e-01
2.700400e+09, 1.103173e-01, 9.512039e-01, -2.463014e+00, -5.729634e-01, 3.239840e-10, 4.027745e-10, 3.370111e+01, -1.392879e-01
2.704200e+09, 1.101091e-01, 9.512225e-01, -2.470749e+00, -5.825801e-01, 3.232142e-10, 4.027651e-10, 3.367547e+01, -1.377012e-01
2.708000e+09, 1.098931e-01, 9.512418e-01, -2.478466e+00, -5.921966e-01, 3.224230e-10, 4.027556e-10, 3.365085e+01, -1.361040e-01
2.711800e+09, 1.096690e-01, 9.512618e-01, -2.486164e+00, -6.018128e-01, 3.216103e-10, 4.027466e-10, 3.362723e+01, -1.344969e-01
2.715600e+09, 1.094370e-01, 9.512826e-01, -2.493843e+00, -6.114288e-01, 3.207757e-10, 4.027389e-10, 3.360463e+01, -1.328804e-01
2.719400e+09, 1.091971e-01, 9.513044e-01, -2.501502e+00, -6.210446e-01, 3.199192e-10, 4.027333e-10, 3.358306e+01, -1.312550e-01
2.723200e+09, 1.089492e-01, 9.513273e-01, -2.509140e+00, -6.306603e-01, 3.190410e-10, 4.027304e-10, 3.356251e+01, -1.296215e-01
2.727000e+09, 1.086935e-01, 9.513513e-01, -2.516758e+00, -6.402760e-01, 3.181411e-10, 4.027310e-10, 3.354299e+01, -1.279803e-01
2.730800e+09, 1.084298e-01, 9.513765e-01, -2.524354e+00, -6.498916e-01, 3.172200e-10, 4.027358e-10, 3.352450e+01, -1.263321e-01
2.734600e+09, 1.081583e-01, 9.514031e-01, -2.531928e+00, -6.595074e-01, 3.162780e-10, 4.027452e-10, 3.350705e+01, -1.246774e-01
2.738400e+09, 1.078790e-01, 9.514310e-01, -2.539479e+00, -6.691234e-01, 3.153156e-10, 4.027599e-10, 3.349063e+01, -1.230167e-01
2.742200e+09, 1.075918e-01, 9.514603e-01, -2.547008e+00, -6.787397e-01, 3.143334e-10, 4.027802e-10, 3.347526e+01, -1.213508e-01
2.746000e+09, 1.072969e-01, 9.514911e-01, -2.554513e+00, -6.883565e-01, 3.133320e-10, 4.028063e-10, 3.346092e+01, -1.196802e-01
2.749800e+09, 1.069943e-01, 9.515233e-01, -2.561994e+00, -6.979740e-01, 3.123119e-10, 4.028384e-10, 3.344763e+01, -1.180054e-01
2.753600e+09, 1.066840e-01, 9.515570e-01, -2.569451e+00, -7.075922e-01, 3.112737e-10, 4.028765e-10, 3.343538e+01, -1.163271e-01
2.757400e+09, 1.063660e-01, 9.515921e-01, -2.576883e+00, -7.172113e-01, 3.102181e-10, 4.029205e-10, 3.342417e+01, -1.146458e-01
2.761200e+09, 1.060404e-01, 9.516286e-01, -2.584290e+00, -7.268315e-01, 3.091454e-10, 4.029702e-10, 3.341400e+01, -1.129621e-01
2.765000e+09, 1.057072e-01, 9.516664e-01, -2.591671e+00, -7.364528e-01, 3.080560e-10, 4.030251e-10, 3.340488e+01, -1.112765e-01
2.768800e+09, 1.053664e-01, 9.517055e-01, -2.599026e+00, -7.460755e-01, 3.069502e-10, 4.030847e-10, 3.339679e+01, -1.095896e-01
2.772600e+09, 1.050181e-01, 9.517457e-01, -2.606355e+00, -7.556996e-01, 3.058281e-10, 4.031484e-10, 3.338975e+01, -1.079020e-01
2.776400e+09, 1.046623e-01, 9.517869e-01, -2.613657e+00, -7.653252e-01, 3.046897e-10, 4.032153e-10, 3.338374e+01, -1.062142e-01
2.780200e+09, 1.042990e-01, 9.518289e-01, -2.620932e+00, -7.749524e-01, 3.035346e-10, 4.032848e-10, 3.337877e+01, -1.045268e-01
2.784000e+09, 1.039283e-01, 9.518718e-01, -2.628179e+00, -7.845813e-01, 3.023625e-10, 4.033559e-10, 3.337484e+01, -1.028402e-01
2.787800e+09, 1.035502e-01, 9.519152e-01, -2.635398e+00, -7.942119e-01, 3.011727e-10, 4.034276e-10, 3.337195e+01, -1.011551e-01
2.791600e+09, 1.031646e-01, 9.519591e-01, -2.642589e+00, -8.038441e-01, 2.999644e-10, 4.034990e-10, 3.337009e+01, -9.947186e-02
2.795400e+09, 1.027716e-01, 9.520033e-01, -2.649751e+00, -8.134781e-01, 2.987363e-10, 4.035691e-10, 3.336926e+01, -9.779112e-02
2.799200e+09, 1.023713e-01, 9.520477e-01, -2.656883e+00, -8.231138e-01, 2.974872e-10, 4.036369e-10, 3.336946e+01, -9.611338e-02
2.803000e+09, 1.019637e-01, 9.520921e-01, -2.663986e+00, -8.327511e-01, 2.962155e-10, 4.037016e-10, 3.337070e+01, -9.443915e-02
2.806800e+09, 1.015486e-01, 9.521363e-01, -2.671059e+00, -8.423899e-01, 2.949194e-10, 4.037624e-10, 3.337296e+01, -9.276898e-02
2.810600e+09, 1.011263e-01, 9.521804e-01, -2.678100e+00, -8.520302e-01, 2.935970e-10, 4.038184e-10, 3.337625e+01, -9.110338e-02
2.814400e+09, 1.006966e-01, 9.522241e-01, -2.685110e+00, -8.616718e-01, 2.922461e-10, 4.038692e-10, 3.338056e+01, -8.944288e-02
2.818200e+09, 1.002596e-01, 9.522674e-01, -2.692088e+00, -8.713146e-01, 2.908643e-10, 4.039142e-10, 3.338590e+01, -8.778802e-02
2.822000e+09, 9.981533e-02, 9.523102e-01, -2.699033e+00, -8.809585e-01, 2.894493e-10, 4.039532e-10, 3.339227e+01, -8.613933e-02
2.825800e+09, 9.936375e-02, 9.523525e-01, -2.705944e+00, -8.906033e-01, 2.879984e-10, 4.039859e-10, 3.339965e+01, -8.449737e-02
2.829600e+09, 9.890489e-02, 9.523943e-01, -2.712820e+00, -9.002489e-01, 2.865091e-10, 4.040123e-10, 3.340806e+01, -8.286267e-02
2.833400e+09, 9.843876e-02, 9.524356e-01, -2.719661e+00, -9.098952e-01, 2.849786e-10, 4.040327e-10, 3.341748e+01, -8.123580e-02
2.837200e+09, 9.796538e-02, 9.524763e-01, -2.726465e+00, -9.195419e-01, 2.834042e-10, 4.040473e-10, 3.342792e+01, -7.961731e-02
2.841000e+09, 9.748477e-02, 9.525167e-01, -2.733231e+00, -9.291890e-01, 2.817834e-10, 4.040567e-10, 3.343937e+01, -7.800778e-02
2.844800e+09, 9.699695e-02, 9.525566e-01, -2.739959e+00, -9.388363e-01, 2.801134e-10, 4.040614e-10, 3.345184e+01, -7.640778e-02
2.848600e+09, 9.650194e-02, 9.525963e-01, -2.746647e+00, -9.484837e-01, 2.783917e-10, 4.040624e-10, 3.346531e+01, -7.481789e-02
2.852400e+09, 9.599977e-02, 9.526359e-01, -2.753294e+00, -9.581311e-01, 2.766161e-10, 4.040604e-10, 3.347978e+01, -7.323869e-02
2.856200e+09, 9.549048e-02, 9.526754e-01, -2.759899e+00, -9.677785e-01, 2.747841e-10, 4.040566e-10, 3.349526e+01, -7.167077e-02
2.860000e+09, 9.497411e-02, 9.527150e-01, -2.766459e+00, -9.774258e-01, 2.728938e-10, 4.040519e-10, 3.351172e+01, -7.011471e-02
2.863800e+09, 9.445069e-02, 9.527549e-01, -2.772975e+00, -9.870730e-01, 2.709433e-10, 4.040475e-10, 3.352918e+01, -6.857112e-02
2.867600e+09, 9.392029e-02, 9.527952e-01, -2.779444e+00, -9.967201e-01, 2.689308e-10, 4.040445e-10, 3.354763e+01, -6.704058e-02
2.871400e+09, 9.338294e-02, 9.528361e-01, -2.785865e+00, -1.006367e+00, 2.668550e-10, 4.040440e-10, 3.356705e+01, -6.552368e-02
2.875200e+09, 9.283873e-02, 9.528776e-01, -2.792237e+00, -1.016014e+00, 2.647145e-10, 4.040472e-10, 3.358744e+01, -6.402100e-02
2.879000e+09, 9.228770e-02, 9.529200e-01, -2.798557e+00, -1.025661e+00, 2.625082e-10, 4.040550e-10, 3.360880e+01, -6.253312e-02
2.882800e+09, 9.172993e-02, 9.529633e-01, -2.804825e+00, -1.035308e+00, 2.602354e-10, 4.040684e-10, 3.363112e+01, -6.106061e-02
2.886600e+09, 9.116550e-02, 9.530077e-01, -2.811038e+00, -1.044956e+00, 2.578954e-10, 4.040880e-10, 3.365438e+01, -5.960403e-02
2.890400e+09, 9.059448e-02, 9.530532e-01, -2.817196e+00, -1.054604e+00, 2.554875e-10, 4.041147e-10, 3.367858e+01, -5.816392e-02
2.894200e+09, 9.001696e-02, 9.530999e-01, -2.823296e+00, -1.064253e+00, 2.530115e-10, 4.041487e-10, 3.370371e+01, -5.674083e-02
2.898000e+09, 8.943302e-02, 9.531478e-01, -2.829337e+00, -1.073902e+00, 2.504669e-10, 4.041905e-10, 3.372975e+01, -5.533528e-02
2.901800e+09, 8.884274e-02, 9.531969e-01, -2.835317e+00, -1.083553e+00, 2.478534e-10, 4.042402e-10, 3.375671e+01, -5.394777e-02
2.905600e+09, 8.824622e-02, 9.532473e-01, -2.841235e+00, -1.093204e+00, 2.451707e-10, 4.042975e-10, 3.378456e+01, -5.257879e-02
2.909400e+09, 8.764355e-02, 9.532988e-01, -2.847088e+00, -1.102857e+00, 2.424183e-10, 4.043623e-10, 3.381330e+01, -5.122881e-02
2.913200e+09, 8.703481e-02, 9.533514e-01, -2.852876e+00, -1.112512e+00, 2.395958e-10, 4.044341e-10, 3.384291e+01, -4.989830e-02
2.917000e+09, 8.642011e-02, 9.534050e-01, -2.858597e+00, -1.122168e+00, 2.367022e-10, 4.045121e-10, 3.387339e+01, -4.858767e-02
2.920800e+09, 8.579951e-02, 9.534594e-01, -2.864248e+00, -1.131827e+00, 2.337367e-10, 4.045955e-10, 3.390471e+01, -4.729736e-02
2.924600e+09, 8.517312e-02, 9.535145e-01, -2.869829e+00, -1.141487e+00, 2.306977e-10, 4.046834e-10, 3.393688e+01, -4.602777e-02
2.928400e+09, 8.454101e-02, 9.535702e-01, -2.875337e+00, -1.151149e+00, 2.275836e-10, 4.047745e-10, 3.396987e+01, -4.477927e-02
2.932200e+09, 8.390326e-02, 9.536262e-01, -2.880771e+00, -1.160813e+00, 2.243921e-10, 4.048678e-10, 3.400368e+01, -4.355225e-02
2.936000e+09, 8.325996e-02, 9.536824e-01, -2.886129e+00, -1.170480e+00, 2.211204e-10, 4.049618e-10, 3.403829e+01, -4.234705e-02
2.939800e+09, 8.261118e-02, 9.537385e-01, -2.891408e+00, -1.180149e+00, 2.177652e-10, 4.050552e-10, 3.407369e+01, -4.116402e-02
2.943600e+09, 8.195698e-02, 9.537944e-01, -2.896608e+00, -1.189820e+00, 2.143225e-10, 4.051467e-10, 3.410988e+01, -4.000349e-02
2.947400e+09, 8.129744e-02, 9.538498e-01, -2.901725e+00, -1.199493e+00, 2.107876e-10, 4.052350e-10, 3.414683e+01, -3.886579e-02
2.951200e+09, 8.063262e-02, 9.539045e-01, -2.906758e+00, -1.209169e+00, 2.071552e-10, 4.053188e-10, 3.418455e+01, -3.775124e-02
2.955000e+09, 7.996258e-02, 9.539585e-01, -2.911704e+00, -1.218846e+00, 2.034190e-10, 4.053970e-10, 3.422301e+01, -3.666014e-02
2.958800e+09, 7.928737e-02, 9.540114e-01, -2.916560e+00, -1.228526e+00, 1.995723e-10, 4.054685e-10, 3.426221e+01, -3.559282e-02
2.962600e+09, 7.860705e-02, 9.540632e-01, -2.921325e+00, -1.238207e+00, 1.956074e-10, 4.055325e-10, 3.430214e+01, -3.454958e-02
2.966400e+09, 7.792167e-02, 9.541138e-01, -2.925996e+00, -1.247889e+00, 1.915158e-10, 4.055882e-10, 3.434278e+01, -3.353074e-02
2.970200e+09, 7.723128e-02, 9.541630e-01, -2.930568e+00, -1.257573e+00, 1.872884e-10, 4.056352e-10, 3.438413e+01, -3.253661e-02
2.974000e+09, 7.653595e-02, 9.542109e-01, -2.935040e+00, -1.267258e+00, 1.829153e-10, 4.056733e-10, 3.442618e+01, -3.156753e-02
2.977800e+09, 7.583572e-02, 9.542573e-01, -2.939407e+00, -1.276944e+00, 1.783860e-10, 4.057023e-10, 3.446892e+01, -3.062381e-02
2.981600e+09, 7.513065e-02, 9.543024e-01, -2.943667e+00, -1.286630e+00, 1.736891e-10, 4.057225e-10, 3.451234e+01, -2.970581e-02
2.985400e+09, 7.442080e-02, 9.543461e-01, -2.947814e+00, -1.296318e+00, 1.688130e-10, 4.057343e-10, 3.455642e+01, -2.881386e-02
2.989200e+09, 7.370624e-02, 9.543884e-01, -2.951844e+00, -1.306005e+00, 1.637452e-10, 4.057383e-10, 3.460117e+01, -2.794833e-02
2.993000e+09, 7.298704e-02, 9.544296e-01, -2.955754e+00, -1.315692e+00, 1.584730e-10, 4.057355e-10, 3.464656e+01, -2.710958e-02
2.996800e+09, 7.226329e-02, 9.544698e-01, -2.959538e+00, -1.325380e+00, 1.529833e-10, 4.057268e-10, 3.469258e+01, -2.629799e-02
3.000600e+09, 7.153508e-02, 9.545090e-01, -2.963190e+00, -1.335067e+00, 1.472626e-10, 4.057134e-10, 3.473923e+01, -2.551394e-02
3.004400e+09, 7.080250e-02, 9.545475e-01, -2.966706e+00, -1.344754e+00, 1.412971e-10, 4.056969e-10, 3.478649e+01, -2.475782e-02
3.008200e+09, 7.006567e-02, 9.545855e-01, -2.970080e+00, -1.354440e+00, 1.350732e-10, 4.056785e-10, 3.483435e+01, -2.403002e-02
3.012000e+09, 6.932473e-02, 9.546232e-01, -2.973305e+00, -1.364126e+00, 1.285770e-10, 4.056598e-10, 3.488280e+01, -2.333094e-02
3.015800e+09, 6.857981e-02, 9.546607e-01, -2.976375e+00, -1.373812e+00, 1.217946e-10, 4.056425e-10, 3.493182e+01, -2.266098e-02
3.019600e+09, 6.783107e-02, 9.546983e-01, -2.979283e+00, -1.383497e+00, 1.147123e-10, 4.056281e-10, 3.498139e+01, -2.202052e-02
3.023400e+09, 6.707869e-02, 9.547363e-01, -2.982022e+00, -1.393182e+00, 1.073165e-10, 4.056180e-10, 3.503149e+01, -2.140996e-02
3.027200e+09, 6.632285e-02, 9.547747e-01, -2.984584e+00, -1.402866e+00, 9.959384e-11, 4.056137e-10, 3.508212e+01, -2.082968e-02
3.031000e+09, 6.556375e-02, 9.548137e-01, -2.986962e+00, -1.412551e+00, 9.153116e-11, 4.056166e-10, 3.513326e+01, -2.028004e-02
3.034800e+09, 6.480163e-02, 9.548536e-01, -2.989147e+00, -1.422235e+00, 8.311554e-11, 4.056277e-10, 3.518487e+01, -1.976140e-02
3.038600e+09, 6.403672e-02, 9.548944e-01, -2.991132e+00, -1.431920e+00, 7.433434e-11, 4.056480e-10, 3.523695e+01, -1.927407e-02
3.042400e+09, 6.326927e-02, 9.549363e-01, -2.992907e+00, -1.441606e+00, 6.517515e-11, 4.056783e-10, 3.528946e+01, -1.881839e-02
3.046200e+09, 6.249957e-02, 9.549792e-01, -2.994463e+00, -1.451292e+00, 5.562574e-11, 4.057189e-10, 3.534240e+01, -1.839462e-02
3.050000e+09, 6.172790e-02, 9.550233e-01, -2.995791e+00, -1.460979e+00, 4.567404e-11, 4.057702e-10, 3.539573e+01, -1.800303e-02
3.053800e+09, 6.095455e-02, 9.550685e-01, -2.996881e+00, -1.470667e+00, 3.530804e-11, 4.058320e-10, 3.544944e+01, -1.764384e-02
3.057600e+09, 6.017985e-02, 9.551147e-01, -2.997724e+00, -1.480356e+00, 2.451568e-11, 4.059041e-10, 3.550349e+01, -1.731726e-02
3.061400e+09, 5.940414e-02, 9.551618e-01, -2.998310e+00, -1.490048e+00, 1.328472e-11, 4.059858e-10, 3.555787e+01, -1.702344e-02
3.065200e+09, 5.862774e-02, 9.552098e-01, -2.998627e+00, -1.499741e+00, 1.602632e-12, 4.060763e-10, 3.561254e+01, -1.676252e-02
3.069000e+09, 5.785101e-02, 9.552584e-01, -2.998665e+00, -1.509437e+00, -1.054360e-11, 4.061746e-10, 3.566749e+01, -1.653458e-02
3.072800e+09, 5.707431e-02, 9.553075e-01, -2.998413e+00, -1.519135e+00, -2.316764e-11, 4.062792e-10, 3.572269e+01, -1.633970e-02
3.076600e+09, 5.629802e-02, 9.553568e-01, -2.997860e+00, -1.528835e+00, -3.628401e-11, 4.063888e-10, 3.577811e+01, -1.617790e-02
3.080400e+09, 5.552252e-02, 9.554061e-01, -2.996994e+00, -1.538538e+00, -4.990824e-11, 4.065016e-10, 3.583373e+01, -1.604917e-02
3.084200e+09, 5.474819e-02, 9.554551e-01, -2.995802e+00, -1.548244e+00, -6.405711e-11, 4.066159e-10, 3.588952e+01, -1.595349e-02
3.088000e+09, 5.397543e-02, 9.555036e-01, -2.994273e+00, -1.557952e+00, -7.874886e-11, 4.067298e-10, 3.594547e+01, -1.589079e-02
3.091800e+09, 5.320463e-02, 9.555511e-01, -2.992393e+00, -1.567663e+00, -9.400330e-11, 4.068414e-10, 3.600154e+01, -1.586099e-02
3.095600e+09, 5.243621e-02, 9.555976e-01, -2.990148e+00, -1.577377e+00, -1.098420e-10, 4.069490e-10, 3.605772e+01, -1.586399e-02
3.099400e+09, 5.167059e-02, 9.556426e-01, -2.987526e+00, -1.587093e+00, -1.262885e-10, 4.070506e-10, 3.611398e+01, -1.589966e-02
3.103200e+09, 5.090817e-02, 9.556860e-01, -2.984510e+00, -1.596812e+00, -1.433683e-10, 4.071447e-10, 3.617030e+01, -1.596788e-02
3.107000e+09, 5.014940e-02, 9.557274e-01, -2.981087e+00, -1.606533e+00, -1.611088e-10, 4.072296e-10, 3.622666e+01, -1.606849e-02
3.110800e+09, 4.939472e-02, 9.557667e-01, -2.977241e+00, -1.616256e+00, -1.795395e-10, 4.073041e-10, 3.628304e+01, -1.620136e-02
3.114600e+09, 4.864458e-02, 9.558037e-01, -2.972954e+00, -1.625981e+00, -1.986916e-10, 4.073671e-10, 3.633942e+01, -1.636633e-02
3.118400e+09, 4.789946e-02, 9.558383e-01, -2.968210e+00, -1.635707e+00, -2.185980e-10, 4.074176e-10, 3.639579e+01, -1.656327e-02
3.122200e+09, 4.715984e-02, 9.558703e-01, -2.962991e+00, -1.645435e+00, -2.392928e-10, 4.074552e-10, 3.645213e+01, -1.679203e-02
3.126000e+09, 4.642625e-02, 9.558997e-01, -2.957277e+00, -1.655163e+00, -2.608109e-10, 4.074796e-10, 3.650842e+01, -1.705251e-02
3.129800e+09, 4.569920e-02, 9.559265e-01, -2.951050e+00, -1.664892e+00, -2.831873e-10, 4.074908e-10, 3.656464e+01, -1.734457e-02
3.133600e+09, 4.497928e-02, 9.559507e-01, -2.944289e+00, -1.674622e+00, -3.064564e-10, 4.074893e-10, 3.662078e+01, -1.766815e-02
3.137400e+09, 4.426707e-02, 9.559723e-01, -2.936972e+00, -1.684351e+00, -3.306508e-10, 4.074757e-10, 3.667682e+01, -1.802315e-02
3.141200e+09, 4.356323e-02, 9.559916e-01, -2.929077e+00, -1.694080e+00, -3.558004e-10, 4.074510e-10, 3.673275e+01, -1.840953e-02
3.145000e+09, 4.286842e-02, 9.560087e-01, -2.920582e+00, -1.703808e+00, -3.819308e-10, 4.074165e-10, 3.678855e+01, -1.882725e-02
3.148800e+09, 4.218339e-02, 9.560237e-01, -2.911463e+00, -1.713536e+00, -4.090616e-10, 4.073736e-10, 3.684420e+01, -1.927630e-02
3.152600e+09, 4.150890e-02, 9.560369e-01, -2.901696e+00, -1.723262e+00, -4.372048e-10, 4.073242e-10, 3.689969e+01, -1.975667e-02
3.156400e+09, 4.084581e-02, 9.560486e-01, -2.891257e+00, -1.732987e+00, -4.663623e-10, 4.072702e-10, 3.695500e+01, -2.026841e-02
3.160200e+09, 4.019501e-02, 9.560591e-01, -2.880123e+00, -1.742711e+00, -4.965241e-10, 4.072136e-10, 3.701011e+01, -2.081152e-02
3.164000e+09, 3.955745e-02, 9.560686e-01, -2.868267e+00, -1.752434e+00, -5.276654e-10, 4.071565e-10, 3.706500e+01, -2.138606e-02
3.167800e+09, 3.893418e-02, 9.560774e-01, -2.855669e+00, -1.762155e+00, -5.597442e-10, 4.071010e-10, 3.711966e+01, -2.199209e-02
3.171600e+09, 3.832628e-02, 9.560859e-01, -2.842304e+00, -1.771875e+00, -5.926982e-10, 4.070495e-10, 3.717405e+01, -2.262964e-02
3.175400e+09, 3.773492e-02, 9.560943e-01, -2.828153e+00, -1.781594e+00, -6.264427e-10, 4.070037e-10, 3.722816e+01, -2.329877e-02
3.179200e+09, 3.716133e-02, 9.561030e-01, -2.813196e+00, -1.791312e+00, -6.608672e-10, 4.069658e-10, 3.728196e+01, -2.399951e-02
3.183000e+09, 3.660681e-02, 9.561121e-01, -2.797417e+00, -1.801029e+00, -6.958335e-10, 4.069375e-10, 3.733543e+01, -2.473190e-02
3.186800e+09, 3.607271e-02, 9.561218e-01, -2.780803e+00, -1.810745e+00, -7.311738e-10, 4.069202e-10, 3.738854e+01, -2.549592e-02
3.190600e+09, 3.556045e-02, 9.561324e-01, -2.763346e+00, -1.820460e+00, -7.666888e-10, 4.069153e-10, 3.744126e+01, -2.629157e-02
3.194400e+09, 3.507147e-02, 9.561440e-01, -2.745040e+00, -1.830176e+00, -8.021473e-10, 4.069236e-10, 3.749355e+01, -2.711877e-02
3.198200e+09, 3.460728e-02, 9.561567e-01, -2.725888e+00, -1.839892e+00, -8.372869e-10, 4.069459e-10, 3.754540e+01, -2.797745e-02
3.202000e+09, 3.416937e-02, 9.561704e-01, -2.705897e+00, -1.849608e+00, -8.718153e-10, 4.069823e-10, 3.759677e+01, -2.886746e-02
3.205800e+09, 3.375928e-02, 9.561853e-01, -2.685081e+00, -1.859325e+00, -9.054137e-10, 4.070327e-10, 3.764763e+01, -2.978863e-02
3.209600e+09, 3.337851e-02, 9.562012e-01, -2.663464e+00, -1.869043e+00, -9.377411e-10, 4.070968e-10, 3.769794e+01, -3.074073e-02
3.213400e+09, 3.302854e-02, 9.562180e-01, -2.641074e+00, -1.878763e+00, -9.684410e-10, 4.071737e-10, 3.774767e+01, -3.172348e-02
3.217200e+09, 3.271081e-02, 9.562355e-01, -2.617951e+00, -1.888485e+00, -9.971491e-10, 4.072621e-10, 3.779679e+01, -3.273655e-02
3.221000e+09, 3.242667e-02, 9.562536e-01, -2.594143e+00, -1.898209e+00, -1.023502e-09, 4.073606e-10, 3.784526e+01, -3.377956e-02
3.224800e+09, 3.217742e-02, 9.562719e-01, -2.569706e+00, -1.907935e+00, -1.047150e-09, 4.074675e-10, 3.789306e+01, -3.485207e-02
3.228600e+09, 3.196420e-02, 9.562902e-01, -2.544704e+00, -1.917664e+00, -1.067765e-09, 4.075806e-10, 3.794014e+01, -3.595359e-02
3.232400e+09, 3.178805e-02, 9.563081e-01, -2.519210e+00, -1.927395e+00, -1.085052e-09, 4.076977e-10, 3.798649e+01, -3.708360e-02
3.236200e+09, 3.164984e-02, 9.563252e-01, -2.493303e+00, -1.937130e+00, -1.098764e-09, 4.078164e-10, 3.803207e+01, -3.824152e-02
3.240000e+09, 3.155029e-02, 9.563413e-01, -2.467069e+00, -1.946867e+00, -1.108706e-09, 4.079343e-10, 3.807686e+01, -3.942673e-02
3.243800e+09, 3.148994e-02, 9.563559e-01, -2.440598e+00, -1.956606e+00, -1.114744e-09, 4.080487e-10, 3.812083e+01, -4.063860e-02
3.247600e+09, 3.146914e-02, 9.563687e-01, -2.413982e+00, -1.966349e+00, -1.116814e-09, 4.081571e-10, 3.816395e+01, -4.187646e-02
3.251400e+09, 3.148805e-02, 9.563792e-01, -2.387317e+00, -1.976094e+00, -1.114918e-09, 4.082572e-10, 3.820620e+01, -4.313960e-02
3.255200e+09, 3.154663e-02, 9.563872e-01, -2.360697e+00, -1.985842e+00, -1.109128e-09, 4.083465e-10, 3.824757e+01, -4.442735e-02
3.259000e+09, 3.164469e-02, 9.563923e-01, -2.334215e+00, -1.995592e+00, -1.099579e-09, 4.084231e-10, 3.828803e+01, -4.573900e-02
3.262800e+09, 3.178182e-02, 9.563942e-01, -2.307961e+00, -2.005343e+00, -1.086465e-09, 4.084851e-10, 3.832758e+01, -4.707385e-02
3.266600e+09, 3.195749e-02, 9.563928e-01, -2.282021e+00, -2.015096e+00, -1.070030e-09, 4.085309e-10, 3.836619e+01, -4.843123e-02
3.270400e+09, 3.217100e-02, 9.563878e-01, -2.256473e+00, -2.024850e+00, -1.050557e-09, 4.085595e-10, 3.840386e+01, -4.981048e-02
3.274200e+09, 3.242152e-02, 9.563791e-01, -2.231390e+00, -2.034605e+00, -1.028358e-09, 4.085699e-10, 3.844057e+01, -5.121097e-02
3.278000e+09, 3.270814e-02, 9.563666e-01, -2.206836e+00, -2.044360e+00, -1.003762e-09, 4.085618e-10, 3.847633e+01, -5.263211e-02
3.281800e+09, 3.302983e-02, 9.563503e-01, -2.182870e+00, -2.054115e+00, -9.771050e-10, 4.085352e-10, 3.851112e+01, -5.407335e-02
3.285600e+09, 3.338552e-02, 9.563303e-01, -2.159541e+00, -2.063869e+00, -9.487212e-10, 4.084905e-10, 3.854493e+01, -5.553417e-02
3.289400e+09, 3.377410e-02, 9.563067e-01, -2.136889e+00, -2.073622e+00, -9.189328e-10, 4.084287e-10, 3.857777e+01, -5.701413e-02
3.293200e+09, 3.419442e-02, 9.562797e-01, -2.114949e+00, -2.083374e+00, -8.880441e-10, 4.083510e-10, 3.860963e+01, -5.851281e-02
3.297000e+09, 3.464532e-02, 9.562494e-01, -2.093746e+00, -2.093124e+00, -8.563364e-10, 4.082591e-10, 3.864050e+01, -6.002987e-02
3.300800e+09, 3.512567e-02, 9.562163e-01, -2.073300e+00, -2.102872e+00, -8.240646e-10, 4.081549e-10, 3.867037e+01, -6.156499e-02
3.304600e+09, 3.563433e-02, 9.561806e-01, -2.053624e+00, -2.112617e+00, -7.914548e-10, 4.080409e-10, 3.869926e+01, -6.311792e-02
3.308400e+09, 3.617022e-02, 9.561427e-01, -2.034727e+00, -2.122359e+00, -7.587043e-10, 4.079195e-10, 3.872714e+01, -6.468844e-02
3.312200e+09, 3.673227e-02, 9.561030e-01, -2.016612e+00, -2.132099e+00, -7.259818e-10, 4.077936e-10, 3.875400e+01, -6.627638e-02
3.316000e+09, 3.731946e-02, 9.560619e-01, -1.999279e+00, -2.141835e+00, -6.934287e-10, 4.076660e-10, 3.877985e+01, -6.788159e-02
3.319800e+09, 3.793082e-02, 9.560199e-01, -1.982722e+00, -2.151569e+00, -6.611617e-10, 4.075397e-10, 3.880467e+01, -6.950395e-02
3.323600e+09, 3.856542e-02, 9.559774e-01, -1.966936e+00, -2.161299e+00, -6.292749e-10, 4.074177e-10, 3.882845e+01, -7.114334e-02
3.327400e+09, 3.922237e-02, 9.559349e-01, -1.951912e+00, -2.171027e+00, -5.978428e-10, 4.073029e-10, 3.885116e+01, -7.279966e-02
3.331200e+09, 3.990081e-02, 9.558927e-01, -1.937638e+00, -2.180751e+00, -5.669231e-10, 4.071979e-10, 3.887280e+01, -7.447280e-02
3.335000e+09, 4.059992e-02, 9.558513e-01, -1.924102e+00, -2.190474e+00, -5.365598e-10, 4.071054e-10, 3.889334e+01, -7.616263e-02
3.338800e+09, 4.131890e-02, 9.558109e-01, -1.911291e+00, -2.200194e+00, -5.067858e-10, 4.070275e-10, 3.891277e+01, -7.786898e-02
3.342600e+09, 4.205700e-02, 9.557720e-01, -1.899191e+00, -2.209912e+00, -4.776255e-10, 4.069663e-10, 3.893104e+01, -7.959166e-02
3.346400e+09, 4.281346e-02, 9.557346e-01, -1.887787e+00, -2.219629e+00, -4.490968e-10, 4.069232e-10, 3.894815e+01, -8.133041e-02
3.350200e+09, 4.358754e-02, 9.556991e-01, -1.877064e+00, -2.229345e+00, -4.212132e-10, 4.068994e-10, 3.896406e+01, -8.308492e-02
3.354000e+09, 4.437848e-02, 9.556655e-01, -1.867007e+00, -2.239060e+00, -3.939855e-10, 4.068956e-10, 3.897875e+01, -8.485482e-02
3.357800e+09, 4.518557e-02, 9.556338e-01, -1.857600e+00, -2.248775e+00, -3.674230e-10, 4.069119e-10, 3.899218e+01, -8.663964e-02
3.361600e+09, 4.600805e-02, 9.556041e-01, -1.848828e+00, -2.258490e+00, -3.415344e-10, 4.069480e-10, 3.900432e+01, -8.843885e-02
3.365400e+09, 4.684517e-02, 9.555761e-01, -1.840673e+00, -2.268207e+00, -3.163288e-10, 4.070031e-10, 3.901515e+01, -9.025184e-02
3.369200e+09, 4.769616e-02, 9.555499e-01, -1.833121e+00, -2.277924e+00, -2.918158e-10, 4.070760e-10, 3.902463e+01, -9.207788e-02
3.373000e+09, 4.856024e-02, 9.555250e-01, -1.826153e+00, -2.287644e+00, -2.680058e-10, 4.071650e-10, 3.903273e+01, -9.391619e-02
3.376800e+09, 4.943662e-02, 9.555012e-01, -1.819754e+00, -2.297365e+00, -2.449102e-10, 4.072679e-10, 3.903943e+01, -9.576588e-02
3.380600e+09, 5.032450e-02, 9.554782e-01, -1.813907e+00, -2.307089e+00, -2.225410e-10, 4.073821e-10, 3.904471e+01, -9.762599e-02
3.384400e+09, 5.122305e-02, 9.554555e-01, -1.808593e+00, -2.316816e+00, -2.009105e-10, 4.075050e-10, 3.904854e+01, -9.949549e-02
3.388200e+09, 5.213145e-02, 9.554327e-01, -1.803796e+00, -2.326546e+00, -1.800313e-10, 4.076334e-10, 3.905090e+01, -1.013733e-01
3.392000e+09, 5.304886e-02, 9.554093e-01, -1.799498e+00, -2.336278e+00, -1.599152e-10, 4.077640e-10, 3.905179e+01, -1.032582e-01
3.395800e+09, 5.397446e-02, 9.553848e-01, -1.795680e+00, -2.346014e+00, -1.405733e-10, 4.078935e-10, 3.905117e+01, -1.051490e-01
3.399600e+09, 5.490742e-02, 9.553586e-01, -1.792323e+00, -2.355753e+00, -1.220151e-10, 4.080183e-10, 3.904906e+01, -1.070445e-01
3.403400e+09, 5.584693e-02, 9.553304e-01, -1.789410e+00, -2.365495e+00, -1.042481e-10, 4.081352e-10, 3.904545e+01, -1.089435e-01
3.407200e+09, 5.679218e-02, 9.552995e-01, -1.786921e+00, -2.375240e+00, -8.727731e-11, 4.082408e-10, 3.904033e+01, -1.108447e-01
3.411000e+09, 5.774240e-02, 9.552655e-01, -1.784837e+00, -2.384987e+00, -7.110469e-11, 4.083320e-10, 3.903372e+01, -1.127468e-01
3.414800e+09, 5.869686e-02, 9.552281e-01, -1.783140e+00, -2.394736e+00, -5.572889e-11, 4.084061e-10, 3.902563e+01, -1.146488e-01
3.418600e+09, 5.965485e-02, 9.551867e-01, -1.781809e+00, -2.404487e+00, -4.114481e-11, 4.084607e-10, 3.901606e+01, -1.165494e-01
3.422400e+09, 6.061572e-02, 9.551412e-01, -1.780827e+00, -2.414240e+00, -2.734328e-11, 4.084935e-10, 3.900505e+01, -1.184475e-01
3.426200e+09, 6.157885e-02, 9.550912e-01, -1.780174e+00, -2.423993e+00, -1.431096e-11, 4.085030e-10, 3.899261e+01, -1.203422e-01
3.430000e+09, 6.254371e-02, 9.550366e-01, -1.779832e+00, -2.433746e+00, -2.030099e-12, 4.084881e-10, 3.897877e+01, -1.222326e-01
3.433800e+09, 6.350981e-02, 9.549773e-01, -1.779784e+00, -2.443499e+00, 9.521415e-12, 4.084481e-10, 3.896355e+01, -1.241178e-01
3.437600e+09, 6.447672e-02, 9.549132e-01, -1.780011e+00, -2.453252e+00, 2.037007e-11, 4.083829e-10, 3.894699e+01, -1.259971e-01
3.441400e+09, 6.544410e-02, 9.548445e-01, -1.780497e+00, -2.463002e+00, 3.054657e-11, 4.082931e-10, 3.892911e+01, -1.278700e-01
3.445200e+09, 6.641166e-02, 9.547712e-01, -1.781227e+00, -2.472751e+00, 4.008565e-11, 4.081798e-10, 3.890995e+01, -1.297360e-01
3.449000e+09, 6.737919e-02, 9.546937e-01, -1.782184e+00, -2.482496e+00, 4.902575e-11, 4.080443e-10, 3.888954e+01, -1.315948e-01
3.452800e+09, 6.834656e-02, 9.546121e-01, -1.783354e+00, -2.492239e+00, 5.740867e-11, 4.078888e-10, 3.886790e+01, -1.334460e-01
3.456600e+09, 6.931368e-02, 9.545270e-01, -1.784725e+00, -2.501978e+00, 6.527909e-11, 4.077159e-10, 3.884507e+01, -1.352897e-01
3.460400e+09, 7.028055e-02, 9.544388e-01, -1.786284e+00, -2.511712e+00, 7.268406e-11, 4.075283e-10, 3.882106e+01, -1.371258e-01
3.464200e+09, 7.124722e-02, 9.543479e-01, -1.788019e+00, -2.521443e+00, 7.967244e-11, 4.073295e-10, 3.879591e+01, -1.389544e-01
3.468000e+09, 7.221380e-02, 9.542549e-01, -1.789921e+00, -2.531168e+00, 8.629423e-11, 4.071229e-10, 3.876963e+01, -1.407757e-01
3.471800e+09, 7.318043e-02, 9.541604e-01, -1.791982e+00, -2.540889e+00, 9.259990e-11, 4.069123e-10, 3.874222e+01, -1.425898e-01
3.475600e+09, 7.414730e-02, 9.540649e-01, -1.794193e+00, -2.550604e+00, 9.863970e-11, 4.067016e-10, 3.871371e+01, -1.443970e-01
3.479400e+09, 7.511463e-02, 9.539692e-01, -1.796548e+00, -2.560314e+00, 1.044629e-10, 4.064947e-10, 3.868409e+01, -1.461976e-01
3.483200e+09, 7.608265e-02, 9.538738e-01, -1.799042e+00, -2.570020e+00, 1.101170e-10, 4.062955e-10, 3.865337e+01, -1.479919e-01
3.487000e+09, 7.705159e-02, 9.537794e-01, -1.801671e+00, -2.579721e+00, 1.156471e-10, 4.061076e-10, 3.862153e+01, -1.497801e-01
3.490800e+09, 7.802171e-02, 9.536864e-01, -1.804432e+00, -2.589417e+00, 1.210953e-10, 4.059348e-10, 3.858857e+01, -1.515623e-01
3.494600e+09, 7.899321e-02, 9.535954e-01, -1.807324e+00, -2.599109e+00, 1.264996e-10, 4.057801e-10, 3.855446e+01, -1.533389e-01
3.498400e+09, 7.996629e-02, 9.535068e-01, -1.810344e+00, -2.608798e+00, 1.318940e-10, 4.056465e-10, 3.851919e+01, -1.551097e-01
3.502200e+09, 8.094111e-02, 9.534212e-01, -1.813493e+00, -2.618483e+00, 1.373071e-10, 4.055364e-10, 3.848273e+01, -1.568746e-01
3.506000e+09, 8.191778e-02, 9.533387e-01, -1.816771e+00, -2.628165e+00, 1.427626e-10, 4.054519e-10, 3.844506e+01, -1.586335e-01
3.509800e+09, 8.289634e-02, 9.532597e-01, -1.820180e+00, -2.637846e+00, 1.482780e-10, 4.053944e-10, 3.840615e+01, -1.603860e-01
3.513600e+09, 8.387680e-02, 9.531844e-01, -1.823720e+00, -2.647525e+00, 1.538654e-10, 4.053648e-10, 3.836596e+01, -1.621315e-01
3.517400e+09, 8.485905e-02, 9.531127e-01, -1.827394e+00, -2.657204e+00, 1.595303e-10, 4.053634e-10, 3.832446e+01, -1.638694e-01
3.521200e+09, 8.584295e-02, 9.530447e-01, -1.831203e+00, -2.666882e+00, 1.652724e-10, 4.053901e-10, 3.828163e+01, -1.655986e-01
3.525000e+09, 8.682824e-02, 9.529803e-01, -1.835149e+00, -2.676561e+00, 1.710855e-10, 4.054440e-10, 3.823743e+01, -1.673183e-01
3.528800e+09, 8.781460e-02, 9.529193e-01, -1.839234e+00, -2.686242e+00, 1.769575e-10, 4.055237e-10, 3.819183e+01, -1.690270e-01
3.532600e+09, 8.880161e-02, 9.528614e-01, -1.843459e+00, -2.695924e+00, 1.828711e-10, 4.056272e-10, 3.814482e+01, -1.707234e-01
3.536400e+09, 8.978877e-02, 9.528062e-01, -1.847825e+00, -2.705609e+00, 1.888038e-10, 4.057523e-10, 3.809638e+01, -1.724058e-01
3.540200e+09, 9.077551e-02, 9.527532e-01, -1.852333e+00, -2.715297e+00, 1.947291e-10, 4.058959e-10, 3.804650e+01, -1.740726e-01
3.544000e+09, 9.176119e-02, 9.527020e-01, -1.856982e+00, -2.724988e+00, 2.006164e-10, 4.060549e-10, 3.799518e+01, -1.757218e-01
3.547800e+09, 9.274508e-02, 9.526520e-01, -1.861772e+00, -2.734683e+00, 2.064323e-10, 4.062256e-10, 3.794241e+01, -1.773515e-01
3.551600e+09, 9.372642e-02, 9.526026e-01, -1.866701e+00, -2.744382e+00, 2.121410e-10, 4.064042e-10, 3.788821e+01, -1.789597e-01
3.555400e+09, 9.470438e-02, 9.525530e-01, -1.871766e+00, -2.754085e+00, 2.177051e-10, 4.065868e-10, 3.783261e+01, -1.805442e-01
3.559200e+09, 9.567811e-02, 9.525027e-01, -1.876964e+00, -2.763793e+00, 2.230866e-10, 4.067692e-10, 3.777563e+01, -1.821030e-01
3.563000e+09, 9.664673e-02, 9.524509e-01, -1.882291e+00, -2.773505e+00, 2.282476e-10, 4.069472e-10, 3.771732e+01, -1.836340e-01
3.566800e+09, 9.760937e-02, 9.523970e-01, -1.887740e+00, -2.783222e+00, 2.331508e-10, 4.071169e-10, 3.765772e+01, -1.851351e-01
3.570600e+09, 9.856514e-02, 9.523403e-01, -1.893307e+00, -2.792942e+00, 2.377608e-10, 4.072743e-10, 3.759689e+01, -1.866044e-01
3.574400e+09, 9.951319e-02, 9.522800e-01, -1.898984e+00, -2.802666e+00, 2.420445e-10, 4.074157e-10, 3.753490e+01, -1.880403e-01
3.578200e+09, 1.004527e-01, 9.522158e-01, -1.904763e+00, -2.812394e+00, 2.459720e-10, 4.075378e-10, 3.747183e+01, -1.894409e-01
3.582000e+09, 1.013829e-01, 9.521469e-01, -1.910636e+00, -2.822124e+00, 2.495169e-10, 4.076373e-10, 3.740775e+01, -1.908049e-01
3.585800e+09, 1.023032e-01, 9.520728e-01, -1.916593e+00, -2.831857e+00, 2.526571e-10, 4.077116e-10, 3.734276e+01, -1.921312e-01
3.589600e+09, 1.032128e-01, 9.519933e-01, -1.922626e+00, -2.841591e+00, 2.553754e-10, 4.077585e-10, 3.727695e+01, -1.934187e-01
3.593400e+09, 1.041113e-01, 9.519078e-01, -1.928723e+00, -2.851327e+00, 2.576599e-10, 4.077761e-10, 3.721042e+01, -1.946669e-01
3.597200e+09, 1.049983e-01, 9.518162e-01, -1.934875e+00, -2.861063e+00, 2.595040e-10, 4.077631e-10, 3.714325e+01, -1.958752e-01
3.601000e+09, 1.058735e-01, 9.517182e-01, -1.941071e+00, -2.870799e+00, 2.609072e-10, 4.077188e-10, 3.707556e+01, -1.970438e-01
3.604800e+09, 1.067367e-01, 9.516137e-01, -1.947300e+00, -2.880534e+00, 2.618748e-10, 4.076429e-10, 3.700744e+01, -1.981729e-01
3.608600e+09, 1.075879e-01, 9.515028e-01, -1.953553e+00, -2.890267e+00, 2.624184e-10, 4.075354e-10, 3.693899e+01, -1.992630e-01
3.612400e+09, 1.084271e-01, 9.513855e-01, -1.959818e+00, -2.899997e+00, 2.625555e-10, 4.073970e-10, 3.687029e+01, -2.003150e-01
3.616200e+09, 1.092547e-01, 9.512619e-01, -1.966087e+00, -2.909724e+00, 2.623099e-10, 4.072289e-10, 3.680143e+01, -2.013300e-01
3.620000e+09, 1.100709e-01, 9.511323e-01, -1.972350e+00, -2.919447e+00, 2.617108e-10, 4.070325e-10, 3.673248e+01, -2.023097e-01
3.623800e+09, 1.108764e-01, 9.509970e-01, -1.978599e+00, -2.929165e+00, 2.607934e-10, 4.068097e-10, 3.666352e+01, -2.032555e-01
3.627600e+09, 1.116717e-01, 9.508564e-01, -1.984826e+00, -2.938878e+00, 2.595977e-10, 4.065626e-10, 3.659460e+01, -2.041695e-01
3.631400e+09, 1.124576e-01, 9.507109e-01, -1.991024e+00, -2.948586e+00, 2.581684e-10, 4.062937e-10, 3.652577e+01, -2.050538e-01
3.635200e+09, 1.132350e-01, 9.505610e-01, -1.997188e+00, -2.958286e+00, 2.565545e-10, 4.060056e-10, 3.645705e+01, -2.059106e-01
3.639000e+09, 1.140048e-01, 9.504072e-01, -2.003313e+00, -2.967980e+00, 2.548080e-10, 4.057011e-10, 3.638848e+01, -2.067423e-01
3.642800e+09, 1.147682e-01, 9.502502e-01, -2.009397e+00, -2.977667e+00, 2.529841e-10, 4.053832e-10, 3.632006e+01, -2.075512e-01
3.646600e+09, 1.155262e-01, 9.500905e-01, -2.015437e+00, -2.987346e+00, 2.511392e-10, 4.050547e-10, 3.625179e+01, -2.083398e-01
3.650400e+09, 1.162799e-01, 9.499288e-01, -2.021434e+00, -2.997017e+00, 2.493311e-10, 4.047186e-10, 3.618364e+01, -2.091105e-01
3.654200e+09, 1.170307e-01, 9.497657e-01, -2.027387e+00, -3.006680e+00, 2.476173e-10, 4.043778e-10, 3.611558e+01, -2.098654e-01
3.658000e+09, 1.177797e-01, 9.496018e-01, -2.033299e+00, -3.016335e+00, 2.460543e-10, 4.040352e-10, 3.604758e+01, -2.106067e-01
3.661800e+09, 1.185281e-01, 9.494377e-01, -2.039174e+00, -3.025982e+00, 2.446966e-10, 4.036935e-10, 3.597957e+01, -2.113362e-01
3.665600e+09, 1.192771e-01, 9.492743e-01, -2.045016e+00, -3.035620e+00, 2.435956e-10, 4.033551e-10, 3.591149e+01, -2.120557e-01
3.669400e+09, 1.200277e-01, 9.491119e-01, -2.050832e+00, -3.045251e+00, 2.427989e-10, 4.030226e-10, 3.584326e+01, -2.127664e-01
3.673200e+09, 1.207809e-01, 9.489513e-01, -2.056629e+00, -3.054873e+00, 2.423487e-10, 4.026981e-10, 3.577480e+01, -2.134694e-01
3.677000e+09, 1.215378e-01, 9.487930e-01, -2.062416e+00, -3.064488e+00, 2.422820e-10, 4.023836e-10, 3.570602e+01, -2.141653e-01
3.680800e+09, 1.222990e-01, 9.486375e-01, -2.068200e+00, -3.074096e+00, 2.426287e-10, 4.020810e-10, 3.563683e+01, -2.148544e-01
3.684600e+09, 1.230653e-01, 9.484855e-01, -2.073993e+00, -3.083696e+00, 2.434118e-10, 4.017920e-10, 3.556713e+01, -2.155365e-01
3.688400e+09, 1.238371e-01, 9.483373e-01, -2.079805e+00, -3.093289e+00, 2.446467e-10, 4.015181e-10, 3.549682e+01, -2.162111e-01
3.692200e+09, 1.246147e-01, 9.481934e-01, -2.085646e+00, -3.102876e+00, 2.463406e-10, 4.012604e-10, 3.542582e+01, -2.168771e-01
3.696000e+09, 1.253984e-01, 9.480543e-01, -2.091528e+00, -3.112456e+00, 2.484926e-10, 4.010204e-10, 3.535403e+01, -2.175332e-01
3.699800e+09, 1.261880e-01, 9.479203e-01, -2.097461e+00, -3.122031e+00, 2.510937e-10, 4.007988e-10, 3.528137e+01, -2.181774e-01
3.703600e+09, 1.269834e-01, 9.477918e-01, -2.103456e+00, -3.131600e+00, 2.541269e-10, 4.005968e-10, 3.520777e+01, -2.188076e-01
3.707400e+09, 1.277841e-01, 9.476691e-01, -2.109524e+00, -3.141165e+00, 2.575675e-10, 4.004152e-10, 3.513316e+01, -2.194211e-01
3.711200e+09, 1.285896e-01, 9.475525e-01, -2.115673e+00, 3.132460e+00, 2.613836e-10, 4.002546e-10, 3.505748e+01, -2.200151e-01
3.715000e+09, 1.293991e-01, 9.474422e-01, -2.121914e+00, 3.122903e+00, 2.655369e-10, 4.001159e-10, 3.498070e+01, -2.205862e-01
3.718800e+09, 1.302115e-01, 9.473384e-01, -2.128254e+00, 3.113350e+00, 2.699832e-10, 3.999996e-10, 3.490278e+01, -2.211310e-01
3.722600e+09, 1.310259e-01, 9.472414e-01, -2.134700e+00, 3.103800e+00, 2.746737e-10, 3.999063e-10, 3.482373e+01, -2.216460e-01
3.726400e+09, 1.318409e-01, 9.471512e-01, -2.141259e+00, 3.094251e+00, 2.795555e-10, 3.998366e-10, 3.474354e+01, -2.221272e-01
3.730200e+09, 1.326553e-01, 9.470680e-01, -2.147933e+00, 3.084705e+00, 2.845726e-10, 3.997910e-10, 3.466224e+01, -2.225709e-01
3.734000e+09, 1.334675e-01, 9.469918e-01, -2.154728e+00, 3.075159e+00, 2.896673e-10, 3.997698e-10, 3.457986e+01, -2.229732e-01
3.737800e+09, 1.342759e-01, 9.469227e-01, -2.161644e+00, 3.065614e+00, 2.947811e-10, 3.997736e-10, 3.449645e+01, -2.233303e-01
3.741600e+09, 1.350790e-01, 9.468606e-01, -2.168682e+00, 3.056069e+00, 2.998552e-10, 3.998024e-10, 3.441210e+01, -2.236385e-01
3.745400e+09, 1.358751e-01, 9.468055e-01, -2.175841e+00, 3.046524e+00, 3.048324e-10, 3.998565e-10, 3.432687e+01, -2.238944e-01
3.749200e+09, 1.366625e-01, 9.467573e-01, -2.183120e+00, 3.036977e+00, 3.096571e-10, 3.999359e-10, 3.424088e+01, -2.240946e-01
3.753000e+09, 1.374397e-01, 9.467158e-01, -2.190513e+00, 3.027428e+00, 3.142768e-10, 4.000404e-10, 3.415423e+01, -2.242363e-01
3.756800e+09, 1.382050e-01, 9.466808e-01, -2.198017e+00, 3.017876e+00, 3.186424e-10, 4.001697e-10, 3.406705e+01, -2.243168e-01
3.760600e+09, 1.389568e-01, 9.466521e-01, -2.205625e+00, 3.008322e+00, 3.227093e-10, 4.003232e-10, 3.397946e+01, -2.243339e-01
3.764400e+09, 1.396938e-01, 9.466293e-01, -2.213330e+00, 2.998764e+00, 3.264375e-10, 4.005000e-10, 3.389161e+01, -2.242858e-01
3.768200e+09, 1.404146e-01, 9.466121e-01, -2.221124e+00, 2.989201e+00, 3.297927e-10, 4.006990e-10, 3.380363e+01, -2.241712e-01
3.772000e+09, 1.411180e-01, 9.466001e-01, -2.228998e+00, 2.979634e+00, 3.327460e-10, 4.009188e-10, 3.371568e+01, -2.239891e-01
3.775800e+09, 1.418029e-01, 9.465927e-01, -2.236943e+00, 2.970062e+00, 3.352749e-10, 4.011575e-10, 3.362790e+01, -2.237393e-01
3.779600e+09, 1.424684e-01, 9.465894e-01, -2.244948e+00, 2.960484e+00, 3.373629e-10, 4.014131e-10, 3.354043e+01, -2.234217e-01
3.783400e+09, 1.431138e-01, 9.465896e-01, -2.253003e+00, 2.950900e+00, 3.390000e-10, 4.016830e-10, 3.345342e+01, -2.230370e-01
3.787200e+09, 1.437384e-01, 9.465927e-01, -2.261097e+00, 2.941309e+00, 3.401826e-10, 4.019643e-10, 3.336701e+01, -2.225864e-01
3.791000e+09, 1.443420e-01, 9.465980e-01, -2.269219e+00, 2.931712e+00, 3.409134e-10, 4.022540e-10, 3.328132e+01, -2.220712e-01
3.794800e+09, 1.449243e-01, 9.466047e-01, -2.277359e+00, 2.922107e+00, 3.412015e-10, 4.025483e-10, 3.319647e+01, -2.214934e-01
3.798600e+09, 1.454854e-01, 9.466120e-01, -2.285505e+00, 2.912496e+00, 3.410619e-10, 4.028436e-10, 3.311258e+01, -2.208554e-01
3.802400e+09, 1.460253e-01, 9.466192e-01, -2.293648e+00, 2.902878e+00, 3.405153e-10, 4.031357e-10, 3.302972e+01, -2.201597e-01
3.806200e+09, 1.465446e-01, 9.466255e-01, -2.301778e+00, 2.893252e+00, 3.395879e-10, 4.034203e-10, 3.294800e+01, -2.194095e-01
3.810000e+09, 1.470436e-01, 9.466300e-01, -2.309887e+00, 2.883620e+00, 3.383108e-10, 4.036930e-10, 3.286748e+01, -2.186077e-01
3.813800e+09, 1.475232e-01, 9.466318e-01, -2.317964e+00, 2.873982e+00, 3.367197e-10, 4.039492e-10, 3.278820e+01, -2.177578e-01
3.817600e+09, 1.479840e-01, 9.466304e-01, -2.326004e+00, 2.864337e+00, 3.348541e-10, 4.041845e-10, 3.271021e+01, -2.168633e-01
3.821400e+09, 1.484272e-01, 9.466248e-01, -2.333999e+00, 2.854687e+00, 3.327568e-10, 4.043945e-10, 3.263353e+01, -2.159275e-01
3.825200e+09, 1.488538e-01, 9.466143e-01, -2.341944e+00, 2.845031e+00, 3.304734e-10, 4.045749e-10, 3.255817e+01, -2.149541e-01
3.829000e+09, 1.492650e-01, 9.465984e-01, -2.349834e+00, 2.835372e+00, 3.280513e-10, 4.047217e-10, 3.248411e+01, -2.139465e-01
3.832800e+09, 1.496619e-01, 9.465765e-01, -2.357667e+00, 2.825708e+00, 3.255391e-10, 4.048313e-10, 3.241135e+01, -2.129079e-01
3.836600e+09, 1.500459e-01, 9.465480e-01, -2.365439e+00, 2.816043e+00, 3.229860e-10, 4.049008e-10, 3.233983e+01, -2.118414e-01
3.840400e+09, 1.504183e-01, 9.465127e-01, -2.373151e+00, 2.806375e+00, 3.204406e-10, 4.049274e-10, 3.226953e+01, -2.107498e-01
3.844200e+09, 1.507805e-01, 9.464702e-01, -2.380802e+00, 2.796707e+00, 3.179503e-10, 4.049094e-10, 3.220038e+01, -2.096358e-01
3.848000e+09, 1.511336e-01, 9.464205e-01, -2.388393e+00, 2.787039e+00, 3.155606e-10, 4.048455e-10, 3.213232e+01, -2.085015e-01
3.851800e+09, 1.514790e-01, 9.463635e-01, -2.395927e+00, 2.777373e+00, 3.133142e-10, 4.047353e-10, 3.206528e+01, -2.073487e-01
3.855600e+09, 1.518178e-01, 9.462993e-01, -2.403408e+00, 2.767710e+00, 3.112503e-10, 4.045794e-10, 3.199918e+01, -2.061790e-01
3.859400e+09, 1.521512e-01, 9.462283e-01, -2.410840e+00, 2.758050e+00, 3.094040e-10, 4.043789e-10, 3.193394e+01, -2.049934e-01
3.863200e+09, 1.524800e-01, 9.461509e-01, -2.418227e+00, 2.748395e+00, 3.078057e-10, 4.041361e-10, 3.186949e+01, -2.037925e-01
3.867000e+09, 1.528053e-01, 9.460676e-01, -2.425576e+00, 2.738746e+00, 3.064802e-10, 4.038542e-10, 3.180574e+01, -2.025766e-01
3.870800e+09, 1.531276e-01, 9.459792e-01, -2.432894e+00, 2.729103e+00, 3.054470e-10, 4.035370e-10, 3.174263e+01, -2.013454e-01
3.874600e+09, 1.534476e-01, 9.458864e-01, -2.440187e+00, 2.719468e+00, 3.047195e-10, 4.031894e-10, 3.168007e+01, -2.000986e-01
3.878400e+09, 1.537658e-01, 9.457901e-01, -2.447462e+00, 2.709842e+00, 3.043051e-10, 4.028168e-10, 3.161800e+01, -1.988350e-01
3.882200e+09, 1.540822e-01, 9.456915e-01, -2.454728e+00, 2.700224e+00, 3.042048e-10, 4.024256e-10, 3.155637e+01, -1.975535e-01
3.886000e+09, 1.543972e-01, 9.455915e-01, -2.461991e+00, 2.690616e+00, 3.044139e-10, 4.020223e-10, 3.149513e+01, -1.962525e-01
3.889800e+09, 1.547106e-01, 9.454915e-01, -2.469259e+00, 2.681017e+00, 3.049215e-10, 4.016143e-10, 3.143423e+01, -1.949303e-01
3.893600e+09, 1.550222e-01, 9.453925e-01, -2.476540e+00, 2.671428e+00, 3.057114e-10, 4.012091e-10, 3.137365e+01, -1.935848e-01
3.897400e+09, 1.553315e-01, 9.452958e-01, -2.483839e+00, 2.661849e+00, 3.067623e-10, 4.008142e-10, 3.131338e+01, -1.922140e-01
3.901200e+09, 1.556382e-01, 9.452027e-01, -2.491163e+00, 2.652279e+00, 3.080483e-10, 4.004375e-10, 3.125340e+01, -1.908157e-01
3.905000e+09, 1.559416e-01, 9.451144e-01, -2.498518e+00, 2.642718e+00, 3.095399e-10, 4.000863e-10, 3.119372e+01, -1.893876e-01
3.908800e+09, 1.562409e-01, 9.450319e-01, -2.505909e+00, 2.633166e+00, 3.112041e-10, 3.997678e-10, 3.113437e+01, -1.879274e-01
3.912600e+09, 1.565352e-01, 9.449563e-01, -2.513339e+00, 2.623621e+00, 3.130055e-10, 3.994886e-10, 3.107538e+01, -1.864332e-01
3.916400e+09, 1.568237e-01, 9.448886e-01, -2.520812e+00, 2.614082e+00, 3.149070e-10, 3.992548e-10, 3.101677e+01, -1.849029e-01
3.920200e+09, 1.571054e-01, 9.448295e-01, -2.528331e+00, 2.604550e+00, 3.168708e-10, 3.990715e-10, 3.095861e+01, -1.833346e-01
3.924000e+09, 1.573792e-01, 9.447799e-01, -2.535897e+00, 2.595021e+00, 3.188586e-10, 3.989428e-10, 3.090095e+01, -1.817267e-01
3.927800e+09, 1.576441e-01, 9.447400e-01, -2.543510e+00, 2.585496e+00, 3.208331e-10, 3.988719e-10, 3.084386e+01, -1.800781e-01
3.931600e+09, 1.578992e-01, 9.447103e-01, -2.551170e+00, 2.575973e+00, 3.227579e-10, 3.988607e-10, 3.078740e+01, -1.783875e-01
3.935400e+09, 1.581433e-01, 9.446910e-01, -2.558876e+00, 2.566450e+00, 3.245990e-10, 3.989100e-10, 3.073166e+01, -1.766543e-01
3.939200e+09, 1.583755e-01, 9.446818e-01, -2.566626e+00, 2.556925e+00, 3.263246e-10, 3.990190e-10, 3.067672e+01, -1.748781e-01
3.943000e+09, 1.585950e-01, 9.446827e-01, -2.574418e+00, 2.547398e+00, 3.279063e-10, 3.991859e-10, 3.062265e+01, -1.730589e-01
3.946800e+09, 1.588008e-01, 9.446930e-01, -2.582247e+00, 2.537867e+00, 3.293192e-10, 3.994073e-10, 3.056953e+01, -1.711970e-01
3.950600e+09, 1.589923e-01, 9.447123e-01, -2.590110e+00, 2.528331e+00, 3.305424e-10, 3.996788e-10, 3.051745e+01, -1.692931e-01
3.954400e+09, 1.591688e-01, 9.447395e-01, -2.598002e+00, 2.518788e+00, 3.315591e-10, 3.999947e-10, 3.046648e+01, -1.673481e-01
3.958200e+09, 1.593299e-01, 9.447738e-01, -2.605918e+00, 2.509238e+00, 3.323573e-10, 4.003480e-10, 3.041668e+01, -1.653633e-01
3.962000e+09, 1.594750e-01, 9.448139e-01, -2.613854e+00, 2.499679e+00, 3.329292e-10, 4.007309e-10, 3.036813e+01, -1.633404e-01
3.965800e+09, 1.596040e-01, 9.448587e-01, -2.621803e+00, 2.490111e+00, 3.332720e-10, 4.011349e-10, 3.032088e+01, -1.612812e-01
3.969600e+09, 1.597166e-01, 9.449067e-01, -2.629760e+00, 2.480534e+00, 3.333872e-10, 4.015506e-10, 3.027498e+01, -1.591877e-01
3.973400e+09, 1.598129e-01, 9.449565e-01, -2.637720e+00, 2.470946e+00, 3.332812e-10, 4.019683e-10, 3.023048e+01, -1.570623e-01
3.977200e+09, 1.598930e-01, 9.450067e-01, -2.645677e+00, 2.461349e+00, 3.329641e-10, 4.023780e-10, 3.018740e+01, -1.549072e-01
3.981000e+09, 1.599570e-01, 9.450557e-01, -2.653627e+00, 2.451741e+00, 3.324506e-10, 4.027698e-10, 3.014577e+01, -1.527249e-01
3.984800e+09, 1.600054e-01, 9.451022e-01, -2.661565e+00, 2.442125e+00, 3.317586e-10, 4.031339e-10, 3.010561e+01, -1.505180e-01
3.988600e+09, 1.600384e-01, 9.451448e-01, -2.669486e+00, 2.432500e+00, 3.309095e-10, 4.034610e-10, 3.006691e+01, -1.482888e-01
3.992400e+09, 1.600568e-01, 9.451822e-01, -2.677387e+00, 2.422866e+00, 3.299272e-10, 4.037425e-10, 3.002968e+01, -1.460399e-01
3.996200e+09, 1.600610e-01, 9.452132e-01, -2.685264e+00, 2.413227e+00, 3.288381e-10, 4.039708e-10, 2.999389e+01, -1.437735e-01
4.000000e+09, 1.600516e-01, 9.452370e-01, -2.693115e+00, 2.403581e+00, 3.288381e-10, 4.039708e-10, 2.995954e+01, -1.414919e-01
