Frequency [MHz],|S0-0| [-],|S1-0| [-],|S2-0| [-],|S3-0| [-],Arg(S0-0) [rad],Arg(S1-0) [rad],Arg(S2-0) [rad],Arg(S3-0) [rad],Delay 0>0 [s],Delay 0>1 [s],Delay 0>2 [s],Delay 0>3 [s],|Z0| [Ohm],Arg(Z0) [rad]
2.000000e+02, 7.548698e-02, 8.611627e-01, 3.333563e-02, 4.545211e-03, 3.237777e-01, -5.830409e-01, 1.084974e+00, -1.500421e+00, -1.299597e-10, 4.626202e-10, 6.129360e-10, 7.439531e-10, 5.770329e+01, 4.827015e-02
2.038000e+02, 7.601722e-02, 8.610743e-01, 3.366028e-02, 4.627103e-03, 3.268806e-01, -5.940864e-01, 1.070339e+00, -1.518184e+00, -1.240387e-10, 4.625182e-10, 6.157545e-10, 7.384250e-10, 5.775269e+01, 4.906113e-02
2.076000e+02, 7.655628e-02, 8.609844e-01, 3.397933e-02, 4.708471e-03, 3.298422e-01, -6.051296e-01, 1.055637e+00, -1.535814e+00, -1.180466e-10, 4.624585e-10, 6.182694e-10, 7.330859e-10, 5.780331e+01, 4.984325e-02
2.114000e+02, 7.710399e-02, 8.608951e-01, 3.429298e-02, 4.789332e-03, 3.326607e-01, -6.161713e-01, 1.040876e+00, -1.553318e+00, -1.119547e-10, 4.623183e-10, 6.201758e-10, 7.279056e-10, 5.785514e+01, 5.061590e-02
2.152000e+02, 7.766034e-02, 8.608068e-01, 3.460131e-02, 4.869670e-03, 3.353337e-01, -6.272096e-01, 1.026068e+00, -1.570697e+00, -1.058405e-10, 4.622518e-10, 6.218446e-10, 7.228789e-10, 5.790822e+01, 5.137849e-02
2.190000e+02, 7.822498e-02, 8.607173e-01, 3.490463e-02, 4.949479e-03, 3.378608e-01, -6.382464e-01, 1.011221e+00, -1.587957e+00, -9.975739e-11, 4.621167e-10, 6.229002e-10, 7.179948e-10, 5.796253e+01, 5.213041e-02
2.228000e+02, 7.879789e-02, 8.606282e-01, 3.520282e-02, 5.028758e-03, 3.402426e-01, -6.492799e-01, 9.963485e-01, -1.605100e+00, -9.357667e-11, 4.620670e-10, 6.239042e-10, 7.132415e-10, 5.801808e+01, 5.287147e-02
2.266000e+02, 7.937887e-02, 8.605386e-01, 3.549610e-02, 5.107508e-03, 3.424768e-01, -6.603123e-01, 9.814521e-01, -1.622129e+00, -8.742203e-11, 4.619454e-10, 6.243964e-10, 7.086244e-10, 5.807488e+01, 5.360087e-02
2.304000e+02, 7.996768e-02, 8.604502e-01, 3.578458e-02, 5.185714e-03, 3.445641e-01, -6.713418e-01, 9.665440e-01, -1.639048e+00, -8.123061e-11, 4.618710e-10, 6.246907e-10, 7.041200e-10, 5.813292e+01, 5.431821e-02
2.342000e+02, 8.056416e-02, 8.603616e-01, 3.606812e-02, 5.263381e-03, 3.465036e-01, -6.823694e-01, 9.516288e-01, -1.655860e+00, -7.512217e-11, 4.618221e-10, 6.246276e-10, 6.997291e-10, 5.819219e+01, 5.502290e-02
2.380000e+02, 8.116812e-02, 8.602734e-01, 3.634695e-02, 5.340502e-03, 3.482972e-01, -6.933960e-01, 9.367151e-01, -1.672567e+00, -6.887065e-11, 4.616544e-10, 6.244145e-10, 6.954418e-10, 5.825270e+01, 5.571472e-02
2.418000e+02, 8.177943e-02, 8.601851e-01, 3.662105e-02, 5.417079e-03, 3.499416e-01, -7.044185e-01, 9.218065e-01, -1.689171e+00, -6.272738e-11, 4.616165e-10, 6.241516e-10, 6.912458e-10, 5.831447e+01, 5.639269e-02
2.456000e+02, 8.239780e-02, 8.600980e-01, 3.689043e-02, 5.493111e-03, 3.514393e-01, -7.154401e-01, 9.069042e-01, -1.705675e+00, -5.656354e-11, 4.615600e-10, 6.233679e-10, 6.871721e-10, 5.837746e+01, 5.705661e-02
2.494000e+02, 8.302309e-02, 8.600107e-01, 3.715513e-02, 5.568584e-03, 3.527898e-01, -7.264603e-01, 8.920206e-01, -1.722082e+00, -5.043010e-11, 4.614583e-10, 6.227236e-10, 6.831552e-10, 5.844169e+01, 5.770586e-02
2.532000e+02, 8.365518e-02, 8.599239e-01, 3.741527e-02, 5.643514e-03, 3.539939e-01, -7.374781e-01, 8.771524e-01, -1.738393e+00, -4.427075e-11, 4.613763e-10, 6.218006e-10, 6.792061e-10, 5.850716e+01, 5.834006e-02
2.570000e+02, 8.429370e-02, 8.598369e-01, 3.767074e-02, 5.717895e-03, 3.550509e-01, -7.484940e-01, 8.623062e-01, -1.754610e+00, -3.814788e-11, 4.612835e-10, 6.207071e-10, 6.754465e-10, 5.857386e+01, 5.895840e-02
2.608000e+02, 8.493855e-02, 8.597510e-01, 3.792167e-02, 5.791711e-03, 3.559617e-01, -7.595077e-01, 8.474862e-01, -1.770737e+00, -3.209746e-11, 4.612788e-10, 6.195908e-10, 6.716523e-10, 5.864178e+01, 5.956048e-02
2.646000e+02, 8.558943e-02, 8.596654e-01, 3.816797e-02, 5.864989e-03, 3.567281e-01, -7.705212e-01, 8.326928e-01, -1.786774e+00, -2.602385e-11, 4.611228e-10, 6.182295e-10, 6.679454e-10, 5.871090e+01, 6.014590e-02
2.684000e+02, 8.624632e-02, 8.595803e-01, 3.840965e-02, 5.937698e-03, 3.573494e-01, -7.815310e-01, 8.179318e-01, -1.802722e+00, -2.004295e-11, 4.611253e-10, 6.169399e-10, 6.643867e-10, 5.878125e+01, 6.071406e-02
2.722000e+02, 8.690883e-02, 8.594961e-01, 3.864682e-02, 6.009858e-03, 3.578280e-01, -7.925409e-01, 8.032017e-01, -1.818585e+00, -1.401477e-11, 4.610105e-10, 6.154844e-10, 6.608642e-10, 5.885280e+01, 6.126456e-02
2.760000e+02, 8.757680e-02, 8.594121e-01, 3.887939e-02, 6.081462e-03, 3.581626e-01, -8.035480e-01, 7.885064e-01, -1.834363e+00, -8.109726e-12, 4.609514e-10, 6.139475e-10, 6.572768e-10, 5.892554e+01, 6.179658e-02
2.798000e+02, 8.825002e-02, 8.593281e-01, 3.910745e-02, 6.152521e-03, 3.583562e-01, -8.145538e-01, 7.738477e-01, -1.850057e+00, -2.205042e-12, 4.609451e-10, 6.123297e-10, 6.539604e-10, 5.899946e+01, 6.230994e-02
2.836000e+02, 8.892835e-02, 8.592456e-01, 3.933094e-02, 6.223014e-03, 3.584089e-01, -8.255593e-01, 7.592276e-01, -1.865671e+00, 3.604295e-12, 4.608583e-10, 6.107085e-10, 6.506000e-10, 5.907456e+01, 6.280402e-02
2.874000e+02, 8.961145e-02, 8.591630e-01, 3.954985e-02, 6.292967e-03, 3.583228e-01, -8.365628e-01, 7.446463e-01, -1.881204e+00, 9.438724e-12, 4.607544e-10, 6.090840e-10, 6.472924e-10, 5.915082e+01, 6.327842e-02
2.912000e+02, 9.029909e-02, 8.590816e-01, 3.976418e-02, 6.362360e-03, 3.580975e-01, -8.475639e-01, 7.301037e-01, -1.896659e+00, 1.512335e-11, 4.607413e-10, 6.072988e-10, 6.441023e-10, 5.922823e+01, 6.373234e-02
2.950000e+02, 9.099118e-02, 8.590005e-01, 3.997404e-02, 6.431204e-03, 3.577364e-01, -8.585646e-01, 7.156038e-01, -1.912038e+00, 2.085907e-11, 4.606775e-10, 6.055084e-10, 6.408397e-10, 5.930678e+01, 6.416578e-02
2.988000e+02, 9.168738e-02, 8.589204e-01, 4.017940e-02, 6.499498e-03, 3.572383e-01, -8.695637e-01, 7.011466e-01, -1.927339e+00, 2.644651e-11, 4.606369e-10, 6.036488e-10, 6.377691e-10, 5.938644e+01, 6.457771e-02
3.026000e+02, 9.238761e-02, 8.588403e-01, 4.038013e-02, 6.567246e-03, 3.566069e-01, -8.805620e-01, 6.867339e-01, -1.942566e+00, 3.204178e-11, 4.605760e-10, 6.019043e-10, 6.347414e-10, 5.946722e+01, 6.496815e-02
3.064000e+02, 9.309156e-02, 8.587615e-01, 4.057648e-02, 6.634450e-03, 3.558419e-01, -8.915587e-01, 6.723627e-01, -1.957721e+00, 3.750258e-11, 4.605083e-10, 6.000431e-10, 6.316390e-10, 5.954910e+01, 6.533628e-02
3.102000e+02, 9.379895e-02, 8.586824e-01, 4.076809e-02, 6.701106e-03, 3.549464e-01, -9.025539e-01, 6.580360e-01, -1.972802e+00, 4.300294e-11, 4.604793e-10, 5.981288e-10, 6.287501e-10, 5.963204e+01, 6.568190e-02
3.140000e+02, 9.450967e-02, 8.586057e-01, 4.095530e-02, 6.767226e-03, 3.539197e-01, -9.135483e-01, 6.437550e-01, -1.987814e+00, 4.833006e-11, 4.604528e-10, 5.962903e-10, 6.257283e-10, 5.971605e+01, 6.600419e-02
3.178000e+02, 9.522349e-02, 8.585285e-01, 4.113798e-02, 6.832798e-03, 3.527658e-01, -9.245421e-01, 6.295180e-01, -2.002754e+00, 5.364155e-11, 4.604044e-10, 5.945092e-10, 6.229122e-10, 5.980110e+01, 6.630316e-02
3.216000e+02, 9.594025e-02, 8.584517e-01, 4.131612e-02, 6.897832e-03, 3.514850e-01, -9.355348e-01, 6.153234e-01, -2.017627e+00, 5.889270e-11, 4.603031e-10, 5.925603e-10, 6.201022e-10, 5.988718e+01, 6.657818e-02
3.254000e+02, 9.665952e-02, 8.583759e-01, 4.148974e-02, 6.962334e-03, 3.500789e-01, -9.465250e-01, 6.011754e-01, -2.032433e+00, 6.406342e-11, 4.603241e-10, 5.906671e-10, 6.172434e-10, 5.997425e+01, 6.682865e-02
3.292000e+02, 9.738132e-02, 8.583011e-01, 4.165881e-02, 7.026304e-03, 3.485493e-01, -9.575158e-01, 5.870725e-01, -2.047170e+00, 6.915189e-11, 4.602632e-10, 5.887992e-10, 6.146020e-10, 6.006230e+01, 6.705436e-02
3.330000e+02, 9.810536e-02, 8.582268e-01, 4.182343e-02, 7.089740e-03, 3.468982e-01, -9.685051e-01, 5.730143e-01, -2.061844e+00, 7.420057e-11, 4.602571e-10, 5.869274e-10, 6.118295e-10, 6.015133e+01, 6.725490e-02
3.368000e+02, 9.883132e-02, 8.581531e-01, 4.198350e-02, 7.152645e-03, 3.451266e-01, -9.794942e-01, 5.590008e-01, -2.076453e+00, 7.916013e-11, 4.601975e-10, 5.850238e-10, 6.091895e-10, 6.024128e+01, 6.742965e-02
3.406000e+02, 9.955915e-02, 8.580800e-01, 4.213901e-02, 7.215019e-03, 3.432366e-01, -9.904820e-01, 5.450327e-01, -2.090998e+00, 8.405824e-11, 4.601660e-10, 5.832727e-10, 6.065692e-10, 6.033215e+01, 6.757840e-02
3.444000e+02, 1.002887e-01, 8.580068e-01, 4.229008e-02, 7.276875e-03, 3.412296e-01, -1.001469e+00, 5.311064e-01, -2.105480e+00, 8.886931e-11, 4.601333e-10, 5.814317e-10, 6.039448e-10, 6.042392e+01, 6.770074e-02
3.482000e+02, 1.010195e-01, 8.579353e-01, 4.243662e-02, 7.338211e-03, 3.391077e-01, -1.012455e+00, 5.172241e-01, -2.119900e+00, 9.358519e-11, 4.601280e-10, 5.795531e-10, 6.014433e-10, 6.051655e+01, 6.779626e-02
3.520000e+02, 1.017515e-01, 8.578646e-01, 4.257861e-02, 7.399024e-03, 3.368733e-01, -1.023441e+00, 5.033866e-01, -2.134260e+00, 9.824752e-11, 4.600432e-10, 5.778155e-10, 5.989366e-10, 6.061002e+01, 6.786473e-02
3.558000e+02, 1.024845e-01, 8.577941e-01, 4.271616e-02, 7.459311e-03, 3.345275e-01, -1.034425e+00, 4.895906e-01, -2.148560e+00, 1.028967e-10, 4.600381e-10, 5.760334e-10, 5.964567e-10, 6.070431e+01, 6.790575e-02
3.596000e+02, 1.032183e-01, 8.577245e-01, 4.284924e-02, 7.519093e-03, 3.320707e-01, -1.045409e+00, 4.758372e-01, -2.162801e+00, 1.073933e-10, 4.600391e-10, 5.742947e-10, 5.940450e-10, 6.079939e+01, 6.791869e-02
3.634000e+02, 1.039526e-01, 8.576540e-01, 4.297777e-02, 7.578361e-03, 3.295066e-01, -1.056393e+00, 4.621253e-01, -2.176985e+00, 1.118571e-10, 4.599728e-10, 5.725562e-10, 5.916387e-10, 6.089523e+01, 6.790355e-02
3.672000e+02, 1.046874e-01, 8.575864e-01, 4.310179e-02, 7.637119e-03, 3.268359e-01, -1.067375e+00, 4.484548e-01, -2.191111e+00, 1.162137e-10, 4.599744e-10, 5.708547e-10, 5.892360e-10, 6.099181e+01, 6.785990e-02
3.710000e+02, 1.054224e-01, 8.575181e-01, 4.322142e-02, 7.695372e-03, 3.240612e-01, -1.078358e+00, 4.348251e-01, -2.205180e+00, 1.205549e-10, 4.599461e-10, 5.692393e-10, 5.869869e-10, 6.108909e+01, 6.778752e-02
3.748000e+02, 1.061576e-01, 8.574498e-01, 4.333645e-02, 7.753119e-03, 3.211828e-01, -1.089340e+00, 4.212338e-01, -2.219195e+00, 1.247585e-10, 4.599081e-10, 5.676070e-10, 5.846188e-10, 6.118707e+01, 6.768600e-02
3.786000e+02, 1.068921e-01, 8.573835e-01, 4.344712e-02, 7.810358e-03, 3.182040e-01, -1.100320e+00, 4.076816e-01, -2.233153e+00, 1.289758e-10, 4.598792e-10, 5.658843e-10, 5.823769e-10, 6.128563e+01, 6.755490e-02
3.824000e+02, 1.076268e-01, 8.573172e-01, 4.355326e-02, 7.867109e-03, 3.151246e-01, -1.111300e+00, 3.941705e-01, -2.247058e+00, 1.330259e-10, 4.598617e-10, 5.644531e-10, 5.801559e-10, 6.138488e+01, 6.739423e-02
3.862000e+02, 1.083608e-01, 8.572514e-01, 4.365488e-02, 7.923350e-03, 3.119485e-01, -1.122280e+00, 3.806935e-01, -2.260910e+00, 1.369543e-10, 4.598781e-10, 5.628284e-10, 5.779056e-10, 6.148469e+01, 6.720375e-02
3.900000e+02, 1.090932e-01, 8.571852e-01, 4.375205e-02, 7.979101e-03, 3.086785e-01, -1.133260e+00, 3.672554e-01, -2.274708e+00, 1.410769e-10, 4.598374e-10, 5.613976e-10, 5.757631e-10, 6.158494e+01, 6.698302e-02
3.938000e+02, 1.098260e-01, 8.571207e-01, 4.384480e-02, 8.034366e-03, 3.053102e-01, -1.144239e+00, 3.538514e-01, -2.288455e+00, 1.449281e-10, 4.597653e-10, 5.598808e-10, 5.736086e-10, 6.168588e+01, 6.673187e-02
3.976000e+02, 1.105575e-01, 8.570565e-01, 4.393295e-02, 8.089126e-03, 3.018498e-01, -1.155217e+00, 3.404836e-01, -2.302150e+00, 1.486356e-10, 4.597931e-10, 5.584396e-10, 5.714561e-10, 6.178728e+01, 6.645004e-02
4.014000e+02, 1.112867e-01, 8.569921e-01, 4.401676e-02, 8.143407e-03, 2.983010e-01, -1.166195e+00, 3.271503e-01, -2.315795e+00, 1.524983e-10, 4.597863e-10, 5.570311e-10, 5.694024e-10, 6.188899e+01, 6.613729e-02
4.052000e+02, 1.120158e-01, 8.569283e-01, 4.409611e-02, 8.197195e-03, 2.946599e-01, -1.177173e+00, 3.138505e-01, -2.329390e+00, 1.560401e-10, 4.597433e-10, 5.556886e-10, 5.673428e-10, 6.199128e+01, 6.579364e-02
4.090000e+02, 1.127418e-01, 8.568658e-01, 4.417094e-02, 8.250512e-03, 2.909343e-01, -1.188150e+00, 3.005829e-01, -2.342936e+00, 1.597371e-10, 4.597181e-10, 5.544661e-10, 5.652716e-10, 6.209378e+01, 6.541862e-02
4.128000e+02, 1.134670e-01, 8.568028e-01, 4.424140e-02, 8.303336e-03, 2.871204e-01, -1.199126e+00, 2.873444e-01, -2.356432e+00, 1.633024e-10, 4.597380e-10, 5.530957e-10, 5.632277e-10, 6.219673e+01, 6.501225e-02
4.166000e+02, 1.141903e-01, 8.567414e-01, 4.430739e-02, 8.355680e-03, 2.832214e-01, -1.210103e+00, 2.741386e-01, -2.369880e+00, 1.667095e-10, 4.596685e-10, 5.518795e-10, 5.612791e-10, 6.230001e+01, 6.457428e-02
4.204000e+02, 1.149111e-01, 8.566795e-01, 4.436883e-02, 8.407543e-03, 2.792410e-01, -1.221078e+00, 2.609619e-01, -2.383281e+00, 1.702345e-10, 4.596714e-10, 5.507975e-10, 5.592809e-10, 6.240349e+01, 6.410468e-02
4.242000e+02, 1.156303e-01, 8.566180e-01, 4.442594e-02, 8.458935e-03, 2.751765e-01, -1.232053e+00, 2.478110e-01, -2.396634e+00, 1.734759e-10, 4.596671e-10, 5.495436e-10, 5.573047e-10, 6.250731e+01, 6.360304e-02
4.280000e+02, 1.163463e-01, 8.565564e-01, 4.447851e-02, 8.509852e-03, 2.710345e-01, -1.243028e+00, 2.346900e-01, -2.409941e+00, 1.768039e-10, 4.596407e-10, 5.484033e-10, 5.553829e-10, 6.261121e+01, 6.306951e-02
4.318000e+02, 1.170600e-01, 8.564960e-01, 4.452667e-02, 8.560296e-03, 2.668132e-01, -1.254002e+00, 2.215963e-01, -2.423201e+00, 1.801184e-10, 4.596529e-10, 5.473952e-10, 5.535132e-10, 6.271532e+01, 6.250389e-02
4.356000e+02, 1.177717e-01, 8.564361e-01, 4.457043e-02, 8.610271e-03, 2.625126e-01, -1.264977e+00, 2.085266e-01, -2.436417e+00, 1.831708e-10, 4.595978e-10, 5.463697e-10, 5.515949e-10, 6.281964e+01, 6.190594e-02
4.394000e+02, 1.184796e-01, 8.563752e-01, 4.460972e-02, 8.659767e-03, 2.581392e-01, -1.275951e+00, 1.954814e-01, -2.449587e+00, 1.863118e-10, 4.595800e-10, 5.453839e-10, 5.497212e-10, 6.292391e+01, 6.127583e-02
4.432000e+02, 1.191848e-01, 8.563155e-01, 4.464448e-02, 8.708800e-03, 2.536908e-01, -1.286924e+00, 1.824598e-01, -2.462712e+00, 1.893272e-10, 4.595554e-10, 5.444691e-10, 5.478658e-10, 6.302826e+01, 6.061333e-02
4.470000e+02, 1.198864e-01, 8.562563e-01, 4.467492e-02, 8.757361e-03, 2.491704e-01, -1.297896e+00, 1.694600e-01, -2.475793e+00, 1.924278e-10, 4.595381e-10, 5.435827e-10, 5.459833e-10, 6.313256e+01, 5.991841e-02
4.508000e+02, 1.205856e-01, 8.561978e-01, 4.470087e-02, 8.805462e-03, 2.445760e-01, -1.308868e+00, 1.564813e-01, -2.488829e+00, 1.952588e-10, 4.595506e-10, 5.427448e-10, 5.441852e-10, 6.323694e+01, 5.919087e-02
4.546000e+02, 1.212807e-01, 8.561382e-01, 4.472242e-02, 8.853094e-03, 2.399140e-01, -1.319840e+00, 1.435227e-01, -2.501822e+00, 1.982119e-10, 4.595011e-10, 5.419519e-10, 5.423569e-10, 6.334114e+01, 5.843105e-02
4.584000e+02, 1.219727e-01, 8.560799e-01, 4.473951e-02, 8.900266e-03, 2.351814e-01, -1.330811e+00, 1.305830e-01, -2.514771e+00, 2.009115e-10, 4.594935e-10, 5.411999e-10, 5.405731e-10, 6.344530e+01, 5.763854e-02
4.622000e+02, 1.226598e-01, 8.560222e-01, 4.475212e-02, 8.946976e-03, 2.303845e-01, -1.341782e+00, 1.176613e-01, -2.527678e+00, 2.038117e-10, 4.594821e-10, 5.405156e-10, 5.387948e-10, 6.354914e+01, 5.681370e-02
4.660000e+02, 1.233443e-01, 8.559640e-01, 4.476037e-02, 8.993224e-03, 2.255182e-01, -1.352753e+00, 1.047559e-01, -2.540542e+00, 2.064681e-10, 4.594788e-10, 5.398394e-10, 5.370212e-10, 6.365293e+01, 5.595612e-02
4.698000e+02, 1.240243e-01, 8.559058e-01, 4.476406e-02, 9.039012e-03, 2.205886e-01, -1.363723e+00, 9.186660e-02, -2.553364e+00, 2.091406e-10, 4.594349e-10, 5.392561e-10, 5.352516e-10, 6.375641e+01, 5.506616e-02
4.736000e+02, 1.246999e-01, 8.558478e-01, 4.476338e-02, 9.084339e-03, 2.155951e-01, -1.374693e+00, 7.899126e-02, -2.566144e+00, 2.118007e-10, 4.593979e-10, 5.386963e-10, 5.334856e-10, 6.385956e+01, 5.414359e-02
4.774000e+02, 1.253724e-01, 8.557902e-01, 4.475833e-02, 9.129205e-03, 2.105381e-01, -1.385662e+00, 6.612929e-02, -2.578882e+00, 2.142683e-10, 4.593673e-10, 5.381731e-10, 5.317080e-10, 6.396253e+01, 5.318881e-02
4.812000e+02, 1.260390e-01, 8.557332e-01, 4.474880e-02, 9.173621e-03, 2.054223e-01, -1.396629e+00, 5.327982e-02, -2.591577e+00, 2.169293e-10, 4.593911e-10, 5.377229e-10, 5.300327e-10, 6.406492e+01, 5.220155e-02
4.850000e+02, 1.267027e-01, 8.556767e-01, 4.473478e-02, 9.217583e-03, 2.002428e-01, -1.407598e+00, 4.044109e-02, -2.604232e+00, 2.193128e-10, 4.593651e-10, 5.373013e-10, 5.282340e-10, 6.416710e+01, 5.118183e-02
4.888000e+02, 1.273609e-01, 8.556200e-01, 4.471635e-02, 9.261080e-03, 1.950065e-01, -1.418566e+00, 2.761243e-02, -2.616844e+00, 2.216936e-10, 4.592977e-10, 5.369344e-10, 5.265661e-10, 6.426870e+01, 5.013000e-02
4.926000e+02, 1.280138e-01, 8.555635e-01, 4.469339e-02, 9.304137e-03, 1.897133e-01, -1.429532e+00, 1.479253e-02, -2.629416e+00, 2.240993e-10, 4.593340e-10, 5.366182e-10, 5.248308e-10, 6.436971e+01, 4.904602e-02
4.964000e+02, 1.286624e-01, 8.555069e-01, 4.466609e-02, 9.346724e-03, 1.843627e-01, -1.440499e+00, 1.980172e-03, -2.641947e+00, 2.265285e-10, 4.592797e-10, 5.363484e-10, 5.231032e-10, 6.447024e+01, 4.793011e-02
5.002000e+02, 1.293070e-01, 8.554506e-01, 4.463432e-02, 9.388879e-03, 1.789541e-01, -1.451465e+00, -1.082574e-02, -2.654437e+00, 2.287423e-10, 4.592408e-10, 5.361255e-10, 5.214103e-10, 6.457031e+01, 4.678202e-02
5.040000e+02, 1.299458e-01, 8.553937e-01, 4.459805e-02, 9.430567e-03, 1.734926e-01, -1.462430e+00, -2.362633e-02, -2.666886e+00, 2.309604e-10, 4.592288e-10, 5.359581e-10, 5.196393e-10, 6.466964e+01, 4.560233e-02
5.078000e+02, 1.305789e-01, 8.553381e-01, 4.455735e-02, 9.471814e-03, 1.679782e-01, -1.473394e+00, -3.642292e-02, -2.679293e+00, 2.332027e-10, 4.592026e-10, 5.358317e-10, 5.180046e-10, 6.476822e+01, 4.439102e-02
5.116000e+02, 1.312076e-01, 8.552821e-01, 4.451220e-02, 9.512605e-03, 1.624102e-01, -1.484358e+00, -4.921649e-02, -2.691661e+00, 2.353441e-10, 4.591777e-10, 5.357570e-10, 5.162281e-10, 6.486618e+01, 4.314828e-02
5.154000e+02, 1.318301e-01, 8.552267e-01, 4.446255e-02, 9.552958e-03, 1.567911e-01, -1.495322e+00, -6.200828e-02, -2.703986e+00, 2.374805e-10, 4.591483e-10, 5.357213e-10, 5.145683e-10, 6.496326e+01, 4.187407e-02
5.192000e+02, 1.324475e-01, 8.551719e-01, 4.440857e-02, 9.592849e-03, 1.511210e-01, -1.506284e+00, -7.479922e-02, -2.716272e+00, 2.395758e-10, 4.591190e-10, 5.357591e-10, 5.128409e-10, 6.505958e+01, 4.056879e-02
5.230000e+02, 1.330591e-01, 8.551158e-01, 4.435002e-02, 9.632309e-03, 1.454008e-01, -1.517246e+00, -8.759106e-02, -2.728517e+00, 2.416317e-10, 4.590896e-10, 5.358254e-10, 5.110924e-10, 6.515500e+01, 3.923241e-02
5.268000e+02, 1.336659e-01, 8.550613e-01, 4.428695e-02, 9.671314e-03, 1.396316e-01, -1.528208e+00, -1.003845e-01, -2.740720e+00, 2.436401e-10, 4.590607e-10, 5.359443e-10, 5.093922e-10, 6.524965e+01, 3.786554e-02
5.306000e+02, 1.342663e-01, 8.550066e-01, 4.421952e-02, 9.709881e-03, 1.338144e-01, -1.539168e+00, -1.131807e-01, -2.752882e+00, 2.455722e-10, 4.590335e-10, 5.361160e-10, 5.077042e-10, 6.534325e+01, 3.646794e-02
5.344000e+02, 1.348604e-01, 8.549516e-01, 4.414758e-02, 9.748005e-03, 1.279511e-01, -1.550128e+00, -1.259811e-01, -2.765004e+00, 2.475209e-10, 4.589977e-10, 5.363441e-10, 5.059484e-10, 6.543581e+01, 3.504020e-02
5.382000e+02, 1.354484e-01, 8.548973e-01, 4.407106e-02, 9.785688e-03, 1.220413e-01, -1.561087e+00, -1.387869e-01, -2.777084e+00, 2.494908e-10, 4.589670e-10, 5.366071e-10, 5.042193e-10, 6.552731e+01, 3.358231e-02
5.420000e+02, 1.360315e-01, 8.548427e-01, 4.399023e-02, 9.822934e-03, 1.160844e-01, -1.572046e+00, -1.515990e-01, -2.789123e+00, 2.513120e-10, 4.589336e-10, 5.369242e-10, 5.024609e-10, 6.561788e+01, 3.209447e-02
5.458000e+02, 1.366079e-01, 8.547887e-01, 4.390481e-02, 9.859740e-03, 1.100841e-01, -1.583003e+00, -1.644187e-01, -2.801120e+00, 2.531557e-10, 4.589023e-10, 5.373144e-10, 5.007008e-10, 6.570724e+01, 3.057727e-02
5.496000e+02, 1.371778e-01, 8.547353e-01, 4.381486e-02, 9.896119e-03, 1.040397e-01, -1.593960e+00, -1.772476e-01, -2.813075e+00, 2.549304e-10, 4.588661e-10, 5.377110e-10, 4.989760e-10, 6.579539e+01, 2.903069e-02
5.534000e+02, 1.377413e-01, 8.546814e-01, 4.372049e-02, 9.932052e-03, 9.795296e-02, -1.604916e+00, -1.900861e-01, -2.824988e+00, 2.567575e-10, 4.588346e-10, 5.381840e-10, 4.972069e-10, 6.588233e+01, 2.745533e-02
5.572000e+02, 1.382986e-01, 8.546280e-01, 4.362166e-02, 9.967554e-03, 9.182259e-02, -1.615871e+00, -2.029358e-01, -2.836860e+00, 2.584599e-10, 4.587939e-10, 5.387184e-10, 4.954180e-10, 6.596804e+01, 2.585099e-02
5.610000e+02, 1.388490e-01, 8.545750e-01, 4.351827e-02, 1.000263e-02, 8.565158e-02, -1.626825e+00, -2.157983e-01, -2.848688e+00, 2.601902e-10, 4.587620e-10, 5.392778e-10, 4.936083e-10, 6.605238e+01, 2.421846e-02
5.648000e+02, 1.393926e-01, 8.545212e-01, 4.341037e-02, 1.003728e-02, 7.943925e-02, -1.637779e+00, -2.286742e-01, -2.860474e+00, 2.619099e-10, 4.587250e-10, 5.399322e-10, 4.918168e-10, 6.613534e+01, 2.255775e-02
5.686000e+02, 1.399306e-01, 8.544686e-01, 4.329808e-02, 1.007150e-02, 7.318586e-02, -1.648731e+00, -2.415656e-01, -2.872216e+00, 2.635308e-10, 4.586826e-10, 5.405859e-10, 4.900026e-10, 6.621706e+01, 2.086926e-02
5.724000e+02, 1.404611e-01, 8.544171e-01, 4.318110e-02, 1.010529e-02, 6.689377e-02, -1.659683e+00, -2.544727e-01, -2.883916e+00, 2.651640e-10, 4.586496e-10, 5.412783e-10, 4.881852e-10, 6.629724e+01, 1.915353e-02
5.762000e+02, 1.409845e-01, 8.543644e-01, 4.305975e-02, 1.013867e-02, 6.056269e-02, -1.670634e+00, -2.673963e-01, -2.895572e+00, 2.667869e-10, 4.586091e-10, 5.420726e-10, 4.863218e-10, 6.637590e+01, 1.741070e-02
5.800000e+02, 1.415017e-01, 8.543125e-01, 4.293386e-02, 1.017163e-02, 5.419285e-02, -1.681583e+00, -2.803389e-01, -2.907183e+00, 2.683495e-10, 4.585883e-10, 5.428290e-10, 4.845014e-10, 6.645314e+01, 1.564119e-02
5.838000e+02, 1.420111e-01, 8.542612e-01, 4.280341e-02, 1.020417e-02, 4.778571e-02, -1.692533e+00, -2.932996e-01, -2.918751e+00, 2.699125e-10, 4.585291e-10, 5.438290e-10, 4.826036e-10, 6.652870e+01, 1.384540e-02
5.876000e+02, 1.425138e-01, 8.542102e-01, 4.266847e-02, 1.023631e-02, 4.134126e-02, -1.703481e+00, -3.062841e-01, -2.930274e+00, 2.714361e-10, 4.584613e-10, 5.446679e-10, 4.807106e-10, 6.660270e+01, 1.202368e-02
5.914000e+02, 1.430089e-01, 8.541594e-01, 4.252906e-02, 1.026805e-02, 3.486042e-02, -1.714427e+00, -3.192886e-01, -2.941751e+00, 2.729534e-10, 4.584406e-10, 5.457189e-10, 4.787863e-10, 6.667500e+01, 1.017646e-02
5.952000e+02, 1.434976e-01, 8.541097e-01, 4.238505e-02, 1.029936e-02, 2.834336e-02, -1.725373e+00, -3.323183e-01, -2.953183e+00, 2.744287e-10, 4.584410e-10, 5.466725e-10, 4.768434e-10, 6.674572e+01, 8.304128e-03
5.990000e+02, 1.439782e-01, 8.540589e-01, 4.223657e-02, 1.033024e-02, 2.179107e-02, -1.736318e+00, -3.453707e-01, -2.964568e+00, 2.758909e-10, 4.583273e-10, 5.478111e-10, 4.749467e-10, 6.681459e+01, 6.407112e-03
6.028000e+02, 1.444517e-01, 8.540094e-01, 4.208356e-02, 1.036078e-02, 1.520387e-02, -1.747262e+00, -3.584503e-01, -2.975908e+00, 2.773271e-10, 4.583237e-10, 5.488828e-10, 4.729523e-10, 6.688173e+01, 4.485854e-03
6.066000e+02, 1.449173e-01, 8.539605e-01, 4.192608e-02, 1.039090e-02, 8.582377e-03, -1.758204e+00, -3.715555e-01, -2.987200e+00, 2.787484e-10, 4.582781e-10, 5.501457e-10, 4.710319e-10, 6.694700e+01, 2.540794e-03
6.104000e+02, 1.453753e-01, 8.539116e-01, 4.176405e-02, 1.042068e-02, 1.926952e-03, -1.769146e+00, -3.846908e-01, -2.998447e+00, 2.801451e-10, 4.582770e-10, 5.513825e-10, 4.689809e-10, 6.701038e+01, 5.723581e-04
6.142000e+02, 1.458267e-01, 8.538638e-01, 4.159741e-02, 1.045004e-02, -4.761822e-03, -1.780088e+00, -3.978557e-01, -3.009644e+00, 2.815231e-10, 4.581855e-10, 5.527009e-10, 4.669529e-10, 6.707202e+01, -1.418970e-03
6.180000e+02, 1.462696e-01, 8.538163e-01, 4.142638e-02, 1.047907e-02, -1.148350e-02, -1.791028e+00, -4.110520e-01, -3.020793e+00, 2.828819e-10, 4.581483e-10, 5.539399e-10, 4.649209e-10, 6.713162e+01, -3.432729e-03
6.218000e+02, 1.467044e-01, 8.537692e-01, 4.125075e-02, 1.050766e-02, -1.823762e-02, -1.801967e+00, -4.242779e-01, -3.031894e+00, 2.842167e-10, 4.580701e-10, 5.555283e-10, 4.628219e-10, 6.718918e+01, -5.468419e-03
6.256000e+02, 1.471321e-01, 8.537219e-01, 4.107062e-02, 1.053592e-02, -2.502360e-02, -1.812904e+00, -4.375418e-01, -3.042944e+00, 2.855462e-10, 4.580701e-10, 5.568699e-10, 4.607422e-10, 6.724483e+01, -7.525553e-03
6.294000e+02, 1.475508e-01, 8.536765e-01, 4.088592e-02, 1.056375e-02, -3.184133e-02, -1.823841e+00, -4.508377e-01, -3.053945e+00, 2.868363e-10, 4.580052e-10, 5.584249e-10, 4.586553e-10, 6.729829e+01, -9.603634e-03
6.332000e+02, 1.479627e-01, 8.536304e-01, 4.069680e-02, 1.059134e-02, -3.868987e-02, -1.834776e+00, -4.641707e-01, -3.064896e+00, 2.881288e-10, 4.580035e-10, 5.599625e-10, 4.564894e-10, 6.734983e+01, -1.170213e-02
6.370000e+02, 1.483660e-01, 8.535866e-01, 4.050317e-02, 1.061848e-02, -4.556926e-02, -1.845711e+00, -4.775404e-01, -3.075795e+00, 2.894040e-10, 4.578922e-10, 5.616713e-10, 4.543575e-10, 6.739915e+01, -1.382054e-02
6.408000e+02, 1.487608e-01, 8.535422e-01, 4.030503e-02, 1.064537e-02, -5.247910e-02, -1.856644e+00, -4.909509e-01, -3.086643e+00, 2.906618e-10, 4.579163e-10, 5.633725e-10, 4.521652e-10, 6.744626e+01, -1.595833e-02
6.446000e+02, 1.491472e-01, 8.534985e-01, 4.010230e-02, 1.067190e-02, -5.941897e-02, -1.867577e+00, -5.044021e-01, -3.097439e+00, 2.918809e-10, 4.578388e-10, 5.650077e-10, 4.499544e-10, 6.749115e+01, -1.811495e-02
6.484000e+02, 1.495264e-01, 8.534557e-01, 3.989517e-02, 1.069807e-02, -6.638795e-02, -1.878509e+00, -5.178922e-01, -3.108182e+00, 2.931180e-10, 4.577680e-10, 5.669230e-10, 4.477302e-10, 6.753395e+01, -2.028984e-02
6.522000e+02, 1.498965e-01, 8.534134e-01, 3.968348e-02, 1.072397e-02, -7.338647e-02, -1.889438e+00, -5.314282e-01, -3.118872e+00, 2.943130e-10, 4.577352e-10, 5.688251e-10, 4.454751e-10, 6.757437e+01, -2.248245e-02
6.560000e+02, 1.502585e-01, 8.533724e-01, 3.946733e-02, 1.074958e-02, -8.041351e-02, -1.900367e+00, -5.450095e-01, -3.129508e+00, 2.955124e-10, 4.577251e-10, 5.706743e-10, 4.431939e-10, 6.761256e+01, -2.469218e-02
6.598000e+02, 1.506118e-01, 8.533315e-01, 3.924671e-02, 1.077481e-02, -8.746920e-02, -1.911296e+00, -5.586350e-01, -3.140090e+00, 2.966868e-10, 4.576435e-10, 5.726528e-10, 4.408918e-10, 6.764836e+01, -2.691846e-02
6.636000e+02, 1.509563e-01, 8.532920e-01, 3.902167e-02, 1.079984e-02, -9.455292e-02, -1.922223e+00, -5.723077e-01, 3.132568e+00, 2.978639e-10, 4.576320e-10, 5.747904e-10, 4.385715e-10, 6.768178e+01, -2.916063e-02
6.674000e+02, 1.512922e-01, 8.532526e-01, 3.879206e-02, 1.082446e-02, -1.016648e-01, -1.933149e+00, -5.860314e-01, 3.122097e+00, 2.990161e-10, 4.575474e-10, 5.768560e-10, 4.362126e-10, 6.771280e+01, -3.141824e-02
6.712000e+02, 1.516196e-01, 8.532148e-01, 3.855807e-02, 1.084895e-02, -1.088041e-01, -1.944074e+00, -5.998045e-01, 3.111682e+00, 3.001482e-10, 4.575336e-10, 5.791171e-10, 4.338403e-10, 6.774142e+01, -3.369064e-02
6.750000e+02, 1.519376e-01, 8.531773e-01, 3.831965e-02, 1.087311e-02, -1.159705e-01, -1.954998e+00, -6.136316e-01, 3.101323e+00, 3.012826e-10, 4.574906e-10, 5.813386e-10, 4.314437e-10, 6.776750e+01, -3.597696e-02
6.788000e+02, 1.522473e-01, 8.531417e-01, 3.807677e-02, 1.089703e-02, -1.231639e-01, -1.965921e+00, -6.275117e-01, 3.091022e+00, 3.024012e-10, 4.574283e-10, 5.837022e-10, 4.290002e-10, 6.779117e+01, -3.827696e-02
6.826000e+02, 1.525478e-01, 8.531063e-01, 3.782946e-02, 1.092079e-02, -1.303841e-01, -1.976842e+00, -6.414482e-01, 3.080779e+00, 3.034639e-10, 4.574005e-10, 5.859653e-10, 4.265920e-10, 6.781229e+01, -4.058977e-02
6.864000e+02, 1.528403e-01, 8.530720e-01, 3.757774e-02, 1.094417e-02, -1.376296e-01, -1.987763e+00, -6.554388e-01, 3.070594e+00, 3.046090e-10, 4.573809e-10, 5.885298e-10, 4.240842e-10, 6.783100e+01, -4.291475e-02
6.902000e+02, 1.531227e-01, 8.530382e-01, 3.732162e-02, 1.096747e-02, -1.449025e-01, -1.998684e+00, -6.694906e-01, 3.060469e+00, 3.056735e-10, 4.572843e-10, 5.911573e-10, 4.215863e-10, 6.784701e+01, -4.525140e-02
6.940000e+02, 1.533963e-01, 8.530060e-01, 3.706110e-02, 1.099056e-02, -1.522008e-01, -2.009602e+00, -6.836051e-01, 3.050403e+00, 3.067639e-10, 4.573053e-10, 5.936192e-10, 4.191025e-10, 6.786047e+01, -4.759889e-02
6.978000e+02, 1.536600e-01, 8.529749e-01, 3.679623e-02, 1.101344e-02, -1.595251e-01, -2.020521e+00, -6.977784e-01, 3.040396e+00, 3.077976e-10, 4.572253e-10, 5.963938e-10, 4.165504e-10, 6.787123e+01, -4.995653e-02
7.016000e+02, 1.539151e-01, 8.529444e-01, 3.652703e-02, 1.103609e-02, -1.668741e-01, -2.031437e+00, -7.120180e-01, 3.030451e+00, 3.088144e-10, 4.571766e-10, 5.991551e-10, 4.139531e-10, 6.787942e+01, -5.232367e-02
7.054000e+02, 1.541614e-01, 8.529153e-01, 3.625339e-02, 1.105869e-02, -1.742474e-01, -2.042353e+00, -7.263235e-01, 3.020567e+00, 3.099394e-10, 4.572028e-10, 6.020122e-10, 4.114418e-10, 6.788506e+01, -5.469966e-02
7.092000e+02, 1.543972e-01, 8.528868e-01, 3.597556e-02, 1.108103e-02, -1.816475e-01, -2.053269e+00, -7.406972e-01, 3.010743e+00, 3.108778e-10, 4.570830e-10, 6.049389e-10, 4.087974e-10, 6.788785e+01, -5.708399e-02
7.130000e+02, 1.546245e-01, 8.528601e-01, 3.569334e-02, 1.110328e-02, -1.890701e-01, -2.064183e+00, -7.551408e-01, 3.000983e+00, 3.119858e-10, 4.570816e-10, 6.079579e-10, 4.061430e-10, 6.788808e+01, -5.947543e-02
7.168000e+02, 1.548414e-01, 8.528348e-01, 3.540682e-02, 1.112544e-02, -1.965191e-01, -2.075096e+00, -7.696564e-01, 2.991286e+00, 3.129008e-10, 4.570470e-10, 6.110685e-10, 4.035541e-10, 6.788547e+01, -6.187389e-02
7.206000e+02, 1.550498e-01, 8.528098e-01, 3.511608e-02, 1.114748e-02, -2.039900e-01, -2.086009e+00, -7.842464e-01, 2.981651e+00, 3.139670e-10, 4.570169e-10, 6.141886e-10, 4.008566e-10, 6.788030e+01, -6.427813e-02
7.244000e+02, 1.552479e-01, 8.527868e-01, 3.482098e-02, 1.116949e-02, -2.114863e-01, -2.096920e+00, -7.989108e-01, 2.972080e+00, 3.149772e-10, 4.569786e-10, 6.174877e-10, 3.982089e-10, 6.787229e+01, -6.668786e-02
7.282000e+02, 1.554358e-01, 8.527641e-01, 3.452179e-02, 1.119135e-02, -2.190067e-01, -2.107831e+00, -8.136540e-01, 2.962572e+00, 3.159245e-10, 4.569177e-10, 6.209839e-10, 3.954526e-10, 6.786144e+01, -6.910199e-02
7.320000e+02, 1.556144e-01, 8.527441e-01, 3.421824e-02, 1.121325e-02, -2.265497e-01, -2.118741e+00, -8.284807e-01, 2.953130e+00, 3.169263e-10, 4.569173e-10, 6.243186e-10, 3.928182e-10, 6.784790e+01, -7.151988e-02
7.358000e+02, 1.557828e-01, 8.527245e-01, 3.391059e-02, 1.123506e-02, -2.341167e-01, -2.129650e+00, -8.433870e-01, 2.943751e+00, 3.179004e-10, 4.569026e-10, 6.279408e-10, 3.899805e-10, 6.783153e+01, -7.394085e-02
7.396000e+02, 1.559411e-01, 8.527058e-01, 3.359873e-02, 1.125697e-02, -2.417069e-01, -2.140559e+00, -8.583798e-01, 2.934440e+00, 3.188073e-10, 4.568192e-10, 6.316772e-10, 3.873435e-10, 6.781233e+01, -7.636402e-02
7.434000e+02, 1.560902e-01, 8.526898e-01, 3.328274e-02, 1.127876e-02, -2.493188e-01, -2.151466e+00, -8.734617e-01, 2.925192e+00, 3.198443e-10, 4.568679e-10, 6.354514e-10, 3.845655e-10, 6.779045e+01, -7.878877e-02
7.472000e+02, 1.562283e-01, 8.526740e-01, 3.296255e-02, 1.130061e-02, -2.569554e-01, -2.162374e+00, -8.886338e-01, 2.916010e+00, 3.206952e-10, 4.567783e-10, 6.392491e-10, 3.817944e-10, 6.776561e+01, -8.121436e-02
7.510000e+02, 1.563572e-01, 8.526606e-01, 3.263827e-02, 1.132251e-02, -2.646124e-01, -2.173280e+00, -9.038966e-01, 2.906894e+00, 3.217112e-10, 4.567556e-10, 6.433517e-10, 3.790138e-10, 6.773809e+01, -8.363979e-02
7.548000e+02, 1.564751e-01, 8.526473e-01, 3.230994e-02, 1.134454e-02, -2.722936e-01, -2.184186e+00, -9.192574e-01, 2.897845e+00, 3.226089e-10, 4.567694e-10, 6.474049e-10, 3.762532e-10, 6.770763e+01, -8.606453e-02
7.586000e+02, 1.565829e-01, 8.526364e-01, 3.197756e-02, 1.136658e-02, -2.799962e-01, -2.195092e+00, -9.347149e-01, 2.888861e+00, 3.235346e-10, 4.566860e-10, 6.518097e-10, 3.735145e-10, 6.767437e+01, -8.848756e-02
7.624000e+02, 1.566807e-01, 8.526270e-01, 3.164102e-02, 1.138872e-02, -2.877210e-01, -2.205996e+00, -9.502775e-01, 2.879943e+00, 3.244898e-10, 4.567234e-10, 6.561191e-10, 3.706790e-10, 6.763831e+01, -9.090840e-02
7.662000e+02, 1.567674e-01, 8.526187e-01, 3.130057e-02, 1.141103e-02, -2.954685e-01, -2.216900e+00, -9.659431e-01, 2.871093e+00, 3.253494e-10, 4.566754e-10, 6.606099e-10, 3.678726e-10, 6.759933e+01, -9.332597e-02
7.700000e+02, 1.568440e-01, 8.526120e-01, 3.095609e-02, 1.143351e-02, -3.032366e-01, -2.227804e+00, -9.817159e-01, 2.862309e+00, 3.262953e-10, 4.566102e-10, 6.653393e-10, 3.650273e-10, 6.755756e+01, -9.573942e-02
7.738000e+02, 1.569096e-01, 8.526070e-01, 3.060764e-02, 1.145623e-02, -3.110273e-01, -2.238706e+00, -9.976016e-01, 2.853594e+00, 3.271689e-10, 4.566657e-10, 6.700513e-10, 3.623823e-10, 6.751289e+01, -9.814808e-02
7.776000e+02, 1.569650e-01, 8.526035e-01, 3.025517e-02, 1.147899e-02, -3.188388e-01, -2.249610e+00, -1.013600e+00, 2.844942e+00, 3.279981e-10, 4.565967e-10, 6.752099e-10, 3.595183e-10, 6.746546e+01, -1.005513e-01
7.814000e+02, 1.570103e-01, 8.526013e-01, 2.989878e-02, 1.150207e-02, -3.266701e-01, -2.260511e+00, -1.029721e+00, 2.836358e+00, 3.289845e-10, 4.566175e-10, 6.801275e-10, 3.566692e-10, 6.741527e+01, -1.029481e-01
7.852000e+02, 1.570435e-01, 8.526009e-01, 2.953851e-02, 1.152544e-02, -3.345250e-01, -2.271414e+00, -1.045960e+00, 2.827842e+00, 3.298371e-10, 4.565832e-10, 6.856298e-10, 3.539853e-10, 6.736206e+01, -1.053374e-01
7.890000e+02, 1.570665e-01, 8.526019e-01, 2.917439e-02, 1.154901e-02, -3.424002e-01, -2.282315e+00, -1.062330e+00, 2.819390e+00, 3.306234e-10, 4.566010e-10, 6.910877e-10, 3.511594e-10, 6.730612e+01, -1.077190e-01
7.928000e+02, 1.570791e-01, 8.526041e-01, 2.880625e-02, 1.157295e-02, -3.502942e-01, -2.293217e+00, -1.078831e+00, 2.811006e+00, 3.316072e-10, 4.565687e-10, 6.966588e-10, 3.484622e-10, 6.724746e+01, -1.100915e-01
7.966000e+02, 1.570796e-01, 8.526086e-01, 2.843431e-02, 1.159716e-02, -3.582117e-01, -2.304118e+00, -1.095464e+00, 2.802686e+00, 3.323982e-10, 4.565510e-10, 7.025339e-10, 3.455712e-10, 6.718582e+01, -1.124542e-01
8.004000e+02, 1.570696e-01, 8.526145e-01, 2.805859e-02, 1.162182e-02, -3.661481e-01, -2.315019e+00, -1.112238e+00, 2.794435e+00, 3.331769e-10, 4.565515e-10, 7.087386e-10, 3.430682e-10, 6.712147e+01, -1.148064e-01
8.042000e+02, 1.570492e-01, 8.526227e-01, 2.767890e-02, 1.164673e-02, -3.741030e-01, -2.325919e+00, -1.129160e+00, 2.786244e+00, 3.341682e-10, 4.565319e-10, 7.149478e-10, 3.401658e-10, 6.705444e+01, -1.171472e-01
8.080000e+02, 1.570164e-01, 8.526317e-01, 2.729546e-02, 1.167216e-02, -3.820817e-01, -2.336819e+00, -1.146230e+00, 2.778122e+00, 3.349091e-10, 4.565657e-10, 7.214478e-10, 3.376533e-10, 6.698446e+01, -1.194759e-01
8.118000e+02, 1.569729e-01, 8.526430e-01, 2.690820e-02, 1.169793e-02, -3.900780e-01, -2.347720e+00, -1.163455e+00, 2.770060e+00, 3.356909e-10, 4.565460e-10, 7.283304e-10, 3.349193e-10, 6.691183e+01, -1.217913e-01
8.156000e+02, 1.569187e-01, 8.526559e-01, 2.651710e-02, 1.172420e-02, -3.980930e-01, -2.358621e+00, -1.180845e+00, 2.762064e+00, 3.366518e-10, 4.565436e-10, 7.353408e-10, 3.322808e-10, 6.683654e+01, -1.240931e-01
8.194000e+02, 1.568519e-01, 8.526697e-01, 2.612225e-02, 1.175099e-02, -4.061309e-01, -2.369522e+00, -1.198402e+00, 2.754130e+00, 3.374041e-10, 4.565924e-10, 7.427605e-10, 3.296713e-10, 6.675836e+01, -1.263800e-01
8.232000e+02, 1.567742e-01, 8.526859e-01, 2.572362e-02, 1.177828e-02, -4.141868e-01, -2.380423e+00, -1.216136e+00, 2.746259e+00, 3.381522e-10, 4.565193e-10, 7.503969e-10, 3.272219e-10, 6.667755e+01, -1.286513e-01
8.270000e+02, 1.566855e-01, 8.527036e-01, 2.532114e-02, 1.180608e-02, -4.222606e-01, -2.391323e+00, -1.234053e+00, 2.738446e+00, 3.390091e-10, 4.565673e-10, 7.583649e-10, 3.246266e-10, 6.659414e+01, -1.309062e-01
8.308000e+02, 1.565847e-01, 8.527229e-01, 2.491483e-02, 1.183447e-02, -4.303548e-01, -2.402224e+00, -1.252160e+00, 2.730695e+00, 3.398468e-10, 4.565610e-10, 7.667769e-10, 3.220392e-10, 6.650801e+01, -1.331438e-01
8.346000e+02, 1.564718e-01, 8.527445e-01, 2.450475e-02, 1.186355e-02, -4.384690e-01, -2.413125e+00, -1.270467e+00, 2.723006e+00, 3.406238e-10, 4.565730e-10, 7.754658e-10, 3.198216e-10, 6.641917e+01, -1.353631e-01
8.384000e+02, 1.563476e-01, 8.527675e-01, 2.409072e-02, 1.189313e-02, -4.466018e-01, -2.424026e+00, -1.288982e+00, 2.715370e+00, 3.413305e-10, 4.565676e-10, 7.846708e-10, 3.172194e-10, 6.632777e+01, -1.375637e-01
8.422000e+02, 1.562118e-01, 8.527920e-01, 2.367289e-02, 1.192350e-02, -4.547514e-01, -2.434927e+00, -1.307717e+00, 2.707796e+00, 3.421135e-10, 4.566142e-10, 7.943024e-10, 3.149017e-10, 6.623384e+01, -1.397442e-01
8.460000e+02, 1.560644e-01, 8.528180e-01, 2.325115e-02, 1.195456e-02, -4.629198e-01, -2.445829e+00, -1.326682e+00, 2.700277e+00, 3.429519e-10, 4.566365e-10, 8.045028e-10, 3.126281e-10, 6.613738e+01, -1.419044e-01
8.498000e+02, 1.559043e-01, 8.528467e-01, 2.282556e-02, 1.198632e-02, -4.711081e-01, -2.456732e+00, -1.345891e+00, 2.692813e+00, 3.437281e-10, 4.566167e-10, 8.151312e-10, 3.104921e-10, 6.603828e+01, -1.440428e-01
8.536000e+02, 1.557323e-01, 8.528760e-01, 2.239587e-02, 1.201879e-02, -4.793150e-01, -2.467634e+00, -1.365353e+00, 2.685400e+00, 3.443398e-10, 4.566334e-10, 8.264687e-10, 3.081184e-10, 6.593669e+01, -1.461590e-01
8.574000e+02, 1.555491e-01, 8.529085e-01, 2.196213e-02, 1.205215e-02, -4.875365e-01, -2.478537e+00, -1.385086e+00, 2.678043e+00, 3.452607e-10, 4.567176e-10, 8.385047e-10, 3.061818e-10, 6.583276e+01, -1.482520e-01
8.612000e+02, 1.553528e-01, 8.529415e-01, 2.152438e-02, 1.208624e-02, -4.957800e-01, -2.489442e+00, -1.405106e+00, 2.670733e+00, 3.458696e-10, 4.566683e-10, 8.512406e-10, 3.040275e-10, 6.572624e+01, -1.503211e-01
8.650000e+02, 1.551449e-01, 8.529768e-01, 2.108236e-02, 1.212125e-02, -5.040380e-01, -2.500345e+00, -1.425430e+00, 2.663474e+00, 3.466676e-10, 4.567095e-10, 8.649404e-10, 3.021219e-10, 6.561742e+01, -1.523652e-01
8.688000e+02, 1.549244e-01, 8.530136e-01, 2.063618e-02, 1.215710e-02, -5.123151e-01, -2.511250e+00, -1.446082e+00, 2.656260e+00, 3.473485e-10, 4.567624e-10, 8.795211e-10, 3.001755e-10, 6.550618e+01, -1.543836e-01
8.726000e+02, 1.546921e-01, 8.530528e-01, 2.018557e-02, 1.219390e-02, -5.206084e-01, -2.522155e+00, -1.467081e+00, 2.649093e+00, 3.481328e-10, 4.568097e-10, 8.952355e-10, 2.983429e-10, 6.539267e+01, -1.563758e-01
8.764000e+02, 1.544468e-01, 8.530926e-01, 1.973045e-02, 1.223166e-02, -5.289204e-01, -2.533062e+00, -1.488456e+00, 2.641970e+00, 3.486848e-10, 4.567885e-10, 9.122349e-10, 2.965618e-10, 6.527678e+01, -1.583404e-01
8.802000e+02, 1.541901e-01, 8.531348e-01, 1.927073e-02, 1.227039e-02, -5.372457e-01, -2.543968e+00, -1.510236e+00, 2.634889e+00, 3.495308e-10, 4.568314e-10, 9.306882e-10, 2.949201e-10, 6.515879e+01, -1.602770e-01
8.840000e+02, 1.539200e-01, 8.531781e-01, 1.880632e-02, 1.231011e-02, -5.455911e-01, -2.554876e+00, -1.532458e+00, 2.627848e+00, 3.500938e-10, 4.569125e-10, 9.508214e-10, 2.932455e-10, 6.503845e+01, -1.621847e-01
8.878000e+02, 1.536381e-01, 8.532240e-01, 1.833694e-02, 1.235094e-02, -5.539500e-01, -2.565785e+00, -1.555160e+00, 2.620846e+00, 3.509645e-10, 4.568821e-10, 9.729282e-10, 2.918102e-10, 6.491605e+01, -1.640625e-01
8.916000e+02, 1.533424e-01, 8.532709e-01, 1.786251e-02, 1.239281e-02, -5.623297e-01, -2.576694e+00, -1.578389e+00, 2.613879e+00, 3.514470e-10, 4.569976e-10, 9.973550e-10, 2.905044e-10, 6.479133e+01, -1.659097e-01
8.954000e+02, 1.530353e-01, 8.533202e-01, 1.738277e-02, 1.243575e-02, -5.707208e-01, -2.587605e+00, -1.602202e+00, 2.606943e+00, 3.521983e-10, 4.569615e-10, 1.024509e-09, 2.891226e-10, 6.466472e+01, -1.677258e-01
8.992000e+02, 1.527148e-01, 8.533709e-01, 1.689766e-02, 1.247985e-02, -5.791300e-01, -2.598515e+00, -1.626664e+00, 2.600039e+00, 3.528514e-10, 4.570448e-10, 1.054910e-09, 2.880049e-10, 6.453597e+01, -1.695096e-01
9.030000e+02, 1.523816e-01, 8.534234e-01, 1.640697e-02, 1.252507e-02, -5.875547e-01, -2.609428e+00, -1.651851e+00, 2.593163e+00, 3.535312e-10, 4.570881e-10, 1.089260e-09, 2.866832e-10, 6.440522e+01, -1.712604e-01
9.068000e+02, 1.520354e-01, 8.534765e-01, 1.591030e-02, 1.257161e-02, -5.959956e-01, -2.620341e+00, -1.677858e+00, 2.586318e+00, 3.540612e-10, 4.571230e-10, 1.128252e-09, 2.859708e-10, 6.427250e+01, -1.729776e-01
9.106000e+02, 1.516768e-01, 8.535321e-01, 1.540772e-02, 1.261924e-02, -6.044492e-01, -2.631256e+00, -1.704796e+00, 2.579490e+00, 3.546397e-10, 4.571848e-10, 1.172955e-09, 2.848107e-10, 6.413794e+01, -1.746602e-01
9.144000e+02, 1.513056e-01, 8.535895e-01, 1.489909e-02, 1.266824e-02, -6.129166e-01, -2.642171e+00, -1.732802e+00, 2.572690e+00, 3.553858e-10, 4.572319e-10, 1.224672e-09, 2.841370e-10, 6.400158e+01, -1.763076e-01
9.182000e+02, 1.509206e-01, 8.536483e-01, 1.438425e-02, 1.271848e-02, -6.214019e-01, -2.653088e+00, -1.762042e+00, 2.565906e+00, 3.560293e-10, 4.572875e-10, 1.284817e-09, 2.833852e-10, 6.386329e+01, -1.779189e-01
9.220000e+02, 1.505225e-01, 8.537090e-01, 1.386328e-02, 1.277008e-02, -6.299025e-01, -2.664007e+00, -1.792719e+00, 2.559140e+00, 3.565190e-10, 4.573725e-10, 1.355439e-09, 2.830638e-10, 6.372323e+01, -1.794936e-01
9.258000e+02, 1.501118e-01, 8.537709e-01, 1.333645e-02, 1.282291e-02, -6.384147e-01, -2.674927e+00, -1.825081e+00, 2.552381e+00, 3.570621e-10, 4.574004e-10, 1.438906e-09, 2.823192e-10, 6.358153e+01, -1.810308e-01
9.296000e+02, 1.496882e-01, 8.538339e-01, 1.280419e-02, 1.287725e-02, -6.469400e-01, -2.685848e+00, -1.859437e+00, 2.545641e+00, 3.575949e-10, 4.574577e-10, 1.538370e-09, 2.822347e-10, 6.343821e+01, -1.825298e-01
9.334000e+02, 1.492513e-01, 8.538995e-01, 1.226713e-02, 1.293290e-02, -6.554780e-01, -2.696770e+00, -1.896167e+00, 2.538902e+00, 3.582322e-10, 4.575241e-10, 1.657003e-09, 2.819995e-10, 6.329329e+01, -1.839896e-01
9.372000e+02, 1.488011e-01, 8.539659e-01, 1.172673e-02, 1.298998e-02, -6.640312e-01, -2.707694e+00, -1.935730e+00, 2.532169e+00, 3.588661e-10, 4.575543e-10, 1.799743e-09, 2.816854e-10, 6.314679e+01, -1.854100e-01
9.410000e+02, 1.483371e-01, 8.540341e-01, 1.118465e-02, 1.304861e-02, -6.725995e-01, -2.718619e+00, -1.978701e+00, 2.525443e+00, 3.591881e-10, 4.576165e-10, 1.971081e-09, 2.820548e-10, 6.299872e+01, -1.867898e-01
9.448000e+02, 1.478606e-01, 8.541032e-01, 1.064368e-02, 1.310860e-02, -6.811755e-01, -2.729545e+00, -2.025762e+00, 2.518709e+00, 3.599494e-10, 4.577510e-10, 2.176827e-09, 2.820725e-10, 6.284934e+01, -1.881285e-01
9.486000e+02, 1.473698e-01, 8.541743e-01, 1.010759e-02, 1.317015e-02, -6.897697e-01, -2.740474e+00, -2.077736e+00, 2.511974e+00, 3.601907e-10, 4.577637e-10, 2.422524e-09, 2.823691e-10, 6.269843e+01, -1.894256e-01
9.524000e+02, 1.468668e-01, 8.542466e-01, 9.581499e-03, 1.323322e-02, -6.983696e-01, -2.751404e+00, -2.135577e+00, 2.505232e+00, 3.608371e-10, 4.578470e-10, 2.712882e-09, 2.827531e-10, 6.254637e+01, -1.906802e-01
9.562000e+02, 1.463495e-01, 8.543212e-01, 9.072172e-03, 1.329786e-02, -7.069850e-01, -2.762335e+00, -2.200350e+00, 2.498481e+00, 3.611809e-10, 4.578825e-10, 3.050268e-09, 2.833833e-10, 6.239292e+01, -1.918917e-01
9.600000e+02, 1.458193e-01, 8.543958e-01, 8.588305e-03, 1.336406e-02, -7.156086e-01, -2.773268e+00, -2.273178e+00, 2.491715e+00, 3.617783e-10, 4.580070e-10, 3.431948e-09, 2.840423e-10, 6.223835e+01, -1.930594e-01
9.638000e+02, 1.452752e-01, 8.544724e-01, 8.140593e-03, 1.343184e-02, -7.242465e-01, -2.784203e+00, -2.355120e+00, 2.484933e+00, 3.622133e-10, 4.580742e-10, 3.846533e-09, 2.849902e-10, 6.208254e+01, -1.941828e-01
9.676000e+02, 1.447175e-01, 8.545506e-01, 7.741644e-03, 1.350119e-02, -7.328947e-01, -2.795140e+00, -2.446960e+00, 2.478129e+00, 3.625227e-10, 4.581309e-10, 4.270688e-09, 2.857663e-10, 6.192563e+01, -1.952612e-01
9.714000e+02, 1.441467e-01, 8.546302e-01, 7.405453e-03, 1.357224e-02, -7.415503e-01, -2.806079e+00, -2.548928e+00, 2.471306e+00, 3.630767e-10, 4.582247e-10, 4.667098e-09, 2.869647e-10, 6.176777e+01, -1.962938e-01
9.752000e+02, 1.435616e-01, 8.547101e-01, 7.146245e-03, 1.364488e-02, -7.502192e-01, -2.817019e+00, -2.660360e+00, 2.464454e+00, 3.633279e-10, 4.582944e-10, 4.987621e-09, 2.880531e-10, 6.160882e+01, -1.972801e-01
9.790000e+02, 1.429636e-01, 8.547921e-01, 6.976810e-03, 1.371927e-02, -7.588941e-01, -2.827961e+00, -2.779445e+00, 2.457577e+00, 3.638295e-10, 4.584010e-10, 5.183770e-09, 2.894851e-10, 6.144906e+01, -1.982197e-01
9.828000e+02, 1.423514e-01, 8.548754e-01, 6.906452e-03, 1.379527e-02, -7.675809e-01, -2.838906e+00, -2.903213e+00, 2.450665e+00, 3.642038e-10, 4.584526e-10, 5.222560e-09, 2.909901e-10, 6.128837e+01, -1.991119e-01
9.866000e+02, 1.417255e-01, 8.549595e-01, 6.939234e-03, 1.387297e-02, -7.762767e-01, -2.849852e+00, -3.027907e+00, 2.443717e+00, 3.644025e-10, 4.585574e-10, 5.099096e-09, 2.924916e-10, 6.112687e+01, -1.999561e-01
9.904000e+02, 1.410863e-01, 8.550447e-01, 7.073230e-03, 1.395242e-02, -7.849772e-01, -2.860801e+00, 3.133531e+00, 2.436734e+00, 3.647789e-10, 4.586080e-10, 4.838730e-09, 2.941798e-10, 6.096472e+01, -2.007518e-01
9.942000e+02, 1.404333e-01, 8.551306e-01, 7.301121e-03, 1.403359e-02, -7.936867e-01, -2.871751e+00, 3.018001e+00, 2.429710e+00, 3.650853e-10, 4.587249e-10, 4.486050e-09, 2.960963e-10, 6.080187e+01, -2.014984e-01
9.980000e+02, 1.397664e-01, 8.552182e-01, 7.611794e-03, 1.411648e-02, -8.024035e-01, -2.882703e+00, 2.910892e+00, 2.422640e+00, 3.653392e-10, 4.588223e-10, 4.089215e-09, 2.979736e-10, 6.063839e+01, -2.021953e-01
1.001800e+03, 1.390858e-01, 8.553061e-01, 7.992432e-03, 1.420115e-02, -8.111264e-01, -2.893658e+00, 2.813257e+00, 2.415526e+00, 3.656888e-10, 4.588906e-10, 3.687909e-09, 3.002440e-10, 6.047439e+01, -2.028421e-01
1.005600e+03, 1.383916e-01, 8.553957e-01, 8.430158e-03, 1.428750e-02, -8.198576e-01, -2.904615e+00, 2.725205e+00, 2.408357e+00, 3.658405e-10, 4.590002e-10, 3.308748e-09, 3.022928e-10, 6.030989e+01, -2.034391e-01
1.009400e+03, 1.376834e-01, 8.554862e-01, 8.913230e-03, 1.437569e-02, -8.285924e-01, -2.915574e+00, 2.646205e+00, 2.401140e+00, 3.660449e-10, 4.590676e-10, 2.965943e-09, 3.046831e-10, 6.014496e+01, -2.039843e-01
1.013200e+03, 1.369612e-01, 8.555781e-01, 9.431565e-03, 1.446560e-02, -8.373322e-01, -2.926534e+00, 2.575389e+00, 2.393865e+00, 3.662555e-10, 4.591779e-10, 2.664713e-09, 3.070397e-10, 5.997968e+01, -2.044777e-01
1.017000e+03, 1.362254e-01, 8.556706e-01, 9.976837e-03, 1.455732e-02, -8.460769e-01, -2.937498e+00, 2.511766e+00, 2.386534e+00, 3.662897e-10, 4.592369e-10, 2.404570e-09, 3.098352e-10, 5.981410e+01, -2.049196e-01
1.020800e+03, 1.354754e-01, 8.557631e-01, 1.054239e-02, 1.465079e-02, -8.548225e-01, -2.948463e+00, 2.454355e+00, 2.379136e+00, 3.665770e-10, 4.593687e-10, 2.182273e-09, 3.123399e-10, 5.964829e+01, -2.053078e-01
1.024600e+03, 1.347120e-01, 8.558577e-01, 1.112302e-02, 1.474600e-02, -8.635749e-01, -2.959431e+00, 2.402251e+00, 2.371679e+00, 3.666632e-10, 4.594789e-10, 1.993248e-09, 3.151219e-10, 5.948231e+01, -2.056446e-01
1.028400e+03, 1.339346e-01, 8.559519e-01, 1.171466e-02, 1.484300e-02, -8.723294e-01, -2.970401e+00, 2.354660e+00, 2.364155e+00, 3.667735e-10, 4.595641e-10, 1.832773e-09, 3.181499e-10, 5.931622e+01, -2.059280e-01
1.032200e+03, 1.331435e-01, 8.560479e-01, 1.231422e-02, 1.494180e-02, -8.810865e-01, -2.981374e+00, 2.310900e+00, 2.356559e+00, 3.666825e-10, 4.596385e-10, 1.696392e-09, 3.208244e-10, 5.915008e+01, -2.061581e-01
1.036000e+03, 1.323381e-01, 8.561442e-01, 1.291933e-02, 1.504240e-02, -8.898415e-01, -2.992348e+00, 2.270397e+00, 2.348899e+00, 3.668374e-10, 4.597679e-10, 1.580173e-09, 3.241373e-10, 5.898398e+01, -2.063329e-01
1.039800e+03, 1.315192e-01, 8.562407e-01, 1.352817e-02, 1.514469e-02, -8.986001e-01, -3.003326e+00, 2.232668e+00, 2.341160e+00, 3.667636e-10, 4.598550e-10, 1.480899e-09, 3.272846e-10, 5.881794e+01, -2.064546e-01
1.043600e+03, 1.306863e-01, 8.563379e-01, 1.413941e-02, 1.524885e-02, -9.073570e-01, -3.014305e+00, 2.197310e+00, 2.333345e+00, 3.667084e-10, 4.599624e-10, 1.395597e-09, 3.306755e-10, 5.865206e+01, -2.065211e-01
1.047400e+03, 1.298396e-01, 8.564360e-01, 1.475203e-02, 1.535466e-02, -9.161126e-01, -3.025287e+00, 2.163989e+00, 2.325450e+00, 3.666442e-10, 4.600650e-10, 1.321855e-09, 3.337114e-10, 5.848640e+01, -2.065326e-01
1.051200e+03, 1.289791e-01, 8.565342e-01, 1.536519e-02, 1.546222e-02, -9.248666e-01, -3.036272e+00, 2.132428e+00, 2.317482e+00, 3.665944e-10, 4.601641e-10, 1.258092e-09, 3.375495e-10, 5.832101e+01, -2.064891e-01
1.055000e+03, 1.281049e-01, 8.566337e-01, 1.597841e-02, 1.557154e-02, -9.336195e-01, -3.047259e+00, 2.102390e+00, 2.309423e+00, 3.665307e-10, 4.602693e-10, 1.202244e-09, 3.406588e-10, 5.815595e+01, -2.063906e-01
1.058800e+03, 1.272174e-01, 8.567328e-01, 1.659107e-02, 1.568258e-02, -9.423708e-01, -3.058248e+00, 2.073685e+00, 2.301289e+00, 3.660651e-10, 4.603758e-10, 1.153492e-09, 3.445590e-10, 5.799129e+01, -2.062373e-01
1.062600e+03, 1.263148e-01, 8.568327e-01, 1.720304e-02, 1.579535e-02, -9.511110e-01, -3.069240e+00, 2.046144e+00, 2.293063e+00, 3.661604e-10, 4.604828e-10, 1.110439e-09, 3.481130e-10, 5.782710e+01, -2.060252e-01
1.066400e+03, 1.253999e-01, 8.569336e-01, 1.781391e-02, 1.590983e-02, -9.598535e-01, -3.080235e+00, 2.019631e+00, 2.284751e+00, 3.656857e-10, 4.605851e-10, 1.072449e-09, 3.518992e-10, 5.766343e+01, -2.057602e-01
1.070200e+03, 1.244702e-01, 8.570336e-01, 1.842366e-02, 1.602594e-02, -9.685846e-01, -3.091232e+00, 1.994025e+00, 2.276349e+00, 3.653256e-10, 4.606994e-10, 1.038419e-09, 3.558848e-10, 5.750035e+01, -2.054366e-01
1.074000e+03, 1.235268e-01, 8.571349e-01, 1.903188e-02, 1.614377e-02, -9.773072e-01, -3.102231e+00, 1.969232e+00, 2.267852e+00, 3.651839e-10, 4.608010e-10, 1.008163e-09, 3.593678e-10, 5.733793e+01, -2.050563e-01
1.077800e+03, 1.225704e-01, 8.572357e-01, 1.963867e-02, 1.626320e-02, -9.860263e-01, -3.113234e+00, 1.945161e+00, 2.259272e+00, 3.646069e-10, 4.609061e-10, 9.810041e-10, 3.636100e-10, 5.717622e+01, -2.046213e-01
1.081600e+03, 1.215996e-01, 8.573371e-01, 2.024388e-02, 1.638429e-02, -9.947317e-01, -3.124238e+00, 1.921738e+00, 2.250590e+00, 3.643444e-10, 4.610187e-10, 9.565436e-10, 3.673596e-10, 5.701528e+01, -2.041277e-01
1.085400e+03, 1.206162e-01, 8.574383e-01, 2.084751e-02, 1.650693e-02, -1.003431e+00, -3.135245e+00, 1.898900e+00, 2.241819e+00, 3.637299e-10, 4.611263e-10, 9.342538e-10, 3.713021e-10, 5.685519e+01, -2.035795e-01
1.089200e+03, 1.196184e-01, 8.575393e-01, 2.144929e-02, 1.663121e-02, -1.012115e+00, 3.136930e+00, 1.876593e+00, 2.232954e+00, 3.631747e-10, 4.612359e-10, 9.141495e-10, 3.756698e-10, 5.669599e+01, -2.029727e-01
1.093000e+03, 1.186073e-01, 8.576414e-01, 2.204937e-02, 1.675703e-02, -1.020787e+00, 3.125917e+00, 1.854767e+00, 2.223984e+00, 3.626353e-10, 4.613423e-10, 8.957127e-10, 3.793688e-10, 5.653776e+01, -2.023094e-01
1.096800e+03, 1.175828e-01, 8.577425e-01, 2.264750e-02, 1.688434e-02, -1.029445e+00, 3.114902e+00, 1.833381e+00, 2.214926e+00, 3.618049e-10, 4.614568e-10, 8.789464e-10, 3.837992e-10, 5.638055e+01, -2.015896e-01
1.100600e+03, 1.165443e-01, 8.578438e-01, 2.324388e-02, 1.701322e-02, -1.038083e+00, 3.103885e+00, 1.812395e+00, 2.205763e+00, 3.611740e-10, 4.615635e-10, 8.634923e-10, 3.879659e-10, 5.622443e+01, -2.008113e-01
1.104400e+03, 1.154926e-01, 8.579454e-01, 2.383828e-02, 1.714352e-02, -1.046707e+00, 3.092864e+00, 1.791778e+00, 2.196500e+00, 3.604011e-10, 4.616721e-10, 8.492776e-10, 3.920718e-10, 5.606944e+01, -1.999769e-01
1.108200e+03, 1.144277e-01, 8.580473e-01, 2.443071e-02, 1.727528e-02, -1.055312e+00, 3.081841e+00, 1.771501e+00, 2.187139e+00, 3.595318e-10, 4.617846e-10, 8.361944e-10, 3.961953e-10, 5.591566e+01, -1.990857e-01
1.112000e+03, 1.133494e-01, 8.581475e-01, 2.502117e-02, 1.740842e-02, -1.063896e+00, 3.070816e+00, 1.751536e+00, 2.177679e+00, 3.585683e-10, 4.618942e-10, 8.240162e-10, 4.005745e-10, 5.576314e+01, -1.981375e-01
1.115800e+03, 1.122579e-01, 8.582481e-01, 2.560946e-02, 1.754303e-02, -1.072457e+00, 3.059787e+00, 1.731861e+00, 2.168115e+00, 3.576168e-10, 4.620010e-10, 8.127874e-10, 4.046101e-10, 5.561195e+01, -1.971326e-01
1.119600e+03, 1.111531e-01, 8.583492e-01, 2.619580e-02, 1.767888e-02, -1.080996e+00, 3.048757e+00, 1.712455e+00, 2.158454e+00, 3.564898e-10, 4.621148e-10, 8.023018e-10, 4.090356e-10, 5.546213e+01, -1.960712e-01
1.123400e+03, 1.100353e-01, 8.584497e-01, 2.677989e-02, 1.781616e-02, -1.089507e+00, 3.037723e+00, 1.693299e+00, 2.148688e+00, 3.553131e-10, 4.622234e-10, 7.925299e-10, 4.131377e-10, 5.531377e+01, -1.949532e-01
1.127200e+03, 1.089043e-01, 8.585486e-01, 2.736175e-02, 1.795463e-02, -1.097991e+00, 3.026687e+00, 1.674377e+00, 2.138824e+00, 3.541010e-10, 4.623252e-10, 7.834251e-10, 4.174974e-10, 5.516690e+01, -1.937788e-01
1.131000e+03, 1.077604e-01, 8.586479e-01, 2.794138e-02, 1.809440e-02, -1.106445e+00, 3.015649e+00, 1.655672e+00, 2.128856e+00, 3.527242e-10, 4.624246e-10, 7.748930e-10, 4.216813e-10, 5.502159e+01, -1.925484e-01
1.134800e+03, 1.066035e-01, 8.587476e-01, 2.851870e-02, 1.823535e-02, -1.114867e+00, 3.004608e+00, 1.637170e+00, 2.118788e+00, 3.513142e-10, 4.625892e-10, 7.669054e-10, 4.258453e-10, 5.487789e+01, -1.912620e-01
1.138600e+03, 1.054338e-01, 8.588457e-01, 2.909370e-02, 1.837742e-02, -1.123255e+00, 2.993563e+00, 1.618860e+00, 2.108620e+00, 3.497569e-10, 4.626604e-10, 7.593783e-10, 4.302245e-10, 5.473586e+01, -1.899201e-01
1.142400e+03, 1.042514e-01, 8.589430e-01, 2.966619e-02, 1.852074e-02, -1.131606e+00, 2.982516e+00, 1.600729e+00, 2.098348e+00, 3.480800e-10, 4.627329e-10, 7.523178e-10, 4.343592e-10, 5.459556e+01, -1.885229e-01
1.146200e+03, 1.030562e-01, 8.590404e-01, 3.023617e-02, 1.866509e-02, -1.139917e+00, 2.971468e+00, 1.582766e+00, 2.087977e+00, 3.463644e-10, 4.629185e-10, 7.456656e-10, 4.386035e-10, 5.445705e+01, -1.870705e-01
1.150000e+03, 1.018484e-01, 8.591372e-01, 3.080362e-02, 1.881051e-02, -1.148186e+00, 2.960415e+00, 1.564963e+00, 2.077505e+00, 3.444339e-10, 4.629699e-10, 7.393844e-10, 4.426839e-10, 5.432036e+01, -1.855634e-01
1.153800e+03, 1.006281e-01, 8.592327e-01, 3.136845e-02, 1.895689e-02, -1.156410e+00, 2.949361e+00, 1.547309e+00, 2.066936e+00, 3.424271e-10, 4.630700e-10, 7.334551e-10, 4.469203e-10, 5.418558e+01, -1.840020e-01
1.157600e+03, 9.939542e-02, 8.593282e-01, 3.193063e-02, 1.910428e-02, -1.164586e+00, 2.938305e+00, 1.529797e+00, 2.056265e+00, 3.402969e-10, 4.631998e-10, 7.278389e-10, 4.509918e-10, 5.405275e+01, -1.823867e-01
1.161400e+03, 9.815038e-02, 8.594214e-01, 3.248995e-02, 1.925256e-02, -1.172711e+00, 2.927246e+00, 1.512419e+00, 2.045497e+00, 3.380091e-10, 4.633095e-10, 7.225274e-10, 4.551866e-10, 5.392191e+01, -1.807178e-01
1.165200e+03, 9.689315e-02, 8.595154e-01, 3.304656e-02, 1.940181e-02, -1.180781e+00, 2.916184e+00, 1.495168e+00, 2.034629e+00, 3.355329e-10, 4.634027e-10, 7.175015e-10, 4.591598e-10, 5.379313e+01, -1.789958e-01
1.169000e+03, 9.562381e-02, 8.596077e-01, 3.360015e-02, 1.955182e-02, -1.188793e+00, 2.905119e+00, 1.478037e+00, 2.023666e+00, 3.329521e-10, 4.635433e-10, 7.127061e-10, 4.632315e-10, 5.366646e+01, -1.772211e-01
1.172800e+03, 9.434244e-02, 8.596994e-01, 3.415087e-02, 1.970266e-02, -1.196742e+00, 2.894052e+00, 1.461020e+00, 2.012606e+00, 3.301455e-10, 4.636000e-10, 7.081658e-10, 4.672003e-10, 5.354195e+01, -1.753943e-01
1.176600e+03, 9.304931e-02, 8.597901e-01, 3.469847e-02, 1.985424e-02, -1.204625e+00, 2.882983e+00, 1.444112e+00, 2.001451e+00, 3.271725e-10, 4.637153e-10, 7.038365e-10, 4.711867e-10, 5.341966e+01, -1.735162e-01
1.180400e+03, 9.174431e-02, 8.598797e-01, 3.524299e-02, 2.000653e-02, -1.212436e+00, 2.871911e+00, 1.427307e+00, 1.990201e+00, 3.240407e-10, 4.638422e-10, 6.997422e-10, 4.750556e-10, 5.329962e+01, -1.715868e-01
1.184200e+03, 9.042773e-02, 8.599680e-01, 3.578428e-02, 2.015946e-02, -1.220173e+00, 2.860836e+00, 1.410600e+00, 1.978858e+00, 3.206560e-10, 4.639345e-10, 6.958096e-10, 4.789405e-10, 5.318190e+01, -1.696071e-01
1.188000e+03, 8.909968e-02, 8.600548e-01, 3.632237e-02, 2.031301e-02, -1.227829e+00, 2.849759e+00, 1.393987e+00, 1.967423e+00, 3.170415e-10, 4.640107e-10, 6.920742e-10, 4.828076e-10, 5.306654e+01, -1.675777e-01
1.191800e+03, 8.776024e-02, 8.601416e-01, 3.685708e-02, 2.046719e-02, -1.235399e+00, 2.838681e+00, 1.377463e+00, 1.955895e+00, 3.132077e-10, 4.641274e-10, 6.884942e-10, 4.865129e-10, 5.295360e+01, -1.654991e-01
1.195600e+03, 8.640968e-02, 8.602264e-01, 3.738842e-02, 2.062182e-02, -1.242877e+00, 2.827599e+00, 1.361024e+00, 1.944279e+00, 3.090850e-10, 4.642425e-10, 6.851127e-10, 4.903150e-10, 5.284311e+01, -1.633722e-01
1.199400e+03, 8.504797e-02, 8.603100e-01, 3.791620e-02, 2.077700e-02, -1.250257e+00, 2.816515e+00, 1.344666e+00, 1.932573e+00, 3.047430e-10, 4.643086e-10, 6.818514e-10, 4.939254e-10, 5.273514e+01, -1.611975e-01
1.203200e+03, 8.367533e-02, 8.603927e-01, 3.844041e-02, 2.093256e-02, -1.257533e+00, 2.805429e+00, 1.328386e+00, 1.920780e+00, 2.999972e-10, 4.644038e-10, 6.787454e-10, 4.975577e-10, 5.262971e+01, -1.589758e-01
1.207000e+03, 8.229197e-02, 8.604734e-01, 3.896095e-02, 2.108852e-02, -1.264696e+00, 2.794341e+00, 1.312180e+00, 1.908900e+00, 2.950083e-10, 4.645423e-10, 6.757686e-10, 5.011589e-10, 5.252690e+01, -1.567079e-01
1.210800e+03, 8.089798e-02, 8.605531e-01, 3.947780e-02, 2.124489e-02, -1.271739e+00, 2.783249e+00, 1.296046e+00, 1.896934e+00, 2.896811e-10, 4.646031e-10, 6.729086e-10, 5.046486e-10, 5.242674e+01, -1.543945e-01
1.214600e+03, 7.949368e-02, 8.606309e-01, 3.999092e-02, 2.140150e-02, -1.278656e+00, 2.772156e+00, 1.279979e+00, 1.884885e+00, 2.839190e-10, 4.647061e-10, 6.701895e-10, 5.080923e-10, 5.232926e+01, -1.520368e-01
1.218400e+03, 7.807902e-02, 8.607077e-01, 4.049998e-02, 2.155838e-02, -1.285435e+00, 2.761061e+00, 1.263978e+00, 1.872754e+00, 2.778112e-10, 4.647776e-10, 6.675130e-10, 5.114935e-10, 5.223453e+01, -1.496352e-01
1.222200e+03, 7.665440e-02, 8.607831e-01, 4.100521e-02, 2.171547e-02, -1.292068e+00, 2.749964e+00, 1.248040e+00, 1.860541e+00, 2.711663e-10, 4.649088e-10, 6.650321e-10, 5.148285e-10, 5.214257e+01, -1.471909e-01
1.226000e+03, 7.521996e-02, 8.608570e-01, 4.150638e-02, 2.187269e-02, -1.298542e+00, 2.738864e+00, 1.232162e+00, 1.848249e+00, 2.641810e-10, 4.649463e-10, 6.626864e-10, 5.181232e-10, 5.205344e+01, -1.447048e-01
1.229800e+03, 7.377596e-02, 8.609293e-01, 4.200344e-02, 2.203009e-02, -1.304850e+00, 2.727763e+00, 1.216339e+00, 1.835878e+00, 2.565482e-10, 4.650436e-10, 6.602922e-10, 5.213046e-10, 5.196717e+01, -1.421779e-01
1.233600e+03, 7.232244e-02, 8.610000e-01, 4.249625e-02, 2.218750e-02, -1.310975e+00, 2.716659e+00, 1.200574e+00, 1.823432e+00, 2.483790e-10, 4.651565e-10, 6.581340e-10, 5.244665e-10, 5.188382e+01, -1.396108e-01
1.237400e+03, 7.085979e-02, 8.610690e-01, 4.298478e-02, 2.234495e-02, -1.316905e+00, 2.705553e+00, 1.184861e+00, 1.810909e+00, 2.395840e-10, 4.652209e-10, 6.559910e-10, 5.275695e-10, 5.180341e+01, -1.370050e-01
1.241200e+03, 6.938822e-02, 8.611362e-01, 4.346901e-02, 2.250240e-02, -1.322626e+00, 2.694445e+00, 1.169198e+00, 1.798313e+00, 2.301713e-10, 4.653017e-10, 6.539054e-10, 5.305715e-10, 5.172600e+01, -1.343612e-01
1.245000e+03, 6.790800e-02, 8.612014e-01, 4.394881e-02, 2.265978e-02, -1.328121e+00, 2.683336e+00, 1.153585e+00, 1.785645e+00, 2.199496e-10, 4.654432e-10, 6.519706e-10, 5.335946e-10, 5.165160e+01, -1.316808e-01
1.248800e+03, 6.641945e-02, 8.612648e-01, 4.442411e-02, 2.281713e-02, -1.333373e+00, 2.672223e+00, 1.138019e+00, 1.772905e+00, 2.089260e-10, 4.654707e-10, 6.500639e-10, 5.364295e-10, 5.158028e+01, -1.289647e-01
1.252600e+03, 6.492268e-02, 8.613267e-01, 4.489484e-02, 2.297421e-02, -1.338361e+00, 2.661109e+00, 1.122498e+00, 1.760097e+00, 1.970080e-10, 4.655151e-10, 6.483135e-10, 5.392903e-10, 5.151206e+01, -1.262139e-01
1.256400e+03, 6.341819e-02, 8.613867e-01, 4.536092e-02, 2.313115e-02, -1.343065e+00, 2.649995e+00, 1.107019e+00, 1.747221e+00, 1.841120e-10, 4.656625e-10, 6.464754e-10, 5.420745e-10, 5.144697e+01, -1.234299e-01
1.260200e+03, 6.190619e-02, 8.614456e-01, 4.582232e-02, 2.328791e-02, -1.347461e+00, 2.638876e+00, 1.091583e+00, 1.734278e+00, 1.700883e-10, 4.657000e-10, 6.448452e-10, 5.447944e-10, 5.138506e+01, -1.206136e-01
1.264000e+03, 6.038714e-02, 8.615014e-01, 4.627882e-02, 2.344442e-02, -1.351522e+00, 2.627757e+00, 1.076187e+00, 1.721271e+00, 1.548425e-10, 4.657513e-10, 6.431757e-10, 5.474203e-10, 5.132636e+01, -1.177664e-01
1.267800e+03, 5.886126e-02, 8.615558e-01, 4.673054e-02, 2.360054e-02, -1.355219e+00, 2.616637e+00, 1.060830e+00, 1.708201e+00, 1.382040e-10, 4.658870e-10, 6.415997e-10, 5.500002e-10, 5.127091e+01, -1.148892e-01
1.271600e+03, 5.732913e-02, 8.616083e-01, 4.717729e-02, 2.375631e-02, -1.358519e+00, 2.605513e+00, 1.045511e+00, 1.695069e+00, 1.201905e-10, 4.659337e-10, 6.401563e-10, 5.525170e-10, 5.121874e+01, -1.119837e-01
1.275400e+03, 5.579110e-02, 8.616580e-01, 4.761902e-02, 2.391167e-02, -1.361388e+00, 2.594389e+00, 1.030227e+00, 1.681877e+00, 1.004033e-10, 4.659496e-10, 6.386516e-10, 5.549824e-10, 5.116987e+01, -1.090510e-01
1.279200e+03, 5.424760e-02, 8.617064e-01, 4.805566e-02, 2.406667e-02, -1.363786e+00, 2.583264e+00, 1.014978e+00, 1.668626e+00, 7.880604e-11, 4.660516e-10, 6.372867e-10, 5.573552e-10, 5.112435e+01, -1.060923e-01
1.283000e+03, 5.269926e-02, 8.617526e-01, 4.848714e-02, 2.422107e-02, -1.365667e+00, 2.572136e+00, 9.997626e-01, 1.655318e+00, 5.496884e-11, 4.661474e-10, 6.359437e-10, 5.596931e-10, 5.108219e+01, -1.031092e-01
1.286800e+03, 5.114657e-02, 8.617970e-01, 4.891343e-02, 2.437509e-02, -1.366980e+00, 2.561006e+00, 9.845787e-01, 1.641955e+00, 2.886108e-11, 4.661557e-10, 6.346747e-10, 5.619650e-10, 5.104343e+01, -1.001028e-01
1.290600e+03, 4.959015e-02, 8.618389e-01, 4.933440e-02, 2.452848e-02, -1.367669e+00, 2.549876e+00, 9.694252e-01, 1.628538e+00, 4.675060e-14, 4.662659e-10, 6.333691e-10, 5.641635e-10, 5.100811e+01, -9.707460e-02
1.294400e+03, 4.803078e-02, 8.618789e-01, 4.974992e-02, 2.468138e-02, -1.367670e+00, 2.538744e+00, 9.543028e-01, 1.615068e+00, -3.180544e-11, 4.662897e-10, 6.321894e-10, 5.662907e-10, 5.097624e+01, -9.402608e-02
1.298200e+03, 4.646921e-02, 8.619161e-01, 5.016014e-02, 2.483354e-02, -1.366910e+00, 2.527611e+00, 9.392085e-01, 1.601547e+00, -6.714488e-11, 4.663472e-10, 6.310289e-10, 5.683754e-10, 5.094785e+01, -9.095868e-02
1.302000e+03, 4.490617e-02, 8.619515e-01, 5.056483e-02, 2.498509e-02, -1.365307e+00, 2.516476e+00, 9.241420e-01, 1.587976e+00, -1.064098e-10, 4.664265e-10, 6.299289e-10, 5.703922e-10, 5.092297e+01, -8.787358e-02
1.305800e+03, 4.334268e-02, 8.619844e-01, 5.096405e-02, 2.513596e-02, -1.362767e+00, 2.505340e+00, 9.091018e-01, 1.574357e+00, -1.501511e-10, 4.664700e-10, 6.288623e-10, 5.723469e-10, 5.090162e+01, -8.477238e-02
1.309600e+03, 4.177998e-02, 8.620161e-01, 5.135758e-02, 2.528609e-02, -1.359182e+00, 2.494202e+00, 8.940870e-01, 1.560692e+00, -1.991140e-10, 4.664879e-10, 6.278008e-10, 5.742449e-10, 5.088382e+01, -8.165688e-02
1.313400e+03, 4.021907e-02, 8.620439e-01, 5.174537e-02, 2.543541e-02, -1.354428e+00, 2.483064e+00, 8.790976e-01, 1.546981e+00, -2.540075e-10, 4.665858e-10, 6.268091e-10, 5.760750e-10, 5.086961e+01, -7.852807e-02
1.317200e+03, 3.866148e-02, 8.620707e-01, 5.212747e-02, 2.558405e-02, -1.348363e+00, 2.471924e+00, 8.641318e-01, 1.533227e+00, -3.157710e-10, 4.666299e-10, 6.258787e-10, 5.778642e-10, 5.085899e+01, -7.538775e-02
1.321000e+03, 3.710888e-02, 8.620947e-01, 5.250375e-02, 2.573174e-02, -1.340823e+00, 2.460783e+00, 8.491883e-01, 1.519430e+00, -3.855060e-10, 4.665996e-10, 6.249095e-10, 5.795638e-10, 5.085200e+01, -7.223754e-02
1.324800e+03, 3.556307e-02, 8.621162e-01, 5.287424e-02, 2.587859e-02, -1.331619e+00, 2.449642e+00, 8.342679e-01, 1.505592e+00, -4.645383e-10, 4.667367e-10, 6.240650e-10, 5.812290e-10, 5.084864e+01, -6.907882e-02
1.328600e+03, 3.402615e-02, 8.621358e-01, 5.323873e-02, 2.602464e-02, -1.320528e+00, 2.438498e+00, 8.193676e-01, 1.491715e+00, -5.542865e-10, 4.667245e-10, 6.231369e-10, 5.828486e-10, 5.084894e+01, -6.591300e-02
1.332400e+03, 3.250092e-02, 8.621525e-01, 5.359729e-02, 2.616968e-02, -1.307294e+00, 2.427355e+00, 8.044895e-01, 1.477798e+00, -6.565976e-10, 4.667426e-10, 6.224003e-10, 5.843789e-10, 5.085291e+01, -6.274210e-02
1.336200e+03, 3.099029e-02, 8.621670e-01, 5.394976e-02, 2.631375e-02, -1.291617e+00, 2.416211e+00, 7.896290e-01, 1.463846e+00, -7.736148e-10, 4.668223e-10, 6.215848e-10, 5.858885e-10, 5.086058e+01, -5.956752e-02
1.340000e+03, 2.949777e-02, 8.621794e-01, 5.429620e-02, 2.645685e-02, -1.273146e+00, 2.405065e+00, 7.747880e-01, 1.449857e+00, -9.076971e-10, 4.668590e-10, 6.208035e-10, 5.873034e-10, 5.087195e+01, -5.639067e-02
1.343800e+03, 2.802775e-02, 8.621891e-01, 5.463651e-02, 2.659898e-02, -1.251473e+00, 2.393918e+00, 7.599656e-01, 1.435834e+00, -1.061643e-09, 4.668894e-10, 6.201182e-10, 5.886839e-10, 5.088703e+01, -5.321336e-02
1.347600e+03, 2.658537e-02, 8.621962e-01, 5.497050e-02, 2.674005e-02, -1.226125e+00, 2.382770e+00, 7.451596e-01, 1.421779e+00, -1.238563e-09, 4.669132e-10, 6.193615e-10, 5.900439e-10, 5.090585e+01, -5.003719e-02
1.351400e+03, 2.517682e-02, 8.622008e-01, 5.529834e-02, 2.687996e-02, -1.196553e+00, 2.371622e+00, 7.303717e-01, 1.407691e+00, -1.441751e-09, 4.669304e-10, 6.187079e-10, 5.912844e-10, 5.092842e+01, -4.686379e-02
1.355200e+03, 2.380958e-02, 8.622030e-01, 5.561984e-02, 2.701889e-02, -1.162130e+00, 2.360474e+00, 7.155994e-01, 1.393573e+00, -1.674514e-09, 4.669410e-10, 6.180423e-10, 5.925279e-10, 5.095474e+01, -4.369476e-02
1.359000e+03, 2.249270e-02, 8.622027e-01, 5.593505e-02, 2.715666e-02, -1.122149e+00, 2.349325e+00, 7.008429e-01, 1.379426e+00, -1.939619e-09, 4.669448e-10, 6.174320e-10, 5.937040e-10, 5.098482e+01, -4.053171e-02
1.362800e+03, 2.123709e-02, 8.622000e-01, 5.624385e-02, 2.729323e-02, -1.075839e+00, 2.338176e+00, 6.861011e-01, 1.365251e+00, -2.238326e-09, 4.670107e-10, 6.168721e-10, 5.948012e-10, 5.101867e+01, -3.737625e-02
1.366600e+03, 2.005591e-02, 8.621949e-01, 5.654620e-02, 2.742869e-02, -1.022396e+00, 2.327026e+00, 6.713725e-01, 1.351049e+00, -2.570034e-09, 4.670369e-10, 6.162608e-10, 5.958739e-10, 5.105629e+01, -3.423020e-02
1.370400e+03, 1.896475e-02, 8.621866e-01, 5.684208e-02, 2.756292e-02, -9.610337e-01, 2.315875e+00, 6.566586e-01, 1.336822e+00, -2.928606e-09, 4.669855e-10, 6.157639e-10, 5.968775e-10, 5.109772e+01, -3.109516e-02
1.374200e+03, 1.798141e-02, 8.621765e-01, 5.713139e-02, 2.769598e-02, -8.911100e-01, 2.304725e+00, 6.419566e-01, 1.322571e+00, -3.302333e-09, 4.670680e-10, 6.152671e-10, 5.979136e-10, 5.114291e+01, -2.797255e-02
1.378000e+03, 1.712637e-02, 8.621632e-01, 5.741415e-02, 2.782767e-02, -8.122631e-01, 2.293573e+00, 6.272664e-01, 1.308295e+00, -3.670769e-09, 4.670716e-10, 6.147294e-10, 5.987713e-10, 5.119191e+01, -2.486437e-02
1.381800e+03, 1.642120e-02, 8.621480e-01, 5.769028e-02, 2.795821e-02, -7.246195e-01, 2.282421e+00, 6.125891e-01, 1.293999e+00, -4.004262e-09, 4.670367e-10, 6.142978e-10, 5.996790e-10, 5.124470e+01, -2.177203e-02
1.385600e+03, 1.588754e-02, 8.621300e-01, 5.795981e-02, 2.808740e-02, -6.290133e-01, 2.271270e+00, 5.979220e-01, 1.279681e+00, -4.267503e-09, 4.670643e-10, 6.137921e-10, 6.004968e-10, 5.130128e+01, -1.869732e-02
1.389400e+03, 1.554454e-02, 8.621093e-01, 5.822257e-02, 2.821526e-02, -5.271219e-01, 2.260119e+00, 5.832671e-01, 1.265343e+00, -4.426220e-09, 4.670484e-10, 6.133771e-10, 6.012542e-10, 5.136166e+01, -1.564180e-02
1.393200e+03, 1.540646e-02, 8.620863e-01, 5.847868e-02, 2.834186e-02, -4.214410e-01, 2.248968e+00, 5.686220e-01, 1.250988e+00, -4.456752e-09, 4.670943e-10, 6.130557e-10, 6.020341e-10, 5.142583e+01, -1.260714e-02
1.397000e+03, 1.548023e-02, 8.620610e-01, 5.872794e-02, 2.846703e-02, -3.150312e-01, 2.237815e+00, 5.539846e-01, 1.236614e+00, -4.354081e-09, 4.671042e-10, 6.126055e-10, 6.027108e-10, 5.149379e+01, -9.594985e-03
1.400800e+03, 1.576406e-02, 8.620325e-01, 5.897054e-02, 2.859082e-02, -2.110727e-01, 2.226662e+00, 5.393580e-01, 1.222223e+00, -4.134231e-09, 4.670316e-10, 6.122830e-10, 6.032871e-10, 5.156553e+01, -6.606966e-03
1.404600e+03, 1.624826e-02, 8.620018e-01, 5.920610e-02, 2.871324e-02, -1.123634e-01, 2.215512e+00, 5.247391e-01, 1.207819e+00, -3.827635e-09, 4.670599e-10, 6.119679e-10, 6.040218e-10, 5.164107e+01, -3.644686e-03
1.408400e+03, 1.691652e-02, 8.619684e-01, 5.943493e-02, 2.883417e-02, -2.097435e-02, 2.204360e+00, 5.101277e-01, 1.193397e+00, -3.470472e-09, 4.670435e-10, 6.116395e-10, 6.045850e-10, 5.172038e+01, -7.097770e-04
1.412200e+03, 1.774898e-02, 8.619325e-01, 5.965685e-02, 2.895380e-02, 6.188700e-02, 2.193209e+00, 4.955241e-01, 1.178962e+00, -3.095465e-09, 4.670613e-10, 6.113385e-10, 6.049283e-10, 5.180345e+01, 2.196148e-03
1.416000e+03, 1.872458e-02, 8.618933e-01, 5.987179e-02, 2.907190e-02, 1.357947e-01, 2.182057e+00, 4.809277e-01, 1.164519e+00, -2.727269e-09, 4.670221e-10, 6.110698e-10, 6.054858e-10, 5.189028e+01, 5.071515e-03
1.419800e+03, 1.982283e-02, 8.618526e-01, 6.007988e-02, 2.918855e-02, 2.009112e-01, 2.170907e+00, 4.663377e-01, 1.150062e+00, -2.381665e-09, 4.669895e-10, 6.108631e-10, 6.060504e-10, 5.198086e+01, 7.914725e-03
1.423600e+03, 2.102508e-02, 8.618087e-01, 6.028088e-02, 2.930367e-02, 2.577761e-01, 2.159757e+00, 4.517527e-01, 1.135592e+00, -2.066865e-09, 4.670468e-10, 6.105990e-10, 6.063798e-10, 5.207517e+01, 1.072421e-02
1.427400e+03, 2.231499e-02, 8.617624e-01, 6.047485e-02, 2.941731e-02, 3.071248e-01, 2.148605e+00, 4.371740e-01, 1.121114e+00, -1.785754e-09, 4.669498e-10, 6.103684e-10, 6.066666e-10, 5.217321e+01, 1.349840e-02
1.431200e+03, 2.367864e-02, 8.617142e-01, 6.066191e-02, 2.952947e-02, 3.497616e-01, 2.137456e+00, 4.226008e-01, 1.106629e+00, -1.537865e-09, 4.669710e-10, 6.102400e-10, 6.069795e-10, 5.227496e+01, 1.623578e-02
1.435000e+03, 2.510425e-02, 8.616621e-01, 6.084187e-02, 2.964005e-02, 3.864798e-01, 2.126307e+00, 4.080306e-01, 1.092137e+00, -1.320880e-09, 4.668902e-10, 6.100307e-10, 6.071953e-10, 5.238040e+01, 1.893477e-02
1.438800e+03, 2.658214e-02, 8.616082e-01, 6.101468e-02, 2.974912e-02, 4.180173e-01, 2.115160e+00, 3.934655e-01, 1.077639e+00, -1.131647e-09, 4.669122e-10, 6.098848e-10, 6.075707e-10, 5.248952e+01, 2.159390e-02
1.442600e+03, 2.810419e-02, 8.615520e-01, 6.118049e-02, 2.985663e-02, 4.450366e-01, 2.104011e+00, 3.789038e-01, 1.063133e+00, -9.670805e-10, 4.669054e-10, 6.097872e-10, 6.077984e-10, 5.260230e+01, 2.421160e-02
1.446400e+03, 2.966366e-02, 8.614923e-01, 6.133915e-02, 2.996251e-02, 4.681267e-01, 2.092864e+00, 3.643444e-01, 1.048621e+00, -8.234888e-10, 4.668165e-10, 6.097044e-10, 6.078171e-10, 5.271871e+01, 2.678657e-02
1.450200e+03, 3.125503e-02, 8.614318e-01, 6.149062e-02, 3.006678e-02, 4.877884e-01, 2.081718e+00, 3.497871e-01, 1.034109e+00, -6.984275e-10, 4.668257e-10, 6.095974e-10, 6.079860e-10, 5.283875e+01, 2.931705e-02
1.454000e+03, 3.287365e-02, 8.613678e-01, 6.163498e-02, 3.016957e-02, 5.044642e-01, 2.070572e+00, 3.352323e-01, 1.019593e+00, -5.889138e-10, 4.667469e-10, 6.095289e-10, 6.080479e-10, 5.296237e+01, 3.180185e-02
1.457800e+03, 3.451576e-02, 8.613008e-01, 6.177225e-02, 3.027060e-02, 5.185251e-01, 2.059428e+00, 3.206791e-01, 1.005075e+00, -4.930432e-10, 4.667533e-10, 6.095223e-10, 6.081899e-10, 5.308959e+01, 3.423942e-02
1.461600e+03, 3.617789e-02, 8.612316e-01, 6.190225e-02, 3.037008e-02, 5.302971e-01, 2.048283e+00, 3.061261e-01, 9.905536e-01, -4.086818e-10, 4.667125e-10, 6.094309e-10, 6.080927e-10, 5.322033e+01, 3.662837e-02
1.465400e+03, 3.785734e-02, 8.611603e-01, 6.202504e-02, 3.046788e-02, 5.400548e-01, 2.037140e+00, 2.915752e-01, 9.760347e-01, -3.342674e-10, 4.666244e-10, 6.094666e-10, 6.081446e-10, 5.335460e+01, 3.896734e-02
1.469200e+03, 3.955189e-02, 8.610868e-01, 6.214069e-02, 3.056413e-02, 5.480358e-01, 2.025999e+00, 2.770236e-01, 9.615145e-01, -2.682323e-10, 4.666209e-10, 6.094619e-10, 6.079702e-10, 5.349237e+01, 4.125515e-02
1.473000e+03, 4.125934e-02, 8.610097e-01, 6.224914e-02, 3.065867e-02, 5.544402e-01, 2.014858e+00, 2.624720e-01, 9.469986e-01, -2.097421e-10, 4.665691e-10, 6.095029e-10, 6.079155e-10, 5.363359e+01, 4.349004e-02
1.476800e+03, 4.297797e-02, 8.609312e-01, 6.235036e-02, 3.075149e-02, 5.594480e-01, 2.003718e+00, 2.479194e-01, 9.324839e-01, -1.574158e-10, 4.664933e-10, 6.095908e-10, 6.078981e-10, 5.377825e+01, 4.567104e-02
1.480600e+03, 4.470630e-02, 8.608497e-01, 6.244433e-02, 3.084268e-02, 5.632065e-01, 1.992580e+00, 2.333648e-01, 9.179697e-01, -1.107949e-10, 4.664550e-10, 6.096768e-10, 6.075938e-10, 5.392631e+01, 4.779657e-02
1.484400e+03, 4.644296e-02, 8.607667e-01, 6.253114e-02, 3.093212e-02, 5.658518e-01, 1.981443e+00, 2.188081e-01, 9.034627e-01, -6.887935e-11, 4.663946e-10, 6.097313e-10, 6.074355e-10, 5.407773e+01, 4.986567e-02
1.488200e+03, 4.818681e-02, 8.606804e-01, 6.261066e-02, 3.101995e-02, 5.674964e-01, 1.970307e+00, 2.042501e-01, 8.889595e-01, -3.110173e-11, 4.663705e-10, 6.099167e-10, 6.071889e-10, 5.423249e+01, 5.187698e-02
1.492000e+03, 4.993676e-02, 8.605923e-01, 6.268293e-02, 3.110602e-02, 5.682390e-01, 1.959172e+00, 1.896876e-01, 8.744622e-01, 2.930059e-12, 4.662989e-10, 6.100238e-10, 6.068956e-10, 5.439054e+01, 5.382911e-02
1.495800e+03, 5.169194e-02, 8.605021e-01, 6.274792e-02, 3.119048e-02, 5.681690e-01, 1.948039e+00, 1.751226e-01, 8.599719e-01, 3.384242e-11, 4.662258e-10, 6.101420e-10, 6.067128e-10, 5.455185e+01, 5.572110e-02
1.499600e+03, 5.345134e-02, 8.604092e-01, 6.280576e-02, 3.127315e-02, 5.673610e-01, 1.936907e+00, 1.605548e-01, 8.454860e-01, 6.173998e-11, 4.661692e-10, 6.104056e-10, 6.062841e-10, 5.471637e+01, 5.755138e-02
1.503400e+03, 5.521438e-02, 8.603137e-01, 6.285636e-02, 3.135405e-02, 5.658869e-01, 1.925777e+00, 1.459807e-01, 8.310103e-01, 8.725807e-11, 4.660828e-10, 6.105750e-10, 6.059960e-10, 5.488406e+01, 5.931938e-02
1.507200e+03, 5.698021e-02, 8.602165e-01, 6.289965e-02, 3.143327e-02, 5.638035e-01, 1.914649e+00, 1.314026e-01, 8.165415e-01, 1.105747e-10, 4.660412e-10, 6.108079e-10, 6.054601e-10, 5.505488e+01, 6.102351e-02
1.511000e+03, 5.874835e-02, 8.601164e-01, 6.293574e-02, 3.151080e-02, 5.611634e-01, 1.903521e+00, 1.168188e-01, 8.020854e-01, 1.318351e-10, 4.659387e-10, 6.110613e-10, 6.051501e-10, 5.522880e+01, 6.266281e-02
1.514800e+03, 6.051815e-02, 8.600153e-01, 6.296463e-02, 3.158654e-02, 5.580157e-01, 1.892396e+00, 1.022291e-01, 7.876368e-01, 1.513111e-10, 4.659123e-10, 6.113364e-10, 6.045088e-10, 5.540576e+01, 6.423629e-02
1.518600e+03, 6.228908e-02, 8.599108e-01, 6.298630e-02, 3.166051e-02, 5.544030e-01, 1.881272e+00, 8.763274e-02, 7.732035e-01, 1.693152e-10, 4.658236e-10, 6.116345e-10, 6.042840e-10, 5.558570e+01, 6.574297e-02
1.522400e+03, 6.406053e-02, 8.598049e-01, 6.300073e-02, 3.173276e-02, 5.503604e-01, 1.870150e+00, 7.302929e-02, 7.587755e-01, 1.857948e-10, 4.657345e-10, 6.119612e-10, 6.035391e-10, 5.576859e+01, 6.718146e-02
1.526200e+03, 6.583215e-02, 8.596968e-01, 6.300798e-02, 3.180330e-02, 5.459243e-01, 1.859030e+00, 5.841805e-02, 7.443654e-01, 2.010742e-10, 4.656934e-10, 6.122986e-10, 6.030309e-10, 5.595436e+01, 6.855118e-02
1.530000e+03, 6.760347e-02, 8.595853e-01, 6.300803e-02, 3.187201e-02, 5.411235e-01, 1.847911e+00, 4.379874e-02, 7.299673e-01, 2.151802e-10, 4.655998e-10, 6.126644e-10, 6.024693e-10, 5.614298e+01, 6.985093e-02
1.533800e+03, 6.937414e-02, 8.594732e-01, 6.300090e-02, 3.193898e-02, 5.359858e-01, 1.836795e+00, 2.917070e-02, 7.155827e-01, 2.282786e-10, 4.654930e-10, 6.130630e-10, 6.018488e-10, 5.633439e+01, 7.107992e-02
1.537600e+03, 7.114356e-02, 8.593587e-01, 6.298665e-02, 3.200428e-02, 5.305354e-01, 1.825681e+00, 1.453315e-02, 7.012129e-01, 2.403661e-10, 4.654477e-10, 6.134780e-10, 6.010995e-10, 5.652851e+01, 7.223695e-02
1.541400e+03, 7.291161e-02, 8.592418e-01, 6.296520e-02, 3.206778e-02, 5.247964e-01, 1.814567e+00, -1.143184e-04, 6.868610e-01, 2.516552e-10, 4.653329e-10, 6.139205e-10, 6.004979e-10, 5.672531e+01, 7.332161e-02
1.545200e+03, 7.467773e-02, 8.591239e-01, 6.293657e-02, 3.212941e-02, 5.187879e-01, 1.803457e+00, -1.477235e-02, 6.725235e-01, 2.622167e-10, 4.652556e-10, 6.143876e-10, 5.998180e-10, 5.692472e+01, 7.433269e-02
1.549000e+03, 7.644175e-02, 8.590032e-01, 6.290086e-02, 3.218938e-02, 5.125271e-01, 1.792349e+00, -2.944153e-02, 6.582021e-01, 2.719728e-10, 4.651553e-10, 6.148805e-10, 5.989151e-10, 5.712668e+01, 7.526939e-02
1.552800e+03, 7.820319e-02, 8.588808e-01, 6.285798e-02, 3.224758e-02, 5.060335e-01, 1.781243e+00, -4.412248e-02, 6.439024e-01, 2.811269e-10, 4.651151e-10, 6.154095e-10, 5.982372e-10, 5.733111e+01, 7.613107e-02
1.556600e+03, 7.996182e-02, 8.587567e-01, 6.280801e-02, 3.230403e-02, 4.993213e-01, 1.770137e+00, -5.881606e-02, 6.296188e-01, 2.897153e-10, 4.649821e-10, 6.159501e-10, 5.974207e-10, 5.753796e+01, 7.691693e-02
1.560400e+03, 8.171730e-02, 8.586305e-01, 6.275103e-02, 3.235870e-02, 4.924040e-01, 1.759035e+00, -7.352255e-02, 6.153547e-01, 2.977506e-10, 4.648620e-10, 6.165193e-10, 5.966484e-10, 5.774717e+01, 7.762611e-02
1.564200e+03, 8.346939e-02, 8.585021e-01, 6.268701e-02, 3.241156e-02, 4.852949e-01, 1.747936e+00, -8.824263e-02, 6.011091e-01, 3.052875e-10, 4.648108e-10, 6.171326e-10, 5.955986e-10, 5.795865e+01, 7.825800e-02
1.568000e+03, 8.521782e-02, 8.583725e-01, 6.261591e-02, 3.246277e-02, 4.780058e-01, 1.736838e+00, -1.029773e-01, 5.868885e-01, 3.123741e-10, 4.647149e-10, 6.177568e-10, 5.949116e-10, 5.817235e+01, 7.881194e-02
1.571800e+03, 8.696213e-02, 8.582409e-01, 6.253788e-02, 3.251213e-02, 4.705475e-01, 1.725743e+00, -1.177270e-01, 5.726843e-01, 3.190156e-10, 4.645828e-10, 6.184267e-10, 5.937666e-10, 5.838817e+01, 7.928710e-02
1.575600e+03, 8.870234e-02, 8.581075e-01, 6.245276e-02, 3.255975e-02, 4.629307e-01, 1.714650e+00, -1.324926e-01, 5.585075e-01, 3.252946e-10, 4.645109e-10, 6.191038e-10, 5.929075e-10, 5.860606e+01, 7.968321e-02
1.579400e+03, 9.043798e-02, 8.579723e-01, 6.236077e-02, 3.260572e-02, 4.551639e-01, 1.703560e+00, -1.472744e-01, 5.443512e-01, 3.312486e-10, 4.644083e-10, 6.198454e-10, 5.919556e-10, 5.882593e+01, 7.999942e-02
1.583200e+03, 9.216884e-02, 8.578362e-01, 6.226186e-02, 3.264982e-02, 4.472550e-01, 1.692471e+00, -1.620739e-01, 5.302176e-01, 3.367891e-10, 4.643096e-10, 6.205907e-10, 5.908445e-10, 5.904770e+01, 8.023505e-02
1.587000e+03, 9.389481e-02, 8.576975e-01, 6.215601e-02, 3.269233e-02, 4.392138e-01, 1.681386e+00, -1.768912e-01, 5.161105e-01, 3.421150e-10, 4.641946e-10, 6.213536e-10, 5.898685e-10, 5.927131e+01, 8.039004e-02
1.590800e+03, 9.561539e-02, 8.575580e-01, 6.204324e-02, 3.273295e-02, 4.310454e-01, 1.670302e+00, -1.917267e-01, 5.020268e-01, 3.470713e-10, 4.640946e-10, 6.221602e-10, 5.887241e-10, 5.949664e+01, 8.046331e-02
1.594600e+03, 9.733063e-02, 8.574169e-01, 6.192373e-02, 3.277194e-02, 4.227587e-01, 1.659222e+00, -2.065814e-01, 4.879703e-01, 3.518308e-10, 4.639814e-10, 6.230484e-10, 5.875578e-10, 5.972363e+01, 8.045497e-02
1.598400e+03, 9.904008e-02, 8.572741e-01, 6.179739e-02, 3.280915e-02, 4.143583e-01, 1.648144e+00, -2.214574e-01, 4.739417e-01, 3.563363e-10, 4.638774e-10, 6.238756e-10, 5.864922e-10, 5.995218e+01, 8.036413e-02
1.602200e+03, 1.007436e-01, 8.571305e-01, 6.166416e-02, 3.284462e-02, 4.058504e-01, 1.637068e+00, -2.363531e-01, 4.599386e-01, 3.605584e-10, 4.637628e-10, 6.248745e-10, 5.852936e-10, 6.018221e+01, 8.019049e-02
1.606000e+03, 1.024410e-01, 8.569842e-01, 6.152426e-02, 3.287847e-02, 3.972417e-01, 1.625995e+00, -2.512727e-01, 4.459641e-01, 3.646347e-10, 4.636504e-10, 6.257272e-10, 5.840777e-10, 6.041362e+01, 7.993395e-02
1.609800e+03, 1.041320e-01, 8.568371e-01, 6.137768e-02, 3.291054e-02, 3.885356e-01, 1.614925e+00, -2.662126e-01, 4.320186e-01, 3.684884e-10, 4.635424e-10, 6.267810e-10, 5.828931e-10, 6.064632e+01, 7.959379e-02
1.613600e+03, 1.058165e-01, 8.566892e-01, 6.122443e-02, 3.294099e-02, 3.797376e-01, 1.603857e+00, -2.811777e-01, 4.181013e-01, 3.721819e-10, 4.634231e-10, 6.278215e-10, 5.815778e-10, 6.088022e+01, 7.916991e-02
1.617400e+03, 1.074946e-01, 8.565392e-01, 6.106453e-02, 3.296969e-02, 3.708513e-01, 1.592793e+00, -2.961676e-01, 4.042155e-01, 3.755140e-10, 4.633097e-10, 6.288484e-10, 5.802844e-10, 6.111527e+01, 7.866218e-02
1.621200e+03, 1.091645e-01, 8.563892e-01, 6.089799e-02, 3.299679e-02, 3.618855e-01, 1.581731e+00, -3.111821e-01, 3.903606e-01, 3.790626e-10, 4.631931e-10, 6.299927e-10, 5.789793e-10, 6.135115e+01, 7.807005e-02
1.625000e+03, 1.108284e-01, 8.562370e-01, 6.072488e-02, 3.302211e-02, 3.528350e-01, 1.570671e+00, -3.262239e-01, 3.765368e-01, 3.820950e-10, 4.630755e-10, 6.311005e-10, 5.776161e-10, 6.158809e+01, 7.739323e-02
1.628800e+03, 1.124842e-01, 8.560835e-01, 6.054527e-02, 3.304593e-02, 3.437120e-01, 1.559615e+00, -3.412921e-01, 3.627456e-01, 3.851395e-10, 4.629560e-10, 6.322579e-10, 5.761963e-10, 6.182572e+01, 7.663194e-02
1.632600e+03, 1.141325e-01, 8.559296e-01, 6.035918e-02, 3.306797e-02, 3.345164e-01, 1.548561e+00, -3.563879e-01, 3.489883e-01, 3.880419e-10, 4.628375e-10, 6.335307e-10, 5.748265e-10, 6.206404e+01, 7.578587e-02
1.636400e+03, 1.157729e-01, 8.557740e-01, 6.016665e-02, 3.308845e-02, 3.252515e-01, 1.537511e+00, -3.715142e-01, 3.352637e-01, 3.909294e-10, 4.627125e-10, 6.347903e-10, 5.733292e-10, 6.230292e+01, 7.485486e-02
1.640200e+03, 1.174062e-01, 8.556177e-01, 5.996762e-02, 3.310721e-02, 3.159176e-01, 1.526463e+00, -3.866705e-01, 3.215748e-01, 3.934468e-10, 4.625963e-10, 6.360489e-10, 5.718673e-10, 6.254238e+01, 7.383878e-02
1.644000e+03, 1.190302e-01, 8.554604e-01, 5.976228e-02, 3.312448e-02, 3.065236e-01, 1.515418e+00, -4.018569e-01, 3.079208e-01, 3.960533e-10, 4.624699e-10, 6.374857e-10, 5.703864e-10, 6.278203e+01, 7.273763e-02
1.647800e+03, 1.206464e-01, 8.553020e-01, 5.955068e-02, 3.314006e-02, 2.970674e-01, 1.504376e+00, -4.170775e-01, 2.943022e-01, 3.984360e-10, 4.623442e-10, 6.388156e-10, 5.688208e-10, 6.302198e+01, 7.155150e-02
1.651600e+03, 1.222537e-01, 8.551431e-01, 5.933279e-02, 3.315409e-02, 2.875543e-01, 1.493337e+00, -4.323300e-01, 2.807210e-01, 4.008448e-10, 4.622170e-10, 6.403254e-10, 5.672363e-10, 6.326199e+01, 7.028040e-02
1.655400e+03, 1.238526e-01, 8.549837e-01, 5.910866e-02, 3.316655e-02, 2.779837e-01, 1.482301e+00, -4.476184e-01, 2.671776e-01, 4.030893e-10, 4.620984e-10, 6.418258e-10, 5.656867e-10, 6.350205e+01, 6.892419e-02
1.659200e+03, 1.254430e-01, 8.548224e-01, 5.887841e-02, 3.317756e-02, 2.683595e-01, 1.471268e+00, -4.629427e-01, 2.536712e-01, 4.051960e-10, 4.619649e-10, 6.433779e-10, 5.640001e-10, 6.374201e+01, 6.748330e-02
1.663000e+03, 1.270234e-01, 8.546610e-01, 5.864199e-02, 3.318692e-02, 2.586850e-01, 1.460238e+00, -4.783041e-01, 2.402051e-01, 4.072895e-10, 4.618490e-10, 6.449520e-10, 5.623339e-10, 6.398161e+01, 6.595755e-02
1.666800e+03, 1.285947e-01, 8.544993e-01, 5.839942e-02, 3.319473e-02, 2.489605e-01, 1.449211e+00, -4.937030e-01, 2.267788e-01, 4.092584e-10, 4.616991e-10, 6.466393e-10, 5.606554e-10, 6.422084e+01, 6.434720e-02
1.670600e+03, 1.301565e-01, 8.543358e-01, 5.815089e-02, 3.320106e-02, 2.391890e-01, 1.438187e+00, -5.091423e-01, 2.133925e-01, 4.112500e-10, 4.616135e-10, 6.483450e-10, 5.589313e-10, 6.445955e+01, 6.265266e-02
1.674400e+03, 1.317095e-01, 8.541726e-01, 5.789640e-02, 3.320592e-02, 2.293700e-01, 1.427166e+00, -5.246222e-01, 2.000474e-01, 4.130913e-10, 4.614384e-10, 6.501328e-10, 5.571962e-10, 6.469773e+01, 6.087401e-02
1.678200e+03, 1.332524e-01, 8.540089e-01, 5.763599e-02, 3.320938e-02, 2.195069e-01, 1.416148e+00, -5.401449e-01, 1.867437e-01, 4.148429e-10, 4.613200e-10, 6.519413e-10, 5.553991e-10, 6.493509e+01, 5.901144e-02
1.682000e+03, 1.347849e-01, 8.538447e-01, 5.736966e-02, 3.321132e-02, 2.096021e-01, 1.405134e+00, -5.557107e-01, 1.734829e-01, 4.165769e-10, 4.611618e-10, 6.537948e-10, 5.535735e-10, 6.517149e+01, 5.706541e-02
1.685800e+03, 1.363078e-01, 8.536795e-01, 5.709749e-02, 3.321181e-02, 1.996559e-01, 1.394123e+00, -5.713207e-01, 1.602658e-01, 4.182049e-10, 4.611004e-10, 6.557925e-10, 5.517186e-10, 6.540690e+01, 5.503636e-02
1.689600e+03, 1.378196e-01, 8.535143e-01, 5.681958e-02, 3.321083e-02, 1.896708e-01, 1.383114e+00, -5.869785e-01, 1.470929e-01, 4.198284e-10, 4.609023e-10, 6.578320e-10, 5.498555e-10, 6.564102e+01, 5.292453e-02
1.693400e+03, 1.393211e-01, 8.533483e-01, 5.653601e-02, 3.320854e-02, 1.796469e-01, 1.372109e+00, -6.026850e-01, 1.339645e-01, 4.214138e-10, 4.607994e-10, 6.598328e-10, 5.479378e-10, 6.587385e+01, 5.073038e-02
1.697200e+03, 1.408130e-01, 8.531824e-01, 5.624666e-02, 3.320481e-02, 1.695852e-01, 1.361107e+00, -6.184392e-01, 1.208818e-01, 4.229227e-10, 4.606561e-10, 6.620578e-10, 5.460003e-10, 6.610533e+01, 4.845457e-02
1.701000e+03, 1.422939e-01, 8.530161e-01, 5.595180e-02, 3.319978e-02, 1.594874e-01, 1.350108e+00, -6.342466e-01, 1.078455e-01, 4.243630e-10, 4.605581e-10, 6.642016e-10, 5.440314e-10, 6.633519e+01, 4.609734e-02
1.704800e+03, 1.437635e-01, 8.528503e-01, 5.565135e-02, 3.319342e-02, 1.493553e-01, 1.339112e+00, -6.501051e-01, 9.485614e-02, 4.257159e-10, 4.603838e-10, 6.665512e-10, 5.420420e-10, 6.656324e+01, 4.365936e-02
1.708600e+03, 1.452215e-01, 8.526831e-01, 5.534543e-02, 3.318578e-02, 1.391909e-01, 1.328120e+00, -6.660198e-01, 8.191428e-02, 4.271503e-10, 4.602428e-10, 6.688936e-10, 5.399925e-10, 6.678933e+01, 4.114151e-02
1.712400e+03, 1.466695e-01, 8.525163e-01, 5.503416e-02, 3.317679e-02, 1.289922e-01, 1.317131e+00, -6.819903e-01, 6.902137e-02, 4.284573e-10, 4.601567e-10, 6.713223e-10, 5.379412e-10, 6.701355e+01, 3.854407e-02
1.716200e+03, 1.481052e-01, 8.523498e-01, 5.471750e-02, 3.316652e-02, 1.187623e-01, 1.306144e+00, -6.980189e-01, 5.617743e-02, 4.297070e-10, 4.599838e-10, 6.739009e-10, 5.358322e-10, 6.723546e+01, 3.586771e-02
1.720000e+03, 1.495293e-01, 8.521826e-01, 5.439546e-02, 3.315500e-02, 1.085026e-01, 1.295162e+00, -7.141090e-01, 4.338384e-02, 4.309800e-10, 4.598398e-10, 6.764208e-10, 5.337273e-10, 6.745501e+01, 3.311355e-02
1.723800e+03, 1.509424e-01, 8.520166e-01, 5.406822e-02, 3.314236e-02, 9.821244e-02, 1.284183e+00, -7.302593e-01, 3.064052e-02, 4.321957e-10, 4.597312e-10, 6.791470e-10, 5.315564e-10, 6.767216e+01, 3.028209e-02
1.727600e+03, 1.523431e-01, 8.518493e-01, 5.373584e-02, 3.312844e-02, 8.789329e-02, 1.273206e+00, -7.464747e-01, 1.794902e-02, 4.333627e-10, 4.595884e-10, 6.819150e-10, 5.293764e-10, 6.788661e+01, 2.737403e-02
1.731400e+03, 1.537320e-01, 8.516833e-01, 5.339834e-02, 3.311337e-02, 7.754628e-02, 1.262233e+00, -7.627562e-01, 5.309573e-03, 4.345322e-10, 4.594677e-10, 6.847274e-10, 5.271619e-10, 6.809830e+01, 2.439051e-02
1.735200e+03, 1.551098e-01, 8.515171e-01, 5.305570e-02, 3.309718e-02, 6.717134e-02, 1.251262e+00, -7.791048e-01, -7.276999e-03, 4.356149e-10, 4.593402e-10, 6.878102e-10, 5.249147e-10, 6.830719e+01, 2.133228e-02
1.739000e+03, 1.564741e-01, 8.513513e-01, 5.270818e-02, 3.307989e-02, 5.677056e-02, 1.240295e+00, -7.955270e-01, -1.980992e-02, 4.367131e-10, 4.591747e-10, 6.907699e-10, 5.226367e-10, 6.851281e+01, 1.820036e-02
1.742800e+03, 1.578265e-01, 8.511849e-01, 5.235570e-02, 3.306153e-02, 4.634355e-02, 1.229332e+00, -8.120199e-01, -3.228845e-02, 4.377720e-10, 4.590313e-10, 6.939469e-10, 5.203252e-10, 6.871527e+01, 1.499567e-02
1.746600e+03, 1.591665e-01, 8.510198e-01, 5.199828e-02, 3.304212e-02, 3.589126e-02, 1.218372e+00, -8.285887e-01, -4.471178e-02, 4.388050e-10, 4.589125e-10, 6.972795e-10, 5.179987e-10, 6.891436e+01, 1.171929e-02
1.750400e+03, 1.604938e-01, 8.508545e-01, 5.163619e-02, 3.302168e-02, 2.541430e-02, 1.207415e+00, -8.452370e-01, -5.707957e-02, 4.398076e-10, 4.588312e-10, 7.005481e-10, 5.156243e-10, 6.910991e+01, 8.372264e-03
1.754200e+03, 1.618080e-01, 8.506899e-01, 5.126936e-02, 3.300022e-02, 1.491341e-02, 1.196460e+00, -8.619634e-01, -6.939067e-02, 4.407929e-10, 4.586300e-10, 7.040930e-10, 5.132361e-10, 6.930171e+01, 4.955751e-03
1.758000e+03, 1.631096e-01, 8.505265e-01, 5.089788e-02, 3.297775e-02, 4.388996e-03, 1.185510e+00, -8.787744e-01, -8.164475e-02, 4.417546e-10, 4.585199e-10, 7.076861e-10, 5.107813e-10, 6.948972e+01, 1.470902e-03
1.761800e+03, 1.643981e-01, 8.503623e-01, 5.052184e-02, 3.295449e-02, -6.158382e-03, 1.174562e+00, -8.956711e-01, -9.384022e-02, 4.426932e-10, 4.583622e-10, 7.113270e-10, 5.083485e-10, 6.967374e+01, -2.081082e-03
1.765600e+03, 1.656732e-01, 8.501997e-01, 5.014129e-02, 3.293025e-02, -1.672817e-02, 1.163618e+00, -9.126549e-01, -1.059776e-01, 4.436101e-10, 4.582771e-10, 7.152520e-10, 5.058636e-10, 6.985359e+01, -5.698922e-03
1.769400e+03, 1.669353e-01, 8.500375e-01, 4.975633e-02, 3.290514e-02, -2.731985e-02, 1.152676e+00, -9.297323e-01, -1.180557e-01, 4.445109e-10, 4.580912e-10, 7.192304e-10, 5.033462e-10, 7.002921e+01, -9.381326e-03
1.773200e+03, 1.681840e-01, 8.498752e-01, 4.936699e-02, 3.287915e-02, -3.793304e-02, 1.141739e+00, -9.469047e-01, -1.300736e-01, 4.453964e-10, 4.579839e-10, 7.232642e-10, 5.008004e-10, 7.020039e+01, -1.312697e-02
1.777000e+03, 1.694188e-01, 8.497141e-01, 4.897332e-02, 3.285240e-02, -4.856737e-02, 1.130804e+00, -9.641734e-01, -1.420308e-01, 4.462600e-10, 4.578636e-10, 7.275714e-10, 4.982365e-10, 7.036696e+01, -1.693447e-02
1.780800e+03, 1.706402e-01, 8.495546e-01, 4.857552e-02, 3.282490e-02, -5.922232e-02, 1.119872e+00, -9.815450e-01, -1.539267e-01, 4.470973e-10, 4.577073e-10, 7.320098e-10, 4.956386e-10, 7.052885e+01, -2.080241e-02
1.784600e+03, 1.718476e-01, 8.493955e-01, 4.817357e-02, 3.279664e-02, -6.989726e-02, 1.108944e+00, -9.990226e-01, -1.657606e-01, 4.479503e-10, 4.576050e-10, 7.364865e-10, 4.929940e-10, 7.068587e+01, -2.472920e-02
1.788400e+03, 1.730407e-01, 8.492368e-01, 4.776760e-02, 3.276772e-02, -8.059257e-02, 1.098018e+00, -1.016607e+00, -1.775314e-01, 4.487324e-10, 4.574672e-10, 7.412251e-10, 4.903554e-10, 7.083782e+01, -2.871351e-02
1.792200e+03, 1.742207e-01, 8.490796e-01, 4.735761e-02, 3.273815e-02, -9.130655e-02, 1.087095e+00, -1.034305e+00, -1.892392e-01, 4.495777e-10, 4.573381e-10, 7.461287e-10, 4.876697e-10, 7.098480e+01, -3.275360e-02
1.796000e+03, 1.753853e-01, 8.489234e-01, 4.694374e-02, 3.270793e-02, -1.020407e-01, 1.076176e+00, -1.052119e+00, -2.008828e-01, 4.503320e-10, 4.571949e-10, 7.512324e-10, 4.849572e-10, 7.112632e+01, -3.684807e-02
1.799800e+03, 1.765368e-01, 8.487684e-01, 4.652603e-02, 3.267715e-02, -1.127929e-01, 1.065260e+00, -1.070056e+00, -2.124617e-01, 4.511151e-10, 4.570614e-10, 7.563850e-10, 4.822252e-10, 7.126262e+01, -4.099516e-02
1.803600e+03, 1.776736e-01, 8.486140e-01, 4.610458e-02, 3.264582e-02, -1.235638e-01, 1.054347e+00, -1.088115e+00, -2.239754e-01, 4.519128e-10, 4.569566e-10, 7.618314e-10, 4.794535e-10, 7.139337e+01, -4.519324e-02
1.807400e+03, 1.787953e-01, 8.484609e-01, 4.567958e-02, 3.261403e-02, -1.343537e-01, 1.043437e+00, -1.106305e+00, -2.354229e-01, 4.526193e-10, 4.567940e-10, 7.674547e-10, 4.766649e-10, 7.151837e+01, -4.944067e-02
1.811200e+03, 1.799031e-01, 8.483089e-01, 4.525093e-02, 3.258179e-02, -1.451605e-01, 1.032530e+00, -1.124629e+00, -2.468038e-01, 4.534020e-10, 4.567262e-10, 7.733886e-10, 4.738693e-10, 7.163772e+01, -5.373545e-02
1.815000e+03, 1.809955e-01, 8.481583e-01, 4.481882e-02, 3.254908e-02, -1.559859e-01, 1.021625e+00, -1.143094e+00, -2.581179e-01, 4.540941e-10, 4.565587e-10, 7.793028e-10, 4.710515e-10, 7.175109e+01, -5.807610e-02
1.818800e+03, 1.820738e-01, 8.480083e-01, 4.438337e-02, 3.251592e-02, -1.668279e-01, 1.010724e+00, -1.161701e+00, -2.693648e-01, 4.548531e-10, 4.564327e-10, 7.857071e-10, 4.681870e-10, 7.185857e+01, -6.246057e-02
1.822600e+03, 1.831365e-01, 8.478610e-01, 4.394466e-02, 3.248250e-02, -1.776881e-01, 9.998266e-01, -1.180460e+00, -2.805433e-01, 4.555451e-10, 4.563696e-10, 7.921561e-10, 4.652742e-10, 7.195985e+01, -6.688715e-02
1.826400e+03, 1.841848e-01, 8.477141e-01, 4.350265e-02, 3.244881e-02, -1.885647e-01, 9.889302e-01, -1.199374e+00, -2.916522e-01, 4.562729e-10, 4.561955e-10, 7.989774e-10, 4.623969e-10, 7.205502e+01, -7.135399e-02
1.830200e+03, 1.852171e-01, 8.475687e-01, 4.305761e-02, 3.241487e-02, -1.994587e-01, 9.780381e-01, -1.218451e+00, -3.026924e-01, 4.569574e-10, 4.560728e-10, 8.059841e-10, 4.594784e-10, 7.214375e+01, -7.585893e-02
1.834000e+03, 1.862347e-01, 8.474249e-01, 4.260954e-02, 3.238066e-02, -2.103691e-01, 9.671488e-01, -1.237694e+00, -3.136630e-01, 4.576431e-10, 4.559734e-10, 8.132209e-10, 4.565732e-10, 7.222616e+01, -8.040029e-02
1.837800e+03, 1.872370e-01, 8.472832e-01, 4.215852e-02, 3.234631e-02, -2.212958e-01, 9.562620e-01, -1.257111e+00, -3.245642e-01, 4.582876e-10, 4.558444e-10, 8.209481e-10, 4.534889e-10, 7.230208e+01, -8.497592e-02
1.841600e+03, 1.882241e-01, 8.471425e-01, 4.170477e-02, 3.231187e-02, -2.322379e-01, 9.453782e-01, -1.276712e+00, -3.353917e-01, 4.590625e-10, 4.557386e-10, 8.288717e-10, 4.505877e-10, 7.237146e+01, -8.958370e-02
1.845400e+03, 1.891945e-01, 8.470034e-01, 4.124820e-02, 3.227730e-02, -2.431986e-01, 9.344969e-01, -1.296502e+00, -3.461500e-01, 4.596546e-10, 4.556149e-10, 8.371462e-10, 4.476007e-10, 7.243400e+01, -9.422203e-02
1.849200e+03, 1.901502e-01, 8.468659e-01, 4.078916e-02, 3.224279e-02, -2.541733e-01, 9.236186e-01, -1.316490e+00, -3.568370e-01, 4.603422e-10, 4.555122e-10, 8.456249e-10, 4.446545e-10, 7.248996e+01, -9.888841e-02
1.853000e+03, 1.910897e-01, 8.467309e-01, 4.032755e-02, 3.220826e-02, -2.651645e-01, 9.127427e-01, -1.336680e+00, -3.674536e-01, 4.610228e-10, 4.553820e-10, 8.546426e-10, 4.414865e-10, 7.253904e+01, -1.035808e-01
1.856800e+03, 1.920131e-01, 8.465968e-01, 3.986367e-02, 3.217386e-02, -2.761719e-01, 9.018700e-01, -1.357086e+00, -3.779946e-01, 4.616345e-10, 4.552729e-10, 8.639580e-10, 4.385237e-10, 7.258120e+01, -1.082973e-01
1.860600e+03, 1.929216e-01, 8.464645e-01, 3.939741e-02, 3.213946e-02, -2.871940e-01, 8.909998e-01, -1.377714e+00, -3.884648e-01, 4.623614e-10, 4.551834e-10, 8.737104e-10, 4.355190e-10, 7.261660e+01, -1.130360e-01
1.864400e+03, 1.938124e-01, 8.463345e-01, 3.892910e-02, 3.210537e-02, -2.982334e-01, 8.801318e-01, -1.398574e+00, -3.988633e-01, 4.628981e-10, 4.550683e-10, 8.838888e-10, 4.323010e-10, 7.264476e+01, -1.177941e-01
1.868200e+03, 1.946887e-01, 8.462055e-01, 3.845890e-02, 3.207145e-02, -3.092856e-01, 8.692666e-01, -1.419678e+00, -4.091850e-01, 4.636254e-10, 4.549406e-10, 8.944803e-10, 4.292999e-10, 7.266614e+01, -1.225697e-01
1.872000e+03, 1.955478e-01, 8.460789e-01, 3.798666e-02, 3.203776e-02, -3.203551e-01, 8.584044e-01, -1.441035e+00, -4.194350e-01, 4.642695e-10, 4.548628e-10, 9.056046e-10, 4.261629e-10, 7.268028e+01, -1.273609e-01
1.875800e+03, 1.963906e-01, 8.459546e-01, 3.751282e-02, 3.200451e-02, -3.314401e-01, 8.475440e-01, -1.462657e+00, -4.296101e-01, 4.648746e-10, 4.547651e-10, 9.171974e-10, 4.232188e-10, 7.268733e+01, -1.321655e-01
1.879600e+03, 1.972174e-01, 8.458326e-01, 3.703744e-02, 3.197156e-02, -3.425395e-01, 8.366860e-01, -1.484556e+00, -4.397149e-01, 4.655158e-10, 4.546445e-10, 9.293566e-10, 4.200094e-10, 7.268730e+01, -1.369810e-01
1.883400e+03, 1.980272e-01, 8.457114e-01, 3.656067e-02, 3.193906e-02, -3.536542e-01, 8.258309e-01, -1.506746e+00, -4.497431e-01, 4.661861e-10, 4.545444e-10, 9.420774e-10, 4.168757e-10, 7.268005e+01, -1.418050e-01
1.887200e+03, 1.988203e-01, 8.455930e-01, 3.608265e-02, 3.190706e-02, -3.647849e-01, 8.149781e-01, -1.529239e+00, -4.596965e-01, 4.668268e-10, 4.544575e-10, 9.553936e-10, 4.136963e-10, 7.266558e+01, -1.466358e-01
1.891000e+03, 1.995966e-01, 8.454768e-01, 3.560356e-02, 3.187557e-02, -3.759309e-01, 8.041274e-01, -1.552050e+00, -4.695739e-01, 4.674591e-10, 4.543508e-10, 9.693706e-10, 4.107023e-10, 7.264391e+01, -1.514710e-01
1.894800e+03, 2.003562e-01, 8.453625e-01, 3.512354e-02, 3.184470e-02, -3.870920e-01, 7.932793e-01, -1.575195e+00, -4.793799e-01, 4.680652e-10, 4.542592e-10, 9.840272e-10, 4.076551e-10, 7.261507e+01, -1.563085e-01
1.898600e+03, 2.010992e-01, 8.452509e-01, 3.464298e-02, 3.181445e-02, -3.982676e-01, 7.824334e-01, -1.598690e+00, -4.891131e-01, 4.686659e-10, 4.541467e-10, 9.994107e-10, 4.043106e-10, 7.257906e+01, -1.611458e-01
1.902400e+03, 2.018255e-01, 8.451418e-01, 3.416194e-02, 3.178496e-02, -4.094575e-01, 7.715901e-01, -1.622552e+00, -4.987665e-01, 4.693283e-10, 4.541196e-10, 1.015575e-09, 4.013767e-10, 7.253593e+01, -1.659807e-01
1.906200e+03, 2.025343e-01, 8.450344e-01, 3.368073e-02, 3.175621e-02, -4.206632e-01, 7.607475e-01, -1.646800e+00, -5.083498e-01, 4.699269e-10, 4.539667e-10, 1.032551e-09, 3.983144e-10, 7.248554e+01, -1.708110e-01
1.910000e+03, 2.032264e-01, 8.449293e-01, 3.319954e-02, 3.172830e-02, -4.318832e-01, 7.499086e-01, -1.671453e+00, -5.178600e-01, 4.705943e-10, 4.538970e-10, 1.050377e-09, 3.950691e-10, 7.242808e+01, -1.756347e-01
1.913800e+03, 2.039010e-01, 8.448270e-01, 3.271879e-02, 3.170119e-02, -4.431192e-01, 7.390713e-01, -1.696532e+00, -5.272927e-01, 4.712502e-10, 4.538099e-10, 1.069162e-09, 3.920953e-10, 7.236345e+01, -1.804494e-01
1.917600e+03, 2.045580e-01, 8.447262e-01, 3.223861e-02, 3.167505e-02, -4.543708e-01, 7.282361e-01, -1.722059e+00, -5.366544e-01, 4.718236e-10, 4.537318e-10, 1.088930e-09, 3.889765e-10, 7.229167e+01, -1.852527e-01
1.921400e+03, 2.051982e-01, 8.446286e-01, 3.175936e-02, 3.164998e-02, -4.656361e-01, 7.174027e-01, -1.748059e+00, -5.459416e-01, 4.724960e-10, 4.536696e-10, 1.109723e-09, 3.860282e-10, 7.221293e+01, -1.900427e-01
1.925200e+03, 2.058207e-01, 8.445335e-01, 3.128142e-02, 3.162587e-02, -4.769175e-01, 7.065708e-01, -1.774554e+00, -5.551585e-01, 4.730683e-10, 4.535866e-10, 1.131583e-09, 3.828594e-10, 7.212715e+01, -1.948172e-01
1.929000e+03, 2.064262e-01, 8.444408e-01, 3.080527e-02, 3.160291e-02, -4.882125e-01, 6.957410e-01, -1.801572e+00, -5.642997e-01, 4.737299e-10, 4.534835e-10, 1.154645e-09, 3.798980e-10, 7.203451e+01, -1.995740e-01
1.932800e+03, 2.070138e-01, 8.443501e-01, 3.033116e-02, 3.158113e-02, -4.995233e-01, 6.849135e-01, -1.829141e+00, -5.733701e-01, 4.744976e-10, 4.534611e-10, 1.178911e-09, 3.768472e-10, 7.193492e+01, -2.043107e-01
1.936600e+03, 2.075836e-01, 8.442623e-01, 2.985965e-02, 3.156056e-02, -5.108525e-01, 6.740867e-01, -1.857288e+00, -5.823678e-01, 4.749037e-10, 4.533481e-10, 1.204400e-09, 3.739255e-10, 7.182843e+01, -2.090262e-01
1.940400e+03, 2.081356e-01, 8.441768e-01, 2.939132e-02, 3.154131e-02, -5.221913e-01, 6.632625e-01, -1.886045e+00, -5.912957e-01, 4.757457e-10, 4.533145e-10, 1.231326e-09, 3.709071e-10, 7.171525e+01, -2.137155e-01
1.944200e+03, 2.086697e-01, 8.440945e-01, 2.892654e-02, 3.152341e-02, -5.335503e-01, 6.524391e-01, -1.915444e+00, -6.001515e-01, 4.762134e-10, 4.531901e-10, 1.259489e-09, 3.680843e-10, 7.159529e+01, -2.183800e-01
1.948000e+03, 2.091868e-01, 8.440149e-01, 2.846605e-02, 3.150692e-02, -5.449204e-01, 6.416187e-01, -1.945516e+00, -6.089399e-01, 4.768943e-10, 4.531545e-10, 1.289268e-09, 3.650834e-10, 7.146891e+01, -2.230157e-01
1.951800e+03, 2.096852e-01, 8.439373e-01, 2.801053e-02, 3.149192e-02, -5.563068e-01, 6.307991e-01, -1.976298e+00, -6.176567e-01, 4.776519e-10, 4.531168e-10, 1.320397e-09, 3.623485e-10, 7.133588e+01, -2.276202e-01
1.955600e+03, 2.101659e-01, 8.438636e-01, 2.756063e-02, 3.147839e-02, -5.677113e-01, 6.199804e-01, -2.007824e+00, -6.263082e-01, 4.782523e-10, 4.530407e-10, 1.353275e-09, 3.595366e-10, 7.119641e+01, -2.321935e-01
1.959400e+03, 2.106282e-01, 8.437914e-01, 2.711715e-02, 3.146651e-02, -5.791301e-01, 6.091636e-01, -2.040135e+00, -6.348925e-01, 4.790350e-10, 4.529612e-10, 1.387139e-09, 3.566129e-10, 7.105058e+01, -2.367314e-01
1.963200e+03, 2.110724e-01, 8.437225e-01, 2.668104e-02, 3.145628e-02, -5.905675e-01, 5.983487e-01, -2.073255e+00, -6.434070e-01, 4.795586e-10, 4.529431e-10, 1.422939e-09, 3.540551e-10, 7.089845e+01, -2.412338e-01
1.967000e+03, 2.114986e-01, 8.436555e-01, 2.625319e-02, 3.144776e-02, -6.020175e-01, 5.875341e-01, -2.107229e+00, -6.518605e-01, 4.802637e-10, 4.528771e-10, 1.460227e-09, 3.511952e-10, 7.074024e+01, -2.456967e-01
1.970800e+03, 2.119069e-01, 8.435929e-01, 2.583463e-02, 3.144099e-02, -6.134844e-01, 5.767212e-01, -2.142094e+00, -6.602456e-01, 4.808275e-10, 4.528459e-10, 1.498711e-09, 3.486141e-10, 7.057603e+01, -2.501200e-01
1.974600e+03, 2.122965e-01, 8.435324e-01, 2.542648e-02, 3.143610e-02, -6.249646e-01, 5.659090e-01, -2.177877e+00, -6.685692e-01, 4.815774e-10, 4.527536e-10, 1.538748e-09, 3.460981e-10, 7.040588e+01, -2.544996e-01
1.978400e+03, 2.126677e-01, 8.434741e-01, 2.502986e-02, 3.143310e-02, -6.364628e-01, 5.550990e-01, -2.214616e+00, -6.768327e-01, 4.823540e-10, 4.527621e-10, 1.579781e-09, 3.435621e-10, 7.022989e+01, -2.588356e-01
1.982200e+03, 2.130201e-01, 8.434197e-01, 2.464615e-02, 3.143209e-02, -6.479796e-01, 5.442888e-01, -2.252335e+00, -6.850356e-01, 4.827658e-10, 4.526560e-10, 1.621955e-09, 3.409846e-10, 7.004812e+01, -2.631259e-01
1.986000e+03, 2.133545e-01, 8.433677e-01, 2.427667e-02, 3.143302e-02, -6.595061e-01, 5.334812e-01, -2.291061e+00, -6.931770e-01, 4.837587e-10, 4.526916e-10, 1.664685e-09, 3.387749e-10, 6.986094e+01, -2.673666e-01
1.989800e+03, 2.136701e-01, 8.433191e-01, 2.392277e-02, 3.143609e-02, -6.710564e-01, 5.226726e-01, -2.330807e+00, -7.012656e-01, 4.842639e-10, 4.526149e-10, 1.708078e-09, 3.361434e-10, 6.966813e+01, -2.715597e-01
1.993600e+03, 2.139683e-01, 8.432725e-01, 2.358615e-02, 3.144130e-02, -6.826187e-01, 5.118660e-01, -2.371590e+00, -7.092914e-01, 4.850237e-10, 4.525922e-10, 1.751536e-09, 3.340438e-10, 6.947022e+01, -2.757015e-01
1.997400e+03, 2.142457e-01, 8.432299e-01, 2.326816e-02, 3.144870e-02, -6.941992e-01, 5.010598e-01, -2.413410e+00, -7.172671e-01, 4.856275e-10, 4.525252e-10, 1.794679e-09, 3.318092e-10, 6.926685e+01, -2.797878e-01
2.001200e+03, 2.145063e-01, 8.431901e-01, 2.297044e-02, 3.145834e-02, -7.057941e-01, 4.902553e-01, -2.456260e+00, -7.251894e-01, 4.864984e-10, 4.525507e-10, 1.837050e-09, 3.296264e-10, 6.905866e+01, -2.838209e-01
2.005000e+03, 2.147467e-01, 8.431525e-01, 2.269463e-02, 3.147024e-02, -7.174098e-01, 4.794501e-01, -2.500121e+00, -7.330596e-01, 4.871786e-10, 4.524924e-10, 1.878143e-09, 3.276006e-10, 6.884531e+01, -2.877969e-01
2.008800e+03, 2.149694e-01, 8.431186e-01, 2.244237e-02, 3.148465e-02, -7.290417e-01, 4.686464e-01, -2.544964e+00, -7.408814e-01, 4.878857e-10, 4.524811e-10, 1.917316e-09, 3.256106e-10, 6.862730e+01, -2.917161e-01
2.012600e+03, 2.151726e-01, 8.430883e-01, 2.221518e-02, 3.150144e-02, -7.406905e-01, 4.578429e-01, -2.590742e+00, -7.486557e-01, 4.885140e-10, 4.524739e-10, 1.954043e-09, 3.236664e-10, 6.840458e+01, -2.955745e-01
2.016400e+03, 2.153566e-01, 8.430598e-01, 2.201474e-02, 3.152067e-02, -7.523544e-01, 4.470396e-01, -2.637397e+00, -7.563836e-01, 4.893430e-10, 4.524475e-10, 1.987663e-09, 3.218624e-10, 6.817735e+01, -2.993704e-01
2.020200e+03, 2.155230e-01, 8.430348e-01, 2.184244e-02, 3.154244e-02, -7.640380e-01, 4.362369e-01, -2.684854e+00, -7.640684e-01, 4.900761e-10, 4.524230e-10, 2.017448e-09, 3.201941e-10, 6.794582e+01, -3.031062e-01
2.024000e+03, 2.156691e-01, 8.430138e-01, 2.169959e-02, 3.156686e-02, -7.757391e-01, 4.254348e-01, -2.733023e+00, -7.717134e-01, 4.907367e-10, 4.524504e-10, 2.043006e-09, 3.184681e-10, 6.770995e+01, -3.067759e-01
2.027800e+03, 2.157967e-01, 8.429945e-01, 2.158743e-02, 3.159390e-02, -7.874559e-01, 4.146320e-01, -2.781802e+00, -7.793172e-01, 4.917286e-10, 4.524103e-10, 2.063712e-09, 3.169668e-10, 6.747008e+01, -3.103800e-01
2.031600e+03, 2.159052e-01, 8.429790e-01, 2.150695e-02, 3.162362e-02, -7.991965e-01, 4.038302e-01, -2.831076e+00, -7.868851e-01, 4.922345e-10, 4.523978e-10, 2.079145e-09, 3.155007e-10, 6.722613e+01, -3.139187e-01
2.035400e+03, 2.159940e-01, 8.429664e-01, 2.145897e-02, 3.165605e-02, -8.109492e-01, 3.930288e-01, -2.880718e+00, -7.944180e-01, 4.932052e-10, 4.524334e-10, 2.089036e-09, 3.141597e-10, 6.697847e+01, -3.173864e-01
2.039200e+03, 2.160649e-01, 8.429567e-01, 2.144418e-02, 3.169134e-02, -8.227250e-01, 3.822264e-01, -2.930596e+00, -8.019189e-01, 4.938454e-10, 4.523782e-10, 2.093082e-09, 3.129433e-10, 6.672715e+01, -3.207873e-01
2.043000e+03, 2.161149e-01, 8.429510e-01, 2.146295e-02, 3.172945e-02, -8.345161e-01, 3.714254e-01, -2.980570e+00, -8.093908e-01, 4.946623e-10, 4.524448e-10, 2.091244e-09, 3.117554e-10, 6.647225e+01, -3.241138e-01
2.046800e+03, 2.161471e-01, 8.429477e-01, 2.151533e-02, 3.177045e-02, -8.463267e-01, 3.606228e-01, -3.030501e+00, -8.168343e-01, 4.955626e-10, 4.524033e-10, 2.083585e-09, 3.106835e-10, 6.621409e+01, -3.273705e-01
2.050600e+03, 2.161596e-01, 8.429469e-01, 2.160123e-02, 3.181447e-02, -8.581588e-01, 3.498211e-01, -3.080249e+00, -8.242522e-01, 4.963946e-10, 4.524436e-10, 2.070279e-09, 3.097391e-10, 6.595262e+01, -3.305534e-01
2.054400e+03, 2.161524e-01, 8.429505e-01, 2.172034e-02, 3.186137e-02, -8.700108e-01, 3.390185e-01, -3.129679e+00, -8.316476e-01, 4.970092e-10, 4.524506e-10, 2.051680e-09, 3.089953e-10, 6.568802e+01, -3.336612e-01
2.058200e+03, 2.161261e-01, 8.429569e-01, 2.187203e-02, 3.191136e-02, -8.818774e-01, 3.282158e-01, 3.104520e+00, -8.390252e-01, 4.979761e-10, 4.524430e-10, 2.028179e-09, 3.082803e-10, 6.542063e+01, -3.366923e-01
2.062000e+03, 2.160802e-01, 8.429655e-01, 2.205556e-02, 3.196437e-02, -8.937671e-01, 3.174132e-01, 3.056095e+00, -8.463857e-01, 4.987239e-10, 4.525147e-10, 2.000297e-09, 3.075843e-10, 6.515036e+01, -3.396469e-01
2.065800e+03, 2.160155e-01, 8.429783e-01, 2.227004e-02, 3.202047e-02, -9.056747e-01, 3.066089e-01, 3.008336e+00, -8.537296e-01, 4.995559e-10, 4.525084e-10, 1.968583e-09, 3.071879e-10, 6.487754e+01, -3.425237e-01
2.069600e+03, 2.159311e-01, 8.429940e-01, 2.251429e-02, 3.207967e-02, -9.176022e-01, 2.958048e-01, 2.961334e+00, -8.610641e-01, 5.005956e-10, 4.525363e-10, 1.933597e-09, 3.068894e-10, 6.460221e+01, -3.453211e-01
2.073400e+03, 2.158274e-01, 8.430117e-01, 2.278714e-02, 3.214215e-02, -9.295544e-01, 2.850000e-01, 2.915167e+00, -8.683914e-01, 5.013007e-10, 4.525451e-10, 1.896029e-09, 3.065322e-10, 6.432444e+01, -3.480393e-01
2.077200e+03, 2.157038e-01, 8.430338e-01, 2.308720e-02, 3.220774e-02, -9.415235e-01, 2.741950e-01, 2.869897e+00, -8.757102e-01, 5.022161e-10, 4.525736e-10, 1.856381e-09, 3.064519e-10, 6.404452e+01, -3.506751e-01
2.081000e+03, 2.155607e-01, 8.430585e-01, 2.341311e-02, 3.227664e-02, -9.535145e-01, 2.633893e-01, 2.825574e+00, -8.830271e-01, 5.030721e-10, 4.526633e-10, 1.815340e-09, 3.063951e-10, 6.376250e+01, -3.532287e-01
2.084800e+03, 2.153978e-01, 8.430867e-01, 2.376337e-02, 3.234878e-02, -9.655259e-01, 2.525814e-01, 2.782231e+00, -8.903426e-01, 5.039794e-10, 4.526435e-10, 1.773230e-09, 3.064445e-10, 6.347856e+01, -3.556988e-01
2.088600e+03, 2.152158e-01, 8.431183e-01, 2.413663e-02, 3.242420e-02, -9.775590e-01, 2.417741e-01, 2.739893e+00, -8.976593e-01, 5.048263e-10, 4.527080e-10, 1.730632e-09, 3.067790e-10, 6.319285e+01, -3.580858e-01
2.092400e+03, 2.150146e-01, 8.431521e-01, 2.453144e-02, 3.250293e-02, -9.896123e-01, 2.309652e-01, 2.698572e+00, -9.049840e-01, 5.060487e-10, 4.527842e-10, 1.688017e-09, 3.071352e-10, 6.290554e+01, -3.603882e-01
2.096200e+03, 2.147936e-01, 8.431894e-01, 2.494638e-02, 3.258494e-02, -1.001695e+00, 2.201544e-01, 2.658269e+00, -9.123172e-01, 5.066813e-10, 4.528001e-10, 1.645671e-09, 3.075679e-10, 6.261655e+01, -3.626062e-01
2.100000e+03, 2.145521e-01, 8.432297e-01, 2.538002e-02, 3.267039e-02, -1.013792e+00, 2.093433e-01, 2.618977e+00, -9.196607e-01, 5.077383e-10, 4.528056e-10, 1.603986e-09, 3.082231e-10, 6.232628e+01, -3.647347e-01
2.103800e+03, 2.142918e-01, 8.432723e-01, 2.583110e-02, 3.275914e-02, -1.025915e+00, 1.985321e-01, 2.580680e+00, -9.270199e-01, 5.087394e-10, 4.529278e-10, 1.563017e-09, 3.088723e-10, 6.203475e+01, -3.667780e-01
2.107600e+03, 2.140125e-01, 8.433189e-01, 2.629824e-02, 3.285129e-02, -1.038062e+00, 1.877180e-01, 2.543361e+00, -9.343945e-01, 5.095902e-10, 4.529321e-10, 1.523072e-09, 3.097173e-10, 6.174212e+01, -3.687345e-01
2.111400e+03, 2.137131e-01, 8.433682e-01, 2.678034e-02, 3.294682e-02, -1.050229e+00, 1.769037e-01, 2.506996e+00, -9.417894e-01, 5.106648e-10, 4.530421e-10, 1.484329e-09, 3.106530e-10, 6.144854e+01, -3.706008e-01
2.115200e+03, 2.133934e-01, 8.434211e-01, 2.727600e-02, 3.304579e-02, -1.062422e+00, 1.660868e-01, 2.471556e+00, -9.492066e-01, 5.116191e-10, 4.530858e-10, 1.447033e-09, 3.118828e-10, 6.115402e+01, -3.723774e-01
2.119000e+03, 2.130547e-01, 8.434760e-01, 2.778444e-02, 3.314814e-02, -1.074637e+00, 1.552689e-01, 2.437006e+00, -9.566531e-01, 5.127006e-10, 4.531372e-10, 1.410951e-09, 3.129510e-10, 6.085883e+01, -3.740646e-01
2.122800e+03, 2.126960e-01, 8.435342e-01, 2.830438e-02, 3.325383e-02, -1.086878e+00, 1.444497e-01, 2.403318e+00, -9.641252e-01, 5.136382e-10, 4.531872e-10, 1.376218e-09, 3.142482e-10, 6.056298e+01, -3.756609e-01
2.126600e+03, 2.123173e-01, 8.435958e-01, 2.883500e-02, 3.336308e-02, -1.099142e+00, 1.336294e-01, 2.370460e+00, -9.716282e-01, 5.147676e-10, 4.533279e-10, 1.343057e-09, 3.157949e-10, 6.026668e+01, -3.771648e-01
2.130400e+03, 2.119197e-01, 8.436597e-01, 2.937540e-02, 3.347563e-02, -1.111433e+00, 1.228057e-01, 2.338393e+00, -9.791681e-01, 5.157867e-10, 4.533351e-10, 1.311284e-09, 3.172151e-10, 5.997001e+01, -3.785787e-01
2.134200e+03, 2.115020e-01, 8.437266e-01, 2.992470e-02, 3.359166e-02, -1.123748e+00, 1.119818e-01, 2.307084e+00, -9.867420e-01, 5.168582e-10, 4.534352e-10, 1.280912e-09, 3.189564e-10, 5.967311e+01, -3.798991e-01
2.138000e+03, 2.110645e-01, 8.437964e-01, 3.048211e-02, 3.371100e-02, -1.136088e+00, 1.011556e-01, 2.276501e+00, -9.943574e-01, 5.179793e-10, 4.535194e-10, 1.252026e-09, 3.206700e-10, 5.937608e+01, -3.811263e-01
2.141800e+03, 2.106077e-01, 8.438692e-01, 3.104692e-02, 3.383378e-02, -1.148456e+00, 9.032728e-02, 2.246608e+00, -1.002014e+00, 5.190859e-10, 4.536023e-10, 1.224599e-09, 3.224286e-10, 5.907904e+01, -3.822608e-01
2.145600e+03, 2.101311e-01, 8.439454e-01, 3.161849e-02, 3.395987e-02, -1.160849e+00, 7.949702e-02, 2.217369e+00, -1.009712e+00, 5.202249e-10, 4.536849e-10, 1.198414e-09, 3.245347e-10, 5.878210e+01, -3.833009e-01
2.149400e+03, 2.096350e-01, 8.440239e-01, 3.219618e-02, 3.408934e-02, -1.173270e+00, 6.866479e-02, 2.188756e+00, -1.017461e+00, 5.213366e-10, 4.537722e-10, 1.173343e-09, 3.266442e-10, 5.848539e+01, -3.842471e-01
2.153200e+03, 2.091190e-01, 8.441051e-01, 3.277946e-02, 3.422218e-02, -1.185718e+00, 5.783048e-02, 2.160741e+00, -1.025260e+00, 5.225189e-10, 4.538639e-10, 1.149677e-09, 3.287984e-10, 5.818902e+01, -3.850976e-01
2.157000e+03, 2.085834e-01, 8.441890e-01, 3.336764e-02, 3.435829e-02, -1.198193e+00, 4.699398e-02, 2.133291e+00, -1.033110e+00, 5.237140e-10, 4.539647e-10, 1.127194e-09, 3.310193e-10, 5.789308e+01, -3.858528e-01
2.160800e+03, 2.080285e-01, 8.442758e-01, 3.396041e-02, 3.449776e-02, -1.210698e+00, 3.615507e-02, 2.106378e+00, -1.041014e+00, 5.249070e-10, 4.540533e-10, 1.105867e-09, 3.334955e-10, 5.759769e+01, -3.865131e-01
2.164600e+03, 2.074538e-01, 8.443645e-01, 3.455712e-02, 3.464037e-02, -1.223230e+00, 2.531405e-02, 2.079974e+00, -1.048976e+00, 5.261147e-10, 4.541580e-10, 1.085471e-09, 3.358252e-10, 5.730295e+01, -3.870766e-01
2.168400e+03, 2.068596e-01, 8.444564e-01, 3.515748e-02, 3.478634e-02, -1.235792e+00, 1.447052e-02, 2.054057e+00, -1.056994e+00, 5.273922e-10, 4.542612e-10, 1.066278e-09, 3.384108e-10, 5.700897e+01, -3.875439e-01
2.172200e+03, 2.062461e-01, 8.445515e-01, 3.576106e-02, 3.493545e-02, -1.248384e+00, 3.624535e-03, 2.028599e+00, -1.065074e+00, 5.286380e-10, 4.543662e-10, 1.047877e-09, 3.411029e-10, 5.671585e+01, -3.879149e-01
2.176000e+03, 2.056127e-01, 8.446480e-01, 3.636751e-02, 3.508769e-02, -1.261006e+00, -7.223959e-03, 2.003580e+00, -1.073219e+00, 5.299595e-10, 4.544734e-10, 1.030450e-09, 3.437954e-10, 5.642368e+01, -3.881882e-01
2.179800e+03, 2.049607e-01, 8.447480e-01, 3.697641e-02, 3.524310e-02, -1.273659e+00, -1.807501e-02, 1.978976e+00, -1.081427e+00, 5.312320e-10, 4.545828e-10, 1.013965e-09, 3.465368e-10, 5.613257e+01, -3.883657e-01
2.183600e+03, 2.042883e-01, 8.448505e-01, 3.758734e-02, 3.540158e-02, -1.286343e+00, -2.892868e-02, 1.954767e+00, -1.089701e+00, 5.325602e-10, 4.547013e-10, 9.981604e-10, 3.493838e-10, 5.584261e+01, -3.884438e-01
2.187400e+03, 2.035968e-01, 8.449546e-01, 3.820022e-02, 3.556314e-02, -1.299058e+00, -3.978517e-02, 1.930935e+00, -1.098043e+00, 5.339068e-10, 4.548137e-10, 9.832922e-10, 3.523867e-10, 5.555391e+01, -3.884247e-01
2.191200e+03, 2.028854e-01, 8.450615e-01, 3.881454e-02, 3.572763e-02, -1.311806e+00, -5.064435e-02, 1.907458e+00, -1.106457e+00, 5.353223e-10, 4.549306e-10, 9.691363e-10, 3.552851e-10, 5.526655e+01, -3.883065e-01
2.195000e+03, 2.021553e-01, 8.451711e-01, 3.943019e-02, 3.589517e-02, -1.324587e+00, -6.150632e-02, 1.884318e+00, -1.114939e+00, 5.366997e-10, 4.550556e-10, 9.554589e-10, 3.583955e-10, 5.498061e+01, -3.880912e-01
2.198800e+03, 2.014057e-01, 8.452827e-01, 4.004683e-02, 3.606548e-02, -1.337402e+00, -7.237128e-02, 1.861506e+00, -1.123496e+00, 5.381343e-10, 4.551778e-10, 9.427077e-10, 3.615578e-10, 5.469621e+01, -3.877771e-01
2.202600e+03, 2.006368e-01, 8.453971e-01, 4.066418e-02, 3.623874e-02, -1.350250e+00, -8.323915e-02, 1.838998e+00, -1.132129e+00, 5.396060e-10, 4.552992e-10, 9.304750e-10, 3.646213e-10, 5.441342e+01, -3.873643e-01
2.206400e+03, 1.998486e-01, 8.455135e-01, 4.128218e-02, 3.641481e-02, -1.363134e+00, -9.410992e-02, 1.816781e+00, -1.140835e+00, 5.410943e-10, 4.554317e-10, 9.188340e-10, 3.679530e-10, 5.413232e+01, -3.868527e-01
2.210200e+03, 1.990414e-01, 8.456318e-01, 4.190034e-02, 3.659356e-02, -1.376053e+00, -1.049839e-01, 1.794843e+00, -1.149620e+00, 5.426198e-10, 4.555654e-10, 9.077012e-10, 3.711823e-10, 5.385301e+01, -3.862424e-01
2.214000e+03, 1.982152e-01, 8.457522e-01, 4.251862e-02, 3.677510e-02, -1.389009e+00, -1.158610e-01, 1.773171e+00, -1.158482e+00, 5.441266e-10, 4.556759e-10, 8.971247e-10, 3.743821e-10, 5.357556e+01, -3.855335e-01
2.217800e+03, 1.973691e-01, 8.458746e-01, 4.313682e-02, 3.695919e-02, -1.402000e+00, -1.267407e-01, 1.751751e+00, -1.167421e+00, 5.457455e-10, 4.558419e-10, 8.870478e-10, 3.777973e-10, 5.330007e+01, -3.847240e-01
2.221600e+03, 1.965051e-01, 8.459992e-01, 4.375470e-02, 3.714584e-02, -1.415031e+00, -1.376245e-01, 1.730572e+00, -1.176442e+00, 5.473351e-10, 4.559798e-10, 8.774125e-10, 3.812780e-10, 5.302662e+01, -3.838177e-01
2.225400e+03, 1.956213e-01, 8.461258e-01, 4.437200e-02, 3.733501e-02, -1.428099e+00, -1.485115e-01, 1.709623e+00, -1.185545e+00, 5.489800e-10, 4.561194e-10, 8.682523e-10, 3.845768e-10, 5.275527e+01, -3.828107e-01
2.229200e+03, 1.947187e-01, 8.462545e-01, 4.498876e-02, 3.752663e-02, -1.441206e+00, -1.594019e-01, 1.688892e+00, -1.194727e+00, 5.506457e-10, 4.562120e-10, 8.594809e-10, 3.880514e-10, 5.248611e+01, -3.817048e-01
2.233000e+03, 1.937974e-01, 8.463850e-01, 4.560452e-02, 3.772064e-02, -1.454354e+00, -1.702944e-01, 1.668371e+00, -1.203992e+00, 5.523990e-10, 4.564043e-10, 8.511409e-10, 3.914565e-10, 5.221923e+01, -3.805001e-01
2.236800e+03, 1.928581e-01, 8.465178e-01, 4.621945e-02, 3.791695e-02, -1.467543e+00, -1.811916e-01, 1.648049e+00, -1.213339e+00, 5.541079e-10, 4.565592e-10, 8.431390e-10, 3.949391e-10, 5.195469e+01, -3.791982e-01
2.240600e+03, 1.918991e-01, 8.466515e-01, 4.683309e-02, 3.811554e-02, -1.480773e+00, -1.920924e-01, 1.627918e+00, -1.222768e+00, 5.559069e-10, 4.566498e-10, 8.355179e-10, 3.984635e-10, 5.169257e+01, -3.777952e-01
2.244400e+03, 1.909221e-01, 8.467880e-01, 4.744538e-02, 3.831628e-02, -1.494046e+00, -2.029954e-01, 1.607969e+00, -1.232282e+00, 5.577347e-10, 4.568593e-10, 8.282313e-10, 4.019319e-10, 5.143294e+01, -3.762948e-01
2.248200e+03, 1.899260e-01, 8.469256e-01, 4.805627e-02, 3.851911e-02, -1.507362e+00, -2.139035e-01, 1.588194e+00, -1.241879e+00, 5.595883e-10, 4.569765e-10, 8.212564e-10, 4.055895e-10, 5.117588e+01, -3.746948e-01
2.252000e+03, 1.889118e-01, 8.470639e-01, 4.866542e-02, 3.872398e-02, -1.520723e+00, -2.248143e-01, 1.568586e+00, -1.251563e+00, 5.615061e-10, 4.571238e-10, 8.145928e-10, 4.089600e-10, 5.092146e+01, -3.729971e-01
2.255800e+03, 1.878793e-01, 8.472049e-01, 4.927286e-02, 3.893080e-02, -1.534130e+00, -2.357286e-01, 1.549137e+00, -1.261327e+00, 5.634543e-10, 4.572850e-10, 8.082115e-10, 4.125278e-10, 5.066974e+01, -3.712013e-01
2.259600e+03, 1.868283e-01, 8.473476e-01, 4.987843e-02, 3.913951e-02, -1.547583e+00, -2.466468e-01, 1.529840e+00, -1.271177e+00, 5.654525e-10, 4.574626e-10, 8.021096e-10, 4.160572e-10, 5.042080e+01, -3.693073e-01
2.263400e+03, 1.857588e-01, 8.474910e-01, 5.048187e-02, 3.935007e-02, -1.561084e+00, -2.575692e-01, 1.510688e+00, -1.281110e+00, 5.674995e-10, 4.575850e-10, 7.962688e-10, 4.195244e-10, 5.017471e+01, -3.673148e-01
2.267200e+03, 1.846714e-01, 8.476356e-01, 5.108320e-02, 3.956232e-02, -1.574633e+00, -2.684946e-01, 1.491677e+00, -1.291127e+00, 5.695910e-10, 4.578073e-10, 7.906824e-10, 4.230969e-10, 4.993153e+01, -3.652255e-01
2.271000e+03, 1.835669e-01, 8.477820e-01, 5.168217e-02, 3.977627e-02, -1.588233e+00, -2.794252e-01, 1.472798e+00, -1.301229e+00, 5.717396e-10, 4.578778e-10, 7.853193e-10, 4.265176e-10, 4.969133e+01, -3.630410e-01
2.274800e+03, 1.824432e-01, 8.479300e-01, 5.227878e-02, 3.999180e-02, -1.601884e+00, -2.903576e-01, 1.454048e+00, -1.311412e+00, 5.739276e-10, 4.581238e-10, 7.801927e-10, 4.300911e-10, 4.945417e+01, -3.607572e-01
2.278600e+03, 1.813028e-01, 8.480786e-01, 5.287275e-02, 4.020891e-02, -1.615587e+00, -3.012958e-01, 1.435420e+00, -1.321681e+00, 5.761951e-10, 4.582520e-10, 7.752850e-10, 4.335307e-10, 4.922012e+01, -3.583795e-01
2.282400e+03, 1.801437e-01, 8.482289e-01, 5.346400e-02, 4.042738e-02, -1.629344e+00, -3.122371e-01, 1.416909e+00, -1.332032e+00, 5.784977e-10, 4.584010e-10, 7.705635e-10, 4.369916e-10, 4.898925e+01, -3.559037e-01
2.286200e+03, 1.789673e-01, 8.483799e-01, 5.405252e-02, 4.064727e-02, -1.643156e+00, -3.231819e-01, 1.398511e+00, -1.342466e+00, 5.808587e-10, 4.585569e-10, 7.660728e-10, 4.404292e-10, 4.876161e+01, -3.533335e-01
2.290000e+03, 1.777735e-01, 8.485313e-01, 5.463811e-02, 4.086844e-02, -1.657025e+00, -3.341304e-01, 1.380220e+00, -1.352982e+00, 5.832946e-10, 4.587502e-10, 7.617396e-10, 4.438436e-10, 4.853727e+01, -3.506684e-01
2.293800e+03, 1.765628e-01, 8.486843e-01, 5.522065e-02, 4.109085e-02, -1.670952e+00, -3.450836e-01, 1.362033e+00, -1.363579e+00, 5.857799e-10, 4.589203e-10, 7.575575e-10, 4.472294e-10, 4.831628e+01, -3.479100e-01
2.297600e+03, 1.753349e-01, 8.488375e-01, 5.580003e-02, 4.131437e-02, -1.684938e+00, -3.560408e-01, 1.343945e+00, -1.374257e+00, 5.883702e-10, 4.591096e-10, 7.535644e-10, 4.505944e-10, 4.809872e+01, -3.450579e-01
2.301400e+03, 1.740894e-01, 8.489929e-01, 5.637610e-02, 4.153899e-02, -1.698986e+00, -3.670026e-01, 1.325953e+00, -1.385016e+00, 5.909928e-10, 4.592491e-10, 7.498122e-10, 4.539353e-10, 4.788463e+01, -3.421119e-01
2.305200e+03, 1.728269e-01, 8.491478e-01, 5.694886e-02, 4.176457e-02, -1.713097e+00, -3.779677e-01, 1.308051e+00, -1.395854e+00, 5.936906e-10, 4.594258e-10, 7.461034e-10, 4.572377e-10, 4.767408e+01, -3.390734e-01
2.309000e+03, 1.715479e-01, 8.493032e-01, 5.751812e-02, 4.199111e-02, -1.727272e+00, -3.889370e-01, 1.290237e+00, -1.406771e+00, 5.964594e-10, 4.595920e-10, 7.426541e-10, 4.605054e-10, 4.746713e+01, -3.359440e-01
2.312800e+03, 1.702529e-01, 8.494598e-01, 5.808378e-02, 4.221838e-02, -1.741513e+00, -3.999102e-01, 1.272505e+00, -1.417766e+00, 5.993375e-10, 4.597661e-10, 7.392356e-10, 4.637586e-10, 4.726383e+01, -3.327253e-01
2.316600e+03, 1.689406e-01, 8.496175e-01, 5.864571e-02, 4.244657e-02, -1.755823e+00, -4.108877e-01, 1.254855e+00, -1.428839e+00, 6.022762e-10, 4.599238e-10, 7.359876e-10, 4.669673e-10, 4.706423e+01, -3.294150e-01
2.320400e+03, 1.676123e-01, 8.497747e-01, 5.920386e-02, 4.267539e-02, -1.770203e+00, -4.218688e-01, 1.237282e+00, -1.439988e+00, 6.052903e-10, 4.601169e-10, 7.329325e-10, 4.701260e-10, 4.686840e+01, -3.260164e-01
2.324200e+03, 1.662677e-01, 8.499326e-01, 5.975807e-02, 4.290481e-02, -1.784655e+00, -4.328546e-01, 1.219783e+00, -1.451213e+00, 6.084908e-10, 4.602753e-10, 7.299828e-10, 4.732681e-10, 4.667640e+01, -3.225294e-01
2.328000e+03, 1.649061e-01, 8.500903e-01, 6.030823e-02, 4.313484e-02, -1.799183e+00, -4.438442e-01, 1.202354e+00, -1.462513e+00, 6.116083e-10, 4.604674e-10, 7.271156e-10, 4.763597e-10, 4.648826e+01, -3.189534e-01
2.331800e+03, 1.635300e-01, 8.502491e-01, 6.085431e-02, 4.336527e-02, -1.813786e+00, -4.548384e-01, 1.184993e+00, -1.473886e+00, 6.149698e-10, 4.606474e-10, 7.243576e-10, 4.794114e-10, 4.630406e+01, -3.152939e-01
2.335600e+03, 1.621379e-01, 8.504073e-01, 6.139620e-02, 4.359612e-02, -1.828469e+00, -4.658369e-01, 1.167698e+00, -1.485333e+00, 6.183675e-10, 4.608174e-10, 7.217746e-10, 4.824369e-10, 4.612383e+01, -3.115486e-01
2.339400e+03, 1.607300e-01, 8.505656e-01, 6.193381e-02, 4.382737e-02, -1.843233e+00, -4.768394e-01, 1.150465e+00, -1.496851e+00, 6.219999e-10, 4.609763e-10, 7.192451e-10, 4.853999e-10, 4.594764e+01, -3.077192e-01
2.343200e+03, 1.593060e-01, 8.507245e-01, 6.246694e-02, 4.405883e-02, -1.858084e+00, -4.878457e-01, 1.133292e+00, -1.508441e+00, 6.255220e-10, 4.611700e-10, 7.168081e-10, 4.883424e-10, 4.577552e+01, -3.038051e-01
2.347000e+03, 1.578680e-01, 8.508830e-01, 6.299555e-02, 4.429050e-02, -1.873019e+00, -4.988566e-01, 1.116178e+00, -1.520101e+00, 6.293324e-10, 4.612862e-10, 7.145539e-10, 4.912270e-10, 4.560755e+01, -2.998120e-01
2.350800e+03, 1.564145e-01, 8.510419e-01, 6.351953e-02, 4.452230e-02, -1.888045e+00, -5.098704e-01, 1.099117e+00, -1.531829e+00, 6.332041e-10, 4.615491e-10, 7.122758e-10, 4.940628e-10, 4.544377e+01, -2.957375e-01
2.354600e+03, 1.549468e-01, 8.512002e-01, 6.403892e-02, 4.475412e-02, -1.903164e+00, -5.208904e-01, 1.082110e+00, -1.543625e+00, 6.372034e-10, 4.616915e-10, 7.102451e-10, 4.968741e-10, 4.528420e+01, -2.915852e-01
2.358400e+03, 1.534643e-01, 8.513583e-01, 6.455344e-02, 4.498597e-02, -1.918377e+00, -5.319137e-01, 1.065152e+00, -1.555489e+00, 6.414065e-10, 4.618480e-10, 7.081968e-10, 4.996274e-10, 4.512894e+01, -2.873547e-01
2.362200e+03, 1.519672e-01, 8.515160e-01, 6.506311e-02, 4.521776e-02, -1.933692e+00, -5.429409e-01, 1.048244e+00, -1.567418e+00, 6.456368e-10, 4.620193e-10, 7.061978e-10, 5.023384e-10, 4.497800e+01, -2.830478e-01
2.366000e+03, 1.504568e-01, 8.516728e-01, 6.556778e-02, 4.544939e-02, -1.949107e+00, -5.539721e-01, 1.031382e+00, -1.579412e+00, 6.501748e-10, 4.622217e-10, 7.043630e-10, 5.050039e-10, 4.483143e+01, -2.786681e-01
2.369800e+03, 1.489315e-01, 8.518298e-01, 6.606740e-02, 4.568076e-02, -1.964631e+00, -5.650082e-01, 1.014565e+00, -1.591469e+00, 6.546905e-10, 4.623973e-10, 7.026394e-10, 5.076273e-10, 4.468930e+01, -2.742132e-01
2.373600e+03, 1.473935e-01, 8.519861e-01, 6.656185e-02, 4.591188e-02, -1.980262e+00, -5.760484e-01, 9.977885e-01, -1.603590e+00, 6.594766e-10, 4.625211e-10, 7.008574e-10, 5.101918e-10, 4.455163e+01, -2.696889e-01
2.377400e+03, 1.458420e-01, 8.521416e-01, 6.705107e-02, 4.614266e-02, -1.996008e+00, -5.870916e-01, 9.810548e-01, -1.615771e+00, 6.645597e-10, 4.627429e-10, 6.992985e-10, 5.127259e-10, 4.441848e+01, -2.650949e-01
2.381200e+03, 1.442765e-01, 8.522971e-01, 6.753502e-02, 4.637309e-02, -2.011875e+00, -5.981401e-01, 9.643583e-01, -1.628013e+00, 6.696062e-10, 4.629001e-10, 6.976735e-10, 5.152062e-10, 4.428989e+01, -2.604309e-01
2.385000e+03, 1.426989e-01, 8.524511e-01, 6.801348e-02, 4.660296e-02, -2.027863e+00, -6.091924e-01, 9.477005e-01, -1.640314e+00, 6.749317e-10, 4.630190e-10, 6.962416e-10, 5.176424e-10, 4.416589e+01, -2.557027e-01
2.388800e+03, 1.411086e-01, 8.526047e-01, 6.848649e-02, 4.683239e-02, -2.043977e+00, -6.202474e-01, 9.310770e-01, -1.652673e+00, 6.805051e-10, 4.632924e-10, 6.948534e-10, 5.200247e-10, 4.404655e+01, -2.509101e-01
2.392600e+03, 1.395058e-01, 8.527572e-01, 6.895392e-02, 4.706116e-02, -2.060225e+00, -6.313091e-01, 9.144866e-01, -1.665089e+00, 6.861624e-10, 4.633786e-10, 6.934309e-10, 5.223653e-10, 4.393189e+01, -2.460548e-01
2.396400e+03, 1.378916e-01, 8.529087e-01, 6.941563e-02, 4.728937e-02, -2.076608e+00, -6.423727e-01, 8.979302e-01, -1.677561e+00, 6.922231e-10, 4.635916e-10, 6.922060e-10, 5.246700e-10, 4.382196e+01, -2.411407e-01
2.400200e+03, 1.362654e-01, 8.530593e-01, 6.987165e-02, 4.751680e-02, -2.093136e+00, -6.534415e-01, 8.814030e-01, -1.690089e+00, 6.985104e-10, 4.637551e-10, 6.910002e-10, 5.269121e-10, 4.371679e+01, -2.361676e-01
2.404000e+03, 1.346273e-01, 8.532088e-01, 7.032188e-02, 4.774344e-02, -2.109813e+00, -6.645142e-01, 8.649046e-01, -1.702669e+00, 7.049513e-10, 4.638699e-10, 6.897746e-10, 5.291108e-10, 4.361642e+01, -2.311374e-01
2.407800e+03, 1.329785e-01, 8.533567e-01, 7.076617e-02, 4.796938e-02, -2.126645e+00, -6.755896e-01, 8.484355e-01, -1.715302e+00, 7.116533e-10, 4.640817e-10, 6.887089e-10, 5.312787e-10, 4.352090e+01, -2.260540e-01
2.411600e+03, 1.313191e-01, 8.535040e-01, 7.120444e-02, 4.819429e-02, -2.143636e+00, -6.866700e-01, 8.319918e-01, -1.727987e+00, 7.186852e-10, 4.642761e-10, 6.876813e-10, 5.333696e-10, 4.343026e+01, -2.209193e-01
2.415400e+03, 1.296494e-01, 8.536495e-01, 7.163672e-02, 4.841835e-02, -2.160796e+00, -6.977551e-01, 8.155726e-01, -1.740722e+00, 7.262237e-10, 4.643919e-10, 6.866509e-10, 5.354367e-10, 4.334453e+01, -2.157352e-01
2.419200e+03, 1.279687e-01, 8.537936e-01, 7.206293e-02, 4.864144e-02, -2.178135e+00, -7.088430e-01, 7.991781e-01, -1.753506e+00, 7.335941e-10, 4.645667e-10, 6.857456e-10, 5.374646e-10, 4.326376e+01, -2.105017e-01
2.423000e+03, 1.262798e-01, 8.539366e-01, 7.248293e-02, 4.886342e-02, -2.195650e+00, -7.199350e-01, 7.828052e-01, -1.766339e+00, 7.417962e-10, 4.646946e-10, 6.848481e-10, 5.393949e-10, 4.318796e+01, -2.052268e-01
2.426800e+03, 1.245805e-01, 8.540780e-01, 7.289663e-02, 4.908434e-02, -2.213362e+00, -7.310301e-01, 7.664536e-01, -1.779217e+00, 7.500783e-10, 4.648821e-10, 6.840448e-10, 5.413490e-10, 4.311718e+01, -1.999070e-01
2.430600e+03, 1.228728e-01, 8.542180e-01, 7.330392e-02, 4.930419e-02, -2.231271e+00, -7.421297e-01, 7.501213e-01, -1.792143e+00, 7.588296e-10, 4.650238e-10, 6.832132e-10, 5.432390e-10, 4.305145e+01, -1.945482e-01
2.434400e+03, 1.211566e-01, 8.543561e-01, 7.370491e-02, 4.952270e-02, -2.249388e+00, -7.532327e-01, 7.338089e-01, -1.805113e+00, 7.679275e-10, 4.652257e-10, 6.824862e-10, 5.450721e-10, 4.299079e+01, -1.891519e-01
2.438200e+03, 1.194324e-01, 8.544925e-01, 7.409932e-02, 4.974002e-02, -2.267724e+00, -7.643404e-01, 7.175137e-01, -1.818127e+00, 7.775141e-10, 4.653139e-10, 6.818173e-10, 5.468896e-10, 4.293524e+01, -1.837209e-01
2.442000e+03, 1.177007e-01, 8.546268e-01, 7.448724e-02, 4.995612e-02, -2.286288e+00, -7.754503e-01, 7.012346e-01, -1.831185e+00, 7.875050e-10, 4.654975e-10, 6.812129e-10, 5.486398e-10, 4.288482e+01, -1.782578e-01
2.445800e+03, 1.159619e-01, 8.547597e-01, 7.486861e-02, 5.017081e-02, -2.305090e+00, -7.865646e-01, 6.849699e-01, -1.844284e+00, 7.980349e-10, 4.656721e-10, 6.805641e-10, 5.502882e-10, 4.283957e+01, -1.727649e-01
2.449600e+03, 1.142166e-01, 8.548901e-01, 7.524323e-02, 5.038412e-02, -2.324144e+00, -7.976830e-01, 6.687207e-01, -1.857423e+00, 8.089946e-10, 4.657681e-10, 6.800594e-10, 5.519674e-10, 4.279950e+01, -1.672452e-01
2.453400e+03, 1.124653e-01, 8.550195e-01, 7.561117e-02, 5.059588e-02, -2.343460e+00, -8.088038e-01, 6.524835e-01, -1.870602e+00, 8.205947e-10, 4.659613e-10, 6.794765e-10, 5.536112e-10, 4.276465e+01, -1.617014e-01
2.457200e+03, 1.107084e-01, 8.551459e-01, 7.597229e-02, 5.080623e-02, -2.363052e+00, -8.199291e-01, 6.362602e-01, -1.883820e+00, 8.326799e-10, 4.660754e-10, 6.790862e-10, 5.551152e-10, 4.273502e+01, -1.561361e-01
2.461000e+03, 1.089468e-01, 8.552708e-01, 7.632657e-02, 5.101505e-02, -2.382934e+00, -8.310572e-01, 6.200463e-01, -1.897074e+00, 8.454405e-10, 4.662168e-10, 6.785841e-10, 5.567220e-10, 4.271066e+01, -1.505523e-01
2.464800e+03, 1.071808e-01, 8.553936e-01, 7.667390e-02, 5.122229e-02, -2.403119e+00, -8.421886e-01, 6.038444e-01, -1.910366e+00, 8.588319e-10, 4.664192e-10, 6.782804e-10, 5.581012e-10, 4.269156e+01, -1.449527e-01
2.468600e+03, 1.054112e-01, 8.555145e-01, 7.701425e-02, 5.142789e-02, -2.423625e+00, -8.533249e-01, 5.876497e-01, -1.923691e+00, 8.729390e-10, 4.664436e-10, 6.778889e-10, 5.596710e-10, 4.267776e+01, -1.393401e-01
2.472400e+03, 1.036386e-01, 8.556325e-01, 7.734768e-02, 5.163183e-02, -2.444467e+00, -8.644617e-01, 5.714643e-01, -1.937054e+00, 8.877518e-10, 4.666682e-10, 6.776119e-10, 5.609970e-10, 4.266927e+01, -1.337176e-01
2.476200e+03, 1.018638e-01, 8.557480e-01, 7.767391e-02, 5.183412e-02, -2.465663e+00, -8.756040e-01, 5.552856e-01, -1.950449e+00, 9.033663e-10, 4.667790e-10, 6.773310e-10, 5.623274e-10, 4.266611e+01, -1.280879e-01
2.480000e+03, 1.000874e-01, 8.558616e-01, 7.799301e-02, 5.203455e-02, -2.487232e+00, -8.867488e-01, 5.391136e-01, -1.963875e+00, 9.198804e-10, 4.668820e-10, 6.770928e-10, 5.637271e-10, 4.266830e+01, -1.224539e-01
2.483800e+03, 9.831036e-02, 8.559733e-01, 7.830498e-02, 5.223326e-02, -2.509195e+00, -8.978961e-01, 5.229472e-01, -1.977334e+00, 9.371972e-10, 4.670545e-10, 6.769453e-10, 5.649329e-10, 4.267584e+01, -1.168185e-01
2.487600e+03, 9.653344e-02, 8.560817e-01, 7.860978e-02, 5.243012e-02, -2.531572e+00, -9.090476e-01, 5.067844e-01, -1.990823e+00, 9.555847e-10, 4.671438e-10, 6.767229e-10, 5.662785e-10, 4.268875e+01, -1.111850e-01
2.491400e+03, 9.475750e-02, 8.561881e-01, 7.890718e-02, 5.262510e-02, -2.554388e+00, -9.202012e-01, 4.906269e-01, -2.004343e+00, 9.748953e-10, 4.673044e-10, 6.766520e-10, 5.674126e-10, 4.270704e+01, -1.055557e-01
2.495200e+03, 9.298360e-02, 8.562913e-01, 7.919727e-02, 5.281815e-02, -2.577664e+00, -9.313586e-01, 4.744711e-01, -2.017891e+00, 9.953106e-10, 4.674097e-10, 6.765882e-10, 5.685198e-10, 4.273071e+01, -9.993430e-02
2.499000e+03, 9.121255e-02, 8.563930e-01, 7.948006e-02, 5.300922e-02, -2.601428e+00, -9.425185e-01, 4.583168e-01, -2.031465e+00, 1.016957e-09, 4.674904e-10, 6.764889e-10, 5.697101e-10, 4.275979e+01, -9.432335e-02
2.502800e+03, 8.944558e-02, 8.564911e-01, 7.975538e-02, 5.319843e-02, -2.625709e+00, -9.536803e-01, 4.421649e-01, -2.045067e+00, 1.039750e-09, 4.676631e-10, 6.764761e-10, 5.707765e-10, 4.279427e+01, -8.872576e-02
2.506600e+03, 8.768381e-02, 8.565865e-01, 8.002324e-02, 5.338554e-02, -2.650535e+00, -9.648463e-01, 4.260133e-01, -2.058695e+00, 1.063930e-09, 4.677221e-10, 6.765293e-10, 5.717961e-10, 4.283415e+01, -8.314481e-02
2.510400e+03, 8.592842e-02, 8.566793e-01, 8.028357e-02, 5.357057e-02, -2.675937e+00, -9.760137e-01, 4.098604e-01, -2.072348e+00, 1.089469e-09, 4.678843e-10, 6.765768e-10, 5.727716e-10, 4.287944e+01, -7.758317e-02
2.514200e+03, 8.418068e-02, 8.567691e-01, 8.053646e-02, 5.375353e-02, -2.701949e+00, -9.871849e-01, 3.937064e-01, -2.086023e+00, 1.116466e-09, 4.679599e-10, 6.766283e-10, 5.738123e-10, 4.293014e+01, -7.204391e-02
2.518000e+03, 8.244200e-02, 8.568568e-01, 8.078174e-02, 5.393440e-02, -2.728606e+00, -9.983580e-01, 3.775511e-01, -2.099724e+00, 1.145119e-09, 4.680865e-10, 6.768247e-10, 5.746825e-10, 4.298626e+01, -6.653012e-02
2.521800e+03, 8.071386e-02, 8.569404e-01, 8.101938e-02, 5.411307e-02, -2.755947e+00, -1.009534e+00, 3.613912e-01, -2.113445e+00, 1.175419e-09, 4.681787e-10, 6.769086e-10, 5.755880e-10, 4.304778e+01, -6.104444e-02
2.525600e+03, 7.899791e-02, 8.570224e-01, 8.124938e-02, 5.428959e-02, -2.784012e+00, -1.020712e+00, 3.452292e-01, -2.127188e+00, 1.207466e-09, 4.682568e-10, 6.770946e-10, 5.764412e-10, 4.311471e+01, -5.558994e-02
2.529400e+03, 7.729568e-02, 8.571003e-01, 8.147172e-02, 5.446381e-02, -2.812841e+00, -1.031893e+00, 3.290629e-01, -2.140951e+00, 1.241443e-09, 4.683823e-10, 6.773365e-10, 5.772310e-10, 4.318706e+01, -5.016946e-02
2.533200e+03, 7.560923e-02, 8.571757e-01, 8.168636e-02, 5.463581e-02, -2.842482e+00, -1.043076e+00, 3.128907e-01, -2.154733e+00, 1.277311e-09, 4.685039e-10, 6.776221e-10, 5.780012e-10, 4.326478e+01, -4.478583e-02
2.537000e+03, 7.394042e-02, 8.572482e-01, 8.189318e-02, 5.480556e-02, -2.872979e+00, -1.054262e+00, 2.967117e-01, -2.168533e+00, 1.315229e-09, 4.685559e-10, 6.778387e-10, 5.787555e-10, 4.334791e+01, -3.944208e-02
2.540800e+03, 7.229126e-02, 8.573172e-01, 8.209233e-02, 5.497303e-02, -2.904382e+00, -1.065449e+00, 2.805276e-01, -2.182352e+00, 1.355380e-09, 4.686290e-10, 6.782175e-10, 5.794806e-10, 4.343642e+01, -3.414102e-02
2.544600e+03, 7.066418e-02, 8.573833e-01, 8.228369e-02, 5.513804e-02, -2.936743e+00, -1.076638e+00, 2.643344e-01, -2.196187e+00, 1.397692e-09, 4.687429e-10, 6.785168e-10, 5.801276e-10, 4.353029e+01, -2.888524e-02
2.548400e+03, 6.906158e-02, 8.574457e-01, 8.246728e-02, 5.530086e-02, -2.970115e+00, -1.087830e+00, 2.481341e-01, -2.210039e+00, 1.442382e-09, 4.687909e-10, 6.789253e-10, 5.807383e-10, 4.362952e+01, -2.367773e-02
2.552200e+03, 6.748600e-02, 8.575058e-01, 8.264288e-02, 5.546116e-02, -3.004553e+00, -1.099023e+00, 2.319240e-01, -2.223904e+00, 1.489365e-09, 4.689016e-10, 6.792969e-10, 5.814262e-10, 4.373410e+01, -1.852092e-02
2.556000e+03, 6.594024e-02, 8.575616e-01, 8.281078e-02, 5.561908e-02, -3.040113e+00, -1.110218e+00, 2.157050e-01, -2.237786e+00, 1.538761e-09, 4.689674e-10, 6.797343e-10, 5.818946e-10, 4.384401e+01, -1.341774e-02
2.559800e+03, 6.442747e-02, 8.576153e-01, 8.297076e-02, 5.577447e-02, -3.076853e+00, -1.121415e+00, 1.994756e-01, -2.251680e+00, 1.590530e-09, 4.690538e-10, 6.802644e-10, 5.824525e-10, 4.395923e+01, -8.370772e-03
2.563600e+03, 6.295065e-02, 8.576653e-01, 8.312280e-02, 5.592758e-02, -3.114828e+00, -1.132615e+00, 1.832335e-01, -2.265587e+00, 1.644667e-09, 4.690960e-10, 6.806996e-10, 5.829437e-10, 4.407976e+01, -3.382632e-03
2.567400e+03, 6.151341e-02, 8.577114e-01, 8.326706e-02, 5.607802e-02, 3.129089e+00, -1.143815e+00, 1.669811e-01, -2.279505e+00, 1.701055e-09, 4.691783e-10, 6.812719e-10, 5.834214e-10, 4.420555e+01, 1.544140e-03
2.571200e+03, 6.011940e-02, 8.577552e-01, 8.340336e-02, 5.622605e-02, 3.088474e+00, -1.155017e+00, 1.507150e-01, -2.293435e+00, 1.759582e-09, 4.692207e-10, 6.818457e-10, 5.838057e-10, 4.433660e+01, 6.406990e-03
2.575000e+03, 5.877234e-02, 8.577944e-01, 8.353169e-02, 5.637146e-02, 3.046462e+00, -1.166220e+00, 1.344351e-01, -2.307374e+00, 1.820000e-09, 4.693219e-10, 6.824253e-10, 5.842243e-10, 4.447289e+01, 1.120347e-02
2.578800e+03, 5.747646e-02, 8.578312e-01, 8.365210e-02, 5.651444e-02, 3.003008e+00, -1.177426e+00, 1.181415e-01, -2.321323e+00, 1.882071e-09, 4.693406e-10, 6.830560e-10, 5.845597e-10, 4.461438e+01, 1.593111e-02
2.582600e+03, 5.623607e-02, 8.578637e-01, 8.376454e-02, 5.665476e-02, 2.958071e+00, -1.188632e+00, 1.018328e-01, -2.335280e+00, 1.945287e-09, 4.694151e-10, 6.837115e-10, 5.849300e-10, 4.476105e+01, 2.058761e-02
2.586400e+03, 5.505561e-02, 8.578942e-01, 8.386903e-02, 5.679244e-02, 2.911625e+00, -1.199839e+00, 8.550840e-02, -2.349246e+00, 2.009421e-09, 4.694545e-10, 6.844034e-10, 5.851269e-10, 4.491288e+01, 2.517039e-02
2.590200e+03, 5.393983e-02, 8.579203e-01, 8.396557e-02, 5.692753e-02, 2.863648e+00, -1.211048e+00, 6.916751e-02, -2.363216e+00, 2.073550e-09, 4.694683e-10, 6.851288e-10, 5.854638e-10, 4.506984e+01, 2.967766e-02
2.594000e+03, 5.289331e-02, 8.579428e-01, 8.405418e-02, 5.706005e-02, 2.814140e+00, -1.222257e+00, 5.280931e-02, -2.377195e+00, 2.137246e-09, 4.695470e-10, 6.858850e-10, 5.856865e-10, 4.523190e+01, 3.410663e-02
2.597800e+03, 5.192114e-02, 8.579617e-01, 8.413483e-02, 5.718980e-02, 2.763111e+00, -1.233468e+00, 3.643304e-02, -2.391179e+00, 2.199420e-09, 4.695981e-10, 6.866652e-10, 5.858447e-10, 4.539903e+01, 3.845555e-02
2.601600e+03, 5.102811e-02, 8.579777e-01, 8.420751e-02, 5.731693e-02, 2.710597e+00, -1.244680e+00, 2.003815e-02, -2.405166e+00, 2.259452e-09, 4.696362e-10, 6.874904e-10, 5.859956e-10, 4.557118e+01, 4.272190e-02
2.605400e+03, 5.021907e-02, 8.579894e-01, 8.427225e-02, 5.744137e-02, 2.656650e+00, -1.255893e+00, 3.623561e-03, -2.419158e+00, 2.316104e-09, 4.696620e-10, 6.883419e-10, 5.861355e-10, 4.574834e+01, 4.690395e-02
2.609200e+03, 4.949881e-02, 8.579982e-01, 8.432902e-02, 5.756319e-02, 2.601351e+00, -1.267107e+00, -1.281136e-02, -2.433152e+00, 2.368436e-09, 4.696439e-10, 6.892227e-10, 5.862260e-10, 4.593045e+01, 5.099960e-02
2.613000e+03, 4.887158e-02, 8.580039e-01, 8.437784e-02, 5.768223e-02, 2.544802e+00, -1.278320e+00, -2.926731e-02, -2.447149e+00, 2.415268e-09, 4.697233e-10, 6.901393e-10, 5.863100e-10, 4.611750e+01, 5.500677e-02
2.616800e+03, 4.834166e-02, 8.580052e-01, 8.441871e-02, 5.779854e-02, 2.487134e+00, -1.289536e+00, -4.574515e-02, -2.461148e+00, 2.455751e-09, 4.697277e-10, 6.910883e-10, 5.862852e-10, 4.630943e+01, 5.892357e-02
2.620600e+03, 4.791267e-02, 8.580031e-01, 8.445175e-02, 5.791214e-02, 2.428501e+00, -1.300751e+00, -6.224565e-02, -2.475146e+00, 2.488556e-09, 4.697498e-10, 6.920807e-10, 5.863109e-10, 4.650621e+01, 6.274835e-02
2.624400e+03, 4.758786e-02, 8.579977e-01, 8.447674e-02, 5.802302e-02, 2.369084e+00, -1.311967e+00, -7.876984e-02, -2.489145e+00, 2.513144e-09, 4.697769e-10, 6.930877e-10, 5.863458e-10, 4.670778e+01, 6.647906e-02
2.628200e+03, 4.736954e-02, 8.579885e-01, 8.449395e-02, 5.813106e-02, 2.309079e+00, -1.323183e+00, -9.531807e-02, -2.503145e+00, 2.528930e-09, 4.698220e-10, 6.941450e-10, 5.861620e-10, 4.691411e+01, 7.011387e-02
2.632000e+03, 4.725968e-02, 8.579757e-01, 8.450323e-02, 5.823638e-02, 2.248698e+00, -1.334401e+00, -1.118916e-01, -2.517140e+00, 2.535102e-09, 4.697785e-10, 6.952177e-10, 5.861513e-10, 4.712517e+01, 7.365153e-02
2.635800e+03, 4.725929e-02, 8.579589e-01, 8.450462e-02, 5.833883e-02, 2.188170e+00, -1.345617e+00, -1.284906e-01, -2.531135e+00, 2.531748e-09, 4.698108e-10, 6.963394e-10, 5.859638e-10, 4.734088e+01, 7.709004e-02
2.639600e+03, 4.736853e-02, 8.579393e-01, 8.449826e-02, 5.843857e-02, 2.127722e+00, -1.356834e+00, -1.451165e-01, -2.545125e+00, 2.519021e-09, 4.697917e-10, 6.975274e-10, 5.858337e-10, 4.756121e+01, 8.042778e-02
2.643400e+03, 4.758684e-02, 8.579152e-01, 8.448395e-02, 5.853555e-02, 2.067577e+00, -1.368051e+00, -1.617707e-01, -2.559113e+00, 2.497234e-09, 4.698097e-10, 6.986967e-10, 5.856646e-10, 4.778611e+01, 8.366335e-02
2.647200e+03, 4.791298e-02, 8.578889e-01, 8.446190e-02, 5.862968e-02, 2.007953e+00, -1.379268e+00, -1.784529e-01, -2.573096e+00, 2.466749e-09, 4.697681e-10, 6.999606e-10, 5.854006e-10, 4.801553e+01, 8.679554e-02
2.651000e+03, 4.834466e-02, 8.578577e-01, 8.443209e-02, 5.872092e-02, 1.949057e+00, -1.390485e+00, -1.951652e-01, -2.587073e+00, 2.428633e-09, 4.698101e-10, 7.011659e-10, 5.852156e-10, 4.824940e+01, 8.982235e-02
2.654800e+03, 4.887925e-02, 8.578237e-01, 8.439456e-02, 5.880940e-02, 1.891071e+00, -1.401702e+00, -2.119063e-01, -2.601046e+00, 2.383673e-09, 4.697636e-10, 7.025188e-10, 5.848736e-10, 4.848768e+01, 9.274280e-02
2.658600e+03, 4.951340e-02, 8.577862e-01, 8.434930e-02, 5.889513e-02, 1.834158e+00, -1.412918e+00, -2.286798e-01, -2.615011e+00, 2.333100e-09, 4.697747e-10, 7.038177e-10, 5.845969e-10, 4.873030e+01, 9.555548e-02
2.662400e+03, 5.024328e-02, 8.577444e-01, 8.429632e-02, 5.897801e-02, 1.778452e+00, -1.424134e+00, -2.454842e-01, -2.628968e+00, 2.277671e-09, 4.697618e-10, 7.052095e-10, 5.842306e-10, 4.897722e+01, 9.825919e-02
2.666200e+03, 5.106466e-02, 8.576995e-01, 8.423566e-02, 5.905796e-02, 1.724070e+00, -1.435350e+00, -2.623218e-01, -2.642918e+00, 2.218738e-09, 4.697162e-10, 7.066338e-10, 5.838777e-10, 4.922835e+01, 1.008525e-01
2.670000e+03, 5.197300e-02, 8.576517e-01, 8.416743e-02, 5.913514e-02, 1.671096e+00, -1.446565e+00, -2.791935e-01, -2.656858e+00, 2.157200e-09, 4.697235e-10, 7.081047e-10, 5.834673e-10, 4.948366e+01, 1.033343e-01
2.673800e+03, 5.296384e-02, 8.575990e-01, 8.409163e-02, 5.920955e-02, 1.619590e+00, -1.457781e+00, -2.961003e-01, -2.670789e+00, 2.094035e-09, 4.696814e-10, 7.095776e-10, 5.830328e-10, 4.974305e+01, 1.057038e-01
2.677600e+03, 5.403224e-02, 8.575438e-01, 8.400821e-02, 5.928104e-02, 1.569593e+00, -1.468995e+00, -3.130422e-01, -2.684710e+00, 2.030083e-09, 4.696497e-10, 7.111192e-10, 5.825436e-10, 5.000648e+01, 1.079594e-01
2.681400e+03, 5.517356e-02, 8.574849e-01, 8.391735e-02, 5.934979e-02, 1.521122e+00, -1.480208e+00, -3.300210e-01, -2.698619e+00, 1.966088e-09, 4.696157e-10, 7.127132e-10, 5.820968e-10, 5.027388e+01, 1.101005e-01
2.685200e+03, 5.638306e-02, 8.574217e-01, 8.381903e-02, 5.941559e-02, 1.474180e+00, -1.491421e+00, -3.470378e-01, -2.712517e+00, 1.902689e-09, 4.695816e-10, 7.143287e-10, 5.815280e-10, 5.054516e+01, 1.121259e-01
2.689000e+03, 5.765608e-02, 8.573560e-01, 8.371336e-02, 5.947865e-02, 1.428751e+00, -1.502633e+00, -3.640932e-01, -2.726401e+00, 1.840389e-09, 4.695444e-10, 7.159550e-10, 5.810331e-10, 5.082025e+01, 1.140346e-01
2.692800e+03, 5.898830e-02, 8.572870e-01, 8.360023e-02, 5.953885e-02, 1.384810e+00, -1.513843e+00, -3.811874e-01, -2.740274e+00, 1.779586e-09, 4.694962e-10, 7.176988e-10, 5.803832e-10, 5.109908e+01, 1.158261e-01
2.696600e+03, 6.037519e-02, 8.572137e-01, 8.347981e-02, 5.959629e-02, 1.342320e+00, -1.525053e+00, -3.983233e-01, -2.754132e+00, 1.720670e-09, 4.694523e-10, 7.194401e-10, 5.798361e-10, 5.138157e+01, 1.174990e-01
2.700400e+03, 6.181297e-02, 8.571371e-01, 8.335207e-02, 5.965092e-02, 1.301237e+00, -1.536262e+00, -4.155007e-01, -2.767976e+00, 1.663808e-09, 4.693996e-10, 7.212539e-10, 5.791714e-10, 5.166765e+01, 1.190530e-01
2.704200e+03, 6.329746e-02, 8.570572e-01, 8.321709e-02, 5.970268e-02, 1.261512e+00, -1.547469e+00, -4.327214e-01, -2.781804e+00, 1.609154e-09, 4.693526e-10, 7.230727e-10, 5.784806e-10, 5.195722e+01, 1.204868e-01
2.708000e+03, 6.482522e-02, 8.569739e-01, 8.307504e-02, 5.975160e-02, 1.223092e+00, -1.558676e+00, -4.499856e-01, -2.795616e+00, 1.556850e-09, 4.692944e-10, 7.249851e-10, 5.777861e-10, 5.225020e+01, 1.218003e-01
2.711800e+03, 6.639277e-02, 8.568874e-01, 8.292589e-02, 5.979775e-02, 1.185920e+00, -1.569881e+00, -4.672954e-01, -2.809411e+00, 1.506927e-09, 4.692354e-10, 7.268822e-10, 5.770619e-10, 5.254651e+01, 1.229925e-01
2.715600e+03, 6.799672e-02, 8.567983e-01, 8.276963e-02, 5.984113e-02, 1.149940e+00, -1.581084e+00, -4.846505e-01, -2.823189e+00, 1.459423e-09, 4.691762e-10, 7.289011e-10, 5.763079e-10, 5.284604e+01, 1.240627e-01
2.719400e+03, 6.963429e-02, 8.567048e-01, 8.260635e-02, 5.988171e-02, 1.115095e+00, -1.592286e+00, -5.020538e-01, -2.836949e+00, 1.414207e-09, 4.691039e-10, 7.309038e-10, 5.755444e-10, 5.314872e+01, 1.250106e-01
2.723200e+03, 7.130237e-02, 8.566087e-01, 8.243622e-02, 5.991958e-02, 1.081329e+00, -1.603487e+00, -5.195050e-01, -2.850691e+00, 1.371438e-09, 4.690416e-10, 7.330095e-10, 5.746625e-10, 5.345443e+01, 1.258353e-01
2.727000e+03, 7.299847e-02, 8.565088e-01, 8.225918e-02, 5.995463e-02, 1.048585e+00, -1.614685e+00, -5.370064e-01, -2.864412e+00, 1.330815e-09, 4.689760e-10, 7.351271e-10, 5.738369e-10, 5.376309e+01, 1.265364e-01
2.730800e+03, 7.472018e-02, 8.564051e-01, 8.207527e-02, 5.998688e-02, 1.016810e+00, -1.625883e+00, -5.545583e-01, -2.878113e+00, 1.292431e-09, 4.688959e-10, 7.373168e-10, 5.730153e-10, 5.407458e+01, 1.271137e-01
2.734600e+03, 7.646517e-02, 8.562993e-01, 8.188471e-02, 6.001648e-02, 9.859519e-01, -1.637078e+00, -5.721626e-01, -2.891794e+00, 1.256133e-09, 4.688183e-10, 7.395464e-10, 5.720066e-10, 5.438881e+01, 1.275664e-01
2.738400e+03, 7.823124e-02, 8.561903e-01, 8.168745e-02, 6.004332e-02, 9.559603e-01, -1.648272e+00, -5.898201e-01, -2.905451e+00, 1.221776e-09, 4.687366e-10, 7.418479e-10, 5.711326e-10, 5.470566e+01, 1.278943e-01
2.742200e+03, 8.001651e-02, 8.560780e-01, 8.148366e-02, 6.006750e-02, 9.267891e-01, -1.659463e+00, -6.075325e-01, -2.919088e+00, 1.189411e-09, 4.686608e-10, 7.442369e-10, 5.702089e-10, 5.502502e+01, 1.280972e-01
2.746000e+03, 8.181902e-02, 8.559620e-01, 8.127332e-02, 6.008883e-02, 8.983906e-01, -1.670653e+00, -6.253020e-01, -2.932702e+00, 1.158741e-09, 4.685712e-10, 7.465849e-10, 5.691584e-10, 5.534678e+01, 1.281744e-01
2.749800e+03, 8.363709e-02, 8.558432e-01, 8.105655e-02, 6.010759e-02, 8.707243e-01, -1.681841e+00, -6.431275e-01, -2.946291e+00, 1.129895e-09, 4.685061e-10, 7.490765e-10, 5.681510e-10, 5.567081e+01, 1.281260e-01
2.753600e+03, 8.546913e-02, 8.557214e-01, 8.083347e-02, 6.012375e-02, 8.437469e-01, -1.693027e+00, -6.610126e-01, -2.959857e+00, 1.102605e-09, 4.683817e-10, 7.515907e-10, 5.670251e-10, 5.599701e+01, 1.279516e-01
2.757400e+03, 8.731355e-02, 8.555972e-01, 8.060404e-02, 6.013715e-02, 8.174210e-01, -1.704210e+00, -6.789576e-01, -2.973395e+00, 1.076797e-09, 4.683076e-10, 7.541801e-10, 5.660216e-10, 5.632523e+01, 1.276508e-01
2.761200e+03, 8.916914e-02, 8.554694e-01, 8.036837e-02, 6.014794e-02, 7.917112e-01, -1.715391e+00, -6.969645e-01, -2.986909e+00, 1.052488e-09, 4.681936e-10, 7.568104e-10, 5.648930e-10, 5.665536e+01, 1.272240e-01
2.765000e+03, 9.103440e-02, 8.553386e-01, 8.012666e-02, 6.015615e-02, 7.665819e-01, -1.726570e+00, -7.150342e-01, -3.000397e+00, 1.029472e-09, 4.680866e-10, 7.595488e-10, 5.637480e-10, 5.698726e+01, 1.266705e-01
2.768800e+03, 9.290817e-02, 8.552056e-01, 7.987891e-02, 6.016174e-02, 7.420021e-01, -1.737746e+00, -7.331693e-01, -3.013857e+00, 1.007743e-09, 4.680023e-10, 7.622509e-10, 5.625731e-10, 5.732079e+01, 1.259906e-01
2.772600e+03, 9.478921e-02, 8.550690e-01, 7.962517e-02, 6.016481e-02, 7.179412e-01, -1.748920e+00, -7.513688e-01, -3.027289e+00, 9.871636e-10, 4.679158e-10, 7.651823e-10, 5.613779e-10, 5.765580e+01, 1.251840e-01
2.776400e+03, 9.667658e-02, 8.549306e-01, 7.936562e-02, 6.016531e-02, 6.943716e-01, -1.760092e+00, -7.696384e-01, -3.040693e+00, 9.677664e-10, 4.678044e-10, 7.680052e-10, 5.601414e-10, 5.799217e+01, 1.242511e-01
2.780200e+03, 9.856923e-02, 8.547889e-01, 7.910027e-02, 6.016320e-02, 6.712651e-01, -1.771261e+00, -7.879754e-01, -3.054067e+00, 9.493380e-10, 4.676508e-10, 7.710200e-10, 5.588876e-10, 5.832974e+01, 1.231916e-01
2.784000e+03, 1.004661e-01, 8.546444e-01, 7.882936e-02, 6.015865e-02, 6.485986e-01, -1.782427e+00, -8.063843e-01, -3.067411e+00, 9.319202e-10, 4.675602e-10, 7.740424e-10, 5.575980e-10, 5.866836e+01, 1.220058e-01
2.787800e+03, 1.023663e-01, 8.544969e-01, 7.855278e-02, 6.015170e-02, 6.263479e-01, -1.793591e+00, -8.248655e-01, -3.080724e+00, 9.154646e-10, 4.674737e-10, 7.771436e-10, 5.562765e-10, 5.900785e+01, 1.206936e-01
2.791600e+03, 1.042691e-01, 8.543470e-01, 7.827083e-02, 6.014218e-02, 6.044902e-01, -1.804752e+00, -8.434206e-01, -3.094006e+00, 8.998248e-10, 4.673424e-10, 7.803694e-10, 5.549345e-10, 5.934810e+01, 1.192554e-01
2.795400e+03, 1.061737e-01, 8.541952e-01, 7.798345e-02, 6.013024e-02, 5.830059e-01, -1.815910e+00, -8.620528e-01, -3.107255e+00, 8.849836e-10, 4.672375e-10, 7.835966e-10, 5.535500e-10, 5.968891e+01, 1.176913e-01
2.799200e+03, 1.080791e-01, 8.540401e-01, 7.769090e-02, 6.011591e-02, 5.618759e-01, -1.827066e+00, -8.807620e-01, -3.120472e+00, 8.709412e-10, 4.670757e-10, 7.869548e-10, 5.521507e-10, 6.003012e+01, 1.160016e-01
2.803000e+03, 1.099848e-01, 8.538830e-01, 7.739308e-02, 6.009929e-02, 5.410813e-01, -1.838218e+00, -8.995515e-01, -3.133655e+00, 8.575836e-10, 4.669888e-10, 7.903475e-10, 5.507133e-10, 6.037155e+01, 1.141866e-01
2.806800e+03, 1.118900e-01, 8.537227e-01, 7.709031e-02, 6.008022e-02, 5.206055e-01, -1.849368e+00, -9.184219e-01, 3.136381e+00, 8.448962e-10, 4.668431e-10, 7.938667e-10, 5.492473e-10, 6.071304e+01, 1.122468e-01
2.810600e+03, 1.137941e-01, 8.535606e-01, 7.678262e-02, 6.005888e-02, 5.004327e-01, -1.860514e+00, -9.373763e-01, 3.123267e+00, 8.328944e-10, 4.667116e-10, 7.973967e-10, 5.477574e-10, 6.105440e+01, 1.101825e-01
2.814400e+03, 1.156965e-01, 8.533962e-01, 7.647006e-02, 6.003530e-02, 4.805464e-01, -1.871658e+00, -9.564150e-01, 3.110189e+00, 8.214315e-10, 4.665801e-10, 8.010784e-10, 5.462300e-10, 6.139545e+01, 1.079940e-01
2.818200e+03, 1.175967e-01, 8.532300e-01, 7.615285e-02, 6.000936e-02, 4.609338e-01, -1.882798e+00, -9.755417e-01, 3.097147e+00, 8.104247e-10, 4.664785e-10, 8.048492e-10, 5.446799e-10, 6.173602e+01, 1.056821e-01
2.822000e+03, 1.194933e-01, 8.530606e-01, 7.583106e-02, 5.998126e-02, 4.415840e-01, -1.893936e+00, -9.947583e-01, 3.084142e+00, 8.001719e-10, 4.663615e-10, 8.086487e-10, 5.430941e-10, 6.207580e+01, 1.032472e-01
2.825800e+03, 1.213869e-01, 8.528895e-01, 7.550490e-02, 5.995097e-02, 4.224791e-01, -1.905070e+00, -1.014066e+00, 3.071175e+00, 7.903791e-10, 4.661499e-10, 8.125590e-10, 5.414848e-10, 6.241475e+01, 1.006898e-01
2.829600e+03, 1.232773e-01, 8.527165e-01, 7.517428e-02, 5.991849e-02, 4.036079e-01, -1.916200e+00, -1.033466e+00, 3.058247e+00, 7.808294e-10, 4.660625e-10, 8.166335e-10, 5.398444e-10, 6.275272e+01, 9.801084e-02
2.833400e+03, 1.251624e-01, 8.525407e-01, 7.483958e-02, 5.988398e-02, 3.849647e-01, -1.927328e+00, -1.052964e+00, 3.045358e+00, 7.719104e-10, 4.659102e-10, 8.206518e-10, 5.381801e-10, 6.308927e+01, 9.521092e-02
2.837200e+03, 1.270428e-01, 8.523633e-01, 7.450075e-02, 5.984732e-02, 3.665345e-01, -1.938452e+00, -1.072558e+00, 3.032508e+00, 7.632828e-10, 4.657545e-10, 8.249024e-10, 5.364774e-10, 6.342436e+01, 9.229068e-02
2.841000e+03, 1.289174e-01, 8.521847e-01, 7.415798e-02, 5.980857e-02, 3.483103e-01, -1.949573e+00, -1.092254e+00, 3.019699e+00, 7.552209e-10, 4.656318e-10, 8.291574e-10, 5.347502e-10, 6.375767e+01, 8.925114e-02
2.844800e+03, 1.307868e-01, 8.520033e-01, 7.381157e-02, 5.976789e-02, 3.302785e-01, -1.960690e+00, -1.112051e+00, 3.006931e+00, 7.472931e-10, 4.654874e-10, 8.335432e-10, 5.329903e-10, 6.408914e+01, 8.609294e-02
2.848600e+03, 1.326489e-01, 8.518205e-01, 7.346133e-02, 5.972523e-02, 3.124361e-01, -1.971804e+00, -1.131953e+00, 2.994205e+00, 7.399564e-10, 4.653578e-10, 8.381111e-10, 5.312177e-10, 6.441832e+01, 8.281731e-02
2.852400e+03, 1.345053e-01, 8.516358e-01, 7.310772e-02, 5.968055e-02, 2.947688e-01, -1.982915e+00, -1.151964e+00, 2.981522e+00, 7.327741e-10, 4.651790e-10, 8.426629e-10, 5.293886e-10, 6.474528e+01, 7.942513e-02
2.856200e+03, 1.363540e-01, 8.514492e-01, 7.275067e-02, 5.963410e-02, 2.772730e-01, -1.994022e+00, -1.172083e+00, 2.968882e+00, 7.259852e-10, 4.650401e-10, 8.473684e-10, 5.275369e-10, 6.506955e+01, 7.591742e-02
2.860000e+03, 1.381956e-01, 8.512613e-01, 7.239050e-02, 5.958571e-02, 2.599393e-01, -2.005125e+00, -1.192315e+00, 2.956287e+00, 7.195083e-10, 4.648719e-10, 8.521602e-10, 5.256656e-10, 6.539105e+01, 7.229549e-02
2.863800e+03, 1.400299e-01, 8.510711e-01, 7.202728e-02, 5.953553e-02, 2.427603e-01, -2.016224e+00, -1.212661e+00, 2.943736e+00, 7.131980e-10, 4.647429e-10, 8.570637e-10, 5.238234e-10, 6.570957e+01, 6.856044e-02
2.867600e+03, 1.418548e-01, 8.508794e-01, 7.166111e-02, 5.948361e-02, 2.257319e-01, -2.027321e+00, -1.233125e+00, 2.931229e+00, 7.072722e-10, 4.646076e-10, 8.621184e-10, 5.218529e-10, 6.602463e+01, 6.471335e-02
2.871400e+03, 1.436718e-01, 8.506866e-01, 7.129230e-02, 5.943007e-02, 2.088450e-01, -2.038414e+00, -1.253709e+00, 2.918769e+00, 7.015115e-10, 4.644213e-10, 8.672677e-10, 5.198658e-10, 6.633628e+01, 6.075578e-02
2.875200e+03, 1.454799e-01, 8.504923e-01, 7.092087e-02, 5.937471e-02, 1.920956e-01, -2.049502e+00, -1.274416e+00, 2.906357e+00, 6.960629e-10, 4.642278e-10, 8.725115e-10, 5.179332e-10, 6.664414e+01, 5.668928e-02
2.879000e+03, 1.472787e-01, 8.502969e-01, 7.054711e-02, 5.931782e-02, 1.754764e-01, -2.060586e+00, -1.295248e+00, 2.893991e+00, 6.907771e-10, 4.641170e-10, 8.778712e-10, 5.158933e-10, 6.694800e+01, 5.251482e-02
2.882800e+03, 1.490679e-01, 8.500993e-01, 7.017112e-02, 5.925928e-02, 1.589833e-01, -2.071667e+00, -1.316208e+00, 2.881673e+00, 6.857710e-10, 4.639514e-10, 8.834389e-10, 5.138454e-10, 6.724762e+01, 4.823442e-02
2.886600e+03, 1.508483e-01, 8.499014e-01, 6.979314e-02, 5.919922e-02, 1.426097e-01, -2.082745e+00, -1.337301e+00, 2.869404e+00, 6.808872e-10, 4.637578e-10, 8.889656e-10, 5.118022e-10, 6.754291e+01, 4.384952e-02
2.890400e+03, 1.526177e-01, 8.497022e-01, 6.941338e-02, 5.913768e-02, 1.263528e-01, -2.093817e+00, -1.358526e+00, 2.857185e+00, 6.762487e-10, 4.636233e-10, 8.947927e-10, 5.096717e-10, 6.783333e+01, 3.936175e-02
2.894200e+03, 1.543765e-01, 8.495015e-01, 6.903182e-02, 5.907476e-02, 1.102066e-01, -2.104887e+00, -1.379890e+00, 2.845016e+00, 6.717796e-10, 4.634804e-10, 9.006159e-10, 5.075584e-10, 6.811880e+01, 3.477282e-02
2.898000e+03, 1.561247e-01, 8.492993e-01, 6.864897e-02, 5.901038e-02, 9.416715e-02, -2.115953e+00, -1.401393e+00, 2.832897e+00, 6.675034e-10, 4.633027e-10, 9.066242e-10, 5.053951e-10, 6.839906e+01, 3.008465e-02
2.901800e+03, 1.578618e-01, 8.490969e-01, 6.826482e-02, 5.894476e-02, 7.822977e-02, -2.127015e+00, -1.423040e+00, 2.820830e+00, 6.633617e-10, 4.631406e-10, 9.127044e-10, 5.032416e-10, 6.867386e+01, 2.529900e-02
2.905600e+03, 1.595875e-01, 8.488933e-01, 6.787961e-02, 5.887782e-02, 6.239128e-02, -2.138073e+00, -1.444832e+00, 2.808815e+00, 6.594124e-10, 4.629417e-10, 9.189965e-10, 5.009827e-10, 6.894295e+01, 2.041807e-02
2.909400e+03, 1.613025e-01, 8.486897e-01, 6.749363e-02, 5.880965e-02, 4.664708e-02, -2.149126e+00, -1.466774e+00, 2.796853e+00, 6.555952e-10, 4.628134e-10, 9.253760e-10, 4.988383e-10, 6.920623e+01, 1.544375e-02
2.913200e+03, 1.630053e-01, 8.484835e-01, 6.710699e-02, 5.874032e-02, 3.099402e-02, -2.160176e+00, -1.488868e+00, 2.784943e+00, 6.519224e-10, 4.626341e-10, 9.318994e-10, 4.965114e-10, 6.946328e+01, 1.037815e-02
2.917000e+03, 1.646956e-01, 8.482781e-01, 6.671998e-02, 5.866988e-02, 1.542865e-02, -2.171222e+00, -1.511118e+00, 2.773088e+00, 6.483955e-10, 4.624577e-10, 9.385506e-10, 4.942895e-10, 6.971387e+01, 5.223499e-03
2.920800e+03, 1.663740e-01, 8.480711e-01, 6.633286e-02, 5.859839e-02, -5.250905e-05, -2.182264e+00, -1.533527e+00, 2.761287e+00, 6.449945e-10, 4.622826e-10, 9.453427e-10, 4.919423e-10, 6.995787e+01, -1.796969e-05
2.924600e+03, 1.680401e-01, 8.478641e-01, 6.594582e-02, 5.852593e-02, -1.545247e-02, -2.193301e+00, -1.556098e+00, 2.749541e+00, 6.417302e-10, 4.621241e-10, 9.522654e-10, 4.896245e-10, 7.019503e+01, -5.343909e-03
2.928400e+03, 1.696923e-01, 8.476563e-01, 6.555902e-02, 5.845254e-02, -3.077448e-02, -2.204335e+00, -1.578835e+00, 2.737851e+00, 6.385716e-10, 4.619540e-10, 9.593259e-10, 4.872378e-10, 7.042494e+01, -1.075195e-02
2.932200e+03, 1.713324e-01, 8.474477e-01, 6.517290e-02, 5.837831e-02, -4.602108e-02, -2.215365e+00, -1.601740e+00, 2.726217e+00, 6.355352e-10, 4.617721e-10, 9.665239e-10, 4.849012e-10, 7.064764e+01, -1.623956e-02
2.936000e+03, 1.729598e-01, 8.472383e-01, 6.478761e-02, 5.830317e-02, -6.119519e-02, -2.226390e+00, -1.624817e+00, 2.714640e+00, 6.326108e-10, 4.616170e-10, 9.738528e-10, 4.824576e-10, 7.086288e+01, -2.180433e-02
2.939800e+03, 1.745729e-01, 8.470289e-01, 6.440338e-02, 5.822733e-02, -7.629947e-02, -2.237412e+00, -1.648068e+00, 2.703120e+00, 6.297938e-10, 4.614177e-10, 9.813234e-10, 4.800256e-10, 7.107024e+01, -2.744348e-02
2.943600e+03, 1.761723e-01, 8.468200e-01, 6.402054e-02, 5.815079e-02, -9.133649e-02, -2.248429e+00, -1.671499e+00, 2.691659e+00, 6.270549e-10, 4.612667e-10, 9.889318e-10, 4.776662e-10, 7.126964e+01, -3.315443e-02
2.947400e+03, 1.777585e-01, 8.466102e-01, 6.363931e-02, 5.807366e-02, -1.063081e-01, -2.259442e+00, -1.695110e+00, 2.680255e+00, 6.244417e-10, 4.610717e-10, 9.966531e-10, 4.750849e-10, 7.146095e+01, -3.893439e-02
2.951200e+03, 1.793299e-01, 8.464001e-01, 6.326009e-02, 5.799591e-02, -1.212174e-01, -2.270451e+00, -1.718907e+00, 2.668911e+00, 6.219002e-10, 4.609330e-10, 1.004532e-09, 4.725984e-10, 7.164379e+01, -4.478051e-02
2.955000e+03, 1.808879e-01, 8.461895e-01, 6.288309e-02, 5.791775e-02, -1.360659e-01, -2.281456e+00, -1.742891e+00, 2.657628e+00, 6.195016e-10, 4.607484e-10, 1.012504e-09, 4.701395e-10, 7.181820e+01, -5.069017e-02
2.958800e+03, 1.824299e-01, 8.459793e-01, 6.250861e-02, 5.783913e-02, -1.508572e-01, -2.292457e+00, -1.767066e+00, 2.646402e+00, 6.171110e-10, 4.605859e-10, 1.020618e-09, 4.675740e-10, 7.198365e+01, -5.666020e-02
2.962600e+03, 1.839584e-01, 8.457698e-01, 6.213702e-02, 5.776012e-02, -1.655914e-01, -2.303454e+00, -1.791434e+00, 2.635239e+00, 6.148370e-10, 4.604050e-10, 1.028847e-09, 4.650230e-10, 7.214034e+01, -6.268773e-02
2.966400e+03, 1.854716e-01, 8.455597e-01, 6.176861e-02, 5.768089e-02, -1.802713e-01, -2.314446e+00, -1.815999e+00, 2.624136e+00, 6.126550e-10, 4.602130e-10, 1.037253e-09, 4.624896e-10, 7.228789e+01, -6.876957e-02
2.970200e+03, 1.869699e-01, 8.453501e-01, 6.140368e-02, 5.760136e-02, -1.948991e-01, -2.325434e+00, -1.840764e+00, 2.613093e+00, 6.105389e-10, 4.600400e-10, 1.045598e-09, 4.598612e-10, 7.242621e+01, -7.490295e-02
2.974000e+03, 1.884526e-01, 8.451402e-01, 6.104262e-02, 5.752175e-02, -2.094764e-01, -2.336418e+00, -1.865729e+00, 2.602114e+00, 6.084197e-10, 4.598882e-10, 1.054258e-09, 4.572672e-10, 7.255509e+01, -8.108442e-02
2.977800e+03, 1.899210e-01, 8.449305e-01, 6.068568e-02, 5.744213e-02, -2.240031e-01, -2.347399e+00, -1.890901e+00, 2.591196e+00, 6.065315e-10, 4.597215e-10, 1.062882e-09, 4.546183e-10, 7.267461e+01, -8.731078e-02
2.981600e+03, 1.913724e-01, 8.447210e-01, 6.033336e-02, 5.736238e-02, -2.384847e-01, -2.358375e+00, -1.916278e+00, 2.580341e+00, 6.046204e-10, 4.595389e-10, 1.071654e-09, 4.520209e-10, 7.278424e+01, -9.357910e-02
2.985400e+03, 1.928081e-01, 8.445127e-01, 5.998592e-02, 5.728272e-02, -2.529207e-01, -2.369347e+00, -1.941865e+00, 2.569549e+00, 6.027508e-10, 4.593754e-10, 1.080454e-09, 4.493440e-10, 7.288407e+01, -9.988593e-02
2.989200e+03, 1.942281e-01, 8.443048e-01, 5.964380e-02, 5.720327e-02, -2.673120e-01, -2.380315e+00, -1.967662e+00, 2.558820e+00, 6.009790e-10, 4.591965e-10, 1.089388e-09, 4.466638e-10, 7.297407e+01, -1.062280e-01
2.993000e+03, 1.956319e-01, 8.440971e-01, 5.930723e-02, 5.712395e-02, -2.816611e-01, -2.391279e+00, -1.993673e+00, 2.548156e+00, 5.992707e-10, 4.589656e-10, 1.098299e-09, 4.440175e-10, 7.305403e+01, -1.126019e-01
2.996800e+03, 1.970194e-01, 8.438901e-01, 5.897672e-02, 5.704499e-02, -2.959693e-01, -2.402237e+00, -2.019896e+00, 2.537554e+00, 5.975421e-10, 4.588590e-10, 1.107326e-09, 4.413187e-10, 7.312391e+01, -1.190045e-01
3.000600e+03, 1.983909e-01, 8.436835e-01, 5.865272e-02, 5.696641e-02, -3.102363e-01, -2.413193e+00, -2.046334e+00, 2.527017e+00, 5.960466e-10, 4.586992e-10, 1.116358e-09, 4.386242e-10, 7.318368e+01, -1.254319e-01
3.004400e+03, 1.997446e-01, 8.434779e-01, 5.833552e-02, 5.688829e-02, -3.244676e-01, -2.424145e+00, -2.072989e+00, 2.516545e+00, 5.944237e-10, 4.584852e-10, 1.125379e-09, 4.359297e-10, 7.323302e+01, -1.318814e-01
3.008200e+03, 2.010823e-01, 8.432735e-01, 5.802561e-02, 5.681070e-02, -3.386601e-01, -2.435092e+00, -2.099858e+00, 2.506136e+00, 5.928888e-10, 4.583622e-10, 1.134443e-09, 4.331273e-10, 7.327222e+01, -1.383491e-01
3.012000e+03, 2.024034e-01, 8.430696e-01, 5.772329e-02, 5.673375e-02, -3.528160e-01, -2.446036e+00, -2.126944e+00, 2.495795e+00, 5.914892e-10, 4.581535e-10, 1.143462e-09, 4.304641e-10, 7.330110e+01, -1.448315e-01
3.015800e+03, 2.037067e-01, 8.428658e-01, 5.742904e-02, 5.665742e-02, -3.669384e-01, -2.456975e+00, -2.154246e+00, 2.485517e+00, 5.901181e-10, 4.580228e-10, 1.152515e-09, 4.277441e-10, 7.331952e+01, -1.513255e-01
3.019600e+03, 2.049925e-01, 8.426640e-01, 5.714328e-02, 5.658187e-02, -3.810282e-01, -2.467911e+00, -2.181763e+00, 2.475304e+00, 5.887754e-10, 4.578041e-10, 1.161422e-09, 4.250644e-10, 7.332749e+01, -1.578274e-01
3.023400e+03, 2.062606e-01, 8.424637e-01, 5.686640e-02, 5.650725e-02, -3.950858e-01, -2.478841e+00, -2.209494e+00, 2.465155e+00, 5.874184e-10, 4.576469e-10, 1.170294e-09, 4.222470e-10, 7.332501e+01, -1.643337e-01
3.027200e+03, 2.075120e-01, 8.422634e-01, 5.659901e-02, 5.643351e-02, -4.091111e-01, -2.489768e+00, -2.237436e+00, 2.455074e+00, 5.861290e-10, 4.575344e-10, 1.179066e-09, 4.195666e-10, 7.331227e+01, -1.708413e-01
3.031000e+03, 2.087456e-01, 8.420642e-01, 5.634131e-02, 5.636079e-02, -4.231056e-01, -2.500692e+00, -2.265587e+00, 2.445056e+00, 5.850088e-10, 4.573246e-10, 1.187756e-09, 4.168084e-10, 7.328914e+01, -1.773463e-01
3.034800e+03, 2.099605e-01, 8.418671e-01, 5.609389e-02, 5.628924e-02, -4.370733e-01, -2.511611e+00, -2.293946e+00, 2.435104e+00, 5.837158e-10, 4.571778e-10, 1.196269e-09, 4.140074e-10, 7.325551e+01, -1.838456e-01
3.038600e+03, 2.111583e-01, 8.416705e-01, 5.585713e-02, 5.621882e-02, -4.510101e-01, -2.522527e+00, -2.322508e+00, 2.425219e+00, 5.826790e-10, 4.569622e-10, 1.204586e-09, 4.113865e-10, 7.321172e+01, -1.903356e-01
3.042400e+03, 2.123372e-01, 8.414758e-01, 5.563138e-02, 5.614974e-02, -4.649222e-01, -2.533437e+00, -2.351269e+00, 2.415397e+00, 5.815550e-10, 4.568802e-10, 1.212739e-09, 4.086121e-10, 7.315752e+01, -1.968131e-01
3.046200e+03, 2.134979e-01, 8.412818e-01, 5.541718e-02, 5.608194e-02, -4.788075e-01, -2.544346e+00, -2.380225e+00, 2.405641e+00, 5.804834e-10, 4.566855e-10, 1.220699e-09, 4.059538e-10, 7.309313e+01, -2.032744e-01
3.050000e+03, 2.146402e-01, 8.410906e-01, 5.521491e-02, 5.601558e-02, -4.926672e-01, -2.555250e+00, -2.409370e+00, 2.395948e+00, 5.794054e-10, 4.565283e-10, 1.228338e-09, 4.031949e-10, 7.301860e+01, -2.097163e-01
3.053800e+03, 2.157649e-01, 8.408997e-01, 5.502492e-02, 5.595082e-02, -5.065011e-01, -2.566150e+00, -2.438698e+00, 2.386322e+00, 5.784504e-10, 4.563671e-10, 1.235779e-09, 4.005387e-10, 7.293416e+01, -2.161361e-01
3.057600e+03, 2.168697e-01, 8.407111e-01, 5.484778e-02, 5.588768e-02, -5.203123e-01, -2.577046e+00, -2.468204e+00, 2.376758e+00, 5.776781e-10, 4.561881e-10, 1.242845e-09, 3.978777e-10, 7.283960e+01, -2.225289e-01
3.061400e+03, 2.179559e-01, 8.405240e-01, 5.468376e-02, 5.582617e-02, -5.341050e-01, -2.587938e+00, -2.497878e+00, 2.367259e+00, 5.765822e-10, 4.560606e-10, 1.249609e-09, 3.951575e-10, 7.273514e+01, -2.288945e-01
3.065200e+03, 2.190233e-01, 8.403385e-01, 5.453330e-02, 5.576655e-02, -5.478715e-01, -2.598827e+00, -2.527714e+00, 2.357824e+00, 5.755959e-10, 4.558735e-10, 1.256064e-09, 3.925842e-10, 7.262104e+01, -2.352262e-01
3.069000e+03, 2.200718e-01, 8.401545e-01, 5.439666e-02, 5.570874e-02, -5.616145e-01, -2.609711e+00, -2.557704e+00, 2.348450e+00, 5.748219e-10, 4.557628e-10, 1.262042e-09, 3.899421e-10, 7.249737e+01, -2.415217e-01
3.072800e+03, 2.211004e-01, 8.399727e-01, 5.427432e-02, 5.565301e-02, -5.753390e-01, -2.620593e+00, -2.587836e+00, 2.339140e+00, 5.739527e-10, 4.555912e-10, 1.267680e-09, 3.872836e-10, 7.236411e+01, -2.477785e-01
3.076600e+03, 2.221107e-01, 8.397931e-01, 5.416669e-02, 5.559924e-02, -5.890428e-01, -2.631471e+00, -2.618104e+00, 2.329893e+00, 5.734007e-10, 4.554460e-10, 1.272838e-09, 3.847613e-10, 7.222165e+01, -2.539942e-01
3.080400e+03, 2.231008e-01, 8.396147e-01, 5.407391e-02, 5.554766e-02, -6.027333e-01, -2.642345e+00, -2.648494e+00, 2.320707e+00, 5.723340e-10, 4.552881e-10, 1.277619e-09, 3.822148e-10, 7.206980e+01, -2.601665e-01
3.084200e+03, 2.240719e-01, 8.394391e-01, 5.399633e-02, 5.549833e-02, -6.163985e-01, -2.653216e+00, -2.678999e+00, 2.311581e+00, 5.717502e-10, 4.551566e-10, 1.281825e-09, 3.796425e-10, 7.190914e+01, -2.662892e-01
3.088000e+03, 2.250228e-01, 8.392653e-01, 5.393429e-02, 5.545128e-02, -6.300496e-01, -2.664083e+00, -2.709604e+00, 2.302517e+00, 5.710610e-10, 4.550088e-10, 1.285536e-09, 3.771425e-10, 7.173948e+01, -2.723618e-01
3.091800e+03, 2.259548e-01, 8.390928e-01, 5.388810e-02, 5.540669e-02, -6.436843e-01, -2.674947e+00, -2.740297e+00, 2.293512e+00, 5.703009e-10, 4.548671e-10, 1.288746e-09, 3.747167e-10, 7.156124e+01, -2.783825e-01
3.095600e+03, 2.268658e-01, 8.389240e-01, 5.385784e-02, 5.536461e-02, -6.573009e-01, -2.685808e+00, -2.771067e+00, 2.284565e+00, 5.698414e-10, 4.547085e-10, 1.291537e-09, 3.722568e-10, 7.137440e+01, -2.843448e-01
3.099400e+03, 2.277575e-01, 8.387561e-01, 5.384381e-02, 5.532508e-02, -6.709065e-01, -2.696664e+00, -2.801904e+00, 2.275677e+00, 5.689513e-10, 4.545988e-10, 1.293521e-09, 3.698675e-10, 7.117923e+01, -2.902507e-01
3.103200e+03, 2.286286e-01, 8.385912e-01, 5.384615e-02, 5.528818e-02, -6.844908e-01, -2.707518e+00, -2.832788e+00, 2.266846e+00, 5.684677e-10, 4.544511e-10, 1.295208e-09, 3.675845e-10, 7.097602e+01, -2.960923e-01
3.107000e+03, 2.294801e-01, 8.384278e-01, 5.386500e-02, 5.525417e-02, -6.980636e-01, -2.718369e+00, -2.863713e+00, 2.258070e+00, 5.678436e-10, 4.543032e-10, 1.296197e-09, 3.652210e-10, 7.076489e+01, -3.018715e-01
3.110800e+03, 2.303118e-01, 8.382684e-01, 5.390057e-02, 5.522288e-02, -7.116215e-01, -2.729216e+00, -2.894661e+00, 2.249350e+00, 5.673236e-10, 4.541896e-10, 1.296631e-09, 3.629570e-10, 7.054613e+01, -3.075844e-01
3.114600e+03, 2.311219e-01, 8.381097e-01, 5.395292e-02, 5.519461e-02, -7.251670e-01, -2.740060e+00, -2.925620e+00, 2.240684e+00, 5.668263e-10, 4.540279e-10, 1.296443e-09, 3.607647e-10, 7.031972e+01, -3.132270e-01
3.118400e+03, 2.319123e-01, 8.379545e-01, 5.402211e-02, 5.516929e-02, -7.387006e-01, -2.750900e+00, -2.956574e+00, 2.232070e+00, 5.661857e-10, 4.539416e-10, 1.295742e-09, 3.585568e-10, 7.008608e+01, -3.187995e-01
3.122200e+03, 2.326813e-01, 8.378015e-01, 5.410802e-02, 5.514720e-02, -7.522189e-01, -2.761739e+00, -2.987511e+00, 2.223509e+00, 5.658140e-10, 4.538119e-10, 1.294463e-09, 3.564774e-10, 6.984537e+01, -3.242961e-01
3.126000e+03, 2.334307e-01, 8.376512e-01, 5.421093e-02, 5.512821e-02, -7.657283e-01, -2.772574e+00, -3.018418e+00, 2.214998e+00, 5.653083e-10, 4.536200e-10, 1.292608e-09, 3.543913e-10, 6.959784e+01, -3.297191e-01
3.129800e+03, 2.341586e-01, 8.375033e-01, 5.433063e-02, 5.511248e-02, -7.792257e-01, -2.783405e+00, -3.049280e+00, 2.206536e+00, 5.648094e-10, 4.535885e-10, 1.290187e-09, 3.524620e-10, 6.934364e+01, -3.350627e-01
3.133600e+03, 2.348668e-01, 8.373579e-01, 5.446700e-02, 5.510011e-02, -7.927111e-01, -2.794235e+00, -3.080085e+00, 2.198121e+00, 5.643170e-10, 4.534173e-10, 1.287237e-09, 3.505189e-10, 6.908317e+01, -3.403274e-01
3.137400e+03, 2.355528e-01, 8.372162e-01, 5.462016e-02, 5.509126e-02, -8.061848e-01, -2.805061e+00, -3.110819e+00, 2.189752e+00, 5.640810e-10, 4.533245e-10, 1.283740e-09, 3.485329e-10, 6.881644e+01, -3.455074e-01
3.141200e+03, 2.362182e-01, 8.370769e-01, 5.478990e-02, 5.508585e-02, -8.196529e-01, -2.815884e+00, -3.141470e+00, 2.181430e+00, 5.637258e-10, 4.531705e-10, 1.279739e-09, 3.468032e-10, 6.854371e+01, -3.506052e-01
3.145000e+03, 2.368626e-01, 8.369396e-01, 5.497596e-02, 5.508405e-02, -8.331125e-01, -2.826704e+00, 3.111160e+00, 2.173150e+00, 5.631261e-10, 4.530964e-10, 1.275234e-09, 3.450722e-10, 6.826525e+01, -3.556173e-01
3.148800e+03, 2.374860e-01, 8.368059e-01, 5.517832e-02, 5.508586e-02, -8.465577e-01, -2.837522e+00, 3.080713e+00, 2.164911e+00, 5.630467e-10, 4.529591e-10, 1.270259e-09, 3.433180e-10, 6.798146e+01, -3.605402e-01
3.152600e+03, 2.380875e-01, 8.366754e-01, 5.539676e-02, 5.509147e-02, -8.600011e-01, -2.848337e+00, 3.050384e+00, 2.156714e+00, 5.624602e-10, 4.529036e-10, 1.264839e-09, 3.417690e-10, 6.769219e+01, -3.653744e-01
3.156400e+03, 2.386684e-01, 8.365469e-01, 5.563099e-02, 5.510096e-02, -8.734304e-01, -2.859151e+00, 3.020185e+00, 2.148554e+00, 5.623952e-10, 4.527669e-10, 1.258968e-09, 3.402359e-10, 6.739811e+01, -3.701166e-01
3.160200e+03, 2.392276e-01, 8.364219e-01, 5.588089e-02, 5.511421e-02, -8.868583e-01, -2.869961e+00, 2.990125e+00, 2.140430e+00, 5.619553e-10, 4.526289e-10, 1.252742e-09, 3.387139e-10, 6.709906e+01, -3.747673e-01
3.164000e+03, 2.397657e-01, 8.363006e-01, 5.614601e-02, 5.513150e-02, -9.002756e-01, -2.880768e+00, 2.960215e+00, 2.132343e+00, 5.616597e-10, 4.525739e-10, 1.246057e-09, 3.374153e-10, 6.679556e+01, -3.793232e-01
3.167800e+03, 2.402823e-01, 8.361818e-01, 5.642625e-02, 5.515279e-02, -9.136858e-01, -2.891574e+00, 2.930464e+00, 2.124287e+00, 5.615128e-10, 4.524706e-10, 1.239104e-09, 3.361065e-10, 6.648773e+01, -3.837831e-01
3.171600e+03, 2.407766e-01, 8.360657e-01, 5.672118e-02, 5.517813e-02, -9.270925e-01, -2.902377e+00, 2.900879e+00, 2.116262e+00, 5.610984e-10, 4.523781e-10, 1.231742e-09, 3.348640e-10, 6.617566e+01, -3.881454e-01
3.175400e+03, 2.412500e-01, 8.359536e-01, 5.703054e-02, 5.520773e-02, -9.404894e-01, -2.913178e+00, 2.871470e+00, 2.108267e+00, 5.609732e-10, 4.522723e-10, 1.224210e-09, 3.337368e-10, 6.585986e+01, -3.924093e-01
3.179200e+03, 2.417012e-01, 8.358445e-01, 5.735407e-02, 5.524155e-02, -9.538832e-01, -2.923977e+00, 2.842240e+00, 2.100298e+00, 5.608176e-10, 4.522144e-10, 1.216301e-09, 3.327259e-10, 6.554030e+01, -3.965732e-01
3.183000e+03, 2.421317e-01, 8.357384e-01, 5.769121e-02, 5.527954e-02, -9.672734e-01, -2.934774e+00, 2.813200e+00, 2.092354e+00, 5.606182e-10, 4.521061e-10, 1.208170e-09, 3.317745e-10, 6.521731e+01, -4.006380e-01
3.186800e+03, 2.425391e-01, 8.356356e-01, 5.804183e-02, 5.532194e-02, -9.806588e-01, -2.945568e+00, 2.784353e+00, 2.084433e+00, 5.603900e-10, 4.520451e-10, 1.199871e-09, 3.308332e-10, 6.489102e+01, -4.045986e-01
3.190600e+03, 2.429247e-01, 8.355360e-01, 5.840535e-02, 5.536869e-02, -9.940387e-01, -2.956361e+00, 2.755705e+00, 2.076534e+00, 5.602672e-10, 4.519822e-10, 1.191333e-09, 3.300784e-10, 6.456175e+01, -4.084557e-01
3.194400e+03, 2.432893e-01, 8.354397e-01, 5.878158e-02, 5.541992e-02, -1.007416e+00, -2.967153e+00, 2.727261e+00, 2.068653e+00, 5.600632e-10, 4.518677e-10, 1.182638e-09, 3.294350e-10, 6.422970e+01, -4.122101e-01
3.198200e+03, 2.436318e-01, 8.353470e-01, 5.917007e-02, 5.547561e-02, -1.020788e+00, -2.977942e+00, 2.699024e+00, 2.060787e+00, 5.600235e-10, 4.518000e-10, 1.173880e-09, 3.288363e-10, 6.389508e+01, -4.158589e-01
3.202000e+03, 2.439516e-01, 8.352579e-01, 5.957042e-02, 5.553580e-02, -1.034159e+00, -2.988729e+00, 2.670996e+00, 2.052936e+00, 5.597083e-10, 4.517295e-10, 1.164963e-09, 3.283159e-10, 6.355797e+01, -4.194006e-01
3.205800e+03, 2.442495e-01, 8.351723e-01, 5.998214e-02, 5.560061e-02, -1.047523e+00, -2.999514e+00, 2.643181e+00, 2.045097e+00, 5.598771e-10, 4.517059e-10, 1.155883e-09, 3.279379e-10, 6.321880e+01, -4.228345e-01
3.209600e+03, 2.445261e-01, 8.350903e-01, 6.040499e-02, 5.567013e-02, -1.060890e+00, -3.010299e+00, 2.615583e+00, 2.037267e+00, 5.597460e-10, 4.516234e-10, 1.146857e-09, 3.276671e-10, 6.287751e+01, -4.261630e-01
3.213400e+03, 2.447797e-01, 8.350110e-01, 6.083843e-02, 5.574413e-02, -1.074255e+00, -3.021082e+00, 2.588201e+00, 2.029443e+00, 5.595687e-10, 4.515347e-10, 1.137712e-09, 3.274017e-10, 6.253441e+01, -4.293813e-01
3.217200e+03, 2.450116e-01, 8.349355e-01, 6.128220e-02, 5.582301e-02, -1.087615e+00, -3.031863e+00, 2.561037e+00, 2.021626e+00, 5.595633e-10, 4.515024e-10, 1.128635e-09, 3.273100e-10, 6.218979e+01, -4.324902e-01
3.221000e+03, 2.452208e-01, 8.348637e-01, 6.173584e-02, 5.590653e-02, -1.100975e+00, -3.042643e+00, 2.534089e+00, 2.013811e+00, 5.594300e-10, 4.514465e-10, 1.119411e-09, 3.273246e-10, 6.184370e+01, -4.354886e-01
3.224800e+03, 2.454076e-01, 8.347958e-01, 6.219883e-02, 5.599470e-02, -1.114332e+00, -3.053422e+00, 2.507362e+00, 2.005996e+00, 5.594690e-10, 4.513981e-10, 1.110283e-09, 3.274382e-10, 6.149642e+01, -4.383753e-01
3.228600e+03, 2.455734e-01, 8.347306e-01, 6.267091e-02, 5.608777e-02, -1.127690e+00, -3.064200e+00, 2.480853e+00, 1.998178e+00, 5.593829e-10, 4.513541e-10, 1.101212e-09, 3.275913e-10, 6.114810e+01, -4.411532e-01
3.232400e+03, 2.457160e-01, 8.346703e-01, 6.315173e-02, 5.618558e-02, -1.141046e+00, -3.074976e+00, 2.454560e+00, 1.990357e+00, 5.595146e-10, 4.513090e-10, 1.092113e-09, 3.278764e-10, 6.079890e+01, -4.438171e-01
3.236200e+03, 2.458366e-01, 8.346129e-01, 6.364079e-02, 5.628826e-02, -1.154405e+00, -3.085752e+00, 2.428485e+00, 1.982528e+00, 5.594327e-10, 4.512739e-10, 1.083061e-09, 3.282998e-10, 6.044893e+01, -4.463698e-01
3.240000e+03, 2.459344e-01, 8.345593e-01, 6.413766e-02, 5.639572e-02, -1.167762e+00, -3.096527e+00, 2.402626e+00, 1.974690e+00, 5.595291e-10, 4.512398e-10, 1.074173e-09, 3.287542e-10, 6.009845e+01, -4.488083e-01
3.243800e+03, 2.460108e-01, 8.345096e-01, 6.464204e-02, 5.650804e-02, -1.181122e+00, -3.107300e+00, 2.376979e+00, 1.966840e+00, 5.594781e-10, 4.512055e-10, 1.065321e-09, 3.293745e-10, 5.974759e+01, -4.511352e-01
3.247600e+03, 2.460634e-01, 8.344628e-01, 6.515352e-02, 5.662525e-02, -1.194480e+00, -3.118073e+00, 2.351543e+00, 1.958976e+00, 5.595866e-10, 4.511801e-10, 1.056476e-09, 3.299671e-10, 5.939652e+01, -4.533455e-01
3.251400e+03, 2.460947e-01, 8.344208e-01, 6.567180e-02, 5.674723e-02, -1.207841e+00, -3.128846e+00, 2.326318e+00, 1.951098e+00, 5.596475e-10, 4.511513e-10, 1.047836e-09, 3.308206e-10, 5.904539e+01, -4.554437e-01
3.255200e+03, 2.461033e-01, 8.343816e-01, 6.619638e-02, 5.687409e-02, -1.221203e+00, -3.139618e+00, 2.301300e+00, 1.943199e+00, 5.597224e-10, 4.511337e-10, 1.039235e-09, 3.317410e-10, 5.869435e+01, -4.574267e-01
3.259000e+03, 2.460897e-01, 8.343463e-01, 6.672691e-02, 5.700580e-02, -1.234567e+00, 3.132796e+00, 2.276487e+00, 1.935278e+00, 5.598007e-10, 4.511150e-10, 1.030765e-09, 3.326596e-10, 5.834356e+01, -4.592952e-01
3.262800e+03, 2.460534e-01, 8.343147e-01, 6.726319e-02, 5.714237e-02, -1.247933e+00, 3.122026e+00, 2.251877e+00, 1.927336e+00, 5.599233e-10, 4.511029e-10, 1.022489e-09, 3.337135e-10, 5.799315e+01, -4.610480e-01
3.266600e+03, 2.459948e-01, 8.342879e-01, 6.780478e-02, 5.728376e-02, -1.261301e+00, 3.111255e+00, 2.227464e+00, 1.919368e+00, 5.600540e-10, 4.510930e-10, 1.014236e-09, 3.349023e-10, 5.764326e+01, -4.626855e-01
3.270400e+03, 2.459144e-01, 8.342638e-01, 6.835135e-02, 5.742993e-02, -1.274673e+00, 3.100485e+00, 2.203248e+00, 1.911372e+00, 5.601427e-10, 4.510856e-10, 1.006170e-09, 3.361807e-10, 5.729404e+01, -4.642085e-01
3.274200e+03, 2.458106e-01, 8.342444e-01, 6.890240e-02, 5.758097e-02, -1.288047e+00, 3.089714e+00, 2.179224e+00, 1.903345e+00, 5.603070e-10, 4.510842e-10, 9.982065e-10, 3.374762e-10, 5.694562e+01, -4.656137e-01
3.278000e+03, 2.456848e-01, 8.342276e-01, 6.945785e-02, 5.773670e-02, -1.301425e+00, 3.078944e+00, 2.155391e+00, 1.895288e+00, 5.604921e-10, 4.510884e-10, 9.904793e-10, 3.389291e-10, 5.659813e+01, -4.669035e-01
3.281800e+03, 2.455372e-01, 8.342153e-01, 7.001728e-02, 5.789720e-02, -1.314808e+00, 3.068174e+00, 2.131742e+00, 1.887195e+00, 5.606127e-10, 4.510868e-10, 9.827662e-10, 3.404454e-10, 5.625168e+01, -4.680785e-01
3.285600e+03, 2.453663e-01, 8.342066e-01, 7.058036e-02, 5.806248e-02, -1.328193e+00, 3.057404e+00, 2.108277e+00, 1.879067e+00, 5.608001e-10, 4.510970e-10, 9.752112e-10, 3.420502e-10, 5.590642e+01, -4.691352e-01
3.289400e+03, 2.451734e-01, 8.342023e-01, 7.114672e-02, 5.823234e-02, -1.341583e+00, 3.046633e+00, 2.084993e+00, 1.870900e+00, 5.609865e-10, 4.511127e-10, 9.678787e-10, 3.437404e-10, 5.556246e+01, -4.700761e-01
3.293200e+03, 2.449577e-01, 8.342014e-01, 7.171619e-02, 5.840692e-02, -1.354977e+00, 3.035863e+00, 2.061884e+00, 1.862693e+00, 5.612308e-10, 4.511246e-10, 9.607147e-10, 3.454720e-10, 5.521991e+01, -4.708995e-01
3.297000e+03, 2.447204e-01, 8.342047e-01, 7.228838e-02, 5.858615e-02, -1.368377e+00, 3.025092e+00, 2.038946e+00, 1.854444e+00, 5.614407e-10, 4.511483e-10, 9.535730e-10, 3.473639e-10, 5.487887e+01, -4.716079e-01
3.300800e+03, 2.444609e-01, 8.342113e-01, 7.286307e-02, 5.876982e-02, -1.381782e+00, 3.014320e+00, 2.016178e+00, 1.846151e+00, 5.616402e-10, 4.511824e-10, 9.466926e-10, 3.492011e-10, 5.453948e+01, -4.721996e-01
3.304600e+03, 2.441782e-01, 8.342221e-01, 7.343991e-02, 5.895814e-02, -1.395192e+00, 3.003547e+00, 1.993575e+00, 1.837813e+00, 5.619088e-10, 4.511652e-10, 9.398698e-10, 3.512679e-10, 5.420183e+01, -4.726730e-01
3.308400e+03, 2.438735e-01, 8.342357e-01, 7.401872e-02, 5.915088e-02, -1.408608e+00, 2.992775e+00, 1.971135e+00, 1.829426e+00, 5.621771e-10, 4.512293e-10, 9.333166e-10, 3.533103e-10, 5.386601e+01, -4.730303e-01
3.312200e+03, 2.435470e-01, 8.342544e-01, 7.459915e-02, 5.934804e-02, -1.422030e+00, 2.982002e+00, 1.948851e+00, 1.820990e+00, 5.624437e-10, 4.513051e-10, 9.267571e-10, 3.553977e-10, 5.353214e+01, -4.732717e-01
3.316000e+03, 2.431988e-01, 8.342760e-01, 7.518095e-02, 5.954958e-02, -1.435459e+00, 2.971226e+00, 1.926723e+00, 1.812505e+00, 5.627171e-10, 4.512713e-10, 9.204800e-10, 3.575985e-10, 5.320032e+01, -4.733973e-01
3.319800e+03, 2.428270e-01, 8.343012e-01, 7.576375e-02, 5.975546e-02, -1.448895e+00, 2.960452e+00, 1.904746e+00, 1.803967e+00, 5.630227e-10, 4.513731e-10, 9.142625e-10, 3.598970e-10, 5.287063e+01, -4.734035e-01
3.323600e+03, 2.424345e-01, 8.343312e-01, 7.634756e-02, 5.996554e-02, -1.462338e+00, 2.949675e+00, 1.882917e+00, 1.795374e+00, 5.633200e-10, 4.513821e-10, 9.082616e-10, 3.621744e-10, 5.254318e+01, -4.732962e-01
3.327400e+03, 2.420185e-01, 8.343645e-01, 7.693195e-02, 6.017983e-02, -1.475788e+00, 2.938897e+00, 1.861231e+00, 1.786727e+00, 5.636696e-10, 4.514380e-10, 9.023078e-10, 3.644991e-10, 5.221804e+01, -4.730696e-01
3.331200e+03, 2.415819e-01, 8.344012e-01, 7.751678e-02, 6.039831e-02, -1.489246e+00, 2.928119e+00, 1.839687e+00, 1.778024e+00, 5.640021e-10, 4.514807e-10, 8.966105e-10, 3.669791e-10, 5.189531e+01, -4.727295e-01
3.335000e+03, 2.411226e-01, 8.344421e-01, 7.810181e-02, 6.062077e-02, -1.502712e+00, 2.917339e+00, 1.818280e+00, 1.769262e+00, 5.643553e-10, 4.515807e-10, 8.909389e-10, 3.695092e-10, 5.157506e+01, -4.722721e-01
3.338800e+03, 2.406407e-01, 8.344863e-01, 7.868669e-02, 6.084719e-02, -1.516187e+00, 2.906557e+00, 1.797008e+00, 1.760439e+00, 5.647146e-10, 4.516182e-10, 8.854926e-10, 3.719416e-10, 5.125739e+01, -4.716973e-01
3.342600e+03, 2.401381e-01, 8.345343e-01, 7.927128e-02, 6.107754e-02, -1.529670e+00, 2.895774e+00, 1.775866e+00, 1.751559e+00, 5.650999e-10, 4.516534e-10, 8.801651e-10, 3.745489e-10, 5.094237e+01, -4.710089e-01
3.346400e+03, 2.396135e-01, 8.345861e-01, 7.985548e-02, 6.131170e-02, -1.543162e+00, 2.884991e+00, 1.754851e+00, 1.742616e+00, 5.654921e-10, 4.517350e-10, 8.749297e-10, 3.771370e-10, 5.063009e+01, -4.702047e-01
3.350200e+03, 2.390659e-01, 8.346415e-01, 8.043887e-02, 6.154960e-02, -1.556664e+00, 2.874205e+00, 1.733961e+00, 1.733611e+00, 5.659078e-10, 4.518493e-10, 8.698722e-10, 3.798023e-10, 5.032061e+01, -4.692828e-01
3.354000e+03, 2.384980e-01, 8.347017e-01, 8.102132e-02, 6.179118e-02, -1.570176e+00, 2.863417e+00, 1.713192e+00, 1.724543e+00, 5.663314e-10, 4.518927e-10, 8.649351e-10, 3.824927e-10, 5.001401e+01, -4.682486e-01
3.357800e+03, 2.379078e-01, 8.347640e-01, 8.160269e-02, 6.203636e-02, -1.583697e+00, 2.852627e+00, 1.692540e+00, 1.715411e+00, 5.667717e-10, 4.519556e-10, 8.601035e-10, 3.852075e-10, 4.971036e+01, -4.670981e-01
3.361600e+03, 2.372959e-01, 8.348304e-01, 8.218284e-02, 6.228501e-02, -1.597230e+00, 2.841836e+00, 1.672004e+00, 1.706214e+00, 5.672249e-10, 4.520797e-10, 8.554053e-10, 3.879596e-10, 4.940974e+01, -4.658329e-01
3.365400e+03, 2.366631e-01, 8.349000e-01, 8.276141e-02, 6.253708e-02, -1.610773e+00, 2.831042e+00, 1.651581e+00, 1.696951e+00, 5.676915e-10, 4.521401e-10, 8.508359e-10, 3.907359e-10, 4.911220e+01, -4.644547e-01
3.369200e+03, 2.360091e-01, 8.349732e-01, 8.333822e-02, 6.279241e-02, -1.624327e+00, 2.820247e+00, 1.631266e+00, 1.687621e+00, 5.681843e-10, 4.522472e-10, 8.463857e-10, 3.935484e-10, 4.881783e+01, -4.629630e-01
3.373000e+03, 2.353325e-01, 8.350502e-01, 8.391330e-02, 6.305108e-02, -1.637893e+00, 2.809449e+00, 1.611058e+00, 1.678225e+00, 5.687032e-10, 4.523064e-10, 8.420489e-10, 3.963763e-10, 4.852667e+01, -4.613556e-01
3.376800e+03, 2.346351e-01, 8.351303e-01, 8.448616e-02, 6.331287e-02, -1.651471e+00, 2.798650e+00, 1.590953e+00, 1.668761e+00, 5.691831e-10, 4.523958e-10, 8.378392e-10, 3.992191e-10, 4.823880e+01, -4.596358e-01
3.380600e+03, 2.339175e-01, 8.352147e-01, 8.505690e-02, 6.357764e-02, -1.665061e+00, 2.787848e+00, 1.570948e+00, 1.659229e+00, 5.697645e-10, 4.525489e-10, 8.337361e-10, 4.020910e-10, 4.795428e+01, -4.578053e-01
3.384400e+03, 2.331773e-01, 8.353023e-01, 8.562531e-02, 6.384548e-02, -1.678665e+00, 2.777043e+00, 1.551042e+00, 1.649629e+00, 5.702908e-10, 4.526092e-10, 8.297431e-10, 4.049663e-10, 4.767316e+01, -4.558596e-01
3.388200e+03, 2.324170e-01, 8.353924e-01, 8.619105e-02, 6.411609e-02, -1.692281e+00, 2.766237e+00, 1.531231e+00, 1.639960e+00, 5.708871e-10, 4.527461e-10, 8.258599e-10, 4.078590e-10, 4.739550e+01, -4.538040e-01
3.392000e+03, 2.316352e-01, 8.354862e-01, 8.675411e-02, 6.438946e-02, -1.705912e+00, 2.755427e+00, 1.511513e+00, 1.630222e+00, 5.714337e-10, 4.528832e-10, 8.220867e-10, 4.107576e-10, 4.712137e+01, -4.516362e-01
3.395800e+03, 2.308334e-01, 8.355836e-01, 8.731432e-02, 6.466559e-02, -1.719556e+00, 2.744614e+00, 1.491884e+00, 1.620414e+00, 5.720749e-10, 4.529294e-10, 8.184157e-10, 4.136686e-10, 4.685083e+01, -4.493592e-01
3.399600e+03, 2.300101e-01, 8.356835e-01, 8.787152e-02, 6.494418e-02, -1.733215e+00, 2.733800e+00, 1.472344e+00, 1.610538e+00, 5.726942e-10, 4.530957e-10, 8.148407e-10, 4.165810e-10, 4.658391e+01, -4.469708e-01
3.403400e+03, 2.291669e-01, 8.357876e-01, 8.842544e-02, 6.522525e-02, -1.746888e+00, 2.722981e+00, 1.452889e+00, 1.600591e+00, 5.733275e-10, 4.531919e-10, 8.114101e-10, 4.195012e-10, 4.632068e+01, -4.444741e-01
3.407200e+03, 2.283030e-01, 8.358941e-01, 8.897611e-02, 6.550871e-02, -1.760577e+00, 2.712161e+00, 1.433515e+00, 1.590575e+00, 5.740166e-10, 4.533401e-10, 8.079900e-10, 4.224133e-10, 4.606119e+01, -4.418686e-01
3.411000e+03, 2.274181e-01, 8.360052e-01, 8.952329e-02, 6.579449e-02, -1.774282e+00, 2.701337e+00, 1.414224e+00, 1.580490e+00, 5.746696e-10, 4.534420e-10, 8.047627e-10, 4.253294e-10, 4.580550e+01, -4.391535e-01
3.414800e+03, 2.265133e-01, 8.361180e-01, 9.006691e-02, 6.608241e-02, -1.788003e+00, 2.690511e+00, 1.395009e+00, 1.570334e+00, 5.753929e-10, 4.535718e-10, 8.015535e-10, 4.282405e-10, 4.555365e+01, -4.363321e-01
3.418600e+03, 2.255883e-01, 8.362334e-01, 9.060670e-02, 6.637239e-02, -1.801741e+00, 2.679681e+00, 1.375871e+00, 1.560110e+00, 5.761300e-10, 4.537275e-10, 7.984858e-10, 4.311486e-10, 4.530569e+01, -4.334038e-01
3.422400e+03, 2.246432e-01, 8.363527e-01, 9.114264e-02, 6.666427e-02, -1.815497e+00, 2.668848e+00, 1.356806e+00, 1.549816e+00, 5.769067e-10, 4.538415e-10, 7.954783e-10, 4.340385e-10, 4.506167e+01, -4.303698e-01
3.426200e+03, 2.236774e-01, 8.364748e-01, 9.167456e-02, 6.695809e-02, -1.829271e+00, 2.658012e+00, 1.337813e+00, 1.539452e+00, 5.776150e-10, 4.540038e-10, 7.925679e-10, 4.369336e-10, 4.482164e+01, -4.272294e-01
3.430000e+03, 2.226931e-01, 8.366001e-01, 9.220240e-02, 6.725368e-02, -1.843063e+00, 2.647172e+00, 1.318890e+00, 1.529020e+00, 5.784599e-10, 4.541265e-10, 7.897351e-10, 4.398079e-10, 4.458564e+01, -4.239878e-01
3.433800e+03, 2.216878e-01, 8.367277e-01, 9.272585e-02, 6.755088e-02, -1.856874e+00, 2.636329e+00, 1.300034e+00, 1.518519e+00, 5.792634e-10, 4.542741e-10, 7.870228e-10, 4.426705e-10, 4.435373e+01, -4.206403e-01
3.437600e+03, 2.206636e-01, 8.368585e-01, 9.324505e-02, 6.784965e-02, -1.870704e+00, 2.625483e+00, 1.281243e+00, 1.507950e+00, 5.801229e-10, 4.544082e-10, 7.843932e-10, 4.455131e-10, 4.412594e+01, -4.171921e-01
3.441400e+03, 2.196198e-01, 8.369910e-01, 9.375967e-02, 6.814992e-02, -1.884556e+00, 2.614633e+00, 1.262515e+00, 1.497313e+00, 5.809235e-10, 4.545847e-10, 7.818122e-10, 4.483500e-10, 4.390232e+01, -4.136425e-01
3.445200e+03, 2.185575e-01, 8.371274e-01, 9.426966e-02, 6.845144e-02, -1.898426e+00, 2.603780e+00, 1.243848e+00, 1.486608e+00, 5.818812e-10, 4.547061e-10, 7.792807e-10, 4.511671e-10, 4.368291e+01, -4.099947e-01
3.449000e+03, 2.174751e-01, 8.372656e-01, 9.477495e-02, 6.875426e-02, -1.912319e+00, 2.592923e+00, 1.225242e+00, 1.475836e+00, 5.828147e-10, 4.548939e-10, 7.769134e-10, 4.539545e-10, 4.346776e+01, -4.062460e-01
3.452800e+03, 2.163736e-01, 8.374070e-01, 9.527534e-02, 6.905824e-02, -1.926234e+00, 2.582062e+00, 1.206692e+00, 1.464997e+00, 5.837627e-10, 4.550457e-10, 7.745428e-10, 4.567312e-10, 4.325690e+01, -4.023997e-01
3.456600e+03, 2.152532e-01, 8.375507e-01, 9.577080e-02, 6.936322e-02, -1.940172e+00, 2.571197e+00, 1.188199e+00, 1.454092e+00, 5.846685e-10, 4.552053e-10, 7.723078e-10, 4.594766e-10, 4.305039e+01, -3.984569e-01
3.460400e+03, 2.141150e-01, 8.376965e-01, 9.626128e-02, 6.966926e-02, -1.954132e+00, 2.560329e+00, 1.169760e+00, 1.443122e+00, 5.857654e-10, 4.553459e-10, 7.701236e-10, 4.622139e-10, 4.284825e+01, -3.944209e-01
3.464200e+03, 2.129572e-01, 8.378446e-01, 9.674644e-02, 6.997601e-02, -1.968118e+00, 2.549457e+00, 1.151372e+00, 1.432086e+00, 5.868023e-10, 4.555361e-10, 7.680264e-10, 4.649252e-10, 4.265052e+01, -3.902892e-01
3.468000e+03, 2.117808e-01, 8.379954e-01, 9.722649e-02, 7.028352e-02, -1.982128e+00, 2.538580e+00, 1.133035e+00, 1.420985e+00, 5.878208e-10, 4.556940e-10, 7.659682e-10, 4.675964e-10, 4.245725e+01, -3.860649e-01
3.471800e+03, 2.105869e-01, 8.381478e-01, 9.770115e-02, 7.059165e-02, -1.996163e+00, 2.527700e+00, 1.114746e+00, 1.409821e+00, 5.889421e-10, 4.558738e-10, 7.639566e-10, 4.702380e-10, 4.226847e+01, -3.817513e-01
3.475600e+03, 2.093746e-01, 8.383027e-01, 9.817033e-02, 7.090044e-02, -2.010225e+00, 2.516816e+00, 1.096506e+00, 1.398594e+00, 5.901077e-10, 4.560332e-10, 7.620888e-10, 4.728371e-10, 4.208422e+01, -3.773478e-01
3.479400e+03, 2.081440e-01, 8.384607e-01, 9.863394e-02, 7.120953e-02, -2.024314e+00, 2.505927e+00, 1.078310e+00, 1.387304e+00, 5.912444e-10, 4.562219e-10, 7.602504e-10, 4.754763e-10, 4.190454e+01, -3.728558e-01
3.483200e+03, 2.068959e-01, 8.386191e-01, 9.909197e-02, 7.151900e-02, -2.038431e+00, 2.495035e+00, 1.060158e+00, 1.375952e+00, 5.925283e-10, 4.563724e-10, 7.584845e-10, 4.780086e-10, 4.172945e+01, -3.682786e-01
3.487000e+03, 2.056297e-01, 8.387805e-01, 9.954420e-02, 7.182867e-02, -2.052578e+00, 2.484138e+00, 1.042049e+00, 1.364539e+00, 5.936616e-10, 4.566029e-10, 7.567674e-10, 4.805887e-10, 4.155900e+01, -3.636157e-01
3.490800e+03, 2.043469e-01, 8.389441e-01, 9.999071e-02, 7.213861e-02, -2.066752e+00, 2.473236e+00, 1.023980e+00, 1.353064e+00, 5.950405e-10, 4.567356e-10, 7.551282e-10, 4.830440e-10, 4.139322e+01, -3.588723e-01
3.494600e+03, 2.030459e-01, 8.391093e-01, 1.004313e-01, 7.244842e-02, -2.080960e+00, 2.462331e+00, 1.005951e+00, 1.341531e+00, 5.962573e-10, 4.569201e-10, 7.535396e-10, 4.855454e-10, 4.123214e+01, -3.540461e-01
3.498400e+03, 2.017283e-01, 8.392760e-01, 1.008659e-01, 7.275827e-02, -2.095196e+00, 2.451422e+00, 9.879590e-01, 1.329938e+00, 5.977347e-10, 4.570857e-10, 7.520467e-10, 4.879669e-10, 4.107582e+01, -3.491425e-01
3.502200e+03, 2.003935e-01, 8.394447e-01, 1.012945e-01, 7.306799e-02, -2.109467e+00, 2.440508e+00, 9.700031e-01, 1.318287e+00, 5.991787e-10, 4.572972e-10, 7.505616e-10, 4.903730e-10, 4.092423e+01, -3.441610e-01
3.506000e+03, 1.990412e-01, 8.396142e-01, 1.017170e-01, 7.337740e-02, -2.123773e+00, 2.429590e+00, 9.520826e-01, 1.306579e+00, 6.005962e-10, 4.574956e-10, 7.491891e-10, 4.927405e-10, 4.077746e+01, -3.391032e-01
3.509800e+03, 1.976734e-01, 8.397860e-01, 1.021332e-01, 7.368654e-02, -2.138113e+00, 2.418667e+00, 9.341949e-01, 1.294814e+00, 6.021346e-10, 4.576704e-10, 7.478142e-10, 4.951045e-10, 4.063548e+01, -3.339746e-01
3.513600e+03, 1.962890e-01, 8.399592e-01, 1.025432e-01, 7.399525e-02, -2.152490e+00, 2.407739e+00, 9.163400e-01, 1.282993e+00, 6.035683e-10, 4.578269e-10, 7.465453e-10, 4.974022e-10, 4.049835e+01, -3.287748e-01
3.517400e+03, 1.948887e-01, 8.401339e-01, 1.029468e-01, 7.430341e-02, -2.166901e+00, 2.396808e+00, 8.985154e-01, 1.271117e+00, 6.053121e-10, 4.580353e-10, 7.453356e-10, 4.996404e-10, 4.036612e+01, -3.235076e-01
3.521200e+03, 1.934718e-01, 8.403104e-01, 1.033440e-01, 7.461095e-02, -2.181353e+00, 2.385872e+00, 8.807197e-01, 1.259187e+00, 6.069490e-10, 4.582236e-10, 7.441599e-10, 5.018789e-10, 4.023879e+01, -3.181725e-01
3.525000e+03, 1.920389e-01, 8.404874e-01, 1.037348e-01, 7.491777e-02, -2.195845e+00, 2.374931e+00, 8.629521e-01, 1.247205e+00, 6.084687e-10, 4.584305e-10, 7.430413e-10, 5.040704e-10, 4.011640e+01, -3.127734e-01
3.528800e+03, 1.905905e-01, 8.406659e-01, 1.041190e-01, 7.522379e-02, -2.210373e+00, 2.363986e+00, 8.452111e-01, 1.235169e+00, 6.104818e-10, 4.586545e-10, 7.419615e-10, 5.062215e-10, 3.999902e+01, -3.073139e-01
3.532600e+03, 1.891265e-01, 8.408454e-01, 1.044966e-01, 7.552888e-02, -2.224949e+00, 2.353035e+00, 8.274960e-01, 1.223083e+00, 6.122369e-10, 4.587907e-10, 7.409775e-10, 5.083714e-10, 3.988656e+01, -3.017939e-01
3.536400e+03, 1.876483e-01, 8.410261e-01, 1.048676e-01, 7.583308e-02, -2.239567e+00, 2.342081e+00, 8.098043e-01, 1.210945e+00, 6.141355e-10, 4.590159e-10, 7.400056e-10, 5.104602e-10, 3.977908e+01, -2.962193e-01
3.540200e+03, 1.861546e-01, 8.412074e-01, 1.052318e-01, 7.613613e-02, -2.254230e+00, 2.331121e+00, 7.921359e-01, 1.198757e+00, 6.160517e-10, 4.592244e-10, 7.391329e-10, 5.124878e-10, 3.967665e+01, -2.905899e-01
3.544000e+03, 1.846450e-01, 8.413896e-01, 1.055894e-01, 7.643811e-02, -2.268939e+00, 2.320157e+00, 7.744883e-01, 1.186521e+00, 6.182110e-10, 4.593792e-10, 7.382771e-10, 5.144694e-10, 3.957932e+01, -2.849075e-01
3.547800e+03, 1.831224e-01, 8.415735e-01, 1.059401e-01, 7.673877e-02, -2.283699e+00, 2.309189e+00, 7.568611e-01, 1.174237e+00, 6.201792e-10, 4.595905e-10, 7.374685e-10, 5.164506e-10, 3.948695e+01, -2.791784e-01
3.551600e+03, 1.815844e-01, 8.417578e-01, 1.062839e-01, 7.703822e-02, -2.298507e+00, 2.298215e+00, 7.392532e-01, 1.161906e+00, 6.223551e-10, 4.597906e-10, 7.367359e-10, 5.183993e-10, 3.939974e+01, -2.734022e-01
3.555400e+03, 1.800325e-01, 8.419413e-01, 1.066208e-01, 7.733619e-02, -2.313366e+00, 2.287237e+00, 7.216628e-01, 1.149529e+00, 6.245531e-10, 4.599981e-10, 7.359998e-10, 5.202583e-10, 3.931762e+01, -2.675832e-01
3.559200e+03, 1.784676e-01, 8.421276e-01, 1.069507e-01, 7.763270e-02, -2.328278e+00, 2.276255e+00, 7.040900e-01, 1.137107e+00, 6.270869e-10, 4.602052e-10, 7.353942e-10, 5.221265e-10, 3.924059e+01, -2.617254e-01
3.563000e+03, 1.768877e-01, 8.423127e-01, 1.072736e-01, 7.792762e-02, -2.343250e+00, 2.265267e+00, 6.865317e-01, 1.124641e+00, 6.293189e-10, 4.603854e-10, 7.347894e-10, 5.239868e-10, 3.916870e+01, -2.558268e-01
3.566800e+03, 1.752950e-01, 8.424993e-01, 1.075895e-01, 7.822091e-02, -2.358276e+00, 2.254274e+00, 6.689878e-01, 1.112130e+00, 6.317308e-10, 4.605953e-10, 7.342380e-10, 5.256768e-10, 3.910196e+01, -2.498957e-01
3.570600e+03, 1.736882e-01, 8.426856e-01, 1.078984e-01, 7.851247e-02, -2.373359e+00, 2.243277e+00, 6.514570e-01, 1.099579e+00, 6.344924e-10, 4.607827e-10, 7.337188e-10, 5.274895e-10, 3.904044e+01, -2.439321e-01
3.574400e+03, 1.720695e-01, 8.428730e-01, 1.082000e-01, 7.880226e-02, -2.388508e+00, 2.232275e+00, 6.339387e-01, 1.086985e+00, 6.371038e-10, 4.609636e-10, 7.332713e-10, 5.291440e-10, 3.898399e+01, -2.379405e-01
3.578200e+03, 1.704376e-01, 8.430601e-01, 1.084945e-01, 7.909018e-02, -2.403720e+00, 2.221269e+00, 6.164310e-01, 1.074351e+00, 6.397218e-10, 4.612006e-10, 7.328687e-10, 5.307925e-10, 3.893277e+01, -2.319229e-01
3.582000e+03, 1.687931e-01, 8.432471e-01, 1.087818e-01, 7.937601e-02, -2.418994e+00, 2.210258e+00, 5.989330e-01, 1.061678e+00, 6.428790e-10, 4.613837e-10, 7.325079e-10, 5.324557e-10, 3.888676e+01, -2.258836e-01
3.585800e+03, 1.671363e-01, 8.434346e-01, 1.090620e-01, 7.965993e-02, -2.434343e+00, 2.199242e+00, 5.814435e-01, 1.048965e+00, 6.456864e-10, 4.615929e-10, 7.321880e-10, 5.340054e-10, 3.884589e+01, -2.198229e-01
3.589600e+03, 1.654676e-01, 8.436220e-01, 1.093349e-01, 7.994172e-02, -2.449760e+00, 2.188221e+00, 5.639617e-01, 1.036215e+00, 6.488396e-10, 4.617606e-10, 7.319350e-10, 5.355139e-10, 3.881025e+01, -2.137473e-01
3.593400e+03, 1.637879e-01, 8.438085e-01, 1.096003e-01, 8.022134e-02, -2.465252e+00, 2.177196e+00, 5.464860e-01, 1.023429e+00, 6.521247e-10, 4.619724e-10, 7.316926e-10, 5.370577e-10, 3.877976e+01, -2.076589e-01
3.597200e+03, 1.620961e-01, 8.439956e-01, 1.098586e-01, 8.049872e-02, -2.480822e+00, 2.166166e+00, 5.290160e-01, 1.010606e+00, 6.553879e-10, 4.621703e-10, 7.315525e-10, 5.385261e-10, 3.875450e+01, -2.015593e-01
3.601000e+03, 1.603928e-01, 8.441834e-01, 1.101095e-01, 8.077374e-02, -2.496470e+00, 2.155131e+00, 5.115494e-01, 9.977479e-01, 6.589645e-10, 4.623841e-10, 7.313870e-10, 5.398971e-10, 3.873448e+01, -1.954529e-01
3.604800e+03, 1.586789e-01, 8.443689e-01, 1.103531e-01, 8.104639e-02, -2.512204e+00, 2.144091e+00, 4.940867e-01, 9.848573e-01, 6.624584e-10, 4.625846e-10, 7.313338e-10, 5.413324e-10, 3.871963e+01, -1.893426e-01
3.608600e+03, 1.569540e-01, 8.445557e-01, 1.105893e-01, 8.131672e-02, -2.528020e+00, 2.133046e+00, 4.766253e-01, 9.719324e-01, 6.662894e-10, 4.627613e-10, 7.312586e-10, 5.426520e-10, 3.871002e+01, -1.832321e-01
3.612400e+03, 1.552188e-01, 8.447414e-01, 1.108180e-01, 8.158440e-02, -2.543929e+00, 2.121997e+00, 4.591657e-01, 9.589759e-01, 6.702173e-10, 4.629278e-10, 7.312507e-10, 5.439336e-10, 3.870560e+01, -1.771240e-01
3.616200e+03, 1.534736e-01, 8.449259e-01, 1.110391e-01, 8.184944e-02, -2.559931e+00, 2.110944e+00, 4.417063e-01, 9.459889e-01, 6.742659e-10, 4.631776e-10, 7.314176e-10, 5.452213e-10, 3.870637e+01, -1.710217e-01
3.620000e+03, 1.517185e-01, 8.451103e-01, 1.112536e-01, 8.211190e-02, -2.576030e+00, 2.099885e+00, 4.242429e-01, 9.329712e-01, 6.784385e-10, 4.633487e-10, 7.314604e-10, 5.464352e-10, 3.871233e+01, -1.649285e-01
3.623800e+03, 1.499537e-01, 8.452940e-01, 1.114601e-01, 8.237172e-02, -2.592228e+00, 2.088822e+00, 4.067784e-01, 9.199244e-01, 6.829312e-10, 4.635099e-10, 7.314577e-10, 5.476521e-10, 3.872351e+01, -1.588477e-01
3.627600e+03, 1.481800e-01, 8.454770e-01, 1.116584e-01, 8.262879e-02, -2.608534e+00, 2.077756e+00, 3.893141e-01, 9.068486e-01, 6.875528e-10, 4.637290e-10, 7.318652e-10, 5.487982e-10, 3.873983e+01, -1.527823e-01
3.631400e+03, 1.463974e-01, 8.456593e-01, 1.118508e-01, 8.288290e-02, -2.624950e+00, 2.066684e+00, 3.718400e-01, 8.937455e-01, 6.923336e-10, 4.639387e-10, 7.319726e-10, 5.498646e-10, 3.876131e+01, -1.467353e-01
3.635200e+03, 1.446061e-01, 8.458408e-01, 1.120350e-01, 8.313417e-02, -2.641480e+00, 2.055607e+00, 3.543633e-01, 8.806168e-01, 6.973661e-10, 4.641171e-10, 7.322151e-10, 5.509490e-10, 3.878795e+01, -1.407101e-01
3.639000e+03, 1.428070e-01, 8.460204e-01, 1.122114e-01, 8.338249e-02, -2.658131e+00, 2.044525e+00, 3.368809e-01, 8.674623e-01, 7.024831e-10, 4.642888e-10, 7.325824e-10, 5.519909e-10, 3.881970e+01, -1.347100e-01
3.642800e+03, 1.409990e-01, 8.462001e-01, 1.123804e-01, 8.362788e-02, -2.674903e+00, 2.033440e+00, 3.193897e-01, 8.542829e-01, 7.080211e-10, 4.644739e-10, 7.329577e-10, 5.529886e-10, 3.885665e+01, -1.287377e-01
3.646600e+03, 1.391841e-01, 8.463783e-01, 1.125426e-01, 8.387024e-02, -2.691808e+00, 2.022350e+00, 3.018895e-01, 8.410797e-01, 7.135822e-10, 4.646525e-10, 7.332996e-10, 5.539115e-10, 3.889865e+01, -1.227965e-01
3.650400e+03, 1.373614e-01, 8.465547e-01, 1.126964e-01, 8.410935e-02, -2.708846e+00, 2.011256e+00, 2.843812e-01, 8.278545e-01, 7.195222e-10, 4.648666e-10, 7.338013e-10, 5.548444e-10, 3.894581e+01, -1.168897e-01
3.654200e+03, 1.355314e-01, 8.467309e-01, 1.128433e-01, 8.434545e-02, -2.726025e+00, 2.000157e+00, 2.668609e-01, 8.146069e-01, 7.258813e-10, 4.650325e-10, 7.342803e-10, 5.557450e-10, 3.899805e+01, -1.110199e-01
3.658000e+03, 1.336962e-01, 8.469047e-01, 1.129826e-01, 8.457824e-02, -2.743356e+00, 1.989054e+00, 2.493291e-01, 8.013379e-01, 7.322015e-10, 4.652335e-10, 7.347895e-10, 5.565541e-10, 3.905524e+01, -1.051905e-01
3.661800e+03, 1.318538e-01, 8.470777e-01, 1.131139e-01, 8.480786e-02, -2.760838e+00, 1.977946e+00, 2.317852e-01, 7.880496e-01, 7.390439e-10, 4.653637e-10, 7.353953e-10, 5.573427e-10, 3.911756e+01, -9.940439e-02
3.665600e+03, 1.300057e-01, 8.472490e-01, 1.132385e-01, 8.503414e-02, -2.778484e+00, 1.966834e+00, 2.142268e-01, 7.747424e-01, 7.461185e-10, 4.656182e-10, 7.360637e-10, 5.581159e-10, 3.918486e+01, -9.366424e-02
3.669400e+03, 1.281521e-01, 8.474193e-01, 1.133558e-01, 8.525704e-02, -2.796298e+00, 1.955717e+00, 1.966525e-01, 7.614168e-01, 7.535505e-10, 4.657394e-10, 7.366682e-10, 5.588407e-10, 3.925717e+01, -8.797306e-02
3.673200e+03, 1.262935e-01, 8.475872e-01, 1.134652e-01, 8.547662e-02, -2.814290e+00, 1.944597e+00, 1.790637e-01, 7.480738e-01, 7.614075e-10, 4.658933e-10, 7.373952e-10, 5.595587e-10, 3.933442e+01, -8.233386e-02
3.677000e+03, 1.244309e-01, 8.477541e-01, 1.135671e-01, 8.569266e-02, -2.832470e+00, 1.933474e+00, 1.614576e-01, 7.347137e-01, 7.694377e-10, 4.660891e-10, 7.381654e-10, 5.601950e-10, 3.941657e+01, -7.674920e-02
3.680800e+03, 1.225631e-01, 8.479193e-01, 1.136617e-01, 8.590540e-02, -2.850841e+00, 1.922345e+00, 1.438331e-01, 7.213385e-01, 7.780297e-10, 4.662657e-10, 7.390088e-10, 5.607679e-10, 3.950370e+01, -7.122202e-02
3.684600e+03, 1.206919e-01, 8.480815e-01, 1.137494e-01, 8.611448e-02, -2.869417e+00, 1.911213e+00, 1.261884e-01, 7.079495e-01, 7.870889e-10, 4.664433e-10, 7.397663e-10, 5.613699e-10, 3.959569e+01, -6.575487e-02
3.688400e+03, 1.188179e-01, 8.482434e-01, 1.138287e-01, 8.632003e-02, -2.888210e+00, 1.900076e+00, 1.085257e-01, 6.945462e-01, 7.964755e-10, 4.665857e-10, 7.407276e-10, 5.619075e-10, 3.969248e+01, -6.035027e-02
3.692200e+03, 1.169410e-01, 8.484026e-01, 1.139016e-01, 8.652197e-02, -2.907226e+00, 1.888935e+00, 9.084000e-02, 6.811300e-01, 8.062905e-10, 4.667432e-10, 7.416328e-10, 5.624454e-10, 3.979409e+01, -5.501109e-02
3.696000e+03, 1.150609e-01, 8.485596e-01, 1.139666e-01, 8.672033e-02, -2.926478e+00, 1.877791e+00, 7.313270e-02, 6.677010e-01, 8.168254e-10, 4.669147e-10, 7.426344e-10, 5.628577e-10, 3.990054e+01, -4.973979e-02
3.699800e+03, 1.131805e-01, 8.487150e-01, 1.140249e-01, 8.691499e-02, -2.945980e+00, 1.866643e+00, 5.540148e-02, 6.542622e-01, 8.276508e-10, 4.670856e-10, 7.436560e-10, 5.632758e-10, 4.001162e+01, -4.453864e-02
3.703600e+03, 1.112974e-01, 8.488681e-01, 1.140758e-01, 8.710597e-02, -2.965741e+00, 1.855491e+00, 3.764588e-02, 6.408133e-01, 8.391928e-10, 4.672704e-10, 7.447162e-10, 5.636721e-10, 4.012752e+01, -3.941022e-02
3.707400e+03, 1.094145e-01, 8.490196e-01, 1.141185e-01, 8.729322e-02, -2.985778e+00, 1.844335e+00, 1.986495e-02, 6.273551e-01, 8.513412e-10, 4.673474e-10, 7.458463e-10, 5.640775e-10, 4.024803e+01, -3.435694e-02
3.711200e+03, 1.075315e-01, 8.491684e-01, 1.141552e-01, 8.747674e-02, -3.006105e+00, 1.833176e+00, 2.057051e-03, 6.138871e-01, 8.639955e-10, 4.675469e-10, 7.470076e-10, 5.643333e-10, 4.037316e+01, -2.938077e-02
3.715000e+03, 1.056481e-01, 8.493154e-01, 1.141842e-01, 8.765640e-02, -3.026733e+00, 1.822013e+00, -1.577858e-02, 6.004130e-01, 8.775109e-10, 4.676881e-10, 7.482261e-10, 5.646306e-10, 4.050294e+01, -2.448444e-02
3.718800e+03, 1.037662e-01, 8.494593e-01, 1.142056e-01, 8.783228e-02, -3.047685e+00, 1.810846e+00, -3.364331e-02, 5.869318e-01, 8.916842e-10, 4.678557e-10, 7.494708e-10, 5.648768e-10, 4.063725e+01, -1.966954e-02
3.722600e+03, 1.018865e-01, 8.496016e-01, 1.142207e-01, 8.800433e-02, -3.068975e+00, 1.799676e+00, -5.153775e-02, 5.734448e-01, 9.066271e-10, 4.679666e-10, 7.507784e-10, 5.650748e-10, 4.077603e+01, -1.493851e-02
3.726400e+03, 1.000093e-01, 8.497408e-01, 1.142285e-01, 8.817250e-02, -3.090622e+00, 1.788503e+00, -6.946341e-02, 5.599530e-01, 9.223992e-10, 4.681408e-10, 7.521274e-10, 5.652522e-10, 4.091928e+01, -1.029333e-02
3.730200e+03, 9.813501e-02, 8.498771e-01, 1.142292e-01, 8.833679e-02, -3.112645e+00, 1.777325e+00, -8.742128e-02, 5.464570e-01, 9.390700e-10, 4.682426e-10, 7.535064e-10, 5.653860e-10, 4.106696e+01, -5.735958e-03
3.734000e+03, 9.626485e-02, 8.500123e-01, 1.142230e-01, 8.849714e-02, -3.135066e+00, 1.766145e+00, -1.054121e-01, 5.329577e-01, 9.566776e-10, 4.684349e-10, 7.549847e-10, 5.654854e-10, 4.121901e+01, -1.268270e-03
3.737800e+03, 9.439946e-02, 8.501443e-01, 1.142100e-01, 8.865367e-02, 3.125277e+00, 1.754961e+00, -1.234382e-01, 5.194562e-01, 9.752922e-10, 4.684882e-10, 7.564760e-10, 5.655623e-10, 4.137538e+01, 3.107865e-03
3.741600e+03, 9.253985e-02, 8.502731e-01, 1.141893e-01, 8.880614e-02, 3.101991e+00, 1.743775e+00, -1.414999e-01, 5.059527e-01, 9.949819e-10, 4.686619e-10, 7.579964e-10, 5.655662e-10, 4.153603e+01, 7.390678e-03
3.745400e+03, 9.068676e-02, 8.503997e-01, 1.141629e-01, 8.895472e-02, 3.078235e+00, 1.732585e+00, -1.595979e-01, 4.924492e-01, 1.015810e-09, 4.688005e-10, 7.595728e-10, 5.655345e-10, 4.170090e+01, 1.157845e-02
3.749200e+03, 8.884134e-02, 8.505244e-01, 1.141289e-01, 8.909927e-02, 3.053981e+00, 1.721392e+00, -1.777335e-01, 4.789464e-01, 1.037864e-09, 4.689313e-10, 7.612266e-10, 5.655137e-10, 4.186995e+01, 1.566952e-02
3.753000e+03, 8.700464e-02, 8.506446e-01, 1.140884e-01, 8.923983e-02, 3.029201e+00, 1.710196e+00, -1.959086e-01, 4.654442e-01, 1.061220e-09, 4.690493e-10, 7.629032e-10, 5.654408e-10, 4.204311e+01, 1.966235e-02
3.756800e+03, 8.517761e-02, 8.507638e-01, 1.140414e-01, 8.937639e-02, 3.003863e+00, 1.698997e+00, -2.141238e-01, 4.519437e-01, 1.085932e-09, 4.691421e-10, 7.646059e-10, 5.653170e-10, 4.222035e+01, 2.355537e-02
3.760600e+03, 8.336157e-02, 8.508791e-01, 1.139879e-01, 8.950893e-02, 2.977935e+00, 1.687796e+00, -2.323796e-01, 4.384461e-01, 1.112149e-09, 4.692757e-10, 7.665010e-10, 5.651632e-10, 4.240159e+01, 2.734707e-02
3.764400e+03, 8.155774e-02, 8.509920e-01, 1.139269e-01, 8.963750e-02, 2.951382e+00, 1.676591e+00, -2.506807e-01, 4.249522e-01, 1.139952e-09, 4.693892e-10, 7.682182e-10, 5.649843e-10, 4.258679e+01, 3.103614e-02
3.768200e+03, 7.976749e-02, 8.511015e-01, 1.138604e-01, 8.976191e-02, 2.924164e+00, 1.665384e+00, -2.690227e-01, 4.114626e-01, 1.169338e-09, 4.694934e-10, 7.700940e-10, 5.647718e-10, 4.277589e+01, 3.462134e-02
3.772000e+03, 7.799214e-02, 8.512080e-01, 1.137874e-01, 8.988243e-02, 2.896245e+00, 1.654174e+00, -2.874096e-01, 3.979780e-01, 1.200562e-09, 4.696074e-10, 7.721596e-10, 5.645189e-10, 4.296884e+01, 3.810102e-02
3.775800e+03, 7.623345e-02, 8.513118e-01, 1.137068e-01, 8.999874e-02, 2.867580e+00, 1.642962e+00, -3.058457e-01, 3.844995e-01, 1.233597e-09, 4.697112e-10, 7.739764e-10, 5.641878e-10, 4.316556e+01, 4.147437e-02
3.779600e+03, 7.449295e-02, 8.514130e-01, 1.136216e-01, 9.011113e-02, 2.838127e+00, 1.631747e+00, -3.243253e-01, 3.710289e-01, 1.268576e-09, 4.698045e-10, 7.761810e-10, 5.638978e-10, 4.336600e+01, 4.473996e-02
3.783400e+03, 7.277235e-02, 8.515099e-01, 1.135286e-01, 9.021942e-02, 2.807838e+00, 1.620530e+00, -3.428574e-01, 3.575652e-01, 1.305715e-09, 4.699088e-10, 7.780756e-10, 5.635534e-10, 4.357010e+01, 4.789659e-02
3.787200e+03, 7.107380e-02, 8.516045e-01, 1.134307e-01, 9.032372e-02, 2.776663e+00, 1.609310e+00, -3.614349e-01, 3.441098e-01, 1.344939e-09, 4.700007e-10, 7.803433e-10, 5.631221e-10, 4.377779e+01, 5.094365e-02
3.791000e+03, 6.939914e-02, 8.516962e-01, 1.133259e-01, 9.042396e-02, 2.744551e+00, 1.598089e+00, -3.800664e-01, 3.306646e-01, 1.386432e-09, 4.700927e-10, 7.824342e-10, 5.626649e-10, 4.398900e+01, 5.387975e-02
3.794800e+03, 6.775072e-02, 8.517850e-01, 1.132160e-01, 9.052008e-02, 2.711448e+00, 1.586865e+00, -3.987479e-01, 3.172304e-01, 1.430253e-09, 4.701810e-10, 7.848029e-10, 5.622685e-10, 4.420368e+01, 5.670411e-02
3.798600e+03, 6.613083e-02, 8.518700e-01, 1.130989e-01, 9.061229e-02, 2.677299e+00, 1.575639e+00, -4.174859e-01, 3.038056e-01, 1.476492e-09, 4.702645e-10, 7.870875e-10, 5.617154e-10, 4.442174e+01, 5.941573e-02
3.802400e+03, 6.454204e-02, 8.519524e-01, 1.129764e-01, 9.070032e-02, 2.642046e+00, 1.564411e+00, -4.362785e-01, 2.903940e-01, 1.525152e-09, 4.703483e-10, 7.893682e-10, 5.611903e-10, 4.464313e+01, 6.201384e-02
3.806200e+03, 6.298717e-02, 8.520302e-01, 1.128483e-01, 9.078446e-02, 2.605632e+00, 1.553180e+00, -4.551256e-01, 2.769950e-01, 1.576285e-09, 4.704200e-10, 7.917895e-10, 5.606251e-10, 4.486776e+01, 6.449766e-02
3.810000e+03, 6.146891e-02, 8.521065e-01, 1.127144e-01, 9.086455e-02, 2.567996e+00, 1.541949e+00, -4.740304e-01, 2.636094e-01, 1.629922e-09, 4.704970e-10, 7.941841e-10, 5.600469e-10, 4.509558e+01, 6.686619e-02
3.813800e+03, 5.999076e-02, 8.521784e-01, 1.125754e-01, 9.094057e-02, 2.529080e+00, 1.530715e+00, -4.929924e-01, 2.502377e-01, 1.685892e-09, 4.705742e-10, 7.967157e-10, 5.593767e-10, 4.532649e+01, 6.911927e-02
3.817600e+03, 5.855573e-02, 8.522469e-01, 1.124305e-01, 9.101268e-02, 2.488827e+00, 1.519480e+00, -5.120149e-01, 2.368819e-01, 1.744247e-09, 4.706349e-10, 7.992942e-10, 5.587252e-10, 4.556043e+01, 7.125569e-02
3.821400e+03, 5.716755e-02, 8.523130e-01, 1.122802e-01, 9.108073e-02, 2.447182e+00, 1.508243e+00, -5.310989e-01, 2.235418e-01, 1.804729e-09, 4.707024e-10, 8.019418e-10, 5.580341e-10, 4.579733e+01, 7.327528e-02
3.825200e+03, 5.582993e-02, 8.523747e-01, 1.121246e-01, 9.114492e-02, 2.404092e+00, 1.497004e+00, -5.502462e-01, 2.102181e-01, 1.866917e-09, 4.707597e-10, 8.045797e-10, 5.572716e-10, 4.603709e+01, 7.517742e-02
3.829000e+03, 5.454687e-02, 8.524339e-01, 1.119636e-01, 9.120511e-02, 2.359517e+00, 1.485764e+00, -5.694564e-01, 1.969126e-01, 1.930725e-09, 4.708167e-10, 8.073373e-10, 5.565018e-10, 4.627964e+01, 7.696133e-02
3.832800e+03, 5.332241e-02, 8.524896e-01, 1.117976e-01, 9.126137e-02, 2.313419e+00, 1.474523e+00, -5.887325e-01, 1.836255e-01, 1.995587e-09, 4.708755e-10, 8.100793e-10, 5.556780e-10, 4.652489e+01, 7.862659e-02
3.836600e+03, 5.216105e-02, 8.525418e-01, 1.116266e-01, 9.131375e-02, 2.265772e+00, 1.463280e+00, -6.080740e-01, 1.703581e-01, 2.060993e-09, 4.709361e-10, 8.129546e-10, 5.548434e-10, 4.677276e+01, 8.017298e-02
3.840400e+03, 5.106717e-02, 8.525904e-01, 1.114507e-01, 9.136226e-02, 2.216563e+00, 1.452036e+00, -6.274842e-01, 1.571106e-01, 2.126275e-09, 4.709632e-10, 8.158425e-10, 5.539967e-10, 4.702316e+01, 8.160008e-02
3.844200e+03, 5.004525e-02, 8.526362e-01, 1.112698e-01, 9.140694e-02, 2.165796e+00, 1.440791e+00, -6.469633e-01, 1.438833e-01, 2.190547e-09, 4.709885e-10, 8.188123e-10, 5.530459e-10, 4.727601e+01, 8.290744e-02
3.848000e+03, 4.909997e-02, 8.526780e-01, 1.110845e-01, 9.144781e-02, 2.113495e+00, 1.429546e+00, -6.665134e-01, 1.306787e-01, 2.253107e-09, 4.710723e-10, 8.217917e-10, 5.521258e-10, 4.753121e+01, 8.409482e-02
3.851800e+03, 4.823579e-02, 8.527170e-01, 1.108944e-01, 9.148486e-02, 2.059699e+00, 1.418299e+00, -6.861346e-01, 1.174961e-01, 2.312648e-09, 4.710831e-10, 8.248804e-10, 5.511539e-10, 4.778868e+01, 8.516195e-02
3.855600e+03, 4.745725e-02, 8.527517e-01, 1.106999e-01, 9.151809e-02, 2.004482e+00, 1.407051e+00, -7.058295e-01, 1.043367e-01, 2.368344e-09, 4.711434e-10, 8.279970e-10, 5.501336e-10, 4.804830e+01, 8.610856e-02
3.859400e+03, 4.676860e-02, 8.527841e-01, 1.105011e-01, 9.154757e-02, 1.947935e+00, 1.395802e+00, -7.255988e-01, 9.120165e-02, 2.418959e-09, 4.711313e-10, 8.311973e-10, 5.491020e-10, 4.830999e+01, 8.693456e-02
3.863200e+03, 4.617375e-02, 8.528129e-01, 1.102980e-01, 9.157348e-02, 1.890180e+00, 1.384553e+00, -7.454446e-01, 7.809124e-02, 2.463435e-09, 4.711849e-10, 8.344043e-10, 5.480147e-10, 4.857365e+01, 8.763966e-02
3.867000e+03, 4.567634e-02, 8.528379e-01, 1.100910e-01, 9.159557e-02, 1.831363e+00, 1.373303e+00, -7.653669e-01, 6.500678e-02, 2.500772e-09, 4.712082e-10, 8.377267e-10, 5.469111e-10, 4.883917e+01, 8.822393e-02
3.870800e+03, 4.527941e-02, 8.528589e-01, 1.098799e-01, 9.161409e-02, 1.771654e+00, 1.362052e+00, -7.853686e-01, 5.194867e-02, 2.529832e-09, 4.712284e-10, 8.410889e-10, 5.457714e-10, 4.910646e+01, 8.868725e-02
3.874600e+03, 4.498540e-02, 8.528776e-01, 1.096650e-01, 9.162908e-02, 1.711252e+00, 1.350801e+00, -8.054505e-01, 3.891778e-02, 2.549982e-09, 4.712277e-10, 8.445191e-10, 5.445912e-10, 4.937540e+01, 8.902947e-02
3.878400e+03, 4.479614e-02, 8.528927e-01, 1.094464e-01, 9.164037e-02, 1.650368e+00, 1.339550e+00, -8.256143e-01, 2.591506e-02, 2.560643e-09, 4.712449e-10, 8.479666e-10, 5.433852e-10, 4.964589e+01, 8.925064e-02
3.882200e+03, 4.471280e-02, 8.529039e-01, 1.092242e-01, 9.164827e-02, 1.589230e+00, 1.328299e+00, -8.458605e-01, 1.294114e-02, 2.561506e-09, 4.712683e-10, 8.515141e-10, 5.421415e-10, 4.991782e+01, 8.935097e-02
3.886000e+03, 4.473553e-02, 8.529120e-01, 1.089986e-01, 9.165260e-02, 1.528071e+00, 1.317047e+00, -8.661913e-01, -3.087136e-06, 2.552564e-09, 4.712618e-10, 8.551341e-10, 5.408691e-10, 5.019106e+01, 8.933027e-02
3.889800e+03, 4.486387e-02, 8.529165e-01, 1.087698e-01, 9.165355e-02, 1.467126e+00, 1.305795e+00, -8.866086e-01, -1.291694e-02, 2.534037e-09, 4.712602e-10, 8.587257e-10, 5.395622e-10, 5.046551e+01, 8.918875e-02
3.893600e+03, 4.509668e-02, 8.529182e-01, 1.085379e-01, 9.165120e-02, 1.406623e+00, 1.294543e+00, -9.071116e-01, -2.579958e-02, 2.506537e-09, 4.712288e-10, 8.625035e-10, 5.382243e-10, 5.074104e+01, 8.892678e-02
3.897400e+03, 4.543173e-02, 8.529164e-01, 1.083030e-01, 9.164544e-02, 1.346776e+00, 1.283292e+00, -9.277048e-01, -3.865028e-02, 2.470569e-09, 4.712628e-10, 8.662528e-10, 5.368580e-10, 5.101754e+01, 8.854411e-02
3.901200e+03, 4.586657e-02, 8.529112e-01, 1.080653e-01, 9.163635e-02, 1.287789e+00, 1.272040e+00, -9.483876e-01, -5.146836e-02, 2.427480e-09, 4.712686e-10, 8.700847e-10, 5.354526e-10, 5.129487e+01, 8.804151e-02
3.905000e+03, 4.639772e-02, 8.529020e-01, 1.078249e-01, 9.162407e-02, 1.229830e+00, 1.260788e+00, -9.691618e-01, -6.425288e-02, 2.377856e-09, 4.712164e-10, 8.739697e-10, 5.340152e-10, 5.157293e+01, 8.741870e-02
3.908800e+03, 4.702146e-02, 8.528901e-01, 1.075821e-01, 9.160866e-02, 1.173056e+00, 1.249537e+00, -9.900288e-01, -7.700308e-02, 2.323136e-09, 4.712284e-10, 8.779096e-10, 5.325517e-10, 5.185155e+01, 8.667621e-02
3.912600e+03, 4.773375e-02, 8.528755e-01, 1.073369e-01, 9.159007e-02, 1.117589e+00, 1.238286e+00, -1.010990e+00, -8.971834e-02, 2.264154e-09, 4.712286e-10, 8.819403e-10, 5.310523e-10, 5.213064e+01, 8.581454e-02
3.916400e+03, 4.853002e-02, 8.528566e-01, 1.070896e-01, 9.156844e-02, 1.063530e+00, 1.227035e+00, -1.032047e+00, -1.023978e-01, 2.202449e-09, 4.711522e-10, 8.859988e-10, 5.294990e-10, 5.241002e+01, 8.483398e-02
3.920200e+03, 4.940559e-02, 8.528355e-01, 1.068403e-01, 9.154379e-02, 1.010944e+00, 1.215786e+00, -1.053201e+00, -1.150402e-01, 2.138561e-09, 4.711744e-10, 8.901056e-10, 5.279745e-10, 5.268959e+01, 8.373462e-02
3.924000e+03, 5.035584e-02, 8.528103e-01, 1.065893e-01, 9.151625e-02, 9.598831e-01, 1.204536e+00, -1.074454e+00, -1.276461e-01, 2.073518e-09, 4.711354e-10, 8.943123e-10, 5.263824e-10, 5.296920e+01, 8.251731e-02
3.927800e+03, 5.137589e-02, 8.527822e-01, 1.063367e-01, 9.148573e-02, 9.103756e-01, 1.193287e+00, -1.095806e+00, -1.402141e-01, 2.008456e-09, 4.710968e-10, 8.985725e-10, 5.247608e-10, 5.324868e+01, 8.118253e-02
3.931600e+03, 5.246108e-02, 8.527517e-01, 1.060826e-01, 9.145244e-02, 8.624215e-01, 1.182039e+00, -1.117261e+00, -1.527434e-01, 1.943607e-09, 4.710505e-10, 9.027988e-10, 5.230731e-10, 5.352793e+01, 7.973052e-02
3.935400e+03, 5.360685e-02, 8.527170e-01, 1.058273e-01, 9.141638e-02, 8.160157e-01, 1.170792e+00, -1.138816e+00, -1.652323e-01, 1.879888e-09, 4.710313e-10, 9.072058e-10, 5.214446e-10, 5.380676e+01, 7.816231e-02
3.939200e+03, 5.480847e-02, 8.526801e-01, 1.055709e-01, 9.137765e-02, 7.711313e-01, 1.159546e+00, -1.160477e+00, -1.776824e-01, 1.817557e-09, 4.710061e-10, 9.115994e-10, 5.196905e-10, 5.408503e+01, 7.647793e-02
3.943000e+03, 5.606195e-02, 8.526391e-01, 1.053137e-01, 9.133633e-02, 7.277351e-01, 1.148300e+00, -1.182242e+00, -1.900906e-01, 1.757086e-09, 4.708961e-10, 9.160538e-10, 5.179515e-10, 5.436259e+01, 7.467861e-02
3.946800e+03, 5.736303e-02, 8.525960e-01, 1.050559e-01, 9.129241e-02, 6.857827e-01, 1.137057e+00, -1.204114e+00, -2.024572e-01, 1.698708e-09, 4.709147e-10, 9.205865e-10, 5.161613e-10, 5.463928e+01, 7.276476e-02
3.950600e+03, 5.870771e-02, 8.525501e-01, 1.047977e-01, 9.124605e-02, 6.452242e-01, 1.125813e+00, -1.226094e+00, -2.147811e-01, 1.642578e-09, 4.708651e-10, 9.251483e-10, 5.144239e-10, 5.491494e+01, 7.073699e-02
3.954400e+03, 6.009262e-02, 8.525002e-01, 1.045393e-01, 9.119729e-02, 6.060059e-01, 1.114571e+00, -1.248183e+00, -2.270636e-01, 1.588825e-09, 4.707714e-10, 9.297550e-10, 5.125369e-10, 5.518941e+01, 6.859650e-02
3.958200e+03, 6.151408e-02, 8.524485e-01, 1.042808e-01, 9.114621e-02, 5.680709e-01, 1.103331e+00, -1.270382e+00, -2.393010e-01, 1.537533e-09, 4.707419e-10, 9.344690e-10, 5.106965e-10, 5.546252e+01, 6.634390e-02
3.962000e+03, 6.296896e-02, 8.523927e-01, 1.040228e-01, 9.109283e-02, 5.313606e-01, 1.092091e+00, -1.292693e+00, -2.514944e-01, 1.488719e-09, 4.707093e-10, 9.391391e-10, 5.088323e-10, 5.573410e+01, 6.398019e-02
3.965800e+03, 6.445411e-02, 8.523354e-01, 1.037653e-01, 9.103732e-02, 4.958158e-01, 1.080852e+00, -1.315116e+00, -2.636433e-01, 1.442416e-09, 4.706330e-10, 9.438425e-10, 5.068498e-10, 5.600398e+01, 6.150616e-02
3.969600e+03, 6.596686e-02, 8.522743e-01, 1.035074e-01, 9.097978e-02, 4.613765e-01, 1.069615e+00, -1.337651e+00, -2.757449e-01, 1.398439e-09, 4.705315e-10, 9.487979e-10, 5.050043e-10, 5.627199e+01, 5.892282e-02
3.973400e+03, 6.750451e-02, 8.522105e-01, 1.032519e-01, 9.092015e-02, 4.279873e-01, 1.058381e+00, -1.360305e+00, -2.878025e-01, 1.356828e-09, 4.704692e-10, 9.535012e-10, 5.029765e-10, 5.653796e+01, 5.623137e-02
3.977200e+03, 6.906454e-02, 8.521449e-01, 1.029965e-01, 9.085861e-02, 3.955915e-01, 1.047148e+00, -1.383071e+00, -2.998116e-01, 1.317526e-09, 4.704521e-10, 9.584728e-10, 5.010082e-10, 5.680170e+01, 5.343280e-02
3.981000e+03, 7.064491e-02, 8.520760e-01, 1.027427e-01, 9.079525e-02, 3.641341e-01, 1.035915e+00, -1.405956e+00, -3.117737e-01, 1.280338e-09, 4.703648e-10, 9.634070e-10, 4.989490e-10, 5.706305e+01, 5.052834e-02
3.984800e+03, 7.224326e-02, 8.520045e-01, 1.024912e-01, 9.073019e-02, 3.335646e-01, 1.024685e+00, -1.428958e+00, -3.236867e-01, 1.245285e-09, 4.702733e-10, 9.684032e-10, 4.969556e-10, 5.732181e+01, 4.751919e-02
3.988600e+03, 7.385781e-02, 8.519307e-01, 1.022416e-01, 9.066342e-02, 3.038321e-01, 1.013457e+00, -1.452080e+00, -3.355520e-01, 1.212202e-09, 4.702037e-10, 9.733534e-10, 4.948916e-10, 5.757782e+01, 4.440658e-02
3.992400e+03, 7.548652e-02, 8.518540e-01, 1.019935e-01, 9.059518e-02, 2.748894e-01, 1.002230e+00, -1.475319e+00, -3.473681e-01, 1.180995e-09, 4.701302e-10, 9.783825e-10, 4.927554e-10, 5.783087e+01, 4.119174e-02
3.996200e+03, 7.712780e-02, 8.517745e-01, 1.017475e-01, 9.052535e-02, 2.466918e-01, 9.910052e-01, -1.498679e+00, -3.591332e-01, 1.151571e-09, 4.700656e-10, 9.834844e-10, 4.906692e-10, 5.808078e+01, 3.787610e-02
4.000000e+03, 7.878012e-02, 8.516939e-01, 1.015050e-01, 9.045426e-02, 2.191968e-01, 9.797818e-01, -1.522161e+00, -3.708485e-01, 1.151571e-09, 4.700656e-10, 9.834844e-10, 4.906692e-10, 5.832739e+01, 3.446111e-02
