Frequency [MHz],|S0-2| [-],|S1-2| [-],|S2-2| [-],|S3-2| [-],Arg(S0-2) [rad],Arg(S1-2) [rad],Arg(S2-2) [rad],Arg(S3-2) [rad],Delay 2>0 [s],Delay 2>1 [s],Delay 2>2 [s],Delay 2>3 [s],|Z2| [Ohm],Arg(Z2) [rad]
2.000000e+02, 3.296884e-02, 4.277818e-03, 7.384070e-02, 8.601127e-01, 9.369742e-01, -1.550765e+00, 2.868384e-01, -5.799578e-01, 5.726306e-10, 6.644020e-10, -1.939948e-11, 4.653202e-10, 5.761862e+01, 4.198657e-02
2.038000e+02, 3.343691e-02, 4.352948e-03, 7.428499e-02, 8.600281e-01, 9.233020e-01, -1.566628e+00, 2.873016e-01, -5.910679e-01, 5.706836e-10, 6.610012e-10, -1.783117e-11, 4.650477e-10, 5.766679e+01, 4.230794e-02
2.076000e+02, 3.389830e-02, 4.427739e-03, 7.473913e-02, 8.599460e-01, 9.096763e-01, -1.582410e+00, 2.877273e-01, -6.021714e-01, 5.685416e-10, 6.577224e-10, -1.601728e-11, 4.647093e-10, 5.771617e+01, 4.263043e-02
2.114000e+02, 3.435315e-02, 4.502200e-03, 7.520296e-02, 8.598642e-01, 8.961018e-01, -1.598114e+00, 2.881098e-01, -6.132668e-01, 5.666237e-10, 6.545604e-10, -1.396530e-11, 4.643990e-10, 5.776678e+01, 4.295303e-02
2.152000e+02, 3.480146e-02, 4.576320e-03, 7.567635e-02, 8.597834e-01, 8.825730e-01, -1.613742e+00, 2.884432e-01, -6.243549e-01, 5.643265e-10, 6.515166e-10, -1.171981e-11, 4.641444e-10, 5.781860e+01, 4.327475e-02
2.190000e+02, 3.524318e-02, 4.650095e-03, 7.615927e-02, 8.597034e-01, 8.690991e-01, -1.629298e+00, 2.887230e-01, -6.354368e-01, 5.622690e-10, 6.485585e-10, -9.266077e-12, 4.638869e-10, 5.787165e+01, 4.359478e-02
2.228000e+02, 3.567845e-02, 4.723522e-03, 7.665147e-02, 8.596255e-01, 8.556743e-01, -1.644783e+00, 2.889442e-01, -6.465127e-01, 5.600962e-10, 6.457042e-10, -6.647830e-12, 4.636058e-10, 5.792594e+01, 4.391212e-02
2.266000e+02, 3.610724e-02, 4.796587e-03, 7.715284e-02, 8.595484e-01, 8.423014e-01, -1.660200e+00, 2.891030e-01, -6.575818e-01, 5.578922e-10, 6.429501e-10, -3.804111e-12, 4.633200e-10, 5.798145e+01, 4.422597e-02
2.304000e+02, 3.652946e-02, 4.869292e-03, 7.766334e-02, 8.594735e-01, 8.289811e-01, -1.675551e+00, 2.891938e-01, -6.686440e-01, 5.556699e-10, 6.402605e-10, -8.912848e-13, 4.630802e-10, 5.803822e+01, 4.453533e-02
2.342000e+02, 3.694513e-02, 4.941632e-03, 7.818268e-02, 8.593990e-01, 8.157138e-01, -1.690838e+00, 2.892151e-01, -6.797006e-01, 5.534283e-10, 6.376530e-10, 2.234367e-12, 4.628341e-10, 5.809621e+01, 4.483959e-02
2.380000e+02, 3.735428e-02, 5.013607e-03, 7.871082e-02, 8.593265e-01, 8.025001e-01, -1.706063e+00, 2.891617e-01, -6.907513e-01, 5.512462e-10, 6.351344e-10, 5.484353e-12, 4.626417e-10, 5.815544e+01, 4.513776e-02
2.418000e+02, 3.775697e-02, 5.085199e-03, 7.924754e-02, 8.592557e-01, 7.893385e-01, -1.721227e+00, 2.890308e-01, -7.017973e-01, 5.490411e-10, 6.326729e-10, 8.853297e-12, 4.623973e-10, 5.821591e+01, 4.542902e-02
2.456000e+02, 3.815306e-02, 5.156418e-03, 7.979265e-02, 8.591859e-01, 7.762295e-01, -1.736333e+00, 2.888194e-01, -7.128376e-01, 5.466617e-10, 6.302840e-10, 1.235079e-11, 4.621797e-10, 5.827760e+01, 4.571258e-02
2.494000e+02, 3.854266e-02, 5.227242e-03, 8.034602e-02, 8.591191e-01, 7.631774e-01, -1.751382e+00, 2.885245e-01, -7.238726e-01, 5.444906e-10, 6.279474e-10, 1.595656e-11, 4.620066e-10, 5.834053e+01, 4.598764e-02
2.532000e+02, 3.892583e-02, 5.297688e-03, 8.090747e-02, 8.590523e-01, 7.501771e-01, -1.766375e+00, 2.881435e-01, -7.349036e-01, 5.423016e-10, 6.256674e-10, 1.965104e-11, 4.617574e-10, 5.840469e+01, 4.625338e-02
2.570000e+02, 3.930239e-02, 5.367733e-03, 8.147668e-02, 8.589884e-01, 7.372290e-01, -1.781313e+00, 2.876743e-01, -7.459285e-01, 5.400075e-10, 6.234138e-10, 2.342437e-11, 4.616268e-10, 5.847005e+01, 4.650901e-02
2.608000e+02, 3.967248e-02, 5.437371e-03, 8.205368e-02, 8.589258e-01, 7.243358e-01, -1.796198e+00, 2.871151e-01, -7.569504e-01, 5.378514e-10, 6.213283e-10, 2.726354e-11, 4.614136e-10, 5.853663e+01, 4.675392e-02
2.646000e+02, 4.003593e-02, 5.506610e-03, 8.263809e-02, 8.588657e-01, 7.114940e-01, -1.811033e+00, 2.864641e-01, -7.679671e-01, 5.355743e-10, 6.191304e-10, 3.125598e-11, 4.612519e-10, 5.860440e+01, 4.698730e-02
2.684000e+02, 4.039300e-02, 5.575438e-03, 8.322977e-02, 8.588067e-01, 6.987065e-01, -1.825815e+00, 2.857178e-01, -7.789800e-01, 5.334326e-10, 6.170687e-10, 3.523760e-11, 4.610753e-10, 5.867337e+01, 4.720816e-02
2.722000e+02, 4.074348e-02, 5.643838e-03, 8.382860e-02, 8.587499e-01, 6.859702e-01, -1.840548e+00, 2.848765e-01, -7.899887e-01, 5.312561e-10, 6.150642e-10, 3.927436e-11, 4.609170e-10, 5.874353e+01, 4.741609e-02
2.760000e+02, 4.108742e-02, 5.711833e-03, 8.443419e-02, 8.586947e-01, 6.732859e-01, -1.855234e+00, 2.839388e-01, -8.009936e-01, 5.290423e-10, 6.130070e-10, 4.335739e-11, 4.607767e-10, 5.881485e+01, 4.761027e-02
2.798000e+02, 4.142487e-02, 5.779388e-03, 8.504649e-02, 8.586415e-01, 6.606544e-01, -1.869870e+00, 2.829036e-01, -8.119952e-01, 5.269492e-10, 6.110792e-10, 4.756394e-11, 4.606558e-10, 5.888733e+01, 4.779011e-02
2.836000e+02, 4.175574e-02, 5.846525e-03, 8.566528e-02, 8.585896e-01, 6.480730e-01, -1.884460e+00, 2.817679e-01, -8.229938e-01, 5.247363e-10, 6.090916e-10, 5.170881e-11, 4.604475e-10, 5.896096e+01, 4.795459e-02
2.874000e+02, 4.208009e-02, 5.913216e-03, 8.629016e-02, 8.585401e-01, 6.355443e-01, -1.899003e+00, 2.805333e-01, -8.339875e-01, 5.227579e-10, 6.072119e-10, 5.589242e-11, 4.603640e-10, 5.903571e+01, 4.810332e-02
2.912000e+02, 4.239799e-02, 5.979459e-03, 8.692109e-02, 8.584915e-01, 6.230629e-01, -1.913501e+00, 2.791988e-01, -8.449792e-01, 5.206176e-10, 6.053494e-10, 6.017787e-11, 4.602242e-10, 5.911157e+01, 4.823567e-02
2.950000e+02, 4.270929e-02, 6.045260e-03, 8.755776e-02, 8.584458e-01, 6.106326e-01, -1.927954e+00, 2.777620e-01, -8.559676e-01, 5.185459e-10, 6.035290e-10, 6.441134e-11, 4.601037e-10, 5.918854e+01, 4.835065e-02
2.988000e+02, 4.301413e-02, 6.110612e-03, 8.819988e-02, 8.584021e-01, 5.982517e-01, -1.942364e+00, 2.762241e-01, -8.669531e-01, 5.165056e-10, 6.016282e-10, 6.867740e-11, 4.600044e-10, 5.926657e+01, 4.844784e-02
3.026000e+02, 4.331244e-02, 6.175501e-03, 8.884740e-02, 8.583596e-01, 5.859196e-01, -1.956729e+00, 2.745844e-01, -8.779362e-01, 5.146022e-10, 5.999056e-10, 7.296835e-11, 4.598831e-10, 5.934567e+01, 4.852664e-02
3.064000e+02, 4.360433e-02, 6.239925e-03, 8.949990e-02, 8.583194e-01, 5.736329e-01, -1.971052e+00, 2.728422e-01, -8.889164e-01, 5.125934e-10, 5.980599e-10, 7.723132e-11, 4.598213e-10, 5.942580e+01, 4.858623e-02
3.102000e+02, 4.388966e-02, 6.303886e-03, 9.015726e-02, 8.582802e-01, 5.613941e-01, -1.985331e+00, 2.709982e-01, -8.998951e-01, 5.105849e-10, 5.962994e-10, 8.149834e-11, 4.596979e-10, 5.950695e+01, 4.862620e-02
3.140000e+02, 4.416849e-02, 6.367364e-03, 9.081928e-02, 8.582436e-01, 5.492033e-01, -1.999569e+00, 2.690523e-01, -9.108709e-01, 5.087835e-10, 5.945463e-10, 8.574467e-11, 4.595667e-10, 5.958910e+01, 4.864595e-02
3.178000e+02, 4.444083e-02, 6.430366e-03, 9.148555e-02, 8.582080e-01, 5.370556e-01, -2.013764e+00, 2.670051e-01, -9.218436e-01, 5.068106e-10, 5.928284e-10, 9.000700e-11, 4.595183e-10, 5.967221e+01, 4.864485e-02
3.216000e+02, 4.470683e-02, 6.492888e-03, 9.215596e-02, 8.581741e-01, 5.249549e-01, -2.027918e+00, 2.648561e-01, -9.328151e-01, 5.050231e-10, 5.910626e-10, 9.427253e-11, 4.594434e-10, 5.975627e+01, 4.862231e-02
3.254000e+02, 4.496626e-02, 6.554909e-03, 9.283031e-02, 8.581431e-01, 5.128969e-01, -2.042031e+00, 2.626052e-01, -9.437848e-01, 5.031889e-10, 5.893401e-10, 9.847470e-11, 4.593745e-10, 5.984127e+01, 4.857770e-02
3.292000e+02, 4.521928e-02, 6.616445e-03, 9.350822e-02, 8.581119e-01, 5.008827e-01, -2.056102e+00, 2.602540e-01, -9.547529e-01, 5.013390e-10, 5.876600e-10, 1.026387e-10, 4.592963e-10, 5.992714e+01, 4.851061e-02
3.330000e+02, 4.546590e-02, 6.677488e-03, 9.418954e-02, 8.580838e-01, 4.889127e-01, -2.070133e+00, 2.578034e-01, -9.657191e-01, 4.996347e-10, 5.859471e-10, 1.068509e-10, 4.592137e-10, 6.001389e+01, 4.842063e-02
3.368000e+02, 4.570603e-02, 6.738015e-03, 9.487405e-02, 8.580571e-01, 4.769834e-01, -2.084123e+00, 2.552522e-01, -9.766833e-01, 4.979535e-10, 5.841956e-10, 1.110036e-10, 4.591572e-10, 6.010148e+01, 4.830694e-02
3.406000e+02, 4.593975e-02, 6.798040e-03, 9.556140e-02, 8.580309e-01, 4.650942e-01, -2.098071e+00, 2.526019e-01, -9.876462e-01, 4.962084e-10, 5.825283e-10, 1.150787e-10, 4.591405e-10, 6.018987e+01, 4.816913e-02
3.444000e+02, 4.616719e-02, 6.857546e-03, 9.625146e-02, 8.580066e-01, 4.532467e-01, -2.111980e+00, 2.498543e-01, -9.986087e-01, 4.945618e-10, 5.808543e-10, 1.192043e-10, 4.590414e-10, 6.027905e+01, 4.800698e-02
3.482000e+02, 4.638816e-02, 6.916539e-03, 9.694402e-02, 8.579836e-01, 4.414385e-01, -2.125848e+00, 2.470081e-01, -1.009569e+00, 4.929676e-10, 5.791548e-10, 1.232235e-10, 4.590209e-10, 6.036898e+01, 4.781968e-02
3.520000e+02, 4.660281e-02, 6.975010e-03, 9.763867e-02, 8.579626e-01, 4.296683e-01, -2.139676e+00, 2.440660e-01, -1.020528e+00, 4.914261e-10, 5.774349e-10, 1.272230e-10, 4.589603e-10, 6.045962e+01, 4.760700e-02
3.558000e+02, 4.681107e-02, 7.032950e-03, 9.833538e-02, 8.579424e-01, 4.179350e-01, -2.153463e+00, 2.410284e-01, -1.031487e+00, 4.897744e-10, 5.757642e-10, 1.312047e-10, 4.589113e-10, 6.055095e+01, 4.736853e-02
3.596000e+02, 4.701296e-02, 7.090365e-03, 9.903368e-02, 8.579236e-01, 4.062411e-01, -2.167210e+00, 2.378958e-01, -1.042444e+00, 4.883608e-10, 5.740772e-10, 1.351694e-10, 4.588729e-10, 6.064292e+01, 4.710365e-02
3.634000e+02, 4.720862e-02, 7.147244e-03, 9.973355e-02, 8.579065e-01, 3.945809e-01, -2.180917e+00, 2.346685e-01, -1.053400e+00, 4.868778e-10, 5.723454e-10, 1.390079e-10, 4.588631e-10, 6.073552e+01, 4.681194e-02
3.672000e+02, 4.739791e-02, 7.203580e-03, 1.004347e-01, 8.578904e-01, 3.829562e-01, -2.194582e+00, 2.313495e-01, -1.064356e+00, 4.854770e-10, 5.706656e-10, 1.428555e-10, 4.588407e-10, 6.082869e+01, 4.649339e-02
3.710000e+02, 4.758085e-02, 7.259379e-03, 1.011369e-01, 8.578747e-01, 3.713649e-01, -2.208208e+00, 2.279387e-01, -1.075311e+00, 4.840223e-10, 5.688990e-10, 1.466641e-10, 4.587862e-10, 6.092242e+01, 4.614738e-02
3.748000e+02, 4.775759e-02, 7.314625e-03, 1.018398e-01, 8.578605e-01, 3.598083e-01, -2.221791e+00, 2.244369e-01, -1.086265e+00, 4.826116e-10, 5.671973e-10, 1.503927e-10, 4.587188e-10, 6.101664e+01, 4.577347e-02
3.786000e+02, 4.792803e-02, 7.369336e-03, 1.025435e-01, 8.578472e-01, 3.482854e-01, -2.235333e+00, 2.208461e-01, -1.097217e+00, 4.813866e-10, 5.654845e-10, 1.541055e-10, 4.587704e-10, 6.111136e+01, 4.537166e-02
3.824000e+02, 4.809224e-02, 7.423479e-03, 1.032471e-01, 8.578353e-01, 3.367918e-01, -2.248835e+00, 2.171667e-01, -1.108171e+00, 4.800674e-10, 5.637656e-10, 1.577402e-10, 4.587003e-10, 6.120645e+01, 4.494111e-02
3.862000e+02, 4.825025e-02, 7.477083e-03, 1.039510e-01, 8.578243e-01, 3.253297e-01, -2.262295e+00, 2.134005e-01, -1.119123e+00, 4.787897e-10, 5.619708e-10, 1.613802e-10, 4.587072e-10, 6.130197e+01, 4.448202e-02
3.900000e+02, 4.840195e-02, 7.530129e-03, 1.046553e-01, 8.578130e-01, 3.138980e-01, -2.275713e+00, 2.095473e-01, -1.130075e+00, 4.776336e-10, 5.601919e-10, 1.648628e-10, 4.586569e-10, 6.139790e+01, 4.399396e-02
3.938000e+02, 4.854753e-02, 7.582607e-03, 1.053582e-01, 8.578033e-01, 3.024940e-01, -2.289088e+00, 2.056110e-01, -1.141026e+00, 4.764335e-10, 5.584762e-10, 1.684819e-10, 4.587034e-10, 6.149400e+01, 4.347649e-02
3.976000e+02, 4.868688e-02, 7.634530e-03, 1.060618e-01, 8.577951e-01, 2.911186e-01, -2.302422e+00, 2.015883e-01, -1.151978e+00, 4.752161e-10, 5.566587e-10, 1.718363e-10, 4.586551e-10, 6.159053e+01, 4.292942e-02
4.014000e+02, 4.882000e-02, 7.685879e-03, 1.067642e-01, 8.577862e-01, 2.797723e-01, -2.315713e+00, 1.974856e-01, -1.162929e+00, 4.742734e-10, 5.548673e-10, 1.752859e-10, 4.586554e-10, 6.168724e+01, 4.235291e-02
4.052000e+02, 4.894701e-02, 7.736672e-03, 1.074655e-01, 8.577789e-01, 2.684485e-01, -2.328961e+00, 1.933004e-01, -1.173880e+00, 4.731197e-10, 5.530560e-10, 1.785657e-10, 4.586261e-10, 6.178412e+01, 4.174613e-02
4.090000e+02, 4.906784e-02, 7.786889e-03, 1.081649e-01, 8.577719e-01, 2.571522e-01, -2.342166e+00, 1.890370e-01, -1.184830e+00, 4.720476e-10, 5.512311e-10, 1.818651e-10, 4.586061e-10, 6.188106e+01, 4.110926e-02
4.128000e+02, 4.918256e-02, 7.836549e-03, 1.088635e-01, 8.577653e-01, 2.458816e-01, -2.355327e+00, 1.846947e-01, -1.195780e+00, 4.711357e-10, 5.493900e-10, 1.852212e-10, 4.586228e-10, 6.197816e+01, 4.044229e-02
4.166000e+02, 4.929119e-02, 7.885631e-03, 1.095615e-01, 8.577584e-01, 2.346327e-01, -2.368445e+00, 1.802724e-01, -1.206730e+00, 4.701776e-10, 5.475353e-10, 1.882834e-10, 4.586205e-10, 6.207545e+01, 3.974459e-02
4.204000e+02, 4.939361e-02, 7.934139e-03, 1.102559e-01, 8.577527e-01, 2.234067e-01, -2.381518e+00, 1.757769e-01, -1.217680e+00, 4.693138e-10, 5.457016e-10, 1.915393e-10, 4.586087e-10, 6.217253e+01, 3.901633e-02
4.242000e+02, 4.948998e-02, 7.982084e-03, 1.109500e-01, 8.577477e-01, 2.122013e-01, -2.394547e+00, 1.712037e-01, -1.228630e+00, 4.683710e-10, 5.437805e-10, 1.945534e-10, 4.585888e-10, 6.226980e+01, 3.825730e-02
4.280000e+02, 4.958026e-02, 8.029452e-03, 1.116410e-01, 8.577427e-01, 2.010184e-01, -2.407530e+00, 1.665585e-01, -1.239579e+00, 4.675643e-10, 5.418799e-10, 1.976289e-10, 4.586084e-10, 6.236685e+01, 3.746746e-02
4.318000e+02, 4.966449e-02, 8.076251e-03, 1.123299e-01, 8.577368e-01, 1.898548e-01, -2.420468e+00, 1.618399e-01, -1.250529e+00, 4.667686e-10, 5.399297e-10, 2.005684e-10, 4.586211e-10, 6.246383e+01, 3.664660e-02
4.356000e+02, 4.974261e-02, 8.122474e-03, 1.130159e-01, 8.577326e-01, 1.787102e-01, -2.433360e+00, 1.570511e-01, -1.261479e+00, 4.660211e-10, 5.380313e-10, 2.035466e-10, 4.585498e-10, 6.256060e+01, 3.579489e-02
4.394000e+02, 4.981477e-02, 8.168132e-03, 1.136992e-01, 8.577278e-01, 1.675834e-01, -2.446206e+00, 1.521912e-01, -1.272427e+00, 4.652929e-10, 5.360433e-10, 2.064179e-10, 4.585950e-10, 6.265717e+01, 3.491192e-02
4.432000e+02, 4.988080e-02, 8.213223e-03, 1.143800e-01, 8.577230e-01, 1.564741e-01, -2.459004e+00, 1.472628e-01, -1.283377e+00, 4.645971e-10, 5.340794e-10, 2.092409e-10, 4.586013e-10, 6.275352e+01, 3.399806e-02
4.470000e+02, 4.994074e-02, 8.257735e-03, 1.150574e-01, 8.577188e-01, 1.453813e-01, -2.471756e+00, 1.422669e-01, -1.294327e+00, 4.639676e-10, 5.320920e-10, 2.120731e-10, 4.586015e-10, 6.284953e+01, 3.305308e-02
4.508000e+02, 4.999471e-02, 8.301677e-03, 1.157316e-01, 8.577146e-01, 1.343035e-01, -2.484460e+00, 1.372034e-01, -1.305276e+00, 4.633533e-10, 5.300786e-10, 2.148072e-10, 4.585972e-10, 6.294520e+01, 3.207677e-02
4.546000e+02, 5.004265e-02, 8.345056e-03, 1.164028e-01, 8.577097e-01, 1.232405e-01, -2.497117e+00, 1.320747e-01, -1.316226e+00, 4.627999e-10, 5.280776e-10, 2.174256e-10, 4.585544e-10, 6.304053e+01, 3.106951e-02
4.584000e+02, 5.008467e-02, 8.387872e-03, 1.170691e-01, 8.577045e-01, 1.121906e-01, -2.509725e+00, 1.268834e-01, -1.327174e+00, 4.622518e-10, 5.259897e-10, 2.201533e-10, 4.585782e-10, 6.313525e+01, 3.003128e-02
4.622000e+02, 5.012060e-02, 8.430113e-03, 1.177327e-01, 8.577000e-01, 1.011538e-01, -2.522284e+00, 1.216270e-01, -1.338123e+00, 4.617467e-10, 5.239312e-10, 2.227033e-10, 4.585867e-10, 6.322962e+01, 2.896185e-02
4.660000e+02, 5.015045e-02, 8.471799e-03, 1.183919e-01, 8.576945e-01, 9.012913e-02, -2.534793e+00, 1.163097e-01, -1.349072e+00, 4.613048e-10, 5.218407e-10, 2.252808e-10, 4.585664e-10, 6.332337e+01, 2.786162e-02
4.698000e+02, 5.017444e-02, 8.512933e-03, 1.190477e-01, 8.576895e-01, 7.911497e-02, -2.547253e+00, 1.109309e-01, -1.360021e+00, 4.608701e-10, 5.197312e-10, 2.277670e-10, 4.585429e-10, 6.341664e+01, 2.673056e-02
4.736000e+02, 5.019238e-02, 8.553502e-03, 1.196984e-01, 8.576841e-01, 6.811119e-02, -2.559662e+00, 1.054927e-01, -1.370969e+00, 4.604884e-10, 5.175755e-10, 2.302484e-10, 4.585749e-10, 6.350916e+01, 2.556865e-02
4.774000e+02, 5.020437e-02, 8.593519e-03, 1.203452e-01, 8.576783e-01, 5.711652e-02, -2.572019e+00, 9.999525e-02, -1.381918e+00, 4.601391e-10, 5.154524e-10, 2.325847e-10, 4.585663e-10, 6.360105e+01, 2.437608e-02
4.812000e+02, 5.021031e-02, 8.632986e-03, 1.209862e-01, 8.576727e-01, 4.613019e-02, -2.584326e+00, 9.444203e-02, -1.392867e+00, 4.598259e-10, 5.132772e-10, 2.350191e-10, 4.585482e-10, 6.369206e+01, 2.315323e-02
4.850000e+02, 5.021042e-02, 8.671914e-03, 1.216235e-01, 8.576652e-01, 3.515134e-02, -2.596581e+00, 8.883069e-02, -1.403816e+00, 4.595496e-10, 5.110808e-10, 2.373804e-10, 4.585624e-10, 6.378243e+01, 2.189990e-02
4.888000e+02, 5.020447e-02, 8.710286e-03, 1.222565e-01, 8.576591e-01, 2.417909e-02, -2.608784e+00, 8.316297e-02, -1.414764e+00, 4.593112e-10, 5.088786e-10, 2.396036e-10, 4.585116e-10, 6.387203e+01, 2.061627e-02
4.926000e+02, 5.019248e-02, 8.748129e-03, 1.228833e-01, 8.576518e-01, 1.321252e-02, -2.620934e+00, 7.744217e-02, -1.425712e+00, 4.591035e-10, 5.066770e-10, 2.418605e-10, 4.585243e-10, 6.396060e+01, 1.930280e-02
4.964000e+02, 5.017463e-02, 8.785431e-03, 1.235050e-01, 8.576441e-01, 2.250920e-03, -2.633032e+00, 7.166748e-02, -1.436659e+00, 4.589338e-10, 5.043744e-10, 2.440734e-10, 4.585380e-10, 6.404826e+01, 1.795948e-02
5.002000e+02, 5.015080e-02, 8.822203e-03, 1.241219e-01, 8.576353e-01, -8.706631e-03, -2.645074e+00, 6.583996e-02, -1.447608e+00, 4.587986e-10, 5.021162e-10, 2.462359e-10, 4.584829e-10, 6.413501e+01, 1.658660e-02
5.040000e+02, 5.012099e-02, 8.858451e-03, 1.247332e-01, 8.576266e-01, -1.966096e-02, -2.657063e+00, 5.996081e-02, -1.458554e+00, 4.587051e-10, 4.997939e-10, 2.483580e-10, 4.584921e-10, 6.422070e+01, 1.518433e-02
5.078000e+02, 5.008517e-02, 8.894178e-03, 1.253389e-01, 8.576171e-01, -3.061305e-02, -2.668996e+00, 5.403098e-02, -1.469501e+00, 4.586359e-10, 4.974688e-10, 2.504536e-10, 4.584795e-10, 6.430533e+01, 1.375298e-02
5.116000e+02, 5.004342e-02, 8.929391e-03, 1.259394e-01, 8.576079e-01, -4.156348e-02, -2.680873e+00, 4.805113e-02, -1.480448e+00, 4.586068e-10, 4.951800e-10, 2.524956e-10, 4.584599e-10, 6.438890e+01, 1.229276e-02
5.154000e+02, 4.999572e-02, 8.964093e-03, 1.265337e-01, 8.575970e-01, -5.251323e-02, -2.692696e+00, 4.202252e-02, -1.491394e+00, 4.586157e-10, 4.927985e-10, 2.545079e-10, 4.584510e-10, 6.447127e+01, 1.080397e-02
5.192000e+02, 4.994214e-02, 8.998297e-03, 1.271221e-01, 8.575866e-01, -6.346318e-02, -2.704463e+00, 3.594586e-02, -1.502340e+00, 4.586538e-10, 4.903864e-10, 2.564874e-10, 4.584273e-10, 6.455243e+01, 9.286874e-03
5.230000e+02, 4.988245e-02, 9.031999e-03, 1.277048e-01, 8.575748e-01, -7.441405e-02, -2.716171e+00, 2.982194e-02, -1.513286e+00, 4.587271e-10, 4.880229e-10, 2.584235e-10, 4.584094e-10, 6.463238e+01, 7.741785e-03
5.268000e+02, 4.981691e-02, 9.065207e-03, 1.282809e-01, 8.575626e-01, -8.536666e-02, -2.727823e+00, 2.365179e-02, -1.524231e+00, 4.588496e-10, 4.855768e-10, 2.603272e-10, 4.583934e-10, 6.471097e+01, 6.169020e-03
5.306000e+02, 4.974529e-02, 9.097941e-03, 1.288506e-01, 8.575500e-01, -9.632220e-02, -2.739417e+00, 1.743619e-02, -1.535175e+00, 4.589767e-10, 4.831358e-10, 2.622052e-10, 4.583695e-10, 6.478820e+01, 4.568924e-03
5.344000e+02, 4.966784e-02, 9.130189e-03, 1.294141e-01, 8.575371e-01, -1.072808e-01, -2.750952e+00, 1.117576e-02, -1.546120e+00, 4.591572e-10, 4.806664e-10, 2.640410e-10, 4.583465e-10, 6.486407e+01, 2.941801e-03
5.382000e+02, 4.958433e-02, 9.161975e-03, 1.299705e-01, 8.575229e-01, -1.182437e-01, -2.762429e+00, 4.871485e-03, -1.557063e+00, 4.593843e-10, 4.781722e-10, 2.658522e-10, 4.583260e-10, 6.493843e+01, 1.288052e-03
5.420000e+02, 4.949480e-02, 9.193297e-03, 1.305211e-01, 8.575083e-01, -1.292120e-01, -2.773846e+00, -1.476030e-03, -1.568006e+00, 4.596110e-10, 4.756518e-10, 2.676281e-10, 4.582988e-10, 6.501140e+01, -3.919837e-04
5.458000e+02, 4.939940e-02, 9.224155e-03, 1.310651e-01, 8.574935e-01, -1.401857e-01, -2.785202e+00, -7.865946e-03, -1.578949e+00, 4.598953e-10, 4.731501e-10, 2.693759e-10, 4.582699e-10, 6.508286e+01, -2.097915e-03
5.496000e+02, 4.929799e-02, 9.254574e-03, 1.316015e-01, 8.574783e-01, -1.511662e-01, -2.796499e+00, -1.429759e-02, -1.589890e+00, 4.602077e-10, 4.705727e-10, 2.710913e-10, 4.582457e-10, 6.515265e+01, -3.829342e-03
5.534000e+02, 4.919059e-02, 9.284555e-03, 1.321315e-01, 8.574617e-01, -1.621542e-01, -2.807735e+00, -2.077020e-02, -1.600831e+00, 4.605614e-10, 4.679900e-10, 2.727812e-10, 4.582146e-10, 6.522091e+01, -5.585865e-03
5.572000e+02, 4.907716e-02, 9.314113e-03, 1.326544e-01, 8.574447e-01, -1.731506e-01, -2.818908e+00, -2.728315e-02, -1.611772e+00, 4.609436e-10, 4.654124e-10, 2.744372e-10, 4.581853e-10, 6.528749e+01, -7.367069e-03
5.610000e+02, 4.895772e-02, 9.343240e-03, 1.331702e-01, 8.574272e-01, -1.841561e-01, -2.830021e+00, -3.383564e-02, -1.622711e+00, 4.613366e-10, 4.627511e-10, 2.760815e-10, 4.581532e-10, 6.535239e+01, -9.172495e-03
5.648000e+02, 4.883241e-02, 9.371965e-03, 1.336782e-01, 8.574091e-01, -1.951710e-01, -2.841069e+00, -4.042739e-02, -1.633650e+00, 4.618062e-10, 4.601451e-10, 2.776776e-10, 4.581197e-10, 6.541547e+01, -1.100174e-02
5.686000e+02, 4.870095e-02, 9.400285e-03, 1.341795e-01, 8.573913e-01, -2.061972e-01, -2.852056e+00, -4.705725e-02, -1.644588e+00, 4.622705e-10, 4.574888e-10, 2.792436e-10, 4.580855e-10, 6.547685e+01, -1.285432e-02
5.724000e+02, 4.856358e-02, 9.428225e-03, 1.346743e-01, 8.573717e-01, -2.172344e-01, -2.862979e+00, -5.372450e-02, -1.655526e+00, 4.627885e-10, 4.547718e-10, 2.808142e-10, 4.580462e-10, 6.553652e+01, -1.472977e-02
5.762000e+02, 4.842021e-02, 9.455766e-03, 1.351607e-01, 8.573522e-01, -2.282840e-01, -2.873837e+00, -6.042925e-02, -1.666462e+00, 4.632962e-10, 4.521068e-10, 2.823579e-10, 4.580182e-10, 6.559422e+01, -1.662764e-02
5.800000e+02, 4.827074e-02, 9.482946e-03, 1.356389e-01, 8.573317e-01, -2.393457e-01, -2.884632e+00, -6.717086e-02, -1.677398e+00, 4.639147e-10, 4.493557e-10, 2.838494e-10, 4.579681e-10, 6.564993e+01, -1.854741e-02
5.838000e+02, 4.811532e-02, 9.509766e-03, 1.361100e-01, 8.573109e-01, -2.504222e-01, -2.895360e+00, -7.394807e-02, -1.688332e+00, 4.645784e-10, 4.466659e-10, 2.853209e-10, 4.579344e-10, 6.570378e+01, -2.048856e-02
5.876000e+02, 4.795396e-02, 9.536242e-03, 1.365741e-01, 8.572898e-01, -2.615145e-01, -2.906025e+00, -8.076043e-02, -1.699266e+00, 4.651659e-10, 4.438420e-10, 2.868168e-10, 4.579173e-10, 6.575577e+01, -2.245066e-02
5.914000e+02, 4.778642e-02, 9.562375e-03, 1.370295e-01, 8.572682e-01, -2.726208e-01, -2.916622e+00, -8.760849e-02, -1.710199e+00, 4.658404e-10, 4.410723e-10, 2.881869e-10, 4.578591e-10, 6.580561e+01, -2.443321e-02
5.952000e+02, 4.761294e-02, 9.588179e-03, 1.374783e-01, 8.572459e-01, -2.837433e-01, -2.927153e+00, -9.448928e-02, -1.721131e+00, 4.665026e-10, 4.382756e-10, 2.896907e-10, 4.578008e-10, 6.585358e+01, -2.643539e-02
5.990000e+02, 4.743339e-02, 9.613680e-03, 1.379175e-01, 8.572236e-01, -2.948815e-01, -2.937618e+00, -1.014060e-01, -1.732062e+00, 4.672997e-10, 4.354630e-10, 2.910671e-10, 4.577490e-10, 6.589926e+01, -2.845715e-02
6.028000e+02, 4.724779e-02, 9.638872e-03, 1.383494e-01, 8.572010e-01, -3.060388e-01, -2.948015e+00, -1.083555e-01, -1.742991e+00, 4.681484e-10, 4.326151e-10, 2.924006e-10, 4.577131e-10, 6.594292e+01, -3.049766e-02
6.066000e+02, 4.705616e-02, 9.663782e-03, 1.387740e-01, 8.571772e-01, -3.172164e-01, -2.958344e+00, -1.153369e-01, -1.753919e+00, 4.688520e-10, 4.297610e-10, 2.937950e-10, 4.576673e-10, 6.598455e+01, -3.255629e-02
6.104000e+02, 4.685850e-02, 9.688420e-03, 1.391895e-01, 8.571537e-01, -3.284108e-01, -2.968605e+00, -1.223516e-01, -1.764847e+00, 4.697759e-10, 4.268472e-10, 2.951203e-10, 4.576376e-10, 6.602387e+01, -3.463258e-02
6.142000e+02, 4.665488e-02, 9.712793e-03, 1.395971e-01, 8.571294e-01, -3.396272e-01, -2.978797e+00, -1.293979e-01, -1.775773e+00, 4.706143e-10, 4.239699e-10, 2.964394e-10, 4.576056e-10, 6.606101e+01, -3.672589e-02
6.180000e+02, 4.644511e-02, 9.736919e-03, 1.399967e-01, 8.571051e-01, -3.508636e-01, -2.988919e+00, -1.364757e-01, -1.786699e+00, 4.714786e-10, 4.210749e-10, 2.977654e-10, 4.575332e-10, 6.609598e+01, -3.883579e-02
6.218000e+02, 4.622928e-02, 9.760811e-03, 1.403877e-01, 8.570802e-01, -3.621207e-01, -2.998973e+00, -1.435852e-01, -1.797623e+00, 4.725694e-10, 4.181586e-10, 2.990327e-10, 4.575047e-10, 6.612862e+01, -4.096163e-02
6.256000e+02, 4.600742e-02, 9.784479e-03, 1.407700e-01, 8.570557e-01, -3.734038e-01, -3.008957e+00, -1.507249e-01, -1.808547e+00, 4.734310e-10, 4.151806e-10, 3.002833e-10, 4.574355e-10, 6.615894e+01, -4.310255e-02
6.294000e+02, 4.577950e-02, 9.807946e-03, 1.411448e-01, 8.570312e-01, -3.847075e-01, -3.018870e+00, -1.578945e-01, -1.819468e+00, 4.745209e-10, 4.122208e-10, 3.015964e-10, 4.573863e-10, 6.618707e+01, -4.525832e-02
6.332000e+02, 4.554557e-02, 9.831228e-03, 1.415102e-01, 8.570053e-01, -3.960372e-01, -3.028712e+00, -1.650955e-01, -1.830389e+00, 4.755878e-10, 4.092698e-10, 3.028073e-10, 4.573206e-10, 6.621273e+01, -4.742828e-02
6.370000e+02, 4.530554e-02, 9.854336e-03, 1.418672e-01, 8.569797e-01, -4.073924e-01, -3.038484e+00, -1.723253e-01, -1.841308e+00, 4.765968e-10, 4.062862e-10, 3.040722e-10, 4.573090e-10, 6.623605e+01, -4.961157e-02
6.408000e+02, 4.505942e-02, 9.877289e-03, 1.422151e-01, 8.569543e-01, -4.187717e-01, -3.048184e+00, -1.795854e-01, -1.852227e+00, 4.778407e-10, 4.032782e-10, 3.052610e-10, 4.571970e-10, 6.625689e+01, -5.180776e-02
6.446000e+02, 4.480727e-02, 9.900104e-03, 1.425549e-01, 8.569293e-01, -4.301806e-01, -3.057813e+00, -1.868738e-01, -1.863143e+00, 4.789881e-10, 4.002637e-10, 3.063939e-10, 4.572003e-10, 6.627540e+01, -5.401618e-02
6.484000e+02, 4.454917e-02, 9.922790e-03, 1.428866e-01, 8.569039e-01, -4.416170e-01, -3.067370e+00, -1.941893e-01, -1.874059e+00, 4.801989e-10, 3.972412e-10, 3.076749e-10, 4.571506e-10, 6.629156e+01, -5.623600e-02
6.522000e+02, 4.428485e-02, 9.945373e-03, 1.432085e-01, 8.568785e-01, -4.530823e-01, -3.076854e+00, -2.015354e-01, -1.884974e+00, 4.814443e-10, 3.942087e-10, 3.088237e-10, 4.570627e-10, 6.630510e+01, -5.846694e-02
6.560000e+02, 4.401456e-02, 9.967862e-03, 1.435215e-01, 8.568524e-01, -4.645773e-01, -3.086267e+00, -2.089089e-01, -1.895887e+00, 4.826757e-10, 3.911633e-10, 3.099473e-10, 4.570605e-10, 6.631616e+01, -6.070794e-02
6.598000e+02, 4.373820e-02, 9.990282e-03, 1.438267e-01, 8.568268e-01, -4.761017e-01, -3.095606e+00, -2.163092e-01, -1.906800e+00, 4.841083e-10, 3.881190e-10, 3.111177e-10, 4.569573e-10, 6.632487e+01, -6.295878e-02
6.636000e+02, 4.345589e-02, 1.001265e-02, 1.441222e-01, 8.568017e-01, -4.876603e-01, -3.104873e+00, -2.237375e-01, -1.917710e+00, 4.854484e-10, 3.850574e-10, 3.123036e-10, 4.569250e-10, 6.633095e+01, -6.521836e-02
6.674000e+02, 4.316746e-02, 1.003500e-02, 1.444082e-01, 8.567760e-01, -4.992510e-01, -3.114066e+00, -2.311941e-01, -1.928620e+00, 4.867765e-10, 3.819957e-10, 3.134087e-10, 4.568671e-10, 6.633442e+01, -6.748624e-02
6.712000e+02, 4.287302e-02, 1.005730e-02, 1.446856e-01, 8.567513e-01, -5.108733e-01, -3.123187e+00, -2.386771e-01, -1.939528e+00, 4.884061e-10, 3.789302e-10, 3.144679e-10, 4.568166e-10, 6.633540e+01, -6.976177e-02
6.750000e+02, 4.257250e-02, 1.007964e-02, 1.449545e-01, 8.567271e-01, -5.225345e-01, -3.132234e+00, -2.461854e-01, -1.950435e+00, 4.898916e-10, 3.758584e-10, 3.156102e-10, 4.567930e-10, 6.633389e+01, -7.204410e-02
6.788000e+02, 4.226604e-02, 1.010200e-02, 1.452140e-01, 8.567022e-01, -5.342312e-01, -3.141208e+00, -2.537209e-01, -1.961341e+00, 4.913274e-10, 3.727870e-10, 3.168160e-10, 4.566777e-10, 6.632976e+01, -7.433275e-02
6.826000e+02, 4.195357e-02, 1.012437e-02, 1.454632e-01, 8.566784e-01, -5.459622e-01, 3.133076e+00, -2.612852e-01, -1.972245e+00, 4.930776e-10, 3.697125e-10, 3.178091e-10, 4.566541e-10, 6.632288e+01, -7.662704e-02
6.864000e+02, 4.163504e-02, 1.014683e-02, 1.457040e-01, 8.566540e-01, -5.577350e-01, 3.124249e+00, -2.688733e-01, -1.983148e+00, 4.946811e-10, 3.666461e-10, 3.188930e-10, 4.566456e-10, 6.631351e+01, -7.892597e-02
6.902000e+02, 4.131054e-02, 1.016936e-02, 1.459356e-01, 8.566307e-01, -5.695460e-01, 3.115495e+00, -2.764872e-01, -1.994051e+00, 4.964122e-10, 3.635856e-10, 3.199679e-10, 4.565361e-10, 6.630153e+01, -8.122904e-02
6.940000e+02, 4.098012e-02, 1.019196e-02, 1.461579e-01, 8.566081e-01, -5.813984e-01, 3.106814e+00, -2.841268e-01, -2.004951e+00, 4.981606e-10, 3.605024e-10, 3.210343e-10, 4.565007e-10, 6.628694e+01, -8.353561e-02
6.978000e+02, 4.064362e-02, 1.021481e-02, 1.463711e-01, 8.565853e-01, -5.932926e-01, 3.098206e+00, -2.917918e-01, -2.015851e+00, 5.000737e-10, 3.574671e-10, 3.220382e-10, 4.564544e-10, 6.626973e+01, -8.584502e-02
7.016000e+02, 4.030121e-02, 1.023770e-02, 1.465751e-01, 8.565628e-01, -6.052324e-01, 3.089672e+00, -2.994809e-01, -2.026749e+00, 5.018932e-10, 3.544095e-10, 3.231762e-10, 4.564399e-10, 6.624992e+01, -8.815621e-02
7.054000e+02, 3.995288e-02, 1.026080e-02, 1.467690e-01, 8.565414e-01, -6.172156e-01, 3.081210e+00, -3.071970e-01, -2.037647e+00, 5.038501e-10, 3.513718e-10, 3.241710e-10, 4.563252e-10, 6.622738e+01, -9.046891e-02
7.092000e+02, 3.959866e-02, 1.028411e-02, 1.469538e-01, 8.565206e-01, -6.292456e-01, 3.072820e+00, -3.149370e-01, -2.048542e+00, 5.059276e-10, 3.483508e-10, 3.252778e-10, 4.563297e-10, 6.620223e+01, -9.278208e-02
7.130000e+02, 3.923843e-02, 1.030761e-02, 1.471285e-01, 8.565000e-01, -6.413252e-01, 3.064503e+00, -3.227034e-01, -2.059438e+00, 5.079610e-10, 3.453333e-10, 3.262664e-10, 4.562556e-10, 6.617436e+01, -9.509524e-02
7.168000e+02, 3.887245e-02, 1.033139e-02, 1.472942e-01, 8.564803e-01, -6.534533e-01, 3.056258e+00, -3.304933e-01, -2.070331e+00, 5.101012e-10, 3.423367e-10, 3.273184e-10, 4.562341e-10, 6.614391e+01, -9.740757e-02
7.206000e+02, 3.850043e-02, 1.035544e-02, 1.474498e-01, 8.564615e-01, -6.656325e-01, 3.048084e+00, -3.383084e-01, -2.081224e+00, 5.124346e-10, 3.393863e-10, 3.283039e-10, 4.561561e-10, 6.611073e+01, -9.971819e-02
7.244000e+02, 3.812267e-02, 1.037974e-02, 1.475964e-01, 8.564435e-01, -6.778675e-01, 3.039981e+00, -3.461470e-01, -2.092116e+00, 5.145973e-10, 3.363987e-10, 3.293319e-10, 4.561310e-10, 6.607498e+01, -1.020267e-01
7.282000e+02, 3.773906e-02, 1.040438e-02, 1.477329e-01, 8.564263e-01, -6.901541e-01, 3.031949e+00, -3.540102e-01, -2.103006e+00, 5.170769e-10, 3.334935e-10, 3.303912e-10, 4.560917e-10, 6.603653e+01, -1.043319e-01
7.320000e+02, 3.734959e-02, 1.042934e-02, 1.478594e-01, 8.564101e-01, -7.024998e-01, 3.023986e+00, -3.618986e-01, -2.113896e+00, 5.195804e-10, 3.305492e-10, 3.313272e-10, 4.560215e-10, 6.599539e+01, -1.066335e-01
7.358000e+02, 3.695439e-02, 1.045472e-02, 1.479768e-01, 8.563939e-01, -7.149054e-01, 3.016094e+00, -3.698094e-01, -2.124784e+00, 5.221689e-10, 3.276874e-10, 3.323679e-10, 4.560206e-10, 6.595169e+01, -1.089306e-01
7.396000e+02, 3.655339e-02, 1.048051e-02, 1.480841e-01, 8.563791e-01, -7.273728e-01, 3.008270e+00, -3.777451e-01, -2.135672e+00, 5.247814e-10, 3.248689e-10, 3.333897e-10, 4.559630e-10, 6.590531e+01, -1.112226e-01
7.434000e+02, 3.614673e-02, 1.050669e-02, 1.481814e-01, 8.563654e-01, -7.399025e-01, 3.000514e+00, -3.857051e-01, -2.146559e+00, 5.275675e-10, 3.220549e-10, 3.343939e-10, 4.559168e-10, 6.585626e+01, -1.135085e-01
7.472000e+02, 3.573424e-02, 1.053325e-02, 1.482685e-01, 8.563522e-01, -7.524987e-01, 2.992824e+00, -3.936892e-01, -2.157444e+00, 5.304713e-10, 3.192407e-10, 3.353235e-10, 4.558559e-10, 6.580456e+01, -1.157876e-01
7.510000e+02, 3.531611e-02, 1.056038e-02, 1.483465e-01, 8.563398e-01, -7.651643e-01, 2.985202e+00, -4.016954e-01, -2.168328e+00, 5.334875e-10, 3.165834e-10, 3.363438e-10, 4.558600e-10, 6.575033e+01, -1.180595e-01
7.548000e+02, 3.489239e-02, 1.058788e-02, 1.484142e-01, 8.563296e-01, -7.779019e-01, 2.977643e+00, -4.097260e-01, -2.179212e+00, 5.366207e-10, 3.138083e-10, 3.373500e-10, 4.558235e-10, 6.569346e+01, -1.203231e-01
7.586000e+02, 3.446310e-02, 1.061603e-02, 1.484718e-01, 8.563190e-01, -7.907143e-01, 2.970151e+00, -4.177806e-01, -2.190096e+00, 5.398797e-10, 3.111629e-10, 3.382527e-10, 4.557552e-10, 6.563397e+01, -1.225779e-01
7.624000e+02, 3.402815e-02, 1.064474e-02, 1.485200e-01, 8.563104e-01, -8.036046e-01, 2.962721e+00, -4.258567e-01, -2.200977e+00, 5.431838e-10, 3.085856e-10, 3.393747e-10, 4.557277e-10, 6.557198e+01, -1.248230e-01
7.662000e+02, 3.358763e-02, 1.067398e-02, 1.485571e-01, 8.563023e-01, -8.165737e-01, 2.955354e+00, -4.339597e-01, -2.211858e+00, 5.467954e-10, 3.060011e-10, 3.402770e-10, 4.557236e-10, 6.550726e+01, -1.270577e-01
7.700000e+02, 3.314170e-02, 1.070386e-02, 1.485846e-01, 8.562957e-01, -8.296290e-01, 2.948047e+00, -4.420842e-01, -2.222739e+00, 5.504665e-10, 3.035537e-10, 3.411644e-10, 4.557026e-10, 6.544007e+01, -1.292813e-01
7.738000e+02, 3.269030e-02, 1.073437e-02, 1.486027e-01, 8.562906e-01, -8.427720e-01, 2.940800e+00, -4.502298e-01, -2.233620e+00, 5.543904e-10, 3.010898e-10, 3.423130e-10, 4.556260e-10, 6.537043e+01, -1.314930e-01
7.776000e+02, 3.223339e-02, 1.076550e-02, 1.486094e-01, 8.562867e-01, -8.560087e-01, 2.933611e+00, -4.584029e-01, -2.244498e+00, 5.583714e-10, 2.987555e-10, 3.432081e-10, 4.556326e-10, 6.529808e+01, -1.336922e-01
7.814000e+02, 3.177116e-02, 1.079736e-02, 1.486064e-01, 8.562830e-01, -8.693404e-01, 2.926478e+00, -4.665974e-01, -2.255377e+00, 5.626258e-10, 2.963973e-10, 3.440928e-10, 4.555986e-10, 6.522331e+01, -1.358781e-01
7.852000e+02, 3.130356e-02, 1.082993e-02, 1.485937e-01, 8.562819e-01, -8.827738e-01, 2.919401e+00, -4.748130e-01, -2.266255e+00, 5.670507e-10, 2.940793e-10, 3.451493e-10, 4.556034e-10, 6.514612e+01, -1.380498e-01
7.890000e+02, 3.083072e-02, 1.086332e-02, 1.485703e-01, 8.562807e-01, -8.963127e-01, 2.912380e+00, -4.830538e-01, -2.277133e+00, 5.717834e-10, 2.920081e-10, 3.461795e-10, 4.555339e-10, 6.506639e+01, -1.402068e-01
7.928000e+02, 3.035256e-02, 1.089744e-02, 1.485362e-01, 8.562822e-01, -9.099647e-01, 2.905408e+00, -4.913192e-01, -2.288009e+00, 5.766864e-10, 2.898577e-10, 3.469648e-10, 4.555423e-10, 6.498415e+01, -1.423483e-01
7.966000e+02, 2.986935e-02, 1.093237e-02, 1.484929e-01, 8.562844e-01, -9.237337e-01, 2.898487e+00, -4.996034e-01, -2.298886e+00, 5.818459e-10, 2.877679e-10, 3.481265e-10, 4.555707e-10, 6.489967e+01, -1.444736e-01
8.004000e+02, 2.938093e-02, 1.096821e-02, 1.484377e-01, 8.562880e-01, -9.376259e-01, 2.891616e+00, -5.079153e-01, -2.309763e+00, 5.873128e-10, 2.858474e-10, 3.489544e-10, 4.555124e-10, 6.481256e+01, -1.465815e-01
8.042000e+02, 2.888749e-02, 1.100488e-02, 1.483733e-01, 8.562931e-01, -9.516487e-01, 2.884791e+00, -5.162470e-01, -2.320639e+00, 5.931721e-10, 2.840421e-10, 3.500334e-10, 4.554702e-10, 6.472324e+01, -1.486721e-01
8.080000e+02, 2.838893e-02, 1.104238e-02, 1.482978e-01, 8.562991e-01, -9.658113e-01, 2.878009e+00, -5.246044e-01, -2.331514e+00, 5.990494e-10, 2.821849e-10, 3.508327e-10, 4.554815e-10, 6.463145e+01, -1.507442e-01
8.118000e+02, 2.788549e-02, 1.108090e-02, 1.482126e-01, 8.563073e-01, -9.801143e-01, 2.871272e+00, -5.329809e-01, -2.342389e+00, 6.056575e-10, 2.804570e-10, 3.519445e-10, 4.554737e-10, 6.453748e+01, -1.527971e-01
8.156000e+02, 2.737716e-02, 1.112036e-02, 1.481162e-01, 8.563164e-01, -9.945750e-01, 2.864576e+00, -5.413840e-01, -2.353264e+00, 6.125778e-10, 2.789420e-10, 3.527719e-10, 4.554835e-10, 6.444108e+01, -1.548301e-01
8.194000e+02, 2.686404e-02, 1.116076e-02, 1.480099e-01, 8.563270e-01, -1.009201e+00, 2.857916e+00, -5.498068e-01, -2.364139e+00, 6.197498e-10, 2.772782e-10, 3.538999e-10, 4.554755e-10, 6.434252e+01, -1.568425e-01
8.232000e+02, 2.634613e-02, 1.120232e-02, 1.478920e-01, 8.563392e-01, -1.023998e+00, 2.851295e+00, -5.582566e-01, -2.375014e+00, 6.275055e-10, 2.760297e-10, 3.546349e-10, 4.554498e-10, 6.424156e+01, -1.588334e-01
8.270000e+02, 2.582355e-02, 1.124474e-02, 1.477649e-01, 8.563529e-01, -1.038981e+00, 2.844705e+00, -5.667239e-01, -2.385888e+00, 6.357456e-10, 2.746234e-10, 3.558070e-10, 4.554754e-10, 6.413860e+01, -1.608025e-01
8.308000e+02, 2.529646e-02, 1.128833e-02, 1.476260e-01, 8.563682e-01, -1.054160e+00, 2.838148e+00, -5.752192e-01, -2.396763e+00, 6.444891e-10, 2.733360e-10, 3.567096e-10, 4.554470e-10, 6.403327e+01, -1.627488e-01
8.346000e+02, 2.476478e-02, 1.133311e-02, 1.474768e-01, 8.563856e-01, -1.069548e+00, 2.831622e+00, -5.837360e-01, -2.407638e+00, 6.540389e-10, 2.723591e-10, 3.576212e-10, 4.554733e-10, 6.392585e+01, -1.646717e-01
8.384000e+02, 2.422873e-02, 1.137889e-02, 1.473171e-01, 8.564039e-01, -1.085163e+00, 2.825119e+00, -5.922746e-01, -2.418513e+00, 6.641392e-10, 2.713093e-10, 3.585676e-10, 4.554462e-10, 6.381635e+01, -1.665703e-01
8.422000e+02, 2.368837e-02, 1.142589e-02, 1.471468e-01, 8.564235e-01, -1.101021e+00, 2.818641e+00, -6.008358e-01, -2.429387e+00, 6.748460e-10, 2.703358e-10, 3.595040e-10, 4.554708e-10, 6.370479e+01, -1.684443e-01
8.460000e+02, 2.314374e-02, 1.147411e-02, 1.469657e-01, 8.564445e-01, -1.117133e+00, 2.812186e+00, -6.094193e-01, -2.440262e+00, 6.867333e-10, 2.696592e-10, 3.606919e-10, 4.555093e-10, 6.359117e+01, -1.702924e-01
8.498000e+02, 2.259501e-02, 1.152349e-02, 1.467729e-01, 8.564675e-01, -1.133530e+00, 2.805748e+00, -6.180313e-01, -2.451138e+00, 6.992222e-10, 2.689705e-10, 3.613322e-10, 4.554989e-10, 6.347540e+01, -1.721147e-01
8.536000e+02, 2.204226e-02, 1.157414e-02, 1.465706e-01, 8.564918e-01, -1.150224e+00, 2.799326e+00, -6.266585e-01, -2.462013e+00, 7.129259e-10, 2.685058e-10, 3.625822e-10, 4.555021e-10, 6.335787e+01, -1.739097e-01
8.574000e+02, 2.148569e-02, 1.162599e-02, 1.463564e-01, 8.565178e-01, -1.167246e+00, 2.792915e+00, -6.353155e-01, -2.472889e+00, 7.275729e-10, 2.679281e-10, 3.632770e-10, 4.555562e-10, 6.323821e+01, -1.756774e-01
8.612000e+02, 2.092523e-02, 1.167924e-02, 1.461323e-01, 8.565457e-01, -1.184618e+00, 2.786518e+00, -6.439892e-01, -2.483766e+00, 7.437234e-10, 2.677254e-10, 3.644022e-10, 4.555243e-10, 6.311681e+01, -1.774165e-01
8.650000e+02, 2.036130e-02, 1.173375e-02, 1.458966e-01, 8.565751e-01, -1.202375e+00, 2.780126e+00, -6.526897e-01, -2.494642e+00, 7.610753e-10, 2.674279e-10, 3.653794e-10, 4.555438e-10, 6.299345e+01, -1.791268e-01
8.688000e+02, 1.979374e-02, 1.178971e-02, 1.456500e-01, 8.566060e-01, -1.220547e+00, 2.773741e+00, -6.614135e-01, -2.505518e+00, 7.802059e-10, 2.674362e-10, 3.662026e-10, 4.555862e-10, 6.286827e+01, -1.808076e-01
8.726000e+02, 1.922295e-02, 1.184697e-02, 1.453930e-01, 8.566377e-01, -1.239175e+00, 2.767355e+00, -6.701570e-01, -2.516396e+00, 8.011702e-10, 2.676290e-10, 3.672280e-10, 4.556295e-10, 6.274140e+01, -1.824581e-01
8.764000e+02, 1.864907e-02, 1.190556e-02, 1.451246e-01, 8.566722e-01, -1.258304e+00, 2.760965e+00, -6.789250e-01, -2.527275e+00, 8.240554e-10, 2.676380e-10, 3.683067e-10, 4.556389e-10, 6.261273e+01, -1.840776e-01
8.802000e+02, 1.807215e-02, 1.196570e-02, 1.448448e-01, 8.567070e-01, -1.277979e+00, 2.754575e+00, -6.877187e-01, -2.538154e+00, 8.493594e-10, 2.680464e-10, 3.690697e-10, 4.556479e-10, 6.248228e+01, -1.856654e-01
8.840000e+02, 1.749253e-02, 1.202723e-02, 1.445548e-01, 8.567442e-01, -1.298258e+00, 2.748175e+00, -6.965306e-01, -2.549033e+00, 8.773354e-10, 2.685579e-10, 3.702320e-10, 4.556802e-10, 6.235032e+01, -1.872212e-01
8.878000e+02, 1.691038e-02, 1.209018e-02, 1.442528e-01, 8.567829e-01, -1.319206e+00, 2.741763e+00, -7.053703e-01, -2.559912e+00, 9.083379e-10, 2.690629e-10, 3.710752e-10, 4.557639e-10, 6.221661e+01, -1.887440e-01
8.916000e+02, 1.632596e-02, 1.215470e-02, 1.439403e-01, 8.568233e-01, -1.340893e+00, 2.735339e+00, -7.142302e-01, -2.570794e+00, 9.428852e-10, 2.697622e-10, 3.721405e-10, 4.557228e-10, 6.208141e+01, -1.902334e-01
8.954000e+02, 1.573957e-02, 1.222071e-02, 1.436163e-01, 8.568652e-01, -1.363406e+00, 2.728898e+00, -7.231154e-01, -2.581675e+00, 9.814391e-10, 2.706115e-10, 3.728766e-10, 4.558420e-10, 6.194462e+01, -1.916886e-01
8.992000e+02, 1.515144e-02, 1.228826e-02, 1.432820e-01, 8.569085e-01, -1.386839e+00, 2.722437e+00, -7.320183e-01, -2.592559e+00, 1.024798e-09, 2.717124e-10, 3.740369e-10, 4.558368e-10, 6.180649e+01, -1.931091e-01
9.030000e+02, 1.456212e-02, 1.235730e-02, 1.429357e-01, 8.569532e-01, -1.411307e+00, 2.715950e+00, -7.409488e-01, -2.603443e+00, 1.073574e-09, 2.727199e-10, 3.750867e-10, 4.558413e-10, 6.166679e+01, -1.944942e-01
9.068000e+02, 1.397188e-02, 1.242796e-02, 1.425780e-01, 8.569997e-01, -1.436940e+00, 2.709438e+00, -7.499044e-01, -2.614326e+00, 1.128761e-09, 2.739702e-10, 3.757525e-10, 4.559392e-10, 6.152567e+01, -1.958434e-01
9.106000e+02, 1.338119e-02, 1.250019e-02, 1.422100e-01, 8.570477e-01, -1.463890e+00, 2.702897e+00, -7.588759e-01, -2.625212e+00, 1.191526e-09, 2.753176e-10, 3.769032e-10, 4.559796e-10, 6.138337e+01, -1.971560e-01
9.144000e+02, 1.279065e-02, 1.257404e-02, 1.418302e-01, 8.570973e-01, -1.492339e+00, 2.696323e+00, -7.678749e-01, -2.636099e+00, 1.263196e-09, 2.767556e-10, 3.778965e-10, 4.560053e-10, 6.123967e+01, -1.984315e-01
9.182000e+02, 1.220093e-02, 1.264955e-02, 1.414390e-01, 8.571481e-01, -1.522499e+00, 2.689715e+00, -7.768976e-01, -2.646987e+00, 1.345440e-09, 2.785392e-10, 3.788106e-10, 4.560829e-10, 6.109470e+01, -1.996693e-01
9.220000e+02, 1.161262e-02, 1.272659e-02, 1.410368e-01, 8.572002e-01, -1.554623e+00, 2.683065e+00, -7.859421e-01, -2.657876e+00, 1.440342e-09, 2.801133e-10, 3.798533e-10, 4.561255e-10, 6.094857e+01, -2.008689e-01
9.258000e+02, 1.102673e-02, 1.280540e-02, 1.406233e-01, 8.572547e-01, -1.589013e+00, 2.676377e+00, -7.950116e-01, -2.668767e+00, 1.550394e-09, 2.822014e-10, 3.807548e-10, 4.561311e-10, 6.080127e+01, -2.020301e-01
9.296000e+02, 1.044413e-02, 1.288575e-02, 1.401983e-01, 8.573102e-01, -1.626030e+00, 2.669639e+00, -8.041025e-01, -2.679658e+00, 1.678654e-09, 2.840362e-10, 3.816632e-10, 4.562544e-10, 6.065287e+01, -2.031513e-01
9.334000e+02, 9.866302e-03, 1.296787e-02, 1.397618e-01, 8.573672e-01, -1.666110e+00, 2.662857e+00, -8.132151e-01, -2.690551e+00, 1.828972e-09, 2.862024e-10, 3.826407e-10, 4.562993e-10, 6.050342e+01, -2.042320e-01
9.372000e+02, 9.294593e-03, 1.305164e-02, 1.393140e-01, 8.574249e-01, -1.709779e+00, 2.656024e+00, -8.223511e-01, -2.701446e+00, 2.005970e-09, 2.885794e-10, 3.836868e-10, 4.563083e-10, 6.035296e+01, -2.052723e-01
9.410000e+02, 8.730871e-03, 1.313703e-02, 1.388549e-01, 8.574843e-01, -1.757673e+00, 2.649134e+00, -8.315120e-01, -2.712341e+00, 2.215313e-09, 2.908599e-10, 3.845766e-10, 4.564334e-10, 6.020154e+01, -2.062723e-01
9.448000e+02, 8.177384e-03, 1.322419e-02, 1.383843e-01, 8.575457e-01, -1.810566e+00, 2.642189e+00, -8.406942e-01, -2.723239e+00, 2.463919e-09, 2.932831e-10, 3.857376e-10, 4.564613e-10, 6.004922e+01, -2.072300e-01
9.486000e+02, 7.636885e-03, 1.331308e-02, 1.379029e-01, 8.576075e-01, -1.869395e+00, 2.635187e+00, -8.499042e-01, -2.734137e+00, 2.759802e-09, 2.960552e-10, 3.865439e-10, 4.565356e-10, 5.989604e+01, -2.081475e-01
9.524000e+02, 7.112785e-03, 1.340359e-02, 1.374095e-01, 8.576720e-01, -1.935289e+00, 2.628118e+00, -8.591333e-01, -2.745037e+00, 3.112250e-09, 2.986858e-10, 3.874237e-10, 4.566048e-10, 5.974206e+01, -2.090209e-01
9.562000e+02, 6.609281e-03, 1.349586e-02, 1.369042e-01, 8.577363e-01, -2.009597e+00, 2.620987e+00, -8.683835e-01, -2.755939e+00, 3.531351e-09, 3.014485e-10, 3.885732e-10, 4.566732e-10, 5.958733e+01, -2.098503e-01
9.600000e+02, 6.131632e-03, 1.358987e-02, 1.363880e-01, 8.578032e-01, -2.093912e+00, 2.613789e+00, -8.776611e-01, -2.766843e+00, 4.027011e-09, 3.044205e-10, 3.895252e-10, 4.566939e-10, 5.943188e+01, -2.106377e-01
9.638000e+02, 5.686356e-03, 1.368561e-02, 1.358605e-01, 8.578703e-01, -2.190061e+00, 2.606521e+00, -8.869614e-01, -2.777747e+00, 4.606769e-09, 3.074659e-10, 3.903789e-10, 4.568480e-10, 5.927579e+01, -2.113812e-01
9.676000e+02, 5.281747e-03, 1.378304e-02, 1.353209e-01, 8.579393e-01, -2.300053e+00, 2.599180e+00, -8.962822e-01, -2.788655e+00, 5.272035e-09, 3.105556e-10, 3.914515e-10, 4.568827e-10, 5.911911e+01, -2.120790e-01
9.714000e+02, 4.928605e-03, 1.388224e-02, 1.347702e-01, 8.580094e-01, -2.425929e+00, 2.591765e+00, -9.056285e-01, -2.799563e+00, 6.006282e-09, 3.138704e-10, 3.924285e-10, 4.569700e-10, 5.896188e+01, -2.127330e-01
9.752000e+02, 4.641727e-03, 1.398310e-02, 1.342079e-01, 8.580806e-01, -2.569335e+00, 2.584271e+00, -9.149982e-01, -2.810474e+00, 6.745573e-09, 3.171951e-10, 3.933809e-10, 4.570017e-10, 5.880414e+01, -2.133413e-01
9.790000e+02, 4.442181e-03, 1.408568e-02, 1.336342e-01, 8.581527e-01, -2.730393e+00, 2.576698e+00, -9.243906e-01, -2.821385e+00, 7.321370e-09, 3.206072e-10, 3.942438e-10, 4.571476e-10, 5.864597e+01, -2.139040e-01
9.828000e+02, 4.357209e-03, 1.418999e-02, 1.330484e-01, 8.582265e-01, -2.905199e+00, 2.569043e+00, -9.338036e-01, -2.832300e+00, 7.462308e-09, 3.241050e-10, 3.953449e-10, 4.571766e-10, 5.848741e+01, -2.144193e-01
9.866000e+02, 4.408600e-03, 1.429599e-02, 1.324514e-01, 8.583011e-01, -3.083370e+00, 2.561304e+00, -9.432429e-01, -2.843216e+00, 7.049876e-09, 3.277110e-10, 3.962575e-10, 4.572588e-10, 5.832850e+01, -2.148891e-01
9.904000e+02, 4.592628e-03, 1.440367e-02, 1.318429e-01, 8.583765e-01, 3.031492e+00, 2.553480e+00, -9.527040e-01, -2.854133e+00, 6.301927e-09, 3.314221e-10, 3.972458e-10, 4.573471e-10, 5.816932e+01, -2.153115e-01
9.942000e+02, 4.882937e-03, 1.451304e-02, 1.312227e-01, 8.584531e-01, 2.881026e+00, 2.545567e+00, -9.621886e-01, -2.865053e+00, 5.495314e-09, 3.350252e-10, 3.982575e-10, 4.574281e-10, 5.800991e+01, -2.156866e-01
9.980000e+02, 5.251768e-03, 1.462415e-02, 1.305912e-01, 8.585303e-01, 2.749820e+00, 2.537568e+00, -9.716975e-01, -2.875975e+00, 4.761653e-09, 3.390068e-10, 3.991385e-10, 4.575748e-10, 5.785032e+01, -2.160145e-01
1.001800e+03, 5.679224e-03, 1.473683e-02, 1.299477e-01, 8.586091e-01, 2.636130e+00, 2.529474e+00, -9.812273e-01, -2.886900e+00, 4.132979e-09, 3.427611e-10, 4.002502e-10, 4.576078e-10, 5.769060e+01, -2.162932e-01
1.005600e+03, 6.151997e-03, 1.485125e-02, 1.292931e-01, 8.586886e-01, 2.537451e+00, 2.521290e+00, -9.907838e-01, -2.897826e+00, 3.605224e-09, 3.468472e-10, 4.011516e-10, 4.576944e-10, 5.753080e+01, -2.165248e-01
1.009400e+03, 6.660814e-03, 1.496722e-02, 1.286270e-01, 8.587687e-01, 2.451372e+00, 2.513008e+00, -1.000362e+00, -2.908754e+00, 3.165716e-09, 3.506774e-10, 4.019842e-10, 4.577870e-10, 5.737100e+01, -2.167073e-01
1.013200e+03, 7.198788e-03, 1.508491e-02, 1.279484e-01, 8.588498e-01, 2.375787e+00, 2.504636e+00, -1.009960e+00, -2.919684e+00, 2.800300e-09, 3.548634e-10, 4.031903e-10, 4.578746e-10, 5.721123e+01, -2.168388e-01
1.017000e+03, 7.760623e-03, 1.520415e-02, 1.272592e-01, 8.589312e-01, 2.308927e+00, 2.496163e+00, -1.019586e+00, -2.930616e+00, 2.496283e-09, 3.589105e-10, 4.040156e-10, 4.579782e-10, 5.705153e+01, -2.169234e-01
1.020800e+03, 8.342139e-03, 1.532500e-02, 1.265580e-01, 8.590142e-01, 2.249325e+00, 2.487593e+00, -1.029232e+00, -2.941551e+00, 2.242537e-09, 3.631282e-10, 4.051203e-10, 4.580198e-10, 5.689199e+01, -2.169571e-01
1.024600e+03, 8.940006e-03, 1.544740e-02, 1.258456e-01, 8.590974e-01, 2.195782e+00, 2.478923e+00, -1.038905e+00, -2.952487e+00, 2.030098e-09, 3.673521e-10, 4.060210e-10, 4.581724e-10, 5.673263e+01, -2.169420e-01
1.028400e+03, 9.551528e-03, 1.557132e-02, 1.251215e-01, 8.591816e-01, 2.147311e+00, 2.470152e+00, -1.048599e+00, -2.963426e+00, 1.851240e-09, 3.714148e-10, 4.069743e-10, 4.582258e-10, 5.657352e+01, -2.168760e-01
1.032200e+03, 1.017453e-02, 1.569685e-02, 1.243857e-01, 8.592665e-01, 2.103111e+00, 2.461285e+00, -1.058316e+00, -2.974367e+00, 1.699938e-09, 3.758604e-10, 4.079512e-10, 4.583810e-10, 5.641471e+01, -2.167594e-01
1.036000e+03, 1.080723e-02, 1.582384e-02, 1.236383e-01, 8.593521e-01, 2.062523e+00, 2.452310e+00, -1.068057e+00, -2.985311e+00, 1.571323e-09, 3.801921e-10, 4.089206e-10, 4.584382e-10, 5.625625e+01, -2.165920e-01
1.039800e+03, 1.144815e-02, 1.595226e-02, 1.228795e-01, 8.594378e-01, 2.025006e+00, 2.443233e+00, -1.077820e+00, -2.996257e+00, 1.461211e-09, 3.842876e-10, 4.099413e-10, 4.585081e-10, 5.609820e+01, -2.163739e-01
1.043600e+03, 1.209604e-02, 1.608216e-02, 1.221093e-01, 8.595250e-01, 1.990118e+00, 2.434058e+00, -1.087608e+00, -3.007204e+00, 1.366713e-09, 3.889123e-10, 4.109832e-10, 4.586670e-10, 5.594061e+01, -2.161052e-01
1.047400e+03, 1.274992e-02, 1.621346e-02, 1.213279e-01, 8.596116e-01, 1.957486e+00, 2.424772e+00, -1.097420e+00, -3.018155e+00, 1.284935e-09, 3.931643e-10, 4.118281e-10, 4.587080e-10, 5.578352e+01, -2.157859e-01
1.051200e+03, 1.340891e-02, 1.634618e-02, 1.205345e-01, 8.596991e-01, 1.926807e+00, 2.415385e+00, -1.107253e+00, -3.029107e+00, 1.213886e-09, 3.975848e-10, 4.127599e-10, 4.588264e-10, 5.562700e+01, -2.154140e-01
1.055000e+03, 1.407221e-02, 1.648024e-02, 1.197292e-01, 8.597867e-01, 1.897824e+00, 2.405892e+00, -1.117108e+00, -3.040062e+00, 1.151873e-09, 4.020049e-10, 4.139565e-10, 4.589271e-10, 5.547109e+01, -2.149896e-01
1.058800e+03, 1.473924e-02, 1.661566e-02, 1.189138e-01, 8.598746e-01, 1.870322e+00, 2.396294e+00, -1.126992e+00, -3.051020e+00, 1.097488e-09, 4.062427e-10, 4.147166e-10, 4.590240e-10, 5.531585e+01, -2.145166e-01
1.062600e+03, 1.540940e-02, 1.675238e-02, 1.180858e-01, 8.599629e-01, 1.844118e+00, 2.386594e+00, -1.136894e+00, -3.061979e+00, 1.049554e-09, 4.108404e-10, 4.158003e-10, 4.591314e-10, 5.516134e+01, -2.139891e-01
1.066400e+03, 1.608217e-02, 1.689042e-02, 1.172469e-01, 8.600519e-01, 1.819059e+00, 2.376785e+00, -1.146822e+00, -3.072942e+00, 1.007157e-09, 4.150873e-10, 4.167560e-10, 4.592268e-10, 5.500760e+01, -2.134111e-01
1.070200e+03, 1.675715e-02, 1.702966e-02, 1.163964e-01, 8.601408e-01, 1.795012e+00, 2.366874e+00, -1.156772e+00, -3.083906e+00, 9.695592e-10, 4.195258e-10, 4.177017e-10, 4.593262e-10, 5.485467e+01, -2.127806e-01
1.074000e+03, 1.743402e-02, 1.717004e-02, 1.155343e-01, 8.602306e-01, 1.771862e+00, 2.356858e+00, -1.166745e+00, -3.094873e+00, 9.359707e-10, 4.239837e-10, 4.187764e-10, 4.594319e-10, 5.470261e+01, -2.120976e-01
1.077800e+03, 1.811239e-02, 1.731160e-02, 1.146616e-01, 8.603197e-01, 1.749515e+00, 2.346734e+00, -1.176744e+00, -3.105843e+00, 9.059460e-10, 4.282936e-10, 4.196937e-10, 4.595271e-10, 5.455149e+01, -2.113642e-01
1.081600e+03, 1.879188e-02, 1.745428e-02, 1.137774e-01, 8.604091e-01, 1.727885e+00, 2.336508e+00, -1.186765e+00, -3.116814e+00, 8.789910e-10, 4.326302e-10, 4.207006e-10, 4.596332e-10, 5.440135e+01, -2.105782e-01
1.085400e+03, 1.947227e-02, 1.759813e-02, 1.128816e-01, 8.604990e-01, 1.706898e+00, 2.326179e+00, -1.196809e+00, -3.127789e+00, 8.547250e-10, 4.368453e-10, 4.215914e-10, 4.597328e-10, 5.425223e+01, -2.097398e-01
1.089200e+03, 2.015333e-02, 1.774295e-02, 1.119744e-01, 8.605884e-01, 1.686490e+00, 2.315749e+00, -1.206875e+00, -3.138765e+00, 8.327682e-10, 4.414340e-10, 4.227031e-10, 4.598352e-10, 5.410420e+01, -2.088489e-01
1.093000e+03, 2.083465e-02, 1.788879e-02, 1.110566e-01, 8.606776e-01, 1.666607e+00, 2.305209e+00, -1.216968e+00, 3.133441e+00, 8.129295e-10, 4.455733e-10, 4.236659e-10, 4.599376e-10, 5.395729e+01, -2.079075e-01
1.096800e+03, 2.151617e-02, 1.803562e-02, 1.101274e-01, 8.607675e-01, 1.647197e+00, 2.294571e+00, -1.227083e+00, 3.122459e+00, 7.948498e-10, 4.497604e-10, 4.245785e-10, 4.600351e-10, 5.381155e+01, -2.069136e-01
1.100600e+03, 2.219749e-02, 1.818346e-02, 1.091866e-01, 8.608564e-01, 1.628220e+00, 2.283832e+00, -1.237221e+00, 3.111476e+00, 7.784280e-10, 4.540465e-10, 4.256716e-10, 4.601412e-10, 5.366705e+01, -2.058671e-01
1.104400e+03, 2.287865e-02, 1.833209e-02, 1.082353e-01, 8.609452e-01, 1.609634e+00, 2.272991e+00, -1.247384e+00, 3.100489e+00, 7.634209e-10, 4.582201e-10, 4.266685e-10, 4.602419e-10, 5.352382e+01, -2.047701e-01
1.108200e+03, 2.355920e-02, 1.848161e-02, 1.072734e-01, 8.610350e-01, 1.591406e+00, 2.262051e+00, -1.257571e+00, 3.089500e+00, 7.497000e-10, 4.624853e-10, 4.275178e-10, 4.603426e-10, 5.338193e+01, -2.036225e-01
1.112000e+03, 2.423909e-02, 1.863193e-02, 1.062989e-01, 8.611229e-01, 1.573506e+00, 2.251008e+00, -1.267779e+00, 3.078509e+00, 7.371141e-10, 4.665383e-10, 4.286303e-10, 4.604425e-10, 5.324140e+01, -2.024203e-01
1.115800e+03, 2.491816e-02, 1.878296e-02, 1.053148e-01, 8.612118e-01, 1.555907e+00, 2.239869e+00, -1.278013e+00, 3.067516e+00, 7.255465e-10, 4.704954e-10, 4.296747e-10, 4.605415e-10, 5.310231e+01, -2.011694e-01
1.119600e+03, 2.559628e-02, 1.893481e-02, 1.043198e-01, 8.612999e-01, 1.538584e+00, 2.228636e+00, -1.288272e+00, 3.056520e+00, 7.149001e-10, 4.746129e-10, 4.305987e-10, 4.606442e-10, 5.296468e+01, -1.998679e-01
1.123400e+03, 2.627310e-02, 1.908725e-02, 1.033131e-01, 8.613871e-01, 1.521515e+00, 2.217304e+00, -1.298553e+00, 3.045521e+00, 7.050913e-10, 4.785152e-10, 4.316172e-10, 4.607455e-10, 5.282857e+01, -1.985139e-01
1.127200e+03, 2.694858e-02, 1.924032e-02, 1.022960e-01, 8.614744e-01, 1.504680e+00, 2.205879e+00, -1.308858e+00, 3.034521e+00, 6.959999e-10, 4.825105e-10, 4.326165e-10, 4.608549e-10, 5.269404e+01, -1.971101e-01
1.131000e+03, 2.762258e-02, 1.939410e-02, 1.012681e-01, 8.615609e-01, 1.488062e+00, 2.194358e+00, -1.319187e+00, 3.023517e+00, 6.876211e-10, 4.864001e-10, 4.336522e-10, 4.609090e-10, 5.256112e+01, -1.956560e-01
1.134800e+03, 2.829487e-02, 1.954833e-02, 1.002295e-01, 8.616473e-01, 1.471644e+00, 2.182745e+00, -1.329541e+00, 3.012512e+00, 6.798365e-10, 4.902796e-10, 4.346927e-10, 4.610402e-10, 5.242986e+01, -1.941519e-01
1.138600e+03, 2.896540e-02, 1.970301e-02, 9.918023e-02, 8.617328e-01, 1.455412e+00, 2.171039e+00, -1.339920e+00, 3.001505e+00, 6.725886e-10, 4.938046e-10, 4.357064e-10, 4.611732e-10, 5.230030e+01, -1.925982e-01
1.142400e+03, 2.963403e-02, 1.985824e-02, 9.812030e-02, 8.618184e-01, 1.439354e+00, 2.159249e+00, -1.350323e+00, 2.990494e+00, 6.658652e-10, 4.978580e-10, 4.367299e-10, 4.612258e-10, 5.217250e+01, -1.909951e-01
1.146200e+03, 3.030051e-02, 2.001384e-02, 9.704993e-02, 8.619027e-01, 1.423455e+00, 2.147362e+00, -1.360750e+00, 2.979481e+00, 6.596357e-10, 5.011707e-10, 4.377236e-10, 4.613280e-10, 5.204651e+01, -1.893432e-01
1.150000e+03, 3.096470e-02, 2.016979e-02, 9.596898e-02, 8.619868e-01, 1.407706e+00, 2.135396e+00, -1.371201e+00, 2.968467e+00, 6.537737e-10, 5.049734e-10, 4.388164e-10, 4.613996e-10, 5.192236e+01, -1.876424e-01
1.153800e+03, 3.162664e-02, 2.032607e-02, 9.487773e-02, 8.620695e-01, 1.392096e+00, 2.123339e+00, -1.381679e+00, 2.957450e+00, 6.483234e-10, 5.085224e-10, 4.398792e-10, 4.615200e-10, 5.180010e+01, -1.858938e-01
1.157600e+03, 3.228607e-02, 2.048262e-02, 9.377601e-02, 8.621518e-01, 1.376617e+00, 2.111197e+00, -1.392181e+00, 2.946431e+00, 6.432478e-10, 5.121118e-10, 4.408985e-10, 4.616493e-10, 5.167977e+01, -1.840973e-01
1.161400e+03, 3.294285e-02, 2.063946e-02, 9.266407e-02, 8.622338e-01, 1.361259e+00, 2.098970e+00, -1.402708e+00, 2.935408e+00, 6.384838e-10, 5.152727e-10, 4.419883e-10, 4.616929e-10, 5.156142e+01, -1.822536e-01
1.165200e+03, 3.359681e-02, 2.079637e-02, 9.154187e-02, 8.623148e-01, 1.346014e+00, 2.086667e+00, -1.413261e+00, 2.924385e+00, 6.340124e-10, 5.187015e-10, 4.430737e-10, 4.618050e-10, 5.144509e+01, -1.803631e-01
1.169000e+03, 3.424796e-02, 2.095351e-02, 9.040960e-02, 8.623940e-01, 1.330876e+00, 2.074283e+00, -1.423840e+00, 2.913359e+00, 6.298333e-10, 5.219694e-10, 4.441305e-10, 4.618587e-10, 5.133082e+01, -1.784264e-01
1.172800e+03, 3.489605e-02, 2.111072e-02, 8.926714e-02, 8.624730e-01, 1.315838e+00, 2.061820e+00, -1.434444e+00, 2.902332e+00, 6.258764e-10, 5.252667e-10, 4.452297e-10, 4.619808e-10, 5.121866e+01, -1.764439e-01
1.176600e+03, 3.554109e-02, 2.126801e-02, 8.811475e-02, 8.625508e-01, 1.300895e+00, 2.049279e+00, -1.445074e+00, 2.891301e+00, 6.221696e-10, 5.284213e-10, 4.463466e-10, 4.621139e-10, 5.110866e+01, -1.744163e-01
1.180400e+03, 3.618278e-02, 2.142534e-02, 8.695249e-02, 8.626275e-01, 1.286040e+00, 2.036662e+00, -1.455731e+00, 2.880268e+00, 6.188024e-10, 5.314152e-10, 4.474655e-10, 4.621387e-10, 5.100084e+01, -1.723442e-01
1.184200e+03, 3.682116e-02, 2.158253e-02, 8.578038e-02, 8.627041e-01, 1.271265e+00, 2.023974e+00, -1.466415e+00, 2.869234e+00, 6.154141e-10, 5.345201e-10, 4.486042e-10, 4.622467e-10, 5.089525e+01, -1.702283e-01
1.188000e+03, 3.745609e-02, 2.173972e-02, 8.459847e-02, 8.627789e-01, 1.256572e+00, 2.011212e+00, -1.477126e+00, 2.858197e+00, 6.123155e-10, 5.374368e-10, 4.497555e-10, 4.623070e-10, 5.079193e+01, -1.680689e-01
1.191800e+03, 3.808737e-02, 2.189676e-02, 8.340696e-02, 8.628524e-01, 1.241952e+00, 1.998380e+00, -1.487864e+00, 2.847159e+00, 6.094662e-10, 5.403606e-10, 4.509232e-10, 4.624256e-10, 5.069092e+01, -1.658672e-01
1.195600e+03, 3.871491e-02, 2.205367e-02, 8.220577e-02, 8.629247e-01, 1.227400e+00, 1.985478e+00, -1.498631e+00, 2.836118e+00, 6.067592e-10, 5.431288e-10, 4.521032e-10, 4.624951e-10, 5.059226e+01, -1.636233e-01
1.199400e+03, 3.933858e-02, 2.221032e-02, 8.099508e-02, 8.629961e-01, 1.212913e+00, 1.972511e+00, -1.509425e+00, 2.825075e+00, 6.040611e-10, 5.459073e-10, 4.533140e-10, 4.625763e-10, 5.049599e+01, -1.613383e-01
1.203200e+03, 3.995830e-02, 2.236673e-02, 7.977499e-02, 8.630666e-01, 1.198491e+00, 1.959476e+00, -1.520249e+00, 2.814031e+00, 6.016093e-10, 5.485950e-10, 4.545403e-10, 4.626238e-10, 5.040214e+01, -1.590129e-01
1.207000e+03, 4.057398e-02, 2.252287e-02, 7.854567e-02, 8.631354e-01, 1.184126e+00, 1.946378e+00, -1.531101e+00, 2.802985e+00, 5.993982e-10, 5.512047e-10, 4.557836e-10, 4.627303e-10, 5.031076e+01, -1.566480e-01
1.210800e+03, 4.118550e-02, 2.267868e-02, 7.730699e-02, 8.632027e-01, 1.169815e+00, 1.933217e+00, -1.541984e+00, 2.791937e+00, 5.971075e-10, 5.537487e-10, 4.570683e-10, 4.628331e-10, 5.022188e+01, -1.542440e-01
1.214600e+03, 4.179273e-02, 2.283411e-02, 7.605928e-02, 8.632693e-01, 1.155559e+00, 1.919996e+00, -1.552897e+00, 2.780886e+00, 5.950632e-10, 5.562992e-10, 4.583695e-10, 4.628579e-10, 5.013554e+01, -1.518023e-01
1.218400e+03, 4.239555e-02, 2.298921e-02, 7.480251e-02, 8.633340e-01, 1.141351e+00, 1.906714e+00, -1.563841e+00, 2.769835e+00, 5.930433e-10, 5.586168e-10, 4.597038e-10, 4.629690e-10, 5.005177e+01, -1.493234e-01
1.222200e+03, 4.299387e-02, 2.314374e-02, 7.353679e-02, 8.633983e-01, 1.127191e+00, 1.893376e+00, -1.574817e+00, 2.758781e+00, 5.911417e-10, 5.610224e-10, 4.610729e-10, 4.630215e-10, 4.997060e+01, -1.468082e-01
1.226000e+03, 4.358759e-02, 2.329784e-02, 7.226226e-02, 8.634603e-01, 1.113077e+00, 1.879981e+00, -1.585825e+00, 2.747726e+00, 5.894868e-10, 5.633166e-10, 4.624747e-10, 4.631151e-10, 4.989208e+01, -1.442577e-01
1.229800e+03, 4.417660e-02, 2.345147e-02, 7.097892e-02, 8.635209e-01, 1.099002e+00, 1.866531e+00, -1.596867e+00, 2.736669e+00, 5.877396e-10, 5.655134e-10, 4.639218e-10, 4.631592e-10, 4.981624e+01, -1.416726e-01
1.233600e+03, 4.476081e-02, 2.360449e-02, 6.968698e-02, 8.635803e-01, 1.084969e+00, 1.853029e+00, -1.607944e+00, 2.725610e+00, 5.860822e-10, 5.676771e-10, 4.654108e-10, 4.632617e-10, 4.974310e+01, -1.390542e-01
1.237400e+03, 4.534000e-02, 2.375694e-02, 6.838652e-02, 8.636386e-01, 1.070976e+00, 1.839475e+00, -1.619056e+00, 2.714549e+00, 5.845938e-10, 5.697820e-10, 4.669427e-10, 4.632909e-10, 4.967270e+01, -1.364034e-01
1.241200e+03, 4.591420e-02, 2.390878e-02, 6.707774e-02, 8.636947e-01, 1.057018e+00, 1.825871e+00, -1.630205e+00, 2.703488e+00, 5.831568e-10, 5.717639e-10, 4.685355e-10, 4.633592e-10, 4.960508e+01, -1.337213e-01
1.245000e+03, 4.648327e-02, 2.405987e-02, 6.576060e-02, 8.637494e-01, 1.043095e+00, 1.812220e+00, -1.641392e+00, 2.692425e+00, 5.818096e-10, 5.737619e-10, 4.701808e-10, 4.634212e-10, 4.954026e+01, -1.310087e-01
1.248800e+03, 4.704719e-02, 2.421034e-02, 6.443517e-02, 8.638035e-01, 1.029203e+00, 1.798520e+00, -1.652618e+00, 2.681360e+00, 5.804489e-10, 5.756576e-10, 4.718936e-10, 4.634768e-10, 4.947827e+01, -1.282666e-01
1.252600e+03, 4.760574e-02, 2.436007e-02, 6.310181e-02, 8.638550e-01, 1.015345e+00, 1.784776e+00, -1.663885e+00, 2.670294e+00, 5.791882e-10, 5.774730e-10, 4.736745e-10, 4.635705e-10, 4.941914e+01, -1.254965e-01
1.256400e+03, 4.815889e-02, 2.450898e-02, 6.176046e-02, 8.639051e-01, 1.001516e+00, 1.770988e+00, -1.675194e+00, 2.659226e+00, 5.780031e-10, 5.792680e-10, 4.755415e-10, 4.636150e-10, 4.936291e+01, -1.226993e-01
1.260200e+03, 4.870646e-02, 2.465714e-02, 6.041116e-02, 8.639536e-01, 9.877153e-01, 1.757157e+00, -1.686548e+00, 2.648156e+00, 5.768763e-10, 5.809526e-10, 4.774788e-10, 4.636761e-10, 4.930959e+01, -1.198759e-01
1.264000e+03, 4.924849e-02, 2.480439e-02, 5.905424e-02, 8.640003e-01, 9.739418e-01, 1.743287e+00, -1.697949e+00, 2.637086e+00, 5.757165e-10, 5.826281e-10, 4.795241e-10, 4.637310e-10, 4.925922e+01, -1.170278e-01
1.267800e+03, 4.978482e-02, 2.495087e-02, 5.768973e-02, 8.640456e-01, 9.601959e-01, 1.729376e+00, -1.709398e+00, 2.626014e+00, 5.747870e-10, 5.842142e-10, 4.816660e-10, 4.637368e-10, 4.921182e+01, -1.141561e-01
1.271600e+03, 5.031537e-02, 2.509643e-02, 5.631775e-02, 8.640894e-01, 9.464722e-01, 1.715427e+00, -1.720898e+00, 2.614941e+00, 5.737217e-10, 5.857539e-10, 4.839451e-10, 4.638266e-10, 4.916742e+01, -1.112620e-01
1.275400e+03, 5.083998e-02, 2.524100e-02, 5.493839e-02, 8.641308e-01, 9.327740e-01, 1.701441e+00, -1.732453e+00, 2.603867e+00, 5.728448e-10, 5.872316e-10, 4.863458e-10, 4.638851e-10, 4.912605e+01, -1.083465e-01
1.279200e+03, 5.135865e-02, 2.538474e-02, 5.355176e-02, 8.641713e-01, 9.190967e-01, 1.687421e+00, -1.744065e+00, 2.592791e+00, 5.719116e-10, 5.886553e-10, 4.888914e-10, 4.638942e-10, 4.908771e+01, -1.054111e-01
1.283000e+03, 5.187125e-02, 2.552746e-02, 5.215805e-02, 8.642105e-01, 9.054417e-01, 1.673366e+00, -1.755738e+00, 2.581715e+00, 5.710445e-10, 5.899955e-10, 4.915958e-10, 4.639736e-10, 4.905245e+01, -1.024569e-01
1.286800e+03, 5.237764e-02, 2.566912e-02, 5.075745e-02, 8.642464e-01, 8.918074e-01, 1.659279e+00, -1.767475e+00, 2.570637e+00, 5.702098e-10, 5.913091e-10, 4.945183e-10, 4.639683e-10, 4.902028e+01, -9.948544e-02
1.290600e+03, 5.287789e-02, 2.580973e-02, 4.934995e-02, 8.642818e-01, 8.781930e-01, 1.645161e+00, -1.779282e+00, 2.559560e+00, 5.693883e-10, 5.925663e-10, 4.976250e-10, 4.640346e-10, 4.899122e+01, -9.649770e-02
1.294400e+03, 5.337179e-02, 2.594933e-02, 4.793582e-02, 8.643146e-01, 8.645982e-01, 1.631013e+00, -1.791164e+00, 2.548480e+00, 5.687086e-10, 5.937626e-10, 5.009391e-10, 4.641071e-10, 4.896529e+01, -9.349528e-02
1.298200e+03, 5.385922e-02, 2.608784e-02, 4.651512e-02, 8.643465e-01, 8.510197e-01, 1.616836e+00, -1.803124e+00, 2.537399e+00, 5.679601e-10, 5.949174e-10, 5.046209e-10, 4.641193e-10, 4.894251e+01, -9.047939e-02
1.302000e+03, 5.434025e-02, 2.622529e-02, 4.508804e-02, 8.643757e-01, 8.374590e-01, 1.602632e+00, -1.815173e+00, 2.526318e+00, 5.673015e-10, 5.959965e-10, 5.085455e-10, 4.641358e-10, 4.892290e+01, -8.745142e-02
1.305800e+03, 5.481470e-02, 2.636149e-02, 4.365461e-02, 8.644040e-01, 8.239140e-01, 1.588402e+00, -1.827315e+00, 2.515236e+00, 5.666349e-10, 5.970380e-10, 5.127844e-10, 4.642006e-10, 4.890648e+01, -8.441258e-02
1.309600e+03, 5.528253e-02, 2.649655e-02, 4.221510e-02, 8.644301e-01, 8.103850e-01, 1.574147e+00, -1.839558e+00, 2.504153e+00, 5.660172e-10, 5.980265e-10, 5.174938e-10, 4.641904e-10, 4.889327e+01, -8.136450e-02
1.313400e+03, 5.574362e-02, 2.663049e-02, 4.076967e-02, 8.644543e-01, 7.968707e-01, 1.559868e+00, -1.851914e+00, 2.493070e+00, 5.654013e-10, 5.989633e-10, 5.226911e-10, 4.642401e-10, 4.888327e+01, -7.830857e-02
1.317200e+03, 5.619792e-02, 2.676322e-02, 3.931827e-02, 8.644767e-01, 7.833711e-01, 1.545567e+00, -1.864393e+00, 2.481985e+00, 5.648448e-10, 5.998516e-10, 5.283907e-10, 4.643117e-10, 4.887652e+01, -7.524581e-02
1.321000e+03, 5.664529e-02, 2.689463e-02, 3.786133e-02, 8.644968e-01, 7.698848e-01, 1.531245e+00, -1.877009e+00, 2.470899e+00, 5.642469e-10, 6.006961e-10, 5.348255e-10, 4.643149e-10, 4.887300e+01, -7.217824e-02
1.324800e+03, 5.708573e-02, 2.702484e-02, 3.639884e-02, 8.645163e-01, 7.564128e-01, 1.516903e+00, -1.889779e+00, 2.459813e+00, 5.637142e-10, 6.014739e-10, 5.417752e-10, 4.642952e-10, 4.887274e+01, -6.910688e-02
1.328600e+03, 5.751922e-02, 2.715383e-02, 3.493096e-02, 8.645325e-01, 7.429535e-01, 1.502542e+00, -1.902714e+00, 2.448728e+00, 5.633070e-10, 6.022341e-10, 5.499913e-10, 4.643803e-10, 4.887577e+01, -6.603334e-02
1.332400e+03, 5.794554e-02, 2.728139e-02, 3.345785e-02, 8.645476e-01, 7.295039e-01, 1.488163e+00, -1.915846e+00, 2.437640e+00, 5.627620e-10, 6.029244e-10, 5.589455e-10, 4.643510e-10, 4.888207e+01, -6.295885e-02
1.336200e+03, 5.836480e-02, 2.740772e-02, 3.197976e-02, 8.645611e-01, 7.160674e-01, 1.473767e+00, -1.929191e+00, 2.426553e+00, 5.623533e-10, 6.035843e-10, 5.692461e-10, 4.644134e-10, 4.889167e+01, -5.988523e-02
1.340000e+03, 5.877676e-02, 2.753269e-02, 3.049687e-02, 8.645724e-01, 7.026406e-01, 1.459356e+00, -1.942783e+00, 2.415465e+00, 5.619150e-10, 6.041747e-10, 5.812111e-10, 4.643672e-10, 4.890457e+01, -5.681389e-02
1.343800e+03, 5.918149e-02, 2.765638e-02, 2.900924e-02, 8.645823e-01, 6.892242e-01, 1.444931e+00, -1.956660e+00, 2.404378e+00, 5.614683e-10, 6.047509e-10, 5.949385e-10, 4.644461e-10, 4.892077e+01, -5.374606e-02
1.347600e+03, 5.957881e-02, 2.777867e-02, 2.751711e-02, 8.645894e-01, 6.758186e-01, 1.430492e+00, -1.970865e+00, 2.393289e+00, 5.611522e-10, 6.052593e-10, 6.109649e-10, 4.644181e-10, 4.894030e+01, -5.068337e-02
1.351400e+03, 5.996873e-02, 2.789952e-02, 2.602073e-02, 8.645960e-01, 6.624204e-01, 1.416041e+00, -1.985452e+00, 2.382200e+00, 5.606727e-10, 6.057411e-10, 6.301309e-10, 4.644460e-10, 4.896315e+01, -4.762743e-02
1.355200e+03, 6.035122e-02, 2.801900e-02, 2.452022e-02, 8.645993e-01, 6.490338e-01, 1.401578e+00, -2.000497e+00, 2.371111e+00, 5.603967e-10, 6.061899e-10, 6.527228e-10, 4.644683e-10, 4.898932e+01, -4.457947e-02
1.359000e+03, 6.072609e-02, 2.813698e-02, 2.301594e-02, 8.646021e-01, 6.356537e-01, 1.387104e+00, -2.016082e+00, 2.360021e+00, 5.600498e-10, 6.065484e-10, 6.801283e-10, 4.644465e-10, 4.901882e+01, -4.154131e-02
1.362800e+03, 6.109343e-02, 2.825359e-02, 2.150809e-02, 8.646023e-01, 6.222819e-01, 1.372622e+00, -2.032321e+00, 2.348932e+00, 5.597049e-10, 6.068992e-10, 7.138508e-10, 4.644860e-10, 4.905165e+01, -3.851437e-02
1.366600e+03, 6.145314e-02, 2.836879e-02, 1.999684e-02, 8.645999e-01, 6.089183e-01, 1.358132e+00, -2.049365e+00, 2.337842e+00, 5.594238e-10, 6.072250e-10, 7.556232e-10, 4.644810e-10, 4.908782e+01, -3.549988e-02
1.370400e+03, 6.180505e-02, 2.848243e-02, 1.848265e-02, 8.645971e-01, 5.955614e-01, 1.343634e+00, -2.067406e+00, 2.326752e+00, 5.590815e-10, 6.074798e-10, 8.088029e-10, 4.644709e-10, 4.912731e+01, -3.249966e-02
1.374200e+03, 6.214921e-02, 2.859465e-02, 1.696578e-02, 8.645909e-01, 5.822127e-01, 1.329129e+00, -2.086717e+00, 2.315662e+00, 5.588845e-10, 6.077381e-10, 8.773748e-10, 4.644802e-10, 4.917014e+01, -2.951492e-02
1.378000e+03, 6.248560e-02, 2.870528e-02, 1.544685e-02, 8.645850e-01, 5.688687e-01, 1.314619e+00, -2.107665e+00, 2.304572e+00, 5.586134e-10, 6.078748e-10, 9.684763e-10, 4.644546e-10, 4.921630e+01, -2.654750e-02
1.381800e+03, 6.281405e-02, 2.881454e-02, 1.392644e-02, 8.645756e-01, 5.555312e-01, 1.300105e+00, -2.130789e+00, 2.293483e+00, 5.583806e-10, 6.080513e-10, 1.093275e-09, 4.645182e-10, 4.926579e+01, -2.359880e-02
1.385600e+03, 6.313463e-02, 2.892217e-02, 1.240525e-02, 8.645649e-01, 5.421993e-01, 1.285587e+00, -2.156892e+00, 2.282392e+00, 5.581181e-10, 6.081630e-10, 1.269969e-09, 4.644362e-10, 4.931860e+01, -2.067004e-02
1.389400e+03, 6.344722e-02, 2.902828e-02, 1.088471e-02, 8.645526e-01, 5.288736e-01, 1.271067e+00, -2.187214e+00, 2.271303e+00, 5.579541e-10, 6.082646e-10, 1.532582e-09, 4.644887e-10, 4.937472e+01, -1.776310e-02
1.393200e+03, 6.375181e-02, 2.913280e-02, 9.366593e-03, 8.645374e-01, 5.155518e-01, 1.256544e+00, -2.223806e+00, 2.260213e+00, 5.577109e-10, 6.082730e-10, 1.946337e-09, 4.644521e-10, 4.943416e+01, -1.487921e-02
1.397000e+03, 6.404833e-02, 2.923582e-02, 7.854211e-03, 8.645218e-01, 5.022359e-01, 1.242021e+00, -2.270277e+00, 2.249123e+00, 5.575708e-10, 6.082655e-10, 2.651312e-09, 4.644512e-10, 4.949689e+01, -1.201988e-02
1.400800e+03, 6.433675e-02, 2.933724e-02, 6.353798e-03, 8.645037e-01, 4.889232e-01, 1.227498e+00, -2.333580e+00, 2.238034e+00, 5.573594e-10, 6.082826e-10, 3.990212e-09, 4.644348e-10, 4.956292e+01, -9.186632e-03
1.404600e+03, 6.461697e-02, 2.943709e-02, 4.878983e-03, 8.644843e-01, 4.756157e-01, 1.212974e+00, -2.428851e+00, 2.226945e+00, 5.572274e-10, 6.081527e-10, 6.951186e-09, 4.644194e-10, 4.963223e+01, -6.380905e-03
1.408400e+03, 6.488910e-02, 2.953533e-02, 3.465933e-03, 8.644621e-01, 4.623113e-01, 1.198454e+00, -2.594818e+00, 2.215857e+00, 5.571458e-10, 6.080266e-10, 1.483037e-08, 4.644163e-10, 4.970481e+01, -3.604148e-03
1.412200e+03, 6.515290e-02, 2.963195e-02, 2.239739e-03, 8.644388e-01, 4.490088e-01, 1.183937e+00, -2.948909e+00, 2.204768e+00, 5.569446e-10, 6.079969e-10, 3.253097e-08, 4.644042e-10, 4.978065e+01, -8.577941e-04
1.416000e+03, 6.540851e-02, 2.972698e-02, 1.683673e-03, 8.644145e-01, 4.357111e-01, 1.169420e+00, 2.557563e+00, 2.193680e+00, 5.569138e-10, 6.076198e-10, 3.085004e-08, 4.643954e-10, 4.985974e+01, 1.856723e-03
1.419800e+03, 6.565582e-02, 2.982040e-02, 2.341914e-03, 8.643874e-01, 4.224142e-01, 1.154913e+00, 1.820985e+00, 2.182592e+00, 5.567136e-10, 6.075281e-10, 1.368680e-08, 4.643682e-10, 4.994205e+01, 4.537994e-03
1.423600e+03, 6.589477e-02, 2.991219e-02, 3.602875e-03, 8.643587e-01, 4.091220e-01, 1.140407e+00, 1.494197e+00, 2.171505e+00, 5.567161e-10, 6.072843e-10, 6.545871e-09, 4.643335e-10, 5.002758e+01, 7.184590e-03
1.427400e+03, 6.612531e-02, 3.000226e-02, 5.033506e-03, 8.643280e-01, 3.958298e-01, 1.125908e+00, 1.337907e+00, 2.160418e+00, 5.566041e-10, 6.070236e-10, 3.821278e-09, 4.643184e-10, 5.011630e+01, 9.795175e-03
1.431200e+03, 6.634754e-02, 3.009082e-02, 6.523914e-03, 8.642960e-01, 3.825403e-01, 1.111414e+00, 1.246670e+00, 2.149332e+00, 5.565900e-10, 6.067389e-10, 2.569172e-09, 4.642957e-10, 5.020820e+01, 1.236832e-02
1.435000e+03, 6.656127e-02, 3.017758e-02, 8.041483e-03, 8.642623e-01, 3.692511e-01, 1.096928e+00, 1.185328e+00, 2.138247e+00, 5.564666e-10, 6.062502e-10, 1.902340e-09, 4.642916e-10, 5.030325e+01, 1.490270e-02
1.438800e+03, 6.676655e-02, 3.026278e-02, 9.573638e-03, 8.642274e-01, 3.559648e-01, 1.082453e+00, 1.139908e+00, 2.127161e+00, 5.564916e-10, 6.059968e-10, 1.508013e-09, 4.642548e-10, 5.040144e+01, 1.739696e-02
1.442600e+03, 6.696337e-02, 3.034623e-02, 1.111454e-02, 8.641902e-01, 3.426780e-01, 1.067984e+00, 1.103902e+00, 2.116077e+00, 5.564473e-10, 6.055995e-10, 1.256415e-09, 4.641954e-10, 5.050275e+01, 1.984976e-02
1.446400e+03, 6.715163e-02, 3.042806e-02, 1.266113e-02, 8.641516e-01, 3.293922e-01, 1.053525e+00, 1.073904e+00, 2.104994e+00, 5.565155e-10, 6.050025e-10, 1.086603e-09, 4.642372e-10, 5.060714e+01, 2.225989e-02
1.450200e+03, 6.733144e-02, 3.050823e-02, 1.421146e-02, 8.641112e-01, 3.161048e-01, 1.039079e+00, 1.047960e+00, 2.093909e+00, 5.564410e-10, 6.047039e-10, 9.664053e-10, 4.641225e-10, 5.071460e+01, 2.462580e-02
1.454000e+03, 6.750260e-02, 3.058671e-02, 1.576449e-02, 8.640690e-01, 3.028191e-01, 1.024641e+00, 1.024886e+00, 2.082828e+00, 5.565407e-10, 6.040245e-10, 8.786862e-10, 4.641334e-10, 5.082509e+01, 2.694657e-02
1.457800e+03, 6.766517e-02, 3.066349e-02, 1.731926e-02, 8.640256e-01, 2.895311e-01, 1.010220e+00, 1.003907e+00, 2.071746e+00, 5.564981e-10, 6.036488e-10, 8.125130e-10, 4.641149e-10, 5.093859e+01, 2.922065e-02
1.461600e+03, 6.781926e-02, 3.073851e-02, 1.887528e-02, 8.639796e-01, 2.762441e-01, 9.958069e-01, 9.845070e-01, 2.060665e+00, 5.565782e-10, 6.029371e-10, 7.614182e-10, 4.640509e-10, 5.105508e+01, 3.144704e-02
1.465400e+03, 6.796461e-02, 3.081191e-02, 2.043196e-02, 8.639332e-01, 2.629552e-01, 9.814111e-01, 9.663273e-01, 2.049585e+00, 5.566555e-10, 6.025267e-10, 7.213571e-10, 4.640659e-10, 5.117451e+01, 3.362436e-02
1.469200e+03, 6.810136e-02, 3.088361e-02, 2.198909e-02, 8.638852e-01, 2.496644e-01, 9.670251e-01, 9.491041e-01, 2.038505e+00, 5.567131e-10, 6.017432e-10, 6.891174e-10, 4.639673e-10, 5.129686e+01, 3.575165e-02
1.473000e+03, 6.822950e-02, 3.095360e-02, 2.354614e-02, 8.638349e-01, 2.363723e-01, 9.526578e-01, 9.326507e-01, 2.027427e+00, 5.568577e-10, 6.009996e-10, 6.631127e-10, 4.639501e-10, 5.142210e+01, 3.782753e-02
1.476800e+03, 6.834889e-02, 3.102190e-02, 2.510288e-02, 8.637833e-01, 2.230767e-01, 9.383083e-01, 9.168181e-01, 2.016350e+00, 5.569405e-10, 6.003735e-10, 6.416649e-10, 4.639277e-10, 5.155019e+01, 3.985082e-02
1.480600e+03, 6.845964e-02, 3.108849e-02, 2.665899e-02, 8.637299e-01, 2.097791e-01, 9.239737e-01, 9.014977e-01, 2.005273e+00, 5.570074e-10, 5.996781e-10, 6.237290e-10, 4.638767e-10, 5.168109e+01, 4.182034e-02
1.484400e+03, 6.856174e-02, 3.115335e-02, 2.821439e-02, 8.636754e-01, 1.964799e-01, 9.096557e-01, 8.866055e-01, 1.994198e+00, 5.571801e-10, 5.989157e-10, 6.086562e-10, 4.638398e-10, 5.181477e+01, 4.373533e-02
1.488200e+03, 6.865510e-02, 3.121644e-02, 2.976880e-02, 8.636202e-01, 1.831766e-01, 8.953560e-01, 8.720731e-01, 1.983123e+00, 5.573516e-10, 5.980218e-10, 5.959937e-10, 4.638042e-10, 5.195120e+01, 4.559461e-02
1.492000e+03, 6.873978e-02, 3.127796e-02, 3.132185e-02, 8.635616e-01, 1.698693e-01, 8.810775e-01, 8.578431e-01, 1.972049e+00, 5.575114e-10, 5.974157e-10, 5.849787e-10, 4.637517e-10, 5.209032e+01, 4.739681e-02
1.495800e+03, 6.881573e-02, 3.133770e-02, 3.287351e-02, 8.635035e-01, 1.565581e-01, 8.668136e-01, 8.438761e-01, 1.960977e+00, 5.576565e-10, 5.963829e-10, 5.757418e-10, 4.637016e-10, 5.223210e+01, 4.914135e-02
1.499600e+03, 6.888289e-02, 3.139578e-02, 3.442351e-02, 8.634429e-01, 1.432434e-01, 8.525743e-01, 8.301296e-01, 1.949905e+00, 5.578855e-10, 5.955604e-10, 5.675913e-10, 4.636392e-10, 5.237650e+01, 5.082687e-02
1.503400e+03, 6.894145e-02, 3.145208e-02, 3.597167e-02, 8.633816e-01, 1.299233e-01, 8.383546e-01, 8.165778e-01, 1.938835e+00, 5.580859e-10, 5.945953e-10, 5.604428e-10, 4.636009e-10, 5.252347e+01, 5.245258e-02
1.507200e+03, 6.899124e-02, 3.150674e-02, 3.751774e-02, 8.633176e-01, 1.165983e-01, 8.241580e-01, 8.031966e-01, 1.927766e+00, 5.583192e-10, 5.936543e-10, 5.543113e-10, 4.635654e-10, 5.267296e+01, 5.401751e-02
1.511000e+03, 6.903226e-02, 3.155965e-02, 3.906162e-02, 8.632535e-01, 1.032679e-01, 8.099839e-01, 7.899618e-01, 1.916698e+00, 5.585615e-10, 5.928433e-10, 5.488364e-10, 4.635093e-10, 5.282493e+01, 5.552068e-02
1.514800e+03, 6.906460e-02, 3.161088e-02, 4.060313e-02, 8.631875e-01, 8.993159e-02, 7.958291e-01, 7.768577e-01, 1.905631e+00, 5.588302e-10, 5.916878e-10, 5.440100e-10, 4.634668e-10, 5.297934e+01, 5.696132e-02
1.518600e+03, 6.908823e-02, 3.166043e-02, 4.214202e-02, 8.631201e-01, 7.658890e-02, 7.817019e-01, 7.638689e-01, 1.894566e+00, 5.591024e-10, 5.906577e-10, 5.397550e-10, 4.633911e-10, 5.313613e+01, 5.833845e-02
1.522400e+03, 6.910313e-02, 3.170823e-02, 4.367818e-02, 8.630519e-01, 6.323971e-02, 7.675993e-01, 7.509816e-01, 1.883502e+00, 5.594011e-10, 5.896550e-10, 5.359493e-10, 4.633592e-10, 5.329525e+01, 5.965128e-02
1.526200e+03, 6.910937e-02, 3.175441e-02, 4.521131e-02, 8.629817e-01, 4.988339e-02, 7.535206e-01, 7.381852e-01, 1.872438e+00, 5.597146e-10, 5.884910e-10, 5.325402e-10, 4.632940e-10, 5.345663e+01, 6.089884e-02
1.530000e+03, 6.910678e-02, 3.179896e-02, 4.674136e-02, 8.629102e-01, 3.651959e-02, 7.394697e-01, 7.254702e-01, 1.861377e+00, 5.600541e-10, 5.873640e-10, 5.294945e-10, 4.632546e-10, 5.362025e+01, 6.208053e-02
1.533800e+03, 6.909561e-02, 3.184173e-02, 4.826815e-02, 8.628384e-01, 2.314768e-02, 7.254458e-01, 7.128280e-01, 1.850316e+00, 5.604016e-10, 5.862567e-10, 5.267919e-10, 4.631866e-10, 5.378603e+01, 6.319557e-02
1.537600e+03, 6.907570e-02, 3.188283e-02, 4.979135e-02, 8.627639e-01, 9.767469e-03, 7.114482e-01, 7.002502e-01, 1.839257e+00, 5.607732e-10, 5.850749e-10, 5.242628e-10, 4.631231e-10, 5.395392e+01, 6.424296e-02
1.541400e+03, 6.904705e-02, 3.192231e-02, 5.131107e-02, 8.626899e-01, -3.621611e-03, 6.974789e-01, 6.877329e-01, 1.828199e+00, 5.611631e-10, 5.838336e-10, 5.220509e-10, 4.630799e-10, 5.412386e+01, 6.522252e-02
1.545200e+03, 6.900980e-02, 3.196007e-02, 5.282681e-02, 8.626134e-01, -1.702000e-02, 6.835392e-01, 6.752684e-01, 1.817143e+00, 5.615775e-10, 5.824968e-10, 5.200916e-10, 4.630142e-10, 5.429578e+01, 6.613304e-02
1.549000e+03, 6.896392e-02, 3.199628e-02, 5.433869e-02, 8.625360e-01, -3.042828e-02, 6.696315e-01, 6.628506e-01, 1.806088e+00, 5.620088e-10, 5.813064e-10, 5.182382e-10, 4.629120e-10, 5.446964e+01, 6.697413e-02
1.552800e+03, 6.890933e-02, 3.203070e-02, 5.584642e-02, 8.624578e-01, -4.384686e-02, 6.557522e-01, 6.504771e-01, 1.795035e+00, 5.624610e-10, 5.799890e-10, 5.165395e-10, 4.629150e-10, 5.464536e+01, 6.774518e-02
1.556600e+03, 6.884610e-02, 3.206364e-02, 5.734978e-02, 8.623788e-01, -5.727624e-02, 6.419043e-01, 6.381441e-01, 1.783983e+00, 5.629321e-10, 5.786376e-10, 5.151340e-10, 4.628137e-10, 5.482287e+01, 6.844558e-02
1.560400e+03, 6.877429e-02, 3.209483e-02, 5.884867e-02, 8.622974e-01, -7.071687e-02, 6.280887e-01, 6.258447e-01, 1.772933e+00, 5.634377e-10, 5.773576e-10, 5.137121e-10, 4.627435e-10, 5.500212e+01, 6.907453e-02
1.564200e+03, 6.869389e-02, 3.212445e-02, 6.034291e-02, 8.622159e-01, -8.416956e-02, 6.143036e-01, 6.135793e-01, 1.761884e+00, 5.639496e-10, 5.759137e-10, 5.124196e-10, 4.627215e-10, 5.518303e+01, 6.963180e-02
1.568000e+03, 6.860493e-02, 3.215243e-02, 6.183241e-02, 8.621330e-01, -9.763448e-02, 6.005530e-01, 6.013447e-01, 1.750836e+00, 5.645038e-10, 5.744545e-10, 5.113259e-10, 4.626143e-10, 5.536553e+01, 7.011698e-02
1.571800e+03, 6.850736e-02, 3.217885e-02, 6.331690e-02, 8.620494e-01, -1.111126e-01, 5.868373e-01, 5.891362e-01, 1.739791e+00, 5.650634e-10, 5.730113e-10, 5.102646e-10, 4.625649e-10, 5.554956e+01, 7.052924e-02
1.575600e+03, 6.840132e-02, 3.220365e-02, 6.479627e-02, 8.619649e-01, -1.246041e-01, 5.731560e-01, 5.769531e-01, 1.728746e+00, 5.656515e-10, 5.715453e-10, 5.093486e-10, 4.625252e-10, 5.573503e+01, 7.086836e-02
1.579400e+03, 6.828683e-02, 3.222691e-02, 6.627027e-02, 8.618797e-01, -1.381097e-01, 5.595098e-01, 5.647918e-01, 1.717703e+00, 5.662682e-10, 5.699822e-10, 5.084520e-10, 4.623922e-10, 5.592187e+01, 7.113371e-02
1.583200e+03, 6.816370e-02, 3.224862e-02, 6.773893e-02, 8.617930e-01, -1.516300e-01, 5.459008e-01, 5.526520e-01, 1.706663e+00, 5.669307e-10, 5.684330e-10, 5.076717e-10, 4.623661e-10, 5.611002e+01, 7.132524e-02
1.587000e+03, 6.803225e-02, 3.226870e-02, 6.920193e-02, 8.617047e-01, -1.651661e-01, 5.323288e-01, 5.405308e-01, 1.695623e+00, 5.676052e-10, 5.668043e-10, 5.069398e-10, 4.622934e-10, 5.629938e+01, 7.144232e-02
1.590800e+03, 6.789226e-02, 3.228737e-02, 7.065912e-02, 8.616161e-01, -1.787183e-01, 5.187958e-01, 5.284270e-01, 1.684586e+00, 5.683251e-10, 5.652323e-10, 5.062109e-10, 4.622197e-10, 5.648988e+01, 7.148470e-02
1.594600e+03, 6.774395e-02, 3.230441e-02, 7.211042e-02, 8.615271e-01, -1.922877e-01, 5.053002e-01, 5.163407e-01, 1.673550e+00, 5.689887e-10, 5.636239e-10, 5.056694e-10, 4.621500e-10, 5.668144e+01, 7.145233e-02
1.598400e+03, 6.758725e-02, 3.231987e-02, 7.355567e-02, 8.614368e-01, -2.058729e-01, 4.918431e-01, 5.042673e-01, 1.662515e+00, 5.697797e-10, 5.619179e-10, 5.050833e-10, 4.620747e-10, 5.687398e+01, 7.134457e-02
1.602200e+03, 6.742216e-02, 3.233394e-02, 7.499458e-02, 8.613463e-01, -2.194770e-01, 4.784267e-01, 4.922078e-01, 1.651483e+00, 5.706103e-10, 5.602148e-10, 5.046180e-10, 4.620043e-10, 5.706739e+01, 7.116134e-02
1.606000e+03, 6.724886e-02, 3.234654e-02, 7.642719e-02, 8.612545e-01, -2.331010e-01, 4.650509e-01, 4.801595e-01, 1.640452e+00, 5.714004e-10, 5.585186e-10, 5.041237e-10, 4.619241e-10, 5.726163e+01, 7.090239e-02
1.609800e+03, 6.706717e-02, 3.235758e-02, 7.785320e-02, 8.611615e-01, -2.467438e-01, 4.517157e-01, 4.681230e-01, 1.629423e+00, 5.722128e-10, 5.567089e-10, 5.037320e-10, 4.618559e-10, 5.745657e+01, 7.056766e-02
1.613600e+03, 6.687733e-02, 3.236723e-02, 7.927252e-02, 8.610683e-01, -2.604060e-01, 4.384236e-01, 4.560959e-01, 1.618396e+00, 5.731684e-10, 5.549543e-10, 5.033039e-10, 4.617810e-10, 5.765214e+01, 7.015687e-02
1.617400e+03, 6.667923e-02, 3.237548e-02, 8.068500e-02, 8.609748e-01, -2.740910e-01, 4.251735e-01, 4.440789e-01, 1.607370e+00, 5.740387e-10, 5.530826e-10, 5.029647e-10, 4.617032e-10, 5.784825e+01, 6.967015e-02
1.621200e+03, 6.647293e-02, 3.238228e-02, 8.209044e-02, 8.608800e-01, -2.877968e-01, 4.119680e-01, 4.320701e-01, 1.596346e+00, 5.750620e-10, 5.511962e-10, 5.026461e-10, 4.616252e-10, 5.804479e+01, 6.910722e-02
1.625000e+03, 6.625862e-02, 3.238774e-02, 8.348885e-02, 8.607838e-01, -3.015271e-01, 3.988076e-01, 4.200689e-01, 1.585325e+00, 5.759724e-10, 5.494272e-10, 5.023832e-10, 4.615489e-10, 5.824170e+01, 6.846821e-02
1.628800e+03, 6.603613e-02, 3.239172e-02, 8.487985e-02, 8.606883e-01, -3.152790e-01, 3.856894e-01, 4.080739e-01, 1.574305e+00, 5.770555e-10, 5.473953e-10, 5.020883e-10, 4.614721e-10, 5.843885e+01, 6.775282e-02
1.632600e+03, 6.580553e-02, 3.239441e-02, 8.626337e-02, 8.605923e-01, -3.290569e-01, 3.726198e-01, 3.960860e-01, 1.563286e+00, 5.781484e-10, 5.455244e-10, 5.018761e-10, 4.613932e-10, 5.863615e+01, 6.696137e-02
1.636400e+03, 6.556701e-02, 3.239575e-02, 8.763935e-02, 8.604947e-01, -3.428608e-01, 3.595948e-01, 3.841031e-01, 1.552270e+00, 5.792299e-10, 5.434071e-10, 5.016860e-10, 4.613160e-10, 5.883351e+01, 6.609377e-02
1.640200e+03, 6.532054e-02, 3.239569e-02, 8.900766e-02, 8.603974e-01, -3.566906e-01, 3.466203e-01, 3.721248e-01, 1.541256e+00, 5.803620e-10, 5.414578e-10, 5.014478e-10, 4.612360e-10, 5.903084e+01, 6.515014e-02
1.644000e+03, 6.506608e-02, 3.239450e-02, 9.036802e-02, 8.602993e-01, -3.705474e-01, 3.336924e-01, 3.601522e-01, 1.530243e+00, 5.816421e-10, 5.394532e-10, 5.013500e-10, 4.611597e-10, 5.922802e+01, 6.413077e-02
1.647800e+03, 6.480379e-02, 3.239195e-02, 9.172032e-02, 8.602003e-01, -3.844347e-01, 3.208124e-01, 3.481819e-01, 1.519233e+00, 5.828291e-10, 5.372988e-10, 5.011637e-10, 4.610747e-10, 5.942495e+01, 6.303537e-02
1.651600e+03, 6.453365e-02, 3.238807e-02, 9.306450e-02, 8.601012e-01, -3.983504e-01, 3.079838e-01, 3.362161e-01, 1.508224e+00, 5.841018e-10, 5.352646e-10, 5.010672e-10, 4.609923e-10, 5.962153e+01, 6.186465e-02
1.655400e+03, 6.425574e-02, 3.238310e-02, 9.440039e-02, 8.600019e-01, -4.122965e-01, 2.952037e-01, 3.242526e-01, 1.497217e+00, 5.854862e-10, 5.330886e-10, 5.009799e-10, 4.609176e-10, 5.981765e+01, 6.061850e-02
1.659200e+03, 6.397005e-02, 3.237685e-02, 9.572785e-02, 8.599022e-01, -4.262756e-01, 2.824757e-01, 3.122911e-01, 1.486212e+00, 5.868698e-10, 5.309104e-10, 5.008539e-10, 4.608315e-10, 6.001322e+01, 5.929723e-02
1.663000e+03, 6.367671e-02, 3.236938e-02, 9.704669e-02, 8.598020e-01, -4.402878e-01, 2.697996e-01, 3.003327e-01, 1.475209e+00, 5.882778e-10, 5.287429e-10, 5.008050e-10, 4.607537e-10, 6.020810e+01, 5.790134e-02
1.666800e+03, 6.337573e-02, 3.236087e-02, 9.835683e-02, 8.597009e-01, -4.543335e-01, 2.571753e-01, 2.883754e-01, 1.464208e+00, 5.898592e-10, 5.264723e-10, 5.007711e-10, 4.606741e-10, 6.040221e+01, 5.643092e-02
1.670600e+03, 6.306714e-02, 3.235109e-02, 9.965803e-02, 8.595999e-01, -4.684171e-01, 2.446052e-01, 2.764189e-01, 1.453209e+00, 5.913472e-10, 5.242343e-10, 5.007015e-10, 4.605632e-10, 6.059541e+01, 5.488628e-02
1.674400e+03, 6.275106e-02, 3.234030e-02, 1.009503e-01, 8.594986e-01, -4.825362e-01, 2.320885e-01, 2.644641e-01, 1.442213e+00, 5.929497e-10, 5.219374e-10, 5.007209e-10, 4.605355e-10, 6.078762e+01, 5.326813e-02
1.678200e+03, 6.242745e-02, 3.232847e-02, 1.022335e-01, 8.593980e-01, -4.966935e-01, 2.196267e-01, 2.525089e-01, 1.431217e+00, 5.946314e-10, 5.196193e-10, 5.006539e-10, 4.604251e-10, 6.097872e+01, 5.157656e-02
1.682000e+03, 6.209656e-02, 3.231554e-02, 1.035074e-01, 8.592966e-01, -5.108910e-01, 2.072202e-01, 2.405552e-01, 1.420224e+00, 5.963451e-10, 5.172417e-10, 5.006976e-10, 4.603235e-10, 6.116858e+01, 4.981248e-02
1.685800e+03, 6.175815e-02, 3.230158e-02, 1.047717e-01, 8.591943e-01, -5.251294e-01, 1.948705e-01, 2.286005e-01, 1.409233e+00, 5.981957e-10, 5.148745e-10, 5.006692e-10, 4.602624e-10, 6.135707e+01, 4.797580e-02
1.689600e+03, 6.141251e-02, 3.228664e-02, 1.060265e-01, 8.590928e-01, -5.394119e-01, 1.825773e-01, 2.166465e-01, 1.398244e+00, 5.999787e-10, 5.124609e-10, 5.008026e-10, 4.601687e-10, 6.154411e+01, 4.606762e-02
1.693400e+03, 6.105963e-02, 3.227076e-02, 1.072724e-01, 8.589907e-01, -5.537371e-01, 1.703417e-01, 2.046893e-01, 1.387257e+00, 6.020006e-10, 5.100001e-10, 5.007841e-10, 4.600740e-10, 6.172966e+01, 4.408808e-02
1.697200e+03, 6.069954e-02, 3.225389e-02, 1.085081e-01, 8.588889e-01, -5.681105e-01, 1.581649e-01, 1.927325e-01, 1.376272e+00, 6.039787e-10, 5.075304e-10, 5.007915e-10, 4.599870e-10, 6.191347e+01, 4.203807e-02
1.701000e+03, 6.033234e-02, 3.223618e-02, 1.097332e-01, 8.587869e-01, -5.825312e-01, 1.460470e-01, 1.807755e-01, 1.365289e+00, 6.060634e-10, 5.050486e-10, 5.008866e-10, 4.599080e-10, 6.209537e+01, 3.991811e-02
1.704800e+03, 5.995817e-02, 3.221767e-02, 1.109492e-01, 8.586845e-01, -5.970016e-01, 1.339884e-01, 1.688163e-01, 1.354309e+00, 6.081786e-10, 5.024921e-10, 5.009173e-10, 4.598742e-10, 6.227548e+01, 3.772914e-02
1.708600e+03, 5.957694e-02, 3.219819e-02, 1.121539e-01, 8.585826e-01, -6.115225e-01, 1.219909e-01, 1.568564e-01, 1.343329e+00, 6.105016e-10, 4.999381e-10, 5.010891e-10, 4.597528e-10, 6.245338e+01, 3.547148e-02
1.712400e+03, 5.918874e-02, 3.217797e-02, 1.133497e-01, 8.584804e-01, -6.260989e-01, 1.100543e-01, 1.448923e-01, 1.332351e+00, 6.127362e-10, 4.973438e-10, 5.011479e-10, 4.596280e-10, 6.262930e+01, 3.314608e-02
1.716200e+03, 5.879373e-02, 3.215706e-02, 1.145344e-01, 8.583787e-01, -6.407287e-01, 9.817967e-02, 1.329268e-01, 1.321377e+00, 6.152338e-10, 4.947207e-10, 5.012020e-10, 4.596052e-10, 6.280284e+01, 3.075366e-02
1.720000e+03, 5.839203e-02, 3.213528e-02, 1.157085e-01, 8.582774e-01, -6.554181e-01, 8.636767e-02, 1.209601e-01, 1.310404e+00, 6.177141e-10, 4.920765e-10, 5.013871e-10, 4.594958e-10, 6.297397e+01, 2.829538e-02
1.723800e+03, 5.798347e-02, 3.211286e-02, 1.168725e-01, 8.581758e-01, -6.701667e-01, 7.461880e-02, 1.089889e-01, 1.299433e+00, 6.203189e-10, 4.894039e-10, 5.014463e-10, 4.593955e-10, 6.314265e+01, 2.577159e-02
1.727600e+03, 5.756829e-02, 3.208983e-02, 1.180250e-01, 8.580736e-01, -6.849775e-01, 6.293374e-02, 9.701634e-02, 1.288464e+00, 6.229876e-10, 4.867050e-10, 5.016109e-10, 4.593233e-10, 6.330860e+01, 2.318365e-02
1.731400e+03, 5.714663e-02, 3.206611e-02, 1.191666e-01, 8.579724e-01, -6.998520e-01, 5.131312e-02, 8.503983e-02, 1.277497e+00, 6.258621e-10, 4.839710e-10, 5.017424e-10, 4.592580e-10, 6.347179e+01, 2.053213e-02
1.735200e+03, 5.671840e-02, 3.204192e-02, 1.202979e-01, 8.578721e-01, -7.147952e-01, 3.975778e-02, 7.306017e-02, 1.266532e+00, 6.287001e-10, 4.812206e-10, 5.018831e-10, 4.591538e-10, 6.363218e+01, 1.781834e-02
1.739000e+03, 5.628377e-02, 3.201709e-02, 1.214174e-01, 8.577718e-01, -7.298061e-01, 2.826811e-02, 6.107716e-02, 1.255569e+00, 6.318137e-10, 4.784343e-10, 5.020586e-10, 4.590585e-10, 6.378949e+01, 1.504309e-02
1.742800e+03, 5.584283e-02, 3.199174e-02, 1.225266e-01, 8.576713e-01, -7.448913e-01, 1.684496e-02, 4.908996e-02, 1.244609e+00, 6.348850e-10, 4.756286e-10, 5.022148e-10, 4.590028e-10, 6.394382e+01, 1.220749e-02
1.746600e+03, 5.539557e-02, 3.196598e-02, 1.236241e-01, 8.575713e-01, -7.600499e-01, 5.488800e-03, 3.709902e-02, 1.233650e+00, 6.382409e-10, 4.727977e-10, 5.023805e-10, 4.589095e-10, 6.409486e+01, 9.312619e-03
1.750400e+03, 5.494225e-02, 3.193974e-02, 1.247093e-01, 8.574710e-01, -7.752886e-01, -5.799767e-03, 2.510413e-02, 1.222693e+00, 6.416109e-10, 4.699421e-10, 5.025714e-10, 4.588373e-10, 6.424247e+01, 6.359603e-03
1.754200e+03, 5.448275e-02, 3.191312e-02, 1.257838e-01, 8.573724e-01, -7.906078e-01, -1.702015e-02, 1.310469e-02, 1.211737e+00, 6.451080e-10, 4.670651e-10, 5.027584e-10, 4.587442e-10, 6.438672e+01, 3.349604e-03
1.758000e+03, 5.401725e-02, 3.188615e-02, 1.268471e-01, 8.572737e-01, -8.060104e-01, -2.817185e-02, 1.100775e-03, 1.200784e+00, 6.487880e-10, 4.641659e-10, 5.029557e-10, 4.586429e-10, 6.452747e+01, 2.838268e-04
1.761800e+03, 5.354583e-02, 3.185894e-02, 1.278976e-01, 8.571753e-01, -8.215010e-01, -3.925432e-02, -1.090785e-02, 1.189834e+00, 6.527084e-10, 4.612354e-10, 5.031639e-10, 4.585774e-10, 6.466440e+01, -2.836512e-03
1.765600e+03, 5.306867e-02, 3.183141e-02, 1.289369e-01, 8.570782e-01, -8.370851e-01, -5.026682e-02, -2.292144e-02, 1.178885e+00, 6.566029e-10, 4.582966e-10, 5.033833e-10, 4.585392e-10, 6.479763e+01, -6.010166e-03
1.769400e+03, 5.258567e-02, 3.180366e-02, 1.299633e-01, 8.569808e-01, -8.527622e-01, -6.120916e-02, -3.494027e-02, 1.167937e+00, 6.607368e-10, 4.553314e-10, 5.035981e-10, 4.584274e-10, 6.492685e+01, -9.235799e-03
1.773200e+03, 5.209714e-02, 3.177581e-02, 1.309784e-01, 8.568843e-01, -8.685380e-01, -7.208070e-02, -4.696423e-02, 1.156991e+00, 6.651413e-10, 4.523393e-10, 5.038232e-10, 4.583248e-10, 6.505215e+01, -1.251209e-02
1.777000e+03, 5.160295e-02, 3.174778e-02, 1.319816e-01, 8.567880e-01, -8.844190e-01, -8.288080e-02, -5.899357e-02, 1.146048e+00, 6.695534e-10, 4.493510e-10, 5.040631e-10, 4.582560e-10, 6.517339e+01, -1.583768e-02
1.780800e+03, 5.110347e-02, 3.171967e-02, 1.329723e-01, 8.566929e-01, -9.004054e-01, -9.360955e-02, -7.102863e-02, 1.135107e+00, 6.743150e-10, 4.463180e-10, 5.043192e-10, 4.581521e-10, 6.529038e+01, -1.921116e-02
1.784600e+03, 5.059853e-02, 3.169161e-02, 1.339499e-01, 8.565980e-01, -9.165054e-01, -1.042659e-01, -8.306981e-02, 1.124168e+00, 6.791014e-10, 4.432884e-10, 5.045558e-10, 4.581250e-10, 6.540298e+01, -2.263106e-02
1.788400e+03, 5.008834e-02, 3.166350e-02, 1.349158e-01, 8.565046e-01, -9.327197e-01, -1.148499e-01, -9.511664e-02, 1.113230e+00, 6.842090e-10, 4.402315e-10, 5.048692e-10, 4.580196e-10, 6.551126e+01, -2.609599e-02
1.792200e+03, 4.957312e-02, 3.163546e-02, 1.358685e-01, 8.564112e-01, -9.490559e-01, -1.253609e-01, -1.071709e-01, 1.102294e+00, 6.896166e-10, 4.371520e-10, 5.050831e-10, 4.579237e-10, 6.561495e+01, -2.960462e-02
1.796000e+03, 4.905285e-02, 3.160759e-02, 1.368093e-01, 8.563195e-01, -9.655213e-01, -1.357984e-01, -1.192304e-01, 1.091360e+00, 6.950068e-10, 4.340930e-10, 5.053927e-10, 4.578827e-10, 6.571414e+01, -3.315503e-02
1.799800e+03, 4.852768e-02, 3.157983e-02, 1.377365e-01, 8.562273e-01, -9.821153e-01, -1.461628e-01, -1.312972e-01, 1.080428e+00, 7.008114e-10, 4.310027e-10, 5.056321e-10, 4.577840e-10, 6.580853e+01, -3.674589e-02
1.803600e+03, 4.799774e-02, 3.155228e-02, 1.386515e-01, 8.561366e-01, -9.988480e-01, -1.564535e-01, -1.433697e-01, 1.069498e+00, 7.068768e-10, 4.279078e-10, 5.059850e-10, 4.576948e-10, 6.589824e+01, -4.037546e-02
1.807400e+03, 4.746306e-02, 3.152495e-02, 1.395527e-01, 8.560470e-01, -1.015725e+00, -1.666703e-01, -1.554506e-01, 1.058570e+00, 7.131565e-10, 4.247717e-10, 5.062166e-10, 4.576589e-10, 6.598297e+01, -4.404238e-02
1.811200e+03, 4.692395e-02, 3.149807e-02, 1.404424e-01, 8.559582e-01, -1.032753e+00, -1.768122e-01, -1.675371e-01, 1.047643e+00, 7.197140e-10, 4.216666e-10, 5.065936e-10, 4.575669e-10, 6.606295e+01, -4.774493e-02
1.815000e+03, 4.638043e-02, 3.147146e-02, 1.413179e-01, 8.558701e-01, -1.049937e+00, -1.868799e-01, -1.796326e-01, 1.036718e+00, 7.265667e-10, 4.185484e-10, 5.068699e-10, 4.575032e-10, 6.613777e+01, -5.148150e-02
1.818800e+03, 4.583252e-02, 3.144533e-02, 1.421804e-01, 8.557835e-01, -1.067284e+00, -1.968732e-01, -1.917347e-01, 1.025794e+00, 7.337000e-10, 4.153929e-10, 5.072086e-10, 4.574086e-10, 6.620753e+01, -5.525015e-02
1.822600e+03, 4.528059e-02, 3.141970e-02, 1.430294e-01, 8.556973e-01, -1.084802e+00, -2.067912e-01, -2.038449e-01, 1.014873e+00, 7.412335e-10, 4.123043e-10, 5.075579e-10, 4.573416e-10, 6.627208e+01, -5.904927e-02
1.826400e+03, 4.472462e-02, 3.139451e-02, 1.438649e-01, 8.556122e-01, -1.102500e+00, -2.166354e-01, -2.159634e-01, 1.003954e+00, 7.491084e-10, 4.091428e-10, 5.078595e-10, 4.572597e-10, 6.633140e+01, -6.287730e-02
1.830200e+03, 4.416483e-02, 3.136997e-02, 1.446874e-01, 8.555285e-01, -1.120386e+00, -2.264042e-01, -2.280891e-01, 9.930362e-01, 7.572933e-10, 4.060097e-10, 5.082661e-10, 4.572573e-10, 6.638548e+01, -6.673225e-02
1.834000e+03, 4.360136e-02, 3.134610e-02, 1.454960e-01, 8.554452e-01, -1.138467e+00, -2.360981e-01, -2.402245e-01, 9.821187e-01, 7.658917e-10, 4.028957e-10, 5.085772e-10, 4.571045e-10, 6.643415e+01, -7.061270e-02
1.837800e+03, 4.303432e-02, 3.132284e-02, 1.462909e-01, 8.553633e-01, -1.156754e+00, -2.457177e-01, -2.523673e-01, 9.712048e-01, 7.749121e-10, 3.997533e-10, 5.090346e-10, 4.570844e-10, 6.647740e+01, -7.451625e-02
1.841600e+03, 4.246402e-02, 3.130042e-02, 1.470715e-01, 8.552836e-01, -1.175255e+00, -2.552622e-01, -2.645211e-01, 9.602914e-01, 7.842525e-10, 3.966488e-10, 5.093557e-10, 4.570242e-10, 6.651510e+01, -7.844170e-02
1.845400e+03, 4.189050e-02, 3.127877e-02, 1.478388e-01, 8.552035e-01, -1.193980e+00, -2.647326e-01, -2.766825e-01, 9.493795e-01, 7.941984e-10, 3.935373e-10, 5.096649e-10, 4.568927e-10, 6.654736e+01, -8.238685e-02
1.849200e+03, 4.131390e-02, 3.125803e-02, 1.485930e-01, 8.551250e-01, -1.212943e+00, -2.741288e-01, -2.888513e-01, 9.384707e-01, 8.046227e-10, 3.904227e-10, 5.101552e-10, 4.569209e-10, 6.657417e+01, -8.634989e-02
1.853000e+03, 4.073456e-02, 3.123823e-02, 1.493323e-01, 8.550482e-01, -1.232154e+00, -2.834506e-01, -3.010318e-01, 9.275612e-01, 8.154403e-10, 3.873406e-10, 5.105111e-10, 4.567856e-10, 6.659526e+01, -9.032917e-02
1.856800e+03, 4.015249e-02, 3.121940e-02, 1.500579e-01, 8.549724e-01, -1.251623e+00, -2.926987e-01, -3.132209e-01, 9.166549e-01, 8.269095e-10, 3.842750e-10, 5.109798e-10, 4.567417e-10, 6.661075e+01, -9.432250e-02
1.860600e+03, 3.956808e-02, 3.120160e-02, 1.507689e-01, 8.548980e-01, -1.271367e+00, -3.018737e-01, -3.254211e-01, 9.057497e-01, 8.388571e-10, 3.812072e-10, 5.113364e-10, 4.567116e-10, 6.662052e+01, -9.832823e-02
1.864400e+03, 3.898147e-02, 3.118497e-02, 1.514664e-01, 8.548244e-01, -1.291395e+00, -3.109755e-01, -3.376298e-01, 8.948452e-01, 8.515183e-10, 3.781882e-10, 5.117600e-10, 4.566346e-10, 6.662470e+01, -1.023444e-01
1.868200e+03, 3.839292e-02, 3.116945e-02, 1.521495e-01, 8.547525e-01, -1.311726e+00, -3.200051e-01, -3.498486e-01, 8.839425e-01, 8.647230e-10, 3.751074e-10, 5.122172e-10, 4.565402e-10, 6.662315e+01, -1.063689e-01
1.872000e+03, 3.780258e-02, 3.115519e-02, 1.528183e-01, 8.546823e-01, -1.332373e+00, -3.289612e-01, -3.620784e-01, 8.730421e-01, 8.786455e-10, 3.721988e-10, 5.127313e-10, 4.565292e-10, 6.661588e+01, -1.104002e-01
1.875800e+03, 3.721074e-02, 3.114216e-02, 1.534720e-01, 8.546130e-01, -1.353351e+00, -3.378479e-01, -3.743204e-01, 8.621420e-01, 8.933189e-10, 3.692825e-10, 5.130588e-10, 4.564326e-10, 6.660275e+01, -1.144360e-01
1.879600e+03, 3.661773e-02, 3.113052e-02, 1.541123e-01, 8.545449e-01, -1.374680e+00, -3.466649e-01, -3.865702e-01, 8.512442e-01, 9.087244e-10, 3.662496e-10, 5.135997e-10, 4.563924e-10, 6.658406e+01, -1.184746e-01
1.883400e+03, 3.602377e-02, 3.112040e-02, 1.547376e-01, 8.544791e-01, -1.396377e+00, -3.554095e-01, -3.988330e-01, 8.403473e-01, 9.249593e-10, 3.634110e-10, 5.141114e-10, 4.563633e-10, 6.655954e+01, -1.225141e-01
1.887200e+03, 3.542919e-02, 3.111158e-02, 1.553478e-01, 8.544136e-01, -1.418461e+00, -3.640864e-01, -4.111080e-01, 8.294511e-01, 9.420496e-10, 3.604819e-10, 5.145355e-10, 4.562875e-10, 6.652921e+01, -1.265523e-01
1.891000e+03, 3.483422e-02, 3.110442e-02, 1.559438e-01, 8.543506e-01, -1.440954e+00, -3.726933e-01, -4.233931e-01, 8.185568e-01, 9.600507e-10, 3.578210e-10, 5.150887e-10, 4.562604e-10, 6.649321e+01, -1.305875e-01
1.894800e+03, 3.423922e-02, 3.109883e-02, 1.565248e-01, 8.542885e-01, -1.463876e+00, -3.812366e-01, -4.356914e-01, 8.076630e-01, 9.790454e-10, 3.549554e-10, 5.155280e-10, 4.561823e-10, 6.645143e+01, -1.346177e-01
1.898600e+03, 3.364465e-02, 3.109483e-02, 1.570916e-01, 8.542282e-01, -1.487252e+00, -3.897116e-01, -4.480002e-01, 7.967712e-01, 9.990525e-10, 3.522049e-10, 5.160579e-10, 4.561555e-10, 6.640403e+01, -1.386411e-01
1.902400e+03, 3.305066e-02, 3.109262e-02, 1.576431e-01, 8.541695e-01, -1.511106e+00, -3.981209e-01, -4.603217e-01, 7.858800e-01, 1.020156e-09, 3.493655e-10, 5.166423e-10, 4.561110e-10, 6.635089e+01, -1.426554e-01
1.906200e+03, 3.245786e-02, 3.109223e-02, 1.581795e-01, 8.541125e-01, -1.535463e+00, -4.064624e-01, -4.726571e-01, 7.749898e-01, 1.042399e-09, 3.469138e-10, 5.170890e-10, 4.560840e-10, 6.629204e+01, -1.466590e-01
1.910000e+03, 3.186654e-02, 3.109365e-02, 1.587015e-01, 8.540562e-01, -1.560351e+00, -4.147453e-01, -4.850031e-01, 7.641003e-01, 1.065878e-09, 3.442484e-10, 5.176894e-10, 4.559689e-10, 6.622763e+01, -1.506499e-01
1.913800e+03, 3.127722e-02, 3.109688e-02, 1.592081e-01, 8.540022e-01, -1.585800e+00, -4.229646e-01, -4.973635e-01, 7.532135e-01, 1.090649e-09, 3.417461e-10, 5.181766e-10, 4.560099e-10, 6.615757e+01, -1.546262e-01
1.917600e+03, 3.069025e-02, 3.110227e-02, 1.597001e-01, 8.539496e-01, -1.611841e+00, -4.311242e-01, -5.097356e-01, 7.423258e-01, 1.116762e-09, 3.393119e-10, 5.188276e-10, 4.559276e-10, 6.608202e+01, -1.585861e-01
1.921400e+03, 3.010628e-02, 3.110958e-02, 1.601766e-01, 8.538990e-01, -1.638505e+00, -4.392256e-01, -5.221232e-01, 7.314400e-01, 1.144326e-09, 3.368441e-10, 5.194544e-10, 4.558638e-10, 6.600088e+01, -1.625277e-01
1.925200e+03, 2.952572e-02, 3.111902e-02, 1.606372e-01, 8.538496e-01, -1.665827e+00, -4.472682e-01, -5.345257e-01, 7.205558e-01, 1.173387e-09, 3.345124e-10, 5.200381e-10, 4.558841e-10, 6.591418e+01, -1.664486e-01
1.929000e+03, 2.894928e-02, 3.113047e-02, 1.610830e-01, 8.538021e-01, -1.693843e+00, -4.552550e-01, -5.469422e-01, 7.096710e-01, 1.204041e-09, 3.323207e-10, 5.204602e-10, 4.558170e-10, 6.582209e+01, -1.703477e-01
1.932800e+03, 2.837740e-02, 3.114432e-02, 1.615144e-01, 8.537563e-01, -1.722590e+00, -4.631895e-01, -5.593687e-01, 6.987879e-01, 1.236347e-09, 3.300182e-10, 5.212020e-10, 4.558013e-10, 6.572479e+01, -1.742227e-01
1.936600e+03, 2.781088e-02, 3.116038e-02, 1.619296e-01, 8.537121e-01, -1.752110e+00, -4.710691e-01, -5.718130e-01, 6.879051e-01, 1.270334e-09, 3.278466e-10, 5.218585e-10, 4.557298e-10, 6.562205e+01, -1.780717e-01
1.940400e+03, 2.725044e-02, 3.117880e-02, 1.623293e-01, 8.536700e-01, -1.782440e+00, -4.788968e-01, -5.842730e-01, 6.770241e-01, 1.306137e-09, 3.259251e-10, 5.225470e-10, 4.557475e-10, 6.551403e+01, -1.818931e-01
1.944200e+03, 2.669674e-02, 3.119954e-02, 1.627133e-01, 8.536294e-01, -1.813626e+00, -4.866786e-01, -5.967494e-01, 6.661426e-01, 1.343798e-09, 3.238274e-10, 5.229776e-10, 4.556792e-10, 6.540079e+01, -1.856851e-01
1.948000e+03, 2.615059e-02, 3.122277e-02, 1.630830e-01, 8.535898e-01, -1.845710e+00, -4.944104e-01, -6.092360e-01, 6.552628e-01, 1.383297e-09, 3.220942e-10, 5.238827e-10, 4.556829e-10, 6.528263e+01, -1.894459e-01
1.951800e+03, 2.561295e-02, 3.124849e-02, 1.634358e-01, 8.535535e-01, -1.878738e+00, -5.021007e-01, -6.217443e-01, 6.443828e-01, 1.424834e-09, 3.201768e-10, 5.244264e-10, 4.556482e-10, 6.515920e+01, -1.931734e-01
1.955600e+03, 2.508452e-02, 3.127686e-02, 1.637738e-01, 8.535181e-01, -1.912758e+00, -5.097453e-01, -6.342656e-01, 6.335037e-01, 1.468179e-09, 3.185673e-10, 5.251178e-10, 4.555863e-10, 6.503094e+01, -1.968665e-01
1.959400e+03, 2.456647e-02, 3.130778e-02, 1.640961e-01, 8.534846e-01, -1.947812e+00, -5.173514e-01, -6.468033e-01, 6.226261e-01, 1.513506e-09, 3.168367e-10, 5.258219e-10, 4.556155e-10, 6.489777e+01, -2.005228e-01
1.963200e+03, 2.405980e-02, 3.134131e-02, 1.644033e-01, 8.534524e-01, -1.983949e+00, -5.249163e-01, -6.593579e-01, 6.117478e-01, 1.560721e-09, 3.154434e-10, 5.264476e-10, 4.555471e-10, 6.475986e+01, -2.041417e-01
1.967000e+03, 2.356570e-02, 3.137771e-02, 1.646935e-01, 8.534226e-01, -2.021213e+00, -5.324478e-01, -6.719274e-01, 6.008711e-01, 1.609713e-09, 3.140092e-10, 5.274290e-10, 4.555699e-10, 6.461715e+01, -2.077186e-01
1.970800e+03, 2.308507e-02, 3.141674e-02, 1.649688e-01, 8.533944e-01, -2.059646e+00, -5.399451e-01, -6.845204e-01, 5.899939e-01, 1.660457e-09, 3.126081e-10, 5.278856e-10, 4.555617e-10, 6.446979e+01, -2.112565e-01
1.974600e+03, 2.261944e-02, 3.145867e-02, 1.652281e-01, 8.533689e-01, -2.099291e+00, -5.474090e-01, -6.971242e-01, 5.791168e-01, 1.713008e-09, 3.114403e-10, 5.289320e-10, 4.555237e-10, 6.431797e+01, -2.147493e-01
1.978400e+03, 2.216991e-02, 3.150349e-02, 1.654716e-01, 8.533438e-01, -2.140191e+00, -5.548450e-01, -7.097531e-01, 5.682407e-01, 1.766523e-09, 3.103214e-10, 5.293048e-10, 4.555078e-10, 6.416162e+01, -2.181990e-01
1.982200e+03, 2.173800e-02, 3.155124e-02, 1.656992e-01, 8.533216e-01, -2.182369e+00, -5.622542e-01, -7.223908e-01, 5.573649e-01, 1.821156e-09, 3.093214e-10, 5.304564e-10, 4.555319e-10, 6.400104e+01, -2.215999e-01
1.986000e+03, 2.132508e-02, 3.160188e-02, 1.659115e-01, 8.533002e-01, -2.225851e+00, -5.696396e-01, -7.350560e-01, 5.464886e-01, 1.876735e-09, 3.084080e-10, 5.311069e-10, 4.555071e-10, 6.383615e+01, -2.249558e-01
1.989800e+03, 2.093264e-02, 3.165560e-02, 1.661076e-01, 8.532820e-01, -2.270660e+00, -5.770032e-01, -7.477368e-01, 5.356129e-01, 1.932563e-09, 3.077194e-10, 5.318123e-10, 4.554819e-10, 6.366714e+01, -2.282611e-01
1.993600e+03, 2.056221e-02, 3.171242e-02, 1.662870e-01, 8.532653e-01, -2.316802e+00, -5.843504e-01, -7.604344e-01, 5.247377e-01, 1.987835e-09, 3.069612e-10, 5.327646e-10, 4.554655e-10, 6.349405e+01, -2.315136e-01
1.997400e+03, 2.021536e-02, 3.177233e-02, 1.664513e-01, 8.532504e-01, -2.364264e+00, -5.916794e-01, -7.731547e-01, 5.138630e-01, 2.042700e-09, 3.064257e-10, 5.335883e-10, 4.554998e-10, 6.331705e+01, -2.347157e-01
2.001200e+03, 1.989356e-02, 3.183536e-02, 1.665993e-01, 8.532375e-01, -2.413036e+00, -5.989956e-01, -7.858948e-01, 5.029874e-01, 2.096064e-09, 3.061104e-10, 5.342961e-10, 4.554953e-10, 6.313621e+01, -2.378634e-01
2.005000e+03, 1.959851e-02, 3.190155e-02, 1.667313e-01, 8.532253e-01, -2.463082e+00, -6.063044e-01, -7.986517e-01, 4.921120e-01, 2.147197e-09, 3.056473e-10, 5.352424e-10, 4.555020e-10, 6.295170e+01, -2.409550e-01
2.008800e+03, 1.933173e-02, 3.197097e-02, 1.668475e-01, 8.532165e-01, -2.514348e+00, -6.136020e-01, -8.114312e-01, 4.812364e-01, 2.195275e-09, 3.055817e-10, 5.362553e-10, 4.554467e-10, 6.276356e+01, -2.439905e-01
2.012600e+03, 1.909483e-02, 3.204365e-02, 1.669472e-01, 8.532089e-01, -2.566763e+00, -6.208981e-01, -8.242349e-01, 4.703621e-01, 2.239746e-09, 3.054398e-10, 5.371568e-10, 4.555091e-10, 6.257185e+01, -2.469681e-01
2.016400e+03, 1.888898e-02, 3.211958e-02, 1.670308e-01, 8.532028e-01, -2.620239e+00, -6.281908e-01, -8.370601e-01, 4.594863e-01, 2.279606e-09, 3.055087e-10, 5.379243e-10, 4.554900e-10, 6.237673e+01, -2.498860e-01
2.020200e+03, 1.871569e-02, 3.219883e-02, 1.670996e-01, 8.531998e-01, -2.674668e+00, -6.354852e-01, -8.499036e-01, 4.486110e-01, 2.314167e-09, 3.057067e-10, 5.389756e-10, 4.554785e-10, 6.217850e+01, -2.527445e-01
2.024000e+03, 1.857618e-02, 3.228153e-02, 1.671510e-01, 8.531979e-01, -2.729921e+00, -6.427843e-01, -8.627722e-01, 4.377359e-01, 2.342526e-09, 3.060566e-10, 5.398972e-10, 4.555392e-10, 6.197697e+01, -2.555397e-01
2.027800e+03, 1.847132e-02, 3.236744e-02, 1.671866e-01, 8.531981e-01, -2.785851e+00, -6.500917e-01, -8.756629e-01, 4.268594e-01, 2.364442e-09, 3.063519e-10, 5.409030e-10, 4.555409e-10, 6.177242e+01, -2.582719e-01
2.031600e+03, 1.840224e-02, 3.245674e-02, 1.672057e-01, 8.532003e-01, -2.842305e+00, -6.574062e-01, -8.885775e-01, 4.159829e-01, 2.378925e-09, 3.070280e-10, 5.419612e-10, 4.555287e-10, 6.156490e+01, -2.609392e-01
2.035400e+03, 1.836932e-02, 3.254946e-02, 1.672092e-01, 8.532040e-01, -2.899104e+00, -6.647369e-01, -9.015175e-01, 4.051066e-01, 2.386000e-09, 3.077181e-10, 5.427573e-10, 4.555868e-10, 6.135457e+01, -2.635420e-01
2.039200e+03, 1.837317e-02, 3.264569e-02, 1.671961e-01, 8.532102e-01, -2.956073e+00, -6.720840e-01, -9.144764e-01, 3.942290e-01, 2.385351e-09, 3.083804e-10, 5.438045e-10, 4.555671e-10, 6.114160e+01, -2.660765e-01
2.043000e+03, 1.841388e-02, 3.274525e-02, 1.671668e-01, 8.532178e-01, -3.013026e+00, -6.794469e-01, -9.274603e-01, 3.833518e-01, 2.377057e-09, 3.094346e-10, 5.449608e-10, 4.556169e-10, 6.092603e+01, -2.685430e-01
2.046800e+03, 1.849146e-02, 3.284834e-02, 1.671217e-01, 8.532278e-01, -3.069781e+00, -6.868350e-01, -9.404719e-01, 3.724735e-01, 2.361296e-09, 3.103795e-10, 5.460548e-10, 4.555902e-10, 6.070798e+01, -2.709416e-01
2.050600e+03, 1.860562e-02, 3.295484e-02, 1.670607e-01, 8.532390e-01, -3.126159e+00, -6.942456e-01, -9.535095e-01, 3.615957e-01, 2.338437e-09, 3.115926e-10, 5.469895e-10, 4.556784e-10, 6.048759e+01, -2.732706e-01
2.054400e+03, 1.875590e-02, 3.306477e-02, 1.669827e-01, 8.532520e-01, 3.101193e+00, -7.016852e-01, -9.665695e-01, 3.507159e-01, 2.309066e-09, 3.128916e-10, 5.481801e-10, 4.556624e-10, 6.026496e+01, -2.755265e-01
2.058200e+03, 1.894147e-02, 3.317816e-02, 1.668889e-01, 8.532670e-01, 3.046062e+00, -7.091559e-01, -9.796579e-01, 3.398365e-01, 2.273748e-09, 3.142741e-10, 5.493364e-10, 4.557129e-10, 6.004022e+01, -2.777113e-01
2.062000e+03, 1.916165e-02, 3.329504e-02, 1.667791e-01, 8.532850e-01, 2.991774e+00, -7.166595e-01, -9.927739e-01, 3.289558e-01, 2.233352e-09, 3.158206e-10, 5.504641e-10, 4.557201e-10, 5.981347e+01, -2.798234e-01
2.065800e+03, 1.941513e-02, 3.341537e-02, 1.666530e-01, 8.533034e-01, 2.938450e+00, -7.242001e-01, -1.005917e+00, 3.180750e-01, 2.188543e-09, 3.174466e-10, 5.515478e-10, 4.557633e-10, 5.958484e+01, -2.818610e-01
2.069600e+03, 1.970094e-02, 3.353918e-02, 1.665103e-01, 8.533245e-01, 2.886196e+00, -7.317795e-01, -1.019086e+00, 3.071932e-01, 2.140184e-09, 3.191411e-10, 5.527437e-10, 4.557805e-10, 5.935444e+01, -2.838225e-01
2.073400e+03, 2.001769e-02, 3.366639e-02, 1.663514e-01, 8.533467e-01, 2.835097e+00, -7.393993e-01, -1.032283e+00, 2.963109e-01, 2.089113e-09, 3.210041e-10, 5.540258e-10, 4.558637e-10, 5.912240e+01, -2.857082e-01
2.077200e+03, 2.036402e-02, 3.379710e-02, 1.661768e-01, 8.533710e-01, 2.785217e+00, -7.470636e-01, -1.045511e+00, 2.854266e-01, 2.035966e-09, 3.231076e-10, 5.552653e-10, 4.558424e-10, 5.888882e+01, -2.875182e-01
2.081000e+03, 2.073859e-02, 3.393122e-02, 1.659863e-01, 8.533974e-01, 2.736606e+00, -7.547782e-01, -1.058769e+00, 2.745429e-01, 1.981648e-09, 3.251035e-10, 5.565129e-10, 4.559192e-10, 5.865382e+01, -2.892510e-01
2.084800e+03, 2.113984e-02, 3.406868e-02, 1.657793e-01, 8.534256e-01, 2.689292e+00, -7.625404e-01, -1.072056e+00, 2.636573e-01, 1.926732e-09, 3.272598e-10, 5.576874e-10, 4.559873e-10, 5.841751e+01, -2.909047e-01
2.088600e+03, 2.156627e-02, 3.420960e-02, 1.655555e-01, 8.534549e-01, 2.643289e+00, -7.703541e-01, -1.085371e+00, 2.527701e-01, 1.871535e-09, 3.295663e-10, 5.590923e-10, 4.559763e-10, 5.818001e+01, -2.924777e-01
2.092400e+03, 2.201658e-02, 3.435383e-02, 1.653163e-01, 8.534872e-01, 2.598604e+00, -7.782228e-01, -1.098720e+00, 2.418832e-01, 1.816778e-09, 3.319399e-10, 5.604427e-10, 4.560400e-10, 5.794142e+01, -2.939722e-01
2.096200e+03, 2.248916e-02, 3.450145e-02, 1.650612e-01, 8.535202e-01, 2.555227e+00, -7.861483e-01, -1.112101e+00, 2.309947e-01, 1.763005e-09, 3.343779e-10, 5.616589e-10, 4.561193e-10, 5.770186e+01, -2.953864e-01
2.100000e+03, 2.298284e-02, 3.465238e-02, 1.647889e-01, 8.535553e-01, 2.513133e+00, -7.941319e-01, -1.125512e+00, 2.201044e-01, 1.710139e-09, 3.368817e-10, 5.631866e-10, 4.561431e-10, 5.746144e+01, -2.967168e-01
2.103800e+03, 2.349611e-02, 3.480657e-02, 1.645016e-01, 8.535919e-01, 2.472301e+00, -8.021753e-01, -1.138958e+00, 2.092135e-01, 1.658810e-09, 3.396217e-10, 5.645379e-10, 4.562186e-10, 5.722027e+01, -2.979675e-01
2.107600e+03, 2.402776e-02, 3.496396e-02, 1.641979e-01, 8.536302e-01, 2.432696e+00, -8.102842e-01, -1.152437e+00, 1.983207e-01, 1.608948e-09, 3.424215e-10, 5.660033e-10, 4.562491e-10, 5.697847e+01, -2.991347e-01
2.111400e+03, 2.457649e-02, 3.512464e-02, 1.638784e-01, 8.536704e-01, 2.394280e+00, -8.184599e-01, -1.165951e+00, 1.874273e-01, 1.560975e-09, 3.450352e-10, 5.674121e-10, 4.562735e-10, 5.673612e+01, -3.002188e-01
2.115200e+03, 2.514119e-02, 3.528849e-02, 1.635423e-01, 8.537120e-01, 2.357010e+00, -8.266980e-01, -1.179499e+00, 1.765333e-01, 1.514754e-09, 3.480513e-10, 5.689850e-10, 4.563580e-10, 5.649334e+01, -3.012179e-01
2.119000e+03, 2.572067e-02, 3.545546e-02, 1.631912e-01, 8.537559e-01, 2.320844e+00, -8.350081e-01, -1.193084e+00, 1.656372e-01, 1.470487e-09, 3.510530e-10, 5.704560e-10, 4.564293e-10, 5.625025e+01, -3.021343e-01
2.122800e+03, 2.631387e-02, 3.562545e-02, 1.628235e-01, 8.538004e-01, 2.285734e+00, -8.433899e-01, -1.206704e+00, 1.547394e-01, 1.428092e-09, 3.539462e-10, 5.719758e-10, 4.564637e-10, 5.600694e+01, -3.029643e-01
2.126600e+03, 2.691984e-02, 3.579856e-02, 1.624395e-01, 8.538469e-01, 2.251637e+00, -8.518407e-01, -1.220361e+00, 1.438409e-01, 1.387700e-09, 3.570823e-10, 5.736264e-10, 4.565492e-10, 5.576351e+01, -3.037079e-01
2.130400e+03, 2.753762e-02, 3.597462e-02, 1.620407e-01, 8.538954e-01, 2.218504e+00, -8.603665e-01, -1.234057e+00, 1.329403e-01, 1.349095e-09, 3.602861e-10, 5.751945e-10, 4.566309e-10, 5.552007e+01, -3.043674e-01
2.134200e+03, 2.816628e-02, 3.615362e-02, 1.616254e-01, 8.539451e-01, 2.186293e+00, -8.689687e-01, -1.247790e+00, 1.220377e-01, 1.312554e-09, 3.633952e-10, 5.768370e-10, 4.566722e-10, 5.527673e+01, -3.049391e-01
2.138000e+03, 2.880505e-02, 3.633552e-02, 1.611939e-01, 8.539963e-01, 2.154954e+00, -8.776451e-01, -1.261563e+00, 1.111341e-01, 1.277622e-09, 3.668247e-10, 5.785533e-10, 4.567458e-10, 5.503356e+01, -3.054231e-01
2.141800e+03, 2.945312e-02, 3.652025e-02, 1.607476e-01, 8.540492e-01, 2.124450e+00, -8.864035e-01, -1.275376e+00, 1.002288e-01, 1.244585e-09, 3.700008e-10, 5.802341e-10, 4.568080e-10, 5.479070e+01, -3.058214e-01
2.145600e+03, 3.010974e-02, 3.670778e-02, 1.602848e-01, 8.541029e-01, 2.094734e+00, -8.952377e-01, -1.289230e+00, 8.932203e-02, 1.213201e-09, 3.734281e-10, 5.820123e-10, 4.568830e-10, 5.454821e+01, -3.061304e-01
2.149400e+03, 3.077413e-02, 3.689798e-02, 1.598068e-01, 8.541586e-01, 2.065767e+00, -9.041537e-01, -1.303126e+00, 7.841344e-02, 1.183608e-09, 3.766805e-10, 5.837911e-10, 4.569520e-10, 5.430620e+01, -3.063521e-01
2.153200e+03, 3.144584e-02, 3.709089e-02, 1.593128e-01, 8.542155e-01, 2.037507e+00, -9.131473e-01, -1.317065e+00, 6.750321e-02, 1.155248e-09, 3.802762e-10, 5.856570e-10, 4.570322e-10, 5.406476e+01, -3.064847e-01
2.157000e+03, 3.212415e-02, 3.728634e-02, 1.588041e-01, 8.542746e-01, 2.009924e+00, -9.222269e-01, -1.331048e+00, 5.659106e-02, 1.128722e-09, 3.836342e-10, 5.874684e-10, 4.571047e-10, 5.382401e+01, -3.065302e-01
2.160800e+03, 3.280851e-02, 3.748429e-02, 1.582791e-01, 8.543341e-01, 1.982975e+00, -9.313865e-01, -1.345075e+00, 4.567718e-02, 1.103336e-09, 3.871377e-10, 5.893935e-10, 4.571837e-10, 5.358401e+01, -3.064848e-01
2.164600e+03, 3.349824e-02, 3.768485e-02, 1.577388e-01, 8.543952e-01, 1.956632e+00, -9.406299e-01, -1.359147e+00, 3.476141e-02, 1.079468e-09, 3.907033e-10, 5.913657e-10, 4.572594e-10, 5.334486e+01, -3.063505e-01
2.168400e+03, 3.419303e-02, 3.788767e-02, 1.571835e-01, 8.544569e-01, 1.930858e+00, -9.499584e-01, -1.373267e+00, 2.384384e-02, 1.056907e-09, 3.941738e-10, 5.933094e-10, 4.573402e-10, 5.310665e+01, -3.061274e-01
2.172200e+03, 3.489227e-02, 3.809289e-02, 1.566125e-01, 8.545204e-01, 1.905623e+00, -9.593697e-01, -1.387433e+00, 1.292433e-02, 1.035305e-09, 3.976933e-10, 5.953815e-10, 4.574245e-10, 5.286949e+01, -3.058137e-01
2.176000e+03, 3.559559e-02, 3.830033e-02, 1.560267e-01, 8.545857e-01, 1.880904e+00, -9.688651e-01, -1.401648e+00, 2.002820e-03, 1.015062e-09, 4.013307e-10, 5.974587e-10, 4.575059e-10, 5.263344e+01, -3.054111e-01
2.179800e+03, 3.630250e-02, 3.850987e-02, 1.554255e-01, 8.546520e-01, 1.856669e+00, -9.784473e-01, -1.415913e+00, -8.920638e-03, 9.958095e-10, 4.048776e-10, 5.995404e-10, 4.575892e-10, 5.239858e+01, -3.049179e-01
2.183600e+03, 3.701262e-02, 3.872167e-02, 1.548090e-01, 8.547183e-01, 1.832892e+00, -9.881142e-01, -1.430228e+00, -1.984609e-02, 9.775624e-10, 4.084275e-10, 6.017684e-10, 4.576800e-10, 5.216504e+01, -3.043341e-01
2.187400e+03, 3.772546e-02, 3.893547e-02, 1.541781e-01, 8.547867e-01, 1.809552e+00, -9.978658e-01, -1.444596e+00, -3.077370e-02, 9.603130e-10, 4.120166e-10, 6.039610e-10, 4.577633e-10, 5.193285e+01, -3.036615e-01
2.191200e+03, 3.844084e-02, 3.915124e-02, 1.535322e-01, 8.548563e-01, 1.786624e+00, -1.007703e+00, -1.459016e+00, -4.170331e-02, 9.439247e-10, 4.155914e-10, 6.062147e-10, 4.578505e-10, 5.170214e+01, -3.028982e-01
2.195000e+03, 3.915822e-02, 3.936885e-02, 1.528712e-01, 8.549270e-01, 1.764086e+00, -1.017626e+00, -1.473490e+00, -5.263499e-02, 9.284301e-10, 4.191228e-10, 6.085590e-10, 4.579445e-10, 5.147296e+01, -3.020442e-01
2.198800e+03, 3.987744e-02, 3.958833e-02, 1.521951e-01, 8.549979e-01, 1.741919e+00, -1.027633e+00, -1.488020e+00, -6.356892e-02, 9.136951e-10, 4.227406e-10, 6.109144e-10, 4.580306e-10, 5.124540e+01, -3.010993e-01
2.202600e+03, 4.059808e-02, 3.980953e-02, 1.515041e-01, 8.550701e-01, 1.720104e+00, -1.037726e+00, -1.502606e+00, -7.450491e-02, 8.997532e-10, 4.263226e-10, 6.133584e-10, 4.581254e-10, 5.101954e+01, -3.000636e-01
2.206400e+03, 4.131991e-02, 4.003248e-02, 1.507991e-01, 8.551436e-01, 1.698621e+00, -1.047905e+00, -1.517251e+00, -8.544316e-02, 8.864922e-10, 4.298984e-10, 6.158535e-10, 4.582144e-10, 5.079546e+01, -2.989389e-01
2.210200e+03, 4.204251e-02, 4.025685e-02, 1.500802e-01, 8.552183e-01, 1.677455e+00, -1.058170e+00, -1.531955e+00, -9.638354e-02, 8.739108e-10, 4.333209e-10, 6.183935e-10, 4.583127e-10, 5.057324e+01, -2.977251e-01
2.214000e+03, 4.276569e-02, 4.048287e-02, 1.493463e-01, 8.552933e-01, 1.656589e+00, -1.068516e+00, -1.546720e+00, -1.073263e-01, 8.619689e-10, 4.368939e-10, 6.210012e-10, 4.584167e-10, 5.035294e+01, -2.964201e-01
2.217800e+03, 4.348914e-02, 4.071026e-02, 1.485974e-01, 8.553685e-01, 1.636009e+00, -1.078947e+00, -1.561547e+00, -1.182715e-01, 8.506283e-10, 4.403604e-10, 6.236764e-10, 4.584897e-10, 5.013466e+01, -2.950239e-01
2.221600e+03, 4.421266e-02, 4.093910e-02, 1.478354e-01, 8.554459e-01, 1.615699e+00, -1.089461e+00, -1.576438e+00, -1.292184e-01, 8.398422e-10, 4.438550e-10, 6.264106e-10, 4.586200e-10, 4.991845e+01, -2.935401e-01
2.225400e+03, 4.493607e-02, 4.116910e-02, 1.470592e-01, 8.555226e-01, 1.595647e+00, -1.100058e+00, -1.591394e+00, -1.401685e-01, 8.295937e-10, 4.472558e-10, 6.292186e-10, 4.586875e-10, 4.970440e+01, -2.919668e-01
2.229200e+03, 4.565898e-02, 4.140035e-02, 1.462688e-01, 8.556012e-01, 1.575840e+00, -1.110737e+00, -1.606417e+00, -1.511201e-01, 8.198466e-10, 4.507013e-10, 6.321033e-10, 4.587741e-10, 4.949257e+01, -2.903036e-01
2.233000e+03, 4.638120e-02, 4.163276e-02, 1.454640e-01, 8.556799e-01, 1.556265e+00, -1.121498e+00, -1.621509e+00, -1.620739e-01, 8.105781e-10, 4.540635e-10, 6.350477e-10, 4.589072e-10, 4.928304e+01, -2.885506e-01
2.236800e+03, 4.710254e-02, 4.186621e-02, 1.446457e-01, 8.557596e-01, 1.536911e+00, -1.132339e+00, -1.636672e+00, -1.730308e-01, 8.017545e-10, 4.573940e-10, 6.380523e-10, 4.590063e-10, 4.907588e+01, -2.867093e-01
2.240600e+03, 4.782272e-02, 4.210068e-02, 1.438148e-01, 8.558393e-01, 1.517769e+00, -1.143260e+00, -1.651906e+00, -1.839901e-01, 7.933429e-10, 4.607483e-10, 6.411711e-10, 4.591031e-10, 4.887115e+01, -2.847817e-01
2.244400e+03, 4.854166e-02, 4.233598e-02, 1.429700e-01, 8.559197e-01, 1.498827e+00, -1.154261e+00, -1.667215e+00, -1.949517e-01, 7.853577e-10, 4.639939e-10, 6.443539e-10, 4.592058e-10, 4.866892e+01, -2.827656e-01
2.248200e+03, 4.925907e-02, 4.257215e-02, 1.421113e-01, 8.560007e-01, 1.480075e+00, -1.165339e+00, -1.682599e+00, -2.059157e-01, 7.777311e-10, 4.672791e-10, 6.476013e-10, 4.592669e-10, 4.846927e+01, -2.806607e-01
2.252000e+03, 4.997476e-02, 4.280902e-02, 1.412403e-01, 8.560822e-01, 1.461506e+00, -1.176496e+00, -1.698062e+00, -2.168812e-01, 7.704776e-10, 4.705592e-10, 6.509529e-10, 4.594413e-10, 4.827224e+01, -2.784707e-01
2.255800e+03, 5.068855e-02, 4.304657e-02, 1.403558e-01, 8.561633e-01, 1.443110e+00, -1.187731e+00, -1.713604e+00, -2.278509e-01, 7.635542e-10, 4.736231e-10, 6.544197e-10, 4.595055e-10, 4.807793e+01, -2.761936e-01
2.259600e+03, 5.140023e-02, 4.328475e-02, 1.394576e-01, 8.562456e-01, 1.424880e+00, -1.199040e+00, -1.729229e+00, -2.388221e-01, 7.569612e-10, 4.767850e-10, 6.578850e-10, 4.595878e-10, 4.788638e+01, -2.738290e-01
2.263400e+03, 5.210962e-02, 4.352352e-02, 1.385484e-01, 8.563278e-01, 1.406806e+00, -1.210423e+00, -1.744937e+00, -2.497952e-01, 7.506834e-10, 4.798932e-10, 6.616148e-10, 4.597129e-10, 4.769765e+01, -2.713825e-01
2.267200e+03, 5.281651e-02, 4.376265e-02, 1.376250e-01, 8.564111e-01, 1.388883e+00, -1.221881e+00, -1.760733e+00, -2.607714e-01, 7.446913e-10, 4.829346e-10, 6.652764e-10, 4.598103e-10, 4.751181e+01, -2.688482e-01
2.271000e+03, 5.352090e-02, 4.400218e-02, 1.366901e-01, 8.564940e-01, 1.371103e+00, -1.233412e+00, -1.776618e+00, -2.717499e-01, 7.388764e-10, 4.859730e-10, 6.690836e-10, 4.599636e-10, 4.732893e+01, -2.662316e-01
2.274800e+03, 5.422246e-02, 4.424198e-02, 1.357432e-01, 8.565768e-01, 1.353461e+00, -1.245015e+00, -1.792593e+00, -2.827320e-01, 7.335195e-10, 4.889564e-10, 6.730194e-10, 4.600180e-10, 4.714906e+01, -2.635324e-01
2.278600e+03, 5.492101e-02, 4.448209e-02, 1.347841e-01, 8.566596e-01, 1.335947e+00, -1.256690e+00, -1.808662e+00, -2.937155e-01, 7.282983e-10, 4.918331e-10, 6.771584e-10, 4.601131e-10, 4.697226e+01, -2.607505e-01
2.282400e+03, 5.561651e-02, 4.472231e-02, 1.338125e-01, 8.567435e-01, 1.318559e+00, -1.268433e+00, -1.824830e+00, -3.047012e-01, 7.232487e-10, 4.947593e-10, 6.812264e-10, 4.602457e-10, 4.679858e+01, -2.578856e-01
2.286200e+03, 5.630870e-02, 4.496265e-02, 1.328299e-01, 8.568263e-01, 1.301290e+00, -1.280246e+00, -1.841095e+00, -3.156900e-01, 7.184957e-10, 4.975346e-10, 6.856155e-10, 4.603577e-10, 4.662810e+01, -2.549414e-01
2.290000e+03, 5.699748e-02, 4.520306e-02, 1.318350e-01, 8.569099e-01, 1.284135e+00, -1.292125e+00, -1.857465e+00, -3.266816e-01, 7.140310e-10, 5.003218e-10, 6.899569e-10, 4.604481e-10, 4.646086e+01, -2.519156e-01
2.293800e+03, 5.768272e-02, 4.544332e-02, 1.308294e-01, 8.569926e-01, 1.267087e+00, -1.304070e+00, -1.873938e+00, -3.376753e-01, 7.095973e-10, 5.031139e-10, 6.944857e-10, 4.605786e-10, 4.629693e+01, -2.488120e-01
2.297600e+03, 5.836411e-02, 4.568356e-02, 1.298126e-01, 8.570756e-01, 1.250145e+00, -1.316083e+00, -1.890520e+00, -3.486721e-01, 7.055409e-10, 5.057554e-10, 6.991434e-10, 4.606555e-10, 4.613635e+01, -2.456303e-01
2.301400e+03, 5.904176e-02, 4.592362e-02, 1.287852e-01, 8.571593e-01, 1.233299e+00, -1.328158e+00, -1.907212e+00, -3.596708e-01, 7.015417e-10, 5.084573e-10, 7.040086e-10, 4.607769e-10, 4.597918e+01, -2.423723e-01
2.305200e+03, 5.971525e-02, 4.616340e-02, 1.277468e-01, 8.572414e-01, 1.216549e+00, -1.340298e+00, -1.924021e+00, -3.706723e-01, 6.977765e-10, 5.109820e-10, 7.089819e-10, 4.608565e-10, 4.582547e+01, -2.390376e-01
2.309000e+03, 6.038463e-02, 4.640296e-02, 1.266980e-01, 8.573246e-01, 1.199889e+00, -1.352499e+00, -1.940949e+00, -3.816758e-01, 6.940687e-10, 5.136054e-10, 7.140293e-10, 4.609823e-10, 4.567528e+01, -2.356282e-01
2.312800e+03, 6.104976e-02, 4.664209e-02, 1.256391e-01, 8.574067e-01, 1.183317e+00, -1.364761e+00, -1.957997e+00, -3.926823e-01, 6.907531e-10, 5.160840e-10, 7.194035e-10, 4.611014e-10, 4.552867e+01, -2.321456e-01
2.316600e+03, 6.171035e-02, 4.688074e-02, 1.245699e-01, 8.574883e-01, 1.166825e+00, -1.377084e+00, -1.975174e+00, -4.036916e-01, 6.872941e-10, 5.185391e-10, 7.247273e-10, 4.611679e-10, 4.538566e+01, -2.285897e-01
2.320400e+03, 6.236644e-02, 4.711895e-02, 1.234916e-01, 8.575698e-01, 1.150415e+00, -1.389464e+00, -1.992478e+00, -4.147025e-01, 6.842276e-10, 5.209680e-10, 7.304708e-10, 4.613107e-10, 4.524632e+01, -2.249643e-01
2.324200e+03, 6.301776e-02, 4.735662e-02, 1.224029e-01, 8.576503e-01, 1.134078e+00, -1.401903e+00, -2.009918e+00, -4.257168e-01, 6.812582e-10, 5.233263e-10, 7.360779e-10, 4.614253e-10, 4.511071e+01, -2.212671e-01
2.328000e+03, 6.366425e-02, 4.759370e-02, 1.213062e-01, 8.577313e-01, 1.117812e+00, -1.414398e+00, -2.027493e+00, -4.367338e-01, 6.782689e-10, 5.256272e-10, 7.421615e-10, 4.614629e-10, 4.497886e+01, -2.175040e-01
2.331800e+03, 6.430578e-02, 4.783001e-02, 1.202000e-01, 8.578117e-01, 1.101618e+00, -1.426948e+00, -2.045213e+00, -4.477517e-01, 6.756136e-10, 5.279175e-10, 7.483829e-10, 4.616229e-10, 4.485082e+01, -2.136727e-01
2.335600e+03, 6.494224e-02, 4.806567e-02, 1.190847e-01, 8.578911e-01, 1.085487e+00, -1.439552e+00, -2.063081e+00, -4.587735e-01, 6.728874e-10, 5.301206e-10, 7.546325e-10, 4.617092e-10, 4.472664e+01, -2.097750e-01
2.339400e+03, 6.557343e-02, 4.830042e-02, 1.179617e-01, 8.579705e-01, 1.069421e+00, -1.452210e+00, -2.081099e+00, -4.697973e-01, 6.703781e-10, 5.323076e-10, 7.612138e-10, 4.617875e-10, 4.460636e+01, -2.058149e-01
2.343200e+03, 6.619935e-02, 4.853438e-02, 1.168305e-01, 8.580481e-01, 1.053415e+00, -1.464919e+00, -2.099274e+00, -4.808230e-01, 6.680342e-10, 5.344444e-10, 7.681266e-10, 4.619445e-10, 4.449004e+01, -2.017920e-01
2.347000e+03, 6.681976e-02, 4.876747e-02, 1.156912e-01, 8.581256e-01, 1.037465e+00, -1.477680e+00, -2.117614e+00, -4.918524e-01, 6.657113e-10, 5.365154e-10, 7.751042e-10, 4.620061e-10, 4.437771e+01, -1.977073e-01
2.350800e+03, 6.743459e-02, 4.899952e-02, 1.145447e-01, 8.582024e-01, 1.021570e+00, -1.490489e+00, -2.136120e+00, -5.028833e-01, 6.634785e-10, 5.385506e-10, 7.823708e-10, 4.620824e-10, 4.426940e+01, -1.935642e-01
2.354600e+03, 6.804361e-02, 4.923064e-02, 1.133913e-01, 8.582781e-01, 1.005729e+00, -1.503348e+00, -2.154800e+00, -5.139161e-01, 6.614297e-10, 5.405481e-10, 7.898499e-10, 4.621921e-10, 4.416517e+01, -1.893639e-01
2.358400e+03, 6.864690e-02, 4.946055e-02, 1.122310e-01, 8.583538e-01, 9.899365e-01, -1.516254e+00, -2.173659e+00, -5.249514e-01, 6.594408e-10, 5.424917e-10, 7.976432e-10, 4.623411e-10, 4.406507e+01, -1.851080e-01
2.362200e+03, 6.924429e-02, 4.968947e-02, 1.110644e-01, 8.584281e-01, 9.741917e-01, -1.529207e+00, -2.192703e+00, -5.359903e-01, 6.574691e-10, 5.443819e-10, 8.056766e-10, 4.623727e-10, 4.396911e+01, -1.807981e-01
2.366000e+03, 6.983554e-02, 4.991710e-02, 1.098917e-01, 8.585014e-01, 9.584938e-01, -1.542204e+00, -2.211940e+00, -5.470300e-01, 6.557172e-10, 5.462462e-10, 8.139955e-10, 4.625036e-10, 4.387736e+01, -1.764364e-01
2.369800e+03, 7.042065e-02, 5.014356e-02, 1.087136e-01, 8.585742e-01, 9.428379e-01, -1.555247e+00, -2.231375e+00, -5.580728e-01, 6.539680e-10, 5.480515e-10, 8.226237e-10, 4.626093e-10, 4.378983e+01, -1.720248e-01
2.373600e+03, 7.099956e-02, 5.036875e-02, 1.075302e-01, 8.586457e-01, 9.272237e-01, -1.568332e+00, -2.251016e+00, -5.691181e-01, 6.522859e-10, 5.498157e-10, 8.315743e-10, 4.626652e-10, 4.370656e+01, -1.675651e-01
2.377400e+03, 7.157194e-02, 5.059258e-02, 1.063419e-01, 8.587156e-01, 9.116496e-01, -1.581459e+00, -2.270871e+00, -5.801647e-01, 6.507196e-10, 5.515364e-10, 8.407569e-10, 4.627933e-10, 4.362760e+01, -1.630592e-01
2.381200e+03, 7.213799e-02, 5.081493e-02, 1.051494e-01, 8.587854e-01, 8.961130e-01, -1.594628e+00, -2.290945e+00, -5.912144e-01, 6.492292e-10, 5.532099e-10, 8.503684e-10, 4.628573e-10, 4.355298e+01, -1.585096e-01
2.385000e+03, 7.269734e-02, 5.103601e-02, 1.039528e-01, 8.588537e-01, 8.806119e-01, -1.607836e+00, -2.311248e+00, -6.022656e-01, 6.478466e-10, 5.548491e-10, 8.602857e-10, 4.629523e-10, 4.348273e+01, -1.539178e-01
2.388800e+03, 7.325005e-02, 5.125550e-02, 1.027529e-01, 8.589212e-01, 8.651439e-01, -1.621084e+00, -2.331788e+00, -6.133191e-01, 6.464409e-10, 5.564306e-10, 8.705734e-10, 4.630258e-10, 4.341688e+01, -1.492864e-01
2.392600e+03, 7.379596e-02, 5.147348e-02, 1.015499e-01, 8.589869e-01, 8.497094e-01, -1.634370e+00, -2.352574e+00, -6.243744e-01, 6.451797e-10, 5.579841e-10, 8.812451e-10, 4.631298e-10, 4.335546e+01, -1.446173e-01
2.396400e+03, 7.433488e-02, 5.168984e-02, 1.003445e-01, 8.590518e-01, 8.343050e-01, -1.647692e+00, -2.373615e+00, -6.354321e-01, 6.439141e-10, 5.594882e-10, 8.922525e-10, 4.632528e-10, 4.329849e+01, -1.399129e-01
2.400200e+03, 7.486693e-02, 5.190466e-02, 9.913715e-02, 8.591152e-01, 8.189308e-01, -1.661050e+00, -2.394919e+00, -6.464928e-01, 6.427958e-10, 5.609449e-10, 9.037293e-10, 4.632977e-10, 4.324603e+01, -1.351755e-01
2.404000e+03, 7.539175e-02, 5.211779e-02, 9.792829e-02, 8.591778e-01, 8.035834e-01, -1.674444e+00, -2.416496e+00, -6.575545e-01, 6.416790e-10, 5.623627e-10, 9.156211e-10, 4.633927e-10, 4.319808e+01, -1.304070e-01
2.407800e+03, 7.590943e-02, 5.232921e-02, 9.671872e-02, 8.592382e-01, 7.882626e-01, -1.687871e+00, -2.438358e+00, -6.686186e-01, 6.406414e-10, 5.637473e-10, 9.279229e-10, 4.634488e-10, 4.315466e+01, -1.256102e-01
2.411600e+03, 7.641989e-02, 5.253888e-02, 9.550875e-02, 8.592974e-01, 7.729666e-01, -1.701331e+00, -2.460513e+00, -6.796839e-01, 6.396876e-10, 5.650808e-10, 9.407236e-10, 4.635633e-10, 4.311583e+01, -1.207871e-01
2.415400e+03, 7.692293e-02, 5.274673e-02, 9.429920e-02, 8.593555e-01, 7.576933e-01, -1.714823e+00, -2.482974e+00, -6.907520e-01, 6.387453e-10, 5.663775e-10, 9.539505e-10, 4.636305e-10, 4.308158e+01, -1.159403e-01
2.419200e+03, 7.741843e-02, 5.295273e-02, 9.309065e-02, 8.594121e-01, 7.424426e-01, -1.728346e+00, -2.505750e+00, -7.018217e-01, 6.378909e-10, 5.676302e-10, 9.677442e-10, 4.636881e-10, 4.305194e+01, -1.110723e-01
2.423000e+03, 7.790645e-02, 5.315691e-02, 9.188374e-02, 8.594674e-01, 7.272122e-01, -1.741898e+00, -2.528856e+00, -7.128927e-01, 6.370588e-10, 5.688545e-10, 9.819835e-10, 4.638045e-10, 4.302693e+01, -1.061852e-01
2.426800e+03, 7.838672e-02, 5.335911e-02, 9.067919e-02, 8.595215e-01, 7.120017e-01, -1.755480e+00, -2.552302e+00, -7.239666e-01, 6.362797e-10, 5.699843e-10, 9.967817e-10, 4.638748e-10, 4.300658e+01, -1.012817e-01
2.430600e+03, 7.885933e-02, 5.355944e-02, 8.947770e-02, 8.595738e-01, 6.968098e-01, -1.769089e+00, -2.576101e+00, -7.350421e-01, 6.356006e-10, 5.711840e-10, 1.012115e-09, 4.638670e-10, 4.299090e+01, -9.636432e-02
2.434400e+03, 7.932415e-02, 5.375764e-02, 8.828003e-02, 8.596246e-01, 6.816342e-01, -1.782727e+00, -2.600267e+00, -7.461174e-01, 6.348780e-10, 5.722587e-10, 1.027996e-09, 4.640562e-10, 4.297991e+01, -9.143551e-02
2.438200e+03, 7.978101e-02, 5.395392e-02, 8.708694e-02, 8.596738e-01, 6.664758e-01, -1.796390e+00, -2.624811e+00, -7.571973e-01, 6.342983e-10, 5.733159e-10, 1.044461e-09, 4.640631e-10, 4.297362e+01, -8.649788e-02
2.442000e+03, 8.022986e-02, 5.414807e-02, 8.589929e-02, 8.597211e-01, 6.513312e-01, -1.810079e+00, -2.649749e+00, -7.682773e-01, 6.337065e-10, 5.743284e-10, 1.061589e-09, 4.641306e-10, 4.297206e+01, -8.155401e-02
2.445800e+03, 8.067071e-02, 5.434011e-02, 8.471798e-02, 8.597677e-01, 6.362007e-01, -1.823792e+00, -2.675096e+00, -7.793590e-01, 6.331583e-10, 5.753002e-10, 1.079235e-09, 4.642221e-10, 4.297521e+01, -7.660628e-02
2.449600e+03, 8.110338e-02, 5.453001e-02, 8.354377e-02, 8.598118e-01, 6.210834e-01, -1.837528e+00, -2.700863e+00, -7.904428e-01, 6.327192e-10, 5.763085e-10, 1.097588e-09, 4.642708e-10, 4.298312e+01, -7.165749e-02
2.453400e+03, 8.152783e-02, 5.471779e-02, 8.237769e-02, 8.598540e-01, 6.059765e-01, -1.851288e+00, -2.727070e+00, -8.015277e-01, 6.322484e-10, 5.771584e-10, 1.116521e-09, 4.643106e-10, 4.299578e+01, -6.671004e-02
2.457200e+03, 8.194398e-02, 5.490329e-02, 8.122068e-02, 8.598944e-01, 5.908809e-01, -1.865068e+00, -2.753728e+00, -8.126137e-01, 6.318220e-10, 5.779610e-10, 1.136175e-09, 4.644077e-10, 4.301320e+01, -6.176671e-02
2.461000e+03, 8.235174e-02, 5.508656e-02, 8.007381e-02, 8.599345e-01, 5.757954e-01, -1.878867e+00, -2.780855e+00, -8.237019e-01, 6.315136e-10, 5.789086e-10, 1.156419e-09, 4.644316e-10, 4.303538e+01, -5.682992e-02
2.464800e+03, 8.275105e-02, 5.526754e-02, 7.893806e-02, 8.599714e-01, 5.607174e-01, -1.892689e+00, -2.808466e+00, -8.347907e-01, 6.311697e-10, 5.796697e-10, 1.177340e-09, 4.645458e-10, 4.306235e+01, -5.190245e-02
2.468600e+03, 8.314192e-02, 5.544622e-02, 7.781456e-02, 8.600073e-01, 5.456475e-01, -1.906530e+00, -2.836576e+00, -8.458823e-01, 6.308542e-10, 5.803463e-10, 1.198988e-09, 4.645494e-10, 4.309409e+01, -4.698691e-02
2.472400e+03, 8.352414e-02, 5.562252e-02, 7.670446e-02, 8.600414e-01, 5.305851e-01, -1.920386e+00, -2.865203e+00, -8.569739e-01, 6.306053e-10, 5.811559e-10, 1.221252e-09, 4.646131e-10, 4.313061e+01, -4.208570e-02
2.476200e+03, 8.389782e-02, 5.579646e-02, 7.560898e-02, 8.600737e-01, 5.155288e-01, -1.934262e+00, -2.894362e+00, -8.680671e-01, 6.304368e-10, 5.817928e-10, 1.244187e-09, 4.646682e-10, 4.317192e+01, -3.720160e-02
2.480000e+03, 8.426267e-02, 5.596800e-02, 7.452940e-02, 8.601042e-01, 5.004764e-01, -1.948153e+00, -2.924068e+00, -8.791615e-01, 6.302286e-10, 5.824986e-10, 1.267762e-09, 4.647528e-10, 4.321800e+01, -3.233721e-02
2.483800e+03, 8.461880e-02, 5.613711e-02, 7.346698e-02, 8.601321e-01, 4.854290e-01, -1.962060e+00, -2.954338e+00, -8.902580e-01, 6.300907e-10, 5.830416e-10, 1.292017e-09, 4.647540e-10, 4.326887e+01, -2.749511e-02
2.487600e+03, 8.496603e-02, 5.630374e-02, 7.242294e-02, 8.601586e-01, 4.703849e-01, -1.975981e+00, -2.985186e+00, -9.013545e-01, 6.300280e-10, 5.836993e-10, 1.316805e-09, 4.648146e-10, 4.332452e+01, -2.267768e-02
2.491400e+03, 8.530442e-02, 5.646798e-02, 7.139888e-02, 8.601838e-01, 4.553422e-01, -1.989918e+00, -3.016626e+00, -9.124525e-01, 6.299540e-10, 5.841953e-10, 1.342213e-09, 4.648759e-10, 4.338494e+01, -1.788781e-02
2.495200e+03, 8.563388e-02, 5.662954e-02, 7.039608e-02, 8.602060e-01, 4.403014e-01, -2.003866e+00, -3.048673e+00, -9.235519e-01, 6.298738e-10, 5.846844e-10, 1.368156e-09, 4.648815e-10, 4.345014e+01, -1.312785e-02
2.499000e+03, 8.595431e-02, 5.678863e-02, 6.941617e-02, 8.602273e-01, 4.252625e-01, -2.017826e+00, -3.081339e+00, -9.346515e-01, 6.299207e-10, 5.851592e-10, 1.394573e-09, 4.649571e-10, 4.352009e+01, -8.400341e-03
2.502800e+03, 8.626568e-02, 5.694525e-02, 6.846057e-02, 8.602461e-01, 4.102224e-01, -2.031797e+00, -3.114636e+00, -9.457528e-01, 6.299244e-10, 5.856241e-10, 1.421411e-09, 4.649862e-10, 4.359480e+01, -3.707821e-03
2.506600e+03, 8.656790e-02, 5.709916e-02, 6.753095e-02, 8.602630e-01, 3.951823e-01, -2.045780e+00, 3.134611e+00, -9.568549e-01, 6.300159e-10, 5.860525e-10, 1.448602e-09, 4.650356e-10, 4.367425e+01, 9.472215e-04
2.510400e+03, 8.686097e-02, 5.725043e-02, 6.662886e-02, 8.602785e-01, 3.801400e-01, -2.059772e+00, 3.100024e+00, -9.679581e-01, 6.300893e-10, 5.863448e-10, 1.476044e-09, 4.650498e-10, 4.375843e+01, 5.562336e-03
2.514200e+03, 8.714486e-02, 5.739917e-02, 6.575608e-02, 8.602916e-01, 3.650959e-01, -2.073772e+00, 3.064782e+00, -9.790617e-01, 6.302379e-10, 5.867705e-10, 1.503669e-09, 4.650845e-10, 4.384732e+01, 1.013506e-02
2.518000e+03, 8.741945e-02, 5.754521e-02, 6.491410e-02, 8.603029e-01, 3.500482e-01, -2.087782e+00, 3.028880e+00, -9.901661e-01, 6.304370e-10, 5.870387e-10, 1.531339e-09, 4.651533e-10, 4.394093e+01, 1.466300e-02
2.521800e+03, 8.768475e-02, 5.768849e-02, 6.410480e-02, 8.603116e-01, 3.349959e-01, -2.101798e+00, 2.992318e+00, -1.001272e+00, 6.305828e-10, 5.873030e-10, 1.558916e-09, 4.651597e-10, 4.403922e+01, 1.914378e-02
2.525600e+03, 8.794071e-02, 5.782920e-02, 6.332994e-02, 8.603193e-01, 3.199400e-01, -2.115821e+00, 2.955097e+00, -1.012378e+00, 6.308748e-10, 5.874893e-10, 1.586343e-09, 4.651744e-10, 4.414217e+01, 2.357500e-02
2.529400e+03, 8.818726e-02, 5.796708e-02, 6.259109e-02, 8.603244e-01, 3.048772e-01, -2.129847e+00, 2.917222e+00, -1.023485e+00, 6.310891e-10, 5.877740e-10, 1.613384e-09, 4.652089e-10, 4.424979e+01, 2.795446e-02
2.533200e+03, 8.842444e-02, 5.810227e-02, 6.189020e-02, 8.603274e-01, 2.898092e-01, -2.143881e+00, 2.878700e+00, -1.034592e+00, 6.313964e-10, 5.879130e-10, 1.639842e-09, 4.652199e-10, 4.436203e+01, 3.227987e-02
2.537000e+03, 8.865208e-02, 5.823467e-02, 6.122893e-02, 8.603293e-01, 2.747339e-01, -2.157918e+00, 2.839547e+00, -1.045700e+00, 6.316903e-10, 5.880313e-10, 1.665673e-09, 4.652420e-10, 4.447888e+01, 3.654880e-02
2.540800e+03, 8.887028e-02, 5.836428e-02, 6.060897e-02, 8.603285e-01, 2.596516e-01, -2.171958e+00, 2.799777e+00, -1.056808e+00, 6.320963e-10, 5.881886e-10, 1.690544e-09, 4.652834e-10, 4.460031e+01, 4.075922e-02
2.544600e+03, 8.907893e-02, 5.849117e-02, 6.003195e-02, 8.603255e-01, 2.445596e-01, -2.186002e+00, 2.759414e+00, -1.067917e+00, 6.324354e-10, 5.882105e-10, 1.714426e-09, 4.653000e-10, 4.472631e+01, 4.490874e-02
2.548400e+03, 8.927802e-02, 5.861521e-02, 5.949966e-02, 8.603212e-01, 2.294595e-01, -2.200046e+00, 2.718480e+00, -1.079027e+00, 6.329038e-10, 5.882755e-10, 1.737012e-09, 4.653310e-10, 4.485684e+01, 4.899555e-02
2.552200e+03, 8.946754e-02, 5.873644e-02, 5.901362e-02, 8.603139e-01, 2.143483e-01, -2.214092e+00, 2.677007e+00, -1.090137e+00, 6.333017e-10, 5.882700e-10, 1.758012e-09, 4.652940e-10, 4.499187e+01, 5.301748e-02
2.556000e+03, 8.964735e-02, 5.885478e-02, 5.857527e-02, 8.603050e-01, 1.992275e-01, -2.228137e+00, 2.635032e+00, -1.101247e+00, 6.338075e-10, 5.882105e-10, 1.777516e-09, 4.653607e-10, 4.513138e+01, 5.697217e-02
2.559800e+03, 8.981760e-02, 5.897026e-02, 5.818604e-02, 8.602941e-01, 1.840946e-01, -2.242182e+00, 2.592592e+00, -1.112358e+00, 6.342947e-10, 5.881965e-10, 1.795055e-09, 4.653354e-10, 4.527534e+01, 6.085805e-02
2.563600e+03, 8.997812e-02, 5.908292e-02, 5.784712e-02, 8.602816e-01, 1.689501e-01, -2.256225e+00, 2.549733e+00, -1.123468e+00, 6.348915e-10, 5.880738e-10, 1.810549e-09, 4.653495e-10, 4.542371e+01, 6.467280e-02
2.567400e+03, 9.012906e-02, 5.919273e-02, 5.755986e-02, 8.602666e-01, 1.537914e-01, -2.270266e+00, 2.506504e+00, -1.134579e+00, 6.354316e-10, 5.879452e-10, 1.823951e-09, 4.653808e-10, 4.557646e+01, 6.841468e-02
2.571200e+03, 9.027020e-02, 5.929961e-02, 5.732520e-02, 8.602496e-01, 1.386198e-01, -2.284304e+00, 2.462956e+00, -1.145690e+00, 6.360325e-10, 5.878662e-10, 1.834816e-09, 4.653837e-10, 4.573356e+01, 7.208198e-02
2.575000e+03, 9.040160e-02, 5.940359e-02, 5.714397e-02, 8.602313e-01, 1.234338e-01, -2.298340e+00, 2.419147e+00, -1.156802e+00, 6.366444e-10, 5.876385e-10, 1.843345e-09, 4.653630e-10, 4.589496e+01, 7.567240e-02
2.578800e+03, 9.052330e-02, 5.950466e-02, 5.701703e-02, 8.602104e-01, 1.082332e-01, -2.312371e+00, 2.375135e+00, -1.167913e+00, 6.373375e-10, 5.874136e-10, 1.849276e-09, 4.653591e-10, 4.606063e+01, 7.918465e-02
2.582600e+03, 9.063520e-02, 5.960289e-02, 5.694472e-02, 8.601872e-01, 9.301608e-02, -2.326396e+00, 2.330982e+00, -1.179024e+00, 6.380359e-10, 5.871378e-10, 1.852604e-09, 4.653711e-10, 4.623053e+01, 8.261663e-02
2.586400e+03, 9.073745e-02, 5.969813e-02, 5.692751e-02, 8.601622e-01, 7.778227e-02, -2.340414e+00, 2.286749e+00, -1.190135e+00, 6.387666e-10, 5.868679e-10, 1.853176e-09, 4.653806e-10, 4.640462e+01, 8.596688e-02
2.590200e+03, 9.082982e-02, 5.979043e-02, 5.696566e-02, 8.601347e-01, 6.253101e-02, -2.354426e+00, 2.242502e+00, -1.201246e+00, 6.395301e-10, 5.866025e-10, 1.851119e-09, 4.653774e-10, 4.658284e+01, 8.923374e-02
2.594000e+03, 9.091241e-02, 5.987981e-02, 5.705894e-02, 8.601064e-01, 4.726153e-02, -2.368432e+00, 2.198305e+00, -1.212358e+00, 6.403294e-10, 5.861935e-10, 1.846429e-09, 4.653375e-10, 4.676518e+01, 9.241534e-02
2.597800e+03, 9.098520e-02, 5.996625e-02, 5.720733e-02, 8.600749e-01, 3.197295e-02, -2.382428e+00, 2.154219e+00, -1.223468e+00, 6.411590e-10, 5.858882e-10, 1.839071e-09, 4.653464e-10, 4.695157e+01, 9.551044e-02
2.601600e+03, 9.104824e-02, 6.004976e-02, 5.741044e-02, 8.600423e-01, 1.666457e-02, -2.396417e+00, 2.110309e+00, -1.234579e+00, 6.420253e-10, 5.854420e-10, 1.829340e-09, 4.653372e-10, 4.714195e+01, 9.851740e-02
2.605400e+03, 9.110148e-02, 6.013029e-02, 5.766774e-02, 8.600071e-01, 1.335511e-03, -2.410395e+00, 2.066632e+00, -1.245689e+00, 6.429215e-10, 5.850020e-10, 1.817062e-09, 4.653585e-10, 4.733630e+01, 1.014350e-01
2.609200e+03, 9.114495e-02, 6.020785e-02, 5.797839e-02, 8.599706e-01, -1.401495e-02, -2.424363e+00, 2.023248e+00, -1.256800e+00, 6.438525e-10, 5.846130e-10, 1.802647e-09, 4.653173e-10, 4.753455e+01, 1.042613e-01
2.613000e+03, 9.117867e-02, 6.028251e-02, 5.834162e-02, 8.599314e-01, -2.938764e-02, -2.438321e+00, 1.980207e+00, -1.267910e+00, 6.448167e-10, 5.839881e-10, 1.786127e-09, 4.653053e-10, 4.773665e+01, 1.069954e-01
2.616800e+03, 9.120254e-02, 6.035417e-02, 5.875636e-02, 8.598908e-01, -4.478335e-02, -2.452264e+00, 1.937562e+00, -1.279020e+00, 6.458242e-10, 5.835117e-10, 1.767645e-09, 4.652927e-10, 4.794255e+01, 1.096358e-01
2.620600e+03, 9.121665e-02, 6.042289e-02, 5.922150e-02, 8.598481e-01, -6.020311e-02, -2.466196e+00, 1.895357e+00, -1.290129e+00, 6.468520e-10, 5.829429e-10, 1.747439e-09, 4.652341e-10, 4.815219e+01, 1.121813e-01
2.624400e+03, 9.122108e-02, 6.048865e-02, 5.973568e-02, 8.598028e-01, -7.564742e-02, -2.480115e+00, 1.853635e+00, -1.301237e+00, 6.479315e-10, 5.823671e-10, 1.725773e-09, 4.652619e-10, 4.836551e+01, 1.146305e-01
2.628200e+03, 9.121569e-02, 6.055156e-02, 6.029765e-02, 8.597569e-01, -9.111750e-02, -2.494019e+00, 1.812430e+00, -1.312346e+00, 6.490361e-10, 5.817127e-10, 1.702790e-09, 4.652180e-10, 4.858245e+01, 1.169825e-01
2.632000e+03, 9.120063e-02, 6.061142e-02, 6.090583e-02, 8.597080e-01, -1.066140e-01, -2.507908e+00, 1.771774e+00, -1.323454e+00, 6.502073e-10, 5.810914e-10, 1.678525e-09, 4.652005e-10, 4.880297e+01, 1.192359e-01
2.635800e+03, 9.117583e-02, 6.066840e-02, 6.155874e-02, 8.596572e-01, -1.221384e-01, -2.521783e+00, 1.731698e+00, -1.334561e+00, 6.513337e-10, 5.803389e-10, 1.653432e-09, 4.651484e-10, 4.902697e+01, 1.213897e-01
2.639600e+03, 9.114128e-02, 6.072236e-02, 6.225477e-02, 8.596050e-01, -1.376897e-01, -2.535639e+00, 1.692220e+00, -1.345667e+00, 6.526224e-10, 5.797107e-10, 1.627572e-09, 4.651560e-10, 4.925440e+01, 1.234428e-01
2.643400e+03, 9.109704e-02, 6.077347e-02, 6.299238e-02, 8.595513e-01, -1.532718e-01, -2.549480e+00, 1.653360e+00, -1.356773e+00, 6.538554e-10, 5.788952e-10, 1.601121e-09, 4.651082e-10, 4.948520e+01, 1.253944e-01
2.647200e+03, 9.104327e-02, 6.082161e-02, 6.376976e-02, 8.594946e-01, -1.688833e-01, -2.563302e+00, 1.615132e+00, -1.367878e+00, 6.551463e-10, 5.781239e-10, 1.574274e-09, 4.650935e-10, 4.971930e+01, 1.272433e-01
2.651000e+03, 9.097983e-02, 6.086680e-02, 6.458537e-02, 8.594370e-01, -1.845256e-01, -2.577105e+00, 1.577544e+00, -1.378982e+00, 6.564921e-10, 5.773369e-10, 1.547167e-09, 4.650242e-10, 4.995662e+01, 1.289887e-01
2.654800e+03, 9.090670e-02, 6.090909e-02, 6.543752e-02, 8.593770e-01, -2.002001e-01, -2.590890e+00, 1.540604e+00, -1.390085e+00, 6.578669e-10, 5.764964e-10, 1.519953e-09, 4.650246e-10, 5.019709e+01, 1.306298e-01
2.658600e+03, 9.082412e-02, 6.094845e-02, 6.632442e-02, 8.593153e-01, -2.159074e-01, -2.604654e+00, 1.504313e+00, -1.401188e+00, 6.593086e-10, 5.755780e-10, 1.492771e-09, 4.649885e-10, 5.044063e+01, 1.321656e-01
2.662400e+03, 9.073193e-02, 6.098496e-02, 6.724436e-02, 8.592524e-01, -2.316491e-01, -2.618397e+00, 1.468672e+00, -1.412290e+00, 6.607795e-10, 5.746974e-10, 1.465705e-09, 4.649565e-10, 5.068717e+01, 1.335952e-01
2.666200e+03, 9.063035e-02, 6.101860e-02, 6.819590e-02, 8.591874e-01, -2.474260e-01, -2.632118e+00, 1.433676e+00, -1.423392e+00, 6.622794e-10, 5.737941e-10, 1.438878e-09, 4.648887e-10, 5.093663e+01, 1.349183e-01
2.670000e+03, 9.051917e-02, 6.104942e-02, 6.917724e-02, 8.591205e-01, -2.632386e-01, -2.645818e+00, 1.399322e+00, -1.434491e+00, 6.638426e-10, 5.727416e-10, 1.412389e-09, 4.648812e-10, 5.118892e+01, 1.361337e-01
2.673800e+03, 9.039870e-02, 6.107728e-02, 7.018696e-02, 8.590516e-01, -2.790886e-01, -2.659493e+00, 1.365599e+00, -1.445591e+00, 6.654281e-10, 5.717898e-10, 1.386355e-09, 4.647985e-10, 5.144396e+01, 1.372412e-01
2.677600e+03, 9.026880e-02, 6.110233e-02, 7.122339e-02, 8.589811e-01, -2.949764e-01, -2.673145e+00, 1.332499e+00, -1.456689e+00, 6.671030e-10, 5.708103e-10, 1.360697e-09, 4.647808e-10, 5.170168e+01, 1.382398e-01
2.681400e+03, 9.012955e-02, 6.112458e-02, 7.228489e-02, 8.589100e-01, -3.109042e-01, -2.686774e+00, 1.300010e+00, -1.467786e+00, 6.687798e-10, 5.696488e-10, 1.335586e-09, 4.647250e-10, 5.196195e+01, 1.391288e-01
2.685200e+03, 8.998098e-02, 6.114402e-02, 7.337032e-02, 8.588363e-01, -3.268721e-01, -2.700375e+00, 1.268122e+00, -1.478882e+00, 6.705329e-10, 5.686108e-10, 1.311109e-09, 4.646772e-10, 5.222472e+01, 1.399082e-01
2.689000e+03, 8.982324e-02, 6.116064e-02, 7.447793e-02, 8.587601e-01, -3.428818e-01, -2.713951e+00, 1.236818e+00, -1.489976e+00, 6.723334e-10, 5.674795e-10, 1.287104e-09, 4.646342e-10, 5.248987e+01, 1.405770e-01
2.692800e+03, 8.965635e-02, 6.117445e-02, 7.560654e-02, 8.586835e-01, -3.589345e-01, -2.727500e+00, 1.206087e+00, -1.501070e+00, 6.741575e-10, 5.662798e-10, 1.263866e-09, 4.645829e-10, 5.275731e+01, 1.411350e-01
2.696600e+03, 8.948020e-02, 6.118556e-02, 7.675482e-02, 8.586055e-01, -3.750308e-01, -2.741021e+00, 1.175910e+00, -1.512162e+00, 6.760705e-10, 5.651074e-10, 1.241199e-09, 4.645303e-10, 5.302695e+01, 1.415817e-01
2.700400e+03, 8.929512e-02, 6.119390e-02, 7.792140e-02, 8.585251e-01, -3.911727e-01, -2.754513e+00, 1.146275e+00, -1.523254e+00, 6.780107e-10, 5.639250e-10, 1.219203e-09, 4.644724e-10, 5.329868e+01, 1.419166e-01
2.704200e+03, 8.910097e-02, 6.119951e-02, 7.910514e-02, 8.584433e-01, -4.073609e-01, -2.767978e+00, 1.117166e+00, -1.534343e+00, 6.799902e-10, 5.626652e-10, 1.197893e-09, 4.644250e-10, 5.357240e+01, 1.421396e-01
2.708000e+03, 8.889779e-02, 6.120247e-02, 8.030467e-02, 8.583601e-01, -4.235965e-01, -2.781412e+00, 1.088565e+00, -1.545432e+00, 6.820759e-10, 5.613648e-10, 1.177277e-09, 4.643639e-10, 5.384799e+01, 1.422501e-01
2.711800e+03, 8.868581e-02, 6.120272e-02, 8.151911e-02, 8.582755e-01, -4.398818e-01, -2.794815e+00, 1.060456e+00, -1.556519e+00, 6.841586e-10, 5.600467e-10, 1.157251e-09, 4.643075e-10, 5.412537e+01, 1.422480e-01
2.715600e+03, 8.846500e-02, 6.120030e-02, 8.274713e-02, 8.581894e-01, -4.562168e-01, -2.808187e+00, 1.032825e+00, -1.567605e+00, 6.863687e-10, 5.586648e-10, 1.137950e-09, 4.642492e-10, 5.440438e+01, 1.421331e-01
2.719400e+03, 8.823547e-02, 6.119535e-02, 8.398780e-02, 8.581017e-01, -4.726046e-01, -2.821526e+00, 1.005655e+00, -1.578690e+00, 6.885814e-10, 5.573666e-10, 1.119325e-09, 4.641869e-10, 5.468494e+01, 1.419051e-01
2.723200e+03, 8.799717e-02, 6.118771e-02, 8.524017e-02, 8.580125e-01, -4.890453e-01, -2.834833e+00, 9.789302e-01, -1.589772e+00, 6.908805e-10, 5.558476e-10, 1.101317e-09, 4.641273e-10, 5.496694e+01, 1.415640e-01
2.727000e+03, 8.775035e-02, 6.117751e-02, 8.650309e-02, 8.579225e-01, -5.055408e-01, -2.848105e+00, 9.526351e-01, -1.600854e+00, 6.932270e-10, 5.544504e-10, 1.083951e-09, 4.640654e-10, 5.525023e+01, 1.411095e-01
2.730800e+03, 8.749499e-02, 6.116476e-02, 8.777573e-02, 8.578308e-01, -5.220924e-01, -2.861343e+00, 9.267545e-01, -1.611934e+00, 6.956423e-10, 5.530217e-10, 1.067218e-09, 4.640049e-10, 5.553469e+01, 1.405415e-01
2.734600e+03, 8.723117e-02, 6.114946e-02, 8.905727e-02, 8.577371e-01, -5.387016e-01, -2.874547e+00, 9.012735e-01, -1.623013e+00, 6.981685e-10, 5.514442e-10, 1.051063e-09, 4.639302e-10, 5.582021e+01, 1.398602e-01
2.738400e+03, 8.695902e-02, 6.113176e-02, 9.034669e-02, 8.576433e-01, -5.553711e-01, -2.887713e+00, 8.761782e-01, -1.634090e+00, 7.006582e-10, 5.499610e-10, 1.035561e-09, 4.638711e-10, 5.610665e+01, 1.390654e-01
2.742200e+03, 8.667859e-02, 6.111157e-02, 9.164326e-02, 8.575473e-01, -5.721001e-01, -2.900844e+00, 8.514531e-01, -1.645165e+00, 7.033283e-10, 5.483722e-10, 1.020533e-09, 4.638050e-10, 5.639387e+01, 1.381572e-01
2.746000e+03, 8.638996e-02, 6.108890e-02, 9.294622e-02, 8.574500e-01, -5.888929e-01, -2.913937e+00, 8.270867e-01, -1.656239e+00, 7.059790e-10, 5.466905e-10, 1.006163e-09, 4.637303e-10, 5.668174e+01, 1.371358e-01
2.749800e+03, 8.609326e-02, 6.106384e-02, 9.425479e-02, 8.573520e-01, -6.057489e-01, -2.926990e+00, 8.030635e-01, -1.667311e+00, 7.087451e-10, 5.451261e-10, 9.922812e-10, 4.636651e-10, 5.697013e+01, 1.360012e-01
2.753600e+03, 8.578859e-02, 6.103649e-02, 9.556828e-02, 8.572524e-01, -6.226710e-01, -2.940006e+00, 7.793717e-01, -1.678381e+00, 7.115900e-10, 5.434319e-10, 9.789094e-10, 4.635899e-10, 5.725888e+01, 1.347536e-01
2.757400e+03, 8.547595e-02, 6.100673e-02, 9.688594e-02, 8.571527e-01, -6.396610e-01, -2.952981e+00, 7.559991e-01, -1.689450e+00, 7.145271e-10, 5.417934e-10, 9.660685e-10, 4.635259e-10, 5.754785e+01, 1.333934e-01
2.761200e+03, 8.515548e-02, 6.097479e-02, 9.820709e-02, 8.570509e-01, -6.567211e-01, -2.965917e+00, 7.329332e-01, -1.700517e+00, 7.174953e-10, 5.399931e-10, 9.537146e-10, 4.634284e-10, 5.783689e+01, 1.319205e-01
2.765000e+03, 8.482747e-02, 6.094053e-02, 9.953114e-02, 8.569476e-01, -6.738521e-01, -2.978809e+00, 7.101622e-01, -1.711582e+00, 7.205396e-10, 5.382409e-10, 9.418358e-10, 4.633752e-10, 5.812586e+01, 1.303355e-01
2.768800e+03, 8.449174e-02, 6.090407e-02, 1.008575e-01, 8.568447e-01, -6.910557e-01, -2.991661e+00, 6.876748e-01, -1.722646e+00, 7.237573e-10, 5.364395e-10, 9.303631e-10, 4.632976e-10, 5.841460e+01, 1.286385e-01
2.772600e+03, 8.414852e-02, 6.086543e-02, 1.021855e-01, 8.567398e-01, -7.083363e-01, -3.004469e+00, 6.654614e-01, -1.733708e+00, 7.269689e-10, 5.346128e-10, 9.193785e-10, 4.632232e-10, 5.870294e+01, 1.268302e-01
2.776400e+03, 8.379799e-02, 6.082463e-02, 1.035146e-01, 8.566338e-01, -7.256934e-01, -3.017233e+00, 6.435102e-01, -1.744768e+00, 7.302775e-10, 5.327518e-10, 9.087426e-10, 4.631505e-10, 5.899072e+01, 1.249107e-01
2.780200e+03, 8.344022e-02, 6.078178e-02, 1.048443e-01, 8.565272e-01, -7.431296e-01, -3.029953e+00, 6.218130e-01, -1.755826e+00, 7.337229e-10, 5.308502e-10, 8.985975e-10, 4.630873e-10, 5.927778e+01, 1.228809e-01
2.784000e+03, 8.307535e-02, 6.073689e-02, 1.061740e-01, 8.564199e-01, -7.606481e-01, -3.042628e+00, 6.003579e-01, -1.766882e+00, 7.371997e-10, 5.289260e-10, 8.887793e-10, 4.629862e-10, 5.956397e+01, 1.207410e-01
2.787800e+03, 8.270341e-02, 6.068995e-02, 1.075033e-01, 8.563114e-01, -7.782495e-01, -3.055256e+00, 5.791374e-01, -1.777937e+00, 7.408177e-10, 5.269680e-10, 8.793367e-10, 4.628959e-10, 5.984911e+01, 1.184918e-01
2.791600e+03, 8.232467e-02, 6.064106e-02, 1.088315e-01, 8.562013e-01, -7.959374e-01, -3.067838e+00, 5.581422e-01, -1.788989e+00, 7.444699e-10, 5.249704e-10, 8.702695e-10, 4.628425e-10, 6.013301e+01, 1.161336e-01
2.795400e+03, 8.193914e-02, 6.059031e-02, 1.101584e-01, 8.560916e-01, -8.137124e-01, -3.080373e+00, 5.373636e-01, -1.800040e+00, 7.483026e-10, 5.229519e-10, 8.615694e-10, 4.627617e-10, 6.041551e+01, 1.136674e-01
2.799200e+03, 8.154699e-02, 6.053767e-02, 1.114834e-01, 8.559807e-01, -8.315790e-01, -3.092859e+00, 5.167927e-01, -1.811089e+00, 7.522067e-10, 5.208967e-10, 8.531477e-10, 4.626798e-10, 6.069645e+01, 1.110937e-01
2.803000e+03, 8.114841e-02, 6.048314e-02, 1.128060e-01, 8.558693e-01, -8.495387e-01, -3.105296e+00, 4.964228e-01, -1.822136e+00, 7.561867e-10, 5.188063e-10, 8.449870e-10, 4.625607e-10, 6.097561e+01, 1.084135e-01
2.806800e+03, 8.074347e-02, 6.042687e-02, 1.141258e-01, 8.557567e-01, -8.675935e-01, -3.117683e+00, 4.762478e-01, -1.833180e+00, 7.603133e-10, 5.166850e-10, 8.373414e-10, 4.625338e-10, 6.125280e+01, 1.056277e-01
2.810600e+03, 8.033237e-02, 6.036894e-02, 1.154428e-01, 8.556442e-01, -8.857468e-01, -3.130019e+00, 4.562554e-01, -1.844223e+00, 7.644812e-10, 5.145364e-10, 8.297142e-10, 4.623891e-10, 6.152794e+01, 1.027368e-01
2.814400e+03, 7.991518e-02, 6.030932e-02, 1.167557e-01, 8.555296e-01, -9.039997e-01, 3.140881e+00, 4.364450e-01, -1.855263e+00, 7.688307e-10, 5.123547e-10, 8.225520e-10, 4.623552e-10, 6.180067e+01, 9.974212e-02
2.818200e+03, 7.949217e-02, 6.024805e-02, 1.180649e-01, 8.554162e-01, -9.223563e-01, 3.128648e+00, 4.168057e-01, -1.866303e+00, 7.732989e-10, 5.101420e-10, 8.156781e-10, 4.622652e-10, 6.207094e+01, 9.664455e-02
2.822000e+03, 7.906341e-02, 6.018520e-02, 1.193703e-01, 8.553012e-01, -9.408197e-01, 3.116468e+00, 3.973305e-01, -1.877340e+00, 7.778341e-10, 5.078982e-10, 8.089251e-10, 4.621570e-10, 6.233857e+01, 9.344507e-02
2.825800e+03, 7.862918e-02, 6.012091e-02, 1.206705e-01, 8.551860e-01, -9.593914e-01, 3.104341e+00, 3.780165e-01, -1.888374e+00, 7.825364e-10, 5.056153e-10, 8.024372e-10, 4.621054e-10, 6.260325e+01, 9.014483e-02
2.829600e+03, 7.818947e-02, 6.005514e-02, 1.219653e-01, 8.550706e-01, -9.780753e-01, 3.092269e+00, 3.588574e-01, -1.899408e+00, 7.873088e-10, 5.033182e-10, 7.963215e-10, 4.619719e-10, 6.286479e+01, 8.674499e-02
2.833400e+03, 7.774453e-02, 5.998792e-02, 1.232554e-01, 8.549539e-01, -9.968731e-01, 3.080252e+00, 3.398444e-01, -1.910438e+00, 7.922240e-10, 5.009834e-10, 7.902996e-10, 4.619259e-10, 6.312313e+01, 8.324677e-02
2.837200e+03, 7.729461e-02, 5.991941e-02, 1.245394e-01, 8.548371e-01, -1.015788e+00, 3.068290e+00, 3.209751e-01, -1.921467e+00, 7.973468e-10, 4.986095e-10, 7.846261e-10, 4.618273e-10, 6.337795e+01, 7.965155e-02
2.841000e+03, 7.683978e-02, 5.984963e-02, 1.258181e-01, 8.547204e-01, -1.034826e+00, 3.056385e+00, 3.022413e-01, -1.932493e+00, 8.024954e-10, 4.962136e-10, 7.790217e-10, 4.617392e-10, 6.362917e+01, 7.596055e-02
2.844800e+03, 7.638028e-02, 5.977873e-02, 1.270902e-01, 8.546033e-01, -1.053986e+00, 3.044538e+00, 2.836413e-01, -1.943518e+00, 8.078383e-10, 4.937903e-10, 7.736601e-10, 4.616624e-10, 6.387648e+01, 7.217541e-02
2.848600e+03, 7.591629e-02, 5.970653e-02, 1.283553e-01, 8.544853e-01, -1.073274e+00, 3.032748e+00, 2.651693e-01, -1.954541e+00, 8.132809e-10, 4.913436e-10, 7.685861e-10, 4.615602e-10, 6.411966e+01, 6.829737e-02
2.852400e+03, 7.544808e-02, 5.963327e-02, 1.296140e-01, 8.543678e-01, -1.092692e+00, 3.021016e+00, 2.468184e-01, -1.965561e+00, 8.189469e-10, 4.888444e-10, 7.635646e-10, 4.614876e-10, 6.435865e+01, 6.432791e-02
2.856200e+03, 7.497566e-02, 5.955907e-02, 1.308651e-01, 8.542495e-01, -1.112246e+00, 3.009345e+00, 2.285875e-01, -1.976579e+00, 8.246923e-10, 4.863408e-10, 7.588472e-10, 4.614078e-10, 6.459311e+01, 6.026892e-02
2.860000e+03, 7.449942e-02, 5.948387e-02, 1.321093e-01, 8.541308e-01, -1.131936e+00, 2.997733e+00, 2.104692e-01, -1.987596e+00, 8.305901e-10, 4.837966e-10, 7.541951e-10, 4.612993e-10, 6.482295e+01, 5.612172e-02
2.863800e+03, 7.401954e-02, 5.940778e-02, 1.333450e-01, 8.540129e-01, -1.151767e+00, 2.986182e+00, 1.924619e-01, -1.998610e+00, 8.366439e-10, 4.812308e-10, 7.497730e-10, 4.612219e-10, 6.504785e+01, 5.188823e-02
2.867600e+03, 7.353619e-02, 5.933084e-02, 1.345731e-01, 8.538945e-01, -1.171743e+00, 2.974692e+00, 1.745603e-01, -2.009622e+00, 8.428787e-10, 4.786134e-10, 7.455097e-10, 4.611359e-10, 6.526771e+01, 4.757023e-02
2.871400e+03, 7.304963e-02, 5.925316e-02, 1.357931e-01, 8.537760e-01, -1.191868e+00, 2.963264e+00, 1.567604e-01, -2.020632e+00, 8.492753e-10, 4.760275e-10, 7.414072e-10, 4.610403e-10, 6.548233e+01, 4.316949e-02
2.875200e+03, 7.256001e-02, 5.917478e-02, 1.370045e-01, 8.536576e-01, -1.212145e+00, 2.951899e+00, 1.390585e-01, -2.031640e+00, 8.558228e-10, 4.733582e-10, 7.374075e-10, 4.609565e-10, 6.569149e+01, 3.868783e-02
2.879000e+03, 7.206771e-02, 5.909580e-02, 1.382071e-01, 8.535390e-01, -1.232579e+00, 2.940597e+00, 1.214521e-01, -2.042646e+00, 8.624616e-10, 4.707250e-10, 7.335744e-10, 4.608629e-10, 6.589497e+01, 3.412747e-02
2.882800e+03, 7.157279e-02, 5.901627e-02, 1.394003e-01, 8.534204e-01, -1.253171e+00, 2.929358e+00, 1.039372e-01, -2.053650e+00, 8.693813e-10, 4.679543e-10, 7.299365e-10, 4.608250e-10, 6.609257e+01, 2.949028e-02
2.886600e+03, 7.107563e-02, 5.893638e-02, 1.405847e-01, 8.533017e-01, -1.273929e+00, 2.918185e+00, 8.650914e-02, -2.064652e+00, 8.764334e-10, 4.653106e-10, 7.263667e-10, 4.606668e-10, 6.628420e+01, 2.477814e-02
2.890400e+03, 7.057648e-02, 5.885599e-02, 1.417600e-01, 8.531831e-01, -1.294854e+00, 2.907075e+00, 6.916633e-02, -2.075651e+00, 8.836769e-10, 4.625197e-10, 7.229533e-10, 4.606067e-10, 6.646964e+01, 1.999358e-02
2.894200e+03, 7.007554e-02, 5.877529e-02, 1.429255e-01, 8.530652e-01, -1.315953e+00, 2.896032e+00, 5.190502e-02, -2.086649e+00, 8.910718e-10, 4.597978e-10, 7.196613e-10, 4.605344e-10, 6.664868e+01, 1.513855e-02
2.898000e+03, 6.957313e-02, 5.869444e-02, 1.440818e-01, 8.529480e-01, -1.337228e+00, 2.885054e+00, 3.472231e-02, -2.097644e+00, 8.986752e-10, 4.569499e-10, 7.164728e-10, 4.604573e-10, 6.682125e+01, 1.021542e-02
2.901800e+03, 6.906954e-02, 5.861342e-02, 1.452265e-01, 8.528298e-01, -1.358685e+00, 2.874143e+00, 1.761574e-02, -2.108638e+00, 9.064170e-10, 4.541800e-10, 7.134232e-10, 4.603608e-10, 6.698684e+01, 5.226463e-03
2.905600e+03, 6.856496e-02, 5.853229e-02, 1.463620e-01, 8.527129e-01, -1.380327e+00, 2.863299e+00, 5.819700e-04, -2.119630e+00, 9.143218e-10, 4.513264e-10, 7.104771e-10, 4.602606e-10, 6.714568e+01, 1.740858e-04
2.909400e+03, 6.805979e-02, 5.845116e-02, 1.474868e-01, 8.525954e-01, -1.402157e+00, 2.852523e+00, -1.638145e-02, -2.130619e+00, 9.225165e-10, 4.485414e-10, 7.076364e-10, 4.601639e-10, 6.729739e+01, -4.939282e-03
2.913200e+03, 6.755425e-02, 5.837010e-02, 1.486013e-01, 8.524789e-01, -1.424184e+00, 2.841814e+00, -3.327705e-02, -2.141606e+00, 9.308353e-10, 4.456404e-10, 7.049049e-10, 4.601213e-10, 6.744192e+01, -1.011114e-02
2.917000e+03, 6.704873e-02, 5.828929e-02, 1.497049e-01, 8.523632e-01, -1.446408e+00, 2.831174e+00, -5.010744e-02, -2.152592e+00, 9.393473e-10, 4.427509e-10, 7.022906e-10, 4.600106e-10, 6.757906e+01, -1.533897e-02
2.920800e+03, 6.654349e-02, 5.820869e-02, 1.507971e-01, 8.522467e-01, -1.468836e+00, 2.820603e+00, -6.687540e-02, -2.163575e+00, 9.480558e-10, 4.398258e-10, 6.997456e-10, 4.599135e-10, 6.770860e+01, -2.062024e-02
2.924600e+03, 6.603876e-02, 5.812843e-02, 1.518782e-01, 8.521322e-01, -1.491472e+00, 2.810101e+00, -8.358260e-02, -2.174556e+00, 9.569628e-10, 4.369268e-10, 6.972996e-10, 4.598450e-10, 6.783047e+01, -2.595214e-02
2.928400e+03, 6.553508e-02, 5.804865e-02, 1.529476e-01, 8.520170e-01, -1.514321e+00, 2.799669e+00, -1.002314e-01, -2.185536e+00, 9.660529e-10, 4.340041e-10, 6.949497e-10, 4.597756e-10, 6.794449e+01, -3.133193e-02
2.932200e+03, 6.503259e-02, 5.796941e-02, 1.540067e-01, 8.519025e-01, -1.537386e+00, 2.789307e+00, -1.168241e-01, -2.196513e+00, 9.753432e-10, 4.311223e-10, 6.927328e-10, 4.596917e-10, 6.805073e+01, -3.675724e-02
2.936000e+03, 6.453181e-02, 5.789076e-02, 1.550528e-01, 8.517889e-01, -1.560674e+00, 2.779013e+00, -1.333638e-01, -2.207489e+00, 9.848179e-10, 4.281424e-10, 6.905330e-10, 4.595928e-10, 6.814872e+01, -4.222504e-02
2.939800e+03, 6.403294e-02, 5.781272e-02, 1.560872e-01, 8.516764e-01, -1.584187e+00, 2.768791e+00, -1.498511e-01, -2.218462e+00, 9.944884e-10, 4.251423e-10, 6.884511e-10, 4.595389e-10, 6.823856e+01, -4.773231e-02
2.943600e+03, 6.353640e-02, 5.773555e-02, 1.571102e-01, 8.515634e-01, -1.607932e+00, 2.758640e+00, -1.662886e-01, -2.229434e+00, 1.004339e-09, 4.222630e-10, 6.864713e-10, 4.594110e-10, 6.832019e+01, -5.327664e-02
2.947400e+03, 6.304260e-02, 5.765925e-02, 1.581200e-01, 8.514515e-01, -1.631911e+00, 2.748558e+00, -1.826789e-01, -2.240403e+00, 1.014383e-09, 4.192450e-10, 6.845432e-10, 4.593675e-10, 6.839330e+01, -5.885473e-02
2.951200e+03, 6.255191e-02, 5.758393e-02, 1.591180e-01, 8.513400e-01, -1.656131e+00, 2.738548e+00, -1.990231e-01, -2.251371e+00, 1.024616e-09, 4.162166e-10, 6.827056e-10, 4.592780e-10, 6.845800e+01, -6.446395e-02
2.955000e+03, 6.206464e-02, 5.750975e-02, 1.601032e-01, 8.512296e-01, -1.680595e+00, 2.728611e+00, -2.153235e-01, -2.262337e+00, 1.035001e-09, 4.133273e-10, 6.809361e-10, 4.592102e-10, 6.851411e+01, -7.010120e-02
2.958800e+03, 6.158136e-02, 5.743666e-02, 1.610760e-01, 8.511211e-01, -1.705307e+00, 2.718742e+00, -2.315816e-01, -2.273301e+00, 1.045584e-09, 4.103230e-10, 6.791803e-10, 4.591152e-10, 6.856161e+01, -7.576359e-02
2.962600e+03, 6.110234e-02, 5.736486e-02, 1.620364e-01, 8.510117e-01, -1.730271e+00, 2.708945e+00, -2.477977e-01, -2.284263e+00, 1.056336e-09, 4.073238e-10, 6.776454e-10, 4.590854e-10, 6.860047e+01, -8.144784e-02
2.966400e+03, 6.062805e-02, 5.729445e-02, 1.629827e-01, 8.509040e-01, -1.755492e+00, 2.699220e+00, -2.639773e-01, -2.295224e+00, 1.067204e-09, 4.044238e-10, 6.760244e-10, 4.589654e-10, 6.863041e+01, -8.715119e-02
2.970200e+03, 6.015885e-02, 5.722547e-02, 1.639170e-01, 8.507968e-01, -1.780973e+00, 2.689564e+00, -2.801181e-01, -2.306182e+00, 1.078270e-09, 4.014244e-10, 6.745591e-10, 4.589025e-10, 6.865168e+01, -9.287059e-02
2.974000e+03, 5.969520e-02, 5.715804e-02, 1.648374e-01, 8.506915e-01, -1.806718e+00, 2.679979e+00, -2.962239e-01, -2.317139e+00, 1.089456e-09, 3.983853e-10, 6.731703e-10, 4.588202e-10, 6.866402e+01, -9.860268e-02
2.977800e+03, 5.923763e-02, 5.709235e-02, 1.657440e-01, 8.505865e-01, -1.832730e+00, 2.670467e+00, -3.122966e-01, -2.328094e+00, 1.100762e-09, 3.954672e-10, 6.717747e-10, 4.587582e-10, 6.866741e+01, -1.043446e-01
2.981600e+03, 5.878659e-02, 5.702834e-02, 1.666377e-01, 8.504825e-01, -1.859012e+00, 2.661025e+00, -3.283360e-01, -2.339047e+00, 1.112198e-09, 3.926012e-10, 6.704553e-10, 4.586801e-10, 6.866201e+01, -1.100933e-01
2.985400e+03, 5.834241e-02, 5.696617e-02, 1.675178e-01, 8.503794e-01, -1.885567e+00, 2.651651e+00, -3.443438e-01, -2.349999e+00, 1.123779e-09, 3.895829e-10, 6.692327e-10, 4.586208e-10, 6.864769e+01, -1.158455e-01
2.989200e+03, 5.790563e-02, 5.690605e-02, 1.683841e-01, 8.502765e-01, -1.912398e+00, 2.642350e+00, -3.603225e-01, -2.360949e+00, 1.135348e-09, 3.867768e-10, 6.680361e-10, 4.585444e-10, 6.862447e+01, -1.215983e-01
2.993000e+03, 5.747673e-02, 5.684792e-02, 1.692367e-01, 8.501766e-01, -1.939506e+00, 2.633115e+00, -3.762726e-01, -2.371897e+00, 1.147117e-09, 3.838098e-10, 6.669839e-10, 4.584881e-10, 6.859236e+01, -1.273485e-01
2.996800e+03, 5.705616e-02, 5.679200e-02, 1.700745e-01, 8.500759e-01, -1.966895e+00, 2.623951e+00, -3.921976e-01, -2.382844e+00, 1.158838e-09, 3.809770e-10, 6.658725e-10, 4.584130e-10, 6.855127e+01, -1.330930e-01
3.000600e+03, 5.664439e-02, 5.673840e-02, 1.708985e-01, 8.499773e-01, -1.994563e+00, 2.614855e+00, -4.080960e-01, -2.393789e+00, 1.170594e-09, 3.780844e-10, 6.648587e-10, 4.583200e-10, 6.850135e+01, -1.388285e-01
3.004400e+03, 5.624201e-02, 5.668709e-02, 1.717086e-01, 8.498805e-01, -2.022512e+00, 2.605828e+00, -4.239703e-01, -2.404732e+00, 1.182421e-09, 3.752833e-10, 6.639356e-10, 4.582831e-10, 6.844267e+01, -1.445524e-01
3.008200e+03, 5.584942e-02, 5.663828e-02, 1.725036e-01, 8.497841e-01, -2.050744e+00, 2.596867e+00, -4.398225e-01, -2.415674e+00, 1.194204e-09, 3.725434e-10, 6.629314e-10, 4.582260e-10, 6.837511e+01, -1.502610e-01
3.012000e+03, 5.546706e-02, 5.659204e-02, 1.732855e-01, 8.496894e-01, -2.079257e+00, 2.587972e+00, -4.556507e-01, -2.426615e+00, 1.205973e-09, 3.696581e-10, 6.622393e-10, 4.581573e-10, 6.829901e+01, -1.559519e-01
3.015800e+03, 5.509564e-02, 5.654852e-02, 1.740511e-01, 8.495947e-01, -2.108051e+00, 2.579146e+00, -4.714624e-01, -2.437554e+00, 1.217680e-09, 3.670323e-10, 6.613117e-10, 4.581304e-10, 6.821401e+01, -1.616215e-01
3.019600e+03, 5.473547e-02, 5.650773e-02, 1.748031e-01, 8.495029e-01, -2.137124e+00, 2.570383e+00, -4.872519e-01, -2.448492e+00, 1.229245e-09, 3.642761e-10, 6.605550e-10, 4.579913e-10, 6.812058e+01, -1.672670e-01
3.023400e+03, 5.438718e-02, 5.646997e-02, 1.755403e-01, 8.494114e-01, -2.166474e+00, 2.561686e+00, -5.030234e-01, -2.459427e+00, 1.240703e-09, 3.616903e-10, 6.599632e-10, 4.579677e-10, 6.801866e+01, -1.728856e-01
3.027200e+03, 5.405105e-02, 5.643507e-02, 1.762618e-01, 8.493217e-01, -2.196097e+00, 2.553050e+00, -5.187808e-01, -2.470362e+00, 1.252098e-09, 3.590284e-10, 6.592309e-10, 4.579658e-10, 6.790817e+01, -1.784739e-01
3.031000e+03, 5.372791e-02, 5.640337e-02, 1.769689e-01, 8.492330e-01, -2.225992e+00, 2.544478e+00, -5.345206e-01, -2.481296e+00, 1.263264e-09, 3.564926e-10, 6.586686e-10, 4.578695e-10, 6.778946e+01, -1.840294e-01
3.034800e+03, 5.341797e-02, 5.637481e-02, 1.776605e-01, 8.491462e-01, -2.256154e+00, 2.535966e+00, -5.502471e-01, -2.492228e+00, 1.274108e-09, 3.539560e-10, 6.580403e-10, 4.577953e-10, 6.766248e+01, -1.895489e-01
3.038600e+03, 5.312181e-02, 5.634957e-02, 1.783372e-01, 8.490605e-01, -2.286575e+00, 2.527515e+00, -5.659585e-01, -2.503159e+00, 1.284920e-09, 3.514570e-10, 6.576567e-10, 4.577742e-10, 6.752744e+01, -1.950295e-01
3.042400e+03, 5.284000e-02, 5.632776e-02, 1.789980e-01, 8.489758e-01, -2.317254e+00, 2.519124e+00, -5.816608e-01, -2.514088e+00, 1.295210e-09, 3.490967e-10, 6.570216e-10, 4.576853e-10, 6.738429e+01, -2.004686e-01
3.046200e+03, 5.257296e-02, 5.630946e-02, 1.796439e-01, 8.488939e-01, -2.348178e+00, 2.510789e+00, -5.973479e-01, -2.525016e+00, 1.305340e-09, 3.467092e-10, 6.566959e-10, 4.576998e-10, 6.723339e+01, -2.058628e-01
3.050000e+03, 5.232111e-02, 5.629473e-02, 1.802741e-01, 8.488126e-01, -2.379345e+00, 2.502510e+00, -6.130272e-01, -2.535944e+00, 1.315052e-09, 3.444115e-10, 6.562486e-10, 4.576175e-10, 6.707471e+01, -2.112102e-01
3.053800e+03, 5.208489e-02, 5.628375e-02, 1.808888e-01, 8.487329e-01, -2.410743e+00, 2.494287e+00, -6.286959e-01, -2.546870e+00, 1.324355e-09, 3.422447e-10, 6.559475e-10, 4.575190e-10, 6.690846e+01, -2.165075e-01
3.057600e+03, 5.186490e-02, 5.627662e-02, 1.814879e-01, 8.486544e-01, -2.442363e+00, 2.486116e+00, -6.443574e-01, -2.557794e+00, 1.333290e-09, 3.399846e-10, 6.556540e-10, 4.575683e-10, 6.673475e+01, -2.217524e-01
3.061400e+03, 5.166135e-02, 5.627334e-02, 1.820718e-01, 8.485782e-01, -2.474197e+00, 2.477998e+00, -6.600118e-01, -2.568719e+00, 1.341742e-09, 3.379102e-10, 6.554693e-10, 4.574642e-10, 6.655381e+01, -2.269430e-01
3.065200e+03, 5.147479e-02, 5.627409e-02, 1.826390e-01, 8.485033e-01, -2.506233e+00, 2.469930e+00, -6.756619e-01, -2.579642e+00, 1.349619e-09, 3.359129e-10, 6.551557e-10, 4.574547e-10, 6.636560e+01, -2.320752e-01
3.069000e+03, 5.130563e-02, 5.627907e-02, 1.831909e-01, 8.484291e-01, -2.538456e+00, 2.461910e+00, -6.913044e-01, -2.590564e+00, 1.357023e-09, 3.339570e-10, 6.549941e-10, 4.573716e-10, 6.617050e+01, -2.371471e-01
3.072800e+03, 5.115415e-02, 5.628806e-02, 1.837270e-01, 8.483572e-01, -2.570857e+00, 2.453936e+00, -7.069432e-01, -2.601484e+00, 1.363836e-09, 3.320379e-10, 6.548176e-10, 4.573820e-10, 6.596861e+01, -2.421567e-01
3.076600e+03, 5.102075e-02, 5.630149e-02, 1.842466e-01, 8.482870e-01, -2.603420e+00, 2.446009e+00, -7.225776e-01, -2.612405e+00, 1.370053e-09, 3.302728e-10, 6.546563e-10, 4.573339e-10, 6.576003e+01, -2.471001e-01
3.080400e+03, 5.090569e-02, 5.631926e-02, 1.847499e-01, 8.482187e-01, -2.636131e+00, 2.438123e+00, -7.382083e-01, -2.623324e+00, 1.375732e-09, 3.285665e-10, 6.548251e-10, 4.572703e-10, 6.554501e+01, -2.519755e-01
3.084200e+03, 5.080935e-02, 5.634146e-02, 1.852375e-01, 8.481517e-01, -2.668979e+00, 2.430278e+00, -7.538430e-01, -2.634242e+00, 1.380656e-09, 3.269732e-10, 6.546741e-10, 4.572826e-10, 6.532364e+01, -2.567831e-01
3.088000e+03, 5.073207e-02, 5.636823e-02, 1.857084e-01, 8.480870e-01, -2.701943e+00, 2.422471e+00, -7.694740e-01, -2.645160e+00, 1.384882e-09, 3.253783e-10, 6.545401e-10, 4.572123e-10, 6.509616e+01, -2.615169e-01
3.091800e+03, 5.067388e-02, 5.639960e-02, 1.861628e-01, 8.480236e-01, -2.735009e+00, 2.414702e+00, -7.851019e-01, -2.656076e+00, 1.388462e-09, 3.239470e-10, 6.547371e-10, 4.571942e-10, 6.486282e+01, -2.661754e-01
3.095600e+03, 5.063515e-02, 5.643579e-02, 1.866013e-01, 8.479616e-01, -2.768160e+00, 2.406968e+00, -8.007345e-01, -2.666992e+00, 1.391306e-09, 3.226146e-10, 6.549421e-10, 4.571844e-10, 6.462371e+01, -2.707588e-01
3.099400e+03, 5.061604e-02, 5.647681e-02, 1.870240e-01, 8.479013e-01, -2.801379e+00, 2.399265e+00, -8.163719e-01, -2.677908e+00, 1.393433e-09, 3.213264e-10, 6.550165e-10, 4.571373e-10, 6.437906e+01, -2.752653e-01
3.103200e+03, 5.061676e-02, 5.652263e-02, 1.874292e-01, 8.478437e-01, -2.834649e+00, 2.391593e+00, -8.320112e-01, -2.688823e+00, 1.394808e-09, 3.202448e-10, 6.549498e-10, 4.571428e-10, 6.412898e+01, -2.796892e-01
3.107000e+03, 5.063735e-02, 5.657343e-02, 1.878178e-01, 8.477864e-01, -2.867951e+00, 2.383947e+00, -8.476488e-01, -2.699738e+00, 1.395516e-09, 3.191561e-10, 6.555287e-10, 4.570882e-10, 6.387383e+01, -2.840291e-01
3.110800e+03, 5.067781e-02, 5.662937e-02, 1.881902e-01, 8.477317e-01, -2.901271e+00, 2.376327e+00, -8.633003e-01, -2.710651e+00, 1.395378e-09, 3.181583e-10, 6.553509e-10, 4.570639e-10, 6.361357e+01, -2.882872e-01
3.114600e+03, 5.073843e-02, 5.669038e-02, 1.885457e-01, 8.476786e-01, -2.934587e+00, 2.368730e+00, -8.789475e-01, -2.721564e+00, 1.394518e-09, 3.173585e-10, 6.559937e-10, 4.571111e-10, 6.334870e+01, -2.924561e-01
3.118400e+03, 5.081901e-02, 5.675648e-02, 1.888841e-01, 8.476279e-01, -2.967882e+00, 2.361153e+00, -8.946101e-01, -2.732478e+00, 1.392937e-09, 3.166501e-10, 6.559988e-10, 4.570146e-10, 6.307904e+01, -2.965380e-01
3.122200e+03, 5.091972e-02, 5.682789e-02, 1.892066e-01, 8.475781e-01, -3.001140e+00, 2.353593e+00, -9.102728e-01, -2.743390e+00, 1.390616e-09, 3.159781e-10, 6.566807e-10, 4.570543e-10, 6.280520e+01, -3.005297e-01
3.126000e+03, 5.104037e-02, 5.690459e-02, 1.895124e-01, 8.475306e-01, -3.034343e+00, 2.346048e+00, -9.259518e-01, -2.754302e+00, 1.387575e-09, 3.153938e-10, 6.567677e-10, 4.569885e-10, 6.252701e+01, -3.044314e-01
3.129800e+03, 5.118102e-02, 5.698665e-02, 1.898011e-01, 8.474856e-01, -3.067473e+00, 2.338518e+00, -9.416328e-01, -2.765214e+00, 1.383824e-09, 3.150523e-10, 6.573706e-10, 4.570478e-10, 6.224494e+01, -3.082379e-01
3.133600e+03, 5.134141e-02, 5.707407e-02, 1.900725e-01, 8.474415e-01, -3.100513e+00, 2.330996e+00, -9.573283e-01, -2.776126e+00, 1.379406e-09, 3.147417e-10, 6.576989e-10, 4.569748e-10, 6.195895e+01, -3.119495e-01
3.137400e+03, 5.152151e-02, 5.716701e-02, 1.903264e-01, 8.473996e-01, -3.133448e+00, 2.323481e+00, -9.730316e-01, -2.787037e+00, 1.374318e-09, 3.145659e-10, 6.583046e-10, 4.569991e-10, 6.166937e+01, -3.155629e-01
3.141200e+03, 5.172114e-02, 5.726547e-02, 1.905645e-01, 8.473596e-01, 3.116924e+00, 2.315970e+00, -9.887493e-01, -2.797948e+00, 1.368595e-09, 3.145240e-10, 6.586938e-10, 4.570120e-10, 6.137639e+01, -3.190806e-01
3.145000e+03, 5.194008e-02, 5.736949e-02, 1.907852e-01, 8.473208e-01, 3.084247e+00, 2.308461e+00, -1.004476e+00, -2.808860e+00, 1.362271e-09, 3.145117e-10, 6.592554e-10, 4.569834e-10, 6.108022e+01, -3.224972e-01
3.148800e+03, 5.217807e-02, 5.747909e-02, 1.909891e-01, 8.472839e-01, 3.051722e+00, 2.300951e+00, -1.020217e+00, -2.819771e+00, 1.355361e-09, 3.147335e-10, 6.599249e-10, 4.569742e-10, 6.078103e+01, -3.258135e-01
3.152600e+03, 5.243502e-02, 5.759430e-02, 1.911761e-01, 8.472502e-01, 3.019361e+00, 2.293437e+00, -1.035973e+00, -2.830682e+00, 1.347937e-09, 3.149343e-10, 6.605743e-10, 4.569852e-10, 6.047896e+01, -3.290278e-01
3.156400e+03, 5.271037e-02, 5.771510e-02, 1.913462e-01, 8.472177e-01, 2.987177e+00, 2.285917e+00, -1.051745e+00, -2.841593e+00, 1.339952e-09, 3.153585e-10, 6.611374e-10, 4.570011e-10, 6.017424e+01, -3.321390e-01
3.160200e+03, 5.300413e-02, 5.784167e-02, 1.914985e-01, 8.471868e-01, 2.955185e+00, 2.278388e+00, -1.067531e+00, -2.852504e+00, 1.331527e-09, 3.159156e-10, 6.619749e-10, 4.569739e-10, 5.986706e+01, -3.351436e-01
3.164000e+03, 5.331579e-02, 5.797394e-02, 1.916346e-01, 8.471580e-01, 2.923393e+00, 2.270845e+00, -1.083336e+00, -2.863415e+00, 1.322636e-09, 3.164950e-10, 6.625719e-10, 4.570323e-10, 5.955757e+01, -3.380441e-01
3.167800e+03, 5.364496e-02, 5.811196e-02, 1.917528e-01, 8.471300e-01, 2.891813e+00, 2.263288e+00, -1.099156e+00, -2.874327e+00, 1.313402e-09, 3.172068e-10, 6.634572e-10, 4.570253e-10, 5.924600e+01, -3.408355e-01
3.171600e+03, 5.399149e-02, 5.825566e-02, 1.918546e-01, 8.471056e-01, 2.860455e+00, 2.255715e+00, -1.114996e+00, -2.885239e+00, 1.303756e-09, 3.181411e-10, 6.642139e-10, 4.570308e-10, 5.893249e+01, -3.435201e-01
3.175400e+03, 5.435482e-02, 5.840512e-02, 1.919391e-01, 8.470820e-01, 2.829326e+00, 2.248119e+00, -1.130855e+00, -2.896151e+00, 1.293754e-09, 3.190481e-10, 6.650263e-10, 4.570050e-10, 5.861725e+01, -3.460947e-01
3.179200e+03, 5.473468e-02, 5.856034e-02, 1.920060e-01, 8.470604e-01, 2.798436e+00, 2.240501e+00, -1.146733e+00, -2.907063e+00, 1.283482e-09, 3.200847e-10, 6.659264e-10, 4.570783e-10, 5.830043e+01, -3.485578e-01
3.183000e+03, 5.513058e-02, 5.872128e-02, 1.920561e-01, 8.470408e-01, 2.767792e+00, 2.232859e+00, -1.162633e+00, -2.917976e+00, 1.273028e-09, 3.213369e-10, 6.668621e-10, 4.570475e-10, 5.798222e+01, -3.509102e-01
3.186800e+03, 5.554215e-02, 5.888803e-02, 1.920893e-01, 8.470229e-01, 2.737397e+00, 2.225186e+00, -1.178555e+00, -2.928888e+00, 1.262192e-09, 3.225722e-10, 6.677183e-10, 4.571268e-10, 5.766278e+01, -3.531504e-01
3.190600e+03, 5.596895e-02, 5.906048e-02, 1.921043e-01, 8.470073e-01, 2.707260e+00, 2.217485e+00, -1.194498e+00, -2.939803e+00, 1.251253e-09, 3.240190e-10, 6.688407e-10, 4.571016e-10, 5.734228e+01, -3.552751e-01
3.194400e+03, 5.641055e-02, 5.923875e-02, 1.921038e-01, 8.469938e-01, 2.677385e+00, 2.209748e+00, -1.210467e+00, -2.950716e+00, 1.240180e-09, 3.255622e-10, 6.698074e-10, 4.571187e-10, 5.702088e+01, -3.572887e-01
3.198200e+03, 5.686646e-02, 5.942261e-02, 1.920855e-01, 8.469813e-01, 2.647775e+00, 2.201975e+00, -1.226459e+00, -2.961631e+00, 1.228941e-09, 3.271004e-10, 6.708115e-10, 4.571969e-10, 5.669875e+01, -3.591860e-01
3.202000e+03, 5.733635e-02, 5.961230e-02, 1.920493e-01, 8.469709e-01, 2.618432e+00, 2.194165e+00, -1.242476e+00, -2.972547e+00, 1.217579e-09, 3.288906e-10, 6.719524e-10, 4.571718e-10, 5.637605e+01, -3.609655e-01
3.205800e+03, 5.781964e-02, 5.980756e-02, 1.919966e-01, 8.469622e-01, 2.589361e+00, 2.186313e+00, -1.258519e+00, -2.983462e+00, 1.206221e-09, 3.306485e-10, 6.731032e-10, 4.572058e-10, 5.605293e+01, -3.626296e-01
3.209600e+03, 5.831591e-02, 6.000842e-02, 1.919273e-01, 8.469560e-01, 2.560561e+00, 2.178418e+00, -1.274590e+00, -2.994379e+00, 1.194793e-09, 3.325669e-10, 6.742918e-10, 4.572767e-10, 5.572955e+01, -3.641770e-01
3.213400e+03, 5.882478e-02, 6.021498e-02, 1.918408e-01, 8.469506e-01, 2.532034e+00, 2.170478e+00, -1.290690e+00, -3.005297e+00, 1.183309e-09, 3.345830e-10, 6.754630e-10, 4.572660e-10, 5.540605e+01, -3.656061e-01
3.217200e+03, 5.934570e-02, 6.042704e-02, 1.917369e-01, 8.469482e-01, 2.503782e+00, 2.162489e+00, -1.306817e+00, -3.016214e+00, 1.171875e-09, 3.367183e-10, 6.766988e-10, 4.573379e-10, 5.508259e+01, -3.669154e-01
3.221000e+03, 5.987829e-02, 6.064461e-02, 1.916161e-01, 8.469468e-01, 2.475802e+00, 2.154450e+00, -1.322974e+00, -3.027134e+00, 1.160403e-09, 3.388752e-10, 6.780362e-10, 4.573643e-10, 5.475932e+01, -3.681054e-01
3.224800e+03, 6.042206e-02, 6.086772e-02, 1.914789e-01, 8.469477e-01, 2.448096e+00, 2.146359e+00, -1.339163e+00, -3.038054e+00, 1.149075e-09, 3.411320e-10, 6.793814e-10, 4.574026e-10, 5.443637e+01, -3.691764e-01
3.228600e+03, 6.097652e-02, 6.109617e-02, 1.913248e-01, 8.469500e-01, 2.420660e+00, 2.138214e+00, -1.355384e+00, -3.048975e+00, 1.137771e-09, 3.435057e-10, 6.807004e-10, 4.574389e-10, 5.411387e+01, -3.701269e-01
3.232400e+03, 6.154130e-02, 6.133002e-02, 1.911535e-01, 8.469538e-01, 2.393495e+00, 2.130012e+00, -1.371637e+00, -3.059897e+00, 1.126559e-09, 3.458998e-10, 6.821280e-10, 4.574878e-10, 5.379198e+01, -3.709553e-01
3.236200e+03, 6.211576e-02, 6.156928e-02, 1.909653e-01, 8.469592e-01, 2.366597e+00, 2.121753e+00, -1.387923e+00, -3.070820e+00, 1.115419e-09, 3.484756e-10, 6.835382e-10, 4.575324e-10, 5.347082e+01, -3.716619e-01
3.240000e+03, 6.269978e-02, 6.181363e-02, 1.907597e-01, 8.469674e-01, 2.339965e+00, 2.113433e+00, -1.404243e+00, -3.081744e+00, 1.104369e-09, 3.509926e-10, 6.850718e-10, 4.575828e-10, 5.315052e+01, -3.722450e-01
3.243800e+03, 6.329263e-02, 6.206328e-02, 1.905381e-01, 8.469764e-01, 2.313597e+00, 2.105053e+00, -1.420600e+00, -3.092669e+00, 1.093569e-09, 3.537280e-10, 6.865879e-10, 4.576289e-10, 5.283122e+01, -3.727068e-01
3.247600e+03, 6.389395e-02, 6.231799e-02, 1.903000e-01, 8.469874e-01, 2.287487e+00, 2.096607e+00, -1.436993e+00, -3.103595e+00, 1.082794e-09, 3.563930e-10, 6.881630e-10, 4.576821e-10, 5.251303e+01, -3.730456e-01
3.251400e+03, 6.450343e-02, 6.257778e-02, 1.900446e-01, 8.470003e-01, 2.261634e+00, 2.088098e+00, -1.453424e+00, -3.114523e+00, 1.072161e-09, 3.591632e-10, 6.897880e-10, 4.577363e-10, 5.219609e+01, -3.732597e-01
3.255200e+03, 6.512061e-02, 6.284252e-02, 1.897733e-01, 8.470143e-01, 2.236035e+00, 2.079522e+00, -1.469893e+00, -3.125452e+00, 1.061737e-09, 3.620399e-10, 6.914532e-10, 4.577918e-10, 5.188051e+01, -3.733512e-01
3.259000e+03, 6.574493e-02, 6.311211e-02, 1.894854e-01, 8.470305e-01, 2.210685e+00, 2.070878e+00, -1.486403e+00, -3.136382e+00, 1.051425e-09, 3.649078e-10, 6.931645e-10, 4.578488e-10, 5.156640e+01, -3.733181e-01
3.262800e+03, 6.637613e-02, 6.338652e-02, 1.891812e-01, 8.470479e-01, 2.185581e+00, 2.062166e+00, -1.502953e+00, 3.135871e+00, 1.041386e-09, 3.678841e-10, 6.949005e-10, 4.579097e-10, 5.125389e+01, -3.731606e-01
3.266600e+03, 6.701373e-02, 6.366565e-02, 1.888600e-01, 8.470675e-01, 2.160717e+00, 2.053382e+00, -1.519544e+00, 3.124938e+00, 1.031391e-09, 3.708233e-10, 6.967062e-10, 4.579686e-10, 5.094310e+01, -3.728769e-01
3.270400e+03, 6.765742e-02, 6.394943e-02, 1.885229e-01, 8.470874e-01, 2.136091e+00, 2.044528e+00, -1.536179e+00, 3.114004e+00, 1.021694e-09, 3.739619e-10, 6.985538e-10, 4.580314e-10, 5.063412e+01, -3.724688e-01
3.274200e+03, 6.830671e-02, 6.423780e-02, 1.881703e-01, 8.471096e-01, 2.111697e+00, 2.035600e+00, -1.552858e+00, 3.103068e+00, 1.012063e-09, 3.770087e-10, 7.004417e-10, 4.580959e-10, 5.032706e+01, -3.719363e-01
3.278000e+03, 6.896126e-02, 6.453053e-02, 1.878011e-01, 8.471341e-01, 2.087533e+00, 2.026598e+00, -1.569581e+00, 3.092130e+00, 1.002727e-09, 3.800835e-10, 7.023816e-10, 4.581630e-10, 5.002204e+01, -3.712774e-01
3.281800e+03, 6.962070e-02, 6.482770e-02, 1.874157e-01, 8.471589e-01, 2.063592e+00, 2.017523e+00, -1.586352e+00, 3.081191e+00, 9.935277e-10, 3.832770e-10, 7.043671e-10, 4.582330e-10, 4.971916e+01, -3.704921e-01
3.285600e+03, 7.028463e-02, 6.512905e-02, 1.870150e-01, 8.471861e-01, 2.039870e+00, 2.008372e+00, -1.603169e+00, 3.070250e+00, 9.845300e-10, 3.865312e-10, 7.064043e-10, 4.583029e-10, 4.941852e+01, -3.695822e-01
3.289400e+03, 7.095278e-02, 6.543457e-02, 1.865982e-01, 8.472135e-01, 2.016363e+00, 1.999143e+00, -1.620035e+00, 3.059308e+00, 9.757403e-10, 3.896777e-10, 7.084987e-10, 4.583737e-10, 4.912022e+01, -3.685454e-01
3.293200e+03, 7.162465e-02, 6.574416e-02, 1.861652e-01, 8.472433e-01, 1.993067e+00, 1.989839e+00, -1.636951e+00, 3.048364e+00, 9.670567e-10, 3.929216e-10, 7.106410e-10, 4.584466e-10, 4.882436e+01, -3.673818e-01
3.297000e+03, 7.230005e-02, 6.605770e-02, 1.857172e-01, 8.472743e-01, 1.969977e+00, 1.980458e+00, -1.653919e+00, 3.037418e+00, 9.586942e-10, 3.962070e-10, 7.127992e-10, 4.585232e-10, 4.853103e+01, -3.660928e-01
3.300800e+03, 7.297862e-02, 6.637509e-02, 1.852541e-01, 8.473066e-01, 1.947087e+00, 1.970998e+00, -1.670938e+00, 3.026470e+00, 9.504355e-10, 3.995122e-10, 7.150888e-10, 4.585792e-10, 4.824034e+01, -3.646783e-01
3.304600e+03, 7.365982e-02, 6.669620e-02, 1.847749e-01, 8.473399e-01, 1.924394e+00, 1.961459e+00, -1.688011e+00, 3.015521e+00, 9.423907e-10, 4.028071e-10, 7.173790e-10, 4.586669e-10, 4.795235e+01, -3.631360e-01
3.308400e+03, 7.434359e-02, 6.702099e-02, 1.842805e-01, 8.473754e-01, 1.901894e+00, 1.951842e+00, -1.705139e+00, 3.004570e+00, 9.346066e-10, 4.060714e-10, 7.197268e-10, 4.587717e-10, 4.766718e+01, -3.614676e-01
3.312200e+03, 7.502948e-02, 6.734934e-02, 1.837717e-01, 8.474110e-01, 1.879579e+00, 1.942146e+00, -1.722324e+00, 2.993616e+00, 9.268783e-10, 4.094614e-10, 7.221308e-10, 4.588669e-10, 4.738491e+01, -3.596746e-01
3.316000e+03, 7.571719e-02, 6.768096e-02, 1.832475e-01, 8.474486e-01, 1.857449e+00, 1.932370e+00, -1.739565e+00, 2.982660e+00, 9.194022e-10, 4.127582e-10, 7.246183e-10, 4.589248e-10, 4.710563e+01, -3.577546e-01
3.319800e+03, 7.640647e-02, 6.801600e-02, 1.827088e-01, 8.474870e-01, 1.835497e+00, 1.922515e+00, -1.756866e+00, 2.971703e+00, 9.120969e-10, 4.161308e-10, 7.271364e-10, 4.589789e-10, 4.682942e+01, -3.557092e-01
3.323600e+03, 7.709695e-02, 6.835420e-02, 1.821552e-01, 8.475270e-01, 1.813720e+00, 1.912579e+00, -1.774228e+00, 2.960744e+00, 9.050473e-10, 4.194326e-10, 7.296867e-10, 4.590949e-10, 4.655637e+01, -3.535379e-01
3.327400e+03, 7.778838e-02, 6.869552e-02, 1.815876e-01, 8.475677e-01, 1.792111e+00, 1.902565e+00, -1.791650e+00, 2.949783e+00, 8.980729e-10, 4.227640e-10, 7.324150e-10, 4.591579e-10, 4.628657e+01, -3.512423e-01
3.331200e+03, 7.848039e-02, 6.903973e-02, 1.810048e-01, 8.476099e-01, 1.770668e+00, 1.892471e+00, -1.809137e+00, 2.938820e+00, 8.913168e-10, 4.261684e-10, 7.350800e-10, 4.592842e-10, 4.602007e+01, -3.488197e-01
3.335000e+03, 7.917284e-02, 6.938683e-02, 1.804084e-01, 8.476526e-01, 1.749387e+00, 1.882296e+00, -1.826688e+00, 2.927854e+00, 8.847055e-10, 4.294391e-10, 7.378508e-10, 4.593575e-10, 4.575698e+01, -3.462737e-01
3.338800e+03, 7.986543e-02, 6.973672e-02, 1.797983e-01, 8.476965e-01, 1.728264e+00, 1.872042e+00, -1.844305e+00, 2.916886e+00, 8.783477e-10, 4.327550e-10, 7.406923e-10, 4.594360e-10, 4.549737e+01, -3.436036e-01
3.342600e+03, 8.055778e-02, 7.008919e-02, 1.791739e-01, 8.477414e-01, 1.707292e+00, 1.861710e+00, -1.861990e+00, 2.905917e+00, 8.720583e-10, 4.361223e-10, 7.436107e-10, 4.595680e-10, 4.524132e+01, -3.408090e-01
3.346400e+03, 8.124968e-02, 7.044407e-02, 1.785360e-01, 8.477874e-01, 1.686471e+00, 1.851297e+00, -1.879744e+00, 2.894944e+00, 8.659888e-10, 4.394072e-10, 7.465328e-10, 4.596102e-10, 4.498891e+01, -3.378911e-01
3.350200e+03, 8.194087e-02, 7.080145e-02, 1.778851e-01, 8.478338e-01, 1.665795e+00, 1.840806e+00, -1.897568e+00, 2.883970e+00, 8.600779e-10, 4.426797e-10, 7.496798e-10, 4.597414e-10, 4.474020e+01, -3.348513e-01
3.354000e+03, 8.263118e-02, 7.116109e-02, 1.772199e-01, 8.478820e-01, 1.645259e+00, 1.830236e+00, -1.915468e+00, 2.872993e+00, 8.543088e-10, 4.459632e-10, 7.526776e-10, 4.597962e-10, 4.449527e+01, -3.316870e-01
3.357800e+03, 8.332025e-02, 7.152284e-02, 1.765429e-01, 8.479303e-01, 1.624862e+00, 1.819588e+00, -1.933439e+00, 2.862015e+00, 8.487090e-10, 4.492204e-10, 7.559079e-10, 4.599535e-10, 4.425420e+01, -3.284035e-01
3.361600e+03, 8.400799e-02, 7.188671e-02, 1.758526e-01, 8.479791e-01, 1.604598e+00, 1.808863e+00, -1.951487e+00, 2.851033e+00, 8.432472e-10, 4.524288e-10, 7.591935e-10, 4.600093e-10, 4.401706e+01, -3.249982e-01
3.365400e+03, 8.469401e-02, 7.225246e-02, 1.751496e-01, 8.480285e-01, 1.584464e+00, 1.798060e+00, -1.969614e+00, 2.840050e+00, 8.379439e-10, 4.556659e-10, 7.624872e-10, 4.601043e-10, 4.378390e+01, -3.214724e-01
3.369200e+03, 8.537812e-02, 7.261999e-02, 1.744342e-01, 8.480796e-01, 1.564457e+00, 1.787181e+00, -1.987819e+00, 2.829065e+00, 8.327833e-10, 4.588809e-10, 7.659977e-10, 4.602366e-10, 4.355483e+01, -3.178274e-01
3.373000e+03, 8.606009e-02, 7.298919e-02, 1.737060e-01, 8.481302e-01, 1.544574e+00, 1.776225e+00, -2.006108e+00, 2.818076e+00, 8.277578e-10, 4.620796e-10, 7.693124e-10, 4.602831e-10, 4.332987e+01, -3.140626e-01
3.376800e+03, 8.673980e-02, 7.335996e-02, 1.729673e-01, 8.481827e-01, 1.524810e+00, 1.765192e+00, -2.024476e+00, 2.807086e+00, 8.228799e-10, 4.651560e-10, 7.730344e-10, 4.604322e-10, 4.310914e+01, -3.101832e-01
3.380600e+03, 8.741692e-02, 7.373225e-02, 1.722156e-01, 8.482343e-01, 1.505163e+00, 1.754086e+00, -2.042933e+00, 2.796093e+00, 8.181355e-10, 4.683301e-10, 7.765971e-10, 4.604941e-10, 4.289266e+01, -3.061846e-01
3.384400e+03, 8.809119e-02, 7.410584e-02, 1.714532e-01, 8.482873e-01, 1.485629e+00, 1.742904e+00, -2.061475e+00, 2.785098e+00, 8.135178e-10, 4.713955e-10, 7.803658e-10, 4.606271e-10, 4.268052e+01, -3.020721e-01
3.388200e+03, 8.876266e-02, 7.448066e-02, 1.706795e-01, 8.483408e-01, 1.466206e+00, 1.731649e+00, -2.080107e+00, 2.774100e+00, 8.090304e-10, 4.744613e-10, 7.841699e-10, 4.607231e-10, 4.247278e+01, -2.978451e-01
3.392000e+03, 8.943084e-02, 7.485654e-02, 1.698948e-01, 8.483941e-01, 1.446889e+00, 1.720320e+00, -2.098830e+00, 2.763100e+00, 8.046767e-10, 4.774954e-10, 7.880956e-10, 4.608105e-10, 4.226951e+01, -2.935048e-01
3.395800e+03, 9.009565e-02, 7.523352e-02, 1.690994e-01, 8.484481e-01, 1.427676e+00, 1.708920e+00, -2.117647e+00, 2.752097e+00, 8.004844e-10, 4.805184e-10, 7.921009e-10, 4.609528e-10, 4.207076e+01, -2.890528e-01
3.399600e+03, 9.075691e-02, 7.561131e-02, 1.682935e-01, 8.485026e-01, 1.408564e+00, 1.697447e+00, -2.136559e+00, 2.741092e+00, 7.963287e-10, 4.834822e-10, 7.960702e-10, 4.610140e-10, 4.187660e+01, -2.844903e-01
3.403400e+03, 9.141447e-02, 7.598986e-02, 1.674783e-01, 8.485567e-01, 1.389551e+00, 1.685903e+00, -2.155566e+00, 2.730084e+00, 7.923196e-10, 4.864198e-10, 8.004151e-10, 4.611564e-10, 4.168708e+01, -2.798207e-01
3.407200e+03, 9.206801e-02, 7.636902e-02, 1.666524e-01, 8.486118e-01, 1.370633e+00, 1.674289e+00, -2.174677e+00, 2.719074e+00, 7.884772e-10, 4.893329e-10, 8.045651e-10, 4.612394e-10, 4.150227e+01, -2.750415e-01
3.411000e+03, 9.271751e-02, 7.674883e-02, 1.658176e-01, 8.486658e-01, 1.351808e+00, 1.662606e+00, -2.193887e+00, 2.708061e+00, 7.846867e-10, 4.922016e-10, 8.090040e-10, 4.613821e-10, 4.132224e+01, -2.701580e-01
3.414800e+03, 9.336269e-02, 7.712894e-02, 1.649734e-01, 8.487211e-01, 1.333072e+00, 1.650854e+00, -2.213203e+00, 2.697045e+00, 7.810301e-10, 4.950433e-10, 8.134191e-10, 4.614457e-10, 4.114703e+01, -2.651699e-01
3.418600e+03, 9.400338e-02, 7.750939e-02, 1.641208e-01, 8.487765e-01, 1.314424e+00, 1.639034e+00, -2.232624e+00, 2.686028e+00, 7.774536e-10, 4.978524e-10, 8.181383e-10, 4.615650e-10, 4.097669e+01, -2.600805e-01
3.422400e+03, 9.463948e-02, 7.789014e-02, 1.632592e-01, 8.488321e-01, 1.295862e+00, 1.627148e+00, -2.252158e+00, 2.675007e+00, 7.740671e-10, 5.006137e-10, 8.223894e-10, 4.616524e-10, 4.081127e+01, -2.548895e-01
3.426200e+03, 9.527074e-02, 7.827093e-02, 1.623895e-01, 8.488870e-01, 1.277380e+00, 1.615195e+00, -2.271793e+00, 2.663985e+00, 7.706797e-10, 5.033504e-10, 8.275184e-10, 4.617968e-10, 4.065095e+01, -2.496023e-01
3.430000e+03, 9.589697e-02, 7.865163e-02, 1.615117e-01, 8.489413e-01, 1.258979e+00, 1.603177e+00, -2.291551e+00, 2.652959e+00, 7.674469e-10, 5.060409e-10, 8.324615e-10, 4.618642e-10, 4.049561e+01, -2.442165e-01
3.433800e+03, 9.651820e-02, 7.903228e-02, 1.606275e-01, 8.489961e-01, 1.240656e+00, 1.591095e+00, -2.311427e+00, 2.641931e+00, 7.642716e-10, 5.086982e-10, 8.371671e-10, 4.619871e-10, 4.034529e+01, -2.387379e-01
3.437600e+03, 9.713412e-02, 7.941264e-02, 1.597357e-01, 8.490513e-01, 1.222408e+00, 1.578949e+00, -2.331416e+00, 2.630901e+00, 7.612807e-10, 5.113180e-10, 8.422236e-10, 4.620797e-10, 4.020023e+01, -2.331681e-01
3.441400e+03, 9.774456e-02, 7.979266e-02, 1.588370e-01, 8.491062e-01, 1.204231e+00, 1.566741e+00, -2.351525e+00, 2.619868e+00, 7.582692e-10, 5.138965e-10, 8.476278e-10, 4.621867e-10, 4.006038e+01, -2.275087e-01
3.445200e+03, 9.834943e-02, 8.017228e-02, 1.579323e-01, 8.491602e-01, 1.186127e+00, 1.554471e+00, -2.371763e+00, 2.608833e+00, 7.553895e-10, 5.164437e-10, 8.528175e-10, 4.623089e-10, 3.992572e+01, -2.217616e-01
3.449000e+03, 9.894858e-02, 8.055127e-02, 1.570218e-01, 8.492130e-01, 1.168091e+00, 1.542140e+00, -2.392125e+00, 2.597795e+00, 7.526257e-10, 5.189417e-10, 8.585508e-10, 4.624114e-10, 3.979639e+01, -2.159305e-01
3.452800e+03, 9.954191e-02, 8.092967e-02, 1.561054e-01, 8.492673e-01, 1.150121e+00, 1.529750e+00, -2.412623e+00, 2.586754e+00, 7.499572e-10, 5.214080e-10, 8.636729e-10, 4.625374e-10, 3.967236e+01, -2.100153e-01
3.456600e+03, 1.001292e-01, 8.130731e-02, 1.551846e-01, 8.493204e-01, 1.132215e+00, 1.517301e+00, -2.433245e+00, 2.575711e+00, 7.473325e-10, 5.238339e-10, 8.696261e-10, 4.625852e-10, 3.955378e+01, -2.040239e-01
3.460400e+03, 1.007103e-01, 8.168396e-02, 1.542584e-01, 8.493730e-01, 1.114372e+00, 1.504793e+00, -2.454008e+00, 2.564666e+00, 7.447552e-10, 5.262145e-10, 8.751291e-10, 4.627585e-10, 3.944062e+01, -1.979533e-01
3.464200e+03, 1.012852e-01, 8.205974e-02, 1.533276e-01, 8.494249e-01, 1.096590e+00, 1.492230e+00, -2.474903e+00, 2.553617e+00, 7.423545e-10, 5.285646e-10, 8.813311e-10, 4.628115e-10, 3.933302e+01, -1.918100e-01
3.468000e+03, 1.018537e-01, 8.243439e-02, 1.523944e-01, 8.494762e-01, 1.078865e+00, 1.479609e+00, -2.495945e+00, 2.542567e+00, 7.399844e-10, 5.308646e-10, 8.870986e-10, 4.628937e-10, 3.923082e+01, -1.855959e-01
3.471800e+03, 1.024156e-01, 8.280793e-02, 1.514567e-01, 8.495279e-01, 1.061198e+00, 1.466934e+00, -2.517126e+00, 2.531515e+00, 7.376838e-10, 5.331310e-10, 8.934035e-10, 4.630491e-10, 3.913430e+01, -1.793139e-01
3.475600e+03, 1.029709e-01, 8.318011e-02, 1.505171e-01, 8.495777e-01, 1.043585e+00, 1.454205e+00, -2.538457e+00, 2.520459e+00, 7.354892e-10, 5.353461e-10, 8.995029e-10, 4.630969e-10, 3.904330e+01, -1.729674e-01
3.479400e+03, 1.035194e-01, 8.355094e-02, 1.495741e-01, 8.496271e-01, 1.026024e+00, 1.441423e+00, -2.559933e+00, 2.509402e+00, 7.333328e-10, 5.375411e-10, 9.060910e-10, 4.632710e-10, 3.895803e+01, -1.665591e-01
3.483200e+03, 1.040610e-01, 8.392033e-02, 1.486306e-01, 8.496760e-01, 1.008515e+00, 1.428589e+00, -2.581567e+00, 2.498341e+00, 7.312647e-10, 5.396584e-10, 9.124657e-10, 4.632861e-10, 3.887834e+01, -1.600927e-01
3.487000e+03, 1.045957e-01, 8.428819e-02, 1.476848e-01, 8.497237e-01, 9.910550e-01, 1.415704e+00, -2.603353e+00, 2.487280e+00, 7.292510e-10, 5.418152e-10, 9.191846e-10, 4.634374e-10, 3.880445e+01, -1.535711e-01
3.490800e+03, 1.051232e-01, 8.465424e-02, 1.467386e-01, 8.497713e-01, 9.736433e-01, 1.402768e+00, -2.625300e+00, 2.476215e+00, 7.273392e-10, 5.438320e-10, 9.258088e-10, 4.635300e-10, 3.873627e+01, -1.469980e-01
3.494600e+03, 1.056435e-01, 8.501865e-02, 1.457913e-01, 8.498173e-01, 9.562773e-01, 1.389783e+00, -2.647405e+00, 2.465147e+00, 7.254738e-10, 5.458544e-10, 9.329158e-10, 4.636195e-10, 3.867394e+01, -1.403767e-01
3.498400e+03, 1.061565e-01, 8.538113e-02, 1.448456e-01, 8.498632e-01, 9.389558e-01, 1.376750e+00, -2.669679e+00, 2.454078e+00, 7.236916e-10, 5.478637e-10, 9.397983e-10, 4.637220e-10, 3.861731e+01, -1.337107e-01
3.502200e+03, 1.066620e-01, 8.574166e-02, 1.438998e-01, 8.499072e-01, 9.216769e-01, 1.363669e+00, -2.692118e+00, 2.443006e+00, 7.219249e-10, 5.497693e-10, 9.469637e-10, 4.637882e-10, 3.856660e+01, -1.270036e-01
3.506000e+03, 1.071601e-01, 8.610020e-02, 1.429557e-01, 8.499515e-01, 9.044401e-01, 1.350543e+00, -2.714728e+00, 2.431932e+00, 7.203325e-10, 5.516835e-10, 9.542012e-10, 4.639016e-10, 3.852174e+01, -1.202593e-01
3.509800e+03, 1.076505e-01, 8.645662e-02, 1.420132e-01, 8.499934e-01, 8.872414e-01, 1.337371e+00, -2.737510e+00, 2.420856e+00, 7.186737e-10, 5.535779e-10, 9.616339e-10, 4.640098e-10, 3.848280e+01, -1.134811e-01
3.513600e+03, 1.081331e-01, 8.681070e-02, 1.410733e-01, 8.500345e-01, 8.700823e-01, 1.324154e+00, -2.760470e+00, 2.409778e+00, 7.171738e-10, 5.553670e-10, 9.691415e-10, 4.640703e-10, 3.844977e+01, -1.066726e-01
3.517400e+03, 1.086080e-01, 8.716256e-02, 1.401369e-01, 8.500744e-01, 8.529589e-01, 1.310894e+00, -2.783610e+00, 2.398697e+00, 7.156652e-10, 5.571381e-10, 9.767519e-10, 4.641560e-10, 3.842266e+01, -9.983815e-02
3.521200e+03, 1.090750e-01, 8.751203e-02, 1.392038e-01, 8.501138e-01, 8.358717e-01, 1.297591e+00, -2.806931e+00, 2.387615e+00, 7.142883e-10, 5.588857e-10, 9.845818e-10, 4.642639e-10, 3.840155e+01, -9.298109e-02
3.525000e+03, 1.095340e-01, 8.785905e-02, 1.382759e-01, 8.501521e-01, 8.188172e-01, 1.284247e+00, -2.830439e+00, 2.376530e+00, 7.128824e-10, 5.605388e-10, 9.924225e-10, 4.643602e-10, 3.838635e+01, -8.610540e-02
3.528800e+03, 1.099850e-01, 8.820341e-02, 1.373529e-01, 8.501880e-01, 8.017964e-01, 1.270864e+00, -2.854134e+00, 2.365443e+00, 7.116120e-10, 5.622591e-10, 1.000348e-09, 4.644126e-10, 3.837716e+01, -7.921508e-02
3.532600e+03, 1.104277e-01, 8.854519e-02, 1.364348e-01, 8.502238e-01, 7.848059e-01, 1.257439e+00, -2.878018e+00, 2.354355e+00, 7.103711e-10, 5.638392e-10, 1.008434e-09, 4.645586e-10, 3.837405e+01, -7.231372e-02
3.536400e+03, 1.108622e-01, 8.888420e-02, 1.355232e-01, 8.502574e-01, 7.678450e-01, 1.243977e+00, -2.902096e+00, 2.343263e+00, 7.091872e-10, 5.654223e-10, 1.016734e-09, 4.645546e-10, 3.837696e+01, -6.540556e-02
3.540200e+03, 1.112885e-01, 8.922036e-02, 1.346198e-01, 8.502902e-01, 7.509123e-01, 1.230477e+00, -2.926371e+00, 2.332171e+00, 7.080622e-10, 5.669978e-10, 1.024915e-09, 4.647146e-10, 3.838580e+01, -5.849427e-02
3.544000e+03, 1.117064e-01, 8.955366e-02, 1.337224e-01, 8.503217e-01, 7.340066e-01, 1.216939e+00, -2.950842e+00, 2.321076e+00, 7.069702e-10, 5.684392e-10, 1.033366e-09, 4.647616e-10, 3.840082e+01, -5.158382e-02
3.547800e+03, 1.121159e-01, 8.988401e-02, 1.328347e-01, 8.503511e-01, 7.171269e-01, 1.203367e+00, -2.975515e+00, 2.309979e+00, 7.059698e-10, 5.699186e-10, 1.041830e-09, 4.648324e-10, 3.842181e+01, -4.467832e-02
3.551600e+03, 1.125167e-01, 9.021118e-02, 1.319553e-01, 8.503791e-01, 7.002711e-01, 1.189760e+00, -3.000390e+00, 2.298881e+00, 7.050022e-10, 5.713730e-10, 1.050384e-09, 4.649255e-10, 3.844891e+01, -3.778138e-02
3.555400e+03, 1.129091e-01, 9.053535e-02, 1.310868e-01, 8.504065e-01, 6.834384e-01, 1.176118e+00, -3.025469e+00, 2.287780e+00, 7.040725e-10, 5.727119e-10, 1.059032e-09, 4.649754e-10, 3.848199e+01, -3.089747e-02
3.559200e+03, 1.132928e-01, 9.085636e-02, 1.302279e-01, 8.504325e-01, 6.666278e-01, 1.162443e+00, -3.050755e+00, 2.276678e+00, 7.032352e-10, 5.740653e-10, 1.067693e-09, 4.650534e-10, 3.852122e+01, -2.402978e-02
3.563000e+03, 1.136678e-01, 9.117396e-02, 1.293801e-01, 8.504564e-01, 6.498373e-01, 1.148737e+00, -3.076247e+00, 2.265574e+00, 7.024111e-10, 5.753659e-10, 1.076475e-09, 4.651540e-10, 3.856654e+01, -1.718282e-02
3.566800e+03, 1.140340e-01, 9.148825e-02, 1.285450e-01, 8.504789e-01, 6.330665e-01, 1.134999e+00, -3.101949e+00, 2.254468e+00, 7.016750e-10, 5.765940e-10, 1.085277e-09, 4.652142e-10, 3.861787e+01, -1.036016e-02
3.570600e+03, 1.143915e-01, 9.179916e-02, 1.277230e-01, 8.504992e-01, 6.163132e-01, 1.121233e+00, -3.127861e+00, 2.243361e+00, 7.009344e-10, 5.778773e-10, 1.094111e-09, 4.652577e-10, 3.867523e+01, -3.565713e-03
3.574400e+03, 1.147400e-01, 9.210655e-02, 1.269137e-01, 8.505185e-01, 5.995776e-01, 1.107435e+00, 3.129201e+00, 2.232252e+00, 7.003052e-10, 5.790386e-10, 1.102977e-09, 4.653696e-10, 3.873873e+01, 3.196719e-03
3.578200e+03, 1.150797e-01, 9.241040e-02, 1.261196e-01, 8.505355e-01, 5.828571e-01, 1.093610e+00, 3.102866e+00, 2.221141e+00, 6.996965e-10, 5.802057e-10, 1.111859e-09, 4.653946e-10, 3.880822e+01, 9.923382e-03
3.582000e+03, 1.154104e-01, 9.271058e-02, 1.253399e-01, 8.505513e-01, 5.661511e-01, 1.079757e+00, 3.076319e+00, 2.210029e+00, 6.991313e-10, 5.812625e-10, 1.120729e-09, 4.654790e-10, 3.888379e+01, 1.661051e-02
3.585800e+03, 1.157320e-01, 9.300705e-02, 1.245762e-01, 8.505660e-01, 5.494585e-01, 1.065879e+00, 3.049561e+00, 2.198916e+00, 6.986173e-10, 5.823928e-10, 1.129610e-09, 4.655256e-10, 3.896540e+01, 2.325436e-02
3.589600e+03, 1.160447e-01, 9.329984e-02, 1.238298e-01, 8.505786e-01, 5.327783e-01, 1.051973e+00, 3.022590e+00, 2.187801e+00, 6.981216e-10, 5.833822e-10, 1.138431e-09, 4.656332e-10, 3.905298e+01, 2.985160e-02
3.593400e+03, 1.163478e-01, 9.358883e-02, 1.231000e-01, 8.505891e-01, 5.161098e-01, 1.038045e+00, 2.995409e+00, 2.176683e+00, 6.977605e-10, 5.843994e-10, 1.147232e-09, 4.656241e-10, 3.914664e+01, 3.639812e-02
3.597200e+03, 1.166423e-01, 9.387385e-02, 1.223891e-01, 8.505976e-01, 4.994500e-01, 1.024091e+00, 2.968017e+00, 2.165566e+00, 6.974563e-10, 5.853799e-10, 1.156007e-09, 4.657028e-10, 3.924624e+01, 4.289094e-02
3.601000e+03, 1.169279e-01, 9.415500e-02, 1.216963e-01, 8.506050e-01, 4.827975e-01, 1.010115e+00, 2.940416e+00, 2.154447e+00, 6.969914e-10, 5.862986e-10, 1.164596e-09, 4.657876e-10, 3.935189e+01, 4.932627e-02
3.604800e+03, 1.172033e-01, 9.443208e-02, 1.210240e-01, 8.506098e-01, 4.661561e-01, 9.961162e-01, 2.912610e+00, 2.143325e+00, 6.969551e-10, 5.871516e-10, 1.173201e-09, 4.658093e-10, 3.946345e+01, 5.570060e-02
3.608600e+03, 1.174708e-01, 9.470510e-02, 1.203722e-01, 8.506135e-01, 4.495155e-01, 9.820973e-01, 2.884599e+00, 2.132204e+00, 6.965752e-10, 5.880400e-10, 1.181591e-09, 4.658645e-10, 3.958096e+01, 6.201105e-02
3.612400e+03, 1.177283e-01, 9.497407e-02, 1.197421e-01, 8.506154e-01, 4.328840e-01, 9.680572e-01, 2.856387e+00, 2.121081e+00, 6.963715e-10, 5.887964e-10, 1.189940e-09, 4.659127e-10, 3.970436e+01, 6.825397e-02
3.616200e+03, 1.179761e-01, 9.523888e-02, 1.191339e-01, 8.506151e-01, 4.162573e-01, 9.539990e-01, 2.827976e+00, 2.109957e+00, 6.962683e-10, 5.896215e-10, 1.198102e-09, 4.659796e-10, 3.983369e+01, 7.442635e-02
3.620000e+03, 1.182149e-01, 9.549943e-02, 1.185485e-01, 8.506133e-01, 3.996332e-01, 9.399212e-01, 2.799370e+00, 2.098831e+00, 6.963196e-10, 5.903353e-10, 1.206170e-09, 4.660395e-10, 3.996889e+01, 8.052503e-02
3.623800e+03, 1.184450e-01, 9.575572e-02, 1.179861e-01, 8.506096e-01, 3.830078e-01, 9.258263e-01, 2.770571e+00, 2.087704e+00, 6.961640e-10, 5.910643e-10, 1.213909e-09, 4.660694e-10, 4.011000e+01, 8.654687e-02
3.627600e+03, 1.186650e-01, 9.600767e-02, 1.174485e-01, 8.506029e-01, 3.663861e-01, 9.117140e-01, 2.741588e+00, 2.076576e+00, 6.961765e-10, 5.917244e-10, 1.221393e-09, 4.661222e-10, 4.025690e+01, 9.248903e-02
3.631400e+03, 1.188755e-01, 9.625530e-02, 1.169367e-01, 8.505958e-01, 3.497641e-01, 8.975859e-01, 2.712426e+00, 2.065446e+00, 6.962817e-10, 5.923398e-10, 1.228750e-09, 4.661645e-10, 4.040954e+01, 9.834867e-02
3.635200e+03, 1.190768e-01, 9.649837e-02, 1.164505e-01, 8.505857e-01, 3.331396e-01, 8.834431e-01, 2.683088e+00, 2.054316e+00, 6.963271e-10, 5.929672e-10, 1.235960e-09, 4.661816e-10, 4.056795e+01, 1.041230e-01
3.639000e+03, 1.192685e-01, 9.673714e-02, 1.159900e-01, 8.505737e-01, 3.165140e-01, 8.692854e-01, 2.653578e+00, 2.043186e+00, 6.965633e-10, 5.934637e-10, 1.242591e-09, 4.662157e-10, 4.073219e+01, 1.098090e-01
3.642800e+03, 1.194510e-01, 9.697131e-02, 1.155577e-01, 8.505602e-01, 2.998828e-01, 8.551158e-01, 2.623910e+00, 2.032054e+00, 6.968146e-10, 5.940327e-10, 1.249268e-09, 4.662442e-10, 4.090204e+01, 1.154045e-01
3.646600e+03, 1.196246e-01, 9.720096e-02, 1.151524e-01, 8.505447e-01, 2.832456e-01, 8.409326e-01, 2.594082e+00, 2.020922e+00, 6.969547e-10, 5.945497e-10, 1.255356e-09, 4.663127e-10, 4.107764e+01, 1.209067e-01
3.650400e+03, 1.197880e-01, 9.742603e-02, 1.147758e-01, 8.505265e-01, 2.666050e-01, 8.267371e-01, 2.564109e+00, 2.009788e+00, 6.973143e-10, 5.949580e-10, 1.261176e-09, 4.663744e-10, 4.125885e+01, 1.263130e-01
3.654200e+03, 1.199424e-01, 9.764645e-02, 1.144284e-01, 8.505072e-01, 2.499559e-01, 8.125318e-01, 2.533997e+00, 1.998653e+00, 6.976679e-10, 5.954138e-10, 1.266664e-09, 4.663458e-10, 4.144566e+01, 1.316213e-01
3.658000e+03, 1.200873e-01, 9.786220e-02, 1.141106e-01, 8.504851e-01, 2.332983e-01, 7.983156e-01, 2.503754e+00, 1.987519e+00, 6.979970e-10, 5.957681e-10, 1.271740e-09, 4.664185e-10, 4.163804e+01, 1.368291e-01
3.661800e+03, 1.202220e-01, 9.807318e-02, 1.138228e-01, 8.504619e-01, 2.166328e-01, 7.840910e-01, 2.473390e+00, 1.976382e+00, 6.984897e-10, 5.961753e-10, 1.276441e-09, 4.664031e-10, 4.183596e+01, 1.419342e-01
3.665600e+03, 1.203479e-01, 9.827949e-02, 1.135658e-01, 8.504357e-01, 1.999556e-01, 7.698566e-01, 2.442914e+00, 1.965247e+00, 6.989897e-10, 5.964265e-10, 1.280685e-09, 4.664232e-10, 4.203938e+01, 1.469348e-01
3.669400e+03, 1.204643e-01, 9.848100e-02, 1.133398e-01, 8.504078e-01, 1.832665e-01, 7.556163e-01, 2.412336e+00, 1.954110e+00, 6.995370e-10, 5.967364e-10, 1.284545e-09, 4.665039e-10, 4.224825e+01, 1.518282e-01
3.673200e+03, 1.205717e-01, 9.867763e-02, 1.131454e-01, 8.503782e-01, 1.665643e-01, 7.413686e-01, 2.381666e+00, 1.942972e+00, 7.001082e-10, 5.970129e-10, 1.287923e-09, 4.664722e-10, 4.246254e+01, 1.566130e-01
3.677000e+03, 1.206693e-01, 9.886952e-02, 1.129830e-01, 8.503463e-01, 1.498484e-01, 7.271142e-01, 2.350915e+00, 1.931834e+00, 7.007325e-10, 5.972036e-10, 1.290805e-09, 4.665486e-10, 4.268221e+01, 1.612870e-01
3.680800e+03, 1.207573e-01, 9.905650e-02, 1.128530e-01, 8.503115e-01, 1.331176e-01, 7.128553e-01, 2.320096e+00, 1.920695e+00, 7.013990e-10, 5.973692e-10, 1.293284e-09, 4.665015e-10, 4.290720e+01, 1.658485e-01
3.684600e+03, 1.208353e-01, 9.923850e-02, 1.127555e-01, 8.502754e-01, 1.163710e-01, 6.985925e-01, 2.289217e+00, 1.909557e+00, 7.021950e-10, 5.975329e-10, 1.295219e-09, 4.665455e-10, 4.313750e+01, 1.702957e-01
3.688400e+03, 1.209053e-01, 9.941569e-02, 1.126909e-01, 8.502366e-01, 9.960528e-02, 6.843257e-01, 2.258293e+00, 1.898417e+00, 7.029266e-10, 5.976538e-10, 1.296724e-09, 4.665734e-10, 4.337303e+01, 1.746269e-01
3.692200e+03, 1.209646e-01, 9.958779e-02, 1.126595e-01, 8.501968e-01, 8.282213e-02, 6.700561e-01, 2.227332e+00, 1.887277e+00, 7.037700e-10, 5.977094e-10, 1.297645e-09, 4.665843e-10, 4.361377e+01, 1.788408e-01
3.696000e+03, 1.210156e-01, 9.975505e-02, 1.126614e-01, 8.501543e-01, 6.601885e-02, 6.557851e-01, 2.196349e+00, 1.876137e+00, 7.046452e-10, 5.977794e-10, 1.298153e-09, 4.666104e-10, 4.385967e+01, 1.829354e-01
3.699800e+03, 1.210565e-01, 9.991730e-02, 1.126968e-01, 8.501095e-01, 4.919467e-02, 6.415125e-01, 2.165354e+00, 1.864996e+00, 7.055844e-10, 5.977764e-10, 1.298057e-09, 4.665898e-10, 4.411067e+01, 1.869097e-01
3.703600e+03, 1.210883e-01, 1.000744e-01, 1.127658e-01, 8.500619e-01, 3.234806e-02, 6.272399e-01, 2.134362e+00, 1.853856e+00, 7.065645e-10, 5.978010e-10, 1.297544e-09, 4.665975e-10, 4.436673e+01, 1.907619e-01
3.707400e+03, 1.211105e-01, 1.002266e-01, 1.128684e-01, 8.500129e-01, 1.547805e-02, 6.129667e-01, 2.103382e+00, 1.842716e+00, 7.076045e-10, 5.976979e-10, 1.296480e-09, 4.666655e-10, 4.462781e+01, 1.944910e-01
3.711200e+03, 1.211241e-01, 1.003736e-01, 1.130046e-01, 8.499623e-01, -1.416787e-03, 5.986960e-01, 2.072427e+00, 1.831573e+00, 7.086858e-10, 5.976459e-10, 1.294907e-09, 4.666141e-10, 4.489385e+01, 1.980956e-01
3.715000e+03, 1.211284e-01, 1.005156e-01, 1.131743e-01, 8.499081e-01, -1.833744e-02, 5.844266e-01, 2.041509e+00, 1.820432e+00, 7.098343e-10, 5.974702e-10, 1.292865e-09, 4.666137e-10, 4.516480e+01, 2.015741e-01
3.718800e+03, 1.211224e-01, 1.006525e-01, 1.133775e-01, 8.498535e-01, -3.528552e-02, 5.701613e-01, 2.010641e+00, 1.809292e+00, 7.110121e-10, 5.973579e-10, 1.290416e-09, 4.666386e-10, 4.544060e+01, 2.049261e-01
3.722600e+03, 1.211084e-01, 1.007844e-01, 1.136146e-01, 8.497954e-01, -5.226172e-02, 5.558987e-01, 1.979831e+00, 1.798150e+00, 7.122458e-10, 5.971721e-10, 1.287268e-09, 4.665933e-10, 4.572122e+01, 2.081512e-01
3.726400e+03, 1.210854e-01, 1.009110e-01, 1.138843e-01, 8.497355e-01, -6.926737e-02, 5.416406e-01, 1.949096e+00, 1.787010e+00, 7.135587e-10, 5.969787e-10, 1.283963e-09, 4.666089e-10, 4.600657e+01, 2.112459e-01
3.730200e+03, 1.210525e-01, 1.010326e-01, 1.141879e-01, 8.496739e-01, -8.630438e-02, 5.273871e-01, 1.918440e+00, 1.775869e+00, 7.149170e-10, 5.966933e-10, 1.279845e-09, 4.666275e-10, 4.629663e+01, 2.142128e-01
3.734000e+03, 1.210110e-01, 1.011490e-01, 1.145232e-01, 8.496096e-01, -1.033738e-01, 5.131404e-01, 1.887882e+00, 1.764728e+00, 7.163156e-10, 5.964207e-10, 1.275546e-09, 4.666113e-10, 4.659131e+01, 2.170465e-01
3.737800e+03, 1.209598e-01, 1.012603e-01, 1.148913e-01, 8.495431e-01, -1.204766e-01, 4.989002e-01, 1.857427e+00, 1.753587e+00, 7.177738e-10, 5.960793e-10, 1.270756e-09, 4.666166e-10, 4.689057e+01, 2.197494e-01
3.741600e+03, 1.209000e-01, 1.013664e-01, 1.152918e-01, 8.494756e-01, -1.376143e-01, 4.846681e-01, 1.827086e+00, 1.742446e+00, 7.192883e-10, 5.957849e-10, 1.265588e-09, 4.665606e-10, 4.719435e+01, 2.223201e-01
3.745400e+03, 1.208316e-01, 1.014675e-01, 1.157247e-01, 8.494043e-01, -1.547881e-01, 4.704431e-01, 1.796869e+00, 1.731306e+00, 7.208270e-10, 5.953695e-10, 1.259966e-09, 4.665907e-10, 4.750258e+01, 2.247590e-01
3.749200e+03, 1.207548e-01, 1.015632e-01, 1.161884e-01, 8.493322e-01, -1.719986e-01, 4.562280e-01, 1.766786e+00, 1.720166e+00, 7.224919e-10, 5.949450e-10, 1.253984e-09, 4.665619e-10, 4.781520e+01, 2.270626e-01
3.753000e+03, 1.206684e-01, 1.016540e-01, 1.166829e-01, 8.492567e-01, -1.892489e-01, 4.420230e-01, 1.736846e+00, 1.709026e+00, 7.242384e-10, 5.945111e-10, 1.247711e-09, 4.665604e-10, 4.813215e+01, 2.292314e-01
3.756800e+03, 1.205726e-01, 1.017395e-01, 1.172084e-01, 8.491797e-01, -2.065409e-01, 4.278284e-01, 1.707055e+00, 1.697886e+00, 7.258814e-10, 5.940298e-10, 1.241035e-09, 4.665154e-10, 4.845336e+01, 2.312658e-01
3.760600e+03, 1.204693e-01, 1.018199e-01, 1.177628e-01, 8.491006e-01, -2.238721e-01, 4.136453e-01, 1.677424e+00, 1.686748e+00, 7.276608e-10, 5.935212e-10, 1.234113e-09, 4.665074e-10, 4.877875e+01, 2.331622e-01
3.764400e+03, 1.203574e-01, 1.018952e-01, 1.183481e-01, 8.490193e-01, -2.412458e-01, 3.994743e-01, 1.647958e+00, 1.675609e+00, 7.296382e-10, 5.930022e-10, 1.226865e-09, 4.664871e-10, 4.910826e+01, 2.349249e-01
3.768200e+03, 1.202360e-01, 1.019652e-01, 1.189613e-01, 8.489360e-01, -2.586667e-01, 3.853157e-01, 1.618665e+00, 1.664472e+00, 7.314558e-10, 5.923959e-10, 1.219386e-09, 4.664642e-10, 4.944182e+01, 2.365484e-01
3.772000e+03, 1.201070e-01, 1.020301e-01, 1.196030e-01, 8.488508e-01, -2.761311e-01, 3.711716e-01, 1.589551e+00, 1.653334e+00, 7.334753e-10, 5.917918e-10, 1.211647e-09, 4.664348e-10, 4.977935e+01, 2.380348e-01
3.775800e+03, 1.199692e-01, 1.020900e-01, 1.202732e-01, 8.487626e-01, -2.936436e-01, 3.570419e-01, 1.560622e+00, 1.642198e+00, 7.355852e-10, 5.911603e-10, 1.203689e-09, 4.664070e-10, 5.012077e+01, 2.393846e-01
3.779600e+03, 1.198227e-01, 1.021447e-01, 1.209706e-01, 8.486727e-01, -3.112065e-01, 3.429273e-01, 1.531883e+00, 1.631062e+00, 7.376123e-10, 5.904785e-10, 1.195538e-09, 4.663809e-10, 5.046601e+01, 2.405959e-01
3.783400e+03, 1.196683e-01, 1.021943e-01, 1.216938e-01, 8.485809e-01, -3.288178e-01, 3.288290e-01, 1.503338e+00, 1.619926e+00, 7.397913e-10, 5.897452e-10, 1.187207e-09, 4.663516e-10, 5.081498e+01, 2.416670e-01
3.787200e+03, 1.195058e-01, 1.022388e-01, 1.224435e-01, 8.484874e-01, -3.464811e-01, 3.147482e-01, 1.474992e+00, 1.608792e+00, 7.421216e-10, 5.890614e-10, 1.178702e-09, 4.663126e-10, 5.116760e+01, 2.426001e-01
3.791000e+03, 1.193343e-01, 1.022783e-01, 1.232183e-01, 8.483911e-01, -3.642001e-01, 3.006837e-01, 1.446849e+00, 1.597658e+00, 7.443408e-10, 5.882585e-10, 1.170079e-09, 4.662776e-10, 5.152378e+01, 2.433932e-01
3.794800e+03, 1.191554e-01, 1.023127e-01, 1.240177e-01, 8.482929e-01, -3.819721e-01, 2.866384e-01, 1.418912e+00, 1.586525e+00, 7.466497e-10, 5.874520e-10, 1.161401e-09, 4.662444e-10, 5.188343e+01, 2.440466e-01
3.798600e+03, 1.189690e-01, 1.023420e-01, 1.248403e-01, 8.481920e-01, -3.997992e-01, 2.726123e-01, 1.391182e+00, 1.575393e+00, 7.491675e-10, 5.866122e-10, 1.152447e-09, 4.662045e-10, 5.224646e+01, 2.445582e-01
3.802400e+03, 1.187740e-01, 1.023664e-01, 1.256875e-01, 8.480901e-01, -4.176864e-01, 2.586063e-01, 1.363666e+00, 1.564262e+00, 7.516937e-10, 5.857557e-10, 1.143571e-09, 4.661618e-10, 5.261277e+01, 2.449321e-01
3.806200e+03, 1.185712e-01, 1.023856e-01, 1.265568e-01, 8.479853e-01, -4.356339e-01, 2.446207e-01, 1.336362e+00, 1.553132e+00, 7.541493e-10, 5.848426e-10, 1.134621e-09, 4.661202e-10, 5.298227e+01, 2.451644e-01
3.810000e+03, 1.183613e-01, 1.024000e-01, 1.274476e-01, 8.478795e-01, -4.536400e-01, 2.306570e-01, 1.309272e+00, 1.542002e+00, 7.567452e-10, 5.839097e-10, 1.125646e-09, 4.660808e-10, 5.335484e+01, 2.452549e-01
3.813800e+03, 1.181441e-01, 1.024095e-01, 1.283592e-01, 8.477705e-01, -4.717082e-01, 2.167155e-01, 1.282396e+00, 1.530874e+00, 7.595952e-10, 5.829197e-10, 1.116529e-09, 4.660252e-10, 5.373040e+01, 2.452036e-01
3.817600e+03, 1.179185e-01, 1.024138e-01, 1.292920e-01, 8.476603e-01, -4.898443e-01, 2.027976e-01, 1.255738e+00, 1.519747e+00, 7.622781e-10, 5.819994e-10, 1.107367e-09, 4.659833e-10, 5.410883e+01, 2.450123e-01
3.821400e+03, 1.176860e-01, 1.024138e-01, 1.302451e-01, 8.475477e-01, -5.080446e-01, 1.889018e-01, 1.229298e+00, 1.508621e+00, 7.651143e-10, 5.808404e-10, 1.098470e-09, 4.659303e-10, 5.449000e+01, 2.446808e-01
3.825200e+03, 1.174466e-01, 1.024077e-01, 1.312161e-01, 8.474335e-01, -5.263125e-01, 1.750335e-01, 1.203071e+00, 1.497497e+00, 7.682082e-10, 5.798940e-10, 1.089362e-09, 4.658826e-10, 5.487381e+01, 2.442051e-01
3.829000e+03, 1.171989e-01, 1.023984e-01, 1.322061e-01, 8.473167e-01, -5.446543e-01, 1.611879e-01, 1.177061e+00, 1.486373e+00, 7.709437e-10, 5.786915e-10, 1.080264e-09, 4.658237e-10, 5.526015e+01, 2.435888e-01
3.832800e+03, 1.169453e-01, 1.023828e-01, 1.332141e-01, 8.471990e-01, -5.630615e-01, 1.473710e-01, 1.151269e+00, 1.475251e+00, 7.741407e-10, 5.776118e-10, 1.071385e-09, 4.657705e-10, 5.564886e+01, 2.428317e-01
3.836600e+03, 1.166845e-01, 1.023629e-01, 1.342387e-01, 8.470783e-01, -5.815449e-01, 1.335799e-01, 1.125688e+00, 1.464131e+00, 7.772470e-10, 5.764712e-10, 1.062403e-09, 4.657143e-10, 5.603985e+01, 2.419314e-01
3.840400e+03, 1.164169e-01, 1.023387e-01, 1.352797e-01, 8.469563e-01, -6.001026e-01, 1.198160e-01, 1.100322e+00, 1.453011e+00, 7.804480e-10, 5.752690e-10, 1.053540e-09, 4.656408e-10, 5.643296e+01, 2.408895e-01
3.844200e+03, 1.161427e-01, 1.023101e-01, 1.363364e-01, 8.468317e-01, -6.187366e-01, 1.060808e-01, 1.075168e+00, 1.441893e+00, 7.837662e-10, 5.739956e-10, 1.044785e-09, 4.656251e-10, 5.682806e+01, 2.397058e-01
3.848000e+03, 1.158619e-01, 1.022761e-01, 1.374079e-01, 8.467066e-01, -6.374499e-01, 9.237607e-02, 1.050222e+00, 1.430776e+00, 7.871160e-10, 5.727418e-10, 1.036127e-09, 4.655166e-10, 5.722501e+01, 2.383797e-01
3.851800e+03, 1.155747e-01, 1.022375e-01, 1.384934e-01, 8.465783e-01, -6.562432e-01, 7.870123e-02, 1.025484e+00, 1.419661e+00, 7.905420e-10, 5.714385e-10, 1.027285e-09, 4.654548e-10, 5.762366e+01, 2.369108e-01
3.855600e+03, 1.152814e-01, 1.021942e-01, 1.395936e-01, 8.464487e-01, -6.751182e-01, 6.505750e-02, 1.000956e+00, 1.408548e+00, 7.941062e-10, 5.701276e-10, 1.018904e-09, 4.654039e-10, 5.802385e+01, 2.353027e-01
3.859400e+03, 1.149820e-01, 1.021471e-01, 1.407059e-01, 8.463177e-01, -6.940784e-01, 5.144508e-02, 9.766286e-01, 1.397436e+00, 7.976658e-10, 5.687524e-10, 1.010351e-09, 4.653157e-10, 5.842542e+01, 2.335507e-01
3.863200e+03, 1.146767e-01, 1.020952e-01, 1.418312e-01, 8.461847e-01, -7.131235e-01, 3.786549e-02, 9.525053e-01, 1.386326e+00, 8.013809e-10, 5.673419e-10, 1.002156e-09, 4.652882e-10, 5.882822e+01, 2.316583e-01
3.867000e+03, 1.143656e-01, 1.020382e-01, 1.429676e-01, 8.460497e-01, -7.322574e-01, 2.431957e-02, 9.285777e-01, 1.375217e+00, 8.051473e-10, 5.659225e-10, 9.937861e-10, 4.651659e-10, 5.923207e+01, 2.296230e-01
3.870800e+03, 1.140488e-01, 1.019780e-01, 1.441159e-01, 8.459130e-01, -7.514812e-01, 1.080755e-02, 9.048500e-01, 1.364111e+00, 8.089700e-10, 5.644490e-10, 9.859361e-10, 4.651522e-10, 5.963681e+01, 2.274481e-01
3.874600e+03, 1.137266e-01, 1.019124e-01, 1.452734e-01, 8.457748e-01, -7.707962e-01, -2.669297e-03, 8.813097e-01, 1.353005e+00, 8.129284e-10, 5.629505e-10, 9.777822e-10, 4.650426e-10, 6.004224e+01, 2.251290e-01
3.878400e+03, 1.133992e-01, 1.018432e-01, 1.464417e-01, 8.456351e-01, -7.902058e-01, -1.611036e-02, 8.579641e-01, 1.341901e+00, 8.169222e-10, 5.614185e-10, 9.697989e-10, 4.649445e-10, 6.044820e+01, 2.226711e-01
3.882200e+03, 1.130666e-01, 1.017693e-01, 1.476196e-01, 8.454938e-01, -8.097107e-01, -2.951485e-02, 8.348090e-01, 1.330800e+00, 8.210030e-10, 5.598475e-10, 9.621768e-10, 4.649065e-10, 6.085446e+01, 2.200736e-01
3.886000e+03, 1.127292e-01, 1.016915e-01, 1.488053e-01, 8.453507e-01, -8.293131e-01, -4.288182e-02, 8.118360e-01, 1.319700e+00, 8.252303e-10, 5.582464e-10, 9.546738e-10, 4.648331e-10, 6.126080e+01, 2.173339e-01
3.889800e+03, 1.123869e-01, 1.016095e-01, 1.500003e-01, 8.452052e-01, -8.490164e-01, -5.621057e-02, 7.890421e-01, 1.308602e+00, 8.294473e-10, 5.565971e-10, 9.471066e-10, 4.646987e-10, 6.166719e+01, 2.144553e-01
3.893600e+03, 1.120401e-01, 1.015241e-01, 1.512024e-01, 8.450587e-01, -8.688203e-01, -6.949994e-02, 7.664289e-01, 1.297506e+00, 8.338081e-10, 5.549361e-10, 9.396741e-10, 4.646709e-10, 6.207322e+01, 2.114371e-01
3.897400e+03, 1.116890e-01, 1.014341e-01, 1.524117e-01, 8.449113e-01, -8.887284e-01, -8.274966e-02, 7.439932e-01, 1.286412e+00, 8.382717e-10, 5.532334e-10, 9.325960e-10, 4.645596e-10, 6.247874e+01, 2.082804e-01
3.901200e+03, 1.113337e-01, 1.013402e-01, 1.536262e-01, 8.447620e-01, -9.087431e-01, -9.595872e-02, 7.217264e-01, 1.275320e+00, 8.427772e-10, 5.515068e-10, 9.254269e-10, 4.644462e-10, 6.288345e+01, 2.049826e-01
3.905000e+03, 1.109745e-01, 1.012422e-01, 1.548479e-01, 8.446115e-01, -9.288653e-01, -1.091265e-01, 6.996308e-01, 1.264231e+00, 8.474163e-10, 5.497332e-10, 9.185536e-10, 4.644076e-10, 6.328729e+01, 2.015490e-01
3.908800e+03, 1.106114e-01, 1.011409e-01, 1.560748e-01, 8.444586e-01, -9.490983e-01, -1.222520e-01, 6.776993e-01, 1.253143e+00, 8.520916e-10, 5.478761e-10, 9.118315e-10, 4.642881e-10, 6.368994e+01, 1.979774e-01
3.912600e+03, 1.102450e-01, 1.010358e-01, 1.573070e-01, 8.443054e-01, -9.694429e-01, -1.353332e-01, 6.559283e-01, 1.242057e+00, 8.568849e-10, 5.460805e-10, 9.049833e-10, 4.641958e-10, 6.409122e+01, 1.942689e-01
3.916400e+03, 1.098752e-01, 1.009270e-01, 1.585426e-01, 8.441507e-01, -9.899020e-01, -1.483715e-01, 6.343209e-01, 1.230974e+00, 8.617497e-10, 5.441975e-10, 8.986112e-10, 4.641633e-10, 6.449066e+01, 1.904240e-01
3.920200e+03, 1.095023e-01, 1.008145e-01, 1.597830e-01, 8.439943e-01, -1.010477e+00, -1.613648e-01, 6.128655e-01, 1.219892e+00, 8.667183e-10, 5.423019e-10, 8.921262e-10, 4.640162e-10, 6.488831e+01, 1.864439e-01
3.924000e+03, 1.091265e-01, 1.006986e-01, 1.610264e-01, 8.438369e-01, -1.031171e+00, -1.743128e-01, 5.915650e-01, 1.208813e+00, 8.717929e-10, 5.403610e-10, 8.858274e-10, 4.639459e-10, 6.528370e+01, 1.823293e-01
3.927800e+03, 1.087482e-01, 1.005793e-01, 1.622725e-01, 8.436774e-01, -1.051986e+00, -1.872145e-01, 5.704149e-01, 1.197735e+00, 8.769240e-10, 5.383639e-10, 8.798441e-10, 4.637879e-10, 6.567659e+01, 1.780810e-01
3.931600e+03, 1.083675e-01, 1.004566e-01, 1.635219e-01, 8.435179e-01, -1.072924e+00, -2.000686e-01, 5.494077e-01, 1.186662e+00, 8.821165e-10, 5.363466e-10, 8.737657e-10, 4.637711e-10, 6.606689e+01, 1.737000e-01
3.935400e+03, 1.079847e-01, 1.003307e-01, 1.647726e-01, 8.433567e-01, -1.093985e+00, -2.128744e-01, 5.285456e-01, 1.175589e+00, 8.874384e-10, 5.343045e-10, 8.679571e-10, 4.636379e-10, 6.645409e+01, 1.691872e-01
3.939200e+03, 1.076000e-01, 1.002016e-01, 1.660255e-01, 8.431944e-01, -1.115174e+00, -2.256316e-01, 5.078221e-01, 1.164519e+00, 8.928421e-10, 5.322328e-10, 8.622022e-10, 4.635633e-10, 6.683807e+01, 1.645439e-01
3.943000e+03, 1.072137e-01, 1.000694e-01, 1.672792e-01, 8.430309e-01, -1.136491e+00, -2.383392e-01, 4.872361e-01, 1.153451e+00, 8.983637e-10, 5.301271e-10, 8.566097e-10, 4.634366e-10, 6.721846e+01, 1.597711e-01
3.946800e+03, 1.068262e-01, 9.993420e-02, 1.685337e-01, 8.428661e-01, -1.157941e+00, -2.509966e-01, 4.667836e-01, 1.142386e+00, 9.038999e-10, 5.279721e-10, 8.510481e-10, 4.633475e-10, 6.759497e+01, 1.548700e-01
3.950600e+03, 1.064375e-01, 9.979610e-02, 1.697877e-01, 8.427009e-01, -1.179522e+00, -2.636025e-01, 4.464639e-01, 1.131323e+00, 9.095538e-10, 5.258133e-10, 8.458620e-10, 4.632264e-10, 6.796722e+01, 1.498420e-01
3.954400e+03, 1.060482e-01, 9.965519e-02, 1.710427e-01, 8.425343e-01, -1.201239e+00, -2.761569e-01, 4.262680e-01, 1.120263e+00, 9.152977e-10, 5.235655e-10, 8.405786e-10, 4.631423e-10, 6.833520e+01, 1.446885e-01
3.958200e+03, 1.056583e-01, 9.951150e-02, 1.722969e-01, 8.423670e-01, -1.223093e+00, -2.886576e-01, 4.061982e-01, 1.109205e+00, 9.210877e-10, 5.213737e-10, 8.354642e-10, 4.630047e-10, 6.869834e+01, 1.394112e-01
3.962000e+03, 1.052684e-01, 9.936523e-02, 1.735498e-01, 8.421990e-01, -1.245085e+00, -3.011059e-01, 3.862506e-01, 1.098150e+00, 9.270211e-10, 5.190429e-10, 8.304728e-10, 4.629481e-10, 6.905637e+01, 1.340113e-01
3.965800e+03, 1.048788e-01, 9.921636e-02, 1.748011e-01, 8.420292e-01, -1.267218e+00, -3.134987e-01, 3.664222e-01, 1.087097e+00, 9.329586e-10, 5.167433e-10, 8.256840e-10, 4.628365e-10, 6.940899e+01, 1.284906e-01
3.969600e+03, 1.044890e-01, 9.906518e-02, 1.760517e-01, 8.418597e-01, -1.289494e+00, -3.258365e-01, 3.467080e-01, 1.076046e+00, 9.389931e-10, 5.144024e-10, 8.208944e-10, 4.626939e-10, 6.975604e+01, 1.228512e-01
3.973400e+03, 1.041000e-01, 9.891152e-02, 1.772992e-01, 8.416894e-01, -1.311913e+00, -3.381184e-01, 3.271083e-01, 1.064999e+00, 9.451493e-10, 5.119876e-10, 8.163378e-10, 4.626090e-10, 7.009693e+01, 1.170943e-01
3.977200e+03, 1.037125e-01, 9.875570e-02, 1.785453e-01, 8.415181e-01, -1.334480e+00, -3.503427e-01, 3.076173e-01, 1.053953e+00, 9.513287e-10, 5.096288e-10, 8.117778e-10, 4.624712e-10, 7.043164e+01, 1.112224e-01
3.981000e+03, 1.033262e-01, 9.859772e-02, 1.797878e-01, 8.413457e-01, -1.357194e+00, -3.625106e-01, 2.882352e-01, 1.042911e+00, 9.576310e-10, 5.071732e-10, 8.074152e-10, 4.624089e-10, 7.075957e+01, 1.052372e-01
3.984800e+03, 1.029419e-01, 9.843767e-02, 1.810272e-01, 8.411734e-01, -1.380058e+00, -3.746199e-01, 2.689573e-01, 1.031871e+00, 9.638959e-10, 5.046784e-10, 8.031306e-10, 4.622755e-10, 7.108055e+01, 9.914092e-02
3.988600e+03, 1.025592e-01, 9.827579e-02, 1.822633e-01, 8.409994e-01, -1.403072e+00, -3.866697e-01, 2.497817e-01, 1.020834e+00, 9.703451e-10, 5.021860e-10, 7.989699e-10, 4.621903e-10, 7.139425e+01, 9.293595e-02
3.992400e+03, 1.021797e-01, 9.811205e-02, 1.834957e-01, 8.408260e-01, -1.426240e+00, -3.986599e-01, 2.307054e-01, 1.009798e+00, 9.767408e-10, 4.996599e-10, 7.949127e-10, 4.620079e-10, 7.170036e+01, 8.662450e-02
3.996200e+03, 1.018022e-01, 9.794658e-02, 1.847239e-01, 8.406522e-01, -1.449561e+00, -4.105899e-01, 2.117260e-01, 9.987673e-01, 9.832835e-10, 4.970764e-10, 7.909179e-10, 4.619515e-10, 7.199855e+01, 8.020900e-02
4.000000e+03, 1.014283e-01, 9.777961e-02, 1.859468e-01, 8.404776e-01, -1.473038e+00, -4.224581e-01, 1.928419e-01, 9.877377e-01, 9.832835e-10, 4.970764e-10, 7.909179e-10, 4.619515e-10, 7.228834e+01, 7.369192e-02
