Frequency [Hz], |S00| [-], |S10| [-], Arg(S00) [-], Arg(S10) [-], Delay 0>0 [s], Delay 0>1 [s], |Z0| [Ohm] , Arg(Z0) [-]
2.000000e+08, 4.768728e-02, 9.536150e-01, 2.409137e+00, -4.875165e-01, 6.327517e-10, 3.864663e-10, 3.726325e+01, 6.383521e-02
2.038000e+08, 4.752856e-02, 9.536519e-01, 2.394030e+00, -4.967438e-01, 6.351949e-10, 3.865324e-10, 3.730824e+01, 6.468088e-02
2.076000e+08, 4.736843e-02, 9.536890e-01, 2.378864e+00, -5.059727e-01, 6.376959e-10, 3.865965e-10, 3.735384e+01, 6.550673e-02
2.114000e+08, 4.720696e-02, 9.537264e-01, 2.363638e+00, -5.152031e-01, 6.402544e-10, 3.866589e-10, 3.740006e+01, 6.631257e-02
2.152000e+08, 4.704425e-02, 9.537641e-01, 2.348351e+00, -5.244350e-01, 6.428699e-10, 3.867197e-10, 3.744686e+01, 6.709822e-02
2.190000e+08, 4.688036e-02, 9.538020e-01, 2.333002e+00, -5.336684e-01, 6.455419e-10, 3.867789e-10, 3.749426e+01, 6.786351e-02
2.228000e+08, 4.671539e-02, 9.538401e-01, 2.317589e+00, -5.429032e-01, 6.482701e-10, 3.868366e-10, 3.754223e+01, 6.860828e-02
2.266000e+08, 4.654941e-02, 9.538785e-01, 2.302111e+00, -5.521393e-01, 6.510540e-10, 3.868930e-10, 3.759076e+01, 6.933236e-02
2.304000e+08, 4.638251e-02, 9.539170e-01, 2.286566e+00, -5.613768e-01, 6.538930e-10, 3.869481e-10, 3.763984e+01, 7.003559e-02
2.342000e+08, 4.621478e-02, 9.539556e-01, 2.270954e+00, -5.706156e-01, 6.567868e-10, 3.870020e-10, 3.768946e+01, 7.071782e-02
2.380000e+08, 4.604629e-02, 9.539944e-01, 2.255272e+00, -5.798557e-01, 6.597347e-10, 3.870547e-10, 3.773960e+01, 7.137891e-02
2.418000e+08, 4.587715e-02, 9.540333e-01, 2.239520e+00, -5.890971e-01, 6.627362e-10, 3.871063e-10, 3.779026e+01, 7.201871e-02
2.456000e+08, 4.570742e-02, 9.540723e-01, 2.223697e+00, -5.983397e-01, 6.657907e-10, 3.871569e-10, 3.784143e+01, 7.263710e-02
2.494000e+08, 4.553720e-02, 9.541113e-01, 2.207800e+00, -6.075835e-01, 6.688976e-10, 3.872064e-10, 3.789309e+01, 7.323395e-02
2.532000e+08, 4.536659e-02, 9.541505e-01, 2.191830e+00, -6.168285e-01, 6.720562e-10, 3.872550e-10, 3.794522e+01, 7.380912e-02
2.570000e+08, 4.519566e-02, 9.541896e-01, 2.175784e+00, -6.260746e-01, 6.752657e-10, 3.873027e-10, 3.799783e+01, 7.436251e-02
2.608000e+08, 4.502451e-02, 9.542288e-01, 2.159661e+00, -6.353219e-01, 6.785254e-10, 3.873494e-10, 3.805089e+01, 7.489399e-02
2.646000e+08, 4.485323e-02, 9.542680e-01, 2.143460e+00, -6.445703e-01, 6.818345e-10, 3.873953e-10, 3.810439e+01, 7.540347e-02
2.684000e+08, 4.468190e-02, 9.543072e-01, 2.127181e+00, -6.538198e-01, 6.851919e-10, 3.874404e-10, 3.815832e+01, 7.589084e-02
2.722000e+08, 4.451063e-02, 9.543463e-01, 2.110821e+00, -6.630703e-01, 6.885968e-10, 3.874846e-10, 3.821267e+01, 7.635601e-02
2.760000e+08, 4.433950e-02, 9.543854e-01, 2.094380e+00, -6.723220e-01, 6.920481e-10, 3.875281e-10, 3.826743e+01, 7.679887e-02
2.798000e+08, 4.416861e-02, 9.544244e-01, 2.077857e+00, -6.815746e-01, 6.955447e-10, 3.875708e-10, 3.832258e+01, 7.721935e-02
2.836000e+08, 4.399804e-02, 9.544633e-01, 2.061250e+00, -6.908283e-01, 6.990853e-10, 3.876127e-10, 3.837812e+01, 7.761736e-02
2.874000e+08, 4.382790e-02, 9.545021e-01, 2.044558e+00, -7.000830e-01, 7.026687e-10, 3.876539e-10, 3.843402e+01, 7.799283e-02
2.912000e+08, 4.365828e-02, 9.545408e-01, 2.027781e+00, -7.093386e-01, 7.062936e-10, 3.876943e-10, 3.849028e+01, 7.834569e-02
2.950000e+08, 4.348927e-02, 9.545794e-01, 2.010918e+00, -7.185953e-01, 7.099584e-10, 3.877341e-10, 3.854689e+01, 7.867586e-02
2.988000e+08, 4.332097e-02, 9.546178e-01, 1.993967e+00, -7.278528e-01, 7.136616e-10, 3.877732e-10, 3.860382e+01, 7.898328e-02
3.026000e+08, 4.315348e-02, 9.546560e-01, 1.976927e+00, -7.371114e-01, 7.174015e-10, 3.878115e-10, 3.866108e+01, 7.926791e-02
3.064000e+08, 4.298689e-02, 9.546940e-01, 1.959799e+00, -7.463708e-01, 7.211765e-10, 3.878492e-10, 3.871864e+01, 7.952967e-02
3.102000e+08, 4.282130e-02, 9.547318e-01, 1.942580e+00, -7.556311e-01, 7.249845e-10, 3.878862e-10, 3.877650e+01, 7.976853e-02
3.140000e+08, 4.265680e-02, 9.547694e-01, 1.925270e+00, -7.648923e-01, 7.288237e-10, 3.879226e-10, 3.883464e+01, 7.998445e-02
3.178000e+08, 4.249350e-02, 9.548068e-01, 1.907868e+00, -7.741544e-01, 7.326920e-10, 3.879583e-10, 3.889304e+01, 8.017737e-02
3.216000e+08, 4.233149e-02, 9.548439e-01, 1.890375e+00, -7.834173e-01, 7.365871e-10, 3.879933e-10, 3.895171e+01, 8.034727e-02
3.254000e+08, 4.217088e-02, 9.548807e-01, 1.872788e+00, -7.926811e-01, 7.405068e-10, 3.880277e-10, 3.901061e+01, 8.049412e-02
3.292000e+08, 4.201175e-02, 9.549173e-01, 1.855107e+00, -8.019457e-01, 7.444485e-10, 3.880615e-10, 3.906974e+01, 8.061789e-02
3.330000e+08, 4.185422e-02, 9.549535e-01, 1.837333e+00, -8.112111e-01, 7.484098e-10, 3.880946e-10, 3.912910e+01, 8.071855e-02
3.368000e+08, 4.169837e-02, 9.549895e-01, 1.819464e+00, -8.204773e-01, 7.523879e-10, 3.881271e-10, 3.918865e+01, 8.079608e-02
3.406000e+08, 4.154432e-02, 9.550251e-01, 1.801500e+00, -8.297442e-01, 7.563801e-10, 3.881589e-10, 3.924840e+01, 8.085049e-02
3.444000e+08, 4.139215e-02, 9.550603e-01, 1.783440e+00, -8.390120e-01, 7.603834e-10, 3.881902e-10, 3.930833e+01, 8.088174e-02
3.482000e+08, 4.124197e-02, 9.550952e-01, 1.765285e+00, -8.482804e-01, 7.643946e-10, 3.882208e-10, 3.936842e+01, 8.088984e-02
3.520000e+08, 4.109388e-02, 9.551298e-01, 1.747034e+00, -8.575496e-01, 7.684107e-10, 3.882507e-10, 3.942866e+01, 8.087478e-02
3.558000e+08, 4.094799e-02, 9.551639e-01, 1.728688e+00, -8.668196e-01, 7.724282e-10, 3.882801e-10, 3.948904e+01, 8.083657e-02
3.596000e+08, 4.080438e-02, 9.551977e-01, 1.710245e+00, -8.760902e-01, 7.764438e-10, 3.883088e-10, 3.954955e+01, 8.077521e-02
3.634000e+08, 4.066316e-02, 9.552311e-01, 1.691707e+00, -8.853615e-01, 7.804538e-10, 3.883369e-10, 3.961018e+01, 8.069071e-02
3.672000e+08, 4.052443e-02, 9.552640e-01, 1.673073e+00, -8.946334e-01, 7.844545e-10, 3.883644e-10, 3.967090e+01, 8.058307e-02
3.710000e+08, 4.038829e-02, 9.552965e-01, 1.654343e+00, -9.039061e-01, 7.884421e-10, 3.883913e-10, 3.973171e+01, 8.045233e-02
3.748000e+08, 4.025484e-02, 9.553286e-01, 1.635518e+00, -9.131793e-01, 7.924126e-10, 3.884175e-10, 3.979259e+01, 8.029849e-02
3.786000e+08, 4.012418e-02, 9.553602e-01, 1.616598e+00, -9.224532e-01, 7.963619e-10, 3.884432e-10, 3.985353e+01, 8.012159e-02
3.824000e+08, 3.999641e-02, 9.553914e-01, 1.597584e+00, -9.317278e-01, 8.002859e-10, 3.884682e-10, 3.991453e+01, 7.992164e-02
3.862000e+08, 3.987162e-02, 9.554221e-01, 1.578476e+00, -9.410029e-01, 8.041802e-10, 3.884926e-10, 3.997555e+01, 7.969869e-02
3.900000e+08, 3.974992e-02, 9.554523e-01, 1.559276e+00, -9.502785e-01, 8.080405e-10, 3.885164e-10, 4.003659e+01, 7.945275e-02
3.938000e+08, 3.963139e-02, 9.554820e-01, 1.539983e+00, -9.595548e-01, 8.118623e-10, 3.885396e-10, 4.009764e+01, 7.918388e-02
3.976000e+08, 3.951615e-02, 9.555113e-01, 1.520599e+00, -9.688316e-01, 8.156409e-10, 3.885622e-10, 4.015869e+01, 7.889211e-02
4.014000e+08, 3.940428e-02, 9.555400e-01, 1.501124e+00, -9.781090e-01, 8.193717e-10, 3.885842e-10, 4.021972e+01, 7.857749e-02
4.052000e+08, 3.929587e-02, 9.555681e-01, 1.481561e+00, -9.873868e-01, 8.230500e-10, 3.886055e-10, 4.028071e+01, 7.824007e-02
4.090000e+08, 3.919103e-02, 9.555958e-01, 1.461910e+00, -9.966652e-01, 8.266710e-10, 3.886263e-10, 4.034165e+01, 7.787989e-02
4.128000e+08, 3.908985e-02, 9.556229e-01, 1.442172e+00, -1.005944e+00, 8.302298e-10, 3.886464e-10, 4.040254e+01, 7.749701e-02
4.166000e+08, 3.899241e-02, 9.556495e-01, 1.422349e+00, -1.015223e+00, 8.337215e-10, 3.886660e-10, 4.046335e+01, 7.709150e-02
4.204000e+08, 3.889881e-02, 9.556755e-01, 1.402443e+00, -1.024503e+00, 8.371412e-10, 3.886849e-10, 4.052407e+01, 7.666341e-02
4.242000e+08, 3.880914e-02, 9.557010e-01, 1.382456e+00, -1.033784e+00, 8.404840e-10, 3.887032e-10, 4.058469e+01, 7.621280e-02
4.280000e+08, 3.872348e-02, 9.557259e-01, 1.362388e+00, -1.043064e+00, 8.437449e-10, 3.887210e-10, 4.064520e+01, 7.573976e-02
4.318000e+08, 3.864193e-02, 9.557502e-01, 1.342243e+00, -1.052345e+00, 8.469190e-10, 3.887381e-10, 4.070558e+01, 7.524434e-02
4.356000e+08, 3.856456e-02, 9.557740e-01, 1.322022e+00, -1.061627e+00, 8.500014e-10, 3.887546e-10, 4.076582e+01, 7.472663e-02
4.394000e+08, 3.849146e-02, 9.557972e-01, 1.301727e+00, -1.070909e+00, 8.529872e-10, 3.887706e-10, 4.082590e+01, 7.418670e-02
4.432000e+08, 3.842271e-02, 9.558198e-01, 1.281361e+00, -1.080191e+00, 8.558717e-10, 3.887859e-10, 4.088581e+01, 7.362463e-02
4.470000e+08, 3.835840e-02, 9.558417e-01, 1.260926e+00, -1.089474e+00, 8.586500e-10, 3.888007e-10, 4.094554e+01, 7.304052e-02
4.508000e+08, 3.829859e-02, 9.558631e-01, 1.240425e+00, -1.098757e+00, 8.613176e-10, 3.888148e-10, 4.100508e+01, 7.243444e-02
4.546000e+08, 3.824337e-02, 9.558839e-01, 1.219860e+00, -1.108040e+00, 8.638699e-10, 3.888284e-10, 4.106440e+01, 7.180650e-02
4.584000e+08, 3.819280e-02, 9.559041e-01, 1.199234e+00, -1.117324e+00, 8.663025e-10, 3.888414e-10, 4.112349e+01, 7.115678e-02
4.622000e+08, 3.814696e-02, 9.559237e-01, 1.178550e+00, -1.126608e+00, 8.686111e-10, 3.888538e-10, 4.118235e+01, 7.048539e-02
4.660000e+08, 3.810591e-02, 9.559426e-01, 1.157811e+00, -1.135892e+00, 8.707915e-10, 3.888656e-10, 4.124096e+01, 6.979243e-02
4.698000e+08, 3.806973e-02, 9.559609e-01, 1.137020e+00, -1.145177e+00, 8.728398e-10, 3.888769e-10, 4.129930e+01, 6.907800e-02
4.736000e+08, 3.803847e-02, 9.559787e-01, 1.116180e+00, -1.154462e+00, 8.747522e-10, 3.888875e-10, 4.135736e+01, 6.834221e-02
4.774000e+08, 3.801219e-02, 9.559957e-01, 1.095294e+00, -1.163747e+00, 8.765252e-10, 3.888977e-10, 4.141512e+01, 6.758519e-02
4.812000e+08, 3.799096e-02, 9.560122e-01, 1.074366e+00, -1.173032e+00, 8.781553e-10, 3.889072e-10, 4.147258e+01, 6.680703e-02
4.850000e+08, 3.797482e-02, 9.560280e-01, 1.053400e+00, -1.182318e+00, 8.796395e-10, 3.889162e-10, 4.152971e+01, 6.600787e-02
4.888000e+08, 3.796384e-02, 9.560432e-01, 1.032397e+00, -1.191604e+00, 8.809747e-10, 3.889246e-10, 4.158651e+01, 6.518782e-02
4.926000e+08, 3.795805e-02, 9.560578e-01, 1.011363e+00, -1.200890e+00, 8.821585e-10, 3.889324e-10, 4.164296e+01, 6.434702e-02
4.964000e+08, 3.795750e-02, 9.560717e-01, 9.903004e-01, -1.210176e+00, 8.831885e-10, 3.889397e-10, 4.169905e+01, 6.348559e-02
5.002000e+08, 3.796224e-02, 9.560850e-01, 9.692133e-01, -1.219462e+00, 8.840624e-10, 3.889465e-10, 4.175475e+01, 6.260366e-02
5.040000e+08, 3.797231e-02, 9.560976e-01, 9.481053e-01, -1.228749e+00, 8.847786e-10, 3.889527e-10, 4.181007e+01, 6.170138e-02
5.078000e+08, 3.798773e-02, 9.561096e-01, 9.269803e-01, -1.238036e+00, 8.853355e-10, 3.889584e-10, 4.186498e+01, 6.077888e-02
5.116000e+08, 3.800855e-02, 9.561210e-01, 9.058419e-01, -1.247322e+00, 8.857318e-10, 3.889635e-10, 4.191947e+01, 5.983631e-02
5.154000e+08, 3.803480e-02, 9.561317e-01, 8.846941e-01, -1.256609e+00, 8.859668e-10, 3.889681e-10, 4.197353e+01, 5.887381e-02
5.192000e+08, 3.806649e-02, 9.561418e-01, 8.635406e-01, -1.265896e+00, 8.860397e-10, 3.889721e-10, 4.202714e+01, 5.789155e-02
5.230000e+08, 3.810366e-02, 9.561513e-01, 8.423855e-01, -1.275183e+00, 8.859504e-10, 3.889757e-10, 4.208028e+01, 5.688966e-02
5.268000e+08, 3.814631e-02, 9.561601e-01, 8.212324e-01, -1.284471e+00, 8.856988e-10, 3.889787e-10, 4.213296e+01, 5.586832e-02
5.306000e+08, 3.819447e-02, 9.561683e-01, 8.000854e-01, -1.293758e+00, 8.852852e-10, 3.889812e-10, 4.218514e+01, 5.482768e-02
5.344000e+08, 3.824816e-02, 9.561758e-01, 7.789482e-01, -1.303045e+00, 8.847103e-10, 3.889832e-10, 4.223682e+01, 5.376791e-02
5.382000e+08, 3.830737e-02, 9.561828e-01, 7.578248e-01, -1.312333e+00, 8.839752e-10, 3.889847e-10, 4.228799e+01, 5.268919e-02
5.420000e+08, 3.837211e-02, 9.561890e-01, 7.367189e-01, -1.321620e+00, 8.830809e-10, 3.889857e-10, 4.233862e+01, 5.159168e-02
5.458000e+08, 3.844238e-02, 9.561947e-01, 7.156344e-01, -1.330908e+00, 8.820292e-10, 3.889862e-10, 4.238871e+01, 5.047556e-02
5.496000e+08, 3.851819e-02, 9.561997e-01, 6.945750e-01, -1.340195e+00, 8.808218e-10, 3.889862e-10, 4.243824e+01, 4.934101e-02
5.534000e+08, 3.859953e-02, 9.562041e-01, 6.735444e-01, -1.349483e+00, 8.794609e-10, 3.889857e-10, 4.248720e+01, 4.818822e-02
5.572000e+08, 3.868639e-02, 9.562079e-01, 6.525463e-01, -1.358770e+00, 8.779489e-10, 3.889847e-10, 4.253557e+01, 4.701738e-02
5.610000e+08, 3.877875e-02, 9.562110e-01, 6.315843e-01, -1.368057e+00, 8.762884e-10, 3.889833e-10, 4.258334e+01, 4.582868e-02
5.648000e+08, 3.887661e-02, 9.562136e-01, 6.106619e-01, -1.377345e+00, 8.744823e-10, 3.889814e-10, 4.263051e+01, 4.462231e-02
5.686000e+08, 3.897995e-02, 9.562155e-01, 5.897827e-01, -1.386632e+00, 8.725339e-10, 3.889791e-10, 4.267704e+01, 4.339848e-02
5.724000e+08, 3.908874e-02, 9.562168e-01, 5.689500e-01, -1.395920e+00, 8.704463e-10, 3.889762e-10, 4.272294e+01, 4.215739e-02
5.762000e+08, 3.920295e-02, 9.562175e-01, 5.481671e-01, -1.405207e+00, 8.682233e-10, 3.889730e-10, 4.276818e+01, 4.089925e-02
5.800000e+08, 3.932257e-02, 9.562176e-01, 5.274373e-01, -1.414494e+00, 8.658686e-10, 3.889693e-10, 4.281276e+01, 3.962427e-02
5.838000e+08, 3.944756e-02, 9.562171e-01, 5.067637e-01, -1.423781e+00, 8.633860e-10, 3.889651e-10, 4.285666e+01, 3.833267e-02
5.876000e+08, 3.957790e-02, 9.562160e-01, 4.861494e-01, -1.433068e+00, 8.607798e-10, 3.889605e-10, 4.289987e+01, 3.702465e-02
5.914000e+08, 3.971353e-02, 9.562143e-01, 4.655974e-01, -1.442355e+00, 8.580541e-10, 3.889555e-10, 4.294237e+01, 3.570046e-02
5.952000e+08, 3.985443e-02, 9.562120e-01, 4.451104e-01, -1.451642e+00, 8.552133e-10, 3.889501e-10, 4.298415e+01, 3.436031e-02
5.990000e+08, 4.000055e-02, 9.562091e-01, 4.246912e-01, -1.460928e+00, 8.522619e-10, 3.889443e-10, 4.302521e+01, 3.300445e-02
6.028000e+08, 4.015184e-02, 9.562057e-01, 4.043425e-01, -1.470215e+00, 8.492044e-10, 3.889380e-10, 4.306552e+01, 3.163309e-02
6.066000e+08, 4.030828e-02, 9.562017e-01, 3.840668e-01, -1.479501e+00, 8.460456e-10, 3.889314e-10, 4.310507e+01, 3.024648e-02
6.104000e+08, 4.046979e-02, 9.561971e-01, 3.638666e-01, -1.488787e+00, 8.427900e-10, 3.889244e-10, 4.314386e+01, 2.884487e-02
6.142000e+08, 4.063634e-02, 9.561919e-01, 3.437440e-01, -1.498073e+00, 8.394425e-10, 3.889169e-10, 4.318187e+01, 2.742849e-02
6.180000e+08, 4.080787e-02, 9.561862e-01, 3.237014e-01, -1.507359e+00, 8.360078e-10, 3.889091e-10, 4.321908e+01, 2.599761e-02
6.218000e+08, 4.098433e-02, 9.561800e-01, 3.037408e-01, -1.516645e+00, 8.324908e-10, 3.889009e-10, 4.325549e+01, 2.455247e-02
6.256000e+08, 4.116565e-02, 9.561732e-01, 2.838642e-01, -1.525930e+00, 8.288963e-10, 3.888924e-10, 4.329108e+01, 2.309334e-02
6.294000e+08, 4.135178e-02, 9.561658e-01, 2.640733e-01, -1.535215e+00, 8.252290e-10, 3.888835e-10, 4.332584e+01, 2.162047e-02
6.332000e+08, 4.154267e-02, 9.561580e-01, 2.443701e-01, -1.544500e+00, 8.214937e-10, 3.888742e-10, 4.335976e+01, 2.013413e-02
6.370000e+08, 4.173824e-02, 9.561496e-01, 2.247560e-01, -1.553785e+00, 8.176951e-10, 3.888646e-10, 4.339283e+01, 1.863459e-02
6.408000e+08, 4.193843e-02, 9.561406e-01, 2.052327e-01, -1.563070e+00, 8.138380e-10, 3.888547e-10, 4.342504e+01, 1.712212e-02
6.446000e+08, 4.214318e-02, 9.561312e-01, 1.858014e-01, -1.572354e+00, 8.099270e-10, 3.888444e-10, 4.345637e+01, 1.559701e-02
6.484000e+08, 4.235242e-02, 9.561213e-01, 1.664635e-01, -1.581638e+00, 8.059666e-10, 3.888338e-10, 4.348682e+01, 1.405953e-02
6.522000e+08, 4.256609e-02, 9.561108e-01, 1.472201e-01, -1.590922e+00, 8.019613e-10, 3.888228e-10, 4.351637e+01, 1.250996e-02
6.560000e+08, 4.278411e-02, 9.560999e-01, 1.280724e-01, -1.600206e+00, 7.979155e-10, 3.888116e-10, 4.354502e+01, 1.094860e-02
6.598000e+08, 4.300642e-02, 9.560884e-01, 1.090213e-01, -1.609489e+00, 7.938335e-10, 3.888000e-10, 4.357275e+01, 9.375734e-03
6.636000e+08, 4.323294e-02, 9.560765e-01, 9.006765e-02, -1.618772e+00, 7.897195e-10, 3.887882e-10, 4.359955e+01, 7.791660e-03
6.674000e+08, 4.346360e-02, 9.560641e-01, 7.121223e-02, -1.628055e+00, 7.855776e-10, 3.887761e-10, 4.362541e+01, 6.196676e-03
6.712000e+08, 4.369833e-02, 9.560513e-01, 5.245570e-02, -1.637337e+00, 7.814117e-10, 3.887636e-10, 4.365033e+01, 4.591086e-03
6.750000e+08, 4.393706e-02, 9.560380e-01, 3.379863e-02, -1.646619e+00, 7.772259e-10, 3.887509e-10, 4.367429e+01, 2.975194e-03
6.788000e+08, 4.417971e-02, 9.560242e-01, 1.524150e-02, -1.655901e+00, 7.730237e-10, 3.887380e-10, 4.369729e+01, 1.349311e-03
6.826000e+08, 4.442620e-02, 9.560100e-01, -3.215290e-03, -1.665183e+00, 7.688088e-10, 3.887247e-10, 4.371931e+01, -2.862507e-04
6.864000e+08, 4.467647e-02, 9.559953e-01, -2.157145e-02, -1.674464e+00, 7.645847e-10, 3.887112e-10, 4.374035e+01, -1.931175e-03
6.902000e+08, 4.493043e-02, 9.559803e-01, -3.982675e-02, -1.683745e+00, 7.603547e-10, 3.886975e-10, 4.376039e+01, -3.585142e-03
6.940000e+08, 4.518801e-02, 9.559648e-01, -5.798106e-02, -1.693025e+00, 7.561222e-10, 3.886835e-10, 4.377944e+01, -5.247830e-03
6.978000e+08, 4.544913e-02, 9.559489e-01, -7.603431e-02, -1.702306e+00, 7.518902e-10, 3.886693e-10, 4.379747e+01, -6.918911e-03
7.016000e+08, 4.571372e-02, 9.559325e-01, -9.398652e-02, -1.711586e+00, 7.476617e-10, 3.886549e-10, 4.381449e+01, -8.598058e-03
7.054000e+08, 4.598170e-02, 9.559158e-01, -1.118378e-01, -1.720865e+00, 7.434395e-10, 3.886402e-10, 4.383049e+01, -1.028494e-02
7.092000e+08, 4.625299e-02, 9.558987e-01, -1.295882e-01, -1.730144e+00, 7.392263e-10, 3.886253e-10, 4.384545e+01, -1.197922e-02
7.130000e+08, 4.652751e-02, 9.558812e-01, -1.472381e-01, -1.739423e+00, 7.350247e-10, 3.886102e-10, 4.385937e+01, -1.368055e-02
7.168000e+08, 4.680519e-02, 9.558634e-01, -1.647876e-01, -1.748702e+00, 7.308372e-10, 3.885949e-10, 4.387225e+01, -1.538861e-02
7.206000e+08, 4.708595e-02, 9.558451e-01, -1.822371e-01, -1.757980e+00, 7.266661e-10, 3.885795e-10, 4.388407e+01, -1.710304e-02
7.244000e+08, 4.736972e-02, 9.558266e-01, -1.995871e-01, -1.767258e+00, 7.225137e-10, 3.885638e-10, 4.389484e+01, -1.882350e-02
7.282000e+08, 4.765641e-02, 9.558076e-01, -2.168379e-01, -1.776535e+00, 7.183819e-10, 3.885480e-10, 4.390454e+01, -2.054963e-02
7.320000e+08, 4.794594e-02, 9.557884e-01, -2.339901e-01, -1.785812e+00, 7.142727e-10, 3.885320e-10, 4.391317e+01, -2.228110e-02
7.358000e+08, 4.823825e-02, 9.557687e-01, -2.510441e-01, -1.795089e+00, 7.101881e-10, 3.885158e-10, 4.392073e+01, -2.401754e-02
7.396000e+08, 4.853326e-02, 9.557488e-01, -2.680006e-01, -1.804365e+00, 7.061296e-10, 3.884994e-10, 4.392720e+01, -2.575859e-02
7.434000e+08, 4.883088e-02, 9.557286e-01, -2.848603e-01, -1.813641e+00, 7.020990e-10, 3.884830e-10, 4.393259e+01, -2.750389e-02
7.472000e+08, 4.913104e-02, 9.557080e-01, -3.016236e-01, -1.822916e+00, 6.980978e-10, 3.884663e-10, 4.393689e+01, -2.925310e-02
7.510000e+08, 4.943368e-02, 9.556872e-01, -3.182915e-01, -1.832191e+00, 6.941273e-10, 3.884496e-10, 4.394010e+01, -3.100583e-02
7.548000e+08, 4.973870e-02, 9.556660e-01, -3.348646e-01, -1.841466e+00, 6.901889e-10, 3.884327e-10, 4.394221e+01, -3.276173e-02
7.586000e+08, 5.004603e-02, 9.556446e-01, -3.513436e-01, -1.850740e+00, 6.862837e-10, 3.884157e-10, 4.394322e+01, -3.452042e-02
7.624000e+08, 5.035561e-02, 9.556229e-01, -3.677294e-01, -1.860014e+00, 6.824129e-10, 3.883985e-10, 4.394312e+01, -3.628154e-02
7.662000e+08, 5.066735e-02, 9.556009e-01, -3.840227e-01, -1.869287e+00, 6.785776e-10, 3.883813e-10, 4.394192e+01, -3.804472e-02
7.700000e+08, 5.098118e-02, 9.555787e-01, -4.002245e-01, -1.878560e+00, 6.747785e-10, 3.883640e-10, 4.393960e+01, -3.980958e-02
7.738000e+08, 5.129703e-02, 9.555563e-01, -4.163356e-01, -1.887833e+00, 6.710167e-10, 3.883465e-10, 4.393618e+01, -4.157574e-02
7.776000e+08, 5.161483e-02, 9.555336e-01, -4.323569e-01, -1.897105e+00, 6.672928e-10, 3.883290e-10, 4.393164e+01, -4.334284e-02
7.814000e+08, 5.193449e-02, 9.555106e-01, -4.482892e-01, -1.906377e+00, 6.636076e-10, 3.883114e-10, 4.392598e+01, -4.511048e-02
7.852000e+08, 5.225595e-02, 9.554875e-01, -4.641336e-01, -1.915648e+00, 6.599616e-10, 3.882937e-10, 4.391921e+01, -4.687830e-02
7.890000e+08, 5.257914e-02, 9.554641e-01, -4.798909e-01, -1.924919e+00, 6.563554e-10, 3.882760e-10, 4.391132e+01, -4.864591e-02
7.928000e+08, 5.290398e-02, 9.554406e-01, -4.955621e-01, -1.934190e+00, 6.527896e-10, 3.882582e-10, 4.390231e+01, -5.041293e-02
7.966000e+08, 5.323041e-02, 9.554168e-01, -5.111482e-01, -1.943460e+00, 6.492644e-10, 3.882403e-10, 4.389219e+01, -5.217897e-02
8.004000e+08, 5.355835e-02, 9.553929e-01, -5.266501e-01, -1.952730e+00, 6.457803e-10, 3.882224e-10, 4.388095e+01, -5.394365e-02
8.042000e+08, 5.388773e-02, 9.553687e-01, -5.420688e-01, -1.961999e+00, 6.423376e-10, 3.882045e-10, 4.386859e+01, -5.570660e-02
8.080000e+08, 5.421848e-02, 9.553444e-01, -5.574053e-01, -1.971268e+00, 6.389365e-10, 3.881865e-10, 4.385512e+01, -5.746741e-02
8.118000e+08, 5.455053e-02, 9.553200e-01, -5.726606e-01, -1.980536e+00, 6.355772e-10, 3.881685e-10, 4.384053e+01, -5.922570e-02
8.156000e+08, 5.488381e-02, 9.552954e-01, -5.878357e-01, -1.989804e+00, 6.322599e-10, 3.881504e-10, 4.382483e+01, -6.098110e-02
8.194000e+08, 5.521827e-02, 9.552706e-01, -6.029316e-01, -1.999072e+00, 6.289845e-10, 3.881324e-10, 4.380801e+01, -6.273320e-02
8.232000e+08, 5.555381e-02, 9.552457e-01, -6.179493e-01, -2.008339e+00, 6.257513e-10, 3.881143e-10, 4.379009e+01, -6.448163e-02
8.270000e+08, 5.589039e-02, 9.552207e-01, -6.328898e-01, -2.017605e+00, 6.225602e-10, 3.880962e-10, 4.377107e+01, -6.622599e-02
8.308000e+08, 5.622793e-02, 9.551956e-01, -6.477541e-01, -2.026872e+00, 6.194112e-10, 3.880781e-10, 4.375094e+01, -6.796589e-02
8.346000e+08, 5.656637e-02, 9.551703e-01, -6.625433e-01, -2.036137e+00, 6.163043e-10, 3.880601e-10, 4.372971e+01, -6.970096e-02
8.384000e+08, 5.690563e-02, 9.551450e-01, -6.772582e-01, -2.045403e+00, 6.132392e-10, 3.880420e-10, 4.370738e+01, -7.143079e-02
8.422000e+08, 5.724567e-02, 9.551196e-01, -6.919000e-01, -2.054668e+00, 6.102160e-10, 3.880240e-10, 4.368396e+01, -7.315501e-02
8.460000e+08, 5.758640e-02, 9.550940e-01, -7.064696e-01, -2.063932e+00, 6.072344e-10, 3.880060e-10, 4.365946e+01, -7.487322e-02
8.498000e+08, 5.792776e-02, 9.550684e-01, -7.209680e-01, -2.073196e+00, 6.042943e-10, 3.879880e-10, 4.363387e+01, -7.658504e-02
8.536000e+08, 5.826970e-02, 9.550428e-01, -7.353961e-01, -2.082460e+00, 6.013954e-10, 3.879701e-10, 4.360721e+01, -7.829008e-02
8.574000e+08, 5.861214e-02, 9.550170e-01, -7.497551e-01, -2.091723e+00, 5.985376e-10, 3.879522e-10, 4.357947e+01, -7.998796e-02
8.612000e+08, 5.895503e-02, 9.549913e-01, -7.640459e-01, -2.100986e+00, 5.957206e-10, 3.879343e-10, 4.355067e+01, -8.167829e-02
8.650000e+08, 5.929830e-02, 9.549654e-01, -7.782694e-01, -2.110248e+00, 5.929441e-10, 3.879165e-10, 4.352081e+01, -8.336068e-02
8.688000e+08, 5.964189e-02, 9.549396e-01, -7.924266e-01, -2.119510e+00, 5.902078e-10, 3.878988e-10, 4.348990e+01, -8.503476e-02
8.726000e+08, 5.998573e-02, 9.549137e-01, -8.065184e-01, -2.128772e+00, 5.875114e-10, 3.878811e-10, 4.345793e+01, -8.670013e-02
8.764000e+08, 6.032977e-02, 9.548878e-01, -8.205459e-01, -2.138033e+00, 5.848546e-10, 3.878635e-10, 4.342493e+01, -8.835643e-02
8.802000e+08, 6.067395e-02, 9.548619e-01, -8.345100e-01, -2.147293e+00, 5.822371e-10, 3.878460e-10, 4.339090e+01, -9.000326e-02
8.840000e+08, 6.101820e-02, 9.548360e-01, -8.484115e-01, -2.156554e+00, 5.796585e-10, 3.878285e-10, 4.335584e+01, -9.164026e-02
8.878000e+08, 6.136246e-02, 9.548100e-01, -8.622515e-01, -2.165813e+00, 5.771184e-10, 3.878111e-10, 4.331977e+01, -9.326704e-02
8.916000e+08, 6.170668e-02, 9.547841e-01, -8.760308e-01, -2.175073e+00, 5.746165e-10, 3.877939e-10, 4.328269e+01, -9.488323e-02
8.954000e+08, 6.205080e-02, 9.547582e-01, -8.897504e-01, -2.184332e+00, 5.721524e-10, 3.877767e-10, 4.324461e+01, -9.648846e-02
8.992000e+08, 6.239475e-02, 9.547324e-01, -9.034112e-01, -2.193590e+00, 5.697256e-10, 3.877596e-10, 4.320554e+01, -9.808235e-02
9.030000e+08, 6.273848e-02, 9.547065e-01, -9.170140e-01, -2.202849e+00, 5.673359e-10, 3.877426e-10, 4.316549e+01, -9.966454e-02
9.068000e+08, 6.308194e-02, 9.546808e-01, -9.305598e-01, -2.212106e+00, 5.649828e-10, 3.877257e-10, 4.312447e+01, -1.012347e-01
9.106000e+08, 6.342505e-02, 9.546550e-01, -9.440494e-01, -2.221364e+00, 5.626659e-10, 3.877090e-10, 4.308249e+01, -1.027923e-01
9.144000e+08, 6.376777e-02, 9.546293e-01, -9.574837e-01, -2.230621e+00, 5.603848e-10, 3.876923e-10, 4.303956e+01, -1.043372e-01
9.182000e+08, 6.411005e-02, 9.546037e-01, -9.708635e-01, -2.239877e+00, 5.581391e-10, 3.876758e-10, 4.299569e+01, -1.058689e-01
9.220000e+08, 6.445181e-02, 9.545781e-01, -9.841897e-01, -2.249134e+00, 5.559283e-10, 3.876594e-10, 4.295089e+01, -1.073871e-01
9.258000e+08, 6.479301e-02, 9.545527e-01, -9.974631e-01, -2.258389e+00, 5.537520e-10, 3.876431e-10, 4.290517e+01, -1.088914e-01
9.296000e+08, 6.513360e-02, 9.545273e-01, -1.010685e+00, -2.267645e+00, 5.516099e-10, 3.876270e-10, 4.285854e+01, -1.103815e-01
9.334000e+08, 6.547351e-02, 9.545020e-01, -1.023855e+00, -2.276900e+00, 5.495014e-10, 3.876110e-10, 4.281102e+01, -1.118570e-01
9.372000e+08, 6.581269e-02, 9.544768e-01, -1.036975e+00, -2.286154e+00, 5.474263e-10, 3.875951e-10, 4.276262e+01, -1.133176e-01
9.410000e+08, 6.615109e-02, 9.544517e-01, -1.050045e+00, -2.295409e+00, 5.453839e-10, 3.875794e-10, 4.271334e+01, -1.147629e-01
9.448000e+08, 6.648865e-02, 9.544267e-01, -1.063067e+00, -2.304663e+00, 5.433740e-10, 3.875639e-10, 4.266321e+01, -1.161926e-01
9.486000e+08, 6.682533e-02, 9.544018e-01, -1.076040e+00, -2.313916e+00, 5.413961e-10, 3.875485e-10, 4.261222e+01, -1.176063e-01
9.524000e+08, 6.716106e-02, 9.543771e-01, -1.088967e+00, -2.323169e+00, 5.394497e-10, 3.875332e-10, 4.256041e+01, -1.190037e-01
9.562000e+08, 6.749579e-02, 9.543525e-01, -1.101847e+00, -2.332422e+00, 5.375345e-10, 3.875181e-10, 4.250777e+01, -1.203845e-01
9.600000e+08, 6.782948e-02, 9.543280e-01, -1.114681e+00, -2.341674e+00, 5.356501e-10, 3.875032e-10, 4.245433e+01, -1.217484e-01
9.638000e+08, 6.816206e-02, 9.543036e-01, -1.127470e+00, -2.350927e+00, 5.337960e-10, 3.874884e-10, 4.240010e+01, -1.230950e-01
9.676000e+08, 6.849349e-02, 9.542795e-01, -1.140215e+00, -2.360178e+00, 5.319718e-10, 3.874739e-10, 4.234508e+01, -1.244239e-01
9.714000e+08, 6.882372e-02, 9.542554e-01, -1.152917e+00, -2.369430e+00, 5.301771e-10, 3.874595e-10, 4.228930e+01, -1.257350e-01
9.752000e+08, 6.915269e-02, 9.542315e-01, -1.165575e+00, -2.378681e+00, 5.284115e-10, 3.874452e-10, 4.223276e+01, -1.270278e-01
9.790000e+08, 6.948035e-02, 9.542078e-01, -1.178192e+00, -2.387931e+00, 5.266746e-10, 3.874312e-10, 4.217549e+01, -1.283021e-01
9.828000e+08, 6.980666e-02, 9.541843e-01, -1.190767e+00, -2.397182e+00, 5.249661e-10, 3.874173e-10, 4.211750e+01, -1.295575e-01
9.866000e+08, 7.013156e-02, 9.541610e-01, -1.203301e+00, -2.406432e+00, 5.232854e-10, 3.874036e-10, 4.205880e+01, -1.307938e-01
9.904000e+08, 7.045500e-02, 9.541378e-01, -1.215795e+00, -2.415681e+00, 5.216323e-10, 3.873901e-10, 4.199940e+01, -1.320106e-01
9.942000e+08, 7.077693e-02, 9.541148e-01, -1.228249e+00, -2.424931e+00, 5.200063e-10, 3.873768e-10, 4.193933e+01, -1.332076e-01
9.980000e+08, 7.109731e-02, 9.540920e-01, -1.240665e+00, -2.434180e+00, 5.184070e-10, 3.873637e-10, 4.187859e+01, -1.343847e-01
1.001800e+09, 7.141609e-02, 9.540694e-01, -1.253043e+00, -2.443429e+00, 5.168342e-10, 3.873508e-10, 4.181720e+01, -1.355413e-01
1.005600e+09, 7.173321e-02, 9.540471e-01, -1.265383e+00, -2.452677e+00, 5.152873e-10, 3.873381e-10, 4.175518e+01, -1.366774e-01
1.009400e+09, 7.204863e-02, 9.540249e-01, -1.277686e+00, -2.461925e+00, 5.137661e-10, 3.873256e-10, 4.169255e+01, -1.377926e-01
1.013200e+09, 7.236230e-02, 9.540029e-01, -1.289952e+00, -2.471173e+00, 5.122702e-10, 3.873133e-10, 4.162931e+01, -1.388866e-01
1.017000e+09, 7.267417e-02, 9.539812e-01, -1.302183e+00, -2.480420e+00, 5.107992e-10, 3.873012e-10, 4.156549e+01, -1.399591e-01
1.020800e+09, 7.298420e-02, 9.539597e-01, -1.314379e+00, -2.489668e+00, 5.093528e-10, 3.872893e-10, 4.150110e+01, -1.410100e-01
1.024600e+09, 7.329234e-02, 9.539384e-01, -1.326541e+00, -2.498915e+00, 5.079307e-10, 3.872776e-10, 4.143616e+01, -1.420389e-01
1.028400e+09, 7.359854e-02, 9.539174e-01, -1.338668e+00, -2.508161e+00, 5.065324e-10, 3.872662e-10, 4.137068e+01, -1.430455e-01
1.032200e+09, 7.390275e-02, 9.538966e-01, -1.350762e+00, -2.517408e+00, 5.051577e-10, 3.872549e-10, 4.130468e+01, -1.440297e-01
1.036000e+09, 7.420493e-02, 9.538760e-01, -1.362823e+00, -2.526654e+00, 5.038062e-10, 3.872439e-10, 4.123817e+01, -1.449912e-01
1.039800e+09, 7.450504e-02, 9.538557e-01, -1.374852e+00, -2.535900e+00, 5.024776e-10, 3.872331e-10, 4.117118e+01, -1.459297e-01
1.043600e+09, 7.480302e-02, 9.538356e-01, -1.386849e+00, -2.545145e+00, 5.011716e-10, 3.872225e-10, 4.110372e+01, -1.468450e-01
1.047400e+09, 7.509884e-02, 9.538158e-01, -1.398815e+00, -2.554391e+00, 4.998879e-10, 3.872121e-10, 4.103580e+01, -1.477369e-01
1.051200e+09, 7.539244e-02, 9.537963e-01, -1.410751e+00, -2.563636e+00, 4.986262e-10, 3.872020e-10, 4.096745e+01, -1.486051e-01
1.055000e+09, 7.568379e-02, 9.537770e-01, -1.422656e+00, -2.572881e+00, 4.973861e-10, 3.871921e-10, 4.089867e+01, -1.494495e-01
1.058800e+09, 7.597283e-02, 9.537580e-01, -1.434532e+00, -2.582125e+00, 4.961674e-10, 3.871824e-10, 4.082949e+01, -1.502697e-01
1.062600e+09, 7.625953e-02, 9.537393e-01, -1.446378e+00, -2.591370e+00, 4.949698e-10, 3.871729e-10, 4.075993e+01, -1.510656e-01
1.066400e+09, 7.654384e-02, 9.537208e-01, -1.458196e+00, -2.600614e+00, 4.937929e-10, 3.871636e-10, 4.068999e+01, -1.518370e-01
1.070200e+09, 7.682572e-02, 9.537026e-01, -1.469986e+00, -2.609858e+00, 4.926366e-10, 3.871546e-10, 4.061971e+01, -1.525837e-01
1.074000e+09, 7.710513e-02, 9.536847e-01, -1.481748e+00, -2.619102e+00, 4.915005e-10, 3.871459e-10, 4.054909e+01, -1.533055e-01
1.077800e+09, 7.738201e-02, 9.536671e-01, -1.493483e+00, -2.628345e+00, 4.903844e-10, 3.871373e-10, 4.047815e+01, -1.540021e-01
1.081600e+09, 7.765633e-02, 9.536498e-01, -1.505192e+00, -2.637589e+00, 4.892879e-10, 3.871290e-10, 4.040690e+01, -1.546734e-01
1.085400e+09, 7.792805e-02, 9.536328e-01, -1.516874e+00, -2.646832e+00, 4.882109e-10, 3.871209e-10, 4.033538e+01, -1.553193e-01
1.089200e+09, 7.819713e-02, 9.536160e-01, -1.528531e+00, -2.656075e+00, 4.871531e-10, 3.871131e-10, 4.026359e+01, -1.559395e-01
1.093000e+09, 7.846352e-02, 9.535996e-01, -1.540162e+00, -2.665317e+00, 4.861143e-10, 3.871055e-10, 4.019155e+01, -1.565339e-01
1.096800e+09, 7.872718e-02, 9.535835e-01, -1.551769e+00, -2.674560e+00, 4.850941e-10, 3.870981e-10, 4.011927e+01, -1.571023e-01
1.100600e+09, 7.898807e-02, 9.535676e-01, -1.563351e+00, -2.683802e+00, 4.840924e-10, 3.870909e-10, 4.004678e+01, -1.576445e-01
1.104400e+09, 7.924615e-02, 9.535521e-01, -1.574909e+00, -2.693045e+00, 4.831090e-10, 3.870841e-10, 3.997410e+01, -1.581604e-01
1.108200e+09, 7.950137e-02, 9.535369e-01, -1.586444e+00, -2.702287e+00, 4.821435e-10, 3.870774e-10, 3.990123e+01, -1.586499e-01
1.112000e+09, 7.975371e-02, 9.535220e-01, -1.597955e+00, -2.711528e+00, 4.811958e-10, 3.870710e-10, 3.982820e+01, -1.591128e-01
1.115800e+09, 8.000312e-02, 9.535074e-01, -1.609445e+00, -2.720770e+00, 4.802657e-10, 3.870648e-10, 3.975503e+01, -1.595490e-01
1.119600e+09, 8.024956e-02, 9.534932e-01, -1.620911e+00, -2.730012e+00, 4.793529e-10, 3.870588e-10, 3.968172e+01, -1.599582e-01
1.123400e+09, 8.049298e-02, 9.534792e-01, -1.632356e+00, -2.739253e+00, 4.784572e-10, 3.870531e-10, 3.960831e+01, -1.603405e-01
1.127200e+09, 8.073336e-02, 9.534656e-01, -1.643780e+00, -2.748495e+00, 4.775785e-10, 3.870477e-10, 3.953479e+01, -1.606957e-01
1.131000e+09, 8.097065e-02, 9.534523e-01, -1.655183e+00, -2.757736e+00, 4.767165e-10, 3.870425e-10, 3.946121e+01, -1.610237e-01
1.134800e+09, 8.120482e-02, 9.534394e-01, -1.666565e+00, -2.766977e+00, 4.758711e-10, 3.870375e-10, 3.938756e+01, -1.613243e-01
1.138600e+09, 8.143582e-02, 9.534267e-01, -1.677927e+00, -2.776218e+00, 4.750420e-10, 3.870327e-10, 3.931387e+01, -1.615975e-01
1.142400e+09, 8.166361e-02, 9.534144e-01, -1.689269e+00, -2.785459e+00, 4.742291e-10, 3.870282e-10, 3.924015e+01, -1.618432e-01
1.146200e+09, 8.188817e-02, 9.534025e-01, -1.700592e+00, -2.794699e+00, 4.734323e-10, 3.870240e-10, 3.916642e+01, -1.620612e-01
1.150000e+09, 8.210945e-02, 9.533908e-01, -1.711896e+00, -2.803940e+00, 4.726512e-10, 3.870200e-10, 3.909270e+01, -1.622516e-01
1.153800e+09, 8.232742e-02, 9.533795e-01, -1.723181e+00, -2.813181e+00, 4.718858e-10, 3.870162e-10, 3.901900e+01, -1.624141e-01
1.157600e+09, 8.254204e-02, 9.533686e-01, -1.734447e+00, -2.822421e+00, 4.711358e-10, 3.870126e-10, 3.894535e+01, -1.625488e-01
1.161400e+09, 8.275326e-02, 9.533579e-01, -1.745696e+00, -2.831661e+00, 4.704012e-10, 3.870093e-10, 3.887175e+01, -1.626556e-01
1.165200e+09, 8.296107e-02, 9.533476e-01, -1.756928e+00, -2.840902e+00, 4.696818e-10, 3.870063e-10, 3.879823e+01, -1.627344e-01
1.169000e+09, 8.316542e-02, 9.533377e-01, -1.768142e+00, -2.850142e+00, 4.689774e-10, 3.870035e-10, 3.872480e+01, -1.627851e-01
1.172800e+09, 8.336627e-02, 9.533281e-01, -1.779339e+00, -2.859382e+00, 4.682879e-10, 3.870009e-10, 3.865147e+01, -1.628078e-01
1.176600e+09, 8.356360e-02, 9.533188e-01, -1.790520e+00, -2.868622e+00, 4.676132e-10, 3.869985e-10, 3.857827e+01, -1.628023e-01
1.180400e+09, 8.375736e-02, 9.533099e-01, -1.801685e+00, -2.877862e+00, 4.669530e-10, 3.869964e-10, 3.850521e+01, -1.627687e-01
1.184200e+09, 8.394752e-02, 9.533014e-01, -1.812834e+00, -2.887102e+00, 4.663073e-10, 3.869946e-10, 3.843231e+01, -1.627068e-01
1.188000e+09, 8.413405e-02, 9.532932e-01, -1.823967e+00, -2.896342e+00, 4.656759e-10, 3.869929e-10, 3.835958e+01, -1.626168e-01
1.191800e+09, 8.431691e-02, 9.532853e-01, -1.835086e+00, -2.905582e+00, 4.650588e-10, 3.869916e-10, 3.828704e+01, -1.624985e-01
1.195600e+09, 8.449607e-02, 9.532778e-01, -1.846190e+00, -2.914822e+00, 4.644557e-10, 3.869904e-10, 3.821470e+01, -1.623520e-01
1.199400e+09, 8.467150e-02, 9.532706e-01, -1.857279e+00, -2.924061e+00, 4.638666e-10, 3.869895e-10, 3.814258e+01, -1.621772e-01
1.203200e+09, 8.484316e-02, 9.532638e-01, -1.868355e+00, -2.933301e+00, 4.632914e-10, 3.869888e-10, 3.807070e+01, -1.619742e-01
1.207000e+09, 8.501102e-02, 9.532573e-01, -1.879416e+00, -2.942541e+00, 4.627300e-10, 3.869884e-10, 3.799908e+01, -1.617430e-01
1.210800e+09, 8.517505e-02, 9.532512e-01, -1.890464e+00, -2.951781e+00, 4.621822e-10, 3.869881e-10, 3.792772e+01, -1.614835e-01
1.214600e+09, 8.533522e-02, 9.532454e-01, -1.901499e+00, -2.961021e+00, 4.616480e-10, 3.869882e-10, 3.785664e+01, -1.611958e-01
1.218400e+09, 8.549149e-02, 9.532400e-01, -1.912522e+00, -2.970260e+00, 4.611272e-10, 3.869884e-10, 3.778586e+01, -1.608800e-01
1.222200e+09, 8.564384e-02, 9.532349e-01, -1.923532e+00, -2.979500e+00, 4.606198e-10, 3.869889e-10, 3.771540e+01, -1.605360e-01
1.226000e+09, 8.579223e-02, 9.532302e-01, -1.934529e+00, -2.988740e+00, 4.601257e-10, 3.869896e-10, 3.764527e+01, -1.601639e-01
1.229800e+09, 8.593663e-02, 9.532259e-01, -1.945516e+00, -2.997980e+00, 4.596448e-10, 3.869906e-10, 3.757548e+01, -1.597637e-01
1.233600e+09, 8.607701e-02, 9.532218e-01, -1.956490e+00, -3.007220e+00, 4.591770e-10, 3.869917e-10, 3.750605e+01, -1.593356e-01
1.237400e+09, 8.621334e-02, 9.532182e-01, -1.967453e+00, -3.016459e+00, 4.587223e-10, 3.869931e-10, 3.743700e+01, -1.588795e-01
1.241200e+09, 8.634559e-02, 9.532149e-01, -1.978406e+00, -3.025699e+00, 4.582806e-10, 3.869948e-10, 3.736833e+01, -1.583956e-01
1.245000e+09, 8.647374e-02, 9.532119e-01, -1.989348e+00, -3.034939e+00, 4.578518e-10, 3.869966e-10, 3.730007e+01, -1.578838e-01
1.248800e+09, 8.659775e-02, 9.532093e-01, -2.000280e+00, -3.044179e+00, 4.574358e-10, 3.869987e-10, 3.723223e+01, -1.573444e-01
1.252600e+09, 8.671759e-02, 9.532071e-01, -2.011201e+00, -3.053419e+00, 4.570327e-10, 3.870010e-10, 3.716482e+01, -1.567773e-01
1.256400e+09, 8.683324e-02, 9.532052e-01, -2.022114e+00, -3.062659e+00, 4.566423e-10, 3.870035e-10, 3.709786e+01, -1.561827e-01
1.260200e+09, 8.694467e-02, 9.532036e-01, -2.033016e+00, -3.071899e+00, 4.562646e-10, 3.870063e-10, 3.703136e+01, -1.555606e-01
1.264000e+09, 8.705184e-02, 9.532024e-01, -2.043910e+00, -3.081140e+00, 4.558995e-10, 3.870092e-10, 3.696534e+01, -1.549113e-01
1.267800e+09, 8.715474e-02, 9.532016e-01, -2.054795e+00, -3.090380e+00, 4.555471e-10, 3.870124e-10, 3.689980e+01, -1.542347e-01
1.271600e+09, 8.725334e-02, 9.532011e-01, -2.065672e+00, -3.099620e+00, 4.552072e-10, 3.870158e-10, 3.683477e+01, -1.535310e-01
1.275400e+09, 8.734761e-02, 9.532009e-01, -2.076541e+00, -3.108861e+00, 4.548799e-10, 3.870195e-10, 3.677026e+01, -1.528004e-01
1.279200e+09, 8.743752e-02, 9.532011e-01, -2.087401e+00, -3.118101e+00, 4.545650e-10, 3.870233e-10, 3.670628e+01, -1.520430e-01
1.283000e+09, 8.752304e-02, 9.532017e-01, -2.098255e+00, -3.127342e+00, 4.542627e-10, 3.870274e-10, 3.664284e+01, -1.512588e-01
1.286800e+09, 8.760416e-02, 9.532025e-01, -2.109101e+00, -3.136583e+00, 4.539728e-10, 3.870316e-10, 3.657995e+01, -1.504482e-01
1.290600e+09, 8.768084e-02, 9.532038e-01, -2.119940e+00, 3.137362e+00, 4.536954e-10, 3.870361e-10, 3.651764e+01, -1.496111e-01
1.294400e+09, 8.775307e-02, 9.532053e-01, -2.130772e+00, 3.128121e+00, 4.534304e-10, 3.870408e-10, 3.645592e+01, -1.487478e-01
1.298200e+09, 8.782081e-02, 9.532073e-01, -2.141598e+00, 3.118880e+00, 4.531779e-10, 3.870457e-10, 3.639478e+01, -1.478585e-01
1.302000e+09, 8.788405e-02, 9.532095e-01, -2.152418e+00, 3.109639e+00, 4.529377e-10, 3.870508e-10, 3.633426e+01, -1.469433e-01
1.305800e+09, 8.794275e-02, 9.532121e-01, -2.163233e+00, 3.100398e+00, 4.527100e-10, 3.870561e-10, 3.627436e+01, -1.460025e-01
1.309600e+09, 8.799690e-02, 9.532151e-01, -2.174042e+00, 3.091156e+00, 4.524947e-10, 3.870617e-10, 3.621510e+01, -1.450361e-01
1.313400e+09, 8.804647e-02, 9.532183e-01, -2.184846e+00, 3.081915e+00, 4.522919e-10, 3.870674e-10, 3.615648e+01, -1.440444e-01
1.317200e+09, 8.809144e-02, 9.532219e-01, -2.195645e+00, 3.072673e+00, 4.521015e-10, 3.870733e-10, 3.609852e+01, -1.430277e-01
1.321000e+09, 8.813179e-02, 9.532259e-01, -2.206439e+00, 3.063431e+00, 4.519236e-10, 3.870795e-10, 3.604123e+01, -1.419860e-01
1.324800e+09, 8.816750e-02, 9.532302e-01, -2.217229e+00, 3.054189e+00, 4.517582e-10, 3.870858e-10, 3.598463e+01, -1.409197e-01
1.328600e+09, 8.819854e-02, 9.532348e-01, -2.228015e+00, 3.044947e+00, 4.516053e-10, 3.870924e-10, 3.592871e+01, -1.398289e-01
1.332400e+09, 8.822489e-02, 9.532397e-01, -2.238798e+00, 3.035705e+00, 4.514649e-10, 3.870991e-10, 3.587351e+01, -1.387139e-01
1.336200e+09, 8.824653e-02, 9.532450e-01, -2.249577e+00, 3.026463e+00, 4.513371e-10, 3.871060e-10, 3.581902e+01, -1.375750e-01
1.340000e+09, 8.826345e-02, 9.532506e-01, -2.260353e+00, 3.017220e+00, 4.512220e-10, 3.871132e-10, 3.576527e+01, -1.364123e-01
1.343800e+09, 8.827561e-02, 9.532565e-01, -2.271127e+00, 3.007977e+00, 4.511195e-10, 3.871205e-10, 3.571225e+01, -1.352261e-01
1.347600e+09, 8.828301e-02, 9.532628e-01, -2.281898e+00, 2.998734e+00, 4.510298e-10, 3.871280e-10, 3.565999e+01, -1.340168e-01
1.351400e+09, 8.828562e-02, 9.532694e-01, -2.292667e+00, 2.989491e+00, 4.509528e-10, 3.871358e-10, 3.560848e+01, -1.327844e-01
1.355200e+09, 8.828343e-02, 9.532763e-01, -2.303434e+00, 2.980248e+00, 4.508887e-10, 3.871437e-10, 3.555776e+01, -1.315294e-01
1.359000e+09, 8.827641e-02, 9.532835e-01, -2.314199e+00, 2.971004e+00, 4.508375e-10, 3.871518e-10, 3.550781e+01, -1.302520e-01
1.362800e+09, 8.826454e-02, 9.532910e-01, -2.324963e+00, 2.961761e+00, 4.507993e-10, 3.871600e-10, 3.545866e+01, -1.289525e-01
1.366600e+09, 8.824782e-02, 9.532988e-01, -2.335727e+00, 2.952517e+00, 4.507741e-10, 3.871685e-10, 3.541031e+01, -1.276312e-01
1.370400e+09, 8.822622e-02, 9.533070e-01, -2.346489e+00, 2.943273e+00, 4.507621e-10, 3.871772e-10, 3.536278e+01, -1.262883e-01
1.374200e+09, 8.819973e-02, 9.533155e-01, -2.357252e+00, 2.934028e+00, 4.507632e-10, 3.871860e-10, 3.531608e+01, -1.249243e-01
1.378000e+09, 8.816832e-02, 9.533242e-01, -2.368014e+00, 2.924784e+00, 4.507777e-10, 3.871950e-10, 3.527021e+01, -1.235393e-01
1.381800e+09, 8.813199e-02, 9.533333e-01, -2.378777e+00, 2.915539e+00, 4.508056e-10, 3.872042e-10, 3.522518e+01, -1.221337e-01
1.385600e+09, 8.809071e-02, 9.533427e-01, -2.389541e+00, 2.906294e+00, 4.508471e-10, 3.872136e-10, 3.518101e+01, -1.207079e-01
1.389400e+09, 8.804448e-02, 9.533524e-01, -2.400305e+00, 2.897049e+00, 4.509021e-10, 3.872232e-10, 3.513770e+01, -1.192622e-01
1.393200e+09, 8.799327e-02, 9.533624e-01, -2.411071e+00, 2.887804e+00, 4.509709e-10, 3.872329e-10, 3.509526e+01, -1.177969e-01
1.397000e+09, 8.793708e-02, 9.533727e-01, -2.421838e+00, 2.878558e+00, 4.510536e-10, 3.872428e-10, 3.505370e+01, -1.163124e-01
1.400800e+09, 8.787589e-02, 9.533833e-01, -2.432608e+00, 2.869312e+00, 4.511502e-10, 3.872529e-10, 3.501304e+01, -1.148090e-01
1.404600e+09, 8.780968e-02, 9.533942e-01, -2.443379e+00, 2.860066e+00, 4.512610e-10, 3.872632e-10, 3.497327e+01, -1.132870e-01
1.408400e+09, 8.773844e-02, 9.534053e-01, -2.454154e+00, 2.850820e+00, 4.513860e-10, 3.872736e-10, 3.493442e+01, -1.117469e-01
1.412200e+09, 8.766217e-02, 9.534168e-01, -2.464931e+00, 2.841573e+00, 4.515255e-10, 3.872842e-10, 3.489648e+01, -1.101891e-01
1.416000e+09, 8.758084e-02, 9.534285e-01, -2.475712e+00, 2.832326e+00, 4.516796e-10, 3.872950e-10, 3.485946e+01, -1.086138e-01
1.419800e+09, 8.749445e-02, 9.534405e-01, -2.486496e+00, 2.823079e+00, 4.518484e-10, 3.873060e-10, 3.482337e+01, -1.070215e-01
1.423600e+09, 8.740298e-02, 9.534529e-01, -2.497284e+00, 2.813832e+00, 4.520321e-10, 3.873171e-10, 3.478823e+01, -1.054125e-01
1.427400e+09, 8.730643e-02, 9.534654e-01, -2.508077e+00, 2.804584e+00, 4.522308e-10, 3.873283e-10, 3.475403e+01, -1.037873e-01
1.431200e+09, 8.720478e-02, 9.534783e-01, -2.518875e+00, 2.795337e+00, 4.524449e-10, 3.873398e-10, 3.472079e+01, -1.021463e-01
1.435000e+09, 8.709802e-02, 9.534914e-01, -2.529677e+00, 2.786088e+00, 4.526744e-10, 3.873514e-10, 3.468852e+01, -1.004898e-01
1.438800e+09, 8.698615e-02, 9.535048e-01, -2.540485e+00, 2.776840e+00, 4.529196e-10, 3.873631e-10, 3.465721e+01, -9.881832e-02
1.442600e+09, 8.686915e-02, 9.535185e-01, -2.551299e+00, 2.767591e+00, 4.531807e-10, 3.873751e-10, 3.462688e+01, -9.713223e-02
1.446400e+09, 8.674702e-02, 9.535324e-01, -2.562120e+00, 2.758342e+00, 4.534578e-10, 3.873872e-10, 3.459754e+01, -9.543196e-02
1.450200e+09, 8.661975e-02, 9.535466e-01, -2.572946e+00, 2.749093e+00, 4.537513e-10, 3.873994e-10, 3.456919e+01, -9.371795e-02
1.454000e+09, 8.648733e-02, 9.535611e-01, -2.583780e+00, 2.739843e+00, 4.540613e-10, 3.874118e-10, 3.454183e+01, -9.199062e-02
1.457800e+09, 8.634975e-02, 9.535758e-01, -2.594621e+00, 2.730593e+00, 4.543882e-10, 3.874243e-10, 3.451548e+01, -9.025041e-02
1.461600e+09, 8.620701e-02, 9.535908e-01, -2.605470e+00, 2.721343e+00, 4.547321e-10, 3.874371e-10, 3.449014e+01, -8.849778e-02
1.465400e+09, 8.605909e-02, 9.536060e-01, -2.616328e+00, 2.712093e+00, 4.550934e-10, 3.874499e-10, 3.446582e+01, -8.673317e-02
1.469200e+09, 8.590601e-02, 9.536214e-01, -2.627194e+00, 2.702842e+00, 4.554722e-10, 3.874629e-10, 3.444252e+01, -8.495704e-02
1.473000e+09, 8.574774e-02, 9.536371e-01, -2.638068e+00, 2.693591e+00, 4.558690e-10, 3.874761e-10, 3.442025e+01, -8.316984e-02
1.476800e+09, 8.558429e-02, 9.536531e-01, -2.648953e+00, 2.684339e+00, 4.562839e-10, 3.874894e-10, 3.439901e+01, -8.137204e-02
1.480600e+09, 8.541565e-02, 9.536693e-01, -2.659847e+00, 2.675088e+00, 4.567174e-10, 3.875028e-10, 3.437880e+01, -7.956412e-02
1.484400e+09, 8.524182e-02, 9.536857e-01, -2.670752e+00, 2.665836e+00, 4.571697e-10, 3.875164e-10, 3.435965e+01, -7.774653e-02
1.488200e+09, 8.506279e-02, 9.537023e-01, -2.681667e+00, 2.656583e+00, 4.576411e-10, 3.875302e-10, 3.434154e+01, -7.591976e-02
1.492000e+09, 8.487856e-02, 9.537192e-01, -2.692594e+00, 2.647331e+00, 4.581321e-10, 3.875441e-10, 3.432448e+01, -7.408430e-02
1.495800e+09, 8.468913e-02, 9.537363e-01, -2.703532e+00, 2.638077e+00, 4.586429e-10, 3.875581e-10, 3.430849e+01, -7.224062e-02
1.499600e+09, 8.449450e-02, 9.537536e-01, -2.714483e+00, 2.628824e+00, 4.591739e-10, 3.875723e-10, 3.429355e+01, -7.038922e-02
1.503400e+09, 8.429466e-02, 9.537712e-01, -2.725446e+00, 2.619570e+00, 4.597256e-10, 3.875866e-10, 3.427969e+01, -6.853059e-02
1.507200e+09, 8.408962e-02, 9.537889e-01, -2.736423e+00, 2.610316e+00, 4.602984e-10, 3.876011e-10, 3.426689e+01, -6.666522e-02
1.511000e+09, 8.387938e-02, 9.538069e-01, -2.747413e+00, 2.601062e+00, 4.608926e-10, 3.876157e-10, 3.425517e+01, -6.479363e-02
1.514800e+09, 8.366393e-02, 9.538251e-01, -2.758417e+00, 2.591807e+00, 4.615086e-10, 3.876304e-10, 3.424453e+01, -6.291631e-02
1.518600e+09, 8.344328e-02, 9.538435e-01, -2.769436e+00, 2.582552e+00, 4.621471e-10, 3.876453e-10, 3.423497e+01, -6.103376e-02
1.522400e+09, 8.321743e-02, 9.538620e-01, -2.780470e+00, 2.573297e+00, 4.628083e-10, 3.876603e-10, 3.422649e+01, -5.914651e-02
1.526200e+09, 8.298638e-02, 9.538808e-01, -2.791520e+00, 2.564041e+00, 4.634928e-10, 3.876754e-10, 3.421910e+01, -5.725505e-02
1.530000e+09, 8.275014e-02, 9.538998e-01, -2.802587e+00, 2.554785e+00, 4.642011e-10, 3.876907e-10, 3.421281e+01, -5.535991e-02
1.533800e+09, 8.250870e-02, 9.539190e-01, -2.813670e+00, 2.545528e+00, 4.649337e-10, 3.877061e-10, 3.420760e+01, -5.346161e-02
1.537600e+09, 8.226207e-02, 9.539383e-01, -2.824771e+00, 2.536271e+00, 4.656911e-10, 3.877216e-10, 3.420350e+01, -5.156066e-02
1.541400e+09, 8.201026e-02, 9.539579e-01, -2.835890e+00, 2.527014e+00, 4.664740e-10, 3.877372e-10, 3.420049e+01, -4.965760e-02
1.545200e+09, 8.175328e-02, 9.539776e-01, -2.847027e+00, 2.517756e+00, 4.672829e-10, 3.877530e-10, 3.419858e+01, -4.775293e-02
1.549000e+09, 8.149112e-02, 9.539975e-01, -2.858184e+00, 2.508498e+00, 4.681183e-10, 3.877689e-10, 3.419778e+01, -4.584720e-02
1.552800e+09, 8.122379e-02, 9.540175e-01, -2.869361e+00, 2.499240e+00, 4.689810e-10, 3.877850e-10, 3.419808e+01, -4.394092e-02
1.556600e+09, 8.095131e-02, 9.540378e-01, -2.880559e+00, 2.489981e+00, 4.698716e-10, 3.878011e-10, 3.419948e+01, -4.203463e-02
1.560400e+09, 8.067367e-02, 9.540582e-01, -2.891777e+00, 2.480722e+00, 4.707907e-10, 3.878174e-10, 3.420199e+01, -4.012887e-02
1.564200e+09, 8.039089e-02, 9.540787e-01, -2.903018e+00, 2.471462e+00, 4.717390e-10, 3.878338e-10, 3.420562e+01, -3.822415e-02
1.568000e+09, 8.010298e-02, 9.540994e-01, -2.914281e+00, 2.462202e+00, 4.727174e-10, 3.878503e-10, 3.421035e+01, -3.632102e-02
1.571800e+09, 7.980994e-02, 9.541203e-01, -2.925568e+00, 2.452942e+00, 4.737264e-10, 3.878670e-10, 3.421619e+01, -3.442002e-02
1.575600e+09, 7.951179e-02, 9.541413e-01, -2.936879e+00, 2.443681e+00, 4.747670e-10, 3.878837e-10, 3.422314e+01, -3.252167e-02
1.579400e+09, 7.920853e-02, 9.541624e-01, -2.948214e+00, 2.434420e+00, 4.758399e-10, 3.879006e-10, 3.423120e+01, -3.062651e-02
1.583200e+09, 7.890019e-02, 9.541837e-01, -2.959575e+00, 2.425158e+00, 4.769460e-10, 3.879176e-10, 3.424037e+01, -2.873508e-02
1.587000e+09, 7.858676e-02, 9.542052e-01, -2.970963e+00, 2.415897e+00, 4.780861e-10, 3.879347e-10, 3.425065e+01, -2.684792e-02
1.590800e+09, 7.826827e-02, 9.542267e-01, -2.982378e+00, 2.406634e+00, 4.792613e-10, 3.879519e-10, 3.426204e+01, -2.496556e-02
1.594600e+09, 7.794474e-02, 9.542484e-01, -2.993821e+00, 2.397371e+00, 4.804723e-10, 3.879692e-10, 3.427454e+01, -2.308854e-02
1.598400e+09, 7.761616e-02, 9.542702e-01, -3.005293e+00, 2.388108e+00, 4.817202e-10, 3.879866e-10, 3.428815e+01, -2.121739e-02
1.602200e+09, 7.728256e-02, 9.542922e-01, -3.016794e+00, 2.378845e+00, 4.830060e-10, 3.880042e-10, 3.430287e+01, -1.935265e-02
1.606000e+09, 7.694396e-02, 9.543142e-01, -3.028326e+00, 2.369581e+00, 4.843308e-10, 3.880218e-10, 3.431870e+01, -1.749486e-02
1.609800e+09, 7.660037e-02, 9.543364e-01, -3.039890e+00, 2.360316e+00, 4.856957e-10, 3.880396e-10, 3.433563e+01, -1.564455e-02
1.613600e+09, 7.625181e-02, 9.543587e-01, -3.051487e+00, 2.351051e+00, 4.871018e-10, 3.880574e-10, 3.435367e+01, -1.380225e-02
1.617400e+09, 7.589830e-02, 9.543810e-01, -3.063117e+00, 2.341786e+00, 4.885504e-10, 3.880754e-10, 3.437280e+01, -1.196850e-02
1.621200e+09, 7.553986e-02, 9.544035e-01, -3.074782e+00, 2.332520e+00, 4.900426e-10, 3.880935e-10, 3.439304e+01, -1.014382e-02
1.625000e+09, 7.517651e-02, 9.544260e-01, -3.086482e+00, 2.323254e+00, 4.915798e-10, 3.881116e-10, 3.441438e+01, -8.328745e-03
1.628800e+09, 7.480827e-02, 9.544487e-01, -3.098219e+00, 2.313987e+00, 4.931633e-10, 3.881299e-10, 3.443681e+01, -6.523804e-03
1.632600e+09, 7.443517e-02, 9.544714e-01, -3.109994e+00, 2.304720e+00, 4.947946e-10, 3.881482e-10, 3.446033e+01, -4.729521e-03
1.636400e+09, 7.405722e-02, 9.544942e-01, -3.121808e+00, 2.295453e+00, 4.964750e-10, 3.881667e-10, 3.448494e+01, -2.946419e-03
1.640200e+09, 7.367445e-02, 9.545171e-01, -3.133661e+00, 2.286185e+00, 4.982061e-10, 3.881852e-10, 3.451064e+01, -1.175021e-03
1.644000e+09, 7.328688e-02, 9.545400e-01, 3.137629e+00, 2.276917e+00, 4.999894e-10, 3.882038e-10, 3.453743e+01, 5.841551e-04
1.647800e+09, 7.289455e-02, 9.545630e-01, 3.125691e+00, 2.267648e+00, 5.018267e-10, 3.882226e-10, 3.456529e+01, 2.330592e-03
1.651600e+09, 7.249748e-02, 9.545861e-01, 3.113709e+00, 2.258379e+00, 5.037196e-10, 3.882414e-10, 3.459423e+01, 4.063775e-03
1.655400e+09, 7.209570e-02, 9.546092e-01, 3.101682e+00, 2.249109e+00, 5.056699e-10, 3.882602e-10, 3.462424e+01, 5.783194e-03
1.659200e+09, 7.168923e-02, 9.546324e-01, 3.089609e+00, 2.239839e+00, 5.076794e-10, 3.882792e-10, 3.465532e+01, 7.488340e-03
1.663000e+09, 7.127811e-02, 9.546556e-01, 3.077487e+00, 2.230568e+00, 5.097502e-10, 3.882983e-10, 3.468747e+01, 9.178708e-03
1.666800e+09, 7.086236e-02, 9.546789e-01, 3.065317e+00, 2.221297e+00, 5.118842e-10, 3.883174e-10, 3.472067e+01, 1.085380e-02
1.670600e+09, 7.044203e-02, 9.547022e-01, 3.053095e+00, 2.212026e+00, 5.140836e-10, 3.883366e-10, 3.475492e+01, 1.251311e-02
1.674400e+09, 7.001715e-02, 9.547255e-01, 3.040821e+00, 2.202754e+00, 5.163504e-10, 3.883559e-10, 3.479023e+01, 1.415614e-02
1.678200e+09, 6.958775e-02, 9.547488e-01, 3.028492e+00, 2.193481e+00, 5.186871e-10, 3.883753e-10, 3.482658e+01, 1.578241e-02
1.682000e+09, 6.915386e-02, 9.547722e-01, 3.016108e+00, 2.184208e+00, 5.210961e-10, 3.883947e-10, 3.486396e+01, 1.739143e-02
1.685800e+09, 6.871553e-02, 9.547955e-01, 3.003666e+00, 2.174935e+00, 5.235797e-10, 3.884142e-10, 3.490238e+01, 1.898271e-02
1.689600e+09, 6.827280e-02, 9.548189e-01, 2.991165e+00, 2.165661e+00, 5.261406e-10, 3.884338e-10, 3.494182e+01, 2.055578e-02
1.693400e+09, 6.782570e-02, 9.548423e-01, 2.978603e+00, 2.156387e+00, 5.287816e-10, 3.884534e-10, 3.498229e+01, 2.211015e-02
1.697200e+09, 6.737427e-02, 9.548657e-01, 2.965978e+00, 2.147112e+00, 5.315055e-10, 3.884731e-10, 3.502377e+01, 2.364537e-02
1.701000e+09, 6.691857e-02, 9.548890e-01, 2.953287e+00, 2.137837e+00, 5.343152e-10, 3.884929e-10, 3.506625e+01, 2.516095e-02
1.704800e+09, 6.645864e-02, 9.549124e-01, 2.940530e+00, 2.128561e+00, 5.372139e-10, 3.885127e-10, 3.510973e+01, 2.665645e-02
1.708600e+09, 6.599452e-02, 9.549357e-01, 2.927703e+00, 2.119285e+00, 5.402047e-10, 3.885326e-10, 3.515421e+01, 2.813140e-02
1.712400e+09, 6.552626e-02, 9.549590e-01, 2.914805e+00, 2.110008e+00, 5.432911e-10, 3.885525e-10, 3.519967e+01, 2.958535e-02
1.716200e+09, 6.505391e-02, 9.549823e-01, 2.901834e+00, 2.100731e+00, 5.464766e-10, 3.885725e-10, 3.524611e+01, 3.101786e-02
1.720000e+09, 6.457753e-02, 9.550055e-01, 2.888786e+00, 2.091454e+00, 5.497648e-10, 3.885925e-10, 3.529351e+01, 3.242848e-02
1.723800e+09, 6.409717e-02, 9.550287e-01, 2.875660e+00, 2.082176e+00, 5.531598e-10, 3.886126e-10, 3.534188e+01, 3.381677e-02
1.727600e+09, 6.361288e-02, 9.550519e-01, 2.862452e+00, 2.072897e+00, 5.566654e-10, 3.886327e-10, 3.539120e+01, 3.518231e-02
1.731400e+09, 6.312472e-02, 9.550750e-01, 2.849161e+00, 2.063618e+00, 5.602859e-10, 3.886529e-10, 3.544147e+01, 3.652467e-02
1.735200e+09, 6.263275e-02, 9.550980e-01, 2.835784e+00, 2.054339e+00, 5.640257e-10, 3.886730e-10, 3.549267e+01, 3.784343e-02
1.739000e+09, 6.213704e-02, 9.551209e-01, 2.822317e+00, 2.045059e+00, 5.678895e-10, 3.886933e-10, 3.554480e+01, 3.913817e-02
1.742800e+09, 6.163765e-02, 9.551438e-01, 2.808758e+00, 2.035778e+00, 5.718821e-10, 3.887135e-10, 3.559784e+01, 4.040849e-02
1.746600e+09, 6.113464e-02, 9.551666e-01, 2.795104e+00, 2.026497e+00, 5.760086e-10, 3.887338e-10, 3.565179e+01, 4.165397e-02
1.750400e+09, 6.062809e-02, 9.551894e-01, 2.781351e+00, 2.017216e+00, 5.802742e-10, 3.887541e-10, 3.570664e+01, 4.287423e-02
1.754200e+09, 6.011806e-02, 9.552120e-01, 2.767496e+00, 2.007934e+00, 5.846845e-10, 3.887744e-10, 3.576237e+01, 4.406888e-02
1.758000e+09, 5.960464e-02, 9.552345e-01, 2.753536e+00, 1.998651e+00, 5.892453e-10, 3.887948e-10, 3.581899e+01, 4.523752e-02
1.761800e+09, 5.908790e-02, 9.552570e-01, 2.739468e+00, 1.989368e+00, 5.939626e-10, 3.888151e-10, 3.587646e+01, 4.637978e-02
1.765600e+09, 5.856791e-02, 9.552793e-01, 2.725286e+00, 1.980085e+00, 5.988429e-10, 3.888355e-10, 3.593480e+01, 4.749529e-02
1.769400e+09, 5.804477e-02, 9.553015e-01, 2.710988e+00, 1.970801e+00, 6.038928e-10, 3.888559e-10, 3.599397e+01, 4.858368e-02
1.773200e+09, 5.751856e-02, 9.553236e-01, 2.696569e+00, 1.961517e+00, 6.091193e-10, 3.888762e-10, 3.605399e+01, 4.964460e-02
1.777000e+09, 5.698937e-02, 9.553455e-01, 2.682026e+00, 1.952232e+00, 6.145296e-10, 3.888966e-10, 3.611482e+01, 5.067768e-02
1.780800e+09, 5.645729e-02, 9.553673e-01, 2.667353e+00, 1.942947e+00, 6.201314e-10, 3.889170e-10, 3.617646e+01, 5.168258e-02
1.784600e+09, 5.592242e-02, 9.553890e-01, 2.652547e+00, 1.933661e+00, 6.259327e-10, 3.889374e-10, 3.623889e+01, 5.265897e-02
1.788400e+09, 5.538487e-02, 9.554105e-01, 2.637602e+00, 1.924374e+00, 6.319418e-10, 3.889577e-10, 3.630212e+01, 5.360650e-02
1.792200e+09, 5.484473e-02, 9.554319e-01, 2.622514e+00, 1.915088e+00, 6.381676e-10, 3.889781e-10, 3.636611e+01, 5.452486e-02
1.796000e+09, 5.430213e-02, 9.554531e-01, 2.607277e+00, 1.905800e+00, 6.446191e-10, 3.889984e-10, 3.643086e+01, 5.541373e-02
1.799800e+09, 5.375716e-02, 9.554741e-01, 2.591886e+00, 1.896513e+00, 6.513060e-10, 3.890187e-10, 3.649636e+01, 5.627278e-02
1.803600e+09, 5.320996e-02, 9.554950e-01, 2.576335e+00, 1.887224e+00, 6.582382e-10, 3.890389e-10, 3.656260e+01, 5.710173e-02
1.807400e+09, 5.266064e-02, 9.555156e-01, 2.560619e+00, 1.877936e+00, 6.654263e-10, 3.890592e-10, 3.662955e+01, 5.790026e-02
1.811200e+09, 5.210933e-02, 9.555361e-01, 2.544731e+00, 1.868646e+00, 6.728811e-10, 3.890794e-10, 3.669720e+01, 5.866810e-02
1.815000e+09, 5.155618e-02, 9.555564e-01, 2.528666e+00, 1.859357e+00, 6.806141e-10, 3.890996e-10, 3.676555e+01, 5.940494e-02
1.818800e+09, 5.100131e-02, 9.555765e-01, 2.512415e+00, 1.850066e+00, 6.886372e-10, 3.891197e-10, 3.683457e+01, 6.011053e-02
1.822600e+09, 5.044489e-02, 9.555964e-01, 2.495973e+00, 1.840776e+00, 6.969628e-10, 3.891398e-10, 3.690425e+01, 6.078459e-02
1.826400e+09, 4.988705e-02, 9.556160e-01, 2.479333e+00, 1.831485e+00, 7.056038e-10, 3.891598e-10, 3.697458e+01, 6.142686e-02
1.830200e+09, 4.932796e-02, 9.556355e-01, 2.462485e+00, 1.822193e+00, 7.145738e-10, 3.891798e-10, 3.704554e+01, 6.203708e-02
1.834000e+09, 4.876780e-02, 9.556547e-01, 2.445424e+00, 1.812901e+00, 7.238868e-10, 3.891997e-10, 3.711712e+01, 6.261501e-02
1.837800e+09, 4.820672e-02, 9.556737e-01, 2.428141e+00, 1.803608e+00, 7.335572e-10, 3.892195e-10, 3.718929e+01, 6.316042e-02
1.841600e+09, 4.764493e-02, 9.556924e-01, 2.410626e+00, 1.794315e+00, 7.436003e-10, 3.892393e-10, 3.726205e+01, 6.367306e-02
1.845400e+09, 4.708260e-02, 9.557108e-01, 2.392872e+00, 1.785022e+00, 7.540316e-10, 3.892590e-10, 3.733538e+01, 6.415272e-02
1.849200e+09, 4.651995e-02, 9.557291e-01, 2.374869e+00, 1.775728e+00, 7.648673e-10, 3.892786e-10, 3.740925e+01, 6.459918e-02
1.853000e+09, 4.595717e-02, 9.557470e-01, 2.356606e+00, 1.766433e+00, 7.761241e-10, 3.892981e-10, 3.748366e+01, 6.501223e-02
1.856800e+09, 4.539450e-02, 9.557647e-01, 2.338076e+00, 1.757138e+00, 7.878191e-10, 3.893176e-10, 3.755859e+01, 6.539167e-02
1.860600e+09, 4.483216e-02, 9.557821e-01, 2.319266e+00, 1.747843e+00, 7.999699e-10, 3.893369e-10, 3.763401e+01, 6.573732e-02
1.864400e+09, 4.427039e-02, 9.557992e-01, 2.300165e+00, 1.738547e+00, 8.125946e-10, 3.893562e-10, 3.770992e+01, 6.604898e-02
1.868200e+09, 4.370945e-02, 9.558160e-01, 2.280764e+00, 1.729251e+00, 8.257116e-10, 3.893753e-10, 3.778629e+01, 6.632649e-02
1.872000e+09, 4.314961e-02, 9.558325e-01, 2.261049e+00, 1.719954e+00, 8.393394e-10, 3.893944e-10, 3.786310e+01, 6.656966e-02
1.875800e+09, 4.259114e-02, 9.558487e-01, 2.241009e+00, 1.710657e+00, 8.534968e-10, 3.894133e-10, 3.794034e+01, 6.677835e-02
1.879600e+09, 4.203435e-02, 9.558646e-01, 2.220631e+00, 1.701359e+00, 8.682029e-10, 3.894321e-10, 3.801798e+01, 6.695240e-02
1.883400e+09, 4.147953e-02, 9.558802e-01, 2.199901e+00, 1.692061e+00, 8.834764e-10, 3.894508e-10, 3.809602e+01, 6.709167e-02
1.887200e+09, 4.092701e-02, 9.558954e-01, 2.178807e+00, 1.682763e+00, 8.993359e-10, 3.894693e-10, 3.817442e+01, 6.719603e-02
1.891000e+09, 4.037714e-02, 9.559103e-01, 2.157335e+00, 1.673464e+00, 9.157997e-10, 3.894878e-10, 3.825317e+01, 6.726533e-02
1.894800e+09, 3.983027e-02, 9.559249e-01, 2.135469e+00, 1.664164e+00, 9.328853e-10, 3.895060e-10, 3.833226e+01, 6.729948e-02
1.898600e+09, 3.928678e-02, 9.559391e-01, 2.113195e+00, 1.654864e+00, 9.506095e-10, 3.895242e-10, 3.841165e+01, 6.729835e-02
1.902400e+09, 3.874705e-02, 9.559529e-01, 2.090499e+00, 1.645564e+00, 9.689876e-10, 3.895421e-10, 3.849133e+01, 6.726185e-02
1.906200e+09, 3.821152e-02, 9.559664e-01, 2.067363e+00, 1.636263e+00, 9.880337e-10, 3.895600e-10, 3.857128e+01, 6.718988e-02
1.910000e+09, 3.768060e-02, 9.559795e-01, 2.043773e+00, 1.626962e+00, 1.007760e-09, 3.895776e-10, 3.865147e+01, 6.708236e-02
1.913800e+09, 3.715476e-02, 9.559923e-01, 2.019711e+00, 1.617660e+00, 1.028175e-09, 3.895951e-10, 3.873189e+01, 6.693921e-02
1.917600e+09, 3.663448e-02, 9.560046e-01, 1.995162e+00, 1.608358e+00, 1.049287e-09, 3.896124e-10, 3.881252e+01, 6.676036e-02
1.921400e+09, 3.612025e-02, 9.560166e-01, 1.970109e+00, 1.599056e+00, 1.071098e-09, 3.896296e-10, 3.889332e+01, 6.654576e-02
1.925200e+09, 3.561261e-02, 9.560281e-01, 1.944536e+00, 1.589753e+00, 1.093608e-09, 3.896465e-10, 3.897429e+01, 6.629536e-02
1.929000e+09, 3.511211e-02, 9.560392e-01, 1.918425e+00, 1.580450e+00, 1.116810e-09, 3.896633e-10, 3.905540e+01, 6.600910e-02
1.932800e+09, 3.461933e-02, 9.560500e-01, 1.891760e+00, 1.571146e+00, 1.140693e-09, 3.896799e-10, 3.913662e+01, 6.568697e-02
1.936600e+09, 3.413486e-02, 9.560603e-01, 1.864524e+00, 1.561842e+00, 1.165239e-09, 3.896963e-10, 3.921794e+01, 6.532894e-02
1.940400e+09, 3.365934e-02, 9.560702e-01, 1.836703e+00, 1.552538e+00, 1.190423e-09, 3.897124e-10, 3.929933e+01, 6.493499e-02
1.944200e+09, 3.319342e-02, 9.560796e-01, 1.808280e+00, 1.543233e+00, 1.216210e-09, 3.897284e-10, 3.938076e+01, 6.450511e-02
1.948000e+09, 3.273779e-02, 9.560886e-01, 1.779242e+00, 1.533928e+00, 1.242559e-09, 3.897442e-10, 3.946222e+01, 6.403931e-02
1.951800e+09, 3.229315e-02, 9.560972e-01, 1.749574e+00, 1.524622e+00, 1.269416e-09, 3.897597e-10, 3.954367e+01, 6.353761e-02
1.955600e+09, 3.186024e-02, 9.561053e-01, 1.719266e+00, 1.515316e+00, 1.296716e-09, 3.897750e-10, 3.962511e+01, 6.300002e-02
1.959400e+09, 3.143982e-02, 9.561129e-01, 1.688305e+00, 1.506010e+00, 1.324383e-09, 3.897900e-10, 3.970649e+01, 6.242657e-02
1.963200e+09, 3.103267e-02, 9.561201e-01, 1.656684e+00, 1.496703e+00, 1.352326e-09, 3.898049e-10, 3.978780e+01, 6.181731e-02
1.967000e+09, 3.063960e-02, 9.561268e-01, 1.624396e+00, 1.487396e+00, 1.380442e-09, 3.898194e-10, 3.986902e+01, 6.117227e-02
1.970800e+09, 3.026143e-02, 9.561330e-01, 1.591436e+00, 1.478089e+00, 1.408614e-09, 3.898338e-10, 3.995011e+01, 6.049153e-02
1.974600e+09, 2.989899e-02, 9.561387e-01, 1.557804e+00, 1.468781e+00, 1.436708e-09, 3.898478e-10, 4.003106e+01, 5.977514e-02
1.978400e+09, 2.955316e-02, 9.561440e-01, 1.523501e+00, 1.459473e+00, 1.464578e-09, 3.898616e-10, 4.011184e+01, 5.902319e-02
1.982200e+09, 2.922477e-02, 9.561487e-01, 1.488533e+00, 1.450165e+00, 1.492063e-09, 3.898752e-10, 4.019241e+01, 5.823576e-02
1.986000e+09, 2.891472e-02, 9.561529e-01, 1.452908e+00, 1.440856e+00, 1.518988e-09, 3.898885e-10, 4.027277e+01, 5.741294e-02
1.989800e+09, 2.862385e-02, 9.561566e-01, 1.416640e+00, 1.431547e+00, 1.545167e-09, 3.899014e-10, 4.035287e+01, 5.655484e-02
1.993600e+09, 2.835303e-02, 9.561598e-01, 1.379748e+00, 1.422238e+00, 1.570404e-09, 3.899142e-10, 4.043271e+01, 5.566158e-02
1.997400e+09, 2.810311e-02, 9.561625e-01, 1.342253e+00, 1.412928e+00, 1.594495e-09, 3.899266e-10, 4.051224e+01, 5.473327e-02
2.001200e+09, 2.787492e-02, 9.561646e-01, 1.304182e+00, 1.403618e+00, 1.617232e-09, 3.899387e-10, 4.059144e+01, 5.377006e-02
2.005000e+09, 2.766925e-02, 9.561662e-01, 1.265569e+00, 1.394308e+00, 1.638406e-09, 3.899505e-10, 4.067030e+01, 5.277208e-02
2.008800e+09, 2.748686e-02, 9.561673e-01, 1.226450e+00, 1.384997e+00, 1.657810e-09, 3.899620e-10, 4.074877e+01, 5.173948e-02
2.012600e+09, 2.732849e-02, 9.561678e-01, 1.186868e+00, 1.375687e+00, 1.675245e-09, 3.899732e-10, 4.082684e+01, 5.067244e-02
2.016400e+09, 2.719479e-02, 9.561677e-01, 1.146870e+00, 1.366376e+00, 1.690525e-09, 3.899841e-10, 4.090447e+01, 4.957111e-02
2.020200e+09, 2.708639e-02, 9.561671e-01, 1.106507e+00, 1.357064e+00, 1.703479e-09, 3.899947e-10, 4.098165e+01, 4.843570e-02
2.024000e+09, 2.700382e-02, 9.561660e-01, 1.065835e+00, 1.347753e+00, 1.713959e-09, 3.900049e-10, 4.105833e+01, 4.726637e-02
2.027800e+09, 2.694757e-02, 9.561642e-01, 1.024912e+00, 1.338441e+00, 1.721839e-09, 3.900149e-10, 4.113451e+01, 4.606334e-02
2.031600e+09, 2.691803e-02, 9.561619e-01, 9.838010e-01, 1.329129e+00, 1.727026e-09, 3.900244e-10, 4.121014e+01, 4.482682e-02
2.035400e+09, 2.691551e-02, 9.561590e-01, 9.425664e-01, 1.319817e+00, 1.729456e-09, 3.900337e-10, 4.128521e+01, 4.355702e-02
2.039200e+09, 2.694025e-02, 9.561555e-01, 9.012737e-01, 1.310504e+00, 1.729098e-09, 3.900425e-10, 4.135968e+01, 4.225419e-02
2.043000e+09, 2.699237e-02, 9.561514e-01, 8.599896e-01, 1.301191e+00, 1.725958e-09, 3.900511e-10, 4.143353e+01, 4.091855e-02
2.046800e+09, 2.707194e-02, 9.561467e-01, 8.187804e-01, 1.291879e+00, 1.720073e-09, 3.900592e-10, 4.150673e+01, 3.955036e-02
2.050600e+09, 2.717891e-02, 9.561414e-01, 7.777118e-01, 1.282565e+00, 1.711517e-09, 3.900670e-10, 4.157925e+01, 3.814988e-02
2.054400e+09, 2.731314e-02, 9.561355e-01, 7.368474e-01, 1.273252e+00, 1.700391e-09, 3.900745e-10, 4.165107e+01, 3.671738e-02
2.058200e+09, 2.747444e-02, 9.561290e-01, 6.962487e-01, 1.263939e+00, 1.686827e-09, 3.900816e-10, 4.172216e+01, 3.525314e-02
2.062000e+09, 2.766249e-02, 9.561219e-01, 6.559738e-01, 1.254625e+00, 1.670981e-09, 3.900882e-10, 4.179248e+01, 3.375745e-02
2.065800e+09, 2.787694e-02, 9.561142e-01, 6.160773e-01, 1.245311e+00, 1.653025e-09, 3.900946e-10, 4.186203e+01, 3.223060e-02
2.069600e+09, 2.811733e-02, 9.561058e-01, 5.766095e-01, 1.235997e+00, 1.633152e-09, 3.901005e-10, 4.193075e+01, 3.067292e-02
2.073400e+09, 2.838318e-02, 9.560968e-01, 5.376162e-01, 1.226683e+00, 1.611563e-09, 3.901060e-10, 4.199864e+01, 2.908471e-02
2.077200e+09, 2.867391e-02, 9.560872e-01, 4.991384e-01, 1.217369e+00, 1.588464e-09, 3.901111e-10, 4.206566e+01, 2.746631e-02
2.081000e+09, 2.898891e-02, 9.560769e-01, 4.612120e-01, 1.208055e+00, 1.564066e-09, 3.901159e-10, 4.213178e+01, 2.581806e-02
2.084800e+09, 2.932754e-02, 9.560660e-01, 4.238682e-01, 1.198740e+00, 1.538575e-09, 3.901202e-10, 4.219699e+01, 2.414029e-02
2.088600e+09, 2.968912e-02, 9.560544e-01, 3.871331e-01, 1.189426e+00, 1.512194e-09, 3.901241e-10, 4.226124e+01, 2.243339e-02
2.092400e+09, 3.007292e-02, 9.560422e-01, 3.510278e-01, 1.180111e+00, 1.485116e-09, 3.901276e-10, 4.232452e+01, 2.069770e-02
2.096200e+09, 3.047822e-02, 9.560294e-01, 3.155690e-01, 1.170796e+00, 1.457525e-09, 3.901307e-10, 4.238680e+01, 1.893361e-02
2.100000e+09, 3.090427e-02, 9.560159e-01, 2.807690e-01, 1.161482e+00, 1.429591e-09, 3.901334e-10, 4.244804e+01, 1.714151e-02
2.103800e+09, 3.135032e-02, 9.560017e-01, 2.466359e-01, 1.152167e+00, 1.401473e-09, 3.901356e-10, 4.250824e+01, 1.532179e-02
2.107600e+09, 3.181561e-02, 9.559869e-01, 2.131742e-01, 1.142852e+00, 1.373313e-09, 3.901374e-10, 4.256735e+01, 1.347485e-02
2.111400e+09, 3.229938e-02, 9.559714e-01, 1.803848e-01, 1.133537e+00, 1.345240e-09, 3.901388e-10, 4.262536e+01, 1.160113e-02
2.115200e+09, 3.280090e-02, 9.559553e-01, 1.482657e-01, 1.124222e+00, 1.317368e-09, 3.901398e-10, 4.268223e+01, 9.701036e-03
2.119000e+09, 3.331942e-02, 9.559385e-01, 1.168121e-01, 1.114907e+00, 1.289797e-09, 3.901403e-10, 4.273795e+01, 7.775009e-03
2.122800e+09, 3.385421e-02, 9.559210e-01, 8.601679e-02, 1.105592e+00, 1.262613e-09, 3.901403e-10, 4.279249e+01, 5.823491e-03
2.126600e+09, 3.440458e-02, 9.559028e-01, 5.587050e-02, 1.096277e+00, 1.235890e-09, 3.901399e-10, 4.284582e+01, 3.846936e-03
2.130400e+09, 3.496981e-02, 9.558840e-01, 2.636225e-02, 1.086962e+00, 1.209690e-09, 3.901391e-10, 4.289791e+01, 1.845807e-03
2.134200e+09, 3.554924e-02, 9.558645e-01, -2.520424e-03, 1.077647e+00, 1.184061e-09, 3.901378e-10, 4.294876e+01, -1.794249e-04
2.138000e+09, 3.614222e-02, 9.558443e-01, -3.079120e-02, 1.068332e+00, 1.159046e-09, 3.901361e-10, 4.299832e+01, -2.228280e-03
2.141800e+09, 3.674812e-02, 9.558235e-01, -5.846470e-02, 1.059017e+00, 1.134676e-09, 3.901339e-10, 4.304658e+01, -4.300269e-03
2.145600e+09, 3.736631e-02, 9.558019e-01, -8.555634e-02, 1.049702e+00, 1.110973e-09, 3.901312e-10, 4.309351e+01, -6.394894e-03
2.149400e+09, 3.799622e-02, 9.557797e-01, -1.120820e-01, 1.040387e+00, 1.087954e-09, 3.901281e-10, 4.313909e+01, -8.511648e-03
2.153200e+09, 3.863727e-02, 9.557568e-01, -1.380581e-01, 1.031072e+00, 1.065629e-09, 3.901245e-10, 4.318331e+01, -1.065002e-02
2.157000e+09, 3.928892e-02, 9.557332e-01, -1.635012e-01, 1.021758e+00, 1.044002e-09, 3.901204e-10, 4.322612e+01, -1.280948e-02
2.160800e+09, 3.995064e-02, 9.557089e-01, -1.884279e-01, 1.012443e+00, 1.023073e-09, 3.901159e-10, 4.326753e+01, -1.498950e-02
2.164600e+09, 4.062194e-02, 9.556840e-01, -2.128549e-01, 1.003129e+00, 1.002839e-09, 3.901108e-10, 4.330749e+01, -1.718954e-02
2.168400e+09, 4.130232e-02, 9.556583e-01, -2.367988e-01, 9.938144e-01, 9.832905e-10, 3.901054e-10, 4.334601e+01, -1.940906e-02
2.172200e+09, 4.199132e-02, 9.556320e-01, -2.602759e-01, 9.845002e-01, 9.644186e-10, 3.900994e-10, 4.338304e+01, -2.164749e-02
2.176000e+09, 4.268851e-02, 9.556050e-01, -2.833025e-01, 9.751862e-01, 9.462103e-10, 3.900929e-10, 4.341858e+01, -2.390428e-02
2.179800e+09, 4.339345e-02, 9.555773e-01, -3.058943e-01, 9.658723e-01, 9.286512e-10, 3.900860e-10, 4.345260e+01, -2.617886e-02
2.183600e+09, 4.410574e-02, 9.555489e-01, -3.280669e-01, 9.565585e-01, 9.117255e-10, 3.900786e-10, 4.348508e+01, -2.847064e-02
2.187400e+09, 4.482498e-02, 9.555199e-01, -3.498353e-01, 9.472450e-01, 8.954162e-10, 3.900707e-10, 4.351602e+01, -3.077905e-02
2.191200e+09, 4.555081e-02, 9.554901e-01, -3.712144e-01, 9.379316e-01, 8.797055e-10, 3.900623e-10, 4.354538e+01, -3.310348e-02
2.195000e+09, 4.628286e-02, 9.554597e-01, -3.922183e-01, 9.286184e-01, 8.645751e-10, 3.900534e-10, 4.357316e+01, -3.544335e-02
2.198800e+09, 4.702079e-02, 9.554286e-01, -4.128610e-01, 9.193055e-01, 8.500063e-10, 3.900441e-10, 4.359934e+01, -3.779805e-02
2.202600e+09, 4.776427e-02, 9.553968e-01, -4.331558e-01, 9.099928e-01, 8.359801e-10, 3.900342e-10, 4.362389e+01, -4.016696e-02
2.206400e+09, 4.851300e-02, 9.553643e-01, -4.531158e-01, 9.006803e-01, 8.224776e-10, 3.900239e-10, 4.364681e+01, -4.254948e-02
2.210200e+09, 4.926665e-02, 9.553312e-01, -4.727533e-01, 8.913680e-01, 8.094801e-10, 3.900131e-10, 4.366808e+01, -4.494497e-02
2.214000e+09, 5.002495e-02, 9.552974e-01, -4.920806e-01, 8.820560e-01, 7.969690e-10, 3.900018e-10, 4.368769e+01, -4.735280e-02
2.217800e+09, 5.078761e-02, 9.552629e-01, -5.111091e-01, 8.727443e-01, 7.849259e-10, 3.899899e-10, 4.370562e+01, -4.977235e-02
2.221600e+09, 5.155436e-02, 9.552277e-01, -5.298501e-01, 8.634328e-01, 7.733329e-10, 3.899776e-10, 4.372187e+01, -5.220296e-02
2.225400e+09, 5.232496e-02, 9.551919e-01, -5.483142e-01, 8.541217e-01, 7.621725e-10, 3.899649e-10, 4.373641e+01, -5.464401e-02
2.229200e+09, 5.309914e-02, 9.551554e-01, -5.665119e-01, 8.448109e-01, 7.514277e-10, 3.899516e-10, 4.374924e+01, -5.709482e-02
2.233000e+09, 5.387668e-02, 9.551183e-01, -5.844531e-01, 8.355003e-01, 7.410818e-10, 3.899378e-10, 4.376035e+01, -5.955476e-02
2.236800e+09, 5.465733e-02, 9.550805e-01, -6.021473e-01, 8.261901e-01, 7.311189e-10, 3.899235e-10, 4.376973e+01, -6.202316e-02
2.240600e+09, 5.544089e-02, 9.550420e-01, -6.196035e-01, 8.168803e-01, 7.215234e-10, 3.899088e-10, 4.377736e+01, -6.449936e-02
2.244400e+09, 5.622713e-02, 9.550029e-01, -6.368307e-01, 8.075708e-01, 7.122803e-10, 3.898936e-10, 4.378325e+01, -6.698269e-02
2.248200e+09, 5.701585e-02, 9.549632e-01, -6.538372e-01, 7.982616e-01, 7.033753e-10, 3.898778e-10, 4.378737e+01, -6.947248e-02
2.252000e+09, 5.780685e-02, 9.549228e-01, -6.706310e-01, 7.889529e-01, 6.947944e-10, 3.898616e-10, 4.378973e+01, -7.196806e-02
2.255800e+09, 5.859994e-02, 9.548817e-01, -6.872200e-01, 7.796445e-01, 6.865243e-10, 3.898449e-10, 4.379033e+01, -7.446874e-02
2.259600e+09, 5.939492e-02, 9.548400e-01, -7.036116e-01, 7.703365e-01, 6.785521e-10, 3.898277e-10, 4.378914e+01, -7.697385e-02
2.263400e+09, 6.019163e-02, 9.547977e-01, -7.198127e-01, 7.610290e-01, 6.708656e-10, 3.898101e-10, 4.378618e+01, -7.948270e-02
2.267200e+09, 6.098988e-02, 9.547548e-01, -7.358304e-01, 7.517218e-01, 6.634529e-10, 3.897919e-10, 4.378142e+01, -8.199461e-02
2.271000e+09, 6.178950e-02, 9.547113e-01, -7.516711e-01, 7.424151e-01, 6.563027e-10, 3.897733e-10, 4.377488e+01, -8.450889e-02
2.274800e+09, 6.259034e-02, 9.546671e-01, -7.673410e-01, 7.331088e-01, 6.494043e-10, 3.897542e-10, 4.376655e+01, -8.702485e-02
2.278600e+09, 6.339223e-02, 9.546223e-01, -7.828463e-01, 7.238030e-01, 6.427472e-10, 3.897347e-10, 4.375643e+01, -8.954180e-02
2.282400e+09, 6.419501e-02, 9.545770e-01, -7.981926e-01, 7.144977e-01, 6.363215e-10, 3.897146e-10, 4.374452e+01, -9.205904e-02
2.286200e+09, 6.499854e-02, 9.545310e-01, -8.133854e-01, 7.051928e-01, 6.301178e-10, 3.896941e-10, 4.373081e+01, -9.457588e-02
2.290000e+09, 6.580266e-02, 9.544844e-01, -8.284302e-01, 6.958884e-01, 6.241269e-10, 3.896731e-10, 4.371531e+01, -9.709164e-02
2.293800e+09, 6.660724e-02, 9.544373e-01, -8.433319e-01, 6.865845e-01, 6.183403e-10, 3.896517e-10, 4.369801e+01, -9.960560e-02
2.297600e+09, 6.741213e-02, 9.543895e-01, -8.580955e-01, 6.772812e-01, 6.127496e-10, 3.896298e-10, 4.367893e+01, -1.021171e-01
2.301400e+09, 6.821720e-02, 9.543412e-01, -8.727255e-01, 6.679783e-01, 6.073469e-10, 3.896075e-10, 4.365806e+01, -1.046254e-01
2.305200e+09, 6.902231e-02, 9.542924e-01, -8.872266e-01, 6.586760e-01, 6.021247e-10, 3.895846e-10, 4.363541e+01, -1.071298e-01
2.309000e+09, 6.982734e-02, 9.542429e-01, -9.016030e-01, 6.493743e-01, 5.970757e-10, 3.895614e-10, 4.361098e+01, -1.096297e-01
2.312800e+09, 7.063216e-02, 9.541929e-01, -9.158588e-01, 6.400731e-01, 5.921930e-10, 3.895377e-10, 4.358478e+01, -1.121242e-01
2.316600e+09, 7.143665e-02, 9.541424e-01, -9.299981e-01, 6.307724e-01, 5.874701e-10, 3.895135e-10, 4.355681e+01, -1.146129e-01
2.320400e+09, 7.224067e-02, 9.540914e-01, -9.440246e-01, 6.214724e-01, 5.829006e-10, 3.894890e-10, 4.352708e+01, -1.170949e-01
2.324200e+09, 7.304413e-02, 9.540398e-01, -9.579420e-01, 6.121729e-01, 5.784785e-10, 3.894639e-10, 4.349559e+01, -1.195695e-01
2.328000e+09, 7.384689e-02, 9.539876e-01, -9.717538e-01, 6.028740e-01, 5.741981e-10, 3.894385e-10, 4.346236e+01, -1.220361e-01
2.331800e+09, 7.464885e-02, 9.539350e-01, -9.854634e-01, 5.935757e-01, 5.700539e-10, 3.894126e-10, 4.342740e+01, -1.244940e-01
2.335600e+09, 7.544989e-02, 9.538819e-01, -9.990741e-01, 5.842781e-01, 5.660407e-10, 3.893863e-10, 4.339071e+01, -1.269425e-01
2.339400e+09, 7.624990e-02, 9.538282e-01, -1.012589e+00, 5.749810e-01, 5.621533e-10, 3.893596e-10, 4.335231e+01, -1.293809e-01
2.343200e+09, 7.704878e-02, 9.537741e-01, -1.026011e+00, 5.656846e-01, 5.583871e-10, 3.893325e-10, 4.331220e+01, -1.318085e-01
2.347000e+09, 7.784641e-02, 9.537195e-01, -1.039343e+00, 5.563889e-01, 5.547374e-10, 3.893050e-10, 4.327039e+01, -1.342248e-01
2.350800e+09, 7.864271e-02, 9.536644e-01, -1.052588e+00, 5.470938e-01, 5.511999e-10, 3.892771e-10, 4.322691e+01, -1.366288e-01
2.354600e+09, 7.943756e-02, 9.536089e-01, -1.065749e+00, 5.377994e-01, 5.477704e-10, 3.892487e-10, 4.318176e+01, -1.390202e-01
2.358400e+09, 8.023086e-02, 9.535529e-01, -1.078827e+00, 5.285056e-01, 5.444449e-10, 3.892200e-10, 4.313495e+01, -1.413980e-01
2.362200e+09, 8.102251e-02, 9.534965e-01, -1.091826e+00, 5.192126e-01, 5.412195e-10, 3.891910e-10, 4.308651e+01, -1.437618e-01
2.366000e+09, 8.181243e-02, 9.534396e-01, -1.104749e+00, 5.099202e-01, 5.380906e-10, 3.891615e-10, 4.303644e+01, -1.461107e-01
2.369800e+09, 8.260050e-02, 9.533824e-01, -1.117596e+00, 5.006286e-01, 5.350547e-10, 3.891317e-10, 4.298476e+01, -1.484443e-01
2.373600e+09, 8.338664e-02, 9.533247e-01, -1.130371e+00, 4.913376e-01, 5.321084e-10, 3.891015e-10, 4.293149e+01, -1.507618e-01
2.377400e+09, 8.417076e-02, 9.532666e-01, -1.143076e+00, 4.820474e-01, 5.292486e-10, 3.890709e-10, 4.287665e+01, -1.530626e-01
2.381200e+09, 8.495275e-02, 9.532081e-01, -1.155712e+00, 4.727579e-01, 5.264721e-10, 3.890400e-10, 4.282024e+01, -1.553460e-01
2.385000e+09, 8.573254e-02, 9.531492e-01, -1.168282e+00, 4.634691e-01, 5.237760e-10, 3.890087e-10, 4.276230e+01, -1.576114e-01
2.388800e+09, 8.651004e-02, 9.530900e-01, -1.180788e+00, 4.541811e-01, 5.211574e-10, 3.889772e-10, 4.270284e+01, -1.598582e-01
2.392600e+09, 8.728514e-02, 9.530304e-01, -1.193231e+00, 4.448939e-01, 5.186138e-10, 3.889452e-10, 4.264187e+01, -1.620857e-01
2.396400e+09, 8.805778e-02, 9.529705e-01, -1.205614e+00, 4.356074e-01, 5.161425e-10, 3.889130e-10, 4.257942e+01, -1.642934e-01
2.400200e+09, 8.882785e-02, 9.529102e-01, -1.217937e+00, 4.263216e-01, 5.137410e-10, 3.888804e-10, 4.251551e+01, -1.664806e-01
2.404000e+09, 8.959529e-02, 9.528496e-01, -1.230203e+00, 4.170367e-01, 5.114070e-10, 3.888476e-10, 4.245016e+01, -1.686468e-01
2.407800e+09, 9.035999e-02, 9.527887e-01, -1.242414e+00, 4.077525e-01, 5.091381e-10, 3.888144e-10, 4.238338e+01, -1.707912e-01
2.411600e+09, 9.112189e-02, 9.527274e-01, -1.254570e+00, 3.984691e-01, 5.069323e-10, 3.887809e-10, 4.231521e+01, -1.729134e-01
2.415400e+09, 9.188090e-02, 9.526659e-01, -1.266674e+00, 3.891866e-01, 5.047873e-10, 3.887472e-10, 4.224566e+01, -1.750127e-01
2.419200e+09, 9.263693e-02, 9.526041e-01, -1.278726e+00, 3.799048e-01, 5.027012e-10, 3.887132e-10, 4.217476e+01, -1.770886e-01
2.423000e+09, 9.338992e-02, 9.525421e-01, -1.290728e+00, 3.706239e-01, 5.006721e-10, 3.886789e-10, 4.210252e+01, -1.791404e-01
2.426800e+09, 9.413977e-02, 9.524798e-01, -1.302683e+00, 3.613437e-01, 4.986982e-10, 3.886443e-10, 4.202898e+01, -1.811677e-01
2.430600e+09, 9.488641e-02, 9.524172e-01, -1.314590e+00, 3.520644e-01, 4.967776e-10, 3.886095e-10, 4.195415e+01, -1.831698e-01
2.434400e+09, 9.562977e-02, 9.523545e-01, -1.326451e+00, 3.427859e-01, 4.949086e-10, 3.885745e-10, 4.187806e+01, -1.851462e-01
2.438200e+09, 9.636977e-02, 9.522915e-01, -1.338267e+00, 3.335083e-01, 4.930896e-10, 3.885392e-10, 4.180074e+01, -1.870963e-01
2.442000e+09, 9.710632e-02, 9.522283e-01, -1.350040e+00, 3.242315e-01, 4.913191e-10, 3.885037e-10, 4.172220e+01, -1.890197e-01
2.445800e+09, 9.783937e-02, 9.521649e-01, -1.361771e+00, 3.149555e-01, 4.895955e-10, 3.884679e-10, 4.164248e+01, -1.909157e-01
2.449600e+09, 9.856882e-02, 9.521014e-01, -1.373461e+00, 3.056804e-01, 4.879174e-10, 3.884320e-10, 4.156160e+01, -1.927839e-01
2.453400e+09, 9.929462e-02, 9.520376e-01, -1.385110e+00, 2.964062e-01, 4.862834e-10, 3.883959e-10, 4.147958e+01, -1.946238e-01
2.457200e+09, 1.000167e-01, 9.519738e-01, -1.396721e+00, 2.871328e-01, 4.846922e-10, 3.883595e-10, 4.139645e+01, -1.964347e-01
2.461000e+09, 1.007349e-01, 9.519098e-01, -1.408293e+00, 2.778603e-01, 4.831424e-10, 3.883230e-10, 4.131224e+01, -1.982164e-01
2.464800e+09, 1.014493e-01, 9.518456e-01, -1.419829e+00, 2.685886e-01, 4.816329e-10, 3.882864e-10, 4.122697e+01, -1.999681e-01
2.468600e+09, 1.021598e-01, 9.517814e-01, -1.431328e+00, 2.593179e-01, 4.801624e-10, 3.882495e-10, 4.114067e+01, -2.016895e-01
2.472400e+09, 1.028662e-01, 9.517171e-01, -1.442793e+00, 2.500480e-01, 4.787298e-10, 3.882125e-10, 4.105337e+01, -2.033801e-01
2.476200e+09, 1.035685e-01, 9.516527e-01, -1.454223e+00, 2.407790e-01, 4.773340e-10, 3.881754e-10, 4.096509e+01, -2.050393e-01
2.480000e+09, 1.042667e-01, 9.515882e-01, -1.465620e+00, 2.315109e-01, 4.759739e-10, 3.881381e-10, 4.087586e+01, -2.066668e-01
2.483800e+09, 1.049606e-01, 9.515237e-01, -1.476984e+00, 2.222436e-01, 4.746486e-10, 3.881007e-10, 4.078572e+01, -2.082622e-01
2.487600e+09, 1.056503e-01, 9.514591e-01, -1.488317e+00, 2.129773e-01, 4.733570e-10, 3.880632e-10, 4.069467e+01, -2.098248e-01
2.491400e+09, 1.063356e-01, 9.513945e-01, -1.499619e+00, 2.037119e-01, 4.720982e-10, 3.880256e-10, 4.060276e+01, -2.113544e-01
2.495200e+09, 1.070165e-01, 9.513299e-01, -1.510891e+00, 1.944473e-01, 4.708713e-10, 3.879879e-10, 4.051001e+01, -2.128504e-01
2.499000e+09, 1.076929e-01, 9.512653e-01, -1.522133e+00, 1.851837e-01, 4.696755e-10, 3.879501e-10, 4.041645e+01, -2.143125e-01
2.502800e+09, 1.083647e-01, 9.512007e-01, -1.533347e+00, 1.759210e-01, 4.685098e-10, 3.879123e-10, 4.032211e+01, -2.157403e-01
2.506600e+09, 1.090319e-01, 9.511361e-01, -1.544534e+00, 1.666591e-01, 4.673734e-10, 3.878744e-10, 4.022701e+01, -2.171333e-01
2.510400e+09, 1.096945e-01, 9.510716e-01, -1.555693e+00, 1.573982e-01, 4.662657e-10, 3.878364e-10, 4.013118e+01, -2.184911e-01
2.514200e+09, 1.103522e-01, 9.510072e-01, -1.566825e+00, 1.481382e-01, 4.651858e-10, 3.877984e-10, 4.003465e+01, -2.198134e-01
2.518000e+09, 1.110052e-01, 9.509428e-01, -1.577932e+00, 1.388791e-01, 4.641330e-10, 3.877604e-10, 3.993745e+01, -2.210998e-01
2.521800e+09, 1.116533e-01, 9.508785e-01, -1.589014e+00, 1.296208e-01, 4.631066e-10, 3.877223e-10, 3.983961e+01, -2.223499e-01
2.525600e+09, 1.122965e-01, 9.508143e-01, -1.600071e+00, 1.203635e-01, 4.621060e-10, 3.876843e-10, 3.974115e+01, -2.235634e-01
2.529400e+09, 1.129347e-01, 9.507503e-01, -1.611104e+00, 1.111072e-01, 4.611304e-10, 3.876462e-10, 3.964211e+01, -2.247399e-01
2.533200e+09, 1.135679e-01, 9.506864e-01, -1.622114e+00, 1.018517e-01, 4.601793e-10, 3.876082e-10, 3.954251e+01, -2.258790e-01
2.537000e+09, 1.141959e-01, 9.506226e-01, -1.633102e+00, 9.259710e-02, 4.592521e-10, 3.875702e-10, 3.944238e+01, -2.269804e-01
2.540800e+09, 1.148187e-01, 9.505590e-01, -1.644067e+00, 8.334343e-02, 4.583481e-10, 3.875322e-10, 3.934174e+01, -2.280439e-01
2.544600e+09, 1.154364e-01, 9.504955e-01, -1.655010e+00, 7.409068e-02, 4.574669e-10, 3.874943e-10, 3.924063e+01, -2.290690e-01
2.548400e+09, 1.160487e-01, 9.504323e-01, -1.665933e+00, 6.483882e-02, 4.566078e-10, 3.874564e-10, 3.913908e+01, -2.300555e-01
2.552200e+09, 1.166557e-01, 9.503693e-01, -1.676835e+00, 5.558787e-02, 4.557704e-10, 3.874186e-10, 3.903710e+01, -2.310031e-01
2.556000e+09, 1.172573e-01, 9.503065e-01, -1.687717e+00, 4.633783e-02, 4.549542e-10, 3.873809e-10, 3.893474e+01, -2.319114e-01
2.559800e+09, 1.178534e-01, 9.502439e-01, -1.698579e+00, 3.708868e-02, 4.541586e-10, 3.873432e-10, 3.883201e+01, -2.327802e-01
2.563600e+09, 1.184440e-01, 9.501816e-01, -1.709423e+00, 2.784043e-02, 4.533833e-10, 3.873057e-10, 3.872894e+01, -2.336093e-01
2.567400e+09, 1.190290e-01, 9.501196e-01, -1.720248e+00, 1.859308e-02, 4.526277e-10, 3.872683e-10, 3.862557e+01, -2.343982e-01
2.571200e+09, 1.196084e-01, 9.500578e-01, -1.731055e+00, 9.346626e-03, 4.518914e-10, 3.872310e-10, 3.852192e+01, -2.351469e-01
2.575000e+09, 1.201822e-01, 9.499964e-01, -1.741844e+00, 1.010588e-04, 4.511741e-10, 3.871938e-10, 3.841801e+01, -2.358550e-01
2.578800e+09, 1.207502e-01, 9.499353e-01, -1.752617e+00, -9.143621e-03, 4.504752e-10, 3.871568e-10, 3.831388e+01, -2.365224e-01
2.582600e+09, 1.213124e-01, 9.498744e-01, -1.763372e+00, -1.838742e-02, 4.497945e-10, 3.871200e-10, 3.820955e+01, -2.371486e-01
2.586400e+09, 1.218687e-01, 9.498140e-01, -1.774111e+00, -2.763033e-02, 4.491315e-10, 3.870833e-10, 3.810505e+01, -2.377337e-01
2.590200e+09, 1.224192e-01, 9.497539e-01, -1.784835e+00, -3.687237e-02, 4.484858e-10, 3.870468e-10, 3.800040e+01, -2.382772e-01
2.594000e+09, 1.229637e-01, 9.496941e-01, -1.795543e+00, -4.611354e-02, 4.478572e-10, 3.870105e-10, 3.789564e+01, -2.387791e-01
2.597800e+09, 1.235022e-01, 9.496348e-01, -1.806236e+00, -5.535384e-02, 4.472453e-10, 3.869744e-10, 3.779078e+01, -2.392391e-01
2.601600e+09, 1.240347e-01, 9.495759e-01, -1.816915e+00, -6.459328e-02, 4.466498e-10, 3.869385e-10, 3.768586e+01, -2.396570e-01
2.605400e+09, 1.245611e-01, 9.495173e-01, -1.827579e+00, -7.383187e-02, 4.460703e-10, 3.869028e-10, 3.758089e+01, -2.400327e-01
2.609200e+09, 1.250813e-01, 9.494593e-01, -1.838229e+00, -8.306960e-02, 4.455066e-10, 3.868674e-10, 3.747592e+01, -2.403660e-01
2.613000e+09, 1.255953e-01, 9.494016e-01, -1.848866e+00, -9.230648e-02, 4.449584e-10, 3.868322e-10, 3.737095e+01, -2.406567e-01
2.616800e+09, 1.261031e-01, 9.493444e-01, -1.859490e+00, -1.015425e-01, 4.444253e-10, 3.867973e-10, 3.726603e+01, -2.409046e-01
2.620600e+09, 1.266045e-01, 9.492877e-01, -1.870101e+00, -1.107777e-01, 4.439072e-10, 3.867626e-10, 3.716117e+01, -2.411097e-01
2.624400e+09, 1.270997e-01, 9.492315e-01, -1.880700e+00, -1.200121e-01, 4.434037e-10, 3.867282e-10, 3.705639e+01, -2.412718e-01
2.628200e+09, 1.275884e-01, 9.491758e-01, -1.891287e+00, -1.292457e-01, 4.429146e-10, 3.866942e-10, 3.695174e+01, -2.413907e-01
2.632000e+09, 1.280707e-01, 9.491206e-01, -1.901862e+00, -1.384784e-01, 4.424397e-10, 3.866604e-10, 3.684722e+01, -2.414663e-01
2.635800e+09, 1.285465e-01, 9.490660e-01, -1.912426e+00, -1.477104e-01, 4.419787e-10, 3.866269e-10, 3.674286e+01, -2.414986e-01
2.639600e+09, 1.290158e-01, 9.490118e-01, -1.922978e+00, -1.569415e-01, 4.415314e-10, 3.865938e-10, 3.663869e+01, -2.414874e-01
2.643400e+09, 1.294785e-01, 9.489583e-01, -1.933520e+00, -1.661719e-01, 4.410977e-10, 3.865610e-10, 3.653474e+01, -2.414326e-01
2.647200e+09, 1.299346e-01, 9.489053e-01, -1.944052e+00, -1.754015e-01, 4.406772e-10, 3.865285e-10, 3.643102e+01, -2.413342e-01
2.651000e+09, 1.303840e-01, 9.488529e-01, -1.954574e+00, -1.846302e-01, 4.402699e-10, 3.864965e-10, 3.632756e+01, -2.411920e-01
2.654800e+09, 1.308267e-01, 9.488012e-01, -1.965086e+00, -1.938583e-01, 4.398754e-10, 3.864647e-10, 3.622439e+01, -2.410061e-01
2.658600e+09, 1.312626e-01, 9.487500e-01, -1.975588e+00, -2.030856e-01, 4.394937e-10, 3.864334e-10, 3.612152e+01, -2.407763e-01
2.662400e+09, 1.316917e-01, 9.486995e-01, -1.986082e+00, -2.123121e-01, 4.391245e-10, 3.864024e-10, 3.601899e+01, -2.405026e-01
2.666200e+09, 1.321140e-01, 9.486496e-01, -1.996566e+00, -2.215379e-01, 4.387678e-10, 3.863719e-10, 3.591681e+01, -2.401850e-01
2.670000e+09, 1.325294e-01, 9.486003e-01, -2.007042e+00, -2.307629e-01, 4.384232e-10, 3.863417e-10, 3.581501e+01, -2.398234e-01
2.673800e+09, 1.329379e-01, 9.485518e-01, -2.017510e+00, -2.399872e-01, 4.380907e-10, 3.863120e-10, 3.571360e+01, -2.394178e-01
2.677600e+09, 1.333395e-01, 9.485039e-01, -2.027970e+00, -2.492109e-01, 4.377701e-10, 3.862827e-10, 3.561262e+01, -2.389683e-01
2.681400e+09, 1.337340e-01, 9.484567e-01, -2.038422e+00, -2.584338e-01, 4.374614e-10, 3.862539e-10, 3.551209e+01, -2.384747e-01
2.685200e+09, 1.341214e-01, 9.484102e-01, -2.048867e+00, -2.676560e-01, 4.371642e-10, 3.862255e-10, 3.541202e+01, -2.379371e-01
2.689000e+09, 1.345018e-01, 9.483645e-01, -2.059305e+00, -2.768776e-01, 4.368786e-10, 3.861975e-10, 3.531244e+01, -2.373556e-01
2.692800e+09, 1.348751e-01, 9.483195e-01, -2.069736e+00, -2.860985e-01, 4.366044e-10, 3.861701e-10, 3.521337e+01, -2.367301e-01
2.696600e+09, 1.352412e-01, 9.482752e-01, -2.080160e+00, -2.953187e-01, 4.363414e-10, 3.861431e-10, 3.511483e+01, -2.360608e-01
2.700400e+09, 1.356001e-01, 9.482317e-01, -2.090578e+00, -3.045383e-01, 4.360897e-10, 3.861166e-10, 3.501685e+01, -2.353475e-01
2.704200e+09, 1.359517e-01, 9.481889e-01, -2.100991e+00, -3.137573e-01, 4.358490e-10, 3.860906e-10, 3.491944e+01, -2.345905e-01
2.708000e+09, 1.362961e-01, 9.481469e-01, -2.111397e+00, -3.229756e-01, 4.356192e-10, 3.860651e-10, 3.482262e+01, -2.337897e-01
2.711800e+09, 1.366332e-01, 9.481058e-01, -2.121798e+00, -3.321933e-01, 4.354003e-10, 3.860401e-10, 3.472642e+01, -2.329453e-01
2.715600e+09, 1.369629e-01, 9.480654e-01, -2.132193e+00, -3.414105e-01, 4.351923e-10, 3.860157e-10, 3.463086e+01, -2.320573e-01
2.719400e+09, 1.372852e-01, 9.480258e-01, -2.142584e+00, -3.506270e-01, 4.349949e-10, 3.859918e-10, 3.453595e+01, -2.311258e-01
2.723200e+09, 1.376001e-01, 9.479871e-01, -2.152970e+00, -3.598430e-01, 4.348081e-10, 3.859684e-10, 3.444171e+01, -2.301510e-01
2.727000e+09, 1.379076e-01, 9.479492e-01, -2.163352e+00, -3.690584e-01, 4.346319e-10, 3.859456e-10, 3.434818e+01, -2.291329e-01
2.730800e+09, 1.382076e-01, 9.479122e-01, -2.173729e+00, -3.782733e-01, 4.344661e-10, 3.859234e-10, 3.425536e+01, -2.280716e-01
2.734600e+09, 1.385000e-01, 9.478760e-01, -2.184102e+00, -3.874877e-01, 4.343108e-10, 3.859017e-10, 3.416327e+01, -2.269674e-01
2.738400e+09, 1.387849e-01, 9.478407e-01, -2.194472e+00, -3.967015e-01, 4.341658e-10, 3.858807e-10, 3.407193e+01, -2.258203e-01
2.742200e+09, 1.390622e-01, 9.478063e-01, -2.204838e+00, -4.059148e-01, 4.340311e-10, 3.858602e-10, 3.398137e+01, -2.246306e-01
2.746000e+09, 1.393319e-01, 9.477728e-01, -2.215201e+00, -4.151277e-01, 4.339066e-10, 3.858403e-10, 3.389160e+01, -2.233983e-01
2.749800e+09, 1.395939e-01, 9.477401e-01, -2.225561e+00, -4.243400e-01, 4.337924e-10, 3.858210e-10, 3.380264e+01, -2.221237e-01
2.753600e+09, 1.398483e-01, 9.477084e-01, -2.235918e+00, -4.335519e-01, 4.336883e-10, 3.858023e-10, 3.371451e+01, -2.208069e-01
2.757400e+09, 1.400949e-01, 9.476776e-01, -2.246273e+00, -4.427634e-01, 4.335943e-10, 3.857843e-10, 3.362723e+01, -2.194483e-01
2.761200e+09, 1.403338e-01, 9.476477e-01, -2.256626e+00, -4.519744e-01, 4.335105e-10, 3.857669e-10, 3.354081e+01, -2.180478e-01
2.765000e+09, 1.405649e-01, 9.476188e-01, -2.266976e+00, -4.611850e-01, 4.334367e-10, 3.857501e-10, 3.345527e+01, -2.166059e-01
2.768800e+09, 1.407883e-01, 9.475908e-01, -2.277325e+00, -4.703952e-01, 4.333729e-10, 3.857340e-10, 3.337063e+01, -2.151227e-01
2.772600e+09, 1.410038e-01, 9.475638e-01, -2.287672e+00, -4.796050e-01, 4.333191e-10, 3.857185e-10, 3.328690e+01, -2.135985e-01
2.776400e+09, 1.412114e-01, 9.475377e-01, -2.298018e+00, -4.888145e-01, 4.332754e-10, 3.857036e-10, 3.320411e+01, -2.120335e-01
2.780200e+09, 1.414111e-01, 9.475126e-01, -2.308363e+00, -4.980236e-01, 4.332416e-10, 3.856895e-10, 3.312227e+01, -2.104280e-01
2.784000e+09, 1.416030e-01, 9.474885e-01, -2.318707e+00, -5.072324e-01, 4.332178e-10, 3.856760e-10, 3.304140e+01, -2.087823e-01
2.787800e+09, 1.417869e-01, 9.474654e-01, -2.329051e+00, -5.164408e-01, 4.332040e-10, 3.856632e-10, 3.296151e+01, -2.070967e-01
2.791600e+09, 1.419628e-01, 9.474432e-01, -2.339394e+00, -5.256489e-01, 4.332002e-10, 3.856511e-10, 3.288262e+01, -2.053714e-01
2.795400e+09, 1.421308e-01, 9.474221e-01, -2.349737e+00, -5.348568e-01, 4.332063e-10, 3.856397e-10, 3.280475e+01, -2.036069e-01
2.799200e+09, 1.422907e-01, 9.474020e-01, -2.360081e+00, -5.440644e-01, 4.332225e-10, 3.856289e-10, 3.272791e+01, -2.018033e-01
2.803000e+09, 1.424426e-01, 9.473829e-01, -2.370424e+00, -5.532717e-01, 4.332487e-10, 3.856189e-10, 3.265212e+01, -1.999612e-01
2.806800e+09, 1.425864e-01, 9.473648e-01, -2.380768e+00, -5.624788e-01, 4.332849e-10, 3.856096e-10, 3.257739e+01, -1.980807e-01
2.810600e+09, 1.427222e-01, 9.473478e-01, -2.391114e+00, -5.716856e-01, 4.333311e-10, 3.856010e-10, 3.250374e+01, -1.961623e-01
2.814400e+09, 1.428498e-01, 9.473318e-01, -2.401460e+00, -5.808923e-01, 4.333874e-10, 3.855931e-10, 3.243118e+01, -1.942064e-01
2.818200e+09, 1.429693e-01, 9.473168e-01, -2.411808e+00, -5.900987e-01, 4.334538e-10, 3.855860e-10, 3.235973e+01, -1.922133e-01
2.822000e+09, 1.430807e-01, 9.473029e-01, -2.422157e+00, -5.993050e-01, 4.335304e-10, 3.855796e-10, 3.228940e+01, -1.901835e-01
2.825800e+09, 1.431839e-01, 9.472900e-01, -2.432508e+00, -6.085111e-01, 4.336171e-10, 3.855739e-10, 3.222021e+01, -1.881173e-01
2.829600e+09, 1.432789e-01, 9.472782e-01, -2.442861e+00, -6.177172e-01, 4.337140e-10, 3.855690e-10, 3.215218e+01, -1.860152e-01
2.833400e+09, 1.433657e-01, 9.472675e-01, -2.453216e+00, -6.269230e-01, 4.338212e-10, 3.855648e-10, 3.208531e+01, -1.838776e-01
2.837200e+09, 1.434442e-01, 9.472578e-01, -2.463574e+00, -6.361288e-01, 4.339387e-10, 3.855613e-10, 3.201961e+01, -1.817050e-01
2.841000e+09, 1.435145e-01, 9.472492e-01, -2.473935e+00, -6.453345e-01, 4.340666e-10, 3.855587e-10, 3.195512e+01, -1.794978e-01
2.844800e+09, 1.435765e-01, 9.472417e-01, -2.484299e+00, -6.545402e-01, 4.342049e-10, 3.855567e-10, 3.189182e+01, -1.772565e-01
2.848600e+09, 1.436303e-01, 9.472352e-01, -2.494666e+00, -6.637458e-01, 4.343537e-10, 3.855556e-10, 3.182975e+01, -1.749816e-01
2.852400e+09, 1.436757e-01, 9.472298e-01, -2.505037e+00, -6.729513e-01, 4.345130e-10, 3.855552e-10, 3.176892e+01, -1.726736e-01
2.856200e+09, 1.437128e-01, 9.472256e-01, -2.515411e+00, -6.821569e-01, 4.346830e-10, 3.855556e-10, 3.170932e+01, -1.703330e-01
2.860000e+09, 1.437416e-01, 9.472224e-01, -2.525790e+00, -6.913624e-01, 4.348636e-10, 3.855567e-10, 3.165099e+01, -1.679603e-01
2.863800e+09, 1.437620e-01, 9.472203e-01, -2.536172e+00, -7.005680e-01, 4.350551e-10, 3.855586e-10, 3.159393e+01, -1.655561e-01
2.867600e+09, 1.437741e-01, 9.472193e-01, -2.546560e+00, -7.097737e-01, 4.352574e-10, 3.855613e-10, 3.153815e+01, -1.631208e-01
2.871400e+09, 1.437778e-01, 9.472194e-01, -2.556952e+00, -7.189794e-01, 4.354707e-10, 3.855648e-10, 3.148367e+01, -1.606552e-01
2.875200e+09, 1.437730e-01, 9.472206e-01, -2.567349e+00, -7.281852e-01, 4.356950e-10, 3.855691e-10, 3.143049e+01, -1.581596e-01
2.879000e+09, 1.437599e-01, 9.472229e-01, -2.577752e+00, -7.373910e-01, 4.359305e-10, 3.855742e-10, 3.137863e+01, -1.556348e-01
2.882800e+09, 1.437384e-01, 9.472263e-01, -2.588160e+00, -7.465971e-01, 4.361772e-10, 3.855800e-10, 3.132811e+01, -1.530813e-01
2.886600e+09, 1.437084e-01, 9.472308e-01, -2.598575e+00, -7.558032e-01, 4.364353e-10, 3.855867e-10, 3.127892e+01, -1.504998e-01
2.890400e+09, 1.436699e-01, 9.472364e-01, -2.608995e+00, -7.650095e-01, 4.367049e-10, 3.855941e-10, 3.123109e+01, -1.478908e-01
2.894200e+09, 1.436231e-01, 9.472431e-01, -2.619422e+00, -7.742160e-01, 4.369861e-10, 3.856023e-10, 3.118462e+01, -1.452549e-01
2.898000e+09, 1.435677e-01, 9.472509e-01, -2.629855e+00, -7.834227e-01, 4.372790e-10, 3.856114e-10, 3.113953e+01, -1.425929e-01
2.901800e+09, 1.435039e-01, 9.472598e-01, -2.640296e+00, -7.926296e-01, 4.375838e-10, 3.856212e-10, 3.109582e+01, -1.399054e-01
2.905600e+09, 1.434316e-01, 9.472698e-01, -2.650744e+00, -8.018367e-01, 4.379006e-10, 3.856318e-10, 3.105350e+01, -1.371930e-01
2.909400e+09, 1.433508e-01, 9.472810e-01, -2.661199e+00, -8.110441e-01, 4.382295e-10, 3.856433e-10, 3.101259e+01, -1.344565e-01
2.913200e+09, 1.432614e-01, 9.472932e-01, -2.671662e+00, -8.202518e-01, 4.385707e-10, 3.856555e-10, 3.097309e+01, -1.316965e-01
2.917000e+09, 1.431636e-01, 9.473065e-01, -2.682134e+00, -8.294597e-01, 4.389243e-10, 3.856685e-10, 3.093502e+01, -1.289136e-01
2.920800e+09, 1.430573e-01, 9.473210e-01, -2.692613e+00, -8.386680e-01, 4.392905e-10, 3.856824e-10, 3.089837e+01, -1.261088e-01
2.924600e+09, 1.429424e-01, 9.473365e-01, -2.703102e+00, -8.478766e-01, 4.396694e-10, 3.856970e-10, 3.086317e+01, -1.232825e-01
2.928400e+09, 1.428190e-01, 9.473532e-01, -2.713600e+00, -8.570855e-01, 4.400613e-10, 3.857124e-10, 3.082942e+01, -1.204357e-01
2.932200e+09, 1.426871e-01, 9.473709e-01, -2.724106e+00, -8.662948e-01, 4.404663e-10, 3.857287e-10, 3.079713e+01, -1.175690e-01
2.936000e+09, 1.425467e-01, 9.473897e-01, -2.734623e+00, -8.755045e-01, 4.408846e-10, 3.857457e-10, 3.076631e+01, -1.146831e-01
2.939800e+09, 1.423977e-01, 9.474096e-01, -2.745150e+00, -8.847146e-01, 4.413164e-10, 3.857636e-10, 3.073696e+01, -1.117789e-01
2.943600e+09, 1.422401e-01, 9.474306e-01, -2.755687e+00, -8.939251e-01, 4.417619e-10, 3.857822e-10, 3.070909e+01, -1.088571e-01
2.947400e+09, 1.420741e-01, 9.474527e-01, -2.766234e+00, -9.031361e-01, 4.422212e-10, 3.858017e-10, 3.068272e+01, -1.059185e-01
2.951200e+09, 1.418994e-01, 9.474759e-01, -2.776793e+00, -9.123476e-01, 4.426947e-10, 3.858219e-10, 3.065784e+01, -1.029639e-01
2.955000e+09, 1.417162e-01, 9.475001e-01, -2.787363e+00, -9.215595e-01, 4.431824e-10, 3.858429e-10, 3.063447e+01, -9.999411e-02
2.958800e+09, 1.415245e-01, 9.475254e-01, -2.797944e+00, -9.307719e-01, 4.436847e-10, 3.858648e-10, 3.061261e+01, -9.700988e-02
2.962600e+09, 1.413243e-01, 9.475518e-01, -2.808537e+00, -9.399849e-01, 4.442018e-10, 3.858874e-10, 3.059227e+01, -9.401206e-02
2.966400e+09, 1.411154e-01, 9.475793e-01, -2.819143e+00, -9.491983e-01, 4.447340e-10, 3.859108e-10, 3.057346e+01, -9.100147e-02
2.970200e+09, 1.408981e-01, 9.476078e-01, -2.829762e+00, -9.584124e-01, 4.452814e-10, 3.859350e-10, 3.055617e+01, -8.797895e-02
2.974000e+09, 1.406722e-01, 9.476373e-01, -2.840393e+00, -9.676270e-01, 4.458443e-10, 3.859600e-10, 3.054043e+01, -8.494532e-02
2.977800e+09, 1.404377e-01, 9.476679e-01, -2.851038e+00, -9.768422e-01, 4.464231e-10, 3.859857e-10, 3.052622e+01, -8.190145e-02
2.981600e+09, 1.401948e-01, 9.476996e-01, -2.861697e+00, -9.860581e-01, 4.470180e-10, 3.860123e-10, 3.051357e+01, -7.884818e-02
2.985400e+09, 1.399432e-01, 9.477322e-01, -2.872370e+00, -9.952745e-01, 4.476293e-10, 3.860396e-10, 3.050246e+01, -7.578636e-02
2.989200e+09, 1.396832e-01, 9.477659e-01, -2.883058e+00, -1.004492e+00, 4.482572e-10, 3.860677e-10, 3.049292e+01, -7.271688e-02
2.993000e+09, 1.394147e-01, 9.478007e-01, -2.893761e+00, -1.013709e+00, 4.489022e-10, 3.860966e-10, 3.048494e+01, -6.964059e-02
2.996800e+09, 1.391376e-01, 9.478364e-01, -2.904479e+00, -1.022928e+00, 4.495644e-10, 3.861262e-10, 3.047853e+01, -6.655836e-02
3.000600e+09, 1.388520e-01, 9.478732e-01, -2.915212e+00, -1.032147e+00, 4.502443e-10, 3.861566e-10, 3.047368e+01, -6.347110e-02
3.004400e+09, 1.385580e-01, 9.479109e-01, -2.925963e+00, -1.041367e+00, 4.509422e-10, 3.861878e-10, 3.047042e+01, -6.037967e-02
3.008200e+09, 1.382554e-01, 9.479496e-01, -2.936729e+00, -1.050588e+00, 4.516585e-10, 3.862197e-10, 3.046873e+01, -5.728496e-02
3.012000e+09, 1.379444e-01, 9.479894e-01, -2.947513e+00, -1.059809e+00, 4.523935e-10, 3.862524e-10, 3.046862e+01, -5.418788e-02
3.015800e+09, 1.376249e-01, 9.480301e-01, -2.958315e+00, -1.069031e+00, 4.531476e-10, 3.862858e-10, 3.047010e+01, -5.108932e-02
3.019600e+09, 1.372969e-01, 9.480717e-01, -2.969134e+00, -1.078254e+00, 4.539211e-10, 3.863199e-10, 3.047317e+01, -4.799017e-02
3.023400e+09, 1.369605e-01, 9.481143e-01, -2.979972e+00, -1.087478e+00, 4.547146e-10, 3.863548e-10, 3.047783e+01, -4.489134e-02
3.027200e+09, 1.366157e-01, 9.481579e-01, -2.990829e+00, -1.096703e+00, 4.555284e-10, 3.863905e-10, 3.048408e+01, -4.179373e-02
3.031000e+09, 1.362625e-01, 9.482024e-01, -3.001705e+00, -1.105928e+00, 4.563629e-10, 3.864268e-10, 3.049192e+01, -3.869826e-02
3.034800e+09, 1.359008e-01, 9.482478e-01, -3.012601e+00, -1.115155e+00, 4.572186e-10, 3.864639e-10, 3.050136e+01, -3.560582e-02
3.038600e+09, 1.355308e-01, 9.482942e-01, -3.023518e+00, -1.124382e+00, 4.580960e-10, 3.865017e-10, 3.051240e+01, -3.251733e-02
3.042400e+09, 1.351524e-01, 9.483414e-01, -3.034455e+00, -1.133610e+00, 4.589956e-10, 3.865402e-10, 3.052504e+01, -2.943369e-02
3.046200e+09, 1.347656e-01, 9.483896e-01, -3.045414e+00, -1.142839e+00, 4.599178e-10, 3.865794e-10, 3.053928e+01, -2.635583e-02
3.050000e+09, 1.343705e-01, 9.484386e-01, -3.056395e+00, -1.152069e+00, 4.608631e-10, 3.866193e-10, 3.055512e+01, -2.328464e-02
3.053800e+09, 1.339671e-01, 9.484885e-01, -3.067399e+00, -1.161300e+00, 4.618322e-10, 3.866598e-10, 3.057256e+01, -2.022103e-02
3.057600e+09, 1.335554e-01, 9.485393e-01, -3.078426e+00, -1.170532e+00, 4.628255e-10, 3.867011e-10, 3.059159e+01, -1.716592e-02
3.061400e+09, 1.331354e-01, 9.485909e-01, -3.089476e+00, -1.179765e+00, 4.638436e-10, 3.867430e-10, 3.061223e+01, -1.412021e-02
3.065200e+09, 1.327072e-01, 9.486434e-01, -3.100551e+00, -1.188999e+00, 4.648871e-10, 3.867856e-10, 3.063447e+01, -1.108480e-02
3.069000e+09, 1.322707e-01, 9.486967e-01, -3.111651e+00, -1.198234e+00, 4.659566e-10, 3.868289e-10, 3.065831e+01, -8.060600e-03
3.072800e+09, 1.318261e-01, 9.487508e-01, -3.122776e+00, -1.207470e+00, 4.670528e-10, 3.868728e-10, 3.068375e+01, -5.048511e-03
3.076600e+09, 1.313732e-01, 9.488057e-01, -3.133927e+00, -1.216707e+00, 4.681762e-10, 3.869174e-10, 3.071078e+01, -2.049427e-03
3.080400e+09, 1.309122e-01, 9.488614e-01, 3.138080e+00, -1.225945e+00, 4.693277e-10, 3.869626e-10, 3.073941e+01, 9.357553e-04
3.084200e+09, 1.304430e-01, 9.489179e-01, 3.126874e+00, -1.235184e+00, 4.705079e-10, 3.870085e-10, 3.076963e+01, 3.906147e-03
3.088000e+09, 1.299658e-01, 9.489751e-01, 3.115640e+00, -1.244424e+00, 4.717174e-10, 3.870549e-10, 3.080144e+01, 6.860860e-03
3.091800e+09, 1.294805e-01, 9.490331e-01, 3.104378e+00, -1.253666e+00, 4.729571e-10, 3.871020e-10, 3.083484e+01, 9.799013e-03
3.095600e+09, 1.289871e-01, 9.490918e-01, 3.093085e+00, -1.262908e+00, 4.742278e-10, 3.871497e-10, 3.086982e+01, 1.271973e-02
3.099400e+09, 1.284857e-01, 9.491512e-01, 3.081762e+00, -1.272152e+00, 4.755303e-10, 3.871979e-10, 3.090639e+01, 1.562213e-02
3.103200e+09, 1.279764e-01, 9.492113e-01, 3.070409e+00, -1.281397e+00, 4.768653e-10, 3.872468e-10, 3.094453e+01, 1.850536e-02
3.107000e+09, 1.274591e-01, 9.492722e-01, 3.059023e+00, -1.290642e+00, 4.782338e-10, 3.872962e-10, 3.098425e+01, 2.136855e-02
3.110800e+09, 1.269338e-01, 9.493337e-01, 3.047605e+00, -1.299890e+00, 4.796366e-10, 3.873462e-10, 3.102554e+01, 2.421085e-02
3.114600e+09, 1.264007e-01, 9.493958e-01, 3.036153e+00, -1.309138e+00, 4.810748e-10, 3.873968e-10, 3.106840e+01, 2.703141e-02
3.118400e+09, 1.258598e-01, 9.494586e-01, 3.024667e+00, -1.318387e+00, 4.825492e-10, 3.874479e-10, 3.111282e+01, 2.982938e-02
3.122200e+09, 1.253110e-01, 9.495220e-01, 3.013145e+00, -1.327638e+00, 4.840609e-10, 3.874995e-10, 3.115879e+01, 3.260393e-02
3.126000e+09, 1.247545e-01, 9.495861e-01, 3.001588e+00, -1.336890e+00, 4.856109e-10, 3.875517e-10, 3.120632e+01, 3.535424e-02
3.129800e+09, 1.241903e-01, 9.496507e-01, 2.989993e+00, -1.346143e+00, 4.872004e-10, 3.876044e-10, 3.125539e+01, 3.807948e-02
3.133600e+09, 1.236184e-01, 9.497159e-01, 2.978361e+00, -1.355398e+00, 4.888303e-10, 3.876576e-10, 3.130600e+01, 4.077884e-02
3.137400e+09, 1.230388e-01, 9.497817e-01, 2.966689e+00, -1.364654e+00, 4.905019e-10, 3.877113e-10, 3.135815e+01, 4.345152e-02
3.141200e+09, 1.224516e-01, 9.498480e-01, 2.954978e+00, -1.373911e+00, 4.922164e-10, 3.877655e-10, 3.141183e+01, 4.609672e-02
3.145000e+09, 1.218569e-01, 9.499148e-01, 2.943226e+00, -1.383169e+00, 4.939750e-10, 3.878201e-10, 3.146702e+01, 4.871366e-02
3.148800e+09, 1.212547e-01, 9.499822e-01, 2.931432e+00, -1.392429e+00, 4.957791e-10, 3.878752e-10, 3.152373e+01, 5.130155e-02
3.152600e+09, 1.206450e-01, 9.500500e-01, 2.919594e+00, -1.401690e+00, 4.976299e-10, 3.879308e-10, 3.158195e+01, 5.385964e-02
3.156400e+09, 1.200280e-01, 9.501184e-01, 2.907713e+00, -1.410952e+00, 4.995290e-10, 3.879868e-10, 3.164166e+01, 5.638715e-02
3.160200e+09, 1.194036e-01, 9.501871e-01, 2.895786e+00, -1.420215e+00, 5.014777e-10, 3.880432e-10, 3.170287e+01, 5.888334e-02
3.164000e+09, 1.187718e-01, 9.502563e-01, 2.883813e+00, -1.429480e+00, 5.034775e-10, 3.881001e-10, 3.176556e+01, 6.134747e-02
3.167800e+09, 1.181329e-01, 9.503260e-01, 2.871792e+00, -1.438747e+00, 5.055302e-10, 3.881573e-10, 3.182973e+01, 6.377881e-02
3.171600e+09, 1.174867e-01, 9.503960e-01, 2.859722e+00, -1.448014e+00, 5.076371e-10, 3.882150e-10, 3.189536e+01, 6.617664e-02
3.175400e+09, 1.168334e-01, 9.504664e-01, 2.847601e+00, -1.457284e+00, 5.098002e-10, 3.882730e-10, 3.196244e+01, 6.854025e-02
3.179200e+09, 1.161731e-01, 9.505372e-01, 2.835429e+00, -1.466554e+00, 5.120210e-10, 3.883314e-10, 3.203097e+01, 7.086894e-02
3.183000e+09, 1.155057e-01, 9.506083e-01, 2.823204e+00, -1.475826e+00, 5.143016e-10, 3.883901e-10, 3.210094e+01, 7.316202e-02
3.186800e+09, 1.148314e-01, 9.506798e-01, 2.810925e+00, -1.485099e+00, 5.166437e-10, 3.884492e-10, 3.217234e+01, 7.541882e-02
3.190600e+09, 1.141502e-01, 9.507515e-01, 2.798589e+00, -1.494374e+00, 5.190494e-10, 3.885086e-10, 3.224515e+01, 7.763866e-02
3.194400e+09, 1.134622e-01, 9.508236e-01, 2.786196e+00, -1.503650e+00, 5.215207e-10, 3.885683e-10, 3.231937e+01, 7.982090e-02
3.198200e+09, 1.127675e-01, 9.508959e-01, 2.773744e+00, -1.512927e+00, 5.240599e-10, 3.886283e-10, 3.239498e+01, 8.196488e-02
3.202000e+09, 1.120661e-01, 9.509685e-01, 2.761232e+00, -1.522206e+00, 5.266690e-10, 3.886886e-10, 3.247197e+01, 8.406997e-02
3.205800e+09, 1.113581e-01, 9.510412e-01, 2.748657e+00, -1.531487e+00, 5.293504e-10, 3.887492e-10, 3.255034e+01, 8.613556e-02
3.209600e+09, 1.106435e-01, 9.511142e-01, 2.736018e+00, -1.540768e+00, 5.321066e-10, 3.888100e-10, 3.263006e+01, 8.816103e-02
3.213400e+09, 1.099226e-01, 9.511874e-01, 2.723314e+00, -1.550052e+00, 5.349401e-10, 3.888711e-10, 3.271113e+01, 9.014578e-02
3.217200e+09, 1.091953e-01, 9.512607e-01, 2.710541e+00, -1.559336e+00, 5.378535e-10, 3.889324e-10, 3.279353e+01, 9.208922e-02
3.221000e+09, 1.084617e-01, 9.513342e-01, 2.697699e+00, -1.568623e+00, 5.408496e-10, 3.889939e-10, 3.287726e+01, 9.399078e-02
3.224800e+09, 1.077219e-01, 9.514078e-01, 2.684786e+00, -1.577910e+00, 5.439311e-10, 3.890557e-10, 3.296229e+01, 9.584989e-02
3.228600e+09, 1.069760e-01, 9.514815e-01, 2.671799e+00, -1.587199e+00, 5.471011e-10, 3.891176e-10, 3.304861e+01, 9.766601e-02
3.232400e+09, 1.062240e-01, 9.515553e-01, 2.658737e+00, -1.596490e+00, 5.503626e-10, 3.891797e-10, 3.313621e+01, 9.943859e-02
3.236200e+09, 1.054662e-01, 9.516291e-01, 2.645596e+00, -1.605782e+00, 5.537188e-10, 3.892419e-10, 3.322508e+01, 1.011671e-01
3.240000e+09, 1.047025e-01, 9.517030e-01, 2.632375e+00, -1.615076e+00, 5.571731e-10, 3.893043e-10, 3.331519e+01, 1.028510e-01
3.243800e+09, 1.039332e-01, 9.517769e-01, 2.619072e+00, -1.624371e+00, 5.607291e-10, 3.893668e-10, 3.340654e+01, 1.044899e-01
3.247600e+09, 1.031582e-01, 9.518508e-01, 2.605684e+00, -1.633667e+00, 5.643902e-10, 3.894295e-10, 3.349911e+01, 1.060831e-01
3.251400e+09, 1.023776e-01, 9.519246e-01, 2.592209e+00, -1.642965e+00, 5.681603e-10, 3.894922e-10, 3.359288e+01, 1.076303e-01
3.255200e+09, 1.015917e-01, 9.519985e-01, 2.578643e+00, -1.652265e+00, 5.720434e-10, 3.895550e-10, 3.368783e+01, 1.091310e-01
3.259000e+09, 1.008005e-01, 9.520722e-01, 2.564985e+00, -1.661566e+00, 5.760435e-10, 3.896179e-10, 3.378396e+01, 1.105847e-01
3.262800e+09, 1.000041e-01, 9.521459e-01, 2.551231e+00, -1.670868e+00, 5.801650e-10, 3.896808e-10, 3.388123e+01, 1.119910e-01
3.266600e+09, 9.920266e-02, 9.522194e-01, 2.537379e+00, -1.680173e+00, 5.844123e-10, 3.897438e-10, 3.397964e+01, 1.133493e-01
3.270400e+09, 9.839628e-02, 9.522928e-01, 2.523426e+00, -1.689478e+00, 5.887901e-10, 3.898068e-10, 3.407917e+01, 1.146595e-01
3.274200e+09, 9.758509e-02, 9.523660e-01, 2.509368e+00, -1.698785e+00, 5.933032e-10, 3.898698e-10, 3.417979e+01, 1.159209e-01
3.278000e+09, 9.676923e-02, 9.524391e-01, 2.495202e+00, -1.708094e+00, 5.979567e-10, 3.899328e-10, 3.428150e+01, 1.171332e-01
3.281800e+09, 9.594883e-02, 9.525119e-01, 2.480925e+00, -1.717404e+00, 6.027558e-10, 3.899957e-10, 3.438426e+01, 1.182961e-01
3.285600e+09, 9.512404e-02, 9.525846e-01, 2.466534e+00, -1.726715e+00, 6.077060e-10, 3.900586e-10, 3.448807e+01, 1.194091e-01
3.289400e+09, 9.429499e-02, 9.526569e-01, 2.452024e+00, -1.736028e+00, 6.128130e-10, 3.901215e-10, 3.459289e+01, 1.204719e-01
3.293200e+09, 9.346185e-02, 9.527291e-01, 2.437393e+00, -1.745343e+00, 6.180829e-10, 3.901843e-10, 3.469872e+01, 1.214842e-01
3.297000e+09, 9.262477e-02, 9.528009e-01, 2.422635e+00, -1.754659e+00, 6.235217e-10, 3.902470e-10, 3.480552e+01, 1.224456e-01
3.300800e+09, 9.178391e-02, 9.528724e-01, 2.407748e+00, -1.763977e+00, 6.291359e-10, 3.903096e-10, 3.491328e+01, 1.233558e-01
3.304600e+09, 9.093943e-02, 9.529435e-01, 2.392727e+00, -1.773296e+00, 6.349323e-10, 3.903720e-10, 3.502198e+01, 1.242145e-01
3.308400e+09, 9.009151e-02, 9.530143e-01, 2.377567e+00, -1.782616e+00, 6.409178e-10, 3.904344e-10, 3.513159e+01, 1.250213e-01
3.312200e+09, 8.924033e-02, 9.530848e-01, 2.362264e+00, -1.791938e+00, 6.470997e-10, 3.904966e-10, 3.524210e+01, 1.257761e-01
3.316000e+09, 8.838608e-02, 9.531548e-01, 2.346814e+00, -1.801262e+00, 6.534855e-10, 3.905586e-10, 3.535347e+01, 1.264784e-01
3.319800e+09, 8.752895e-02, 9.532244e-01, 2.331211e+00, -1.810587e+00, 6.600830e-10, 3.906204e-10, 3.546569e+01, 1.271281e-01
3.323600e+09, 8.666913e-02, 9.532935e-01, 2.315451e+00, -1.819913e+00, 6.669005e-10, 3.906820e-10, 3.557873e+01, 1.277250e-01
3.327400e+09, 8.580684e-02, 9.533622e-01, 2.299528e+00, -1.829241e+00, 6.739463e-10, 3.907434e-10, 3.569257e+01, 1.282687e-01
3.331200e+09, 8.494229e-02, 9.534303e-01, 2.283437e+00, -1.838571e+00, 6.812293e-10, 3.908045e-10, 3.580718e+01, 1.287590e-01
3.335000e+09, 8.407570e-02, 9.534980e-01, 2.267172e+00, -1.847902e+00, 6.887584e-10, 3.908654e-10, 3.592254e+01, 1.291958e-01
3.338800e+09, 8.320730e-02, 9.535651e-01, 2.250727e+00, -1.857234e+00, 6.965430e-10, 3.909261e-10, 3.603862e+01, 1.295788e-01
3.342600e+09, 8.233734e-02, 9.536316e-01, 2.234096e+00, -1.866568e+00, 7.045930e-10, 3.909864e-10, 3.615539e+01, 1.299078e-01
3.346400e+09, 8.146607e-02, 9.536976e-01, 2.217273e+00, -1.875903e+00, 7.129182e-10, 3.910465e-10, 3.627283e+01, 1.301827e-01
3.350200e+09, 8.059374e-02, 9.537630e-01, 2.200252e+00, -1.885240e+00, 7.215291e-10, 3.911062e-10, 3.639092e+01, 1.304033e-01
3.354000e+09, 7.972063e-02, 9.538277e-01, 2.183024e+00, -1.894578e+00, 7.304362e-10, 3.911656e-10, 3.650961e+01, 1.305694e-01
3.357800e+09, 7.884702e-02, 9.538918e-01, 2.165584e+00, -1.903917e+00, 7.396506e-10, 3.912246e-10, 3.662890e+01, 1.306809e-01
3.361600e+09, 7.797320e-02, 9.539552e-01, 2.147924e+00, -1.913258e+00, 7.491834e-10, 3.912833e-10, 3.674873e+01, 1.307377e-01
3.365400e+09, 7.709947e-02, 9.540179e-01, 2.130037e+00, -1.922601e+00, 7.590461e-10, 3.913416e-10, 3.686910e+01, 1.307396e-01
3.369200e+09, 7.622615e-02, 9.540799e-01, 2.111914e+00, -1.931944e+00, 7.692504e-10, 3.913995e-10, 3.698996e+01, 1.306866e-01
3.373000e+09, 7.535357e-02, 9.541411e-01, 2.093547e+00, -1.941289e+00, 7.798083e-10, 3.914570e-10, 3.711129e+01, 1.305785e-01
3.376800e+09, 7.448208e-02, 9.542016e-01, 2.074928e+00, -1.950636e+00, 7.907319e-10, 3.915140e-10, 3.723306e+01, 1.304153e-01
3.380600e+09, 7.361204e-02, 9.542613e-01, 2.056049e+00, -1.959984e+00, 8.020333e-10, 3.915706e-10, 3.735524e+01, 1.301970e-01
3.384400e+09, 7.274381e-02, 9.543202e-01, 2.036899e+00, -1.969333e+00, 8.137250e-10, 3.916268e-10, 3.747778e+01, 1.299233e-01
3.388200e+09, 7.187779e-02, 9.543783e-01, 2.017471e+00, -1.978683e+00, 8.258192e-10, 3.916824e-10, 3.760067e+01, 1.295944e-01
3.392000e+09, 7.101439e-02, 9.544355e-01, 1.997753e+00, -1.988035e+00, 8.383281e-10, 3.917376e-10, 3.772387e+01, 1.292102e-01
3.395800e+09, 7.015402e-02, 9.544919e-01, 1.977737e+00, -1.997388e+00, 8.512639e-10, 3.917922e-10, 3.784735e+01, 1.287707e-01
3.399600e+09, 6.929713e-02, 9.545474e-01, 1.957412e+00, -2.006743e+00, 8.646384e-10, 3.918464e-10, 3.797106e+01, 1.282758e-01
3.403400e+09, 6.844418e-02, 9.546020e-01, 1.936768e+00, -2.016099e+00, 8.784630e-10, 3.918999e-10, 3.809499e+01, 1.277256e-01
3.407200e+09, 6.759565e-02, 9.546556e-01, 1.915794e+00, -2.025456e+00, 8.927487e-10, 3.919530e-10, 3.821909e+01, 1.271201e-01
3.411000e+09, 6.675204e-02, 9.547083e-01, 1.894479e+00, -2.034814e+00, 9.075057e-10, 3.920054e-10, 3.834332e+01, 1.264594e-01
3.414800e+09, 6.591387e-02, 9.547600e-01, 1.872811e+00, -2.044174e+00, 9.227434e-10, 3.920573e-10, 3.846766e+01, 1.257434e-01
3.418600e+09, 6.508170e-02, 9.548108e-01, 1.850779e+00, -2.053534e+00, 9.384702e-10, 3.921085e-10, 3.859206e+01, 1.249723e-01
3.422400e+09, 6.425608e-02, 9.548605e-01, 1.828372e+00, -2.062896e+00, 9.546932e-10, 3.921591e-10, 3.871649e+01, 1.241461e-01
3.426200e+09, 6.343761e-02, 9.549092e-01, 1.805578e+00, -2.072260e+00, 9.714179e-10, 3.922091e-10, 3.884092e+01, 1.232649e-01
3.430000e+09, 6.262691e-02, 9.549568e-01, 1.782384e+00, -2.081624e+00, 9.886480e-10, 3.922585e-10, 3.896529e+01, 1.223288e-01
3.433800e+09, 6.182462e-02, 9.550034e-01, 1.758779e+00, -2.090990e+00, 1.006385e-09, 3.923071e-10, 3.908959e+01, 1.213380e-01
3.437600e+09, 6.103141e-02, 9.550489e-01, 1.734751e+00, -2.100356e+00, 1.024628e-09, 3.923551e-10, 3.921376e+01, 1.202926e-01
3.441400e+09, 6.024798e-02, 9.550933e-01, 1.710287e+00, -2.109724e+00, 1.043373e-09, 3.924024e-10, 3.933776e+01, 1.191926e-01
3.445200e+09, 5.947505e-02, 9.551366e-01, 1.685375e+00, -2.119093e+00, 1.062613e-09, 3.924490e-10, 3.946157e+01, 1.180384e-01
3.449000e+09, 5.871337e-02, 9.551787e-01, 1.660004e+00, -2.128464e+00, 1.082338e-09, 3.924949e-10, 3.958513e+01, 1.168299e-01
3.452800e+09, 5.796372e-02, 9.552196e-01, 1.634162e+00, -2.137835e+00, 1.102532e-09, 3.925400e-10, 3.970841e+01, 1.155675e-01
3.456600e+09, 5.722692e-02, 9.552594e-01, 1.607838e+00, -2.147207e+00, 1.123176e-09, 3.925844e-10, 3.983137e+01, 1.142514e-01
3.460400e+09, 5.650380e-02, 9.552980e-01, 1.581021e+00, -2.156581e+00, 1.144244e-09, 3.926280e-10, 3.995396e+01, 1.128817e-01
3.464200e+09, 5.579522e-02, 9.553354e-01, 1.553700e+00, -2.165955e+00, 1.165707e-09, 3.926708e-10, 4.007614e+01, 1.114587e-01
3.468000e+09, 5.510208e-02, 9.553715e-01, 1.525868e+00, -2.175330e+00, 1.187527e-09, 3.927128e-10, 4.019788e+01, 1.099826e-01
3.471800e+09, 5.442530e-02, 9.554064e-01, 1.497514e+00, -2.184707e+00, 1.209661e-09, 3.927541e-10, 4.031912e+01, 1.084537e-01
3.475600e+09, 5.376583e-02, 9.554400e-01, 1.468632e+00, -2.194084e+00, 1.232058e-09, 3.927945e-10, 4.043982e+01, 1.068723e-01
3.479400e+09, 5.312463e-02, 9.554724e-01, 1.439216e+00, -2.203463e+00, 1.254660e-09, 3.928340e-10, 4.055995e+01, 1.052387e-01
3.483200e+09, 5.250271e-02, 9.555034e-01, 1.409259e+00, -2.212842e+00, 1.277399e-09, 3.928727e-10, 4.067946e+01, 1.035531e-01
3.487000e+09, 5.190107e-02, 9.555332e-01, 1.378760e+00, -2.222222e+00, 1.300203e-09, 3.929106e-10, 4.079830e+01, 1.018159e-01
3.490800e+09, 5.132074e-02, 9.555616e-01, 1.347716e+00, -2.231603e+00, 1.322986e-09, 3.929476e-10, 4.091642e+01, 1.000275e-01
3.494600e+09, 5.076277e-02, 9.555886e-01, 1.316128e+00, -2.240986e+00, 1.345657e-09, 3.929837e-10, 4.103379e+01, 9.818811e-02
3.498400e+09, 5.022822e-02, 9.556143e-01, 1.283999e+00, -2.250368e+00, 1.368117e-09, 3.930189e-10, 4.115037e+01, 9.629821e-02
3.502200e+09, 4.971814e-02, 9.556386e-01, 1.251334e+00, -2.259752e+00, 1.390255e-09, 3.930531e-10, 4.126609e+01, 9.435814e-02
3.506000e+09, 4.923359e-02, 9.556616e-01, 1.218140e+00, -2.269137e+00, 1.411957e-09, 3.930865e-10, 4.138092e+01, 9.236832e-02
3.509800e+09, 4.877564e-02, 9.556831e-01, 1.184428e+00, -2.278522e+00, 1.433099e-09, 3.931189e-10, 4.149482e+01, 9.032917e-02
3.513600e+09, 4.834532e-02, 9.557032e-01, 1.150211e+00, -2.287908e+00, 1.453554e-09, 3.931504e-10, 4.160773e+01, 8.824111e-02
3.517400e+09, 4.794366e-02, 9.557219e-01, 1.115506e+00, -2.297295e+00, 1.473187e-09, 3.931809e-10, 4.171962e+01, 8.610460e-02
3.521200e+09, 4.757167e-02, 9.557392e-01, 1.080332e+00, -2.306683e+00, 1.491865e-09, 3.932105e-10, 4.183043e+01, 8.392011e-02
3.525000e+09, 4.723032e-02, 9.557550e-01, 1.044712e+00, -2.316071e+00, 1.509449e-09, 3.932391e-10, 4.194011e+01, 8.168812e-02
3.528800e+09, 4.692053e-02, 9.557693e-01, 1.008673e+00, -2.325460e+00, 1.525805e-09, 3.932666e-10, 4.204863e+01, 7.940913e-02
3.532600e+09, 4.664319e-02, 9.557822e-01, 9.722422e-01, -2.334850e+00, 1.540799e-09, 3.932932e-10, 4.215594e+01, 7.708366e-02
3.536400e+09, 4.639914e-02, 9.557935e-01, 9.354539e-01, -2.344240e+00, 1.554307e-09, 3.933188e-10, 4.226199e+01, 7.471224e-02
3.540200e+09, 4.618912e-02, 9.558034e-01, 8.983432e-01, -2.353631e+00, 1.566208e-09, 3.933433e-10, 4.236672e+01, 7.229542e-02
3.544000e+09, 4.601385e-02, 9.558117e-01, 8.609482e-01, -2.363023e+00, 1.576396e-09, 3.933669e-10, 4.247011e+01, 6.983377e-02
3.547800e+09, 4.587394e-02, 9.558186e-01, 8.233100e-01, -2.372415e+00, 1.584776e-09, 3.933894e-10, 4.257210e+01, 6.732787e-02
3.551600e+09, 4.576992e-02, 9.558239e-01, 7.854717e-01, -2.381807e+00, 1.591267e-09, 3.934108e-10, 4.267264e+01, 6.477833e-02
3.555400e+09, 4.570223e-02, 9.558276e-01, 7.474785e-01, -2.391200e+00, 1.595807e-09, 3.934312e-10, 4.277168e+01, 6.218576e-02
3.559200e+09, 4.567124e-02, 9.558298e-01, 7.093768e-01, -2.400594e+00, 1.598352e-09, 3.934505e-10, 4.286920e+01, 5.955079e-02
3.563000e+09, 4.567719e-02, 9.558305e-01, 6.712144e-01, -2.409988e+00, 1.598875e-09, 3.934687e-10, 4.296513e+01, 5.687409e-02
3.566800e+09, 4.572023e-02, 9.558295e-01, 6.330395e-01, -2.419383e+00, 1.597373e-09, 3.934859e-10, 4.305943e+01, 5.415631e-02
3.570600e+09, 4.580043e-02, 9.558270e-01, 5.949004e-01, -2.428777e+00, 1.593861e-09, 3.935019e-10, 4.315205e+01, 5.139813e-02
3.574400e+09, 4.591773e-02, 9.558229e-01, 5.568452e-01, -2.438173e+00, 1.588374e-09, 3.935169e-10, 4.324296e+01, 4.860027e-02
3.578200e+09, 4.607199e-02, 9.558173e-01, 5.189211e-01, -2.447568e+00, 1.580966e-09, 3.935308e-10, 4.333211e+01, 4.576344e-02
3.582000e+09, 4.626295e-02, 9.558100e-01, 4.811738e-01, -2.456964e+00, 1.571709e-09, 3.935435e-10, 4.341945e+01, 4.288837e-02
3.585800e+09, 4.649028e-02, 9.558011e-01, 4.436475e-01, -2.466361e+00, 1.560691e-09, 3.935552e-10, 4.350495e+01, 3.997581e-02
3.589600e+09, 4.675355e-02, 9.557906e-01, 4.063842e-01, -2.475757e+00, 1.548014e-09, 3.935657e-10, 4.358855e+01, 3.702653e-02
3.593400e+09, 4.705225e-02, 9.557785e-01, 3.694237e-01, -2.485154e+00, 1.533792e-09, 3.935750e-10, 4.367021e+01, 3.404131e-02
3.597200e+09, 4.738577e-02, 9.557648e-01, 3.328027e-01, -2.494551e+00, 1.518147e-09, 3.935833e-10, 4.374990e+01, 3.102095e-02
3.601000e+09, 4.775347e-02, 9.557494e-01, 2.965553e-01, -2.503948e+00, 1.501209e-09, 3.935904e-10, 4.382757e+01, 2.796626e-02
3.604800e+09, 4.815460e-02, 9.557324e-01, 2.607123e-01, -2.513346e+00, 1.483113e-09, 3.935963e-10, 4.390319e+01, 2.487807e-02
3.608600e+09, 4.858838e-02, 9.557138e-01, 2.253013e-01, -2.522743e+00, 1.463994e-09, 3.936011e-10, 4.397670e+01, 2.175723e-02
3.612400e+09, 4.905398e-02, 9.556935e-01, 1.903468e-01, -2.532141e+00, 1.443990e-09, 3.936047e-10, 4.404808e+01, 1.860460e-02
3.616200e+09, 4.955053e-02, 9.556716e-01, 1.558700e-01, -2.541539e+00, 1.423233e-09, 3.936072e-10, 4.411728e+01, 1.542105e-02
3.620000e+09, 5.007710e-02, 9.556481e-01, 1.218887e-01, -2.550937e+00, 1.401856e-09, 3.936085e-10, 4.418427e+01, 1.220747e-02
3.623800e+09, 5.063276e-02, 9.556229e-01, 8.841784e-02, -2.560334e+00, 1.379984e-09, 3.936087e-10, 4.424901e+01, 8.964760e-03
3.627600e+09, 5.121656e-02, 9.555961e-01, 5.546919e-02, -2.569732e+00, 1.357736e-09, 3.936077e-10, 4.431147e+01, 5.693843e-03
3.631400e+09, 5.182752e-02, 9.555676e-01, 2.305174e-02, -2.579130e+00, 1.335224e-09, 3.936055e-10, 4.437160e+01, 2.395647e-03
3.635200e+09, 5.246465e-02, 9.555375e-01, -8.828220e-03, -2.588528e+00, 1.312553e-09, 3.936021e-10, 4.442938e+01, -9.288833e-04
3.639000e+09, 5.312697e-02, 9.555057e-01, -4.016687e-02, -2.597925e+00, 1.289818e-09, 3.935975e-10, 4.448478e+01, -4.278791e-03
3.642800e+09, 5.381350e-02, 9.554723e-01, -7.096269e-02, -2.607323e+00, 1.267106e-09, 3.935918e-10, 4.453776e+01, -7.653106e-03
3.646600e+09, 5.452326e-02, 9.554372e-01, -1.012162e-01, -2.616720e+00, 1.244497e-09, 3.935849e-10, 4.458829e+01, -1.105085e-02
3.650400e+09, 5.525529e-02, 9.554005e-01, -1.309300e-01, -2.626118e+00, 1.222062e-09, 3.935767e-10, 4.463634e+01, -1.447102e-02
3.654200e+09, 5.600862e-02, 9.553621e-01, -1.601081e-01, -2.635515e+00, 1.199861e-09, 3.935675e-10, 4.468188e+01, -1.791262e-02
3.658000e+09, 5.678233e-02, 9.553222e-01, -1.887561e-01, -2.644912e+00, 1.177950e-09, 3.935570e-10, 4.472489e+01, -2.137463e-02
3.661800e+09, 5.757549e-02, 9.552805e-01, -2.168809e-01, -2.654308e+00, 1.156376e-09, 3.935453e-10, 4.476534e+01, -2.485602e-02
3.665600e+09, 5.838721e-02, 9.552372e-01, -2.444907e-01, -2.663705e+00, 1.135178e-09, 3.935325e-10, 4.480321e+01, -2.835576e-02
3.669400e+09, 5.921660e-02, 9.551923e-01, -2.715943e-01, -2.673101e+00, 1.114390e-09, 3.935185e-10, 4.483847e+01, -3.187280e-02
3.673200e+09, 6.006281e-02, 9.551458e-01, -2.982016e-01, -2.682496e+00, 1.094040e-09, 3.935032e-10, 4.487110e+01, -3.540609e-02
3.677000e+09, 6.092502e-02, 9.550977e-01, -3.243230e-01, -2.691892e+00, 1.074148e-09, 3.934868e-10, 4.490108e+01, -3.895456e-02
3.680800e+09, 6.180241e-02, 9.550479e-01, -3.499695e-01, -2.701287e+00, 1.054734e-09, 3.934693e-10, 4.492839e+01, -4.251714e-02
3.684600e+09, 6.269420e-02, 9.549965e-01, -3.751524e-01, -2.710681e+00, 1.035808e-09, 3.934505e-10, 4.495302e+01, -4.609274e-02
3.688400e+09, 6.359964e-02, 9.549435e-01, -3.998835e-01, -2.720075e+00, 1.017381e-09, 3.934306e-10, 4.497494e+01, -4.968029e-02
3.692200e+09, 6.451799e-02, 9.548890e-01, -4.241746e-01, -2.729469e+00, 9.994573e-10, 3.934095e-10, 4.499415e+01, -5.327869e-02
3.696000e+09, 6.544855e-02, 9.548328e-01, -4.480378e-01, -2.738862e+00, 9.820389e-10, 3.933872e-10, 4.501063e+01, -5.688683e-02
3.699800e+09, 6.639064e-02, 9.547750e-01, -4.714850e-01, -2.748254e+00, 9.651257e-10, 3.933638e-10, 4.502436e+01, -6.050363e-02
3.703600e+09, 6.734359e-02, 9.547157e-01, -4.945285e-01, -2.757646e+00, 9.487148e-10, 3.933392e-10, 4.503534e+01, -6.412796e-02
3.707400e+09, 6.830677e-02, 9.546548e-01, -5.171801e-01, -2.767038e+00, 9.328016e-10, 3.933135e-10, 4.504355e+01, -6.775871e-02
3.711200e+09, 6.927956e-02, 9.545923e-01, -5.394517e-01, -2.776429e+00, 9.173796e-10, 3.932866e-10, 4.504900e+01, -7.139476e-02
3.715000e+09, 7.026138e-02, 9.545283e-01, -5.613552e-01, -2.785819e+00, 9.024411e-10, 3.932585e-10, 4.505167e+01, -7.503501e-02
3.718800e+09, 7.125165e-02, 9.544628e-01, -5.829020e-01, -2.795208e+00, 8.879770e-10, 3.932293e-10, 4.505156e+01, -7.867831e-02
3.722600e+09, 7.224982e-02, 9.543957e-01, -6.041034e-01, -2.804597e+00, 8.739776e-10, 3.931990e-10, 4.504867e+01, -8.232355e-02
3.726400e+09, 7.325537e-02, 9.543271e-01, -6.249706e-01, -2.813985e+00, 8.604320e-10, 3.931675e-10, 4.504299e+01, -8.596960e-02
3.730200e+09, 7.426779e-02, 9.542570e-01, -6.455143e-01, -2.823372e+00, 8.473291e-10, 3.931350e-10, 4.503454e+01, -8.961534e-02
3.734000e+09, 7.528657e-02, 9.541854e-01, -6.657453e-01, -2.832759e+00, 8.346572e-10, 3.931013e-10, 4.502330e+01, -9.325964e-02
3.737800e+09, 7.631125e-02, 9.541123e-01, -6.856736e-01, -2.842145e+00, 8.224042e-10, 3.930665e-10, 4.500928e+01, -9.690136e-02
3.741600e+09, 7.734137e-02, 9.540378e-01, -7.053094e-01, -2.851530e+00, 8.105579e-10, 3.930306e-10, 4.499249e+01, -1.005394e-01
3.745400e+09, 7.837649e-02, 9.539618e-01, -7.246624e-01, -2.860914e+00, 7.991060e-10, 3.929936e-10, 4.497294e+01, -1.041726e-01
3.749200e+09, 7.941618e-02, 9.538843e-01, -7.437419e-01, -2.870297e+00, 7.880362e-10, 3.929555e-10, 4.495063e+01, -1.077999e-01
3.753000e+09, 8.046003e-02, 9.538055e-01, -7.625572e-01, -2.879679e+00, 7.773361e-10, 3.929163e-10, 4.492557e+01, -1.114201e-01
3.756800e+09, 8.150765e-02, 9.537252e-01, -7.811169e-01, -2.889060e+00, 7.669936e-10, 3.928761e-10, 4.489777e+01, -1.150322e-01
3.760600e+09, 8.255864e-02, 9.536435e-01, -7.994297e-01, -2.898441e+00, 7.569965e-10, 3.928349e-10, 4.486725e+01, -1.186350e-01
3.764400e+09, 8.361264e-02, 9.535604e-01, -8.175039e-01, -2.907820e+00, 7.473332e-10, 3.927926e-10, 4.483402e+01, -1.222274e-01
3.768200e+09, 8.466930e-02, 9.534760e-01, -8.353473e-01, -2.917198e+00, 7.379918e-10, 3.927492e-10, 4.479809e+01, -1.258083e-01
3.772000e+09, 8.572825e-02, 9.533902e-01, -8.529676e-01, -2.926576e+00, 7.289610e-10, 3.927048e-10, 4.475949e+01, -1.293766e-01
3.775800e+09, 8.678917e-02, 9.533031e-01, -8.703724e-01, -2.935952e+00, 7.202298e-10, 3.926595e-10, 4.471823e+01, -1.329313e-01
3.779600e+09, 8.785173e-02, 9.532147e-01, -8.875687e-01, -2.945327e+00, 7.117873e-10, 3.926131e-10, 4.467434e+01, -1.364712e-01
3.783400e+09, 8.891562e-02, 9.531250e-01, -9.045634e-01, -2.954701e+00, 7.036229e-10, 3.925657e-10, 4.462782e+01, -1.399953e-01
3.787200e+09, 8.998053e-02, 9.530340e-01, -9.213632e-01, -2.964074e+00, 6.957266e-10, 3.925174e-10, 4.457871e+01, -1.435025e-01
3.791000e+09, 9.104617e-02, 9.529417e-01, -9.379744e-01, -2.973446e+00, 6.880884e-10, 3.924681e-10, 4.452704e+01, -1.469917e-01
3.794800e+09, 9.211224e-02, 9.528482e-01, -9.544033e-01, -2.982817e+00, 6.806987e-10, 3.924178e-10, 4.447281e+01, -1.504620e-01
3.798600e+09, 9.317846e-02, 9.527535e-01, -9.706557e-01, -2.992186e+00, 6.735482e-10, 3.923667e-10, 4.441607e+01, -1.539122e-01
3.802400e+09, 9.424458e-02, 9.526576e-01, -9.867374e-01, -3.001554e+00, 6.666282e-10, 3.923146e-10, 4.435684e+01, -1.573413e-01
3.806200e+09, 9.531031e-02, 9.525605e-01, -1.002654e+00, -3.010921e+00, 6.599298e-10, 3.922616e-10, 4.429514e+01, -1.607484e-01
3.810000e+09, 9.637542e-02, 9.524622e-01, -1.018410e+00, -3.020287e+00, 6.534448e-10, 3.922077e-10, 4.423102e+01, -1.641324e-01
3.813800e+09, 9.743964e-02, 9.523628e-01, -1.034012e+00, -3.029651e+00, 6.471653e-10, 3.921529e-10, 4.416449e+01, -1.674922e-01
3.817600e+09, 9.850273e-02, 9.522623e-01, -1.049464e+00, -3.039014e+00, 6.410834e-10, 3.920972e-10, 4.409560e+01, -1.708270e-01
3.821400e+09, 9.956446e-02, 9.521607e-01, -1.064771e+00, -3.048376e+00, 6.351918e-10, 3.920408e-10, 4.402437e+01, -1.741358e-01
3.825200e+09, 1.006246e-01, 9.520580e-01, -1.079936e+00, -3.057736e+00, 6.294833e-10, 3.919835e-10, 4.395084e+01, -1.774175e-01
3.829000e+09, 1.016829e-01, 9.519543e-01, -1.094966e+00, -3.067095e+00, 6.239510e-10, 3.919253e-10, 4.387505e+01, -1.806712e-01
3.832800e+09, 1.027392e-01, 9.518496e-01, -1.109864e+00, -3.076453e+00, 6.185884e-10, 3.918664e-10, 4.379703e+01, -1.838961e-01
3.836600e+09, 1.037932e-01, 9.517438e-01, -1.124633e+00, -3.085809e+00, 6.133891e-10, 3.918067e-10, 4.371682e+01, -1.870911e-01
3.840400e+09, 1.048448e-01, 9.516371e-01, -1.139278e+00, -3.095164e+00, 6.083471e-10, 3.917463e-10, 4.363446e+01, -1.902554e-01
3.844200e+09, 1.058937e-01, 9.515294e-01, -1.153803e+00, -3.104518e+00, 6.034563e-10, 3.916851e-10, 4.354998e+01, -1.933880e-01
3.848000e+09, 1.069397e-01, 9.514208e-01, -1.168212e+00, -3.113869e+00, 5.987114e-10, 3.916232e-10, 4.346343e+01, -1.964882e-01
3.851800e+09, 1.079827e-01, 9.513112e-01, -1.182506e+00, -3.123220e+00, 5.941067e-10, 3.915606e-10, 4.337484e+01, -1.995549e-01
3.855600e+09, 1.090224e-01, 9.512008e-01, -1.196691e+00, -3.132569e+00, 5.896373e-10, 3.914973e-10, 4.328426e+01, -2.025874e-01
3.859400e+09, 1.100587e-01, 9.510896e-01, -1.210770e+00, 3.141269e+00, 5.852980e-10, 3.914333e-10, 4.319173e+01, -2.055848e-01
3.863200e+09, 1.110913e-01, 9.509775e-01, -1.224744e+00, 3.131923e+00, 5.810842e-10, 3.913687e-10, 4.309729e+01, -2.085463e-01
3.867000e+09, 1.121202e-01, 9.508646e-01, -1.238618e+00, 3.122579e+00, 5.769912e-10, 3.913035e-10, 4.300098e+01, -2.114711e-01
3.870800e+09, 1.131451e-01, 9.507510e-01, -1.252395e+00, 3.113236e+00, 5.730146e-10, 3.912376e-10, 4.290285e+01, -2.143584e-01
3.874600e+09, 1.141658e-01, 9.506366e-01, -1.266076e+00, 3.103895e+00, 5.691503e-10, 3.911712e-10, 4.280295e+01, -2.172074e-01
3.878400e+09, 1.151822e-01, 9.505215e-01, -1.279665e+00, 3.094555e+00, 5.653941e-10, 3.911042e-10, 4.270131e+01, -2.200174e-01
3.882200e+09, 1.161942e-01, 9.504057e-01, -1.293164e+00, 3.085217e+00, 5.617423e-10, 3.910367e-10, 4.259797e+01, -2.227875e-01
3.886000e+09, 1.172015e-01, 9.502892e-01, -1.306577e+00, 3.075881e+00, 5.581909e-10, 3.909686e-10, 4.249300e+01, -2.255172e-01
3.889800e+09, 1.182040e-01, 9.501721e-01, -1.319904e+00, 3.066546e+00, 5.547366e-10, 3.909001e-10, 4.238642e+01, -2.282056e-01
3.893600e+09, 1.192015e-01, 9.500543e-01, -1.333149e+00, 3.057213e+00, 5.513758e-10, 3.908311e-10, 4.227829e+01, -2.308520e-01
3.897400e+09, 1.201939e-01, 9.499360e-01, -1.346314e+00, 3.047881e+00, 5.481053e-10, 3.907616e-10, 4.216866e+01, -2.334558e-01
3.901200e+09, 1.211811e-01, 9.498172e-01, -1.359400e+00, 3.038551e+00, 5.449218e-10, 3.906917e-10, 4.205756e+01, -2.360163e-01
3.905000e+09, 1.221628e-01, 9.496978e-01, -1.372411e+00, 3.029223e+00, 5.418223e-10, 3.906213e-10, 4.194505e+01, -2.385329e-01
3.908800e+09, 1.231390e-01, 9.495780e-01, -1.385348e+00, 3.019897e+00, 5.388039e-10, 3.905506e-10, 4.183117e+01, -2.410049e-01
3.912600e+09, 1.241095e-01, 9.494576e-01, -1.398212e+00, 3.010572e+00, 5.358639e-10, 3.904796e-10, 4.171596e+01, -2.434317e-01
3.916400e+09, 1.250741e-01, 9.493369e-01, -1.411006e+00, 3.001249e+00, 5.329994e-10, 3.904081e-10, 4.159948e+01, -2.458126e-01
3.920200e+09, 1.260328e-01, 9.492157e-01, -1.423732e+00, 2.991927e+00, 5.302079e-10, 3.903364e-10, 4.148178e+01, -2.481472e-01
3.924000e+09, 1.269853e-01, 9.490941e-01, -1.436392e+00, 2.982607e+00, 5.274869e-10, 3.902644e-10, 4.136289e+01, -2.504348e-01
3.927800e+09, 1.279316e-01, 9.489723e-01, -1.448986e+00, 2.973289e+00, 5.248341e-10, 3.901921e-10, 4.124286e+01, -2.526748e-01
3.931600e+09, 1.288715e-01, 9.488501e-01, -1.461517e+00, 2.963973e+00, 5.222470e-10, 3.901196e-10, 4.112175e+01, -2.548668e-01
3.935400e+09, 1.298050e-01, 9.487276e-01, -1.473986e+00, 2.954659e+00, 5.197236e-10, 3.900469e-10, 4.099960e+01, -2.570102e-01
3.939200e+09, 1.307317e-01, 9.486048e-01, -1.486395e+00, 2.945346e+00, 5.172616e-10, 3.899739e-10, 4.087645e+01, -2.591045e-01
3.943000e+09, 1.316517e-01, 9.484819e-01, -1.498745e+00, 2.936035e+00, 5.148591e-10, 3.899008e-10, 4.075235e+01, -2.611492e-01
3.946800e+09, 1.325649e-01, 9.483587e-01, -1.511038e+00, 2.926726e+00, 5.125140e-10, 3.898276e-10, 4.062735e+01, -2.631438e-01
3.950600e+09, 1.334710e-01, 9.482354e-01, -1.523275e+00, 2.917418e+00, 5.102245e-10, 3.897542e-10, 4.050149e+01, -2.650878e-01
3.954400e+09, 1.343700e-01, 9.481120e-01, -1.535457e+00, 2.908112e+00, 5.079888e-10, 3.896808e-10, 4.037482e+01, -2.669809e-01
3.958200e+09, 1.352617e-01, 9.479884e-01, -1.547586e+00, 2.898808e+00, 5.058050e-10, 3.896072e-10, 4.024739e+01, -2.688226e-01
3.962000e+09, 1.361461e-01, 9.478648e-01, -1.559663e+00, 2.889506e+00, 5.036716e-10, 3.895337e-10, 4.011923e+01, -2.706124e-01
3.965800e+09, 1.370231e-01, 9.477412e-01, -1.571688e+00, 2.880205e+00, 5.015869e-10, 3.894601e-10, 3.999040e+01, -2.723500e-01
3.969600e+09, 1.378924e-01, 9.476175e-01, -1.583664e+00, 2.870906e+00, 4.995492e-10, 3.893866e-10, 3.986094e+01, -2.740349e-01
3.973400e+09, 1.387540e-01, 9.474939e-01, -1.595592e+00, 2.861609e+00, 4.975573e-10, 3.893130e-10, 3.973090e+01, -2.756669e-01
3.977200e+09, 1.396079e-01, 9.473704e-01, -1.607471e+00, 2.852314e+00, 4.956095e-10, 3.892396e-10, 3.960031e+01, -2.772455e-01
3.981000e+09, 1.404538e-01, 9.472469e-01, -1.619305e+00, 2.843021e+00, 4.937044e-10, 3.891662e-10, 3.946922e+01, -2.787705e-01
3.984800e+09, 1.412917e-01, 9.471235e-01, -1.631092e+00, 2.833729e+00, 4.918408e-10, 3.890930e-10, 3.933768e+01, -2.802414e-01
3.988600e+09, 1.421215e-01, 9.470004e-01, -1.642836e+00, 2.824439e+00, 4.900174e-10, 3.890199e-10, 3.920573e+01, -2.816579e-01
3.992400e+09, 1.429431e-01, 9.468773e-01, -1.654535e+00, 2.815151e+00, 4.882328e-10, 3.889470e-10, 3.907341e+01, -2.830199e-01
3.996200e+09, 1.437563e-01, 9.467545e-01, -1.666192e+00, 2.805864e+00, 4.864859e-10, 3.888742e-10, 3.894076e+01, -2.843269e-01
4.000000e+09, 1.445611e-01, 9.466320e-01, -1.677808e+00, 2.796579e+00, 4.864859e-10, 3.888742e-10, 3.880783e+01, -2.855788e-01
