Frequency [Hz], |S00| [-], |S10| [-], Arg(S00) [-], Arg(S10) [-], Delay 0>0 [s], Delay 0>1 [s], |Z0| [Ohm] , Arg(Z0) [-]
2.000000e+08, 7.813961e-02, 9.468770e-01, 4.173503e-01, -5.892629e-01, -4.045066e-11, 4.646307e-10, 5.768443e+01, 6.364923e-02
2.038000e+08, 7.902866e-02, 9.469653e-01, 4.183162e-01, -6.003565e-01, -2.932603e-11, 4.648984e-10, 5.777484e+01, 6.452027e-02
2.076000e+08, 7.991846e-02, 9.470527e-01, 4.190163e-01, -6.114565e-01, -1.862578e-11, 4.651566e-10, 5.786639e+01, 6.535639e-02
2.114000e+08, 8.080867e-02, 9.471391e-01, 4.194611e-01, -6.225626e-01, -8.331016e-12, 4.654059e-10, 5.795906e+01, 6.615757e-02
2.152000e+08, 8.169899e-02, 9.472243e-01, 4.196600e-01, -6.336747e-01, 1.576215e-12, 4.656465e-10, 5.805282e+01, 6.692377e-02
2.190000e+08, 8.258912e-02, 9.473084e-01, 4.196223e-01, -6.447925e-01, 1.111298e-11, 4.658787e-10, 5.814764e+01, 6.765495e-02
2.228000e+08, 8.347876e-02, 9.473911e-01, 4.193570e-01, -6.559159e-01, 2.029551e-11, 4.661029e-10, 5.824349e+01, 6.835106e-02
2.266000e+08, 8.436765e-02, 9.474725e-01, 4.188724e-01, -6.670446e-01, 2.913925e-11, 4.663193e-10, 5.834033e+01, 6.901205e-02
2.304000e+08, 8.525552e-02, 9.475524e-01, 4.181767e-01, -6.781785e-01, 3.765889e-11, 4.665281e-10, 5.843815e+01, 6.963787e-02
2.342000e+08, 8.614212e-02, 9.476307e-01, 4.172775e-01, -6.893173e-01, 4.586841e-11, 4.667295e-10, 5.853689e+01, 7.022847e-02
2.380000e+08, 8.702720e-02, 9.477074e-01, 4.161824e-01, -7.004610e-01, 5.378113e-11, 4.669238e-10, 5.863654e+01, 7.078380e-02
2.418000e+08, 8.791053e-02, 9.477823e-01, 4.148983e-01, -7.116093e-01, 6.140972e-11, 4.671111e-10, 5.873707e+01, 7.130382e-02
2.456000e+08, 8.879188e-02, 9.478555e-01, 4.134321e-01, -7.227621e-01, 6.876626e-11, 4.672915e-10, 5.883843e+01, 7.178847e-02
2.494000e+08, 8.967103e-02, 9.479267e-01, 4.117902e-01, -7.339192e-01, 7.586226e-11, 4.674653e-10, 5.894060e+01, 7.223771e-02
2.532000e+08, 9.054779e-02, 9.479961e-01, 4.099789e-01, -7.450805e-01, 8.270869e-11, 4.676324e-10, 5.904355e+01, 7.265150e-02
2.570000e+08, 9.142194e-02, 9.480634e-01, 4.080041e-01, -7.562457e-01, 8.931598e-11, 4.677931e-10, 5.914725e+01, 7.302981e-02
2.608000e+08, 9.229330e-02, 9.481287e-01, 4.058716e-01, -7.674148e-01, 9.569411e-11, 4.679475e-10, 5.925165e+01, 7.337259e-02
2.646000e+08, 9.316167e-02, 9.481918e-01, 4.035868e-01, -7.785876e-01, 1.018526e-10, 4.680956e-10, 5.935673e+01, 7.367983e-02
2.684000e+08, 9.402689e-02, 9.482527e-01, 4.011550e-01, -7.897639e-01, 1.078004e-10, 4.682376e-10, 5.946245e+01, 7.395149e-02
2.722000e+08, 9.488876e-02, 9.483114e-01, 3.985811e-01, -8.009436e-01, 1.135463e-10, 4.683736e-10, 5.956879e+01, 7.418756e-02
2.760000e+08, 9.574713e-02, 9.483677e-01, 3.958701e-01, -8.121265e-01, 1.190985e-10, 4.685036e-10, 5.967570e+01, 7.438802e-02
2.798000e+08, 9.660184e-02, 9.484217e-01, 3.930265e-01, -8.233125e-01, 1.244648e-10, 4.686277e-10, 5.978315e+01, 7.455286e-02
2.836000e+08, 9.745273e-02, 9.484733e-01, 3.900547e-01, -8.345015e-01, 1.296528e-10, 4.687461e-10, 5.989111e+01, 7.468209e-02
2.874000e+08, 9.829964e-02, 9.485225e-01, 3.869591e-01, -8.456934e-01, 1.346696e-10, 4.688587e-10, 5.999954e+01, 7.477570e-02
2.912000e+08, 9.914243e-02, 9.485692e-01, 3.837438e-01, -8.568879e-01, 1.395220e-10, 4.689657e-10, 6.010841e+01, 7.483370e-02
2.950000e+08, 9.998097e-02, 9.486134e-01, 3.804125e-01, -8.680850e-01, 1.442167e-10, 4.690671e-10, 6.021769e+01, 7.485612e-02
2.988000e+08, 1.008151e-01, 9.486550e-01, 3.769692e-01, -8.792845e-01, 1.487598e-10, 4.691630e-10, 6.032733e+01, 7.484296e-02
3.026000e+08, 1.016447e-01, 9.486940e-01, 3.734174e-01, -8.904862e-01, 1.531573e-10, 4.692535e-10, 6.043730e+01, 7.479428e-02
3.064000e+08, 1.024697e-01, 9.487305e-01, 3.697606e-01, -9.016902e-01, 1.574149e-10, 4.693386e-10, 6.054758e+01, 7.471008e-02
3.102000e+08, 1.032898e-01, 9.487643e-01, 3.660021e-01, -9.128962e-01, 1.615381e-10, 4.694184e-10, 6.065811e+01, 7.459044e-02
3.140000e+08, 1.041051e-01, 9.487954e-01, 3.621452e-01, -9.241041e-01, 1.655320e-10, 4.694930e-10, 6.076886e+01, 7.443538e-02
3.178000e+08, 1.049153e-01, 9.488238e-01, 3.581930e-01, -9.353137e-01, 1.694017e-10, 4.695624e-10, 6.087981e+01, 7.424497e-02
3.216000e+08, 1.057205e-01, 9.488496e-01, 3.541483e-01, -9.465250e-01, 1.731518e-10, 4.696267e-10, 6.099090e+01, 7.401928e-02
3.254000e+08, 1.065203e-01, 9.488727e-01, 3.500141e-01, -9.577379e-01, 1.767870e-10, 4.696860e-10, 6.110211e+01, 7.375838e-02
3.292000e+08, 1.073148e-01, 9.488930e-01, 3.457931e-01, -9.689522e-01, 1.803116e-10, 4.697403e-10, 6.121340e+01, 7.346234e-02
3.330000e+08, 1.081039e-01, 9.489106e-01, 3.414880e-01, -9.801677e-01, 1.837297e-10, 4.697898e-10, 6.132473e+01, 7.313125e-02
3.368000e+08, 1.088874e-01, 9.489255e-01, 3.371012e-01, -9.913845e-01, 1.870454e-10, 4.698344e-10, 6.143606e+01, 7.276521e-02
3.406000e+08, 1.096653e-01, 9.489376e-01, 3.326353e-01, -1.002602e+00, 1.902624e-10, 4.698742e-10, 6.154736e+01, 7.236433e-02
3.444000e+08, 1.104373e-01, 9.489471e-01, 3.280926e-01, -1.013821e+00, 1.933844e-10, 4.699094e-10, 6.165858e+01, 7.192870e-02
3.482000e+08, 1.112036e-01, 9.489537e-01, 3.234753e-01, -1.025041e+00, 1.964149e-10, 4.699399e-10, 6.176970e+01, 7.145845e-02
3.520000e+08, 1.119639e-01, 9.489577e-01, 3.187857e-01, -1.036261e+00, 1.993573e-10, 4.699659e-10, 6.188067e+01, 7.095370e-02
3.558000e+08, 1.127182e-01, 9.489590e-01, 3.140258e-01, -1.047482e+00, 2.022147e-10, 4.699874e-10, 6.199145e+01, 7.041459e-02
3.596000e+08, 1.134664e-01, 9.489575e-01, 3.091977e-01, -1.058703e+00, 2.049902e-10, 4.700046e-10, 6.210201e+01, 6.984125e-02
3.634000e+08, 1.142083e-01, 9.489534e-01, 3.043034e-01, -1.069925e+00, 2.076868e-10, 4.700174e-10, 6.221231e+01, 6.923385e-02
3.672000e+08, 1.149440e-01, 9.489465e-01, 2.993446e-01, -1.081147e+00, 2.103072e-10, 4.700259e-10, 6.232231e+01, 6.859252e-02
3.710000e+08, 1.156734e-01, 9.489371e-01, 2.943233e-01, -1.092370e+00, 2.128542e-10, 4.700303e-10, 6.243196e+01, 6.791745e-02
3.748000e+08, 1.163963e-01, 9.489250e-01, 2.892412e-01, -1.103592e+00, 2.153304e-10, 4.700305e-10, 6.254124e+01, 6.720879e-02
3.786000e+08, 1.171126e-01, 9.489102e-01, 2.840999e-01, -1.114815e+00, 2.177382e-10, 4.700268e-10, 6.265010e+01, 6.646674e-02
3.824000e+08, 1.178224e-01, 9.488929e-01, 2.789012e-01, -1.126037e+00, 2.200800e-10, 4.700191e-10, 6.275851e+01, 6.569148e-02
3.862000e+08, 1.185255e-01, 9.488730e-01, 2.736465e-01, -1.137260e+00, 2.223581e-10, 4.700075e-10, 6.286642e+01, 6.488321e-02
3.900000e+08, 1.192219e-01, 9.488506e-01, 2.683375e-01, -1.148481e+00, 2.245747e-10, 4.699922e-10, 6.297380e+01, 6.404214e-02
3.938000e+08, 1.199114e-01, 9.488257e-01, 2.629755e-01, -1.159703e+00, 2.267318e-10, 4.699731e-10, 6.308060e+01, 6.316848e-02
3.976000e+08, 1.205941e-01, 9.487983e-01, 2.575620e-01, -1.170924e+00, 2.288315e-10, 4.699505e-10, 6.318680e+01, 6.226245e-02
4.014000e+08, 1.212698e-01, 9.487684e-01, 2.520984e-01, -1.182145e+00, 2.308757e-10, 4.699243e-10, 6.329234e+01, 6.132428e-02
4.052000e+08, 1.219385e-01, 9.487362e-01, 2.465860e-01, -1.193365e+00, 2.328663e-10, 4.698946e-10, 6.339719e+01, 6.035421e-02
4.090000e+08, 1.226002e-01, 9.487016e-01, 2.410261e-01, -1.204584e+00, 2.348050e-10, 4.698616e-10, 6.350131e+01, 5.935249e-02
4.128000e+08, 1.232547e-01, 9.486647e-01, 2.354199e-01, -1.215802e+00, 2.366935e-10, 4.698253e-10, 6.360466e+01, 5.831938e-02
4.166000e+08, 1.239019e-01, 9.486255e-01, 2.297685e-01, -1.227020e+00, 2.385334e-10, 4.697858e-10, 6.370721e+01, 5.725514e-02
4.204000e+08, 1.245419e-01, 9.485840e-01, 2.240733e-01, -1.238237e+00, 2.403264e-10, 4.697432e-10, 6.380890e+01, 5.616004e-02
4.242000e+08, 1.251746e-01, 9.485404e-01, 2.183352e-01, -1.249452e+00, 2.420739e-10, 4.696975e-10, 6.390971e+01, 5.503436e-02
4.280000e+08, 1.257998e-01, 9.484946e-01, 2.125555e-01, -1.260667e+00, 2.437773e-10, 4.696489e-10, 6.400960e+01, 5.387839e-02
4.318000e+08, 1.264177e-01, 9.484467e-01, 2.067350e-01, -1.271880e+00, 2.454381e-10, 4.695974e-10, 6.410852e+01, 5.269243e-02
4.356000e+08, 1.270280e-01, 9.483968e-01, 2.008749e-01, -1.283092e+00, 2.470576e-10, 4.695432e-10, 6.420643e+01, 5.147679e-02
4.394000e+08, 1.276307e-01, 9.483449e-01, 1.949761e-01, -1.294303e+00, 2.486371e-10, 4.694863e-10, 6.430330e+01, 5.023179e-02
4.432000e+08, 1.282258e-01, 9.482910e-01, 1.890396e-01, -1.305513e+00, 2.501777e-10, 4.694268e-10, 6.439910e+01, 4.895774e-02
4.470000e+08, 1.288132e-01, 9.482352e-01, 1.830664e-01, -1.316721e+00, 2.516806e-10, 4.693648e-10, 6.449377e+01, 4.765497e-02
4.508000e+08, 1.293929e-01, 9.481776e-01, 1.770572e-01, -1.327927e+00, 2.531471e-10, 4.693003e-10, 6.458728e+01, 4.632384e-02
4.546000e+08, 1.299648e-01, 9.481182e-01, 1.710131e-01, -1.339133e+00, 2.545781e-10, 4.692335e-10, 6.467960e+01, 4.496468e-02
4.584000e+08, 1.305289e-01, 9.480571e-01, 1.649347e-01, -1.350336e+00, 2.559747e-10, 4.691645e-10, 6.477068e+01, 4.357786e-02
4.622000e+08, 1.310850e-01, 9.479942e-01, 1.588230e-01, -1.361538e+00, 2.573379e-10, 4.690933e-10, 6.486049e+01, 4.216375e-02
4.660000e+08, 1.316332e-01, 9.479298e-01, 1.526788e-01, -1.372738e+00, 2.586687e-10, 4.690201e-10, 6.494900e+01, 4.072271e-02
4.698000e+08, 1.321734e-01, 9.478638e-01, 1.465028e-01, -1.383936e+00, 2.599680e-10, 4.689449e-10, 6.503615e+01, 3.925513e-02
4.736000e+08, 1.327056e-01, 9.477963e-01, 1.402958e-01, -1.395133e+00, 2.612366e-10, 4.688677e-10, 6.512192e+01, 3.776141e-02
4.774000e+08, 1.332297e-01, 9.477274e-01, 1.340585e-01, -1.406328e+00, 2.624754e-10, 4.687888e-10, 6.520627e+01, 3.624194e-02
4.812000e+08, 1.337456e-01, 9.476571e-01, 1.277916e-01, -1.417520e+00, 2.636852e-10, 4.687082e-10, 6.528916e+01, 3.469713e-02
4.850000e+08, 1.342533e-01, 9.475855e-01, 1.214958e-01, -1.428711e+00, 2.648669e-10, 4.686259e-10, 6.537056e+01, 3.312741e-02
4.888000e+08, 1.347528e-01, 9.475126e-01, 1.151718e-01, -1.439900e+00, 2.660210e-10, 4.685420e-10, 6.545043e+01, 3.153319e-02
4.926000e+08, 1.352440e-01, 9.474385e-01, 1.088203e-01, -1.451087e+00, 2.671485e-10, 4.684567e-10, 6.552873e+01, 2.991492e-02
4.964000e+08, 1.357268e-01, 9.473633e-01, 1.024418e-01, -1.462272e+00, 2.682499e-10, 4.683701e-10, 6.560543e+01, 2.827303e-02
5.002000e+08, 1.362013e-01, 9.472870e-01, 9.603705e-02, -1.473455e+00, 2.693259e-10, 4.682821e-10, 6.568050e+01, 2.660797e-02
5.040000e+08, 1.366673e-01, 9.472098e-01, 8.960660e-02, -1.484636e+00, 2.703772e-10, 4.681929e-10, 6.575390e+01, 2.492021e-02
5.078000e+08, 1.371249e-01, 9.471315e-01, 8.315104e-02, -1.495814e+00, 2.714043e-10, 4.681027e-10, 6.582560e+01, 2.321022e-02
5.116000e+08, 1.375739e-01, 9.470525e-01, 7.667097e-02, -1.506991e+00, 2.724078e-10, 4.680113e-10, 6.589556e+01, 2.147846e-02
5.154000e+08, 1.380144e-01, 9.469726e-01, 7.016693e-02, -1.518165e+00, 2.733884e-10, 4.679191e-10, 6.596376e+01, 1.972542e-02
5.192000e+08, 1.384462e-01, 9.468919e-01, 6.363948e-02, -1.529337e+00, 2.743465e-10, 4.678259e-10, 6.603015e+01, 1.795159e-02
5.230000e+08, 1.388695e-01, 9.468106e-01, 5.708915e-02, -1.540507e+00, 2.752826e-10, 4.677320e-10, 6.609472e+01, 1.615748e-02
5.268000e+08, 1.392840e-01, 9.467287e-01, 5.051648e-02, -1.551675e+00, 2.761973e-10, 4.676373e-10, 6.615741e+01, 1.434359e-02
5.306000e+08, 1.396898e-01, 9.466462e-01, 4.392196e-02, -1.562840e+00, 2.770910e-10, 4.675421e-10, 6.621822e+01, 1.251043e-02
5.344000e+08, 1.400868e-01, 9.465632e-01, 3.730611e-02, -1.574003e+00, 2.779641e-10, 4.674462e-10, 6.627710e+01, 1.065853e-02
5.382000e+08, 1.404750e-01, 9.464798e-01, 3.066941e-02, -1.585164e+00, 2.788172e-10, 4.673500e-10, 6.633403e+01, 8.788423e-03
5.420000e+08, 1.408544e-01, 9.463961e-01, 2.401234e-02, -1.596323e+00, 2.796505e-10, 4.672533e-10, 6.638898e+01, 6.900638e-03
5.458000e+08, 1.412249e-01, 9.463121e-01, 1.733537e-02, -1.607479e+00, 2.804645e-10, 4.671563e-10, 6.644192e+01, 4.995722e-03
5.496000e+08, 1.415864e-01, 9.462278e-01, 1.063897e-02, -1.618633e+00, 2.812596e-10, 4.670591e-10, 6.649283e+01, 3.074230e-03
5.534000e+08, 1.419390e-01, 9.461434e-01, 3.923591e-03, -1.629784e+00, 2.820361e-10, 4.669617e-10, 6.654167e+01, 1.136718e-03
5.572000e+08, 1.422825e-01, 9.460589e-01, -2.810333e-03, -1.640933e+00, 2.827944e-10, 4.668643e-10, 6.658843e+01, -8.162455e-04
5.610000e+08, 1.426170e-01, 9.459744e-01, -9.562361e-03, -1.652080e+00, 2.835348e-10, 4.667668e-10, 6.663307e+01, -2.784090e-03
5.648000e+08, 1.429424e-01, 9.458899e-01, -1.633207e-02, -1.663225e+00, 2.842576e-10, 4.666695e-10, 6.667557e+01, -4.766234e-03
5.686000e+08, 1.432587e-01, 9.458055e-01, -2.311903e-02, -1.674367e+00, 2.849630e-10, 4.665722e-10, 6.671592e+01, -6.762094e-03
5.724000e+08, 1.435659e-01, 9.457212e-01, -2.992284e-02, -1.685507e+00, 2.856515e-10, 4.664752e-10, 6.675409e+01, -8.771077e-03
5.762000e+08, 1.438638e-01, 9.456372e-01, -3.674308e-02, -1.696645e+00, 2.863232e-10, 4.663785e-10, 6.679005e+01, -1.079259e-02
5.800000e+08, 1.441526e-01, 9.455534e-01, -4.357937e-02, -1.707780e+00, 2.869785e-10, 4.662821e-10, 6.682378e+01, -1.282601e-02
5.838000e+08, 1.444320e-01, 9.454700e-01, -5.043129e-02, -1.718913e+00, 2.876174e-10, 4.661861e-10, 6.685528e+01, -1.487076e-02
5.876000e+08, 1.447022e-01, 9.453871e-01, -5.729848e-02, -1.730044e+00, 2.882404e-10, 4.660906e-10, 6.688451e+01, -1.692619e-02
5.914000e+08, 1.449631e-01, 9.453045e-01, -6.418053e-02, -1.741172e+00, 2.888475e-10, 4.659957e-10, 6.691146e+01, -1.899170e-02
5.952000e+08, 1.452146e-01, 9.452225e-01, -7.107709e-02, -1.752298e+00, 2.894390e-10, 4.659014e-10, 6.693611e+01, -2.106667e-02
5.990000e+08, 1.454566e-01, 9.451411e-01, -7.798776e-02, -1.763422e+00, 2.900151e-10, 4.658079e-10, 6.695845e+01, -2.315045e-02
6.028000e+08, 1.456893e-01, 9.450604e-01, -8.491220e-02, -1.774544e+00, 2.905760e-10, 4.657150e-10, 6.697846e+01, -2.524241e-02
6.066000e+08, 1.459125e-01, 9.449803e-01, -9.185002e-02, -1.785663e+00, 2.911218e-10, 4.656230e-10, 6.699613e+01, -2.734192e-02
6.104000e+08, 1.461263e-01, 9.449010e-01, -9.880087e-02, -1.796781e+00, 2.916527e-10, 4.655319e-10, 6.701145e+01, -2.944832e-02
6.142000e+08, 1.463305e-01, 9.448225e-01, -1.057644e-01, -1.807896e+00, 2.921688e-10, 4.654417e-10, 6.702440e+01, -3.156098e-02
6.180000e+08, 1.465251e-01, 9.447449e-01, -1.127403e-01, -1.819009e+00, 2.926703e-10, 4.653525e-10, 6.703497e+01, -3.367923e-02
6.218000e+08, 1.467102e-01, 9.446683e-01, -1.197281e-01, -1.830119e+00, 2.931573e-10, 4.652643e-10, 6.704315e+01, -3.580243e-02
6.256000e+08, 1.468857e-01, 9.445926e-01, -1.267275e-01, -1.841228e+00, 2.936299e-10, 4.651773e-10, 6.704894e+01, -3.792990e-02
6.294000e+08, 1.470516e-01, 9.445179e-01, -1.337383e-01, -1.852335e+00, 2.940882e-10, 4.650914e-10, 6.705233e+01, -4.006100e-02
6.332000e+08, 1.472078e-01, 9.444444e-01, -1.407600e-01, -1.863439e+00, 2.945323e-10, 4.650068e-10, 6.705330e+01, -4.219505e-02
6.370000e+08, 1.473543e-01, 9.443720e-01, -1.477922e-01, -1.874542e+00, 2.949623e-10, 4.649235e-10, 6.705186e+01, -4.433139e-02
6.408000e+08, 1.474911e-01, 9.443008e-01, -1.548348e-01, -1.885642e+00, 2.953783e-10, 4.648415e-10, 6.704800e+01, -4.646935e-02
6.446000e+08, 1.476181e-01, 9.442308e-01, -1.618873e-01, -1.896741e+00, 2.957803e-10, 4.647609e-10, 6.704172e+01, -4.860824e-02
6.484000e+08, 1.477354e-01, 9.441621e-01, -1.689493e-01, -1.907838e+00, 2.961684e-10, 4.646817e-10, 6.703301e+01, -5.074741e-02
6.522000e+08, 1.478429e-01, 9.440948e-01, -1.760207e-01, -1.918932e+00, 2.965427e-10, 4.646040e-10, 6.702188e+01, -5.288617e-02
6.560000e+08, 1.479407e-01, 9.440289e-01, -1.831010e-01, -1.930025e+00, 2.969031e-10, 4.645279e-10, 6.700832e+01, -5.502384e-02
6.598000e+08, 1.480285e-01, 9.439643e-01, -1.901899e-01, -1.941116e+00, 2.972498e-10, 4.644533e-10, 6.699233e+01, -5.715975e-02
6.636000e+08, 1.481065e-01, 9.439013e-01, -1.972870e-01, -1.952206e+00, 2.975827e-10, 4.643803e-10, 6.697393e+01, -5.929322e-02
6.674000e+08, 1.481747e-01, 9.438398e-01, -2.043922e-01, -1.963293e+00, 2.979019e-10, 4.643091e-10, 6.695311e+01, -6.142356e-02
6.712000e+08, 1.482329e-01, 9.437799e-01, -2.115049e-01, -1.974379e+00, 2.982073e-10, 4.642395e-10, 6.692987e+01, -6.355010e-02
6.750000e+08, 1.482813e-01, 9.437216e-01, -2.186249e-01, -1.985464e+00, 2.984990e-10, 4.641717e-10, 6.690422e+01, -6.567216e-02
6.788000e+08, 1.483197e-01, 9.436649e-01, -2.257519e-01, -1.996546e+00, 2.987769e-10, 4.641057e-10, 6.687618e+01, -6.778906e-02
6.826000e+08, 1.483481e-01, 9.436100e-01, -2.328855e-01, -2.007627e+00, 2.990411e-10, 4.640416e-10, 6.684574e+01, -6.990011e-02
6.864000e+08, 1.483666e-01, 9.435567e-01, -2.400255e-01, -2.018707e+00, 2.992914e-10, 4.639793e-10, 6.681292e+01, -7.200465e-02
6.902000e+08, 1.483750e-01, 9.435053e-01, -2.471714e-01, -2.029785e+00, 2.995279e-10, 4.639189e-10, 6.677773e+01, -7.410198e-02
6.940000e+08, 1.483735e-01, 9.434556e-01, -2.543229e-01, -2.040861e+00, 2.997505e-10, 4.638605e-10, 6.674018e+01, -7.619145e-02
6.978000e+08, 1.483620e-01, 9.434078e-01, -2.614798e-01, -2.051936e+00, 2.999592e-10, 4.638041e-10, 6.670028e+01, -7.827236e-02
7.016000e+08, 1.483404e-01, 9.433619e-01, -2.686417e-01, -2.063010e+00, 3.001539e-10, 4.637497e-10, 6.665804e+01, -8.034406e-02
7.054000e+08, 1.483087e-01, 9.433178e-01, -2.758082e-01, -2.074083e+00, 3.003344e-10, 4.636973e-10, 6.661348e+01, -8.240586e-02
7.092000e+08, 1.482670e-01, 9.432758e-01, -2.829790e-01, -2.085154e+00, 3.005009e-10, 4.636470e-10, 6.656662e+01, -8.445711e-02
7.130000e+08, 1.482152e-01, 9.432357e-01, -2.901538e-01, -2.096224e+00, 3.006530e-10, 4.635989e-10, 6.651747e+01, -8.649714e-02
7.168000e+08, 1.481533e-01, 9.431976e-01, -2.973322e-01, -2.107293e+00, 3.007908e-10, 4.635528e-10, 6.646606e+01, -8.852528e-02
7.206000e+08, 1.480813e-01, 9.431615e-01, -3.045139e-01, -2.118361e+00, 3.009142e-10, 4.635089e-10, 6.641239e+01, -9.054088e-02
7.244000e+08, 1.479992e-01, 9.431275e-01, -3.116986e-01, -2.129428e+00, 3.010230e-10, 4.634672e-10, 6.635649e+01, -9.254328e-02
7.282000e+08, 1.479069e-01, 9.430956e-01, -3.188858e-01, -2.140494e+00, 3.011171e-10, 4.634278e-10, 6.629839e+01, -9.453184e-02
7.320000e+08, 1.478045e-01, 9.430657e-01, -3.260753e-01, -2.151558e+00, 3.011963e-10, 4.633905e-10, 6.623810e+01, -9.650590e-02
7.358000e+08, 1.476920e-01, 9.430381e-01, -3.332667e-01, -2.162622e+00, 3.012606e-10, 4.633555e-10, 6.617564e+01, -9.846482e-02
7.396000e+08, 1.475693e-01, 9.430125e-01, -3.404597e-01, -2.173685e+00, 3.013098e-10, 4.633228e-10, 6.611105e+01, -1.004080e-01
7.434000e+08, 1.474365e-01, 9.429892e-01, -3.476538e-01, -2.184748e+00, 3.013436e-10, 4.632924e-10, 6.604434e+01, -1.023347e-01
7.472000e+08, 1.472935e-01, 9.429680e-01, -3.548487e-01, -2.195809e+00, 3.013620e-10, 4.632643e-10, 6.597554e+01, -1.042444e-01
7.510000e+08, 1.471404e-01, 9.429491e-01, -3.620440e-01, -2.206870e+00, 3.013648e-10, 4.632385e-10, 6.590468e+01, -1.061365e-01
7.548000e+08, 1.469770e-01, 9.429324e-01, -3.692395e-01, -2.217931e+00, 3.013516e-10, 4.632151e-10, 6.583179e+01, -1.080102e-01
7.586000e+08, 1.468035e-01, 9.429180e-01, -3.764346e-01, -2.228990e+00, 3.013225e-10, 4.631940e-10, 6.575689e+01, -1.098651e-01
7.624000e+08, 1.466198e-01, 9.429058e-01, -3.836290e-01, -2.240050e+00, 3.012771e-10, 4.631753e-10, 6.568002e+01, -1.117005e-01
7.662000e+08, 1.464259e-01, 9.428959e-01, -3.908223e-01, -2.251109e+00, 3.012151e-10, 4.631590e-10, 6.560121e+01, -1.135158e-01
7.700000e+08, 1.462219e-01, 9.428883e-01, -3.980141e-01, -2.262167e+00, 3.011365e-10, 4.631451e-10, 6.552048e+01, -1.153104e-01
7.738000e+08, 1.460076e-01, 9.428829e-01, -4.052041e-01, -2.273225e+00, 3.010409e-10, 4.631335e-10, 6.543786e+01, -1.170838e-01
7.776000e+08, 1.457832e-01, 9.428799e-01, -4.123918e-01, -2.284283e+00, 3.009280e-10, 4.631244e-10, 6.535340e+01, -1.188353e-01
7.814000e+08, 1.455486e-01, 9.428793e-01, -4.195768e-01, -2.295341e+00, 3.007976e-10, 4.631177e-10, 6.526713e+01, -1.205644e-01
7.852000e+08, 1.453039e-01, 9.428809e-01, -4.267586e-01, -2.306398e+00, 3.006495e-10, 4.631133e-10, 6.517907e+01, -1.222705e-01
7.890000e+08, 1.450489e-01, 9.428849e-01, -4.339370e-01, -2.317455e+00, 3.004832e-10, 4.631114e-10, 6.508927e+01, -1.239531e-01
7.928000e+08, 1.447838e-01, 9.428912e-01, -4.411114e-01, -2.328513e+00, 3.002986e-10, 4.631120e-10, 6.499776e+01, -1.256116e-01
7.966000e+08, 1.445086e-01, 9.428998e-01, -4.482813e-01, -2.339570e+00, 3.000952e-10, 4.631149e-10, 6.490457e+01, -1.272455e-01
8.004000e+08, 1.442232e-01, 9.429108e-01, -4.554464e-01, -2.350627e+00, 2.998727e-10, 4.631202e-10, 6.480974e+01, -1.288542e-01
8.042000e+08, 1.439276e-01, 9.429242e-01, -4.626062e-01, -2.361685e+00, 2.996309e-10, 4.631280e-10, 6.471332e+01, -1.304372e-01
8.080000e+08, 1.436219e-01, 9.429398e-01, -4.697602e-01, -2.372743e+00, 2.993692e-10, 4.631382e-10, 6.461534e+01, -1.319941e-01
8.118000e+08, 1.433061e-01, 9.429579e-01, -4.769080e-01, -2.383800e+00, 2.990874e-10, 4.631508e-10, 6.451583e+01, -1.335242e-01
8.156000e+08, 1.429802e-01, 9.429782e-01, -4.840490e-01, -2.394859e+00, 2.987850e-10, 4.631657e-10, 6.441484e+01, -1.350271e-01
8.194000e+08, 1.426442e-01, 9.430009e-01, -4.911829e-01, -2.405917e+00, 2.984617e-10, 4.631831e-10, 6.431240e+01, -1.365024e-01
8.232000e+08, 1.422980e-01, 9.430259e-01, -4.983090e-01, -2.416976e+00, 2.981169e-10, 4.632029e-10, 6.420857e+01, -1.379495e-01
8.270000e+08, 1.419418e-01, 9.430533e-01, -5.054268e-01, -2.428036e+00, 2.977503e-10, 4.632250e-10, 6.410337e+01, -1.393679e-01
8.308000e+08, 1.415756e-01, 9.430829e-01, -5.125359e-01, -2.439096e+00, 2.973613e-10, 4.632495e-10, 6.399684e+01, -1.407573e-01
8.346000e+08, 1.411993e-01, 9.431148e-01, -5.196358e-01, -2.450156e+00, 2.969496e-10, 4.632763e-10, 6.388904e+01, -1.421171e-01
8.384000e+08, 1.408130e-01, 9.431491e-01, -5.267258e-01, -2.461218e+00, 2.965145e-10, 4.633055e-10, 6.378000e+01, -1.434469e-01
8.422000e+08, 1.404167e-01, 9.431856e-01, -5.338054e-01, -2.472280e+00, 2.960556e-10, 4.633370e-10, 6.366977e+01, -1.447463e-01
8.460000e+08, 1.400104e-01, 9.432244e-01, -5.408740e-01, -2.483342e+00, 2.955723e-10, 4.633708e-10, 6.355838e+01, -1.460149e-01
8.498000e+08, 1.395942e-01, 9.432654e-01, -5.479312e-01, -2.494406e+00, 2.950641e-10, 4.634069e-10, 6.344588e+01, -1.472522e-01
8.536000e+08, 1.391680e-01, 9.433087e-01, -5.549761e-01, -2.505470e+00, 2.945304e-10, 4.634452e-10, 6.333232e+01, -1.484579e-01
8.574000e+08, 1.387319e-01, 9.433542e-01, -5.620084e-01, -2.516535e+00, 2.939705e-10, 4.634858e-10, 6.321773e+01, -1.496315e-01
8.612000e+08, 1.382859e-01, 9.434019e-01, -5.690273e-01, -2.527602e+00, 2.933839e-10, 4.635287e-10, 6.310216e+01, -1.507727e-01
8.650000e+08, 1.378300e-01, 9.434518e-01, -5.760321e-01, -2.538669e+00, 2.927699e-10, 4.635737e-10, 6.298566e+01, -1.518812e-01
8.688000e+08, 1.373643e-01, 9.435039e-01, -5.830223e-01, -2.549737e+00, 2.921277e-10, 4.636209e-10, 6.286827e+01, -1.529564e-01
8.726000e+08, 1.368888e-01, 9.435581e-01, -5.899972e-01, -2.560807e+00, 2.914568e-10, 4.636703e-10, 6.275003e+01, -1.539983e-01
8.764000e+08, 1.364035e-01, 9.436144e-01, -5.969560e-01, -2.571877e+00, 2.907563e-10, 4.637218e-10, 6.263099e+01, -1.550063e-01
8.802000e+08, 1.359085e-01, 9.436728e-01, -6.038982e-01, -2.582949e+00, 2.900254e-10, 4.637755e-10, 6.251119e+01, -1.559801e-01
8.840000e+08, 1.354038e-01, 9.437333e-01, -6.108228e-01, -2.594022e+00, 2.892635e-10, 4.638312e-10, 6.239067e+01, -1.569195e-01
8.878000e+08, 1.348894e-01, 9.437959e-01, -6.177293e-01, -2.605097e+00, 2.884697e-10, 4.638890e-10, 6.226950e+01, -1.578241e-01
8.916000e+08, 1.343654e-01, 9.438604e-01, -6.246169e-01, -2.616173e+00, 2.876430e-10, 4.639488e-10, 6.214769e+01, -1.586937e-01
8.954000e+08, 1.338317e-01, 9.439270e-01, -6.314847e-01, -2.627250e+00, 2.867827e-10, 4.640105e-10, 6.202531e+01, -1.595280e-01
8.992000e+08, 1.332885e-01, 9.439955e-01, -6.383319e-01, -2.638329e+00, 2.858878e-10, 4.640743e-10, 6.190240e+01, -1.603267e-01
9.030000e+08, 1.327358e-01, 9.440660e-01, -6.451578e-01, -2.649409e+00, 2.849574e-10, 4.641400e-10, 6.177900e+01, -1.610895e-01
9.068000e+08, 1.321736e-01, 9.441384e-01, -6.519615e-01, -2.660491e+00, 2.839904e-10, 4.642076e-10, 6.165516e+01, -1.618163e-01
9.106000e+08, 1.316019e-01, 9.442126e-01, -6.587421e-01, -2.671574e+00, 2.829858e-10, 4.642770e-10, 6.153093e+01, -1.625067e-01
9.144000e+08, 1.310209e-01, 9.442887e-01, -6.654987e-01, -2.682659e+00, 2.819425e-10, 4.643483e-10, 6.140634e+01, -1.631607e-01
9.182000e+08, 1.304305e-01, 9.443666e-01, -6.722303e-01, -2.693746e+00, 2.808595e-10, 4.644213e-10, 6.128144e+01, -1.637778e-01
9.220000e+08, 1.298308e-01, 9.444463e-01, -6.789362e-01, -2.704835e+00, 2.797355e-10, 4.644961e-10, 6.115628e+01, -1.643581e-01
9.258000e+08, 1.292219e-01, 9.445277e-01, -6.856152e-01, -2.715925e+00, 2.785693e-10, 4.645727e-10, 6.103091e+01, -1.649012e-01
9.296000e+08, 1.286038e-01, 9.446108e-01, -6.922663e-01, -2.727017e+00, 2.773597e-10, 4.646509e-10, 6.090536e+01, -1.654070e-01
9.334000e+08, 1.279765e-01, 9.446956e-01, -6.988886e-01, -2.738111e+00, 2.761055e-10, 4.647308e-10, 6.077968e+01, -1.658755e-01
9.372000e+08, 1.273402e-01, 9.447820e-01, -7.054809e-01, -2.749207e+00, 2.748051e-10, 4.648122e-10, 6.065393e+01, -1.663063e-01
9.410000e+08, 1.266948e-01, 9.448699e-01, -7.120422e-01, -2.760305e+00, 2.734572e-10, 4.648952e-10, 6.052813e+01, -1.666994e-01
9.448000e+08, 1.260405e-01, 9.449595e-01, -7.185713e-01, -2.771405e+00, 2.720604e-10, 4.649798e-10, 6.040234e+01, -1.670547e-01
9.486000e+08, 1.253772e-01, 9.450505e-01, -7.250670e-01, -2.782507e+00, 2.706131e-10, 4.650658e-10, 6.027659e+01, -1.673720e-01
9.524000e+08, 1.247051e-01, 9.451430e-01, -7.315282e-01, -2.793611e+00, 2.691137e-10, 4.651532e-10, 6.015094e+01, -1.676513e-01
9.562000e+08, 1.240243e-01, 9.452370e-01, -7.379536e-01, -2.804717e+00, 2.675605e-10, 4.652420e-10, 6.002543e+01, -1.678925e-01
9.600000e+08, 1.233347e-01, 9.453323e-01, -7.443419e-01, -2.815825e+00, 2.659519e-10, 4.653322e-10, 5.990010e+01, -1.680955e-01
9.638000e+08, 1.226365e-01, 9.454290e-01, -7.506918e-01, -2.826936e+00, 2.642860e-10, 4.654237e-10, 5.977499e+01, -1.682603e-01
9.676000e+08, 1.219297e-01, 9.455269e-01, -7.570019e-01, -2.838048e+00, 2.625610e-10, 4.655164e-10, 5.965015e+01, -1.683868e-01
9.714000e+08, 1.212144e-01, 9.456261e-01, -7.632708e-01, -2.849163e+00, 2.607749e-10, 4.656104e-10, 5.952562e+01, -1.684750e-01
9.752000e+08, 1.204906e-01, 9.457266e-01, -7.694971e-01, -2.860280e+00, 2.589257e-10, 4.657055e-10, 5.940143e+01, -1.685249e-01
9.790000e+08, 1.197586e-01, 9.458281e-01, -7.756793e-01, -2.871399e+00, 2.570113e-10, 4.658017e-10, 5.927764e+01, -1.685364e-01
9.828000e+08, 1.190182e-01, 9.459308e-01, -7.818157e-01, -2.882520e+00, 2.550294e-10, 4.658990e-10, 5.915429e+01, -1.685097e-01
9.866000e+08, 1.182697e-01, 9.460346e-01, -7.879048e-01, -2.893644e+00, 2.529778e-10, 4.659973e-10, 5.903142e+01, -1.684447e-01
9.904000e+08, 1.175131e-01, 9.461394e-01, -7.939449e-01, -2.904771e+00, 2.508541e-10, 4.660966e-10, 5.890906e+01, -1.683414e-01
9.942000e+08, 1.167485e-01, 9.462451e-01, -7.999344e-01, -2.915899e+00, 2.486558e-10, 4.661968e-10, 5.878726e+01, -1.681999e-01
9.980000e+08, 1.159759e-01, 9.463518e-01, -8.058713e-01, -2.927030e+00, 2.463802e-10, 4.662978e-10, 5.866606e+01, -1.680203e-01
1.001800e+09, 1.151956e-01, 9.464594e-01, -8.117539e-01, -2.938163e+00, 2.440248e-10, 4.663997e-10, 5.854550e+01, -1.678027e-01
1.005600e+09, 1.144075e-01, 9.465677e-01, -8.175802e-01, -2.949299e+00, 2.415866e-10, 4.665024e-10, 5.842562e+01, -1.675470e-01
1.009400e+09, 1.136117e-01, 9.466769e-01, -8.233484e-01, -2.960438e+00, 2.390626e-10, 4.666058e-10, 5.830646e+01, -1.672536e-01
1.013200e+09, 1.128085e-01, 9.467868e-01, -8.290563e-01, -2.971578e+00, 2.364499e-10, 4.667098e-10, 5.818806e+01, -1.669224e-01
1.017000e+09, 1.119978e-01, 9.468973e-01, -8.347018e-01, -2.982721e+00, 2.337451e-10, 4.668145e-10, 5.807046e+01, -1.665536e-01
1.020800e+09, 1.111798e-01, 9.470085e-01, -8.402827e-01, -2.993867e+00, 2.309450e-10, 4.669198e-10, 5.795370e+01, -1.661474e-01
1.024600e+09, 1.103545e-01, 9.471202e-01, -8.457968e-01, -3.005015e+00, 2.280461e-10, 4.670256e-10, 5.783781e+01, -1.657038e-01
1.028400e+09, 1.095222e-01, 9.472325e-01, -8.512416e-01, -3.016166e+00, 2.250445e-10, 4.671318e-10, 5.772283e+01, -1.652232e-01
1.032200e+09, 1.086829e-01, 9.473452e-01, -8.566148e-01, -3.027319e+00, 2.219367e-10, 4.672385e-10, 5.760880e+01, -1.647056e-01
1.036000e+09, 1.078368e-01, 9.474584e-01, -8.619138e-01, -3.038475e+00, 2.187185e-10, 4.673455e-10, 5.749575e+01, -1.641514e-01
1.039800e+09, 1.069839e-01, 9.475719e-01, -8.671359e-01, -3.049634e+00, 2.153858e-10, 4.674528e-10, 5.738373e+01, -1.635606e-01
1.043600e+09, 1.061244e-01, 9.476858e-01, -8.722785e-01, -3.060795e+00, 2.119342e-10, 4.675605e-10, 5.727277e+01, -1.629335e-01
1.047400e+09, 1.052585e-01, 9.477999e-01, -8.773387e-01, -3.071958e+00, 2.083591e-10, 4.676683e-10, 5.716290e+01, -1.622704e-01
1.051200e+09, 1.043862e-01, 9.479142e-01, -8.823135e-01, -3.083124e+00, 2.046559e-10, 4.677762e-10, 5.705417e+01, -1.615716e-01
1.055000e+09, 1.035077e-01, 9.480287e-01, -8.871999e-01, -3.094293e+00, 2.008196e-10, 4.678843e-10, 5.694660e+01, -1.608372e-01
1.058800e+09, 1.026232e-01, 9.481432e-01, -8.919947e-01, -3.105464e+00, 1.968449e-10, 4.679925e-10, 5.684022e+01, -1.600676e-01
1.062600e+09, 1.017328e-01, 9.482579e-01, -8.966945e-01, -3.116638e+00, 1.927264e-10, 4.681006e-10, 5.673509e+01, -1.592632e-01
1.066400e+09, 1.008366e-01, 9.483725e-01, -9.012961e-01, -3.127814e+00, 1.884585e-10, 4.682087e-10, 5.663121e+01, -1.584241e-01
1.070200e+09, 9.993489e-02, 9.484871e-01, -9.057958e-01, -3.138993e+00, 1.840352e-10, 4.683167e-10, 5.652864e+01, -1.575508e-01
1.074000e+09, 9.902773e-02, 9.486015e-01, -9.101898e-01, 3.133010e+00, 1.794504e-10, 4.684245e-10, 5.642740e+01, -1.566435e-01
1.077800e+09, 9.811532e-02, 9.487158e-01, -9.144744e-01, 3.121826e+00, 1.746974e-10, 4.685322e-10, 5.632753e+01, -1.557027e-01
1.081600e+09, 9.719783e-02, 9.488299e-01, -9.186455e-01, 3.110639e+00, 1.697697e-10, 4.686395e-10, 5.622905e+01, -1.547287e-01
1.085400e+09, 9.627546e-02, 9.489438e-01, -9.226989e-01, 3.099450e+00, 1.646600e-10, 4.687466e-10, 5.613200e+01, -1.537219e-01
1.089200e+09, 9.534838e-02, 9.490573e-01, -9.266303e-01, 3.088258e+00, 1.593610e-10, 4.688534e-10, 5.603641e+01, -1.526827e-01
1.093000e+09, 9.441679e-02, 9.491705e-01, -9.304353e-01, 3.077064e+00, 1.538650e-10, 4.689597e-10, 5.594231e+01, -1.516115e-01
1.096800e+09, 9.348089e-02, 9.492832e-01, -9.341090e-01, 3.065867e+00, 1.481639e-10, 4.690656e-10, 5.584973e+01, -1.505087e-01
1.100600e+09, 9.254088e-02, 9.493955e-01, -9.376465e-01, 3.054668e+00, 1.422493e-10, 4.691709e-10, 5.575869e+01, -1.493748e-01
1.104400e+09, 9.159699e-02, 9.495072e-01, -9.410429e-01, 3.043466e+00, 1.361123e-10, 4.692758e-10, 5.566924e+01, -1.482102e-01
1.108200e+09, 9.064942e-02, 9.496184e-01, -9.442927e-01, 3.032261e+00, 1.297438e-10, 4.693800e-10, 5.558138e+01, -1.470155e-01
1.112000e+09, 8.969842e-02, 9.497289e-01, -9.473905e-01, 3.021054e+00, 1.231342e-10, 4.694836e-10, 5.549516e+01, -1.457910e-01
1.115800e+09, 8.874422e-02, 9.498388e-01, -9.503305e-01, 3.009845e+00, 1.162735e-10, 4.695865e-10, 5.541061e+01, -1.445373e-01
1.119600e+09, 8.778706e-02, 9.499480e-01, -9.531066e-01, 2.998633e+00, 1.091513e-10, 4.696886e-10, 5.532773e+01, -1.432549e-01
1.123400e+09, 8.682721e-02, 9.500563e-01, -9.557127e-01, 2.987418e+00, 1.017568e-10, 4.697899e-10, 5.524657e+01, -1.419443e-01
1.127200e+09, 8.586493e-02, 9.501639e-01, -9.581423e-01, 2.976202e+00, 9.407861e-11, 4.698905e-10, 5.516716e+01, -1.406060e-01
1.131000e+09, 8.490048e-02, 9.502706e-01, -9.603885e-01, 2.964983e+00, 8.610505e-11, 4.699901e-10, 5.508950e+01, -1.392406e-01
1.134800e+09, 8.393417e-02, 9.503764e-01, -9.624444e-01, 2.953761e+00, 7.782391e-11, 4.700888e-10, 5.501363e+01, -1.378487e-01
1.138600e+09, 8.296628e-02, 9.504812e-01, -9.643025e-01, 2.942537e+00, 6.922253e-11, 4.701866e-10, 5.493958e+01, -1.364309e-01
1.142400e+09, 8.199712e-02, 9.505850e-01, -9.659553e-01, 2.931311e+00, 6.028779e-11, 4.702833e-10, 5.486737e+01, -1.349877e-01
1.146200e+09, 8.102702e-02, 9.506877e-01, -9.673947e-01, 2.920082e+00, 5.100609e-11, 4.703789e-10, 5.479701e+01, -1.335196e-01
1.150000e+09, 8.005630e-02, 9.507893e-01, -9.686125e-01, 2.908852e+00, 4.136340e-11, 4.704735e-10, 5.472854e+01, -1.320275e-01
1.153800e+09, 7.908532e-02, 9.508898e-01, -9.696001e-01, 2.897618e+00, 3.134523e-11, 4.705669e-10, 5.466197e+01, -1.305118e-01
1.157600e+09, 7.811444e-02, 9.509890e-01, -9.703485e-01, 2.886383e+00, 2.093666e-11, 4.706592e-10, 5.459733e+01, -1.289732e-01
1.161400e+09, 7.714402e-02, 9.510870e-01, -9.708484e-01, 2.875146e+00, 1.012238e-11, 4.707502e-10, 5.453464e+01, -1.274124e-01
1.165200e+09, 7.617447e-02, 9.511838e-01, -9.710901e-01, 2.863906e+00, -1.113312e-12, 4.708399e-10, 5.447391e+01, -1.258300e-01
1.169000e+09, 7.520619e-02, 9.512792e-01, -9.710635e-01, 2.852664e+00, -1.278643e-11, 4.709284e-10, 5.441517e+01, -1.242266e-01
1.172800e+09, 7.423961e-02, 9.513732e-01, -9.707582e-01, 2.841420e+00, -2.491329e-11, 4.710155e-10, 5.435844e+01, -1.226031e-01
1.176600e+09, 7.327517e-02, 9.514658e-01, -9.701634e-01, 2.830174e+00, -3.751041e-11, 4.711012e-10, 5.430373e+01, -1.209601e-01
1.180400e+09, 7.231333e-02, 9.515570e-01, -9.692678e-01, 2.818926e+00, -5.059443e-11, 4.711855e-10, 5.425106e+01, -1.192982e-01
1.184200e+09, 7.135458e-02, 9.516466e-01, -9.680598e-01, 2.807676e+00, -6.418207e-11, 4.712684e-10, 5.420046e+01, -1.176182e-01
1.188000e+09, 7.039942e-02, 9.517348e-01, -9.665274e-01, 2.796424e+00, -7.828994e-11, 4.713497e-10, 5.415193e+01, -1.159209e-01
1.191800e+09, 6.944837e-02, 9.518213e-01, -9.646581e-01, 2.785170e+00, -9.293445e-11, 4.714296e-10, 5.410550e+01, -1.142070e-01
1.195600e+09, 6.850199e-02, 9.519062e-01, -9.624392e-01, 2.773914e+00, -1.081316e-10, 4.715079e-10, 5.406117e+01, -1.124771e-01
1.199400e+09, 6.756086e-02, 9.519895e-01, -9.598575e-01, 2.762656e+00, -1.238970e-10, 4.715845e-10, 5.401897e+01, -1.107322e-01
1.203200e+09, 6.662556e-02, 9.520711e-01, -9.568993e-01, 2.751397e+00, -1.402452e-10, 4.716596e-10, 5.397891e+01, -1.089729e-01
1.207000e+09, 6.569673e-02, 9.521509e-01, -9.535508e-01, 2.740135e+00, -1.571900e-10, 4.717330e-10, 5.394100e+01, -1.072001e-01
1.210800e+09, 6.477503e-02, 9.522290e-01, -9.497977e-01, 2.728872e+00, -1.747437e-10, 4.718047e-10, 5.390525e+01, -1.054145e-01
1.214600e+09, 6.386112e-02, 9.523053e-01, -9.456255e-01, 2.717607e+00, -1.929169e-10, 4.718748e-10, 5.387168e+01, -1.036169e-01
1.218400e+09, 6.295573e-02, 9.523798e-01, -9.410194e-01, 2.706341e+00, -2.117184e-10, 4.719430e-10, 5.384031e+01, -1.018082e-01
1.222200e+09, 6.205961e-02, 9.524524e-01, -9.359644e-01, 2.695073e+00, -2.311543e-10, 4.720095e-10, 5.381113e+01, -9.998906e-02
1.226000e+09, 6.117352e-02, 9.525232e-01, -9.304453e-01, 2.683803e+00, -2.512279e-10, 4.720742e-10, 5.378417e+01, -9.816041e-02
1.229800e+09, 6.029827e-02, 9.525920e-01, -9.244470e-01, 2.672532e+00, -2.719391e-10, 4.721371e-10, 5.375943e+01, -9.632305e-02
1.233600e+09, 5.943472e-02, 9.526588e-01, -9.179541e-01, 2.661259e+00, -2.932836e-10, 4.721981e-10, 5.373692e+01, -9.447781e-02
1.237400e+09, 5.858373e-02, 9.527237e-01, -9.109516e-01, 2.649985e+00, -3.152525e-10, 4.722573e-10, 5.371665e+01, -9.262555e-02
1.241200e+09, 5.774623e-02, 9.527865e-01, -9.034246e-01, 2.638709e+00, -3.378316e-10, 4.723145e-10, 5.369862e+01, -9.076710e-02
1.245000e+09, 5.692316e-02, 9.528473e-01, -8.953585e-01, 2.627432e+00, -3.610005e-10, 4.723699e-10, 5.368286e+01, -8.890332e-02
1.248800e+09, 5.611550e-02, 9.529061e-01, -8.867393e-01, 2.616154e+00, -3.847321e-10, 4.724233e-10, 5.366935e+01, -8.703507e-02
1.252600e+09, 5.532428e-02, 9.529627e-01, -8.775534e-01, 2.604874e+00, -4.089914e-10, 4.724747e-10, 5.365811e+01, -8.516322e-02
1.256400e+09, 5.455056e-02, 9.530173e-01, -8.677882e-01, 2.593593e+00, -4.337351e-10, 4.725241e-10, 5.364915e+01, -8.328863e-02
1.260200e+09, 5.379542e-02, 9.530697e-01, -8.574323e-01, 2.582311e+00, -4.589105e-10, 4.725716e-10, 5.364246e+01, -8.141219e-02
1.264000e+09, 5.305998e-02, 9.531199e-01, -8.464753e-01, 2.571028e+00, -4.844548e-10, 4.726170e-10, 5.363806e+01, -7.953476e-02
1.267800e+09, 5.234541e-02, 9.531680e-01, -8.349084e-01, 2.559744e+00, -5.102944e-10, 4.726604e-10, 5.363594e+01, -7.765723e-02
1.271600e+09, 5.165287e-02, 9.532138e-01, -8.227246e-01, 2.548458e+00, -5.363441e-10, 4.727017e-10, 5.363610e+01, -7.578048e-02
1.275400e+09, 5.098359e-02, 9.532575e-01, -8.099188e-01, 2.537172e+00, -5.625068e-10, 4.727410e-10, 5.363856e+01, -7.390541e-02
1.279200e+09, 5.033878e-02, 9.532989e-01, -7.964883e-01, 2.525885e+00, -5.886731e-10, 4.727782e-10, 5.364331e+01, -7.203290e-02
1.283000e+09, 4.971970e-02, 9.533380e-01, -7.824331e-01, 2.514597e+00, -6.147209e-10, 4.728133e-10, 5.365035e+01, -7.016385e-02
1.286800e+09, 4.912760e-02, 9.533749e-01, -7.677560e-01, 2.503308e+00, -6.405159e-10, 4.728463e-10, 5.365968e+01, -6.829914e-02
1.290600e+09, 4.856374e-02, 9.534095e-01, -7.524629e-01, 2.492018e+00, -6.659119e-10, 4.728772e-10, 5.367130e+01, -6.643967e-02
1.294400e+09, 4.802938e-02, 9.534418e-01, -7.365635e-01, 2.480728e+00, -6.907518e-10, 4.729060e-10, 5.368520e+01, -6.458635e-02
1.298200e+09, 4.752577e-02, 9.534717e-01, -7.200711e-01, 2.469436e+00, -7.148686e-10, 4.729326e-10, 5.370139e+01, -6.274005e-02
1.302000e+09, 4.705414e-02, 9.534994e-01, -7.030028e-01, 2.458145e+00, -7.380873e-10, 4.729570e-10, 5.371987e+01, -6.090169e-02
1.305800e+09, 4.661570e-02, 9.535247e-01, -6.853802e-01, 2.446852e+00, -7.602270e-10, 4.729794e-10, 5.374062e+01, -5.907214e-02
1.309600e+09, 4.621161e-02, 9.535476e-01, -6.672289e-01, 2.435559e+00, -7.811034e-10, 4.729995e-10, 5.376365e+01, -5.725232e-02
1.313400e+09, 4.584298e-02, 9.535682e-01, -6.485792e-01, 2.424266e+00, -8.005322e-10, 4.730175e-10, 5.378894e+01, -5.544310e-02
1.317200e+09, 4.551088e-02, 9.535865e-01, -6.294656e-01, 2.412972e+00, -8.183317e-10, 4.730333e-10, 5.381650e+01, -5.364538e-02
1.321000e+09, 4.521628e-02, 9.536023e-01, -6.099270e-01, 2.401678e+00, -8.343274e-10, 4.730470e-10, 5.384631e+01, -5.186004e-02
1.324800e+09, 4.496009e-02, 9.536158e-01, -5.900065e-01, 2.390383e+00, -8.483551e-10, 4.730585e-10, 5.387836e+01, -5.008798e-02
1.328600e+09, 4.474313e-02, 9.536269e-01, -5.697511e-01, 2.379089e+00, -8.602650e-10, 4.730678e-10, 5.391266e+01, -4.833006e-02
1.332400e+09, 4.456610e-02, 9.536356e-01, -5.492114e-01, 2.367794e+00, -8.699255e-10, 4.730749e-10, 5.394918e+01, -4.658718e-02
1.336200e+09, 4.442960e-02, 9.536419e-01, -5.284409e-01, 2.356498e+00, -8.772264e-10, 4.730798e-10, 5.398792e+01, -4.486020e-02
1.340000e+09, 4.433412e-02, 9.536459e-01, -5.074962e-01, 2.345203e+00, -8.820821e-10, 4.730826e-10, 5.402887e+01, -4.314999e-02
1.343800e+09, 4.428001e-02, 9.536474e-01, -4.864355e-01, 2.333908e+00, -8.844337e-10, 4.730831e-10, 5.407202e+01, -4.145741e-02
1.347600e+09, 4.426751e-02, 9.536465e-01, -4.653187e-01, 2.322612e+00, -8.842510e-10, 4.730815e-10, 5.411735e+01, -3.978333e-02
1.351400e+09, 4.429670e-02, 9.536433e-01, -4.442062e-01, 2.311317e+00, -8.815333e-10, 4.730778e-10, 5.416485e+01, -3.812860e-02
1.355200e+09, 4.436755e-02, 9.536377e-01, -4.231586e-01, 2.300022e+00, -8.763091e-10, 4.730718e-10, 5.421451e+01, -3.649406e-02
1.359000e+09, 4.447989e-02, 9.536296e-01, -4.022358e-01, 2.288727e+00, -8.686358e-10, 4.730637e-10, 5.426631e+01, -3.488056e-02
1.362800e+09, 4.463341e-02, 9.536192e-01, -3.814961e-01, 2.277432e+00, -8.585977e-10, 4.730535e-10, 5.432023e+01, -3.328892e-02
1.366600e+09, 4.482770e-02, 9.536065e-01, -3.609962e-01, 2.266137e+00, -8.463035e-10, 4.730411e-10, 5.437627e+01, -3.171997e-02
1.370400e+09, 4.506219e-02, 9.535913e-01, -3.407897e-01, 2.254843e+00, -8.318839e-10, 4.730265e-10, 5.443440e+01, -3.017454e-02
1.374200e+09, 4.533624e-02, 9.535738e-01, -3.209276e-01, 2.243549e+00, -8.154878e-10, 4.730098e-10, 5.449460e+01, -2.865342e-02
1.378000e+09, 4.564908e-02, 9.535540e-01, -3.014569e-01, 2.232255e+00, -7.972787e-10, 4.729910e-10, 5.455685e+01, -2.715742e-02
1.381800e+09, 4.599986e-02, 9.535318e-01, -2.824210e-01, 2.220962e+00, -7.774306e-10, 4.729701e-10, 5.462114e+01, -2.568734e-02
1.385600e+09, 4.638763e-02, 9.535072e-01, -2.638590e-01, 2.209669e+00, -7.561248e-10, 4.729471e-10, 5.468745e+01, -2.424395e-02
1.389400e+09, 4.681137e-02, 9.534804e-01, -2.458057e-01, 2.198377e+00, -7.335456e-10, 4.729220e-10, 5.475574e+01, -2.282802e-02
1.393200e+09, 4.727002e-02, 9.534512e-01, -2.282915e-01, 2.187085e+00, -7.098774e-10, 4.728948e-10, 5.482601e+01, -2.144033e-02
1.397000e+09, 4.776243e-02, 9.534197e-01, -2.113423e-01, 2.175795e+00, -6.853013e-10, 4.728655e-10, 5.489823e+01, -2.008161e-02
1.400800e+09, 4.828745e-02, 9.533860e-01, -1.949800e-01, 2.164504e+00, -6.599925e-10, 4.728342e-10, 5.497236e+01, -1.875262e-02
1.404600e+09, 4.884387e-02, 9.533500e-01, -1.792220e-01, 2.153215e+00, -6.341187e-10, 4.728008e-10, 5.504840e+01, -1.745408e-02
1.408400e+09, 4.943046e-02, 9.533118e-01, -1.640817e-01, 2.141926e+00, -6.078373e-10, 4.727655e-10, 5.512631e+01, -1.618672e-02
1.412200e+09, 5.004600e-02, 9.532713e-01, -1.495689e-01, 2.130639e+00, -5.812953e-10, 4.727281e-10, 5.520607e+01, -1.495123e-02
1.416000e+09, 5.068923e-02, 9.532286e-01, -1.356898e-01, 2.119352e+00, -5.546275e-10, 4.726887e-10, 5.528764e+01, -1.374831e-02
1.419800e+09, 5.135892e-02, 9.531837e-01, -1.224475e-01, 2.108066e+00, -5.279565e-10, 4.726474e-10, 5.537101e+01, -1.257865e-02
1.423600e+09, 5.205385e-02, 9.531367e-01, -1.098419e-01, 2.096781e+00, -5.013926e-10, 4.726041e-10, 5.545614e+01, -1.144292e-02
1.427400e+09, 5.277279e-02, 9.530874e-01, -9.787065e-02, 2.085497e+00, -4.750334e-10, 4.725589e-10, 5.554300e+01, -1.034176e-02
1.431200e+09, 5.351455e-02, 9.530361e-01, -8.652870e-02, 2.074214e+00, -4.489647e-10, 4.725118e-10, 5.563156e+01, -9.275835e-03
1.435000e+09, 5.427795e-02, 9.529827e-01, -7.580917e-02, 2.062932e+00, -4.232606e-10, 4.724628e-10, 5.572178e+01, -8.245759e-03
1.438800e+09, 5.506184e-02, 9.529271e-01, -6.570336e-02, 2.051652e+00, -3.979846e-10, 4.724120e-10, 5.581365e+01, -7.252151e-03
1.442600e+09, 5.586511e-02, 9.528695e-01, -5.620103e-02, 2.040372e+00, -3.731898e-10, 4.723592e-10, 5.590711e+01, -6.295614e-03
1.446400e+09, 5.668667e-02, 9.528099e-01, -4.729072e-02, 2.029094e+00, -3.489199e-10, 4.723047e-10, 5.600215e+01, -5.376734e-03
1.450200e+09, 5.752546e-02, 9.527483e-01, -3.895987e-02, 2.017817e+00, -3.252104e-10, 4.722484e-10, 5.609871e+01, -4.496083e-03
1.454000e+09, 5.838045e-02, 9.526847e-01, -3.119511e-02, 2.006542e+00, -3.020887e-10, 4.721903e-10, 5.619678e+01, -3.654217e-03
1.457800e+09, 5.925066e-02, 9.526191e-01, -2.398241e-02, 1.995268e+00, -2.795755e-10, 4.721305e-10, 5.629630e+01, -2.851678e-03
1.461600e+09, 6.013513e-02, 9.525516e-01, -1.730723e-02, 1.983995e+00, -2.576854e-10, 4.720690e-10, 5.639725e+01, -2.088993e-03
1.465400e+09, 6.103295e-02, 9.524823e-01, -1.115471e-02, 1.972724e+00, -2.364275e-10, 4.720057e-10, 5.649958e+01, -1.366672e-03
1.469200e+09, 6.194322e-02, 9.524110e-01, -5.509742e-03, 1.961454e+00, -2.158062e-10, 4.719408e-10, 5.660325e+01, -6.852079e-04
1.473000e+09, 6.286510e-02, 9.523380e-01, -3.571314e-04, 1.950186e+00, -1.958218e-10, 4.718743e-10, 5.670822e+01, -4.508035e-05
1.476800e+09, 6.379775e-02, 9.522631e-01, 4.318331e-03, 1.938920e+00, -1.764713e-10, 4.718062e-10, 5.681446e+01, 5.532497e-04
1.480600e+09, 6.474040e-02, 9.521864e-01, 8.531779e-03, 1.927655e+00, -1.577485e-10, 4.717365e-10, 5.692191e+01, 1.109337e-03
1.484400e+09, 6.569228e-02, 9.521081e-01, 1.229820e-02, 1.916392e+00, -1.396450e-10, 4.716652e-10, 5.703054e+01, 1.622754e-03
1.488200e+09, 6.665267e-02, 9.520280e-01, 1.563238e-02, 1.905130e+00, -1.221499e-10, 4.715924e-10, 5.714031e+01, 2.093090e-03
1.492000e+09, 6.762087e-02, 9.519463e-01, 1.854884e-02, 1.893870e+00, -1.052512e-10, 4.715182e-10, 5.725116e+01, 2.519951e-03
1.495800e+09, 6.859621e-02, 9.518629e-01, 2.106183e-02, 1.882612e+00, -8.893508e-11, 4.714425e-10, 5.736305e+01, 2.902961e-03
1.499600e+09, 6.957804e-02, 9.517779e-01, 2.318525e-02, 1.871356e+00, -7.318693e-11, 4.713654e-10, 5.747594e+01, 3.241762e-03
1.503400e+09, 7.056574e-02, 9.516914e-01, 2.493267e-02, 1.860102e+00, -5.799127e-11, 4.712869e-10, 5.758977e+01, 3.536014e-03
1.507200e+09, 7.155873e-02, 9.516034e-01, 2.631728e-02, 1.848849e+00, -4.333207e-11, 4.712070e-10, 5.770450e+01, 3.785393e-03
1.511000e+09, 7.255644e-02, 9.515139e-01, 2.735188e-02, 1.837599e+00, -2.919289e-11, 4.711258e-10, 5.782008e+01, 3.989597e-03
1.514800e+09, 7.355830e-02, 9.514229e-01, 2.804889e-02, 1.826350e+00, -1.555711e-11, 4.710434e-10, 5.793647e+01, 4.148339e-03
1.518600e+09, 7.456381e-02, 9.513306e-01, 2.842033e-02, 1.815103e+00, -2.407994e-12, 4.709597e-10, 5.805360e+01, 4.261353e-03
1.522400e+09, 7.557245e-02, 9.512369e-01, 2.847783e-02, 1.803859e+00, 1.027113e-11, 4.708748e-10, 5.817143e+01, 4.328390e-03
1.526200e+09, 7.658374e-02, 9.511418e-01, 2.823259e-02, 1.792616e+00, 2.249683e-11, 4.707887e-10, 5.828990e+01, 4.349222e-03
1.530000e+09, 7.759720e-02, 9.510455e-01, 2.769546e-02, 1.781375e+00, 3.428543e-11, 4.707015e-10, 5.840897e+01, 4.323638e-03
1.533800e+09, 7.861240e-02, 9.509479e-01, 2.687685e-02, 1.770137e+00, 4.565300e-11, 4.706132e-10, 5.852857e+01, 4.251447e-03
1.537600e+09, 7.962889e-02, 9.508492e-01, 2.578684e-02, 1.758900e+00, 5.661529e-11, 4.705238e-10, 5.864866e+01, 4.132479e-03
1.541400e+09, 8.064626e-02, 9.507492e-01, 2.443509e-02, 1.747666e+00, 6.718764e-11, 4.704334e-10, 5.876917e+01, 3.966582e-03
1.545200e+09, 8.166411e-02, 9.506482e-01, 2.283091e-02, 1.736434e+00, 7.738502e-11, 4.703420e-10, 5.889006e+01, 3.753623e-03
1.549000e+09, 8.268204e-02, 9.505461e-01, 2.098325e-02, 1.725204e+00, 8.722198e-11, 4.702497e-10, 5.901126e+01, 3.493490e-03
1.552800e+09, 8.369969e-02, 9.504430e-01, 1.890073e-02, 1.713976e+00, 9.671258e-11, 4.701564e-10, 5.913272e+01, 3.186092e-03
1.556600e+09, 8.471668e-02, 9.503389e-01, 1.659161e-02, 1.702751e+00, 1.058705e-10, 4.700623e-10, 5.925438e+01, 2.831357e-03
1.560400e+09, 8.573268e-02, 9.502339e-01, 1.406384e-02, 1.691528e+00, 1.147088e-10, 4.699674e-10, 5.937617e+01, 2.429232e-03
1.564200e+09, 8.674734e-02, 9.501279e-01, 1.132504e-02, 1.680307e+00, 1.232404e-10, 4.698717e-10, 5.949805e+01, 1.979687e-03
1.568000e+09, 8.776034e-02, 9.500211e-01, 8.382539e-03, 1.669088e+00, 1.314773e-10, 4.697752e-10, 5.961994e+01, 1.482710e-03
1.571800e+09, 8.877136e-02, 9.499136e-01, 5.243374e-03, 1.657871e+00, 1.394314e-10, 4.696781e-10, 5.974179e+01, 9.383125e-04
1.575600e+09, 8.978009e-02, 9.498052e-01, 1.914294e-03, 1.646657e+00, 1.471141e-10, 4.695802e-10, 5.986354e+01, 3.465239e-04
1.579400e+09, 9.078623e-02, 9.496962e-01, -1.598218e-03, 1.635446e+00, 1.545362e-10, 4.694818e-10, 5.998512e+01, -2.926040e-04
1.583200e+09, 9.178951e-02, 9.495865e-01, -5.287942e-03, 1.624236e+00, 1.617082e-10, 4.693828e-10, 6.010648e+01, -9.789986e-04
1.587000e+09, 9.278963e-02, 9.494762e-01, -9.148905e-03, 1.613029e+00, 1.686402e-10, 4.692832e-10, 6.022754e+01, -1.712567e-03
1.590800e+09, 9.378634e-02, 9.493653e-01, -1.317538e-02, 1.601825e+00, 1.753417e-10, 4.691831e-10, 6.034824e+01, -2.493194e-03
1.594600e+09, 9.477936e-02, 9.492539e-01, -1.736185e-02, 1.590622e+00, 1.818220e-10, 4.690826e-10, 6.046853e+01, -3.320743e-03
1.598400e+09, 9.576844e-02, 9.491420e-01, -2.170305e-02, 1.579422e+00, 1.880898e-10, 4.689817e-10, 6.058833e+01, -4.195059e-03
1.602200e+09, 9.675333e-02, 9.490297e-01, -2.619390e-02, 1.568225e+00, 1.941538e-10, 4.688804e-10, 6.070758e+01, -5.115962e-03
1.606000e+09, 9.773378e-02, 9.489171e-01, -3.082954e-02, 1.557030e+00, 2.000220e-10, 4.687788e-10, 6.082622e+01, -6.083253e-03
1.609800e+09, 9.870958e-02, 9.488041e-01, -3.560529e-02, 1.545837e+00, 2.057022e-10, 4.686770e-10, 6.094418e+01, -7.096710e-03
1.613600e+09, 9.968047e-02, 9.486908e-01, -4.051666e-02, 1.534647e+00, 2.112018e-10, 4.685748e-10, 6.106138e+01, -8.156090e-03
1.617400e+09, 1.006462e-01, 9.485773e-01, -4.555933e-02, 1.523459e+00, 2.165279e-10, 4.684725e-10, 6.117778e+01, -9.261130e-03
1.621200e+09, 1.016067e-01, 9.484636e-01, -5.072918e-02, 1.512274e+00, 2.216874e-10, 4.683701e-10, 6.129329e+01, -1.041154e-02
1.625000e+09, 1.025616e-01, 9.483497e-01, -5.602221e-02, 1.501091e+00, 2.266867e-10, 4.682675e-10, 6.140786e+01, -1.160702e-02
1.628800e+09, 1.035107e-01, 9.482358e-01, -6.143460e-02, 1.489911e+00, 2.315321e-10, 4.681649e-10, 6.152141e+01, -1.284723e-02
1.632600e+09, 1.044539e-01, 9.481219e-01, -6.696268e-02, 1.478733e+00, 2.362295e-10, 4.680623e-10, 6.163388e+01, -1.413183e-02
1.636400e+09, 1.053909e-01, 9.480079e-01, -7.260292e-02, 1.467557e+00, 2.407847e-10, 4.679596e-10, 6.174521e+01, -1.546044e-02
1.640200e+09, 1.063216e-01, 9.478940e-01, -7.835192e-02, 1.456384e+00, 2.452032e-10, 4.678571e-10, 6.185532e+01, -1.683267e-02
1.644000e+09, 1.072457e-01, 9.477802e-01, -8.420642e-02, 1.445214e+00, 2.494901e-10, 4.677547e-10, 6.196414e+01, -1.824809e-02
1.647800e+09, 1.081631e-01, 9.476666e-01, -9.016327e-02, 1.434046e+00, 2.536504e-10, 4.676524e-10, 6.207161e+01, -1.970629e-02
1.651600e+09, 1.090736e-01, 9.475532e-01, -9.621945e-02, 1.422880e+00, 2.576890e-10, 4.675504e-10, 6.217767e+01, -2.120679e-02
1.655400e+09, 1.099770e-01, 9.474400e-01, -1.023721e-01, 1.411717e+00, 2.616105e-10, 4.674485e-10, 6.228225e+01, -2.274911e-02
1.659200e+09, 1.108732e-01, 9.473271e-01, -1.086183e-01, 1.400556e+00, 2.654191e-10, 4.673470e-10, 6.238527e+01, -2.433276e-02
1.663000e+09, 1.117619e-01, 9.472146e-01, -1.149555e-01, 1.389397e+00, 2.691192e-10, 4.672458e-10, 6.248668e+01, -2.595720e-02
1.666800e+09, 1.126431e-01, 9.471025e-01, -1.213810e-01, 1.378241e+00, 2.727148e-10, 4.671450e-10, 6.258640e+01, -2.762190e-02
1.670600e+09, 1.135165e-01, 9.469908e-01, -1.278924e-01, 1.367088e+00, 2.762096e-10, 4.670446e-10, 6.268437e+01, -2.932629e-02
1.674400e+09, 1.143820e-01, 9.468796e-01, -1.344872e-01, 1.355936e+00, 2.796074e-10, 4.669447e-10, 6.278053e+01, -3.106979e-02
1.678200e+09, 1.152394e-01, 9.467689e-01, -1.411631e-01, 1.344788e+00, 2.829118e-10, 4.668452e-10, 6.287481e+01, -3.285178e-02
1.682000e+09, 1.160887e-01, 9.466588e-01, -1.479179e-01, 1.333641e+00, 2.861260e-10, 4.667463e-10, 6.296715e+01, -3.467163e-02
1.685800e+09, 1.169295e-01, 9.465494e-01, -1.547495e-01, 1.322497e+00, 2.892534e-10, 4.666481e-10, 6.305748e+01, -3.652871e-02
1.689600e+09, 1.177619e-01, 9.464406e-01, -1.616558e-01, 1.311355e+00, 2.922971e-10, 4.665504e-10, 6.314575e+01, -3.842233e-02
1.693400e+09, 1.185855e-01, 9.463326e-01, -1.686347e-01, 1.300216e+00, 2.952600e-10, 4.664534e-10, 6.323187e+01, -4.035181e-02
1.697200e+09, 1.194004e-01, 9.462253e-01, -1.756843e-01, 1.289079e+00, 2.981449e-10, 4.663571e-10, 6.331581e+01, -4.231645e-02
1.701000e+09, 1.202064e-01, 9.461188e-01, -1.828029e-01, 1.277944e+00, 3.009548e-10, 4.662616e-10, 6.339749e+01, -4.431550e-02
1.704800e+09, 1.210032e-01, 9.460132e-01, -1.899885e-01, 1.266812e+00, 3.036921e-10, 4.661669e-10, 6.347686e+01, -4.634822e-02
1.708600e+09, 1.217909e-01, 9.459085e-01, -1.972395e-01, 1.255681e+00, 3.063594e-10, 4.660730e-10, 6.355385e+01, -4.841385e-02
1.712400e+09, 1.225692e-01, 9.458047e-01, -2.045541e-01, 1.244553e+00, 3.089591e-10, 4.659800e-10, 6.362841e+01, -5.051160e-02
1.716200e+09, 1.233380e-01, 9.457020e-01, -2.119309e-01, 1.233428e+00, 3.114935e-10, 4.658880e-10, 6.370048e+01, -5.264066e-02
1.720000e+09, 1.240973e-01, 9.456002e-01, -2.193681e-01, 1.222304e+00, 3.139649e-10, 4.657968e-10, 6.377001e+01, -5.480020e-02
1.723800e+09, 1.248468e-01, 9.454996e-01, -2.268644e-01, 1.211183e+00, 3.163754e-10, 4.657067e-10, 6.383694e+01, -5.698939e-02
1.727600e+09, 1.255865e-01, 9.454001e-01, -2.344182e-01, 1.200063e+00, 3.187270e-10, 4.656176e-10, 6.390121e+01, -5.920737e-02
1.731400e+09, 1.263162e-01, 9.453017e-01, -2.420282e-01, 1.188946e+00, 3.210218e-10, 4.655296e-10, 6.396278e+01, -6.145325e-02
1.735200e+09, 1.270358e-01, 9.452045e-01, -2.496929e-01, 1.177831e+00, 3.232616e-10, 4.654427e-10, 6.402160e+01, -6.372615e-02
1.739000e+09, 1.277453e-01, 9.451086e-01, -2.574111e-01, 1.166718e+00, 3.254482e-10, 4.653570e-10, 6.407761e+01, -6.602514e-02
1.742800e+09, 1.284444e-01, 9.450140e-01, -2.651816e-01, 1.155607e+00, 3.275834e-10, 4.652724e-10, 6.413077e+01, -6.834932e-02
1.746600e+09, 1.291331e-01, 9.449206e-01, -2.730030e-01, 1.144498e+00, 3.296689e-10, 4.651891e-10, 6.418103e+01, -7.069772e-02
1.750400e+09, 1.298112e-01, 9.448287e-01, -2.808742e-01, 1.133391e+00, 3.317062e-10, 4.651070e-10, 6.422835e+01, -7.306940e-02
1.754200e+09, 1.304787e-01, 9.447382e-01, -2.887941e-01, 1.122287e+00, 3.336970e-10, 4.650263e-10, 6.427268e+01, -7.546338e-02
1.758000e+09, 1.311355e-01, 9.446491e-01, -2.967614e-01, 1.111184e+00, 3.356428e-10, 4.649468e-10, 6.431397e+01, -7.787866e-02
1.761800e+09, 1.317814e-01, 9.445614e-01, -3.047753e-01, 1.100082e+00, 3.375449e-10, 4.648687e-10, 6.435220e+01, -8.031426e-02
1.765600e+09, 1.324164e-01, 9.444753e-01, -3.128345e-01, 1.088983e+00, 3.394048e-10, 4.647921e-10, 6.438733e+01, -8.276915e-02
1.769400e+09, 1.330402e-01, 9.443908e-01, -3.209382e-01, 1.077886e+00, 3.412237e-10, 4.647168e-10, 6.441931e+01, -8.524231e-02
1.773200e+09, 1.336530e-01, 9.443078e-01, -3.290853e-01, 1.066790e+00, 3.430030e-10, 4.646430e-10, 6.444811e+01, -8.773270e-02
1.777000e+09, 1.342544e-01, 9.442265e-01, -3.372749e-01, 1.055696e+00, 3.447440e-10, 4.645708e-10, 6.447370e+01, -9.023925e-02
1.780800e+09, 1.348445e-01, 9.441468e-01, -3.455060e-01, 1.044604e+00, 3.464477e-10, 4.645000e-10, 6.449605e+01, -9.276092e-02
1.784600e+09, 1.354232e-01, 9.440688e-01, -3.537778e-01, 1.033514e+00, 3.481153e-10, 4.644308e-10, 6.451513e+01, -9.529661e-02
1.788400e+09, 1.359903e-01, 9.439926e-01, -3.620895e-01, 1.022425e+00, 3.497480e-10, 4.643632e-10, 6.453091e+01, -9.784526e-02
1.792200e+09, 1.365458e-01, 9.439181e-01, -3.704401e-01, 1.011338e+00, 3.513467e-10, 4.642972e-10, 6.454337e+01, -1.004058e-01
1.796000e+09, 1.370896e-01, 9.438453e-01, -3.788289e-01, 1.000252e+00, 3.529126e-10, 4.642329e-10, 6.455249e+01, -1.029770e-01
1.799800e+09, 1.376215e-01, 9.437744e-01, -3.872551e-01, 9.891680e-01, 3.544465e-10, 4.641703e-10, 6.455825e+01, -1.055579e-01
1.803600e+09, 1.381416e-01, 9.437054e-01, -3.957179e-01, 9.780854e-01, 3.559495e-10, 4.641093e-10, 6.456061e+01, -1.081473e-01
1.807400e+09, 1.386496e-01, 9.436382e-01, -4.042165e-01, 9.670043e-01, 3.574224e-10, 4.640501e-10, 6.455959e+01, -1.107441e-01
1.811200e+09, 1.391456e-01, 9.435730e-01, -4.127504e-01, 9.559245e-01, 3.588661e-10, 4.639926e-10, 6.455514e+01, -1.133471e-01
1.815000e+09, 1.396295e-01, 9.435096e-01, -4.213187e-01, 9.448462e-01, 3.602815e-10, 4.639370e-10, 6.454728e+01, -1.159553e-01
1.818800e+09, 1.401011e-01, 9.434483e-01, -4.299208e-01, 9.337692e-01, 3.616694e-10, 4.638831e-10, 6.453597e+01, -1.185674e-01
1.822600e+09, 1.405604e-01, 9.433889e-01, -4.385561e-01, 9.226935e-01, 3.630306e-10, 4.638311e-10, 6.452123e+01, -1.211824e-01
1.826400e+09, 1.410073e-01, 9.433315e-01, -4.472239e-01, 9.116190e-01, 3.643658e-10, 4.637809e-10, 6.450304e+01, -1.237990e-01
1.830200e+09, 1.414418e-01, 9.432762e-01, -4.559235e-01, 9.005457e-01, 3.656757e-10, 4.637326e-10, 6.448139e+01, -1.264162e-01
1.834000e+09, 1.418637e-01, 9.432229e-01, -4.646544e-01, 8.894736e-01, 3.669611e-10, 4.636862e-10, 6.445630e+01, -1.290326e-01
1.837800e+09, 1.422731e-01, 9.431717e-01, -4.734160e-01, 8.784026e-01, 3.682227e-10, 4.636417e-10, 6.442776e+01, -1.316473e-01
1.841600e+09, 1.426697e-01, 9.431227e-01, -4.822077e-01, 8.673326e-01, 3.694611e-10, 4.635991e-10, 6.439577e+01, -1.342590e-01
1.845400e+09, 1.430536e-01, 9.430757e-01, -4.910290e-01, 8.562637e-01, 3.706769e-10, 4.635586e-10, 6.436034e+01, -1.368666e-01
1.849200e+09, 1.434246e-01, 9.430309e-01, -4.998793e-01, 8.451957e-01, 3.718707e-10, 4.635200e-10, 6.432148e+01, -1.394688e-01
1.853000e+09, 1.437828e-01, 9.429882e-01, -5.087582e-01, 8.341287e-01, 3.730432e-10, 4.634834e-10, 6.427920e+01, -1.420646e-01
1.856800e+09, 1.441281e-01, 9.429478e-01, -5.176650e-01, 8.230625e-01, 3.741948e-10, 4.634488e-10, 6.423351e+01, -1.446528e-01
1.860600e+09, 1.444603e-01, 9.429095e-01, -5.265993e-01, 8.119971e-01, 3.753262e-10, 4.634162e-10, 6.418442e+01, -1.472322e-01
1.864400e+09, 1.447794e-01, 9.428735e-01, -5.355606e-01, 8.009326e-01, 3.764379e-10, 4.633857e-10, 6.413196e+01, -1.498016e-01
1.868200e+09, 1.450854e-01, 9.428397e-01, -5.445485e-01, 7.898687e-01, 3.775303e-10, 4.633572e-10, 6.407615e+01, -1.523599e-01
1.872000e+09, 1.453781e-01, 9.428081e-01, -5.535624e-01, 7.788055e-01, 3.786040e-10, 4.633308e-10, 6.401699e+01, -1.549060e-01
1.875800e+09, 1.456577e-01, 9.427788e-01, -5.626020e-01, 7.677430e-01, 3.796594e-10, 4.633065e-10, 6.395453e+01, -1.574387e-01
1.879600e+09, 1.459239e-01, 9.427518e-01, -5.716668e-01, 7.566811e-01, 3.806970e-10, 4.632843e-10, 6.388878e+01, -1.599568e-01
1.883400e+09, 1.461767e-01, 9.427270e-01, -5.807564e-01, 7.456196e-01, 3.817172e-10, 4.632642e-10, 6.381976e+01, -1.624593e-01
1.887200e+09, 1.464161e-01, 9.427046e-01, -5.898703e-01, 7.345587e-01, 3.827205e-10, 4.632462e-10, 6.374752e+01, -1.649449e-01
1.891000e+09, 1.466420e-01, 9.426844e-01, -5.990082e-01, 7.234982e-01, 3.837072e-10, 4.632303e-10, 6.367209e+01, -1.674127e-01
1.894800e+09, 1.468543e-01, 9.426666e-01, -6.081696e-01, 7.124380e-01, 3.846778e-10, 4.632166e-10, 6.359348e+01, -1.698614e-01
1.898600e+09, 1.470531e-01, 9.426511e-01, -6.173542e-01, 7.013782e-01, 3.856325e-10, 4.632050e-10, 6.351175e+01, -1.722899e-01
1.902400e+09, 1.472383e-01, 9.426379e-01, -6.265616e-01, 6.903187e-01, 3.865719e-10, 4.631956e-10, 6.342693e+01, -1.746972e-01
1.906200e+09, 1.474097e-01, 9.426271e-01, -6.357914e-01, 6.792594e-01, 3.874962e-10, 4.631883e-10, 6.333906e+01, -1.770822e-01
1.910000e+09, 1.475674e-01, 9.426186e-01, -6.450433e-01, 6.682003e-01, 3.884057e-10, 4.631832e-10, 6.324817e+01, -1.794438e-01
1.913800e+09, 1.477114e-01, 9.426124e-01, -6.543170e-01, 6.571412e-01, 3.893008e-10, 4.631802e-10, 6.315432e+01, -1.817808e-01
1.917600e+09, 1.478415e-01, 9.426086e-01, -6.636119e-01, 6.460823e-01, 3.901819e-10, 4.631794e-10, 6.305754e+01, -1.840924e-01
1.921400e+09, 1.479578e-01, 9.426071e-01, -6.729280e-01, 6.350234e-01, 3.910491e-10, 4.631808e-10, 6.295789e+01, -1.863773e-01
1.925200e+09, 1.480601e-01, 9.426080e-01, -6.822647e-01, 6.239644e-01, 3.919028e-10, 4.631843e-10, 6.285540e+01, -1.886346e-01
1.929000e+09, 1.481486e-01, 9.426112e-01, -6.916218e-01, 6.129054e-01, 3.927432e-10, 4.631901e-10, 6.275014e+01, -1.908633e-01
1.932800e+09, 1.482230e-01, 9.426168e-01, -7.009990e-01, 6.018462e-01, 3.935707e-10, 4.631979e-10, 6.264214e+01, -1.930623e-01
1.936600e+09, 1.482834e-01, 9.426248e-01, -7.103959e-01, 5.907869e-01, 3.943854e-10, 4.632080e-10, 6.253147e+01, -1.952306e-01
1.940400e+09, 1.483298e-01, 9.426350e-01, -7.198123e-01, 5.797273e-01, 3.951877e-10, 4.632202e-10, 6.241817e+01, -1.973673e-01
1.944200e+09, 1.483621e-01, 9.426477e-01, -7.292479e-01, 5.686674e-01, 3.959777e-10, 4.632345e-10, 6.230231e+01, -1.994714e-01
1.948000e+09, 1.483802e-01, 9.426626e-01, -7.387023e-01, 5.576071e-01, 3.967556e-10, 4.632511e-10, 6.218393e+01, -2.015419e-01
1.951800e+09, 1.483842e-01, 9.426799e-01, -7.481752e-01, 5.465465e-01, 3.975217e-10, 4.632697e-10, 6.206309e+01, -2.035779e-01
1.955600e+09, 1.483741e-01, 9.426995e-01, -7.576665e-01, 5.354854e-01, 3.982762e-10, 4.632905e-10, 6.193986e+01, -2.055784e-01
1.959400e+09, 1.483497e-01, 9.427214e-01, -7.671758e-01, 5.244238e-01, 3.990193e-10, 4.633135e-10, 6.181429e+01, -2.075426e-01
1.963200e+09, 1.483111e-01, 9.427457e-01, -7.767028e-01, 5.133617e-01, 3.997511e-10, 4.633386e-10, 6.168645e+01, -2.094695e-01
1.967000e+09, 1.482582e-01, 9.427722e-01, -7.862473e-01, 5.022990e-01, 4.004719e-10, 4.633657e-10, 6.155639e+01, -2.113583e-01
1.970800e+09, 1.481910e-01, 9.428010e-01, -7.958090e-01, 4.912356e-01, 4.011817e-10, 4.633951e-10, 6.142418e+01, -2.132081e-01
1.974600e+09, 1.481095e-01, 9.428321e-01, -8.053877e-01, 4.801716e-01, 4.018808e-10, 4.634265e-10, 6.128987e+01, -2.150181e-01
1.978400e+09, 1.480137e-01, 9.428654e-01, -8.149830e-01, 4.691068e-01, 4.025693e-10, 4.634599e-10, 6.115355e+01, -2.167873e-01
1.982200e+09, 1.479036e-01, 9.429010e-01, -8.245948e-01, 4.580411e-01, 4.032473e-10, 4.634955e-10, 6.101526e+01, -2.185151e-01
1.986000e+09, 1.477791e-01, 9.429389e-01, -8.342228e-01, 4.469747e-01, 4.039150e-10, 4.635331e-10, 6.087509e+01, -2.202006e-01
1.989800e+09, 1.476401e-01, 9.429789e-01, -8.438667e-01, 4.359073e-01, 4.045724e-10, 4.635728e-10, 6.073308e+01, -2.218431e-01
1.993600e+09, 1.474868e-01, 9.430212e-01, -8.535263e-01, 4.248390e-01, 4.052198e-10, 4.636145e-10, 6.058932e+01, -2.234417e-01
1.997400e+09, 1.473191e-01, 9.430656e-01, -8.632014e-01, 4.137697e-01, 4.058572e-10, 4.636582e-10, 6.044386e+01, -2.249957e-01
2.001200e+09, 1.471370e-01, 9.431122e-01, -8.728917e-01, 4.026993e-01, 4.064846e-10, 4.637040e-10, 6.029678e+01, -2.265044e-01
2.005000e+09, 1.469404e-01, 9.431610e-01, -8.825969e-01, 3.916279e-01, 4.071023e-10, 4.637517e-10, 6.014814e+01, -2.279672e-01
2.008800e+09, 1.467294e-01, 9.432119e-01, -8.923170e-01, 3.805553e-01, 4.077102e-10, 4.638013e-10, 5.999802e+01, -2.293832e-01
2.012600e+09, 1.465039e-01, 9.432649e-01, -9.020515e-01, 3.694815e-01, 4.083085e-10, 4.638529e-10, 5.984648e+01, -2.307519e-01
2.016400e+09, 1.462640e-01, 9.433199e-01, -9.118003e-01, 3.584065e-01, 4.088972e-10, 4.639065e-10, 5.969359e+01, -2.320725e-01
2.020200e+09, 1.460095e-01, 9.433771e-01, -9.215632e-01, 3.473303e-01, 4.094764e-10, 4.639619e-10, 5.953943e+01, -2.333445e-01
2.024000e+09, 1.457407e-01, 9.434362e-01, -9.313399e-01, 3.362527e-01, 4.100461e-10, 4.640192e-10, 5.938406e+01, -2.345673e-01
2.027800e+09, 1.454573e-01, 9.434974e-01, -9.411302e-01, 3.251737e-01, 4.106064e-10, 4.640784e-10, 5.922755e+01, -2.357402e-01
2.031600e+09, 1.451595e-01, 9.435606e-01, -9.509339e-01, 3.140933e-01, 4.111573e-10, 4.641394e-10, 5.906998e+01, -2.368627e-01
2.035400e+09, 1.448472e-01, 9.436257e-01, -9.607507e-01, 3.030115e-01, 4.116988e-10, 4.642022e-10, 5.891141e+01, -2.379342e-01
2.039200e+09, 1.445205e-01, 9.436928e-01, -9.705805e-01, 2.919281e-01, 4.122310e-10, 4.642668e-10, 5.875192e+01, -2.389543e-01
2.043000e+09, 1.441793e-01, 9.437618e-01, -9.804229e-01, 2.808432e-01, 4.127538e-10, 4.643331e-10, 5.859157e+01, -2.399222e-01
2.046800e+09, 1.438236e-01, 9.438326e-01, -9.902779e-01, 2.697568e-01, 4.132673e-10, 4.644012e-10, 5.843043e+01, -2.408377e-01
2.050600e+09, 1.434535e-01, 9.439053e-01, -1.000145e+00, 2.586687e-01, 4.137715e-10, 4.644710e-10, 5.826859e+01, -2.417002e-01
2.054400e+09, 1.430689e-01, 9.439799e-01, -1.010024e+00, 2.475789e-01, 4.142663e-10, 4.645424e-10, 5.810610e+01, -2.425093e-01
2.058200e+09, 1.426699e-01, 9.440562e-01, -1.019915e+00, 2.364875e-01, 4.147518e-10, 4.646155e-10, 5.794304e+01, -2.432644e-01
2.062000e+09, 1.422565e-01, 9.441342e-01, -1.029818e+00, 2.253942e-01, 4.152278e-10, 4.646903e-10, 5.777947e+01, -2.439653e-01
2.065800e+09, 1.418287e-01, 9.442140e-01, -1.039732e+00, 2.142993e-01, 4.156945e-10, 4.647666e-10, 5.761547e+01, -2.446115e-01
2.069600e+09, 1.413866e-01, 9.442955e-01, -1.049657e+00, 2.032024e-01, 4.161516e-10, 4.648444e-10, 5.745111e+01, -2.452027e-01
2.073400e+09, 1.409300e-01, 9.443786e-01, -1.059593e+00, 1.921038e-01, 4.165993e-10, 4.649238e-10, 5.728645e+01, -2.457384e-01
2.077200e+09, 1.404591e-01, 9.444634e-01, -1.069540e+00, 1.810032e-01, 4.170373e-10, 4.650047e-10, 5.712157e+01, -2.462185e-01
2.081000e+09, 1.399738e-01, 9.445497e-01, -1.079497e+00, 1.699007e-01, 4.174657e-10, 4.650870e-10, 5.695653e+01, -2.466425e-01
2.084800e+09, 1.394743e-01, 9.446376e-01, -1.089465e+00, 1.587962e-01, 4.178843e-10, 4.651708e-10, 5.679140e+01, -2.470101e-01
2.088600e+09, 1.389605e-01, 9.447269e-01, -1.099442e+00, 1.476898e-01, 4.182931e-10, 4.652559e-10, 5.662625e+01, -2.473212e-01
2.092400e+09, 1.384324e-01, 9.448178e-01, -1.109429e+00, 1.365813e-01, 4.186920e-10, 4.653424e-10, 5.646115e+01, -2.475754e-01
2.096200e+09, 1.378900e-01, 9.449101e-01, -1.119426e+00, 1.254707e-01, 4.190808e-10, 4.654302e-10, 5.629616e+01, -2.477726e-01
2.100000e+09, 1.373335e-01, 9.450038e-01, -1.129432e+00, 1.143580e-01, 4.194594e-10, 4.655193e-10, 5.613136e+01, -2.479125e-01
2.103800e+09, 1.367628e-01, 9.450988e-01, -1.139447e+00, 1.032433e-01, 4.198278e-10, 4.656097e-10, 5.596680e+01, -2.479950e-01
2.107600e+09, 1.361779e-01, 9.451952e-01, -1.149471e+00, 9.212631e-02, 4.201857e-10, 4.657012e-10, 5.580255e+01, -2.480199e-01
2.111400e+09, 1.355790e-01, 9.452928e-01, -1.159504e+00, 8.100718e-02, 4.205330e-10, 4.657939e-10, 5.563868e+01, -2.479871e-01
2.115200e+09, 1.349659e-01, 9.453917e-01, -1.169544e+00, 6.988583e-02, 4.208695e-10, 4.658878e-10, 5.547525e+01, -2.478964e-01
2.119000e+09, 1.343389e-01, 9.454917e-01, -1.179593e+00, 5.876225e-02, 4.211951e-10, 4.659827e-10, 5.531233e+01, -2.477478e-01
2.122800e+09, 1.336978e-01, 9.455929e-01, -1.189649e+00, 4.763640e-02, 4.215095e-10, 4.660787e-10, 5.514998e+01, -2.475411e-01
2.126600e+09, 1.330427e-01, 9.456953e-01, -1.199713e+00, 3.650825e-02, 4.218126e-10, 4.661758e-10, 5.498826e+01, -2.472764e-01
2.130400e+09, 1.323738e-01, 9.457986e-01, -1.209785e+00, 2.537779e-02, 4.221041e-10, 4.662737e-10, 5.482723e+01, -2.469536e-01
2.134200e+09, 1.316910e-01, 9.459030e-01, -1.219863e+00, 1.424499e-02, 4.223839e-10, 4.663727e-10, 5.466697e+01, -2.465728e-01
2.138000e+09, 1.309943e-01, 9.460084e-01, -1.229948e+00, 3.109828e-03, 4.226515e-10, 4.664725e-10, 5.450752e+01, -2.461338e-01
2.141800e+09, 1.302839e-01, 9.461147e-01, -1.240039e+00, -8.027718e-03, 4.229069e-10, 4.665731e-10, 5.434895e+01, -2.456369e-01
2.145600e+09, 1.295597e-01, 9.462218e-01, -1.250136e+00, -1.916767e-02, 4.231496e-10, 4.666746e-10, 5.419132e+01, -2.450820e-01
2.149400e+09, 1.288219e-01, 9.463299e-01, -1.260240e+00, -3.031004e-02, 4.233795e-10, 4.667768e-10, 5.403469e+01, -2.444692e-01
2.153200e+09, 1.280704e-01, 9.464387e-01, -1.270348e+00, -4.145485e-02, 4.235961e-10, 4.668798e-10, 5.387911e+01, -2.437987e-01
2.157000e+09, 1.273054e-01, 9.465482e-01, -1.280462e+00, -5.260212e-02, 4.237991e-10, 4.669834e-10, 5.372465e+01, -2.430706e-01
2.160800e+09, 1.265268e-01, 9.466584e-01, -1.290581e+00, -6.375186e-02, 4.239882e-10, 4.670877e-10, 5.357137e+01, -2.422850e-01
2.164600e+09, 1.257348e-01, 9.467693e-01, -1.300704e+00, -7.490410e-02, 4.241631e-10, 4.671925e-10, 5.341931e+01, -2.414421e-01
2.168400e+09, 1.249293e-01, 9.468808e-01, -1.310831e+00, -8.605883e-02, 4.243231e-10, 4.672979e-10, 5.326854e+01, -2.405422e-01
2.172200e+09, 1.241105e-01, 9.469929e-01, -1.320962e+00, -9.721609e-02, 4.244681e-10, 4.674038e-10, 5.311911e+01, -2.395855e-01
2.176000e+09, 1.232785e-01, 9.471054e-01, -1.331097e+00, -1.083759e-01, 4.245974e-10, 4.675102e-10, 5.297107e+01, -2.385721e-01
2.179800e+09, 1.224332e-01, 9.472185e-01, -1.341235e+00, -1.195382e-01, 4.247106e-10, 4.676170e-10, 5.282449e+01, -2.375025e-01
2.183600e+09, 1.215748e-01, 9.473319e-01, -1.351375e+00, -1.307031e-01, 4.248072e-10, 4.677241e-10, 5.267940e+01, -2.363769e-01
2.187400e+09, 1.207033e-01, 9.474457e-01, -1.361518e+00, -1.418705e-01, 4.248867e-10, 4.678316e-10, 5.253588e+01, -2.351956e-01
2.191200e+09, 1.198187e-01, 9.475598e-01, -1.371663e+00, -1.530405e-01, 4.249484e-10, 4.679393e-10, 5.239396e+01, -2.339590e-01
2.195000e+09, 1.189213e-01, 9.476742e-01, -1.381809e+00, -1.642131e-01, 4.249917e-10, 4.680473e-10, 5.225370e+01, -2.326675e-01
2.198800e+09, 1.180109e-01, 9.477887e-01, -1.391956e+00, -1.753882e-01, 4.250161e-10, 4.681554e-10, 5.211515e+01, -2.313215e-01
2.202600e+09, 1.170878e-01, 9.479035e-01, -1.402104e+00, -1.865659e-01, 4.250207e-10, 4.682637e-10, 5.197835e+01, -2.299213e-01
2.206400e+09, 1.161520e-01, 9.480183e-01, -1.412251e+00, -1.977462e-01, 4.250049e-10, 4.683721e-10, 5.184337e+01, -2.284675e-01
2.210200e+09, 1.152035e-01, 9.481333e-01, -1.422399e+00, -2.089291e-01, 4.249679e-10, 4.684806e-10, 5.171024e+01, -2.269606e-01
2.214000e+09, 1.142424e-01, 9.482482e-01, -1.432545e+00, -2.201146e-01, 4.249089e-10, 4.685890e-10, 5.157902e+01, -2.254010e-01
2.217800e+09, 1.132689e-01, 9.483631e-01, -1.442691e+00, -2.313027e-01, 4.248269e-10, 4.686975e-10, 5.144975e+01, -2.237893e-01
2.221600e+09, 1.122830e-01, 9.484779e-01, -1.452834e+00, -2.424934e-01, 4.247210e-10, 4.688058e-10, 5.132248e+01, -2.221260e-01
2.225400e+09, 1.112848e-01, 9.485926e-01, -1.462975e+00, -2.536866e-01, 4.245903e-10, 4.689140e-10, 5.119725e+01, -2.204117e-01
2.229200e+09, 1.102743e-01, 9.487071e-01, -1.473112e+00, -2.648825e-01, 4.244336e-10, 4.690220e-10, 5.107411e+01, -2.186470e-01
2.233000e+09, 1.092517e-01, 9.488214e-01, -1.483246e+00, -2.760809e-01, 4.242498e-10, 4.691298e-10, 5.095310e+01, -2.168326e-01
2.236800e+09, 1.082171e-01, 9.489354e-01, -1.493375e+00, -2.872819e-01, 4.240378e-10, 4.692373e-10, 5.083426e+01, -2.149691e-01
2.240600e+09, 1.071705e-01, 9.490491e-01, -1.503500e+00, -2.984854e-01, 4.237962e-10, 4.693445e-10, 5.071764e+01, -2.130572e-01
2.244400e+09, 1.061121e-01, 9.491624e-01, -1.513618e+00, -3.096916e-01, 4.235236e-10, 4.694513e-10, 5.060328e+01, -2.110976e-01
2.248200e+09, 1.050419e-01, 9.492752e-01, -1.523730e+00, -3.209002e-01, 4.232185e-10, 4.695577e-10, 5.049123e+01, -2.090910e-01
2.252000e+09, 1.039600e-01, 9.493876e-01, -1.533835e+00, -3.321114e-01, 4.228795e-10, 4.696637e-10, 5.038151e+01, -2.070383e-01
2.255800e+09, 1.028666e-01, 9.494995e-01, -1.543932e+00, -3.433252e-01, 4.225047e-10, 4.697692e-10, 5.027417e+01, -2.049401e-01
2.259600e+09, 1.017617e-01, 9.496107e-01, -1.554020e+00, -3.545414e-01, 4.220924e-10, 4.698742e-10, 5.016925e+01, -2.027974e-01
2.263400e+09, 1.006454e-01, 9.497214e-01, -1.564098e+00, -3.657602e-01, 4.216407e-10, 4.699785e-10, 5.006679e+01, -2.006108e-01
2.267200e+09, 9.951786e-02, 9.498314e-01, -1.574165e+00, -3.769815e-01, 4.211474e-10, 4.700822e-10, 4.996682e+01, -1.983814e-01
2.271000e+09, 9.837918e-02, 9.499407e-01, -1.584220e+00, -3.882052e-01, 4.206104e-10, 4.701853e-10, 4.986938e+01, -1.961100e-01
2.274800e+09, 9.722945e-02, 9.500492e-01, -1.594263e+00, -3.994314e-01, 4.200271e-10, 4.702877e-10, 4.977450e+01, -1.937975e-01
2.278600e+09, 9.606879e-02, 9.501568e-01, -1.604291e+00, -4.106600e-01, 4.193952e-10, 4.703892e-10, 4.968223e+01, -1.914449e-01
2.282400e+09, 9.489730e-02, 9.502637e-01, -1.614305e+00, -4.218911e-01, 4.187116e-10, 4.704900e-10, 4.959259e+01, -1.890531e-01
2.286200e+09, 9.371509e-02, 9.503696e-01, -1.624302e+00, -4.331246e-01, 4.179736e-10, 4.705900e-10, 4.950562e+01, -1.866231e-01
2.290000e+09, 9.252229e-02, 9.504746e-01, -1.634282e+00, -4.443604e-01, 4.171777e-10, 4.706890e-10, 4.942134e+01, -1.841559e-01
2.293800e+09, 9.131900e-02, 9.505785e-01, -1.644242e+00, -4.555986e-01, 4.163205e-10, 4.707872e-10, 4.933980e+01, -1.816526e-01
2.297600e+09, 9.010535e-02, 9.506815e-01, -1.654182e+00, -4.668392e-01, 4.153983e-10, 4.708844e-10, 4.926102e+01, -1.791142e-01
2.301400e+09, 8.888145e-02, 9.507833e-01, -1.664100e+00, -4.780821e-01, 4.144068e-10, 4.709805e-10, 4.918503e+01, -1.765418e-01
2.305200e+09, 8.764743e-02, 9.508840e-01, -1.673995e+00, -4.893273e-01, 4.133417e-10, 4.710757e-10, 4.911187e+01, -1.739365e-01
2.309000e+09, 8.640341e-02, 9.509835e-01, -1.683864e+00, -5.005747e-01, 4.121981e-10, 4.711697e-10, 4.904155e+01, -1.712995e-01
2.312800e+09, 8.514951e-02, 9.510819e-01, -1.693705e+00, -5.118244e-01, 4.109708e-10, 4.712626e-10, 4.897410e+01, -1.686318e-01
2.316600e+09, 8.388586e-02, 9.511789e-01, -1.703518e+00, -5.230763e-01, 4.096540e-10, 4.713544e-10, 4.890956e+01, -1.659348e-01
2.320400e+09, 8.261259e-02, 9.512747e-01, -1.713299e+00, -5.343304e-01, 4.082414e-10, 4.714449e-10, 4.884795e+01, -1.632095e-01
2.324200e+09, 8.132983e-02, 9.513691e-01, -1.723046e+00, -5.455867e-01, 4.067262e-10, 4.715342e-10, 4.878929e+01, -1.604572e-01
2.328000e+09, 8.003771e-02, 9.514621e-01, -1.732757e+00, -5.568451e-01, 4.051010e-10, 4.716223e-10, 4.873361e+01, -1.576792e-01
2.331800e+09, 7.873636e-02, 9.515537e-01, -1.742429e+00, -5.681056e-01, 4.033576e-10, 4.717090e-10, 4.868093e+01, -1.548766e-01
2.335600e+09, 7.742593e-02, 9.516438e-01, -1.752060e+00, -5.793682e-01, 4.014869e-10, 4.717944e-10, 4.863127e+01, -1.520508e-01
2.339400e+09, 7.610655e-02, 9.517325e-01, -1.761646e+00, -5.906328e-01, 3.994792e-10, 4.718784e-10, 4.858465e+01, -1.492030e-01
2.343200e+09, 7.477835e-02, 9.518196e-01, -1.771184e+00, -6.018994e-01, 3.973234e-10, 4.719610e-10, 4.854110e+01, -1.463346e-01
2.347000e+09, 7.344149e-02, 9.519051e-01, -1.780670e+00, -6.131680e-01, 3.950076e-10, 4.720422e-10, 4.850062e+01, -1.434469e-01
2.350800e+09, 7.209610e-02, 9.519890e-01, -1.790102e+00, -6.244385e-01, 3.925186e-10, 4.721219e-10, 4.846325e+01, -1.405413e-01
2.354600e+09, 7.074234e-02, 9.520712e-01, -1.799473e+00, -6.357110e-01, 3.898415e-10, 4.722001e-10, 4.842900e+01, -1.376191e-01
2.358400e+09, 6.938034e-02, 9.521517e-01, -1.808781e+00, -6.469853e-01, 3.869601e-10, 4.722767e-10, 4.839788e+01, -1.346817e-01
2.362200e+09, 6.801027e-02, 9.522306e-01, -1.818020e+00, -6.582614e-01, 3.838562e-10, 4.723518e-10, 4.836992e+01, -1.317305e-01
2.366000e+09, 6.663227e-02, 9.523076e-01, -1.827185e+00, -6.695393e-01, 3.805094e-10, 4.724253e-10, 4.834512e+01, -1.287668e-01
2.369800e+09, 6.524650e-02, 9.523829e-01, -1.836270e+00, -6.808190e-01, 3.768972e-10, 4.724971e-10, 4.832350e+01, -1.257922e-01
2.373600e+09, 6.385311e-02, 9.524564e-01, -1.845269e+00, -6.921004e-01, 3.729940e-10, 4.725673e-10, 4.830507e+01, -1.228081e-01
2.377400e+09, 6.245228e-02, 9.525280e-01, -1.854175e+00, -7.033834e-01, 3.687715e-10, 4.726359e-10, 4.828984e+01, -1.198158e-01
2.381200e+09, 6.104417e-02, 9.525977e-01, -1.862980e+00, -7.146681e-01, 3.641973e-10, 4.727027e-10, 4.827783e+01, -1.168169e-01
2.385000e+09, 5.962894e-02, 9.526655e-01, -1.871675e+00, -7.259544e-01, 3.592351e-10, 4.727678e-10, 4.826904e+01, -1.138128e-01
2.388800e+09, 5.820676e-02, 9.527314e-01, -1.880253e+00, -7.372423e-01, 3.538438e-10, 4.728311e-10, 4.826349e+01, -1.108050e-01
2.392600e+09, 5.677781e-02, 9.527953e-01, -1.888701e+00, -7.485317e-01, 3.479764e-10, 4.728927e-10, 4.826118e+01, -1.077950e-01
2.396400e+09, 5.534228e-02, 9.528572e-01, -1.897009e+00, -7.598225e-01, 3.415796e-10, 4.729524e-10, 4.826211e+01, -1.047843e-01
2.400200e+09, 5.390034e-02, 9.529170e-01, -1.905165e+00, -7.711148e-01, 3.345922e-10, 4.730104e-10, 4.826630e+01, -1.017743e-01
2.404000e+09, 5.245219e-02, 9.529749e-01, -1.913154e+00, -7.824084e-01, 3.269439e-10, 4.730665e-10, 4.827375e+01, -9.876656e-02
2.407800e+09, 5.099802e-02, 9.530306e-01, -1.920960e+00, -7.937034e-01, 3.185538e-10, 4.731207e-10, 4.828446e+01, -9.576260e-02
2.411600e+09, 4.953804e-02, 9.530843e-01, -1.928566e+00, -8.049997e-01, 3.093278e-10, 4.731731e-10, 4.829843e+01, -9.276391e-02
2.415400e+09, 4.807246e-02, 9.531358e-01, -1.935951e+00, -8.162972e-01, 2.991570e-10, 4.732235e-10, 4.831567e+01, -8.977201e-02
2.419200e+09, 4.660149e-02, 9.531852e-01, -1.943094e+00, -8.275959e-01, 2.879137e-10, 4.732721e-10, 4.833618e+01, -8.678841e-02
2.423000e+09, 4.512537e-02, 9.532324e-01, -1.949968e+00, -8.388958e-01, 2.754483e-10, 4.733187e-10, 4.835996e+01, -8.381462e-02
2.426800e+09, 4.364433e-02, 9.532774e-01, -1.956545e+00, -8.501968e-01, 2.615841e-10, 4.733634e-10, 4.838700e+01, -8.085215e-02
2.430600e+09, 4.215864e-02, 9.533202e-01, -1.962790e+00, -8.614989e-01, 2.461115e-10, 4.734061e-10, 4.841730e+01, -7.790251e-02
2.434400e+09, 4.066856e-02, 9.533609e-01, -1.968667e+00, -8.728020e-01, 2.287804e-10, 4.734469e-10, 4.845086e+01, -7.496721e-02
2.438200e+09, 3.917439e-02, 9.533992e-01, -1.974129e+00, -8.841061e-01, 2.092904e-10, 4.734856e-10, 4.848768e+01, -7.204777e-02
2.442000e+09, 3.767644e-02, 9.534354e-01, -1.979126e+00, -8.954111e-01, 1.872784e-10, 4.735224e-10, 4.852774e+01, -6.914567e-02
2.445800e+09, 3.617504e-02, 9.534692e-01, -1.983597e+00, -9.067169e-01, 1.623022e-10, 4.735572e-10, 4.857105e+01, -6.626242e-02
2.449600e+09, 3.467058e-02, 9.535008e-01, -1.987473e+00, -9.180236e-01, 1.338195e-10, 4.735899e-10, 4.861759e+01, -6.339950e-02
2.453400e+09, 3.316346e-02, 9.535301e-01, -1.990668e+00, -9.293311e-01, 1.011597e-10, 4.736206e-10, 4.866735e+01, -6.055840e-02
2.457200e+09, 3.165415e-02, 9.535570e-01, -1.993083e+00, -9.406393e-01, 6.348578e-11, 4.736493e-10, 4.872033e+01, -5.774059e-02
2.461000e+09, 3.014318e-02, 9.535817e-01, -1.994599e+00, -9.519482e-01, 1.974361e-11, 4.736760e-10, 4.877651e+01, -5.494755e-02
2.464800e+09, 2.863116e-02, 9.536040e-01, -1.995070e+00, -9.632578e-01, -3.140825e-11, 4.737006e-10, 4.883589e+01, -5.218072e-02
2.468600e+09, 2.711879e-02, 9.536240e-01, -1.994320e+00, -9.745679e-01, -9.169569e-11, 4.737232e-10, 4.889843e+01, -4.944156e-02
2.472400e+09, 2.560692e-02, 9.536416e-01, -1.992131e+00, -9.858785e-01, -1.633658e-10, 4.737437e-10, 4.896415e+01, -4.673150e-02
2.476200e+09, 2.409656e-02, 9.536569e-01, -1.988230e+00, -9.971897e-01, -2.493817e-10, 4.737622e-10, 4.903300e+01, -4.405197e-02
2.480000e+09, 2.258895e-02, 9.536698e-01, -1.982276e+00, -1.008501e+00, -3.537051e-10, 4.737786e-10, 4.910499e+01, -4.140436e-02
2.483800e+09, 2.108564e-02, 9.536803e-01, -1.973831e+00, -1.019813e+00, -4.817103e-10, 4.737929e-10, 4.918009e+01, -3.879009e-02
2.487600e+09, 1.958860e-02, 9.536885e-01, -1.962330e+00, -1.031126e+00, -6.408011e-10, 4.738052e-10, 4.925827e+01, -3.621053e-02
2.491400e+09, 1.810040e-02, 9.536943e-01, -1.947030e+00, -1.042438e+00, -8.413391e-10, 4.738155e-10, 4.933953e+01, -3.366705e-02
2.495200e+09, 1.662446e-02, 9.536978e-01, -1.926942e+00, -1.053751e+00, -1.098051e-09, 4.738237e-10, 4.942384e+01, -3.116101e-02
2.499000e+09, 1.516544e-02, 9.536988e-01, -1.900725e+00, -1.065064e+00, -1.432152e-09, 4.738298e-10, 4.951118e+01, -2.869373e-02
2.502800e+09, 1.372984e-02, 9.536975e-01, -1.866531e+00, -1.076377e+00, -1.874464e-09, 4.738339e-10, 4.960152e+01, -2.626653e-02
2.506600e+09, 1.232702e-02, 9.536938e-01, -1.821776e+00, -1.087691e+00, -2.469609e-09, 4.738359e-10, 4.969483e+01, -2.388071e-02
2.510400e+09, 1.097078e-02, 9.536877e-01, -1.762811e+00, -1.099004e+00, -3.280207e-09, 4.738360e-10, 4.979110e+01, -2.153757e-02
2.514200e+09, 9.681967e-03, 9.536793e-01, -1.684492e+00, -1.110317e+00, -4.385591e-09, 4.738339e-10, 4.989029e+01, -1.923834e-02
2.518000e+09, 8.492689e-03, 9.536685e-01, -1.579782e+00, -1.121631e+00, -5.856395e-09, 4.738299e-10, 4.999237e+01, -1.698428e-02
2.521800e+09, 7.452135e-03, 9.536553e-01, -1.439954e+00, -1.132944e+00, -7.660688e-09, 4.738238e-10, 5.009732e+01, -1.477662e-02
2.525600e+09, 6.632086e-03, 9.536398e-01, -1.257046e+00, -1.144257e+00, -9.466233e-09, 4.738157e-10, 5.020510e+01, -1.261654e-02
2.529400e+09, 6.123149e-03, 9.536219e-01, -1.031030e+00, -1.155570e+00, -1.053469e-08, 4.738057e-10, 5.031568e+01, -1.050523e-02
2.533200e+09, 6.006146e-03, 9.536017e-01, -7.795021e-01, -1.166882e+00, -1.021971e-08, 4.737936e-10, 5.042902e+01, -8.443849e-03
2.537000e+09, 6.303916e-03, 9.535791e-01, -5.354954e-01, -1.178195e+00, -8.728078e-09, 4.737796e-10, 5.054510e+01, -6.433529e-03
2.540800e+09, 6.964181e-03, 9.535542e-01, -3.271029e-01, -1.189507e+00, -6.853504e-09, 4.737635e-10, 5.066387e+01, -4.475382e-03
2.544600e+09, 7.897043e-03, 9.535270e-01, -1.634679e-01, -1.200818e+00, -5.174482e-09, 4.737456e-10, 5.078529e+01, -2.570497e-03
2.548400e+09, 9.018634e-03, 9.534975e-01, -3.992139e-02, -1.212130e+00, -3.865859e-09, 4.737257e-10, 5.090934e+01, -7.199401e-04
2.552200e+09, 1.026748e-02, 9.534657e-01, 5.238027e-02, -1.223440e+00, -2.897057e-09, 4.737038e-10, 5.103596e+01, 1.075248e-03
2.556000e+09, 1.160265e-02, 9.534316e-01, 1.215507e-01, -1.234751e+00, -2.187550e-09, 4.736801e-10, 5.116512e+01, 2.814051e-03
2.559800e+09, 1.299755e-02, 9.533952e-01, 1.737809e-01, -1.246060e+00, -1.664175e-09, 4.736544e-10, 5.129677e+01, 4.495476e-03
2.563600e+09, 1.443480e-02, 9.533566e-01, 2.135149e-01, -1.257369e+00, -1.272439e-09, 4.736269e-10, 5.143087e+01, 6.118557e-03
2.567400e+09, 1.590278e-02, 9.533157e-01, 2.438958e-01, -1.268678e+00, -9.742248e-10, 4.735975e-10, 5.156738e+01, 7.682352e-03
2.571200e+09, 1.739352e-02, 9.532727e-01, 2.671565e-01, -1.279985e+00, -7.432994e-10, 4.735663e-10, 5.170624e+01, 9.185946e-03
2.575000e+09, 1.890142e-02, 9.532274e-01, 2.849035e-01, -1.291292e+00, -5.615581e-10, 4.735332e-10, 5.184741e+01, 1.062845e-02
2.578800e+09, 2.042242e-02, 9.531799e-01, 2.983114e-01, -1.302598e+00, -4.163643e-10, 4.734983e-10, 5.199083e+01, 1.200900e-02
2.582600e+09, 2.195351e-02, 9.531302e-01, 3.082525e-01, -1.313904e+00, -2.987692e-10, 4.734616e-10, 5.213647e+01, 1.332676e-02
2.586400e+09, 2.349239e-02, 9.530784e-01, 3.153860e-01, -1.325208e+00, -2.023346e-10, 4.734232e-10, 5.228426e+01, 1.458092e-02
2.590200e+09, 2.503731e-02, 9.530245e-01, 3.202169e-01, -1.336512e+00, -1.223558e-10, 4.733830e-10, 5.243415e+01, 1.577069e-02
2.594000e+09, 2.658685e-02, 9.529685e-01, 3.231383e-01, -1.347814e+00, -5.534246e-11, 4.733411e-10, 5.258609e+01, 1.689532e-02
2.597800e+09, 2.813988e-02, 9.529104e-01, 3.244597e-01, -1.359116e+00, 1.331879e-12, 4.732975e-10, 5.274002e+01, 1.795409e-02
2.601600e+09, 2.969547e-02, 9.528502e-01, 3.244279e-01, -1.370416e+00, 4.967013e-11, 4.732521e-10, 5.289588e+01, 1.894629e-02
2.605400e+09, 3.125285e-02, 9.527879e-01, 3.232419e-01, -1.381716e+00, 9.121874e-11, 4.732052e-10, 5.305362e+01, 1.987125e-02
2.609200e+09, 3.281134e-02, 9.527237e-01, 3.210640e-01, -1.393014e+00, 1.271856e-10, 4.731565e-10, 5.321317e+01, 2.072832e-02
2.613000e+09, 3.437039e-02, 9.526574e-01, 3.180273e-01, -1.404311e+00, 1.585240e-10, 4.731063e-10, 5.337446e+01, 2.151689e-02
2.616800e+09, 3.592949e-02, 9.525892e-01, 3.142424e-01, -1.415607e+00, 1.859943e-10, 4.730545e-10, 5.353744e+01, 2.223637e-02
2.620600e+09, 3.748820e-02, 9.525191e-01, 3.098015e-01, -1.426902e+00, 2.102080e-10, 4.730011e-10, 5.370205e+01, 2.288620e-02
2.624400e+09, 3.904612e-02, 9.524470e-01, 3.047826e-01, -1.438195e+00, 2.316613e-10, 4.729462e-10, 5.386820e+01, 2.346585e-02
2.628200e+09, 4.060291e-02, 9.523730e-01, 2.992514e-01, -1.449487e+00, 2.507603e-10, 4.728897e-10, 5.403585e+01, 2.397482e-02
2.632000e+09, 4.215822e-02, 9.522972e-01, 2.932643e-01, -1.460778e+00, 2.678393e-10, 4.728318e-10, 5.420491e+01, 2.441263e-02
2.635800e+09, 4.371176e-02, 9.522196e-01, 2.868693e-01, -1.472067e+00, 2.831760e-10, 4.727724e-10, 5.437531e+01, 2.477884e-02
2.639600e+09, 4.526325e-02, 9.521401e-01, 2.801082e-01, -1.483355e+00, 2.970021e-10, 4.727116e-10, 5.454699e+01, 2.507304e-02
2.643400e+09, 4.681242e-02, 9.520589e-01, 2.730169e-01, -1.494642e+00, 3.095122e-10, 4.726494e-10, 5.471987e+01, 2.529484e-02
2.647200e+09, 4.835902e-02, 9.519759e-01, 2.656270e-01, -1.505927e+00, 3.208710e-10, 4.725858e-10, 5.489387e+01, 2.544389e-02
2.651000e+09, 4.990282e-02, 9.518912e-01, 2.579658e-01, -1.517210e+00, 3.312181e-10, 4.725209e-10, 5.506892e+01, 2.551986e-02
2.654800e+09, 5.144359e-02, 9.518048e-01, 2.500576e-01, -1.528492e+00, 3.406729e-10, 4.724546e-10, 5.524493e+01, 2.552246e-02
2.658600e+09, 5.298112e-02, 9.517168e-01, 2.419237e-01, -1.539773e+00, 3.493377e-10, 4.723871e-10, 5.542184e+01, 2.545141e-02
2.662400e+09, 5.451520e-02, 9.516272e-01, 2.335828e-01, -1.551051e+00, 3.573006e-10, 4.723182e-10, 5.559955e+01, 2.530649e-02
2.666200e+09, 5.604563e-02, 9.515359e-01, 2.250519e-01, -1.562329e+00, 3.646379e-10, 4.722482e-10, 5.577799e+01, 2.508750e-02
2.670000e+09, 5.757221e-02, 9.514431e-01, 2.163458e-01, -1.573604e+00, 3.714159e-10, 4.721770e-10, 5.595706e+01, 2.479425e-02
2.673800e+09, 5.909476e-02, 9.513489e-01, 2.074778e-01, -1.584878e+00, 3.776925e-10, 4.721046e-10, 5.613670e+01, 2.442661e-02
2.677600e+09, 6.061308e-02, 9.512531e-01, 1.984600e-01, -1.596150e+00, 3.835181e-10, 4.720310e-10, 5.631679e+01, 2.398446e-02
2.681400e+09, 6.212701e-02, 9.511559e-01, 1.893031e-01, -1.607420e+00, 3.889372e-10, 4.719564e-10, 5.649727e+01, 2.346772e-02
2.685200e+09, 6.363637e-02, 9.510572e-01, 1.800168e-01, -1.618688e+00, 3.939889e-10, 4.718807e-10, 5.667803e+01, 2.287635e-02
2.689000e+09, 6.514098e-02, 9.509572e-01, 1.706098e-01, -1.629955e+00, 3.987077e-10, 4.718039e-10, 5.685899e+01, 2.221032e-02
2.692800e+09, 6.664068e-02, 9.508558e-01, 1.610902e-01, -1.641220e+00, 4.031245e-10, 4.717261e-10, 5.704006e+01, 2.146965e-02
2.696600e+09, 6.813530e-02, 9.507532e-01, 1.514652e-01, -1.652483e+00, 4.072663e-10, 4.716474e-10, 5.722114e+01, 2.065439e-02
2.700400e+09, 6.962468e-02, 9.506493e-01, 1.417413e-01, -1.663744e+00, 4.111576e-10, 4.715677e-10, 5.740213e+01, 1.976461e-02
2.704200e+09, 7.110865e-02, 9.505441e-01, 1.319244e-01, -1.675003e+00, 4.148199e-10, 4.714871e-10, 5.758294e+01, 1.880042e-02
2.708000e+09, 7.258707e-02, 9.504377e-01, 1.220201e-01, -1.686261e+00, 4.182728e-10, 4.714056e-10, 5.776347e+01, 1.776197e-02
2.711800e+09, 7.405978e-02, 9.503302e-01, 1.120334e-01, -1.697516e+00, 4.215337e-10, 4.713233e-10, 5.794362e+01, 1.664944e-02
2.715600e+09, 7.552662e-02, 9.502216e-01, 1.019688e-01, -1.708769e+00, 4.246184e-10, 4.712402e-10, 5.812329e+01, 1.546302e-02
2.719400e+09, 7.698744e-02, 9.501119e-01, 9.183060e-02, -1.720021e+00, 4.275410e-10, 4.711562e-10, 5.830237e+01, 1.420297e-02
2.723200e+09, 7.844210e-02, 9.500011e-01, 8.162259e-02, -1.731270e+00, 4.303143e-10, 4.710716e-10, 5.848078e+01, 1.286956e-02
2.727000e+09, 7.989044e-02, 9.498894e-01, 7.134836e-02, -1.742517e+00, 4.329500e-10, 4.709862e-10, 5.865840e+01, 1.146310e-02
2.730800e+09, 8.133233e-02, 9.497767e-01, 6.101120e-02, -1.753763e+00, 4.354586e-10, 4.709002e-10, 5.883513e+01, 9.983923e-03
2.734600e+09, 8.276761e-02, 9.496630e-01, 5.061414e-02, -1.765006e+00, 4.378498e-10, 4.708135e-10, 5.901085e+01, 8.432414e-03
2.738400e+09, 8.419615e-02, 9.495485e-01, 4.016000e-02, -1.776247e+00, 4.401321e-10, 4.707262e-10, 5.918548e+01, 6.808981e-03
2.742200e+09, 8.561780e-02, 9.494331e-01, 2.965136e-02, -1.787486e+00, 4.423137e-10, 4.706383e-10, 5.935889e+01, 5.114068e-03
2.746000e+09, 8.703243e-02, 9.493169e-01, 1.909063e-02, -1.798723e+00, 4.444017e-10, 4.705499e-10, 5.953098e+01, 3.348155e-03
2.749800e+09, 8.843990e-02, 9.492000e-01, 8.480049e-03, -1.809958e+00, 4.464030e-10, 4.704610e-10, 5.970165e+01, 1.511755e-03
2.753600e+09, 8.984007e-02, 9.490823e-01, -2.178315e-03, -1.821191e+00, 4.483236e-10, 4.703716e-10, 5.987077e+01, -3.945845e-04
2.757400e+09, 9.123281e-02, 9.489640e-01, -1.288254e-02, -1.832422e+00, 4.501691e-10, 4.702817e-10, 6.003825e+01, -2.370279e-03
2.761200e+09, 9.261799e-02, 9.488450e-01, -2.363082e-02, -1.843650e+00, 4.519447e-10, 4.701915e-10, 6.020397e+01, -4.414712e-03
2.765000e+09, 9.399547e-02, 9.487254e-01, -3.442150e-02, -1.854876e+00, 4.536552e-10, 4.701009e-10, 6.036782e+01, -6.527229e-03
2.768800e+09, 9.536512e-02, 9.486052e-01, -4.525302e-02, -1.866101e+00, 4.553050e-10, 4.700100e-10, 6.052969e+01, -8.707142e-03
2.772600e+09, 9.672682e-02, 9.484845e-01, -5.612393e-02, -1.877323e+00, 4.568982e-10, 4.699187e-10, 6.068946e+01, -1.095373e-02
2.776400e+09, 9.808044e-02, 9.483633e-01, -6.703287e-02, -1.888542e+00, 4.584385e-10, 4.698272e-10, 6.084704e+01, -1.326623e-02
2.780200e+09, 9.942584e-02, 9.482417e-01, -7.797860e-02, -1.899760e+00, 4.599295e-10, 4.697355e-10, 6.100229e+01, -1.564385e-02
2.784000e+09, 1.007629e-01, 9.481197e-01, -8.895993e-02, -1.910975e+00, 4.613744e-10, 4.696436e-10, 6.115512e+01, -1.808576e-02
2.787800e+09, 1.020915e-01, 9.479973e-01, -9.997575e-02, -1.922189e+00, 4.627761e-10, 4.695515e-10, 6.130541e+01, -2.059110e-02
2.791600e+09, 1.034116e-01, 9.478746e-01, -1.110250e-01, -1.933400e+00, 4.641376e-10, 4.694592e-10, 6.145305e+01, -2.315897e-02
2.795400e+09, 1.047229e-01, 9.477517e-01, -1.221068e-01, -1.944609e+00, 4.654613e-10, 4.693669e-10, 6.159793e+01, -2.578842e-02
2.799200e+09, 1.060254e-01, 9.476284e-01, -1.332202e-01, -1.955815e+00, 4.667498e-10, 4.692746e-10, 6.173994e+01, -2.847850e-02
2.803000e+09, 1.073190e-01, 9.475050e-01, -1.443644e-01, -1.967020e+00, 4.680053e-10, 4.691821e-10, 6.187898e+01, -3.122820e-02
2.806800e+09, 1.086035e-01, 9.473814e-01, -1.555386e-01, -1.978222e+00, 4.692300e-10, 4.690898e-10, 6.201492e+01, -3.403647e-02
2.810600e+09, 1.098789e-01, 9.472578e-01, -1.667419e-01, -1.989422e+00, 4.704258e-10, 4.689974e-10, 6.214766e+01, -3.690224e-02
2.814400e+09, 1.111449e-01, 9.471340e-01, -1.779739e-01, -2.000620e+00, 4.715945e-10, 4.689051e-10, 6.227710e+01, -3.982441e-02
2.818200e+09, 1.124016e-01, 9.470102e-01, -1.892337e-01, -2.011816e+00, 4.727381e-10, 4.688129e-10, 6.240314e+01, -4.280183e-02
2.822000e+09, 1.136487e-01, 9.468864e-01, -2.005209e-01, -2.023009e+00, 4.738580e-10, 4.687209e-10, 6.252565e+01, -4.583332e-02
2.825800e+09, 1.148862e-01, 9.467626e-01, -2.118347e-01, -2.034200e+00, 4.749558e-10, 4.686290e-10, 6.264455e+01, -4.891768e-02
2.829600e+09, 1.161140e-01, 9.466389e-01, -2.231748e-01, -2.045389e+00, 4.760330e-10, 4.685374e-10, 6.275973e+01, -5.205366e-02
2.833400e+09, 1.173319e-01, 9.465154e-01, -2.345406e-01, -2.056576e+00, 4.770910e-10, 4.684459e-10, 6.287110e+01, -5.523998e-02
2.837200e+09, 1.185399e-01, 9.463920e-01, -2.459317e-01, -2.067761e+00, 4.781310e-10, 4.683548e-10, 6.297854e+01, -5.847534e-02
2.841000e+09, 1.197378e-01, 9.462688e-01, -2.573476e-01, -2.078943e+00, 4.791543e-10, 4.682639e-10, 6.308197e+01, -6.175840e-02
2.844800e+09, 1.209256e-01, 9.461458e-01, -2.687880e-01, -2.090124e+00, 4.801620e-10, 4.681734e-10, 6.318130e+01, -6.508779e-02
2.848600e+09, 1.221030e-01, 9.460231e-01, -2.802524e-01, -2.101302e+00, 4.811552e-10, 4.680833e-10, 6.327642e+01, -6.846210e-02
2.852400e+09, 1.232702e-01, 9.459008e-01, -2.917405e-01, -2.112478e+00, 4.821350e-10, 4.679935e-10, 6.336725e+01, -7.187991e-02
2.856200e+09, 1.244268e-01, 9.457788e-01, -3.032520e-01, -2.123652e+00, 4.831022e-10, 4.679042e-10, 6.345370e+01, -7.533975e-02
2.860000e+09, 1.255729e-01, 9.456571e-01, -3.147866e-01, -2.134823e+00, 4.840579e-10, 4.678153e-10, 6.353569e+01, -7.884013e-02
2.863800e+09, 1.267083e-01, 9.455360e-01, -3.263440e-01, -2.145993e+00, 4.850029e-10, 4.677269e-10, 6.361314e+01, -8.237954e-02
2.867600e+09, 1.278329e-01, 9.454152e-01, -3.379240e-01, -2.157160e+00, 4.859381e-10, 4.676391e-10, 6.368596e+01, -8.595644e-02
2.871400e+09, 1.289466e-01, 9.452950e-01, -3.495263e-01, -2.168326e+00, 4.868643e-10, 4.675517e-10, 6.375407e+01, -8.956925e-02
2.875200e+09, 1.300494e-01, 9.451753e-01, -3.611507e-01, -2.179489e+00, 4.877821e-10, 4.674650e-10, 6.381742e+01, -9.321637e-02
2.879000e+09, 1.311412e-01, 9.450563e-01, -3.727970e-01, -2.190650e+00, 4.886924e-10, 4.673789e-10, 6.387591e+01, -9.689619e-02
2.882800e+09, 1.322217e-01, 9.449378e-01, -3.844651e-01, -2.201810e+00, 4.895959e-10, 4.672934e-10, 6.392950e+01, -1.006071e-01
2.886600e+09, 1.332911e-01, 9.448199e-01, -3.961548e-01, -2.212967e+00, 4.904931e-10, 4.672085e-10, 6.397810e+01, -1.043473e-01
2.890400e+09, 1.343491e-01, 9.447028e-01, -4.078658e-01, -2.224122e+00, 4.913848e-10, 4.671244e-10, 6.402167e+01, -1.081153e-01
2.894200e+09, 1.353957e-01, 9.445864e-01, -4.195982e-01, -2.235275e+00, 4.922714e-10, 4.670410e-10, 6.406015e+01, -1.119092e-01
2.898000e+09, 1.364307e-01, 9.444707e-01, -4.313517e-01, -2.246426e+00, 4.931538e-10, 4.669583e-10, 6.409348e+01, -1.157275e-01
2.901800e+09, 1.374542e-01, 9.443558e-01, -4.431263e-01, -2.257575e+00, 4.940322e-10, 4.668764e-10, 6.412161e+01, -1.195682e-01
2.905600e+09, 1.384660e-01, 9.442417e-01, -4.549219e-01, -2.268722e+00, 4.949074e-10, 4.667954e-10, 6.414450e+01, -1.234297e-01
2.909400e+09, 1.394660e-01, 9.441285e-01, -4.667383e-01, -2.279868e+00, 4.957798e-10, 4.667151e-10, 6.416211e+01, -1.273101e-01
2.913200e+09, 1.404542e-01, 9.440162e-01, -4.785756e-01, -2.291011e+00, 4.966499e-10, 4.666357e-10, 6.417439e+01, -1.312078e-01
2.917000e+09, 1.414304e-01, 9.439048e-01, -4.904337e-01, -2.302152e+00, 4.975182e-10, 4.665572e-10, 6.418132e+01, -1.351208e-01
2.920800e+09, 1.423946e-01, 9.437944e-01, -5.023125e-01, -2.313292e+00, 4.983851e-10, 4.664796e-10, 6.418287e+01, -1.390474e-01
2.924600e+09, 1.433468e-01, 9.436850e-01, -5.142120e-01, -2.324430e+00, 4.992511e-10, 4.664029e-10, 6.417900e+01, -1.429857e-01
2.928400e+09, 1.442867e-01, 9.435765e-01, -5.261321e-01, -2.335566e+00, 5.001166e-10, 4.663272e-10, 6.416971e+01, -1.469339e-01
2.932200e+09, 1.452144e-01, 9.434691e-01, -5.380730e-01, -2.346700e+00, 5.009820e-10, 4.662524e-10, 6.415496e+01, -1.508901e-01
2.936000e+09, 1.461298e-01, 9.433628e-01, -5.500345e-01, -2.357832e+00, 5.018478e-10, 4.661787e-10, 6.413476e+01, -1.548526e-01
2.939800e+09, 1.470327e-01, 9.432577e-01, -5.620166e-01, -2.368962e+00, 5.027143e-10, 4.661060e-10, 6.410908e+01, -1.588193e-01
2.943600e+09, 1.479232e-01, 9.431536e-01, -5.740195e-01, -2.380091e+00, 5.035818e-10, 4.660343e-10, 6.407793e+01, -1.627885e-01
2.947400e+09, 1.488012e-01, 9.430507e-01, -5.860431e-01, -2.391218e+00, 5.044508e-10, 4.659637e-10, 6.404130e+01, -1.667583e-01
2.951200e+09, 1.496665e-01, 9.429490e-01, -5.980874e-01, -2.402344e+00, 5.053217e-10, 4.658942e-10, 6.399921e+01, -1.707268e-01
2.955000e+09, 1.505191e-01, 9.428486e-01, -6.101525e-01, -2.413467e+00, 5.061946e-10, 4.658258e-10, 6.395165e+01, -1.746922e-01
2.958800e+09, 1.513590e-01, 9.427493e-01, -6.222385e-01, -2.424590e+00, 5.070701e-10, 4.657586e-10, 6.389865e+01, -1.786526e-01
2.962600e+09, 1.521860e-01, 9.426514e-01, -6.343453e-01, -2.435710e+00, 5.079483e-10, 4.656925e-10, 6.384021e+01, -1.826060e-01
2.966400e+09, 1.530002e-01, 9.425548e-01, -6.464731e-01, -2.446829e+00, 5.088297e-10, 4.656276e-10, 6.377637e+01, -1.865507e-01
2.970200e+09, 1.538014e-01, 9.424595e-01, -6.586220e-01, -2.457946e+00, 5.097146e-10, 4.655639e-10, 6.370714e+01, -1.904848e-01
2.974000e+09, 1.545896e-01, 9.423655e-01, -6.707920e-01, -2.469062e+00, 5.106032e-10, 4.655014e-10, 6.363255e+01, -1.944064e-01
2.977800e+09, 1.553647e-01, 9.422729e-01, -6.829832e-01, -2.480177e+00, 5.114959e-10, 4.654401e-10, 6.355264e+01, -1.983137e-01
2.981600e+09, 1.561266e-01, 9.421818e-01, -6.951958e-01, -2.491289e+00, 5.123929e-10, 4.653801e-10, 6.346744e+01, -2.022049e-01
2.985400e+09, 1.568754e-01, 9.420920e-01, -7.074297e-01, -2.502401e+00, 5.132945e-10, 4.653214e-10, 6.337700e+01, -2.060781e-01
2.989200e+09, 1.576109e-01, 9.420038e-01, -7.196852e-01, -2.513511e+00, 5.142010e-10, 4.652639e-10, 6.328137e+01, -2.099314e-01
2.993000e+09, 1.583331e-01, 9.419169e-01, -7.319623e-01, -2.524620e+00, 5.151128e-10, 4.652077e-10, 6.318058e+01, -2.137632e-01
2.996800e+09, 1.590419e-01, 9.418316e-01, -7.442612e-01, -2.535727e+00, 5.160300e-10, 4.651529e-10, 6.307469e+01, -2.175715e-01
3.000600e+09, 1.597373e-01, 9.417478e-01, -7.565820e-01, -2.546833e+00, 5.169529e-10, 4.650994e-10, 6.296377e+01, -2.213547e-01
3.004400e+09, 1.604192e-01, 9.416656e-01, -7.689248e-01, -2.557938e+00, 5.178818e-10, 4.650473e-10, 6.284786e+01, -2.251109e-01
3.008200e+09, 1.610876e-01, 9.415848e-01, -7.812898e-01, -2.569041e+00, 5.188170e-10, 4.649965e-10, 6.272703e+01, -2.288384e-01
3.012000e+09, 1.617424e-01, 9.415057e-01, -7.936771e-01, -2.580144e+00, 5.197587e-10, 4.649471e-10, 6.260135e+01, -2.325355e-01
3.015800e+09, 1.623836e-01, 9.414282e-01, -8.060869e-01, -2.591245e+00, 5.207072e-10, 4.648990e-10, 6.247089e+01, -2.362004e-01
3.019600e+09, 1.630111e-01, 9.413523e-01, -8.185194e-01, -2.602345e+00, 5.216628e-10, 4.648524e-10, 6.233571e+01, -2.398315e-01
3.023400e+09, 1.636248e-01, 9.412780e-01, -8.309747e-01, -2.613444e+00, 5.226256e-10, 4.648072e-10, 6.219590e+01, -2.434271e-01
3.027200e+09, 1.642249e-01, 9.412053e-01, -8.434529e-01, -2.624541e+00, 5.235959e-10, 4.647634e-10, 6.205153e+01, -2.469855e-01
3.031000e+09, 1.648111e-01, 9.411343e-01, -8.559544e-01, -2.635638e+00, 5.245741e-10, 4.647211e-10, 6.190269e+01, -2.505050e-01
3.034800e+09, 1.653834e-01, 9.410650e-01, -8.684791e-01, -2.646734e+00, 5.255603e-10, 4.646802e-10, 6.174945e+01, -2.539842e-01
3.038600e+09, 1.659419e-01, 9.409974e-01, -8.810275e-01, -2.657829e+00, 5.265547e-10, 4.646408e-10, 6.159190e+01, -2.574213e-01
3.042400e+09, 1.664864e-01, 9.409315e-01, -8.935995e-01, -2.668922e+00, 5.275577e-10, 4.646029e-10, 6.143013e+01, -2.608148e-01
3.046200e+09, 1.670170e-01, 9.408673e-01, -9.061956e-01, -2.680015e+00, 5.285694e-10, 4.645664e-10, 6.126424e+01, -2.641632e-01
3.050000e+09, 1.675336e-01, 9.408049e-01, -9.188157e-01, -2.691107e+00, 5.295901e-10, 4.645314e-10, 6.109430e+01, -2.674649e-01
3.053800e+09, 1.680361e-01, 9.407442e-01, -9.314603e-01, -2.702199e+00, 5.306201e-10, 4.644979e-10, 6.092042e+01, -2.707184e-01
3.057600e+09, 1.685246e-01, 9.406852e-01, -9.441294e-01, -2.713289e+00, 5.316596e-10, 4.644659e-10, 6.074270e+01, -2.739223e-01
3.061400e+09, 1.689989e-01, 9.406281e-01, -9.568234e-01, -2.724379e+00, 5.327089e-10, 4.644354e-10, 6.056122e+01, -2.770751e-01
3.065200e+09, 1.694592e-01, 9.405727e-01, -9.695424e-01, -2.735468e+00, 5.337681e-10, 4.644064e-10, 6.037610e+01, -2.801754e-01
3.069000e+09, 1.699053e-01, 9.405191e-01, -9.822867e-01, -2.746556e+00, 5.348376e-10, 4.643790e-10, 6.018742e+01, -2.832217e-01
3.072800e+09, 1.703372e-01, 9.404673e-01, -9.950565e-01, -2.757643e+00, 5.359175e-10, 4.643530e-10, 5.999530e+01, -2.862128e-01
3.076600e+09, 1.707549e-01, 9.404173e-01, -1.007852e+00, -2.768730e+00, 5.370081e-10, 4.643286e-10, 5.979983e+01, -2.891473e-01
3.080400e+09, 1.711583e-01, 9.403691e-01, -1.020674e+00, -2.779817e+00, 5.381098e-10, 4.643058e-10, 5.960112e+01, -2.920238e-01
3.084200e+09, 1.715476e-01, 9.403227e-01, -1.033522e+00, -2.790902e+00, 5.392226e-10, 4.642844e-10, 5.939927e+01, -2.948410e-01
3.088000e+09, 1.719225e-01, 9.402782e-01, -1.046396e+00, -2.801988e+00, 5.403470e-10, 4.642646e-10, 5.919439e+01, -2.975978e-01
3.091800e+09, 1.722832e-01, 9.402355e-01, -1.059298e+00, -2.813073e+00, 5.414830e-10, 4.642464e-10, 5.898659e+01, -3.002927e-01
3.095600e+09, 1.726295e-01, 9.401947e-01, -1.072226e+00, -2.824157e+00, 5.426311e-10, 4.642296e-10, 5.877597e+01, -3.029247e-01
3.099400e+09, 1.729615e-01, 9.401557e-01, -1.085182e+00, -2.835241e+00, 5.437913e-10, 4.642145e-10, 5.856263e+01, -3.054926e-01
3.103200e+09, 1.732792e-01, 9.401185e-01, -1.098166e+00, -2.846325e+00, 5.449641e-10, 4.642008e-10, 5.834670e+01, -3.079951e-01
3.107000e+09, 1.735826e-01, 9.400832e-01, -1.111177e+00, -2.857408e+00, 5.461497e-10, 4.641887e-10, 5.812827e+01, -3.104312e-01
3.110800e+09, 1.738716e-01, 9.400498e-01, -1.124217e+00, -2.868491e+00, 5.473483e-10, 4.641782e-10, 5.790746e+01, -3.127997e-01
3.114600e+09, 1.741462e-01, 9.400182e-01, -1.137286e+00, -2.879574e+00, 5.485601e-10, 4.641691e-10, 5.768437e+01, -3.150996e-01
3.118400e+09, 1.744065e-01, 9.399884e-01, -1.150383e+00, -2.890656e+00, 5.497856e-10, 4.641616e-10, 5.745910e+01, -3.173297e-01
3.122200e+09, 1.746524e-01, 9.399605e-01, -1.163510e+00, -2.901739e+00, 5.510249e-10, 4.641557e-10, 5.723178e+01, -3.194891e-01
3.126000e+09, 1.748839e-01, 9.399345e-01, -1.176666e+00, -2.912821e+00, 5.522783e-10, 4.641513e-10, 5.700250e+01, -3.215768e-01
3.129800e+09, 1.751010e-01, 9.399104e-01, -1.189853e+00, -2.923903e+00, 5.535461e-10, 4.641484e-10, 5.677137e+01, -3.235918e-01
3.133600e+09, 1.753038e-01, 9.398880e-01, -1.203069e+00, -2.934985e+00, 5.548286e-10, 4.641470e-10, 5.653851e+01, -3.255330e-01
3.137400e+09, 1.754922e-01, 9.398676e-01, -1.216316e+00, -2.946067e+00, 5.561261e-10, 4.641471e-10, 5.630401e+01, -3.273997e-01
3.141200e+09, 1.756662e-01, 9.398490e-01, -1.229594e+00, -2.957149e+00, 5.574389e-10, 4.641488e-10, 5.606798e+01, -3.291909e-01
3.145000e+09, 1.758258e-01, 9.398322e-01, -1.242904e+00, -2.968231e+00, 5.587673e-10, 4.641519e-10, 5.583053e+01, -3.309057e-01
3.148800e+09, 1.759711e-01, 9.398173e-01, -1.256245e+00, -2.979313e+00, 5.601115e-10, 4.641566e-10, 5.559177e+01, -3.325433e-01
3.152600e+09, 1.761021e-01, 9.398042e-01, -1.269618e+00, -2.990395e+00, 5.614720e-10, 4.641627e-10, 5.535180e+01, -3.341028e-01
3.156400e+09, 1.762188e-01, 9.397930e-01, -1.283024e+00, -3.001478e+00, 5.628489e-10, 4.641703e-10, 5.511071e+01, -3.355834e-01
3.160200e+09, 1.763211e-01, 9.397836e-01, -1.296463e+00, -3.012560e+00, 5.642427e-10, 4.641794e-10, 5.486863e+01, -3.369843e-01
3.164000e+09, 1.764091e-01, 9.397760e-01, -1.309935e+00, -3.023643e+00, 5.656537e-10, 4.641900e-10, 5.462564e+01, -3.383049e-01
3.167800e+09, 1.764829e-01, 9.397702e-01, -1.323440e+00, -3.034726e+00, 5.670821e-10, 4.642020e-10, 5.438184e+01, -3.395443e-01
3.171600e+09, 1.765424e-01, 9.397662e-01, -1.336980e+00, -3.045810e+00, 5.685283e-10, 4.642154e-10, 5.413735e+01, -3.407018e-01
3.175400e+09, 1.765877e-01, 9.397640e-01, -1.350554e+00, -3.056893e+00, 5.699928e-10, 4.642303e-10, 5.389225e+01, -3.417768e-01
3.179200e+09, 1.766187e-01, 9.397636e-01, -1.364163e+00, -3.067977e+00, 5.714757e-10, 4.642466e-10, 5.364664e+01, -3.427686e-01
3.183000e+09, 1.766356e-01, 9.397650e-01, -1.377808e+00, -3.079062e+00, 5.729775e-10, 4.642643e-10, 5.340063e+01, -3.436765e-01
3.186800e+09, 1.766384e-01, 9.397682e-01, -1.391489e+00, -3.090147e+00, 5.744986e-10, 4.642834e-10, 5.315431e+01, -3.444999e-01
3.190600e+09, 1.766270e-01, 9.397731e-01, -1.405205e+00, -3.101232e+00, 5.760392e-10, 4.643039e-10, 5.290777e+01, -3.452383e-01
3.194400e+09, 1.766015e-01, 9.397798e-01, -1.418959e+00, -3.112318e+00, 5.775999e-10, 4.643258e-10, 5.266111e+01, -3.458910e-01
3.198200e+09, 1.765620e-01, 9.397882e-01, -1.432750e+00, -3.123404e+00, 5.791810e-10, 4.643490e-10, 5.241442e+01, -3.464575e-01
3.202000e+09, 1.765085e-01, 9.397983e-01, -1.446578e+00, -3.134491e+00, 5.807828e-10, 4.643736e-10, 5.216779e+01, -3.469372e-01
3.205800e+09, 1.764410e-01, 9.398101e-01, -1.460445e+00, 3.137607e+00, 5.824057e-10, 4.643995e-10, 5.192132e+01, -3.473298e-01
3.209600e+09, 1.763596e-01, 9.398237e-01, -1.474351e+00, 3.126519e+00, 5.840503e-10, 4.644266e-10, 5.167509e+01, -3.476345e-01
3.213400e+09, 1.762644e-01, 9.398389e-01, -1.488296e+00, 3.115430e+00, 5.857169e-10, 4.644551e-10, 5.142919e+01, -3.478511e-01
3.217200e+09, 1.761553e-01, 9.398558e-01, -1.502280e+00, 3.104341e+00, 5.874059e-10, 4.644849e-10, 5.118371e+01, -3.479791e-01
3.221000e+09, 1.760324e-01, 9.398743e-01, -1.516305e+00, 3.093251e+00, 5.891177e-10, 4.645159e-10, 5.093874e+01, -3.480179e-01
3.224800e+09, 1.758958e-01, 9.398945e-01, -1.530371e+00, 3.082160e+00, 5.908529e-10, 4.645482e-10, 5.069436e+01, -3.479673e-01
3.228600e+09, 1.757455e-01, 9.399163e-01, -1.544478e+00, 3.071068e+00, 5.926118e-10, 4.645817e-10, 5.045065e+01, -3.478269e-01
3.232400e+09, 1.755817e-01, 9.399397e-01, -1.558628e+00, 3.059976e+00, 5.943950e-10, 4.646164e-10, 5.020770e+01, -3.475963e-01
3.236200e+09, 1.754042e-01, 9.399647e-01, -1.572819e+00, 3.048883e+00, 5.962029e-10, 4.646523e-10, 4.996559e+01, -3.472751e-01
3.240000e+09, 1.752134e-01, 9.399912e-01, -1.587054e+00, 3.037789e+00, 5.980359e-10, 4.646893e-10, 4.972439e+01, -3.468631e-01
3.243800e+09, 1.750090e-01, 9.400193e-01, -1.601333e+00, 3.026694e+00, 5.998947e-10, 4.647275e-10, 4.948420e+01, -3.463599e-01
3.247600e+09, 1.747914e-01, 9.400490e-01, -1.615656e+00, 3.015598e+00, 6.017796e-10, 4.647668e-10, 4.924509e+01, -3.457654e-01
3.251400e+09, 1.745605e-01, 9.400802e-01, -1.630024e+00, 3.004501e+00, 6.036912e-10, 4.648073e-10, 4.900713e+01, -3.450792e-01
3.255200e+09, 1.743163e-01, 9.401128e-01, -1.644438e+00, 2.993403e+00, 6.056300e-10, 4.648488e-10, 4.877040e+01, -3.443012e-01
3.259000e+09, 1.740591e-01, 9.401470e-01, -1.658898e+00, 2.982305e+00, 6.075966e-10, 4.648914e-10, 4.853498e+01, -3.434311e-01
3.262800e+09, 1.737888e-01, 9.401825e-01, -1.673405e+00, 2.971205e+00, 6.095915e-10, 4.649351e-10, 4.830094e+01, -3.424689e-01
3.266600e+09, 1.735055e-01, 9.402196e-01, -1.687960e+00, 2.960104e+00, 6.116153e-10, 4.649797e-10, 4.806835e+01, -3.414142e-01
3.270400e+09, 1.732094e-01, 9.402580e-01, -1.702563e+00, 2.949002e+00, 6.136685e-10, 4.650254e-10, 4.783729e+01, -3.402671e-01
3.274200e+09, 1.729005e-01, 9.402979e-01, -1.717215e+00, 2.937899e+00, 6.157518e-10, 4.650720e-10, 4.760783e+01, -3.390274e-01
3.278000e+09, 1.725789e-01, 9.403391e-01, -1.731917e+00, 2.926795e+00, 6.178657e-10, 4.651196e-10, 4.738003e+01, -3.376951e-01
3.281800e+09, 1.722447e-01, 9.403817e-01, -1.746669e+00, 2.915690e+00, 6.200108e-10, 4.651682e-10, 4.715397e+01, -3.362701e-01
3.285600e+09, 1.718980e-01, 9.404256e-01, -1.761472e+00, 2.904583e+00, 6.221877e-10, 4.652176e-10, 4.692972e+01, -3.347524e-01
3.289400e+09, 1.715389e-01, 9.404708e-01, -1.776328e+00, 2.893476e+00, 6.243971e-10, 4.652679e-10, 4.670734e+01, -3.331420e-01
3.293200e+09, 1.711675e-01, 9.405172e-01, -1.791236e+00, 2.882367e+00, 6.266397e-10, 4.653191e-10, 4.648690e+01, -3.314390e-01
3.297000e+09, 1.707839e-01, 9.405650e-01, -1.806198e+00, 2.871257e+00, 6.289160e-10, 4.653712e-10, 4.626846e+01, -3.296434e-01
3.300800e+09, 1.703882e-01, 9.406140e-01, -1.821214e+00, 2.860146e+00, 6.312268e-10, 4.654240e-10, 4.605209e+01, -3.277554e-01
3.304600e+09, 1.699806e-01, 9.406642e-01, -1.836285e+00, 2.849033e+00, 6.335728e-10, 4.654777e-10, 4.583786e+01, -3.257750e-01
3.308400e+09, 1.695612e-01, 9.407156e-01, -1.851412e+00, 2.837919e+00, 6.359545e-10, 4.655321e-10, 4.562582e+01, -3.237026e-01
3.312200e+09, 1.691300e-01, 9.407681e-01, -1.866596e+00, 2.826804e+00, 6.383728e-10, 4.655872e-10, 4.541604e+01, -3.215381e-01
3.316000e+09, 1.686872e-01, 9.408218e-01, -1.881838e+00, 2.815688e+00, 6.408284e-10, 4.656431e-10, 4.520857e+01, -3.192820e-01
3.319800e+09, 1.682329e-01, 9.408766e-01, -1.897139e+00, 2.804570e+00, 6.433220e-10, 4.656997e-10, 4.500349e+01, -3.169343e-01
3.323600e+09, 1.677673e-01, 9.409325e-01, -1.912499e+00, 2.793451e+00, 6.458543e-10, 4.657569e-10, 4.480085e+01, -3.144956e-01
3.327400e+09, 1.672905e-01, 9.409895e-01, -1.927919e+00, 2.782331e+00, 6.484262e-10, 4.658148e-10, 4.460070e+01, -3.119660e-01
3.331200e+09, 1.668026e-01, 9.410475e-01, -1.943401e+00, 2.771209e+00, 6.510383e-10, 4.658733e-10, 4.440311e+01, -3.093459e-01
3.335000e+09, 1.663038e-01, 9.411066e-01, -1.958945e+00, 2.760085e+00, 6.536915e-10, 4.659324e-10, 4.420813e+01, -3.066359e-01
3.338800e+09, 1.657942e-01, 9.411666e-01, -1.974553e+00, 2.748961e+00, 6.563866e-10, 4.659921e-10, 4.401582e+01, -3.038362e-01
3.342600e+09, 1.652740e-01, 9.412276e-01, -1.990225e+00, 2.737835e+00, 6.591244e-10, 4.660523e-10, 4.382623e+01, -3.009475e-01
3.346400e+09, 1.647433e-01, 9.412895e-01, -2.005962e+00, 2.726707e+00, 6.619057e-10, 4.661130e-10, 4.363943e+01, -2.979702e-01
3.350200e+09, 1.642022e-01, 9.413524e-01, -2.021766e+00, 2.715578e+00, 6.647314e-10, 4.661743e-10, 4.345546e+01, -2.949049e-01
3.354000e+09, 1.636510e-01, 9.414161e-01, -2.037637e+00, 2.704448e+00, 6.676022e-10, 4.662360e-10, 4.327437e+01, -2.917522e-01
3.357800e+09, 1.630897e-01, 9.414807e-01, -2.053577e+00, 2.693316e+00, 6.705192e-10, 4.662981e-10, 4.309623e+01, -2.885127e-01
3.361600e+09, 1.625187e-01, 9.415462e-01, -2.069586e+00, 2.682183e+00, 6.734830e-10, 4.663607e-10, 4.292108e+01, -2.851873e-01
3.365400e+09, 1.619379e-01, 9.416124e-01, -2.085667e+00, 2.671048e+00, 6.764947e-10, 4.664237e-10, 4.274898e+01, -2.817766e-01
3.369200e+09, 1.613477e-01, 9.416795e-01, -2.101819e+00, 2.659911e+00, 6.795550e-10, 4.664871e-10, 4.257997e+01, -2.782813e-01
3.373000e+09, 1.607482e-01, 9.417473e-01, -2.118044e+00, 2.648773e+00, 6.826649e-10, 4.665509e-10, 4.241410e+01, -2.747025e-01
3.376800e+09, 1.601395e-01, 9.418158e-01, -2.134343e+00, 2.637634e+00, 6.858254e-10, 4.666149e-10, 4.225143e+01, -2.710408e-01
3.380600e+09, 1.595219e-01, 9.418851e-01, -2.150718e+00, 2.626493e+00, 6.890373e-10, 4.666793e-10, 4.209199e+01, -2.672973e-01
3.384400e+09, 1.588955e-01, 9.419550e-01, -2.167169e+00, 2.615351e+00, 6.923014e-10, 4.667440e-10, 4.193585e+01, -2.634729e-01
3.388200e+09, 1.582605e-01, 9.420256e-01, -2.183699e+00, 2.604206e+00, 6.956189e-10, 4.668090e-10, 4.178305e+01, -2.595687e-01
3.392000e+09, 1.576173e-01, 9.420968e-01, -2.200308e+00, 2.593061e+00, 6.989905e-10, 4.668742e-10, 4.163363e+01, -2.555858e-01
3.395800e+09, 1.569658e-01, 9.421686e-01, -2.216997e+00, 2.581914e+00, 7.024173e-10, 4.669396e-10, 4.148763e+01, -2.515252e-01
3.399600e+09, 1.563064e-01, 9.422411e-01, -2.233768e+00, 2.570765e+00, 7.059001e-10, 4.670052e-10, 4.134511e+01, -2.473881e-01
3.403400e+09, 1.556393e-01, 9.423140e-01, -2.250622e+00, 2.559615e+00, 7.094398e-10, 4.670710e-10, 4.120611e+01, -2.431759e-01
3.407200e+09, 1.549647e-01, 9.423875e-01, -2.267561e+00, 2.548463e+00, 7.130375e-10, 4.671370e-10, 4.107066e+01, -2.388897e-01
3.411000e+09, 1.542828e-01, 9.424615e-01, -2.284585e+00, 2.537310e+00, 7.166940e-10, 4.672031e-10, 4.093882e+01, -2.345310e-01
3.414800e+09, 1.535938e-01, 9.425360e-01, -2.301697e+00, 2.526155e+00, 7.204103e-10, 4.672694e-10, 4.081063e+01, -2.301010e-01
3.418600e+09, 1.528979e-01, 9.426110e-01, -2.318898e+00, 2.514998e+00, 7.241872e-10, 4.673358e-10, 4.068611e+01, -2.256013e-01
3.422400e+09, 1.521955e-01, 9.426863e-01, -2.336188e+00, 2.503840e+00, 7.280257e-10, 4.674022e-10, 4.056533e+01, -2.210333e-01
3.426200e+09, 1.514867e-01, 9.427621e-01, -2.353571e+00, 2.492680e+00, 7.319266e-10, 4.674688e-10, 4.044830e+01, -2.163986e-01
3.430000e+09, 1.507718e-01, 9.428383e-01, -2.371046e+00, 2.481519e+00, 7.358908e-10, 4.675354e-10, 4.033508e+01, -2.116987e-01
3.433800e+09, 1.500511e-01, 9.429148e-01, -2.388617e+00, 2.470356e+00, 7.399192e-10, 4.676020e-10, 4.022571e+01, -2.069355e-01
3.437600e+09, 1.493247e-01, 9.429916e-01, -2.406283e+00, 2.459191e+00, 7.440126e-10, 4.676687e-10, 4.012020e+01, -2.021104e-01
3.441400e+09, 1.485930e-01, 9.430688e-01, -2.424047e+00, 2.448025e+00, 7.481718e-10, 4.677353e-10, 4.001861e+01, -1.972254e-01
3.445200e+09, 1.478562e-01, 9.431462e-01, -2.441910e+00, 2.436858e+00, 7.523976e-10, 4.678020e-10, 3.992097e+01, -1.922821e-01
3.449000e+09, 1.471146e-01, 9.432239e-01, -2.459875e+00, 2.425688e+00, 7.566907e-10, 4.678686e-10, 3.982730e+01, -1.872826e-01
3.452800e+09, 1.463684e-01, 9.433018e-01, -2.477942e+00, 2.414517e+00, 7.610519e-10, 4.679352e-10, 3.973765e+01, -1.822286e-01
3.456600e+09, 1.456180e-01, 9.433800e-01, -2.496113e+00, 2.403345e+00, 7.654817e-10, 4.680018e-10, 3.965205e+01, -1.771222e-01
3.460400e+09, 1.448636e-01, 9.434583e-01, -2.514389e+00, 2.392171e+00, 7.699809e-10, 4.680683e-10, 3.957052e+01, -1.719653e-01
3.464200e+09, 1.441056e-01, 9.435368e-01, -2.532773e+00, 2.380995e+00, 7.745499e-10, 4.681347e-10, 3.949310e+01, -1.667600e-01
3.468000e+09, 1.433441e-01, 9.436155e-01, -2.551267e+00, 2.369818e+00, 7.791893e-10, 4.682010e-10, 3.941981e+01, -1.615084e-01
3.471800e+09, 1.425795e-01, 9.436942e-01, -2.569871e+00, 2.358639e+00, 7.838996e-10, 4.682673e-10, 3.935069e+01, -1.562127e-01
3.475600e+09, 1.418122e-01, 9.437731e-01, -2.588587e+00, 2.347459e+00, 7.886810e-10, 4.683334e-10, 3.928576e+01, -1.508750e-01
3.479400e+09, 1.410423e-01, 9.438521e-01, -2.607418e+00, 2.336277e+00, 7.935340e-10, 4.683994e-10, 3.922504e+01, -1.454976e-01
3.483200e+09, 1.402704e-01, 9.439311e-01, -2.626364e+00, 2.325093e+00, 7.984587e-10, 4.684652e-10, 3.916856e+01, -1.400827e-01
3.487000e+09, 1.394965e-01, 9.440101e-01, -2.645428e+00, 2.313908e+00, 8.034553e-10, 4.685310e-10, 3.911635e+01, -1.346327e-01
3.490800e+09, 1.387212e-01, 9.440891e-01, -2.664612e+00, 2.302721e+00, 8.085238e-10, 4.685965e-10, 3.906842e+01, -1.291499e-01
3.494600e+09, 1.379447e-01, 9.441682e-01, -2.683916e+00, 2.291533e+00, 8.136641e-10, 4.686620e-10, 3.902480e+01, -1.236367e-01
3.498400e+09, 1.371673e-01, 9.442472e-01, -2.703343e+00, 2.280343e+00, 8.188761e-10, 4.687272e-10, 3.898551e+01, -1.180955e-01
3.502200e+09, 1.363894e-01, 9.443261e-01, -2.722895e+00, 2.269152e+00, 8.241595e-10, 4.687923e-10, 3.895056e+01, -1.125288e-01
3.506000e+09, 1.356114e-01, 9.444050e-01, -2.742573e+00, 2.257959e+00, 8.295138e-10, 4.688571e-10, 3.891998e+01, -1.069390e-01
3.509800e+09, 1.348336e-01, 9.444838e-01, -2.762378e+00, 2.246765e+00, 8.349384e-10, 4.689218e-10, 3.889377e+01, -1.013286e-01
3.513600e+09, 1.340563e-01, 9.445624e-01, -2.782313e+00, 2.235568e+00, 8.404327e-10, 4.689863e-10, 3.887196e+01, -9.570023e-02
3.517400e+09, 1.332800e-01, 9.446410e-01, -2.802379e+00, 2.224371e+00, 8.459957e-10, 4.690505e-10, 3.885456e+01, -9.005636e-02
3.521200e+09, 1.325049e-01, 9.447193e-01, -2.822579e+00, 2.213172e+00, 8.516265e-10, 4.691146e-10, 3.884159e+01, -8.439958e-02
3.525000e+09, 1.317315e-01, 9.447975e-01, -2.842912e+00, 2.201971e+00, 8.573238e-10, 4.691784e-10, 3.883304e+01, -7.873248e-02
3.528800e+09, 1.309601e-01, 9.448755e-01, -2.863382e+00, 2.190769e+00, 8.630862e-10, 4.692420e-10, 3.882895e+01, -7.305766e-02
3.532600e+09, 1.301912e-01, 9.449533e-01, -2.883989e+00, 2.179565e+00, 8.689120e-10, 4.693053e-10, 3.882930e+01, -6.737774e-02
3.536400e+09, 1.294250e-01, 9.450308e-01, -2.904735e+00, 2.168360e+00, 8.747995e-10, 4.693684e-10, 3.883411e+01, -6.169532e-02
3.540200e+09, 1.286621e-01, 9.451081e-01, -2.925622e+00, 2.157154e+00, 8.807466e-10, 4.694312e-10, 3.884339e+01, -5.601305e-02
3.544000e+09, 1.279027e-01, 9.451851e-01, -2.946651e+00, 2.145945e+00, 8.867510e-10, 4.694937e-10, 3.885715e+01, -5.033356e-02
3.547800e+09, 1.271474e-01, 9.452618e-01, -2.967823e+00, 2.134736e+00, 8.928102e-10, 4.695560e-10, 3.887537e+01, -4.465948e-02
3.551600e+09, 1.263964e-01, 9.453381e-01, -2.989140e+00, 2.123524e+00, 8.989214e-10, 4.696180e-10, 3.889808e+01, -3.899345e-02
3.555400e+09, 1.256503e-01, 9.454142e-01, -3.010602e+00, 2.112312e+00, 9.050815e-10, 4.696797e-10, 3.892527e+01, -3.333808e-02
3.559200e+09, 1.249094e-01, 9.454898e-01, -3.032212e+00, 2.101098e+00, 9.112873e-10, 4.697411e-10, 3.895693e+01, -2.769601e-02
3.563000e+09, 1.241741e-01, 9.455652e-01, -3.053970e+00, 2.089882e+00, 9.175350e-10, 4.698023e-10, 3.899308e+01, -2.206985e-02
3.566800e+09, 1.234450e-01, 9.456401e-01, -3.075877e+00, 2.078665e+00, 9.238208e-10, 4.698631e-10, 3.903369e+01, -1.646219e-02
3.570600e+09, 1.227223e-01, 9.457146e-01, -3.097935e+00, 2.067447e+00, 9.301405e-10, 4.699236e-10, 3.907878e+01, -1.087562e-02
3.574400e+09, 1.220065e-01, 9.457886e-01, -3.120143e+00, 2.056227e+00, 9.364894e-10, 4.699837e-10, 3.912834e+01, -5.312716e-03
3.578200e+09, 1.212981e-01, 9.458622e-01, 3.140683e+00, 2.045005e+00, 9.428627e-10, 4.700436e-10, 3.918236e+01, 2.239841e-04
3.582000e+09, 1.205974e-01, 9.459354e-01, 3.118171e+00, 2.033782e+00, 9.492552e-10, 4.701031e-10, 3.924083e+01, 5.731950e-03
3.585800e+09, 1.199050e-01, 9.460080e-01, 3.095507e+00, 2.022558e+00, 9.556614e-10, 4.701622e-10, 3.930374e+01, 1.120868e-02
3.589600e+09, 1.192212e-01, 9.460802e-01, 3.072689e+00, 2.011333e+00, 9.620753e-10, 4.702210e-10, 3.937108e+01, 1.665170e-02
3.593400e+09, 1.185465e-01, 9.461518e-01, 3.049718e+00, 2.000106e+00, 9.684907e-10, 4.702795e-10, 3.944285e+01, 2.205856e-02
3.597200e+09, 1.178813e-01, 9.462229e-01, 3.026595e+00, 1.988877e+00, 9.749011e-10, 4.703376e-10, 3.951902e+01, 2.742684e-02
3.601000e+09, 1.172261e-01, 9.462934e-01, 3.003318e+00, 1.977647e+00, 9.812994e-10, 4.703953e-10, 3.959959e+01, 3.275417e-02
3.604800e+09, 1.165813e-01, 9.463633e-01, 2.979888e+00, 1.966416e+00, 9.876784e-10, 4.704526e-10, 3.968454e+01, 3.803819e-02
3.608600e+09, 1.159473e-01, 9.464326e-01, 2.956306e+00, 1.955183e+00, 9.940304e-10, 4.705095e-10, 3.977386e+01, 4.327660e-02
3.612400e+09, 1.153246e-01, 9.465013e-01, 2.932573e+00, 1.943950e+00, 1.000348e-09, 4.705660e-10, 3.986752e+01, 4.846711e-02
3.616200e+09, 1.147136e-01, 9.465694e-01, 2.908688e+00, 1.932714e+00, 1.006621e-09, 4.706221e-10, 3.996550e+01, 5.360751e-02
3.620000e+09, 1.141148e-01, 9.466368e-01, 2.884654e+00, 1.921478e+00, 1.012844e-09, 4.706778e-10, 4.006779e+01, 5.869558e-02
3.623800e+09, 1.135285e-01, 9.467036e-01, 2.860471e+00, 1.910240e+00, 1.019005e-09, 4.707331e-10, 4.017437e+01, 6.372919e-02
3.627600e+09, 1.129552e-01, 9.467696e-01, 2.836142e+00, 1.899000e+00, 1.025096e-09, 4.707879e-10, 4.028522e+01, 6.870623e-02
3.631400e+09, 1.123953e-01, 9.468350e-01, 2.811666e+00, 1.887760e+00, 1.031108e-09, 4.708423e-10, 4.040030e+01, 7.362464e-02
3.635200e+09, 1.118493e-01, 9.468996e-01, 2.787047e+00, 1.876518e+00, 1.037031e-09, 4.708962e-10, 4.051960e+01, 7.848240e-02
3.639000e+09, 1.113175e-01, 9.469635e-01, 2.762287e+00, 1.865275e+00, 1.042855e-09, 4.709497e-10, 4.064310e+01, 8.327755e-02
3.642800e+09, 1.108003e-01, 9.470266e-01, 2.737388e+00, 1.854030e+00, 1.048569e-09, 4.710027e-10, 4.077075e+01, 8.800816e-02
3.646600e+09, 1.102982e-01, 9.470889e-01, 2.712352e+00, 1.842785e+00, 1.054164e-09, 4.710552e-10, 4.090255e+01, 9.267237e-02
3.650400e+09, 1.098116e-01, 9.471505e-01, 2.687183e+00, 1.831538e+00, 1.059629e-09, 4.711073e-10, 4.103845e+01, 9.726836e-02
3.654200e+09, 1.093407e-01, 9.472112e-01, 2.661883e+00, 1.820289e+00, 1.064954e-09, 4.711588e-10, 4.117843e+01, 1.017943e-01
3.658000e+09, 1.088860e-01, 9.472712e-01, 2.636456e+00, 1.809040e+00, 1.070128e-09, 4.712098e-10, 4.132246e+01, 1.062486e-01
3.661800e+09, 1.084479e-01, 9.473302e-01, 2.610906e+00, 1.797789e+00, 1.075140e-09, 4.712604e-10, 4.147051e+01, 1.106295e-01
3.665600e+09, 1.080266e-01, 9.473884e-01, 2.585235e+00, 1.786537e+00, 1.079980e-09, 4.713104e-10, 4.162254e+01, 1.149354e-01
3.669400e+09, 1.076226e-01, 9.474458e-01, 2.559450e+00, 1.775284e+00, 1.084638e-09, 4.713599e-10, 4.177853e+01, 1.191646e-01
3.673200e+09, 1.072362e-01, 9.475022e-01, 2.533553e+00, 1.764030e+00, 1.089103e-09, 4.714088e-10, 4.193842e+01, 1.233158e-01
3.677000e+09, 1.068676e-01, 9.475577e-01, 2.507549e+00, 1.752775e+00, 1.093366e-09, 4.714572e-10, 4.210220e+01, 1.273874e-01
3.680800e+09, 1.065171e-01, 9.476124e-01, 2.481444e+00, 1.741518e+00, 1.097416e-09, 4.715050e-10, 4.226982e+01, 1.313780e-01
3.684600e+09, 1.061851e-01, 9.476660e-01, 2.455242e+00, 1.730261e+00, 1.101244e-09, 4.715523e-10, 4.244125e+01, 1.352863e-01
3.688400e+09, 1.058718e-01, 9.477187e-01, 2.428948e+00, 1.719002e+00, 1.104840e-09, 4.715990e-10, 4.261644e+01, 1.391108e-01
3.692200e+09, 1.055775e-01, 9.477704e-01, 2.402569e+00, 1.707742e+00, 1.108197e-09, 4.716452e-10, 4.279536e+01, 1.428505e-01
3.696000e+09, 1.053023e-01, 9.478212e-01, 2.376110e+00, 1.696481e+00, 1.111305e-09, 4.716907e-10, 4.297796e+01, 1.465039e-01
3.699800e+09, 1.050466e-01, 9.478709e-01, 2.349576e+00, 1.685219e+00, 1.114158e-09, 4.717356e-10, 4.316421e+01, 1.500700e-01
3.703600e+09, 1.048104e-01, 9.479196e-01, 2.322974e+00, 1.673955e+00, 1.116746e-09, 4.717800e-10, 4.335407e+01, 1.535476e-01
3.707400e+09, 1.045941e-01, 9.479673e-01, 2.296311e+00, 1.662691e+00, 1.119065e-09, 4.718237e-10, 4.354748e+01, 1.569357e-01
3.711200e+09, 1.043976e-01, 9.480139e-01, 2.269592e+00, 1.651426e+00, 1.121108e-09, 4.718668e-10, 4.374440e+01, 1.602332e-01
3.715000e+09, 1.042212e-01, 9.480595e-01, 2.242824e+00, 1.640159e+00, 1.122869e-09, 4.719093e-10, 4.394480e+01, 1.634391e-01
3.718800e+09, 1.040650e-01, 9.481040e-01, 2.216014e+00, 1.628892e+00, 1.124345e-09, 4.719512e-10, 4.414861e+01, 1.665526e-01
3.722600e+09, 1.039291e-01, 9.481474e-01, 2.189169e+00, 1.617624e+00, 1.125531e-09, 4.719924e-10, 4.435580e+01, 1.695726e-01
3.726400e+09, 1.038135e-01, 9.481897e-01, 2.162296e+00, 1.606354e+00, 1.126423e-09, 4.720329e-10, 4.456632e+01, 1.724984e-01
3.730200e+09, 1.037183e-01, 9.482308e-01, 2.135402e+00, 1.595084e+00, 1.127021e-09, 4.720728e-10, 4.478011e+01, 1.753291e-01
3.734000e+09, 1.036435e-01, 9.482709e-01, 2.108493e+00, 1.583813e+00, 1.127322e-09, 4.721121e-10, 4.499712e+01, 1.780640e-01
3.737800e+09, 1.035892e-01, 9.483097e-01, 2.081577e+00, 1.572541e+00, 1.127326e-09, 4.721506e-10, 4.521731e+01, 1.807023e-01
3.741600e+09, 1.035552e-01, 9.483474e-01, 2.054661e+00, 1.561267e+00, 1.127033e-09, 4.721885e-10, 4.544062e+01, 1.832434e-01
3.745400e+09, 1.035417e-01, 9.483840e-01, 2.027751e+00, 1.549993e+00, 1.126443e-09, 4.722257e-10, 4.566700e+01, 1.856866e-01
3.749200e+09, 1.035485e-01, 9.484193e-01, 2.000856e+00, 1.538719e+00, 1.125560e-09, 4.722622e-10, 4.589638e+01, 1.880314e-01
3.753000e+09, 1.035756e-01, 9.484534e-01, 1.973982e+00, 1.527443e+00, 1.124385e-09, 4.722980e-10, 4.612872e+01, 1.902770e-01
3.756800e+09, 1.036228e-01, 9.484863e-01, 1.947136e+00, 1.516166e+00, 1.122923e-09, 4.723331e-10, 4.636396e+01, 1.924231e-01
3.760600e+09, 1.036900e-01, 9.485180e-01, 1.920325e+00, 1.504889e+00, 1.121176e-09, 4.723675e-10, 4.660203e+01, 1.944690e-01
3.764400e+09, 1.037771e-01, 9.485485e-01, 1.893556e+00, 1.493610e+00, 1.119151e-09, 4.724012e-10, 4.684288e+01, 1.964145e-01
3.768200e+09, 1.038840e-01, 9.485777e-01, 1.866835e+00, 1.482331e+00, 1.116853e-09, 4.724341e-10, 4.708645e+01, 1.982589e-01
3.772000e+09, 1.040104e-01, 9.486056e-01, 1.840169e+00, 1.471051e+00, 1.114288e-09, 4.724663e-10, 4.733267e+01, 2.000019e-01
3.775800e+09, 1.041561e-01, 9.486322e-01, 1.813564e+00, 1.459771e+00, 1.111464e-09, 4.724978e-10, 4.758148e+01, 2.016432e-01
3.779600e+09, 1.043210e-01, 9.486575e-01, 1.787027e+00, 1.448489e+00, 1.108387e-09, 4.725285e-10, 4.783282e+01, 2.031825e-01
3.783400e+09, 1.045047e-01, 9.486816e-01, 1.760563e+00, 1.437207e+00, 1.105067e-09, 4.725584e-10, 4.808661e+01, 2.046194e-01
3.787200e+09, 1.047071e-01, 9.487043e-01, 1.734178e+00, 1.425924e+00, 1.101511e-09, 4.725876e-10, 4.834280e+01, 2.059536e-01
3.791000e+09, 1.049279e-01, 9.487256e-01, 1.707878e+00, 1.414641e+00, 1.097729e-09, 4.726160e-10, 4.860130e+01, 2.071850e-01
3.794800e+09, 1.051667e-01, 9.487457e-01, 1.681669e+00, 1.403357e+00, 1.093730e-09, 4.726436e-10, 4.886205e+01, 2.083134e-01
3.798600e+09, 1.054233e-01, 9.487644e-01, 1.655555e+00, 1.392072e+00, 1.089525e-09, 4.726705e-10, 4.912498e+01, 2.093385e-01
3.802400e+09, 1.056974e-01, 9.487817e-01, 1.629541e+00, 1.380786e+00, 1.085122e-09, 4.726965e-10, 4.939002e+01, 2.102601e-01
3.806200e+09, 1.059886e-01, 9.487976e-01, 1.603633e+00, 1.369500e+00, 1.080533e-09, 4.727218e-10, 4.965708e+01, 2.110783e-01
3.810000e+09, 1.062966e-01, 9.488122e-01, 1.577834e+00, 1.358213e+00, 1.075767e-09, 4.727462e-10, 4.992609e+01, 2.117929e-01
3.813800e+09, 1.066211e-01, 9.488253e-01, 1.552149e+00, 1.346926e+00, 1.070836e-09, 4.727698e-10, 5.019697e+01, 2.124038e-01
3.817600e+09, 1.069616e-01, 9.488371e-01, 1.526581e+00, 1.335638e+00, 1.065750e-09, 4.727926e-10, 5.046964e+01, 2.129110e-01
3.821400e+09, 1.073179e-01, 9.488474e-01, 1.501135e+00, 1.324350e+00, 1.060520e-09, 4.728145e-10, 5.074401e+01, 2.133144e-01
3.825200e+09, 1.076894e-01, 9.488563e-01, 1.475814e+00, 1.313061e+00, 1.055157e-09, 4.728356e-10, 5.102001e+01, 2.136141e-01
3.829000e+09, 1.080759e-01, 9.488638e-01, 1.450621e+00, 1.301771e+00, 1.049670e-09, 4.728558e-10, 5.129755e+01, 2.138102e-01
3.832800e+09, 1.084769e-01, 9.488698e-01, 1.425559e+00, 1.290481e+00, 1.044072e-09, 4.728752e-10, 5.157654e+01, 2.139027e-01
3.836600e+09, 1.088921e-01, 9.488743e-01, 1.400631e+00, 1.279191e+00, 1.038371e-09, 4.728937e-10, 5.185689e+01, 2.138916e-01
3.840400e+09, 1.093209e-01, 9.488774e-01, 1.375838e+00, 1.267900e+00, 1.032579e-09, 4.729113e-10, 5.213850e+01, 2.137771e-01
3.844200e+09, 1.097631e-01, 9.488789e-01, 1.351184e+00, 1.256609e+00, 1.026706e-09, 4.729280e-10, 5.242129e+01, 2.135594e-01
3.848000e+09, 1.102181e-01, 9.488790e-01, 1.326671e+00, 1.245317e+00, 1.020760e-09, 4.729439e-10, 5.270516e+01, 2.132386e-01
3.851800e+09, 1.106856e-01, 9.488776e-01, 1.302299e+00, 1.234025e+00, 1.014752e-09, 4.729588e-10, 5.299001e+01, 2.128148e-01
3.855600e+09, 1.111651e-01, 9.488747e-01, 1.278071e+00, 1.222732e+00, 1.008692e-09, 4.729728e-10, 5.327575e+01, 2.122884e-01
3.859400e+09, 1.116562e-01, 9.488703e-01, 1.253987e+00, 1.211440e+00, 1.002587e-09, 4.729858e-10, 5.356226e+01, 2.116595e-01
3.863200e+09, 1.121585e-01, 9.488643e-01, 1.230049e+00, 1.200147e+00, 9.964472e-10, 4.729979e-10, 5.384945e+01, 2.109285e-01
3.867000e+09, 1.126715e-01, 9.488568e-01, 1.206258e+00, 1.188853e+00, 9.902804e-10, 4.730091e-10, 5.413721e+01, 2.100956e-01
3.870800e+09, 1.131947e-01, 9.488477e-01, 1.182614e+00, 1.177560e+00, 9.840946e-10, 4.730192e-10, 5.442544e+01, 2.091611e-01
3.874600e+09, 1.137279e-01, 9.488371e-01, 1.159117e+00, 1.166266e+00, 9.778976e-10, 4.730284e-10, 5.471402e+01, 2.081253e-01
3.878400e+09, 1.142705e-01, 9.488249e-01, 1.135769e+00, 1.154972e+00, 9.716967e-10, 4.730367e-10, 5.500284e+01, 2.069888e-01
3.882200e+09, 1.148221e-01, 9.488112e-01, 1.112569e+00, 1.143677e+00, 9.654989e-10, 4.730439e-10, 5.529179e+01, 2.057518e-01
3.886000e+09, 1.153823e-01, 9.487959e-01, 1.089516e+00, 1.132383e+00, 9.593109e-10, 4.730500e-10, 5.558075e+01, 2.044147e-01
3.889800e+09, 1.159506e-01, 9.487789e-01, 1.066612e+00, 1.121088e+00, 9.531388e-10, 4.730552e-10, 5.586960e+01, 2.029781e-01
3.893600e+09, 1.165266e-01, 9.487604e-01, 1.043855e+00, 1.109794e+00, 9.469888e-10, 4.730593e-10, 5.615822e+01, 2.014425e-01
3.897400e+09, 1.171099e-01, 9.487403e-01, 1.021244e+00, 1.098499e+00, 9.408662e-10, 4.730624e-10, 5.644650e+01, 1.998082e-01
3.901200e+09, 1.177001e-01, 9.487186e-01, 9.987799e-01, 1.087204e+00, 9.347765e-10, 4.730643e-10, 5.673430e+01, 1.980759e-01
3.905000e+09, 1.182968e-01, 9.486952e-01, 9.764611e-01, 1.075909e+00, 9.287245e-10, 4.730652e-10, 5.702149e+01, 1.962461e-01
3.908800e+09, 1.188995e-01, 9.486702e-01, 9.542868e-01, 1.064614e+00, 9.227148e-10, 4.730650e-10, 5.730796e+01, 1.943195e-01
3.912600e+09, 1.195079e-01, 9.486436e-01, 9.322559e-01, 1.053319e+00, 9.167517e-10, 4.730637e-10, 5.759357e+01, 1.922966e-01
3.916400e+09, 1.201215e-01, 9.486154e-01, 9.103675e-01, 1.042024e+00, 9.108392e-10, 4.730613e-10, 5.787818e+01, 1.901782e-01
3.920200e+09, 1.207399e-01, 9.485854e-01, 8.886202e-01, 1.030729e+00, 9.049809e-10, 4.730577e-10, 5.816166e+01, 1.879648e-01
3.924000e+09, 1.213628e-01, 9.485539e-01, 8.670128e-01, 1.019435e+00, 8.991802e-10, 4.730529e-10, 5.844388e+01, 1.856573e-01
3.927800e+09, 1.219898e-01, 9.485207e-01, 8.455438e-01, 1.008140e+00, 8.934402e-10, 4.730470e-10, 5.872469e+01, 1.832564e-01
3.931600e+09, 1.226204e-01, 9.484858e-01, 8.242120e-01, 9.968455e-01, 8.877638e-10, 4.730399e-10, 5.900395e+01, 1.807629e-01
3.935400e+09, 1.232543e-01, 9.484492e-01, 8.030156e-01, 9.855511e-01, 8.821535e-10, 4.730316e-10, 5.928154e+01, 1.781776e-01
3.939200e+09, 1.238911e-01, 9.484110e-01, 7.819532e-01, 9.742570e-01, 8.766117e-10, 4.730220e-10, 5.955729e+01, 1.755013e-01
3.943000e+09, 1.245305e-01, 9.483711e-01, 7.610232e-01, 9.629630e-01, 8.711404e-10, 4.730112e-10, 5.983106e+01, 1.727351e-01
3.946800e+09, 1.251721e-01, 9.483295e-01, 7.402237e-01, 9.516694e-01, 8.657417e-10, 4.729992e-10, 6.010271e+01, 1.698797e-01
3.950600e+09, 1.258154e-01, 9.482863e-01, 7.195532e-01, 9.403760e-01, 8.604171e-10, 4.729858e-10, 6.037210e+01, 1.669362e-01
3.954400e+09, 1.264603e-01, 9.482413e-01, 6.990098e-01, 9.290829e-01, 8.551680e-10, 4.729712e-10, 6.063906e+01, 1.639055e-01
3.958200e+09, 1.271063e-01, 9.481946e-01, 6.785917e-01, 9.177902e-01, 8.499959e-10, 4.729552e-10, 6.090346e+01, 1.607888e-01
3.962000e+09, 1.277530e-01, 9.481463e-01, 6.582971e-01, 9.064979e-01, 8.449018e-10, 4.729380e-10, 6.116513e+01, 1.575870e-01
3.965800e+09, 1.284003e-01, 9.480962e-01, 6.381242e-01, 8.952060e-01, 8.398866e-10, 4.729194e-10, 6.142393e+01, 1.543014e-01
3.969600e+09, 1.290476e-01, 9.480444e-01, 6.180709e-01, 8.839145e-01, 8.349512e-10, 4.728994e-10, 6.167971e+01, 1.509330e-01
3.973400e+09, 1.296947e-01, 9.479910e-01, 5.981356e-01, 8.726235e-01, 8.300962e-10, 4.728780e-10, 6.193230e+01, 1.474831e-01
3.977200e+09, 1.303413e-01, 9.479358e-01, 5.783161e-01, 8.613330e-01, 8.253220e-10, 4.728552e-10, 6.218157e+01, 1.439529e-01
3.981000e+09, 1.309870e-01, 9.478789e-01, 5.586106e-01, 8.500431e-01, 8.206291e-10, 4.728310e-10, 6.242734e+01, 1.403437e-01
3.984800e+09, 1.316316e-01, 9.478203e-01, 5.390172e-01, 8.387537e-01, 8.160176e-10, 4.728054e-10, 6.266947e+01, 1.366567e-01
3.988600e+09, 1.322748e-01, 9.477600e-01, 5.195339e-01, 8.274650e-01, 8.114878e-10, 4.727783e-10, 6.290781e+01, 1.328935e-01
3.992400e+09, 1.329162e-01, 9.476980e-01, 5.001587e-01, 8.161769e-01, 8.070397e-10, 4.727497e-10, 6.314219e+01, 1.290553e-01
3.996200e+09, 1.335556e-01, 9.476342e-01, 4.808897e-01, 8.048894e-01, 8.026732e-10, 4.727196e-10, 6.337247e+01, 1.251436e-01
4.000000e+09, 1.341926e-01, 9.475688e-01, 4.617250e-01, 7.936027e-01, 8.026732e-10, 4.727196e-10, 6.359849e+01, 1.211599e-01
