Frequency [Hz], |S00| [-], |S10| [-], Arg(S00) [-], Arg(S10) [-], Delay 0>0 [s], Delay 0>1 [s], |Z0| [Ohm] , Arg(Z0) [-]
2.000000e+08, 4.676788e-02, 9.627259e-01, 1.180316e+00, -9.738548e-01, 2.043296e-09, 8.043753e-10, 4.144716e+01, 8.646844e-02
2.038000e+08, 4.642016e-02, 9.630520e-01, 1.131531e+00, -9.930602e-01, 2.046174e-09, 8.046153e-10, 4.160822e+01, 8.400970e-02
2.076000e+08, 4.609784e-02, 9.633371e-01, 1.082676e+00, -1.012271e+00, 2.047917e-09, 8.047453e-10, 4.176469e+01, 8.142169e-02
2.114000e+08, 4.580164e-02, 9.635821e-01, 1.033780e+00, -1.031485e+00, 2.048420e-09, 8.047699e-10, 4.191641e+01, 7.871159e-02
2.152000e+08, 4.553219e-02, 9.637878e-01, 9.848713e-01, -1.050700e+00, 2.047590e-09, 8.046939e-10, 4.206321e+01, 7.588654e-02
2.190000e+08, 4.529003e-02, 9.639551e-01, 9.359828e-01, -1.069913e+00, 2.045345e-09, 8.045221e-10, 4.220494e+01, 7.295366e-02
2.228000e+08, 4.507562e-02, 9.640851e-01, 8.871479e-01, -1.089122e+00, 2.041616e-09, 8.042595e-10, 4.234148e+01, 6.992000e-02
2.266000e+08, 4.488935e-02, 9.641791e-01, 8.384021e-01, -1.108325e+00, 2.036348e-09, 8.039112e-10, 4.247269e+01, 6.679254e-02
2.304000e+08, 4.473148e-02, 9.642382e-01, 7.897821e-01, -1.127519e+00, 2.029502e-09, 8.034824e-10, 4.259848e+01, 6.357816e-02
2.342000e+08, 4.460219e-02, 9.642638e-01, 7.413255e-01, -1.146703e+00, 2.021055e-09, 8.029783e-10, 4.271877e+01, 6.028364e-02
2.380000e+08, 4.450159e-02, 9.642574e-01, 6.930705e-01, -1.165875e+00, 2.010999e-09, 8.024041e-10, 4.283347e+01, 5.691563e-02
2.418000e+08, 4.442964e-02, 9.642203e-01, 6.450557e-01, -1.185033e+00, 1.999343e-09, 8.017652e-10, 4.294254e+01, 5.348064e-02
2.456000e+08, 4.438627e-02, 9.641541e-01, 5.973192e-01, -1.204176e+00, 1.986114e-09, 8.010669e-10, 4.304594e+01, 4.998503e-02
2.494000e+08, 4.437127e-02, 9.640604e-01, 5.498985e-01, -1.223303e+00, 1.971352e-09, 8.003145e-10, 4.314363e+01, 4.643499e-02
2.532000e+08, 4.438437e-02, 9.639408e-01, 5.028303e-01, -1.242411e+00, 1.955112e-09, 7.995133e-10, 4.323560e+01, 4.283653e-02
2.570000e+08, 4.442521e-02, 9.637970e-01, 4.561499e-01, -1.261500e+00, 1.937464e-09, 7.986686e-10, 4.332185e+01, 3.919547e-02
2.608000e+08, 4.449336e-02, 9.636306e-01, 4.098908e-01, -1.280569e+00, 1.918488e-09, 7.977855e-10, 4.340239e+01, 3.551743e-02
2.646000e+08, 4.458832e-02, 9.634434e-01, 3.640848e-01, -1.299617e+00, 1.898276e-09, 7.968692e-10, 4.347725e+01, 3.180781e-02
2.684000e+08, 4.470952e-02, 9.632370e-01, 3.187613e-01, -1.318643e+00, 1.876928e-09, 7.959248e-10, 4.354645e+01, 2.807183e-02
2.722000e+08, 4.485633e-02, 9.630132e-01, 2.739476e-01, -1.337647e+00, 1.854550e-09, 7.949571e-10, 4.361005e+01, 2.431445e-02
2.760000e+08, 4.502807e-02, 9.627737e-01, 2.296682e-01, -1.356627e+00, 1.831253e-09, 7.939710e-10, 4.366810e+01, 2.054044e-02
2.798000e+08, 4.522403e-02, 9.625201e-01, 1.859450e-01, -1.375584e+00, 1.807151e-09, 7.929712e-10, 4.372066e+01, 1.675431e-02
2.836000e+08, 4.544346e-02, 9.622541e-01, 1.427972e-01, -1.394517e+00, 1.782361e-09, 7.919622e-10, 4.376780e+01, 1.296038e-02
2.874000e+08, 4.568557e-02, 9.619775e-01, 1.002414e-01, -1.413426e+00, 1.756999e-09, 7.909485e-10, 4.380959e+01, 9.162707e-03
2.912000e+08, 4.594956e-02, 9.616918e-01, 5.829111e-02, -1.432311e+00, 1.731177e-09, 7.899342e-10, 4.384612e+01, 5.365145e-03
2.950000e+08, 4.623461e-02, 9.613986e-01, 1.695736e-02, -1.451172e+00, 1.705007e-09, 7.889234e-10, 4.387748e+01, 1.571316e-03
2.988000e+08, 4.653989e-02, 9.610995e-01, -2.375157e-02, -1.470008e+00, 1.678596e-09, 7.879201e-10, 4.390377e+01, -2.215377e-03
3.026000e+08, 4.686457e-02, 9.607961e-01, -6.382990e-02, -1.488821e+00, 1.652046e-09, 7.869279e-10, 4.392507e+01, -5.991748e-03
3.064000e+08, 4.720781e-02, 9.604897e-01, -1.032743e-01, -1.507609e+00, 1.625454e-09, 7.859502e-10, 4.394149e+01, -9.754817e-03
3.102000e+08, 4.756880e-02, 9.601818e-01, -1.420838e-01, -1.526375e+00, 1.598910e-09, 7.849906e-10, 4.395313e+01, -1.350181e-02
3.140000e+08, 4.794670e-02, 9.598738e-01, -1.802596e-01, -1.545117e+00, 1.572498e-09, 7.840519e-10, 4.396009e+01, -1.723015e-02
3.178000e+08, 4.834073e-02, 9.595670e-01, -2.178047e-01, -1.563837e+00, 1.546296e-09, 7.831373e-10, 4.396248e+01, -2.093746e-02
3.216000e+08, 4.875009e-02, 9.592626e-01, -2.547242e-01, -1.582536e+00, 1.520373e-09, 7.822493e-10, 4.396041e+01, -2.462151e-02
3.254000e+08, 4.917402e-02, 9.589619e-01, -2.910248e-01, -1.601213e+00, 1.494794e-09, 7.813904e-10, 4.395397e+01, -2.828027e-02
3.292000e+08, 4.961176e-02, 9.586660e-01, -3.267147e-01, -1.619869e+00, 1.469617e-09, 7.805631e-10, 4.394327e+01, -3.191186e-02
3.330000e+08, 5.006258e-02, 9.583758e-01, -3.618034e-01, -1.638506e+00, 1.444891e-09, 7.797693e-10, 4.392842e+01, -3.551456e-02
3.368000e+08, 5.052579e-02, 9.580925e-01, -3.963018e-01, -1.657124e+00, 1.420662e-09, 7.790110e-10, 4.390951e+01, -3.908677e-02
3.406000e+08, 5.100070e-02, 9.578170e-01, -4.302216e-01, -1.675724e+00, 1.396968e-09, 7.782898e-10, 4.388665e+01, -4.262705e-02
3.444000e+08, 5.148664e-02, 9.575501e-01, -4.635758e-01, -1.694306e+00, 1.373843e-09, 7.776073e-10, 4.385993e+01, -4.613406e-02
3.482000e+08, 5.198299e-02, 9.572926e-01, -4.963778e-01, -1.712873e+00, 1.351316e-09, 7.769648e-10, 4.382944e+01, -4.960657e-02
3.520000e+08, 5.248914e-02, 9.570453e-01, -5.286420e-01, -1.731423e+00, 1.329410e-09, 7.763632e-10, 4.379527e+01, -5.304344e-02
3.558000e+08, 5.300449e-02, 9.568087e-01, -5.603831e-01, -1.749960e+00, 1.308144e-09, 7.758036e-10, 4.375752e+01, -5.644364e-02
3.596000e+08, 5.352847e-02, 9.565835e-01, -5.916165e-01, -1.768483e+00, 1.287533e-09, 7.752867e-10, 4.371626e+01, -5.980619e-02
3.634000e+08, 5.406054e-02, 9.563703e-01, -6.223578e-01, -1.786994e+00, 1.267590e-09, 7.748129e-10, 4.367158e+01, -6.313019e-02
3.672000e+08, 5.460016e-02, 9.561693e-01, -6.526229e-01, -1.805493e+00, 1.248321e-09, 7.743826e-10, 4.362356e+01, -6.641479e-02
3.710000e+08, 5.514682e-02, 9.559811e-01, -6.824279e-01, -1.823983e+00, 1.229732e-09, 7.739960e-10, 4.357226e+01, -6.965918e-02
3.748000e+08, 5.570003e-02, 9.558058e-01, -7.117891e-01, -1.842463e+00, 1.211826e-09, 7.736531e-10, 4.351776e+01, -7.286259e-02
3.786000e+08, 5.625931e-02, 9.556439e-01, -7.407228e-01, -1.860935e+00, 1.194603e-09, 7.733537e-10, 4.346013e+01, -7.602426e-02
3.824000e+08, 5.682418e-02, 9.554953e-01, -7.692453e-01, -1.879399e+00, 1.178060e-09, 7.730975e-10, 4.339942e+01, -7.914346e-02
3.862000e+08, 5.739420e-02, 9.553604e-01, -7.973728e-01, -1.897858e+00, 1.162193e-09, 7.728839e-10, 4.333571e+01, -8.221944e-02
3.900000e+08, 5.796891e-02, 9.552390e-01, -8.251214e-01, -1.916311e+00, 1.146996e-09, 7.727123e-10, 4.326904e+01, -8.525147e-02
3.938000e+08, 5.854789e-02, 9.551312e-01, -8.525072e-01, -1.934761e+00, 1.132463e-09, 7.725819e-10, 4.319947e+01, -8.823878e-02
3.976000e+08, 5.913069e-02, 9.550370e-01, -8.795460e-01, -1.953207e+00, 1.118584e-09, 7.724918e-10, 4.312705e+01, -9.118059e-02
4.014000e+08, 5.971690e-02, 9.549562e-01, -9.062534e-01, -1.971651e+00, 1.105349e-09, 7.724409e-10, 4.305183e+01, -9.407610e-02
4.052000e+08, 6.030609e-02, 9.548886e-01, -9.326449e-01, -1.990094e+00, 1.092747e-09, 7.724279e-10, 4.297385e+01, -9.692445e-02
4.090000e+08, 6.089785e-02, 9.548340e-01, -9.587354e-01, -2.008536e+00, 1.080767e-09, 7.724516e-10, 4.289317e+01, -9.972475e-02
4.128000e+08, 6.149175e-02, 9.547921e-01, -9.845399e-01, -2.026980e+00, 1.069395e-09, 7.725105e-10, 4.280982e+01, -1.024760e-01
4.166000e+08, 6.208738e-02, 9.547626e-01, -1.010073e+00, -2.045424e+00, 1.058619e-09, 7.726031e-10, 4.272384e+01, -1.051773e-01
4.204000e+08, 6.268433e-02, 9.547451e-01, -1.035349e+00, -2.063871e+00, 1.048425e-09, 7.727277e-10, 4.263527e+01, -1.078276e-01
4.242000e+08, 6.328216e-02, 9.547393e-01, -1.060381e+00, -2.082321e+00, 1.038797e-09, 7.728826e-10, 4.254416e+01, -1.104256e-01
4.280000e+08, 6.388045e-02, 9.547446e-01, -1.085183e+00, -2.100774e+00, 1.029722e-09, 7.730660e-10, 4.245054e+01, -1.129703e-01
4.318000e+08, 6.447878e-02, 9.547606e-01, -1.109769e+00, -2.119232e+00, 1.021184e-09, 7.732760e-10, 4.235444e+01, -1.154602e-01
4.356000e+08, 6.507671e-02, 9.547867e-01, -1.134151e+00, -2.137695e+00, 1.013168e-09, 7.735106e-10, 4.225592e+01, -1.178942e-01
4.394000e+08, 6.567379e-02, 9.548225e-01, -1.158341e+00, -2.156163e+00, 1.005658e-09, 7.737679e-10, 4.215500e+01, -1.202707e-01
4.432000e+08, 6.626958e-02, 9.548673e-01, -1.182353e+00, -2.174638e+00, 9.986382e-10, 7.740457e-10, 4.205174e+01, -1.225882e-01
4.470000e+08, 6.686362e-02, 9.549206e-01, -1.206196e+00, -2.193119e+00, 9.920936e-10, 7.743421e-10, 4.194616e+01, -1.248452e-01
4.508000e+08, 6.745545e-02, 9.549816e-01, -1.229884e+00, -2.211607e+00, 9.860080e-10, 7.746548e-10, 4.183831e+01, -1.270401e-01
4.546000e+08, 6.804460e-02, 9.550499e-01, -1.253426e+00, -2.230103e+00, 9.803657e-10, 7.749818e-10, 4.172825e+01, -1.291710e-01
4.584000e+08, 6.863058e-02, 9.551247e-01, -1.276833e+00, -2.248606e+00, 9.751508e-10, 7.753210e-10, 4.161601e+01, -1.312361e-01
4.622000e+08, 6.921292e-02, 9.552054e-01, -1.300116e+00, -2.267118e+00, 9.703479e-10, 7.756701e-10, 4.150164e+01, -1.332337e-01
4.660000e+08, 6.979110e-02, 9.552913e-01, -1.323284e+00, -2.285638e+00, 9.659415e-10, 7.760270e-10, 4.138521e+01, -1.351617e-01
4.698000e+08, 7.036464e-02, 9.553818e-01, -1.346347e+00, -2.304166e+00, 9.619163e-10, 7.763897e-10, 4.126676e+01, -1.370181e-01
4.736000e+08, 7.093301e-02, 9.554762e-01, -1.369314e+00, -2.322704e+00, 9.582572e-10, 7.767561e-10, 4.114636e+01, -1.388008e-01
4.774000e+08, 7.149569e-02, 9.555738e-01, -1.392193e+00, -2.341250e+00, 9.549494e-10, 7.771240e-10, 4.102406e+01, -1.405078e-01
4.812000e+08, 7.205215e-02, 9.556740e-01, -1.414993e+00, -2.359804e+00, 9.519785e-10, 7.774916e-10, 4.089995e+01, -1.421367e-01
4.850000e+08, 7.260186e-02, 9.557761e-01, -1.437723e+00, -2.378368e+00, 9.493301e-10, 7.778568e-10, 4.077408e+01, -1.436855e-01
4.888000e+08, 7.314427e-02, 9.558795e-01, -1.460389e+00, -2.396940e+00, 9.469905e-10, 7.782177e-10, 4.064653e+01, -1.451519e-01
4.926000e+08, 7.367884e-02, 9.559835e-01, -1.483000e+00, -2.415521e+00, 9.449460e-10, 7.785727e-10, 4.051739e+01, -1.465334e-01
4.964000e+08, 7.420501e-02, 9.560876e-01, -1.505561e+00, -2.434110e+00, 9.431836e-10, 7.789197e-10, 4.038674e+01, -1.478280e-01
5.002000e+08, 7.472221e-02, 9.561911e-01, -1.528081e+00, -2.452708e+00, 9.416906e-10, 7.792573e-10, 4.025466e+01, -1.490332e-01
5.040000e+08, 7.522989e-02, 9.562935e-01, -1.550565e+00, -2.471313e+00, 9.404544e-10, 7.795839e-10, 4.012125e+01, -1.501466e-01
5.078000e+08, 7.572747e-02, 9.563943e-01, -1.573019e+00, -2.489927e+00, 9.394634e-10, 7.798978e-10, 3.998661e+01, -1.511661e-01
5.116000e+08, 7.621439e-02, 9.564930e-01, -1.595450e+00, -2.508548e+00, 9.387060e-10, 7.801979e-10, 3.985084e+01, -1.520892e-01
5.154000e+08, 7.669007e-02, 9.565890e-01, -1.617863e+00, -2.527176e+00, 9.381713e-10, 7.804826e-10, 3.971406e+01, -1.529136e-01
5.192000e+08, 7.715394e-02, 9.566819e-01, -1.640262e+00, -2.545810e+00, 9.378488e-10, 7.807510e-10, 3.957636e+01, -1.536372e-01
5.230000e+08, 7.760543e-02, 9.567712e-01, -1.662655e+00, -2.564452e+00, 9.377284e-10, 7.810018e-10, 3.943786e+01, -1.542577e-01
5.268000e+08, 7.804395e-02, 9.568567e-01, -1.685044e+00, -2.583099e+00, 9.378006e-10, 7.812342e-10, 3.929870e+01, -1.547728e-01
5.306000e+08, 7.846895e-02, 9.569379e-01, -1.707435e+00, -2.601752e+00, 9.380564e-10, 7.814472e-10, 3.915899e+01, -1.551806e-01
5.344000e+08, 7.887985e-02, 9.570145e-01, -1.729832e+00, -2.620410e+00, 9.384872e-10, 7.816402e-10, 3.901886e+01, -1.554790e-01
5.382000e+08, 7.927608e-02, 9.570863e-01, -1.752240e+00, -2.639072e+00, 9.390850e-10, 7.818125e-10, 3.887844e+01, -1.556660e-01
5.420000e+08, 7.965710e-02, 9.571530e-01, -1.774661e+00, -2.657739e+00, 9.398423e-10, 7.819637e-10, 3.873787e+01, -1.557398e-01
5.458000e+08, 8.002233e-02, 9.572143e-01, -1.797101e+00, -2.676409e+00, 9.407520e-10, 7.820933e-10, 3.859730e+01, -1.556986e-01
5.496000e+08, 8.037123e-02, 9.572702e-01, -1.819562e+00, -2.695083e+00, 9.418077e-10, 7.822013e-10, 3.845686e+01, -1.555406e-01
5.534000e+08, 8.070327e-02, 9.573205e-01, -1.842049e+00, -2.713758e+00, 9.430034e-10, 7.822873e-10, 3.831670e+01, -1.552645e-01
5.572000e+08, 8.101790e-02, 9.573651e-01, -1.864564e+00, -2.732436e+00, 9.443336e-10, 7.823514e-10, 3.817697e+01, -1.548687e-01
5.610000e+08, 8.131461e-02, 9.574039e-01, -1.887111e+00, -2.751116e+00, 9.457932e-10, 7.823938e-10, 3.803782e+01, -1.543521e-01
5.648000e+08, 8.159288e-02, 9.574370e-01, -1.909693e+00, -2.769796e+00, 9.473778e-10, 7.824147e-10, 3.789940e+01, -1.537134e-01
5.686000e+08, 8.185220e-02, 9.574644e-01, -1.932313e+00, -2.788477e+00, 9.490834e-10, 7.824144e-10, 3.776188e+01, -1.529516e-01
5.724000e+08, 8.209209e-02, 9.574862e-01, -1.954973e+00, -2.807158e+00, 9.509066e-10, 7.823934e-10, 3.762540e+01, -1.520660e-01
5.762000e+08, 8.231207e-02, 9.575024e-01, -1.977677e+00, -2.825839e+00, 9.528443e-10, 7.823522e-10, 3.749014e+01, -1.510559e-01
5.800000e+08, 8.251166e-02, 9.575132e-01, -2.000428e+00, -2.844519e+00, 9.548940e-10, 7.822917e-10, 3.735623e+01, -1.499209e-01
5.838000e+08, 8.269043e-02, 9.575188e-01, -2.023227e+00, -2.863197e+00, 9.570537e-10, 7.822125e-10, 3.722386e+01, -1.486606e-01
5.876000e+08, 8.284792e-02, 9.575193e-01, -2.046077e+00, -2.881873e+00, 9.593220e-10, 7.821156e-10, 3.709318e+01, -1.472749e-01
5.914000e+08, 8.298373e-02, 9.575150e-01, -2.068982e+00, -2.900547e+00, 9.616977e-10, 7.820020e-10, 3.696434e+01, -1.457640e-01
5.952000e+08, 8.309744e-02, 9.575063e-01, -2.091944e+00, -2.919218e+00, 9.641804e-10, 7.818726e-10, 3.683752e+01, -1.441281e-01
5.990000e+08, 8.318867e-02, 9.574933e-01, -2.114965e+00, -2.937886e+00, 9.667700e-10, 7.817288e-10, 3.671286e+01, -1.423677e-01
6.028000e+08, 8.325704e-02, 9.574764e-01, -2.138047e+00, -2.956551e+00, 9.694669e-10, 7.815717e-10, 3.659054e+01, -1.404836e-01
6.066000e+08, 8.330221e-02, 9.574559e-01, -2.161195e+00, -2.975211e+00, 9.722721e-10, 7.814026e-10, 3.647071e+01, -1.384766e-01
6.104000e+08, 8.332384e-02, 9.574323e-01, -2.184409e+00, -2.993868e+00, 9.751871e-10, 7.812230e-10, 3.635353e+01, -1.363480e-01
6.142000e+08, 8.332162e-02, 9.574058e-01, -2.207692e+00, -3.012521e+00, 9.782137e-10, 7.810342e-10, 3.623915e+01, -1.340991e-01
6.180000e+08, 8.329525e-02, 9.573770e-01, -2.231048e+00, -3.031169e+00, 9.813545e-10, 7.808378e-10, 3.612772e+01, -1.317314e-01
6.218000e+08, 8.324446e-02, 9.573461e-01, -2.254479e+00, -3.049812e+00, 9.846124e-10, 7.806352e-10, 3.601941e+01, -1.292470e-01
6.256000e+08, 8.316899e-02, 9.573137e-01, -2.277988e+00, -3.068451e+00, 9.879910e-10, 7.804281e-10, 3.591435e+01, -1.266476e-01
6.294000e+08, 8.306862e-02, 9.572802e-01, -2.301577e+00, -3.087084e+00, 9.914944e-10, 7.802180e-10, 3.581269e+01, -1.239358e-01
6.332000e+08, 8.294313e-02, 9.572460e-01, -2.325250e+00, -3.105713e+00, 9.951271e-10, 7.800064e-10, 3.571459e+01, -1.211139e-01
6.370000e+08, 8.279234e-02, 9.572116e-01, -2.349010e+00, -3.124336e+00, 9.988944e-10, 7.797951e-10, 3.562016e+01, -1.181848e-01
6.408000e+08, 8.261608e-02, 9.571774e-01, -2.372860e+00, 3.140230e+00, 1.002802e-09, 7.795855e-10, 3.552957e+01, -1.151513e-01
6.446000e+08, 8.241422e-02, 9.571438e-01, -2.396803e+00, 3.121617e+00, 1.006857e-09, 7.793793e-10, 3.544293e+01, -1.120167e-01
6.484000e+08, 8.218663e-02, 9.571113e-01, -2.420843e+00, 3.103008e+00, 1.011066e-09, 7.791780e-10, 3.536037e+01, -1.087844e-01
6.522000e+08, 8.193322e-02, 9.570804e-01, -2.444983e+00, 3.084405e+00, 1.015436e-09, 7.789831e-10, 3.528202e+01, -1.054580e-01
6.560000e+08, 8.165392e-02, 9.570514e-01, -2.469227e+00, 3.065806e+00, 1.019977e-09, 7.787962e-10, 3.520801e+01, -1.020414e-01
6.598000e+08, 8.134868e-02, 9.570247e-01, -2.493581e+00, 3.047211e+00, 1.024698e-09, 7.786185e-10, 3.513843e+01, -9.853860e-02
6.636000e+08, 8.101750e-02, 9.570008e-01, -2.518046e+00, 3.028621e+00, 1.029608e-09, 7.784515e-10, 3.507342e+01, -9.495384e-02
6.674000e+08, 8.066037e-02, 9.569799e-01, -2.542629e+00, 3.010034e+00, 1.034719e-09, 7.782964e-10, 3.501306e+01, -9.129160e-02
6.712000e+08, 8.027732e-02, 9.569625e-01, -2.567334e+00, 2.991452e+00, 1.040042e-09, 7.781544e-10, 3.495746e+01, -8.755650e-02
6.750000e+08, 7.986842e-02, 9.569489e-01, -2.592167e+00, 2.972872e+00, 1.045590e-09, 7.780266e-10, 3.490672e+01, -8.375336e-02
6.788000e+08, 7.943374e-02, 9.569393e-01, -2.617131e+00, 2.954296e+00, 1.051378e-09, 7.779141e-10, 3.486093e+01, -7.988716e-02
6.826000e+08, 7.897340e-02, 9.569341e-01, -2.642234e+00, 2.935722e+00, 1.057419e-09, 7.778177e-10, 3.482017e+01, -7.596304e-02
6.864000e+08, 7.848754e-02, 9.569334e-01, -2.667481e+00, 2.917151e+00, 1.063730e-09, 7.777381e-10, 3.478451e+01, -7.198632e-02
6.902000e+08, 7.797633e-02, 9.569375e-01, -2.692879e+00, 2.898582e+00, 1.070327e-09, 7.776761e-10, 3.475403e+01, -6.796241e-02
6.940000e+08, 7.743995e-02, 9.569466e-01, -2.718434e+00, 2.880014e+00, 1.077230e-09, 7.776323e-10, 3.472880e+01, -6.389688e-02
6.978000e+08, 7.687864e-02, 9.569608e-01, -2.744154e+00, 2.861447e+00, 1.084458e-09, 7.776069e-10, 3.470887e+01, -5.979542e-02
7.016000e+08, 7.629264e-02, 9.569802e-01, -2.770047e+00, 2.842881e+00, 1.092032e-09, 7.776004e-10, 3.469430e+01, -5.566382e-02
7.054000e+08, 7.568223e-02, 9.570048e-01, -2.796120e+00, 2.824315e+00, 1.099976e-09, 7.776128e-10, 3.468514e+01, -5.150794e-02
7.092000e+08, 7.504773e-02, 9.570348e-01, -2.822383e+00, 2.805748e+00, 1.108313e-09, 7.776443e-10, 3.468142e+01, -4.733376e-02
7.130000e+08, 7.438948e-02, 9.570701e-01, -2.848846e+00, 2.787181e+00, 1.117072e-09, 7.776947e-10, 3.468319e+01, -4.314729e-02
7.168000e+08, 7.370786e-02, 9.571107e-01, -2.875517e+00, 2.768613e+00, 1.126279e-09, 7.777638e-10, 3.469046e+01, -3.895460e-02
7.206000e+08, 7.300326e-02, 9.571565e-01, -2.902408e+00, 2.750043e+00, 1.135965e-09, 7.778512e-10, 3.470327e+01, -3.476182e-02
7.244000e+08, 7.227613e-02, 9.572074e-01, -2.929530e+00, 2.731471e+00, 1.146164e-09, 7.779565e-10, 3.472162e+01, -3.057508e-02
7.282000e+08, 7.152694e-02, 9.572633e-01, -2.956896e+00, 2.712896e+00, 1.156910e-09, 7.780792e-10, 3.474552e+01, -2.640053e-02
7.320000e+08, 7.075621e-02, 9.573241e-01, -2.984519e+00, 2.694319e+00, 1.168241e-09, 7.782185e-10, 3.477498e+01, -2.224432e-02
7.358000e+08, 6.996446e-02, 9.573895e-01, -3.012412e+00, 2.675738e+00, 1.180198e-09, 7.783737e-10, 3.480999e+01, -1.811259e-02
7.396000e+08, 6.915229e-02, 9.574593e-01, -3.040590e+00, 2.657154e+00, 1.192825e-09, 7.785438e-10, 3.485054e+01, -1.401143e-02
7.434000e+08, 6.832032e-02, 9.575333e-01, -3.069070e+00, 2.638565e+00, 1.206168e-09, 7.787280e-10, 3.489662e+01, -9.946906e-03
7.472000e+08, 6.746920e-02, 9.576112e-01, -3.097869e+00, 2.619972e+00, 1.220278e-09, 7.789251e-10, 3.494818e+01, -5.925024e-03
7.510000e+08, 6.659964e-02, 9.576927e-01, -3.127004e+00, 2.601374e+00, 1.235208e-09, 7.791341e-10, 3.500522e+01, -1.951722e-03
7.548000e+08, 6.571238e-02, 9.577775e-01, 3.126689e+00, 2.582772e+00, 1.251017e-09, 7.793538e-10, 3.506768e+01, 1.967142e-03
7.586000e+08, 6.480823e-02, 9.578652e-01, 3.096819e+00, 2.564164e+00, 1.267765e-09, 7.795830e-10, 3.513552e+01, 5.825803e-03
7.624000e+08, 6.388801e-02, 9.579555e-01, 3.066550e+00, 2.545550e+00, 1.285521e-09, 7.798205e-10, 3.520870e+01, 9.618595e-03
7.662000e+08, 6.295264e-02, 9.580481e-01, 3.035857e+00, 2.526931e+00, 1.304353e-09, 7.800649e-10, 3.528715e+01, 1.333997e-02
7.700000e+08, 6.200305e-02, 9.581425e-01, 3.004714e+00, 2.508306e+00, 1.324338e-09, 7.803151e-10, 3.537082e+01, 1.698449e-02
7.738000e+08, 6.104026e-02, 9.582384e-01, 2.973094e+00, 2.489675e+00, 1.345556e-09, 7.805696e-10, 3.545963e+01, 2.054687e-02
7.776000e+08, 6.006533e-02, 9.583354e-01, 2.940967e+00, 2.471038e+00, 1.368092e-09, 7.808271e-10, 3.555352e+01, 2.402195e-02
7.814000e+08, 5.907941e-02, 9.584331e-01, 2.908303e+00, 2.452395e+00, 1.392036e-09, 7.810865e-10, 3.565239e+01, 2.740472e-02
7.852000e+08, 5.808370e-02, 9.585311e-01, 2.875066e+00, 2.433746e+00, 1.417483e-09, 7.813464e-10, 3.575616e+01, 3.069034e-02
7.890000e+08, 5.707949e-02, 9.586290e-01, 2.841222e+00, 2.415091e+00, 1.444533e-09, 7.816056e-10, 3.586474e+01, 3.387411e-02
7.928000e+08, 5.606815e-02, 9.587264e-01, 2.806733e+00, 2.396429e+00, 1.473290e-09, 7.818628e-10, 3.597804e+01, 3.695153e-02
7.966000e+08, 5.505112e-02, 9.588230e-01, 2.771556e+00, 2.377761e+00, 1.503861e-09, 7.821170e-10, 3.609593e+01, 3.991824e-02
8.004000e+08, 5.402996e-02, 9.589184e-01, 2.735650e+00, 2.359087e+00, 1.536357e-09, 7.823669e-10, 3.621833e+01, 4.277010e-02
8.042000e+08, 5.300633e-02, 9.590122e-01, 2.698968e+00, 2.340407e+00, 1.570889e-09, 7.826116e-10, 3.634510e+01, 4.550311e-02
8.080000e+08, 5.198199e-02, 9.591040e-01, 2.661461e+00, 2.321721e+00, 1.607569e-09, 7.828500e-10, 3.647613e+01, 4.811350e-02
8.118000e+08, 5.095882e-02, 9.591936e-01, 2.623078e+00, 2.303030e+00, 1.646505e-09, 7.830812e-10, 3.661130e+01, 5.059767e-02
8.156000e+08, 4.993883e-02, 9.592805e-01, 2.583766e+00, 2.284333e+00, 1.687800e-09, 7.833043e-10, 3.675047e+01, 5.295221e-02
8.194000e+08, 4.892417e-02, 9.593645e-01, 2.543468e+00, 2.265631e+00, 1.731547e-09, 7.835186e-10, 3.689351e+01, 5.517391e-02
8.232000e+08, 4.791713e-02, 9.594454e-01, 2.502126e+00, 2.246924e+00, 1.777826e-09, 7.837232e-10, 3.704027e+01, 5.725976e-02
8.270000e+08, 4.692017e-02, 9.595227e-01, 2.459678e+00, 2.228211e+00, 1.826694e-09, 7.839176e-10, 3.719062e+01, 5.920696e-02
8.308000e+08, 4.593590e-02, 9.595963e-01, 2.416064e+00, 2.209494e+00, 1.878184e-09, 7.841011e-10, 3.734439e+01, 6.101289e-02
8.346000e+08, 4.496711e-02, 9.596658e-01, 2.371220e+00, 2.190773e+00, 1.932289e-09, 7.842732e-10, 3.750143e+01, 6.267514e-02
8.384000e+08, 4.401678e-02, 9.597312e-01, 2.325084e+00, 2.172048e+00, 1.988958e-09, 7.844335e-10, 3.766158e+01, 6.419149e-02
8.422000e+08, 4.308806e-02, 9.597923e-01, 2.277596e+00, 2.153318e+00, 2.048081e-09, 7.845817e-10, 3.782468e+01, 6.555992e-02
8.460000e+08, 4.218431e-02, 9.598487e-01, 2.228696e+00, 2.134586e+00, 2.109478e-09, 7.847174e-10, 3.799056e+01, 6.677863e-02
8.498000e+08, 4.130906e-02, 9.599004e-01, 2.178330e+00, 2.115850e+00, 2.172883e-09, 7.848405e-10, 3.815905e+01, 6.784599e-02
8.536000e+08, 4.046606e-02, 9.599472e-01, 2.126450e+00, 2.097111e+00, 2.237935e-09, 7.849507e-10, 3.832996e+01, 6.876057e-02
8.574000e+08, 3.965919e-02, 9.599891e-01, 2.073016e+00, 2.078369e+00, 2.304157e-09, 7.850480e-10, 3.850312e+01, 6.952114e-02
8.612000e+08, 3.889253e-02, 9.600259e-01, 2.018002e+00, 2.059625e+00, 2.370952e-09, 7.851324e-10, 3.867834e+01, 7.012666e-02
8.650000e+08, 3.817026e-02, 9.600576e-01, 1.961393e+00, 2.040879e+00, 2.437592e-09, 7.852039e-10, 3.885542e+01, 7.057630e-02
8.688000e+08, 3.749668e-02, 9.600841e-01, 1.903193e+00, 2.022132e+00, 2.503216e-09, 7.852625e-10, 3.903419e+01, 7.086938e-02
8.726000e+08, 3.687611e-02, 9.601053e-01, 1.843426e+00, 2.003383e+00, 2.566838e-09, 7.853085e-10, 3.921444e+01, 7.100543e-02
8.764000e+08, 3.631289e-02, 9.601213e-01, 1.782140e+00, 1.984633e+00, 2.627361e-09, 7.853420e-10, 3.939596e+01, 7.098416e-02
8.802000e+08, 3.581126e-02, 9.601321e-01, 1.719409e+00, 1.965882e+00, 2.683608e-09, 7.853632e-10, 3.957857e+01, 7.080546e-02
8.840000e+08, 3.537531e-02, 9.601376e-01, 1.655334e+00, 1.947130e+00, 2.734359e-09, 7.853725e-10, 3.976205e+01, 7.046941e-02
8.878000e+08, 3.500889e-02, 9.601380e-01, 1.590049e+00, 1.928379e+00, 2.778403e-09, 7.853701e-10, 3.994619e+01, 6.997626e-02
8.916000e+08, 3.471548e-02, 9.601332e-01, 1.523711e+00, 1.909627e+00, 2.814603e-09, 7.853564e-10, 4.013077e+01, 6.932642e-02
8.954000e+08, 3.449818e-02, 9.601233e-01, 1.456509e+00, 1.890876e+00, 2.841954e-09, 7.853319e-10, 4.031560e+01, 6.852049e-02
8.992000e+08, 3.435954e-02, 9.601085e-01, 1.388655e+00, 1.872125e+00, 2.859650e-09, 7.852968e-10, 4.050044e+01, 6.755924e-02
9.030000e+08, 3.430153e-02, 9.600887e-01, 1.320377e+00, 1.853375e+00, 2.867138e-09, 7.852516e-10, 4.068509e+01, 6.644359e-02
9.068000e+08, 3.432549e-02, 9.600641e-01, 1.251921e+00, 1.834627e+00, 2.864156e-09, 7.851968e-10, 4.086931e+01, 6.517465e-02
9.106000e+08, 3.443203e-02, 9.600349e-01, 1.183536e+00, 1.815879e+00, 2.850756e-09, 7.851329e-10, 4.105289e+01, 6.375367e-02
9.144000e+08, 3.462112e-02, 9.600011e-01, 1.115471e+00, 1.797133e+00, 2.827296e-09, 7.850603e-10, 4.123560e+01, 6.218207e-02
9.182000e+08, 3.489199e-02, 9.599628e-01, 1.047967e+00, 1.778389e+00, 2.794414e-09, 7.849795e-10, 4.141722e+01, 6.046143e-02
9.220000e+08, 3.524325e-02, 9.599202e-01, 9.812469e-01, 1.759647e+00, 2.752988e-09, 7.848911e-10, 4.159751e+01, 5.859348e-02
9.258000e+08, 3.567292e-02, 9.598736e-01, 9.155163e-01, 1.740907e+00, 2.704072e-09, 7.847955e-10, 4.177626e+01, 5.658012e-02
9.296000e+08, 3.617846e-02, 9.598229e-01, 8.509535e-01, 1.722169e+00, 2.648838e-09, 7.846932e-10, 4.195324e+01, 5.442336e-02
9.334000e+08, 3.675693e-02, 9.597684e-01, 7.877096e-01, 1.703433e+00, 2.588505e-09, 7.845848e-10, 4.212822e+01, 5.212540e-02
9.372000e+08, 3.740503e-02, 9.597102e-01, 7.259062e-01, 1.684701e+00, 2.524288e-09, 7.844707e-10, 4.230096e+01, 4.968856e-02
9.410000e+08, 3.811917e-02, 9.596485e-01, 6.656360e-01, 1.665971e+00, 2.457343e-09, 7.843515e-10, 4.247125e+01, 4.711533e-02
9.448000e+08, 3.889562e-02, 9.595835e-01, 6.069642e-01, 1.647243e+00, 2.388737e-09, 7.842276e-10, 4.263886e+01, 4.440831e-02
9.486000e+08, 3.973052e-02, 9.595153e-01, 5.499305e-01, 1.628519e+00, 2.319419e-09, 7.840996e-10, 4.280357e+01, 4.157026e-02
9.524000e+08, 4.062000e-02, 9.594442e-01, 4.945518e-01, 1.609798e+00, 2.250210e-09, 7.839678e-10, 4.296515e+01, 3.860406e-02
9.562000e+08, 4.156019e-02, 9.593702e-01, 4.408255e-01, 1.591080e+00, 2.181798e-09, 7.838328e-10, 4.312338e+01, 3.551275e-02
9.600000e+08, 4.254729e-02, 9.592936e-01, 3.887327e-01, 1.572365e+00, 2.114743e-09, 7.836951e-10, 4.327804e+01, 3.229946e-02
9.638000e+08, 4.357763e-02, 9.592145e-01, 3.382409e-01, 1.553653e+00, 2.049484e-09, 7.835549e-10, 4.342892e+01, 2.896749e-02
9.676000e+08, 4.464764e-02, 9.591332e-01, 2.893072e-01, 1.534945e+00, 1.986355e-09, 7.834129e-10, 4.357581e+01, 2.552024e-02
9.714000e+08, 4.575392e-02, 9.590497e-01, 2.418808e-01, 1.516240e+00, 1.925593e-09, 7.832693e-10, 4.371849e+01, 2.196124e-02
9.752000e+08, 4.689320e-02, 9.589643e-01, 1.959051e-01, 1.497539e+00, 1.867356e-09, 7.831245e-10, 4.385677e+01, 1.829413e-02
9.790000e+08, 4.806242e-02, 9.588772e-01, 1.513200e-01, 1.478841e+00, 1.811736e-09, 7.829790e-10, 4.399045e+01, 1.452269e-02
9.828000e+08, 4.925865e-02, 9.587884e-01, 1.080628e-01, 1.460146e+00, 1.758771e-09, 7.828330e-10, 4.411932e+01, 1.065079e-02
9.866000e+08, 5.047915e-02, 9.586981e-01, 6.607017e-02, 1.441455e+00, 1.708454e-09, 7.826870e-10, 4.424320e+01, 6.682408e-03
9.904000e+08, 5.172131e-02, 9.586066e-01, 2.527894e-02, 1.422768e+00, 1.660747e-09, 7.825411e-10, 4.436191e+01, 2.621648e-03
9.942000e+08, 5.298270e-02, 9.585139e-01, -1.437323e-02, 1.404084e+00, 1.615585e-09, 7.823957e-10, 4.447526e+01, -1.527298e-03
9.980000e+08, 5.426102e-02, 9.584202e-01, -5.294710e-02, 1.385403e+00, 1.572885e-09, 7.822511e-10, 4.458310e+01, -5.760139e-03
1.001800e+09, 5.555413e-02, 9.583257e-01, -9.050147e-02, 1.366726e+00, 1.532553e-09, 7.821076e-10, 4.468524e+01, -1.007249e-02
1.005600e+09, 5.685999e-02, 9.582304e-01, -1.270929e-01, 1.348052e+00, 1.494483e-09, 7.819653e-10, 4.478155e+01, -1.445987e-02
1.009400e+09, 5.817670e-02, 9.581346e-01, -1.627753e-01, 1.329382e+00, 1.458568e-09, 7.818244e-10, 4.487186e+01, -1.891771e-02
1.013200e+09, 5.950247e-02, 9.580383e-01, -1.976002e-01, 1.310715e+00, 1.424697e-09, 7.816853e-10, 4.495605e+01, -2.344138e-02
1.017000e+09, 6.083559e-02, 9.579417e-01, -2.316164e-01, 1.292052e+00, 1.392760e-09, 7.815480e-10, 4.503397e+01, -2.802616e-02
1.020800e+09, 6.217448e-02, 9.578449e-01, -2.648701e-01, 1.273391e+00, 1.362648e-09, 7.814127e-10, 4.510550e+01, -3.266725e-02
1.024600e+09, 6.351762e-02, 9.577480e-01, -2.974048e-01, 1.254734e+00, 1.334256e-09, 7.812795e-10, 4.517054e+01, -3.735980e-02
1.028400e+09, 6.486358e-02, 9.576511e-01, -3.292616e-01, 1.236080e+00, 1.307483e-09, 7.811486e-10, 4.522898e+01, -4.209889e-02
1.032200e+09, 6.621101e-02, 9.575544e-01, -3.604792e-01, 1.217429e+00, 1.282231e-09, 7.810201e-10, 4.528072e+01, -4.687955e-02
1.036000e+09, 6.755862e-02, 9.574578e-01, -3.910939e-01, 1.198782e+00, 1.258407e-09, 7.808941e-10, 4.532568e+01, -5.169674e-02
1.039800e+09, 6.890518e-02, 9.573616e-01, -4.211398e-01, 1.180137e+00, 1.235924e-09, 7.807707e-10, 4.536379e+01, -5.654541e-02
1.043600e+09, 7.024952e-02, 9.572658e-01, -4.506488e-01, 1.161495e+00, 1.214699e-09, 7.806498e-10, 4.539498e+01, -6.142045e-02
1.047400e+09, 7.159053e-02, 9.571704e-01, -4.796511e-01, 1.142856e+00, 1.194654e-09, 7.805317e-10, 4.541920e+01, -6.631671e-02
1.051200e+09, 7.292713e-02, 9.570757e-01, -5.081748e-01, 1.124220e+00, 1.175716e-09, 7.804162e-10, 4.543642e+01, -7.122902e-02
1.055000e+09, 7.425829e-02, 9.569815e-01, -5.362463e-01, 1.105587e+00, 1.157816e-09, 7.803034e-10, 4.544660e+01, -7.615221e-02
1.058800e+09, 7.558303e-02, 9.568881e-01, -5.638904e-01, 1.086956e+00, 1.140890e-09, 7.801934e-10, 4.544972e+01, -8.108105e-02
1.062600e+09, 7.690040e-02, 9.567954e-01, -5.911304e-01, 1.068328e+00, 1.124878e-09, 7.800860e-10, 4.544578e+01, -8.601035e-02
1.066400e+09, 7.820947e-02, 9.567035e-01, -6.179881e-01, 1.049703e+00, 1.109724e-09, 7.799814e-10, 4.543477e+01, -9.093487e-02
1.070200e+09, 7.950936e-02, 9.566125e-01, -6.444840e-01, 1.031080e+00, 1.095376e-09, 7.798794e-10, 4.541673e+01, -9.584941e-02
1.074000e+09, 8.079921e-02, 9.565225e-01, -6.706373e-01, 1.012460e+00, 1.081784e-09, 7.797801e-10, 4.539166e+01, -1.007488e-01
1.077800e+09, 8.207818e-02, 9.564334e-01, -6.964661e-01, 9.938415e-01, 1.068904e-09, 7.796833e-10, 4.535961e+01, -1.056277e-01
1.081600e+09, 8.334546e-02, 9.563454e-01, -7.219874e-01, 9.752257e-01, 1.056693e-09, 7.795891e-10, 4.532062e+01, -1.104812e-01
1.085400e+09, 8.460027e-02, 9.562584e-01, -7.472171e-01, 9.566121e-01, 1.045111e-09, 7.794973e-10, 4.527476e+01, -1.153039e-01
1.089200e+09, 8.584183e-02, 9.561725e-01, -7.721703e-01, 9.380008e-01, 1.034122e-09, 7.794080e-10, 4.522209e+01, -1.200908e-01
1.093000e+09, 8.706939e-02, 9.560877e-01, -7.968611e-01, 9.193916e-01, 1.023690e-09, 7.793209e-10, 4.516270e+01, -1.248369e-01
1.096800e+09, 8.828222e-02, 9.560041e-01, -8.213028e-01, 9.007844e-01, 1.013785e-09, 7.792361e-10, 4.509668e+01, -1.295370e-01
1.100600e+09, 8.947959e-02, 9.559217e-01, -8.455080e-01, 8.821793e-01, 1.004375e-09, 7.791535e-10, 4.502412e+01, -1.341863e-01
1.104400e+09, 9.066081e-02, 9.558406e-01, -8.694886e-01, 8.635761e-01, 9.954323e-10, 7.790729e-10, 4.494514e+01, -1.387797e-01
1.108200e+09, 9.182518e-02, 9.557606e-01, -8.932556e-01, 8.449749e-01, 9.869316e-10, 7.789942e-10, 4.485985e+01, -1.433125e-01
1.112000e+09, 9.297202e-02, 9.556819e-01, -9.168197e-01, 8.263756e-01, 9.788480e-10, 7.789175e-10, 4.476839e+01, -1.477799e-01
1.115800e+09, 9.410067e-02, 9.556045e-01, -9.401908e-01, 8.077781e-01, 9.711584e-10, 7.788425e-10, 4.467090e+01, -1.521770e-01
1.119600e+09, 9.521046e-02, 9.555284e-01, -9.633783e-01, 7.891823e-01, 9.638415e-10, 7.787692e-10, 4.456751e+01, -1.564993e-01
1.123400e+09, 9.630076e-02, 9.554537e-01, -9.863911e-01, 7.705884e-01, 9.568772e-10, 7.786974e-10, 4.445839e+01, -1.607422e-01
1.127200e+09, 9.737093e-02, 9.553802e-01, -1.009238e+00, 7.519961e-01, 9.502465e-10, 7.786271e-10, 4.434369e+01, -1.649012e-01
1.131000e+09, 9.842033e-02, 9.553082e-01, -1.031926e+00, 7.334055e-01, 9.439318e-10, 7.785582e-10, 4.422359e+01, -1.689719e-01
1.134800e+09, 9.944835e-02, 9.552375e-01, -1.054463e+00, 7.148166e-01, 9.379166e-10, 7.784906e-10, 4.409826e+01, -1.729500e-01
1.138600e+09, 1.004544e-01, 9.551682e-01, -1.076857e+00, 6.962293e-01, 9.321851e-10, 7.784241e-10, 4.396788e+01, -1.768313e-01
1.142400e+09, 1.014378e-01, 9.551003e-01, -1.099114e+00, 6.776435e-01, 9.267227e-10, 7.783587e-10, 4.383265e+01, -1.806117e-01
1.146200e+09, 1.023981e-01, 9.550338e-01, -1.121240e+00, 6.590593e-01, 9.215157e-10, 7.782943e-10, 4.369275e+01, -1.842872e-01
1.150000e+09, 1.033346e-01, 9.549688e-01, -1.143243e+00, 6.404767e-01, 9.165510e-10, 7.782309e-10, 4.354839e+01, -1.878539e-01
1.153800e+09, 1.042467e-01, 9.549052e-01, -1.165126e+00, 6.218956e-01, 9.118164e-10, 7.781683e-10, 4.339977e+01, -1.913079e-01
1.157600e+09, 1.051339e-01, 9.548431e-01, -1.186897e+00, 6.033160e-01, 9.073004e-10, 7.781064e-10, 4.324710e+01, -1.946457e-01
1.161400e+09, 1.059956e-01, 9.547826e-01, -1.208560e+00, 5.847378e-01, 9.029919e-10, 7.780453e-10, 4.309059e+01, -1.978637e-01
1.165200e+09, 1.068313e-01, 9.547236e-01, -1.230120e+00, 5.661611e-01, 8.988808e-10, 7.779848e-10, 4.293045e+01, -2.009585e-01
1.169000e+09, 1.076404e-01, 9.546661e-01, -1.251581e+00, 5.475859e-01, 8.949572e-10, 7.779249e-10, 4.276692e+01, -2.039267e-01
1.172800e+09, 1.084223e-01, 9.546102e-01, -1.272950e+00, 5.290121e-01, 8.912121e-10, 7.778656e-10, 4.260020e+01, -2.067652e-01
1.176600e+09, 1.091766e-01, 9.545559e-01, -1.294228e+00, 5.104397e-01, 8.876367e-10, 7.778068e-10, 4.243053e+01, -2.094709e-01
1.180400e+09, 1.099027e-01, 9.545033e-01, -1.315421e+00, 4.918687e-01, 8.842226e-10, 7.777486e-10, 4.225812e+01, -2.120409e-01
1.184200e+09, 1.106000e-01, 9.544523e-01, -1.336533e+00, 4.732991e-01, 8.809622e-10, 7.776908e-10, 4.208321e+01, -2.144724e-01
1.188000e+09, 1.112681e-01, 9.544031e-01, -1.357567e+00, 4.547308e-01, 8.778481e-10, 7.776336e-10, 4.190602e+01, -2.167628e-01
1.191800e+09, 1.119064e-01, 9.543556e-01, -1.378527e+00, 4.361640e-01, 8.748731e-10, 7.775769e-10, 4.172679e+01, -2.189096e-01
1.195600e+09, 1.125145e-01, 9.543099e-01, -1.399415e+00, 4.175985e-01, 8.720306e-10, 7.775207e-10, 4.154574e+01, -2.209103e-01
1.199400e+09, 1.130919e-01, 9.542661e-01, -1.420236e+00, 3.990343e-01, 8.693142e-10, 7.774652e-10, 4.136311e+01, -2.227628e-01
1.203200e+09, 1.136381e-01, 9.542241e-01, -1.440992e+00, 3.804715e-01, 8.667180e-10, 7.774103e-10, 4.117912e+01, -2.244650e-01
1.207000e+09, 1.141525e-01, 9.541841e-01, -1.461686e+00, 3.619099e-01, 8.642362e-10, 7.773561e-10, 4.099400e+01, -2.260150e-01
1.210800e+09, 1.146349e-01, 9.541461e-01, -1.482320e+00, 3.433497e-01, 8.618635e-10, 7.773028e-10, 4.080798e+01, -2.274109e-01
1.214600e+09, 1.150846e-01, 9.541102e-01, -1.502898e+00, 3.247907e-01, 8.595944e-10, 7.772503e-10, 4.062130e+01, -2.286512e-01
1.218400e+09, 1.155012e-01, 9.540763e-01, -1.523422e+00, 3.062330e-01, 8.574243e-10, 7.771988e-10, 4.043417e+01, -2.297343e-01
1.222200e+09, 1.158844e-01, 9.540446e-01, -1.543894e+00, 2.876765e-01, 8.553483e-10, 7.771485e-10, 4.024683e+01, -2.306590e-01
1.226000e+09, 1.162337e-01, 9.540152e-01, -1.564316e+00, 2.691213e-01, 8.533621e-10, 7.770994e-10, 4.005950e+01, -2.314242e-01
1.229800e+09, 1.165486e-01, 9.539881e-01, -1.584691e+00, 2.505672e-01, 8.514613e-10, 7.770517e-10, 3.987239e+01, -2.320287e-01
1.233600e+09, 1.168288e-01, 9.539633e-01, -1.605021e+00, 2.320142e-01, 8.496419e-10, 7.770056e-10, 3.968573e+01, -2.324718e-01
1.237400e+09, 1.170739e-01, 9.539410e-01, -1.625307e+00, 2.134623e-01, 8.479000e-10, 7.769612e-10, 3.949974e+01, -2.327529e-01
1.241200e+09, 1.172835e-01, 9.539212e-01, -1.645552e+00, 1.949115e-01, 8.462320e-10, 7.769188e-10, 3.931463e+01, -2.328714e-01
1.245000e+09, 1.174571e-01, 9.539041e-01, -1.665756e+00, 1.763617e-01, 8.446344e-10, 7.768786e-10, 3.913061e+01, -2.328270e-01
1.248800e+09, 1.175946e-01, 9.538896e-01, -1.685923e+00, 1.578129e-01, 8.431037e-10, 7.768407e-10, 3.894790e+01, -2.326197e-01
1.252600e+09, 1.176954e-01, 9.538778e-01, -1.706053e+00, 1.392650e-01, 8.416370e-10, 7.768055e-10, 3.876670e+01, -2.322493e-01
1.256400e+09, 1.177594e-01, 9.538689e-01, -1.726148e+00, 1.207179e-01, 8.402310e-10, 7.767731e-10, 3.858722e+01, -2.317163e-01
1.260200e+09, 1.177860e-01, 9.538630e-01, -1.746209e+00, 1.021716e-01, 8.388830e-10, 7.767438e-10, 3.840966e+01, -2.310209e-01
1.264000e+09, 1.177752e-01, 9.538600e-01, -1.766239e+00, 8.362594e-02, 8.375902e-10, 7.767179e-10, 3.823421e+01, -2.301637e-01
1.267800e+09, 1.177264e-01, 9.538602e-01, -1.786237e+00, 6.508094e-02, 8.363499e-10, 7.766957e-10, 3.806107e+01, -2.291456e-01
1.271600e+09, 1.176396e-01, 9.538635e-01, -1.806206e+00, 4.653647e-02, 8.351598e-10, 7.766775e-10, 3.789044e+01, -2.279676e-01
1.275400e+09, 1.175143e-01, 9.538700e-01, -1.826146e+00, 2.799244e-02, 8.340175e-10, 7.766634e-10, 3.772249e+01, -2.266307e-01
1.279200e+09, 1.173504e-01, 9.538800e-01, -1.846059e+00, 9.448744e-03, 8.329207e-10, 7.766540e-10, 3.755742e+01, -2.251364e-01
1.283000e+09, 1.171475e-01, 9.538933e-01, -1.865946e+00, -9.094727e-03, 8.318673e-10, 7.766494e-10, 3.739541e+01, -2.234863e-01
1.286800e+09, 1.169056e-01, 9.539102e-01, -1.885808e+00, -2.763809e-02, 8.308554e-10, 7.766499e-10, 3.723663e+01, -2.216821e-01
1.290600e+09, 1.166243e-01, 9.539306e-01, -1.905646e+00, -4.618146e-02, 8.298829e-10, 7.766560e-10, 3.708126e+01, -2.197257e-01
1.294400e+09, 1.163034e-01, 9.539547e-01, -1.925460e+00, -6.472498e-02, 8.289482e-10, 7.766678e-10, 3.692946e+01, -2.176195e-01
1.298200e+09, 1.159429e-01, 9.539825e-01, -1.945252e+00, -8.326879e-02, 8.280496e-10, 7.766858e-10, 3.678140e+01, -2.153657e-01
1.302000e+09, 1.155425e-01, 9.540141e-01, -1.965023e+00, -1.018130e-01, 8.271855e-10, 7.767102e-10, 3.663725e+01, -2.129671e-01
1.305800e+09, 1.151020e-01, 9.540495e-01, -1.984773e+00, -1.203578e-01, 8.263543e-10, 7.767413e-10, 3.649715e+01, -2.104263e-01
1.309600e+09, 1.146214e-01, 9.540889e-01, -2.004503e+00, -1.389034e-01, 8.255548e-10, 7.767795e-10, 3.636127e+01, -2.077465e-01
1.313400e+09, 1.141006e-01, 9.541322e-01, -2.024214e+00, -1.574499e-01, 8.247856e-10, 7.768249e-10, 3.622975e+01, -2.049308e-01
1.317200e+09, 1.135393e-01, 9.541795e-01, -2.043906e+00, -1.759974e-01, 8.240456e-10, 7.768780e-10, 3.610274e+01, -2.019828e-01
1.321000e+09, 1.129376e-01, 9.542308e-01, -2.063581e+00, -1.945462e-01, 8.233336e-10, 7.769389e-10, 3.598038e+01, -1.989060e-01
1.324800e+09, 1.122954e-01, 9.542862e-01, -2.083239e+00, -2.130965e-01, 8.226487e-10, 7.770080e-10, 3.586279e+01, -1.957044e-01
1.328600e+09, 1.116126e-01, 9.543457e-01, -2.102881e+00, -2.316484e-01, 8.219899e-10, 7.770854e-10, 3.575013e+01, -1.923821e-01
1.332400e+09, 1.108892e-01, 9.544093e-01, -2.122507e+00, -2.502022e-01, 8.213565e-10, 7.771713e-10, 3.564250e+01, -1.889433e-01
1.336200e+09, 1.101252e-01, 9.544770e-01, -2.142118e+00, -2.687580e-01, 8.207477e-10, 7.772660e-10, 3.554003e+01, -1.853926e-01
1.340000e+09, 1.093205e-01, 9.545487e-01, -2.161714e+00, -2.873161e-01, 8.201629e-10, 7.773697e-10, 3.544285e+01, -1.817347e-01
1.343800e+09, 1.084753e-01, 9.546246e-01, -2.181296e+00, -3.058767e-01, 8.196017e-10, 7.774823e-10, 3.535106e+01, -1.779744e-01
1.347600e+09, 1.075895e-01, 9.547045e-01, -2.200865e+00, -3.244399e-01, 8.190635e-10, 7.776042e-10, 3.526476e+01, -1.741168e-01
1.351400e+09, 1.066632e-01, 9.547884e-01, -2.220421e+00, -3.430061e-01, 8.185482e-10, 7.777353e-10, 3.518407e+01, -1.701673e-01
1.355200e+09, 1.056965e-01, 9.548763e-01, -2.239965e+00, -3.615754e-01, 8.180554e-10, 7.778757e-10, 3.510907e+01, -1.661313e-01
1.359000e+09, 1.046894e-01, 9.549680e-01, -2.259497e+00, -3.801480e-01, 8.175852e-10, 7.780254e-10, 3.503987e+01, -1.620144e-01
1.362800e+09, 1.036421e-01, 9.550636e-01, -2.279018e+00, -3.987242e-01, 8.171375e-10, 7.781844e-10, 3.497654e+01, -1.578225e-01
1.366600e+09, 1.025547e-01, 9.551629e-01, -2.298528e+00, -4.173042e-01, 8.167127e-10, 7.783526e-10, 3.491917e+01, -1.535615e-01
1.370400e+09, 1.014273e-01, 9.552659e-01, -2.318028e+00, -4.358883e-01, 8.163108e-10, 7.785299e-10, 3.486783e+01, -1.492376e-01
1.374200e+09, 1.002601e-01, 9.553724e-01, -2.337518e+00, -4.544765e-01, 8.159325e-10, 7.787163e-10, 3.482259e+01, -1.448571e-01
1.378000e+09, 9.905334e-02, 9.554822e-01, -2.356999e+00, -4.730692e-01, 8.155784e-10, 7.789115e-10, 3.478353e+01, -1.404263e-01
1.381800e+09, 9.780711e-02, 9.555954e-01, -2.376472e+00, -4.916666e-01, 8.152492e-10, 7.791154e-10, 3.475069e+01, -1.359519e-01
1.385600e+09, 9.652165e-02, 9.557116e-01, -2.395937e+00, -5.102688e-01, 8.149459e-10, 7.793277e-10, 3.472413e+01, -1.314404e-01
1.389400e+09, 9.519722e-02, 9.558308e-01, -2.415395e+00, -5.288762e-01, 8.146698e-10, 7.795480e-10, 3.470389e+01, -1.268986e-01
1.393200e+09, 9.383405e-02, 9.559527e-01, -2.434846e+00, -5.474887e-01, 8.144222e-10, 7.797762e-10, 3.469003e+01, -1.223333e-01
1.397000e+09, 9.243241e-02, 9.560773e-01, -2.454291e+00, -5.661067e-01, 8.142049e-10, 7.800118e-10, 3.468256e+01, -1.177516e-01
1.400800e+09, 9.099258e-02, 9.562042e-01, -2.473731e+00, -5.847304e-01, 8.140198e-10, 7.802545e-10, 3.468153e+01, -1.131604e-01
1.404600e+09, 8.951487e-02, 9.563333e-01, -2.493167e+00, -6.033598e-01, 8.138692e-10, 7.805038e-10, 3.468695e+01, -1.085667e-01
1.408400e+09, 8.799959e-02, 9.564644e-01, -2.512599e+00, -6.219952e-01, 8.137558e-10, 7.807593e-10, 3.469884e+01, -1.039776e-01
1.412200e+09, 8.644708e-02, 9.565972e-01, -2.532028e+00, -6.406367e-01, 8.136828e-10, 7.810206e-10, 3.471722e+01, -9.940032e-02
1.416000e+09, 8.485768e-02, 9.567315e-01, -2.551456e+00, -6.592844e-01, 8.136536e-10, 7.812870e-10, 3.474208e+01, -9.484192e-02
1.419800e+09, 8.323177e-02, 9.568670e-01, -2.570883e+00, -6.779385e-01, 8.136725e-10, 7.815580e-10, 3.477341e+01, -9.030955e-02
1.423600e+09, 8.156972e-02, 9.570036e-01, -2.590310e+00, -6.965991e-01, 8.137442e-10, 7.818332e-10, 3.481123e+01, -8.581035e-02
1.427400e+09, 7.987195e-02, 9.571408e-01, -2.609739e+00, -7.152662e-01, 8.138744e-10, 7.821119e-10, 3.485549e+01, -8.135141e-02
1.431200e+09, 7.813886e-02, 9.572785e-01, -2.629171e+00, -7.339400e-01, 8.140693e-10, 7.823936e-10, 3.490620e+01, -7.693979e-02
1.435000e+09, 7.637089e-02, 9.574165e-01, -2.648608e+00, -7.526205e-01, 8.143366e-10, 7.826776e-10, 3.496331e+01, -7.258252e-02
1.438800e+09, 7.456849e-02, 9.575543e-01, -2.668051e+00, -7.713078e-01, 8.146848e-10, 7.829634e-10, 3.502678e+01, -6.828653e-02
1.442600e+09, 7.273212e-02, 9.576917e-01, -2.687503e+00, -7.900019e-01, 8.151243e-10, 7.832503e-10, 3.509659e+01, -6.405869e-02
1.446400e+09, 7.086226e-02, 9.578285e-01, -2.706965e+00, -8.087029e-01, 8.156669e-10, 7.835376e-10, 3.517267e+01, -5.990578e-02
1.450200e+09, 6.895940e-02, 9.579644e-01, -2.726440e+00, -8.274107e-01, 8.163268e-10, 7.838248e-10, 3.525497e+01, -5.583449e-02
1.454000e+09, 6.702405e-02, 9.580990e-01, -2.745930e+00, -8.461254e-01, 8.171204e-10, 7.841113e-10, 3.534344e+01, -5.185137e-02
1.457800e+09, 6.505674e-02, 9.582321e-01, -2.765440e+00, -8.648469e-01, 8.180678e-10, 7.843963e-10, 3.543799e+01, -4.796287e-02
1.461600e+09, 6.305801e-02, 9.583633e-01, -2.784972e+00, -8.835752e-01, 8.191924e-10, 7.846794e-10, 3.553856e+01, -4.417529e-02
1.465400e+09, 6.102841e-02, 9.584925e-01, -2.804531e+00, -9.023103e-01, 8.205228e-10, 7.849598e-10, 3.564505e+01, -4.049480e-02
1.469200e+09, 5.896849e-02, 9.586193e-01, -2.824122e+00, -9.210521e-01, 8.220935e-10, 7.852370e-10, 3.575738e+01, -3.692740e-02
1.473000e+09, 5.687886e-02, 9.587434e-01, -2.843751e+00, -9.398005e-01, 8.239465e-10, 7.855104e-10, 3.587546e+01, -3.347895e-02
1.476800e+09, 5.476010e-02, 9.588646e-01, -2.863423e+00, -9.585554e-01, 8.261337e-10, 7.857794e-10, 3.599916e+01, -3.015510e-02
1.480600e+09, 5.261281e-02, 9.589826e-01, -2.883148e+00, -9.773168e-01, 8.287193e-10, 7.860435e-10, 3.612840e+01, -2.696137e-02
1.484400e+09, 5.043762e-02, 9.590971e-01, -2.902935e+00, -9.960844e-01, 8.317838e-10, 7.863022e-10, 3.626303e+01, -2.390306e-02
1.488200e+09, 4.823517e-02, 9.592078e-01, -2.922794e+00, -1.014858e+00, 8.354290e-10, 7.865548e-10, 3.640295e+01, -2.098528e-02
1.492000e+09, 4.600610e-02, 9.593145e-01, -2.942741e+00, -1.033638e+00, 8.397855e-10, 7.868010e-10, 3.654801e+01, -1.821295e-02
1.495800e+09, 4.375108e-02, 9.594170e-01, -2.962792e+00, -1.052424e+00, 8.450225e-10, 7.870403e-10, 3.669807e+01, -1.559079e-02
1.499600e+09, 4.147077e-02, 9.595149e-01, -2.982968e+00, -1.071215e+00, 8.513630e-10, 7.872722e-10, 3.685300e+01, -1.312330e-02
1.503400e+09, 3.916587e-02, 9.596082e-01, -3.003295e+00, -1.090012e+00, 8.591048e-10, 7.874962e-10, 3.701262e+01, -1.081476e-02
1.507200e+09, 3.683708e-02, 9.596964e-01, -3.023807e+00, -1.108815e+00, 8.686538e-10, 7.877120e-10, 3.717678e+01, -8.669242e-03
1.511000e+09, 3.448513e-02, 9.597795e-01, -3.044547e+00, -1.127622e+00, 8.805739e-10, 7.879192e-10, 3.734532e+01, -6.690601e-03
1.514800e+09, 3.211074e-02, 9.598572e-01, -3.065572e+00, -1.146435e+00, 8.956676e-10, 7.881174e-10, 3.751804e+01, -4.882457e-03
1.518600e+09, 2.971467e-02, 9.599293e-01, -3.086957e+00, -1.165252e+00, 9.151077e-10, 7.883063e-10, 3.769478e+01, -3.248203e-03
1.522400e+09, 2.729770e-02, 9.599956e-01, -3.108806e+00, -1.184073e+00, 9.406633e-10, 7.884856e-10, 3.787533e+01, -1.791002e-03
1.526200e+09, 2.486065e-02, 9.600559e-01, -3.131266e+00, -1.202899e+00, 9.751051e-10, 7.886550e-10, 3.805949e+01, -5.137843e-04
1.530000e+09, 2.240436e-02, 9.601101e-01, 3.128638e+00, -1.221729e+00, 1.022971e-09, 7.888143e-10, 3.824707e+01, 5.807556e-04
1.533800e+09, 1.992975e-02, 9.601581e-01, 3.104213e+00, -1.240563e+00, 1.092116e-09, 7.889631e-10, 3.843785e+01, 1.490160e-03
1.537600e+09, 1.743785e-02, 9.601995e-01, 3.078138e+00, -1.259401e+00, 1.197112e-09, 7.891013e-10, 3.863160e+01, 2.212210e-03
1.541400e+09, 1.492986e-02, 9.602344e-01, 3.049556e+00, -1.278241e+00, 1.367553e-09, 7.892287e-10, 3.882809e+01, 2.744926e-03
1.545200e+09, 1.240735e-02, 9.602626e-01, 3.016904e+00, -1.297085e+00, 1.671360e-09, 7.893451e-10, 3.902710e+01, 3.086571e-03
1.549000e+09, 9.872747e-03, 9.602839e-01, 2.976998e+00, -1.315931e+00, 2.294686e-09, 7.894503e-10, 3.922837e+01, 3.235648e-03
1.552800e+09, 7.330762e-03, 9.602983e-01, 2.922210e+00, -1.334780e+00, 3.914864e-09, 7.895442e-10, 3.943166e+01, 3.190905e-03
1.556600e+09, 4.794523e-03, 9.603057e-01, 2.828738e+00, -1.353632e+00, 1.076717e-08, 7.896267e-10, 3.963671e+01, 2.951334e-03
1.560400e+09, 2.331615e-03, 9.603059e-01, 2.571660e+00, -1.372485e+00, 6.682883e-08, 7.896977e-10, 3.984326e+01, 2.516171e-03
1.564200e+09, 1.137825e-03, 9.602989e-01, 9.760482e-01, -1.391340e+00, 3.409871e-08, 7.897571e-10, 4.005103e+01, 1.884898e-03
1.568000e+09, 3.279308e-03, 9.602846e-01, 1.619039e-01, -1.410196e+00, 6.661815e-09, 7.898048e-10, 4.025975e+01, 1.057243e-03
1.571800e+09, 5.830060e-03, 9.602630e-01, 2.845704e-03, -1.429054e+00, 3.068273e-09, 7.898407e-10, 4.046914e+01, 3.318233e-05
1.575600e+09, 8.435689e-03, 9.602341e-01, -7.041271e-02, -1.447912e+00, 1.988675e-09, 7.898649e-10, 4.067890e+01, -1.187062e-03
1.579400e+09, 1.106389e-02, 9.601977e-01, -1.178945e-01, -1.466771e+00, 1.525100e-09, 7.898773e-10, 4.088873e+01, -2.603019e-03
1.583200e+09, 1.370625e-02, 9.601538e-01, -1.543080e-01, -1.485630e+00, 1.284127e-09, 7.898779e-10, 4.109834e+01, -4.213969e-03
1.587000e+09, 1.635920e-02, 9.601026e-01, -1.849679e-01, -1.504489e+00, 1.142886e-09, 7.898668e-10, 4.130742e+01, -6.018943e-03
1.590800e+09, 1.902067e-02, 9.600438e-01, -2.122556e-01, -1.523348e+00, 1.052946e-09, 7.898438e-10, 4.151566e+01, -8.016724e-03
1.594600e+09, 2.168920e-02, 9.599776e-01, -2.373958e-01, -1.542207e+00, 9.920753e-10, 7.898091e-10, 4.172274e+01, -1.020585e-02
1.598400e+09, 2.436358e-02, 9.599039e-01, -2.610827e-01, -1.561064e+00, 9.489029e-10, 7.897627e-10, 4.192835e+01, -1.258459e-02
1.602200e+09, 2.704275e-02, 9.598228e-01, -2.837388e-01, -1.579921e+00, 9.171207e-10, 7.897047e-10, 4.213215e+01, -1.515099e-02
1.606000e+09, 2.972571e-02, 9.597344e-01, -3.056361e-01, -1.598776e+00, 8.930004e-10, 7.896351e-10, 4.233382e+01, -1.790283e-02
1.609800e+09, 3.241153e-02, 9.596385e-01, -3.269575e-01, -1.617629e+00, 8.742236e-10, 7.895540e-10, 4.253303e+01, -2.083766e-02
1.613600e+09, 3.509927e-02, 9.595354e-01, -3.478305e-01, -1.636481e+00, 8.592871e-10, 7.894615e-10, 4.272946e+01, -2.395274e-02
1.617400e+09, 3.778804e-02, 9.594250e-01, -3.683470e-01, -1.655330e+00, 8.471819e-10, 7.893577e-10, 4.292276e+01, -2.724513e-02
1.621200e+09, 4.047693e-02, 9.593075e-01, -3.885744e-01, -1.674177e+00, 8.372098e-10, 7.892428e-10, 4.311261e+01, -3.071162e-02
1.625000e+09, 4.316508e-02, 9.591828e-01, -4.085637e-01, -1.693021e+00, 8.288758e-10, 7.891167e-10, 4.329868e+01, -3.434876e-02
1.628800e+09, 4.585160e-02, 9.590512e-01, -4.283540e-01, -1.711862e+00, 8.218207e-10, 7.889798e-10, 4.348062e+01, -3.815286e-02
1.632600e+09, 4.853561e-02, 9.589126e-01, -4.479759e-01, -1.730699e+00, 8.157787e-10, 7.888320e-10, 4.365812e+01, -4.211998e-02
1.636400e+09, 5.121625e-02, 9.587672e-01, -4.674535e-01, -1.749534e+00, 8.105501e-10, 7.886737e-10, 4.383084e+01, -4.624596e-02
1.640200e+09, 5.389264e-02, 9.586151e-01, -4.868063e-01, -1.768364e+00, 8.059821e-10, 7.885048e-10, 4.399847e+01, -5.052639e-02
1.644000e+09, 5.656392e-02, 9.584565e-01, -5.060500e-01, -1.787191e+00, 8.019564e-10, 7.883257e-10, 4.416068e+01, -5.495663e-02
1.647800e+09, 5.922924e-02, 9.582914e-01, -5.251976e-01, -1.806013e+00, 7.983804e-10, 7.881365e-10, 4.431715e+01, -5.953184e-02
1.651600e+09, 6.188772e-02, 9.581200e-01, -5.442598e-01, -1.824830e+00, 7.951805e-10, 7.879374e-10, 4.446759e+01, -6.424693e-02
1.655400e+09, 6.453851e-02, 9.579424e-01, -5.632456e-01, -1.843643e+00, 7.922977e-10, 7.877285e-10, 4.461168e+01, -6.909660e-02
1.659200e+09, 6.718075e-02, 9.577588e-01, -5.821626e-01, -1.862451e+00, 7.896844e-10, 7.875102e-10, 4.474915e+01, -7.407535e-02
1.663000e+09, 6.981360e-02, 9.575694e-01, -6.010172e-01, -1.881254e+00, 7.873019e-10, 7.872826e-10, 4.487970e+01, -7.917747e-02
1.666800e+09, 7.243620e-02, 9.573743e-01, -6.198149e-01, -1.900051e+00, 7.851182e-10, 7.870460e-10, 4.500307e+01, -8.439706e-02
1.670600e+09, 7.504771e-02, 9.571736e-01, -6.385604e-01, -1.918843e+00, 7.831069e-10, 7.868007e-10, 4.511898e+01, -8.972804e-02
1.674400e+09, 7.764728e-02, 9.569677e-01, -6.572580e-01, -1.937628e+00, 7.812460e-10, 7.865468e-10, 4.522720e+01, -9.516413e-02
1.678200e+09, 8.023407e-02, 9.567565e-01, -6.759111e-01, -1.956408e+00, 7.795172e-10, 7.862846e-10, 4.532748e+01, -1.006989e-01
1.682000e+09, 8.280724e-02, 9.565405e-01, -6.945229e-01, -1.975181e+00, 7.779047e-10, 7.860145e-10, 4.541960e+01, -1.063257e-01
1.685800e+09, 8.536596e-02, 9.563196e-01, -7.130963e-01, -1.993948e+00, 7.763956e-10, 7.857366e-10, 4.550335e+01, -1.120379e-01
1.689600e+09, 8.790941e-02, 9.560943e-01, -7.316336e-01, -2.012709e+00, 7.749786e-10, 7.854513e-10, 4.557854e+01, -1.178286e-01
1.693400e+09, 9.043675e-02, 9.558646e-01, -7.501370e-01, -2.031462e+00, 7.736441e-10, 7.851589e-10, 4.564499e+01, -1.236907e-01
1.697200e+09, 9.294716e-02, 9.556308e-01, -7.686086e-01, -2.050209e+00, 7.723840e-10, 7.848598e-10, 4.570254e+01, -1.296171e-01
1.701000e+09, 9.543982e-02, 9.553931e-01, -7.870502e-01, -2.068948e+00, 7.711910e-10, 7.845541e-10, 4.575104e+01, -1.356006e-01
1.704800e+09, 9.791393e-02, 9.551518e-01, -8.054632e-01, -2.087680e+00, 7.700591e-10, 7.842423e-10, 4.579038e+01, -1.416339e-01
1.708600e+09, 1.003687e-01, 9.549070e-01, -8.238492e-01, -2.106405e+00, 7.689830e-10, 7.839246e-10, 4.582044e+01, -1.477095e-01
1.712400e+09, 1.028032e-01, 9.546591e-01, -8.422095e-01, -2.125122e+00, 7.679579e-10, 7.836015e-10, 4.584113e+01, -1.538201e-01
1.716200e+09, 1.052168e-01, 9.544082e-01, -8.605454e-01, -2.143831e+00, 7.669799e-10, 7.832733e-10, 4.585239e+01, -1.599582e-01
1.720000e+09, 1.076087e-01, 9.541547e-01, -8.788579e-01, -2.162533e+00, 7.660454e-10, 7.829403e-10, 4.585416e+01, -1.661161e-01
1.723800e+09, 1.099780e-01, 9.538987e-01, -8.971480e-01, -2.181226e+00, 7.651513e-10, 7.826029e-10, 4.584642e+01, -1.722863e-01
1.727600e+09, 1.123239e-01, 9.536406e-01, -9.154169e-01, -2.199912e+00, 7.642948e-10, 7.822614e-10, 4.582916e+01, -1.784613e-01
1.731400e+09, 1.146457e-01, 9.533805e-01, -9.336653e-01, -2.218589e+00, 7.634735e-10, 7.819163e-10, 4.580237e+01, -1.846335e-01
1.735200e+09, 1.169427e-01, 9.531188e-01, -9.518940e-01, -2.237258e+00, 7.626853e-10, 7.815680e-10, 4.576610e+01, -1.907953e-01
1.739000e+09, 1.192139e-01, 9.528557e-01, -9.701040e-01, -2.255919e+00, 7.619282e-10, 7.812167e-10, 4.572038e+01, -1.969392e-01
1.742800e+09, 1.214588e-01, 9.525914e-01, -9.882959e-01, -2.274572e+00, 7.612005e-10, 7.808630e-10, 4.566528e+01, -2.030577e-01
1.746600e+09, 1.236765e-01, 9.523264e-01, -1.006470e+00, -2.293216e+00, 7.605007e-10, 7.805071e-10, 4.560089e+01, -2.091435e-01
1.750400e+09, 1.258662e-01, 9.520607e-01, -1.024628e+00, -2.311851e+00, 7.598275e-10, 7.801496e-10, 4.552731e+01, -2.151892e-01
1.754200e+09, 1.280273e-01, 9.517948e-01, -1.042770e+00, -2.330478e+00, 7.591795e-10, 7.797909e-10, 4.544465e+01, -2.211875e-01
1.758000e+09, 1.301590e-01, 9.515289e-01, -1.060896e+00, -2.349096e+00, 7.585558e-10, 7.794312e-10, 4.535306e+01, -2.271312e-01
1.761800e+09, 1.322606e-01, 9.512632e-01, -1.079007e+00, -2.367706e+00, 7.579554e-10, 7.790711e-10, 4.525269e+01, -2.330133e-01
1.765600e+09, 1.343312e-01, 9.509981e-01, -1.097105e+00, -2.386307e+00, 7.573772e-10, 7.787109e-10, 4.514370e+01, -2.388267e-01
1.769400e+09, 1.363703e-01, 9.507337e-01, -1.115188e+00, -2.404900e+00, 7.568206e-10, 7.783511e-10, 4.502629e+01, -2.445648e-01
1.773200e+09, 1.383771e-01, 9.504705e-01, -1.133258e+00, -2.423484e+00, 7.562847e-10, 7.779921e-10, 4.490064e+01, -2.502207e-01
1.777000e+09, 1.403509e-01, 9.502086e-01, -1.151315e+00, -2.442059e+00, 7.557689e-10, 7.776343e-10, 4.476696e+01, -2.557880e-01
1.780800e+09, 1.422910e-01, 9.499485e-01, -1.169360e+00, -2.460626e+00, 7.552725e-10, 7.772782e-10, 4.462549e+01, -2.612601e-01
1.784600e+09, 1.441967e-01, 9.496902e-01, -1.187393e+00, -2.479185e+00, 7.547950e-10, 7.769240e-10, 4.447646e+01, -2.666308e-01
1.788400e+09, 1.460673e-01, 9.494341e-01, -1.205414e+00, -2.497734e+00, 7.543358e-10, 7.765723e-10, 4.432011e+01, -2.718940e-01
1.792200e+09, 1.479021e-01, 9.491806e-01, -1.223425e+00, -2.516276e+00, 7.538944e-10, 7.762235e-10, 4.415670e+01, -2.770438e-01
1.796000e+09, 1.497005e-01, 9.489298e-01, -1.241425e+00, -2.534809e+00, 7.534703e-10, 7.758780e-10, 4.398648e+01, -2.820743e-01
1.799800e+09, 1.514618e-01, 9.486820e-01, -1.259415e+00, -2.553334e+00, 7.530631e-10, 7.755361e-10, 4.380974e+01, -2.869800e-01
1.803600e+09, 1.531854e-01, 9.484375e-01, -1.277395e+00, -2.571851e+00, 7.526723e-10, 7.751984e-10, 4.362676e+01, -2.917555e-01
1.807400e+09, 1.548705e-01, 9.481966e-01, -1.295366e+00, -2.590360e+00, 7.522975e-10, 7.748651e-10, 4.343781e+01, -2.963955e-01
1.811200e+09, 1.565167e-01, 9.479596e-01, -1.313328e+00, -2.608860e+00, 7.519383e-10, 7.745367e-10, 4.324319e+01, -3.008948e-01
1.815000e+09, 1.581231e-01, 9.477266e-01, -1.331281e+00, -2.627353e+00, 7.515944e-10, 7.742136e-10, 4.304319e+01, -3.052487e-01
1.818800e+09, 1.596892e-01, 9.474980e-01, -1.349226e+00, -2.645838e+00, 7.512653e-10, 7.738962e-10, 4.283812e+01, -3.094525e-01
1.822600e+09, 1.612144e-01, 9.472739e-01, -1.367164e+00, -2.664316e+00, 7.509508e-10, 7.735848e-10, 4.262827e+01, -3.135015e-01
1.826400e+09, 1.626980e-01, 9.470548e-01, -1.385093e+00, -2.682786e+00, 7.506503e-10, 7.732799e-10, 4.241395e+01, -3.173915e-01
1.830200e+09, 1.641395e-01, 9.468407e-01, -1.403016e+00, -2.701249e+00, 7.503637e-10, 7.729818e-10, 4.219547e+01, -3.211183e-01
1.834000e+09, 1.655383e-01, 9.466319e-01, -1.420932e+00, -2.719705e+00, 7.500905e-10, 7.726908e-10, 4.197312e+01, -3.246779e-01
1.837800e+09, 1.668937e-01, 9.464288e-01, -1.438841e+00, -2.738154e+00, 7.498303e-10, 7.724074e-10, 4.174721e+01, -3.280666e-01
1.841600e+09, 1.682053e-01, 9.462314e-01, -1.456744e+00, -2.756596e+00, 7.495828e-10, 7.721318e-10, 4.151806e+01, -3.312807e-01
1.845400e+09, 1.694724e-01, 9.460401e-01, -1.474641e+00, -2.775031e+00, 7.493478e-10, 7.718645e-10, 4.128596e+01, -3.343168e-01
1.849200e+09, 1.706944e-01, 9.458550e-01, -1.492533e+00, -2.793461e+00, 7.491247e-10, 7.716057e-10, 4.105123e+01, -3.371717e-01
1.853000e+09, 1.718709e-01, 9.456764e-01, -1.510419e+00, -2.811883e+00, 7.489132e-10, 7.713558e-10, 4.081415e+01, -3.398422e-01
1.856800e+09, 1.730012e-01, 9.455045e-01, -1.528300e+00, -2.830300e+00, 7.487131e-10, 7.711151e-10, 4.057502e+01, -3.423255e-01
1.860600e+09, 1.740849e-01, 9.453394e-01, -1.546176e+00, -2.848712e+00, 7.485238e-10, 7.708840e-10, 4.033416e+01, -3.446188e-01
1.864400e+09, 1.751214e-01, 9.451814e-01, -1.564048e+00, -2.867117e+00, 7.483451e-10, 7.706626e-10, 4.009183e+01, -3.467197e-01
1.868200e+09, 1.761102e-01, 9.450307e-01, -1.581916e+00, -2.885518e+00, 7.481765e-10, 7.704514e-10, 3.984835e+01, -3.486256e-01
1.872000e+09, 1.770509e-01, 9.448874e-01, -1.599779e+00, -2.903913e+00, 7.480177e-10, 7.702505e-10, 3.960398e+01, -3.503344e-01
1.875800e+09, 1.779428e-01, 9.447518e-01, -1.617639e+00, -2.922304e+00, 7.478683e-10, 7.700604e-10, 3.935901e+01, -3.518440e-01
1.879600e+09, 1.787856e-01, 9.446239e-01, -1.635495e+00, -2.940690e+00, 7.477278e-10, 7.698811e-10, 3.911373e+01, -3.531527e-01
1.883400e+09, 1.795788e-01, 9.445040e-01, -1.653348e+00, -2.959072e+00, 7.475958e-10, 7.697131e-10, 3.886839e+01, -3.542586e-01
1.887200e+09, 1.803219e-01, 9.443922e-01, -1.671198e+00, -2.977449e+00, 7.474720e-10, 7.695565e-10, 3.862328e+01, -3.551602e-01
1.891000e+09, 1.810144e-01, 9.442886e-01, -1.689044e+00, -2.995823e+00, 7.473559e-10, 7.694116e-10, 3.837865e+01, -3.558561e-01
1.894800e+09, 1.816560e-01, 9.441935e-01, -1.706888e+00, -3.014194e+00, 7.472470e-10, 7.692786e-10, 3.813477e+01, -3.563452e-01
1.898600e+09, 1.822461e-01, 9.441068e-01, -1.724730e+00, -3.032561e+00, 7.471450e-10, 7.691578e-10, 3.789188e+01, -3.566265e-01
1.902400e+09, 1.827844e-01, 9.440289e-01, -1.742569e+00, -3.050926e+00, 7.470492e-10, 7.690493e-10, 3.765025e+01, -3.566990e-01
1.906200e+09, 1.832705e-01, 9.439596e-01, -1.760405e+00, -3.069288e+00, 7.469594e-10, 7.689534e-10, 3.741011e+01, -3.565621e-01
1.910000e+09, 1.837040e-01, 9.438993e-01, -1.778240e+00, -3.087647e+00, 7.468749e-10, 7.688702e-10, 3.717170e+01, -3.562153e-01
1.913800e+09, 1.840846e-01, 9.438480e-01, -1.796072e+00, -3.106005e+00, 7.467952e-10, 7.688000e-10, 3.693526e+01, -3.556582e-01
1.917600e+09, 1.844117e-01, 9.438057e-01, -1.813903e+00, -3.124361e+00, 7.467200e-10, 7.687428e-10, 3.670103e+01, -3.548907e-01
1.921400e+09, 1.846852e-01, 9.437725e-01, -1.831731e+00, 3.140470e+00, 7.466486e-10, 7.686990e-10, 3.646922e+01, -3.539128e-01
1.925200e+09, 1.849047e-01, 9.437486e-01, -1.849558e+00, 3.122116e+00, 7.465804e-10, 7.686686e-10, 3.624006e+01, -3.527247e-01
1.929000e+09, 1.850697e-01, 9.437340e-01, -1.867384e+00, 3.103764e+00, 7.465151e-10, 7.686518e-10, 3.601378e+01, -3.513270e-01
1.932800e+09, 1.851802e-01, 9.437287e-01, -1.885208e+00, 3.085411e+00, 7.464519e-10, 7.686487e-10, 3.579057e+01, -3.497200e-01
1.936600e+09, 1.852356e-01, 9.437329e-01, -1.903030e+00, 3.067059e+00, 7.463903e-10, 7.686595e-10, 3.557065e+01, -3.479048e-01
1.940400e+09, 1.852358e-01, 9.437464e-01, -1.920851e+00, 3.048706e+00, 7.463296e-10, 7.686843e-10, 3.535422e+01, -3.458823e-01
1.944200e+09, 1.851805e-01, 9.437695e-01, -1.938671e+00, 3.030353e+00, 7.462694e-10, 7.687232e-10, 3.514149e+01, -3.436537e-01
1.948000e+09, 1.850695e-01, 9.438020e-01, -1.956489e+00, 3.011999e+00, 7.462088e-10, 7.687763e-10, 3.493265e+01, -3.412205e-01
1.951800e+09, 1.849024e-01, 9.438440e-01, -1.974305e+00, 2.993643e+00, 7.461473e-10, 7.688437e-10, 3.472789e+01, -3.385844e-01
1.955600e+09, 1.846792e-01, 9.438955e-01, -1.992120e+00, 2.975287e+00, 7.460841e-10, 7.689255e-10, 3.452739e+01, -3.357472e-01
1.959400e+09, 1.843995e-01, 9.439566e-01, -2.009934e+00, 2.956928e+00, 7.460185e-10, 7.690218e-10, 3.433135e+01, -3.327112e-01
1.963200e+09, 1.840633e-01, 9.440270e-01, -2.027746e+00, 2.938566e+00, 7.459499e-10, 7.691326e-10, 3.413994e+01, -3.294787e-01
1.967000e+09, 1.836702e-01, 9.441070e-01, -2.045556e+00, 2.920202e+00, 7.458774e-10, 7.692580e-10, 3.395334e+01, -3.260523e-01
1.970800e+09, 1.832202e-01, 9.441963e-01, -2.063365e+00, 2.901836e+00, 7.458001e-10, 7.693980e-10, 3.377171e+01, -3.224349e-01
1.974600e+09, 1.827132e-01, 9.442950e-01, -2.081172e+00, 2.883465e+00, 7.457174e-10, 7.695527e-10, 3.359523e+01, -3.186297e-01
1.978400e+09, 1.821490e-01, 9.444030e-01, -2.098976e+00, 2.865091e+00, 7.456283e-10, 7.697221e-10, 3.342406e+01, -3.146401e-01
1.982200e+09, 1.815274e-01, 9.445203e-01, -2.116779e+00, 2.846713e+00, 7.455319e-10, 7.699061e-10, 3.325837e+01, -3.104698e-01
1.986000e+09, 1.808485e-01, 9.446467e-01, -2.134579e+00, 2.828331e+00, 7.454272e-10, 7.701048e-10, 3.309830e+01, -3.061227e-01
1.989800e+09, 1.801122e-01, 9.447821e-01, -2.152377e+00, 2.809944e+00, 7.453133e-10, 7.703182e-10, 3.294400e+01, -3.016032e-01
1.993600e+09, 1.793183e-01, 9.449265e-01, -2.170173e+00, 2.791552e+00, 7.451891e-10, 7.705461e-10, 3.279564e+01, -2.969157e-01
1.997400e+09, 1.784670e-01, 9.450797e-01, -2.187965e+00, 2.773154e+00, 7.450535e-10, 7.707886e-10, 3.265335e+01, -2.920651e-01
2.001200e+09, 1.775581e-01, 9.452416e-01, -2.205754e+00, 2.754751e+00, 7.449053e-10, 7.710455e-10, 3.251726e+01, -2.870565e-01
2.005000e+09, 1.765916e-01, 9.454121e-01, -2.223539e+00, 2.736341e+00, 7.447433e-10, 7.713168e-10, 3.238753e+01, -2.818953e-01
2.008800e+09, 1.755677e-01, 9.455910e-01, -2.241321e+00, 2.717925e+00, 7.445661e-10, 7.716023e-10, 3.226427e+01, -2.765871e-01
2.012600e+09, 1.744862e-01, 9.457781e-01, -2.259098e+00, 2.699502e+00, 7.443725e-10, 7.719019e-10, 3.214762e+01, -2.711381e-01
2.016400e+09, 1.733474e-01, 9.459733e-01, -2.276871e+00, 2.681072e+00, 7.441609e-10, 7.722154e-10, 3.203770e+01, -2.655545e-01
2.020200e+09, 1.721513e-01, 9.461764e-01, -2.294638e+00, 2.662635e+00, 7.439298e-10, 7.725426e-10, 3.193463e+01, -2.598429e-01
2.024000e+09, 1.708979e-01, 9.463872e-01, -2.312401e+00, 2.644189e+00, 7.436775e-10, 7.728833e-10, 3.183853e+01, -2.540101e-01
2.027800e+09, 1.695875e-01, 9.466054e-01, -2.330157e+00, 2.625736e+00, 7.434022e-10, 7.732373e-10, 3.174949e+01, -2.480633e-01
2.031600e+09, 1.682201e-01, 9.468309e-01, -2.347906e+00, 2.607274e+00, 7.431019e-10, 7.736043e-10, 3.166763e+01, -2.420098e-01
2.035400e+09, 1.667959e-01, 9.470633e-01, -2.365649e+00, 2.588803e+00, 7.427748e-10, 7.739840e-10, 3.159305e+01, -2.358575e-01
2.039200e+09, 1.653151e-01, 9.473025e-01, -2.383383e+00, 2.570324e+00, 7.424184e-10, 7.743761e-10, 3.152583e+01, -2.296143e-01
2.043000e+09, 1.637779e-01, 9.475482e-01, -2.401109e+00, 2.551835e+00, 7.420305e-10, 7.747802e-10, 3.146608e+01, -2.232882e-01
2.046800e+09, 1.621845e-01, 9.478000e-01, -2.418826e+00, 2.533336e+00, 7.416084e-10, 7.751959e-10, 3.141386e+01, -2.168879e-01
2.050600e+09, 1.605352e-01, 9.480577e-01, -2.436533e+00, 2.514827e+00, 7.411494e-10, 7.756228e-10, 3.136927e+01, -2.104218e-01
2.054400e+09, 1.588302e-01, 9.483211e-01, -2.454229e+00, 2.496308e+00, 7.406504e-10, 7.760604e-10, 3.133237e+01, -2.038990e-01
2.058200e+09, 1.570699e-01, 9.485897e-01, -2.471912e+00, 2.477779e+00, 7.401081e-10, 7.765084e-10, 3.130323e+01, -1.973283e-01
2.062000e+09, 1.552544e-01, 9.488632e-01, -2.489583e+00, 2.459239e+00, 7.395189e-10, 7.769661e-10, 3.128191e+01, -1.907192e-01
2.065800e+09, 1.533843e-01, 9.491414e-01, -2.507240e+00, 2.440688e+00, 7.388790e-10, 7.774331e-10, 3.126846e+01, -1.840808e-01
2.069600e+09, 1.514597e-01, 9.494238e-01, -2.524882e+00, 2.422126e+00, 7.381839e-10, 7.779088e-10, 3.126293e+01, -1.774229e-01
2.073400e+09, 1.494812e-01, 9.497100e-01, -2.542507e+00, 2.403553e+00, 7.374289e-10, 7.783926e-10, 3.126536e+01, -1.707550e-01
2.077200e+09, 1.474490e-01, 9.499998e-01, -2.560114e+00, 2.384968e+00, 7.366088e-10, 7.788838e-10, 3.127579e+01, -1.640869e-01
2.081000e+09, 1.453636e-01, 9.502928e-01, -2.577701e+00, 2.366371e+00, 7.357180e-10, 7.793819e-10, 3.129424e+01, -1.574284e-01
2.084800e+09, 1.432254e-01, 9.505884e-01, -2.595267e+00, 2.347762e+00, 7.347498e-10, 7.798862e-10, 3.132074e+01, -1.507894e-01
2.088600e+09, 1.410350e-01, 9.508864e-01, -2.612810e+00, 2.329142e+00, 7.336975e-10, 7.803959e-10, 3.135529e+01, -1.441799e-01
2.092400e+09, 1.387927e-01, 9.511864e-01, -2.630328e+00, 2.310509e+00, 7.325529e-10, 7.809105e-10, 3.139791e+01, -1.376096e-01
2.096200e+09, 1.364991e-01, 9.514878e-01, -2.647818e+00, 2.291864e+00, 7.313075e-10, 7.814291e-10, 3.144860e+01, -1.310887e-01
2.100000e+09, 1.341547e-01, 9.517904e-01, -2.665279e+00, 2.273206e+00, 7.299513e-10, 7.819511e-10, 3.150734e+01, -1.246269e-01
2.103800e+09, 1.317601e-01, 9.520936e-01, -2.682707e+00, 2.254536e+00, 7.284734e-10, 7.824757e-10, 3.157412e+01, -1.182341e-01
2.107600e+09, 1.293157e-01, 9.523970e-01, -2.700101e+00, 2.235854e+00, 7.268613e-10, 7.830022e-10, 3.164892e+01, -1.119201e-01
2.111400e+09, 1.268223e-01, 9.527002e-01, -2.717455e+00, 2.217159e+00, 7.251011e-10, 7.835297e-10, 3.173171e+01, -1.056946e-01
2.115200e+09, 1.242805e-01, 9.530028e-01, -2.734768e+00, 2.198451e+00, 7.231769e-10, 7.840575e-10, 3.182244e+01, -9.956704e-02
2.119000e+09, 1.216907e-01, 9.533043e-01, -2.752034e+00, 2.179731e+00, 7.210707e-10, 7.845849e-10, 3.192108e+01, -9.354688e-02
2.122800e+09, 1.190539e-01, 9.536043e-01, -2.769251e+00, 2.160998e+00, 7.187619e-10, 7.851111e-10, 3.202757e+01, -8.764340e-02
2.126600e+09, 1.163705e-01, 9.539023e-01, -2.786412e+00, 2.142253e+00, 7.162269e-10, 7.856352e-10, 3.214184e+01, -8.186566e-02
2.130400e+09, 1.136413e-01, 9.541978e-01, -2.803513e+00, 2.123495e+00, 7.134387e-10, 7.861566e-10, 3.226383e+01, -7.622256e-02
2.134200e+09, 1.108670e-01, 9.544905e-01, -2.820547e+00, 2.104724e+00, 7.103659e-10, 7.866745e-10, 3.239345e+01, -7.072280e-02
2.138000e+09, 1.080485e-01, 9.547799e-01, -2.837508e+00, 2.085942e+00, 7.069722e-10, 7.871881e-10, 3.253062e+01, -6.537482e-02
2.141800e+09, 1.051864e-01, 9.550655e-01, -2.854387e+00, 2.067147e+00, 7.032152e-10, 7.876967e-10, 3.267525e+01, -6.018687e-02
2.145600e+09, 1.022815e-01, 9.553469e-01, -2.871177e+00, 2.048340e+00, 6.990455e-10, 7.881995e-10, 3.282722e+01, -5.516692e-02
2.149400e+09, 9.933470e-02, 9.556238e-01, -2.887868e+00, 2.029521e+00, 6.944045e-10, 7.886958e-10, 3.298643e+01, -5.032269e-02
2.153200e+09, 9.634680e-02, 9.558955e-01, -2.904448e+00, 2.010690e+00, 6.892232e-10, 7.891850e-10, 3.315276e+01, -4.566162e-02
2.157000e+09, 9.331866e-02, 9.561618e-01, -2.920904e+00, 1.991847e+00, 6.834189e-10, 7.896662e-10, 3.332607e+01, -4.119089e-02
2.160800e+09, 9.025119e-02, 9.564222e-01, -2.937221e+00, 1.972993e+00, 6.768930e-10, 7.901390e-10, 3.350623e+01, -3.691737e-02
2.164600e+09, 8.714529e-02, 9.566763e-01, -2.953383e+00, 1.954127e+00, 6.695259e-10, 7.906024e-10, 3.369309e+01, -3.284766e-02
2.168400e+09, 8.400191e-02, 9.569236e-01, -2.969368e+00, 1.935251e+00, 6.611725e-10, 7.910561e-10, 3.388649e+01, -2.898802e-02
2.172200e+09, 8.082201e-02, 9.571639e-01, -2.985154e+00, 1.916363e+00, 6.516544e-10, 7.914992e-10, 3.408626e+01, -2.534445e-02
2.176000e+09, 7.760659e-02, 9.573967e-01, -3.000713e+00, 1.897466e+00, 6.407512e-10, 7.919313e-10, 3.429223e+01, -2.192261e-02
2.179800e+09, 7.435670e-02, 9.576216e-01, -3.016012e+00, 1.878557e+00, 6.281874e-10, 7.923516e-10, 3.450422e+01, -1.872784e-02
2.183600e+09, 7.107338e-02, 9.578382e-01, -3.031011e+00, 1.859639e+00, 6.136153e-10, 7.927597e-10, 3.472202e+01, -1.576519e-02
2.187400e+09, 6.775776e-02, 9.580462e-01, -3.045661e+00, 1.840711e+00, 5.965909e-10, 7.931550e-10, 3.494543e+01, -1.303937e-02
2.191200e+09, 6.441097e-02, 9.582453e-01, -3.059906e+00, 1.821774e+00, 5.765403e-10, 7.935369e-10, 3.517423e+01, -1.055477e-02
2.195000e+09, 6.103423e-02, 9.584351e-01, -3.073671e+00, 1.802827e+00, 5.527114e-10, 7.939050e-10, 3.540821e+01, -8.315475e-03
2.198800e+09, 5.762880e-02, 9.586153e-01, -3.086868e+00, 1.783872e+00, 5.241025e-10, 7.942587e-10, 3.564712e+01, -6.325227e-03
2.202600e+09, 5.419603e-02, 9.587855e-01, -3.099381e+00, 1.764908e+00, 4.893575e-10, 7.945976e-10, 3.589071e+01, -4.587453e-03
2.206400e+09, 5.073736e-02, 9.589455e-01, -3.111065e+00, 1.745936e+00, 4.466034e-10, 7.949212e-10, 3.613873e+01, -3.105257e-03
2.210200e+09, 4.725438e-02, 9.590949e-01, -3.121728e+00, 1.726956e+00, 3.931959e-10, 7.952291e-10, 3.639091e+01, -1.881416e-03
2.214000e+09, 4.374884e-02, 9.592335e-01, -3.131116e+00, 1.707969e+00, 3.253068e-10, 7.955209e-10, 3.664697e+01, -9.183849e-04
2.217800e+09, 4.022276e-02, 9.593610e-01, -3.138884e+00, 1.688975e+00, 2.372290e-10, 7.957961e-10, 3.690662e+01, -2.182921e-04
2.221600e+09, 3.667853e-02, 9.594771e-01, 3.138638e+00, 1.669975e+00, 1.201608e-10, 7.960543e-10, 3.716955e+01, 2.170583e-04
2.225400e+09, 3.311912e-02, 9.595817e-01, 3.135769e+00, 1.650968e+00, -4.002917e-11, 7.962953e-10, 3.743545e+01, 3.861878e-04
2.229200e+09, 2.954839e-02, 9.596744e-01, 3.136724e+00, 1.631956e+00, -2.671449e-10, 7.965187e-10, 3.770400e+01, 2.879441e-04
2.233000e+09, 2.597175e-02, 9.597551e-01, -3.140082e+00, 1.612938e+00, -6.036878e-10, 7.967240e-10, 3.797486e+01, -7.849786e-05
2.236800e+09, 2.239737e-02, 9.598236e-01, -3.125669e+00, 1.593915e+00, -1.131162e-09, 7.969112e-10, 3.824768e+01, -7.136353e-04
2.240600e+09, 1.883878e-02, 9.598797e-01, -3.098661e+00, 1.574888e+00, -2.020267e-09, 7.970797e-10, 3.852210e+01, -1.617636e-03
2.244400e+09, 1.532097e-02, 9.599231e-01, -3.050425e+00, 1.555857e+00, -3.668500e-09, 7.972294e-10, 3.879776e+01, -2.790336e-03
2.248200e+09, 1.189681e-02, 9.599538e-01, -2.962835e+00, 1.536822e+00, -7.104613e-09, 7.973600e-10, 3.907426e+01, -4.231240e-03
2.252000e+09, 8.698646e-03, 9.599716e-01, -2.793205e+00, 1.517784e+00, -1.485470e-08, 7.974713e-10, 3.935122e+01, -5.939516e-03
2.255800e+09, 6.120024e-03, 9.599763e-01, -2.438533e+00, 1.498744e+00, -2.669782e-08, 7.975630e-10, 3.962824e+01, -7.913997e-03
2.259600e+09, 5.214287e-03, 9.599680e-01, -1.801093e+00, 1.479701e+00, -2.398137e-08, 7.976350e-10, 3.990490e+01, -1.015317e-02
2.263400e+09, 6.717322e-03, 9.599463e-01, -1.228511e+00, 1.460657e+00, -1.219294e-08, 7.976871e-10, 4.018077e+01, -1.265520e-02
2.267200e+09, 9.564123e-03, 9.599114e-01, -9.373910e-01, 1.441611e+00, -5.918438e-09, 7.977191e-10, 4.045543e+01, -1.541787e-02
2.271000e+09, 1.290032e-02, 9.598631e-01, -7.960818e-01, 1.422565e+00, -3.121176e-09, 7.977309e-10, 4.072843e+01, -1.843866e-02
2.274800e+09, 1.643478e-02, 9.598013e-01, -7.215603e-01, 1.403518e+00, -1.735728e-09, 7.977224e-10, 4.099932e+01, -2.171466e-02
2.278600e+09, 2.006556e-02, 9.597261e-01, -6.801179e-01, 1.384472e+00, -9.676113e-10, 7.976934e-10, 4.126765e+01, -2.524264e-02
2.282400e+09, 2.374989e-02, 9.596374e-01, -6.570151e-01, 1.365426e+00, -5.022806e-10, 7.976439e-10, 4.153295e+01, -2.901900e-02
2.286200e+09, 2.746671e-02, 9.595352e-01, -6.450226e-01, 1.346381e+00, -2.006245e-10, 7.975738e-10, 4.179476e+01, -3.303978e-02
2.290000e+09, 3.120420e-02, 9.594196e-01, -6.402324e-01, 1.327338e+00, 5.462664e-12, 7.974832e-10, 4.205261e+01, -3.730067e-02
2.293800e+09, 3.495499e-02, 9.592905e-01, -6.403629e-01, 1.308297e+00, 1.522246e-10, 7.973719e-10, 4.230600e+01, -4.179701e-02
2.297600e+09, 3.871403e-02, 9.591480e-01, -6.439974e-01, 1.289259e+00, 2.602985e-10, 7.972400e-10, 4.255448e+01, -4.652376e-02
2.301400e+09, 4.247760e-02, 9.589922e-01, -6.502123e-01, 1.270224e+00, 3.421026e-10, 7.970876e-10, 4.279756e+01, -5.147554e-02
2.305200e+09, 4.624275e-02, 9.588232e-01, -6.583804e-01, 1.251193e+00, 4.054594e-10, 7.969146e-10, 4.303475e+01, -5.664660e-02
2.309000e+09, 5.000703e-02, 9.586410e-01, -6.680612e-01, 1.232166e+00, 4.554894e-10, 7.967212e-10, 4.326560e+01, -6.203086e-02
2.312800e+09, 5.376833e-02, 9.584458e-01, -6.789365e-01, 1.213143e+00, 4.956556e-10, 7.965074e-10, 4.348961e+01, -6.762186e-02
2.316600e+09, 5.752472e-02, 9.582377e-01, -6.907708e-01, 1.194126e+00, 5.283664e-10, 7.962735e-10, 4.370634e+01, -7.341282e-02
2.320400e+09, 6.127446e-02, 9.580169e-01, -7.033861e-01, 1.175114e+00, 5.553385e-10, 7.960195e-10, 4.391531e+01, -7.939659e-02
2.324200e+09, 6.501591e-02, 9.577835e-01, -7.166455e-01, 1.156108e+00, 5.778213e-10, 7.957456e-10, 4.411609e+01, -8.556571e-02
2.328000e+09, 6.874750e-02, 9.575377e-01, -7.304416e-01, 1.137109e+00, 5.967420e-10, 7.954521e-10, 4.430822e+01, -9.191240e-02
2.331800e+09, 7.246773e-02, 9.572798e-01, -7.446895e-01, 1.118116e+00, 6.127999e-10, 7.951391e-10, 4.449129e+01, -9.842854e-02
2.335600e+09, 7.617514e-02, 9.570098e-01, -7.593207e-01, 1.099131e+00, 6.265306e-10, 7.948069e-10, 4.466488e+01, -1.051057e-01
2.339400e+09, 7.986833e-02, 9.567281e-01, -7.742798e-01, 1.080155e+00, 6.383497e-10, 7.944558e-10, 4.482859e+01, -1.119353e-01
2.343200e+09, 8.354590e-02, 9.564349e-01, -7.895211e-01, 1.061186e+00, 6.485838e-10, 7.940861e-10, 4.498206e+01, -1.189082e-01
2.347000e+09, 8.720650e-02, 9.561305e-01, -8.050068e-01, 1.042226e+00, 6.574925e-10, 7.936981e-10, 4.512491e+01, -1.260152e-01
2.350800e+09, 9.084879e-02, 9.558152e-01, -8.207051e-01, 1.023276e+00, 6.652839e-10, 7.932921e-10, 4.525682e+01, -1.332469e-01
2.354600e+09, 9.447147e-02, 9.554892e-01, -8.365895e-01, 1.004335e+00, 6.721268e-10, 7.928687e-10, 4.537748e+01, -1.405935e-01
2.358400e+09, 9.807322e-02, 9.551528e-01, -8.526373e-01, 9.854046e-01, 6.781591e-10, 7.924280e-10, 4.548658e+01, -1.480452e-01
2.362200e+09, 1.016528e-01, 9.548064e-01, -8.688291e-01, 9.664845e-01, 6.834942e-10, 7.919707e-10, 4.558388e+01, -1.555918e-01
2.366000e+09, 1.052089e-01, 9.544504e-01, -8.851483e-01, 9.475753e-01, 6.882264e-10, 7.914972e-10, 4.566914e+01, -1.632230e-01
2.369800e+09, 1.087403e-01, 9.540851e-01, -9.015804e-01, 9.286774e-01, 6.924344e-10, 7.910078e-10, 4.574215e+01, -1.709285e-01
2.373600e+09, 1.122457e-01, 9.537108e-01, -9.181131e-01, 9.097913e-01, 6.961844e-10, 7.905032e-10, 4.580274e+01, -1.786978e-01
2.377400e+09, 1.157240e-01, 9.533279e-01, -9.347353e-01, 8.909171e-01, 6.995323e-10, 7.899839e-10, 4.585076e+01, -1.865202e-01
2.381200e+09, 1.191740e-01, 9.529369e-01, -9.514374e-01, 8.720554e-01, 7.025258e-10, 7.894504e-10, 4.588609e+01, -1.943851e-01
2.385000e+09, 1.225943e-01, 9.525381e-01, -9.682109e-01, 8.532064e-01, 7.052055e-10, 7.889034e-10, 4.590865e+01, -2.022818e-01
2.388800e+09, 1.259840e-01, 9.521320e-01, -9.850485e-01, 8.343704e-01, 7.076066e-10, 7.883433e-10, 4.591840e+01, -2.101994e-01
2.392600e+09, 1.293417e-01, 9.517189e-01, -1.001943e+00, 8.155479e-01, 7.097591e-10, 7.877709e-10, 4.591531e+01, -2.181274e-01
2.396400e+09, 1.326665e-01, 9.512994e-01, -1.018890e+00, 7.967390e-01, 7.116894e-10, 7.871868e-10, 4.589939e+01, -2.260549e-01
2.400200e+09, 1.359570e-01, 9.508739e-01, -1.035882e+00, 7.779440e-01, 7.134203e-10, 7.865916e-10, 4.587069e+01, -2.339715e-01
2.404000e+09, 1.392123e-01, 9.504429e-01, -1.052916e+00, 7.591633e-01, 7.149717e-10, 7.859860e-10, 4.582929e+01, -2.418664e-01
2.407800e+09, 1.424312e-01, 9.500068e-01, -1.069986e+00, 7.403970e-01, 7.163613e-10, 7.853709e-10, 4.577529e+01, -2.497294e-01
2.411600e+09, 1.456126e-01, 9.495661e-01, -1.087090e+00, 7.216454e-01, 7.176046e-10, 7.847468e-10, 4.570883e+01, -2.575501e-01
2.415400e+09, 1.487555e-01, 9.491213e-01, -1.104224e+00, 7.029087e-01, 7.187152e-10, 7.841145e-10, 4.563006e+01, -2.653183e-01
2.419200e+09, 1.518587e-01, 9.486729e-01, -1.121384e+00, 6.841871e-01, 7.197052e-10, 7.834748e-10, 4.553920e+01, -2.730241e-01
2.423000e+09, 1.549213e-01, 9.482214e-01, -1.138568e+00, 6.654808e-01, 7.205856e-10, 7.828285e-10, 4.543644e+01, -2.806576e-01
2.426800e+09, 1.579423e-01, 9.477674e-01, -1.155773e+00, 6.467899e-01, 7.213661e-10, 7.821763e-10, 4.532204e+01, -2.882093e-01
2.430600e+09, 1.609206e-01, 9.473113e-01, -1.172996e+00, 6.281146e-01, 7.220552e-10, 7.815191e-10, 4.519627e+01, -2.956698e-01
2.434400e+09, 1.638552e-01, 9.468537e-01, -1.190236e+00, 6.094549e-01, 7.226609e-10, 7.808577e-10, 4.505941e+01, -3.030300e-01
2.438200e+09, 1.667452e-01, 9.463950e-01, -1.207490e+00, 5.908111e-01, 7.231901e-10, 7.801929e-10, 4.491177e+01, -3.102811e-01
2.442000e+09, 1.695895e-01, 9.459359e-01, -1.224757e+00, 5.721831e-01, 7.236492e-10, 7.795255e-10, 4.475369e+01, -3.174143e-01
2.445800e+09, 1.723874e-01, 9.454769e-01, -1.242035e+00, 5.535711e-01, 7.240440e-10, 7.788565e-10, 4.458550e+01, -3.244215e-01
2.449600e+09, 1.751377e-01, 9.450185e-01, -1.259322e+00, 5.349750e-01, 7.243798e-10, 7.781866e-10, 4.440757e+01, -3.312945e-01
2.453400e+09, 1.778397e-01, 9.445612e-01, -1.276618e+00, 5.163950e-01, 7.246612e-10, 7.775167e-10, 4.422027e+01, -3.380256e-01
2.457200e+09, 1.804923e-01, 9.441056e-01, -1.293920e+00, 4.978309e-01, 7.248926e-10, 7.768478e-10, 4.402399e+01, -3.446073e-01
2.461000e+09, 1.830949e-01, 9.436523e-01, -1.311228e+00, 4.792828e-01, 7.250781e-10, 7.761806e-10, 4.381913e+01, -3.510325e-01
2.464800e+09, 1.856464e-01, 9.432017e-01, -1.328540e+00, 4.607506e-01, 7.252212e-10, 7.755161e-10, 4.360608e+01, -3.572942e-01
2.468600e+09, 1.881460e-01, 9.427544e-01, -1.345855e+00, 4.422343e-01, 7.253254e-10, 7.748551e-10, 4.338526e+01, -3.633859e-01
2.472400e+09, 1.905929e-01, 9.423109e-01, -1.363173e+00, 4.237338e-01, 7.253936e-10, 7.741985e-10, 4.315709e+01, -3.693013e-01
2.476200e+09, 1.929864e-01, 9.418719e-01, -1.380493e+00, 4.052490e-01, 7.254288e-10, 7.735472e-10, 4.292198e+01, -3.750344e-01
2.480000e+09, 1.953255e-01, 9.414377e-01, -1.397813e+00, 3.867797e-01, 7.254335e-10, 7.729020e-10, 4.268036e+01, -3.805795e-01
2.483800e+09, 1.976096e-01, 9.410090e-01, -1.415134e+00, 3.683258e-01, 7.254101e-10, 7.722639e-10, 4.243264e+01, -3.859313e-01
2.487600e+09, 1.998378e-01, 9.405862e-01, -1.432453e+00, 3.498871e-01, 7.253609e-10, 7.716337e-10, 4.217926e+01, -3.910845e-01
2.491400e+09, 2.020094e-01, 9.401699e-01, -1.449772e+00, 3.314635e-01, 7.252878e-10, 7.710122e-10, 4.192063e+01, -3.960344e-01
2.495200e+09, 2.041238e-01, 9.397606e-01, -1.467089e+00, 3.130548e-01, 7.251929e-10, 7.704004e-10, 4.165717e+01, -4.007763e-01
2.499000e+09, 2.061801e-01, 9.393588e-01, -1.484404e+00, 2.946606e-01, 7.250779e-10, 7.697989e-10, 4.138930e+01, -4.053060e-01
2.502800e+09, 2.081777e-01, 9.389650e-01, -1.501716e+00, 2.762808e-01, 7.249443e-10, 7.692088e-10, 4.111741e+01, -4.096193e-01
2.506600e+09, 2.101158e-01, 9.385796e-01, -1.519025e+00, 2.579151e-01, 7.247937e-10, 7.686308e-10, 4.084193e+01, -4.137126e-01
2.510400e+09, 2.119940e-01, 9.382032e-01, -1.536330e+00, 2.395632e-01, 7.246275e-10, 7.680656e-10, 4.056324e+01, -4.175821e-01
2.514200e+09, 2.138114e-01, 9.378363e-01, -1.553632e+00, 2.212248e-01, 7.244469e-10, 7.675142e-10, 4.028175e+01, -4.212246e-01
2.518000e+09, 2.155675e-01, 9.374792e-01, -1.570928e+00, 2.028995e-01, 7.242531e-10, 7.669772e-10, 3.999782e+01, -4.246369e-01
2.521800e+09, 2.172616e-01, 9.371324e-01, -1.588221e+00, 1.845871e-01, 7.240472e-10, 7.664555e-10, 3.971185e+01, -4.278163e-01
2.525600e+09, 2.188931e-01, 9.367964e-01, -1.605508e+00, 1.662871e-01, 7.238302e-10, 7.659497e-10, 3.942420e+01, -4.307599e-01
2.529400e+09, 2.204615e-01, 9.364716e-01, -1.622790e+00, 1.479992e-01, 7.236030e-10, 7.654606e-10, 3.913523e+01, -4.334653e-01
2.533200e+09, 2.219662e-01, 9.361584e-01, -1.640067e+00, 1.297230e-01, 7.233663e-10, 7.649890e-10, 3.884529e+01, -4.359302e-01
2.537000e+09, 2.234067e-01, 9.358572e-01, -1.657338e+00, 1.114580e-01, 7.231210e-10, 7.645354e-10, 3.855473e+01, -4.381525e-01
2.540800e+09, 2.247823e-01, 9.355684e-01, -1.674604e+00, 9.320392e-02, 7.228676e-10, 7.641006e-10, 3.826389e+01, -4.401303e-01
2.544600e+09, 2.260926e-01, 9.352924e-01, -1.691863e+00, 7.496017e-02, 7.226069e-10, 7.636851e-10, 3.797308e+01, -4.418619e-01
2.548400e+09, 2.273371e-01, 9.350295e-01, -1.709116e+00, 5.672635e-02, 7.223392e-10, 7.632897e-10, 3.768263e+01, -4.433457e-01
2.552200e+09, 2.285153e-01, 9.347801e-01, -1.726363e+00, 3.850196e-02, 7.220651e-10, 7.629149e-10, 3.739285e+01, -4.445803e-01
2.556000e+09, 2.296267e-01, 9.345444e-01, -1.743603e+00, 2.028653e-02, 7.217849e-10, 7.625612e-10, 3.710404e+01, -4.455645e-01
2.559800e+09, 2.306708e-01, 9.343229e-01, -1.760836e+00, 2.079538e-03, 7.214989e-10, 7.622293e-10, 3.681650e+01, -4.462971e-01
2.563600e+09, 2.316473e-01, 9.341159e-01, -1.778063e+00, -1.611953e-02, 7.212074e-10, 7.619196e-10, 3.653049e+01, -4.467774e-01
2.567400e+09, 2.325556e-01, 9.339235e-01, -1.795282e+00, -3.431120e-02, 7.209106e-10, 7.616326e-10, 3.624631e+01, -4.470046e-01
2.571200e+09, 2.333953e-01, 9.337461e-01, -1.812495e+00, -5.249602e-02, 7.206086e-10, 7.613688e-10, 3.596422e+01, -4.469780e-01
2.575000e+09, 2.341662e-01, 9.335838e-01, -1.829700e+00, -7.067454e-02, 7.203014e-10, 7.611287e-10, 3.568448e+01, -4.466972e-01
2.578800e+09, 2.348677e-01, 9.334371e-01, -1.846898e+00, -8.884733e-02, 7.199890e-10, 7.609126e-10, 3.540735e+01, -4.461621e-01
2.582600e+09, 2.354995e-01, 9.333060e-01, -1.864089e+00, -1.070150e-01, 7.196714e-10, 7.607210e-10, 3.513308e+01, -4.453724e-01
2.586400e+09, 2.360612e-01, 9.331907e-01, -1.881272e+00, -1.251780e-01, 7.193484e-10, 7.605541e-10, 3.486189e+01, -4.443283e-01
2.590200e+09, 2.365526e-01, 9.330915e-01, -1.898447e+00, -1.433371e-01, 7.190198e-10, 7.604124e-10, 3.459404e+01, -4.430301e-01
2.594000e+09, 2.369733e-01, 9.330085e-01, -1.915614e+00, -1.614928e-01, 7.186853e-10, 7.602961e-10, 3.432974e+01, -4.414780e-01
2.597800e+09, 2.373229e-01, 9.329418e-01, -1.932774e+00, -1.796457e-01, 7.183446e-10, 7.602055e-10, 3.406921e+01, -4.396728e-01
2.601600e+09, 2.376012e-01, 9.328916e-01, -1.949925e+00, -1.977964e-01, 7.179973e-10, 7.601408e-10, 3.381269e+01, -4.376152e-01
2.605400e+09, 2.378080e-01, 9.328579e-01, -1.967068e+00, -2.159456e-01, 7.176429e-10, 7.601024e-10, 3.356036e+01, -4.353063e-01
2.609200e+09, 2.379429e-01, 9.328409e-01, -1.984203e+00, -2.340939e-01, 7.172808e-10, 7.600903e-10, 3.331245e+01, -4.327472e-01
2.613000e+09, 2.380057e-01, 9.328407e-01, -2.001328e+00, -2.522419e-01, 7.169104e-10, 7.601047e-10, 3.306915e+01, -4.299393e-01
2.616800e+09, 2.379962e-01, 9.328571e-01, -2.018445e+00, -2.703902e-01, 7.165310e-10, 7.601458e-10, 3.283066e+01, -4.268844e-01
2.620600e+09, 2.379141e-01, 9.328904e-01, -2.035553e+00, -2.885396e-01, 7.161418e-10, 7.602136e-10, 3.259717e+01, -4.235842e-01
2.624400e+09, 2.377593e-01, 9.329405e-01, -2.052652e+00, -3.066905e-01, 7.157419e-10, 7.603083e-10, 3.236887e+01, -4.200409e-01
2.628200e+09, 2.375316e-01, 9.330074e-01, -2.069741e+00, -3.248437e-01, 7.153304e-10, 7.604299e-10, 3.214594e+01, -4.162570e-01
2.632000e+09, 2.372308e-01, 9.330910e-01, -2.086821e+00, -3.429998e-01, 7.149061e-10, 7.605784e-10, 3.192857e+01, -4.122349e-01
2.635800e+09, 2.368567e-01, 9.331914e-01, -2.103890e+00, -3.611594e-01, 7.144681e-10, 7.607538e-10, 3.171693e+01, -4.079778e-01
2.639600e+09, 2.364093e-01, 9.333084e-01, -2.120948e+00, -3.793233e-01, 7.140148e-10, 7.609561e-10, 3.151119e+01, -4.034888e-01
2.643400e+09, 2.358884e-01, 9.334420e-01, -2.137996e+00, -3.974919e-01, 7.135451e-10, 7.611852e-10, 3.131153e+01, -3.987714e-01
2.647200e+09, 2.352940e-01, 9.335920e-01, -2.155033e+00, -4.156661e-01, 7.130575e-10, 7.614410e-10, 3.111811e+01, -3.938296e-01
2.651000e+09, 2.346258e-01, 9.337583e-01, -2.172058e+00, -4.338463e-01, 7.125503e-10, 7.617234e-10, 3.093109e+01, -3.886675e-01
2.654800e+09, 2.338840e-01, 9.339408e-01, -2.189071e+00, -4.520333e-01, 7.120217e-10, 7.620322e-10, 3.075064e+01, -3.832896e-01
2.658600e+09, 2.330684e-01, 9.341393e-01, -2.206071e+00, -4.702277e-01, 7.114700e-10, 7.623673e-10, 3.057691e+01, -3.777008e-01
2.662400e+09, 2.321789e-01, 9.343536e-01, -2.223058e+00, -4.884300e-01, 7.108931e-10, 7.627284e-10, 3.041005e+01, -3.719064e-01
2.666200e+09, 2.312157e-01, 9.345834e-01, -2.240032e+00, -5.066410e-01, 7.102889e-10, 7.631152e-10, 3.025022e+01, -3.659120e-01
2.670000e+09, 2.301787e-01, 9.348287e-01, -2.256991e+00, -5.248612e-01, 7.096549e-10, 7.635276e-10, 3.009757e+01, -3.597236e-01
2.673800e+09, 2.290679e-01, 9.350890e-01, -2.273935e+00, -5.430913e-01, 7.089887e-10, 7.639651e-10, 2.995223e+01, -3.533476e-01
2.677600e+09, 2.278834e-01, 9.353642e-01, -2.290862e+00, -5.613318e-01, 7.082876e-10, 7.644274e-10, 2.981434e+01, -3.467907e-01
2.681400e+09, 2.266252e-01, 9.356539e-01, -2.307774e+00, -5.795834e-01, 7.075485e-10, 7.649141e-10, 2.968406e+01, -3.400601e-01
2.685200e+09, 2.252935e-01, 9.359578e-01, -2.324667e+00, -5.978465e-01, 7.067683e-10, 7.654249e-10, 2.956150e+01, -3.331635e-01
2.689000e+09, 2.238883e-01, 9.362756e-01, -2.341542e+00, -6.161219e-01, 7.059437e-10, 7.659591e-10, 2.944680e+01, -3.261088e-01
2.692800e+09, 2.224098e-01, 9.366070e-01, -2.358397e+00, -6.344100e-01, 7.050708e-10, 7.665165e-10, 2.934008e+01, -3.189043e-01
2.696600e+09, 2.208581e-01, 9.369514e-01, -2.375231e+00, -6.527114e-01, 7.041458e-10, 7.670963e-10, 2.924146e+01, -3.115589e-01
2.700400e+09, 2.192334e-01, 9.373087e-01, -2.392044e+00, -6.710267e-01, 7.031642e-10, 7.676980e-10, 2.915107e+01, -3.040817e-01
2.704200e+09, 2.175359e-01, 9.376783e-01, -2.408833e+00, -6.893564e-01, 7.021215e-10, 7.683210e-10, 2.906900e+01, -2.964822e-01
2.708000e+09, 2.157657e-01, 9.380598e-01, -2.425596e+00, -7.077009e-01, 7.010125e-10, 7.689647e-10, 2.899538e+01, -2.887705e-01
2.711800e+09, 2.139233e-01, 9.384527e-01, -2.442334e+00, -7.260607e-01, 6.998318e-10, 7.696284e-10, 2.893029e+01, -2.809567e-01
2.715600e+09, 2.120087e-01, 9.388567e-01, -2.459043e+00, -7.444365e-01, 6.985734e-10, 7.703112e-10, 2.887385e+01, -2.730516e-01
2.719400e+09, 2.100222e-01, 9.392710e-01, -2.475722e+00, -7.628285e-01, 6.972307e-10, 7.710125e-10, 2.882614e+01, -2.650661e-01
2.723200e+09, 2.079643e-01, 9.396954e-01, -2.492370e+00, -7.812373e-01, 6.957968e-10, 7.717314e-10, 2.878724e+01, -2.570114e-01
2.727000e+09, 2.058352e-01, 9.401292e-01, -2.508982e+00, -7.996632e-01, 6.942639e-10, 7.724671e-10, 2.875723e+01, -2.488991e-01
2.730800e+09, 2.036352e-01, 9.405719e-01, -2.525559e+00, -8.181067e-01, 6.926236e-10, 7.732187e-10, 2.873619e+01, -2.407410e-01
2.734600e+09, 2.013648e-01, 9.410229e-01, -2.542096e+00, -8.365682e-01, 6.908667e-10, 7.739853e-10, 2.872419e+01, -2.325493e-01
2.738400e+09, 1.990244e-01, 9.414816e-01, -2.558591e+00, -8.550479e-01, 6.889831e-10, 7.747658e-10, 2.872128e+01, -2.243362e-01
2.742200e+09, 1.966143e-01, 9.419475e-01, -2.575041e+00, -8.735463e-01, 6.869617e-10, 7.755594e-10, 2.872751e+01, -2.161141e-01
2.746000e+09, 1.941351e-01, 9.424199e-01, -2.591443e+00, -8.920637e-01, 6.847904e-10, 7.763650e-10, 2.874294e+01, -2.078956e-01
2.749800e+09, 1.915872e-01, 9.428982e-01, -2.607793e+00, -9.106002e-01, 6.824558e-10, 7.771815e-10, 2.876760e+01, -1.996936e-01
2.753600e+09, 1.889712e-01, 9.433818e-01, -2.624088e+00, -9.291563e-01, 6.799429e-10, 7.780079e-10, 2.880152e+01, -1.915207e-01
2.757400e+09, 1.862876e-01, 9.438700e-01, -2.640322e+00, -9.477321e-01, 6.772355e-10, 7.788431e-10, 2.884472e+01, -1.833899e-01
2.761200e+09, 1.835369e-01, 9.443621e-01, -2.656492e+00, -9.663278e-01, 6.743153e-10, 7.796859e-10, 2.889722e+01, -1.753140e-01
2.765000e+09, 1.807198e-01, 9.448575e-01, -2.672592e+00, -9.849437e-01, 6.711621e-10, 7.805352e-10, 2.895903e+01, -1.673060e-01
2.768800e+09, 1.778369e-01, 9.453556e-01, -2.688617e+00, -1.003580e+00, 6.677535e-10, 7.813900e-10, 2.903013e+01, -1.593786e-01
2.772600e+09, 1.748889e-01, 9.458555e-01, -2.704560e+00, -1.022236e+00, 6.640642e-10, 7.822489e-10, 2.911053e+01, -1.515445e-01
2.776400e+09, 1.718764e-01, 9.463567e-01, -2.720415e+00, -1.040913e+00, 6.600662e-10, 7.831110e-10, 2.920021e+01, -1.438165e-01
2.780200e+09, 1.688002e-01, 9.468584e-01, -2.736175e+00, -1.059611e+00, 6.557278e-10, 7.839749e-10, 2.929913e+01, -1.362070e-01
2.784000e+09, 1.656611e-01, 9.473599e-01, -2.751831e+00, -1.078329e+00, 6.510135e-10, 7.848395e-10, 2.940725e+01, -1.287283e-01
2.787800e+09, 1.624598e-01, 9.478606e-01, -2.767375e+00, -1.097068e+00, 6.458830e-10, 7.857037e-10, 2.952454e+01, -1.213925e-01
2.791600e+09, 1.591972e-01, 9.483596e-01, -2.782796e+00, -1.115828e+00, 6.402907e-10, 7.865662e-10, 2.965094e+01, -1.142114e-01
2.795400e+09, 1.558741e-01, 9.488563e-01, -2.798084e+00, -1.134608e+00, 6.341850e-10, 7.874260e-10, 2.978638e+01, -1.071967e-01
2.799200e+09, 1.524915e-01, 9.493500e-01, -2.813226e+00, -1.153409e+00, 6.275066e-10, 7.882819e-10, 2.993078e+01, -1.003596e-01
2.803000e+09, 1.490504e-01, 9.498400e-01, -2.828208e+00, -1.172230e+00, 6.201881e-10, 7.891327e-10, 3.008408e+01, -9.371124e-02
2.806800e+09, 1.455516e-01, 9.503256e-01, -2.843016e+00, -1.191071e+00, 6.121516e-10, 7.899773e-10, 3.024616e+01, -8.726223e-02
2.810600e+09, 1.419963e-01, 9.508060e-01, -2.857632e+00, -1.209933e+00, 6.033076e-10, 7.908145e-10, 3.041693e+01, -8.102294e-02
2.814400e+09, 1.383856e-01, 9.512805e-01, -2.872036e+00, -1.228814e+00, 5.935522e-10, 7.916434e-10, 3.059628e+01, -7.500334e-02
2.818200e+09, 1.347206e-01, 9.517486e-01, -2.886208e+00, -1.247716e+00, 5.827644e-10, 7.924628e-10, 3.078408e+01, -6.921305e-02
2.822000e+09, 1.310024e-01, 9.522094e-01, -2.900122e+00, -1.266637e+00, 5.708030e-10, 7.932717e-10, 3.098020e+01, -6.366129e-02
2.825800e+09, 1.272324e-01, 9.526623e-01, -2.913751e+00, -1.285577e+00, 5.575018e-10, 7.940690e-10, 3.118449e+01, -5.835689e-02
2.829600e+09, 1.234120e-01, 9.531066e-01, -2.927062e+00, -1.304536e+00, 5.426645e-10, 7.948538e-10, 3.139679e+01, -5.330828e-02
2.833400e+09, 1.195424e-01, 9.535417e-01, -2.940018e+00, -1.323514e+00, 5.260582e-10, 7.956249e-10, 3.161695e+01, -4.852348e-02
2.837200e+09, 1.156251e-01, 9.539669e-01, -2.952579e+00, -1.342510e+00, 5.074042e-10, 7.963815e-10, 3.184479e+01, -4.401008e-02
2.841000e+09, 1.116619e-01, 9.543815e-01, -2.964693e+00, -1.361525e+00, 4.863674e-10, 7.971226e-10, 3.208010e+01, -3.977529e-02
2.844800e+09, 1.076542e-01, 9.547850e-01, -2.976306e+00, -1.380557e+00, 4.625422e-10, 7.978473e-10, 3.232270e+01, -3.582586e-02
2.848600e+09, 1.036041e-01, 9.551766e-01, -2.987350e+00, -1.399607e+00, 4.354338e-10, 7.985547e-10, 3.257237e+01, -3.216813e-02
2.852400e+09, 9.951329e-02, 9.555559e-01, -2.997746e+00, -1.418673e+00, 4.044340e-10, 7.992438e-10, 3.282888e+01, -2.880804e-02
2.856200e+09, 9.538404e-02, 9.559222e-01, -3.007402e+00, -1.437756e+00, 3.687891e-10, 7.999138e-10, 3.309200e+01, -2.575110e-02
2.860000e+09, 9.121864e-02, 9.562748e-01, -3.016208e+00, -1.456855e+00, 3.275567e-10, 8.005640e-10, 3.336147e+01, -2.300238e-02
2.863800e+09, 8.701968e-02, 9.566133e-01, -3.024028e+00, -1.475969e+00, 2.795469e-10, 8.011934e-10, 3.363703e+01, -2.056656e-02
2.867600e+09, 8.279004e-02, 9.569371e-01, -3.030703e+00, -1.495098e+00, 2.232419e-10, 8.018013e-10, 3.391839e+01, -1.844789e-02
2.871400e+09, 7.853302e-02, 9.572457e-01, -3.036033e+00, -1.514242e+00, 1.566843e-10, 8.023869e-10, 3.420527e+01, -1.665021e-02
2.875200e+09, 7.425240e-02, 9.575385e-01, -3.039774e+00, -1.533400e+00, 7.731939e-11, 8.029495e-10, 3.449736e+01, -1.517695e-02
2.879000e+09, 6.995262e-02, 9.578150e-01, -3.041620e+00, -1.552571e+00, -1.822931e-11, 8.034883e-10, 3.479432e+01, -1.403113e-02
2.882800e+09, 6.563897e-02, 9.580747e-01, -3.041185e+00, -1.571756e+00, -1.344854e-10, 8.040026e-10, 3.509583e+01, -1.321535e-02
2.886600e+09, 6.131791e-02, 9.583173e-01, -3.037974e+00, -1.590952e+00, -2.775950e-10, 8.044918e-10, 3.540152e+01, -1.273182e-02
2.890400e+09, 5.699748e-02, 9.585421e-01, -3.031346e+00, -1.610160e+00, -4.560313e-10, 8.049552e-10, 3.571103e+01, -1.258233e-02
2.894200e+09, 5.268795e-02, 9.587489e-01, -3.020458e+00, -1.629379e+00, -6.816430e-10, 8.053921e-10, 3.602397e+01, -1.276825e-02
2.898000e+09, 4.840276e-02, 9.589371e-01, -3.004183e+00, -1.648609e+00, -9.712141e-10, 8.058019e-10, 3.633993e+01, -1.329056e-02
2.901800e+09, 4.415999e-02, 9.591064e-01, -2.980994e+00, -1.667848e+00, -1.348735e-09, 8.061841e-10, 3.665849e+01, -1.414982e-02
2.905600e+09, 3.998469e-02, 9.592564e-01, -2.948791e+00, -1.687097e+00, -1.848510e-09, 8.065380e-10, 3.697922e+01, -1.534618e-02
2.909400e+09, 3.591250e-02, 9.593868e-01, -2.904656e+00, -1.706354e+00, -2.518661e-09, 8.068631e-10, 3.730166e+01, -1.687934e-02
2.913200e+09, 3.199561e-02, 9.594972e-01, -2.844520e+00, -1.725619e+00, -3.422434e-09, 8.071589e-10, 3.762533e+01, -1.874863e-02
2.917000e+09, 2.831199e-02, 9.595873e-01, -2.762806e+00, -1.744891e+00, -4.628047e-09, 8.074249e-10, 3.794975e+01, -2.095291e-02
2.920800e+09, 2.497922e-02, 9.596569e-01, -2.652306e+00, -1.764169e+00, -6.162240e-09, 8.076606e-10, 3.827441e+01, -2.349061e-02
2.924600e+09, 2.217072e-02, 9.597057e-01, -2.505176e+00, -1.783452e+00, -7.888424e-09, 8.078656e-10, 3.859880e+01, -2.635975e-02
2.928400e+09, 2.012192e-02, 9.597334e-01, -2.316831e+00, -1.802741e+00, -9.343366e-09, 8.080395e-10, 3.892236e+01, -2.955786e-02
2.932200e+09, 1.909281e-02, 9.597399e-01, -2.093748e+00, -1.822034e+00, -9.837872e-09, 8.081818e-10, 3.924455e+01, -3.308206e-02
2.936000e+09, 1.925960e-02, 9.597249e-01, -1.858858e+00, -1.841330e+00, -9.071808e-09, 8.082922e-10, 3.956481e+01, -3.692898e-02
2.939800e+09, 2.060282e-02, 9.596883e-01, -1.642259e+00, -1.860629e+00, -7.495554e-09, 8.083704e-10, 3.988254e+01, -4.109478e-02
2.943600e+09, 2.292373e-02, 9.596299e-01, -1.463294e+00, -1.879930e+00, -5.785660e-09, 8.084160e-10, 4.019715e+01, -4.557517e-02
2.947400e+09, 2.596647e-02, 9.595497e-01, -1.325155e+00, -1.899232e+00, -4.322603e-09, 8.084288e-10, 4.050804e+01, -5.036535e-02
2.951200e+09, 2.951190e-02, 9.594476e-01, -1.221948e+00, -1.918534e+00, -3.190537e-09, 8.084085e-10, 4.081460e+01, -5.546005e-02
2.955000e+09, 3.340223e-02, 9.593234e-01, -1.145770e+00, -1.937835e+00, -2.345831e-09, 8.083550e-10, 4.111620e+01, -6.085349e-02
2.958800e+09, 3.753113e-02, 9.591772e-01, -1.089761e+00, -1.957136e+00, -1.719211e-09, 8.082681e-10, 4.141220e+01, -6.653941e-02
2.962600e+09, 4.182787e-02, 9.590089e-01, -1.048713e+00, -1.976434e+00, -1.250644e-09, 8.081476e-10, 4.170198e+01, -7.251104e-02
2.966400e+09, 4.624482e-02, 9.588186e-01, -1.018852e+00, -1.995730e+00, -8.954297e-10, 8.079934e-10, 4.198490e+01, -7.876109e-02
2.970200e+09, 5.074911e-02, 9.586064e-01, -9.974731e-01, -2.015021e+00, -6.219264e-10, 8.078054e-10, 4.226032e+01, -8.528179e-02
2.974000e+09, 5.531742e-02, 9.583723e-01, -9.826239e-01, -2.034308e+00, -4.080291e-10, 8.075837e-10, 4.252761e+01, -9.206485e-02
2.977800e+09, 5.993267e-02, 9.581163e-01, -9.728818e-01, -2.053590e+00, -2.382498e-10, 8.073282e-10, 4.278614e+01, -9.910149e-02
2.981600e+09, 6.458200e-02, 9.578387e-01, -9.671933e-01, -2.072866e+00, -1.016252e-10, 8.070391e-10, 4.303528e+01, -1.063824e-01
2.985400e+09, 6.925544e-02, 9.575397e-01, -9.647669e-01, -2.092135e+00, 9.709342e-12, 8.067163e-10, 4.327442e+01, -1.138979e-01
2.989200e+09, 7.394503e-02, 9.572193e-01, -9.649987e-01, -2.111396e+00, 1.014775e-10, 8.063600e-10, 4.350298e+01, -1.216377e-01
2.993000e+09, 7.864427e-02, 9.568778e-01, -9.674216e-01, -2.130649e+00, 1.779054e-10, 8.059705e-10, 4.372036e+01, -1.295911e-01
2.996800e+09, 8.334769e-02, 9.565155e-01, -9.716693e-01, -2.149893e+00, 2.421573e-10, 8.055478e-10, 4.392601e+01, -1.377469e-01
3.000600e+09, 8.805064e-02, 9.561327e-01, -9.774511e-01, -2.169126e+00, 2.966344e-10, 8.050923e-10, 4.411940e+01, -1.460936e-01
3.004400e+09, 9.274902e-02, 9.557296e-01, -9.845336e-01, -2.188348e+00, 3.431812e-10, 8.046043e-10, 4.430000e+01, -1.546192e-01
3.008200e+09, 9.743922e-02, 9.553066e-01, -9.927274e-01, -2.207559e+00, 3.832316e-10, 8.040842e-10, 4.446734e+01, -1.633114e-01
3.012000e+09, 1.021179e-01, 9.548640e-01, -1.001877e+00, -2.226758e+00, 4.179126e-10, 8.035322e-10, 4.462096e+01, -1.721574e-01
3.015800e+09, 1.067822e-01, 9.544023e-01, -1.011856e+00, -2.245943e+00, 4.481184e-10, 8.029489e-10, 4.476045e+01, -1.811443e-01
3.019600e+09, 1.114292e-01, 9.539218e-01, -1.022555e+00, -2.265114e+00, 4.745659e-10, 8.023348e-10, 4.488543e+01, -1.902587e-01
3.023400e+09, 1.160564e-01, 9.534229e-01, -1.033886e+00, -2.284271e+00, 4.978343e-10, 8.016903e-10, 4.499556e+01, -1.994871e-01
3.027200e+09, 1.206614e-01, 9.529063e-01, -1.045772e+00, -2.303412e+00, 5.183958e-10, 8.010161e-10, 4.509054e+01, -2.088156e-01
3.031000e+09, 1.252417e-01, 9.523723e-01, -1.058149e+00, -2.322537e+00, 5.366381e-10, 8.003128e-10, 4.517012e+01, -2.182303e-01
3.034800e+09, 1.297952e-01, 9.518215e-01, -1.070962e+00, -2.341646e+00, 5.528820e-10, 7.995810e-10, 4.523408e+01, -2.277172e-01
3.038600e+09, 1.343199e-01, 9.512543e-01, -1.084163e+00, -2.360736e+00, 5.673944e-10, 7.988214e-10, 4.528226e+01, -2.372621e-01
3.042400e+09, 1.388135e-01, 9.506715e-01, -1.097710e+00, -2.379809e+00, 5.803992e-10, 7.980349e-10, 4.531454e+01, -2.468506e-01
3.046200e+09, 1.432742e-01, 9.500736e-01, -1.111568e+00, -2.398863e+00, 5.920848e-10, 7.972222e-10, 4.533085e+01, -2.564686e-01
3.050000e+09, 1.477002e-01, 9.494611e-01, -1.125704e+00, -2.417898e+00, 6.026111e-10, 7.963841e-10, 4.533117e+01, -2.661018e-01
3.053800e+09, 1.520894e-01, 9.488349e-01, -1.140092e+00, -2.436912e+00, 6.121143e-10, 7.955216e-10, 4.531552e+01, -2.757362e-01
3.057600e+09, 1.564402e-01, 9.481954e-01, -1.154707e+00, -2.455906e+00, 6.207110e-10, 7.946355e-10, 4.528397e+01, -2.853576e-01
3.061400e+09, 1.607507e-01, 9.475434e-01, -1.169527e+00, -2.474879e+00, 6.285014e-10, 7.937269e-10, 4.523664e+01, -2.949523e-01
3.065200e+09, 1.650194e-01, 9.468796e-01, -1.184534e+00, -2.493830e+00, 6.355723e-10, 7.927967e-10, 4.517369e+01, -3.045065e-01
3.069000e+09, 1.692445e-01, 9.462047e-01, -1.199709e+00, -2.512759e+00, 6.419989e-10, 7.918461e-10, 4.509533e+01, -3.140069e-01
3.072800e+09, 1.734244e-01, 9.455194e-01, -1.215037e+00, -2.531665e+00, 6.478467e-10, 7.908760e-10, 4.500180e+01, -3.234402e-01
3.076600e+09, 1.775576e-01, 9.448246e-01, -1.230505e+00, -2.550548e+00, 6.531732e-10, 7.898877e-10, 4.489339e+01, -3.327935e-01
3.080400e+09, 1.816425e-01, 9.441210e-01, -1.246100e+00, -2.569408e+00, 6.580286e-10, 7.888822e-10, 4.477041e+01, -3.420545e-01
3.084200e+09, 1.856777e-01, 9.434093e-01, -1.261811e+00, -2.588243e+00, 6.624573e-10, 7.878608e-10, 4.463324e+01, -3.512107e-01
3.088000e+09, 1.896617e-01, 9.426905e-01, -1.277628e+00, -2.607054e+00, 6.664987e-10, 7.868248e-10, 4.448224e+01, -3.602506e-01
3.091800e+09, 1.935931e-01, 9.419652e-01, -1.293542e+00, -2.625840e+00, 6.701874e-10, 7.857753e-10, 4.431786e+01, -3.691626e-01
3.095600e+09, 1.974705e-01, 9.412344e-01, -1.309543e+00, -2.644602e+00, 6.735546e-10, 7.847137e-10, 4.414052e+01, -3.779358e-01
3.099400e+09, 2.012926e-01, 9.404988e-01, -1.325625e+00, -2.663338e+00, 6.766278e-10, 7.836413e-10, 4.395069e+01, -3.865595e-01
3.103200e+09, 2.050580e-01, 9.397594e-01, -1.341780e+00, -2.682048e+00, 6.794319e-10, 7.825594e-10, 4.374887e+01, -3.950238e-01
3.107000e+09, 2.087655e-01, 9.390169e-01, -1.358002e+00, -2.700732e+00, 6.819892e-10, 7.814694e-10, 4.353555e+01, -4.033189e-01
3.110800e+09, 2.124140e-01, 9.382723e-01, -1.374286e+00, -2.719391e+00, 6.843196e-10, 7.803727e-10, 4.331126e+01, -4.114356e-01
3.114600e+09, 2.160021e-01, 9.375264e-01, -1.390625e+00, -2.738023e+00, 6.864414e-10, 7.792707e-10, 4.307653e+01, -4.193652e-01
3.118400e+09, 2.195287e-01, 9.367800e-01, -1.407014e+00, -2.756629e+00, 6.883709e-10, 7.781648e-10, 4.283190e+01, -4.270994e-01
3.122200e+09, 2.229927e-01, 9.360342e-01, -1.423450e+00, -2.775209e+00, 6.901230e-10, 7.770565e-10, 4.257792e+01, -4.346303e-01
3.126000e+09, 2.263930e-01, 9.352897e-01, -1.439927e+00, -2.793762e+00, 6.917113e-10, 7.759472e-10, 4.231513e+01, -4.419506e-01
3.129800e+09, 2.297285e-01, 9.345475e-01, -1.456443e+00, -2.812288e+00, 6.931482e-10, 7.748384e-10, 4.204409e+01, -4.490532e-01
3.133600e+09, 2.329982e-01, 9.338084e-01, -1.472992e+00, -2.830788e+00, 6.944450e-10, 7.737315e-10, 4.176534e+01, -4.559317e-01
3.137400e+09, 2.362012e-01, 9.330733e-01, -1.489573e+00, -2.849262e+00, 6.956120e-10, 7.726280e-10, 4.147945e+01, -4.625799e-01
3.141200e+09, 2.393364e-01, 9.323430e-01, -1.506181e+00, -2.867709e+00, 6.966589e-10, 7.715294e-10, 4.118694e+01, -4.689921e-01
3.145000e+09, 2.424030e-01, 9.316186e-01, -1.522815e+00, -2.886131e+00, 6.975944e-10, 7.704372e-10, 4.088835e+01, -4.751631e-01
3.148800e+09, 2.454000e-01, 9.309007e-01, -1.539471e+00, -2.904526e+00, 6.984266e-10, 7.693529e-10, 4.058422e+01, -4.810878e-01
3.152600e+09, 2.483266e-01, 9.301904e-01, -1.556146e+00, -2.922895e+00, 6.991630e-10, 7.682779e-10, 4.027507e+01, -4.867618e-01
3.156400e+09, 2.511819e-01, 9.294884e-01, -1.572840e+00, -2.941238e+00, 6.998107e-10, 7.672137e-10, 3.996139e+01, -4.921806e-01
3.160200e+09, 2.539652e-01, 9.287956e-01, -1.589548e+00, -2.959556e+00, 7.003759e-10, 7.661617e-10, 3.964370e+01, -4.973406e-01
3.164000e+09, 2.566757e-01, 9.281129e-01, -1.606271e+00, -2.977849e+00, 7.008648e-10, 7.651234e-10, 3.932247e+01, -5.022379e-01
3.167800e+09, 2.593127e-01, 9.274410e-01, -1.623005e+00, -2.996117e+00, 7.012829e-10, 7.641003e-10, 3.899818e+01, -5.068694e-01
3.171600e+09, 2.618754e-01, 9.267808e-01, -1.639749e+00, -3.014361e+00, 7.016354e-10, 7.630936e-10, 3.867128e+01, -5.112319e-01
3.175400e+09, 2.643631e-01, 9.261331e-01, -1.656501e+00, -3.032581e+00, 7.019272e-10, 7.621049e-10, 3.834223e+01, -5.153228e-01
3.179200e+09, 2.667753e-01, 9.254987e-01, -1.673260e+00, -3.050777e+00, 7.021630e-10, 7.611355e-10, 3.801144e+01, -5.191393e-01
3.183000e+09, 2.691112e-01, 9.248782e-01, -1.690025e+00, -3.068950e+00, 7.023468e-10, 7.601867e-10, 3.767934e+01, -5.226793e-01
3.186800e+09, 2.713704e-01, 9.242726e-01, -1.706794e+00, -3.087100e+00, 7.024828e-10, 7.592598e-10, 3.734633e+01, -5.259405e-01
3.190600e+09, 2.735522e-01, 9.236825e-01, -1.723567e+00, -3.105228e+00, 7.025747e-10, 7.583562e-10, 3.701279e+01, -5.289211e-01
3.194400e+09, 2.756560e-01, 9.231087e-01, -1.740342e+00, -3.123335e+00, 7.026260e-10, 7.574771e-10, 3.667911e+01, -5.316193e-01
3.198200e+09, 2.776815e-01, 9.225518e-01, -1.757118e+00, -3.141421e+00, 7.026401e-10, 7.566237e-10, 3.634563e+01, -5.340335e-01
3.202000e+09, 2.796280e-01, 9.220126e-01, -1.773894e+00, 3.123699e+00, 7.026201e-10, 7.557973e-10, 3.601270e+01, -5.361623e-01
3.205800e+09, 2.814952e-01, 9.214916e-01, -1.790670e+00, 3.105654e+00, 7.025689e-10, 7.549988e-10, 3.568065e+01, -5.380044e-01
3.209600e+09, 2.832825e-01, 9.209896e-01, -1.807444e+00, 3.087628e+00, 7.024894e-10, 7.542296e-10, 3.534981e+01, -5.395587e-01
3.213400e+09, 2.849895e-01, 9.205072e-01, -1.824217e+00, 3.069619e+00, 7.023840e-10, 7.534907e-10, 3.502047e+01, -5.408241e-01
3.217200e+09, 2.866160e-01, 9.200448e-01, -1.840987e+00, 3.051629e+00, 7.022554e-10, 7.527830e-10, 3.469294e+01, -5.417997e-01
3.221000e+09, 2.881614e-01, 9.196032e-01, -1.857754e+00, 3.033656e+00, 7.021057e-10, 7.521076e-10, 3.436750e+01, -5.424847e-01
3.224800e+09, 2.896254e-01, 9.191828e-01, -1.874518e+00, 3.015698e+00, 7.019372e-10, 7.514655e-10, 3.404441e+01, -5.428784e-01
3.228600e+09, 2.910077e-01, 9.187842e-01, -1.891278e+00, 2.997756e+00, 7.017519e-10, 7.508575e-10, 3.372393e+01, -5.429803e-01
3.232400e+09, 2.923079e-01, 9.184078e-01, -1.908033e+00, 2.979829e+00, 7.015518e-10, 7.502846e-10, 3.340632e+01, -5.427898e-01
3.236200e+09, 2.935259e-01, 9.180542e-01, -1.924783e+00, 2.961915e+00, 7.013386e-10, 7.497474e-10, 3.309183e+01, -5.423065e-01
3.240000e+09, 2.946612e-01, 9.177238e-01, -1.941528e+00, 2.944014e+00, 7.011141e-10, 7.492468e-10, 3.278067e+01, -5.415302e-01
3.243800e+09, 2.957136e-01, 9.174169e-01, -1.958268e+00, 2.926125e+00, 7.008798e-10, 7.487836e-10, 3.247308e+01, -5.404607e-01
3.247600e+09, 2.966830e-01, 9.171341e-01, -1.975002e+00, 2.908246e+00, 7.006372e-10, 7.483583e-10, 3.216926e+01, -5.390978e-01
3.251400e+09, 2.975690e-01, 9.168755e-01, -1.991731e+00, 2.890379e+00, 7.003877e-10, 7.479717e-10, 3.186944e+01, -5.374417e-01
3.255200e+09, 2.983715e-01, 9.166416e-01, -2.008453e+00, 2.872520e+00, 7.001325e-10, 7.476242e-10, 3.157381e+01, -5.354924e-01
3.259000e+09, 2.990902e-01, 9.164327e-01, -2.025170e+00, 2.854670e+00, 6.998728e-10, 7.473165e-10, 3.128257e+01, -5.332502e-01
3.262800e+09, 2.997251e-01, 9.162491e-01, -2.041880e+00, 2.836827e+00, 6.996097e-10, 7.470490e-10, 3.099591e+01, -5.307155e-01
3.266600e+09, 3.002758e-01, 9.160909e-01, -2.058584e+00, 2.818990e+00, 6.993442e-10, 7.468221e-10, 3.071401e+01, -5.278888e-01
3.270400e+09, 3.007423e-01, 9.159585e-01, -2.075282e+00, 2.801159e+00, 6.990772e-10, 7.466362e-10, 3.043705e+01, -5.247709e-01
3.274200e+09, 3.011245e-01, 9.158519e-01, -2.091973e+00, 2.783332e+00, 6.988094e-10, 7.464918e-10, 3.016522e+01, -5.213626e-01
3.278000e+09, 3.014221e-01, 9.157715e-01, -2.108658e+00, 2.765509e+00, 6.985415e-10, 7.463890e-10, 2.989868e+01, -5.176649e-01
3.281800e+09, 3.016352e-01, 9.157172e-01, -2.125336e+00, 2.747688e+00, 6.982742e-10, 7.463281e-10, 2.963760e+01, -5.136791e-01
3.285600e+09, 3.017635e-01, 9.156892e-01, -2.142008e+00, 2.729868e+00, 6.980080e-10, 7.463094e-10, 2.938214e+01, -5.094066e-01
3.289400e+09, 3.018071e-01, 9.156876e-01, -2.158674e+00, 2.712049e+00, 6.977433e-10, 7.463330e-10, 2.913248e+01, -5.048492e-01
3.293200e+09, 3.017658e-01, 9.157124e-01, -2.175333e+00, 2.694230e+00, 6.974805e-10, 7.463990e-10, 2.888877e+01, -5.000087e-01
3.297000e+09, 3.016397e-01, 9.157637e-01, -2.191986e+00, 2.676409e+00, 6.972197e-10, 7.465075e-10, 2.865116e+01, -4.948873e-01
3.300800e+09, 3.014285e-01, 9.158414e-01, -2.208633e+00, 2.658585e+00, 6.969612e-10, 7.466585e-10, 2.841982e+01, -4.894875e-01
3.304600e+09, 3.011324e-01, 9.159454e-01, -2.225274e+00, 2.640758e+00, 6.967050e-10, 7.468521e-10, 2.819489e+01, -4.838122e-01
3.308400e+09, 3.007512e-01, 9.160757e-01, -2.241909e+00, 2.622926e+00, 6.964510e-10, 7.470881e-10, 2.797653e+01, -4.778644e-01
3.312200e+09, 3.002850e-01, 9.162323e-01, -2.258537e+00, 2.605088e+00, 6.961992e-10, 7.473664e-10, 2.776489e+01, -4.716477e-01
3.316000e+09, 2.997337e-01, 9.164149e-01, -2.275160e+00, 2.587244e+00, 6.959493e-10, 7.476870e-10, 2.756013e+01, -4.651659e-01
3.319800e+09, 2.990974e-01, 9.166233e-01, -2.291776e+00, 2.569392e+00, 6.957009e-10, 7.480496e-10, 2.736238e+01, -4.584232e-01
3.323600e+09, 2.983761e-01, 9.168575e-01, -2.308387e+00, 2.551532e+00, 6.954536e-10, 7.484540e-10, 2.717180e+01, -4.514244e-01
3.327400e+09, 2.975698e-01, 9.171171e-01, -2.324992e+00, 2.533662e+00, 6.952068e-10, 7.488998e-10, 2.698852e+01, -4.441745e-01
3.331200e+09, 2.966785e-01, 9.174020e-01, -2.341590e+00, 2.515781e+00, 6.949599e-10, 7.493868e-10, 2.681270e+01, -4.366790e-01
3.335000e+09, 2.957023e-01, 9.177117e-01, -2.358183e+00, 2.497888e+00, 6.947121e-10, 7.499146e-10, 2.664448e+01, -4.289442e-01
3.338800e+09, 2.946413e-01, 9.180461e-01, -2.374770e+00, 2.479983e+00, 6.944625e-10, 7.504827e-10, 2.648399e+01, -4.209765e-01
3.342600e+09, 2.934956e-01, 9.184047e-01, -2.391351e+00, 2.462065e+00, 6.942101e-10, 7.510907e-10, 2.633139e+01, -4.127829e-01
3.346400e+09, 2.922651e-01, 9.187872e-01, -2.407926e+00, 2.444132e+00, 6.939536e-10, 7.517379e-10, 2.618680e+01, -4.043711e-01
3.350200e+09, 2.909501e-01, 9.191931e-01, -2.424495e+00, 2.426183e+00, 6.936918e-10, 7.524238e-10, 2.605036e+01, -3.957492e-01
3.354000e+09, 2.895507e-01, 9.196220e-01, -2.441058e+00, 2.408218e+00, 6.934233e-10, 7.531478e-10, 2.592220e+01, -3.869258e-01
3.357800e+09, 2.880668e-01, 9.200735e-01, -2.457614e+00, 2.390236e+00, 6.931464e-10, 7.539090e-10, 2.580246e+01, -3.779102e-01
3.361600e+09, 2.864988e-01, 9.205470e-01, -2.474164e+00, 2.372235e+00, 6.928594e-10, 7.547067e-10, 2.569127e+01, -3.687122e-01
3.365400e+09, 2.848467e-01, 9.210419e-01, -2.490707e+00, 2.354216e+00, 6.925602e-10, 7.555400e-10, 2.558874e+01, -3.593421e-01
3.369200e+09, 2.831108e-01, 9.215578e-01, -2.507242e+00, 2.336177e+00, 6.922469e-10, 7.564079e-10, 2.549501e+01, -3.498109e-01
3.373000e+09, 2.812911e-01, 9.220939e-01, -2.523770e+00, 2.318117e+00, 6.919170e-10, 7.573096e-10, 2.541019e+01, -3.401299e-01
3.376800e+09, 2.793879e-01, 9.226497e-01, -2.540291e+00, 2.300035e+00, 6.915680e-10, 7.582438e-10, 2.533439e+01, -3.303111e-01
3.380600e+09, 2.774014e-01, 9.232245e-01, -2.556803e+00, 2.281931e+00, 6.911972e-10, 7.592095e-10, 2.526774e+01, -3.203671e-01
3.384400e+09, 2.753318e-01, 9.238176e-01, -2.573306e+00, 2.263804e+00, 6.908015e-10, 7.602053e-10, 2.521032e+01, -3.103109e-01
3.388200e+09, 2.731794e-01, 9.244283e-01, -2.589799e+00, 2.245653e+00, 6.903777e-10, 7.612301e-10, 2.516224e+01, -3.001560e-01
3.392000e+09, 2.709444e-01, 9.250558e-01, -2.606283e+00, 2.227478e+00, 6.899221e-10, 7.622825e-10, 2.512360e+01, -2.899162e-01
3.395800e+09, 2.686270e-01, 9.256993e-01, -2.622756e+00, 2.209278e+00, 6.894310e-10, 7.633610e-10, 2.509449e+01, -2.796060e-01
3.399600e+09, 2.662277e-01, 9.263580e-01, -2.639217e+00, 2.191052e+00, 6.889000e-10, 7.644642e-10, 2.507500e+01, -2.692400e-01
3.403400e+09, 2.637466e-01, 9.270312e-01, -2.655665e+00, 2.172799e+00, 6.883246e-10, 7.655904e-10, 2.506518e+01, -2.588335e-01
3.407200e+09, 2.611842e-01, 9.277178e-01, -2.672099e+00, 2.154520e+00, 6.876998e-10, 7.667380e-10, 2.506513e+01, -2.484017e-01
3.411000e+09, 2.585407e-01, 9.284171e-01, -2.688519e+00, 2.136213e+00, 6.870202e-10, 7.679055e-10, 2.507490e+01, -2.379603e-01
3.414800e+09, 2.558166e-01, 9.291281e-01, -2.704922e+00, 2.117879e+00, 6.862798e-10, 7.690910e-10, 2.509455e+01, -2.275252e-01
3.418600e+09, 2.530123e-01, 9.298499e-01, -2.721308e+00, 2.099516e+00, 6.854721e-10, 7.702929e-10, 2.512413e+01, -2.171124e-01
3.422400e+09, 2.501281e-01, 9.305816e-01, -2.737674e+00, 2.081124e+00, 6.845900e-10, 7.715093e-10, 2.516367e+01, -2.067381e-01
3.426200e+09, 2.471645e-01, 9.313222e-01, -2.754020e+00, 2.062704e+00, 6.836259e-10, 7.727384e-10, 2.521322e+01, -1.964184e-01
3.430000e+09, 2.441221e-01, 9.320707e-01, -2.770342e+00, 2.044254e+00, 6.825712e-10, 7.739784e-10, 2.527278e+01, -1.861695e-01
3.433800e+09, 2.410011e-01, 9.328262e-01, -2.786639e+00, 2.025774e+00, 6.814166e-10, 7.752274e-10, 2.534239e+01, -1.760077e-01
3.437600e+09, 2.378023e-01, 9.335876e-01, -2.802909e+00, 2.007265e+00, 6.801520e-10, 7.764837e-10, 2.542205e+01, -1.659489e-01
3.441400e+09, 2.345261e-01, 9.343540e-01, -2.819148e+00, 1.988725e+00, 6.787660e-10, 7.777452e-10, 2.551176e+01, -1.560092e-01
3.445200e+09, 2.311732e-01, 9.351243e-01, -2.835354e+00, 1.970156e+00, 6.772462e-10, 7.790103e-10, 2.561150e+01, -1.462042e-01
3.449000e+09, 2.277440e-01, 9.358975e-01, -2.851524e+00, 1.951556e+00, 6.755789e-10, 7.802771e-10, 2.572126e+01, -1.365494e-01
3.452800e+09, 2.242394e-01, 9.366726e-01, -2.867655e+00, 1.932926e+00, 6.737489e-10, 7.815437e-10, 2.584101e+01, -1.270600e-01
3.456600e+09, 2.206598e-01, 9.374487e-01, -2.883741e+00, 1.914266e+00, 6.717394e-10, 7.828085e-10, 2.597070e+01, -1.177509e-01
3.460400e+09, 2.170061e-01, 9.382245e-01, -2.899780e+00, 1.895575e+00, 6.695316e-10, 7.840697e-10, 2.611031e+01, -1.086367e-01
3.464200e+09, 2.132790e-01, 9.389993e-01, -2.915765e+00, 1.876855e+00, 6.671045e-10, 7.853256e-10, 2.625975e+01, -9.973141e-02
3.468000e+09, 2.094791e-01, 9.397719e-01, -2.931693e+00, 1.858104e+00, 6.644348e-10, 7.865746e-10, 2.641899e+01, -9.104876e-02
3.471800e+09, 2.056075e-01, 9.405414e-01, -2.947557e+00, 1.839324e+00, 6.614961e-10, 7.878151e-10, 2.658792e+01, -8.260198e-02
3.475600e+09, 2.016648e-01, 9.413068e-01, -2.963351e+00, 1.820514e+00, 6.582588e-10, 7.890455e-10, 2.676648e+01, -7.440382e-02
3.479400e+09, 1.976520e-01, 9.420670e-01, -2.979068e+00, 1.801675e+00, 6.546898e-10, 7.902643e-10, 2.695456e+01, -6.646654e-02
3.483200e+09, 1.935699e-01, 9.428212e-01, -2.994699e+00, 1.782806e+00, 6.507511e-10, 7.914702e-10, 2.715207e+01, -5.880186e-02
3.487000e+09, 1.894197e-01, 9.435683e-01, -3.010237e+00, 1.763909e+00, 6.463999e-10, 7.926616e-10, 2.735888e+01, -5.142100e-02
3.490800e+09, 1.852022e-01, 9.443074e-01, -3.025670e+00, 1.744983e+00, 6.415873e-10, 7.938374e-10, 2.757488e+01, -4.433462e-02
3.494600e+09, 1.809186e-01, 9.450376e-01, -3.040989e+00, 1.726030e+00, 6.362574e-10, 7.949961e-10, 2.779992e+01, -3.755286e-02
3.498400e+09, 1.765699e-01, 9.457580e-01, -3.056180e+00, 1.707048e+00, 6.303458e-10, 7.961365e-10, 2.803386e+01, -3.108527e-02
3.502200e+09, 1.721573e-01, 9.464677e-01, -3.071231e+00, 1.688040e+00, 6.237785e-10, 7.972576e-10, 2.827655e+01, -2.494091e-02
3.506000e+09, 1.676821e-01, 9.471658e-01, -3.086124e+00, 1.669004e+00, 6.164696e-10, 7.983581e-10, 2.852781e+01, -1.912825e-02
3.509800e+09, 1.631454e-01, 9.478514e-01, -3.100843e+00, 1.649942e+00, 6.083189e-10, 7.994369e-10, 2.878746e+01, -1.365525e-02
3.513600e+09, 1.585487e-01, 9.485237e-01, -3.115367e+00, 1.630855e+00, 5.992096e-10, 8.004931e-10, 2.905533e+01, -8.529303e-03
3.517400e+09, 1.538933e-01, 9.491818e-01, -3.129674e+00, 1.611742e+00, 5.890041e-10, 8.015255e-10, 2.933119e+01, -3.757313e-03
3.521200e+09, 1.491806e-01, 9.498250e-01, 3.139448e+00, 1.592605e+00, 5.775398e-10, 8.025332e-10, 2.961484e+01, 6.543590e-04
3.525000e+09, 1.444123e-01, 9.504525e-01, 3.125659e+00, 1.573444e+00, 5.646231e-10, 8.035154e-10, 2.990604e+01, 4.699851e-03
3.528800e+09, 1.395900e-01, 9.510634e-01, 3.112178e+00, 1.554259e+00, 5.500228e-10, 8.044710e-10, 3.020456e+01, 8.373803e-03
3.532600e+09, 1.347153e-01, 9.516570e-01, 3.099045e+00, 1.535051e+00, 5.334598e-10, 8.053993e-10, 3.051012e+01, 1.167134e-02
3.536400e+09, 1.297901e-01, 9.522327e-01, 3.086309e+00, 1.515821e+00, 5.145958e-10, 8.062993e-10, 3.082247e+01, 1.458807e-02
3.540200e+09, 1.248163e-01, 9.527896e-01, 3.074022e+00, 1.496570e+00, 4.930170e-10, 8.071703e-10, 3.114131e+01, 1.712007e-02
3.544000e+09, 1.197960e-01, 9.533272e-01, 3.062251e+00, 1.477298e+00, 4.682134e-10, 8.080114e-10, 3.146633e+01, 1.926388e-02
3.547800e+09, 1.147315e-01, 9.538447e-01, 3.051072e+00, 1.458006e+00, 4.395507e-10, 8.088219e-10, 3.179722e+01, 2.101648e-02
3.551600e+09, 1.096251e-01, 9.543414e-01, 3.040577e+00, 1.438694e+00, 4.062320e-10, 8.096010e-10, 3.213363e+01, 2.237531e-02
3.555400e+09, 1.044795e-01, 9.548168e-01, 3.030878e+00, 1.419364e+00, 3.672467e-10, 8.103481e-10, 3.247520e+01, 2.333824e-02
3.559200e+09, 9.929752e-02, 9.552703e-01, 3.022109e+00, 1.400016e+00, 3.212976e-10, 8.110623e-10, 3.282157e+01, 2.390359e-02
3.563000e+09, 9.408248e-02, 9.557013e-01, 3.014438e+00, 1.380651e+00, 2.666995e-10, 8.117431e-10, 3.317232e+01, 2.407011e-02
3.566800e+09, 8.883804e-02, 9.561091e-01, 3.008070e+00, 1.361270e+00, 2.012338e-10, 8.123896e-10, 3.352705e+01, 2.383699e-02
3.570600e+09, 8.356841e-02, 9.564934e-01, 3.003265e+00, 1.341873e+00, 1.219364e-10, 8.130014e-10, 3.388532e+01, 2.320383e-02
3.574400e+09, 7.827853e-02, 9.568536e-01, 3.000354e+00, 1.322462e+00, 2.478358e-11, 8.135776e-10, 3.424666e+01, 2.217070e-02
3.578200e+09, 7.297435e-02, 9.571891e-01, 2.999762e+00, 1.303037e+00, -9.578305e-11, 8.141177e-10, 3.461059e+01, 2.073811e-02
3.582000e+09, 6.766315e-02, 9.574996e-01, 3.002049e+00, 1.283599e+00, -2.475884e-10, 8.146212e-10, 3.497661e+01, 1.890699e-02
3.585800e+09, 6.235413e-02, 9.577846e-01, 3.007961e+00, 1.264149e+00, -4.418753e-10, 8.150873e-10, 3.534419e+01, 1.667877e-02
3.589600e+09, 5.705928e-02, 9.580437e-01, 3.018511e+00, 1.244688e+00, -6.951474e-10, 8.155156e-10, 3.571278e+01, 1.405531e-02
3.593400e+09, 5.179472e-02, 9.582765e-01, 3.035108e+00, 1.225217e+00, -1.032162e-09, 8.159054e-10, 3.608180e+01, 1.103898e-02
3.597200e+09, 4.658297e-02, 9.584827e-01, 3.059752e+00, 1.205736e+00, -1.490794e-09, 8.162563e-10, 3.645067e+01, 7.632637e-03
3.601000e+09, 4.145671e-02, 9.586619e-01, 3.095347e+00, 1.186247e+00, -2.129715e-09, 8.165678e-10, 3.681876e+01, 3.839626e-03
3.604800e+09, 3.646533e-02, 9.588140e-01, -3.136989e+00, 1.166750e+00, -3.039173e-09, 8.168394e-10, 3.718544e+01, -3.361689e-04
3.608600e+09, 3.168657e-02, 9.589385e-01, -3.064426e+00, 1.147247e+00, -4.349797e-09, 8.170705e-10, 3.755003e+01, -4.890330e-03
3.612400e+09, 2.724708e-02, 9.590352e-01, -2.960570e+00, 1.127739e+00, -6.210625e-09, 8.172609e-10, 3.791187e+01, -9.817889e-03
3.616200e+09, 2.335610e-02, 9.591040e-01, -2.812284e+00, 1.108226e+00, -8.637280e-09, 8.174102e-10, 3.827024e+01, -1.511330e-02
3.620000e+09, 2.034573e-02, 9.591447e-01, -2.606059e+00, 1.088709e+00, -1.108767e-08, 8.175178e-10, 3.862444e+01, -2.077045e-02
3.623800e+09, 1.866077e-02, 9.591572e-01, -2.341329e+00, 1.069190e+00, -1.220469e-08, 8.175836e-10, 3.897372e+01, -2.678261e-02
3.627600e+09, 1.867432e-02, 9.591412e-01, -2.049929e+00, 1.049670e+00, -1.108695e-08, 8.176072e-10, 3.931734e+01, -3.314244e-02
3.631400e+09, 2.039017e-02, 9.590969e-01, -1.785215e+00, 1.030148e+00, -8.635545e-09, 8.175884e-10, 3.965455e+01, -3.984196e-02
3.635200e+09, 2.344138e-02, 9.590241e-01, -1.579032e+00, 1.010628e+00, -6.207667e-09, 8.175269e-10, 3.998457e+01, -4.687258e-02
3.639000e+09, 2.738665e-02, 9.589227e-01, -1.430817e+00, 9.911081e-01, -4.345587e-09, 8.174225e-10, 4.030663e+01, -5.422505e-02
3.642800e+09, 3.189550e-02, 9.587930e-01, -1.327062e+00, 9.715913e-01, -3.033744e-09, 8.172753e-10, 4.061996e+01, -6.188945e-02
3.646600e+09, 3.675929e-02, 9.586348e-01, -1.254628e+00, 9.520779e-01, -2.123109e-09, 8.170849e-10, 4.092379e+01, -6.985523e-02
3.650400e+09, 4.185154e-02, 9.584484e-01, -1.203936e+00, 9.325691e-01, -1.483045e-09, 8.168514e-10, 4.121734e+01, -7.811117e-02
3.654200e+09, 4.709443e-02, 9.582338e-01, -1.168527e+00, 9.130659e-01, -1.023299e-09, 8.165748e-10, 4.149986e+01, -8.664539e-02
3.658000e+09, 5.243837e-02, 9.579912e-01, -1.144094e+00, 8.935693e-01, -6.851963e-10, 8.162551e-10, 4.177061e+01, -9.544540e-02
3.661800e+09, 5.785038e-02, 9.577208e-01, -1.127735e+00, 8.740803e-01, -4.308596e-10, 8.158925e-10, 4.202884e+01, -1.044980e-01
3.665600e+09, 6.330760e-02, 9.574229e-01, -1.117447e+00, 8.545999e-01, -2.355317e-10, 8.154871e-10, 4.227387e+01, -1.137896e-01
3.669400e+09, 6.879350e-02, 9.570977e-01, -1.111824e+00, 8.351293e-01, -8.270924e-11, 8.150391e-10, 4.250500e+01, -1.233056e-01
3.673200e+09, 7.429563e-02, 9.567457e-01, -1.109849e+00, 8.156693e-01, 3.884955e-11, 8.145487e-10, 4.272159e+01, -1.330313e-01
3.677000e+09, 7.980433e-02, 9.563670e-01, -1.110777e+00, 7.962211e-01, 1.369685e-10, 8.140163e-10, 4.292303e+01, -1.429512e-01
3.680800e+09, 8.531176e-02, 9.559621e-01, -1.114047e+00, 7.767855e-01, 2.172047e-10, 8.134423e-10, 4.310874e+01, -1.530494e-01
3.684600e+09, 9.081144e-02, 9.555315e-01, -1.119233e+00, 7.573637e-01, 2.835804e-10, 8.128271e-10, 4.327820e+01, -1.633095e-01
3.688400e+09, 9.629783e-02, 9.550756e-01, -1.126004e+00, 7.379566e-01, 3.390585e-10, 8.121712e-10, 4.343092e+01, -1.737146e-01
3.692200e+09, 1.017661e-01, 9.545949e-01, -1.134099e+00, 7.185651e-01, 3.858561e-10, 8.114751e-10, 4.356647e+01, -1.842478e-01
3.696000e+09, 1.072119e-01, 9.540899e-01, -1.143312e+00, 6.991902e-01, 4.256569e-10, 8.107396e-10, 4.368449e+01, -1.948914e-01
3.699800e+09, 1.126313e-01, 9.535613e-01, -1.153475e+00, 6.798329e-01, 4.597567e-10, 8.099652e-10, 4.378464e+01, -2.056280e-01
3.703600e+09, 1.180207e-01, 9.530095e-01, -1.164452e+00, 6.604941e-01, 4.891651e-10, 8.091527e-10, 4.386668e+01, -2.164394e-01
3.707400e+09, 1.233768e-01, 9.524354e-01, -1.176131e+00, 6.411747e-01, 5.146773e-10, 8.083030e-10, 4.393042e+01, -2.273079e-01
3.711200e+09, 1.286964e-01, 9.518394e-01, -1.188420e+00, 6.218756e-01, 5.369267e-10, 8.074168e-10, 4.397571e+01, -2.382153e-01
3.715000e+09, 1.339766e-01, 9.512224e-01, -1.201240e+00, 6.025976e-01, 5.564221e-10, 8.064952e-10, 4.400249e+01, -2.491436e-01
3.718800e+09, 1.392144e-01, 9.505851e-01, -1.214525e+00, 5.833416e-01, 5.735760e-10, 8.055391e-10, 4.401075e+01, -2.600749e-01
3.722600e+09, 1.444072e-01, 9.499283e-01, -1.228219e+00, 5.641085e-01, 5.887259e-10, 8.045495e-10, 4.400057e+01, -2.709913e-01
3.726400e+09, 1.495523e-01, 9.492527e-01, -1.242276e+00, 5.448990e-01, 6.021495e-10, 8.035277e-10, 4.397205e+01, -2.818751e-01
3.730200e+09, 1.546472e-01, 9.485591e-01, -1.256653e+00, 5.257139e-01, 6.140775e-10, 8.024747e-10, 4.392538e+01, -2.927090e-01
3.734000e+09, 1.596896e-01, 9.478486e-01, -1.271315e+00, 5.065539e-01, 6.247025e-10, 8.013918e-10, 4.386080e+01, -3.034760e-01
3.737800e+09, 1.646769e-01, 9.471219e-01, -1.286230e+00, 4.874198e-01, 6.341861e-10, 8.002804e-10, 4.377863e+01, -3.141592e-01
3.741600e+09, 1.696069e-01, 9.463799e-01, -1.301372e+00, 4.683122e-01, 6.426653e-10, 7.991416e-10, 4.367919e+01, -3.247425e-01
3.745400e+09, 1.744775e-01, 9.456236e-01, -1.316716e+00, 4.492318e-01, 6.502564e-10, 7.979770e-10, 4.356292e+01, -3.352100e-01
3.749200e+09, 1.792864e-01, 9.448539e-01, -1.332242e+00, 4.301792e-01, 6.570588e-10, 7.967880e-10, 4.343024e+01, -3.455464e-01
3.753000e+09, 1.840317e-01, 9.440719e-01, -1.347930e+00, 4.111551e-01, 6.631578e-10, 7.955760e-10, 4.328166e+01, -3.557370e-01
3.756800e+09, 1.887111e-01, 9.432785e-01, -1.363764e+00, 3.921598e-01, 6.686271e-10, 7.943427e-10, 4.311772e+01, -3.657675e-01
3.760600e+09, 1.933229e-01, 9.424748e-01, -1.379728e+00, 3.731940e-01, 6.735305e-10, 7.930896e-10, 4.293897e+01, -3.756243e-01
3.764400e+09, 1.978651e-01, 9.416617e-01, -1.395809e+00, 3.542581e-01, 6.779237e-10, 7.918183e-10, 4.274602e+01, -3.852946e-01
3.768200e+09, 2.023358e-01, 9.408405e-01, -1.411995e+00, 3.353526e-01, 6.818553e-10, 7.905306e-10, 4.253949e+01, -3.947658e-01
3.772000e+09, 2.067333e-01, 9.400120e-01, -1.428275e+00, 3.164778e-01, 6.853680e-10, 7.892281e-10, 4.232003e+01, -4.040263e-01
3.775800e+09, 2.110559e-01, 9.391774e-01, -1.444639e+00, 2.976341e-01, 6.884992e-10, 7.879126e-10, 4.208829e+01, -4.130652e-01
3.779600e+09, 2.153019e-01, 9.383379e-01, -1.461078e+00, 2.788218e-01, 6.912824e-10, 7.865859e-10, 4.184497e+01, -4.218719e-01
3.783400e+09, 2.194697e-01, 9.374944e-01, -1.477583e+00, 2.600412e-01, 6.937469e-10, 7.852497e-10, 4.159074e+01, -4.304368e-01
3.787200e+09, 2.235578e-01, 9.366482e-01, -1.494147e+00, 2.412925e-01, 6.959192e-10, 7.839059e-10, 4.132629e+01, -4.387507e-01
3.791000e+09, 2.275646e-01, 9.358003e-01, -1.510763e+00, 2.225759e-01, 6.978227e-10, 7.825564e-10, 4.105232e+01, -4.468053e-01
3.794800e+09, 2.314888e-01, 9.349519e-01, -1.527424e+00, 2.038915e-01, 6.994785e-10, 7.812030e-10, 4.076952e+01, -4.545926e-01
3.798600e+09, 2.353290e-01, 9.341041e-01, -1.544125e+00, 1.852394e-01, 7.009056e-10, 7.798477e-10, 4.047858e+01, -4.621055e-01
3.802400e+09, 2.390839e-01, 9.332579e-01, -1.560860e+00, 1.666197e-01, 7.021210e-10, 7.784922e-10, 4.018018e+01, -4.693373e-01
3.806200e+09, 2.427522e-01, 9.324146e-01, -1.577624e+00, 1.480323e-01, 7.031404e-10, 7.771385e-10, 3.987498e+01, -4.762819e-01
3.810000e+09, 2.463328e-01, 9.315753e-01, -1.594412e+00, 1.294773e-01, 7.039777e-10, 7.757885e-10, 3.956366e+01, -4.829337e-01
3.813800e+09, 2.498245e-01, 9.307411e-01, -1.611220e+00, 1.109544e-01, 7.046459e-10, 7.744442e-10, 3.924685e+01, -4.892878e-01
3.817600e+09, 2.532262e-01, 9.299131e-01, -1.628045e+00, 9.246374e-02, 7.051566e-10, 7.731074e-10, 3.892518e+01, -4.953395e-01
3.821400e+09, 2.565369e-01, 9.290924e-01, -1.644881e+00, 7.400494e-02, 7.055205e-10, 7.717800e-10, 3.859926e+01, -5.010849e-01
3.825200e+09, 2.597557e-01, 9.282801e-01, -1.661726e+00, 5.557784e-02, 7.057476e-10, 7.704640e-10, 3.826970e+01, -5.065203e-01
3.829000e+09, 2.628817e-01, 9.274772e-01, -1.678576e+00, 3.718217e-02, 7.058470e-10, 7.691611e-10, 3.793707e+01, -5.116425e-01
3.832800e+09, 2.659139e-01, 9.266850e-01, -1.695429e+00, 1.881759e-02, 7.058269e-10, 7.678733e-10, 3.760192e+01, -5.164487e-01
3.836600e+09, 2.688517e-01, 9.259044e-01, -1.712282e+00, 4.837710e-04, 7.056953e-10, 7.666024e-10, 3.726479e+01, -5.209364e-01
3.840400e+09, 2.716942e-01, 9.251365e-01, -1.729131e+00, -1.781971e-02, 7.054592e-10, 7.653503e-10, 3.692619e+01, -5.251034e-01
3.844200e+09, 2.744408e-01, 9.243824e-01, -1.745975e+00, -3.609329e-02, 7.051255e-10, 7.641186e-10, 3.658663e+01, -5.289481e-01
3.848000e+09, 2.770908e-01, 9.236429e-01, -1.762810e+00, -5.433747e-02, 7.047004e-10, 7.629092e-10, 3.624658e+01, -5.324688e-01
3.851800e+09, 2.796437e-01, 9.229193e-01, -1.779636e+00, -7.255277e-02, 7.041897e-10, 7.617238e-10, 3.590648e+01, -5.356644e-01
3.855600e+09, 2.820989e-01, 9.222123e-01, -1.796449e+00, -9.073976e-02, 7.035990e-10, 7.605641e-10, 3.556679e+01, -5.385338e-01
3.859400e+09, 2.844559e-01, 9.215230e-01, -1.813248e+00, -1.088991e-01, 7.029333e-10, 7.594318e-10, 3.522791e+01, -5.410764e-01
3.863200e+09, 2.867143e-01, 9.208524e-01, -1.830032e+00, -1.270313e-01, 7.021974e-10, 7.583285e-10, 3.489024e+01, -5.432916e-01
3.867000e+09, 2.888736e-01, 9.202012e-01, -1.846797e+00, -1.451373e-01, 7.013960e-10, 7.572558e-10, 3.455415e+01, -5.451792e-01
3.870800e+09, 2.909336e-01, 9.195705e-01, -1.863544e+00, -1.632176e-01, 7.005332e-10, 7.562152e-10, 3.422002e+01, -5.467388e-01
3.874600e+09, 2.928940e-01, 9.189611e-01, -1.880270e+00, -1.812731e-01, 6.996132e-10, 7.552082e-10, 3.388817e+01, -5.479708e-01
3.878400e+09, 2.947544e-01, 9.183738e-01, -1.896974e+00, -1.993045e-01, 6.986398e-10, 7.542363e-10, 3.355894e+01, -5.488752e-01
3.882200e+09, 2.965146e-01, 9.178094e-01, -1.913655e+00, -2.173127e-01, 6.976164e-10, 7.533009e-10, 3.323265e+01, -5.494524e-01
3.886000e+09, 2.981745e-01, 9.172687e-01, -1.930311e+00, -2.352986e-01, 6.965466e-10, 7.524033e-10, 3.290957e+01, -5.497031e-01
3.889800e+09, 2.997340e-01, 9.167526e-01, -1.946942e+00, -2.532631e-01, 6.954336e-10, 7.515450e-10, 3.259000e+01, -5.496278e-01
3.893600e+09, 3.011928e-01, 9.162617e-01, -1.963546e+00, -2.712070e-01, 6.942803e-10, 7.507272e-10, 3.227421e+01, -5.492274e-01
3.897400e+09, 3.025510e-01, 9.157966e-01, -1.980123e+00, -2.891315e-01, 6.930898e-10, 7.499510e-10, 3.196244e+01, -5.485030e-01
3.901200e+09, 3.038085e-01, 9.153582e-01, -1.996671e+00, -3.070374e-01, 6.918646e-10, 7.492179e-10, 3.165495e+01, -5.474556e-01
3.905000e+09, 3.049652e-01, 9.149471e-01, -2.013190e+00, -3.249258e-01, 6.906074e-10, 7.485287e-10, 3.135197e+01, -5.460866e-01
3.908800e+09, 3.060213e-01, 9.145638e-01, -2.029679e+00, -3.427977e-01, 6.893205e-10, 7.478848e-10, 3.105371e+01, -5.443973e-01
3.912600e+09, 3.069768e-01, 9.142089e-01, -2.046138e+00, -3.606543e-01, 6.880063e-10, 7.472872e-10, 3.076040e+01, -5.423894e-01
3.916400e+09, 3.078317e-01, 9.138830e-01, -2.062564e+00, -3.784966e-01, 6.866669e-10, 7.467368e-10, 3.047223e+01, -5.400646e-01
3.920200e+09, 3.085862e-01, 9.135867e-01, -2.078959e+00, -3.963258e-01, 6.853042e-10, 7.462348e-10, 3.018940e+01, -5.374249e-01
3.924000e+09, 3.092404e-01, 9.133204e-01, -2.095322e+00, -4.141430e-01, 6.839201e-10, 7.457820e-10, 2.991210e+01, -5.344722e-01
3.927800e+09, 3.097945e-01, 9.130846e-01, -2.111651e+00, -4.319493e-01, 6.825164e-10, 7.453795e-10, 2.964052e+01, -5.312091e-01
3.931600e+09, 3.102485e-01, 9.128797e-01, -2.127947e+00, -4.497461e-01, 6.810946e-10, 7.450281e-10, 2.937481e+01, -5.276378e-01
3.935400e+09, 3.106028e-01, 9.127061e-01, -2.144209e+00, -4.675345e-01, 6.796560e-10, 7.447287e-10, 2.911517e+01, -5.237612e-01
3.939200e+09, 3.108576e-01, 9.125641e-01, -2.160436e+00, -4.853157e-01, 6.782021e-10, 7.444821e-10, 2.886173e+01, -5.195823e-01
3.943000e+09, 3.110130e-01, 9.124542e-01, -2.176629e+00, -5.030910e-01, 6.767340e-10, 7.442892e-10, 2.861468e+01, -5.151041e-01
3.946800e+09, 3.110693e-01, 9.123766e-01, -2.192787e+00, -5.208617e-01, 6.752527e-10, 7.441507e-10, 2.837415e+01, -5.103303e-01
3.950600e+09, 3.110268e-01, 9.123316e-01, -2.208909e+00, -5.386292e-01, 6.737590e-10, 7.440675e-10, 2.814031e+01, -5.052644e-01
3.954400e+09, 3.108857e-01, 9.123194e-01, -2.224996e+00, -5.563946e-01, 6.722535e-10, 7.440402e-10, 2.791329e+01, -4.999106e-01
3.958200e+09, 3.106464e-01, 9.123401e-01, -2.241047e+00, -5.741594e-01, 6.707370e-10, 7.440696e-10, 2.769324e+01, -4.942732e-01
3.962000e+09, 3.103092e-01, 9.123941e-01, -2.257061e+00, -5.919249e-01, 6.692096e-10, 7.441562e-10, 2.748029e+01, -4.883568e-01
3.965800e+09, 3.098742e-01, 9.124812e-01, -2.273040e+00, -6.096924e-01, 6.676717e-10, 7.443009e-10, 2.727460e+01, -4.821666e-01
3.969600e+09, 3.093420e-01, 9.126018e-01, -2.288981e+00, -6.274634e-01, 6.661232e-10, 7.445040e-10, 2.707628e+01, -4.757079e-01
3.973400e+09, 3.087127e-01, 9.127557e-01, -2.304885e+00, -6.452393e-01, 6.645639e-10, 7.447663e-10, 2.688548e+01, -4.689865e-01
3.977200e+09, 3.079867e-01, 9.129430e-01, -2.320753e+00, -6.630214e-01, 6.629934e-10, 7.450882e-10, 2.670231e+01, -4.620086e-01
3.981000e+09, 3.071643e-01, 9.131637e-01, -2.336582e+00, -6.808112e-01, 6.614111e-10, 7.454702e-10, 2.652692e+01, -4.547807e-01
3.984800e+09, 3.062459e-01, 9.134176e-01, -2.352374e+00, -6.986101e-01, 6.598163e-10, 7.459125e-10, 2.635941e+01, -4.473101e-01
3.988600e+09, 3.052318e-01, 9.137046e-01, -2.368128e+00, -7.164196e-01, 6.582077e-10, 7.464156e-10, 2.619993e+01, -4.396040e-01
3.992400e+09, 3.041223e-01, 9.140245e-01, -2.383844e+00, -7.342411e-01, 6.565842e-10, 7.469797e-10, 2.604858e+01, -4.316705e-01
3.996200e+09, 3.029178e-01, 9.143771e-01, -2.399520e+00, -7.520761e-01, 6.549440e-10, 7.476049e-10, 2.590549e+01, -4.235181e-01
4.000000e+09, 3.016186e-01, 9.147621e-01, -2.415158e+00, -7.699260e-01, 6.549440e-10, 7.476049e-10, 2.577077e+01, -4.151555e-01
