Frequency [Hz], |S00| [-], |S10| [-], Arg(S00) [-], Arg(S10) [-], Delay 0>0 [s], Delay 0>1 [s], |Z0| [Ohm] , Arg(Z0) [-]
2.000000e+08, 3.118386e-02, 9.563690e-01, 2.282827e+00, -6.796078e-01, 6.686283e-10, 5.330268e-10, 3.840345e+01, 4.722548e-02
2.038000e+08, 3.106824e-02, 9.559401e-01, 2.266862e+00, -6.923344e-01, 6.970704e-10, 5.320929e-10, 3.843831e+01, 4.769158e-02
2.076000e+08, 3.094758e-02, 9.555281e-01, 2.250219e+00, -7.050387e-01, 7.253739e-10, 5.312155e-10, 3.847488e+01, 4.815934e-02
2.114000e+08, 3.082182e-02, 9.551334e-01, 2.232900e+00, -7.177221e-01, 7.535816e-10, 5.303941e-10, 3.851317e+01, 4.862626e-02
2.152000e+08, 3.069097e-02, 9.547565e-01, 2.214907e+00, -7.303858e-01, 7.817344e-10, 5.296281e-10, 3.855317e+01, 4.908989e-02
2.190000e+08, 3.055507e-02, 9.543977e-01, 2.196243e+00, -7.430313e-01, 8.098713e-10, 5.289169e-10, 3.859490e+01, 4.954781e-02
2.228000e+08, 3.041418e-02, 9.540572e-01, 2.176906e+00, -7.556598e-01, 8.380293e-10, 5.282599e-10, 3.863835e+01, 4.999762e-02
2.266000e+08, 3.026846e-02, 9.537352e-01, 2.156897e+00, -7.682726e-01, 8.662435e-10, 5.276564e-10, 3.868352e+01, 5.043697e-02
2.304000e+08, 3.011806e-02, 9.534319e-01, 2.136215e+00, -7.808709e-01, 8.945464e-10, 5.271057e-10, 3.873040e+01, 5.086352e-02
2.342000e+08, 2.996320e-02, 9.531475e-01, 2.114856e+00, -7.934562e-01, 9.229681e-10, 5.266068e-10, 3.877899e+01, 5.127498e-02
2.380000e+08, 2.980414e-02, 9.528820e-01, 2.092819e+00, -8.060295e-01, 9.515360e-10, 5.261591e-10, 3.882927e+01, 5.166910e-02
2.418000e+08, 2.964118e-02, 9.526355e-01, 2.070101e+00, -8.185921e-01, 9.802742e-10, 5.257615e-10, 3.888123e+01, 5.204366e-02
2.456000e+08, 2.947465e-02, 9.524080e-01, 2.046695e+00, -8.311453e-01, 1.009203e-09, 5.254132e-10, 3.893484e+01, 5.239648e-02
2.494000e+08, 2.930494e-02, 9.521993e-01, 2.022600e+00, -8.436901e-01, 1.038341e-09, 5.251129e-10, 3.899009e+01, 5.272544e-02
2.532000e+08, 2.913246e-02, 9.520094e-01, 1.997808e+00, -8.562277e-01, 1.067698e-09, 5.248597e-10, 3.904695e+01, 5.302845e-02
2.570000e+08, 2.895769e-02, 9.518382e-01, 1.972316e+00, -8.687593e-01, 1.097284e-09, 5.246524e-10, 3.910539e+01, 5.330348e-02
2.608000e+08, 2.878113e-02, 9.516854e-01, 1.946117e+00, -8.812860e-01, 1.127100e-09, 5.244897e-10, 3.916538e+01, 5.354852e-02
2.646000e+08, 2.860332e-02, 9.515508e-01, 1.919206e+00, -8.938088e-01, 1.157142e-09, 5.243704e-10, 3.922689e+01, 5.376166e-02
2.684000e+08, 2.842485e-02, 9.514342e-01, 1.891578e+00, -9.063287e-01, 1.187400e-09, 5.242931e-10, 3.928987e+01, 5.394101e-02
2.722000e+08, 2.824635e-02, 9.513353e-01, 1.863227e+00, -9.188468e-01, 1.217857e-09, 5.242564e-10, 3.935430e+01, 5.408475e-02
2.760000e+08, 2.806848e-02, 9.512537e-01, 1.834150e+00, -9.313640e-01, 1.248486e-09, 5.242589e-10, 3.942012e+01, 5.419112e-02
2.798000e+08, 2.789194e-02, 9.511891e-01, 1.804341e+00, -9.438812e-01, 1.279252e-09, 5.242991e-10, 3.948729e+01, 5.425842e-02
2.836000e+08, 2.771748e-02, 9.511411e-01, 1.773797e+00, -9.563994e-01, 1.310113e-09, 5.243755e-10, 3.955576e+01, 5.428501e-02
2.874000e+08, 2.754587e-02, 9.511091e-01, 1.742517e+00, -9.689195e-01, 1.341013e-09, 5.244864e-10, 3.962548e+01, 5.426933e-02
2.912000e+08, 2.737792e-02, 9.510928e-01, 1.710499e+00, -9.814422e-01, 1.371887e-09, 5.246304e-10, 3.969639e+01, 5.420988e-02
2.950000e+08, 2.721448e-02, 9.510917e-01, 1.677743e+00, -9.939683e-01, 1.402661e-09, 5.248057e-10, 3.976845e+01, 5.410523e-02
2.988000e+08, 2.705642e-02, 9.511053e-01, 1.644253e+00, -1.006499e+00, 1.433245e-09, 5.250107e-10, 3.984157e+01, 5.395402e-02
3.026000e+08, 2.690464e-02, 9.511330e-01, 1.610033e+00, -1.019034e+00, 1.463542e-09, 5.252437e-10, 3.991572e+01, 5.375497e-02
3.064000e+08, 2.676007e-02, 9.511743e-01, 1.575089e+00, -1.031575e+00, 1.493439e-09, 5.255031e-10, 3.999082e+01, 5.350687e-02
3.102000e+08, 2.662365e-02, 9.512286e-01, 1.539432e+00, -1.044122e+00, 1.522815e-09, 5.257871e-10, 4.006680e+01, 5.320859e-02
3.140000e+08, 2.649635e-02, 9.512953e-01, 1.503073e+00, -1.056675e+00, 1.551536e-09, 5.260941e-10, 4.014360e+01, 5.285907e-02
3.178000e+08, 2.637913e-02, 9.513738e-01, 1.466028e+00, -1.069236e+00, 1.579459e-09, 5.264223e-10, 4.022115e+01, 5.245735e-02
3.216000e+08, 2.627298e-02, 9.514635e-01, 1.428317e+00, -1.081805e+00, 1.606433e-09, 5.267700e-10, 4.029937e+01, 5.200252e-02
3.254000e+08, 2.617888e-02, 9.515637e-01, 1.389962e+00, -1.094383e+00, 1.632299e-09, 5.271355e-10, 4.037819e+01, 5.149377e-02
3.292000e+08, 2.609779e-02, 9.516739e-01, 1.350989e+00, -1.106968e+00, 1.656895e-09, 5.275172e-10, 4.045754e+01, 5.093037e-02
3.330000e+08, 2.603069e-02, 9.517934e-01, 1.311428e+00, -1.119564e+00, 1.680054e-09, 5.279133e-10, 4.053733e+01, 5.031166e-02
3.368000e+08, 2.597849e-02, 9.519215e-01, 1.271315e+00, -1.132168e+00, 1.701612e-09, 5.283223e-10, 4.061750e+01, 4.963709e-02
3.406000e+08, 2.594213e-02, 9.520576e-01, 1.230687e+00, -1.144782e+00, 1.721409e-09, 5.287424e-10, 4.069794e+01, 4.890616e-02
3.444000e+08, 2.592247e-02, 9.522011e-01, 1.189587e+00, -1.157407e+00, 1.739290e-09, 5.291721e-10, 4.077860e+01, 4.811846e-02
3.482000e+08, 2.592035e-02, 9.523512e-01, 1.148059e+00, -1.170041e+00, 1.755112e-09, 5.296098e-10, 4.085938e+01, 4.727369e-02
3.520000e+08, 2.593656e-02, 9.525073e-01, 1.106154e+00, -1.182686e+00, 1.768746e-09, 5.300539e-10, 4.094020e+01, 4.637159e-02
3.558000e+08, 2.597182e-02, 9.526689e-01, 1.063923e+00, -1.195342e+00, 1.780080e-09, 5.305030e-10, 4.102098e+01, 4.541201e-02
3.596000e+08, 2.602679e-02, 9.528351e-01, 1.021422e+00, -1.208008e+00, 1.789021e-09, 5.309556e-10, 4.110163e+01, 4.439488e-02
3.634000e+08, 2.610208e-02, 9.530055e-01, 9.787072e-01, -1.220685e+00, 1.795500e-09, 5.314103e-10, 4.118206e+01, 4.332020e-02
3.672000e+08, 2.619819e-02, 9.531793e-01, 9.358377e-01, -1.233373e+00, 1.799474e-09, 5.318656e-10, 4.126220e+01, 4.218806e-02
3.710000e+08, 2.631558e-02, 9.533560e-01, 8.928732e-01, -1.246072e+00, 1.800924e-09, 5.323202e-10, 4.134195e+01, 4.099862e-02
3.748000e+08, 2.645459e-02, 9.535349e-01, 8.498742e-01, -1.258782e+00, 1.799858e-09, 5.327729e-10, 4.142122e+01, 3.975212e-02
3.786000e+08, 2.661551e-02, 9.537154e-01, 8.069006e-01, -1.271502e+00, 1.796312e-09, 5.332223e-10, 4.149994e+01, 3.844889e-02
3.824000e+08, 2.679851e-02, 9.538970e-01, 7.640116e-01, -1.284234e+00, 1.790345e-09, 5.336674e-10, 4.157802e+01, 3.708932e-02
3.862000e+08, 2.700371e-02, 9.540791e-01, 7.212652e-01, -1.296976e+00, 1.782044e-09, 5.341069e-10, 4.165536e+01, 3.567388e-02
3.900000e+08, 2.723111e-02, 9.542611e-01, 6.787169e-01, -1.309728e+00, 1.771515e-09, 5.345398e-10, 4.173189e+01, 3.420313e-02
3.938000e+08, 2.748066e-02, 9.544425e-01, 6.364200e-01, -1.322491e+00, 1.758885e-09, 5.349650e-10, 4.180752e+01, 3.267767e-02
3.976000e+08, 2.775220e-02, 9.546227e-01, 5.944247e-01, -1.335264e+00, 1.744296e-09, 5.353815e-10, 4.188217e+01, 3.109818e-02
4.014000e+08, 2.804552e-02, 9.548013e-01, 5.527777e-01, -1.348046e+00, 1.727904e-09, 5.357885e-10, 4.195575e+01, 2.946544e-02
4.052000e+08, 2.836033e-02, 9.549778e-01, 5.115221e-01, -1.360839e+00, 1.709873e-09, 5.361849e-10, 4.202818e+01, 2.778025e-02
4.090000e+08, 2.869627e-02, 9.551517e-01, 4.706970e-01, -1.373641e+00, 1.690376e-09, 5.365701e-10, 4.209939e+01, 2.604351e-02
4.128000e+08, 2.905292e-02, 9.553225e-01, 4.303374e-01, -1.386452e+00, 1.669587e-09, 5.369433e-10, 4.216928e+01, 2.425616e-02
4.166000e+08, 2.942981e-02, 9.554898e-01, 3.904741e-01, -1.399272e+00, 1.647678e-09, 5.373037e-10, 4.223779e+01, 2.241922e-02
4.204000e+08, 2.982643e-02, 9.556532e-01, 3.511340e-01, -1.412101e+00, 1.624822e-09, 5.376507e-10, 4.230483e+01, 2.053375e-02
4.242000e+08, 3.024221e-02, 9.558124e-01, 3.123396e-01, -1.424938e+00, 1.601184e-09, 5.379837e-10, 4.237033e+01, 1.860088e-02
4.280000e+08, 3.067656e-02, 9.559669e-01, 2.741096e-01, -1.437783e+00, 1.576922e-09, 5.383021e-10, 4.243422e+01, 1.662178e-02
4.318000e+08, 3.112886e-02, 9.561164e-01, 2.364588e-01, -1.450636e+00, 1.552187e-09, 5.386055e-10, 4.249643e+01, 1.459769e-02
4.356000e+08, 3.159846e-02, 9.562606e-01, 1.993986e-01, -1.463495e+00, 1.527118e-09, 5.388934e-10, 4.255688e+01, 1.252990e-02
4.394000e+08, 3.208469e-02, 9.563992e-01, 1.629370e-01, -1.476362e+00, 1.501844e-09, 5.391655e-10, 4.261551e+01, 1.041971e-02
4.432000e+08, 3.258687e-02, 9.565319e-01, 1.270788e-01, -1.489235e+00, 1.476483e-09, 5.394213e-10, 4.267226e+01, 8.268520e-03
4.470000e+08, 3.310431e-02, 9.566584e-01, 9.182616e-02, -1.502115e+00, 1.451141e-09, 5.396607e-10, 4.272706e+01, 6.077728e-03
4.508000e+08, 3.363631e-02, 9.567786e-01, 5.717857e-02, -1.515000e+00, 1.425913e-09, 5.398833e-10, 4.277985e+01, 3.848793e-03
4.546000e+08, 3.418218e-02, 9.568921e-01, 2.313333e-02, -1.527890e+00, 1.400883e-09, 5.400891e-10, 4.283057e+01, 1.583203e-03
4.584000e+08, 3.474122e-02, 9.569989e-01, -1.031431e-02, -1.540785e+00, 1.376125e-09, 5.402778e-10, 4.287917e+01, -7.175165e-04
4.622000e+08, 3.531274e-02, 9.570987e-01, -4.317082e-02, -1.553685e+00, 1.351701e-09, 5.404494e-10, 4.292559e+01, -3.051809e-03
4.660000e+08, 3.589605e-02, 9.571914e-01, -7.544418e-02, -1.566589e+00, 1.327666e-09, 5.406038e-10, 4.296979e+01, -5.418088e-03
4.698000e+08, 3.649049e-02, 9.572768e-01, -1.071437e-01, -1.579496e+00, 1.304063e-09, 5.407410e-10, 4.301172e+01, -7.814744e-03
4.736000e+08, 3.709537e-02, 9.573550e-01, -1.382796e-01, -1.592407e+00, 1.280931e-09, 5.408611e-10, 4.305133e+01, -1.024014e-02
4.774000e+08, 3.771007e-02, 9.574257e-01, -1.688633e-01, -1.605321e+00, 1.258298e-09, 5.409641e-10, 4.308859e+01, -1.269262e-02
4.812000e+08, 3.833392e-02, 9.574889e-01, -1.989065e-01, -1.618237e+00, 1.236187e-09, 5.410502e-10, 4.312344e+01, -1.517051e-02
4.850000e+08, 3.896631e-02, 9.575446e-01, -2.284219e-01, -1.631155e+00, 1.214617e-09, 5.411195e-10, 4.315587e+01, -1.767211e-02
4.888000e+08, 3.960663e-02, 9.575927e-01, -2.574222e-01, -1.644075e+00, 1.193597e-09, 5.411721e-10, 4.318582e+01, -2.019573e-02
4.926000e+08, 4.025429e-02, 9.576333e-01, -2.859206e-01, -1.656996e+00, 1.173137e-09, 5.412084e-10, 4.321329e+01, -2.273964e-02
4.964000e+08, 4.090871e-02, 9.576663e-01, -3.139306e-01, -1.669918e+00, 1.153240e-09, 5.412286e-10, 4.323823e+01, -2.530213e-02
5.002000e+08, 4.156932e-02, 9.576918e-01, -3.414655e-01, -1.682840e+00, 1.133905e-09, 5.412329e-10, 4.326063e+01, -2.788146e-02
5.040000e+08, 4.223558e-02, 9.577099e-01, -3.685387e-01, -1.695763e+00, 1.115130e-09, 5.412218e-10, 4.328046e+01, -3.047590e-02
5.078000e+08, 4.290696e-02, 9.577206e-01, -3.951637e-01, -1.708685e+00, 1.096909e-09, 5.411954e-10, 4.329771e+01, -3.308372e-02
5.116000e+08, 4.358296e-02, 9.577239e-01, -4.213536e-01, -1.721607e+00, 1.079235e-09, 5.411543e-10, 4.331236e+01, -3.570318e-02
5.154000e+08, 4.426307e-02, 9.577201e-01, -4.471215e-01, -1.734527e+00, 1.062099e-09, 5.410988e-10, 4.332441e+01, -3.833256e-02
5.192000e+08, 4.494681e-02, 9.577091e-01, -4.724803e-01, -1.747447e+00, 1.045491e-09, 5.410294e-10, 4.333383e+01, -4.097013e-02
5.230000e+08, 4.563373e-02, 9.576912e-01, -4.974425e-01, -1.760364e+00, 1.029398e-09, 5.409464e-10, 4.334064e+01, -4.361417e-02
5.268000e+08, 4.632336e-02, 9.576664e-01, -5.220206e-01, -1.773280e+00, 1.013808e-09, 5.408504e-10, 4.334482e+01, -4.626299e-02
5.306000e+08, 4.701529e-02, 9.576350e-01, -5.462263e-01, -1.786193e+00, 9.987084e-10, 5.407418e-10, 4.334637e+01, -4.891488e-02
5.344000e+08, 4.770909e-02, 9.575970e-01, -5.700716e-01, -1.799104e+00, 9.840852e-10, 5.406212e-10, 4.334530e+01, -5.156818e-02
5.382000e+08, 4.840435e-02, 9.575527e-01, -5.935677e-01, -1.812012e+00, 9.699246e-10, 5.404890e-10, 4.334161e+01, -5.422121e-02
5.420000e+08, 4.910069e-02, 9.575023e-01, -6.167258e-01, -1.824917e+00, 9.562125e-10, 5.403458e-10, 4.333532e+01, -5.687233e-02
5.458000e+08, 4.979774e-02, 9.574459e-01, -6.395564e-01, -1.837818e+00, 9.429348e-10, 5.401921e-10, 4.332643e+01, -5.951991e-02
5.496000e+08, 5.049512e-02, 9.573838e-01, -6.620700e-01, -1.850716e+00, 9.300774e-10, 5.400285e-10, 4.331495e+01, -6.216234e-02
5.534000e+08, 5.119249e-02, 9.573162e-01, -6.842766e-01, -1.863610e+00, 9.176264e-10, 5.398555e-10, 4.330091e+01, -6.479805e-02
5.572000e+08, 5.188952e-02, 9.572433e-01, -7.061860e-01, -1.876499e+00, 9.055680e-10, 5.396737e-10, 4.328431e+01, -6.742547e-02
5.610000e+08, 5.258587e-02, 9.571654e-01, -7.278074e-01, -1.889385e+00, 8.938888e-10, 5.394838e-10, 4.326519e+01, -7.004307e-02
5.648000e+08, 5.328123e-02, 9.570826e-01, -7.491500e-01, -1.902265e+00, 8.825755e-10, 5.392862e-10, 4.324357e+01, -7.264933e-02
5.686000e+08, 5.397531e-02, 9.569953e-01, -7.702224e-01, -1.915141e+00, 8.716154e-10, 5.390815e-10, 4.321946e+01, -7.524278e-02
5.724000e+08, 5.466782e-02, 9.569037e-01, -7.910332e-01, -1.928013e+00, 8.609958e-10, 5.388704e-10, 4.319290e+01, -7.782196e-02
5.762000e+08, 5.535846e-02, 9.568080e-01, -8.115904e-01, -1.940879e+00, 8.507046e-10, 5.386535e-10, 4.316391e+01, -8.038544e-02
5.800000e+08, 5.604698e-02, 9.567085e-01, -8.319020e-01, -1.953740e+00, 8.407302e-10, 5.384313e-10, 4.313254e+01, -8.293184e-02
5.838000e+08, 5.673311e-02, 9.566055e-01, -8.519753e-01, -1.966595e+00, 8.310612e-10, 5.382044e-10, 4.309880e+01, -8.545978e-02
5.876000e+08, 5.741660e-02, 9.564993e-01, -8.718178e-01, -1.979446e+00, 8.216866e-10, 5.379734e-10, 4.306274e+01, -8.796794e-02
5.914000e+08, 5.809722e-02, 9.563900e-01, -8.914365e-01, -1.992290e+00, 8.125960e-10, 5.377388e-10, 4.302439e+01, -9.045501e-02
5.952000e+08, 5.877472e-02, 9.562780e-01, -9.108381e-01, -2.005129e+00, 8.037791e-10, 5.375014e-10, 4.298378e+01, -9.291973e-02
5.990000e+08, 5.944890e-02, 9.561636e-01, -9.300292e-01, -2.017963e+00, 7.952264e-10, 5.372616e-10, 4.294097e+01, -9.536086e-02
6.028000e+08, 6.011953e-02, 9.560469e-01, -9.490162e-01, -2.030790e+00, 7.869284e-10, 5.370199e-10, 4.289598e+01, -9.777719e-02
6.066000e+08, 6.078640e-02, 9.559284e-01, -9.678049e-01, -2.043612e+00, 7.788763e-10, 5.367771e-10, 4.284886e+01, -1.001676e-01
6.104000e+08, 6.144933e-02, 9.558082e-01, -9.864015e-01, -2.056429e+00, 7.710614e-10, 5.365335e-10, 4.279965e+01, -1.025309e-01
6.142000e+08, 6.210810e-02, 9.556866e-01, -1.004811e+00, -2.069239e+00, 7.634757e-10, 5.362898e-10, 4.274840e+01, -1.048659e-01
6.180000e+08, 6.276255e-02, 9.555639e-01, -1.023040e+00, -2.082043e+00, 7.561112e-10, 5.360464e-10, 4.269515e+01, -1.071718e-01
6.218000e+08, 6.341249e-02, 9.554404e-01, -1.041093e+00, -2.094842e+00, 7.489604e-10, 5.358039e-10, 4.263994e+01, -1.094473e-01
6.256000e+08, 6.405776e-02, 9.553163e-01, -1.058975e+00, -2.107635e+00, 7.420163e-10, 5.355628e-10, 4.258283e+01, -1.116915e-01
6.294000e+08, 6.469818e-02, 9.551918e-01, -1.076692e+00, -2.120422e+00, 7.352720e-10, 5.353236e-10, 4.252386e+01, -1.139034e-01
6.332000e+08, 6.533360e-02, 9.550673e-01, -1.094247e+00, -2.133204e+00, 7.287210e-10, 5.350867e-10, 4.246307e+01, -1.160822e-01
6.370000e+08, 6.596386e-02, 9.549429e-01, -1.111646e+00, -2.145979e+00, 7.223570e-10, 5.348527e-10, 4.240052e+01, -1.182268e-01
6.408000e+08, 6.658882e-02, 9.548190e-01, -1.128893e+00, -2.158750e+00, 7.161741e-10, 5.346218e-10, 4.233625e+01, -1.203365e-01
6.446000e+08, 6.720834e-02, 9.546956e-01, -1.145993e+00, -2.171514e+00, 7.101666e-10, 5.343947e-10, 4.227032e+01, -1.224103e-01
6.484000e+08, 6.782227e-02, 9.545732e-01, -1.162949e+00, -2.184274e+00, 7.043292e-10, 5.341717e-10, 4.220276e+01, -1.244475e-01
6.522000e+08, 6.843049e-02, 9.544518e-01, -1.179766e+00, -2.197027e+00, 6.986567e-10, 5.339532e-10, 4.213364e+01, -1.264473e-01
6.560000e+08, 6.903287e-02, 9.543318e-01, -1.196447e+00, -2.209776e+00, 6.931441e-10, 5.337396e-10, 4.206300e+01, -1.284090e-01
6.598000e+08, 6.962929e-02, 9.542132e-01, -1.212996e+00, -2.222520e+00, 6.877869e-10, 5.335312e-10, 4.199089e+01, -1.303317e-01
6.636000e+08, 7.021961e-02, 9.540964e-01, -1.229418e+00, -2.235258e+00, 6.825804e-10, 5.333284e-10, 4.191736e+01, -1.322150e-01
6.674000e+08, 7.080374e-02, 9.539816e-01, -1.245715e+00, -2.247992e+00, 6.775205e-10, 5.331315e-10, 4.184246e+01, -1.340580e-01
6.712000e+08, 7.138155e-02, 9.538688e-01, -1.261892e+00, -2.260721e+00, 6.726031e-10, 5.329408e-10, 4.176624e+01, -1.358602e-01
6.750000e+08, 7.195294e-02, 9.537583e-01, -1.277951e+00, -2.273446e+00, 6.678242e-10, 5.327566e-10, 4.168876e+01, -1.376209e-01
6.788000e+08, 7.251781e-02, 9.536503e-01, -1.293896e+00, -2.286166e+00, 6.631803e-10, 5.325793e-10, 4.161005e+01, -1.393395e-01
6.826000e+08, 7.307605e-02, 9.535449e-01, -1.309730e+00, -2.298882e+00, 6.586677e-10, 5.324089e-10, 4.153017e+01, -1.410156e-01
6.864000e+08, 7.362756e-02, 9.534423e-01, -1.325457e+00, -2.311594e+00, 6.542831e-10, 5.322458e-10, 4.144917e+01, -1.426486e-01
6.902000e+08, 7.417225e-02, 9.533426e-01, -1.341078e+00, -2.324302e+00, 6.500232e-10, 5.320902e-10, 4.136709e+01, -1.442380e-01
6.940000e+08, 7.471002e-02, 9.532460e-01, -1.356598e+00, -2.337006e+00, 6.458850e-10, 5.319422e-10, 4.128400e+01, -1.457833e-01
6.978000e+08, 7.524078e-02, 9.531525e-01, -1.372020e+00, -2.349707e+00, 6.418655e-10, 5.318021e-10, 4.119992e+01, -1.472840e-01
7.016000e+08, 7.576444e-02, 9.530624e-01, -1.387345e+00, -2.362404e+00, 6.379619e-10, 5.316700e-10, 4.111492e+01, -1.487397e-01
7.054000e+08, 7.628092e-02, 9.529757e-01, -1.402577e+00, -2.375098e+00, 6.341716e-10, 5.315460e-10, 4.102904e+01, -1.501500e-01
7.092000e+08, 7.679013e-02, 9.528925e-01, -1.417718e+00, -2.387790e+00, 6.304918e-10, 5.314302e-10, 4.094233e+01, -1.515145e-01
7.130000e+08, 7.729198e-02, 9.528129e-01, -1.432772e+00, -2.400478e+00, 6.269202e-10, 5.313227e-10, 4.085483e+01, -1.528329e-01
7.168000e+08, 7.778640e-02, 9.527370e-01, -1.447741e+00, -2.413164e+00, 6.234543e-10, 5.312236e-10, 4.076658e+01, -1.541047e-01
7.206000e+08, 7.827330e-02, 9.526649e-01, -1.462626e+00, -2.425848e+00, 6.200920e-10, 5.311330e-10, 4.067765e+01, -1.553296e-01
7.244000e+08, 7.875260e-02, 9.525966e-01, -1.477432e+00, -2.438529e+00, 6.168310e-10, 5.310509e-10, 4.058806e+01, -1.565074e-01
7.282000e+08, 7.922423e-02, 9.525322e-01, -1.492159e+00, -2.451208e+00, 6.136691e-10, 5.309773e-10, 4.049788e+01, -1.576376e-01
7.320000e+08, 7.968811e-02, 9.524717e-01, -1.506811e+00, -2.463886e+00, 6.106045e-10, 5.309121e-10, 4.040713e+01, -1.587201e-01
7.358000e+08, 8.014415e-02, 9.524152e-01, -1.521390e+00, -2.476562e+00, 6.076352e-10, 5.308555e-10, 4.031587e+01, -1.597546e-01
7.396000e+08, 8.059229e-02, 9.523627e-01, -1.535898e+00, -2.489237e+00, 6.047593e-10, 5.308073e-10, 4.022413e+01, -1.607407e-01
7.434000e+08, 8.103245e-02, 9.523142e-01, -1.550337e+00, -2.501910e+00, 6.019750e-10, 5.307675e-10, 4.013197e+01, -1.616783e-01
7.472000e+08, 8.146455e-02, 9.522696e-01, -1.564710e+00, -2.514583e+00, 5.992805e-10, 5.307360e-10, 4.003942e+01, -1.625671e-01
7.510000e+08, 8.188852e-02, 9.522292e-01, -1.579019e+00, -2.527255e+00, 5.966743e-10, 5.307127e-10, 3.994653e+01, -1.634070e-01
7.548000e+08, 8.230429e-02, 9.521927e-01, -1.593265e+00, -2.539926e+00, 5.941547e-10, 5.306976e-10, 3.985334e+01, -1.641977e-01
7.586000e+08, 8.271178e-02, 9.521602e-01, -1.607451e+00, -2.552597e+00, 5.917200e-10, 5.306904e-10, 3.975988e+01, -1.649390e-01
7.624000e+08, 8.311092e-02, 9.521317e-01, -1.621579e+00, -2.565268e+00, 5.893690e-10, 5.306912e-10, 3.966621e+01, -1.656308e-01
7.662000e+08, 8.350163e-02, 9.521071e-01, -1.635651e+00, -2.577939e+00, 5.870999e-10, 5.306996e-10, 3.957235e+01, -1.662729e-01
7.700000e+08, 8.388383e-02, 9.520864e-01, -1.649668e+00, -2.590610e+00, 5.849116e-10, 5.307156e-10, 3.947836e+01, -1.668651e-01
7.738000e+08, 8.425747e-02, 9.520696e-01, -1.663634e+00, -2.603282e+00, 5.828025e-10, 5.307390e-10, 3.938426e+01, -1.674074e-01
7.776000e+08, 8.462245e-02, 9.520566e-01, -1.677549e+00, -2.615954e+00, 5.807713e-10, 5.307695e-10, 3.929011e+01, -1.678995e-01
7.814000e+08, 8.497871e-02, 9.520473e-01, -1.691415e+00, -2.628626e+00, 5.788168e-10, 5.308071e-10, 3.919593e+01, -1.683414e-01
7.852000e+08, 8.532617e-02, 9.520417e-01, -1.705235e+00, -2.641300e+00, 5.769377e-10, 5.308514e-10, 3.910176e+01, -1.687330e-01
7.890000e+08, 8.566475e-02, 9.520396e-01, -1.719010e+00, -2.653974e+00, 5.751328e-10, 5.309022e-10, 3.900766e+01, -1.690741e-01
7.928000e+08, 8.599438e-02, 9.520411e-01, -1.732742e+00, -2.666650e+00, 5.734009e-10, 5.309593e-10, 3.891364e+01, -1.693647e-01
7.966000e+08, 8.631498e-02, 9.520460e-01, -1.746433e+00, -2.679328e+00, 5.717408e-10, 5.310225e-10, 3.881975e+01, -1.696048e-01
8.004000e+08, 8.662647e-02, 9.520543e-01, -1.760084e+00, -2.692006e+00, 5.701514e-10, 5.310914e-10, 3.872602e+01, -1.697942e-01
8.042000e+08, 8.692878e-02, 9.520657e-01, -1.773697e+00, -2.704687e+00, 5.686316e-10, 5.311659e-10, 3.863250e+01, -1.699329e-01
8.080000e+08, 8.722182e-02, 9.520803e-01, -1.787274e+00, -2.717369e+00, 5.671804e-10, 5.312456e-10, 3.853922e+01, -1.700208e-01
8.118000e+08, 8.750552e-02, 9.520980e-01, -1.800816e+00, -2.730053e+00, 5.657966e-10, 5.313303e-10, 3.844621e+01, -1.700579e-01
8.156000e+08, 8.777980e-02, 9.521185e-01, -1.814325e+00, -2.742739e+00, 5.644794e-10, 5.314197e-10, 3.835351e+01, -1.700443e-01
8.194000e+08, 8.804458e-02, 9.521419e-01, -1.827802e+00, -2.755427e+00, 5.632276e-10, 5.315135e-10, 3.826115e+01, -1.699798e-01
8.232000e+08, 8.829977e-02, 9.521679e-01, -1.841250e+00, -2.768118e+00, 5.620404e-10, 5.316113e-10, 3.816918e+01, -1.698646e-01
8.270000e+08, 8.854529e-02, 9.521965e-01, -1.854669e+00, -2.780811e+00, 5.609167e-10, 5.317130e-10, 3.807762e+01, -1.696985e-01
8.308000e+08, 8.878107e-02, 9.522275e-01, -1.868062e+00, -2.793506e+00, 5.598557e-10, 5.318182e-10, 3.798651e+01, -1.694817e-01
8.346000e+08, 8.900700e-02, 9.522608e-01, -1.881429e+00, -2.806204e+00, 5.588565e-10, 5.319265e-10, 3.789589e+01, -1.692141e-01
8.384000e+08, 8.922303e-02, 9.522963e-01, -1.894772e+00, -2.818904e+00, 5.579182e-10, 5.320377e-10, 3.780579e+01, -1.688958e-01
8.422000e+08, 8.942904e-02, 9.523338e-01, -1.908093e+00, -2.831607e+00, 5.570399e-10, 5.321514e-10, 3.771623e+01, -1.685268e-01
8.460000e+08, 8.962497e-02, 9.523733e-01, -1.921393e+00, -2.844313e+00, 5.562208e-10, 5.322674e-10, 3.762727e+01, -1.681073e-01
8.498000e+08, 8.981073e-02, 9.524145e-01, -1.934673e+00, -2.857021e+00, 5.554601e-10, 5.323853e-10, 3.753893e+01, -1.676373e-01
8.536000e+08, 8.998622e-02, 9.524574e-01, -1.947936e+00, -2.869732e+00, 5.547571e-10, 5.325048e-10, 3.745124e+01, -1.671170e-01
8.574000e+08, 9.015136e-02, 9.525018e-01, -1.961181e+00, -2.882446e+00, 5.541109e-10, 5.326257e-10, 3.736424e+01, -1.665463e-01
8.612000e+08, 9.030606e-02, 9.525475e-01, -1.974411e+00, -2.895164e+00, 5.535209e-10, 5.327475e-10, 3.727796e+01, -1.659255e-01
8.650000e+08, 9.045024e-02, 9.525945e-01, -1.987627e+00, -2.907883e+00, 5.529862e-10, 5.328701e-10, 3.719244e+01, -1.652547e-01
8.688000e+08, 9.058380e-02, 9.526426e-01, -2.000830e+00, -2.920606e+00, 5.525064e-10, 5.329930e-10, 3.710770e+01, -1.645340e-01
8.726000e+08, 9.070666e-02, 9.526916e-01, -2.014022e+00, -2.933332e+00, 5.520806e-10, 5.331160e-10, 3.702378e+01, -1.637636e-01
8.764000e+08, 9.081872e-02, 9.527415e-01, -2.027203e+00, -2.946061e+00, 5.517082e-10, 5.332389e-10, 3.694072e+01, -1.629438e-01
8.802000e+08, 9.091990e-02, 9.527921e-01, -2.040376e+00, -2.958793e+00, 5.513887e-10, 5.333613e-10, 3.685855e+01, -1.620746e-01
8.840000e+08, 9.101010e-02, 9.528432e-01, -2.053541e+00, -2.971527e+00, 5.511214e-10, 5.334829e-10, 3.677729e+01, -1.611564e-01
8.878000e+08, 9.108923e-02, 9.528948e-01, -2.066700e+00, -2.984265e+00, 5.509059e-10, 5.336035e-10, 3.669699e+01, -1.601893e-01
8.916000e+08, 9.115721e-02, 9.529467e-01, -2.079853e+00, -2.997005e+00, 5.507414e-10, 5.337228e-10, 3.661767e+01, -1.591737e-01
8.954000e+08, 9.121394e-02, 9.529988e-01, -2.093003e+00, -3.009748e+00, 5.506277e-10, 5.338405e-10, 3.653937e+01, -1.581097e-01
8.992000e+08, 9.125933e-02, 9.530510e-01, -2.106150e+00, -3.022494e+00, 5.505641e-10, 5.339564e-10, 3.646211e+01, -1.569978e-01
9.030000e+08, 9.129329e-02, 9.531031e-01, -2.119295e+00, -3.035243e+00, 5.505504e-10, 5.340704e-10, 3.638594e+01, -1.558382e-01
9.068000e+08, 9.131574e-02, 9.531551e-01, -2.132440e+00, -3.047995e+00, 5.505859e-10, 5.341820e-10, 3.631088e+01, -1.546312e-01
9.106000e+08, 9.132657e-02, 9.532068e-01, -2.145586e+00, -3.060749e+00, 5.506705e-10, 5.342912e-10, 3.623697e+01, -1.533773e-01
9.144000e+08, 9.132570e-02, 9.532582e-01, -2.158734e+00, -3.073506e+00, 5.508037e-10, 5.343976e-10, 3.616423e+01, -1.520767e-01
9.182000e+08, 9.131305e-02, 9.533090e-01, -2.171885e+00, -3.086265e+00, 5.509853e-10, 5.345012e-10, 3.609270e+01, -1.507299e-01
9.220000e+08, 9.128852e-02, 9.533594e-01, -2.185040e+00, -3.099027e+00, 5.512150e-10, 5.346018e-10, 3.602241e+01, -1.493374e-01
9.258000e+08, 9.125202e-02, 9.534090e-01, -2.198201e+00, -3.111791e+00, 5.514926e-10, 5.346990e-10, 3.595339e+01, -1.478995e-01
9.296000e+08, 9.120346e-02, 9.534579e-01, -2.211368e+00, -3.124557e+00, 5.518179e-10, 5.347929e-10, 3.588568e+01, -1.464168e-01
9.334000e+08, 9.114277e-02, 9.535060e-01, -2.224544e+00, -3.137326e+00, 5.521907e-10, 5.348832e-10, 3.581930e+01, -1.448898e-01
9.372000e+08, 9.106984e-02, 9.535532e-01, -2.237728e+00, 3.133088e+00, 5.526110e-10, 5.349698e-10, 3.575428e+01, -1.433189e-01
9.410000e+08, 9.098461e-02, 9.535994e-01, -2.250922e+00, 3.120315e+00, 5.530788e-10, 5.350527e-10, 3.569066e+01, -1.417047e-01
9.448000e+08, 9.088697e-02, 9.536446e-01, -2.264127e+00, 3.107540e+00, 5.535940e-10, 5.351316e-10, 3.562847e+01, -1.400479e-01
9.486000e+08, 9.077686e-02, 9.536887e-01, -2.277345e+00, 3.094763e+00, 5.541566e-10, 5.352065e-10, 3.556773e+01, -1.383489e-01
9.524000e+08, 9.065418e-02, 9.537316e-01, -2.290576e+00, 3.081985e+00, 5.547669e-10, 5.352773e-10, 3.550849e+01, -1.366085e-01
9.562000e+08, 9.051886e-02, 9.537733e-01, -2.303822e+00, 3.069204e+00, 5.554249e-10, 5.353439e-10, 3.545075e+01, -1.348273e-01
9.600000e+08, 9.037082e-02, 9.538138e-01, -2.317083e+00, 3.056422e+00, 5.561310e-10, 5.354064e-10, 3.539457e+01, -1.330060e-01
9.638000e+08, 9.020998e-02, 9.538530e-01, -2.330361e+00, 3.043639e+00, 5.568852e-10, 5.354645e-10, 3.533996e+01, -1.311453e-01
9.676000e+08, 9.003627e-02, 9.538908e-01, -2.343658e+00, 3.030854e+00, 5.576881e-10, 5.355185e-10, 3.528696e+01, -1.292459e-01
9.714000e+08, 8.984960e-02, 9.539274e-01, -2.356973e+00, 3.018068e+00, 5.585400e-10, 5.355681e-10, 3.523560e+01, -1.273086e-01
9.752000e+08, 8.964991e-02, 9.539625e-01, -2.370309e+00, 3.005281e+00, 5.594414e-10, 5.356135e-10, 3.518589e+01, -1.253343e-01
9.790000e+08, 8.943713e-02, 9.539963e-01, -2.383666e+00, 2.992493e+00, 5.603929e-10, 5.356546e-10, 3.513788e+01, -1.233237e-01
9.828000e+08, 8.921119e-02, 9.540287e-01, -2.397046e+00, 2.979703e+00, 5.613950e-10, 5.356915e-10, 3.509159e+01, -1.212777e-01
9.866000e+08, 8.897202e-02, 9.540598e-01, -2.410450e+00, 2.966913e+00, 5.624485e-10, 5.357242e-10, 3.504705e+01, -1.191972e-01
9.904000e+08, 8.871955e-02, 9.540894e-01, -2.423879e+00, 2.954122e+00, 5.635542e-10, 5.357528e-10, 3.500429e+01, -1.170832e-01
9.942000e+08, 8.845373e-02, 9.541177e-01, -2.437335e+00, 2.941330e+00, 5.647129e-10, 5.357774e-10, 3.496333e+01, -1.149365e-01
9.980000e+08, 8.817450e-02, 9.541446e-01, -2.450818e+00, 2.928538e+00, 5.659257e-10, 5.357979e-10, 3.492419e+01, -1.127581e-01
1.001800e+09, 8.788179e-02, 9.541701e-01, -2.464330e+00, 2.915745e+00, 5.671936e-10, 5.358147e-10, 3.488691e+01, -1.105491e-01
1.005600e+09, 8.757555e-02, 9.541944e-01, -2.477872e+00, 2.902952e+00, 5.685177e-10, 5.358276e-10, 3.485152e+01, -1.083106e-01
1.009400e+09, 8.725574e-02, 9.542173e-01, -2.491446e+00, 2.890159e+00, 5.698995e-10, 5.358370e-10, 3.481803e+01, -1.060434e-01
1.013200e+09, 8.692230e-02, 9.542391e-01, -2.505053e+00, 2.877365e+00, 5.713402e-10, 5.358428e-10, 3.478647e+01, -1.037489e-01
1.017000e+09, 8.657519e-02, 9.542595e-01, -2.518695e+00, 2.864571e+00, 5.728414e-10, 5.358453e-10, 3.475687e+01, -1.014280e-01
1.020800e+09, 8.621435e-02, 9.542789e-01, -2.532372e+00, 2.851777e+00, 5.744047e-10, 5.358446e-10, 3.472924e+01, -9.908201e-02
1.024600e+09, 8.583976e-02, 9.542971e-01, -2.546086e+00, 2.838983e+00, 5.760320e-10, 5.358408e-10, 3.470363e+01, -9.671204e-02
1.028400e+09, 8.545137e-02, 9.543142e-01, -2.559840e+00, 2.826189e+00, 5.777251e-10, 5.358342e-10, 3.468003e+01, -9.431931e-02
1.032200e+09, 8.504916e-02, 9.543303e-01, -2.573634e+00, 2.813396e+00, 5.794862e-10, 5.358249e-10, 3.465849e+01, -9.190506e-02
1.036000e+09, 8.463308e-02, 9.543454e-01, -2.587469e+00, 2.800602e+00, 5.813175e-10, 5.358132e-10, 3.463901e+01, -8.947057e-02
1.039800e+09, 8.420312e-02, 9.543597e-01, -2.601349e+00, 2.787809e+00, 5.832214e-10, 5.357991e-10, 3.462162e+01, -8.701712e-02
1.043600e+09, 8.375925e-02, 9.543731e-01, -2.615274e+00, 2.775016e+00, 5.852005e-10, 5.357829e-10, 3.460635e+01, -8.454604e-02
1.047400e+09, 8.330145e-02, 9.543858e-01, -2.629246e+00, 2.762224e+00, 5.872577e-10, 5.357648e-10, 3.459320e+01, -8.205868e-02
1.051200e+09, 8.282970e-02, 9.543977e-01, -2.643268e+00, 2.749432e+00, 5.893959e-10, 5.357451e-10, 3.458221e+01, -7.955640e-02
1.055000e+09, 8.234400e-02, 9.544090e-01, -2.657340e+00, 2.736641e+00, 5.916185e-10, 5.357239e-10, 3.457338e+01, -7.704059e-02
1.058800e+09, 8.184433e-02, 9.544198e-01, -2.671466e+00, 2.723850e+00, 5.939287e-10, 5.357015e-10, 3.456674e+01, -7.451269e-02
1.062600e+09, 8.133069e-02, 9.544302e-01, -2.685647e+00, 2.711059e+00, 5.963306e-10, 5.356781e-10, 3.456230e+01, -7.197411e-02
1.066400e+09, 8.080308e-02, 9.544401e-01, -2.699885e+00, 2.698269e+00, 5.988279e-10, 5.356539e-10, 3.456007e+01, -6.942634e-02
1.070200e+09, 8.026150e-02, 9.544497e-01, -2.714182e+00, 2.685480e+00, 6.014250e-10, 5.356292e-10, 3.456008e+01, -6.687084e-02
1.074000e+09, 7.970597e-02, 9.544591e-01, -2.728542e+00, 2.672691e+00, 6.041266e-10, 5.356041e-10, 3.456234e+01, -6.430912e-02
1.077800e+09, 7.913650e-02, 9.544683e-01, -2.742966e+00, 2.659903e+00, 6.069376e-10, 5.355789e-10, 3.456686e+01, -6.174270e-02
1.081600e+09, 7.855311e-02, 9.544774e-01, -2.757457e+00, 2.647115e+00, 6.098633e-10, 5.355539e-10, 3.457365e+01, -5.917312e-02
1.085400e+09, 7.795581e-02, 9.544865e-01, -2.772019e+00, 2.634329e+00, 6.129094e-10, 5.355292e-10, 3.458273e+01, -5.660194e-02
1.089200e+09, 7.734464e-02, 9.544957e-01, -2.786653e+00, 2.621542e+00, 6.160822e-10, 5.355052e-10, 3.459410e+01, -5.403072e-02
1.093000e+09, 7.671964e-02, 9.545050e-01, -2.801362e+00, 2.608756e+00, 6.193881e-10, 5.354819e-10, 3.460778e+01, -5.146104e-02
1.096800e+09, 7.608083e-02, 9.545146e-01, -2.816151e+00, 2.595971e+00, 6.228343e-10, 5.354596e-10, 3.462377e+01, -4.889451e-02
1.100600e+09, 7.542827e-02, 9.545245e-01, -2.831022e+00, 2.583186e+00, 6.264283e-10, 5.354386e-10, 3.464209e+01, -4.633273e-02
1.104400e+09, 7.476200e-02, 9.545347e-01, -2.845978e+00, 2.570402e+00, 6.301785e-10, 5.354189e-10, 3.466274e+01, -4.377733e-02
1.108200e+09, 7.408208e-02, 9.545454e-01, -2.861024e+00, 2.557619e+00, 6.340936e-10, 5.354010e-10, 3.468572e+01, -4.122993e-02
1.112000e+09, 7.338857e-02, 9.545566e-01, -2.876164e+00, 2.544835e+00, 6.381832e-10, 5.353848e-10, 3.471104e+01, -3.869216e-02
1.115800e+09, 7.268154e-02, 9.545684e-01, -2.891402e+00, 2.532052e+00, 6.424574e-10, 5.353706e-10, 3.473872e+01, -3.616568e-02
1.119600e+09, 7.196106e-02, 9.545808e-01, -2.906741e+00, 2.519270e+00, 6.469274e-10, 5.353586e-10, 3.476874e+01, -3.365213e-02
1.123400e+09, 7.122721e-02, 9.545940e-01, -2.922187e+00, 2.506488e+00, 6.516050e-10, 5.353490e-10, 3.480111e+01, -3.115316e-02
1.127200e+09, 7.048008e-02, 9.546078e-01, -2.937745e+00, 2.493706e+00, 6.565032e-10, 5.353419e-10, 3.483583e+01, -2.867044e-02
1.131000e+09, 6.971976e-02, 9.546225e-01, -2.953420e+00, 2.480924e+00, 6.616358e-10, 5.353374e-10, 3.487290e+01, -2.620561e-02
1.134800e+09, 6.894635e-02, 9.546381e-01, -2.969217e+00, 2.468142e+00, 6.670179e-10, 5.353357e-10, 3.491233e+01, -2.376033e-02
1.138600e+09, 6.815997e-02, 9.546545e-01, -2.985143e+00, 2.455360e+00, 6.726658e-10, 5.353370e-10, 3.495410e+01, -2.133627e-02
1.142400e+09, 6.736072e-02, 9.546719e-01, -3.001203e+00, 2.442578e+00, 6.785972e-10, 5.353412e-10, 3.499822e+01, -1.893506e-02
1.146200e+09, 6.654875e-02, 9.546903e-01, -3.017405e+00, 2.429796e+00, 6.848311e-10, 5.353487e-10, 3.504467e+01, -1.655837e-02
1.150000e+09, 6.572417e-02, 9.547097e-01, -3.033757e+00, 2.417014e+00, 6.913885e-10, 5.353593e-10, 3.509346e+01, -1.420784e-02
1.153800e+09, 6.488713e-02, 9.547301e-01, -3.050264e+00, 2.404232e+00, 6.982917e-10, 5.353733e-10, 3.514458e+01, -1.188509e-02
1.157600e+09, 6.403778e-02, 9.547516e-01, -3.066937e+00, 2.391450e+00, 7.055655e-10, 5.353907e-10, 3.519801e+01, -9.591760e-03
1.161400e+09, 6.317629e-02, 9.547742e-01, -3.083783e+00, 2.378666e+00, 7.132366e-10, 5.354115e-10, 3.525375e+01, -7.329468e-03
1.165200e+09, 6.230284e-02, 9.547979e-01, -3.100812e+00, 2.365883e+00, 7.213341e-10, 5.354358e-10, 3.531179e+01, -5.099818e-03
1.169000e+09, 6.141759e-02, 9.548227e-01, -3.118035e+00, 2.353099e+00, 7.298898e-10, 5.354637e-10, 3.537212e+01, -2.904407e-03
1.172800e+09, 6.052076e-02, 9.548486e-01, -3.135462e+00, 2.340314e+00, 7.389385e-10, 5.354951e-10, 3.543472e+01, -7.448137e-04
1.176600e+09, 5.961255e-02, 9.548757e-01, 3.130081e+00, 2.327529e+00, 7.485182e-10, 5.355301e-10, 3.549958e+01, 1.377395e-03
1.180400e+09, 5.869318e-02, 9.549038e-01, 3.112209e+00, 2.314742e+00, 7.586706e-10, 5.355686e-10, 3.556668e+01, 3.460669e-03
1.184200e+09, 5.776289e-02, 9.549331e-01, 3.094095e+00, 2.301955e+00, 7.694413e-10, 5.356108e-10, 3.563601e+01, 5.503476e-03
1.188000e+09, 5.682194e-02, 9.549634e-01, 3.075723e+00, 2.289167e+00, 7.808804e-10, 5.356564e-10, 3.570754e+01, 7.504303e-03
1.191800e+09, 5.587058e-02, 9.549948e-01, 3.057079e+00, 2.276377e+00, 7.930429e-10, 5.357055e-10, 3.578126e+01, 9.461657e-03
1.195600e+09, 5.490912e-02, 9.550273e-01, 3.038144e+00, 2.263587e+00, 8.059895e-10, 5.357581e-10, 3.585715e+01, 1.137406e-02
1.199400e+09, 5.393786e-02, 9.550607e-01, 3.018900e+00, 2.250795e+00, 8.197870e-10, 5.358141e-10, 3.593519e+01, 1.324008e-02
1.203200e+09, 5.295712e-02, 9.550952e-01, 2.999327e+00, 2.238002e+00, 8.345089e-10, 5.358734e-10, 3.601534e+01, 1.505826e-02
1.207000e+09, 5.196727e-02, 9.551306e-01, 2.979402e+00, 2.225207e+00, 8.502366e-10, 5.359359e-10, 3.609759e+01, 1.682723e-02
1.210800e+09, 5.096867e-02, 9.551669e-01, 2.959102e+00, 2.212411e+00, 8.670600e-10, 5.360016e-10, 3.618191e+01, 1.854559e-02
1.214600e+09, 4.996174e-02, 9.552041e-01, 2.938400e+00, 2.199613e+00, 8.850787e-10, 5.360703e-10, 3.626828e+01, 2.021200e-02
1.218400e+09, 4.894691e-02, 9.552421e-01, 2.917268e+00, 2.186814e+00, 9.044031e-10, 5.361420e-10, 3.635665e+01, 2.182514e-02
1.222200e+09, 4.792464e-02, 9.552808e-01, 2.895674e+00, 2.174013e+00, 9.251554e-10, 5.362166e-10, 3.644701e+01, 2.338371e-02
1.226000e+09, 4.689546e-02, 9.553203e-01, 2.873585e+00, 2.161210e+00, 9.474716e-10, 5.362938e-10, 3.653933e+01, 2.488644e-02
1.229800e+09, 4.585990e-02, 9.553603e-01, 2.850963e+00, 2.148406e+00, 9.715026e-10, 5.363736e-10, 3.663356e+01, 2.633212e-02
1.233600e+09, 4.481857e-02, 9.554010e-01, 2.827767e+00, 2.135599e+00, 9.974164e-10, 5.364558e-10, 3.672967e+01, 2.771952e-02
1.237400e+09, 4.377211e-02, 9.554421e-01, 2.803953e+00, 2.122791e+00, 1.025400e-09, 5.365403e-10, 3.682763e+01, 2.904748e-02
1.241200e+09, 4.272123e-02, 9.554837e-01, 2.779470e+00, 2.109980e+00, 1.055660e-09, 5.366270e-10, 3.692741e+01, 3.031487e-02
1.245000e+09, 4.166671e-02, 9.555257e-01, 2.754265e+00, 2.097168e+00, 1.088429e-09, 5.367156e-10, 3.702895e+01, 3.152058e-02
1.248800e+09, 4.060938e-02, 9.555679e-01, 2.728278e+00, 2.084353e+00, 1.123963e-09, 5.368060e-10, 3.713223e+01, 3.266354e-02
1.252600e+09, 3.955017e-02, 9.556103e-01, 2.701442e+00, 2.071536e+00, 1.162548e-09, 5.368981e-10, 3.723720e+01, 3.374272e-02
1.256400e+09, 3.849011e-02, 9.556529e-01, 2.673685e+00, 2.058717e+00, 1.204500e-09, 5.369916e-10, 3.734381e+01, 3.475712e-02
1.260200e+09, 3.743033e-02, 9.556955e-01, 2.644926e+00, 2.045896e+00, 1.250169e-09, 5.370865e-10, 3.745203e+01, 3.570578e-02
1.264000e+09, 3.637207e-02, 9.557380e-01, 2.615077e+00, 2.033072e+00, 1.299941e-09, 5.371824e-10, 3.756181e+01, 3.658777e-02
1.267800e+09, 3.531673e-02, 9.557804e-01, 2.584039e+00, 2.020247e+00, 1.354237e-09, 5.372793e-10, 3.767310e+01, 3.740221e-02
1.271600e+09, 3.426586e-02, 9.558226e-01, 2.551706e+00, 2.007418e+00, 1.413519e-09, 5.373769e-10, 3.778585e+01, 3.814824e-02
1.275400e+09, 3.322117e-02, 9.558645e-01, 2.517956e+00, 1.994588e+00, 1.478282e-09, 5.374751e-10, 3.790001e+01, 3.882507e-02
1.279200e+09, 3.218459e-02, 9.559060e-01, 2.482661e+00, 1.981755e+00, 1.549054e-09, 5.375736e-10, 3.801554e+01, 3.943192e-02
1.283000e+09, 3.115829e-02, 9.559469e-01, 2.445675e+00, 1.968920e+00, 1.626386e-09, 5.376723e-10, 3.813237e+01, 3.996805e-02
1.286800e+09, 3.014470e-02, 9.559873e-01, 2.406843e+00, 1.956082e+00, 1.710839e-09, 5.377710e-10, 3.825046e+01, 4.043279e-02
1.290600e+09, 2.914654e-02, 9.560270e-01, 2.365995e+00, 1.943243e+00, 1.802960e-09, 5.378696e-10, 3.836975e+01, 4.082548e-02
1.294400e+09, 2.816688e-02, 9.560659e-01, 2.322948e+00, 1.930400e+00, 1.903253e-09, 5.379677e-10, 3.849018e+01, 4.114551e-02
1.298200e+09, 2.720918e-02, 9.561040e-01, 2.277505e+00, 1.917556e+00, 2.012126e-09, 5.380653e-10, 3.861169e+01, 4.139232e-02
1.302000e+09, 2.627730e-02, 9.561411e-01, 2.229464e+00, 1.904709e+00, 2.129828e-09, 5.381621e-10, 3.873423e+01, 4.156539e-02
1.305800e+09, 2.537558e-02, 9.561771e-01, 2.178612e+00, 1.891860e+00, 2.256363e-09, 5.382580e-10, 3.885774e+01, 4.166423e-02
1.309600e+09, 2.450888e-02, 9.562120e-01, 2.124738e+00, 1.879008e+00, 2.391374e-09, 5.383527e-10, 3.898215e+01, 4.168840e-02
1.313400e+09, 2.368255e-02, 9.562456e-01, 2.067642e+00, 1.866154e+00, 2.534011e-09, 5.384462e-10, 3.910739e+01, 4.163751e-02
1.317200e+09, 2.290253e-02, 9.562779e-01, 2.007139e+00, 1.853298e+00, 2.682777e-09, 5.385382e-10, 3.923341e+01, 4.151120e-02
1.321000e+09, 2.217524e-02, 9.563088e-01, 1.943085e+00, 1.840440e+00, 2.835372e-09, 5.386286e-10, 3.936014e+01, 4.130917e-02
1.324800e+09, 2.150760e-02, 9.563382e-01, 1.875388e+00, 1.827580e+00, 2.988565e-09, 5.387172e-10, 3.948751e+01, 4.103115e-02
1.328600e+09, 2.090687e-02, 9.563660e-01, 1.804032e+00, 1.814717e+00, 3.138130e-09, 5.388038e-10, 3.961545e+01, 4.067691e-02
1.332400e+09, 2.038051e-02, 9.563921e-01, 1.729106e+00, 1.801853e+00, 3.278904e-09, 5.388883e-10, 3.974389e+01, 4.024629e-02
1.336200e+09, 1.993594e-02, 9.564165e-01, 1.650819e+00, 1.788986e+00, 3.405016e-09, 5.389705e-10, 3.987276e+01, 3.973915e-02
1.340000e+09, 1.958022e-02, 9.564390e-01, 1.569520e+00, 1.776118e+00, 3.510311e-09, 5.390503e-10, 4.000200e+01, 3.915540e-02
1.343800e+09, 1.931972e-02, 9.564597e-01, 1.485707e+00, 1.763247e+00, 3.588967e-09, 5.391275e-10, 4.013152e+01, 3.849499e-02
1.347600e+09, 1.915973e-02, 9.564783e-01, 1.400017e+00, 1.750375e+00, 3.636205e-09, 5.392020e-10, 4.026125e+01, 3.775793e-02
1.351400e+09, 1.910415e-02, 9.564948e-01, 1.313198e+00, 1.737501e+00, 3.648972e-09, 5.392737e-10, 4.039113e+01, 3.694427e-02
1.355200e+09, 1.915515e-02, 9.565092e-01, 1.226075e+00, 1.724625e+00, 3.626405e-09, 5.393423e-10, 4.052106e+01, 3.605410e-02
1.359000e+09, 1.931311e-02, 9.565214e-01, 1.139491e+00, 1.711748e+00, 3.569981e-09, 5.394080e-10, 4.065097e+01, 3.508755e-02
1.362800e+09, 1.957658e-02, 9.565314e-01, 1.054254e+00, 1.698869e+00, 3.483270e-09, 5.394704e-10, 4.078080e+01, 3.404481e-02
1.366600e+09, 1.994242e-02, 9.565390e-01, 9.710867e-01, 1.685988e+00, 3.371400e-09, 5.395294e-10, 4.091045e+01, 3.292610e-02
1.370400e+09, 2.040608e-02, 9.565442e-01, 8.905908e-01, 1.673107e+00, 3.240350e-09, 5.395851e-10, 4.103984e+01, 3.173171e-02
1.374200e+09, 2.096195e-02, 9.565469e-01, 8.132238e-01, 1.660223e+00, 3.096252e-09, 5.396373e-10, 4.116890e+01, 3.046194e-02
1.378000e+09, 2.160370e-02, 9.565472e-01, 7.392974e-01, 1.647339e+00, 2.944823e-09, 5.396858e-10, 4.129755e+01, 2.911717e-02
1.381800e+09, 2.232463e-02, 9.565449e-01, 6.689865e-01, 1.634453e+00, 2.790990e-09, 5.397307e-10, 4.142570e+01, 2.769780e-02
1.385600e+09, 2.311793e-02, 9.565400e-01, 6.023485e-01, 1.621567e+00, 2.638712e-09, 5.397718e-10, 4.155327e+01, 2.620429e-02
1.389400e+09, 2.397698e-02, 9.565324e-01, 5.393464e-01, 1.608679e+00, 2.490965e-09, 5.398090e-10, 4.168018e+01, 2.463714e-02
1.393200e+09, 2.489541e-02, 9.565222e-01, 4.798718e-01, 1.595791e+00, 2.349818e-09, 5.398424e-10, 4.180634e+01, 2.299690e-02
1.397000e+09, 2.586729e-02, 9.565092e-01, 4.237673e-01, 1.582901e+00, 2.216582e-09, 5.398718e-10, 4.193167e+01, 2.128416e-02
1.400800e+09, 2.688715e-02, 9.564935e-01, 3.708440e-01, 1.570011e+00, 2.091962e-09, 5.398971e-10, 4.205608e+01, 1.949955e-02
1.404600e+09, 2.795000e-02, 9.564749e-01, 3.208961e-01, 1.557121e+00, 1.976204e-09, 5.399184e-10, 4.217950e+01, 1.764376e-02
1.408400e+09, 2.905130e-02, 9.564536e-01, 2.737120e-01, 1.544229e+00, 1.869231e-09, 5.399357e-10, 4.230183e+01, 1.571752e-02
1.412200e+09, 3.018699e-02, 9.564294e-01, 2.290821e-01, 1.531338e+00, 1.770743e-09, 5.399487e-10, 4.242299e+01, 1.372159e-02
1.416000e+09, 3.135342e-02, 9.564024e-01, 1.868036e-01, 1.518446e+00, 1.680300e-09, 5.399576e-10, 4.254289e+01, 1.165679e-02
1.419800e+09, 3.254733e-02, 9.563725e-01, 1.466846e-01, 1.505554e+00, 1.597385e-09, 5.399624e-10, 4.266146e+01, 9.523981e-03
1.423600e+09, 3.376579e-02, 9.563397e-01, 1.085453e-01, 1.492662e+00, 1.521444e-09, 5.399629e-10, 4.277860e+01, 7.324067e-03
1.427400e+09, 3.500619e-02, 9.563040e-01, 7.221910e-02, 1.479769e+00, 1.451916e-09, 5.399592e-10, 4.289423e+01, 5.057992e-03
1.431200e+09, 3.626619e-02, 9.562654e-01, 3.755300e-02, 1.466877e+00, 1.388256e-09, 5.399513e-10, 4.300827e+01, 2.726748e-03
1.435000e+09, 3.754368e-02, 9.562239e-01, 4.406858e-03, 1.453985e+00, 1.329943e-09, 5.399393e-10, 4.312062e+01, 3.313654e-04
1.438800e+09, 3.883679e-02, 9.561795e-01, -2.734701e-02, 1.441094e+00, 1.276492e-09, 5.399230e-10, 4.323122e+01, -2.127080e-03
1.442600e+09, 4.014380e-02, 9.561322e-01, -5.782467e-02, 1.428202e+00, 1.227452e-09, 5.399025e-10, 4.333997e+01, -4.647473e-03
1.446400e+09, 4.146319e-02, 9.560821e-01, -8.713143e-02, 1.415312e+00, 1.182410e-09, 5.398779e-10, 4.344680e+01, -7.228656e-03
1.450200e+09, 4.279354e-02, 9.560290e-01, -1.153628e-01, 1.402422e+00, 1.140991e-09, 5.398491e-10, 4.355162e+01, -9.869431e-03
1.454000e+09, 4.413360e-02, 9.559731e-01, -1.426052e-01, 1.389532e+00, 1.102854e-09, 5.398163e-10, 4.365435e+01, -1.256856e-02
1.457800e+09, 4.548219e-02, 9.559144e-01, -1.689370e-01, 1.376643e+00, 1.067691e-09, 5.397793e-10, 4.375491e+01, -1.532477e-02
1.461600e+09, 4.683826e-02, 9.558528e-01, -1.944294e-01, 1.363756e+00, 1.035225e-09, 5.397383e-10, 4.385322e+01, -1.813673e-02
1.465400e+09, 4.820082e-02, 9.557884e-01, -2.191465e-01, 1.350869e+00, 1.005206e-09, 5.396934e-10, 4.394921e+01, -2.100311e-02
1.469200e+09, 4.956897e-02, 9.557213e-01, -2.431469e-01, 1.337983e+00, 9.774095e-10, 5.396445e-10, 4.404280e+01, -2.392249e-02
1.473000e+09, 5.094187e-02, 9.556514e-01, -2.664836e-01, 1.325098e+00, 9.516334e-10, 5.395917e-10, 4.413391e+01, -2.689347e-02
1.476800e+09, 5.231874e-02, 9.555789e-01, -2.892049e-01, 1.312215e+00, 9.276962e-10, 5.395351e-10, 4.422248e+01, -2.991457e-02
1.480600e+09, 5.369885e-02, 9.555036e-01, -3.113547e-01, 1.299333e+00, 9.054349e-10, 5.394748e-10, 4.430842e+01, -3.298430e-02
1.484400e+09, 5.508151e-02, 9.554258e-01, -3.329730e-01, 1.286452e+00, 8.847026e-10, 5.394107e-10, 4.439168e+01, -3.610112e-02
1.488200e+09, 5.646608e-02, 9.553454e-01, -3.540962e-01, 1.273573e+00, 8.653672e-10, 5.393431e-10, 4.447218e+01, -3.926348e-02
1.492000e+09, 5.785196e-02, 9.552624e-01, -3.747578e-01, 1.260696e+00, 8.473098e-10, 5.392719e-10, 4.454985e+01, -4.246976e-02
1.495800e+09, 5.923857e-02, 9.551770e-01, -3.949883e-01, 1.247820e+00, 8.304230e-10, 5.391972e-10, 4.462463e+01, -4.571836e-02
1.499600e+09, 6.062537e-02, 9.550891e-01, -4.148155e-01, 1.234946e+00, 8.146099e-10, 5.391192e-10, 4.469647e+01, -4.900760e-02
1.503400e+09, 6.201183e-02, 9.549988e-01, -4.342652e-01, 1.222074e+00, 7.997830e-10, 5.390378e-10, 4.476529e+01, -5.233581e-02
1.507200e+09, 6.339748e-02, 9.549063e-01, -4.533609e-01, 1.209204e+00, 7.858630e-10, 5.389533e-10, 4.483104e+01, -5.570128e-02
1.511000e+09, 6.478182e-02, 9.548114e-01, -4.721243e-01, 1.196336e+00, 7.727782e-10, 5.388656e-10, 4.489368e+01, -5.910226e-02
1.514800e+09, 6.616440e-02, 9.547144e-01, -4.905752e-01, 1.183470e+00, 7.604635e-10, 5.387749e-10, 4.495313e+01, -6.253699e-02
1.518600e+09, 6.754479e-02, 9.546152e-01, -5.087321e-01, 1.170606e+00, 7.488599e-10, 5.386813e-10, 4.500935e+01, -6.600368e-02
1.522400e+09, 6.892257e-02, 9.545140e-01, -5.266120e-01, 1.157745e+00, 7.379134e-10, 5.385848e-10, 4.506231e+01, -6.950053e-02
1.526200e+09, 7.029732e-02, 9.544107e-01, -5.442305e-01, 1.144885e+00, 7.275754e-10, 5.384857e-10, 4.511194e+01, -7.302570e-02
1.530000e+09, 7.166866e-02, 9.543055e-01, -5.616022e-01, 1.132028e+00, 7.178011e-10, 5.383839e-10, 4.515820e+01, -7.657735e-02
1.533800e+09, 7.303620e-02, 9.541985e-01, -5.787404e-01, 1.119174e+00, 7.085498e-10, 5.382796e-10, 4.520107e+01, -8.015360e-02
1.537600e+09, 7.439957e-02, 9.540896e-01, -5.956579e-01, 1.106322e+00, 6.997843e-10, 5.381729e-10, 4.524049e+01, -8.375257e-02
1.541400e+09, 7.575840e-02, 9.539790e-01, -6.123660e-01, 1.093472e+00, 6.914707e-10, 5.380639e-10, 4.527644e+01, -8.737236e-02
1.545200e+09, 7.711235e-02, 9.538668e-01, -6.288756e-01, 1.080625e+00, 6.835777e-10, 5.379527e-10, 4.530889e+01, -9.101106e-02
1.549000e+09, 7.846107e-02, 9.537530e-01, -6.451968e-01, 1.067781e+00, 6.760767e-10, 5.378394e-10, 4.533781e+01, -9.466674e-02
1.552800e+09, 7.980423e-02, 9.536378e-01, -6.613389e-01, 1.054940e+00, 6.689415e-10, 5.377242e-10, 4.536316e+01, -9.833746e-02
1.556600e+09, 8.114149e-02, 9.535211e-01, -6.773106e-01, 1.042101e+00, 6.621479e-10, 5.376071e-10, 4.538494e+01, -1.020213e-01
1.560400e+09, 8.247253e-02, 9.534031e-01, -6.931201e-01, 1.029265e+00, 6.556737e-10, 5.374883e-10, 4.540312e+01, -1.057162e-01
1.564200e+09, 8.379704e-02, 9.532839e-01, -7.087750e-01, 1.016432e+00, 6.494984e-10, 5.373679e-10, 4.541769e+01, -1.094203e-01
1.568000e+09, 8.511471e-02, 9.531634e-01, -7.242825e-01, 1.003602e+00, 6.436031e-10, 5.372460e-10, 4.542864e+01, -1.131317e-01
1.571800e+09, 8.642523e-02, 9.530420e-01, -7.396492e-01, 9.907742e-01, 6.379704e-10, 5.371227e-10, 4.543594e+01, -1.168483e-01
1.575600e+09, 8.772831e-02, 9.529195e-01, -7.548815e-01, 9.779499e-01, 6.325840e-10, 5.369981e-10, 4.543961e+01, -1.205681e-01
1.579400e+09, 8.902364e-02, 9.527961e-01, -7.699851e-01, 9.651284e-01, 6.274292e-10, 5.368724e-10, 4.543964e+01, -1.242892e-01
1.583200e+09, 9.031094e-02, 9.526719e-01, -7.849657e-01, 9.523100e-01, 6.224920e-10, 5.367457e-10, 4.543602e+01, -1.280097e-01
1.587000e+09, 9.158993e-02, 9.525470e-01, -7.998284e-01, 9.394946e-01, 6.177596e-10, 5.366181e-10, 4.542876e+01, -1.317275e-01
1.590800e+09, 9.286031e-02, 9.524214e-01, -8.145781e-01, 9.266823e-01, 6.132200e-10, 5.364897e-10, 4.541787e+01, -1.354407e-01
1.594600e+09, 9.412182e-02, 9.522953e-01, -8.292194e-01, 9.138730e-01, 6.088623e-10, 5.363606e-10, 4.540336e+01, -1.391473e-01
1.598400e+09, 9.537417e-02, 9.521687e-01, -8.437566e-01, 9.010668e-01, 6.046761e-10, 5.362310e-10, 4.538524e+01, -1.428454e-01
1.602200e+09, 9.661710e-02, 9.520417e-01, -8.581940e-01, 8.882637e-01, 6.006517e-10, 5.361010e-10, 4.536353e+01, -1.465330e-01
1.606000e+09, 9.785034e-02, 9.519144e-01, -8.725352e-01, 8.754637e-01, 5.967803e-10, 5.359706e-10, 4.533824e+01, -1.502083e-01
1.609800e+09, 9.907361e-02, 9.517869e-01, -8.867840e-01, 8.626668e-01, 5.930534e-10, 5.358400e-10, 4.530940e+01, -1.538691e-01
1.613600e+09, 1.002867e-01, 9.516593e-01, -9.009438e-01, 8.498730e-01, 5.894634e-10, 5.357094e-10, 4.527704e+01, -1.575138e-01
1.617400e+09, 1.014893e-01, 9.515317e-01, -9.150179e-01, 8.370823e-01, 5.860028e-10, 5.355788e-10, 4.524117e+01, -1.611403e-01
1.621200e+09, 1.026811e-01, 9.514041e-01, -9.290093e-01, 8.242948e-01, 5.826650e-10, 5.354483e-10, 4.520184e+01, -1.647468e-01
1.625000e+09, 1.038620e-01, 9.512766e-01, -9.429211e-01, 8.115104e-01, 5.794433e-10, 5.353181e-10, 4.515908e+01, -1.683313e-01
1.628800e+09, 1.050316e-01, 9.511494e-01, -9.567559e-01, 7.987291e-01, 5.763320e-10, 5.351882e-10, 4.511292e+01, -1.718922e-01
1.632600e+09, 1.061897e-01, 9.510225e-01, -9.705165e-01, 7.859509e-01, 5.733253e-10, 5.350588e-10, 4.506340e+01, -1.754274e-01
1.636400e+09, 1.073361e-01, 9.508961e-01, -9.842053e-01, 7.731758e-01, 5.704180e-10, 5.349300e-10, 4.501057e+01, -1.789353e-01
1.640200e+09, 1.084705e-01, 9.507701e-01, -9.978246e-01, 7.604037e-01, 5.676051e-10, 5.348019e-10, 4.495447e+01, -1.824140e-01
1.644000e+09, 1.095927e-01, 9.506446e-01, -1.011377e+00, 7.476347e-01, 5.648819e-10, 5.346746e-10, 4.489514e+01, -1.858617e-01
1.647800e+09, 1.107024e-01, 9.505199e-01, -1.024864e+00, 7.348688e-01, 5.622440e-10, 5.345482e-10, 4.483264e+01, -1.892767e-01
1.651600e+09, 1.117995e-01, 9.503958e-01, -1.038288e+00, 7.221058e-01, 5.596873e-10, 5.344228e-10, 4.476702e+01, -1.926573e-01
1.655400e+09, 1.128835e-01, 9.502726e-01, -1.051651e+00, 7.093459e-01, 5.572078e-10, 5.342985e-10, 4.469833e+01, -1.960018e-01
1.659200e+09, 1.139545e-01, 9.501503e-01, -1.064955e+00, 6.965889e-01, 5.548019e-10, 5.341754e-10, 4.462662e+01, -1.993085e-01
1.663000e+09, 1.150120e-01, 9.500290e-01, -1.078202e+00, 6.838349e-01, 5.524660e-10, 5.340535e-10, 4.455196e+01, -2.025757e-01
1.666800e+09, 1.160558e-01, 9.499087e-01, -1.091393e+00, 6.710838e-01, 5.501969e-10, 5.339331e-10, 4.447440e+01, -2.058019e-01
1.670600e+09, 1.170859e-01, 9.497896e-01, -1.104529e+00, 6.583356e-01, 5.479913e-10, 5.338142e-10, 4.439401e+01, -2.089854e-01
1.674400e+09, 1.181018e-01, 9.496717e-01, -1.117613e+00, 6.455902e-01, 5.458464e-10, 5.336968e-10, 4.431086e+01, -2.121246e-01
1.678200e+09, 1.191034e-01, 9.495551e-01, -1.130646e+00, 6.328476e-01, 5.437592e-10, 5.335811e-10, 4.422499e+01, -2.152181e-01
1.682000e+09, 1.200905e-01, 9.494399e-01, -1.143629e+00, 6.201077e-01, 5.417271e-10, 5.334672e-10, 4.413649e+01, -2.182643e-01
1.685800e+09, 1.210628e-01, 9.493261e-01, -1.156563e+00, 6.073706e-01, 5.397476e-10, 5.333551e-10, 4.404542e+01, -2.212618e-01
1.689600e+09, 1.220201e-01, 9.492138e-01, -1.169450e+00, 5.946362e-01, 5.378181e-10, 5.332449e-10, 4.395186e+01, -2.242090e-01
1.693400e+09, 1.229623e-01, 9.491031e-01, -1.182291e+00, 5.819043e-01, 5.359365e-10, 5.331367e-10, 4.385586e+01, -2.271046e-01
1.697200e+09, 1.238890e-01, 9.489941e-01, -1.195087e+00, 5.691751e-01, 5.341004e-10, 5.330305e-10, 4.375751e+01, -2.299473e-01
1.701000e+09, 1.248001e-01, 9.488867e-01, -1.207839e+00, 5.564484e-01, 5.323078e-10, 5.329265e-10, 4.365688e+01, -2.327355e-01
1.704800e+09, 1.256953e-01, 9.487812e-01, -1.220549e+00, 5.437242e-01, 5.305566e-10, 5.328248e-10, 4.355405e+01, -2.354681e-01
1.708600e+09, 1.265745e-01, 9.486775e-01, -1.233216e+00, 5.310024e-01, 5.288449e-10, 5.327253e-10, 4.344908e+01, -2.381437e-01
1.712400e+09, 1.274375e-01, 9.485758e-01, -1.245843e+00, 5.182830e-01, 5.271709e-10, 5.326282e-10, 4.334205e+01, -2.407611e-01
1.716200e+09, 1.282839e-01, 9.484760e-01, -1.258430e+00, 5.055659e-01, 5.255327e-10, 5.325335e-10, 4.323305e+01, -2.433191e-01
1.720000e+09, 1.291137e-01, 9.483782e-01, -1.270978e+00, 4.928511e-01, 5.239286e-10, 5.324413e-10, 4.312215e+01, -2.458164e-01
1.723800e+09, 1.299266e-01, 9.482826e-01, -1.283487e+00, 4.801385e-01, 5.223570e-10, 5.323516e-10, 4.300943e+01, -2.482520e-01
1.727600e+09, 1.307224e-01, 9.481891e-01, -1.295959e+00, 4.674280e-01, 5.208163e-10, 5.322645e-10, 4.289497e+01, -2.506246e-01
1.731400e+09, 1.315009e-01, 9.480978e-01, -1.308394e+00, 4.547196e-01, 5.193049e-10, 5.321801e-10, 4.277884e+01, -2.529332e-01
1.735200e+09, 1.322619e-01, 9.480088e-01, -1.320793e+00, 4.420132e-01, 5.178214e-10, 5.320985e-10, 4.266114e+01, -2.551768e-01
1.739000e+09, 1.330053e-01, 9.479220e-01, -1.333156e+00, 4.293088e-01, 5.163643e-10, 5.320196e-10, 4.254193e+01, -2.573543e-01
1.742800e+09, 1.337307e-01, 9.478377e-01, -1.345485e+00, 4.166062e-01, 5.149323e-10, 5.319435e-10, 4.242130e+01, -2.594648e-01
1.746600e+09, 1.344381e-01, 9.477558e-01, -1.357780e+00, 4.039055e-01, 5.135239e-10, 5.318702e-10, 4.229934e+01, -2.615073e-01
1.750400e+09, 1.351272e-01, 9.476763e-01, -1.370041e+00, 3.912065e-01, 5.121380e-10, 5.317999e-10, 4.217611e+01, -2.634809e-01
1.754200e+09, 1.357979e-01, 9.475993e-01, -1.382269e+00, 3.785092e-01, 5.107731e-10, 5.317325e-10, 4.205171e+01, -2.653846e-01
1.758000e+09, 1.364498e-01, 9.475249e-01, -1.394464e+00, 3.658135e-01, 5.094280e-10, 5.316681e-10, 4.192621e+01, -2.672178e-01
1.761800e+09, 1.370830e-01, 9.474530e-01, -1.406627e+00, 3.531193e-01, 5.081016e-10, 5.316067e-10, 4.179970e+01, -2.689795e-01
1.765600e+09, 1.376971e-01, 9.473838e-01, -1.418758e+00, 3.404266e-01, 5.067926e-10, 5.315484e-10, 4.167225e+01, -2.706690e-01
1.769400e+09, 1.382920e-01, 9.473173e-01, -1.430859e+00, 3.277353e-01, 5.054998e-10, 5.314931e-10, 4.154395e+01, -2.722855e-01
1.773200e+09, 1.388675e-01, 9.472534e-01, -1.442928e+00, 3.150453e-01, 5.042222e-10, 5.314410e-10, 4.141488e+01, -2.738283e-01
1.777000e+09, 1.394234e-01, 9.471923e-01, -1.454967e+00, 3.023566e-01, 5.029585e-10, 5.313921e-10, 4.128511e+01, -2.752969e-01
1.780800e+09, 1.399595e-01, 9.471339e-01, -1.466976e+00, 2.896690e-01, 5.017078e-10, 5.313463e-10, 4.115474e+01, -2.766904e-01
1.784600e+09, 1.404757e-01, 9.470784e-01, -1.478954e+00, 2.769826e-01, 5.004688e-10, 5.313037e-10, 4.102383e+01, -2.780084e-01
1.788400e+09, 1.409718e-01, 9.470257e-01, -1.490904e+00, 2.642971e-01, 4.992405e-10, 5.312643e-10, 4.089247e+01, -2.792503e-01
1.792200e+09, 1.414477e-01, 9.469758e-01, -1.502824e+00, 2.516126e-01, 4.980218e-10, 5.312282e-10, 4.076073e+01, -2.804155e-01
1.796000e+09, 1.419030e-01, 9.469288e-01, -1.514714e+00, 2.389289e-01, 4.968117e-10, 5.311953e-10, 4.062870e+01, -2.815036e-01
1.799800e+09, 1.423378e-01, 9.468847e-01, -1.526576e+00, 2.262460e-01, 4.956091e-10, 5.311657e-10, 4.049645e+01, -2.825141e-01
1.803600e+09, 1.427517e-01, 9.468436e-01, -1.538410e+00, 2.135639e-01, 4.944129e-10, 5.311393e-10, 4.036407e+01, -2.834466e-01
1.807400e+09, 1.431447e-01, 9.468054e-01, -1.550214e+00, 2.008823e-01, 4.932222e-10, 5.311163e-10, 4.023162e+01, -2.843007e-01
1.811200e+09, 1.435166e-01, 9.467701e-01, -1.561990e+00, 1.882013e-01, 4.920358e-10, 5.310966e-10, 4.009918e+01, -2.850760e-01
1.815000e+09, 1.438672e-01, 9.467379e-01, -1.573738e+00, 1.755208e-01, 4.908527e-10, 5.310802e-10, 3.996684e+01, -2.857723e-01
1.818800e+09, 1.441963e-01, 9.467086e-01, -1.585458e+00, 1.628407e-01, 4.896718e-10, 5.310671e-10, 3.983466e+01, -2.863893e-01
1.822600e+09, 1.445039e-01, 9.466823e-01, -1.597149e+00, 1.501609e-01, 4.884922e-10, 5.310574e-10, 3.970272e+01, -2.869267e-01
1.826400e+09, 1.447897e-01, 9.466591e-01, -1.608813e+00, 1.374813e-01, 4.873128e-10, 5.310510e-10, 3.957109e+01, -2.873844e-01
1.830200e+09, 1.450536e-01, 9.466389e-01, -1.620448e+00, 1.248019e-01, 4.861324e-10, 5.310479e-10, 3.943986e+01, -2.877621e-01
1.834000e+09, 1.452955e-01, 9.466217e-01, -1.632055e+00, 1.121225e-01, 4.849500e-10, 5.310482e-10, 3.930908e+01, -2.880598e-01
1.837800e+09, 1.455151e-01, 9.466076e-01, -1.643634e+00, 9.944316e-02, 4.837645e-10, 5.310518e-10, 3.917883e+01, -2.882774e-01
1.841600e+09, 1.457125e-01, 9.465965e-01, -1.655184e+00, 8.676372e-02, 4.825748e-10, 5.310587e-10, 3.904919e+01, -2.884148e-01
1.845400e+09, 1.458873e-01, 9.465885e-01, -1.666706e+00, 7.408410e-02, 4.813798e-10, 5.310690e-10, 3.892022e+01, -2.884720e-01
1.849200e+09, 1.460396e-01, 9.465836e-01, -1.678199e+00, 6.140424e-02, 4.801784e-10, 5.310826e-10, 3.879199e+01, -2.884491e-01
1.853000e+09, 1.461690e-01, 9.465817e-01, -1.689664e+00, 4.872406e-02, 4.789694e-10, 5.310996e-10, 3.866457e+01, -2.883461e-01
1.856800e+09, 1.462756e-01, 9.465829e-01, -1.701100e+00, 3.604347e-02, 4.777516e-10, 5.311198e-10, 3.853804e+01, -2.881631e-01
1.860600e+09, 1.463592e-01, 9.465871e-01, -1.712507e+00, 2.336240e-02, 4.765238e-10, 5.311434e-10, 3.841245e+01, -2.879003e-01
1.864400e+09, 1.464197e-01, 9.465944e-01, -1.723884e+00, 1.068076e-02, 4.752848e-10, 5.311703e-10, 3.828788e+01, -2.875579e-01
1.868200e+09, 1.464568e-01, 9.466048e-01, -1.735232e+00, -2.001512e-03, 4.740333e-10, 5.312005e-10, 3.816439e+01, -2.871361e-01
1.872000e+09, 1.464706e-01, 9.466181e-01, -1.746551e+00, -1.468451e-02, 4.727681e-10, 5.312339e-10, 3.804205e+01, -2.866351e-01
1.875800e+09, 1.464609e-01, 9.466346e-01, -1.757838e+00, -2.736831e-02, 4.714878e-10, 5.312707e-10, 3.792092e+01, -2.860554e-01
1.879600e+09, 1.464275e-01, 9.466540e-01, -1.769096e+00, -4.005298e-02, 4.701911e-10, 5.313108e-10, 3.780106e+01, -2.853972e-01
1.883400e+09, 1.463705e-01, 9.466765e-01, -1.780322e+00, -5.273861e-02, 4.688765e-10, 5.313541e-10, 3.768254e+01, -2.846610e-01
1.887200e+09, 1.462895e-01, 9.467020e-01, -1.791517e+00, -6.542528e-02, 4.675427e-10, 5.314006e-10, 3.756542e+01, -2.838471e-01
1.891000e+09, 1.461847e-01, 9.467304e-01, -1.802680e+00, -7.811305e-02, 4.661881e-10, 5.314504e-10, 3.744976e+01, -2.829562e-01
1.894800e+09, 1.460558e-01, 9.467619e-01, -1.813811e+00, -9.080202e-02, 4.648112e-10, 5.315035e-10, 3.733562e+01, -2.819886e-01
1.898600e+09, 1.459027e-01, 9.467963e-01, -1.824909e+00, -1.034923e-01, 4.634104e-10, 5.315597e-10, 3.722307e+01, -2.809450e-01
1.902400e+09, 1.457254e-01, 9.468337e-01, -1.835973e+00, -1.161838e-01, 4.619841e-10, 5.316192e-10, 3.711215e+01, -2.798261e-01
1.906200e+09, 1.455238e-01, 9.468739e-01, -1.847003e+00, -1.288768e-01, 4.605305e-10, 5.316819e-10, 3.700293e+01, -2.786324e-01
1.910000e+09, 1.452978e-01, 9.469171e-01, -1.857999e+00, -1.415713e-01, 4.590479e-10, 5.317477e-10, 3.689547e+01, -2.773647e-01
1.913800e+09, 1.450473e-01, 9.469632e-01, -1.868959e+00, -1.542674e-01, 4.575345e-10, 5.318168e-10, 3.678982e+01, -2.760237e-01
1.917600e+09, 1.447721e-01, 9.470122e-01, -1.879884e+00, -1.669651e-01, 4.559883e-10, 5.318890e-10, 3.668604e+01, -2.746103e-01
1.921400e+09, 1.444724e-01, 9.470640e-01, -1.890771e+00, -1.796645e-01, 4.544073e-10, 5.319644e-10, 3.658418e+01, -2.731254e-01
1.925200e+09, 1.441479e-01, 9.471186e-01, -1.901620e+00, -1.923658e-01, 4.527895e-10, 5.320429e-10, 3.648430e+01, -2.715697e-01
1.929000e+09, 1.437986e-01, 9.471760e-01, -1.912431e+00, -2.050689e-01, 4.511327e-10, 5.321245e-10, 3.638645e+01, -2.699442e-01
1.932800e+09, 1.434245e-01, 9.472362e-01, -1.923202e+00, -2.177739e-01, 4.494346e-10, 5.322093e-10, 3.629068e+01, -2.682501e-01
1.936600e+09, 1.430255e-01, 9.472991e-01, -1.933933e+00, -2.304810e-01, 4.476929e-10, 5.322972e-10, 3.619705e+01, -2.664882e-01
1.940400e+09, 1.426015e-01, 9.473647e-01, -1.944622e+00, -2.431902e-01, 4.459051e-10, 5.323882e-10, 3.610560e+01, -2.646597e-01
1.944200e+09, 1.421525e-01, 9.474330e-01, -1.955269e+00, -2.559016e-01, 4.440686e-10, 5.324823e-10, 3.601639e+01, -2.627658e-01
1.948000e+09, 1.416785e-01, 9.475040e-01, -1.965871e+00, -2.686152e-01, 4.421806e-10, 5.325794e-10, 3.592946e+01, -2.608076e-01
1.951800e+09, 1.411794e-01, 9.475775e-01, -1.976429e+00, -2.813311e-01, 4.402384e-10, 5.326797e-10, 3.584487e+01, -2.587864e-01
1.955600e+09, 1.406551e-01, 9.476537e-01, -1.986940e+00, -2.940494e-01, 4.382389e-10, 5.327829e-10, 3.576265e+01, -2.567035e-01
1.959400e+09, 1.401057e-01, 9.477324e-01, -1.997404e+00, -3.067702e-01, 4.361789e-10, 5.328893e-10, 3.568286e+01, -2.545602e-01
1.963200e+09, 1.395311e-01, 9.478136e-01, -2.007818e+00, -3.194935e-01, 4.340552e-10, 5.329987e-10, 3.560555e+01, -2.523579e-01
1.967000e+09, 1.389313e-01, 9.478973e-01, -2.018181e+00, -3.322194e-01, 4.318642e-10, 5.331111e-10, 3.553075e+01, -2.500981e-01
1.970800e+09, 1.383063e-01, 9.479834e-01, -2.028493e+00, -3.449480e-01, 4.296022e-10, 5.332266e-10, 3.545851e+01, -2.477822e-01
1.974600e+09, 1.376561e-01, 9.480719e-01, -2.038750e+00, -3.576794e-01, 4.272655e-10, 5.333450e-10, 3.538887e+01, -2.454119e-01
1.978400e+09, 1.369807e-01, 9.481627e-01, -2.048951e+00, -3.704136e-01, 4.248498e-10, 5.334665e-10, 3.532188e+01, -2.429887e-01
1.982200e+09, 1.362801e-01, 9.482558e-01, -2.059095e+00, -3.831507e-01, 4.223508e-10, 5.335909e-10, 3.525758e+01, -2.405142e-01
1.986000e+09, 1.355543e-01, 9.483512e-01, -2.069179e+00, -3.958908e-01, 4.197640e-10, 5.337183e-10, 3.519601e+01, -2.379902e-01
1.989800e+09, 1.348033e-01, 9.484489e-01, -2.079201e+00, -4.086339e-01, 4.170844e-10, 5.338487e-10, 3.513720e+01, -2.354183e-01
1.993600e+09, 1.340271e-01, 9.485486e-01, -2.089160e+00, -4.213801e-01, 4.143069e-10, 5.339821e-10, 3.508119e+01, -2.328005e-01
1.997400e+09, 1.332258e-01, 9.486505e-01, -2.099052e+00, -4.341296e-01, 4.114261e-10, 5.341184e-10, 3.502803e+01, -2.301385e-01
2.001200e+09, 1.323994e-01, 9.487545e-01, -2.108875e+00, -4.468822e-01, 4.084362e-10, 5.342576e-10, 3.497775e+01, -2.274341e-01
2.005000e+09, 1.315480e-01, 9.488605e-01, -2.118627e+00, -4.596382e-01, 4.053309e-10, 5.343997e-10, 3.493037e+01, -2.246895e-01
2.008800e+09, 1.306716e-01, 9.489684e-01, -2.128305e+00, -4.723976e-01, 4.021038e-10, 5.345447e-10, 3.488595e+01, -2.219065e-01
2.012600e+09, 1.297702e-01, 9.490783e-01, -2.137905e+00, -4.851604e-01, 3.987479e-10, 5.346926e-10, 3.484450e+01, -2.190871e-01
2.016400e+09, 1.288440e-01, 9.491899e-01, -2.147426e+00, -4.979268e-01, 3.952557e-10, 5.348433e-10, 3.480607e+01, -2.162335e-01
2.020200e+09, 1.278930e-01, 9.493034e-01, -2.156863e+00, -5.106968e-01, 3.916193e-10, 5.349969e-10, 3.477067e+01, -2.133477e-01
2.024000e+09, 1.269173e-01, 9.494186e-01, -2.166213e+00, -5.234704e-01, 3.878303e-10, 5.351533e-10, 3.473835e+01, -2.104319e-01
2.027800e+09, 1.259170e-01, 9.495354e-01, -2.175473e+00, -5.362478e-01, 3.838797e-10, 5.353125e-10, 3.470914e+01, -2.074883e-01
2.031600e+09, 1.248921e-01, 9.496538e-01, -2.184639e+00, -5.490290e-01, 3.797578e-10, 5.354744e-10, 3.468304e+01, -2.045191e-01
2.035400e+09, 1.238429e-01, 9.497738e-01, -2.193706e+00, -5.618140e-01, 3.754542e-10, 5.356391e-10, 3.466011e+01, -2.015266e-01
2.039200e+09, 1.227693e-01, 9.498952e-01, -2.202670e+00, -5.746030e-01, 3.709580e-10, 5.358064e-10, 3.464035e+01, -1.985131e-01
2.043000e+09, 1.216716e-01, 9.500180e-01, -2.211527e+00, -5.873960e-01, 3.662573e-10, 5.359764e-10, 3.462380e+01, -1.954810e-01
2.046800e+09, 1.205499e-01, 9.501421e-01, -2.220272e+00, -6.001930e-01, 3.613393e-10, 5.361490e-10, 3.461047e+01, -1.924327e-01
2.050600e+09, 1.194044e-01, 9.502675e-01, -2.228900e+00, -6.129941e-01, 3.561904e-10, 5.363243e-10, 3.460039e+01, -1.893705e-01
2.054400e+09, 1.182351e-01, 9.503940e-01, -2.237404e+00, -6.257995e-01, 3.507960e-10, 5.365020e-10, 3.459358e+01, -1.862969e-01
2.058200e+09, 1.170423e-01, 9.505216e-01, -2.245780e+00, -6.386091e-01, 3.451402e-10, 5.366823e-10, 3.459005e+01, -1.832143e-01
2.062000e+09, 1.158262e-01, 9.506502e-01, -2.254020e+00, -6.514229e-01, 3.392061e-10, 5.368650e-10, 3.458983e+01, -1.801254e-01
2.065800e+09, 1.145870e-01, 9.507797e-01, -2.262119e+00, -6.642412e-01, 3.329752e-10, 5.370500e-10, 3.459292e+01, -1.770325e-01
2.069600e+09, 1.133248e-01, 9.509100e-01, -2.270069e+00, -6.770638e-01, 3.264279e-10, 5.372374e-10, 3.459935e+01, -1.739383e-01
2.073400e+09, 1.120400e-01, 9.510411e-01, -2.277863e+00, -6.898910e-01, 3.195426e-10, 5.374271e-10, 3.460913e+01, -1.708452e-01
2.077200e+09, 1.107327e-01, 9.511728e-01, -2.285493e+00, -7.027226e-01, 3.122964e-10, 5.376190e-10, 3.462226e+01, -1.677560e-01
2.081000e+09, 1.094032e-01, 9.513051e-01, -2.292949e+00, -7.155589e-01, 3.046641e-10, 5.378130e-10, 3.463877e+01, -1.646731e-01
2.084800e+09, 1.080518e-01, 9.514379e-01, -2.300223e+00, -7.283998e-01, 2.966187e-10, 5.380090e-10, 3.465865e+01, -1.615993e-01
2.088600e+09, 1.066789e-01, 9.515710e-01, -2.307305e+00, -7.412453e-01, 2.881307e-10, 5.382071e-10, 3.468192e+01, -1.585371e-01
2.092400e+09, 1.052847e-01, 9.517044e-01, -2.314185e+00, -7.540956e-01, 2.791681e-10, 5.384070e-10, 3.470857e+01, -1.554891e-01
2.096200e+09, 1.038695e-01, 9.518379e-01, -2.320850e+00, -7.669507e-01, 2.696964e-10, 5.386088e-10, 3.473863e+01, -1.524581e-01
2.100000e+09, 1.024338e-01, 9.519716e-01, -2.327289e+00, -7.798106e-01, 2.596775e-10, 5.388123e-10, 3.477208e+01, -1.494467e-01
2.103800e+09, 1.009779e-01, 9.521051e-01, -2.333490e+00, -7.926753e-01, 2.490705e-10, 5.390174e-10, 3.480893e+01, -1.464575e-01
2.107600e+09, 9.950224e-02, 9.522386e-01, -2.339436e+00, -8.055449e-01, 2.378304e-10, 5.392240e-10, 3.484918e+01, -1.434932e-01
2.111400e+09, 9.800726e-02, 9.523717e-01, -2.345115e+00, -8.184195e-01, 2.259083e-10, 5.394320e-10, 3.489282e+01, -1.405564e-01
2.115200e+09, 9.649344e-02, 9.525045e-01, -2.350509e+00, -8.312990e-01, 2.132506e-10, 5.396414e-10, 3.493986e+01, -1.376498e-01
2.119000e+09, 9.496130e-02, 9.526368e-01, -2.355600e+00, -8.441836e-01, 1.997988e-10, 5.398519e-10, 3.499028e+01, -1.347761e-01
2.122800e+09, 9.341137e-02, 9.527685e-01, -2.360371e+00, -8.570731e-01, 1.854889e-10, 5.400636e-10, 3.504408e+01, -1.319378e-01
2.126600e+09, 9.184425e-02, 9.528995e-01, -2.364799e+00, -8.699677e-01, 1.702506e-10, 5.402762e-10, 3.510125e+01, -1.291377e-01
2.130400e+09, 9.026056e-02, 9.530296e-01, -2.368864e+00, -8.828674e-01, 1.540071e-10, 5.404896e-10, 3.516178e+01, -1.263782e-01
2.134200e+09, 8.866098e-02, 9.531588e-01, -2.372541e+00, -8.957722e-01, 1.366739e-10, 5.407037e-10, 3.522566e+01, -1.236621e-01
2.138000e+09, 8.704624e-02, 9.532869e-01, -2.375805e+00, -9.086821e-01, 1.181583e-10, 5.409185e-10, 3.529287e+01, -1.209918e-01
2.141800e+09, 8.541714e-02, 9.534138e-01, -2.378626e+00, -9.215971e-01, 9.835849e-11, 5.411336e-10, 3.536339e+01, -1.183700e-01
2.145600e+09, 8.377451e-02, 9.535393e-01, -2.380974e+00, -9.345173e-01, 7.716243e-11, 5.413490e-10, 3.543721e+01, -1.157991e-01
2.149400e+09, 8.211928e-02, 9.536634e-01, -2.382817e+00, -9.474426e-01, 5.444709e-11, 5.415646e-10, 3.551431e+01, -1.132818e-01
2.153200e+09, 8.045245e-02, 9.537859e-01, -2.384117e+00, -9.603731e-01, 3.007715e-11, 5.417802e-10, 3.559466e+01, -1.108205e-01
2.157000e+09, 7.877511e-02, 9.539066e-01, -2.384835e+00, -9.733087e-01, 3.903872e-12, 5.419956e-10, 3.567824e+01, -1.084175e-01
2.160800e+09, 7.708842e-02, 9.540255e-01, -2.384928e+00, -9.862494e-01, -2.423618e-11, 5.422107e-10, 3.576502e+01, -1.060755e-01
2.164600e+09, 7.539369e-02, 9.541424e-01, -2.384349e+00, -9.991953e-01, -5.452240e-11, 5.424253e-10, 3.585498e+01, -1.037967e-01
2.168400e+09, 7.369230e-02, 9.542572e-01, -2.383047e+00, -1.012146e+00, -8.715148e-11, 5.426393e-10, 3.594808e+01, -1.015836e-01
2.172200e+09, 7.198580e-02, 9.543697e-01, -2.380967e+00, -1.025102e+00, -1.223386e-10, 5.428525e-10, 3.604430e+01, -9.943837e-02
2.176000e+09, 7.027588e-02, 9.544798e-01, -2.378046e+00, -1.038064e+00, -1.603186e-10, 5.430648e-10, 3.614359e+01, -9.736341e-02
2.179800e+09, 6.856437e-02, 9.545874e-01, -2.374218e+00, -1.051030e+00, -2.013468e-10, 5.432759e-10, 3.624593e+01, -9.536092e-02
2.183600e+09, 6.685333e-02, 9.546924e-01, -2.369411e+00, -1.064001e+00, -2.456994e-10, 5.434858e-10, 3.635126e+01, -9.343313e-02
2.187400e+09, 6.514500e-02, 9.547945e-01, -2.363544e+00, -1.076978e+00, -2.936738e-10, 5.436941e-10, 3.645956e+01, -9.158219e-02
2.191200e+09, 6.344186e-02, 9.548937e-01, -2.356532e+00, -1.089959e+00, -3.455866e-10, 5.439008e-10, 3.657077e+01, -8.981021e-02
2.195000e+09, 6.174665e-02, 9.549897e-01, -2.348281e+00, -1.102945e+00, -4.017718e-10, 5.441058e-10, 3.668486e+01, -8.811928e-02
2.198800e+09, 6.006244e-02, 9.550826e-01, -2.338688e+00, -1.115936e+00, -4.625765e-10, 5.443087e-10, 3.680177e+01, -8.651141e-02
2.202600e+09, 5.839258e-02, 9.551722e-01, -2.327644e+00, -1.128932e+00, -5.283533e-10, 5.445094e-10, 3.692145e+01, -8.498857e-02
2.206400e+09, 5.674085e-02, 9.552582e-01, -2.315029e+00, -1.141933e+00, -5.994504e-10, 5.447078e-10, 3.704385e+01, -8.355270e-02
2.210200e+09, 5.511140e-02, 9.553406e-01, -2.300716e+00, -1.154938e+00, -6.761961e-10, 5.449037e-10, 3.716891e+01, -8.220565e-02
2.214000e+09, 5.350887e-02, 9.554192e-01, -2.284571e+00, -1.167949e+00, -7.588779e-10, 5.450969e-10, 3.729659e+01, -8.094926e-02
2.217800e+09, 5.193840e-02, 9.554940e-01, -2.266452e+00, -1.180963e+00, -8.477138e-10, 5.452872e-10, 3.742681e+01, -7.978527e-02
2.221600e+09, 5.040571e-02, 9.555647e-01, -2.246212e+00, -1.193983e+00, -9.428147e-10, 5.454745e-10, 3.755951e+01, -7.871540e-02
2.225400e+09, 4.891710e-02, 9.556312e-01, -2.223701e+00, -1.207007e+00, -1.044137e-09, 5.456586e-10, 3.769463e+01, -7.774129e-02
2.229200e+09, 4.747954e-02, 9.556935e-01, -2.198772e+00, -1.220035e+00, -1.151423e-09, 5.458392e-10, 3.783211e+01, -7.686455e-02
2.233000e+09, 4.610066e-02, 9.557513e-01, -2.171280e+00, -1.233067e+00, -1.264133e-09, 5.460163e-10, 3.797186e+01, -7.608669e-02
2.236800e+09, 4.478879e-02, 9.558046e-01, -2.141097e+00, -1.246104e+00, -1.381368e-09, 5.461896e-10, 3.811383e+01, -7.540919e-02
2.240600e+09, 4.355295e-02, 9.558531e-01, -2.108116e+00, -1.259145e+00, -1.501790e-09, 5.463590e-10, 3.825792e+01, -7.483347e-02
2.244400e+09, 4.240274e-02, 9.558969e-01, -2.072259e+00, -1.272190e+00, -1.623555e-09, 5.465244e-10, 3.840407e+01, -7.436086e-02
2.248200e+09, 4.134835e-02, 9.559357e-01, -2.033495e+00, -1.285239e+00, -1.744268e-09, 5.466854e-10, 3.855219e+01, -7.399265e-02
2.252000e+09, 4.040028e-02, 9.559695e-01, -1.991848e+00, -1.298291e+00, -1.860980e-09, 5.468421e-10, 3.870220e+01, -7.373006e-02
2.255800e+09, 3.956921e-02, 9.559980e-01, -1.947415e+00, -1.311348e+00, -1.970254e-09, 5.469941e-10, 3.885401e+01, -7.357424e-02
2.259600e+09, 3.886568e-02, 9.560213e-01, -1.900373e+00, -1.324408e+00, -2.068314e-09, 5.471415e-10, 3.900754e+01, -7.352628e-02
2.263400e+09, 3.829970e-02, 9.560392e-01, -1.850990e+00, -1.337472e+00, -2.151284e-09, 5.472839e-10, 3.916268e+01, -7.358719e-02
2.267200e+09, 3.788042e-02, 9.560515e-01, -1.799626e+00, -1.350539e+00, -2.215507e-09, 5.474212e-10, 3.931936e+01, -7.375794e-02
2.271000e+09, 3.761565e-02, 9.560582e-01, -1.746728e+00, -1.363609e+00, -2.257905e-09, 5.475534e-10, 3.947746e+01, -7.403939e-02
2.274800e+09, 3.751152e-02, 9.560591e-01, -1.692818e+00, -1.376682e+00, -2.276324e-09, 5.476801e-10, 3.963689e+01, -7.443237e-02
2.278600e+09, 3.757210e-02, 9.560542e-01, -1.638469e+00, -1.389759e+00, -2.269799e-09, 5.478014e-10, 3.979755e+01, -7.493760e-02
2.282400e+09, 3.779929e-02, 9.560433e-01, -1.584275e+00, -1.402838e+00, -2.238676e-09, 5.479170e-10, 3.995932e+01, -7.555577e-02
2.286200e+09, 3.819266e-02, 9.560264e-01, -1.530824e+00, -1.415920e+00, -2.184568e-09, 5.480268e-10, 4.012211e+01, -7.628746e-02
2.290000e+09, 3.874958e-02, 9.560033e-01, -1.478665e+00, -1.429005e+00, -2.110154e-09, 5.481307e-10, 4.028579e+01, -7.713319e-02
2.293800e+09, 3.946543e-02, 9.559740e-01, -1.428283e+00, -1.442092e+00, -2.018860e-09, 5.482285e-10, 4.045026e+01, -7.809341e-02
2.297600e+09, 4.033393e-02, 9.559383e-01, -1.380080e+00, -1.455182e+00, -1.914501e-09, 5.483201e-10, 4.061540e+01, -7.916850e-02
2.301400e+09, 4.134749e-02, 9.558962e-01, -1.334369e+00, -1.468273e+00, -1.800938e-09, 5.484054e-10, 4.078109e+01, -8.035875e-02
2.305200e+09, 4.249761e-02, 9.558476e-01, -1.291370e+00, -1.481367e+00, -1.681791e-09, 5.484842e-10, 4.094720e+01, -8.166437e-02
2.309000e+09, 4.377529e-02, 9.557924e-01, -1.251215e+00, -1.494463e+00, -1.560256e-09, 5.485565e-10, 4.111362e+01, -8.308551e-02
2.312800e+09, 4.517132e-02, 9.557305e-01, -1.213962e+00, -1.507560e+00, -1.438996e-09, 5.486221e-10, 4.128021e+01, -8.462224e-02
2.316600e+09, 4.667655e-02, 9.556619e-01, -1.179605e+00, -1.520659e+00, -1.320113e-09, 5.486809e-10, 4.144684e+01, -8.627452e-02
2.320400e+09, 4.828212e-02, 9.555865e-01, -1.148086e+00, -1.533760e+00, -1.205179e-09, 5.487328e-10, 4.161338e+01, -8.804226e-02
2.324200e+09, 4.997958e-02, 9.555042e-01, -1.119311e+00, -1.546861e+00, -1.095292e-09, 5.487778e-10, 4.177971e+01, -8.992529e-02
2.328000e+09, 5.176098e-02, 9.554150e-01, -1.093159e+00, -1.559964e+00, -9.911548e-10, 5.488156e-10, 4.194567e+01, -9.192334e-02
2.331800e+09, 5.361894e-02, 9.553188e-01, -1.069494e+00, -1.573068e+00, -8.931491e-10, 5.488463e-10, 4.211113e+01, -9.403607e-02
2.335600e+09, 5.554665e-02, 9.552155e-01, -1.048169e+00, -1.586172e+00, -8.014128e-10, 5.488697e-10, 4.227595e+01, -9.626305e-02
2.339400e+09, 5.753787e-02, 9.551052e-01, -1.029035e+00, -1.599277e+00, -7.159024e-10, 5.488857e-10, 4.243999e+01, -9.860377e-02
2.343200e+09, 5.958688e-02, 9.549877e-01, -1.011942e+00, -1.612382e+00, -6.364455e-10, 5.488943e-10, 4.260310e+01, -1.010576e-01
2.347000e+09, 6.168851e-02, 9.548631e-01, -9.967460e-01, -1.625487e+00, -5.627839e-10, 5.488954e-10, 4.276514e+01, -1.036240e-01
2.350800e+09, 6.383804e-02, 9.547313e-01, -9.833089e-01, -1.638593e+00, -4.946059e-10, 5.488890e-10, 4.292595e+01, -1.063020e-01
2.354600e+09, 6.603118e-02, 9.545922e-01, -9.714997e-01, -1.651698e+00, -4.315706e-10, 5.488749e-10, 4.308539e+01, -1.090909e-01
2.358400e+09, 6.826405e-02, 9.544458e-01, -9.611954e-01, -1.664803e+00, -3.733261e-10, 5.488531e-10, 4.324330e+01, -1.119897e-01
2.362200e+09, 7.053311e-02, 9.542922e-01, -9.522819e-01, -1.677908e+00, -3.195219e-10, 5.488236e-10, 4.339954e+01, -1.149974e-01
2.366000e+09, 7.283516e-02, 9.541313e-01, -9.446529e-01, -1.691011e+00, -2.698171e-10, 5.487862e-10, 4.355395e+01, -1.181129e-01
2.369800e+09, 7.516724e-02, 9.539630e-01, -9.382108e-01, -1.704114e+00, -2.238866e-10, 5.487411e-10, 4.370637e+01, -1.213350e-01
2.373600e+09, 7.752670e-02, 9.537875e-01, -9.328652e-01, -1.717216e+00, -1.814237e-10, 5.486880e-10, 4.385666e+01, -1.246623e-01
2.377400e+09, 7.991108e-02, 9.536046e-01, -9.285335e-01, -1.730317e+00, -1.421423e-10, 5.486270e-10, 4.400465e+01, -1.280936e-01
2.381200e+09, 8.231812e-02, 9.534143e-01, -9.251397e-01, -1.743416e+00, -1.057773e-10, 5.485581e-10, 4.415020e+01, -1.316274e-01
2.385000e+09, 8.474577e-02, 9.532168e-01, -9.226142e-01, -1.756513e+00, -7.208429e-11, 5.484812e-10, 4.429315e+01, -1.352621e-01
2.388800e+09, 8.719210e-02, 9.530119e-01, -9.208931e-01, -1.769609e+00, -4.083897e-11, 5.483963e-10, 4.443334e+01, -1.389961e-01
2.392600e+09, 8.965535e-02, 9.527998e-01, -9.199180e-01, -1.782702e+00, -1.183614e-11, 5.483035e-10, 4.457063e+01, -1.428277e-01
2.396400e+09, 9.213388e-02, 9.525804e-01, -9.196354e-01, -1.795794e+00, 1.511152e-11, 5.482026e-10, 4.470485e+01, -1.467551e-01
2.400200e+09, 9.462616e-02, 9.523537e-01, -9.199962e-01, -1.808883e+00, 4.017477e-11, 5.480937e-10, 4.483586e+01, -1.507764e-01
2.404000e+09, 9.713075e-02, 9.521198e-01, -9.209554e-01, -1.821969e+00, 6.350907e-11, 5.479767e-10, 4.496351e+01, -1.548896e-01
2.407800e+09, 9.964631e-02, 9.518787e-01, -9.224718e-01, -1.835053e+00, 8.525585e-11, 5.478518e-10, 4.508765e+01, -1.590927e-01
2.411600e+09, 1.021716e-01, 9.516305e-01, -9.245073e-01, -1.848133e+00, 1.055438e-10, 5.477189e-10, 4.520813e+01, -1.633835e-01
2.415400e+09, 1.047054e-01, 9.513752e-01, -9.270273e-01, -1.861210e+00, 1.244898e-10, 5.475780e-10, 4.532480e+01, -1.677599e-01
2.419200e+09, 1.072466e-01, 9.511128e-01, -9.299997e-01, -1.874285e+00, 1.422004e-10, 5.474292e-10, 4.543753e+01, -1.722196e-01
2.423000e+09, 1.097942e-01, 9.508434e-01, -9.333948e-01, -1.887355e+00, 1.587724e-10, 5.472724e-10, 4.554618e+01, -1.767601e-01
2.426800e+09, 1.123471e-01, 9.505671e-01, -9.371857e-01, -1.900422e+00, 1.742940e-10, 5.471077e-10, 4.565061e+01, -1.813791e-01
2.430600e+09, 1.149043e-01, 9.502839e-01, -9.413472e-01, -1.913485e+00, 1.888454e-10, 5.469352e-10, 4.575069e+01, -1.860741e-01
2.434400e+09, 1.174651e-01, 9.499939e-01, -9.458561e-01, -1.926543e+00, 2.025000e-10, 5.467548e-10, 4.584629e+01, -1.908424e-01
2.438200e+09, 1.200283e-01, 9.496971e-01, -9.506910e-01, -1.939598e+00, 2.153245e-10, 5.465667e-10, 4.593728e+01, -1.956814e-01
2.442000e+09, 1.225933e-01, 9.493937e-01, -9.558321e-01, -1.952647e+00, 2.273799e-10, 5.463708e-10, 4.602355e+01, -2.005885e-01
2.445800e+09, 1.251592e-01, 9.490837e-01, -9.612610e-01, -1.965693e+00, 2.387219e-10, 5.461673e-10, 4.610497e+01, -2.055607e-01
2.449600e+09, 1.277252e-01, 9.487672e-01, -9.669608e-01, -1.978733e+00, 2.494016e-10, 5.459562e-10, 4.618144e+01, -2.105953e-01
2.453400e+09, 1.302906e-01, 9.484443e-01, -9.729155e-01, -1.991768e+00, 2.594656e-10, 5.457376e-10, 4.625285e+01, -2.156894e-01
2.457200e+09, 1.328546e-01, 9.481151e-01, -9.791105e-01, -2.004798e+00, 2.689568e-10, 5.455115e-10, 4.631909e+01, -2.208401e-01
2.461000e+09, 1.354166e-01, 9.477797e-01, -9.855322e-01, -2.017823e+00, 2.779144e-10, 5.452781e-10, 4.638007e+01, -2.260442e-01
2.464800e+09, 1.379758e-01, 9.474382e-01, -9.921677e-01, -2.030842e+00, 2.863745e-10, 5.450373e-10, 4.643570e+01, -2.312989e-01
2.468600e+09, 1.405315e-01, 9.470907e-01, -9.990052e-01, -2.043856e+00, 2.943703e-10, 5.447893e-10, 4.648590e+01, -2.366009e-01
2.472400e+09, 1.430832e-01, 9.467373e-01, -1.006034e+00, -2.056863e+00, 3.019323e-10, 5.445343e-10, 4.653058e+01, -2.419472e-01
2.476200e+09, 1.456301e-01, 9.463781e-01, -1.013243e+00, -2.069864e+00, 3.090886e-10, 5.442722e-10, 4.656968e+01, -2.473345e-01
2.480000e+09, 1.481717e-01, 9.460133e-01, -1.020622e+00, -2.082859e+00, 3.158652e-10, 5.440031e-10, 4.660313e+01, -2.527598e-01
2.483800e+09, 1.507074e-01, 9.456429e-01, -1.028164e+00, -2.095848e+00, 3.222861e-10, 5.437273e-10, 4.663086e+01, -2.582196e-01
2.487600e+09, 1.532366e-01, 9.452671e-01, -1.035859e+00, -2.108830e+00, 3.283733e-10, 5.434448e-10, 4.665283e+01, -2.637109e-01
2.491400e+09, 1.557586e-01, 9.448861e-01, -1.043699e+00, -2.121806e+00, 3.341473e-10, 5.431557e-10, 4.666899e+01, -2.692302e-01
2.495200e+09, 1.582730e-01, 9.445000e-01, -1.051677e+00, -2.134774e+00, 3.396272e-10, 5.428601e-10, 4.667930e+01, -2.747743e-01
2.499000e+09, 1.607792e-01, 9.441089e-01, -1.059786e+00, -2.147735e+00, 3.448304e-10, 5.425583e-10, 4.668372e+01, -2.803399e-01
2.502800e+09, 1.632766e-01, 9.437129e-01, -1.068020e+00, -2.160690e+00, 3.497733e-10, 5.422502e-10, 4.668224e+01, -2.859236e-01
2.506600e+09, 1.657647e-01, 9.433122e-01, -1.076371e+00, -2.173636e+00, 3.544711e-10, 5.419360e-10, 4.667484e+01, -2.915221e-01
2.510400e+09, 1.682430e-01, 9.429070e-01, -1.084834e+00, -2.186576e+00, 3.589378e-10, 5.416159e-10, 4.666149e+01, -2.971322e-01
2.514200e+09, 1.707110e-01, 9.424975e-01, -1.093404e+00, -2.199507e+00, 3.631866e-10, 5.412900e-10, 4.664221e+01, -3.027503e-01
2.518000e+09, 1.731681e-01, 9.420836e-01, -1.102076e+00, -2.212431e+00, 3.672297e-10, 5.409585e-10, 4.661698e+01, -3.083733e-01
2.521800e+09, 1.756140e-01, 9.416658e-01, -1.110844e+00, -2.225347e+00, 3.710784e-10, 5.406215e-10, 4.658583e+01, -3.139978e-01
2.525600e+09, 1.780480e-01, 9.412440e-01, -1.119704e+00, -2.238255e+00, 3.747433e-10, 5.402792e-10, 4.654877e+01, -3.196205e-01
2.529400e+09, 1.804698e-01, 9.408185e-01, -1.128651e+00, -2.251155e+00, 3.782345e-10, 5.399317e-10, 4.650581e+01, -3.252382e-01
2.533200e+09, 1.828788e-01, 9.403894e-01, -1.137682e+00, -2.264046e+00, 3.815612e-10, 5.395792e-10, 4.645700e+01, -3.308475e-01
2.537000e+09, 1.852747e-01, 9.399570e-01, -1.146792e+00, -2.276930e+00, 3.847320e-10, 5.392218e-10, 4.640237e+01, -3.364452e-01
2.540800e+09, 1.876568e-01, 9.395213e-01, -1.155978e+00, -2.289804e+00, 3.877552e-10, 5.388598e-10, 4.634195e+01, -3.420281e-01
2.544600e+09, 1.900249e-01, 9.390826e-01, -1.165236e+00, -2.302670e+00, 3.906383e-10, 5.384933e-10, 4.627581e+01, -3.475931e-01
2.548400e+09, 1.923784e-01, 9.386411e-01, -1.174563e+00, -2.315527e+00, 3.933884e-10, 5.381225e-10, 4.620400e+01, -3.531369e-01
2.552200e+09, 1.947169e-01, 9.381969e-01, -1.183955e+00, -2.328375e+00, 3.960123e-10, 5.377476e-10, 4.612657e+01, -3.586566e-01
2.556000e+09, 1.970400e-01, 9.377503e-01, -1.193411e+00, -2.341215e+00, 3.985164e-10, 5.373687e-10, 4.604359e+01, -3.641489e-01
2.559800e+09, 1.993473e-01, 9.373014e-01, -1.202926e+00, -2.354045e+00, 4.009065e-10, 5.369860e-10, 4.595515e+01, -3.696110e-01
2.563600e+09, 2.016384e-01, 9.368504e-01, -1.212498e+00, -2.366866e+00, 4.031882e-10, 5.365998e-10, 4.586131e+01, -3.750398e-01
2.567400e+09, 2.039128e-01, 9.363975e-01, -1.222124e+00, -2.379678e+00, 4.053668e-10, 5.362103e-10, 4.576215e+01, -3.804324e-01
2.571200e+09, 2.061701e-01, 9.359429e-01, -1.231803e+00, -2.392481e+00, 4.074473e-10, 5.358175e-10, 4.565777e+01, -3.857859e-01
2.575000e+09, 2.084101e-01, 9.354868e-01, -1.241531e+00, -2.405274e+00, 4.094343e-10, 5.354218e-10, 4.554827e+01, -3.910975e-01
2.578800e+09, 2.106321e-01, 9.350294e-01, -1.251307e+00, -2.418058e+00, 4.113322e-10, 5.350234e-10, 4.543372e+01, -3.963644e-01
2.582600e+09, 2.128360e-01, 9.345709e-01, -1.261128e+00, -2.430832e+00, 4.131453e-10, 5.346224e-10, 4.531424e+01, -4.015840e-01
2.586400e+09, 2.150213e-01, 9.341115e-01, -1.270992e+00, -2.443597e+00, 4.148775e-10, 5.342191e-10, 4.518993e+01, -4.067535e-01
2.590200e+09, 2.171876e-01, 9.336515e-01, -1.280898e+00, -2.456352e+00, 4.165325e-10, 5.338136e-10, 4.506090e+01, -4.118704e-01
2.594000e+09, 2.193346e-01, 9.331910e-01, -1.290843e+00, -2.469097e+00, 4.181138e-10, 5.334062e-10, 4.492726e+01, -4.169322e-01
2.597800e+09, 2.214619e-01, 9.327302e-01, -1.300826e+00, -2.481833e+00, 4.196248e-10, 5.329971e-10, 4.478912e+01, -4.219362e-01
2.601600e+09, 2.235692e-01, 9.322694e-01, -1.310845e+00, -2.494559e+00, 4.210688e-10, 5.325866e-10, 4.464660e+01, -4.268803e-01
2.605400e+09, 2.256560e-01, 9.318087e-01, -1.320898e+00, -2.507275e+00, 4.224486e-10, 5.321748e-10, 4.449982e+01, -4.317619e-01
2.609200e+09, 2.277222e-01, 9.313484e-01, -1.330985e+00, -2.519981e+00, 4.237672e-10, 5.317619e-10, 4.434891e+01, -4.365789e-01
2.613000e+09, 2.297672e-01, 9.308887e-01, -1.341103e+00, -2.532677e+00, 4.250273e-10, 5.313483e-10, 4.419397e+01, -4.413289e-01
2.616800e+09, 2.317908e-01, 9.304297e-01, -1.351251e+00, -2.545364e+00, 4.262314e-10, 5.309340e-10, 4.403515e+01, -4.460099e-01
2.620600e+09, 2.337927e-01, 9.299718e-01, -1.361428e+00, -2.558040e+00, 4.273821e-10, 5.305194e-10, 4.387256e+01, -4.506197e-01
2.624400e+09, 2.357725e-01, 9.295150e-01, -1.371632e+00, -2.570707e+00, 4.284817e-10, 5.301047e-10, 4.370633e+01, -4.551563e-01
2.628200e+09, 2.377300e-01, 9.290598e-01, -1.381862e+00, -2.583364e+00, 4.295324e-10, 5.296901e-10, 4.353660e+01, -4.596177e-01
2.632000e+09, 2.396647e-01, 9.286061e-01, -1.392118e+00, -2.596011e+00, 4.305363e-10, 5.292759e-10, 4.336349e+01, -4.640021e-01
2.635800e+09, 2.415764e-01, 9.281543e-01, -1.402397e+00, -2.608648e+00, 4.314955e-10, 5.288622e-10, 4.318713e+01, -4.683075e-01
2.639600e+09, 2.434648e-01, 9.277046e-01, -1.412700e+00, -2.621275e+00, 4.324119e-10, 5.284493e-10, 4.300765e+01, -4.725323e-01
2.643400e+09, 2.453295e-01, 9.272572e-01, -1.423024e+00, -2.633892e+00, 4.332873e-10, 5.280374e-10, 4.282518e+01, -4.766746e-01
2.647200e+09, 2.471704e-01, 9.268123e-01, -1.433369e+00, -2.646500e+00, 4.341235e-10, 5.276268e-10, 4.263985e+01, -4.807329e-01
2.651000e+09, 2.489870e-01, 9.263701e-01, -1.443734e+00, -2.659098e+00, 4.349222e-10, 5.272178e-10, 4.245180e+01, -4.847054e-01
2.654800e+09, 2.507791e-01, 9.259308e-01, -1.454119e+00, -2.671686e+00, 4.356850e-10, 5.268104e-10, 4.226114e+01, -4.885907e-01
2.658600e+09, 2.525465e-01, 9.254947e-01, -1.464521e+00, -2.684264e+00, 4.364134e-10, 5.264051e-10, 4.206801e+01, -4.923872e-01
2.662400e+09, 2.542888e-01, 9.250619e-01, -1.474941e+00, -2.696832e+00, 4.371089e-10, 5.260019e-10, 4.187254e+01, -4.960936e-01
2.666200e+09, 2.560057e-01, 9.246327e-01, -1.485377e+00, -2.709391e+00, 4.377730e-10, 5.256012e-10, 4.167485e+01, -4.997084e-01
2.670000e+09, 2.576971e-01, 9.242073e-01, -1.495830e+00, -2.721940e+00, 4.384069e-10, 5.252032e-10, 4.147507e+01, -5.032303e-01
2.673800e+09, 2.593625e-01, 9.237858e-01, -1.506297e+00, -2.734480e+00, 4.390119e-10, 5.248081e-10, 4.127333e+01, -5.066581e-01
2.677600e+09, 2.610019e-01, 9.233686e-01, -1.516779e+00, -2.747011e+00, 4.395894e-10, 5.244161e-10, 4.106974e+01, -5.099904e-01
2.681400e+09, 2.626148e-01, 9.229557e-01, -1.527275e+00, -2.759532e+00, 4.401404e-10, 5.240275e-10, 4.086443e+01, -5.132262e-01
2.685200e+09, 2.642011e-01, 9.225474e-01, -1.537784e+00, -2.772043e+00, 4.406661e-10, 5.236425e-10, 4.065752e+01, -5.163642e-01
2.689000e+09, 2.657605e-01, 9.221439e-01, -1.548305e+00, -2.784546e+00, 4.411676e-10, 5.232614e-10, 4.044912e+01, -5.194034e-01
2.692800e+09, 2.672927e-01, 9.217454e-01, -1.558838e+00, -2.797039e+00, 4.416459e-10, 5.228843e-10, 4.023936e+01, -5.223427e-01
2.696600e+09, 2.687976e-01, 9.213521e-01, -1.569383e+00, -2.809524e+00, 4.421021e-10, 5.225115e-10, 4.002835e+01, -5.251811e-01
2.700400e+09, 2.702748e-01, 9.209643e-01, -1.579939e+00, -2.821999e+00, 4.425371e-10, 5.221432e-10, 3.981620e+01, -5.279176e-01
2.704200e+09, 2.717241e-01, 9.205820e-01, -1.590505e+00, -2.834466e+00, 4.429519e-10, 5.217797e-10, 3.960303e+01, -5.305514e-01
2.708000e+09, 2.731453e-01, 9.202054e-01, -1.601081e+00, -2.846924e+00, 4.433472e-10, 5.214211e-10, 3.938894e+01, -5.330814e-01
2.711800e+09, 2.745382e-01, 9.198349e-01, -1.611666e+00, -2.859374e+00, 4.437239e-10, 5.210677e-10, 3.917404e+01, -5.355069e-01
2.715600e+09, 2.759025e-01, 9.194705e-01, -1.622261e+00, -2.871815e+00, 4.440830e-10, 5.207197e-10, 3.895844e+01, -5.378271e-01
2.719400e+09, 2.772380e-01, 9.191125e-01, -1.632864e+00, -2.884247e+00, 4.444251e-10, 5.203773e-10, 3.874224e+01, -5.400410e-01
2.723200e+09, 2.785445e-01, 9.187610e-01, -1.643475e+00, -2.896672e+00, 4.447510e-10, 5.200408e-10, 3.852555e+01, -5.421480e-01
2.727000e+09, 2.798218e-01, 9.184162e-01, -1.654094e+00, -2.909089e+00, 4.450613e-10, 5.197103e-10, 3.830846e+01, -5.441474e-01
2.730800e+09, 2.810697e-01, 9.180783e-01, -1.664720e+00, -2.921497e+00, 4.453569e-10, 5.193860e-10, 3.809107e+01, -5.460383e-01
2.734600e+09, 2.822879e-01, 9.177475e-01, -1.675353e+00, -2.933898e+00, 4.456384e-10, 5.190682e-10, 3.787348e+01, -5.478202e-01
2.738400e+09, 2.834762e-01, 9.174239e-01, -1.685994e+00, -2.946291e+00, 4.459063e-10, 5.187570e-10, 3.765578e+01, -5.494924e-01
2.742200e+09, 2.846345e-01, 9.171077e-01, -1.696640e+00, -2.958677e+00, 4.461614e-10, 5.184526e-10, 3.743806e+01, -5.510542e-01
2.746000e+09, 2.857624e-01, 9.167991e-01, -1.707293e+00, -2.971056e+00, 4.464041e-10, 5.181554e-10, 3.722041e+01, -5.525050e-01
2.749800e+09, 2.868600e-01, 9.164982e-01, -1.717951e+00, -2.983428e+00, 4.466350e-10, 5.178653e-10, 3.700293e+01, -5.538444e-01
2.753600e+09, 2.879268e-01, 9.162052e-01, -1.728615e+00, -2.995792e+00, 4.468547e-10, 5.175827e-10, 3.678569e+01, -5.550716e-01
2.757400e+09, 2.889628e-01, 9.159203e-01, -1.739284e+00, -3.008150e+00, 4.470636e-10, 5.173076e-10, 3.656879e+01, -5.561861e-01
2.761200e+09, 2.899677e-01, 9.156435e-01, -1.749958e+00, -3.020501e+00, 4.472623e-10, 5.170404e-10, 3.635229e+01, -5.571875e-01
2.765000e+09, 2.909413e-01, 9.153751e-01, -1.760637e+00, -3.032846e+00, 4.474512e-10, 5.167811e-10, 3.613630e+01, -5.580751e-01
2.768800e+09, 2.918835e-01, 9.151152e-01, -1.771321e+00, -3.045185e+00, 4.476308e-10, 5.165299e-10, 3.592088e+01, -5.588486e-01
2.772600e+09, 2.927941e-01, 9.148640e-01, -1.782008e+00, -3.057518e+00, 4.478014e-10, 5.162871e-10, 3.570611e+01, -5.595074e-01
2.776400e+09, 2.936729e-01, 9.146215e-01, -1.792700e+00, -3.069845e+00, 4.479634e-10, 5.160527e-10, 3.549206e+01, -5.600512e-01
2.780200e+09, 2.945196e-01, 9.143879e-01, -1.803396e+00, -3.082166e+00, 4.481173e-10, 5.158270e-10, 3.527882e+01, -5.604793e-01
2.784000e+09, 2.953342e-01, 9.141634e-01, -1.814095e+00, -3.094482e+00, 4.482634e-10, 5.156100e-10, 3.506645e+01, -5.607915e-01
2.787800e+09, 2.961165e-01, 9.139481e-01, -1.824798e+00, -3.106793e+00, 4.484020e-10, 5.154020e-10, 3.485502e+01, -5.609873e-01
2.791600e+09, 2.968662e-01, 9.137420e-01, -1.835504e+00, -3.119098e+00, 4.485335e-10, 5.152031e-10, 3.464461e+01, -5.610663e-01
2.795400e+09, 2.975832e-01, 9.135453e-01, -1.846213e+00, -3.131399e+00, 4.486581e-10, 5.150134e-10, 3.443529e+01, -5.610281e-01
2.799200e+09, 2.982674e-01, 9.133582e-01, -1.856925e+00, 3.139489e+00, 4.487762e-10, 5.148330e-10, 3.422711e+01, -5.608725e-01
2.803000e+09, 2.989185e-01, 9.131807e-01, -1.867640e+00, 3.127197e+00, 4.488879e-10, 5.146622e-10, 3.402014e+01, -5.605989e-01
2.806800e+09, 2.995364e-01, 9.130129e-01, -1.878358e+00, 3.114909e+00, 4.489936e-10, 5.145010e-10, 3.381446e+01, -5.602071e-01
2.810600e+09, 3.001209e-01, 9.128550e-01, -1.889078e+00, 3.102625e+00, 4.490934e-10, 5.143495e-10, 3.361012e+01, -5.596968e-01
2.814400e+09, 3.006718e-01, 9.127070e-01, -1.899801e+00, 3.090344e+00, 4.491876e-10, 5.142079e-10, 3.340718e+01, -5.590676e-01
2.818200e+09, 3.011891e-01, 9.125691e-01, -1.910526e+00, 3.078067e+00, 4.492763e-10, 5.140763e-10, 3.320571e+01, -5.583193e-01
2.822000e+09, 3.016725e-01, 9.124413e-01, -1.921253e+00, 3.065793e+00, 4.493598e-10, 5.139548e-10, 3.300576e+01, -5.574517e-01
2.825800e+09, 3.021219e-01, 9.123236e-01, -1.931982e+00, 3.053521e+00, 4.494381e-10, 5.138435e-10, 3.280740e+01, -5.564644e-01
2.829600e+09, 3.025371e-01, 9.122163e-01, -1.942712e+00, 3.041253e+00, 4.495115e-10, 5.137425e-10, 3.261067e+01, -5.553572e-01
2.833400e+09, 3.029179e-01, 9.121193e-01, -1.953445e+00, 3.028987e+00, 4.495800e-10, 5.136520e-10, 3.241565e+01, -5.541299e-01
2.837200e+09, 3.032643e-01, 9.120328e-01, -1.964179e+00, 3.016723e+00, 4.496437e-10, 5.135719e-10, 3.222239e+01, -5.527824e-01
2.841000e+09, 3.035760e-01, 9.119568e-01, -1.974915e+00, 3.004461e+00, 4.497028e-10, 5.135023e-10, 3.203094e+01, -5.513144e-01
2.844800e+09, 3.038529e-01, 9.118913e-01, -1.985652e+00, 2.992200e+00, 4.497573e-10, 5.134435e-10, 3.184135e+01, -5.497258e-01
2.848600e+09, 3.040949e-01, 9.118364e-01, -1.996390e+00, 2.979941e+00, 4.498073e-10, 5.133954e-10, 3.165369e+01, -5.480165e-01
2.852400e+09, 3.043018e-01, 9.117922e-01, -2.007130e+00, 2.967683e+00, 4.498527e-10, 5.133581e-10, 3.146800e+01, -5.461864e-01
2.856200e+09, 3.044734e-01, 9.117588e-01, -2.017871e+00, 2.955426e+00, 4.498936e-10, 5.133316e-10, 3.128434e+01, -5.442355e-01
2.860000e+09, 3.046097e-01, 9.117361e-01, -2.028613e+00, 2.943170e+00, 4.499300e-10, 5.133161e-10, 3.110277e+01, -5.421636e-01
2.863800e+09, 3.047104e-01, 9.117242e-01, -2.039355e+00, 2.930914e+00, 4.499620e-10, 5.133116e-10, 3.092333e+01, -5.399708e-01
2.867600e+09, 3.047755e-01, 9.117232e-01, -2.050098e+00, 2.918658e+00, 4.499893e-10, 5.133182e-10, 3.074607e+01, -5.376572e-01
2.871400e+09, 3.048048e-01, 9.117330e-01, -2.060842e+00, 2.906402e+00, 4.500121e-10, 5.133358e-10, 3.057105e+01, -5.352227e-01
2.875200e+09, 3.047981e-01, 9.117537e-01, -2.071587e+00, 2.894146e+00, 4.500302e-10, 5.133647e-10, 3.039832e+01, -5.326675e-01
2.879000e+09, 3.047553e-01, 9.117853e-01, -2.082332e+00, 2.881888e+00, 4.500435e-10, 5.134046e-10, 3.022793e+01, -5.299918e-01
2.882800e+09, 3.046763e-01, 9.118279e-01, -2.093077e+00, 2.869630e+00, 4.500519e-10, 5.134559e-10, 3.005993e+01, -5.271957e-01
2.886600e+09, 3.045610e-01, 9.118814e-01, -2.103823e+00, 2.857371e+00, 4.500553e-10, 5.135183e-10, 2.989437e+01, -5.242794e-01
2.890400e+09, 3.044092e-01, 9.119459e-01, -2.114568e+00, 2.845110e+00, 4.500536e-10, 5.135921e-10, 2.973131e+01, -5.212433e-01
2.894200e+09, 3.042207e-01, 9.120213e-01, -2.125314e+00, 2.832848e+00, 4.500465e-10, 5.136772e-10, 2.957078e+01, -5.180876e-01
2.898000e+09, 3.039956e-01, 9.121077e-01, -2.136059e+00, 2.820583e+00, 4.500339e-10, 5.137736e-10, 2.941285e+01, -5.148128e-01
2.901800e+09, 3.037335e-01, 9.122050e-01, -2.146804e+00, 2.808316e+00, 4.500156e-10, 5.138814e-10, 2.925756e+01, -5.114193e-01
2.905600e+09, 3.034345e-01, 9.123132e-01, -2.157549e+00, 2.796047e+00, 4.499914e-10, 5.140005e-10, 2.910496e+01, -5.079077e-01
2.909400e+09, 3.030984e-01, 9.124324e-01, -2.168293e+00, 2.783774e+00, 4.499609e-10, 5.141310e-10, 2.895511e+01, -5.042783e-01
2.913200e+09, 3.027250e-01, 9.125624e-01, -2.179036e+00, 2.771499e+00, 4.499239e-10, 5.142729e-10, 2.880804e+01, -5.005320e-01
2.917000e+09, 3.023143e-01, 9.127033e-01, -2.189779e+00, 2.759220e+00, 4.498801e-10, 5.144261e-10, 2.866382e+01, -4.966694e-01
2.920800e+09, 3.018661e-01, 9.128550e-01, -2.200520e+00, 2.746937e+00, 4.498292e-10, 5.145907e-10, 2.852248e+01, -4.926912e-01
2.924600e+09, 3.013804e-01, 9.130176e-01, -2.211260e+00, 2.734651e+00, 4.497708e-10, 5.147668e-10, 2.838409e+01, -4.885984e-01
2.928400e+09, 3.008569e-01, 9.131909e-01, -2.221999e+00, 2.722360e+00, 4.497046e-10, 5.149542e-10, 2.824868e+01, -4.843918e-01
2.932200e+09, 3.002957e-01, 9.133749e-01, -2.232736e+00, 2.710065e+00, 4.496302e-10, 5.151529e-10, 2.811632e+01, -4.800725e-01
2.936000e+09, 2.996965e-01, 9.135695e-01, -2.243472e+00, 2.697765e+00, 4.495471e-10, 5.153630e-10, 2.798704e+01, -4.756415e-01
2.939800e+09, 2.990593e-01, 9.137748e-01, -2.254205e+00, 2.685461e+00, 4.494548e-10, 5.155844e-10, 2.786091e+01, -4.711000e-01
2.943600e+09, 2.983840e-01, 9.139906e-01, -2.264936e+00, 2.673150e+00, 4.493530e-10, 5.158171e-10, 2.773796e+01, -4.664494e-01
2.947400e+09, 2.976705e-01, 9.142169e-01, -2.275665e+00, 2.660835e+00, 4.492410e-10, 5.160611e-10, 2.761825e+01, -4.616910e-01
2.951200e+09, 2.969187e-01, 9.144536e-01, -2.286391e+00, 2.648513e+00, 4.491184e-10, 5.163163e-10, 2.750182e+01, -4.568262e-01
2.955000e+09, 2.961284e-01, 9.147007e-01, -2.297114e+00, 2.636186e+00, 4.489845e-10, 5.165828e-10, 2.738874e+01, -4.518566e-01
2.958800e+09, 2.952997e-01, 9.149579e-01, -2.307834e+00, 2.623852e+00, 4.488388e-10, 5.168605e-10, 2.727904e+01, -4.467839e-01
2.962600e+09, 2.944323e-01, 9.152254e-01, -2.318551e+00, 2.611511e+00, 4.486805e-10, 5.171492e-10, 2.717277e+01, -4.416099e-01
2.966400e+09, 2.935263e-01, 9.155029e-01, -2.329264e+00, 2.599163e+00, 4.485090e-10, 5.174491e-10, 2.706999e+01, -4.363365e-01
2.970200e+09, 2.925816e-01, 9.157904e-01, -2.339972e+00, 2.586809e+00, 4.483236e-10, 5.177601e-10, 2.697074e+01, -4.309656e-01
2.974000e+09, 2.915980e-01, 9.160878e-01, -2.350677e+00, 2.574447e+00, 4.481235e-10, 5.180820e-10, 2.687508e+01, -4.254995e-01
2.977800e+09, 2.905754e-01, 9.163949e-01, -2.361376e+00, 2.562077e+00, 4.479079e-10, 5.184149e-10, 2.678305e+01, -4.199402e-01
2.981600e+09, 2.895139e-01, 9.167117e-01, -2.372070e+00, 2.549699e+00, 4.476759e-10, 5.187587e-10, 2.669469e+01, -4.142903e-01
2.985400e+09, 2.884134e-01, 9.170381e-01, -2.382759e+00, 2.537313e+00, 4.474266e-10, 5.191133e-10, 2.661007e+01, -4.085521e-01
2.989200e+09, 2.872737e-01, 9.173739e-01, -2.393442e+00, 2.524919e+00, 4.471590e-10, 5.194786e-10, 2.652922e+01, -4.027283e-01
2.993000e+09, 2.860948e-01, 9.177189e-01, -2.404118e+00, 2.512516e+00, 4.468722e-10, 5.198547e-10, 2.645219e+01, -3.968215e-01
2.996800e+09, 2.848767e-01, 9.180731e-01, -2.414788e+00, 2.500104e+00, 4.465651e-10, 5.202413e-10, 2.637903e+01, -3.908347e-01
3.000600e+09, 2.836193e-01, 9.184363e-01, -2.425450e+00, 2.487682e+00, 4.462365e-10, 5.206384e-10, 2.630979e+01, -3.847708e-01
3.004400e+09, 2.823225e-01, 9.188084e-01, -2.436104e+00, 2.475251e+00, 4.458852e-10, 5.210459e-10, 2.624451e+01, -3.786328e-01
3.008200e+09, 2.809864e-01, 9.191892e-01, -2.446750e+00, 2.462811e+00, 4.455101e-10, 5.214637e-10, 2.618324e+01, -3.724241e-01
3.012000e+09, 2.796108e-01, 9.195786e-01, -2.457387e+00, 2.450360e+00, 4.451097e-10, 5.218917e-10, 2.612602e+01, -3.661478e-01
3.015800e+09, 2.781957e-01, 9.199763e-01, -2.468015e+00, 2.437900e+00, 4.446827e-10, 5.223298e-10, 2.607290e+01, -3.598076e-01
3.019600e+09, 2.767412e-01, 9.203823e-01, -2.478632e+00, 2.425428e+00, 4.442276e-10, 5.227779e-10, 2.602392e+01, -3.534070e-01
3.023400e+09, 2.752471e-01, 9.207963e-01, -2.489239e+00, 2.412947e+00, 4.437428e-10, 5.232358e-10, 2.597912e+01, -3.469497e-01
3.027200e+09, 2.737135e-01, 9.212182e-01, -2.499834e+00, 2.400454e+00, 4.432266e-10, 5.237034e-10, 2.593855e+01, -3.404395e-01
3.031000e+09, 2.721403e-01, 9.216477e-01, -2.510416e+00, 2.387950e+00, 4.426774e-10, 5.241805e-10, 2.590224e+01, -3.338804e-01
3.034800e+09, 2.705275e-01, 9.220848e-01, -2.520985e+00, 2.375434e+00, 4.420932e-10, 5.246670e-10, 2.587024e+01, -3.272764e-01
3.038600e+09, 2.688752e-01, 9.225291e-01, -2.531541e+00, 2.362907e+00, 4.414720e-10, 5.251628e-10, 2.584259e+01, -3.206316e-01
3.042400e+09, 2.671832e-01, 9.229805e-01, -2.542082e+00, 2.350369e+00, 4.408119e-10, 5.256675e-10, 2.581931e+01, -3.139505e-01
3.046200e+09, 2.654517e-01, 9.234387e-01, -2.552606e+00, 2.337818e+00, 4.401106e-10, 5.261812e-10, 2.580046e+01, -3.072372e-01
3.050000e+09, 2.636807e-01, 9.239036e-01, -2.563115e+00, 2.325254e+00, 4.393657e-10, 5.267035e-10, 2.578606e+01, -3.004964e-01
3.053800e+09, 2.618701e-01, 9.243749e-01, -2.573605e+00, 2.312679e+00, 4.385747e-10, 5.272342e-10, 2.577615e+01, -2.937324e-01
3.057600e+09, 2.600200e-01, 9.248523e-01, -2.584076e+00, 2.300091e+00, 4.377351e-10, 5.277732e-10, 2.577077e+01, -2.869501e-01
3.061400e+09, 2.581304e-01, 9.253357e-01, -2.594528e+00, 2.287489e+00, 4.368440e-10, 5.283202e-10, 2.576994e+01, -2.801541e-01
3.065200e+09, 2.562014e-01, 9.258248e-01, -2.604958e+00, 2.274875e+00, 4.358985e-10, 5.288749e-10, 2.577369e+01, -2.733492e-01
3.069000e+09, 2.542329e-01, 9.263193e-01, -2.615365e+00, 2.262248e+00, 4.348953e-10, 5.294372e-10, 2.578205e+01, -2.665404e-01
3.072800e+09, 2.522252e-01, 9.268190e-01, -2.625749e+00, 2.249607e+00, 4.338310e-10, 5.300068e-10, 2.579506e+01, -2.597324e-01
3.076600e+09, 2.501781e-01, 9.273236e-01, -2.636107e+00, 2.236952e+00, 4.327022e-10, 5.305833e-10, 2.581273e+01, -2.529304e-01
3.080400e+09, 2.480919e-01, 9.278329e-01, -2.646438e+00, 2.224284e+00, 4.315049e-10, 5.311666e-10, 2.583508e+01, -2.461394e-01
3.084200e+09, 2.459665e-01, 9.283465e-01, -2.656741e+00, 2.211602e+00, 4.302351e-10, 5.317563e-10, 2.586215e+01, -2.393644e-01
3.088000e+09, 2.438021e-01, 9.288643e-01, -2.667013e+00, 2.198906e+00, 4.288883e-10, 5.323521e-10, 2.589395e+01, -2.326106e-01
3.091800e+09, 2.415987e-01, 9.293858e-01, -2.677254e+00, 2.186195e+00, 4.274599e-10, 5.329538e-10, 2.593050e+01, -2.258831e-01
3.095600e+09, 2.393565e-01, 9.299108e-01, -2.687460e+00, 2.173470e+00, 4.259448e-10, 5.335609e-10, 2.597182e+01, -2.191871e-01
3.099400e+09, 2.370755e-01, 9.304391e-01, -2.697630e+00, 2.160731e+00, 4.243377e-10, 5.341732e-10, 2.601792e+01, -2.125277e-01
3.103200e+09, 2.347560e-01, 9.309702e-01, -2.707761e+00, 2.147977e+00, 4.226328e-10, 5.347904e-10, 2.606881e+01, -2.059101e-01
3.107000e+09, 2.323979e-01, 9.315040e-01, -2.717852e+00, 2.135208e+00, 4.208240e-10, 5.354120e-10, 2.612451e+01, -1.993396e-01
3.110800e+09, 2.300016e-01, 9.320400e-01, -2.727900e+00, 2.122425e+00, 4.189045e-10, 5.360378e-10, 2.618502e+01, -1.928212e-01
3.114600e+09, 2.275670e-01, 9.325780e-01, -2.737901e+00, 2.109626e+00, 4.168672e-10, 5.366674e-10, 2.625035e+01, -1.863602e-01
3.118400e+09, 2.250945e-01, 9.331176e-01, -2.747855e+00, 2.096813e+00, 4.147044e-10, 5.373004e-10, 2.632050e+01, -1.799616e-01
3.122200e+09, 2.225841e-01, 9.336586e-01, -2.757756e+00, 2.083984e+00, 4.124079e-10, 5.379364e-10, 2.639548e+01, -1.736305e-01
3.126000e+09, 2.200360e-01, 9.342005e-01, -2.767603e+00, 2.071140e+00, 4.099685e-10, 5.385751e-10, 2.647529e+01, -1.673720e-01
3.129800e+09, 2.174506e-01, 9.347431e-01, -2.777391e+00, 2.058281e+00, 4.073767e-10, 5.392161e-10, 2.655993e+01, -1.611910e-01
3.133600e+09, 2.148278e-01, 9.352861e-01, -2.787118e+00, 2.045407e+00, 4.046218e-10, 5.398589e-10, 2.664939e+01, -1.550926e-01
3.137400e+09, 2.121681e-01, 9.358290e-01, -2.796779e+00, 2.032517e+00, 4.016926e-10, 5.405033e-10, 2.674366e+01, -1.490815e-01
3.141200e+09, 2.094715e-01, 9.363715e-01, -2.806369e+00, 2.019612e+00, 3.985767e-10, 5.411488e-10, 2.684274e+01, -1.431627e-01
3.145000e+09, 2.067385e-01, 9.369133e-01, -2.815886e+00, 2.006691e+00, 3.952606e-10, 5.417951e-10, 2.694661e+01, -1.373409e-01
3.148800e+09, 2.039692e-01, 9.374541e-01, -2.825323e+00, 1.993755e+00, 3.917297e-10, 5.424416e-10, 2.705527e+01, -1.316207e-01
3.152600e+09, 2.011640e-01, 9.379934e-01, -2.834676e+00, 1.980804e+00, 3.879682e-10, 5.430881e-10, 2.716869e+01, -1.260067e-01
3.156400e+09, 1.983230e-01, 9.385311e-01, -2.843939e+00, 1.967837e+00, 3.839586e-10, 5.437341e-10, 2.728687e+01, -1.205034e-01
3.160200e+09, 1.954467e-01, 9.390665e-01, -2.853107e+00, 1.954855e+00, 3.796820e-10, 5.443793e-10, 2.740977e+01, -1.151152e-01
3.164000e+09, 1.925354e-01, 9.395996e-01, -2.862172e+00, 1.941857e+00, 3.751176e-10, 5.450232e-10, 2.753737e+01, -1.098465e-01
3.167800e+09, 1.895895e-01, 9.401298e-01, -2.871128e+00, 1.928844e+00, 3.702425e-10, 5.456654e-10, 2.766966e+01, -1.047015e-01
3.171600e+09, 1.866092e-01, 9.406568e-01, -2.879968e+00, 1.915816e+00, 3.650318e-10, 5.463056e-10, 2.780660e+01, -9.968424e-02
3.175400e+09, 1.835951e-01, 9.411803e-01, -2.888684e+00, 1.902772e+00, 3.594578e-10, 5.469433e-10, 2.794816e+01, -9.479876e-02
3.179200e+09, 1.805475e-01, 9.417000e-01, -2.897266e+00, 1.889713e+00, 3.534901e-10, 5.475781e-10, 2.809431e+01, -9.004894e-02
3.183000e+09, 1.774668e-01, 9.422154e-01, -2.905706e+00, 1.876639e+00, 3.470953e-10, 5.482098e-10, 2.824501e+01, -8.543860e-02
3.186800e+09, 1.743536e-01, 9.427262e-01, -2.913994e+00, 1.863550e+00, 3.402360e-10, 5.488378e-10, 2.840022e+01, -8.097139e-02
3.190600e+09, 1.712083e-01, 9.432320e-01, -2.922117e+00, 1.850446e+00, 3.328712e-10, 5.494618e-10, 2.855990e+01, -7.665089e-02
3.194400e+09, 1.680314e-01, 9.437326e-01, -2.930065e+00, 1.837327e+00, 3.249551e-10, 5.500815e-10, 2.872402e+01, -7.248054e-02
3.198200e+09, 1.648235e-01, 9.442275e-01, -2.937824e+00, 1.824193e+00, 3.164366e-10, 5.506964e-10, 2.889251e+01, -6.846368e-02
3.202000e+09, 1.615852e-01, 9.447164e-01, -2.945379e+00, 1.811045e+00, 3.072590e-10, 5.513061e-10, 2.906533e+01, -6.460352e-02
3.205800e+09, 1.583171e-01, 9.451990e-01, -2.952715e+00, 1.797882e+00, 2.973586e-10, 5.519104e-10, 2.924244e+01, -6.090317e-02
3.209600e+09, 1.550199e-01, 9.456748e-01, -2.959815e+00, 1.784704e+00, 2.866641e-10, 5.525089e-10, 2.942376e+01, -5.736559e-02
3.213400e+09, 1.516942e-01, 9.461437e-01, -2.966659e+00, 1.771512e+00, 2.750953e-10, 5.531012e-10, 2.960924e+01, -5.399367e-02
3.217200e+09, 1.483409e-01, 9.466051e-01, -2.973227e+00, 1.758307e+00, 2.625620e-10, 5.536869e-10, 2.979883e+01, -5.079014e-02
3.221000e+09, 1.449607e-01, 9.470589e-01, -2.979496e+00, 1.745087e+00, 2.489621e-10, 5.542657e-10, 2.999245e+01, -4.775764e-02
3.224800e+09, 1.415544e-01, 9.475046e-01, -2.985441e+00, 1.731853e+00, 2.341802e-10, 5.548373e-10, 3.019003e+01, -4.489868e-02
3.228600e+09, 1.381231e-01, 9.479419e-01, -2.991032e+00, 1.718606e+00, 2.180850e-10, 5.554013e-10, 3.039150e+01, -4.221567e-02
3.232400e+09, 1.346677e-01, 9.483705e-01, -2.996239e+00, 1.705345e+00, 2.005272e-10, 5.559574e-10, 3.059679e+01, -3.971088e-02
3.236200e+09, 1.311893e-01, 9.487900e-01, -3.001027e+00, 1.692071e+00, 1.813361e-10, 5.565054e-10, 3.080581e+01, -3.738650e-02
3.240000e+09, 1.276891e-01, 9.492002e-01, -3.005356e+00, 1.678784e+00, 1.603162e-10, 5.570447e-10, 3.101848e+01, -3.524457e-02
3.243800e+09, 1.241684e-01, 9.496008e-01, -3.009184e+00, 1.665483e+00, 1.372429e-10, 5.575752e-10, 3.123472e+01, -3.328704e-02
3.247600e+09, 1.206285e-01, 9.499913e-01, -3.012461e+00, 1.652171e+00, 1.118571e-10, 5.580965e-10, 3.145442e+01, -3.151574e-02
3.251400e+09, 1.170709e-01, 9.503715e-01, -3.015132e+00, 1.638846e+00, 8.385941e-11, 5.586084e-10, 3.167750e+01, -2.993240e-02
3.255200e+09, 1.134975e-01, 9.507411e-01, -3.017134e+00, 1.625508e+00, 5.290236e-11, 5.591105e-10, 3.190385e+01, -2.853863e-02
3.259000e+09, 1.099099e-01, 9.510998e-01, -3.018397e+00, 1.612159e+00, 1.858156e-11, 5.596025e-10, 3.213337e+01, -2.733592e-02
3.262800e+09, 1.063104e-01, 9.514473e-01, -3.018841e+00, 1.598798e+00, -1.957513e-11, 5.600842e-10, 3.236594e+01, -2.632568e-02
3.266600e+09, 1.027012e-01, 9.517833e-01, -3.018373e+00, 1.585425e+00, -6.212073e-11, 5.605553e-10, 3.260146e+01, -2.550918e-02
3.270400e+09, 9.908504e-02, 9.521075e-01, -3.016890e+00, 1.572041e+00, -1.097049e-10, 5.610154e-10, 3.283981e+01, -2.488760e-02
3.274200e+09, 9.546476e-02, 9.524197e-01, -3.014271e+00, 1.558646e+00, -1.630928e-10, 5.614643e-10, 3.308085e+01, -2.446200e-02
3.278000e+09, 9.184378e-02, 9.527195e-01, -3.010377e+00, 1.545241e+00, -2.231882e-10, 5.619018e-10, 3.332447e+01, -2.423336e-02
3.281800e+09, 8.822595e-02, 9.530067e-01, -3.005048e+00, 1.531825e+00, -2.910598e-10, 5.623276e-10, 3.357052e+01, -2.420251e-02
3.285600e+09, 8.461575e-02, 9.532810e-01, -2.998098e+00, 1.518398e+00, -3.679737e-10, 5.627414e-10, 3.381887e+01, -2.437020e-02
3.289400e+09, 8.101834e-02, 9.535422e-01, -2.989313e+00, 1.504962e+00, -4.554289e-10, 5.631429e-10, 3.406937e+01, -2.473706e-02
3.293200e+09, 7.743976e-02, 9.537900e-01, -2.978439e+00, 1.491517e+00, -5.551975e-10, 5.635319e-10, 3.432187e+01, -2.530362e-02
3.297000e+09, 7.388713e-02, 9.540241e-01, -2.965183e+00, 1.478062e+00, -6.693659e-10, 5.639082e-10, 3.457621e+01, -2.607029e-02
3.300800e+09, 7.036886e-02, 9.542444e-01, -2.949201e+00, 1.464598e+00, -8.003723e-10, 5.642716e-10, 3.483224e+01, -2.703737e-02
3.304600e+09, 6.689497e-02, 9.544506e-01, -2.930091e+00, 1.451125e+00, -9.510286e-10, 5.646217e-10, 3.508978e+01, -2.820505e-02
3.308400e+09, 6.347750e-02, 9.546424e-01, -2.907384e+00, 1.437644e+00, -1.124509e-09, 5.649584e-10, 3.534865e+01, -2.957340e-02
3.312200e+09, 6.013091e-02, 9.548196e-01, -2.880535e+00, 1.424155e+00, -1.324269e-09, 5.652814e-10, 3.560869e+01, -3.114240e-02
3.316000e+09, 5.687269e-02, 9.549821e-01, -2.848917e+00, 1.410659e+00, -1.553844e-09, 5.655905e-10, 3.586969e+01, -3.291186e-02
3.319800e+09, 5.372404e-02, 9.551296e-01, -2.811817e+00, 1.397154e+00, -1.816430e-09, 5.658856e-10, 3.613148e+01, -3.488153e-02
3.323600e+09, 5.071059e-02, 9.552619e-01, -2.768448e+00, 1.383643e+00, -2.114142e-09, 5.661663e-10, 3.639384e+01, -3.705099e-02
3.327400e+09, 4.786324e-02, 9.553788e-01, -2.717971e+00, 1.370126e+00, -2.446783e-09, 5.664325e-10, 3.665658e+01, -3.941973e-02
3.331200e+09, 4.521879e-02, 9.554802e-01, -2.659551e+00, 1.356601e+00, -2.810043e-09, 5.666839e-10, 3.691949e+01, -4.198710e-02
3.335000e+09, 4.282035e-02, 9.555658e-01, -2.592458e+00, 1.343071e+00, -3.193192e-09, 5.669205e-10, 3.718234e+01, -4.475231e-02
3.338800e+09, 4.071693e-02, 9.556355e-01, -2.516217e+00, 1.329535e+00, -3.576809e-09, 5.671419e-10, 3.744492e+01, -4.771445e-02
3.342600e+09, 3.896184e-02, 9.556892e-01, -2.430817e+00, 1.315994e+00, -3.931779e-09, 5.673480e-10, 3.770699e+01, -5.087249e-02
3.346400e+09, 3.760927e-02, 9.557266e-01, -2.336941e+00, 1.302448e+00, -4.221433e-09, 5.675386e-10, 3.796832e+01, -5.422522e-02
3.350200e+09, 3.670895e-02, 9.557476e-01, -2.236150e+00, 1.288897e+00, -4.408225e-09, 5.677136e-10, 3.822868e+01, -5.777134e-02
3.354000e+09, 3.629949e-02, 9.557521e-01, -2.130899e+00, 1.275343e+00, -4.464051e-09, 5.678728e-10, 3.848780e+01, -6.150937e-02
3.357800e+09, 3.640205e-02, 9.557399e-01, -2.024314e+00, 1.261784e+00, -4.379866e-09, 5.680160e-10, 3.874544e+01, -6.543770e-02
3.361600e+09, 3.701657e-02, 9.557110e-01, -1.919740e+00, 1.248222e+00, -4.169095e-09, 5.681430e-10, 3.900135e+01, -6.955456e-02
3.365400e+09, 3.812204e-02, 9.556652e-01, -1.820199e+00, 1.234657e+00, -3.862627e-09, 5.682537e-10, 3.925527e+01, -7.385805e-02
3.369200e+09, 3.968072e-02, 9.556024e-01, -1.727974e+00, 1.221089e+00, -3.498586e-09, 5.683480e-10, 3.950692e+01, -7.834607e-02
3.373000e+09, 4.164455e-02, 9.555225e-01, -1.644441e+00, 1.207519e+00, -3.112504e-09, 5.684257e-10, 3.975604e+01, -8.301641e-02
3.376800e+09, 4.396164e-02, 9.554255e-01, -1.570127e+00, 1.193948e+00, -2.731584e-09, 5.684867e-10, 4.000235e+01, -8.786668e-02
3.380600e+09, 4.658123e-02, 9.553112e-01, -1.504907e+00, 1.180374e+00, -2.373352e-09, 5.685309e-10, 4.024558e+01, -9.289432e-02
3.384400e+09, 4.945684e-02, 9.551795e-01, -1.448241e+00, 1.166800e+00, -2.047047e-09, 5.685581e-10, 4.048545e+01, -9.809661e-02
3.388200e+09, 5.254765e-02, 9.550305e-01, -1.399366e+00, 1.153225e+00, -1.755979e-09, 5.685682e-10, 4.072167e+01, -1.034707e-01
3.392000e+09, 5.581882e-02, 9.548641e-01, -1.357440e+00, 1.139650e+00, -1.499752e-09, 5.685611e-10, 4.095397e+01, -1.090134e-01
3.395800e+09, 5.924108e-02, 9.546802e-01, -1.321631e+00, 1.126075e+00, -1.275954e-09, 5.685368e-10, 4.118205e+01, -1.147217e-01
3.399600e+09, 6.279006e-02, 9.544788e-01, -1.291167e+00, 1.112500e+00, -1.081272e-09, 5.684950e-10, 4.140564e+01, -1.205921e-01
3.403400e+09, 6.644557e-02, 9.542598e-01, -1.265350e+00, 1.098927e+00, -9.121645e-10, 5.684359e-10, 4.162445e+01, -1.266210e-01
3.407200e+09, 7.019088e-02, 9.540233e-01, -1.243571e+00, 1.085355e+00, -7.652196e-10, 5.683592e-10, 4.183819e+01, -1.328047e-01
3.411000e+09, 7.401205e-02, 9.537693e-01, -1.225301e+00, 1.071785e+00, -6.373335e-10, 5.682649e-10, 4.204658e+01, -1.391392e-01
3.414800e+09, 7.789747e-02, 9.534977e-01, -1.210084e+00, 1.058217e+00, -5.257705e-10, 5.681529e-10, 4.224934e+01, -1.456206e-01
3.418600e+09, 8.183737e-02, 9.532086e-01, -1.197530e+00, 1.044652e+00, -4.281663e-10, 5.680233e-10, 4.244620e+01, -1.522446e-01
3.422400e+09, 8.582349e-02, 9.529020e-01, -1.187307e+00, 1.031089e+00, -3.425013e-10, 5.678759e-10, 4.263688e+01, -1.590068e-01
3.426200e+09, 8.984879e-02, 9.525780e-01, -1.179130e+00, 1.017531e+00, -2.670620e-10, 5.677107e-10, 4.282111e+01, -1.659025e-01
3.430000e+09, 9.390724e-02, 9.522365e-01, -1.172753e+00, 1.003976e+00, -2.004000e-10, 5.675276e-10, 4.299864e+01, -1.729272e-01
3.433800e+09, 9.799362e-02, 9.518777e-01, -1.167969e+00, 9.904256e-01, -1.412920e-10, 5.673268e-10, 4.316920e+01, -1.800758e-01
3.437600e+09, 1.021034e-01, 9.515016e-01, -1.164595e+00, 9.768801e-01, -8.870525e-11, 5.671081e-10, 4.333255e+01, -1.873434e-01
3.441400e+09, 1.062325e-01, 9.511083e-01, -1.162477e+00, 9.633397e-01, -4.176635e-11, 5.668715e-10, 4.348844e+01, -1.947247e-01
3.445200e+09, 1.103774e-01, 9.506979e-01, -1.161480e+00, 9.498050e-01, 2.646201e-13, 5.666171e-10, 4.363665e+01, -2.022146e-01
3.449000e+09, 1.145350e-01, 9.502704e-01, -1.161486e+00, 9.362764e-01, 3.801610e-11, 5.663449e-10, 4.377696e+01, -2.098075e-01
3.452800e+09, 1.187024e-01, 9.498260e-01, -1.162394e+00, 9.227543e-01, 7.202330e-11, 5.660549e-10, 4.390914e+01, -2.174978e-01
3.456600e+09, 1.228770e-01, 9.493648e-01, -1.164113e+00, 9.092391e-01, 1.027435e-10, 5.657471e-10, 4.403301e+01, -2.252799e-01
3.460400e+09, 1.270565e-01, 9.488870e-01, -1.166567e+00, 8.957313e-01, 1.305683e-10, 5.654217e-10, 4.414837e+01, -2.331480e-01
3.464200e+09, 1.312387e-01, 9.483926e-01, -1.169684e+00, 8.822312e-01, 1.558348e-10, 5.650785e-10, 4.425505e+01, -2.410961e-01
3.468000e+09, 1.354217e-01, 9.478818e-01, -1.173405e+00, 8.687394e-01, 1.788333e-10, 5.647178e-10, 4.435289e+01, -2.491184e-01
3.471800e+09, 1.396035e-01, 9.473547e-01, -1.177675e+00, 8.552561e-01, 1.998151e-10, 5.643396e-10, 4.444174e+01, -2.572087e-01
3.475600e+09, 1.437826e-01, 9.468117e-01, -1.182445e+00, 8.417819e-01, 2.189984e-10, 5.639440e-10, 4.452147e+01, -2.653608e-01
3.479400e+09, 1.479572e-01, 9.462527e-01, -1.187674e+00, 8.283171e-01, 2.365731e-10, 5.635310e-10, 4.459197e+01, -2.735687e-01
3.483200e+09, 1.521258e-01, 9.456780e-01, -1.193323e+00, 8.148622e-01, 2.527050e-10, 5.631009e-10, 4.465311e+01, -2.818261e-01
3.487000e+09, 1.562871e-01, 9.450878e-01, -1.199356e+00, 8.014175e-01, 2.675394e-10, 5.626536e-10, 4.470484e+01, -2.901266e-01
3.490800e+09, 1.604396e-01, 9.444824e-01, -1.205744e+00, 7.879835e-01, 2.812040e-10, 5.621893e-10, 4.474706e+01, -2.984641e-01
3.494600e+09, 1.645820e-01, 9.438618e-01, -1.212458e+00, 7.745606e-01, 2.938110e-10, 5.617082e-10, 4.477974e+01, -3.068321e-01
3.498400e+09, 1.687131e-01, 9.432264e-01, -1.219473e+00, 7.611492e-01, 3.054597e-10, 5.612105e-10, 4.480282e+01, -3.152244e-01
3.502200e+09, 1.728317e-01, 9.425764e-01, -1.226766e+00, 7.477497e-01, 3.162382e-10, 5.606962e-10, 4.481630e+01, -3.236347e-01
3.506000e+09, 1.769367e-01, 9.419120e-01, -1.234317e+00, 7.343625e-01, 3.262245e-10, 5.601655e-10, 4.482016e+01, -3.320567e-01
3.509800e+09, 1.810269e-01, 9.412335e-01, -1.242106e+00, 7.209879e-01, 3.354880e-10, 5.596187e-10, 4.481443e+01, -3.404842e-01
3.513600e+09, 1.851014e-01, 9.405412e-01, -1.250116e+00, 7.076264e-01, 3.440908e-10, 5.590559e-10, 4.479912e+01, -3.489109e-01
3.517400e+09, 1.891589e-01, 9.398353e-01, -1.258332e+00, 6.942783e-01, 3.520883e-10, 5.584773e-10, 4.477429e+01, -3.573307e-01
3.521200e+09, 1.931987e-01, 9.391161e-01, -1.266738e+00, 6.809440e-01, 3.595303e-10, 5.578831e-10, 4.474000e+01, -3.657377e-01
3.525000e+09, 1.972197e-01, 9.383839e-01, -1.275322e+00, 6.676240e-01, 3.664613e-10, 5.572736e-10, 4.469632e+01, -3.741256e-01
3.528800e+09, 2.012209e-01, 9.376390e-01, -1.284072e+00, 6.543184e-01, 3.729217e-10, 5.566490e-10, 4.464334e+01, -3.824888e-01
3.532600e+09, 2.052015e-01, 9.368817e-01, -1.292976e+00, 6.410278e-01, 3.789476e-10, 5.560095e-10, 4.458118e+01, -3.908213e-01
3.536400e+09, 2.091606e-01, 9.361123e-01, -1.302024e+00, 6.277525e-01, 3.845719e-10, 5.553554e-10, 4.450994e+01, -3.991176e-01
3.540200e+09, 2.130974e-01, 9.353312e-01, -1.311206e+00, 6.144928e-01, 3.898242e-10, 5.546869e-10, 4.442977e+01, -4.073719e-01
3.544000e+09, 2.170109e-01, 9.345386e-01, -1.320513e+00, 6.012490e-01, 3.947316e-10, 5.540044e-10, 4.434081e+01, -4.155789e-01
3.547800e+09, 2.209004e-01, 9.337350e-01, -1.329938e+00, 5.880215e-01, 3.993185e-10, 5.533081e-10, 4.424321e+01, -4.237333e-01
3.551600e+09, 2.247651e-01, 9.329206e-01, -1.339472e+00, 5.748107e-01, 4.036071e-10, 5.525984e-10, 4.413716e+01, -4.318298e-01
3.555400e+09, 2.286042e-01, 9.320959e-01, -1.349109e+00, 5.616168e-01, 4.076180e-10, 5.518754e-10, 4.402283e+01, -4.398635e-01
3.559200e+09, 2.324170e-01, 9.312611e-01, -1.358841e+00, 5.484402e-01, 4.113697e-10, 5.511396e-10, 4.390040e+01, -4.478294e-01
3.563000e+09, 2.362027e-01, 9.304167e-01, -1.368663e+00, 5.352811e-01, 4.148791e-10, 5.503913e-10, 4.377009e+01, -4.557228e-01
3.566800e+09, 2.399607e-01, 9.295631e-01, -1.378569e+00, 5.221399e-01, 4.181621e-10, 5.496308e-10, 4.363208e+01, -4.635393e-01
3.570600e+09, 2.436902e-01, 9.287005e-01, -1.388553e+00, 5.090169e-01, 4.212328e-10, 5.488584e-10, 4.348661e+01, -4.712742e-01
3.574400e+09, 2.473906e-01, 9.278295e-01, -1.398610e+00, 4.959123e-01, 4.241045e-10, 5.480746e-10, 4.333389e+01, -4.789236e-01
3.578200e+09, 2.510612e-01, 9.269504e-01, -1.408736e+00, 4.828264e-01, 4.267894e-10, 5.472796e-10, 4.317415e+01, -4.864832e-01
3.582000e+09, 2.547013e-01, 9.260635e-01, -1.418926e+00, 4.697595e-01, 4.292987e-10, 5.464739e-10, 4.300762e+01, -4.939491e-01
3.585800e+09, 2.583105e-01, 9.251694e-01, -1.429176e+00, 4.567118e-01, 4.316427e-10, 5.456578e-10, 4.283454e+01, -5.013177e-01
3.589600e+09, 2.618879e-01, 9.242684e-01, -1.439482e+00, 4.436836e-01, 4.338311e-10, 5.448317e-10, 4.265514e+01, -5.085854e-01
3.593400e+09, 2.654331e-01, 9.233610e-01, -1.449840e+00, 4.306752e-01, 4.358728e-10, 5.439961e-10, 4.246967e+01, -5.157487e-01
3.597200e+09, 2.689455e-01, 9.224475e-01, -1.460247e+00, 4.176867e-01, 4.377761e-10, 5.431514e-10, 4.227837e+01, -5.228045e-01
3.601000e+09, 2.724246e-01, 9.215284e-01, -1.470700e+00, 4.047183e-01, 4.395485e-10, 5.422979e-10, 4.208149e+01, -5.297498e-01
3.604800e+09, 2.758697e-01, 9.206041e-01, -1.481194e+00, 3.917704e-01, 4.411973e-10, 5.414361e-10, 4.187927e+01, -5.365815e-01
3.608600e+09, 2.792805e-01, 9.196751e-01, -1.491728e+00, 3.788430e-01, 4.427292e-10, 5.405665e-10, 4.167196e+01, -5.432970e-01
3.612400e+09, 2.826563e-01, 9.187417e-01, -1.502299e+00, 3.659364e-01, 4.441503e-10, 5.396894e-10, 4.145980e+01, -5.498937e-01
3.616200e+09, 2.859967e-01, 9.178045e-01, -1.512904e+00, 3.530507e-01, 4.454665e-10, 5.388053e-10, 4.124304e+01, -5.563693e-01
3.620000e+09, 2.893012e-01, 9.168639e-01, -1.523540e+00, 3.401861e-01, 4.466833e-10, 5.379148e-10, 4.102192e+01, -5.627214e-01
3.623800e+09, 2.925695e-01, 9.159203e-01, -1.534205e+00, 3.273428e-01, 4.478057e-10, 5.370181e-10, 4.079668e+01, -5.689479e-01
3.627600e+09, 2.958009e-01, 9.149742e-01, -1.544896e+00, 3.145209e-01, 4.488386e-10, 5.361159e-10, 4.056755e+01, -5.750468e-01
3.631400e+09, 2.989952e-01, 9.140261e-01, -1.555613e+00, 3.017205e-01, 4.497864e-10, 5.352086e-10, 4.033476e+01, -5.810165e-01
3.635200e+09, 3.021518e-01, 9.130763e-01, -1.566352e+00, 2.889418e-01, 4.506534e-10, 5.342967e-10, 4.009856e+01, -5.868550e-01
3.639000e+09, 3.052705e-01, 9.121254e-01, -1.577112e+00, 2.761849e-01, 4.514436e-10, 5.333806e-10, 3.985916e+01, -5.925609e-01
3.642800e+09, 3.083508e-01, 9.111738e-01, -1.587891e+00, 2.634499e-01, 4.521608e-10, 5.324609e-10, 3.961678e+01, -5.981328e-01
3.646600e+09, 3.113924e-01, 9.102219e-01, -1.598687e+00, 2.507368e-01, 4.528086e-10, 5.315381e-10, 3.937165e+01, -6.035693e-01
3.650400e+09, 3.143950e-01, 9.092703e-01, -1.609498e+00, 2.380457e-01, 4.533903e-10, 5.306126e-10, 3.912397e+01, -6.088692e-01
3.654200e+09, 3.173581e-01, 9.083194e-01, -1.620323e+00, 2.253767e-01, 4.539091e-10, 5.296850e-10, 3.887395e+01, -6.140314e-01
3.658000e+09, 3.202816e-01, 9.073696e-01, -1.631161e+00, 2.127299e-01, 4.543681e-10, 5.287558e-10, 3.862179e+01, -6.190549e-01
3.661800e+09, 3.231650e-01, 9.064215e-01, -1.642009e+00, 2.001053e-01, 4.547702e-10, 5.278254e-10, 3.836770e+01, -6.239389e-01
3.665600e+09, 3.260082e-01, 9.054754e-01, -1.652867e+00, 1.875029e-01, 4.551181e-10, 5.268945e-10, 3.811185e+01, -6.286825e-01
3.669400e+09, 3.288108e-01, 9.045319e-01, -1.663734e+00, 1.749227e-01, 4.554144e-10, 5.259635e-10, 3.785445e+01, -6.332851e-01
3.673200e+09, 3.315726e-01, 9.035913e-01, -1.674607e+00, 1.623647e-01, 4.556617e-10, 5.250330e-10, 3.759566e+01, -6.377460e-01
3.677000e+09, 3.342934e-01, 9.026542e-01, -1.685487e+00, 1.498290e-01, 4.558623e-10, 5.241034e-10, 3.733566e+01, -6.420646e-01
3.680800e+09, 3.369729e-01, 9.017211e-01, -1.696371e+00, 1.373155e-01, 4.560185e-10, 5.231753e-10, 3.707463e+01, -6.462405e-01
3.684600e+09, 3.396109e-01, 9.007923e-01, -1.707259e+00, 1.248241e-01, 4.561325e-10, 5.222493e-10, 3.681272e+01, -6.502733e-01
3.688400e+09, 3.422072e-01, 8.998684e-01, -1.718149e+00, 1.123548e-01, 4.562064e-10, 5.213258e-10, 3.655008e+01, -6.541626e-01
3.692200e+09, 3.447617e-01, 8.989497e-01, -1.729042e+00, 9.990756e-02, 4.562422e-10, 5.204054e-10, 3.628689e+01, -6.579081e-01
3.696000e+09, 3.472741e-01, 8.980368e-01, -1.739935e+00, 8.748230e-02, 4.562419e-10, 5.194886e-10, 3.602327e+01, -6.615097e-01
3.699800e+09, 3.497443e-01, 8.971300e-01, -1.750828e+00, 7.507894e-02, 4.562073e-10, 5.185760e-10, 3.575937e+01, -6.649671e-01
3.703600e+09, 3.521722e-01, 8.962299e-01, -1.761721e+00, 6.269736e-02, 4.561402e-10, 5.176680e-10, 3.549533e+01, -6.682802e-01
3.707400e+09, 3.545576e-01, 8.953368e-01, -1.772612e+00, 5.033747e-02, 4.560423e-10, 5.167652e-10, 3.523128e+01, -6.714489e-01
3.711200e+09, 3.569004e-01, 8.944513e-01, -1.783500e+00, 3.799913e-02, 4.559154e-10, 5.158681e-10, 3.496733e+01, -6.744730e-01
3.715000e+09, 3.592005e-01, 8.935736e-01, -1.794386e+00, 2.568221e-02, 4.557610e-10, 5.149773e-10, 3.470362e+01, -6.773527e-01
3.718800e+09, 3.614578e-01, 8.927044e-01, -1.805268e+00, 1.338656e-02, 4.555807e-10, 5.140932e-10, 3.444025e+01, -6.800879e-01
3.722600e+09, 3.636723e-01, 8.918440e-01, -1.816145e+00, 1.112013e-03, 4.553761e-10, 5.132163e-10, 3.417733e+01, -6.826786e-01
3.726400e+09, 3.658437e-01, 8.909927e-01, -1.827018e+00, -1.114159e-02, 4.551485e-10, 5.123473e-10, 3.391498e+01, -6.851249e-01
3.730200e+09, 3.679722e-01, 8.901511e-01, -1.837885e+00, -2.337445e-02, 4.548995e-10, 5.114865e-10, 3.365328e+01, -6.874268e-01
3.734000e+09, 3.700576e-01, 8.893196e-01, -1.848746e+00, -3.558676e-02, 4.546304e-10, 5.106345e-10, 3.339234e+01, -6.895843e-01
3.737800e+09, 3.720998e-01, 8.884985e-01, -1.859601e+00, -4.777872e-02, 4.543425e-10, 5.097918e-10, 3.313225e+01, -6.915977e-01
3.741600e+09, 3.740990e-01, 8.876883e-01, -1.870449e+00, -5.995056e-02, 4.540373e-10, 5.089588e-10, 3.287309e+01, -6.934669e-01
3.745400e+09, 3.760549e-01, 8.868893e-01, -1.881289e+00, -7.210251e-02, 4.537159e-10, 5.081362e-10, 3.261496e+01, -6.951922e-01
3.749200e+09, 3.779677e-01, 8.861020e-01, -1.892122e+00, -8.423483e-02, 4.533796e-10, 5.073243e-10, 3.235791e+01, -6.967735e-01
3.753000e+09, 3.798373e-01, 8.853267e-01, -1.902947e+00, -9.634775e-02, 4.530297e-10, 5.065236e-10, 3.210204e+01, -6.982110e-01
3.756800e+09, 3.816637e-01, 8.845638e-01, -1.913764e+00, -1.084416e-01, 4.526672e-10, 5.057346e-10, 3.184742e+01, -6.995048e-01
3.760600e+09, 3.834469e-01, 8.838137e-01, -1.924572e+00, -1.205165e-01, 4.522935e-10, 5.049577e-10, 3.159411e+01, -7.006550e-01
3.764400e+09, 3.851870e-01, 8.830768e-01, -1.935371e+00, -1.325730e-01, 4.519096e-10, 5.041935e-10, 3.134218e+01, -7.016618e-01
3.768200e+09, 3.868839e-01, 8.823533e-01, -1.946161e+00, -1.446111e-01, 4.515165e-10, 5.034424e-10, 3.109169e+01, -7.025251e-01
3.772000e+09, 3.885378e-01, 8.816438e-01, -1.956941e+00, -1.566314e-01, 4.511155e-10, 5.027047e-10, 3.084270e+01, -7.032450e-01
3.775800e+09, 3.901486e-01, 8.809484e-01, -1.967712e+00, -1.686340e-01, 4.507076e-10, 5.019810e-10, 3.059527e+01, -7.038217e-01
3.779600e+09, 3.917165e-01, 8.802676e-01, -1.978473e+00, -1.806194e-01, 4.502938e-10, 5.012717e-10, 3.034944e+01, -7.042552e-01
3.783400e+09, 3.932414e-01, 8.796017e-01, -1.989224e+00, -1.925878e-01, 4.498750e-10, 5.005772e-10, 3.010528e+01, -7.045455e-01
3.787200e+09, 3.947234e-01, 8.789511e-01, -1.999966e+00, -2.045396e-01, 4.494524e-10, 4.998979e-10, 2.986283e+01, -7.046926e-01
3.791000e+09, 3.961626e-01, 8.783159e-01, -2.010697e+00, -2.164752e-01, 4.490269e-10, 4.992342e-10, 2.962213e+01, -7.046966e-01
3.794800e+09, 3.975590e-01, 8.776966e-01, -2.021418e+00, -2.283950e-01, 4.485995e-10, 4.985865e-10, 2.938323e+01, -7.045574e-01
3.798600e+09, 3.989128e-01, 8.770935e-01, -2.032129e+00, -2.402993e-01, 4.481710e-10, 4.979552e-10, 2.914618e+01, -7.042750e-01
3.802400e+09, 4.002239e-01, 8.765068e-01, -2.042829e+00, -2.521885e-01, 4.477424e-10, 4.973407e-10, 2.891100e+01, -7.038493e-01
3.806200e+09, 4.014926e-01, 8.759368e-01, -2.053520e+00, -2.640631e-01, 4.473145e-10, 4.967433e-10, 2.867775e+01, -7.032804e-01
3.810000e+09, 4.027188e-01, 8.753839e-01, -2.064200e+00, -2.759234e-01, 4.468884e-10, 4.961635e-10, 2.844645e+01, -7.025680e-01
3.813800e+09, 4.039027e-01, 8.748482e-01, -2.074870e+00, -2.877698e-01, 4.464647e-10, 4.956015e-10, 2.821715e+01, -7.017121e-01
3.817600e+09, 4.050443e-01, 8.743302e-01, -2.085530e+00, -2.996029e-01, 4.460444e-10, 4.950577e-10, 2.798987e+01, -7.007126e-01
3.821400e+09, 4.061438e-01, 8.738299e-01, -2.096179e+00, -3.114229e-01, 4.456283e-10, 4.945324e-10, 2.776465e+01, -6.995692e-01
3.825200e+09, 4.072011e-01, 8.733477e-01, -2.106819e+00, -3.232304e-01, 4.452171e-10, 4.940260e-10, 2.754152e+01, -6.982818e-01
3.829000e+09, 4.082165e-01, 8.728838e-01, -2.117449e+00, -3.350258e-01, 4.448117e-10, 4.935388e-10, 2.732050e+01, -6.968503e-01
3.832800e+09, 4.091901e-01, 8.724385e-01, -2.128070e+00, -3.468096e-01, 4.444128e-10, 4.930711e-10, 2.710164e+01, -6.952743e-01
3.836600e+09, 4.101218e-01, 8.720120e-01, -2.138681e+00, -3.585822e-01, 4.440212e-10, 4.926232e-10, 2.688495e+01, -6.935537e-01
3.840400e+09, 4.110118e-01, 8.716044e-01, -2.149282e+00, -3.703442e-01, 4.436376e-10, 4.921954e-10, 2.667046e+01, -6.916882e-01
3.844200e+09, 4.118603e-01, 8.712161e-01, -2.159874e+00, -3.820959e-01, 4.432627e-10, 4.917880e-10, 2.645821e+01, -6.896775e-01
3.848000e+09, 4.126672e-01, 8.708472e-01, -2.170458e+00, -3.938378e-01, 4.428972e-10, 4.914013e-10, 2.624821e+01, -6.875212e-01
3.851800e+09, 4.134327e-01, 8.704978e-01, -2.181032e+00, -4.055706e-01, 4.425417e-10, 4.910355e-10, 2.604050e+01, -6.852192e-01
3.855600e+09, 4.141569e-01, 8.701683e-01, -2.191599e+00, -4.172946e-01, 4.421969e-10, 4.906909e-10, 2.583509e+01, -6.827710e-01
3.859400e+09, 4.148399e-01, 8.698587e-01, -2.202157e+00, -4.290104e-01, 4.418635e-10, 4.903678e-10, 2.563202e+01, -6.801763e-01
3.863200e+09, 4.154817e-01, 8.695693e-01, -2.212706e+00, -4.407185e-01, 4.415421e-10, 4.900664e-10, 2.543131e+01, -6.774347e-01
3.867000e+09, 4.160824e-01, 8.693001e-01, -2.223249e+00, -4.524194e-01, 4.412331e-10, 4.897870e-10, 2.523297e+01, -6.745459e-01
3.870800e+09, 4.166422e-01, 8.690515e-01, -2.233784e+00, -4.641136e-01, 4.409373e-10, 4.895298e-10, 2.503705e+01, -6.715094e-01
3.874600e+09, 4.171611e-01, 8.688234e-01, -2.244312e+00, -4.758016e-01, 4.406552e-10, 4.892950e-10, 2.484355e+01, -6.683250e-01
3.878400e+09, 4.176391e-01, 8.686160e-01, -2.254833e+00, -4.874841e-01, 4.403872e-10, 4.890829e-10, 2.465252e+01, -6.649920e-01
3.882200e+09, 4.180764e-01, 8.684295e-01, -2.265347e+00, -4.991615e-01, 4.401339e-10, 4.888937e-10, 2.446396e+01, -6.615103e-01
3.886000e+09, 4.184730e-01, 8.682640e-01, -2.275856e+00, -5.108344e-01, 4.398958e-10, 4.887276e-10, 2.427791e+01, -6.578793e-01
3.889800e+09, 4.188289e-01, 8.681196e-01, -2.286359e+00, -5.225033e-01, 4.396734e-10, 4.885849e-10, 2.409439e+01, -6.540987e-01
3.893600e+09, 4.191443e-01, 8.679963e-01, -2.296857e+00, -5.341688e-01, 4.394671e-10, 4.884656e-10, 2.391343e+01, -6.501680e-01
3.897400e+09, 4.194192e-01, 8.678943e-01, -2.307350e+00, -5.458314e-01, 4.392772e-10, 4.883701e-10, 2.373505e+01, -6.460869e-01
3.901200e+09, 4.196536e-01, 8.678137e-01, -2.317838e+00, -5.574918e-01, 4.391043e-10, 4.882985e-10, 2.355929e+01, -6.418550e-01
3.905000e+09, 4.198476e-01, 8.677546e-01, -2.328322e+00, -5.691505e-01, 4.389486e-10, 4.882511e-10, 2.338616e+01, -6.374719e-01
3.908800e+09, 4.200011e-01, 8.677169e-01, -2.338802e+00, -5.808080e-01, 4.388105e-10, 4.882279e-10, 2.321570e+01, -6.329374e-01
3.912600e+09, 4.201143e-01, 8.677008e-01, -2.349279e+00, -5.924650e-01, 4.386904e-10, 4.882292e-10, 2.304793e+01, -6.282510e-01
3.916400e+09, 4.201872e-01, 8.677063e-01, -2.359754e+00, -6.041220e-01, 4.385886e-10, 4.882552e-10, 2.288288e+01, -6.234125e-01
3.920200e+09, 4.202198e-01, 8.677335e-01, -2.370225e+00, -6.157796e-01, 4.385053e-10, 4.883060e-10, 2.272059e+01, -6.184218e-01
3.924000e+09, 4.202120e-01, 8.677823e-01, -2.380695e+00, -6.274385e-01, 4.384407e-10, 4.883817e-10, 2.256108e+01, -6.132784e-01
3.927800e+09, 4.201639e-01, 8.678527e-01, -2.391163e+00, -6.390991e-01, 4.383952e-10, 4.884826e-10, 2.240439e+01, -6.079824e-01
3.931600e+09, 4.200755e-01, 8.679449e-01, -2.401631e+00, -6.507622e-01, 4.383688e-10, 4.886088e-10, 2.225055e+01, -6.025336e-01
3.935400e+09, 4.199468e-01, 8.680587e-01, -2.412097e+00, -6.624283e-01, 4.383618e-10, 4.887603e-10, 2.209959e+01, -5.969320e-01
3.939200e+09, 4.197777e-01, 8.681942e-01, -2.422564e+00, -6.740980e-01, 4.383744e-10, 4.889374e-10, 2.195155e+01, -5.911775e-01
3.943000e+09, 4.195683e-01, 8.683513e-01, -2.433030e+00, -6.857719e-01, 4.384066e-10, 4.891401e-10, 2.180646e+01, -5.852703e-01
3.946800e+09, 4.193185e-01, 8.685300e-01, -2.443498e+00, -6.974506e-01, 4.384585e-10, 4.893686e-10, 2.166436e+01, -5.792105e-01
3.950600e+09, 4.190283e-01, 8.687302e-01, -2.453966e+00, -7.091348e-01, 4.385302e-10, 4.896229e-10, 2.152528e+01, -5.729984e-01
3.954400e+09, 4.186976e-01, 8.689519e-01, -2.464437e+00, -7.208251e-01, 4.386218e-10, 4.899031e-10, 2.138927e+01, -5.666344e-01
3.958200e+09, 4.183264e-01, 8.691950e-01, -2.474909e+00, -7.325221e-01, 4.387332e-10, 4.902093e-10, 2.125636e+01, -5.601188e-01
3.962000e+09, 4.179146e-01, 8.694593e-01, -2.485385e+00, -7.442264e-01, 4.388645e-10, 4.905414e-10, 2.112660e+01, -5.534523e-01
3.965800e+09, 4.174621e-01, 8.697448e-01, -2.495863e+00, -7.559386e-01, 4.390156e-10, 4.908996e-10, 2.100003e+01, -5.466355e-01
3.969600e+09, 4.169689e-01, 8.700514e-01, -2.506345e+00, -7.676594e-01, 4.391865e-10, 4.912837e-10, 2.087668e+01, -5.396692e-01
3.973400e+09, 4.164350e-01, 8.703789e-01, -2.516831e+00, -7.793893e-01, 4.393769e-10, 4.916939e-10, 2.075661e+01, -5.325544e-01
3.977200e+09, 4.158601e-01, 8.707272e-01, -2.527322e+00, -7.911291e-01, 4.395869e-10, 4.921299e-10, 2.063985e+01, -5.252922e-01
3.981000e+09, 4.152442e-01, 8.710961e-01, -2.537817e+00, -8.028792e-01, 4.398162e-10, 4.925917e-10, 2.052646e+01, -5.178837e-01
3.984800e+09, 4.145872e-01, 8.714854e-01, -2.548318e+00, -8.146404e-01, 4.400647e-10, 4.930793e-10, 2.041648e+01, -5.103303e-01
3.988600e+09, 4.138891e-01, 8.718949e-01, -2.558825e+00, -8.264132e-01, 4.403322e-10, 4.935924e-10, 2.030996e+01, -5.026337e-01
3.992400e+09, 4.131496e-01, 8.723244e-01, -2.569339e+00, -8.381983e-01, 4.406183e-10, 4.941308e-10, 2.020694e+01, -4.947956e-01
3.996200e+09, 4.123687e-01, 8.727737e-01, -2.579859e+00, -8.499962e-01, 4.409229e-10, 4.946944e-10, 2.010748e+01, -4.868178e-01
4.000000e+09, 4.115462e-01, 8.732425e-01, -2.590386e+00, -8.618076e-01, 4.409229e-10, 4.946944e-10, 2.001163e+01, -4.787025e-01
