Frequency [Hz], |S00| [-], |S10| [-], Arg(S00) [-], Arg(S10) [-], Delay 0>0 [s], Delay 0>1 [s], |Z0| [Ohm] , Arg(Z0) [-]
2.000000e+08, 5.168277e-02, 9.493765e-01, 2.105334e+00, -6.703537e-01, 1.011620e-09, 5.470637e-10, 3.795163e+01, 8.894935e-02
2.038000e+08, 5.115716e-02, 9.497608e-01, 2.081181e+00, -6.834154e-01, 1.019772e-09, 5.475806e-10, 3.805326e+01, 8.927139e-02
2.076000e+08, 5.063135e-02, 9.501362e-01, 2.056833e+00, -6.964895e-01, 1.028259e-09, 5.480721e-10, 3.815524e+01, 8.952577e-02
2.114000e+08, 5.010583e-02, 9.505022e-01, 2.032282e+00, -7.095753e-01, 1.037078e-09, 5.485381e-10, 3.825750e+01, 8.971309e-02
2.152000e+08, 4.958107e-02, 9.508586e-01, 2.007520e+00, -7.226723e-01, 1.046227e-09, 5.489786e-10, 3.835999e+01, 8.983399e-02
2.190000e+08, 4.905758e-02, 9.512051e-01, 1.982541e+00, -7.357798e-01, 1.055703e-09, 5.493936e-10, 3.846263e+01, 8.988913e-02
2.228000e+08, 4.853585e-02, 9.515415e-01, 1.957335e+00, -7.488971e-01, 1.065500e-09, 5.497831e-10, 3.856537e+01, 8.987922e-02
2.266000e+08, 4.801639e-02, 9.518674e-01, 1.931895e+00, -7.620238e-01, 1.075614e-09, 5.501471e-10, 3.866814e+01, 8.980497e-02
2.304000e+08, 4.749970e-02, 9.521827e-01, 1.906213e+00, -7.751592e-01, 1.086038e-09, 5.504859e-10, 3.877088e+01, 8.966715e-02
2.342000e+08, 4.698630e-02, 9.524871e-01, 1.880283e+00, -7.883027e-01, 1.096764e-09, 5.507995e-10, 3.887353e+01, 8.946654e-02
2.380000e+08, 4.647671e-02, 9.527806e-01, 1.854096e+00, -8.014536e-01, 1.107784e-09, 5.510881e-10, 3.897603e+01, 8.920396e-02
2.418000e+08, 4.597145e-02, 9.530630e-01, 1.827647e+00, -8.146114e-01, 1.119087e-09, 5.513519e-10, 3.907832e+01, 8.888025e-02
2.456000e+08, 4.547106e-02, 9.533341e-01, 1.800927e+00, -8.277756e-01, 1.130661e-09, 5.515913e-10, 3.918033e+01, 8.849627e-02
2.494000e+08, 4.497606e-02, 9.535939e-01, 1.773932e+00, -8.409454e-01, 1.142490e-09, 5.518064e-10, 3.928203e+01, 8.805292e-02
2.532000e+08, 4.448701e-02, 9.538423e-01, 1.746653e+00, -8.541204e-01, 1.154558e-09, 5.519977e-10, 3.938334e+01, 8.755109e-02
2.570000e+08, 4.400443e-02, 9.540793e-01, 1.719087e+00, -8.673000e-01, 1.166847e-09, 5.521655e-10, 3.948421e+01, 8.699174e-02
2.608000e+08, 4.352888e-02, 9.543048e-01, 1.691227e+00, -8.804835e-01, 1.179335e-09, 5.523102e-10, 3.958458e+01, 8.637581e-02
2.646000e+08, 4.306089e-02, 9.545188e-01, 1.663069e+00, -8.936705e-01, 1.191999e-09, 5.524322e-10, 3.968441e+01, 8.570426e-02
2.684000e+08, 4.260103e-02, 9.547214e-01, 1.634609e+00, -9.068605e-01, 1.204811e-09, 5.525320e-10, 3.978365e+01, 8.497810e-02
2.722000e+08, 4.214984e-02, 9.549126e-01, 1.605843e+00, -9.200528e-01, 1.217742e-09, 5.526100e-10, 3.988223e+01, 8.419831e-02
2.760000e+08, 4.170786e-02, 9.550924e-01, 1.576768e+00, -9.332470e-01, 1.230759e-09, 5.526668e-10, 3.998011e+01, 8.336593e-02
2.798000e+08, 4.127566e-02, 9.552610e-01, 1.547382e+00, -9.464425e-01, 1.243828e-09, 5.527029e-10, 4.007725e+01, 8.248198e-02
2.836000e+08, 4.085377e-02, 9.554185e-01, 1.517684e+00, -9.596389e-01, 1.256908e-09, 5.527188e-10, 4.017359e+01, 8.154749e-02
2.874000e+08, 4.044275e-02, 9.555649e-01, 1.487674e+00, -9.728356e-01, 1.269959e-09, 5.527153e-10, 4.026909e+01, 8.056353e-02
2.912000e+08, 4.004312e-02, 9.557003e-01, 1.457353e+00, -9.860323e-01, 1.282936e-09, 5.526927e-10, 4.036371e+01, 7.953114e-02
2.950000e+08, 3.965543e-02, 9.558251e-01, 1.426721e+00, -9.992285e-01, 1.295789e-09, 5.526518e-10, 4.045739e+01, 7.845140e-02
2.988000e+08, 3.928020e-02, 9.559392e-01, 1.395783e+00, -1.012424e+00, 1.308470e-09, 5.525932e-10, 4.055010e+01, 7.732538e-02
3.026000e+08, 3.891795e-02, 9.560429e-01, 1.364542e+00, -1.025617e+00, 1.320923e-09, 5.525175e-10, 4.064180e+01, 7.615415e-02
3.064000e+08, 3.856918e-02, 9.561364e-01, 1.333003e+00, -1.038809e+00, 1.333094e-09, 5.524254e-10, 4.073245e+01, 7.493880e-02
3.102000e+08, 3.823440e-02, 9.562199e-01, 1.301174e+00, -1.051999e+00, 1.344924e-09, 5.523176e-10, 4.082201e+01, 7.368039e-02
3.140000e+08, 3.791409e-02, 9.562937e-01, 1.269062e+00, -1.065186e+00, 1.356354e-09, 5.521948e-10, 4.091044e+01, 7.238002e-02
3.178000e+08, 3.760870e-02, 9.563578e-01, 1.236678e+00, -1.078371e+00, 1.367322e-09, 5.520575e-10, 4.099771e+01, 7.103876e-02
3.216000e+08, 3.731868e-02, 9.564126e-01, 1.204032e+00, -1.091552e+00, 1.377767e-09, 5.519067e-10, 4.108378e+01, 6.965769e-02
3.254000e+08, 3.704446e-02, 9.564584e-01, 1.171136e+00, -1.104729e+00, 1.387627e-09, 5.517428e-10, 4.116862e+01, 6.823789e-02
3.292000e+08, 3.678645e-02, 9.564953e-01, 1.138005e+00, -1.117902e+00, 1.396841e-09, 5.515667e-10, 4.125220e+01, 6.678043e-02
3.330000e+08, 3.654502e-02, 9.565238e-01, 1.104654e+00, -1.131072e+00, 1.405349e-09, 5.513791e-10, 4.133449e+01, 6.528637e-02
3.368000e+08, 3.632053e-02, 9.565439e-01, 1.071099e+00, -1.144236e+00, 1.413093e-09, 5.511806e-10, 4.141546e+01, 6.375677e-02
3.406000e+08, 3.611330e-02, 9.565561e-01, 1.037360e+00, -1.157397e+00, 1.420017e-09, 5.509720e-10, 4.149508e+01, 6.219269e-02
3.444000e+08, 3.592362e-02, 9.565605e-01, 1.003456e+00, -1.170552e+00, 1.426068e-09, 5.507539e-10, 4.157333e+01, 6.059518e-02
3.482000e+08, 3.575175e-02, 9.565576e-01, 9.694068e-01, -1.183701e+00, 1.431201e-09, 5.505270e-10, 4.165018e+01, 5.896526e-02
3.520000e+08, 3.559793e-02, 9.565475e-01, 9.352353e-01, -1.196846e+00, 1.435370e-09, 5.502922e-10, 4.172561e+01, 5.730397e-02
3.558000e+08, 3.546235e-02, 9.565306e-01, 9.009643e-01, -1.209985e+00, 1.438539e-09, 5.500499e-10, 4.179959e+01, 5.561232e-02
3.596000e+08, 3.534515e-02, 9.565073e-01, 8.666176e-01, -1.223118e+00, 1.440676e-09, 5.498010e-10, 4.187210e+01, 5.389132e-02
3.634000e+08, 3.524647e-02, 9.564777e-01, 8.322199e-01, -1.236245e+00, 1.441756e-09, 5.495460e-10, 4.194312e+01, 5.214196e-02
3.672000e+08, 3.516638e-02, 9.564422e-01, 7.977963e-01, -1.249366e+00, 1.441762e-09, 5.492857e-10, 4.201264e+01, 5.036524e-02
3.710000e+08, 3.510493e-02, 9.564011e-01, 7.633727e-01, -1.262481e+00, 1.440684e-09, 5.490206e-10, 4.208063e+01, 4.856212e-02
3.748000e+08, 3.506211e-02, 9.563548e-01, 7.289747e-01, -1.275589e+00, 1.438518e-09, 5.487515e-10, 4.214708e+01, 4.673355e-02
3.786000e+08, 3.503789e-02, 9.563034e-01, 6.946286e-01, -1.288691e+00, 1.435268e-09, 5.484789e-10, 4.221198e+01, 4.488050e-02
3.824000e+08, 3.503221e-02, 9.562474e-01, 6.603599e-01, -1.301787e+00, 1.430948e-09, 5.482035e-10, 4.227530e+01, 4.300387e-02
3.862000e+08, 3.504494e-02, 9.561870e-01, 6.261945e-01, -1.314876e+00, 1.425577e-09, 5.479258e-10, 4.233703e+01, 4.110461e-02
3.900000e+08, 3.507595e-02, 9.561225e-01, 5.921573e-01, -1.327958e+00, 1.419180e-09, 5.476464e-10, 4.239716e+01, 3.918361e-02
3.938000e+08, 3.512505e-02, 9.560543e-01, 5.582728e-01, -1.341034e+00, 1.411791e-09, 5.473659e-10, 4.245567e+01, 3.724177e-02
3.976000e+08, 3.519202e-02, 9.559825e-01, 5.245647e-01, -1.354103e+00, 1.403450e-09, 5.470849e-10, 4.251257e+01, 3.527995e-02
4.014000e+08, 3.527663e-02, 9.559076e-01, 4.910558e-01, -1.367165e+00, 1.394200e-09, 5.468038e-10, 4.256782e+01, 3.329903e-02
4.052000e+08, 3.537858e-02, 9.558297e-01, 4.577677e-01, -1.380220e+00, 1.384090e-09, 5.465231e-10, 4.262144e+01, 3.129986e-02
4.090000e+08, 3.549758e-02, 9.557492e-01, 4.247210e-01, -1.393269e+00, 1.373175e-09, 5.462435e-10, 4.267339e+01, 2.928327e-02
4.128000e+08, 3.563329e-02, 9.556664e-01, 3.919350e-01, -1.406312e+00, 1.361510e-09, 5.459652e-10, 4.272369e+01, 2.725008e-02
4.166000e+08, 3.578535e-02, 9.555815e-01, 3.594274e-01, -1.419347e+00, 1.349154e-09, 5.456889e-10, 4.277232e+01, 2.520110e-02
4.204000e+08, 3.595341e-02, 9.554947e-01, 3.272149e-01, -1.432376e+00, 1.336169e-09, 5.454149e-10, 4.281927e+01, 2.313713e-02
4.242000e+08, 3.613705e-02, 9.554064e-01, 2.953124e-01, -1.445398e+00, 1.322616e-09, 5.451436e-10, 4.286454e+01, 2.105895e-02
4.280000e+08, 3.633587e-02, 9.553168e-01, 2.637335e-01, -1.458414e+00, 1.308559e-09, 5.448755e-10, 4.290811e+01, 1.896733e-02
4.318000e+08, 3.654944e-02, 9.552261e-01, 2.324902e-01, -1.471424e+00, 1.294058e-09, 5.446109e-10, 4.295000e+01, 1.686302e-02
4.356000e+08, 3.677733e-02, 9.551346e-01, 2.015931e-01, -1.484427e+00, 1.279176e-09, 5.443502e-10, 4.299019e+01, 1.474676e-02
4.394000e+08, 3.701909e-02, 9.550425e-01, 1.710514e-01, -1.497424e+00, 1.263972e-09, 5.440938e-10, 4.302867e+01, 1.261929e-02
4.432000e+08, 3.727427e-02, 9.549500e-01, 1.408726e-01, -1.510415e+00, 1.248504e-09, 5.438419e-10, 4.306545e+01, 1.048133e-02
4.470000e+08, 3.754241e-02, 9.548573e-01, 1.110632e-01, -1.523400e+00, 1.232829e-09, 5.435949e-10, 4.310052e+01, 8.333583e-03
4.508000e+08, 3.782305e-02, 9.547647e-01, 8.162807e-02, -1.536378e+00, 1.217000e-09, 5.433530e-10, 4.313388e+01, 6.176749e-03
4.546000e+08, 3.811573e-02, 9.546724e-01, 5.257086e-02, -1.549352e+00, 1.201067e-09, 5.431165e-10, 4.316552e+01, 4.011515e-03
4.584000e+08, 3.841998e-02, 9.545805e-01, 2.389408e-02, -1.562319e+00, 1.185078e-09, 5.428856e-10, 4.319545e+01, 1.838557e-03
4.622000e+08, 3.873534e-02, 9.544892e-01, -4.400961e-03, -1.575281e+00, 1.169077e-09, 5.426606e-10, 4.322367e+01, -3.414567e-04
4.660000e+08, 3.906136e-02, 9.543988e-01, -3.231397e-02, -1.588238e+00, 1.153107e-09, 5.424418e-10, 4.325016e+01, -2.527868e-03
4.698000e+08, 3.939757e-02, 9.543093e-01, -5.984568e-02, -1.601189e+00, 1.137205e-09, 5.422292e-10, 4.327494e+01, -4.720026e-03
4.736000e+08, 3.974354e-02, 9.542209e-01, -8.699771e-02, -1.614135e+00, 1.121406e-09, 5.420230e-10, 4.329800e+01, -6.917291e-03
4.774000e+08, 4.009881e-02, 9.541338e-01, -1.137725e-01, -1.627077e+00, 1.105743e-09, 5.418235e-10, 4.331934e+01, -9.119026e-03
4.812000e+08, 4.046296e-02, 9.540482e-01, -1.401734e-01, -1.640014e+00, 1.090242e-09, 5.416307e-10, 4.333896e+01, -1.132460e-02
4.850000e+08, 4.083555e-02, 9.539641e-01, -1.662041e-01, -1.652946e+00, 1.074931e-09, 5.414447e-10, 4.335686e+01, -1.353340e-02
4.888000e+08, 4.121616e-02, 9.538817e-01, -1.918693e-01, -1.665873e+00, 1.059833e-09, 5.412657e-10, 4.337305e+01, -1.574481e-02
4.926000e+08, 4.160437e-02, 9.538010e-01, -2.171739e-01, -1.678796e+00, 1.044966e-09, 5.410938e-10, 4.338752e+01, -1.795821e-02
4.964000e+08, 4.199980e-02, 9.537224e-01, -2.421237e-01, -1.691716e+00, 1.030350e-09, 5.409290e-10, 4.340028e+01, -2.017301e-02
5.002000e+08, 4.240204e-02, 9.536457e-01, -2.667244e-01, -1.704631e+00, 1.015998e-09, 5.407713e-10, 4.341132e+01, -2.238859e-02
5.040000e+08, 4.281070e-02, 9.535711e-01, -2.909825e-01, -1.717542e+00, 1.001924e-09, 5.406209e-10, 4.342065e+01, -2.460437e-02
5.078000e+08, 4.322542e-02, 9.534988e-01, -3.149045e-01, -1.730450e+00, 9.881377e-10, 5.404778e-10, 4.342827e+01, -2.681974e-02
5.116000e+08, 4.364582e-02, 9.534287e-01, -3.384974e-01, -1.743355e+00, 9.746490e-10, 5.403419e-10, 4.343419e+01, -2.903411e-02
5.154000e+08, 4.407155e-02, 9.533610e-01, -3.617682e-01, -1.756256e+00, 9.614644e-10, 5.402132e-10, 4.343840e+01, -3.124690e-02
5.192000e+08, 4.450226e-02, 9.532957e-01, -3.847242e-01, -1.769154e+00, 9.485891e-10, 5.400918e-10, 4.344091e+01, -3.345751e-02
5.230000e+08, 4.493762e-02, 9.532328e-01, -4.073728e-01, -1.782050e+00, 9.360271e-10, 5.399776e-10, 4.344172e+01, -3.566536e-02
5.268000e+08, 4.537728e-02, 9.531725e-01, -4.297215e-01, -1.794942e+00, 9.237807e-10, 5.398706e-10, 4.344084e+01, -3.786986e-02
5.306000e+08, 4.582094e-02, 9.531147e-01, -4.517778e-01, -1.807832e+00, 9.118514e-10, 5.397707e-10, 4.343827e+01, -4.007042e-02
5.344000e+08, 4.626828e-02, 9.530596e-01, -4.735493e-01, -1.820720e+00, 9.002391e-10, 5.396778e-10, 4.343401e+01, -4.226645e-02
5.382000e+08, 4.671899e-02, 9.530070e-01, -4.950435e-01, -1.833605e+00, 8.889432e-10, 5.395920e-10, 4.342806e+01, -4.445736e-02
5.420000e+08, 4.717278e-02, 9.529571e-01, -5.162680e-01, -1.846489e+00, 8.779619e-10, 5.395130e-10, 4.342043e+01, -4.664256e-02
5.458000e+08, 4.762936e-02, 9.529098e-01, -5.372303e-01, -1.859370e+00, 8.672927e-10, 5.394408e-10, 4.341114e+01, -4.882146e-02
5.496000e+08, 4.808844e-02, 9.528653e-01, -5.579379e-01, -1.872250e+00, 8.569327e-10, 5.393753e-10, 4.340017e+01, -5.099347e-02
5.534000e+08, 4.854976e-02, 9.528233e-01, -5.783981e-01, -1.885128e+00, 8.468780e-10, 5.393164e-10, 4.338753e+01, -5.315797e-02
5.572000e+08, 4.901304e-02, 9.527841e-01, -5.986182e-01, -1.898005e+00, 8.371245e-10, 5.392639e-10, 4.337324e+01, -5.531438e-02
5.610000e+08, 4.947803e-02, 9.527475e-01, -6.186055e-01, -1.910880e+00, 8.276676e-10, 5.392178e-10, 4.335729e+01, -5.746208e-02
5.648000e+08, 4.994447e-02, 9.527135e-01, -6.383670e-01, -1.923755e+00, 8.185021e-10, 5.391778e-10, 4.333970e+01, -5.960048e-02
5.686000e+08, 5.041211e-02, 9.526821e-01, -6.579096e-01, -1.936628e+00, 8.096229e-10, 5.391438e-10, 4.332047e+01, -6.172894e-02
5.724000e+08, 5.088070e-02, 9.526534e-01, -6.772402e-01, -1.949501e+00, 8.010244e-10, 5.391158e-10, 4.329960e+01, -6.384686e-02
5.762000e+08, 5.135001e-02, 9.526272e-01, -6.963656e-01, -1.962373e+00, 7.927007e-10, 5.390934e-10, 4.327711e+01, -6.595362e-02
5.800000e+08, 5.181980e-02, 9.526035e-01, -7.152922e-01, -1.975244e+00, 7.846460e-10, 5.390766e-10, 4.325300e+01, -6.804858e-02
5.838000e+08, 5.228985e-02, 9.525823e-01, -7.340265e-01, -1.988115e+00, 7.768541e-10, 5.390652e-10, 4.322728e+01, -7.013111e-02
5.876000e+08, 5.275992e-02, 9.525635e-01, -7.525747e-01, -2.000986e+00, 7.693190e-10, 5.390589e-10, 4.319996e+01, -7.220057e-02
5.914000e+08, 5.322980e-02, 9.525472e-01, -7.709431e-01, -2.013857e+00, 7.620344e-10, 5.390577e-10, 4.317104e+01, -7.425632e-02
5.952000e+08, 5.369927e-02, 9.525332e-01, -7.891375e-01, -2.026727e+00, 7.549941e-10, 5.390613e-10, 4.314054e+01, -7.629772e-02
5.990000e+08, 5.416811e-02, 9.525214e-01, -8.071638e-01, -2.039598e+00, 7.481918e-10, 5.390695e-10, 4.310847e+01, -7.832409e-02
6.028000e+08, 5.463612e-02, 9.525120e-01, -8.250277e-01, -2.052469e+00, 7.416213e-10, 5.390822e-10, 4.307484e+01, -8.033479e-02
6.066000e+08, 5.510308e-02, 9.525046e-01, -8.427347e-01, -2.065340e+00, 7.352763e-10, 5.390991e-10, 4.303966e+01, -8.232914e-02
6.104000e+08, 5.556879e-02, 9.524994e-01, -8.602903e-01, -2.078212e+00, 7.291508e-10, 5.391200e-10, 4.300293e+01, -8.430648e-02
6.142000e+08, 5.603306e-02, 9.524962e-01, -8.776996e-01, -2.091084e+00, 7.232386e-10, 5.391448e-10, 4.296469e+01, -8.626611e-02
6.180000e+08, 5.649567e-02, 9.524950e-01, -8.949677e-01, -2.103956e+00, 7.175336e-10, 5.391732e-10, 4.292492e+01, -8.820737e-02
6.218000e+08, 5.695643e-02, 9.524957e-01, -9.120996e-01, -2.116830e+00, 7.120299e-10, 5.392050e-10, 4.288366e+01, -9.012954e-02
6.256000e+08, 5.741514e-02, 9.524982e-01, -9.291001e-01, -2.129704e+00, 7.067217e-10, 5.392401e-10, 4.284090e+01, -9.203195e-02
6.294000e+08, 5.787161e-02, 9.525024e-01, -9.459738e-01, -2.142579e+00, 7.016032e-10, 5.392782e-10, 4.279668e+01, -9.391388e-02
6.332000e+08, 5.832565e-02, 9.525083e-01, -9.627254e-01, -2.155455e+00, 6.966687e-10, 5.393191e-10, 4.275100e+01, -9.577464e-02
6.370000e+08, 5.877707e-02, 9.525158e-01, -9.793591e-01, -2.168331e+00, 6.919127e-10, 5.393626e-10, 4.270388e+01, -9.761350e-02
6.408000e+08, 5.922567e-02, 9.525248e-01, -9.958793e-01, -2.181209e+00, 6.873297e-10, 5.394085e-10, 4.265534e+01, -9.942975e-02
6.446000e+08, 5.967126e-02, 9.525352e-01, -1.012290e+00, -2.194088e+00, 6.829144e-10, 5.394566e-10, 4.260539e+01, -1.012227e-01
6.484000e+08, 6.011367e-02, 9.525470e-01, -1.028595e+00, -2.206968e+00, 6.786617e-10, 5.395067e-10, 4.255405e+01, -1.029915e-01
6.522000e+08, 6.055269e-02, 9.525600e-01, -1.044799e+00, -2.219850e+00, 6.745663e-10, 5.395585e-10, 4.250134e+01, -1.047356e-01
6.560000e+08, 6.098816e-02, 9.525743e-01, -1.060905e+00, -2.232732e+00, 6.706234e-10, 5.396120e-10, 4.244729e+01, -1.064541e-01
6.598000e+08, 6.141987e-02, 9.525896e-01, -1.076917e+00, -2.245616e+00, 6.668281e-10, 5.396669e-10, 4.239190e+01, -1.081464e-01
6.636000e+08, 6.184765e-02, 9.526059e-01, -1.092838e+00, -2.258501e+00, 6.631756e-10, 5.397230e-10, 4.233521e+01, -1.098117e-01
6.674000e+08, 6.227132e-02, 9.526232e-01, -1.108672e+00, -2.271388e+00, 6.596614e-10, 5.397800e-10, 4.227724e+01, -1.114493e-01
6.712000e+08, 6.269068e-02, 9.526413e-01, -1.124423e+00, -2.284276e+00, 6.562809e-10, 5.398380e-10, 4.221800e+01, -1.130584e-01
6.750000e+08, 6.310556e-02, 9.526602e-01, -1.140092e+00, -2.297165e+00, 6.530298e-10, 5.398965e-10, 4.215753e+01, -1.146382e-01
6.788000e+08, 6.351578e-02, 9.526798e-01, -1.155684e+00, -2.310055e+00, 6.499038e-10, 5.399555e-10, 4.209584e+01, -1.161881e-01
6.826000e+08, 6.392115e-02, 9.527001e-01, -1.171201e+00, -2.322948e+00, 6.468989e-10, 5.400149e-10, 4.203296e+01, -1.177072e-01
6.864000e+08, 6.432150e-02, 9.527208e-01, -1.186646e+00, -2.335841e+00, 6.440108e-10, 5.400743e-10, 4.196892e+01, -1.191949e-01
6.902000e+08, 6.471663e-02, 9.527420e-01, -1.202023e+00, -2.348736e+00, 6.412359e-10, 5.401337e-10, 4.190375e+01, -1.206504e-01
6.940000e+08, 6.510638e-02, 9.527636e-01, -1.217333e+00, -2.361632e+00, 6.385702e-10, 5.401928e-10, 4.183747e+01, -1.220730e-01
6.978000e+08, 6.549055e-02, 9.527856e-01, -1.232580e+00, -2.374530e+00, 6.360101e-10, 5.402516e-10, 4.177011e+01, -1.234618e-01
7.016000e+08, 6.586897e-02, 9.528077e-01, -1.247765e+00, -2.387429e+00, 6.335519e-10, 5.403099e-10, 4.170171e+01, -1.248163e-01
7.054000e+08, 6.624147e-02, 9.528301e-01, -1.262892e+00, -2.400329e+00, 6.311922e-10, 5.403676e-10, 4.163229e+01, -1.261356e-01
7.092000e+08, 6.660785e-02, 9.528525e-01, -1.277962e+00, -2.413231e+00, 6.289277e-10, 5.404244e-10, 4.156187e+01, -1.274190e-01
7.130000e+08, 6.696795e-02, 9.528750e-01, -1.292979e+00, -2.426135e+00, 6.267551e-10, 5.404803e-10, 4.149051e+01, -1.286658e-01
7.168000e+08, 6.732158e-02, 9.528974e-01, -1.307943e+00, -2.439039e+00, 6.246711e-10, 5.405352e-10, 4.141822e+01, -1.298753e-01
7.206000e+08, 6.766856e-02, 9.529198e-01, -1.322858e+00, -2.451945e+00, 6.226727e-10, 5.405889e-10, 4.134505e+01, -1.310467e-01
7.244000e+08, 6.800872e-02, 9.529420e-01, -1.337725e+00, -2.464852e+00, 6.207570e-10, 5.406413e-10, 4.127102e+01, -1.321795e-01
7.282000e+08, 6.834187e-02, 9.529640e-01, -1.352546e+00, -2.477761e+00, 6.189210e-10, 5.406923e-10, 4.119617e+01, -1.332728e-01
7.320000e+08, 6.866785e-02, 9.529858e-01, -1.367323e+00, -2.490670e+00, 6.171619e-10, 5.407418e-10, 4.112055e+01, -1.343260e-01
7.358000e+08, 6.898647e-02, 9.530072e-01, -1.382059e+00, -2.503581e+00, 6.154772e-10, 5.407897e-10, 4.104417e+01, -1.353384e-01
7.396000e+08, 6.929755e-02, 9.530283e-01, -1.396754e+00, -2.516493e+00, 6.138640e-10, 5.408359e-10, 4.096709e+01, -1.363094e-01
7.434000e+08, 6.960092e-02, 9.530491e-01, -1.411411e+00, -2.529406e+00, 6.123199e-10, 5.408804e-10, 4.088934e+01, -1.372384e-01
7.472000e+08, 6.989641e-02, 9.530693e-01, -1.426031e+00, -2.542320e+00, 6.108425e-10, 5.409230e-10, 4.081096e+01, -1.381245e-01
7.510000e+08, 7.018384e-02, 9.530891e-01, -1.440615e+00, -2.555235e+00, 6.094294e-10, 5.409638e-10, 4.073199e+01, -1.389674e-01
7.548000e+08, 7.046304e-02, 9.531084e-01, -1.455166e+00, -2.568151e+00, 6.080783e-10, 5.410026e-10, 4.065247e+01, -1.397662e-01
7.586000e+08, 7.073383e-02, 9.531272e-01, -1.469684e+00, -2.581068e+00, 6.067869e-10, 5.410394e-10, 4.057244e+01, -1.405206e-01
7.624000e+08, 7.099603e-02, 9.531453e-01, -1.484172e+00, -2.593986e+00, 6.055533e-10, 5.410742e-10, 4.049194e+01, -1.412298e-01
7.662000e+08, 7.124949e-02, 9.531629e-01, -1.498630e+00, -2.606905e+00, 6.043752e-10, 5.411068e-10, 4.041102e+01, -1.418933e-01
7.700000e+08, 7.149402e-02, 9.531798e-01, -1.513061e+00, -2.619825e+00, 6.032508e-10, 5.411374e-10, 4.032972e+01, -1.425105e-01
7.738000e+08, 7.172945e-02, 9.531961e-01, -1.527464e+00, -2.632745e+00, 6.021780e-10, 5.411658e-10, 4.024808e+01, -1.430810e-01
7.776000e+08, 7.195563e-02, 9.532117e-01, -1.541841e+00, -2.645666e+00, 6.011551e-10, 5.411920e-10, 4.016614e+01, -1.436043e-01
7.814000e+08, 7.217237e-02, 9.532267e-01, -1.556195e+00, -2.658587e+00, 6.001803e-10, 5.412161e-10, 4.008396e+01, -1.440797e-01
7.852000e+08, 7.237951e-02, 9.532410e-01, -1.570525e+00, -2.671509e+00, 5.992519e-10, 5.412380e-10, 4.000156e+01, -1.445070e-01
7.890000e+08, 7.257689e-02, 9.532545e-01, -1.584832e+00, -2.684432e+00, 5.983683e-10, 5.412578e-10, 3.991902e+01, -1.448856e-01
7.928000e+08, 7.276434e-02, 9.532674e-01, -1.599119e+00, -2.697355e+00, 5.975278e-10, 5.412754e-10, 3.983635e+01, -1.452152e-01
7.966000e+08, 7.294170e-02, 9.532796e-01, -1.613386e+00, -2.710279e+00, 5.967289e-10, 5.412909e-10, 3.975362e+01, -1.454953e-01
8.004000e+08, 7.310880e-02, 9.532910e-01, -1.627633e+00, -2.723203e+00, 5.959702e-10, 5.413042e-10, 3.967088e+01, -1.457256e-01
8.042000e+08, 7.326548e-02, 9.533018e-01, -1.641863e+00, -2.736127e+00, 5.952504e-10, 5.413155e-10, 3.958816e+01, -1.459056e-01
8.080000e+08, 7.341159e-02, 9.533119e-01, -1.656075e+00, -2.749051e+00, 5.945680e-10, 5.413247e-10, 3.950551e+01, -1.460352e-01
8.118000e+08, 7.354697e-02, 9.533213e-01, -1.670271e+00, -2.761976e+00, 5.939218e-10, 5.413320e-10, 3.942298e+01, -1.461140e-01
8.156000e+08, 7.367146e-02, 9.533300e-01, -1.684452e+00, -2.774901e+00, 5.933105e-10, 5.413372e-10, 3.934063e+01, -1.461418e-01
8.194000e+08, 7.378491e-02, 9.533381e-01, -1.698618e+00, -2.787826e+00, 5.927330e-10, 5.413406e-10, 3.925850e+01, -1.461183e-01
8.232000e+08, 7.388717e-02, 9.533456e-01, -1.712770e+00, -2.800751e+00, 5.921883e-10, 5.413422e-10, 3.917663e+01, -1.460433e-01
8.270000e+08, 7.397807e-02, 9.533525e-01, -1.726909e+00, -2.813676e+00, 5.916751e-10, 5.413419e-10, 3.909508e+01, -1.459167e-01
8.308000e+08, 7.405749e-02, 9.533587e-01, -1.741036e+00, -2.826601e+00, 5.911926e-10, 5.413400e-10, 3.901389e+01, -1.457382e-01
8.346000e+08, 7.412526e-02, 9.533645e-01, -1.755151e+00, -2.839527e+00, 5.907398e-10, 5.413365e-10, 3.893312e+01, -1.455079e-01
8.384000e+08, 7.418124e-02, 9.533696e-01, -1.769256e+00, -2.852452e+00, 5.903157e-10, 5.413314e-10, 3.885281e+01, -1.452255e-01
8.422000e+08, 7.422530e-02, 9.533743e-01, -1.783350e+00, -2.865376e+00, 5.899196e-10, 5.413249e-10, 3.877301e+01, -1.448912e-01
8.460000e+08, 7.425729e-02, 9.533785e-01, -1.797435e+00, -2.878301e+00, 5.895506e-10, 5.413170e-10, 3.869377e+01, -1.445047e-01
8.498000e+08, 7.427706e-02, 9.533823e-01, -1.811511e+00, -2.891226e+00, 5.892080e-10, 5.413078e-10, 3.861514e+01, -1.440663e-01
8.536000e+08, 7.428450e-02, 9.533857e-01, -1.825579e+00, -2.904150e+00, 5.888910e-10, 5.412975e-10, 3.853716e+01, -1.435759e-01
8.574000e+08, 7.427946e-02, 9.533888e-01, -1.839640e+00, -2.917074e+00, 5.885991e-10, 5.412861e-10, 3.845990e+01, -1.430336e-01
8.612000e+08, 7.426180e-02, 9.533915e-01, -1.853693e+00, -2.929998e+00, 5.883316e-10, 5.412738e-10, 3.838339e+01, -1.424396e-01
8.650000e+08, 7.423141e-02, 9.533939e-01, -1.867740e+00, -2.942921e+00, 5.880880e-10, 5.412606e-10, 3.830768e+01, -1.417940e-01
8.688000e+08, 7.418816e-02, 9.533961e-01, -1.881781e+00, -2.955845e+00, 5.878678e-10, 5.412467e-10, 3.823283e+01, -1.410970e-01
8.726000e+08, 7.413192e-02, 9.533981e-01, -1.895817e+00, -2.968767e+00, 5.876705e-10, 5.412321e-10, 3.815888e+01, -1.403489e-01
8.764000e+08, 7.406256e-02, 9.534000e-01, -1.909849e+00, -2.981690e+00, 5.874957e-10, 5.412171e-10, 3.808588e+01, -1.395499e-01
8.802000e+08, 7.397998e-02, 9.534018e-01, -1.923876e+00, -2.994612e+00, 5.873431e-10, 5.412016e-10, 3.801387e+01, -1.387004e-01
8.840000e+08, 7.388406e-02, 9.534035e-01, -1.937899e+00, -3.007534e+00, 5.872123e-10, 5.411859e-10, 3.794290e+01, -1.378006e-01
8.878000e+08, 7.377468e-02, 9.534053e-01, -1.951920e+00, -3.020455e+00, 5.871031e-10, 5.411701e-10, 3.787303e+01, -1.368511e-01
8.916000e+08, 7.365174e-02, 9.534071e-01, -1.965937e+00, -3.033376e+00, 5.870153e-10, 5.411543e-10, 3.780429e+01, -1.358521e-01
8.954000e+08, 7.351512e-02, 9.534089e-01, -1.979953e+00, -3.046297e+00, 5.869487e-10, 5.411386e-10, 3.773674e+01, -1.348043e-01
8.992000e+08, 7.336472e-02, 9.534110e-01, -1.993967e+00, -3.059217e+00, 5.869033e-10, 5.411231e-10, 3.767042e+01, -1.337081e-01
9.030000e+08, 7.320045e-02, 9.534132e-01, -2.007980e+00, -3.072137e+00, 5.868789e-10, 5.411080e-10, 3.760537e+01, -1.325640e-01
9.068000e+08, 7.302220e-02, 9.534156e-01, -2.021992e+00, -3.085057e+00, 5.868756e-10, 5.410934e-10, 3.754164e+01, -1.313727e-01
9.106000e+08, 7.282988e-02, 9.534184e-01, -2.036005e+00, -3.097976e+00, 5.868935e-10, 5.410794e-10, 3.747928e+01, -1.301348e-01
9.144000e+08, 7.262339e-02, 9.534215e-01, -2.050017e+00, -3.110895e+00, 5.869326e-10, 5.410661e-10, 3.741832e+01, -1.288509e-01
9.182000e+08, 7.240265e-02, 9.534249e-01, -2.064031e+00, -3.123813e+00, 5.869932e-10, 5.410537e-10, 3.735881e+01, -1.275217e-01
9.220000e+08, 7.216758e-02, 9.534288e-01, -2.078046e+00, -3.136732e+00, 5.870754e-10, 5.410424e-10, 3.730080e+01, -1.261481e-01
9.258000e+08, 7.191809e-02, 9.534332e-01, -2.092063e+00, 3.133536e+00, 5.871796e-10, 5.410321e-10, 3.724433e+01, -1.247307e-01
9.296000e+08, 7.165410e-02, 9.534381e-01, -2.106083e+00, 3.120618e+00, 5.873062e-10, 5.410230e-10, 3.718943e+01, -1.232705e-01
9.334000e+08, 7.137553e-02, 9.534436e-01, -2.120105e+00, 3.107700e+00, 5.874556e-10, 5.410153e-10, 3.713615e+01, -1.217683e-01
9.372000e+08, 7.108233e-02, 9.534497e-01, -2.134132e+00, 3.094783e+00, 5.876283e-10, 5.410091e-10, 3.708452e+01, -1.202250e-01
9.410000e+08, 7.077440e-02, 9.534565e-01, -2.148162e+00, 3.081866e+00, 5.878248e-10, 5.410044e-10, 3.703460e+01, -1.186415e-01
9.448000e+08, 7.045170e-02, 9.534639e-01, -2.162197e+00, 3.068949e+00, 5.880459e-10, 5.410014e-10, 3.698641e+01, -1.170189e-01
9.486000e+08, 7.011416e-02, 9.534721e-01, -2.176237e+00, 3.056032e+00, 5.882923e-10, 5.410002e-10, 3.694000e+01, -1.153581e-01
9.524000e+08, 6.976172e-02, 9.534811e-01, -2.190283e+00, 3.043115e+00, 5.885649e-10, 5.410008e-10, 3.689539e+01, -1.136603e-01
9.562000e+08, 6.939433e-02, 9.534908e-01, -2.204336e+00, 3.030198e+00, 5.888645e-10, 5.410034e-10, 3.685264e+01, -1.119265e-01
9.600000e+08, 6.901193e-02, 9.535014e-01, -2.218396e+00, 3.017281e+00, 5.891923e-10, 5.410081e-10, 3.681177e+01, -1.101578e-01
9.638000e+08, 6.861449e-02, 9.535128e-01, -2.232463e+00, 3.004364e+00, 5.895493e-10, 5.410150e-10, 3.677281e+01, -1.083555e-01
9.676000e+08, 6.820195e-02, 9.535252e-01, -2.246539e+00, 2.991446e+00, 5.899368e-10, 5.410240e-10, 3.673581e+01, -1.065207e-01
9.714000e+08, 6.777427e-02, 9.535385e-01, -2.260625e+00, 2.978529e+00, 5.903561e-10, 5.410354e-10, 3.670078e+01, -1.046548e-01
9.752000e+08, 6.733143e-02, 9.535527e-01, -2.274720e+00, 2.965611e+00, 5.908089e-10, 5.410491e-10, 3.666778e+01, -1.027589e-01
9.790000e+08, 6.687338e-02, 9.535678e-01, -2.288826e+00, 2.952693e+00, 5.912967e-10, 5.410653e-10, 3.663682e+01, -1.008344e-01
9.828000e+08, 6.640010e-02, 9.535840e-01, -2.302944e+00, 2.939774e+00, 5.918214e-10, 5.410839e-10, 3.660794e+01, -9.888270e-02
9.866000e+08, 6.591156e-02, 9.536011e-01, -2.317075e+00, 2.926855e+00, 5.923848e-10, 5.411051e-10, 3.658116e+01, -9.690509e-02
9.904000e+08, 6.540774e-02, 9.536193e-01, -2.331218e+00, 2.913936e+00, 5.929892e-10, 5.411289e-10, 3.655652e+01, -9.490301e-02
9.942000e+08, 6.488863e-02, 9.536385e-01, -2.345377e+00, 2.901016e+00, 5.936369e-10, 5.411552e-10, 3.653404e+01, -9.287790e-02
9.980000e+08, 6.435421e-02, 9.536587e-01, -2.359550e+00, 2.888095e+00, 5.943305e-10, 5.411843e-10, 3.651374e+01, -9.083124e-02
1.001800e+09, 6.380446e-02, 9.536799e-01, -2.373741e+00, 2.875174e+00, 5.950726e-10, 5.412160e-10, 3.649565e+01, -8.876452e-02
1.005600e+09, 6.323940e-02, 9.537021e-01, -2.387949e+00, 2.862252e+00, 5.958664e-10, 5.412504e-10, 3.647980e+01, -8.667927e-02
1.009400e+09, 6.265900e-02, 9.537254e-01, -2.402176e+00, 2.849329e+00, 5.967151e-10, 5.412875e-10, 3.646621e+01, -8.457704e-02
1.013200e+09, 6.206328e-02, 9.537497e-01, -2.416423e+00, 2.836405e+00, 5.976223e-10, 5.413273e-10, 3.645489e+01, -8.245942e-02
1.017000e+09, 6.145223e-02, 9.537750e-01, -2.430692e+00, 2.823480e+00, 5.985920e-10, 5.413698e-10, 3.644588e+01, -8.032799e-02
1.020800e+09, 6.082588e-02, 9.538013e-01, -2.444984e+00, 2.810554e+00, 5.996283e-10, 5.414150e-10, 3.643918e+01, -7.818438e-02
1.024600e+09, 6.018422e-02, 9.538286e-01, -2.459301e+00, 2.797627e+00, 6.007362e-10, 5.414628e-10, 3.643482e+01, -7.603024e-02
1.028400e+09, 5.952729e-02, 9.538568e-01, -2.473644e+00, 2.784699e+00, 6.019205e-10, 5.415133e-10, 3.643281e+01, -7.386723e-02
1.032200e+09, 5.885510e-02, 9.538860e-01, -2.488015e+00, 2.771770e+00, 6.031870e-10, 5.415664e-10, 3.643317e+01, -7.169703e-02
1.036000e+09, 5.816767e-02, 9.539161e-01, -2.502417e+00, 2.758840e+00, 6.045418e-10, 5.416221e-10, 3.643592e+01, -6.952135e-02
1.039800e+09, 5.746503e-02, 9.539470e-01, -2.516851e+00, 2.745908e+00, 6.059917e-10, 5.416803e-10, 3.644106e+01, -6.734189e-02
1.043600e+09, 5.674723e-02, 9.539789e-01, -2.531320e+00, 2.732975e+00, 6.075441e-10, 5.417410e-10, 3.644861e+01, -6.516039e-02
1.047400e+09, 5.601428e-02, 9.540116e-01, -2.545826e+00, 2.720040e+00, 6.092071e-10, 5.418042e-10, 3.645858e+01, -6.297858e-02
1.051200e+09, 5.526625e-02, 9.540450e-01, -2.560371e+00, 2.707104e+00, 6.109898e-10, 5.418696e-10, 3.647098e+01, -6.079823e-02
1.055000e+09, 5.450316e-02, 9.540792e-01, -2.574959e+00, 2.694166e+00, 6.129022e-10, 5.419374e-10, 3.648581e+01, -5.862110e-02
1.058800e+09, 5.372508e-02, 9.541141e-01, -2.589593e+00, 2.681227e+00, 6.149553e-10, 5.420074e-10, 3.650309e+01, -5.644895e-02
1.062600e+09, 5.293205e-02, 9.541497e-01, -2.604276e+00, 2.668286e+00, 6.171612e-10, 5.420795e-10, 3.652282e+01, -5.428357e-02
1.066400e+09, 5.212413e-02, 9.541859e-01, -2.619011e+00, 2.655343e+00, 6.195336e-10, 5.421536e-10, 3.654501e+01, -5.212674e-02
1.070200e+09, 5.130139e-02, 9.542227e-01, -2.633803e+00, 2.642398e+00, 6.220877e-10, 5.422298e-10, 3.656965e+01, -4.998025e-02
1.074000e+09, 5.046388e-02, 9.542600e-01, -2.648656e+00, 2.629452e+00, 6.248401e-10, 5.423077e-10, 3.659676e+01, -4.784589e-02
1.077800e+09, 4.961169e-02, 9.542977e-01, -2.663575e+00, 2.616504e+00, 6.278099e-10, 5.423875e-10, 3.662632e+01, -4.572545e-02
1.081600e+09, 4.874488e-02, 9.543359e-01, -2.678565e+00, 2.603554e+00, 6.310180e-10, 5.424689e-10, 3.665834e+01, -4.362073e-02
1.085400e+09, 4.786354e-02, 9.543744e-01, -2.693631e+00, 2.590602e+00, 6.344884e-10, 5.425518e-10, 3.669282e+01, -4.153350e-02
1.089200e+09, 4.696775e-02, 9.544132e-01, -2.708780e+00, 2.577648e+00, 6.382477e-10, 5.426362e-10, 3.672976e+01, -3.946556e-02
1.093000e+09, 4.605759e-02, 9.544523e-01, -2.724019e+00, 2.564692e+00, 6.423261e-10, 5.427219e-10, 3.676914e+01, -3.741868e-02
1.096800e+09, 4.513317e-02, 9.544915e-01, -2.739355e+00, 2.551733e+00, 6.467580e-10, 5.428089e-10, 3.681096e+01, -3.539465e-02
1.100600e+09, 4.419459e-02, 9.545308e-01, -2.754797e+00, 2.538773e+00, 6.515823e-10, 5.428969e-10, 3.685522e+01, -3.339521e-02
1.104400e+09, 4.324194e-02, 9.545701e-01, -2.770355e+00, 2.525811e+00, 6.568434e-10, 5.429859e-10, 3.690191e+01, -3.142214e-02
1.108200e+09, 4.227534e-02, 9.546095e-01, -2.786037e+00, 2.512847e+00, 6.625923e-10, 5.430758e-10, 3.695100e+01, -2.947717e-02
1.112000e+09, 4.129490e-02, 9.546487e-01, -2.801858e+00, 2.499880e+00, 6.688874e-10, 5.431664e-10, 3.700251e+01, -2.756204e-02
1.115800e+09, 4.030075e-02, 9.546878e-01, -2.817828e+00, 2.486911e+00, 6.757961e-10, 5.432576e-10, 3.705640e+01, -2.567847e-02
1.119600e+09, 3.929302e-02, 9.547266e-01, -2.833963e+00, 2.473941e+00, 6.833966e-10, 5.433492e-10, 3.711267e+01, -2.382815e-02
1.123400e+09, 3.827184e-02, 9.547651e-01, -2.850280e+00, 2.460968e+00, 6.917796e-10, 5.434413e-10, 3.717129e+01, -2.201278e-02
1.127200e+09, 3.723736e-02, 9.548033e-01, -2.866797e+00, 2.447992e+00, 7.010513e-10, 5.435335e-10, 3.723226e+01, -2.023402e-02
1.131000e+09, 3.618973e-02, 9.548410e-01, -2.883536e+00, 2.435015e+00, 7.113365e-10, 5.436259e-10, 3.729555e+01, -1.849353e-02
1.134800e+09, 3.512912e-02, 9.548782e-01, -2.900519e+00, 2.422035e+00, 7.227822e-10, 5.437183e-10, 3.736114e+01, -1.679294e-02
1.138600e+09, 3.405570e-02, 9.549148e-01, -2.917777e+00, 2.409053e+00, 7.355633e-10, 5.438105e-10, 3.742902e+01, -1.513386e-02
1.142400e+09, 3.296965e-02, 9.549508e-01, -2.935339e+00, 2.396069e+00, 7.498883e-10, 5.439025e-10, 3.749915e+01, -1.351787e-02
1.146200e+09, 3.187118e-02, 9.549860e-01, -2.953243e+00, 2.383083e+00, 7.660081e-10, 5.439941e-10, 3.757151e+01, -1.194653e-02
1.150000e+09, 3.076051e-02, 9.550205e-01, -2.971533e+00, 2.370094e+00, 7.842261e-10, 5.440852e-10, 3.764608e+01, -1.042138e-02
1.153800e+09, 2.963787e-02, 9.550540e-01, -2.990257e+00, 2.357104e+00, 8.049120e-10, 5.441756e-10, 3.772283e+01, -8.943946e-03
1.157600e+09, 2.850352e-02, 9.550867e-01, -3.009475e+00, 2.344111e+00, 8.285203e-10, 5.442654e-10, 3.780173e+01, -7.515698e-03
1.161400e+09, 2.735775e-02, 9.551183e-01, -3.029257e+00, 2.331116e+00, 8.556138e-10, 5.443543e-10, 3.788275e+01, -6.138097e-03
1.165200e+09, 2.620088e-02, 9.551488e-01, -3.049686e+00, 2.318119e+00, 8.868965e-10, 5.444422e-10, 3.796586e+01, -4.812571e-03
1.169000e+09, 2.503327e-02, 9.551782e-01, -3.070861e+00, 2.305120e+00, 9.232572e-10, 5.445291e-10, 3.805102e+01, -3.540520e-03
1.172800e+09, 2.385533e-02, 9.552064e-01, -3.092905e+00, 2.292119e+00, 9.658307e-10, 5.446149e-10, 3.813820e+01, -2.323311e-03
1.176600e+09, 2.266754e-02, 9.552333e-01, -3.115965e+00, 2.279115e+00, 1.016083e-09, 5.446993e-10, 3.822736e+01, -1.162280e-03
1.180400e+09, 2.147046e-02, 9.552589e-01, -3.140226e+00, 2.266110e+00, 1.075931e-09, 5.447824e-10, 3.831847e+01, -5.873134e-05
1.184200e+09, 2.026477e-02, 9.552830e-01, 3.117271e+00, 2.253103e+00, 1.147921e-09, 5.448641e-10, 3.841148e+01, 9.860653e-04
1.188000e+09, 1.905128e-02, 9.553057e-01, 3.089863e+00, 2.240094e+00, 1.235481e-09, 5.449442e-10, 3.850636e+01, 1.970873e-03
1.191800e+09, 1.783099e-02, 9.553269e-01, 3.060364e+00, 2.227082e+00, 1.343309e-09, 5.450226e-10, 3.860305e+01, 2.894490e-03
1.195600e+09, 1.660518e-02, 9.553464e-01, 3.028291e+00, 2.214069e+00, 1.477961e-09, 5.450994e-10, 3.870153e+01, 3.755749e-03
1.199400e+09, 1.537551e-02, 9.553644e-01, 2.993003e+00, 2.201055e+00, 1.648770e-09, 5.451743e-10, 3.880174e+01, 4.553521e-03
1.203200e+09, 1.414418e-02, 9.553806e-01, 2.953637e+00, 2.188038e+00, 1.869309e-09, 5.452474e-10, 3.890364e+01, 5.286711e-03
1.207000e+09, 1.291420e-02, 9.553950e-01, 2.909005e+00, 2.175019e+00, 2.159753e-09, 5.453185e-10, 3.900717e+01, 5.954263e-03
1.210800e+09, 1.168980e-02, 9.554077e-01, 2.857439e+00, 2.161999e+00, 2.550755e-09, 5.453875e-10, 3.911229e+01, 6.555160e-03
1.214600e+09, 1.047713e-02, 9.554184e-01, 2.796537e+00, 2.148978e+00, 3.089719e-09, 5.454545e-10, 3.921895e+01, 7.088419e-03
1.218400e+09, 9.285478e-03, 9.554273e-01, 2.722766e+00, 2.135954e+00, 3.850436e-09, 5.455194e-10, 3.932709e+01, 7.553102e-03
1.222200e+09, 8.129393e-03, 9.554342e-01, 2.630833e+00, 2.122929e+00, 4.944975e-09, 5.455820e-10, 3.943665e+01, 7.948305e-03
1.226000e+09, 7.032474e-03, 9.554391e-01, 2.512766e+00, 2.109903e+00, 6.525036e-09, 5.456423e-10, 3.954760e+01, 8.273168e-03
1.229800e+09, 6.034038e-03, 9.554419e-01, 2.356974e+00, 2.096875e+00, 8.715145e-09, 5.457004e-10, 3.965986e+01, 8.526870e-03
1.233600e+09, 5.199136e-03, 9.554426e-01, 2.148890e+00, 2.083846e+00, 1.132638e-08, 5.457560e-10, 3.977337e+01, 8.708629e-03
1.237400e+09, 4.626099e-03, 9.554412e-01, 1.878460e+00, 2.070816e+00, 1.335080e-08, 5.458093e-10, 3.988808e+01, 8.817708e-03
1.241200e+09, 4.427006e-03, 9.554376e-01, 1.559695e+00, 2.057784e+00, 1.334525e-08, 5.458600e-10, 4.000393e+01, 8.853409e-03
1.245000e+09, 4.658518e-03, 9.554318e-01, 1.241062e+00, 2.044751e+00, 1.131418e-08, 5.459083e-10, 4.012085e+01, 8.815077e-03
1.248800e+09, 5.271382e-03, 9.554237e-01, 9.709238e-01, 2.031717e+00, 8.702583e-09, 5.459540e-10, 4.023878e+01, 8.702099e-03
1.252600e+09, 6.158755e-03, 9.554133e-01, 7.631400e-01, 2.018681e+00, 6.514373e-09, 5.459972e-10, 4.035764e+01, 8.513906e-03
1.256400e+09, 7.225190e-03, 9.554007e-01, 6.076022e-01, 2.005645e+00, 4.936022e-09, 5.460378e-10, 4.047739e+01, 8.249972e-03
1.260200e+09, 8.407038e-03, 9.553856e-01, 4.897492e-01, 1.992608e+00, 3.842497e-09, 5.460757e-10, 4.059793e+01, 7.909812e-03
1.264000e+09, 9.665646e-03, 9.553682e-01, 3.980053e-01, 1.979570e+00, 3.082217e-09, 5.461110e-10, 4.071921e+01, 7.492989e-03
1.267800e+09, 1.097773e-02, 9.553483e-01, 3.244140e-01, 1.966531e+00, 2.543297e-09, 5.461436e-10, 4.084115e+01, 6.999106e-03
1.271600e+09, 1.232890e-02, 9.553261e-01, 2.636900e-01, 1.953491e+00, 2.152088e-09, 5.461735e-10, 4.096368e+01, 6.427814e-03
1.275400e+09, 1.370994e-02, 9.553013e-01, 2.123065e-01, 1.940450e+00, 1.861273e-09, 5.462007e-10, 4.108672e+01, 5.778806e-03
1.279200e+09, 1.511472e-02, 9.552741e-01, 1.678665e-01, 1.927409e+00, 1.640260e-09, 5.462251e-10, 4.121021e+01, 5.051822e-03
1.283000e+09, 1.653900e-02, 9.552444e-01, 1.287035e-01, 1.914367e+00, 1.468907e-09, 5.462469e-10, 4.133405e+01, 4.246647e-03
1.286800e+09, 1.797976e-02, 9.552121e-01, 9.363172e-02, 1.901325e+00, 1.333665e-09, 5.462658e-10, 4.145818e+01, 3.363109e-03
1.290600e+09, 1.943477e-02, 9.551773e-01, 6.178901e-02, 1.888283e+00, 1.225215e-09, 5.462820e-10, 4.158251e+01, 2.401085e-03
1.294400e+09, 2.090234e-02, 9.551400e-01, 3.253565e-02, 1.875239e+00, 1.137011e-09, 5.462955e-10, 4.170696e+01, 1.360496e-03
1.298200e+09, 2.238114e-02, 9.551001e-01, 5.388265e-03, 1.862196e+00, 1.064361e-09, 5.463061e-10, 4.183145e+01, 2.413107e-04
1.302000e+09, 2.387012e-02, 9.550576e-01, -2.002454e-02, 1.849152e+00, 1.003843e-09, 5.463140e-10, 4.195590e+01, -9.564569e-04
1.305800e+09, 2.536839e-02, 9.550125e-01, -4.399239e-02, 1.836109e+00, 9.529129e-10, 5.463191e-10, 4.208023e+01, -2.232746e-03
1.309600e+09, 2.687525e-02, 9.549649e-01, -6.674424e-02, 1.823065e+00, 9.096569e-10, 5.463214e-10, 4.220434e+01, -3.587448e-03
1.313400e+09, 2.839004e-02, 9.549146e-01, -8.846330e-02, 1.810021e+00, 8.726106e-10, 5.463210e-10, 4.232815e+01, -5.020409e-03
1.317200e+09, 2.991224e-02, 9.548617e-01, -1.092978e-01, 1.796977e+00, 8.406405e-10, 5.463178e-10, 4.245157e+01, -6.531427e-03
1.321000e+09, 3.144135e-02, 9.548062e-01, -1.293691e-01, 1.783933e+00, 8.128588e-10, 5.463118e-10, 4.257452e+01, -8.120252e-03
1.324800e+09, 3.297693e-02, 9.547481e-01, -1.487770e-01, 1.770889e+00, 7.885624e-10, 5.463030e-10, 4.269690e+01, -9.786588e-03
1.328600e+09, 3.451859e-02, 9.546874e-01, -1.676048e-01, 1.757845e+00, 7.671890e-10, 5.462915e-10, 4.281863e+01, -1.153009e-02
1.332400e+09, 3.606594e-02, 9.546240e-01, -1.859222e-01, 1.744802e+00, 7.482849e-10, 5.462772e-10, 4.293961e+01, -1.335036e-02
1.336200e+09, 3.761864e-02, 9.545581e-01, -2.037884e-01, 1.731759e+00, 7.314805e-10, 5.462602e-10, 4.305976e+01, -1.524697e-02
1.340000e+09, 3.917636e-02, 9.544895e-01, -2.212533e-01, 1.718716e+00, 7.164730e-10, 5.462404e-10, 4.317898e+01, -1.721943e-02
1.343800e+09, 4.073878e-02, 9.544183e-01, -2.383599e-01, 1.705674e+00, 7.030118e-10, 5.462179e-10, 4.329718e+01, -1.926719e-02
1.347600e+09, 4.230560e-02, 9.543446e-01, -2.551450e-01, 1.692633e+00, 6.908885e-10, 5.461927e-10, 4.341426e+01, -2.138969e-02
1.351400e+09, 4.387653e-02, 9.542682e-01, -2.716408e-01, 1.679592e+00, 6.799287e-10, 5.461649e-10, 4.353013e+01, -2.358627e-02
1.355200e+09, 4.545128e-02, 9.541892e-01, -2.878748e-01, 1.666551e+00, 6.699854e-10, 5.461343e-10, 4.364471e+01, -2.585628e-02
1.359000e+09, 4.702958e-02, 9.541077e-01, -3.038715e-01, 1.653512e+00, 6.609341e-10, 5.461010e-10, 4.375788e+01, -2.819897e-02
1.362800e+09, 4.861116e-02, 9.540236e-01, -3.196520e-01, 1.640473e+00, 6.526688e-10, 5.460651e-10, 4.386957e+01, -3.061357e-02
1.366600e+09, 5.019576e-02, 9.539370e-01, -3.352352e-01, 1.627435e+00, 6.450989e-10, 5.460266e-10, 4.397968e+01, -3.309927e-02
1.370400e+09, 5.178310e-02, 9.538478e-01, -3.506376e-01, 1.614398e+00, 6.381463e-10, 5.459854e-10, 4.408810e+01, -3.565518e-02
1.374200e+09, 5.337293e-02, 9.537561e-01, -3.658741e-01, 1.601362e+00, 6.317438e-10, 5.459416e-10, 4.419475e+01, -3.828039e-02
1.378000e+09, 5.496499e-02, 9.536619e-01, -3.809577e-01, 1.588327e+00, 6.258331e-10, 5.458952e-10, 4.429954e+01, -4.097394e-02
1.381800e+09, 5.655904e-02, 9.535652e-01, -3.959001e-01, 1.575293e+00, 6.203634e-10, 5.458462e-10, 4.440237e+01, -4.373482e-02
1.385600e+09, 5.815483e-02, 9.534661e-01, -4.107120e-01, 1.562261e+00, 6.152903e-10, 5.457947e-10, 4.450314e+01, -4.656196e-02
1.389400e+09, 5.975209e-02, 9.533645e-01, -4.254027e-01, 1.549229e+00, 6.105750e-10, 5.457406e-10, 4.460178e+01, -4.945425e-02
1.393200e+09, 6.135059e-02, 9.532605e-01, -4.399809e-01, 1.536199e+00, 6.061833e-10, 5.456840e-10, 4.469817e+01, -5.241056e-02
1.397000e+09, 6.295009e-02, 9.531541e-01, -4.544542e-01, 1.523170e+00, 6.020851e-10, 5.456249e-10, 4.479224e+01, -5.542968e-02
1.400800e+09, 6.455032e-02, 9.530453e-01, -4.688296e-01, 1.510143e+00, 5.982537e-10, 5.455633e-10, 4.488389e+01, -5.851037e-02
1.404600e+09, 6.615106e-02, 9.529341e-01, -4.831136e-01, 1.497117e+00, 5.946655e-10, 5.454992e-10, 4.497303e+01, -6.165135e-02
1.408400e+09, 6.775206e-02, 9.528206e-01, -4.973119e-01, 1.484093e+00, 5.912992e-10, 5.454327e-10, 4.505958e+01, -6.485128e-02
1.412200e+09, 6.935307e-02, 9.527048e-01, -5.114298e-01, 1.471070e+00, 5.881363e-10, 5.453638e-10, 4.514345e+01, -6.810878e-02
1.416000e+09, 7.095385e-02, 9.525868e-01, -5.254722e-01, 1.458049e+00, 5.851598e-10, 5.452925e-10, 4.522455e+01, -7.142245e-02
1.419800e+09, 7.255417e-02, 9.524665e-01, -5.394435e-01, 1.445029e+00, 5.823548e-10, 5.452188e-10, 4.530280e+01, -7.479083e-02
1.423600e+09, 7.415378e-02, 9.523440e-01, -5.533479e-01, 1.432011e+00, 5.797077e-10, 5.451428e-10, 4.537812e+01, -7.821241e-02
1.427400e+09, 7.575244e-02, 9.522193e-01, -5.671891e-01, 1.418996e+00, 5.772062e-10, 5.450644e-10, 4.545042e+01, -8.168565e-02
1.431200e+09, 7.734991e-02, 9.520924e-01, -5.809705e-01, 1.405982e+00, 5.748395e-10, 5.449837e-10, 4.551964e+01, -8.520897e-02
1.435000e+09, 7.894596e-02, 9.519634e-01, -5.946954e-01, 1.392969e+00, 5.725976e-10, 5.449008e-10, 4.558568e+01, -8.878076e-02
1.438800e+09, 8.054033e-02, 9.518324e-01, -6.083668e-01, 1.379959e+00, 5.704714e-10, 5.448156e-10, 4.564849e+01, -9.239935e-02
1.442600e+09, 8.213280e-02, 9.516993e-01, -6.219875e-01, 1.366951e+00, 5.684529e-10, 5.447282e-10, 4.570798e+01, -9.606305e-02
1.446400e+09, 8.372313e-02, 9.515642e-01, -6.355599e-01, 1.353945e+00, 5.665346e-10, 5.446386e-10, 4.576408e+01, -9.977013e-02
1.450200e+09, 8.531107e-02, 9.514272e-01, -6.490865e-01, 1.340941e+00, 5.647097e-10, 5.445468e-10, 4.581673e+01, -1.035188e-01
1.454000e+09, 8.689639e-02, 9.512882e-01, -6.625696e-01, 1.327940e+00, 5.629721e-10, 5.444528e-10, 4.586586e+01, -1.073073e-01
1.457800e+09, 8.847886e-02, 9.511473e-01, -6.760112e-01, 1.314940e+00, 5.613162e-10, 5.443568e-10, 4.591141e+01, -1.111339e-01
1.461600e+09, 9.005822e-02, 9.510045e-01, -6.894132e-01, 1.301943e+00, 5.597367e-10, 5.442587e-10, 4.595332e+01, -1.149965e-01
1.465400e+09, 9.163425e-02, 9.508600e-01, -7.027776e-01, 1.288949e+00, 5.582290e-10, 5.441585e-10, 4.599154e+01, -1.188934e-01
1.469200e+09, 9.320671e-02, 9.507137e-01, -7.161059e-01, 1.275956e+00, 5.567888e-10, 5.440564e-10, 4.602600e+01, -1.228225e-01
1.473000e+09, 9.477536e-02, 9.505657e-01, -7.293998e-01, 1.262966e+00, 5.554120e-10, 5.439522e-10, 4.605666e+01, -1.267821e-01
1.476800e+09, 9.633996e-02, 9.504159e-01, -7.426609e-01, 1.249979e+00, 5.540951e-10, 5.438461e-10, 4.608347e+01, -1.307700e-01
1.480600e+09, 9.790029e-02, 9.502646e-01, -7.558906e-01, 1.236994e+00, 5.528345e-10, 5.437381e-10, 4.610639e+01, -1.347844e-01
1.484400e+09, 9.945609e-02, 9.501117e-01, -7.690901e-01, 1.224011e+00, 5.516273e-10, 5.436282e-10, 4.612537e+01, -1.388231e-01
1.488200e+09, 1.010071e-01, 9.499572e-01, -7.822608e-01, 1.211032e+00, 5.504706e-10, 5.435165e-10, 4.614037e+01, -1.428842e-01
1.492000e+09, 1.025532e-01, 9.498013e-01, -7.954039e-01, 1.198055e+00, 5.493617e-10, 5.434029e-10, 4.615137e+01, -1.469656e-01
1.495800e+09, 1.040940e-01, 9.496439e-01, -8.085205e-01, 1.185080e+00, 5.482981e-10, 5.432876e-10, 4.615833e+01, -1.510651e-01
1.499600e+09, 1.056294e-01, 9.494852e-01, -8.216117e-01, 1.172109e+00, 5.472777e-10, 5.431706e-10, 4.616122e+01, -1.551808e-01
1.503400e+09, 1.071591e-01, 9.493251e-01, -8.346786e-01, 1.159140e+00, 5.462982e-10, 5.430519e-10, 4.616002e+01, -1.593105e-01
1.507200e+09, 1.086828e-01, 9.491637e-01, -8.477221e-01, 1.146174e+00, 5.453577e-10, 5.429315e-10, 4.615470e+01, -1.634520e-01
1.511000e+09, 1.102004e-01, 9.490011e-01, -8.607431e-01, 1.133211e+00, 5.444544e-10, 5.428096e-10, 4.614526e+01, -1.676033e-01
1.514800e+09, 1.117115e-01, 9.488374e-01, -8.737425e-01, 1.120251e+00, 5.435866e-10, 5.426860e-10, 4.613167e+01, -1.717622e-01
1.518600e+09, 1.132161e-01, 9.486725e-01, -8.867213e-01, 1.107293e+00, 5.427528e-10, 5.425610e-10, 4.611394e+01, -1.759266e-01
1.522400e+09, 1.147137e-01, 9.485065e-01, -8.996801e-01, 1.094339e+00, 5.419515e-10, 5.424345e-10, 4.609204e+01, -1.800943e-01
1.526200e+09, 1.162043e-01, 9.483396e-01, -9.126198e-01, 1.081388e+00, 5.411812e-10, 5.423066e-10, 4.606599e+01, -1.842631e-01
1.530000e+09, 1.176875e-01, 9.481717e-01, -9.255411e-01, 1.068440e+00, 5.404408e-10, 5.421773e-10, 4.603577e+01, -1.884309e-01
1.533800e+09, 1.191632e-01, 9.480029e-01, -9.384447e-01, 1.055495e+00, 5.397290e-10, 5.420466e-10, 4.600141e+01, -1.925955e-01
1.537600e+09, 1.206310e-01, 9.478333e-01, -9.513313e-01, 1.042553e+00, 5.390448e-10, 5.419147e-10, 4.596290e+01, -1.967547e-01
1.541400e+09, 1.220908e-01, 9.476630e-01, -9.642016e-01, 1.029614e+00, 5.383870e-10, 5.417815e-10, 4.592025e+01, -2.009064e-01
1.545200e+09, 1.235424e-01, 9.474919e-01, -9.770562e-01, 1.016678e+00, 5.377548e-10, 5.416472e-10, 4.587349e+01, -2.050485e-01
1.549000e+09, 1.249854e-01, 9.473202e-01, -9.898957e-01, 1.003746e+00, 5.371471e-10, 5.415118e-10, 4.582264e+01, -2.091787e-01
1.552800e+09, 1.264198e-01, 9.471479e-01, -1.002721e+00, 9.908167e-01, 5.365632e-10, 5.413752e-10, 4.576771e+01, -2.132950e-01
1.556600e+09, 1.278451e-01, 9.469751e-01, -1.015532e+00, 9.778908e-01, 5.360023e-10, 5.412377e-10, 4.570874e+01, -2.173951e-01
1.560400e+09, 1.292613e-01, 9.468018e-01, -1.028329e+00, 9.649681e-01, 5.354635e-10, 5.410992e-10, 4.564575e+01, -2.214770e-01
1.564200e+09, 1.306680e-01, 9.466282e-01, -1.041114e+00, 9.520488e-01, 5.349462e-10, 5.409597e-10, 4.557877e+01, -2.255385e-01
1.568000e+09, 1.320651e-01, 9.464542e-01, -1.053887e+00, 9.391328e-01, 5.344496e-10, 5.408194e-10, 4.550785e+01, -2.295775e-01
1.571800e+09, 1.334524e-01, 9.462800e-01, -1.066647e+00, 9.262201e-01, 5.339733e-10, 5.406784e-10, 4.543303e+01, -2.335920e-01
1.575600e+09, 1.348295e-01, 9.461056e-01, -1.079396e+00, 9.133108e-01, 5.335166e-10, 5.405366e-10, 4.535434e+01, -2.375799e-01
1.579400e+09, 1.361963e-01, 9.459310e-01, -1.092135e+00, 9.004049e-01, 5.330789e-10, 5.403941e-10, 4.527183e+01, -2.415391e-01
1.583200e+09, 1.375525e-01, 9.457564e-01, -1.104862e+00, 8.875024e-01, 5.326597e-10, 5.402510e-10, 4.518556e+01, -2.454675e-01
1.587000e+09, 1.388979e-01, 9.455818e-01, -1.117580e+00, 8.746033e-01, 5.322585e-10, 5.401073e-10, 4.509557e+01, -2.493632e-01
1.590800e+09, 1.402323e-01, 9.454074e-01, -1.130289e+00, 8.617077e-01, 5.318748e-10, 5.399632e-10, 4.500192e+01, -2.532241e-01
1.594600e+09, 1.415555e-01, 9.452330e-01, -1.142988e+00, 8.488155e-01, 5.315083e-10, 5.398186e-10, 4.490466e+01, -2.570483e-01
1.598400e+09, 1.428672e-01, 9.450589e-01, -1.155678e+00, 8.359267e-01, 5.311584e-10, 5.396736e-10, 4.480386e+01, -2.608338e-01
1.602200e+09, 1.441672e-01, 9.448851e-01, -1.168360e+00, 8.230414e-01, 5.308249e-10, 5.395284e-10, 4.469958e+01, -2.645787e-01
1.606000e+09, 1.454552e-01, 9.447116e-01, -1.181034e+00, 8.101596e-01, 5.305073e-10, 5.393829e-10, 4.459188e+01, -2.682810e-01
1.609800e+09, 1.467312e-01, 9.445386e-01, -1.193700e+00, 7.972812e-01, 5.302052e-10, 5.392372e-10, 4.448084e+01, -2.719389e-01
1.613600e+09, 1.479948e-01, 9.443660e-01, -1.206360e+00, 7.844063e-01, 5.299184e-10, 5.390915e-10, 4.436651e+01, -2.755505e-01
1.617400e+09, 1.492457e-01, 9.441941e-01, -1.219012e+00, 7.715349e-01, 5.296464e-10, 5.389457e-10, 4.424897e+01, -2.791141e-01
1.621200e+09, 1.504839e-01, 9.440228e-01, -1.231658e+00, 7.586670e-01, 5.293891e-10, 5.387999e-10, 4.412830e+01, -2.826277e-01
1.625000e+09, 1.517090e-01, 9.438522e-01, -1.244298e+00, 7.458026e-01, 5.291462e-10, 5.386542e-10, 4.400457e+01, -2.860896e-01
1.628800e+09, 1.529209e-01, 9.436824e-01, -1.256932e+00, 7.329416e-01, 5.289173e-10, 5.385087e-10, 4.387785e+01, -2.894980e-01
1.632600e+09, 1.541193e-01, 9.435135e-01, -1.269560e+00, 7.200841e-01, 5.287022e-10, 5.383634e-10, 4.374822e+01, -2.928514e-01
1.636400e+09, 1.553040e-01, 9.433455e-01, -1.282184e+00, 7.072301e-01, 5.285006e-10, 5.382185e-10, 4.361577e+01, -2.961478e-01
1.640200e+09, 1.564748e-01, 9.431785e-01, -1.294802e+00, 6.943795e-01, 5.283124e-10, 5.380739e-10, 4.348058e+01, -2.993858e-01
1.644000e+09, 1.576315e-01, 9.430126e-01, -1.307416e+00, 6.815324e-01, 5.281373e-10, 5.379298e-10, 4.334272e+01, -3.025636e-01
1.647800e+09, 1.587738e-01, 9.428479e-01, -1.320026e+00, 6.686887e-01, 5.279751e-10, 5.377861e-10, 4.320228e+01, -3.056796e-01
1.651600e+09, 1.599015e-01, 9.426844e-01, -1.332632e+00, 6.558485e-01, 5.278256e-10, 5.376431e-10, 4.305935e+01, -3.087324e-01
1.655400e+09, 1.610145e-01, 9.425222e-01, -1.345234e+00, 6.430117e-01, 5.276886e-10, 5.375008e-10, 4.291400e+01, -3.117203e-01
1.659200e+09, 1.621124e-01, 9.423614e-01, -1.357834e+00, 6.301783e-01, 5.275640e-10, 5.373592e-10, 4.276634e+01, -3.146419e-01
1.663000e+09, 1.631952e-01, 9.422021e-01, -1.370430e+00, 6.173482e-01, 5.274515e-10, 5.372184e-10, 4.261643e+01, -3.174956e-01
1.666800e+09, 1.642625e-01, 9.420442e-01, -1.383023e+00, 6.045215e-01, 5.273510e-10, 5.370784e-10, 4.246438e+01, -3.202801e-01
1.670600e+09, 1.653142e-01, 9.418880e-01, -1.395614e+00, 5.916982e-01, 5.272624e-10, 5.369395e-10, 4.231027e+01, -3.229940e-01
1.674400e+09, 1.663501e-01, 9.417334e-01, -1.408203e+00, 5.788782e-01, 5.271854e-10, 5.368016e-10, 4.215419e+01, -3.256357e-01
1.678200e+09, 1.673698e-01, 9.415806e-01, -1.420790e+00, 5.660614e-01, 5.271201e-10, 5.366647e-10, 4.199622e+01, -3.282041e-01
1.682000e+09, 1.683734e-01, 9.414295e-01, -1.433376e+00, 5.532480e-01, 5.270661e-10, 5.365291e-10, 4.183646e+01, -3.306977e-01
1.685800e+09, 1.693604e-01, 9.412804e-01, -1.445960e+00, 5.404377e-01, 5.270235e-10, 5.363947e-10, 4.167500e+01, -3.331154e-01
1.689600e+09, 1.703308e-01, 9.411332e-01, -1.458544e+00, 5.276307e-01, 5.269920e-10, 5.362617e-10, 4.151192e+01, -3.354558e-01
1.693400e+09, 1.712842e-01, 9.409881e-01, -1.471126e+00, 5.148269e-01, 5.269716e-10, 5.361300e-10, 4.134731e+01, -3.377177e-01
1.697200e+09, 1.722206e-01, 9.408450e-01, -1.483708e+00, 5.020262e-01, 5.269622e-10, 5.359998e-10, 4.118127e+01, -3.398999e-01
1.701000e+09, 1.731397e-01, 9.407042e-01, -1.496290e+00, 4.892286e-01, 5.269636e-10, 5.358712e-10, 4.101388e+01, -3.420014e-01
1.704800e+09, 1.740412e-01, 9.405655e-01, -1.508872e+00, 4.764341e-01, 5.269758e-10, 5.357442e-10, 4.084524e+01, -3.440209e-01
1.708600e+09, 1.749251e-01, 9.404292e-01, -1.521454e+00, 4.636426e-01, 5.269987e-10, 5.356189e-10, 4.067543e+01, -3.459573e-01
1.712400e+09, 1.757911e-01, 9.402953e-01, -1.534037e+00, 4.508541e-01, 5.270321e-10, 5.354954e-10, 4.050454e+01, -3.478096e-01
1.716200e+09, 1.766389e-01, 9.401638e-01, -1.546620e+00, 4.380686e-01, 5.270761e-10, 5.353738e-10, 4.033265e+01, -3.495768e-01
1.720000e+09, 1.774685e-01, 9.400348e-01, -1.559205e+00, 4.252859e-01, 5.271306e-10, 5.352540e-10, 4.015987e+01, -3.512579e-01
1.723800e+09, 1.782795e-01, 9.399084e-01, -1.571790e+00, 4.125061e-01, 5.271954e-10, 5.351363e-10, 3.998626e+01, -3.528518e-01
1.727600e+09, 1.790719e-01, 9.397847e-01, -1.584378e+00, 3.997292e-01, 5.272705e-10, 5.350206e-10, 3.981193e+01, -3.543576e-01
1.731400e+09, 1.798454e-01, 9.396636e-01, -1.596967e+00, 3.869550e-01, 5.273559e-10, 5.349071e-10, 3.963695e+01, -3.557745e-01
1.735200e+09, 1.805998e-01, 9.395454e-01, -1.609558e+00, 3.741835e-01, 5.274515e-10, 5.347957e-10, 3.946142e+01, -3.571014e-01
1.739000e+09, 1.813349e-01, 9.394300e-01, -1.622152e+00, 3.614146e-01, 5.275573e-10, 5.346867e-10, 3.928542e+01, -3.583377e-01
1.742800e+09, 1.820505e-01, 9.393175e-01, -1.634748e+00, 3.486484e-01, 5.276732e-10, 5.345801e-10, 3.910902e+01, -3.594824e-01
1.746600e+09, 1.827465e-01, 9.392080e-01, -1.647346e+00, 3.358847e-01, 5.277991e-10, 5.344758e-10, 3.893233e+01, -3.605348e-01
1.750400e+09, 1.834227e-01, 9.391016e-01, -1.659948e+00, 3.231235e-01, 5.279351e-10, 5.343741e-10, 3.875541e+01, -3.614941e-01
1.754200e+09, 1.840789e-01, 9.389982e-01, -1.672553e+00, 3.103647e-01, 5.280811e-10, 5.342750e-10, 3.857836e+01, -3.623596e-01
1.758000e+09, 1.847148e-01, 9.388980e-01, -1.685162e+00, 2.976083e-01, 5.282371e-10, 5.341785e-10, 3.840124e+01, -3.631305e-01
1.761800e+09, 1.853304e-01, 9.388010e-01, -1.697774e+00, 2.848542e-01, 5.284032e-10, 5.340847e-10, 3.822416e+01, -3.638062e-01
1.765600e+09, 1.859254e-01, 9.387073e-01, -1.710390e+00, 2.721024e-01, 5.285791e-10, 5.339937e-10, 3.804717e+01, -3.643861e-01
1.769400e+09, 1.864997e-01, 9.386169e-01, -1.723011e+00, 2.593527e-01, 5.287651e-10, 5.339056e-10, 3.787038e+01, -3.648694e-01
1.773200e+09, 1.870530e-01, 9.385299e-01, -1.735635e+00, 2.466051e-01, 5.289610e-10, 5.338204e-10, 3.769384e+01, -3.652558e-01
1.777000e+09, 1.875853e-01, 9.384464e-01, -1.748265e+00, 2.338595e-01, 5.291668e-10, 5.337382e-10, 3.751764e+01, -3.655445e-01
1.780800e+09, 1.880963e-01, 9.383664e-01, -1.760899e+00, 2.211160e-01, 5.293827e-10, 5.336590e-10, 3.734186e+01, -3.657351e-01
1.784600e+09, 1.885858e-01, 9.382899e-01, -1.773539e+00, 2.083743e-01, 5.296086e-10, 5.335830e-10, 3.716657e+01, -3.658271e-01
1.788400e+09, 1.890538e-01, 9.382171e-01, -1.786184e+00, 1.956344e-01, 5.298444e-10, 5.335102e-10, 3.699185e+01, -3.658200e-01
1.792200e+09, 1.895000e-01, 9.381479e-01, -1.798835e+00, 1.828962e-01, 5.300904e-10, 5.334406e-10, 3.681778e+01, -3.657134e-01
1.796000e+09, 1.899243e-01, 9.380824e-01, -1.811491e+00, 1.701597e-01, 5.303464e-10, 5.333744e-10, 3.664442e+01, -3.655069e-01
1.799800e+09, 1.903264e-01, 9.380206e-01, -1.824154e+00, 1.574248e-01, 5.306125e-10, 5.333115e-10, 3.647184e+01, -3.652001e-01
1.803600e+09, 1.907064e-01, 9.379627e-01, -1.836823e+00, 1.446914e-01, 5.308888e-10, 5.332521e-10, 3.630013e+01, -3.647928e-01
1.807400e+09, 1.910639e-01, 9.379086e-01, -1.849498e+00, 1.319595e-01, 5.311754e-10, 5.331962e-10, 3.612935e+01, -3.642845e-01
1.811200e+09, 1.913988e-01, 9.378585e-01, -1.862181e+00, 1.192288e-01, 5.314722e-10, 5.331439e-10, 3.595958e+01, -3.636752e-01
1.815000e+09, 1.917111e-01, 9.378122e-01, -1.874870e+00, 1.064994e-01, 5.317794e-10, 5.330953e-10, 3.579087e+01, -3.629644e-01
1.818800e+09, 1.920005e-01, 9.377700e-01, -1.887567e+00, 9.377118e-02, 5.320970e-10, 5.330503e-10, 3.562331e+01, -3.621522e-01
1.822600e+09, 1.922668e-01, 9.377317e-01, -1.900271e+00, 8.104401e-02, 5.324252e-10, 5.330091e-10, 3.545696e+01, -3.612382e-01
1.826400e+09, 1.925101e-01, 9.376976e-01, -1.912984e+00, 6.831783e-02, 5.327639e-10, 5.329717e-10, 3.529188e+01, -3.602224e-01
1.830200e+09, 1.927300e-01, 9.376675e-01, -1.925704e+00, 5.559254e-02, 5.331134e-10, 5.329382e-10, 3.512814e+01, -3.591047e-01
1.834000e+09, 1.929264e-01, 9.376415e-01, -1.938433e+00, 4.286806e-02, 5.334737e-10, 5.329086e-10, 3.496582e+01, -3.578850e-01
1.837800e+09, 1.930993e-01, 9.376198e-01, -1.951170e+00, 3.014428e-02, 5.338450e-10, 5.328830e-10, 3.480497e+01, -3.565635e-01
1.841600e+09, 1.932485e-01, 9.376022e-01, -1.963916e+00, 1.742111e-02, 5.342273e-10, 5.328614e-10, 3.464565e+01, -3.551400e-01
1.845400e+09, 1.933739e-01, 9.375888e-01, -1.976671e+00, 4.698452e-03, 5.346208e-10, 5.328439e-10, 3.448794e+01, -3.536148e-01
1.849200e+09, 1.934753e-01, 9.375797e-01, -1.989436e+00, -8.023786e-03, 5.350257e-10, 5.328306e-10, 3.433189e+01, -3.519879e-01
1.853000e+09, 1.935525e-01, 9.375749e-01, -2.002210e+00, -2.074571e-02, 5.354420e-10, 5.328215e-10, 3.417757e+01, -3.502596e-01
1.856800e+09, 1.936056e-01, 9.375744e-01, -2.014994e+00, -3.346741e-02, 5.358701e-10, 5.328166e-10, 3.402503e+01, -3.484300e-01
1.860600e+09, 1.936343e-01, 9.375783e-01, -2.027789e+00, -4.618899e-02, 5.363100e-10, 5.328160e-10, 3.387435e+01, -3.464994e-01
1.864400e+09, 1.936386e-01, 9.375864e-01, -2.040594e+00, -5.891056e-02, 5.367620e-10, 5.328198e-10, 3.372557e+01, -3.444681e-01
1.868200e+09, 1.936183e-01, 9.375990e-01, -2.053410e+00, -7.163222e-02, 5.372262e-10, 5.328279e-10, 3.357877e+01, -3.423365e-01
1.872000e+09, 1.935733e-01, 9.376160e-01, -2.066237e+00, -8.435408e-02, 5.377028e-10, 5.328405e-10, 3.343399e+01, -3.401051e-01
1.875800e+09, 1.935036e-01, 9.376373e-01, -2.079075e+00, -9.707623e-02, 5.381922e-10, 5.328576e-10, 3.329129e+01, -3.377742e-01
1.879600e+09, 1.934089e-01, 9.376631e-01, -2.091925e+00, -1.097988e-01, 5.386945e-10, 5.328791e-10, 3.315074e+01, -3.353445e-01
1.883400e+09, 1.932892e-01, 9.376933e-01, -2.104787e+00, -1.225219e-01, 5.392100e-10, 5.329053e-10, 3.301240e+01, -3.328165e-01
1.887200e+09, 1.931445e-01, 9.377280e-01, -2.117661e+00, -1.352456e-01, 5.397389e-10, 5.329360e-10, 3.287630e+01, -3.301908e-01
1.891000e+09, 1.929745e-01, 9.377671e-01, -2.130548e+00, -1.479700e-01, 5.402816e-10, 5.329714e-10, 3.274252e+01, -3.274681e-01
1.894800e+09, 1.927793e-01, 9.378107e-01, -2.143448e+00, -1.606953e-01, 5.408383e-10, 5.330114e-10, 3.261111e+01, -3.246492e-01
1.898600e+09, 1.925587e-01, 9.378587e-01, -2.156361e+00, -1.734215e-01, 5.414095e-10, 5.330561e-10, 3.248212e+01, -3.217350e-01
1.902400e+09, 1.923127e-01, 9.379112e-01, -2.169288e+00, -1.861488e-01, 5.419953e-10, 5.331056e-10, 3.235561e+01, -3.187262e-01
1.906200e+09, 1.920412e-01, 9.379682e-01, -2.182228e+00, -1.988773e-01, 5.425962e-10, 5.331598e-10, 3.223162e+01, -3.156238e-01
1.910000e+09, 1.917440e-01, 9.380295e-01, -2.195183e+00, -2.116071e-01, 5.432126e-10, 5.332188e-10, 3.211022e+01, -3.124289e-01
1.913800e+09, 1.914211e-01, 9.380954e-01, -2.208153e+00, -2.243383e-01, 5.438448e-10, 5.332826e-10, 3.199145e+01, -3.091424e-01
1.917600e+09, 1.910725e-01, 9.381657e-01, -2.221138e+00, -2.370710e-01, 5.444932e-10, 5.333512e-10, 3.187537e+01, -3.057656e-01
1.921400e+09, 1.906981e-01, 9.382404e-01, -2.234138e+00, -2.498053e-01, 5.451584e-10, 5.334247e-10, 3.176202e+01, -3.022997e-01
1.925200e+09, 1.902978e-01, 9.383195e-01, -2.247155e+00, -2.625414e-01, 5.458408e-10, 5.335031e-10, 3.165146e+01, -2.987459e-01
1.929000e+09, 1.898716e-01, 9.384030e-01, -2.260187e+00, -2.752794e-01, 5.465408e-10, 5.335863e-10, 3.154373e+01, -2.951055e-01
1.932800e+09, 1.894193e-01, 9.384909e-01, -2.273236e+00, -2.880194e-01, 5.472591e-10, 5.336745e-10, 3.143889e+01, -2.913800e-01
1.936600e+09, 1.889411e-01, 9.385831e-01, -2.286303e+00, -3.007615e-01, 5.479960e-10, 5.337675e-10, 3.133698e+01, -2.875709e-01
1.940400e+09, 1.884367e-01, 9.386797e-01, -2.299387e+00, -3.135057e-01, 5.487523e-10, 5.338654e-10, 3.123805e+01, -2.836797e-01
1.944200e+09, 1.879062e-01, 9.387806e-01, -2.312489e+00, -3.262524e-01, 5.495285e-10, 5.339683e-10, 3.114215e+01, -2.797081e-01
1.948000e+09, 1.873495e-01, 9.388857e-01, -2.325610e+00, -3.390014e-01, 5.503253e-10, 5.340760e-10, 3.104932e+01, -2.756578e-01
1.951800e+09, 1.867667e-01, 9.389951e-01, -2.338749e+00, -3.517531e-01, 5.511434e-10, 5.341886e-10, 3.095961e+01, -2.715306e-01
1.955600e+09, 1.861576e-01, 9.391087e-01, -2.351908e+00, -3.645074e-01, 5.519833e-10, 5.343062e-10, 3.087306e+01, -2.673282e-01
1.959400e+09, 1.855222e-01, 9.392264e-01, -2.365088e+00, -3.772646e-01, 5.528461e-10, 5.344286e-10, 3.078972e+01, -2.630528e-01
1.963200e+09, 1.848605e-01, 9.393483e-01, -2.378287e+00, -3.900247e-01, 5.537323e-10, 5.345559e-10, 3.070962e+01, -2.587062e-01
1.967000e+09, 1.841726e-01, 9.394742e-01, -2.391508e+00, -4.027878e-01, 5.546428e-10, 5.346880e-10, 3.063282e+01, -2.542906e-01
1.970800e+09, 1.834583e-01, 9.396042e-01, -2.404751e+00, -4.155540e-01, 5.555786e-10, 5.348249e-10, 3.055935e+01, -2.498081e-01
1.974600e+09, 1.827177e-01, 9.397381e-01, -2.418016e+00, -4.283236e-01, 5.565406e-10, 5.349667e-10, 3.048925e+01, -2.452610e-01
1.978400e+09, 1.819508e-01, 9.398760e-01, -2.431304e+00, -4.410965e-01, 5.575297e-10, 5.351131e-10, 3.042257e+01, -2.406516e-01
1.982200e+09, 1.811575e-01, 9.400177e-01, -2.444616e+00, -4.538729e-01, 5.585470e-10, 5.352643e-10, 3.035934e+01, -2.359822e-01
1.986000e+09, 1.803380e-01, 9.401632e-01, -2.457952e+00, -4.666529e-01, 5.595936e-10, 5.354202e-10, 3.029960e+01, -2.312554e-01
1.989800e+09, 1.794921e-01, 9.403125e-01, -2.471313e+00, -4.794367e-01, 5.606706e-10, 5.355807e-10, 3.024338e+01, -2.264736e-01
1.993600e+09, 1.786199e-01, 9.404655e-01, -2.484699e+00, -4.922243e-01, 5.617793e-10, 5.357458e-10, 3.019073e+01, -2.216395e-01
1.997400e+09, 1.777215e-01, 9.406220e-01, -2.498112e+00, -5.050158e-01, 5.629210e-10, 5.359155e-10, 3.014167e+01, -2.167557e-01
2.001200e+09, 1.767967e-01, 9.407822e-01, -2.511553e+00, -5.178114e-01, 5.640970e-10, 5.360896e-10, 3.009625e+01, -2.118249e-01
2.005000e+09, 1.758458e-01, 9.409457e-01, -2.525021e+00, -5.306111e-01, 5.653088e-10, 5.362681e-10, 3.005449e+01, -2.068501e-01
2.008800e+09, 1.748687e-01, 9.411127e-01, -2.538518e+00, -5.434151e-01, 5.665580e-10, 5.364509e-10, 3.001642e+01, -2.018339e-01
2.012600e+09, 1.738654e-01, 9.412829e-01, -2.552046e+00, -5.562235e-01, 5.678462e-10, 5.366380e-10, 2.998209e+01, -1.967795e-01
2.016400e+09, 1.728360e-01, 9.414564e-01, -2.565604e+00, -5.690363e-01, 5.691750e-10, 5.368292e-10, 2.995150e+01, -1.916897e-01
2.020200e+09, 1.717805e-01, 9.416330e-01, -2.579193e+00, -5.818537e-01, 5.705464e-10, 5.370246e-10, 2.992470e+01, -1.865676e-01
2.024000e+09, 1.706990e-01, 9.418126e-01, -2.592816e+00, -5.946757e-01, 5.719623e-10, 5.372240e-10, 2.990172e+01, -1.814163e-01
2.027800e+09, 1.695915e-01, 9.419952e-01, -2.606472e+00, -6.075025e-01, 5.734248e-10, 5.374273e-10, 2.988257e+01, -1.762390e-01
2.031600e+09, 1.684582e-01, 9.421806e-01, -2.620163e+00, -6.203342e-01, 5.749359e-10, 5.376344e-10, 2.986728e+01, -1.710389e-01
2.035400e+09, 1.672990e-01, 9.423688e-01, -2.633890e+00, -6.331708e-01, 5.764982e-10, 5.378452e-10, 2.985587e+01, -1.658192e-01
2.039200e+09, 1.661141e-01, 9.425596e-01, -2.647655e+00, -6.460125e-01, 5.781140e-10, 5.380596e-10, 2.984838e+01, -1.605832e-01
2.043000e+09, 1.649035e-01, 9.427530e-01, -2.661458e+00, -6.588592e-01, 5.797860e-10, 5.382775e-10, 2.984481e+01, -1.553342e-01
2.046800e+09, 1.636674e-01, 9.429488e-01, -2.675301e+00, -6.717112e-01, 5.815171e-10, 5.384989e-10, 2.984519e+01, -1.500757e-01
2.050600e+09, 1.624057e-01, 9.431470e-01, -2.689185e+00, -6.845685e-01, 5.833101e-10, 5.387234e-10, 2.984954e+01, -1.448110e-01
2.054400e+09, 1.611186e-01, 9.433473e-01, -2.703113e+00, -6.974311e-01, 5.851684e-10, 5.389511e-10, 2.985786e+01, -1.395436e-01
2.058200e+09, 1.598063e-01, 9.435498e-01, -2.717084e+00, -7.102991e-01, 5.870953e-10, 5.391818e-10, 2.987019e+01, -1.342768e-01
2.062000e+09, 1.584687e-01, 9.437542e-01, -2.731102e+00, -7.231727e-01, 5.890944e-10, 5.394154e-10, 2.988653e+01, -1.290143e-01
2.065800e+09, 1.571061e-01, 9.439605e-01, -2.745167e+00, -7.360518e-01, 5.911697e-10, 5.396517e-10, 2.990689e+01, -1.237594e-01
2.069600e+09, 1.557185e-01, 9.441685e-01, -2.759282e+00, -7.489366e-01, 5.933253e-10, 5.398906e-10, 2.993128e+01, -1.185157e-01
2.073400e+09, 1.543060e-01, 9.443782e-01, -2.773448e+00, -7.618271e-01, 5.955658e-10, 5.401320e-10, 2.995972e+01, -1.132867e-01
2.077200e+09, 1.528689e-01, 9.445893e-01, -2.787668e+00, -7.747233e-01, 5.978957e-10, 5.403757e-10, 2.999221e+01, -1.080760e-01
2.081000e+09, 1.514072e-01, 9.448018e-01, -2.801943e+00, -7.876254e-01, 6.003204e-10, 5.406216e-10, 3.002876e+01, -1.028870e-01
2.084800e+09, 1.499211e-01, 9.450155e-01, -2.816277e+00, -8.005334e-01, 6.028453e-10, 5.408695e-10, 3.006937e+01, -9.772325e-02
2.088600e+09, 1.484107e-01, 9.452304e-01, -2.830670e+00, -8.134472e-01, 6.054763e-10, 5.411193e-10, 3.011405e+01, -9.258833e-02
2.092400e+09, 1.468762e-01, 9.454462e-01, -2.845127e+00, -8.263670e-01, 6.082197e-10, 5.413707e-10, 3.016280e+01, -8.748571e-02
2.096200e+09, 1.453177e-01, 9.456628e-01, -2.859649e+00, -8.392929e-01, 6.110825e-10, 5.416237e-10, 3.021561e+01, -8.241890e-02
2.100000e+09, 1.437355e-01, 9.458801e-01, -2.874239e+00, -8.522247e-01, 6.140720e-10, 5.418782e-10, 3.027249e+01, -7.739135e-02
2.103800e+09, 1.421296e-01, 9.460980e-01, -2.888900e+00, -8.651627e-01, 6.171961e-10, 5.421338e-10, 3.033344e+01, -7.240652e-02
2.107600e+09, 1.405003e-01, 9.463163e-01, -2.903637e+00, -8.781067e-01, 6.204635e-10, 5.423906e-10, 3.039844e+01, -6.746785e-02
2.111400e+09, 1.388478e-01, 9.465349e-01, -2.918451e+00, -8.910569e-01, 6.238834e-10, 5.426482e-10, 3.046749e+01, -6.257872e-02
2.115200e+09, 1.371723e-01, 9.467536e-01, -2.933347e+00, -9.040132e-01, 6.274660e-10, 5.429066e-10, 3.054059e+01, -5.774252e-02
2.119000e+09, 1.354739e-01, 9.469724e-01, -2.948328e+00, -9.169757e-01, 6.312221e-10, 5.431656e-10, 3.061772e+01, -5.296256e-02
2.122800e+09, 1.337529e-01, 9.471909e-01, -2.963399e+00, -9.299444e-01, 6.351635e-10, 5.434250e-10, 3.069887e+01, -4.824213e-02
2.126600e+09, 1.320096e-01, 9.474092e-01, -2.978565e+00, -9.429192e-01, 6.393031e-10, 5.436847e-10, 3.078403e+01, -4.358450e-02
2.130400e+09, 1.302441e-01, 9.476271e-01, -2.993829e+00, -9.559003e-01, 6.436549e-10, 5.439445e-10, 3.087319e+01, -3.899287e-02
2.134200e+09, 1.284567e-01, 9.478444e-01, -3.009197e+00, -9.688876e-01, 6.482341e-10, 5.442042e-10, 3.096632e+01, -3.447038e-02
2.138000e+09, 1.266476e-01, 9.480609e-01, -3.024674e+00, -9.818811e-01, 6.530573e-10, 5.444637e-10, 3.106341e+01, -3.002015e-02
2.141800e+09, 1.248172e-01, 9.482766e-01, -3.040266e+00, -9.948807e-01, 6.581427e-10, 5.447228e-10, 3.116445e+01, -2.564524e-02
2.145600e+09, 1.229656e-01, 9.484913e-01, -3.055980e+00, -1.007887e+00, 6.635101e-10, 5.449814e-10, 3.126939e+01, -2.134863e-02
2.149400e+09, 1.210931e-01, 9.487048e-01, -3.071822e+00, -1.020899e+00, 6.691812e-10, 5.452392e-10, 3.137824e+01, -1.713328e-02
2.153200e+09, 1.192002e-01, 9.489171e-01, -3.087800e+00, -1.033917e+00, 6.751798e-10, 5.454962e-10, 3.149095e+01, -1.300207e-02
2.157000e+09, 1.172869e-01, 9.491279e-01, -3.103920e+00, -1.046941e+00, 6.815323e-10, 5.457521e-10, 3.160750e+01, -8.957810e-03
2.160800e+09, 1.153538e-01, 9.493371e-01, -3.120193e+00, -1.059972e+00, 6.882675e-10, 5.460068e-10, 3.172786e+01, -5.003265e-03
2.164600e+09, 1.134011e-01, 9.495445e-01, -3.136626e+00, -1.073008e+00, 6.954171e-10, 5.462602e-10, 3.185201e+01, -1.141128e-03
2.168400e+09, 1.114291e-01, 9.497501e-01, 3.129956e+00, -1.086051e+00, 7.030163e-10, 5.465121e-10, 3.197990e+01, 2.625974e-03
2.172200e+09, 1.094382e-01, 9.499537e-01, 3.113170e+00, -1.099099e+00, 7.111041e-10, 5.467623e-10, 3.211151e+01, 6.295481e-03
2.176000e+09, 1.074288e-01, 9.501551e-01, 3.096192e+00, -1.112154e+00, 7.197234e-10, 5.470107e-10, 3.224680e+01, 9.864900e-03
2.179800e+09, 1.054013e-01, 9.503542e-01, 3.079008e+00, -1.125214e+00, 7.289224e-10, 5.472572e-10, 3.238572e+01, 1.333181e-02
2.183600e+09, 1.033561e-01, 9.505509e-01, 3.061604e+00, -1.138281e+00, 7.387542e-10, 5.475015e-10, 3.252824e+01, 1.669385e-02
2.187400e+09, 1.012937e-01, 9.507450e-01, 3.043965e+00, -1.151353e+00, 7.492783e-10, 5.477436e-10, 3.267432e+01, 1.994875e-02
2.191200e+09, 9.921446e-02, 9.509363e-01, 3.026075e+00, -1.164431e+00, 7.605613e-10, 5.479833e-10, 3.282392e+01, 2.309428e-02
2.195000e+09, 9.711890e-02, 9.511248e-01, 3.007916e+00, -1.177515e+00, 7.726777e-10, 5.482204e-10, 3.297697e+01, 2.612832e-02
2.198800e+09, 9.500753e-02, 9.513103e-01, 2.989468e+00, -1.190604e+00, 7.857110e-10, 5.484548e-10, 3.313345e+01, 2.904880e-02
2.202600e+09, 9.288091e-02, 9.514927e-01, 2.970708e+00, -1.203699e+00, 7.997555e-10, 5.486864e-10, 3.329329e+01, 3.185371e-02
2.206400e+09, 9.073959e-02, 9.516718e-01, 2.951613e+00, -1.216799e+00, 8.149173e-10, 5.489150e-10, 3.345645e+01, 3.454113e-02
2.210200e+09, 8.858421e-02, 9.518476e-01, 2.932156e+00, -1.229905e+00, 8.313166e-10, 5.491404e-10, 3.362287e+01, 3.710922e-02
2.214000e+09, 8.641541e-02, 9.520198e-01, 2.912307e+00, -1.243017e+00, 8.490897e-10, 5.493627e-10, 3.379249e+01, 3.955619e-02
2.217800e+09, 8.423389e-02, 9.521883e-01, 2.892034e+00, -1.256133e+00, 8.683914e-10, 5.495815e-10, 3.396526e+01, 4.188034e-02
2.221600e+09, 8.204041e-02, 9.523530e-01, 2.871300e+00, -1.269255e+00, 8.893983e-10, 5.497968e-10, 3.414110e+01, 4.408003e-02
2.225400e+09, 7.983579e-02, 9.525139e-01, 2.850065e+00, -1.282382e+00, 9.123123e-10, 5.500085e-10, 3.431997e+01, 4.615370e-02
2.229200e+09, 7.762091e-02, 9.526707e-01, 2.828283e+00, -1.295514e+00, 9.373647e-10, 5.502164e-10, 3.450179e+01, 4.809986e-02
2.233000e+09, 7.539674e-02, 9.528233e-01, 2.805902e+00, -1.308651e+00, 9.648216e-10, 5.504204e-10, 3.468649e+01, 4.991709e-02
2.236800e+09, 7.316433e-02, 9.529717e-01, 2.782866e+00, -1.321793e+00, 9.949895e-10, 5.506204e-10, 3.487400e+01, 5.160404e-02
2.240600e+09, 7.092483e-02, 9.531156e-01, 2.759109e+00, -1.334940e+00, 1.028223e-09, 5.508162e-10, 3.506426e+01, 5.315944e-02
2.244400e+09, 6.867953e-02, 9.532551e-01, 2.734559e+00, -1.348091e+00, 1.064933e-09, 5.510077e-10, 3.525717e+01, 5.458207e-02
2.248200e+09, 6.642984e-02, 9.533899e-01, 2.709133e+00, -1.361247e+00, 1.105597e-09, 5.511948e-10, 3.545267e+01, 5.587081e-02
2.252000e+09, 6.417736e-02, 9.535200e-01, 2.682736e+00, -1.374407e+00, 1.150771e-09, 5.513774e-10, 3.565068e+01, 5.702458e-02
2.255800e+09, 6.192385e-02, 9.536452e-01, 2.655260e+00, -1.387572e+00, 1.201106e-09, 5.515554e-10, 3.585110e+01, 5.804239e-02
2.259600e+09, 5.967134e-02, 9.537654e-01, 2.626582e+00, -1.400741e+00, 1.257361e-09, 5.517286e-10, 3.605385e+01, 5.892330e-02
2.263400e+09, 5.742209e-02, 9.538806e-01, 2.596561e+00, -1.413914e+00, 1.320428e-09, 5.518970e-10, 3.625884e+01, 5.966648e-02
2.267200e+09, 5.517873e-02, 9.539906e-01, 2.565034e+00, -1.427091e+00, 1.391349e-09, 5.520604e-10, 3.646598e+01, 6.027111e-02
2.271000e+09, 5.294425e-02, 9.540953e-01, 2.531814e+00, -1.440273e+00, 1.471349e-09, 5.522187e-10, 3.667518e+01, 6.073650e-02
2.274800e+09, 5.072212e-02, 9.541947e-01, 2.496684e+00, -1.453457e+00, 1.561857e-09, 5.523718e-10, 3.688633e+01, 6.106198e-02
2.278600e+09, 4.851638e-02, 9.542885e-01, 2.459393e+00, -1.466646e+00, 1.664539e-09, 5.525196e-10, 3.709933e+01, 6.124697e-02
2.282400e+09, 4.633177e-02, 9.543768e-01, 2.419651e+00, -1.479838e+00, 1.781317e-09, 5.526620e-10, 3.731407e+01, 6.129097e-02
2.286200e+09, 4.417386e-02, 9.544595e-01, 2.377120e+00, -1.493033e+00, 1.914391e-09, 5.527990e-10, 3.753046e+01, 6.119353e-02
2.290000e+09, 4.204925e-02, 9.545364e-01, 2.331411e+00, -1.506232e+00, 2.066220e-09, 5.529303e-10, 3.774837e+01, 6.095428e-02
2.293800e+09, 3.996579e-02, 9.546074e-01, 2.282078e+00, -1.519434e+00, 2.239474e-09, 5.530559e-10, 3.796770e+01, 6.057291e-02
2.297600e+09, 3.793286e-02, 9.546726e-01, 2.228608e+00, -1.532639e+00, 2.436904e-09, 5.531757e-10, 3.818832e+01, 6.004920e-02
2.301400e+09, 3.596167e-02, 9.547317e-01, 2.170424e+00, -1.545846e+00, 2.661076e-09, 5.532897e-10, 3.841011e+01, 5.938297e-02
2.305200e+09, 3.406561e-02, 9.547848e-01, 2.106888e+00, -1.559057e+00, 2.913921e-09, 5.533977e-10, 3.863296e+01, 5.857415e-02
2.309000e+09, 3.226066e-02, 9.548317e-01, 2.037315e+00, -1.572270e+00, 3.195986e-09, 5.534996e-10, 3.885672e+01, 5.762270e-02
2.312800e+09, 3.056572e-02, 9.548724e-01, 1.961008e+00, -1.585485e+00, 3.505328e-09, 5.535953e-10, 3.908128e+01, 5.652869e-02
2.316600e+09, 2.900287e-02, 9.549068e-01, 1.877314e+00, -1.598703e+00, 3.836040e-09, 5.536848e-10, 3.930649e+01, 5.529223e-02
2.320400e+09, 2.759733e-02, 9.549349e-01, 1.785724e+00, -1.611923e+00, 4.176603e-09, 5.537680e-10, 3.953222e+01, 5.391353e-02
2.324200e+09, 2.637703e-02, 9.549565e-01, 1.686003e+00, -1.625144e+00, 4.508604e-09, 5.538448e-10, 3.975833e+01, 5.239286e-02
2.328000e+09, 2.537144e-02, 9.549717e-01, 1.578355e+00, -1.638368e+00, 4.806802e-09, 5.539151e-10, 3.998467e+01, 5.073056e-02
2.331800e+09, 2.460953e-02, 9.549803e-01, 1.463588e+00, -1.651593e+00, 5.041700e-09, 5.539789e-10, 4.021109e+01, 4.892706e-02
2.335600e+09, 2.411694e-02, 9.549823e-01, 1.343212e+00, -1.664820e+00, 5.185126e-09, 5.540360e-10, 4.043745e+01, 4.698287e-02
2.339400e+09, 2.391267e-02, 9.549777e-01, 1.219411e+00, -1.678049e+00, 5.217612e-09, 5.540865e-10, 4.066358e+01, 4.489856e-02
2.343200e+09, 2.400629e-02, 9.549665e-01, 1.094835e+00, -1.691278e+00, 5.134503e-09, 5.541302e-10, 4.088934e+01, 4.267479e-02
2.347000e+09, 2.439635e-02, 9.549485e-01, 9.722427e-01, -1.704508e+00, 4.947530e-09, 5.541671e-10, 4.111455e+01, 4.031231e-02
2.350800e+09, 2.507075e-02, 9.549237e-01, 8.541150e-01, -1.717740e+00, 4.680930e-09, 5.541971e-10, 4.133906e+01, 3.781193e-02
2.354600e+09, 2.600891e-02, 9.548922e-01, 7.423526e-01, -1.730972e+00, 4.364319e-09, 5.542202e-10, 4.156270e+01, 3.517456e-02
2.358400e+09, 2.718483e-02, 9.548539e-01, 6.381497e-01, -1.744204e+00, 4.025822e-09, 5.542363e-10, 4.178530e+01, 3.240118e-02
2.362200e+09, 2.857024e-02, 9.548087e-01, 5.420287e-01, -1.757437e+00, 3.687803e-09, 5.542454e-10, 4.200669e+01, 2.949287e-02
2.366000e+09, 3.013712e-02, 9.547566e-01, 4.539784e-01, -1.770671e+00, 3.365525e-09, 5.542474e-10, 4.222668e+01, 2.645079e-02
2.369800e+09, 3.185940e-02, 9.546976e-01, 3.736227e-01, -1.783904e+00, 3.067826e-09, 5.542422e-10, 4.244511e+01, 2.327619e-02
2.373600e+09, 3.371376e-02, 9.546318e-01, 3.003750e-01, -1.797137e+00, 2.798657e-09, 5.542299e-10, 4.266180e+01, 1.997039e-02
2.377400e+09, 3.567996e-02, 9.545590e-01, 2.335540e-01, -1.810370e+00, 2.558697e-09, 5.542104e-10, 4.287655e+01, 1.653483e-02
2.381200e+09, 3.774073e-02, 9.544793e-01, 1.724623e-01, -1.823602e+00, 2.346673e-09, 5.541837e-10, 4.308920e+01, 1.297102e-02
2.385000e+09, 3.988149e-02, 9.543926e-01, 1.164329e-01, -1.836834e+00, 2.160301e-09, 5.541497e-10, 4.329955e+01, 9.280559e-03
2.388800e+09, 4.209000e-02, 9.542990e-01, 6.485330e-02, -1.850065e+00, 1.996890e-09, 5.541084e-10, 4.350741e+01, 5.465151e-03
2.392600e+09, 4.435598e-02, 9.541986e-01, 1.717535e-02, -1.863295e+00, 1.853701e-09, 5.540599e-10, 4.371260e+01, 1.526586e-03
2.396400e+09, 4.667084e-02, 9.540912e-01, -2.708381e-02, -1.876524e+00, 1.728147e-09, 5.540039e-10, 4.391494e+01, -2.533252e-03
2.400200e+09, 4.902732e-02, 9.539769e-01, -6.834523e-02, -1.889751e+00, 1.617880e-09, 5.539407e-10, 4.411422e+01, -6.712385e-03
2.404000e+09, 5.141929e-02, 9.538557e-01, -1.069739e-01, -1.902977e+00, 1.520825e-09, 5.538701e-10, 4.431026e+01, -1.100874e-02
2.407800e+09, 5.384156e-02, 9.537276e-01, -1.432853e-01, -1.916201e+00, 1.435173e-09, 5.537922e-10, 4.450287e+01, -1.542015e-02
2.411600e+09, 5.628967e-02, 9.535927e-01, -1.775516e-01, -1.929424e+00, 1.359368e-09, 5.537069e-10, 4.469187e+01, -1.994434e-02
2.415400e+09, 5.875980e-02, 9.534510e-01, -2.100080e-01, -1.942644e+00, 1.292075e-09, 5.536143e-10, 4.487705e+01, -2.457898e-02
2.419200e+09, 6.124863e-02, 9.533026e-01, -2.408578e-01, -1.955862e+00, 1.232153e-09, 5.535143e-10, 4.505823e+01, -2.932159e-02
2.423000e+09, 6.375327e-02, 9.531474e-01, -2.702768e-01, -1.969078e+00, 1.178628e-09, 5.534070e-10, 4.523523e+01, -3.416964e-02
2.426800e+09, 6.627119e-02, 9.529855e-01, -2.984178e-01, -1.982291e+00, 1.130671e-09, 5.532924e-10, 4.540786e+01, -3.912049e-02
2.430600e+09, 6.880014e-02, 9.528170e-01, -3.254138e-01, -1.995502e+00, 1.087572e-09, 5.531705e-10, 4.557594e+01, -4.417141e-02
2.434400e+09, 7.133813e-02, 9.526418e-01, -3.513808e-01, -2.008709e+00, 1.048725e-09, 5.530413e-10, 4.573928e+01, -4.931957e-02
2.438200e+09, 7.388336e-02, 9.524602e-01, -3.764203e-01, -2.021914e+00, 1.013610e-09, 5.529050e-10, 4.589771e+01, -5.456205e-02
2.442000e+09, 7.643422e-02, 9.522720e-01, -4.006214e-01, -2.035115e+00, 9.817795e-10, 5.527614e-10, 4.605105e+01, -5.989586e-02
2.445800e+09, 7.898924e-02, 9.520774e-01, -4.240624e-01, -2.048313e+00, 9.528494e-10, 5.526107e-10, 4.619913e+01, -6.531791e-02
2.449600e+09, 8.154709e-02, 9.518765e-01, -4.468128e-01, -2.061507e+00, 9.264871e-10, 5.524528e-10, 4.634179e+01, -7.082503e-02
2.453400e+09, 8.410653e-02, 9.516693e-01, -4.689337e-01, -2.074697e+00, 9.024047e-10, 5.522880e-10, 4.647886e+01, -7.641395e-02
2.457200e+09, 8.666643e-02, 9.514559e-01, -4.904796e-01, -2.087884e+00, 8.803522e-10, 5.521161e-10, 4.661019e+01, -8.208134e-02
2.461000e+09, 8.922572e-02, 9.512364e-01, -5.114990e-01, -2.101066e+00, 8.601119e-10, 5.519373e-10, 4.673561e+01, -8.782378e-02
2.464800e+09, 9.178342e-02, 9.510109e-01, -5.320351e-01, -2.114244e+00, 8.414935e-10, 5.517516e-10, 4.685500e+01, -9.363779e-02
2.468600e+09, 9.433861e-02, 9.507794e-01, -5.521267e-01, -2.127418e+00, 8.243304e-10, 5.515590e-10, 4.696820e+01, -9.951981e-02
2.472400e+09, 9.689041e-02, 9.505421e-01, -5.718085e-01, -2.140587e+00, 8.084762e-10, 5.513598e-10, 4.707507e+01, -1.054662e-01
2.476200e+09, 9.943799e-02, 9.502990e-01, -5.911117e-01, -2.153751e+00, 7.938022e-10, 5.511539e-10, 4.717550e+01, -1.114733e-01
2.480000e+09, 1.019806e-01, 9.500502e-01, -6.100646e-01, -2.166911e+00, 7.801946e-10, 5.509414e-10, 4.726937e+01, -1.175373e-01
2.483800e+09, 1.045174e-01, 9.497960e-01, -6.286926e-01, -2.180065e+00, 7.675527e-10, 5.507225e-10, 4.735655e+01, -1.236544e-01
2.487600e+09, 1.070478e-01, 9.495362e-01, -6.470188e-01, -2.193214e+00, 7.557871e-10, 5.504972e-10, 4.743695e+01, -1.298208e-01
2.491400e+09, 1.095710e-01, 9.492712e-01, -6.650641e-01, -2.206358e+00, 7.448184e-10, 5.502655e-10, 4.751046e+01, -1.360326e-01
2.495200e+09, 1.120864e-01, 9.490009e-01, -6.828474e-01, -2.219496e+00, 7.345757e-10, 5.500277e-10, 4.757700e+01, -1.422857e-01
2.499000e+09, 1.145933e-01, 9.487256e-01, -7.003862e-01, -2.232629e+00, 7.249959e-10, 5.497839e-10, 4.763649e+01, -1.485763e-01
2.502800e+09, 1.170912e-01, 9.484453e-01, -7.176963e-01, -2.245755e+00, 7.160222e-10, 5.495340e-10, 4.768886e+01, -1.549002e-01
2.506600e+09, 1.195794e-01, 9.481602e-01, -7.347921e-01, -2.258876e+00, 7.076037e-10, 5.492783e-10, 4.773404e+01, -1.612535e-01
2.510400e+09, 1.220573e-01, 9.478703e-01, -7.516869e-01, -2.271991e+00, 6.996947e-10, 5.490169e-10, 4.777199e+01, -1.676321e-01
2.514200e+09, 1.245245e-01, 9.475759e-01, -7.683929e-01, -2.285099e+00, 6.922542e-10, 5.487499e-10, 4.780265e+01, -1.740319e-01
2.518000e+09, 1.269803e-01, 9.472771e-01, -7.849213e-01, -2.298201e+00, 6.852448e-10, 5.484774e-10, 4.782599e+01, -1.804487e-01
2.521800e+09, 1.294241e-01, 9.469740e-01, -8.012822e-01, -2.311297e+00, 6.786330e-10, 5.481996e-10, 4.784199e+01, -1.868784e-01
2.525600e+09, 1.318556e-01, 9.466668e-01, -8.174853e-01, -2.324386e+00, 6.723884e-10, 5.479166e-10, 4.785064e+01, -1.933171e-01
2.529400e+09, 1.342741e-01, 9.463555e-01, -8.335394e-01, -2.337468e+00, 6.664832e-10, 5.476286e-10, 4.785192e+01, -1.997604e-01
2.533200e+09, 1.366792e-01, 9.460405e-01, -8.494524e-01, -2.350543e+00, 6.608924e-10, 5.473357e-10, 4.784584e+01, -2.062045e-01
2.537000e+09, 1.390704e-01, 9.457217e-01, -8.652319e-01, -2.363611e+00, 6.555932e-10, 5.470380e-10, 4.783241e+01, -2.126450e-01
2.540800e+09, 1.414471e-01, 9.453995e-01, -8.808849e-01, -2.376672e+00, 6.505646e-10, 5.467358e-10, 4.781166e+01, -2.190781e-01
2.544600e+09, 1.438090e-01, 9.450739e-01, -8.964179e-01, -2.389726e+00, 6.457876e-10, 5.464291e-10, 4.778362e+01, -2.254997e-01
2.548400e+09, 1.461555e-01, 9.447451e-01, -9.118368e-01, -2.402773e+00, 6.412449e-10, 5.461182e-10, 4.774833e+01, -2.319056e-01
2.552200e+09, 1.484862e-01, 9.444133e-01, -9.271472e-01, -2.415812e+00, 6.369204e-10, 5.458033e-10, 4.770584e+01, -2.382921e-01
2.556000e+09, 1.508007e-01, 9.440786e-01, -9.423544e-01, -2.428844e+00, 6.327995e-10, 5.454844e-10, 4.765620e+01, -2.446550e-01
2.559800e+09, 1.530985e-01, 9.437412e-01, -9.574632e-01, -2.441868e+00, 6.288689e-10, 5.451618e-10, 4.759950e+01, -2.509906e-01
2.563600e+09, 1.553792e-01, 9.434013e-01, -9.724781e-01, -2.454884e+00, 6.251162e-10, 5.448356e-10, 4.753579e+01, -2.572950e-01
2.567400e+09, 1.576423e-01, 9.430591e-01, -9.874034e-01, -2.467893e+00, 6.215299e-10, 5.445061e-10, 4.746517e+01, -2.635644e-01
2.571200e+09, 1.598874e-01, 9.427148e-01, -1.002243e+00, -2.480893e+00, 6.180997e-10, 5.441734e-10, 4.738772e+01, -2.697951e-01
2.575000e+09, 1.621142e-01, 9.423685e-01, -1.017001e+00, -2.493886e+00, 6.148158e-10, 5.438378e-10, 4.730356e+01, -2.759834e-01
2.578800e+09, 1.643222e-01, 9.420204e-01, -1.031680e+00, -2.506871e+00, 6.116693e-10, 5.434993e-10, 4.721277e+01, -2.821256e-01
2.582600e+09, 1.665110e-01, 9.416707e-01, -1.046285e+00, -2.519847e+00, 6.086521e-10, 5.431583e-10, 4.711549e+01, -2.882182e-01
2.586400e+09, 1.686802e-01, 9.413195e-01, -1.060817e+00, -2.532816e+00, 6.057563e-10, 5.428149e-10, 4.701182e+01, -2.942578e-01
2.590200e+09, 1.708295e-01, 9.409672e-01, -1.075280e+00, -2.545776e+00, 6.029750e-10, 5.424693e-10, 4.690189e+01, -3.002410e-01
2.594000e+09, 1.729584e-01, 9.406139e-01, -1.089677e+00, -2.558728e+00, 6.003015e-10, 5.421217e-10, 4.678584e+01, -3.061644e-01
2.597800e+09, 1.750665e-01, 9.402596e-01, -1.104010e+00, -2.571672e+00, 5.977298e-10, 5.417724e-10, 4.666379e+01, -3.120247e-01
2.601600e+09, 1.771536e-01, 9.399048e-01, -1.118281e+00, -2.584607e+00, 5.952543e-10, 5.414215e-10, 4.653590e+01, -3.178189e-01
2.605400e+09, 1.792192e-01, 9.395495e-01, -1.132493e+00, -2.597534e+00, 5.928695e-10, 5.410693e-10, 4.640231e+01, -3.235437e-01
2.609200e+09, 1.812630e-01, 9.391939e-01, -1.146649e+00, -2.610453e+00, 5.905706e-10, 5.407160e-10, 4.626317e+01, -3.291963e-01
2.613000e+09, 1.832846e-01, 9.388383e-01, -1.160749e+00, -2.623363e+00, 5.883531e-10, 5.403618e-10, 4.611864e+01, -3.347736e-01
2.616800e+09, 1.852836e-01, 9.384829e-01, -1.174797e+00, -2.636265e+00, 5.862127e-10, 5.400068e-10, 4.596886e+01, -3.402729e-01
2.620600e+09, 1.872598e-01, 9.381277e-01, -1.188793e+00, -2.649158e+00, 5.841453e-10, 5.396515e-10, 4.581401e+01, -3.456914e-01
2.624400e+09, 1.892128e-01, 9.377731e-01, -1.202740e+00, -2.662043e+00, 5.821473e-10, 5.392959e-10, 4.565425e+01, -3.510264e-01
2.628200e+09, 1.911422e-01, 9.374193e-01, -1.216640e+00, -2.674919e+00, 5.802152e-10, 5.389402e-10, 4.548974e+01, -3.562753e-01
2.632000e+09, 1.930477e-01, 9.370663e-01, -1.230493e+00, -2.687787e+00, 5.783458e-10, 5.385848e-10, 4.532065e+01, -3.614357e-01
2.635800e+09, 1.949290e-01, 9.367145e-01, -1.244302e+00, -2.700646e+00, 5.765360e-10, 5.382298e-10, 4.514715e+01, -3.665051e-01
2.639600e+09, 1.967857e-01, 9.363641e-01, -1.258067e+00, -2.713497e+00, 5.747829e-10, 5.378755e-10, 4.496941e+01, -3.714812e-01
2.643400e+09, 1.986177e-01, 9.360151e-01, -1.271791e+00, -2.726340e+00, 5.730839e-10, 5.375221e-10, 4.478760e+01, -3.763618e-01
2.647200e+09, 2.004244e-01, 9.356679e-01, -1.285474e+00, -2.739174e+00, 5.714364e-10, 5.371698e-10, 4.460190e+01, -3.811447e-01
2.651000e+09, 2.022057e-01, 9.353226e-01, -1.299118e+00, -2.751999e+00, 5.698382e-10, 5.368189e-10, 4.441247e+01, -3.858278e-01
2.654800e+09, 2.039612e-01, 9.349795e-01, -1.312723e+00, -2.764816e+00, 5.682871e-10, 5.364695e-10, 4.421949e+01, -3.904092e-01
2.658600e+09, 2.056907e-01, 9.346387e-01, -1.326292e+00, -2.777625e+00, 5.667808e-10, 5.361219e-10, 4.402312e+01, -3.948870e-01
2.662400e+09, 2.073938e-01, 9.343004e-01, -1.339824e+00, -2.790426e+00, 5.653176e-10, 5.357764e-10, 4.382355e+01, -3.992592e-01
2.666200e+09, 2.090703e-01, 9.339648e-01, -1.353322e+00, -2.803218e+00, 5.638955e-10, 5.354332e-10, 4.362094e+01, -4.035243e-01
2.670000e+09, 2.107198e-01, 9.336321e-01, -1.366785e+00, -2.816002e+00, 5.625129e-10, 5.350924e-10, 4.341545e+01, -4.076804e-01
2.673800e+09, 2.123421e-01, 9.333026e-01, -1.380216e+00, -2.828778e+00, 5.611680e-10, 5.347543e-10, 4.320727e+01, -4.117260e-01
2.677600e+09, 2.139370e-01, 9.329763e-01, -1.393614e+00, -2.841546e+00, 5.598595e-10, 5.344193e-10, 4.299654e+01, -4.156596e-01
2.681400e+09, 2.155041e-01, 9.326536e-01, -1.406982e+00, -2.854305e+00, 5.585858e-10, 5.340873e-10, 4.278345e+01, -4.194798e-01
2.685200e+09, 2.170431e-01, 9.323345e-01, -1.420318e+00, -2.867057e+00, 5.573455e-10, 5.337588e-10, 4.256815e+01, -4.231850e-01
2.689000e+09, 2.185540e-01, 9.320193e-01, -1.433626e+00, -2.879801e+00, 5.561374e-10, 5.334339e-10, 4.235079e+01, -4.267740e-01
2.692800e+09, 2.200362e-01, 9.317081e-01, -1.446904e+00, -2.892538e+00, 5.549603e-10, 5.331128e-10, 4.213155e+01, -4.302456e-01
2.696600e+09, 2.214897e-01, 9.314012e-01, -1.460154e+00, -2.905266e+00, 5.538130e-10, 5.327958e-10, 4.191057e+01, -4.335986e-01
2.700400e+09, 2.229142e-01, 9.310987e-01, -1.473377e+00, -2.917988e+00, 5.526944e-10, 5.324830e-10, 4.168802e+01, -4.368317e-01
2.704200e+09, 2.243093e-01, 9.308008e-01, -1.486573e+00, -2.930701e+00, 5.516035e-10, 5.321748e-10, 4.146403e+01, -4.399441e-01
2.708000e+09, 2.256750e-01, 9.305077e-01, -1.499744e+00, -2.943407e+00, 5.505394e-10, 5.318712e-10, 4.123877e+01, -4.429346e-01
2.711800e+09, 2.270109e-01, 9.302195e-01, -1.512888e+00, -2.956106e+00, 5.495011e-10, 5.315726e-10, 4.101237e+01, -4.458023e-01
2.715600e+09, 2.283168e-01, 9.299365e-01, -1.526008e+00, -2.968798e+00, 5.484877e-10, 5.312791e-10, 4.078498e+01, -4.485462e-01
2.719400e+09, 2.295925e-01, 9.296587e-01, -1.539104e+00, -2.981483e+00, 5.474984e-10, 5.309909e-10, 4.055674e+01, -4.511656e-01
2.723200e+09, 2.308378e-01, 9.293865e-01, -1.552176e+00, -2.994161e+00, 5.465324e-10, 5.307082e-10, 4.032779e+01, -4.536597e-01
2.727000e+09, 2.320525e-01, 9.291198e-01, -1.565225e+00, -3.006832e+00, 5.455890e-10, 5.304313e-10, 4.009826e+01, -4.560276e-01
2.730800e+09, 2.332362e-01, 9.288590e-01, -1.578252e+00, -3.019497e+00, 5.446675e-10, 5.301603e-10, 3.986828e+01, -4.582686e-01
2.734600e+09, 2.343889e-01, 9.286041e-01, -1.591256e+00, -3.032155e+00, 5.437672e-10, 5.298954e-10, 3.963800e+01, -4.603822e-01
2.738400e+09, 2.355103e-01, 9.283553e-01, -1.604239e+00, -3.044807e+00, 5.428874e-10, 5.296369e-10, 3.940752e+01, -4.623676e-01
2.742200e+09, 2.366002e-01, 9.281128e-01, -1.617201e+00, -3.057453e+00, 5.420276e-10, 5.293848e-10, 3.917697e+01, -4.642244e-01
2.746000e+09, 2.376584e-01, 9.278767e-01, -1.630143e+00, -3.070092e+00, 5.411871e-10, 5.291394e-10, 3.894648e+01, -4.659519e-01
2.749800e+09, 2.386847e-01, 9.276472e-01, -1.643064e+00, -3.082726e+00, 5.403654e-10, 5.289009e-10, 3.871616e+01, -4.675496e-01
2.753600e+09, 2.396790e-01, 9.274244e-01, -1.655966e+00, -3.095354e+00, 5.395620e-10, 5.286694e-10, 3.848614e+01, -4.690172e-01
2.757400e+09, 2.406410e-01, 9.272084e-01, -1.668849e+00, -3.107977e+00, 5.387764e-10, 5.284451e-10, 3.825651e+01, -4.703541e-01
2.761200e+09, 2.415706e-01, 9.269993e-01, -1.681713e+00, -3.120594e+00, 5.380081e-10, 5.282282e-10, 3.802739e+01, -4.715599e-01
2.765000e+09, 2.424675e-01, 9.267974e-01, -1.694558e+00, -3.133206e+00, 5.372566e-10, 5.280189e-10, 3.779889e+01, -4.726344e-01
2.768800e+09, 2.433316e-01, 9.266028e-01, -1.707386e+00, 3.137372e+00, 5.365215e-10, 5.278172e-10, 3.757111e+01, -4.735771e-01
2.772600e+09, 2.441627e-01, 9.264155e-01, -1.720196e+00, 3.124770e+00, 5.358024e-10, 5.276234e-10, 3.734415e+01, -4.743878e-01
2.776400e+09, 2.449607e-01, 9.262356e-01, -1.732989e+00, 3.112172e+00, 5.350988e-10, 5.274376e-10, 3.711812e+01, -4.750662e-01
2.780200e+09, 2.457254e-01, 9.260634e-01, -1.745765e+00, 3.099579e+00, 5.344103e-10, 5.272599e-10, 3.689311e+01, -4.756121e-01
2.784000e+09, 2.464566e-01, 9.258989e-01, -1.758524e+00, 3.086990e+00, 5.337367e-10, 5.270906e-10, 3.666922e+01, -4.760253e-01
2.787800e+09, 2.471542e-01, 9.257422e-01, -1.771268e+00, 3.074405e+00, 5.330774e-10, 5.269296e-10, 3.644653e+01, -4.763056e-01
2.791600e+09, 2.478180e-01, 9.255934e-01, -1.783996e+00, 3.061824e+00, 5.324323e-10, 5.267772e-10, 3.622514e+01, -4.764529e-01
2.795400e+09, 2.484479e-01, 9.254527e-01, -1.796708e+00, 3.049247e+00, 5.318008e-10, 5.266336e-10, 3.600513e+01, -4.764670e-01
2.799200e+09, 2.490437e-01, 9.253200e-01, -1.809406e+00, 3.036673e+00, 5.311828e-10, 5.264987e-10, 3.578660e+01, -4.763479e-01
2.803000e+09, 2.496052e-01, 9.251956e-01, -1.822088e+00, 3.024102e+00, 5.305778e-10, 5.263727e-10, 3.556962e+01, -4.760955e-01
2.806800e+09, 2.501324e-01, 9.250795e-01, -1.834756e+00, 3.011535e+00, 5.299856e-10, 5.262558e-10, 3.535429e+01, -4.757099e-01
2.810600e+09, 2.506251e-01, 9.249717e-01, -1.847410e+00, 2.998970e+00, 5.294059e-10, 5.261480e-10, 3.514067e+01, -4.751910e-01
2.814400e+09, 2.510831e-01, 9.248724e-01, -1.860050e+00, 2.986407e+00, 5.288384e-10, 5.260495e-10, 3.492884e+01, -4.745388e-01
2.818200e+09, 2.515064e-01, 9.247816e-01, -1.872677e+00, 2.973847e+00, 5.282828e-10, 5.259603e-10, 3.471889e+01, -4.737535e-01
2.822000e+09, 2.518948e-01, 9.246994e-01, -1.885290e+00, 2.961289e+00, 5.277387e-10, 5.258805e-10, 3.451089e+01, -4.728352e-01
2.825800e+09, 2.522481e-01, 9.246259e-01, -1.897891e+00, 2.948733e+00, 5.272061e-10, 5.258103e-10, 3.430492e+01, -4.717840e-01
2.829600e+09, 2.525664e-01, 9.245611e-01, -1.910478e+00, 2.936179e+00, 5.266845e-10, 5.257497e-10, 3.410103e+01, -4.706000e-01
2.833400e+09, 2.528493e-01, 9.245051e-01, -1.923053e+00, 2.923626e+00, 5.261738e-10, 5.256987e-10, 3.389932e+01, -4.692836e-01
2.837200e+09, 2.530969e-01, 9.244579e-01, -1.935616e+00, 2.911075e+00, 5.256736e-10, 5.256575e-10, 3.369983e+01, -4.678350e-01
2.841000e+09, 2.533091e-01, 9.244195e-01, -1.948167e+00, 2.898524e+00, 5.251837e-10, 5.256262e-10, 3.350265e+01, -4.662545e-01
2.844800e+09, 2.534856e-01, 9.243901e-01, -1.960707e+00, 2.885974e+00, 5.247038e-10, 5.256046e-10, 3.330784e+01, -4.645423e-01
2.848600e+09, 2.536265e-01, 9.243696e-01, -1.973235e+00, 2.873425e+00, 5.242338e-10, 5.255931e-10, 3.311546e+01, -4.626990e-01
2.852400e+09, 2.537315e-01, 9.243580e-01, -1.985751e+00, 2.860876e+00, 5.237733e-10, 5.255915e-10, 3.292558e+01, -4.607249e-01
2.856200e+09, 2.538007e-01, 9.243555e-01, -1.998257e+00, 2.848326e+00, 5.233222e-10, 5.255999e-10, 3.273826e+01, -4.586205e-01
2.860000e+09, 2.538340e-01, 9.243619e-01, -2.010752e+00, 2.835777e+00, 5.228801e-10, 5.256184e-10, 3.255356e+01, -4.563864e-01
2.863800e+09, 2.538311e-01, 9.243774e-01, -2.023236e+00, 2.823227e+00, 5.224468e-10, 5.256470e-10, 3.237156e+01, -4.540230e-01
2.867600e+09, 2.537921e-01, 9.244019e-01, -2.035710e+00, 2.810677e+00, 5.220221e-10, 5.256857e-10, 3.219229e+01, -4.515311e-01
2.871400e+09, 2.537169e-01, 9.244355e-01, -2.048174e+00, 2.798126e+00, 5.216058e-10, 5.257345e-10, 3.201584e+01, -4.489114e-01
2.875200e+09, 2.536054e-01, 9.244781e-01, -2.060628e+00, 2.785573e+00, 5.211975e-10, 5.257935e-10, 3.184225e+01, -4.461644e-01
2.879000e+09, 2.534575e-01, 9.245297e-01, -2.073072e+00, 2.773019e+00, 5.207971e-10, 5.258627e-10, 3.167158e+01, -4.432912e-01
2.882800e+09, 2.532731e-01, 9.245903e-01, -2.085507e+00, 2.760464e+00, 5.204043e-10, 5.259420e-10, 3.150389e+01, -4.402925e-01
2.886600e+09, 2.530522e-01, 9.246600e-01, -2.097932e+00, 2.747906e+00, 5.200188e-10, 5.260315e-10, 3.133923e+01, -4.371693e-01
2.890400e+09, 2.527947e-01, 9.247386e-01, -2.110348e+00, 2.735347e+00, 5.196403e-10, 5.261312e-10, 3.117767e+01, -4.339225e-01
2.894200e+09, 2.525006e-01, 9.248262e-01, -2.122755e+00, 2.722785e+00, 5.192688e-10, 5.262411e-10, 3.101925e+01, -4.305533e-01
2.898000e+09, 2.521697e-01, 9.249227e-01, -2.135153e+00, 2.710220e+00, 5.189037e-10, 5.263611e-10, 3.086404e+01, -4.270627e-01
2.901800e+09, 2.518021e-01, 9.250281e-01, -2.147543e+00, 2.697653e+00, 5.185450e-10, 5.264912e-10, 3.071208e+01, -4.234521e-01
2.905600e+09, 2.513977e-01, 9.251423e-01, -2.159923e+00, 2.685082e+00, 5.181923e-10, 5.266314e-10, 3.056343e+01, -4.197226e-01
2.909400e+09, 2.509564e-01, 9.252653e-01, -2.172296e+00, 2.672508e+00, 5.178453e-10, 5.267816e-10, 3.041815e+01, -4.158758e-01
2.913200e+09, 2.504782e-01, 9.253970e-01, -2.184660e+00, 2.659931e+00, 5.175037e-10, 5.269419e-10, 3.027627e+01, -4.119129e-01
2.917000e+09, 2.499631e-01, 9.255375e-01, -2.197016e+00, 2.647350e+00, 5.171674e-10, 5.271121e-10, 3.013786e+01, -4.078356e-01
2.920800e+09, 2.494109e-01, 9.256865e-01, -2.209364e+00, 2.634764e+00, 5.168359e-10, 5.272922e-10, 3.000297e+01, -4.036456e-01
2.924600e+09, 2.488218e-01, 9.258441e-01, -2.221704e+00, 2.622174e+00, 5.165089e-10, 5.274822e-10, 2.987165e+01, -3.993445e-01
2.928400e+09, 2.481956e-01, 9.260102e-01, -2.234036e+00, 2.609580e+00, 5.161862e-10, 5.276819e-10, 2.974394e+01, -3.949341e-01
2.932200e+09, 2.475323e-01, 9.261846e-01, -2.246361e+00, 2.596981e+00, 5.158675e-10, 5.278914e-10, 2.961990e+01, -3.904165e-01
2.936000e+09, 2.468319e-01, 9.263674e-01, -2.258678e+00, 2.584377e+00, 5.155523e-10, 5.281105e-10, 2.949957e+01, -3.857935e-01
2.939800e+09, 2.460944e-01, 9.265584e-01, -2.270987e+00, 2.571768e+00, 5.152403e-10, 5.283392e-10, 2.938301e+01, -3.810673e-01
2.943600e+09, 2.453198e-01, 9.267575e-01, -2.283289e+00, 2.559153e+00, 5.149312e-10, 5.285773e-10, 2.927026e+01, -3.762401e-01
2.947400e+09, 2.445081e-01, 9.269646e-01, -2.295583e+00, 2.546533e+00, 5.146246e-10, 5.288248e-10, 2.916137e+01, -3.713142e-01
2.951200e+09, 2.436592e-01, 9.271796e-01, -2.307871e+00, 2.533907e+00, 5.143201e-10, 5.290816e-10, 2.905638e+01, -3.662921e-01
2.955000e+09, 2.427731e-01, 9.274025e-01, -2.320151e+00, 2.521274e+00, 5.140174e-10, 5.293475e-10, 2.895535e+01, -3.611762e-01
2.958800e+09, 2.418499e-01, 9.276330e-01, -2.332423e+00, 2.508636e+00, 5.137159e-10, 5.296224e-10, 2.885831e+01, -3.559693e-01
2.962600e+09, 2.408896e-01, 9.278710e-01, -2.344689e+00, 2.495990e+00, 5.134154e-10, 5.299062e-10, 2.876532e+01, -3.506739e-01
2.966400e+09, 2.398921e-01, 9.281165e-01, -2.356947e+00, 2.483338e+00, 5.131152e-10, 5.301988e-10, 2.867641e+01, -3.452931e-01
2.970200e+09, 2.388575e-01, 9.283693e-01, -2.369198e+00, 2.470679e+00, 5.128151e-10, 5.305001e-10, 2.859162e+01, -3.398296e-01
2.974000e+09, 2.377858e-01, 9.286293e-01, -2.381442e+00, 2.458013e+00, 5.125144e-10, 5.308098e-10, 2.851101e+01, -3.342867e-01
2.977800e+09, 2.366770e-01, 9.288963e-01, -2.393679e+00, 2.445339e+00, 5.122126e-10, 5.311279e-10, 2.843461e+01, -3.286674e-01
2.981600e+09, 2.355312e-01, 9.291701e-01, -2.405909e+00, 2.432658e+00, 5.119093e-10, 5.314542e-10, 2.836246e+01, -3.229751e-01
2.985400e+09, 2.343484e-01, 9.294507e-01, -2.418131e+00, 2.419969e+00, 5.116038e-10, 5.317885e-10, 2.829461e+01, -3.172130e-01
2.989200e+09, 2.331285e-01, 9.297378e-01, -2.430346e+00, 2.407272e+00, 5.112957e-10, 5.321307e-10, 2.823108e+01, -3.113847e-01
2.993000e+09, 2.318718e-01, 9.300313e-01, -2.442554e+00, 2.394567e+00, 5.109842e-10, 5.324805e-10, 2.817193e+01, -3.054939e-01
2.996800e+09, 2.305781e-01, 9.303310e-01, -2.454754e+00, 2.381853e+00, 5.106688e-10, 5.328378e-10, 2.811718e+01, -2.995440e-01
3.000600e+09, 2.292475e-01, 9.306368e-01, -2.466947e+00, 2.369131e+00, 5.103487e-10, 5.332024e-10, 2.806687e+01, -2.935391e-01
3.004400e+09, 2.278802e-01, 9.309484e-01, -2.479132e+00, 2.356400e+00, 5.100232e-10, 5.335741e-10, 2.802104e+01, -2.874828e-01
3.008200e+09, 2.264761e-01, 9.312658e-01, -2.491310e+00, 2.343660e+00, 5.096917e-10, 5.339526e-10, 2.797972e+01, -2.813793e-01
3.012000e+09, 2.250354e-01, 9.315886e-01, -2.503479e+00, 2.330912e+00, 5.093532e-10, 5.343379e-10, 2.794294e+01, -2.752325e-01
3.015800e+09, 2.235580e-01, 9.319167e-01, -2.515641e+00, 2.318154e+00, 5.090071e-10, 5.347296e-10, 2.791073e+01, -2.690466e-01
3.019600e+09, 2.220441e-01, 9.322500e-01, -2.527794e+00, 2.305387e+00, 5.086523e-10, 5.351276e-10, 2.788313e+01, -2.628259e-01
3.023400e+09, 2.204937e-01, 9.325882e-01, -2.539938e+00, 2.292610e+00, 5.082880e-10, 5.355315e-10, 2.786015e+01, -2.565746e-01
3.027200e+09, 2.189069e-01, 9.329311e-01, -2.552074e+00, 2.279823e+00, 5.079133e-10, 5.359412e-10, 2.784184e+01, -2.502972e-01
3.031000e+09, 2.172839e-01, 9.332785e-01, -2.564201e+00, 2.267027e+00, 5.075269e-10, 5.363565e-10, 2.782820e+01, -2.439981e-01
3.034800e+09, 2.156246e-01, 9.336302e-01, -2.576319e+00, 2.254221e+00, 5.071279e-10, 5.367771e-10, 2.781928e+01, -2.376817e-01
3.038600e+09, 2.139293e-01, 9.339859e-01, -2.588427e+00, 2.241405e+00, 5.067151e-10, 5.372027e-10, 2.781508e+01, -2.313528e-01
3.042400e+09, 2.121979e-01, 9.343455e-01, -2.600526e+00, 2.228579e+00, 5.062873e-10, 5.376330e-10, 2.781564e+01, -2.250158e-01
3.046200e+09, 2.104307e-01, 9.347088e-01, -2.612614e+00, 2.215742e+00, 5.058430e-10, 5.380679e-10, 2.782097e+01, -2.186755e-01
3.050000e+09, 2.086277e-01, 9.350755e-01, -2.624691e+00, 2.202895e+00, 5.053810e-10, 5.385071e-10, 2.783108e+01, -2.123366e-01
3.053800e+09, 2.067890e-01, 9.354453e-01, -2.636758e+00, 2.190038e+00, 5.048996e-10, 5.389503e-10, 2.784600e+01, -2.060037e-01
3.057600e+09, 2.049149e-01, 9.358181e-01, -2.648813e+00, 2.177170e+00, 5.043974e-10, 5.393972e-10, 2.786574e+01, -1.996818e-01
3.061400e+09, 2.030053e-01, 9.361936e-01, -2.660856e+00, 2.164291e+00, 5.038725e-10, 5.398476e-10, 2.789031e+01, -1.933756e-01
3.065200e+09, 2.010604e-01, 9.365716e-01, -2.672886e+00, 2.151401e+00, 5.033233e-10, 5.403011e-10, 2.791972e+01, -1.870898e-01
3.069000e+09, 1.990805e-01, 9.369518e-01, -2.684904e+00, 2.138501e+00, 5.027476e-10, 5.407576e-10, 2.795398e+01, -1.808293e-01
3.072800e+09, 1.970656e-01, 9.373340e-01, -2.696908e+00, 2.125590e+00, 5.021434e-10, 5.412167e-10, 2.799310e+01, -1.745990e-01
3.076600e+09, 1.950159e-01, 9.377179e-01, -2.708897e+00, 2.112668e+00, 5.015084e-10, 5.416781e-10, 2.803708e+01, -1.684036e-01
3.080400e+09, 1.929315e-01, 9.381034e-01, -2.720871e+00, 2.099735e+00, 5.008402e-10, 5.421416e-10, 2.808593e+01, -1.622479e-01
3.084200e+09, 1.908126e-01, 9.384901e-01, -2.732829e+00, 2.086790e+00, 5.001363e-10, 5.426069e-10, 2.813965e+01, -1.561368e-01
3.088000e+09, 1.886595e-01, 9.388778e-01, -2.744770e+00, 2.073835e+00, 4.993936e-10, 5.430737e-10, 2.819824e+01, -1.500749e-01
3.091800e+09, 1.864722e-01, 9.392663e-01, -2.756694e+00, 2.060869e+00, 4.986094e-10, 5.435418e-10, 2.826169e+01, -1.440671e-01
3.095600e+09, 1.842510e-01, 9.396553e-01, -2.768599e+00, 2.047891e+00, 4.977801e-10, 5.440108e-10, 2.833000e+01, -1.381180e-01
3.099400e+09, 1.819961e-01, 9.400445e-01, -2.780484e+00, 2.034902e+00, 4.969023e-10, 5.444805e-10, 2.840316e+01, -1.322322e-01
3.103200e+09, 1.797076e-01, 9.404337e-01, -2.792348e+00, 2.021902e+00, 4.959721e-10, 5.449505e-10, 2.848117e+01, -1.264144e-01
3.107000e+09, 1.773858e-01, 9.408227e-01, -2.804190e+00, 2.008891e+00, 4.949853e-10, 5.454207e-10, 2.856402e+01, -1.206691e-01
3.110800e+09, 1.750309e-01, 9.412111e-01, -2.816008e+00, 1.995868e+00, 4.939373e-10, 5.458907e-10, 2.865169e+01, -1.150008e-01
3.114600e+09, 1.726431e-01, 9.415988e-01, -2.827801e+00, 1.982834e+00, 4.928232e-10, 5.463603e-10, 2.874416e+01, -1.094140e-01
3.118400e+09, 1.702226e-01, 9.419855e-01, -2.839568e+00, 1.969790e+00, 4.916375e-10, 5.468291e-10, 2.884143e+01, -1.039129e-01
3.122200e+09, 1.677697e-01, 9.423709e-01, -2.851306e+00, 1.956733e+00, 4.903743e-10, 5.472970e-10, 2.894347e+01, -9.850197e-02
3.126000e+09, 1.652846e-01, 9.427548e-01, -2.863015e+00, 1.943666e+00, 4.890270e-10, 5.477636e-10, 2.905026e+01, -9.318530e-02
3.129800e+09, 1.627676e-01, 9.431368e-01, -2.874691e+00, 1.930588e+00, 4.875886e-10, 5.482287e-10, 2.916177e+01, -8.796706e-02
3.133600e+09, 1.602190e-01, 9.435169e-01, -2.886332e+00, 1.917498e+00, 4.860511e-10, 5.486920e-10, 2.927799e+01, -8.285128e-02
3.137400e+09, 1.576389e-01, 9.438946e-01, -2.897937e+00, 1.904397e+00, 4.844059e-10, 5.491533e-10, 2.939887e+01, -7.784193e-02
3.141200e+09, 1.550277e-01, 9.442698e-01, -2.909503e+00, 1.891286e+00, 4.826435e-10, 5.496122e-10, 2.952441e+01, -7.294287e-02
3.145000e+09, 1.523857e-01, 9.446421e-01, -2.921027e+00, 1.878163e+00, 4.807531e-10, 5.500686e-10, 2.965455e+01, -6.815788e-02
3.148800e+09, 1.497131e-01, 9.450115e-01, -2.932505e+00, 1.865030e+00, 4.787232e-10, 5.505222e-10, 2.978926e+01, -6.349062e-02
3.152600e+09, 1.470103e-01, 9.453775e-01, -2.943935e+00, 1.851885e+00, 4.765407e-10, 5.509727e-10, 2.992852e+01, -5.894468e-02
3.156400e+09, 1.442776e-01, 9.457400e-01, -2.955313e+00, 1.838730e+00, 4.741910e-10, 5.514200e-10, 3.007228e+01, -5.452354e-02
3.160200e+09, 1.415152e-01, 9.460986e-01, -2.966635e+00, 1.825564e+00, 4.716578e-10, 5.518636e-10, 3.022049e+01, -5.023057e-02
3.164000e+09, 1.387236e-01, 9.464532e-01, -2.977896e+00, 1.812388e+00, 4.689230e-10, 5.523035e-10, 3.037311e+01, -4.606904e-02
3.167800e+09, 1.359030e-01, 9.468036e-01, -2.989093e+00, 1.799201e+00, 4.659661e-10, 5.527393e-10, 3.053010e+01, -4.204213e-02
3.171600e+09, 1.330538e-01, 9.471493e-01, -3.000218e+00, 1.786004e+00, 4.627641e-10, 5.531708e-10, 3.069141e+01, -3.815291e-02
3.175400e+09, 1.301763e-01, 9.474903e-01, -3.011267e+00, 1.772796e+00, 4.592909e-10, 5.535979e-10, 3.085698e+01, -3.440433e-02
3.179200e+09, 1.272710e-01, 9.478263e-01, -3.022233e+00, 1.759579e+00, 4.555170e-10, 5.540202e-10, 3.102676e+01, -3.079925e-02
3.183000e+09, 1.243382e-01, 9.481571e-01, -3.033109e+00, 1.746351e+00, 4.514088e-10, 5.544375e-10, 3.120069e+01, -2.734042e-02
3.186800e+09, 1.213784e-01, 9.484823e-01, -3.043887e+00, 1.733113e+00, 4.469281e-10, 5.548497e-10, 3.137872e+01, -2.403048e-02
3.190600e+09, 1.183918e-01, 9.488018e-01, -3.054558e+00, 1.719865e+00, 4.420309e-10, 5.552564e-10, 3.156077e+01, -2.087197e-02
3.194400e+09, 1.153789e-01, 9.491154e-01, -3.065112e+00, 1.706608e+00, 4.366669e-10, 5.556575e-10, 3.174678e+01, -1.786733e-02
3.198200e+09, 1.123402e-01, 9.494227e-01, -3.075538e+00, 1.693341e+00, 4.307777e-10, 5.560527e-10, 3.193669e+01, -1.501889e-02
3.202000e+09, 1.092761e-01, 9.497237e-01, -3.085823e+00, 1.680065e+00, 4.242958e-10, 5.564419e-10, 3.213042e+01, -1.232887e-02
3.205800e+09, 1.061870e-01, 9.500180e-01, -3.095954e+00, 1.666779e+00, 4.171426e-10, 5.568248e-10, 3.232790e+01, -9.799386e-03
3.209600e+09, 1.030735e-01, 9.503055e-01, -3.105913e+00, 1.653484e+00, 4.092259e-10, 5.572012e-10, 3.252904e+01, -7.432466e-03
3.213400e+09, 9.993597e-02, 9.505859e-01, -3.115684e+00, 1.640180e+00, 4.004375e-10, 5.575709e-10, 3.273377e+01, -5.230024e-03
3.217200e+09, 9.677502e-02, 9.508590e-01, -3.125245e+00, 1.626868e+00, 3.906492e-10, 5.579336e-10, 3.294200e+01, -3.193876e-03
3.221000e+09, 9.359115e-02, 9.511246e-01, -3.134572e+00, 1.613547e+00, 3.797088e-10, 5.582893e-10, 3.315364e+01, -1.325735e-03
3.224800e+09, 9.038494e-02, 9.513825e-01, 3.139547e+00, 1.600217e+00, 3.674336e-10, 5.586376e-10, 3.336860e+01, 3.727840e-04
3.228600e+09, 8.715697e-02, 9.516325e-01, 3.130774e+00, 1.586879e+00, 3.536040e-10, 5.589785e-10, 3.358678e+01, 1.900165e-03
3.232400e+09, 8.390787e-02, 9.518743e-01, 3.122332e+00, 1.573532e+00, 3.379531e-10, 5.593116e-10, 3.380809e+01, 3.254992e-03
3.236200e+09, 8.063830e-02, 9.521079e-01, 3.114263e+00, 1.560178e+00, 3.201548e-10, 5.596367e-10, 3.403241e+01, 4.435946e-03
3.240000e+09, 7.734899e-02, 9.523329e-01, 3.106619e+00, 1.546816e+00, 2.998066e-10, 5.599538e-10, 3.425965e+01, 5.441805e-03
3.243800e+09, 7.404069e-02, 9.525492e-01, 3.099460e+00, 1.533447e+00, 2.764081e-10, 5.602626e-10, 3.448968e+01, 6.271446e-03
3.247600e+09, 7.071425e-02, 9.527566e-01, 3.092861e+00, 1.520070e+00, 2.493304e-10, 5.605628e-10, 3.472240e+01, 6.923842e-03
3.251400e+09, 6.737056e-02, 9.529550e-01, 3.086908e+00, 1.506686e+00, 2.177750e-10, 5.608544e-10, 3.495768e+01, 7.398061e-03
3.255200e+09, 6.401066e-02, 9.531440e-01, 3.081708e+00, 1.493295e+00, 1.807163e-10, 5.611371e-10, 3.519539e+01, 7.693269e-03
3.259000e+09, 6.063568e-02, 9.533237e-01, 3.077393e+00, 1.479897e+00, 1.368199e-10, 5.614108e-10, 3.543541e+01, 7.808729e-03
3.262800e+09, 5.724693e-02, 9.534937e-01, 3.074127e+00, 1.466493e+00, 8.432553e-11, 5.616752e-10, 3.567761e+01, 7.743800e-03
3.266600e+09, 5.384595e-02, 9.536539e-01, 3.072113e+00, 1.453082e+00, 2.087504e-11, 5.619302e-10, 3.592184e+01, 7.497937e-03
3.270400e+09, 5.043454e-02, 9.538042e-01, 3.071615e+00, 1.439665e+00, -5.674527e-11, 5.621756e-10, 3.616795e+01, 7.070695e-03
3.274200e+09, 4.701491e-02, 9.539444e-01, 3.072970e+00, 1.426243e+00, -1.529989e-10, 5.624112e-10, 3.641581e+01, 6.461724e-03
3.278000e+09, 4.358981e-02, 9.540743e-01, 3.076623e+00, 1.412815e+00, -2.742174e-10, 5.626369e-10, 3.666525e+01, 5.670776e-03
3.281800e+09, 4.016278e-02, 9.541938e-01, 3.083170e+00, 1.399381e+00, -4.295969e-10, 5.628525e-10, 3.691612e+01, 4.697701e-03
3.285600e+09, 3.673847e-02, 9.543027e-01, 3.093427e+00, 1.385942e+00, -6.328488e-10, 5.630577e-10, 3.716825e+01, 3.542451e-03
3.289400e+09, 3.332326e-02, 9.544010e-01, 3.108537e+00, 1.372499e+00, -9.050168e-10, 5.632526e-10, 3.742148e+01, 2.205080e-03
3.293200e+09, 2.992619e-02, 9.544884e-01, 3.130145e+00, 1.359051e+00, -1.279424e-09, 5.634368e-10, 3.767562e+01, 6.857444e-04
3.297000e+09, 2.656062e-02, 9.545648e-01, -3.122492e+00, 1.345598e+00, -1.810557e-09, 5.636102e-10, 3.793050e+01, -1.015292e-03
3.300800e+09, 2.324726e-02, 9.546301e-01, -3.079263e+00, 1.332141e+00, -2.590050e-09, 5.637728e-10, 3.818593e+01, -2.897660e-03
3.304600e+09, 2.001976e-02, 9.546842e-01, -3.017423e+00, 1.318680e+00, -3.773740e-09, 5.639242e-10, 3.844172e+01, -4.960880e-03
3.308400e+09, 1.693603e-02, 9.547270e-01, -2.927321e+00, 1.305216e+00, -5.614592e-09, 5.640644e-10, 3.869767e+01, -7.204364e-03
3.312200e+09, 1.410061e-02, 9.547584e-01, -2.793266e+00, 1.291748e+00, -8.426179e-09, 5.641933e-10, 3.895359e+01, -9.627409e-03
3.316000e+09, 1.170671e-02, 9.547782e-01, -2.592082e+00, 1.278278e+00, -1.212619e-08, 5.643106e-10, 3.920926e+01, -1.222920e-02
3.319800e+09, 1.008629e-02, 9.547863e-01, -2.302556e+00, 1.264804e+00, -1.498674e-08, 5.644163e-10, 3.946448e+01, -1.500880e-02
3.323600e+09, 9.649512e-03, 9.547828e-01, -1.944731e+00, 1.251328e+00, -1.430564e-08, 5.645102e-10, 3.971903e+01, -1.796515e-02
3.327400e+09, 1.055446e-02, 9.547674e-01, -1.603168e+00, 1.237850e+00, -1.082823e-08, 5.645922e-10, 3.997268e+01, -2.109708e-02
3.331200e+09, 1.252102e-02, 9.547401e-01, -1.344632e+00, 1.224369e+00, -7.348165e-09, 5.646622e-10, 4.022522e+01, -2.440330e-02
3.335000e+09, 1.514678e-02, 9.547009e-01, -1.169186e+00, 1.210888e+00, -4.895075e-09, 5.647200e-10, 4.047640e+01, -2.788236e-02
3.338800e+09, 1.815211e-02, 9.546496e-01, -1.052311e+00, 1.197404e+00, -3.312010e-09, 5.647655e-10, 4.072599e+01, -3.153272e-02
3.342600e+09, 2.138072e-02, 9.545862e-01, -9.732330e-01, 1.183920e+00, -2.288194e-09, 5.647987e-10, 4.097376e+01, -3.535269e-02
3.346400e+09, 2.474773e-02, 9.545106e-01, -9.185998e-01, 1.170435e+00, -1.606308e-09, 5.648193e-10, 4.121946e+01, -3.934045e-02
3.350200e+09, 2.820538e-02, 9.544229e-01, -8.802474e-01, 1.156949e+00, -1.136099e-09, 5.648274e-10, 4.146285e+01, -4.349403e-02
3.354000e+09, 3.172527e-02, 9.543229e-01, -8.531218e-01, 1.143463e+00, -8.009530e-10, 5.648228e-10, 4.170366e+01, -4.781134e-02
3.357800e+09, 3.528964e-02, 9.542106e-01, -8.339982e-01, 1.129977e+00, -5.549203e-10, 5.648054e-10, 4.194166e+01, -5.229015e-02
3.361600e+09, 3.888675e-02, 9.540861e-01, -8.207488e-01, 1.116492e+00, -3.695947e-10, 5.647752e-10, 4.217658e+01, -5.692808e-02
3.365400e+09, 4.250852e-02, 9.539492e-01, -8.119243e-01, 1.103007e+00, -2.268428e-10, 5.647321e-10, 4.240817e+01, -6.172261e-02
3.369200e+09, 4.614913e-02, 9.538000e-01, -8.065082e-01, 1.089524e+00, -1.147293e-10, 5.646759e-10, 4.263616e+01, -6.667106e-02
3.373000e+09, 4.980423e-02, 9.536384e-01, -8.037689e-01, 1.076041e+00, -2.517554e-11, 5.646067e-10, 4.286030e+01, -7.177063e-02
3.376800e+09, 5.347047e-02, 9.534645e-01, -8.031678e-01, 1.062561e+00, 4.742712e-11, 5.645244e-10, 4.308033e+01, -7.701836e-02
3.380600e+09, 5.714514e-02, 9.532783e-01, -8.043002e-01, 1.049082e+00, 1.070618e-10, 5.644290e-10, 4.329599e+01, -8.241114e-02
3.384400e+09, 6.082604e-02, 9.530798e-01, -8.068564e-01, 1.035606e+00, 1.566153e-10, 5.643203e-10, 4.350701e+01, -8.794571e-02
3.388200e+09, 6.451129e-02, 9.528690e-01, -8.105958e-01, 1.022132e+00, 1.982189e-10, 5.641983e-10, 4.371313e+01, -9.361868e-02
3.392000e+09, 6.819928e-02, 9.526460e-01, -8.153285e-01, 1.008661e+00, 2.334717e-10, 5.640631e-10, 4.391411e+01, -9.942649e-02
3.395800e+09, 7.188856e-02, 9.524108e-01, -8.209029e-01, 9.951935e-01, 2.635919e-10, 5.639147e-10, 4.410967e+01, -1.053654e-01
3.399600e+09, 7.557785e-02, 9.521634e-01, -8.271964e-01, 9.817295e-01, 2.895199e-10, 5.637529e-10, 4.429958e+01, -1.114317e-01
3.403400e+09, 7.926596e-02, 9.519039e-01, -8.341090e-01, 9.682692e-01, 3.119909e-10, 5.635778e-10, 4.448358e+01, -1.176213e-01
3.407200e+09, 8.295180e-02, 9.516323e-01, -8.415582e-01, 9.548132e-01, 3.315857e-10, 5.633893e-10, 4.466143e+01, -1.239301e-01
3.411000e+09, 8.663434e-02, 9.513488e-01, -8.494751e-01, 9.413616e-01, 3.487684e-10, 5.631876e-10, 4.483288e+01, -1.303539e-01
3.414800e+09, 9.031260e-02, 9.510534e-01, -8.578024e-01, 9.279149e-01, 3.639129e-10, 5.629726e-10, 4.499772e+01, -1.368882e-01
3.418600e+09, 9.398565e-02, 9.507463e-01, -8.664912e-01, 9.144733e-01, 3.773233e-10, 5.627444e-10, 4.515570e+01, -1.435286e-01
3.422400e+09, 9.765259e-02, 9.504274e-01, -8.755002e-01, 9.010372e-01, 3.892488e-10, 5.625030e-10, 4.530662e+01, -1.502703e-01
3.426200e+09, 1.013126e-01, 9.500969e-01, -8.847939e-01, 8.876068e-01, 3.998954e-10, 5.622483e-10, 4.545025e+01, -1.571086e-01
3.430000e+09, 1.049647e-01, 9.497549e-01, -8.943419e-01, 8.741825e-01, 4.094343e-10, 5.619806e-10, 4.558640e+01, -1.640387e-01
3.433800e+09, 1.086082e-01, 9.494015e-01, -9.041176e-01, 8.607646e-01, 4.180086e-10, 5.616998e-10, 4.571488e+01, -1.710555e-01
3.437600e+09, 1.122423e-01, 9.490369e-01, -9.140980e-01, 8.473534e-01, 4.257391e-10, 5.614061e-10, 4.583550e+01, -1.781540e-01
3.441400e+09, 1.158661e-01, 9.486612e-01, -9.242630e-01, 8.339492e-01, 4.327279e-10, 5.610994e-10, 4.594809e+01, -1.853289e-01
3.445200e+09, 1.194789e-01, 9.482746e-01, -9.345949e-01, 8.205523e-01, 4.390620e-10, 5.607799e-10, 4.605249e+01, -1.925749e-01
3.449000e+09, 1.230800e-01, 9.478771e-01, -9.450779e-01, 8.071631e-01, 4.448157e-10, 5.604477e-10, 4.614855e+01, -1.998868e-01
3.452800e+09, 1.266685e-01, 9.474690e-01, -9.556984e-01, 7.937818e-01, 4.500531e-10, 5.601030e-10, 4.623613e+01, -2.072590e-01
3.456600e+09, 1.302438e-01, 9.470503e-01, -9.664439e-01, 7.804087e-01, 4.548292e-10, 5.597457e-10, 4.631511e+01, -2.146861e-01
3.460400e+09, 1.338051e-01, 9.466214e-01, -9.773035e-01, 7.670442e-01, 4.591920e-10, 5.593761e-10, 4.638537e+01, -2.221624e-01
3.464200e+09, 1.373516e-01, 9.461823e-01, -9.882672e-01, 7.536884e-01, 4.631830e-10, 5.589942e-10, 4.644683e+01, -2.296825e-01
3.468000e+09, 1.408827e-01, 9.457333e-01, -9.993262e-01, 7.403418e-01, 4.668388e-10, 5.586003e-10, 4.649939e+01, -2.372405e-01
3.471800e+09, 1.443977e-01, 9.452746e-01, -1.010472e+00, 7.270046e-01, 4.701911e-10, 5.581945e-10, 4.654299e+01, -2.448310e-01
3.475600e+09, 1.478958e-01, 9.448063e-01, -1.021699e+00, 7.136771e-01, 4.732681e-10, 5.577769e-10, 4.657757e+01, -2.524481e-01
3.479400e+09, 1.513764e-01, 9.443287e-01, -1.032999e+00, 7.003596e-01, 4.760945e-10, 5.573477e-10, 4.660310e+01, -2.600862e-01
3.483200e+09, 1.548388e-01, 9.438419e-01, -1.044366e+00, 6.870523e-01, 4.786922e-10, 5.569072e-10, 4.661955e+01, -2.677395e-01
3.487000e+09, 1.582822e-01, 9.433463e-01, -1.055795e+00, 6.737555e-01, 4.810807e-10, 5.564555e-10, 4.662690e+01, -2.754025e-01
3.490800e+09, 1.617061e-01, 9.428420e-01, -1.067282e+00, 6.604695e-01, 4.832774e-10, 5.559927e-10, 4.662517e+01, -2.830693e-01
3.494600e+09, 1.651098e-01, 9.423294e-01, -1.078820e+00, 6.471946e-01, 4.852976e-10, 5.555192e-10, 4.661436e+01, -2.907344e-01
3.498400e+09, 1.684925e-01, 9.418085e-01, -1.090407e+00, 6.339310e-01, 4.871554e-10, 5.550352e-10, 4.659452e+01, -2.983922e-01
3.502200e+09, 1.718537e-01, 9.412797e-01, -1.102039e+00, 6.206789e-01, 4.888630e-10, 5.545408e-10, 4.656570e+01, -3.060370e-01
3.506000e+09, 1.751928e-01, 9.407433e-01, -1.113711e+00, 6.074386e-01, 4.904318e-10, 5.540363e-10, 4.652794e+01, -3.136635e-01
3.509800e+09, 1.785090e-01, 9.401996e-01, -1.125420e+00, 5.942104e-01, 4.918717e-10, 5.535220e-10, 4.648134e+01, -3.212661e-01
3.513600e+09, 1.818018e-01, 9.396486e-01, -1.137164e+00, 5.809944e-01, 4.931920e-10, 5.529982e-10, 4.642597e+01, -3.288396e-01
3.517400e+09, 1.850705e-01, 9.390909e-01, -1.148940e+00, 5.677910e-01, 4.944008e-10, 5.524650e-10, 4.636195e+01, -3.363785e-01
3.521200e+09, 1.883146e-01, 9.385266e-01, -1.160744e+00, 5.546003e-01, 4.955057e-10, 5.519228e-10, 4.628938e+01, -3.438779e-01
3.525000e+09, 1.915334e-01, 9.379561e-01, -1.172575e+00, 5.414225e-01, 4.965135e-10, 5.513719e-10, 4.620838e+01, -3.513324e-01
3.528800e+09, 1.947264e-01, 9.373796e-01, -1.184430e+00, 5.282579e-01, 4.974304e-10, 5.508125e-10, 4.611911e+01, -3.587373e-01
3.532600e+09, 1.978929e-01, 9.367974e-01, -1.196307e+00, 5.151066e-01, 4.982621e-10, 5.502450e-10, 4.602170e+01, -3.660875e-01
3.536400e+09, 2.010323e-01, 9.362099e-01, -1.208203e+00, 5.019689e-01, 4.990138e-10, 5.496697e-10, 4.591631e+01, -3.733783e-01
3.540200e+09, 2.041442e-01, 9.356173e-01, -1.220118e+00, 4.888450e-01, 4.996902e-10, 5.490869e-10, 4.580312e+01, -3.806052e-01
3.544000e+09, 2.072279e-01, 9.350200e-01, -1.232048e+00, 4.757349e-01, 5.002958e-10, 5.484969e-10, 4.568229e+01, -3.877635e-01
3.547800e+09, 2.102830e-01, 9.344183e-01, -1.243993e+00, 4.626389e-01, 5.008346e-10, 5.479000e-10, 4.555402e+01, -3.948488e-01
3.551600e+09, 2.133088e-01, 9.338125e-01, -1.255951e+00, 4.495572e-01, 5.013103e-10, 5.472967e-10, 4.541849e+01, -4.018570e-01
3.555400e+09, 2.163048e-01, 9.332029e-01, -1.267921e+00, 4.364899e-01, 5.017263e-10, 5.466871e-10, 4.527591e+01, -4.087839e-01
3.559200e+09, 2.192705e-01, 9.325899e-01, -1.279900e+00, 4.234371e-01, 5.020858e-10, 5.460719e-10, 4.512647e+01, -4.156256e-01
3.563000e+09, 2.222054e-01, 9.319739e-01, -1.291888e+00, 4.103991e-01, 5.023918e-10, 5.454511e-10, 4.497040e+01, -4.223781e-01
3.566800e+09, 2.251090e-01, 9.313550e-01, -1.303883e+00, 3.973758e-01, 5.026469e-10, 5.448253e-10, 4.480791e+01, -4.290377e-01
3.570600e+09, 2.279808e-01, 9.307338e-01, -1.315884e+00, 3.843675e-01, 5.028539e-10, 5.441949e-10, 4.463921e+01, -4.356010e-01
3.574400e+09, 2.308203e-01, 9.301106e-01, -1.327890e+00, 3.713743e-01, 5.030149e-10, 5.435601e-10, 4.446453e+01, -4.420645e-01
3.578200e+09, 2.336271e-01, 9.294856e-01, -1.339900e+00, 3.583962e-01, 5.031323e-10, 5.429214e-10, 4.428410e+01, -4.484250e-01
3.582000e+09, 2.364005e-01, 9.288592e-01, -1.351913e+00, 3.454333e-01, 5.032081e-10, 5.422793e-10, 4.409814e+01, -4.546792e-01
3.585800e+09, 2.391404e-01, 9.282319e-01, -1.363928e+00, 3.324858e-01, 5.032442e-10, 5.416340e-10, 4.390689e+01, -4.608243e-01
3.589600e+09, 2.418460e-01, 9.276039e-01, -1.375943e+00, 3.195537e-01, 5.032425e-10, 5.409859e-10, 4.371057e+01, -4.668573e-01
3.593400e+09, 2.445171e-01, 9.269756e-01, -1.387959e+00, 3.066371e-01, 5.032047e-10, 5.403356e-10, 4.350941e+01, -4.727756e-01
3.597200e+09, 2.471533e-01, 9.263473e-01, -1.399973e+00, 2.937360e-01, 5.031323e-10, 5.396834e-10, 4.330365e+01, -4.785765e-01
3.601000e+09, 2.497540e-01, 9.257195e-01, -1.411986e+00, 2.808504e-01, 5.030270e-10, 5.390297e-10, 4.309352e+01, -4.842578e-01
3.604800e+09, 2.523188e-01, 9.250925e-01, -1.423997e+00, 2.679805e-01, 5.028901e-10, 5.383750e-10, 4.287924e+01, -4.898169e-01
3.608600e+09, 2.548475e-01, 9.244666e-01, -1.436004e+00, 2.551262e-01, 5.027230e-10, 5.377196e-10, 4.266105e+01, -4.952519e-01
3.612400e+09, 2.573396e-01, 9.238423e-01, -1.448007e+00, 2.422875e-01, 5.025270e-10, 5.370641e-10, 4.243917e+01, -5.005605e-01
3.616200e+09, 2.597947e-01, 9.232198e-01, -1.460005e+00, 2.294645e-01, 5.023033e-10, 5.364087e-10, 4.221381e+01, -5.057409e-01
3.620000e+09, 2.622125e-01, 9.225995e-01, -1.471998e+00, 2.166572e-01, 5.020530e-10, 5.357541e-10, 4.198521e+01, -5.107913e-01
3.623800e+09, 2.645926e-01, 9.219818e-01, -1.483985e+00, 2.038655e-01, 5.017773e-10, 5.351005e-10, 4.175358e+01, -5.157099e-01
3.627600e+09, 2.669347e-01, 9.213671e-01, -1.495966e+00, 1.910894e-01, 5.014772e-10, 5.344484e-10, 4.151914e+01, -5.204953e-01
3.631400e+09, 2.692384e-01, 9.207557e-01, -1.507939e+00, 1.783288e-01, 5.011537e-10, 5.337983e-10, 4.128208e+01, -5.251458e-01
3.635200e+09, 2.715035e-01, 9.201480e-01, -1.519905e+00, 1.655838e-01, 5.008077e-10, 5.331505e-10, 4.104263e+01, -5.296602e-01
3.639000e+09, 2.737295e-01, 9.195444e-01, -1.531862e+00, 1.528542e-01, 5.004402e-10, 5.325056e-10, 4.080098e+01, -5.340371e-01
3.642800e+09, 2.759162e-01, 9.189451e-01, -1.543811e+00, 1.401401e-01, 5.000521e-10, 5.318640e-10, 4.055734e+01, -5.382754e-01
3.646600e+09, 2.780634e-01, 9.183506e-01, -1.555750e+00, 1.274412e-01, 4.996441e-10, 5.312261e-10, 4.031189e+01, -5.423739e-01
3.650400e+09, 2.801707e-01, 9.177611e-01, -1.567679e+00, 1.147576e-01, 4.992171e-10, 5.305923e-10, 4.006483e+01, -5.463317e-01
3.654200e+09, 2.822378e-01, 9.171772e-01, -1.579599e+00, 1.020891e-01, 4.987719e-10, 5.299631e-10, 3.981634e+01, -5.501479e-01
3.658000e+09, 2.842645e-01, 9.165990e-01, -1.591508e+00, 8.943569e-02, 4.983092e-10, 5.293389e-10, 3.956660e+01, -5.538216e-01
3.661800e+09, 2.862506e-01, 9.160270e-01, -1.603405e+00, 7.679714e-02, 4.978297e-10, 5.287201e-10, 3.931578e+01, -5.573521e-01
3.665600e+09, 2.881957e-01, 9.154615e-01, -1.615291e+00, 6.417336e-02, 4.973341e-10, 5.281071e-10, 3.906407e+01, -5.607386e-01
3.669400e+09, 2.900998e-01, 9.149028e-01, -1.627166e+00, 5.156422e-02, 4.968231e-10, 5.275005e-10, 3.881161e+01, -5.639805e-01
3.673200e+09, 2.919624e-01, 9.143512e-01, -1.639028e+00, 3.896956e-02, 4.962973e-10, 5.269006e-10, 3.855858e+01, -5.670773e-01
3.677000e+09, 2.937835e-01, 9.138072e-01, -1.650878e+00, 2.638923e-02, 4.957574e-10, 5.263078e-10, 3.830514e+01, -5.700284e-01
3.680800e+09, 2.955628e-01, 9.132710e-01, -1.662714e+00, 1.382305e-02, 4.952039e-10, 5.257225e-10, 3.805142e+01, -5.728335e-01
3.684600e+09, 2.973002e-01, 9.127429e-01, -1.674538e+00, 1.270846e-03, 4.946374e-10, 5.251452e-10, 3.779758e+01, -5.754920e-01
3.688400e+09, 2.989953e-01, 9.122233e-01, -1.686348e+00, -1.126757e-02, 4.940585e-10, 5.245762e-10, 3.754377e+01, -5.780037e-01
3.692200e+09, 3.006482e-01, 9.117125e-01, -1.698144e+00, -2.379241e-02, 4.934678e-10, 5.240160e-10, 3.729011e+01, -5.803683e-01
3.696000e+09, 3.022585e-01, 9.112108e-01, -1.709926e+00, -3.630387e-02, 4.928657e-10, 5.234650e-10, 3.703674e+01, -5.825855e-01
3.699800e+09, 3.038262e-01, 9.107186e-01, -1.721694e+00, -4.880218e-02, 4.922528e-10, 5.229235e-10, 3.678380e+01, -5.846551e-01
3.703600e+09, 3.053510e-01, 9.102360e-01, -1.733447e+00, -6.128755e-02, 4.916296e-10, 5.223919e-10, 3.653140e+01, -5.865769e-01
3.707400e+09, 3.068329e-01, 9.097634e-01, -1.745185e+00, -7.376023e-02, 4.909965e-10, 5.218706e-10, 3.627966e+01, -5.883508e-01
3.711200e+09, 3.082717e-01, 9.093011e-01, -1.756908e+00, -8.622047e-02, 4.903541e-10, 5.213601e-10, 3.602870e+01, -5.899767e-01
3.715000e+09, 3.096672e-01, 9.088494e-01, -1.768616e+00, -9.866852e-02, 4.897027e-10, 5.208606e-10, 3.577864e+01, -5.914545e-01
3.718800e+09, 3.110195e-01, 9.084086e-01, -1.780308e+00, -1.111046e-01, 4.890429e-10, 5.203725e-10, 3.552957e+01, -5.927842e-01
3.722600e+09, 3.123282e-01, 9.079789e-01, -1.791985e+00, -1.235291e-01, 4.883751e-10, 5.198962e-10, 3.528161e+01, -5.939657e-01
3.726400e+09, 3.135935e-01, 9.075606e-01, -1.803645e+00, -1.359422e-01, 4.876996e-10, 5.194319e-10, 3.503484e+01, -5.949990e-01
3.730200e+09, 3.148150e-01, 9.071540e-01, -1.815290e+00, -1.483442e-01, 4.870168e-10, 5.189802e-10, 3.478938e+01, -5.958842e-01
3.734000e+09, 3.159929e-01, 9.067593e-01, -1.826918e+00, -1.607354e-01, 4.863273e-10, 5.185412e-10, 3.454531e+01, -5.966214e-01
3.737800e+09, 3.171269e-01, 9.063767e-01, -1.838529e+00, -1.731162e-01, 4.856312e-10, 5.181154e-10, 3.430273e+01, -5.972105e-01
3.741600e+09, 3.182170e-01, 9.060066e-01, -1.850124e+00, -1.854868e-01, 4.849291e-10, 5.177029e-10, 3.406171e+01, -5.976518e-01
3.745400e+09, 3.192632e-01, 9.056491e-01, -1.861702e+00, -1.978475e-01, 4.842212e-10, 5.173042e-10, 3.382234e+01, -5.979453e-01
3.749200e+09, 3.202653e-01, 9.053045e-01, -1.873264e+00, -2.101987e-01, 4.835080e-10, 5.169196e-10, 3.358471e+01, -5.980911e-01
3.753000e+09, 3.212234e-01, 9.049730e-01, -1.884808e+00, -2.225407e-01, 4.827896e-10, 5.165493e-10, 3.334889e+01, -5.980894e-01
3.756800e+09, 3.221373e-01, 9.046549e-01, -1.896335e+00, -2.348739e-01, 4.820665e-10, 5.161936e-10, 3.311496e+01, -5.979405e-01
3.760600e+09, 3.230071e-01, 9.043502e-01, -1.907845e+00, -2.471986e-01, 4.813390e-10, 5.158527e-10, 3.288298e+01, -5.976444e-01
3.764400e+09, 3.238326e-01, 9.040593e-01, -1.919338e+00, -2.595152e-01, 4.806073e-10, 5.155271e-10, 3.265304e+01, -5.972014e-01
3.768200e+09, 3.246140e-01, 9.037823e-01, -1.930813e+00, -2.718239e-01, 4.798717e-10, 5.152168e-10, 3.242519e+01, -5.966117e-01
3.772000e+09, 3.253510e-01, 9.035193e-01, -1.942270e+00, -2.841253e-01, 4.791325e-10, 5.149222e-10, 3.219950e+01, -5.958755e-01
3.775800e+09, 3.260438e-01, 9.032707e-01, -1.953710e+00, -2.964196e-01, 4.783900e-10, 5.146436e-10, 3.197604e+01, -5.949932e-01
3.779600e+09, 3.266923e-01, 9.030366e-01, -1.965132e+00, -3.087073e-01, 4.776443e-10, 5.143811e-10, 3.175487e+01, -5.939649e-01
3.783400e+09, 3.272965e-01, 9.028170e-01, -1.976536e+00, -3.209887e-01, 4.768958e-10, 5.141349e-10, 3.153604e+01, -5.927911e-01
3.787200e+09, 3.278563e-01, 9.026122e-01, -1.987923e+00, -3.332643e-01, 4.761446e-10, 5.139053e-10, 3.131962e+01, -5.914719e-01
3.791000e+09, 3.283719e-01, 9.024224e-01, -1.999291e+00, -3.455343e-01, 4.753910e-10, 5.136926e-10, 3.110566e+01, -5.900079e-01
3.794800e+09, 3.288431e-01, 9.022476e-01, -2.010642e+00, -3.577993e-01, 4.746351e-10, 5.134968e-10, 3.089422e+01, -5.883993e-01
3.798600e+09, 3.292700e-01, 9.020880e-01, -2.021974e+00, -3.700596e-01, 4.738770e-10, 5.133182e-10, 3.068535e+01, -5.866465e-01
3.802400e+09, 3.296526e-01, 9.019438e-01, -2.033288e+00, -3.823157e-01, 4.731171e-10, 5.131571e-10, 3.047910e+01, -5.847500e-01
3.806200e+09, 3.299910e-01, 9.018150e-01, -2.044585e+00, -3.945678e-01, 4.723554e-10, 5.130134e-10, 3.027552e+01, -5.827102e-01
3.810000e+09, 3.302850e-01, 9.017017e-01, -2.055863e+00, -4.068166e-01, 4.715920e-10, 5.128875e-10, 3.007467e+01, -5.805276e-01
3.813800e+09, 3.305349e-01, 9.016041e-01, -2.067122e+00, -4.190624e-01, 4.708271e-10, 5.127795e-10, 2.987659e+01, -5.782027e-01
3.817600e+09, 3.307405e-01, 9.015222e-01, -2.078364e+00, -4.313055e-01, 4.700607e-10, 5.126895e-10, 2.968132e+01, -5.757361e-01
3.821400e+09, 3.309019e-01, 9.014562e-01, -2.089587e+00, -4.435466e-01, 4.692930e-10, 5.126177e-10, 2.948893e+01, -5.731283e-01
3.825200e+09, 3.310191e-01, 9.014060e-01, -2.100792e+00, -4.557859e-01, 4.685240e-10, 5.125642e-10, 2.929944e+01, -5.703800e-01
3.829000e+09, 3.310922e-01, 9.013719e-01, -2.111979e+00, -4.680239e-01, 4.677537e-10, 5.125291e-10, 2.911291e+01, -5.674918e-01
3.832800e+09, 3.311213e-01, 9.013537e-01, -2.123147e+00, -4.802611e-01, 4.669822e-10, 5.125127e-10, 2.892938e+01, -5.644644e-01
3.836600e+09, 3.311062e-01, 9.013517e-01, -2.134296e+00, -4.924979e-01, 4.662095e-10, 5.125149e-10, 2.874890e+01, -5.612986e-01
3.840400e+09, 3.310471e-01, 9.013658e-01, -2.145428e+00, -5.047348e-01, 4.654356e-10, 5.125359e-10, 2.857151e+01, -5.579952e-01
3.844200e+09, 3.309441e-01, 9.013960e-01, -2.156540e+00, -5.169721e-01, 4.646605e-10, 5.125758e-10, 2.839724e+01, -5.545551e-01
3.848000e+09, 3.307971e-01, 9.014425e-01, -2.167635e+00, -5.292105e-01, 4.638840e-10, 5.126347e-10, 2.822615e+01, -5.509791e-01
3.851800e+09, 3.306062e-01, 9.015051e-01, -2.178710e+00, -5.414502e-01, 4.631061e-10, 5.127127e-10, 2.805828e+01, -5.472683e-01
3.855600e+09, 3.303715e-01, 9.015839e-01, -2.189768e+00, -5.536918e-01, 4.623268e-10, 5.128097e-10, 2.789366e+01, -5.434237e-01
3.859400e+09, 3.300930e-01, 9.016790e-01, -2.200806e+00, -5.659357e-01, 4.615458e-10, 5.129261e-10, 2.773234e+01, -5.394464e-01
3.863200e+09, 3.297707e-01, 9.017902e-01, -2.211826e+00, -5.781823e-01, 4.607631e-10, 5.130616e-10, 2.757435e+01, -5.353375e-01
3.867000e+09, 3.294047e-01, 9.019177e-01, -2.222827e+00, -5.904322e-01, 4.599785e-10, 5.132165e-10, 2.741975e+01, -5.310983e-01
3.870800e+09, 3.289951e-01, 9.020612e-01, -2.233810e+00, -6.026858e-01, 4.591917e-10, 5.133907e-10, 2.726856e+01, -5.267301e-01
3.874600e+09, 3.285419e-01, 9.022209e-01, -2.244774e+00, -6.149436e-01, 4.584026e-10, 5.135844e-10, 2.712084e+01, -5.222343e-01
3.878400e+09, 3.280451e-01, 9.023967e-01, -2.255718e+00, -6.272060e-01, 4.576109e-10, 5.137974e-10, 2.697661e+01, -5.176124e-01
3.882200e+09, 3.275048e-01, 9.025884e-01, -2.266644e+00, -6.394735e-01, 4.568162e-10, 5.140298e-10, 2.683592e+01, -5.128659e-01
3.886000e+09, 3.269211e-01, 9.027961e-01, -2.277551e+00, -6.517465e-01, 4.560184e-10, 5.142817e-10, 2.669882e+01, -5.079966e-01
3.889800e+09, 3.262940e-01, 9.030196e-01, -2.288439e+00, -6.640256e-01, 4.552169e-10, 5.145529e-10, 2.656533e+01, -5.030061e-01
3.893600e+09, 3.256236e-01, 9.032589e-01, -2.299308e+00, -6.763111e-01, 4.544115e-10, 5.148436e-10, 2.643549e+01, -4.978962e-01
3.897400e+09, 3.249098e-01, 9.035139e-01, -2.310158e+00, -6.886035e-01, 4.536016e-10, 5.151536e-10, 2.630936e+01, -4.926690e-01
3.901200e+09, 3.241529e-01, 9.037844e-01, -2.320988e+00, -7.009034e-01, 4.527869e-10, 5.154828e-10, 2.618696e+01, -4.873265e-01
3.905000e+09, 3.233528e-01, 9.040704e-01, -2.331799e+00, -7.132111e-01, 4.519668e-10, 5.158313e-10, 2.606834e+01, -4.818708e-01
3.908800e+09, 3.225095e-01, 9.043717e-01, -2.342590e+00, -7.255272e-01, 4.511407e-10, 5.161990e-10, 2.595352e+01, -4.763041e-01
3.912600e+09, 3.216232e-01, 9.046881e-01, -2.353361e+00, -7.378520e-01, 4.503081e-10, 5.165857e-10, 2.584257e+01, -4.706289e-01
3.916400e+09, 3.206939e-01, 9.050196e-01, -2.364113e+00, -7.501860e-01, 4.494684e-10, 5.169913e-10, 2.573550e+01, -4.648476e-01
3.920200e+09, 3.197217e-01, 9.053659e-01, -2.374845e+00, -7.625298e-01, 4.486207e-10, 5.174158e-10, 2.563236e+01, -4.589628e-01
3.924000e+09, 3.187065e-01, 9.057268e-01, -2.385556e+00, -7.748837e-01, 4.477645e-10, 5.178589e-10, 2.553319e+01, -4.529771e-01
3.927800e+09, 3.176485e-01, 9.061023e-01, -2.396247e+00, -7.872481e-01, 4.468988e-10, 5.183206e-10, 2.543803e+01, -4.468936e-01
3.931600e+09, 3.165477e-01, 9.064920e-01, -2.406917e+00, -7.996236e-01, 4.460229e-10, 5.188006e-10, 2.534690e+01, -4.407150e-01
3.935400e+09, 3.154042e-01, 9.068958e-01, -2.417566e+00, -8.120105e-01, 4.451358e-10, 5.192987e-10, 2.525986e+01, -4.344444e-01
3.939200e+09, 3.142180e-01, 9.073134e-01, -2.428194e+00, -8.244094e-01, 4.442365e-10, 5.198147e-10, 2.517694e+01, -4.280851e-01
3.943000e+09, 3.129891e-01, 9.077447e-01, -2.438801e+00, -8.368205e-01, 4.433241e-10, 5.203484e-10, 2.509816e+01, -4.216403e-01
3.946800e+09, 3.117177e-01, 9.081893e-01, -2.449386e+00, -8.492444e-01, 4.423973e-10, 5.208994e-10, 2.502358e+01, -4.151135e-01
3.950600e+09, 3.104038e-01, 9.086470e-01, -2.459949e+00, -8.616814e-01, 4.414550e-10, 5.214676e-10, 2.495323e+01, -4.085083e-01
3.954400e+09, 3.090475e-01, 9.091176e-01, -2.470489e+00, -8.741321e-01, 4.404959e-10, 5.220525e-10, 2.488714e+01, -4.018282e-01
3.958200e+09, 3.076487e-01, 9.096007e-01, -2.481006e+00, -8.865966e-01, 4.395186e-10, 5.226539e-10, 2.482534e+01, -3.950773e-01
3.962000e+09, 3.062075e-01, 9.100960e-01, -2.491500e+00, -8.990756e-01, 4.385218e-10, 5.232714e-10, 2.476788e+01, -3.882593e-01
3.965800e+09, 3.047241e-01, 9.106033e-01, -2.501970e+00, -9.115693e-01, 4.375038e-10, 5.239045e-10, 2.471478e+01, -3.813782e-01
3.969600e+09, 3.031984e-01, 9.111222e-01, -2.512416e+00, -9.240781e-01, 4.364631e-10, 5.245529e-10, 2.466607e+01, -3.744384e-01
3.973400e+09, 3.016306e-01, 9.116524e-01, -2.522837e+00, -9.366023e-01, 4.353978e-10, 5.252162e-10, 2.462180e+01, -3.674440e-01
3.977200e+09, 3.000206e-01, 9.121935e-01, -2.533233e+00, -9.491425e-01, 4.343062e-10, 5.258939e-10, 2.458199e+01, -3.603994e-01
3.981000e+09, 2.983686e-01, 9.127452e-01, -2.543602e+00, -9.616987e-01, 4.331863e-10, 5.265854e-10, 2.454668e+01, -3.533091e-01
3.984800e+09, 2.966745e-01, 9.133071e-01, -2.553945e+00, -9.742716e-01, 4.320359e-10, 5.272904e-10, 2.451588e+01, -3.461778e-01
3.988600e+09, 2.949385e-01, 9.138789e-01, -2.564261e+00, -9.868612e-01, 4.308529e-10, 5.280081e-10, 2.448964e+01, -3.390101e-01
3.992400e+09, 2.931606e-01, 9.144601e-01, -2.574548e+00, -9.994680e-01, 4.296348e-10, 5.287382e-10, 2.446798e+01, -3.318108e-01
3.996200e+09, 2.913409e-01, 9.150503e-01, -2.584806e+00, -1.012092e+00, 4.283791e-10, 5.294800e-10, 2.445093e+01, -3.245848e-01
4.000000e+09, 2.894795e-01, 9.156492e-01, -2.595034e+00, -1.024734e+00, 4.283791e-10, 5.294800e-10, 2.443852e+01, -3.173371e-01
