Frequency [Hz], |S00| [-], |S10| [-], Arg(S00) [-], Arg(S10) [-], Delay 0>0 [s], Delay 0>1 [s], |Z0| [Ohm] , Arg(Z0) [-]
2.000000e+08, 4.056196e-02, 9.512871e-01, 2.156966e+00, -6.796675e-01, 7.814063e-10, 5.358672e-10, 3.824633e+01, 6.758979e-02
2.038000e+08, 4.021714e-02, 9.509674e-01, 2.138309e+00, -6.924619e-01, 7.957840e-10, 5.338492e-10, 3.830905e+01, 6.783109e-02
2.076000e+08, 3.988009e-02, 9.506691e-01, 2.119309e+00, -7.052082e-01, 8.111059e-10, 5.320265e-10, 3.837220e+01, 6.806255e-02
2.114000e+08, 3.955089e-02, 9.503983e-01, 2.099943e+00, -7.179109e-01, 8.273715e-10, 5.304336e-10, 3.843584e+01, 6.828432e-02
2.152000e+08, 3.922958e-02, 9.501601e-01, 2.080189e+00, -7.305756e-01, 8.445713e-10, 5.290986e-10, 3.850004e+01, 6.849631e-02
2.190000e+08, 3.891616e-02, 9.499586e-01, 2.060024e+00, -7.432084e-01, 8.626868e-10, 5.280426e-10, 3.856487e+01, 6.869823e-02
2.228000e+08, 3.861062e-02, 9.497971e-01, 2.039426e+00, -7.558160e-01, 8.816903e-10, 5.272796e-10, 3.863039e+01, 6.888955e-02
2.266000e+08, 3.831291e-02, 9.496777e-01, 2.018375e+00, -7.684054e-01, 9.015452e-10, 5.268163e-10, 3.869667e+01, 6.906950e-02
2.304000e+08, 3.802294e-02, 9.496015e-01, 1.996849e+00, -7.809837e-01, 9.222063e-10, 5.266520e-10, 3.876378e+01, 6.923710e-02
2.342000e+08, 3.774064e-02, 9.495687e-01, 1.974831e+00, -7.935581e-01, 9.436200e-10, 5.267794e-10, 3.883178e+01, 6.939112e-02
2.380000e+08, 3.746590e-02, 9.495784e-01, 1.952301e+00, -8.061355e-01, 9.657252e-10, 5.271843e-10, 3.890073e+01, 6.953012e-02
2.418000e+08, 3.719863e-02, 9.496285e-01, 1.929243e+00, -8.187226e-01, 9.884536e-10, 5.278466e-10, 3.897068e+01, 6.965246e-02
2.456000e+08, 3.693872e-02, 9.497163e-01, 1.905642e+00, -8.313256e-01, 1.011730e-09, 5.287407e-10, 3.904168e+01, 6.975632e-02
2.494000e+08, 3.668608e-02, 9.498381e-01, 1.881486e+00, -8.439498e-01, 1.035476e-09, 5.298362e-10, 3.911378e+01, 6.983969e-02
2.532000e+08, 3.644064e-02, 9.499898e-01, 1.856763e+00, -8.566003e-01, 1.059604e-09, 5.310991e-10, 3.918700e+01, 6.990043e-02
2.570000e+08, 3.620234e-02, 9.501664e-01, 1.831464e+00, -8.692808e-01, 1.084025e-09, 5.324919e-10, 3.926137e+01, 6.993629e-02
2.608000e+08, 3.597116e-02, 9.503626e-01, 1.805582e+00, -8.819947e-01, 1.108647e-09, 5.339754e-10, 3.933691e+01, 6.994490e-02
2.646000e+08, 3.574709e-02, 9.505727e-01, 1.779111e+00, -8.947439e-01, 1.133373e-09, 5.355089e-10, 3.941362e+01, 6.992385e-02
2.684000e+08, 3.553019e-02, 9.507908e-01, 1.752051e+00, -9.075298e-01, 1.158105e-09, 5.370516e-10, 3.949149e+01, 6.987071e-02
2.722000e+08, 3.532051e-02, 9.510112e-01, 1.724400e+00, -9.203525e-01, 1.182744e-09, 5.385633e-10, 3.957052e+01, 6.978301e-02
2.760000e+08, 3.511819e-02, 9.512281e-01, 1.696161e+00, -9.332113e-01, 1.207189e-09, 5.400053e-10, 3.965067e+01, 6.965835e-02
2.798000e+08, 3.492340e-02, 9.514359e-01, 1.667338e+00, -9.461045e-01, 1.231339e-09, 5.413414e-10, 3.973192e+01, 6.949436e-02
2.836000e+08, 3.473634e-02, 9.516295e-01, 1.637938e+00, -9.590296e-01, 1.255093e-09, 5.425389e-10, 3.981422e+01, 6.928878e-02
2.874000e+08, 3.455727e-02, 9.518043e-01, 1.607971e+00, -9.719833e-01, 1.278351e-09, 5.435687e-10, 3.989750e+01, 6.903946e-02
2.912000e+08, 3.438650e-02, 9.519562e-01, 1.577449e+00, -9.849616e-01, 1.301015e-09, 5.444068e-10, 3.998172e+01, 6.874440e-02
2.950000e+08, 3.422438e-02, 9.520819e-01, 1.546386e+00, -9.979600e-01, 1.322988e-09, 5.450340e-10, 4.006681e+01, 6.840174e-02
2.988000e+08, 3.407131e-02, 9.521787e-01, 1.514798e+00, -1.010973e+00, 1.344177e-09, 5.454371e-10, 4.015267e+01, 6.800982e-02
3.026000e+08, 3.392771e-02, 9.522450e-01, 1.482705e+00, -1.023996e+00, 1.364490e-09, 5.456086e-10, 4.023923e+01, 6.756719e-02
3.064000e+08, 3.379406e-02, 9.522798e-01, 1.450126e+00, -1.037023e+00, 1.383839e-09, 5.455470e-10, 4.032640e+01, 6.707258e-02
3.102000e+08, 3.367086e-02, 9.522830e-01, 1.417085e+00, -1.050049e+00, 1.402143e-09, 5.452570e-10, 4.041409e+01, 6.652497e-02
3.140000e+08, 3.355865e-02, 9.522555e-01, 1.383607e+00, -1.063067e+00, 1.419322e-09, 5.447491e-10, 4.050221e+01, 6.592352e-02
3.178000e+08, 3.345797e-02, 9.521988e-01, 1.349720e+00, -1.076074e+00, 1.435305e-09, 5.440391e-10, 4.059064e+01, 6.526766e-02
3.216000e+08, 3.336939e-02, 9.521155e-01, 1.315450e+00, -1.089063e+00, 1.450025e-09, 5.431482e-10, 4.067929e+01, 6.455698e-02
3.254000e+08, 3.329349e-02, 9.520085e-01, 1.280829e+00, -1.102032e+00, 1.463422e-09, 5.421017e-10, 4.076807e+01, 6.379133e-02
3.292000e+08, 3.323086e-02, 9.518815e-01, 1.245888e+00, -1.114975e+00, 1.475443e-09, 5.409289e-10, 4.085688e+01, 6.297072e-02
3.330000e+08, 3.318208e-02, 9.517387e-01, 1.210660e+00, -1.127890e+00, 1.486044e-09, 5.396616e-10, 4.094562e+01, 6.209535e-02
3.368000e+08, 3.314770e-02, 9.515847e-01, 1.175180e+00, -1.140775e+00, 1.495188e-09, 5.383342e-10, 4.103419e+01, 6.116558e-02
3.406000e+08, 3.312830e-02, 9.514243e-01, 1.139480e+00, -1.153628e+00, 1.502848e-09, 5.369815e-10, 4.112252e+01, 6.018194e-02
3.444000e+08, 3.312439e-02, 9.512625e-01, 1.103598e+00, -1.166450e+00, 1.509004e-09, 5.356391e-10, 4.121050e+01, 5.914504e-02
3.482000e+08, 3.313648e-02, 9.511040e-01, 1.067569e+00, -1.179238e+00, 1.513648e-09, 5.343412e-10, 4.129807e+01, 5.805565e-02
3.520000e+08, 3.316504e-02, 9.509539e-01, 1.031429e+00, -1.191996e+00, 1.516778e-09, 5.331210e-10, 4.138514e+01, 5.691458e-02
3.558000e+08, 3.321050e-02, 9.508165e-01, 9.952142e-01, -1.204725e+00, 1.518405e-09, 5.320086e-10, 4.147164e+01, 5.572274e-02
3.596000e+08, 3.327326e-02, 9.506961e-01, 9.589606e-01, -1.217428e+00, 1.518547e-09, 5.310312e-10, 4.155751e+01, 5.448105e-02
3.634000e+08, 3.335364e-02, 9.505963e-01, 9.227036e-01, -1.230107e+00, 1.517231e-09, 5.302121e-10, 4.164267e+01, 5.319050e-02
3.672000e+08, 3.345195e-02, 9.505204e-01, 8.864781e-01, -1.242766e+00, 1.514495e-09, 5.295704e-10, 4.172708e+01, 5.185206e-02
3.710000e+08, 3.356843e-02, 9.504708e-01, 8.503178e-01, -1.255410e+00, 1.510381e-09, 5.291202e-10, 4.181067e+01, 5.046672e-02
3.748000e+08, 3.370326e-02, 9.504494e-01, 8.142558e-01, -1.268043e+00, 1.504944e-09, 5.288707e-10, 4.189340e+01, 4.903544e-02
3.786000e+08, 3.385659e-02, 9.504574e-01, 7.783236e-01, -1.280671e+00, 1.498241e-09, 5.288260e-10, 4.197522e+01, 4.755918e-02
3.824000e+08, 3.402848e-02, 9.504951e-01, 7.425514e-01, -1.293297e+00, 1.490338e-09, 5.289853e-10, 4.205608e+01, 4.603885e-02
3.862000e+08, 3.421896e-02, 9.505622e-01, 7.069680e-01, -1.305927e+00, 1.481304e-09, 5.293425e-10, 4.213595e+01, 4.447534e-02
3.900000e+08, 3.442801e-02, 9.506577e-01, 6.716002e-01, -1.318566e+00, 1.471213e-09, 5.298870e-10, 4.221477e+01, 4.286950e-02
3.938000e+08, 3.465555e-02, 9.507800e-01, 6.364734e-01, -1.331217e+00, 1.460143e-09, 5.306039e-10, 4.229251e+01, 4.122212e-02
3.976000e+08, 3.490144e-02, 9.509266e-01, 6.016109e-01, -1.343886e+00, 1.448172e-09, 5.314742e-10, 4.236913e+01, 3.953399e-02
4.014000e+08, 3.516551e-02, 9.510948e-01, 5.670342e-01, -1.356576e+00, 1.435380e-09, 5.324758e-10, 4.244460e+01, 3.780584e-02
4.052000e+08, 3.544753e-02, 9.512812e-01, 5.327629e-01, -1.369289e+00, 1.421848e-09, 5.335835e-10, 4.251888e+01, 3.603838e-02
4.090000e+08, 3.574725e-02, 9.514821e-01, 4.988147e-01, -1.382029e+00, 1.407656e-09, 5.347703e-10, 4.259192e+01, 3.423228e-02
4.128000e+08, 3.606435e-02, 9.516933e-01, 4.652054e-01, -1.394797e+00, 1.392880e-09, 5.360076e-10, 4.266370e+01, 3.238820e-02
4.166000e+08, 3.639849e-02, 9.519107e-01, 4.319488e-01, -1.407595e+00, 1.377598e-09, 5.372659e-10, 4.273417e+01, 3.050680e-02
4.204000e+08, 3.674931e-02, 9.521299e-01, 3.990571e-01, -1.420423e+00, 1.361882e-09, 5.385160e-10, 4.280330e+01, 2.858870e-02
4.242000e+08, 3.711641e-02, 9.523465e-01, 3.665407e-01, -1.433281e+00, 1.345801e-09, 5.397290e-10, 4.287104e+01, 2.663456e-02
4.280000e+08, 3.749936e-02, 9.525565e-01, 3.344082e-01, -1.446167e+00, 1.329423e-09, 5.408774e-10, 4.293737e+01, 2.464502e-02
4.318000e+08, 3.789771e-02, 9.527556e-01, 3.026668e-01, -1.459081e+00, 1.312810e-09, 5.419357e-10, 4.300223e+01, 2.262073e-02
4.356000e+08, 3.831101e-02, 9.529403e-01, 2.713220e-01, -1.472021e+00, 1.296020e-09, 5.428809e-10, 4.306559e+01, 2.056239e-02
4.394000e+08, 3.873878e-02, 9.531071e-01, 2.403781e-01, -1.484982e+00, 1.279109e-09, 5.436929e-10, 4.312740e+01, 1.847069e-02
4.432000e+08, 3.918053e-02, 9.532531e-01, 2.098379e-01, -1.497964e+00, 1.262127e-09, 5.443552e-10, 4.318763e+01, 1.634636e-02
4.470000e+08, 3.963578e-02, 9.533761e-01, 1.797033e-01, -1.510961e+00, 1.245122e-09, 5.448550e-10, 4.324623e+01, 1.419015e-02
4.508000e+08, 4.010404e-02, 9.534741e-01, 1.499746e-01, -1.523970e+00, 1.228139e-09, 5.451835e-10, 4.330317e+01, 1.200286e-02
4.546000e+08, 4.058481e-02, 9.535461e-01, 1.206514e-01, -1.536987e+00, 1.211216e-09, 5.453363e-10, 4.335841e+01, 9.785295e-03
4.584000e+08, 4.107762e-02, 9.535913e-01, 9.173230e-02, -1.550007e+00, 1.194393e-09, 5.453131e-10, 4.341191e+01, 7.538301e-03
4.622000e+08, 4.158197e-02, 9.536098e-01, 6.321486e-02, -1.563027e+00, 1.177703e-09, 5.451179e-10, 4.346363e+01, 5.262747e-03
4.660000e+08, 4.209739e-02, 9.536024e-01, 3.509590e-02, -1.576042e+00, 1.161179e-09, 5.447587e-10, 4.351353e+01, 2.959521e-03
4.698000e+08, 4.262343e-02, 9.535701e-01, 7.371471e-03, -1.589049e+00, 1.144851e-09, 5.442473e-10, 4.356158e+01, 6.295326e-04
4.736000e+08, 4.315963e-02, 9.535149e-01, -1.996311e-02, -1.602044e+00, 1.128746e-09, 5.435991e-10, 4.360776e+01, -1.726300e-03
4.774000e+08, 4.370555e-02, 9.534389e-01, -4.691316e-02, -1.615023e+00, 1.112889e-09, 5.428324e-10, 4.365202e+01, -4.107049e-03
4.812000e+08, 4.426078e-02, 9.533449e-01, -7.348461e-02, -1.627983e+00, 1.097304e-09, 5.419680e-10, 4.369434e+01, -6.511784e-03
4.850000e+08, 4.482490e-02, 9.532360e-01, -9.968395e-02, -1.640923e+00, 1.082012e-09, 5.410289e-10, 4.373469e+01, -8.939577e-03
4.888000e+08, 4.539751e-02, 9.531155e-01, -1.255182e-01, -1.653841e+00, 1.067034e-09, 5.400393e-10, 4.377305e+01, -1.138951e-02
4.926000e+08, 4.597824e-02, 9.529869e-01, -1.509948e-01, -1.666735e+00, 1.052385e-09, 5.390242e-10, 4.380938e+01, -1.386066e-02
4.964000e+08, 4.656670e-02, 9.528538e-01, -1.761217e-01, -1.679605e+00, 1.038083e-09, 5.380087e-10, 4.384367e+01, -1.635215e-02
5.002000e+08, 4.716255e-02, 9.527199e-01, -2.009070e-01, -1.692450e+00, 1.024141e-09, 5.370176e-10, 4.387589e+01, -1.886307e-02
5.040000e+08, 4.776543e-02, 9.525887e-01, -2.253595e-01, -1.705272e+00, 1.010570e-09, 5.360742e-10, 4.390602e+01, -2.139257e-02
5.078000e+08, 4.837499e-02, 9.524636e-01, -2.494880e-01, -1.718072e+00, 9.973804e-10, 5.352006e-10, 4.393403e+01, -2.393979e-02
5.116000e+08, 4.899091e-02, 9.523477e-01, -2.733016e-01, -1.730850e+00, 9.845792e-10, 5.344164e-10, 4.395991e+01, -2.650388e-02
5.154000e+08, 4.961284e-02, 9.522437e-01, -2.968095e-01, -1.743610e+00, 9.721716e-10, 5.337387e-10, 4.398364e+01, -2.908401e-02
5.192000e+08, 5.024046e-02, 9.521542e-01, -3.200212e-01, -1.756354e+00, 9.601606e-10, 5.331817e-10, 4.400518e+01, -3.167934e-02
5.230000e+08, 5.087344e-02, 9.520811e-01, -3.429461e-01, -1.769084e+00, 9.485468e-10, 5.327562e-10, 4.402452e+01, -3.428905e-02
5.268000e+08, 5.151144e-02, 9.520259e-01, -3.655937e-01, -1.781804e+00, 9.373288e-10, 5.324697e-10, 4.404163e+01, -3.691229e-02
5.306000e+08, 5.215414e-02, 9.519897e-01, -3.879734e-01, -1.794517e+00, 9.265027e-10, 5.323259e-10, 4.405649e+01, -3.954820e-02
5.344000e+08, 5.280120e-02, 9.519729e-01, -4.100947e-01, -1.807227e+00, 9.160627e-10, 5.323251e-10, 4.406908e+01, -4.219592e-02
5.382000e+08, 5.345228e-02, 9.519755e-01, -4.319667e-01, -1.819937e+00, 9.060009e-10, 5.324640e-10, 4.407936e+01, -4.485455e-02
5.420000e+08, 5.410702e-02, 9.519971e-01, -4.535985e-01, -1.832650e+00, 8.963075e-10, 5.327359e-10, 4.408733e+01, -4.752314e-02
5.458000e+08, 5.476508e-02, 9.520365e-01, -4.749988e-01, -1.845370e+00, 8.869708e-10, 5.331310e-10, 4.409294e+01, -5.020071e-02
5.496000e+08, 5.542609e-02, 9.520925e-01, -4.961762e-01, -1.858099e+00, 8.779777e-10, 5.336367e-10, 4.409618e+01, -5.288625e-02
5.534000e+08, 5.608969e-02, 9.521630e-01, -5.171389e-01, -1.870840e+00, 8.693138e-10, 5.342378e-10, 4.409701e+01, -5.557868e-02
5.572000e+08, 5.675549e-02, 9.522459e-01, -5.378947e-01, -1.883596e+00, 8.609632e-10, 5.349171e-10, 4.409542e+01, -5.827686e-02
5.610000e+08, 5.742313e-02, 9.523387e-01, -5.584512e-01, -1.896367e+00, 8.529094e-10, 5.356556e-10, 4.409139e+01, -6.097960e-02
5.648000e+08, 5.809222e-02, 9.524387e-01, -5.788153e-01, -1.909157e+00, 8.451351e-10, 5.364335e-10, 4.408488e+01, -6.368565e-02
5.686000e+08, 5.876237e-02, 9.525430e-01, -5.989939e-01, -1.921965e+00, 8.376223e-10, 5.372301e-10, 4.407589e+01, -6.639370e-02
5.724000e+08, 5.943320e-02, 9.526485e-01, -6.189930e-01, -1.934792e+00, 8.303534e-10, 5.380245e-10, 4.406439e+01, -6.910238e-02
5.762000e+08, 6.010431e-02, 9.527524e-01, -6.388186e-01, -1.947638e+00, 8.233103e-10, 5.387963e-10, 4.405037e+01, -7.181026e-02
5.800000e+08, 6.077533e-02, 9.528517e-01, -6.584761e-01, -1.960502e+00, 8.164754e-10, 5.395260e-10, 4.403381e+01, -7.451586e-02
5.838000e+08, 6.144587e-02, 9.529437e-01, -6.779703e-01, -1.973384e+00, 8.098319e-10, 5.401952e-10, 4.401471e+01, -7.721765e-02
5.876000e+08, 6.211556e-02, 9.530256e-01, -6.973060e-01, -1.986282e+00, 8.033635e-10, 5.407874e-10, 4.399307e+01, -7.991406e-02
5.914000e+08, 6.278404e-02, 9.530954e-01, -7.164871e-01, -1.999193e+00, 7.970550e-10, 5.412879e-10, 4.396887e+01, -8.260349e-02
5.952000e+08, 6.345095e-02, 9.531508e-01, -7.355177e-01, -2.012117e+00, 7.908924e-10, 5.416849e-10, 4.394213e+01, -8.528432e-02
5.990000e+08, 6.411595e-02, 9.531903e-01, -7.544011e-01, -2.025051e+00, 7.848630e-10, 5.419687e-10, 4.391286e+01, -8.795492e-02
6.028000e+08, 6.477872e-02, 9.532127e-01, -7.731406e-01, -2.037991e+00, 7.789557e-10, 5.421329e-10, 4.388106e+01, -9.061363e-02
6.066000e+08, 6.543896e-02, 9.532170e-01, -7.917390e-01, -2.050935e+00, 7.731609e-10, 5.421739e-10, 4.384675e+01, -9.325883e-02
6.104000e+08, 6.609638e-02, 9.532030e-01, -8.101991e-01, -2.063880e+00, 7.674707e-10, 5.420911e-10, 4.380995e+01, -9.588889e-02
6.142000e+08, 6.675071e-02, 9.531707e-01, -8.285233e-01, -2.076823e+00, 7.618789e-10, 5.418869e-10, 4.377068e+01, -9.850223e-02
6.180000e+08, 6.740171e-02, 9.531206e-01, -8.467140e-01, -2.089761e+00, 7.563812e-10, 5.415667e-10, 4.372899e+01, -1.010973e-01
6.218000e+08, 6.804915e-02, 9.530535e-01, -8.647734e-01, -2.102691e+00, 7.509746e-10, 5.411387e-10, 4.368488e+01, -1.036725e-01
6.256000e+08, 6.869284e-02, 9.529708e-01, -8.827038e-01, -2.115612e+00, 7.456581e-10, 5.406133e-10, 4.363841e+01, -1.062266e-01
6.294000e+08, 6.933259e-02, 9.528742e-01, -9.005072e-01, -2.128519e+00, 7.404319e-10, 5.400035e-10, 4.358961e+01, -1.087579e-01
6.332000e+08, 6.996825e-02, 9.527656e-01, -9.181858e-01, -2.141413e+00, 7.352980e-10, 5.393240e-10, 4.353852e+01, -1.112652e-01
6.370000e+08, 7.059968e-02, 9.526472e-01, -9.357419e-01, -2.154290e+00, 7.302591e-10, 5.385909e-10, 4.348518e+01, -1.137473e-01
6.408000e+08, 7.122676e-02, 9.525216e-01, -9.531776e-01, -2.167149e+00, 7.253196e-10, 5.378216e-10, 4.342965e+01, -1.162030e-01
6.446000e+08, 7.184940e-02, 9.523912e-01, -9.704954e-01, -2.179990e+00, 7.204841e-10, 5.370341e-10, 4.337195e+01, -1.186310e-01
6.484000e+08, 7.246751e-02, 9.522589e-01, -9.876978e-01, -2.192812e+00, 7.157585e-10, 5.362466e-10, 4.331215e+01, -1.210303e-01
6.522000e+08, 7.308102e-02, 9.521271e-01, -1.004787e+00, -2.205616e+00, 7.111486e-10, 5.354772e-10, 4.325028e+01, -1.234000e-01
6.560000e+08, 7.368987e-02, 9.519987e-01, -1.021767e+00, -2.218401e+00, 7.066609e-10, 5.347430e-10, 4.318639e+01, -1.257391e-01
6.598000e+08, 7.429400e-02, 9.518761e-01, -1.038639e+00, -2.231169e+00, 7.023016e-10, 5.340605e-10, 4.312053e+01, -1.280467e-01
6.636000e+08, 7.489338e-02, 9.517616e-01, -1.055407e+00, -2.243920e+00, 6.980768e-10, 5.334444e-10, 4.305274e+01, -1.303219e-01
6.674000e+08, 7.548795e-02, 9.516575e-01, -1.072075e+00, -2.256656e+00, 6.939922e-10, 5.329080e-10, 4.298307e+01, -1.325641e-01
6.712000e+08, 7.607768e-02, 9.515655e-01, -1.088644e+00, -2.269380e+00, 6.900532e-10, 5.324623e-10, 4.291156e+01, -1.347724e-01
6.750000e+08, 7.666251e-02, 9.514873e-01, -1.105120e+00, -2.282093e+00, 6.862640e-10, 5.321160e-10, 4.283825e+01, -1.369460e-01
6.788000e+08, 7.724241e-02, 9.514240e-01, -1.121506e+00, -2.294798e+00, 6.826284e-10, 5.318755e-10, 4.276318e+01, -1.390844e-01
6.826000e+08, 7.781730e-02, 9.513766e-01, -1.137804e+00, -2.307497e+00, 6.791489e-10, 5.317446e-10, 4.268640e+01, -1.411868e-01
6.864000e+08, 7.838713e-02, 9.513455e-01, -1.154020e+00, -2.320193e+00, 6.758272e-10, 5.317245e-10, 4.260793e+01, -1.432524e-01
6.902000e+08, 7.895181e-02, 9.513308e-01, -1.170156e+00, -2.332889e+00, 6.726638e-10, 5.318137e-10, 4.252781e+01, -1.452806e-01
6.940000e+08, 7.951125e-02, 9.513322e-01, -1.186216e+00, -2.345586e+00, 6.696580e-10, 5.320083e-10, 4.244609e+01, -1.472707e-01
6.978000e+08, 8.006535e-02, 9.513491e-01, -1.202205e+00, -2.358289e+00, 6.668082e-10, 5.323019e-10, 4.236278e+01, -1.492219e-01
7.016000e+08, 8.061400e-02, 9.513804e-01, -1.218126e+00, -2.370998e+00, 6.641113e-10, 5.326861e-10, 4.227794e+01, -1.511334e-01
7.054000e+08, 8.115705e-02, 9.514249e-01, -1.233982e+00, -2.383716e+00, 6.615634e-10, 5.331502e-10, 4.219159e+01, -1.530045e-01
7.092000e+08, 8.169436e-02, 9.514810e-01, -1.249778e+00, -2.396446e+00, 6.591597e-10, 5.336821e-10, 4.210376e+01, -1.548343e-01
7.130000e+08, 8.222576e-02, 9.515467e-01, -1.265516e+00, -2.409188e+00, 6.568944e-10, 5.342682e-10, 4.201449e+01, -1.566220e-01
7.168000e+08, 8.275108e-02, 9.516200e-01, -1.281200e+00, -2.421944e+00, 6.547607e-10, 5.348938e-10, 4.192382e+01, -1.583668e-01
7.206000e+08, 8.327013e-02, 9.516988e-01, -1.296833e+00, -2.434716e+00, 6.527515e-10, 5.355435e-10, 4.183178e+01, -1.600676e-01
7.244000e+08, 8.378271e-02, 9.517808e-01, -1.312418e+00, -2.447502e+00, 6.508590e-10, 5.362019e-10, 4.173841e+01, -1.617236e-01
7.282000e+08, 8.428860e-02, 9.518636e-01, -1.327958e+00, -2.460305e+00, 6.490750e-10, 5.368530e-10, 4.164374e+01, -1.633338e-01
7.320000e+08, 8.478758e-02, 9.519449e-01, -1.343456e+00, -2.473123e+00, 6.473912e-10, 5.374819e-10, 4.154782e+01, -1.648971e-01
7.358000e+08, 8.527943e-02, 9.520225e-01, -1.358913e+00, -2.485956e+00, 6.457991e-10, 5.380740e-10, 4.145068e+01, -1.664127e-01
7.396000e+08, 8.576390e-02, 9.520943e-01, -1.374332e+00, -2.498803e+00, 6.442902e-10, 5.386158e-10, 4.135238e+01, -1.678795e-01
7.434000e+08, 8.624077e-02, 9.521582e-01, -1.389715e+00, -2.511663e+00, 6.428565e-10, 5.390954e-10, 4.125295e+01, -1.692965e-01
7.472000e+08, 8.670980e-02, 9.522126e-01, -1.405064e+00, -2.524534e+00, 6.414900e-10, 5.395023e-10, 4.115245e+01, -1.706627e-01
7.510000e+08, 8.717075e-02, 9.522559e-01, -1.420380e+00, -2.537416e+00, 6.401834e-10, 5.398279e-10, 4.105092e+01, -1.719771e-01
7.548000e+08, 8.762338e-02, 9.522869e-01, -1.435665e+00, -2.550305e+00, 6.389298e-10, 5.400657e-10, 4.094841e+01, -1.732386e-01
7.586000e+08, 8.806748e-02, 9.523047e-01, -1.450921e+00, -2.563199e+00, 6.377230e-10, 5.402111e-10, 4.084499e+01, -1.744464e-01
7.624000e+08, 8.850280e-02, 9.523086e-01, -1.466147e+00, -2.576097e+00, 6.365576e-10, 5.402620e-10, 4.074070e+01, -1.755996e-01
7.662000e+08, 8.892914e-02, 9.522985e-01, -1.481345e+00, -2.588997e+00, 6.354287e-10, 5.402182e-10, 4.063560e+01, -1.766971e-01
7.700000e+08, 8.934628e-02, 9.522743e-01, -1.496517e+00, -2.601895e+00, 6.343325e-10, 5.400819e-10, 4.052974e+01, -1.777382e-01
7.738000e+08, 8.975403e-02, 9.522363e-01, -1.511662e+00, -2.614790e+00, 6.332657e-10, 5.398574e-10, 4.042320e+01, -1.787221e-01
7.776000e+08, 9.015220e-02, 9.521854e-01, -1.526782e+00, -2.627680e+00, 6.322260e-10, 5.395506e-10, 4.031602e+01, -1.796479e-01
7.814000e+08, 9.054060e-02, 9.521224e-01, -1.541877e+00, -2.640562e+00, 6.312117e-10, 5.391697e-10, 4.020828e+01, -1.805149e-01
7.852000e+08, 9.091907e-02, 9.520487e-01, -1.556948e+00, -2.653435e+00, 6.302218e-10, 5.387240e-10, 4.010002e+01, -1.813226e-01
7.890000e+08, 9.128745e-02, 9.519655e-01, -1.571996e+00, -2.666298e+00, 6.292560e-10, 5.382243e-10, 3.999132e+01, -1.820701e-01
7.928000e+08, 9.164558e-02, 9.518746e-01, -1.587020e+00, -2.679149e+00, 6.283145e-10, 5.376826e-10, 3.988222e+01, -1.827571e-01
7.966000e+08, 9.199332e-02, 9.517778e-01, -1.602021e+00, -2.691986e+00, 6.273980e-10, 5.371113e-10, 3.977281e+01, -1.833828e-01
8.004000e+08, 9.233055e-02, 9.516770e-01, -1.617001e+00, -2.704811e+00, 6.265076e-10, 5.365235e-10, 3.966313e+01, -1.839469e-01
8.042000e+08, 9.265713e-02, 9.515742e-01, -1.631960e+00, -2.717621e+00, 6.256446e-10, 5.359323e-10, 3.955326e+01, -1.844489e-01
8.080000e+08, 9.297294e-02, 9.514712e-01, -1.646898e+00, -2.730417e+00, 6.248106e-10, 5.353506e-10, 3.944324e+01, -1.848884e-01
8.118000e+08, 9.327788e-02, 9.513701e-01, -1.661816e+00, -2.743199e+00, 6.240072e-10, 5.347909e-10, 3.933314e+01, -1.852650e-01
8.156000e+08, 9.357182e-02, 9.512727e-01, -1.676715e+00, -2.755967e+00, 6.232360e-10, 5.342649e-10, 3.922302e+01, -1.855785e-01
8.194000e+08, 9.385467e-02, 9.511808e-01, -1.691595e+00, -2.768724e+00, 6.224986e-10, 5.337832e-10, 3.911294e+01, -1.858285e-01
8.232000e+08, 9.412632e-02, 9.510960e-01, -1.706458e+00, -2.781468e+00, 6.217963e-10, 5.333552e-10, 3.900295e+01, -1.860147e-01
8.270000e+08, 9.438666e-02, 9.510197e-01, -1.721304e+00, -2.794203e+00, 6.211304e-10, 5.329890e-10, 3.889312e+01, -1.861370e-01
8.308000e+08, 9.463559e-02, 9.509530e-01, -1.736134e+00, -2.806928e+00, 6.205018e-10, 5.326909e-10, 3.878350e+01, -1.861952e-01
8.346000e+08, 9.487301e-02, 9.508971e-01, -1.750949e+00, -2.819647e+00, 6.199110e-10, 5.324656e-10, 3.867414e+01, -1.861890e-01
8.384000e+08, 9.509882e-02, 9.508525e-01, -1.765750e+00, -2.832360e+00, 6.193584e-10, 5.323159e-10, 3.856511e+01, -1.861183e-01
8.422000e+08, 9.531291e-02, 9.508197e-01, -1.780538e+00, -2.845070e+00, 6.188438e-10, 5.322430e-10, 3.845646e+01, -1.859831e-01
8.460000e+08, 9.551518e-02, 9.507990e-01, -1.795314e+00, -2.857778e+00, 6.183668e-10, 5.322462e-10, 3.834824e+01, -1.857831e-01
8.498000e+08, 9.570553e-02, 9.507902e-01, -1.810078e+00, -2.870486e+00, 6.179268e-10, 5.323230e-10, 3.824051e+01, -1.855184e-01
8.536000e+08, 9.588383e-02, 9.507930e-01, -1.824832e+00, -2.883196e+00, 6.175228e-10, 5.324692e-10, 3.813333e+01, -1.851889e-01
8.574000e+08, 9.605000e-02, 9.508069e-01, -1.839576e+00, -2.895909e+00, 6.171533e-10, 5.326795e-10, 3.802674e+01, -1.847946e-01
8.612000e+08, 9.620392e-02, 9.508310e-01, -1.854311e+00, -2.908627e+00, 6.168172e-10, 5.329467e-10, 3.792080e+01, -1.843356e-01
8.650000e+08, 9.634549e-02, 9.508644e-01, -1.869038e+00, -2.921352e+00, 6.165126e-10, 5.332630e-10, 3.781557e+01, -1.838118e-01
8.688000e+08, 9.647460e-02, 9.509060e-01, -1.883758e+00, -2.934084e+00, 6.162382e-10, 5.336192e-10, 3.771110e+01, -1.832233e-01
8.726000e+08, 9.659116e-02, 9.509543e-01, -1.898471e+00, -2.946825e+00, 6.159922e-10, 5.340057e-10, 3.760743e+01, -1.825703e-01
8.764000e+08, 9.669506e-02, 9.510082e-01, -1.913179e+00, -2.959575e+00, 6.157731e-10, 5.344124e-10, 3.750464e+01, -1.818530e-01
8.802000e+08, 9.678622e-02, 9.510660e-01, -1.927881e+00, -2.972334e+00, 6.155797e-10, 5.348291e-10, 3.740276e+01, -1.810716e-01
8.840000e+08, 9.686455e-02, 9.511264e-01, -1.942579e+00, -2.985104e+00, 6.154108e-10, 5.352455e-10, 3.730185e+01, -1.802263e-01
8.878000e+08, 9.692997e-02, 9.511878e-01, -1.957273e+00, -2.997884e+00, 6.152656e-10, 5.356516e-10, 3.720197e+01, -1.793175e-01
8.916000e+08, 9.698240e-02, 9.512488e-01, -1.971963e+00, -3.010673e+00, 6.151439e-10, 5.360381e-10, 3.710316e+01, -1.783454e-01
8.954000e+08, 9.702179e-02, 9.513081e-01, -1.986650e+00, -3.023471e+00, 6.150456e-10, 5.363963e-10, 3.700547e+01, -1.773106e-01
8.992000e+08, 9.704808e-02, 9.513645e-01, -2.001335e+00, -3.036279e+00, 6.149714e-10, 5.367187e-10, 3.690896e+01, -1.762134e-01
9.030000e+08, 9.706121e-02, 9.514167e-01, -2.016018e+00, -3.049093e+00, 6.149224e-10, 5.369985e-10, 3.681367e+01, -1.750544e-01
9.068000e+08, 9.706116e-02, 9.514639e-01, -2.030700e+00, -3.061915e+00, 6.149002e-10, 5.372304e-10, 3.671965e+01, -1.738341e-01
9.106000e+08, 9.704790e-02, 9.515053e-01, -2.045381e+00, -3.074742e+00, 6.149072e-10, 5.374106e-10, 3.662694e+01, -1.725531e-01
9.144000e+08, 9.702141e-02, 9.515403e-01, -2.060063e+00, -3.087573e+00, 6.149461e-10, 5.375364e-10, 3.653559e+01, -1.712121e-01
9.182000e+08, 9.698167e-02, 9.515686e-01, -2.074745e+00, -3.100407e+00, 6.150203e-10, 5.376066e-10, 3.644565e+01, -1.698117e-01
9.220000e+08, 9.692868e-02, 9.515899e-01, -2.089430e+00, -3.113243e+00, 6.151337e-10, 5.376215e-10, 3.635715e+01, -1.683527e-01
9.258000e+08, 9.686246e-02, 9.516042e-01, -2.104117e+00, -3.126079e+00, 6.152908e-10, 5.375829e-10, 3.627013e+01, -1.668358e-01
9.296000e+08, 9.678301e-02, 9.516119e-01, -2.118807e+00, -3.138915e+00, 6.154964e-10, 5.374937e-10, 3.618464e+01, -1.652618e-01
9.334000e+08, 9.669034e-02, 9.516133e-01, -2.133503e+00, 3.131437e+00, 6.157557e-10, 5.373582e-10, 3.610071e+01, -1.636315e-01
9.372000e+08, 9.658449e-02, 9.516091e-01, -2.148205e+00, 3.118607e+00, 6.160740e-10, 5.371816e-10, 3.601838e+01, -1.619457e-01
9.410000e+08, 9.646547e-02, 9.515999e-01, -2.162914e+00, 3.105781e+00, 6.164572e-10, 5.369702e-10, 3.593767e+01, -1.602053e-01
9.448000e+08, 9.633330e-02, 9.515866e-01, -2.177633e+00, 3.092961e+00, 6.169110e-10, 5.367309e-10, 3.585863e+01, -1.584111e-01
9.486000e+08, 9.618800e-02, 9.515702e-01, -2.192362e+00, 3.080146e+00, 6.174412e-10, 5.364712e-10, 3.578128e+01, -1.565640e-01
9.524000e+08, 9.602961e-02, 9.515518e-01, -2.207104e+00, 3.067337e+00, 6.180534e-10, 5.361990e-10, 3.570566e+01, -1.546649e-01
9.562000e+08, 9.585812e-02, 9.515325e-01, -2.221861e+00, 3.054534e+00, 6.187531e-10, 5.359223e-10, 3.563179e+01, -1.527145e-01
9.600000e+08, 9.567355e-02, 9.515133e-01, -2.236635e+00, 3.041739e+00, 6.195457e-10, 5.356491e-10, 3.555970e+01, -1.507137e-01
9.638000e+08, 9.547591e-02, 9.514955e-01, -2.251427e+00, 3.028949e+00, 6.204358e-10, 5.353871e-10, 3.548942e+01, -1.486635e-01
9.676000e+08, 9.526519e-02, 9.514800e-01, -2.266241e+00, 3.016166e+00, 6.214281e-10, 5.351435e-10, 3.542097e+01, -1.465645e-01
9.714000e+08, 9.504137e-02, 9.514680e-01, -2.281078e+00, 3.003389e+00, 6.225262e-10, 5.349250e-10, 3.535439e+01, -1.444178e-01
9.752000e+08, 9.480442e-02, 9.514603e-01, -2.295941e+00, 2.990617e+00, 6.237335e-10, 5.347375e-10, 3.528971e+01, -1.422241e-01
9.790000e+08, 9.455432e-02, 9.514578e-01, -2.310834e+00, 2.977850e+00, 6.250527e-10, 5.345860e-10, 3.522694e+01, -1.399842e-01
9.828000e+08, 9.429101e-02, 9.514610e-01, -2.325757e+00, 2.965086e+00, 6.264858e-10, 5.344745e-10, 3.516612e+01, -1.376990e-01
9.866000e+08, 9.401444e-02, 9.514707e-01, -2.340716e+00, 2.952325e+00, 6.280342e-10, 5.344059e-10, 3.510727e+01, -1.353694e-01
9.904000e+08, 9.372454e-02, 9.514872e-01, -2.355711e+00, 2.939565e+00, 6.296985e-10, 5.343819e-10, 3.505043e+01, -1.329961e-01
9.942000e+08, 9.342122e-02, 9.515107e-01, -2.370745e+00, 2.926806e+00, 6.314788e-10, 5.344032e-10, 3.499562e+01, -1.305801e-01
9.980000e+08, 9.310440e-02, 9.515412e-01, -2.385823e+00, 2.914047e+00, 6.333744e-10, 5.344693e-10, 3.494288e+01, -1.281222e-01
1.001800e+09, 9.277397e-02, 9.515788e-01, -2.400945e+00, 2.901286e+00, 6.353841e-10, 5.345786e-10, 3.489223e+01, -1.256234e-01
1.005600e+09, 9.242983e-02, 9.516231e-01, -2.416116e+00, 2.888522e+00, 6.375064e-10, 5.347284e-10, 3.484371e+01, -1.230845e-01
1.009400e+09, 9.207187e-02, 9.516738e-01, -2.431337e+00, 2.875755e+00, 6.397391e-10, 5.349151e-10, 3.479736e+01, -1.205066e-01
1.013200e+09, 9.169996e-02, 9.517304e-01, -2.446611e+00, 2.862983e+00, 6.420797e-10, 5.351342e-10, 3.475320e+01, -1.178908e-01
1.017000e+09, 9.131399e-02, 9.517921e-01, -2.461942e+00, 2.850206e+00, 6.445255e-10, 5.353807e-10, 3.471127e+01, -1.152380e-01
1.020800e+09, 9.091384e-02, 9.518583e-01, -2.477330e+00, 2.837424e+00, 6.470738e-10, 5.356488e-10, 3.467161e+01, -1.125494e-01
1.024600e+09, 9.049938e-02, 9.519282e-01, -2.492780e+00, 2.824634e+00, 6.497216e-10, 5.359324e-10, 3.463425e+01, -1.098263e-01
1.028400e+09, 9.007050e-02, 9.520008e-01, -2.508293e+00, 2.811838e+00, 6.524662e-10, 5.362252e-10, 3.459923e+01, -1.070698e-01
1.032200e+09, 8.962709e-02, 9.520753e-01, -2.523871e+00, 2.799035e+00, 6.553052e-10, 5.365207e-10, 3.456659e+01, -1.042814e-01
1.036000e+09, 8.916903e-02, 9.521508e-01, -2.539517e+00, 2.786225e+00, 6.582364e-10, 5.368127e-10, 3.453635e+01, -1.014624e-01
1.039800e+09, 8.869624e-02, 9.522264e-01, -2.555233e+00, 2.773408e+00, 6.612582e-10, 5.370952e-10, 3.450857e+01, -9.861438e-02
1.043600e+09, 8.820864e-02, 9.523011e-01, -2.571022e+00, 2.760585e+00, 6.643694e-10, 5.373623e-10, 3.448327e+01, -9.573884e-02
1.047400e+09, 8.770615e-02, 9.523743e-01, -2.586884e+00, 2.747755e+00, 6.675697e-10, 5.376091e-10, 3.446049e+01, -9.283743e-02
1.051200e+09, 8.718871e-02, 9.524451e-01, -2.602823e+00, 2.734919e+00, 6.708597e-10, 5.378311e-10, 3.444026e+01, -8.991188e-02
1.055000e+09, 8.665629e-02, 9.525130e-01, -2.618841e+00, 2.722077e+00, 6.742408e-10, 5.380247e-10, 3.442261e+01, -8.696397e-02
1.058800e+09, 8.610887e-02, 9.525774e-01, -2.634939e+00, 2.709231e+00, 6.777154e-10, 5.381870e-10, 3.440758e+01, -8.399555e-02
1.062600e+09, 8.554645e-02, 9.526379e-01, -2.651120e+00, 2.696382e+00, 6.812872e-10, 5.383160e-10, 3.439519e+01, -8.100854e-02
1.066400e+09, 8.496903e-02, 9.526943e-01, -2.667387e+00, 2.683529e+00, 6.849608e-10, 5.384108e-10, 3.438547e+01, -7.800492e-02
1.070200e+09, 8.437666e-02, 9.527464e-01, -2.683741e+00, 2.670674e+00, 6.887423e-10, 5.384713e-10, 3.437844e+01, -7.498672e-02
1.074000e+09, 8.376939e-02, 9.527942e-01, -2.700185e+00, 2.657817e+00, 6.926390e-10, 5.384984e-10, 3.437413e+01, -7.195601e-02
1.077800e+09, 8.314730e-02, 9.528377e-01, -2.716723e+00, 2.644960e+00, 6.966596e-10, 5.384938e-10, 3.437256e+01, -6.891489e-02
1.081600e+09, 8.251048e-02, 9.528773e-01, -2.733356e+00, 2.632103e+00, 7.008141e-10, 5.384601e-10, 3.437375e+01, -6.586552e-02
1.085400e+09, 8.185905e-02, 9.529132e-01, -2.750089e+00, 2.619246e+00, 7.051139e-10, 5.384005e-10, 3.437771e+01, -6.281005e-02
1.089200e+09, 8.119314e-02, 9.529459e-01, -2.766924e+00, 2.606391e+00, 7.095718e-10, 5.383190e-10, 3.438445e+01, -5.975066e-02
1.093000e+09, 8.051290e-02, 9.529760e-01, -2.783866e+00, 2.593538e+00, 7.142019e-10, 5.382200e-10, 3.439398e+01, -5.668954e-02
1.096800e+09, 7.981851e-02, 9.530040e-01, -2.800919e+00, 2.580688e+00, 7.190198e-10, 5.381084e-10, 3.440632e+01, -5.362885e-02
1.100600e+09, 7.911014e-02, 9.530306e-01, -2.818086e+00, 2.567840e+00, 7.240426e-10, 5.379893e-10, 3.442146e+01, -5.057078e-02
1.104400e+09, 7.838799e-02, 9.530565e-01, -2.835373e+00, 2.554995e+00, 7.292884e-10, 5.378678e-10, 3.443942e+01, -4.751748e-02
1.108200e+09, 7.765228e-02, 9.530824e-01, -2.852786e+00, 2.542153e+00, 7.347768e-10, 5.377493e-10, 3.446019e+01, -4.447108e-02
1.112000e+09, 7.690322e-02, 9.531089e-01, -2.870329e+00, 2.529313e+00, 7.405290e-10, 5.376387e-10, 3.448377e+01, -4.143369e-02
1.115800e+09, 7.614105e-02, 9.531369e-01, -2.888010e+00, 2.516476e+00, 7.465670e-10, 5.375408e-10, 3.451016e+01, -3.840739e-02
1.119600e+09, 7.536601e-02, 9.531668e-01, -2.905835e+00, 2.503642e+00, 7.529144e-10, 5.374601e-10, 3.453937e+01, -3.539422e-02
1.123400e+09, 7.457836e-02, 9.531992e-01, -2.923812e+00, 2.490810e+00, 7.595959e-10, 5.374004e-10, 3.457137e+01, -3.239617e-02
1.127200e+09, 7.377834e-02, 9.532348e-01, -2.941948e+00, 2.477979e+00, 7.666378e-10, 5.373651e-10, 3.460617e+01, -2.941522e-02
1.131000e+09, 7.296622e-02, 9.532738e-01, -2.960253e+00, 2.465148e+00, 7.740673e-10, 5.373567e-10, 3.464377e+01, -2.645329e-02
1.134800e+09, 7.214227e-02, 9.533166e-01, -2.978734e+00, 2.452318e+00, 7.819132e-10, 5.373772e-10, 3.468414e+01, -2.351226e-02
1.138600e+09, 7.130677e-02, 9.533634e-01, -2.997403e+00, 2.439488e+00, 7.902056e-10, 5.374278e-10, 3.472729e+01, -2.059398e-02
1.142400e+09, 7.045999e-02, 9.534143e-01, -3.016270e+00, 2.426656e+00, 7.989759e-10, 5.375088e-10, 3.477321e+01, -1.770025e-02
1.146200e+09, 6.960221e-02, 9.534694e-01, -3.035347e+00, 2.413823e+00, 8.082572e-10, 5.376198e-10, 3.482188e+01, -1.483285e-02
1.150000e+09, 6.873372e-02, 9.535284e-01, -3.054645e+00, 2.400986e+00, 8.180842e-10, 5.377597e-10, 3.487330e+01, -1.199352e-02
1.153800e+09, 6.785482e-02, 9.535912e-01, -3.074178e+00, 2.388147e+00, 8.284932e-10, 5.379267e-10, 3.492747e+01, -9.183978e-03
1.157600e+09, 6.696580e-02, 9.536575e-01, -3.093959e+00, 2.375303e+00, 8.395226e-10, 5.381182e-10, 3.498436e+01, -6.405912e-03
1.161400e+09, 6.606698e-02, 9.537269e-01, -3.114003e+00, 2.362455e+00, 8.512127e-10, 5.383312e-10, 3.504397e+01, -3.660994e-03
1.165200e+09, 6.515867e-02, 9.537988e-01, -3.134327e+00, 2.349602e+00, 8.636064e-10, 5.385621e-10, 3.510630e+01, -9.508790e-04
1.169000e+09, 6.424119e-02, 9.538727e-01, 3.128239e+00, 2.336743e+00, 8.767488e-10, 5.388070e-10, 3.517134e+01, 1.722789e-03
1.172800e+09, 6.331490e-02, 9.539480e-01, 3.107305e+00, 2.323878e+00, 8.906879e-10, 5.390615e-10, 3.523907e+01, 4.358371e-03
1.176600e+09, 6.238014e-02, 9.540241e-01, 3.086039e+00, 2.311008e+00, 9.054750e-10, 5.393214e-10, 3.530949e+01, 6.954233e-03
1.180400e+09, 6.143729e-02, 9.541003e-01, 3.064420e+00, 2.298131e+00, 9.211646e-10, 5.395821e-10, 3.538259e+01, 9.508741e-03
1.184200e+09, 6.048676e-02, 9.541758e-01, 3.042426e+00, 2.285248e+00, 9.378150e-10, 5.398392e-10, 3.545836e+01, 1.202025e-02
1.188000e+09, 5.952897e-02, 9.542501e-01, 3.020035e+00, 2.272358e+00, 9.554886e-10, 5.400885e-10, 3.553679e+01, 1.448713e-02
1.191800e+09, 5.856438e-02, 9.543225e-01, 2.997222e+00, 2.259463e+00, 9.742524e-10, 5.403259e-10, 3.561787e+01, 1.690771e-02
1.195600e+09, 5.759346e-02, 9.543923e-01, 2.973960e+00, 2.246562e+00, 9.941783e-10, 5.405478e-10, 3.570160e+01, 1.928033e-02
1.199400e+09, 5.661675e-02, 9.544591e-01, 2.950223e+00, 2.233656e+00, 1.015343e-09, 5.407510e-10, 3.578795e+01, 2.160332e-02
1.203200e+09, 5.563483e-02, 9.545224e-01, 2.925981e+00, 2.220745e+00, 1.037830e-09, 5.409329e-10, 3.587693e+01, 2.387499e-02
1.207000e+09, 5.464831e-02, 9.545816e-01, 2.901201e+00, 2.207830e+00, 1.061728e-09, 5.410913e-10, 3.596851e+01, 2.609366e-02
1.210800e+09, 5.365786e-02, 9.546366e-01, 2.875851e+00, 2.194911e+00, 1.087131e-09, 5.412247e-10, 3.606269e+01, 2.825760e-02
1.214600e+09, 5.266423e-02, 9.546870e-01, 2.849895e+00, 2.181988e+00, 1.114141e-09, 5.413323e-10, 3.615944e+01, 3.036512e-02
1.218400e+09, 5.166822e-02, 9.547327e-01, 2.823294e+00, 2.169063e+00, 1.142866e-09, 5.414138e-10, 3.625874e+01, 3.241450e-02
1.222200e+09, 5.067071e-02, 9.547737e-01, 2.796006e+00, 2.156137e+00, 1.173422e-09, 5.414696e-10, 3.636059e+01, 3.440402e-02
1.226000e+09, 4.967266e-02, 9.548100e-01, 2.767990e+00, 2.143208e+00, 1.205929e-09, 5.415008e-10, 3.646495e+01, 3.633197e-02
1.229800e+09, 4.867513e-02, 9.548416e-01, 2.739197e+00, 2.130279e+00, 1.240514e-09, 5.415090e-10, 3.657181e+01, 3.819665e-02
1.233600e+09, 4.767927e-02, 9.548689e-01, 2.709578e+00, 2.117350e+00, 1.277309e-09, 5.414962e-10, 3.668113e+01, 3.999636e-02
1.237400e+09, 4.668635e-02, 9.548920e-01, 2.679081e+00, 2.104421e+00, 1.316449e-09, 5.414650e-10, 3.679289e+01, 4.172941e-02
1.241200e+09, 4.569774e-02, 9.549114e-01, 2.647649e+00, 2.091493e+00, 1.358071e-09, 5.414184e-10, 3.690706e+01, 4.339416e-02
1.245000e+09, 4.471496e-02, 9.549273e-01, 2.615224e+00, 2.078566e+00, 1.402312e-09, 5.413597e-10, 3.702360e+01, 4.498896e-02
1.248800e+09, 4.373967e-02, 9.549403e-01, 2.581742e+00, 2.065641e+00, 1.449302e-09, 5.412922e-10, 3.714248e+01, 4.651222e-02
1.252600e+09, 4.277368e-02, 9.549508e-01, 2.547138e+00, 2.052717e+00, 1.499162e-09, 5.412196e-10, 3.726365e+01, 4.796238e-02
1.256400e+09, 4.181895e-02, 9.549593e-01, 2.511344e+00, 2.039795e+00, 1.551999e-09, 5.411455e-10, 3.738709e+01, 4.933790e-02
1.260200e+09, 4.087765e-02, 9.549662e-01, 2.474289e+00, 2.026874e+00, 1.607894e-09, 5.410735e-10, 3.751273e+01, 5.063731e-02
1.264000e+09, 3.995211e-02, 9.549722e-01, 2.435898e+00, 2.013956e+00, 1.666897e-09, 5.410069e-10, 3.764054e+01, 5.185919e-02
1.267800e+09, 3.904488e-02, 9.549775e-01, 2.396099e+00, 2.001038e+00, 1.729010e-09, 5.409490e-10, 3.777046e+01, 5.300215e-02
1.271600e+09, 3.815870e-02, 9.549826e-01, 2.354817e+00, 1.988123e+00, 1.794178e-09, 5.409025e-10, 3.790244e+01, 5.406488e-02
1.275400e+09, 3.729657e-02, 9.549880e-01, 2.311979e+00, 1.975208e+00, 1.862271e-09, 5.408701e-10, 3.803644e+01, 5.504613e-02
1.279200e+09, 3.646168e-02, 9.549938e-01, 2.267516e+00, 1.962294e+00, 1.933063e-09, 5.408538e-10, 3.817238e+01, 5.594470e-02
1.283000e+09, 3.565746e-02, 9.550005e-01, 2.221362e+00, 1.949381e+00, 2.006217e-09, 5.408552e-10, 3.831022e+01, 5.675947e-02
1.286800e+09, 3.488758e-02, 9.550081e-01, 2.173461e+00, 1.936467e+00, 2.081262e-09, 5.408754e-10, 3.844988e+01, 5.748937e-02
1.290600e+09, 3.415590e-02, 9.550168e-01, 2.123768e+00, 1.923553e+00, 2.157575e-09, 5.409150e-10, 3.859132e+01, 5.813342e-02
1.294400e+09, 3.346648e-02, 9.550266e-01, 2.072254e+00, 1.910638e+00, 2.234363e-09, 5.409742e-10, 3.873445e+01, 5.869069e-02
1.298200e+09, 3.282357e-02, 9.550376e-01, 2.018906e+00, 1.897722e+00, 2.310657e-09, 5.410525e-10, 3.887922e+01, 5.916034e-02
1.302000e+09, 3.223151e-02, 9.550496e-01, 1.963737e+00, 1.884804e+00, 2.385312e-09, 5.411490e-10, 3.902556e+01, 5.954157e-02
1.305800e+09, 3.169471e-02, 9.550624e-01, 1.906785e+00, 1.871883e+00, 2.457017e-09, 5.412622e-10, 3.917339e+01, 5.983368e-02
1.309600e+09, 3.121760e-02, 9.550759e-01, 1.848121e+00, 1.858960e+00, 2.524325e-09, 5.413905e-10, 3.932265e+01, 6.003599e-02
1.313400e+09, 3.080450e-02, 9.550896e-01, 1.787850e+00, 1.846034e+00, 2.585704e-09, 5.415316e-10, 3.947326e+01, 6.014793e-02
1.317200e+09, 3.045955e-02, 9.551033e-01, 1.726113e+00, 1.833104e+00, 2.639600e-09, 5.416830e-10, 3.962516e+01, 6.016897e-02
1.321000e+09, 3.018660e-02, 9.551165e-01, 1.663090e+00, 1.820171e+00, 2.684522e-09, 5.418422e-10, 3.977825e+01, 6.009863e-02
1.324800e+09, 2.998912e-02, 9.551289e-01, 1.598994e+00, 1.807234e+00, 2.719130e-09, 5.420060e-10, 3.993248e+01, 5.993649e-02
1.328600e+09, 2.987006e-02, 9.551400e-01, 1.534072e+00, 1.794293e+00, 2.742328e-09, 5.421717e-10, 4.008776e+01, 5.968220e-02
1.332400e+09, 2.983180e-02, 9.551493e-01, 1.468595e+00, 1.781348e+00, 2.753350e-09, 5.423362e-10, 4.024401e+01, 5.933542e-02
1.336200e+09, 2.987605e-02, 9.551564e-01, 1.402856e+00, 1.768399e+00, 2.751816e-09, 5.424964e-10, 4.040116e+01, 5.889589e-02
1.340000e+09, 3.000378e-02, 9.551607e-01, 1.337154e+00, 1.755446e+00, 2.737769e-09, 5.426496e-10, 4.055913e+01, 5.836337e-02
1.343800e+09, 3.021526e-02, 9.551619e-01, 1.271786e+00, 1.742490e+00, 2.711666e-09, 5.427931e-10, 4.071784e+01, 5.773766e-02
1.347600e+09, 3.051001e-02, 9.551596e-01, 1.207042e+00, 1.729530e+00, 2.674346e-09, 5.429245e-10, 4.087721e+01, 5.701861e-02
1.351400e+09, 3.088686e-02, 9.551533e-01, 1.143189e+00, 1.716567e+00, 2.626960e-09, 5.430415e-10, 4.103715e+01, 5.620608e-02
1.355200e+09, 3.134402e-02, 9.551427e-01, 1.080468e+00, 1.703601e+00, 2.570889e-09, 5.431425e-10, 4.119759e+01, 5.529997e-02
1.359000e+09, 3.187914e-02, 9.551276e-01, 1.019085e+00, 1.690633e+00, 2.507651e-09, 5.432260e-10, 4.135844e+01, 5.430019e-02
1.362800e+09, 3.248943e-02, 9.551077e-01, 9.592120e-01, 1.677663e+00, 2.438808e-09, 5.432910e-10, 4.151962e+01, 5.320671e-02
1.366600e+09, 3.317176e-02, 9.550828e-01, 9.009828e-01, 1.664691e+00, 2.365888e-09, 5.433368e-10, 4.168103e+01, 5.201949e-02
1.370400e+09, 3.392272e-02, 9.550529e-01, 8.444946e-01, 1.651719e+00, 2.290321e-09, 5.433632e-10, 4.184260e+01, 5.073851e-02
1.374200e+09, 3.473876e-02, 9.550179e-01, 7.898107e-01, 1.638745e+00, 2.213398e-09, 5.433705e-10, 4.200422e+01, 4.936381e-02
1.378000e+09, 3.561625e-02, 9.549778e-01, 7.369634e-01, 1.625772e+00, 2.136238e-09, 5.433592e-10, 4.216582e+01, 4.789540e-02
1.381800e+09, 3.655156e-02, 9.549326e-01, 6.859583e-01, 1.612798e+00, 2.059781e-09, 5.433304e-10, 4.232730e+01, 4.633336e-02
1.385600e+09, 3.754109e-02, 9.548826e-01, 6.367788e-01, 1.599826e+00, 1.984792e-09, 5.432852e-10, 4.248856e+01, 4.467777e-02
1.389400e+09, 3.858136e-02, 9.548278e-01, 5.893897e-01, 1.586854e+00, 1.911868e-09, 5.432254e-10, 4.264951e+01, 4.292874e-02
1.393200e+09, 3.966900e-02, 9.547685e-01, 5.437417e-01, 1.573884e+00, 1.841454e-09, 5.431527e-10, 4.281004e+01, 4.108641e-02
1.397000e+09, 4.080079e-02, 9.547049e-01, 4.997750e-01, 1.560916e+00, 1.773867e-09, 5.430692e-10, 4.297006e+01, 3.915096e-02
1.400800e+09, 4.197369e-02, 9.546374e-01, 4.574219e-01, 1.547949e+00, 1.709312e-09, 5.429771e-10, 4.312946e+01, 3.712260e-02
1.404600e+09, 4.318480e-02, 9.545663e-01, 4.166102e-01, 1.534985e+00, 1.647902e-09, 5.428786e-10, 4.328813e+01, 3.500158e-02
1.408400e+09, 4.443142e-02, 9.544918e-01, 3.772647e-01, 1.522023e+00, 1.589677e-09, 5.427762e-10, 4.344596e+01, 3.278819e-02
1.412200e+09, 4.571100e-02, 9.544143e-01, 3.393094e-01, 1.509064e+00, 1.534621e-09, 5.426719e-10, 4.360285e+01, 3.048280e-02
1.416000e+09, 4.702117e-02, 9.543341e-01, 3.026687e-01, 1.496107e+00, 1.482671e-09, 5.425681e-10, 4.375867e+01, 2.808580e-02
1.419800e+09, 4.835971e-02, 9.542515e-01, 2.672683e-01, 1.483153e+00, 1.433735e-09, 5.424668e-10, 4.391331e+01, 2.559766e-02
1.423600e+09, 4.972452e-02, 9.541669e-01, 2.330363e-01, 1.470201e+00, 1.387696e-09, 5.423698e-10, 4.406665e+01, 2.301890e-02
1.427400e+09, 5.111368e-02, 9.540805e-01, 1.999035e-01, 1.457251e+00, 1.344423e-09, 5.422788e-10, 4.421856e+01, 2.035014e-02
1.431200e+09, 5.252537e-02, 9.539925e-01, 1.678039e-01, 1.444303e+00, 1.303775e-09, 5.421952e-10, 4.436893e+01, 1.759204e-02
1.435000e+09, 5.395789e-02, 9.539032e-01, 1.366748e-01, 1.431358e+00, 1.265607e-09, 5.421201e-10, 4.451762e+01, 1.474536e-02
1.438800e+09, 5.540964e-02, 9.538126e-01, 1.064571e-01, 1.418414e+00, 1.229773e-09, 5.420543e-10, 4.466451e+01, 1.181094e-02
1.442600e+09, 5.687915e-02, 9.537210e-01, 7.709486e-02, 1.405472e+00, 1.196129e-09, 5.419982e-10, 4.480947e+01, 8.789706e-03
1.446400e+09, 5.836501e-02, 9.536284e-01, 4.853596e-02, 1.392531e+00, 1.164533e-09, 5.419521e-10, 4.495237e+01, 5.682676e-03
1.450200e+09, 5.986590e-02, 9.535348e-01, 2.073144e-02, 1.379592e+00, 1.134851e-09, 5.419157e-10, 4.509307e+01, 2.490957e-03
1.454000e+09, 6.138058e-02, 9.534402e-01, -6.364388e-03, 1.366653e+00, 1.106954e-09, 5.418886e-10, 4.523145e+01, -7.842490e-04
1.457800e+09, 6.290790e-02, 9.533446e-01, -3.279413e-02, 1.353714e+00, 1.080718e-09, 5.418700e-10, 4.536737e+01, -4.141647e-03
1.461600e+09, 6.444674e-02, 9.532479e-01, -5.859747e-02, 1.340777e+00, 1.056028e-09, 5.418590e-10, 4.550071e+01, -7.579847e-03
1.465400e+09, 6.599606e-02, 9.531499e-01, -8.381130e-02, 1.327839e+00, 1.032776e-09, 5.418542e-10, 4.563132e+01, -1.109737e-02
1.469200e+09, 6.755489e-02, 9.530505e-01, -1.084700e-01, 1.314902e+00, 1.010860e-09, 5.418543e-10, 4.575909e+01, -1.469263e-02
1.473000e+09, 6.912229e-02, 9.529494e-01, -1.326054e-01, 1.301965e+00, 9.901853e-10, 5.418576e-10, 4.588388e+01, -1.836398e-02
1.476800e+09, 7.069738e-02, 9.528466e-01, -1.562471e-01, 1.289027e+00, 9.706653e-10, 5.418624e-10, 4.600557e+01, -2.210966e-02
1.480600e+09, 7.227933e-02, 9.527416e-01, -1.794228e-01, 1.276090e+00, 9.522185e-10, 5.418669e-10, 4.612403e+01, -2.592786e-02
1.484400e+09, 7.386733e-02, 9.526344e-01, -2.021581e-01, 1.263152e+00, 9.347698e-10, 5.418693e-10, 4.623915e+01, -2.981665e-02
1.488200e+09, 7.546065e-02, 9.525246e-01, -2.244768e-01, 1.250214e+00, 9.182504e-10, 5.418679e-10, 4.635080e+01, -3.377407e-02
1.492000e+09, 7.705858e-02, 9.524121e-01, -2.464010e-01, 1.237276e+00, 9.025967e-10, 5.418609e-10, 4.645888e+01, -3.779807e-02
1.495800e+09, 7.866044e-02, 9.522966e-01, -2.679515e-01, 1.224339e+00, 8.877504e-10, 5.418468e-10, 4.656326e+01, -4.188655e-02
1.499600e+09, 8.026559e-02, 9.521779e-01, -2.891475e-01, 1.211402e+00, 8.736579e-10, 5.418239e-10, 4.666385e+01, -4.603735e-02
1.503400e+09, 8.187343e-02, 9.520558e-01, -3.100071e-01, 1.198465e+00, 8.602703e-10, 5.417912e-10, 4.676053e+01, -5.024827e-02
1.507200e+09, 8.348339e-02, 9.519302e-01, -3.305470e-01, 1.185529e+00, 8.475427e-10, 5.417474e-10, 4.685322e+01, -5.451706e-02
1.511000e+09, 8.509492e-02, 9.518010e-01, -3.507830e-01, 1.172594e+00, 8.354341e-10, 5.416917e-10, 4.694180e+01, -5.884145e-02
1.514800e+09, 8.670752e-02, 9.516680e-01, -3.707299e-01, 1.159661e+00, 8.239069e-10, 5.416235e-10, 4.702621e+01, -6.321912e-02
1.518600e+09, 8.832069e-02, 9.515313e-01, -3.904016e-01, 1.146729e+00, 8.129269e-10, 5.415425e-10, 4.710634e+01, -6.764773e-02
1.522400e+09, 8.993398e-02, 9.513907e-01, -4.098111e-01, 1.133799e+00, 8.024627e-10, 5.414485e-10, 4.718211e+01, -7.212493e-02
1.526200e+09, 9.154693e-02, 9.512464e-01, -4.289708e-01, 1.120871e+00, 7.924856e-10, 5.413416e-10, 4.725346e+01, -7.664834e-02
1.530000e+09, 9.315914e-02, 9.510983e-01, -4.478923e-01, 1.107946e+00, 7.829692e-10, 5.412224e-10, 4.732029e+01, -8.121559e-02
1.533800e+09, 9.477019e-02, 9.509466e-01, -4.665865e-01, 1.095024e+00, 7.738892e-10, 5.410913e-10, 4.738256e+01, -8.582428e-02
1.537600e+09, 9.637971e-02, 9.507914e-01, -4.850640e-01, 1.082105e+00, 7.652234e-10, 5.409492e-10, 4.744018e+01, -9.047201e-02
1.541400e+09, 9.798732e-02, 9.506329e-01, -5.033345e-01, 1.069189e+00, 7.569511e-10, 5.407972e-10, 4.749309e+01, -9.515637e-02
1.545200e+09, 9.959266e-02, 9.504713e-01, -5.214076e-01, 1.056277e+00, 7.490532e-10, 5.406363e-10, 4.754125e+01, -9.987496e-02
1.549000e+09, 1.011954e-01, 9.503067e-01, -5.392920e-01, 1.043369e+00, 7.415117e-10, 5.404679e-10, 4.758459e+01, -1.046254e-01
1.552800e+09, 1.027951e-01, 9.501394e-01, -5.569964e-01, 1.030464e+00, 7.343098e-10, 5.402934e-10, 4.762307e+01, -1.094051e-01
1.556600e+09, 1.043916e-01, 9.499697e-01, -5.745289e-01, 1.017564e+00, 7.274319e-10, 5.401141e-10, 4.765664e+01, -1.142119e-01
1.560400e+09, 1.059845e-01, 9.497977e-01, -5.918971e-01, 1.004668e+00, 7.208628e-10, 5.399316e-10, 4.768526e+01, -1.190432e-01
1.564200e+09, 1.075734e-01, 9.496239e-01, -6.091085e-01, 9.917770e-01, 7.145883e-10, 5.397474e-10, 4.770888e+01, -1.238965e-01
1.568000e+09, 1.091580e-01, 9.494483e-01, -6.261701e-01, 9.788900e-01, 7.085947e-10, 5.395627e-10, 4.772747e+01, -1.287695e-01
1.571800e+09, 1.107380e-01, 9.492714e-01, -6.430886e-01, 9.660073e-01, 7.028688e-10, 5.393789e-10, 4.774101e+01, -1.336597e-01
1.575600e+09, 1.123131e-01, 9.490932e-01, -6.598704e-01, 9.531290e-01, 6.973978e-10, 5.391972e-10, 4.774946e+01, -1.385645e-01
1.579400e+09, 1.138829e-01, 9.489141e-01, -6.765215e-01, 9.402551e-01, 6.921692e-10, 5.390187e-10, 4.775279e+01, -1.434816e-01
1.583200e+09, 1.154471e-01, 9.487343e-01, -6.930478e-01, 9.273855e-01, 6.871711e-10, 5.388442e-10, 4.775099e+01, -1.484082e-01
1.587000e+09, 1.170054e-01, 9.485539e-01, -7.094548e-01, 9.145200e-01, 6.823916e-10, 5.386746e-10, 4.774404e+01, -1.533419e-01
1.590800e+09, 1.185574e-01, 9.483732e-01, -7.257476e-01, 9.016585e-01, 6.778192e-10, 5.385103e-10, 4.773193e+01, -1.582802e-01
1.594600e+09, 1.201027e-01, 9.481922e-01, -7.419313e-01, 8.888010e-01, 6.734425e-10, 5.383518e-10, 4.771465e+01, -1.632204e-01
1.598400e+09, 1.216411e-01, 9.480110e-01, -7.580105e-01, 8.759472e-01, 6.692505e-10, 5.381991e-10, 4.769220e+01, -1.681599e-01
1.602200e+09, 1.231721e-01, 9.478298e-01, -7.739896e-01, 8.630971e-01, 6.652324e-10, 5.380522e-10, 4.766457e+01, -1.730960e-01
1.606000e+09, 1.246954e-01, 9.476486e-01, -7.898728e-01, 8.502505e-01, 6.613778e-10, 5.379110e-10, 4.763178e+01, -1.780261e-01
1.609800e+09, 1.262106e-01, 9.474675e-01, -8.056639e-01, 8.374073e-01, 6.576764e-10, 5.377750e-10, 4.759383e+01, -1.829475e-01
1.613600e+09, 1.277174e-01, 9.472864e-01, -8.213666e-01, 8.245674e-01, 6.541184e-10, 5.376437e-10, 4.755074e+01, -1.878574e-01
1.617400e+09, 1.292154e-01, 9.471054e-01, -8.369844e-01, 8.117305e-01, 6.506942e-10, 5.375164e-10, 4.750254e+01, -1.927532e-01
1.621200e+09, 1.307042e-01, 9.469244e-01, -8.525205e-01, 7.988967e-01, 6.473948e-10, 5.373923e-10, 4.744925e+01, -1.976322e-01
1.625000e+09, 1.321834e-01, 9.467434e-01, -8.679777e-01, 7.860659e-01, 6.442115e-10, 5.372705e-10, 4.739090e+01, -2.024914e-01
1.628800e+09, 1.336526e-01, 9.465623e-01, -8.833590e-01, 7.732380e-01, 6.411360e-10, 5.371501e-10, 4.732754e+01, -2.073284e-01
1.632600e+09, 1.351116e-01, 9.463811e-01, -8.986668e-01, 7.604129e-01, 6.381606e-10, 5.370301e-10, 4.725921e+01, -2.121401e-01
1.636400e+09, 1.365600e-01, 9.461997e-01, -9.139036e-01, 7.475907e-01, 6.352781e-10, 5.369094e-10, 4.718596e+01, -2.169241e-01
1.640200e+09, 1.379973e-01, 9.460180e-01, -9.290716e-01, 7.347714e-01, 6.324818e-10, 5.367871e-10, 4.710784e+01, -2.216775e-01
1.644000e+09, 1.394232e-01, 9.458359e-01, -9.441728e-01, 7.219550e-01, 6.297656e-10, 5.366623e-10, 4.702493e+01, -2.263976e-01
1.647800e+09, 1.408375e-01, 9.456535e-01, -9.592091e-01, 7.091416e-01, 6.271238e-10, 5.365342e-10, 4.693729e+01, -2.310818e-01
1.651600e+09, 1.422397e-01, 9.454706e-01, -9.741824e-01, 6.963313e-01, 6.245517e-10, 5.364019e-10, 4.684498e+01, -2.357275e-01
1.655400e+09, 1.436295e-01, 9.452872e-01, -9.890943e-01, 6.835241e-01, 6.220446e-10, 5.362648e-10, 4.674810e+01, -2.403322e-01
1.659200e+09, 1.450067e-01, 9.451033e-01, -1.003946e+00, 6.707202e-01, 6.195989e-10, 5.361224e-10, 4.664672e+01, -2.448931e-01
1.663000e+09, 1.463709e-01, 9.449190e-01, -1.018740e+00, 6.579197e-01, 6.172112e-10, 5.359743e-10, 4.654092e+01, -2.494080e-01
1.666800e+09, 1.477218e-01, 9.447341e-01, -1.033476e+00, 6.451227e-01, 6.148787e-10, 5.358203e-10, 4.643082e+01, -2.538743e-01
1.670600e+09, 1.490593e-01, 9.445489e-01, -1.048157e+00, 6.323294e-01, 6.125993e-10, 5.356603e-10, 4.631649e+01, -2.582898e-01
1.674400e+09, 1.503829e-01, 9.443632e-01, -1.062784e+00, 6.195399e-01, 6.103711e-10, 5.354944e-10, 4.619803e+01, -2.626521e-01
1.678200e+09, 1.516925e-01, 9.441773e-01, -1.077357e+00, 6.067544e-01, 6.081928e-10, 5.353228e-10, 4.607556e+01, -2.669590e-01
1.682000e+09, 1.529877e-01, 9.439912e-01, -1.091878e+00, 5.939730e-01, 6.060635e-10, 5.351459e-10, 4.594918e+01, -2.712083e-01
1.685800e+09, 1.542685e-01, 9.438051e-01, -1.106349e+00, 5.811958e-01, 6.039826e-10, 5.349641e-10, 4.581898e+01, -2.753981e-01
1.689600e+09, 1.555345e-01, 9.436190e-01, -1.120770e+00, 5.684229e-01, 6.019497e-10, 5.347782e-10, 4.568509e+01, -2.795262e-01
1.693400e+09, 1.567856e-01, 9.434332e-01, -1.135142e+00, 5.556545e-01, 5.999647e-10, 5.345888e-10, 4.554761e+01, -2.835907e-01
1.697200e+09, 1.580215e-01, 9.432478e-01, -1.149467e+00, 5.428906e-01, 5.980279e-10, 5.343967e-10, 4.540666e+01, -2.875898e-01
1.701000e+09, 1.592420e-01, 9.430630e-01, -1.163745e+00, 5.301313e-01, 5.961394e-10, 5.342028e-10, 4.526235e+01, -2.915216e-01
1.704800e+09, 1.604470e-01, 9.428791e-01, -1.177979e+00, 5.173766e-01, 5.942997e-10, 5.340080e-10, 4.511478e+01, -2.953844e-01
1.708600e+09, 1.616363e-01, 9.426961e-01, -1.192168e+00, 5.046266e-01, 5.925090e-10, 5.338131e-10, 4.496409e+01, -2.991766e-01
1.712400e+09, 1.628096e-01, 9.425143e-01, -1.206315e+00, 4.918812e-01, 5.907678e-10, 5.336192e-10, 4.481037e+01, -3.028965e-01
1.716200e+09, 1.639669e-01, 9.423339e-01, -1.220420e+00, 4.791404e-01, 5.890763e-10, 5.334270e-10, 4.465375e+01, -3.065425e-01
1.720000e+09, 1.651079e-01, 9.421551e-01, -1.234485e+00, 4.664043e-01, 5.874347e-10, 5.332375e-10, 4.449433e+01, -3.101132e-01
1.723800e+09, 1.662324e-01, 9.419781e-01, -1.248511e+00, 4.536726e-01, 5.858432e-10, 5.330513e-10, 4.433224e+01, -3.136070e-01
1.727600e+09, 1.673403e-01, 9.418030e-01, -1.262498e+00, 4.409455e-01, 5.843016e-10, 5.328693e-10, 4.416757e+01, -3.170226e-01
1.731400e+09, 1.684313e-01, 9.416301e-01, -1.276449e+00, 4.282226e-01, 5.828097e-10, 5.326918e-10, 4.400046e+01, -3.203585e-01
1.735200e+09, 1.695054e-01, 9.414595e-01, -1.290365e+00, 4.155040e-01, 5.813669e-10, 5.325196e-10, 4.383100e+01, -3.236134e-01
1.739000e+09, 1.705622e-01, 9.412912e-01, -1.304245e+00, 4.027895e-01, 5.799726e-10, 5.323528e-10, 4.365930e+01, -3.267861e-01
1.742800e+09, 1.716016e-01, 9.411255e-01, -1.318093e+00, 3.900790e-01, 5.786258e-10, 5.321917e-10, 4.348549e+01, -3.298751e-01
1.746600e+09, 1.726234e-01, 9.409625e-01, -1.331908e+00, 3.773723e-01, 5.773254e-10, 5.320366e-10, 4.330966e+01, -3.328793e-01
1.750400e+09, 1.736274e-01, 9.408022e-01, -1.345692e+00, 3.646694e-01, 5.760701e-10, 5.318873e-10, 4.313193e+01, -3.357975e-01
1.754200e+09, 1.746134e-01, 9.406447e-01, -1.359447e+00, 3.519700e-01, 5.748582e-10, 5.317438e-10, 4.295240e+01, -3.386283e-01
1.758000e+09, 1.755811e-01, 9.404901e-01, -1.373172e+00, 3.392740e-01, 5.736881e-10, 5.316058e-10, 4.277119e+01, -3.413707e-01
1.761800e+09, 1.765303e-01, 9.403383e-01, -1.386870e+00, 3.265813e-01, 5.725579e-10, 5.314731e-10, 4.258840e+01, -3.440235e-01
1.765600e+09, 1.774609e-01, 9.401895e-01, -1.400540e+00, 3.138918e-01, 5.714655e-10, 5.313453e-10, 4.240413e+01, -3.465856e-01
1.769400e+09, 1.783725e-01, 9.400437e-01, -1.414184e+00, 3.012054e-01, 5.704087e-10, 5.312218e-10, 4.221850e+01, -3.490559e-01
1.773200e+09, 1.792650e-01, 9.399008e-01, -1.427804e+00, 2.885219e-01, 5.693854e-10, 5.311023e-10, 4.203161e+01, -3.514332e-01
1.777000e+09, 1.801381e-01, 9.397609e-01, -1.441398e+00, 2.758412e-01, 5.683933e-10, 5.309860e-10, 4.184356e+01, -3.537166e-01
1.780800e+09, 1.809915e-01, 9.396239e-01, -1.454969e+00, 2.631633e-01, 5.674301e-10, 5.308726e-10, 4.165446e+01, -3.559050e-01
1.784600e+09, 1.818251e-01, 9.394899e-01, -1.468517e+00, 2.504882e-01, 5.664937e-10, 5.307614e-10, 4.146442e+01, -3.579975e-01
1.788400e+09, 1.826386e-01, 9.393589e-01, -1.482043e+00, 2.378156e-01, 5.655817e-10, 5.306519e-10, 4.127354e+01, -3.599930e-01
1.792200e+09, 1.834318e-01, 9.392307e-01, -1.495547e+00, 2.251457e-01, 5.646922e-10, 5.305436e-10, 4.108193e+01, -3.618908e-01
1.796000e+09, 1.842045e-01, 9.391055e-01, -1.509029e+00, 2.124784e-01, 5.638231e-10, 5.304361e-10, 4.088968e+01, -3.636899e-01
1.799800e+09, 1.849563e-01, 9.389833e-01, -1.522491e+00, 1.998137e-01, 5.629726e-10, 5.303290e-10, 4.069690e+01, -3.653894e-01
1.803600e+09, 1.856872e-01, 9.388640e-01, -1.535933e+00, 1.871515e-01, 5.621390e-10, 5.302220e-10, 4.050370e+01, -3.669887e-01
1.807400e+09, 1.863969e-01, 9.387477e-01, -1.549355e+00, 1.744919e-01, 5.613209e-10, 5.301149e-10, 4.031018e+01, -3.684870e-01
1.811200e+09, 1.870852e-01, 9.386344e-01, -1.562757e+00, 1.618348e-01, 5.605169e-10, 5.300076e-10, 4.011643e+01, -3.698835e-01
1.815000e+09, 1.877518e-01, 9.385241e-01, -1.576140e+00, 1.491803e-01, 5.597260e-10, 5.299000e-10, 3.992255e+01, -3.711776e-01
1.818800e+09, 1.883967e-01, 9.384170e-01, -1.589504e+00, 1.365283e-01, 5.589473e-10, 5.297923e-10, 3.972865e+01, -3.723688e-01
1.822600e+09, 1.890196e-01, 9.383130e-01, -1.602849e+00, 1.238789e-01, 5.581801e-10, 5.296846e-10, 3.953481e+01, -3.734565e-01
1.826400e+09, 1.896204e-01, 9.382124e-01, -1.616176e+00, 1.112321e-01, 5.574241e-10, 5.295773e-10, 3.934115e+01, -3.744403e-01
1.830200e+09, 1.901988e-01, 9.381150e-01, -1.629486e+00, 9.858789e-02, 5.566789e-10, 5.294705e-10, 3.914774e+01, -3.753195e-01
1.834000e+09, 1.907547e-01, 9.380211e-01, -1.642777e+00, 8.594619e-02, 5.559444e-10, 5.293649e-10, 3.895468e+01, -3.760940e-01
1.837800e+09, 1.912881e-01, 9.379308e-01, -1.656051e+00, 7.330702e-02, 5.552209e-10, 5.292608e-10, 3.876207e+01, -3.767633e-01
1.841600e+09, 1.917986e-01, 9.378441e-01, -1.669307e+00, 6.067034e-02, 5.545085e-10, 5.291587e-10, 3.856999e+01, -3.773271e-01
1.845400e+09, 1.922863e-01, 9.377612e-01, -1.682547e+00, 4.803609e-02, 5.538077e-10, 5.290594e-10, 3.837853e+01, -3.777852e-01
1.849200e+09, 1.927509e-01, 9.376823e-01, -1.695769e+00, 3.540421e-02, 5.531191e-10, 5.289633e-10, 3.818778e+01, -3.781374e-01
1.853000e+09, 1.931924e-01, 9.376073e-01, -1.708976e+00, 2.277463e-02, 5.524431e-10, 5.288711e-10, 3.799781e+01, -3.783835e-01
1.856800e+09, 1.936107e-01, 9.375365e-01, -1.722166e+00, 1.014725e-02, 5.517804e-10, 5.287834e-10, 3.780871e+01, -3.785234e-01
1.860600e+09, 1.940055e-01, 9.374700e-01, -1.735340e+00, -2.478041e-03, 5.511319e-10, 5.287006e-10, 3.762057e+01, -3.785570e-01
1.864400e+09, 1.943769e-01, 9.374079e-01, -1.748499e+00, -1.510135e-02, 5.504981e-10, 5.286233e-10, 3.743345e+01, -3.784843e-01
1.868200e+09, 1.947247e-01, 9.373502e-01, -1.761643e+00, -2.772282e-02, 5.498799e-10, 5.285520e-10, 3.724743e+01, -3.783053e-01
1.872000e+09, 1.950488e-01, 9.372972e-01, -1.774772e+00, -4.034258e-02, 5.492778e-10, 5.284870e-10, 3.706259e+01, -3.780199e-01
1.875800e+09, 1.953492e-01, 9.372488e-01, -1.787887e+00, -5.296079e-02, 5.486924e-10, 5.284288e-10, 3.687900e+01, -3.776283e-01
1.879600e+09, 1.956256e-01, 9.372051e-01, -1.800987e+00, -6.557761e-02, 5.481244e-10, 5.283774e-10, 3.669673e+01, -3.771305e-01
1.883400e+09, 1.958781e-01, 9.371662e-01, -1.814074e+00, -7.819321e-02, 5.475742e-10, 5.283331e-10, 3.651586e+01, -3.765267e-01
1.887200e+09, 1.961066e-01, 9.371322e-01, -1.827148e+00, -9.080774e-02, 5.470420e-10, 5.282959e-10, 3.633644e+01, -3.758170e-01
1.891000e+09, 1.963108e-01, 9.371031e-01, -1.840209e+00, -1.034214e-01, 5.465282e-10, 5.282659e-10, 3.615854e+01, -3.750015e-01
1.894800e+09, 1.964908e-01, 9.370789e-01, -1.853258e+00, -1.160343e-01, 5.460329e-10, 5.282428e-10, 3.598223e+01, -3.740805e-01
1.898600e+09, 1.966465e-01, 9.370596e-01, -1.866296e+00, -1.286467e-01, 5.455561e-10, 5.282266e-10, 3.580758e+01, -3.730542e-01
1.902400e+09, 1.967776e-01, 9.370452e-01, -1.879321e+00, -1.412587e-01, 5.450977e-10, 5.282170e-10, 3.563464e+01, -3.719228e-01
1.906200e+09, 1.968843e-01, 9.370358e-01, -1.892336e+00, -1.538705e-01, 5.446574e-10, 5.282136e-10, 3.546348e+01, -3.706867e-01
1.910000e+09, 1.969662e-01, 9.370312e-01, -1.905340e+00, -1.664821e-01, 5.442349e-10, 5.282162e-10, 3.529415e+01, -3.693461e-01
1.913800e+09, 1.970234e-01, 9.370315e-01, -1.918335e+00, -1.790939e-01, 5.438298e-10, 5.282243e-10, 3.512672e+01, -3.679014e-01
1.917600e+09, 1.970558e-01, 9.370367e-01, -1.931319e+00, -1.917058e-01, 5.434415e-10, 5.282375e-10, 3.496125e+01, -3.663530e-01
1.921400e+09, 1.970631e-01, 9.370467e-01, -1.944294e+00, -2.043181e-01, 5.430695e-10, 5.282555e-10, 3.479780e+01, -3.647014e-01
1.925200e+09, 1.970454e-01, 9.370614e-01, -1.957261e+00, -2.169308e-01, 5.427132e-10, 5.282779e-10, 3.463641e+01, -3.629469e-01
1.929000e+09, 1.970026e-01, 9.370809e-01, -1.970219e+00, -2.295440e-01, 5.423717e-10, 5.283042e-10, 3.447715e+01, -3.610901e-01
1.932800e+09, 1.969345e-01, 9.371051e-01, -1.983168e+00, -2.421578e-01, 5.420445e-10, 5.283342e-10, 3.432008e+01, -3.591315e-01
1.936600e+09, 1.968410e-01, 9.371340e-01, -1.996110e+00, -2.547724e-01, 5.417308e-10, 5.283676e-10, 3.416525e+01, -3.570717e-01
1.940400e+09, 1.967221e-01, 9.371675e-01, -2.009045e+00, -2.673877e-01, 5.414299e-10, 5.284042e-10, 3.401271e+01, -3.549115e-01
1.944200e+09, 1.965776e-01, 9.372056e-01, -2.021972e+00, -2.800040e-01, 5.411411e-10, 5.284438e-10, 3.386252e+01, -3.526513e-01
1.948000e+09, 1.964074e-01, 9.372484e-01, -2.034892e+00, -2.926212e-01, 5.408639e-10, 5.284864e-10, 3.371473e+01, -3.502921e-01
1.951800e+09, 1.962116e-01, 9.372957e-01, -2.047806e+00, -3.052394e-01, 5.405975e-10, 5.285320e-10, 3.356939e+01, -3.478346e-01
1.955600e+09, 1.959899e-01, 9.373477e-01, -2.060713e+00, -3.178586e-01, 5.403416e-10, 5.285807e-10, 3.342657e+01, -3.452797e-01
1.959400e+09, 1.957424e-01, 9.374043e-01, -2.073615e+00, -3.304791e-01, 5.400957e-10, 5.286327e-10, 3.328630e+01, -3.426282e-01
1.963200e+09, 1.954689e-01, 9.374655e-01, -2.086510e+00, -3.431008e-01, 5.398594e-10, 5.286882e-10, 3.314864e+01, -3.398813e-01
1.967000e+09, 1.951694e-01, 9.375313e-01, -2.099400e+00, -3.557238e-01, 5.396325e-10, 5.287475e-10, 3.301363e+01, -3.370398e-01
1.970800e+09, 1.948438e-01, 9.376018e-01, -2.112284e+00, -3.683482e-01, 5.394149e-10, 5.288112e-10, 3.288134e+01, -3.341050e-01
1.974600e+09, 1.944920e-01, 9.376771e-01, -2.125163e+00, -3.809742e-01, 5.392065e-10, 5.288795e-10, 3.275180e+01, -3.310780e-01
1.978400e+09, 1.941141e-01, 9.377570e-01, -2.138037e+00, -3.936018e-01, 5.390074e-10, 5.289529e-10, 3.262506e+01, -3.279600e-01
1.982200e+09, 1.937099e-01, 9.378417e-01, -2.150907e+00, -4.062311e-01, 5.388176e-10, 5.290320e-10, 3.250118e+01, -3.247523e-01
1.986000e+09, 1.932795e-01, 9.379312e-01, -2.163772e+00, -4.188623e-01, 5.386374e-10, 5.291171e-10, 3.238019e+01, -3.214562e-01
1.989800e+09, 1.928227e-01, 9.380255e-01, -2.176632e+00, -4.314956e-01, 5.384670e-10, 5.292089e-10, 3.226214e+01, -3.180733e-01
1.993600e+09, 1.923396e-01, 9.381246e-01, -2.189489e+00, -4.441310e-01, 5.383069e-10, 5.293076e-10, 3.214707e+01, -3.146050e-01
1.997400e+09, 1.918301e-01, 9.382286e-01, -2.202341e+00, -4.567688e-01, 5.381573e-10, 5.294137e-10, 3.203503e+01, -3.110529e-01
2.001200e+09, 1.912942e-01, 9.383373e-01, -2.215190e+00, -4.694092e-01, 5.380187e-10, 5.295276e-10, 3.192606e+01, -3.074185e-01
2.005000e+09, 1.907319e-01, 9.384509e-01, -2.228036e+00, -4.820522e-01, 5.378915e-10, 5.296494e-10, 3.182019e+01, -3.037035e-01
2.008800e+09, 1.901431e-01, 9.385693e-01, -2.240879e+00, -4.946982e-01, 5.377763e-10, 5.297793e-10, 3.171748e+01, -2.999098e-01
2.012600e+09, 1.895279e-01, 9.386924e-01, -2.253719e+00, -5.073472e-01, 5.376734e-10, 5.299174e-10, 3.161796e+01, -2.960390e-01
2.016400e+09, 1.888862e-01, 9.388202e-01, -2.266557e+00, -5.199996e-01, 5.375832e-10, 5.300635e-10, 3.152166e+01, -2.920931e-01
2.020200e+09, 1.882181e-01, 9.389525e-01, -2.279392e+00, -5.326555e-01, 5.375063e-10, 5.302176e-10, 3.142863e+01, -2.880740e-01
2.024000e+09, 1.875234e-01, 9.390894e-01, -2.292226e+00, -5.453150e-01, 5.374428e-10, 5.303794e-10, 3.133891e+01, -2.839837e-01
2.027800e+09, 1.868023e-01, 9.392307e-01, -2.305058e+00, -5.579784e-01, 5.373931e-10, 5.305485e-10, 3.125252e+01, -2.798242e-01
2.031600e+09, 1.860546e-01, 9.393763e-01, -2.317888e+00, -5.706458e-01, 5.373575e-10, 5.307243e-10, 3.116951e+01, -2.755976e-01
2.035400e+09, 1.852805e-01, 9.395260e-01, -2.330718e+00, -5.833174e-01, 5.373359e-10, 5.309063e-10, 3.108990e+01, -2.713062e-01
2.039200e+09, 1.844798e-01, 9.396797e-01, -2.343548e+00, -5.959934e-01, 5.373286e-10, 5.310939e-10, 3.101374e+01, -2.669521e-01
2.043000e+09, 1.836526e-01, 9.398372e-01, -2.356377e+00, -6.086739e-01, 5.373355e-10, 5.312863e-10, 3.094106e+01, -2.625377e-01
2.046800e+09, 1.827989e-01, 9.399983e-01, -2.369207e+00, -6.213589e-01, 5.373565e-10, 5.314827e-10, 3.087188e+01, -2.580653e-01
2.050600e+09, 1.819186e-01, 9.401630e-01, -2.382037e+00, -6.340487e-01, 5.373914e-10, 5.316824e-10, 3.080625e+01, -2.535374e-01
2.054400e+09, 1.810119e-01, 9.403310e-01, -2.394868e+00, -6.467432e-01, 5.374398e-10, 5.318844e-10, 3.074419e+01, -2.489564e-01
2.058200e+09, 1.800785e-01, 9.405021e-01, -2.407699e+00, -6.594425e-01, 5.375015e-10, 5.320880e-10, 3.068573e+01, -2.443248e-01
2.062000e+09, 1.791187e-01, 9.406762e-01, -2.420533e+00, -6.721467e-01, 5.375760e-10, 5.322925e-10, 3.063091e+01, -2.396453e-01
2.065800e+09, 1.781323e-01, 9.408531e-01, -2.433368e+00, -6.848557e-01, 5.376627e-10, 5.324970e-10, 3.057974e+01, -2.349206e-01
2.069600e+09, 1.771194e-01, 9.410326e-01, -2.446205e+00, -6.975697e-01, 5.377612e-10, 5.327011e-10, 3.053227e+01, -2.301534e-01
2.073400e+09, 1.760800e-01, 9.412146e-01, -2.459045e+00, -7.102885e-01, 5.378708e-10, 5.329041e-10, 3.048852e+01, -2.253464e-01
2.077200e+09, 1.750140e-01, 9.413989e-01, -2.471887e+00, -7.230122e-01, 5.379908e-10, 5.331055e-10, 3.044851e+01, -2.205026e-01
2.081000e+09, 1.739215e-01, 9.415855e-01, -2.484732e+00, -7.357407e-01, 5.381206e-10, 5.333052e-10, 3.041227e+01, -2.156249e-01
2.084800e+09, 1.728026e-01, 9.417743e-01, -2.497581e+00, -7.484739e-01, 5.382595e-10, 5.335029e-10, 3.037983e+01, -2.107162e-01
2.088600e+09, 1.716572e-01, 9.419650e-01, -2.510432e+00, -7.612119e-01, 5.384067e-10, 5.336986e-10, 3.035120e+01, -2.057796e-01
2.092400e+09, 1.704853e-01, 9.421578e-01, -2.523287e+00, -7.739545e-01, 5.385617e-10, 5.338925e-10, 3.032642e+01, -2.008182e-01
2.096200e+09, 1.692871e-01, 9.423525e-01, -2.536146e+00, -7.867018e-01, 5.387237e-10, 5.340847e-10, 3.030551e+01, -1.958351e-01
2.100000e+09, 1.680624e-01, 9.425491e-01, -2.549009e+00, -7.994537e-01, 5.388921e-10, 5.342757e-10, 3.028848e+01, -1.908335e-01
2.103800e+09, 1.668114e-01, 9.427476e-01, -2.561875e+00, -8.122101e-01, 5.390663e-10, 5.344660e-10, 3.027536e+01, -1.858167e-01
2.107600e+09, 1.655341e-01, 9.429479e-01, -2.574746e+00, -8.249711e-01, 5.392459e-10, 5.346563e-10, 3.026615e+01, -1.807880e-01
2.111400e+09, 1.642306e-01, 9.431502e-01, -2.587621e+00, -8.377366e-01, 5.394303e-10, 5.348472e-10, 3.026089e+01, -1.757507e-01
2.115200e+09, 1.629009e-01, 9.433544e-01, -2.600501e+00, -8.505066e-01, 5.396191e-10, 5.350397e-10, 3.025959e+01, -1.707082e-01
2.119000e+09, 1.615450e-01, 9.435604e-01, -2.613385e+00, -8.632813e-01, 5.398120e-10, 5.352345e-10, 3.026225e+01, -1.656639e-01
2.122800e+09, 1.601631e-01, 9.437685e-01, -2.626273e+00, -8.760606e-01, 5.400089e-10, 5.354326e-10, 3.026889e+01, -1.606213e-01
2.126600e+09, 1.587553e-01, 9.439785e-01, -2.639167e+00, -8.888447e-01, 5.402094e-10, 5.356349e-10, 3.027953e+01, -1.555838e-01
2.130400e+09, 1.573216e-01, 9.441906e-01, -2.652065e+00, -9.016335e-01, 5.404136e-10, 5.358422e-10, 3.029416e+01, -1.505549e-01
2.134200e+09, 1.558621e-01, 9.444046e-01, -2.664968e+00, -9.144274e-01, 5.406214e-10, 5.360553e-10, 3.031280e+01, -1.455381e-01
2.138000e+09, 1.543769e-01, 9.446207e-01, -2.677876e+00, -9.272263e-01, 5.408329e-10, 5.362751e-10, 3.033546e+01, -1.405370e-01
2.141800e+09, 1.528662e-01, 9.448387e-01, -2.690789e+00, -9.400304e-01, 5.410483e-10, 5.365020e-10, 3.036214e+01, -1.355551e-01
2.145600e+09, 1.513300e-01, 9.450588e-01, -2.703707e+00, -9.528400e-01, 5.412677e-10, 5.367367e-10, 3.039283e+01, -1.305959e-01
2.149400e+09, 1.497684e-01, 9.452807e-01, -2.716630e+00, -9.656552e-01, 5.414916e-10, 5.369794e-10, 3.042755e+01, -1.256630e-01
2.153200e+09, 1.481817e-01, 9.455045e-01, -2.729559e+00, -9.784762e-01, 5.417203e-10, 5.372304e-10, 3.046628e+01, -1.207599e-01
2.157000e+09, 1.465699e-01, 9.457300e-01, -2.742493e+00, -9.913031e-01, 5.419542e-10, 5.374896e-10, 3.050903e+01, -1.158901e-01
2.160800e+09, 1.449332e-01, 9.459571e-01, -2.755433e+00, -1.004136e+00, 5.421939e-10, 5.377570e-10, 3.055579e+01, -1.110571e-01
2.164600e+09, 1.432716e-01, 9.461857e-01, -2.768378e+00, -1.016976e+00, 5.424398e-10, 5.380321e-10, 3.060656e+01, -1.062644e-01
2.168400e+09, 1.415855e-01, 9.464155e-01, -2.781330e+00, -1.029822e+00, 5.426926e-10, 5.383144e-10, 3.066132e+01, -1.015155e-01
2.172200e+09, 1.398749e-01, 9.466464e-01, -2.794287e+00, -1.042675e+00, 5.429529e-10, 5.386033e-10, 3.072006e+01, -9.681370e-02
2.176000e+09, 1.381400e-01, 9.468781e-01, -2.807251e+00, -1.055535e+00, 5.432215e-10, 5.388978e-10, 3.078278e+01, -9.216253e-02
2.179800e+09, 1.363809e-01, 9.471104e-01, -2.820221e+00, -1.068401e+00, 5.434989e-10, 5.391971e-10, 3.084945e+01, -8.756531e-02
2.183600e+09, 1.345979e-01, 9.473430e-01, -2.833197e+00, -1.081275e+00, 5.437860e-10, 5.394998e-10, 3.092006e+01, -8.302537e-02
2.187400e+09, 1.327911e-01, 9.475756e-01, -2.846181e+00, -1.094156e+00, 5.440836e-10, 5.398049e-10, 3.099460e+01, -7.854599e-02
2.191200e+09, 1.309607e-01, 9.478079e-01, -2.859171e+00, -1.107045e+00, 5.443924e-10, 5.401110e-10, 3.107305e+01, -7.413040e-02
2.195000e+09, 1.291069e-01, 9.480397e-01, -2.872169e+00, -1.119941e+00, 5.447134e-10, 5.404168e-10, 3.115537e+01, -6.978181e-02
2.198800e+09, 1.272299e-01, 9.482706e-01, -2.885175e+00, -1.132844e+00, 5.450474e-10, 5.407210e-10, 3.124156e+01, -6.550336e-02
2.202600e+09, 1.253298e-01, 9.485003e-01, -2.898188e+00, -1.145754e+00, 5.453954e-10, 5.410223e-10, 3.133157e+01, -6.129812e-02
2.206400e+09, 1.234070e-01, 9.487285e-01, -2.911210e+00, -1.158671e+00, 5.457583e-10, 5.413193e-10, 3.142540e+01, -5.716913e-02
2.210200e+09, 1.214615e-01, 9.489549e-01, -2.924241e+00, -1.171596e+00, 5.461373e-10, 5.416109e-10, 3.152300e+01, -5.311936e-02
2.214000e+09, 1.194936e-01, 9.491793e-01, -2.937281e+00, -1.184528e+00, 5.465333e-10, 5.418961e-10, 3.162435e+01, -4.915175e-02
2.217800e+09, 1.175036e-01, 9.494014e-01, -2.950330e+00, -1.197466e+00, 5.469475e-10, 5.421740e-10, 3.172941e+01, -4.526913e-02
2.221600e+09, 1.154915e-01, 9.496209e-01, -2.963389e+00, -1.210411e+00, 5.473813e-10, 5.424437e-10, 3.183816e+01, -4.147430e-02
2.225400e+09, 1.134577e-01, 9.498377e-01, -2.976458e+00, -1.223362e+00, 5.478360e-10, 5.427047e-10, 3.195054e+01, -3.776999e-02
2.229200e+09, 1.114024e-01, 9.500515e-01, -2.989538e+00, -1.236320e+00, 5.483131e-10, 5.429565e-10, 3.206653e+01, -3.415888e-02
2.233000e+09, 1.093258e-01, 9.502623e-01, -3.002630e+00, -1.249284e+00, 5.488142e-10, 5.431991e-10, 3.218608e+01, -3.064355e-02
2.236800e+09, 1.072282e-01, 9.504699e-01, -3.015733e+00, -1.262253e+00, 5.493411e-10, 5.434325e-10, 3.230916e+01, -2.722653e-02
2.240600e+09, 1.051097e-01, 9.506741e-01, -3.028849e+00, -1.275228e+00, 5.498959e-10, 5.436567e-10, 3.243571e+01, -2.391030e-02
2.244400e+09, 1.029707e-01, 9.508750e-01, -3.041979e+00, -1.288209e+00, 5.504808e-10, 5.438724e-10, 3.256569e+01, -2.069724e-02
2.248200e+09, 1.008114e-01, 9.510724e-01, -3.055122e+00, -1.301194e+00, 5.510982e-10, 5.440800e-10, 3.269905e+01, -1.758967e-02
2.252000e+09, 9.863201e-02, 9.512664e-01, -3.068280e+00, -1.314185e+00, 5.517511e-10, 5.442803e-10, 3.283574e+01, -1.458986e-02
2.255800e+09, 9.643283e-02, 9.514570e-01, -3.081454e+00, -1.327180e+00, 5.524426e-10, 5.444742e-10, 3.297571e+01, -1.169998e-02
2.259600e+09, 9.421412e-02, 9.516441e-01, -3.094644e+00, -1.340180e+00, 5.531765e-10, 5.446628e-10, 3.311889e+01, -8.922151e-03
2.263400e+09, 9.197615e-02, 9.518279e-01, -3.107852e+00, -1.353184e+00, 5.539568e-10, 5.448471e-10, 3.326525e+01, -6.258399e-03
2.267200e+09, 8.971920e-02, 9.520084e-01, -3.121078e+00, -1.366193e+00, 5.547884e-10, 5.450283e-10, 3.341470e+01, -3.710694e-03
2.271000e+09, 8.744355e-02, 9.521855e-01, -3.134324e+00, -1.379206e+00, 5.556768e-10, 5.452076e-10, 3.356720e+01, -1.280927e-03
2.274800e+09, 8.514949e-02, 9.523595e-01, 3.135594e+00, -1.392224e+00, 5.566286e-10, 5.453862e-10, 3.372267e+01, 1.029083e-03
2.278600e+09, 8.283732e-02, 9.525303e-01, 3.122304e+00, -1.405246e+00, 5.576511e-10, 5.455652e-10, 3.388105e+01, 3.217593e-03
2.282400e+09, 8.050732e-02, 9.526979e-01, 3.108989e+00, -1.418272e+00, 5.587532e-10, 5.457456e-10, 3.404226e+01, 5.282933e-03
2.286200e+09, 7.815982e-02, 9.528624e-01, 3.095648e+00, -1.431302e+00, 5.599452e-10, 5.459284e-10, 3.420625e+01, 7.223510e-03
2.290000e+09, 7.579511e-02, 9.530239e-01, 3.082279e+00, -1.444336e+00, 5.612393e-10, 5.461144e-10, 3.437292e+01, 9.037804e-03
2.293800e+09, 7.341352e-02, 9.531822e-01, 3.068879e+00, -1.457376e+00, 5.626500e-10, 5.463042e-10, 3.454221e+01, 1.072437e-02
2.297600e+09, 7.101537e-02, 9.533375e-01, 3.055445e+00, -1.470419e+00, 5.641947e-10, 5.464983e-10, 3.471403e+01, 1.228185e-02
2.301400e+09, 6.860100e-02, 9.534895e-01, 3.041974e+00, -1.483467e+00, 5.658940e-10, 5.466970e-10, 3.488830e+01, 1.370895e-02
2.305200e+09, 6.617073e-02, 9.536382e-01, 3.028463e+00, -1.496520e+00, 5.677734e-10, 5.469001e-10, 3.506493e+01, 1.500446e-02
2.309000e+09, 6.372493e-02, 9.537836e-01, 3.014906e+00, -1.509578e+00, 5.698634e-10, 5.471077e-10, 3.524383e+01, 1.616724e-02
2.312800e+09, 6.126393e-02, 9.539253e-01, 3.001300e+00, -1.522641e+00, 5.722018e-10, 5.473193e-10, 3.542491e+01, 1.719625e-02
2.316600e+09, 5.878809e-02, 9.540634e-01, 2.987638e+00, -1.535709e+00, 5.748351e-10, 5.475343e-10, 3.560808e+01, 1.809050e-02
2.320400e+09, 5.629778e-02, 9.541975e-01, 2.973913e+00, -1.548782e+00, 5.778215e-10, 5.477518e-10, 3.579323e+01, 1.884910e-02
2.324200e+09, 5.379338e-02, 9.543275e-01, 2.960117e+00, -1.561860e+00, 5.812343e-10, 5.479709e-10, 3.598026e+01, 1.947124e-02
2.328000e+09, 5.127526e-02, 9.544530e-01, 2.946240e+00, -1.574943e+00, 5.851665e-10, 5.481905e-10, 3.616908e+01, 1.995619e-02
2.331800e+09, 4.874381e-02, 9.545739e-01, 2.932268e+00, -1.588032e+00, 5.897383e-10, 5.484091e-10, 3.635957e+01, 2.030329e-02
2.335600e+09, 4.619942e-02, 9.546898e-01, 2.918188e+00, -1.601126e+00, 5.951063e-10, 5.486253e-10, 3.655161e+01, 2.051200e-02
2.339400e+09, 4.364250e-02, 9.548003e-01, 2.903979e+00, -1.614225e+00, 6.014779e-10, 5.488378e-10, 3.674510e+01, 2.058181e-02
2.343200e+09, 4.107345e-02, 9.549053e-01, 2.889618e+00, -1.627329e+00, 6.091320e-10, 5.490448e-10, 3.693993e+01, 2.051235e-02
2.347000e+09, 3.849270e-02, 9.550044e-01, 2.875074e+00, -1.640438e+00, 6.184513e-10, 5.492448e-10, 3.713595e+01, 2.030329e-02
2.350800e+09, 3.590068e-02, 9.550972e-01, 2.860308e+00, -1.653552e+00, 6.299714e-10, 5.494364e-10, 3.733307e+01, 1.995442e-02
2.354600e+09, 3.329782e-02, 9.551835e-01, 2.845267e+00, -1.666670e+00, 6.444606e-10, 5.496179e-10, 3.753113e+01, 1.946561e-02
2.358400e+09, 3.068458e-02, 9.552630e-01, 2.829879e+00, -1.679793e+00, 6.630531e-10, 5.497879e-10, 3.773003e+01, 1.883680e-02
2.362200e+09, 2.806143e-02, 9.553355e-01, 2.814048e+00, -1.692920e+00, 6.874788e-10, 5.499452e-10, 3.792961e+01, 1.806805e-02
2.366000e+09, 2.542886e-02, 9.554006e-01, 2.797634e+00, -1.706050e+00, 7.204835e-10, 5.500887e-10, 3.812976e+01, 1.715948e-02
2.369800e+09, 2.278740e-02, 9.554582e-01, 2.780432e+00, -1.719184e+00, 7.666387e-10, 5.502174e-10, 3.833032e+01, 1.611131e-02
2.373600e+09, 2.013762e-02, 9.555081e-01, 2.762127e+00, -1.732322e+00, 8.340205e-10, 5.503305e-10, 3.853115e+01, 1.492386e-02
2.377400e+09, 1.748020e-02, 9.555501e-01, 2.742214e+00, -1.745461e+00, 9.380118e-10, 5.504275e-10, 3.873211e+01, 1.359752e-02
2.381200e+09, 1.481598e-02, 9.555842e-01, 2.719818e+00, -1.758603e+00, 1.110972e-09, 5.505081e-10, 3.893306e+01, 1.213280e-02
2.385000e+09, 1.214615e-02, 9.556101e-01, 2.693292e+00, -1.771747e+00, 1.431000e-09, 5.505722e-10, 3.913383e+01, 1.053028e-02
2.388800e+09, 9.472744e-03, 9.556280e-01, 2.659126e+00, -1.784893e+00, 2.129435e-09, 5.506199e-10, 3.933428e+01, 8.790624e-03
2.392600e+09, 6.800336e-03, 9.556378e-01, 2.608283e+00, -1.798039e+00, 4.175092e-09, 5.506516e-10, 3.953426e+01, 6.914602e-03
2.396400e+09, 4.144137e-03, 9.556395e-01, 2.508598e+00, -1.811187e+00, 1.615560e-08, 5.506680e-10, 3.973359e+01, 4.903070e-03
2.400200e+09, 1.619004e-03, 9.556332e-01, 2.122865e+00, -1.824335e+00, 8.278057e-08, 5.506697e-10, 3.993213e+01, 2.756973e-03
2.404000e+09, 1.636254e-03, 9.556190e-01, 1.463880e-01, -1.837483e+00, 1.592621e-08, 5.506579e-10, 4.012971e+01, 4.773481e-04
2.407800e+09, 4.174148e-03, 9.555971e-01, -2.338678e-01, -1.850630e+00, 4.148863e-09, 5.506336e-10, 4.032617e+01, -1.934680e-03
2.411600e+09, 6.850633e-03, 9.555675e-01, -3.329264e-01, -1.863777e+00, 2.121729e-09, 5.505980e-10, 4.052133e+01, -4.477893e-03
2.415400e+09, 9.553113e-03, 9.555304e-01, -3.835851e-01, -1.876923e+00, 1.427582e-09, 5.505526e-10, 4.071504e+01, -7.150986e-03
2.419200e+09, 1.226653e-02, 9.554861e-01, -4.176701e-01, -1.890068e+00, 1.109018e-09, 5.504988e-10, 4.090711e+01, -9.952562e-03
2.423000e+09, 1.498634e-02, 9.554348e-01, -4.441492e-01, -1.903212e+00, 9.366697e-10, 5.504380e-10, 4.109739e+01, -1.288113e-02
2.426800e+09, 1.771050e-02, 9.553766e-01, -4.665132e-01, -1.916354e+00, 8.329686e-10, 5.503716e-10, 4.128569e+01, -1.593512e-02
2.430600e+09, 2.043781e-02, 9.553117e-01, -4.864012e-01, -1.929495e+00, 7.657372e-10, 5.503010e-10, 4.147185e+01, -1.911286e-02
2.434400e+09, 2.316741e-02, 9.552403e-01, -5.046840e-01, -1.942634e+00, 7.196670e-10, 5.502276e-10, 4.165569e+01, -2.241260e-02
2.438200e+09, 2.589862e-02, 9.551627e-01, -5.218669e-01, -1.955771e+00, 6.867167e-10, 5.501525e-10, 4.183704e+01, -2.583247e-02
2.442000e+09, 2.863082e-02, 9.550789e-01, -5.382630e-01, -1.968907e+00, 6.623321e-10, 5.500767e-10, 4.201571e+01, -2.937055e-02
2.445800e+09, 3.136347e-02, 9.549892e-01, -5.540769e-01, -1.982041e+00, 6.437770e-10, 5.500012e-10, 4.219154e+01, -3.302480e-02
2.449600e+09, 3.409602e-02, 9.548936e-01, -5.694478e-01, -1.995173e+00, 6.293265e-10, 5.499267e-10, 4.236434e+01, -3.679309e-02
2.453400e+09, 3.682798e-02, 9.547924e-01, -5.844737e-01, -2.008303e+00, 6.178494e-10, 5.498535e-10, 4.253395e+01, -4.067320e-02
2.457200e+09, 3.955883e-02, 9.546854e-01, -5.992255e-01, -2.021431e+00, 6.085786e-10, 5.497819e-10, 4.270019e+01, -4.466282e-02
2.461000e+09, 4.228808e-02, 9.545729e-01, -6.137560e-01, -2.034558e+00, 6.009791e-10, 5.497121e-10, 4.286288e+01, -4.875955e-02
2.464800e+09, 4.501524e-02, 9.544547e-01, -6.281050e-01, -2.047683e+00, 5.946682e-10, 5.496436e-10, 4.302185e+01, -5.296088e-02
2.468600e+09, 4.773981e-02, 9.543309e-01, -6.423034e-01, -2.060806e+00, 5.893661e-10, 5.495762e-10, 4.317693e+01, -5.726422e-02
2.472400e+09, 5.046131e-02, 9.542015e-01, -6.563752e-01, -2.073928e+00, 5.848646e-10, 5.495092e-10, 4.332795e+01, -6.166689e-02
2.476200e+09, 5.317924e-02, 9.540664e-01, -6.703395e-01, -2.087048e+00, 5.810059e-10, 5.494417e-10, 4.347475e+01, -6.616609e-02
2.480000e+09, 5.589312e-02, 9.539255e-01, -6.842116e-01, -2.100166e+00, 5.776685e-10, 5.493727e-10, 4.361715e+01, -7.075896e-02
2.483800e+09, 5.860245e-02, 9.537786e-01, -6.980041e-01, -2.113283e+00, 5.747577e-10, 5.493010e-10, 4.375500e+01, -7.544252e-02
2.487600e+09, 6.130673e-02, 9.536257e-01, -7.117271e-01, -2.126398e+00, 5.721985e-10, 5.492253e-10, 4.388814e+01, -8.021372e-02
2.491400e+09, 6.400549e-02, 9.534666e-01, -7.253889e-01, -2.139512e+00, 5.699313e-10, 5.491442e-10, 4.401642e+01, -8.506942e-02
2.495200e+09, 6.669822e-02, 9.533012e-01, -7.389967e-01, -2.152623e+00, 5.679076e-10, 5.490563e-10, 4.413968e+01, -9.000637e-02
2.499000e+09, 6.938443e-02, 9.531294e-01, -7.525561e-01, -2.165733e+00, 5.660881e-10, 5.489601e-10, 4.425778e+01, -9.502127e-02
2.502800e+09, 7.206363e-02, 9.529509e-01, -7.660721e-01, -2.178840e+00, 5.644406e-10, 5.488541e-10, 4.437059e+01, -1.001107e-01
2.506600e+09, 7.473533e-02, 9.527657e-01, -7.795487e-01, -2.191944e+00, 5.629383e-10, 5.487370e-10, 4.447795e+01, -1.052712e-01
2.510400e+09, 7.739904e-02, 9.525737e-01, -7.929895e-01, -2.205046e+00, 5.615589e-10, 5.486075e-10, 4.457976e+01, -1.104993e-01
2.514200e+09, 8.005427e-02, 9.523747e-01, -8.063973e-01, -2.218144e+00, 5.602840e-10, 5.484644e-10, 4.467588e+01, -1.157912e-01
2.518000e+09, 8.270053e-02, 9.521687e-01, -8.197747e-01, -2.231240e+00, 5.590980e-10, 5.483066e-10, 4.476619e+01, -1.211434e-01
2.521800e+09, 8.533736e-02, 9.519557e-01, -8.331238e-01, -2.244331e+00, 5.579877e-10, 5.481334e-10, 4.485060e+01, -1.265520e-01
2.525600e+09, 8.796426e-02, 9.517356e-01, -8.464464e-01, -2.257418e+00, 5.569422e-10, 5.479441e-10, 4.492900e+01, -1.320134e-01
2.529400e+09, 9.058078e-02, 9.515085e-01, -8.597440e-01, -2.270501e+00, 5.559522e-10, 5.477383e-10, 4.500129e+01, -1.375236e-01
2.533200e+09, 9.318644e-02, 9.512745e-01, -8.730180e-01, -2.283579e+00, 5.550100e-10, 5.475160e-10, 4.506738e+01, -1.430788e-01
2.537000e+09, 9.578079e-02, 9.510337e-01, -8.862694e-01, -2.296651e+00, 5.541091e-10, 5.472773e-10, 4.512721e+01, -1.486751e-01
2.540800e+09, 9.836337e-02, 9.507861e-01, -8.994994e-01, -2.309718e+00, 5.532442e-10, 5.470224e-10, 4.518070e+01, -1.543085e-01
2.544600e+09, 1.009337e-01, 9.505321e-01, -9.127087e-01, -2.322779e+00, 5.524108e-10, 5.467520e-10, 4.522778e+01, -1.599751e-01
2.548400e+09, 1.034914e-01, 9.502718e-01, -9.258981e-01, -2.335833e+00, 5.516055e-10, 5.464671e-10, 4.526841e+01, -1.656709e-01
2.552200e+09, 1.060361e-01, 9.500056e-01, -9.390683e-01, -2.348881e+00, 5.508253e-10, 5.461686e-10, 4.530254e+01, -1.713919e-01
2.556000e+09, 1.085672e-01, 9.497336e-01, -9.522199e-01, -2.361921e+00, 5.500681e-10, 5.458579e-10, 4.533014e+01, -1.771342e-01
2.559800e+09, 1.110844e-01, 9.494563e-01, -9.653534e-01, -2.374954e+00, 5.493320e-10, 5.455364e-10, 4.535117e+01, -1.828937e-01
2.563600e+09, 1.135872e-01, 9.491740e-01, -9.784693e-01, -2.387979e+00, 5.486160e-10, 5.452057e-10, 4.536562e+01, -1.886665e-01
2.567400e+09, 1.160754e-01, 9.488870e-01, -9.915681e-01, -2.400997e+00, 5.479190e-10, 5.448677e-10, 4.537347e+01, -1.944486e-01
2.571200e+09, 1.185484e-01, 9.485958e-01, -1.004650e+00, -2.414006e+00, 5.472405e-10, 5.445240e-10, 4.537474e+01, -2.002361e-01
2.575000e+09, 1.210058e-01, 9.483008e-01, -1.017716e+00, -2.427007e+00, 5.465803e-10, 5.441766e-10, 4.536941e+01, -2.060250e-01
2.578800e+09, 1.234474e-01, 9.480023e-01, -1.030766e+00, -2.440000e+00, 5.459380e-10, 5.438273e-10, 4.535750e+01, -2.118116e-01
2.582600e+09, 1.258727e-01, 9.477008e-01, -1.043801e+00, -2.452985e+00, 5.453139e-10, 5.434778e-10, 4.533905e+01, -2.175918e-01
2.586400e+09, 1.282814e-01, 9.473967e-01, -1.056821e+00, -2.465961e+00, 5.447078e-10, 5.431300e-10, 4.531406e+01, -2.233619e-01
2.590200e+09, 1.306730e-01, 9.470903e-01, -1.069827e+00, -2.478929e+00, 5.441200e-10, 5.427853e-10, 4.528259e+01, -2.291181e-01
2.594000e+09, 1.330473e-01, 9.467820e-01, -1.082818e+00, -2.491888e+00, 5.435506e-10, 5.424453e-10, 4.524468e+01, -2.348567e-01
2.597800e+09, 1.354038e-01, 9.464721e-01, -1.095796e+00, -2.504840e+00, 5.429996e-10, 5.421112e-10, 4.520038e+01, -2.405739e-01
2.601600e+09, 1.377422e-01, 9.461610e-01, -1.108761e+00, -2.517783e+00, 5.424670e-10, 5.417840e-10, 4.514974e+01, -2.462660e-01
2.605400e+09, 1.400622e-01, 9.458489e-01, -1.121713e+00, -2.530719e+00, 5.419528e-10, 5.414646e-10, 4.509283e+01, -2.519294e-01
2.609200e+09, 1.423633e-01, 9.455360e-01, -1.134653e+00, -2.543647e+00, 5.414568e-10, 5.411535e-10, 4.502973e+01, -2.575606e-01
2.613000e+09, 1.446452e-01, 9.452226e-01, -1.147580e+00, -2.556568e+00, 5.409785e-10, 5.408509e-10, 4.496050e+01, -2.631560e-01
2.616800e+09, 1.469076e-01, 9.449088e-01, -1.160497e+00, -2.569481e+00, 5.405175e-10, 5.405570e-10, 4.488524e+01, -2.687121e-01
2.620600e+09, 1.491502e-01, 9.445948e-01, -1.173402e+00, -2.582387e+00, 5.400732e-10, 5.402714e-10, 4.480403e+01, -2.742255e-01
2.624400e+09, 1.513724e-01, 9.442806e-01, -1.186297e+00, -2.595287e+00, 5.396448e-10, 5.399936e-10, 4.471698e+01, -2.796927e-01
2.628200e+09, 1.535740e-01, 9.439663e-01, -1.199182e+00, -2.608180e+00, 5.392313e-10, 5.397230e-10, 4.462417e+01, -2.851104e-01
2.632000e+09, 1.557547e-01, 9.436519e-01, -1.212057e+00, -2.621066e+00, 5.388315e-10, 5.394585e-10, 4.452572e+01, -2.904754e-01
2.635800e+09, 1.579140e-01, 9.433374e-01, -1.224922e+00, -2.633947e+00, 5.384444e-10, 5.391990e-10, 4.442173e+01, -2.957844e-01
2.639600e+09, 1.600515e-01, 9.430227e-01, -1.237778e+00, -2.646820e+00, 5.380686e-10, 5.389432e-10, 4.431233e+01, -3.010342e-01
2.643400e+09, 1.621670e-01, 9.427079e-01, -1.250625e+00, -2.659688e+00, 5.377026e-10, 5.386895e-10, 4.419763e+01, -3.062216e-01
2.647200e+09, 1.642600e-01, 9.423929e-01, -1.263463e+00, -2.672550e+00, 5.373449e-10, 5.384364e-10, 4.407776e+01, -3.113437e-01
2.651000e+09, 1.663302e-01, 9.420775e-01, -1.276293e+00, -2.685406e+00, 5.369940e-10, 5.381823e-10, 4.395286e+01, -3.163973e-01
2.654800e+09, 1.683772e-01, 9.417617e-01, -1.289114e+00, -2.698256e+00, 5.366484e-10, 5.379257e-10, 4.382304e+01, -3.213796e-01
2.658600e+09, 1.704006e-01, 9.414454e-01, -1.301927e+00, -2.711099e+00, 5.363065e-10, 5.376648e-10, 4.368846e+01, -3.262877e-01
2.662400e+09, 1.724001e-01, 9.411286e-01, -1.314732e+00, -2.723937e+00, 5.359669e-10, 5.373982e-10, 4.354925e+01, -3.311188e-01
2.666200e+09, 1.743754e-01, 9.408112e-01, -1.327529e+00, -2.736768e+00, 5.356280e-10, 5.371246e-10, 4.340555e+01, -3.358702e-01
2.670000e+09, 1.763259e-01, 9.404932e-01, -1.340317e+00, -2.749592e+00, 5.352886e-10, 5.368426e-10, 4.325751e+01, -3.405391e-01
2.673800e+09, 1.782515e-01, 9.401746e-01, -1.353098e+00, -2.762410e+00, 5.349474e-10, 5.365513e-10, 4.310529e+01, -3.451231e-01
2.677600e+09, 1.801518e-01, 9.398553e-01, -1.365871e+00, -2.775220e+00, 5.346034e-10, 5.362498e-10, 4.294904e+01, -3.496197e-01
2.681400e+09, 1.820264e-01, 9.395355e-01, -1.378635e+00, -2.788024e+00, 5.342557e-10, 5.359375e-10, 4.278890e+01, -3.540263e-01
2.685200e+09, 1.838750e-01, 9.392153e-01, -1.391391e+00, -2.800820e+00, 5.339036e-10, 5.356142e-10, 4.262504e+01, -3.583408e-01
2.689000e+09, 1.856973e-01, 9.388948e-01, -1.404138e+00, -2.813608e+00, 5.335466e-10, 5.352798e-10, 4.245761e+01, -3.625609e-01
2.692800e+09, 1.874930e-01, 9.385741e-01, -1.416877e+00, -2.826389e+00, 5.331843e-10, 5.349346e-10, 4.228677e+01, -3.666844e-01
2.696600e+09, 1.892617e-01, 9.382536e-01, -1.429608e+00, -2.839161e+00, 5.328167e-10, 5.345791e-10, 4.211267e+01, -3.707093e-01
2.700400e+09, 1.910033e-01, 9.379335e-01, -1.442329e+00, -2.851925e+00, 5.324440e-10, 5.342142e-10, 4.193549e+01, -3.746336e-01
2.704200e+09, 1.927173e-01, 9.376140e-01, -1.455042e+00, -2.864680e+00, 5.320665e-10, 5.338411e-10, 4.175536e+01, -3.784556e-01
2.708000e+09, 1.944037e-01, 9.372956e-01, -1.467746e+00, -2.877426e+00, 5.316847e-10, 5.334610e-10, 4.157246e+01, -3.821733e-01
2.711800e+09, 1.960620e-01, 9.369786e-01, -1.480440e+00, -2.890163e+00, 5.312994e-10, 5.330756e-10, 4.138695e+01, -3.857851e-01
2.715600e+09, 1.976921e-01, 9.366633e-01, -1.493125e+00, -2.902890e+00, 5.309116e-10, 5.326866e-10, 4.119896e+01, -3.892895e-01
2.719400e+09, 1.992937e-01, 9.363503e-01, -1.505802e+00, -2.915609e+00, 5.305223e-10, 5.322959e-10, 4.100867e+01, -3.926849e-01
2.723200e+09, 2.008667e-01, 9.360400e-01, -1.518468e+00, -2.928318e+00, 5.301328e-10, 5.319057e-10, 4.081622e+01, -3.959698e-01
2.727000e+09, 2.024107e-01, 9.357327e-01, -1.531126e+00, -2.941018e+00, 5.297445e-10, 5.315181e-10, 4.062176e+01, -3.991430e-01
2.730800e+09, 2.039256e-01, 9.354291e-01, -1.543774e+00, -2.953708e+00, 5.293587e-10, 5.311351e-10, 4.042545e+01, -4.022032e-01
2.734600e+09, 2.054113e-01, 9.351295e-01, -1.556413e+00, -2.966390e+00, 5.289770e-10, 5.307590e-10, 4.022743e+01, -4.051491e-01
2.738400e+09, 2.068675e-01, 9.348343e-01, -1.569043e+00, -2.979062e+00, 5.286010e-10, 5.303918e-10, 4.002783e+01, -4.079796e-01
2.742200e+09, 2.082940e-01, 9.345441e-01, -1.581664e+00, -2.991726e+00, 5.282321e-10, 5.300354e-10, 3.982681e+01, -4.106937e-01
2.746000e+09, 2.096907e-01, 9.342592e-01, -1.594276e+00, -3.004381e+00, 5.278719e-10, 5.296917e-10, 3.962451e+01, -4.132904e-01
2.749800e+09, 2.110573e-01, 9.339800e-01, -1.606880e+00, -3.017028e+00, 5.275219e-10, 5.293623e-10, 3.942105e+01, -4.157687e-01
2.753600e+09, 2.123938e-01, 9.337069e-01, -1.619475e+00, -3.029667e+00, 5.271833e-10, 5.290485e-10, 3.921656e+01, -4.181276e-01
2.757400e+09, 2.137000e-01, 9.334401e-01, -1.632062e+00, -3.042299e+00, 5.268574e-10, 5.287515e-10, 3.901119e+01, -4.203664e-01
2.761200e+09, 2.149756e-01, 9.331800e-01, -1.644641e+00, -3.054923e+00, 5.265454e-10, 5.284722e-10, 3.880505e+01, -4.224842e-01
2.765000e+09, 2.162206e-01, 9.329267e-01, -1.657213e+00, -3.067541e+00, 5.262482e-10, 5.282110e-10, 3.859828e+01, -4.244802e-01
2.768800e+09, 2.174347e-01, 9.326804e-01, -1.669778e+00, -3.080153e+00, 5.259666e-10, 5.279682e-10, 3.839098e+01, -4.263537e-01
2.772600e+09, 2.186178e-01, 9.324413e-01, -1.682336e+00, -3.092759e+00, 5.257012e-10, 5.277438e-10, 3.818329e+01, -4.281039e-01
2.776400e+09, 2.197697e-01, 9.322095e-01, -1.694888e+00, -3.105359e+00, 5.254523e-10, 5.275372e-10, 3.797531e+01, -4.297302e-01
2.780200e+09, 2.208902e-01, 9.319849e-01, -1.707433e+00, -3.117955e+00, 5.252203e-10, 5.273479e-10, 3.776716e+01, -4.312319e-01
2.784000e+09, 2.219791e-01, 9.317676e-01, -1.719974e+00, -3.130546e+00, 5.250052e-10, 5.271748e-10, 3.755896e+01, -4.326083e-01
2.787800e+09, 2.230363e-01, 9.315575e-01, -1.732509e+00, 3.140053e+00, 5.248067e-10, 5.270168e-10, 3.735080e+01, -4.338587e-01
2.791600e+09, 2.240616e-01, 9.313546e-01, -1.745039e+00, 3.127470e+00, 5.246245e-10, 5.268723e-10, 3.714281e+01, -4.349827e-01
2.795400e+09, 2.250547e-01, 9.311586e-01, -1.757565e+00, 3.114890e+00, 5.244581e-10, 5.267398e-10, 3.693508e+01, -4.359796e-01
2.799200e+09, 2.260155e-01, 9.309696e-01, -1.770087e+00, 3.102313e+00, 5.243068e-10, 5.266174e-10, 3.672772e+01, -4.368489e-01
2.803000e+09, 2.269438e-01, 9.307873e-01, -1.782605e+00, 3.089740e+00, 5.241698e-10, 5.265033e-10, 3.652082e+01, -4.375899e-01
2.806800e+09, 2.278394e-01, 9.306115e-01, -1.795120e+00, 3.077169e+00, 5.240461e-10, 5.263955e-10, 3.631450e+01, -4.382023e-01
2.810600e+09, 2.287020e-01, 9.304421e-01, -1.807633e+00, 3.064601e+00, 5.239347e-10, 5.262921e-10, 3.610885e+01, -4.386854e-01
2.814400e+09, 2.295314e-01, 9.302789e-01, -1.820142e+00, 3.052035e+00, 5.238345e-10, 5.261912e-10, 3.590396e+01, -4.390390e-01
2.818200e+09, 2.303275e-01, 9.301217e-01, -1.832649e+00, 3.039472e+00, 5.237443e-10, 5.260910e-10, 3.569994e+01, -4.392624e-01
2.822000e+09, 2.310901e-01, 9.299704e-01, -1.845154e+00, 3.026911e+00, 5.236631e-10, 5.259900e-10, 3.549688e+01, -4.393553e-01
2.825800e+09, 2.318189e-01, 9.298248e-01, -1.857657e+00, 3.014352e+00, 5.235897e-10, 5.258865e-10, 3.529487e+01, -4.393175e-01
2.829600e+09, 2.325137e-01, 9.296848e-01, -1.870159e+00, 3.001796e+00, 5.235230e-10, 5.257795e-10, 3.509400e+01, -4.391484e-01
2.833400e+09, 2.331744e-01, 9.295505e-01, -1.882658e+00, 2.989242e+00, 5.234620e-10, 5.256679e-10, 3.489436e+01, -4.388480e-01
2.837200e+09, 2.338007e-01, 9.294216e-01, -1.895157e+00, 2.976691e+00, 5.234057e-10, 5.255510e-10, 3.469605e+01, -4.384159e-01
2.841000e+09, 2.343925e-01, 9.292983e-01, -1.907653e+00, 2.964143e+00, 5.233534e-10, 5.254286e-10, 3.449915e+01, -4.378520e-01
2.844800e+09, 2.349496e-01, 9.291806e-01, -1.920149e+00, 2.951598e+00, 5.233043e-10, 5.253005e-10, 3.430375e+01, -4.371561e-01
2.848600e+09, 2.354718e-01, 9.290686e-01, -1.932644e+00, 2.939056e+00, 5.232579e-10, 5.251670e-10, 3.410994e+01, -4.363281e-01
2.852400e+09, 2.359590e-01, 9.289623e-01, -1.945137e+00, 2.926517e+00, 5.232139e-10, 5.250289e-10, 3.391779e+01, -4.353681e-01
2.856200e+09, 2.364110e-01, 9.288621e-01, -1.957629e+00, 2.913981e+00, 5.231720e-10, 5.248869e-10, 3.372740e+01, -4.342761e-01
2.860000e+09, 2.368276e-01, 9.287681e-01, -1.970120e+00, 2.901449e+00, 5.231322e-10, 5.247425e-10, 3.353884e+01, -4.330521e-01
2.863800e+09, 2.372088e-01, 9.286806e-01, -1.982611e+00, 2.888920e+00, 5.230945e-10, 5.245970e-10, 3.335219e+01, -4.316963e-01
2.867600e+09, 2.375544e-01, 9.285998e-01, -1.995100e+00, 2.876395e+00, 5.230594e-10, 5.244522e-10, 3.316754e+01, -4.302089e-01
2.871400e+09, 2.378643e-01, 9.285261e-01, -2.007589e+00, 2.863873e+00, 5.230273e-10, 5.243101e-10, 3.298495e+01, -4.285903e-01
2.875200e+09, 2.381383e-01, 9.284597e-01, -2.020077e+00, 2.851355e+00, 5.229988e-10, 5.241729e-10, 3.280450e+01, -4.268406e-01
2.879000e+09, 2.383765e-01, 9.284012e-01, -2.032564e+00, 2.838839e+00, 5.229747e-10, 5.240426e-10, 3.262628e+01, -4.249604e-01
2.882800e+09, 2.385786e-01, 9.283507e-01, -2.045051e+00, 2.826327e+00, 5.229558e-10, 5.239217e-10, 3.245033e+01, -4.229500e-01
2.886600e+09, 2.387447e-01, 9.283088e-01, -2.057537e+00, 2.813818e+00, 5.229432e-10, 5.238123e-10, 3.227675e+01, -4.208100e-01
2.890400e+09, 2.388746e-01, 9.282756e-01, -2.070023e+00, 2.801311e+00, 5.229379e-10, 5.237167e-10, 3.210560e+01, -4.185409e-01
2.894200e+09, 2.389683e-01, 9.282516e-01, -2.082508e+00, 2.788807e+00, 5.229411e-10, 5.236371e-10, 3.193694e+01, -4.161434e-01
2.898000e+09, 2.390258e-01, 9.282371e-01, -2.094994e+00, 2.776305e+00, 5.229540e-10, 5.235754e-10, 3.177084e+01, -4.136181e-01
2.901800e+09, 2.390469e-01, 9.282323e-01, -2.107480e+00, 2.763804e+00, 5.229779e-10, 5.235334e-10, 3.160736e+01, -4.109658e-01
2.905600e+09, 2.390316e-01, 9.282374e-01, -2.119967e+00, 2.751304e+00, 5.230138e-10, 5.235125e-10, 3.144658e+01, -4.081873e-01
2.909400e+09, 2.389798e-01, 9.282528e-01, -2.132454e+00, 2.738804e+00, 5.230631e-10, 5.235141e-10, 3.128854e+01, -4.052833e-01
2.913200e+09, 2.388916e-01, 9.282785e-01, -2.144943e+00, 2.726305e+00, 5.231268e-10, 5.235390e-10, 3.113332e+01, -4.022549e-01
2.917000e+09, 2.387668e-01, 9.283146e-01, -2.157433e+00, 2.713805e+00, 5.232060e-10, 5.235878e-10, 3.098097e+01, -3.991030e-01
2.920800e+09, 2.386054e-01, 9.283612e-01, -2.169925e+00, 2.701304e+00, 5.233017e-10, 5.236607e-10, 3.083155e+01, -3.958286e-01
2.924600e+09, 2.384073e-01, 9.284183e-01, -2.182420e+00, 2.688801e+00, 5.234147e-10, 5.237576e-10, 3.068511e+01, -3.924327e-01
2.928400e+09, 2.381725e-01, 9.284858e-01, -2.194917e+00, 2.676295e+00, 5.235459e-10, 5.238779e-10, 3.054173e+01, -3.889166e-01
2.932200e+09, 2.379010e-01, 9.285636e-01, -2.207417e+00, 2.663787e+00, 5.236957e-10, 5.240207e-10, 3.040145e+01, -3.852814e-01
2.936000e+09, 2.375927e-01, 9.286516e-01, -2.219921e+00, 2.651276e+00, 5.238648e-10, 5.241850e-10, 3.026432e+01, -3.815283e-01
2.939800e+09, 2.372474e-01, 9.287494e-01, -2.232429e+00, 2.638760e+00, 5.240533e-10, 5.243692e-10, 3.013042e+01, -3.776588e-01
2.943600e+09, 2.368652e-01, 9.288569e-01, -2.244941e+00, 2.626240e+00, 5.242616e-10, 5.245716e-10, 2.999978e+01, -3.736743e-01
2.947400e+09, 2.364460e-01, 9.289738e-01, -2.257459e+00, 2.613716e+00, 5.244896e-10, 5.247901e-10, 2.987248e+01, -3.695761e-01
2.951200e+09, 2.359896e-01, 9.290997e-01, -2.269981e+00, 2.601186e+00, 5.247373e-10, 5.250227e-10, 2.974855e+01, -3.653659e-01
2.955000e+09, 2.354961e-01, 9.292343e-01, -2.282510e+00, 2.588650e+00, 5.250043e-10, 5.252669e-10, 2.962807e+01, -3.610454e-01
2.958800e+09, 2.349653e-01, 9.293772e-01, -2.295045e+00, 2.576109e+00, 5.252904e-10, 5.255206e-10, 2.951108e+01, -3.566162e-01
2.962600e+09, 2.343972e-01, 9.295280e-01, -2.307587e+00, 2.563561e+00, 5.255949e-10, 5.257814e-10, 2.939764e+01, -3.520802e-01
2.966400e+09, 2.337917e-01, 9.296863e-01, -2.320136e+00, 2.551008e+00, 5.259174e-10, 5.260469e-10, 2.928780e+01, -3.474393e-01
2.970200e+09, 2.331486e-01, 9.298519e-01, -2.332693e+00, 2.538448e+00, 5.262571e-10, 5.263150e-10, 2.918162e+01, -3.426956e-01
2.974000e+09, 2.324679e-01, 9.300242e-01, -2.345258e+00, 2.525881e+00, 5.266133e-10, 5.265836e-10, 2.907915e+01, -3.378511e-01
2.977800e+09, 2.317496e-01, 9.302030e-01, -2.357831e+00, 2.513309e+00, 5.269852e-10, 5.268511e-10, 2.898046e+01, -3.329082e-01
2.981600e+09, 2.309935e-01, 9.303880e-01, -2.370414e+00, 2.500730e+00, 5.273720e-10, 5.271157e-10, 2.888559e+01, -3.278691e-01
2.985400e+09, 2.301996e-01, 9.305789e-01, -2.383005e+00, 2.488144e+00, 5.277728e-10, 5.273764e-10, 2.879459e+01, -3.227364e-01
2.989200e+09, 2.293677e-01, 9.307755e-01, -2.395606e+00, 2.475552e+00, 5.281867e-10, 5.276321e-10, 2.870753e+01, -3.175127e-01
2.993000e+09, 2.284978e-01, 9.309776e-01, -2.408218e+00, 2.462955e+00, 5.286131e-10, 5.278824e-10, 2.862445e+01, -3.122006e-01
2.996800e+09, 2.275899e-01, 9.311850e-01, -2.420839e+00, 2.450351e+00, 5.290511e-10, 5.281271e-10, 2.854541e+01, -3.068031e-01
3.000600e+09, 2.266439e-01, 9.313976e-01, -2.433470e+00, 2.437741e+00, 5.295000e-10, 5.283663e-10, 2.847047e+01, -3.013231e-01
3.004400e+09, 2.256597e-01, 9.316154e-01, -2.446113e+00, 2.425126e+00, 5.299592e-10, 5.286005e-10, 2.839967e+01, -2.957638e-01
3.008200e+09, 2.246372e-01, 9.318384e-01, -2.458766e+00, 2.412505e+00, 5.304281e-10, 5.288308e-10, 2.833306e+01, -2.901282e-01
3.012000e+09, 2.235765e-01, 9.320666e-01, -2.471431e+00, 2.399878e+00, 5.309064e-10, 5.290582e-10, 2.827070e+01, -2.844199e-01
3.015800e+09, 2.224775e-01, 9.323002e-01, -2.484107e+00, 2.387247e+00, 5.313936e-10, 5.292844e-10, 2.821264e+01, -2.786423e-01
3.019600e+09, 2.213402e-01, 9.325391e-01, -2.496794e+00, 2.374609e+00, 5.318898e-10, 5.295111e-10, 2.815892e+01, -2.727990e-01
3.023400e+09, 2.201645e-01, 9.327836e-01, -2.509494e+00, 2.361967e+00, 5.323946e-10, 5.297401e-10, 2.810958e+01, -2.668938e-01
3.027200e+09, 2.189505e-01, 9.330337e-01, -2.522205e+00, 2.349319e+00, 5.329083e-10, 5.299737e-10, 2.806469e+01, -2.609305e-01
3.031000e+09, 2.176981e-01, 9.332897e-01, -2.534929e+00, 2.336665e+00, 5.334310e-10, 5.302139e-10, 2.802428e+01, -2.549131e-01
3.034800e+09, 2.164075e-01, 9.335517e-01, -2.547665e+00, 2.324005e+00, 5.339631e-10, 5.304630e-10, 2.798839e+01, -2.488456e-01
3.038600e+09, 2.150785e-01, 9.338200e-01, -2.560414e+00, 2.311340e+00, 5.345050e-10, 5.307231e-10, 2.795706e+01, -2.427322e-01
3.042400e+09, 2.137112e-01, 9.340945e-01, -2.573176e+00, 2.298668e+00, 5.350573e-10, 5.309963e-10, 2.793034e+01, -2.365773e-01
3.046200e+09, 2.123058e-01, 9.343755e-01, -2.585951e+00, 2.285990e+00, 5.356208e-10, 5.312845e-10, 2.790827e+01, -2.303851e-01
3.050000e+09, 2.108621e-01, 9.346631e-01, -2.598740e+00, 2.273305e+00, 5.361964e-10, 5.315893e-10, 2.789088e+01, -2.241603e-01
3.053800e+09, 2.093804e-01, 9.349574e-01, -2.611542e+00, 2.260613e+00, 5.367849e-10, 5.319122e-10, 2.787820e+01, -2.179072e-01
3.057600e+09, 2.078606e-01, 9.352582e-01, -2.624358e+00, 2.247913e+00, 5.373874e-10, 5.322542e-10, 2.787027e+01, -2.116306e-01
3.061400e+09, 2.063028e-01, 9.355658e-01, -2.637189e+00, 2.235205e+00, 5.380052e-10, 5.326162e-10, 2.786712e+01, -2.053351e-01
3.065200e+09, 2.047071e-01, 9.358798e-01, -2.650035e+00, 2.222488e+00, 5.386394e-10, 5.329985e-10, 2.786878e+01, -1.990254e-01
3.069000e+09, 2.030736e-01, 9.362003e-01, -2.662895e+00, 2.209762e+00, 5.392915e-10, 5.334012e-10, 2.787528e+01, -1.927064e-01
3.072800e+09, 2.014024e-01, 9.365270e-01, -2.675771e+00, 2.197027e+00, 5.399627e-10, 5.338239e-10, 2.788665e+01, -1.863829e-01
3.076600e+09, 1.996936e-01, 9.368597e-01, -2.688664e+00, 2.184281e+00, 5.406547e-10, 5.342658e-10, 2.790290e+01, -1.800598e-01
3.080400e+09, 1.979473e-01, 9.371980e-01, -2.701572e+00, 2.171525e+00, 5.413688e-10, 5.347259e-10, 2.792406e+01, -1.737420e-01
3.084200e+09, 1.961636e-01, 9.375417e-01, -2.714498e+00, 2.158758e+00, 5.421068e-10, 5.352027e-10, 2.795015e+01, -1.674344e-01
3.088000e+09, 1.943427e-01, 9.378904e-01, -2.727441e+00, 2.145979e+00, 5.428703e-10, 5.356944e-10, 2.798119e+01, -1.611420e-01
3.091800e+09, 1.924845e-01, 9.382435e-01, -2.740403e+00, 2.133189e+00, 5.436608e-10, 5.361990e-10, 2.801719e+01, -1.548698e-01
3.095600e+09, 1.905893e-01, 9.386006e-01, -2.753384e+00, 2.120386e+00, 5.444802e-10, 5.367143e-10, 2.805818e+01, -1.486227e-01
3.099400e+09, 1.886573e-01, 9.389613e-01, -2.766384e+00, 2.107572e+00, 5.453302e-10, 5.372378e-10, 2.810416e+01, -1.424058e-01
3.103200e+09, 1.866884e-01, 9.393249e-01, -2.779404e+00, 2.094745e+00, 5.462124e-10, 5.377672e-10, 2.815515e+01, -1.362239e-01
3.107000e+09, 1.846829e-01, 9.396909e-01, -2.792445e+00, 2.081905e+00, 5.471289e-10, 5.382997e-10, 2.821115e+01, -1.300820e-01
3.110800e+09, 1.826408e-01, 9.400589e-01, -2.805509e+00, 2.069052e+00, 5.480813e-10, 5.388330e-10, 2.827218e+01, -1.239851e-01
3.114600e+09, 1.805624e-01, 9.404281e-01, -2.818595e+00, 2.056187e+00, 5.490716e-10, 5.393646e-10, 2.833823e+01, -1.179381e-01
3.118400e+09, 1.784478e-01, 9.407982e-01, -2.831705e+00, 2.043309e+00, 5.501018e-10, 5.398921e-10, 2.840932e+01, -1.119458e-01
3.122200e+09, 1.762970e-01, 9.411686e-01, -2.844839e+00, 2.030419e+00, 5.511738e-10, 5.404135e-10, 2.848545e+01, -1.060131e-01
3.126000e+09, 1.741104e-01, 9.415387e-01, -2.857999e+00, 2.017516e+00, 5.522897e-10, 5.409270e-10, 2.856661e+01, -1.001448e-01
3.129800e+09, 1.718879e-01, 9.419082e-01, -2.871185e+00, 2.004600e+00, 5.534517e-10, 5.414309e-10, 2.865282e+01, -9.434565e-02
3.133600e+09, 1.696298e-01, 9.422766e-01, -2.884399e+00, 1.991673e+00, 5.546620e-10, 5.419240e-10, 2.874405e+01, -8.862041e-02
3.137400e+09, 1.673362e-01, 9.426436e-01, -2.897643e+00, 1.978734e+00, 5.559230e-10, 5.424054e-10, 2.884032e+01, -8.297373e-02
3.141200e+09, 1.650073e-01, 9.430089e-01, -2.910916e+00, 1.965784e+00, 5.572372e-10, 5.428745e-10, 2.894161e+01, -7.741025e-02
3.145000e+09, 1.626432e-01, 9.433721e-01, -2.924221e+00, 1.952822e+00, 5.586073e-10, 5.433313e-10, 2.904792e+01, -7.193451e-02
3.148800e+09, 1.602442e-01, 9.437330e-01, -2.937558e+00, 1.939849e+00, 5.600363e-10, 5.437758e-10, 2.915923e+01, -6.655102e-02
3.152600e+09, 1.578104e-01, 9.440915e-01, -2.950929e+00, 1.926866e+00, 5.615274e-10, 5.442086e-10, 2.927553e+01, -6.126423e-02
3.156400e+09, 1.553420e-01, 9.444474e-01, -2.964337e+00, 1.913872e+00, 5.630839e-10, 5.446306e-10, 2.939682e+01, -5.607852e-02
3.160200e+09, 1.528392e-01, 9.448006e-01, -2.977781e+00, 1.900869e+00, 5.647098e-10, 5.450429e-10, 2.952306e+01, -5.099819e-02
3.164000e+09, 1.503022e-01, 9.451512e-01, -2.991264e+00, 1.887855e+00, 5.664093e-10, 5.454470e-10, 2.965425e+01, -4.602748e-02
3.167800e+09, 1.477312e-01, 9.454989e-01, -3.004787e+00, 1.874832e+00, 5.681871e-10, 5.458444e-10, 2.979036e+01, -4.117056e-02
3.171600e+09, 1.451264e-01, 9.458440e-01, -3.018354e+00, 1.861800e+00, 5.700487e-10, 5.462370e-10, 2.993136e+01, -3.643152e-02
3.175400e+09, 1.424880e-01, 9.461863e-01, -3.031964e+00, 1.848758e+00, 5.720000e-10, 5.466266e-10, 3.007724e+01, -3.181437e-02
3.179200e+09, 1.398164e-01, 9.465259e-01, -3.045621e+00, 1.835706e+00, 5.740480e-10, 5.470151e-10, 3.022795e+01, -2.732303e-02
3.183000e+09, 1.371117e-01, 9.468628e-01, -3.059327e+00, 1.822646e+00, 5.762006e-10, 5.474046e-10, 3.038348e+01, -2.296136e-02
3.186800e+09, 1.343743e-01, 9.471972e-01, -3.073085e+00, 1.809576e+00, 5.784666e-10, 5.477967e-10, 3.054378e+01, -1.873311e-02
3.190600e+09, 1.316043e-01, 9.475290e-01, -3.086896e+00, 1.796496e+00, 5.808565e-10, 5.481934e-10, 3.070882e+01, -1.464196e-02
3.194400e+09, 1.288022e-01, 9.478581e-01, -3.100765e+00, 1.783408e+00, 5.833821e-10, 5.485961e-10, 3.087855e+01, -1.069147e-02
3.198200e+09, 1.259681e-01, 9.481846e-01, -3.114694e+00, 1.770309e+00, 5.860573e-10, 5.490061e-10, 3.105294e+01, -6.885147e-03
3.202000e+09, 1.231026e-01, 9.485084e-01, -3.128686e+00, 1.757201e+00, 5.888980e-10, 5.494246e-10, 3.123192e+01, -3.226359e-03
3.205800e+09, 1.202058e-01, 9.488294e-01, 3.140438e+00, 1.744083e+00, 5.919227e-10, 5.498523e-10, 3.141546e+01, 2.816049e-04
3.209600e+09, 1.172781e-01, 9.491475e-01, 3.126305e+00, 1.730955e+00, 5.951531e-10, 5.502897e-10, 3.160349e+01, 3.635564e-03
3.213400e+09, 1.143200e-01, 9.494624e-01, 3.112095e+00, 1.717816e+00, 5.986145e-10, 5.507369e-10, 3.179595e+01, 6.832444e-03
3.217200e+09, 1.113319e-01, 9.497740e-01, 3.097803e+00, 1.704667e+00, 6.023365e-10, 5.511936e-10, 3.199279e+01, 9.869283e-03
3.221000e+09, 1.083140e-01, 9.500819e-01, 3.083421e+00, 1.691506e+00, 6.063539e-10, 5.516593e-10, 3.219392e+01, 1.274323e-02
3.224800e+09, 1.052670e-01, 9.503858e-01, 3.068944e+00, 1.678335e+00, 6.107078e-10, 5.521330e-10, 3.239930e+01, 1.545155e-02
3.228600e+09, 1.021912e-01, 9.506852e-01, 3.054363e+00, 1.665152e+00, 6.154467e-10, 5.526136e-10, 3.260882e+01, 1.799162e-02
3.232400e+09, 9.908714e-02, 9.509799e-01, 3.039668e+00, 1.651958e+00, 6.206285e-10, 5.530993e-10, 3.282242e+01, 2.036095e-02
3.236200e+09, 9.595529e-02, 9.512693e-01, 3.024850e+00, 1.638752e+00, 6.263220e-10, 5.535885e-10, 3.304001e+01, 2.255718e-02
3.240000e+09, 9.279618e-02, 9.515529e-01, 3.009896e+00, 1.625534e+00, 6.326099e-10, 5.540791e-10, 3.326149e+01, 2.457804e-02
3.243800e+09, 8.961033e-02, 9.518301e-01, 2.994792e+00, 1.612305e+00, 6.395917e-10, 5.545688e-10, 3.348678e+01, 2.642143e-02
3.247600e+09, 8.639832e-02, 9.521005e-01, 2.979521e+00, 1.599064e+00, 6.473885e-10, 5.550553e-10, 3.371578e+01, 2.808535e-02
3.251400e+09, 8.316072e-02, 9.523634e-01, 2.964064e+00, 1.585812e+00, 6.561477e-10, 5.555362e-10, 3.394837e+01, 2.956795e-02
3.255200e+09, 7.989813e-02, 9.526183e-01, 2.948397e+00, 1.572548e+00, 6.660510e-10, 5.560088e-10, 3.418445e+01, 3.086750e-02
3.259000e+09, 7.661117e-02, 9.528646e-01, 2.932495e+00, 1.559272e+00, 6.773237e-10, 5.564708e-10, 3.442391e+01, 3.198239e-02
3.262800e+09, 7.330049e-02, 9.531017e-01, 2.916323e+00, 1.545986e+00, 6.902481e-10, 5.569199e-10, 3.466662e+01, 3.291117e-02
3.266600e+09, 6.996676e-02, 9.533292e-01, 2.899842e+00, 1.532689e+00, 7.051808e-10, 5.573536e-10, 3.491247e+01, 3.365251e-02
3.270400e+09, 6.661069e-02, 9.535463e-01, 2.883005e+00, 1.519381e+00, 7.225787e-10, 5.577699e-10, 3.516132e+01, 3.420519e-02
3.274200e+09, 6.323302e-02, 9.537528e-01, 2.865753e+00, 1.506064e+00, 7.430331e-10, 5.581669e-10, 3.541304e+01, 3.456814e-02
3.278000e+09, 5.983452e-02, 9.539480e-01, 2.848012e+00, 1.492737e+00, 7.673211e-10, 5.585431e-10, 3.566749e+01, 3.474041e-02
3.281800e+09, 5.641602e-02, 9.541316e-01, 2.829692e+00, 1.479401e+00, 7.964800e-10, 5.588969e-10, 3.592453e+01, 3.472119e-02
3.285600e+09, 5.297842e-02, 9.543033e-01, 2.810675e+00, 1.466057e+00, 8.319185e-10, 5.592275e-10, 3.618401e+01, 3.450975e-02
3.289400e+09, 4.952270e-02, 9.544627e-01, 2.790812e+00, 1.452705e+00, 8.755889e-10, 5.595341e-10, 3.644577e+01, 3.410553e-02
3.293200e+09, 4.604996e-02, 9.546095e-01, 2.769906e+00, 1.439345e+00, 9.302583e-10, 5.598162e-10, 3.670966e+01, 3.350805e-02
3.297000e+09, 4.256147e-02, 9.547436e-01, 2.747695e+00, 1.425979e+00, 9.999523e-10, 5.600739e-10, 3.697551e+01, 3.271696e-02
3.300800e+09, 3.905874e-02, 9.548647e-01, 2.723820e+00, 1.412607e+00, 1.090706e-09, 5.603073e-10, 3.724315e+01, 3.173202e-02
3.304600e+09, 3.554366e-02, 9.549729e-01, 2.697779e+00, 1.399229e+00, 1.211890e-09, 5.605172e-10, 3.751242e+01, 3.055309e-02
3.308400e+09, 3.201867e-02, 9.550680e-01, 2.668843e+00, 1.385846e+00, 1.378676e-09, 5.607043e-10, 3.778312e+01, 2.918014e-02
3.312200e+09, 2.848716e-02, 9.551500e-01, 2.635926e+00, 1.372458e+00, 1.616877e-09, 5.608699e-10, 3.805508e+01, 2.761324e-02
3.316000e+09, 2.495411e-02, 9.552189e-01, 2.597321e+00, 1.359067e+00, 1.973170e-09, 5.610152e-10, 3.832810e+01, 2.585256e-02
3.319800e+09, 2.142739e-02, 9.552750e-01, 2.550210e+00, 1.345672e+00, 2.538512e-09, 5.611419e-10, 3.860200e+01, 2.389838e-02
3.323600e+09, 1.792067e-02, 9.553181e-01, 2.489600e+00, 1.332274e+00, 3.507359e-09, 5.612516e-10, 3.887656e+01, 2.175106e-02
3.327400e+09, 1.446023e-02, 9.553486e-01, 2.405858e+00, 1.318874e+00, 5.344366e-09, 5.613462e-10, 3.915158e+01, 1.941108e-02
3.331200e+09, 1.110405e-02, 9.553664e-01, 2.278255e+00, 1.305471e+00, 9.282986e-09, 5.614274e-10, 3.942685e+01, 1.687899e-02
3.335000e+09, 8.003849e-03, 9.553719e-01, 2.056614e+00, 1.292066e+00, 1.822928e-08, 5.614972e-10, 3.970215e+01, 1.415547e-02
3.338800e+09, 5.627893e-03, 9.553652e-01, 1.621369e+00, 1.278660e+00, 2.964128e-08, 5.615573e-10, 3.997725e+01, 1.124128e-02
3.342600e+09, 5.138852e-03, 9.553463e-01, 9.136511e-01, 1.265252e+00, 2.339190e-08, 5.616095e-10, 4.025192e+01, 8.137298e-03
3.346400e+09, 6.965728e-03, 9.553155e-01, 3.551437e-01, 1.251843e+00, 1.199068e-08, 5.616553e-10, 4.052592e+01, 4.844514e-03
3.350200e+09, 9.912228e-03, 9.552730e-01, 6.885288e-02, 1.238433e+00, 6.524805e-09, 5.616960e-10, 4.079900e+01, 1.364026e-03
3.354000e+09, 1.325975e-02, 9.552188e-01, -8.693403e-02, 1.225022e+00, 4.084013e-09, 5.617330e-10, 4.107092e+01, -2.302945e-03
3.357800e+09, 1.677585e-02, 9.551530e-01, -1.844444e-01, 1.211610e+00, 2.855747e-09, 5.617670e-10, 4.134141e+01, -6.155048e-03
3.361600e+09, 2.037793e-02, 9.550756e-01, -2.526285e-01, 1.198197e+00, 2.164890e-09, 5.617988e-10, 4.161022e+01, -1.019080e-02
3.365400e+09, 2.403075e-02, 9.549868e-01, -3.043176e-01, 1.184783e+00, 1.741546e-09, 5.618288e-10, 4.187706e+01, -1.440858e-02
3.369200e+09, 2.771684e-02, 9.548864e-01, -3.458989e-01, 1.171369e+00, 1.464632e-09, 5.618569e-10, 4.214167e+01, -1.880660e-02
3.373000e+09, 3.142643e-02, 9.547745e-01, -3.808686e-01, 1.157954e+00, 1.274094e-09, 5.618829e-10, 4.240376e+01, -2.338294e-02
3.376800e+09, 3.515352e-02, 9.546509e-01, -4.112890e-01, 1.144539e+00, 1.137617e-09, 5.619063e-10, 4.266304e+01, -2.813549e-02
3.380600e+09, 3.889410e-02, 9.545155e-01, -4.384509e-01, 1.131123e+00, 1.036630e-09, 5.619263e-10, 4.291921e+01, -3.306198e-02
3.384400e+09, 4.264525e-02, 9.543682e-01, -4.632016e-01, 1.117706e+00, 9.598714e-10, 5.619417e-10, 4.317199e+01, -3.815994e-02
3.388200e+09, 4.640477e-02, 9.542088e-01, -4.861196e-01, 1.104289e+00, 9.001996e-10, 5.619513e-10, 4.342106e+01, -4.342673e-02
3.392000e+09, 5.017085e-02, 9.540371e-01, -5.076128e-01, 1.090872e+00, 8.529123e-10, 5.619534e-10, 4.366613e+01, -4.885951e-02
3.395800e+09, 5.394196e-02, 9.538528e-01, -5.279771e-01, 1.077454e+00, 8.148130e-10, 5.619464e-10, 4.390688e+01, -5.445522e-02
3.399600e+09, 5.771676e-02, 9.536557e-01, -5.474316e-01, 1.064037e+00, 7.836681e-10, 5.619283e-10, 4.414301e+01, -6.021062e-02
3.403400e+09, 6.149401e-02, 9.534456e-01, -5.661426e-01, 1.050621e+00, 7.578791e-10, 5.618973e-10, 4.437421e+01, -6.612224e-02
3.407200e+09, 6.527258e-02, 9.532221e-01, -5.842378e-01, 1.037205e+00, 7.362777e-10, 5.618512e-10, 4.460016e+01, -7.218642e-02
3.411000e+09, 6.905140e-02, 9.529850e-01, -6.018172e-01, 1.023790e+00, 7.179940e-10, 5.617880e-10, 4.482056e+01, -7.839926e-02
3.414800e+09, 7.282942e-02, 9.527341e-01, -6.189601e-01, 1.010377e+00, 7.023699e-10, 5.617059e-10, 4.503511e+01, -8.475669e-02
3.418600e+09, 7.660566e-02, 9.524692e-01, -6.357300e-01, 9.969653e-01, 6.888997e-10, 5.616029e-10, 4.524351e+01, -9.125438e-02
3.422400e+09, 8.037914e-02, 9.521900e-01, -6.521782e-01, 9.835564e-01, 6.771901e-10, 5.614773e-10, 4.544545e+01, -9.788785e-02
3.426200e+09, 8.414892e-02, 9.518964e-01, -6.683469e-01, 9.701505e-01, 6.669316e-10, 5.613276e-10, 4.564065e+01, -1.046524e-01
3.430000e+09, 8.791407e-02, 9.515883e-01, -6.842706e-01, 9.567482e-01, 6.578779e-10, 5.611524e-10, 4.582882e+01, -1.115432e-01
3.433800e+09, 9.167370e-02, 9.512656e-01, -6.999781e-01, 9.433501e-01, 6.498314e-10, 5.609506e-10, 4.600970e+01, -1.185550e-01
3.437600e+09, 9.542692e-02, 9.509283e-01, -7.154936e-01, 9.299568e-01, 6.426324e-10, 5.607214e-10, 4.618301e+01, -1.256828e-01
3.441400e+09, 9.917288e-02, 9.505763e-01, -7.308371e-01, 9.165689e-01, 6.361504e-10, 5.604644e-10, 4.634849e+01, -1.329211e-01
3.445200e+09, 1.029107e-01, 9.502097e-01, -7.460259e-01, 9.031872e-01, 6.302787e-10, 5.601793e-10, 4.650592e+01, -1.402644e-01
3.449000e+09, 1.066396e-01, 9.498287e-01, -7.610745e-01, 8.898123e-01, 6.249294e-10, 5.598663e-10, 4.665505e+01, -1.477071e-01
3.452800e+09, 1.103588e-01, 9.494335e-01, -7.759954e-01, 8.764449e-01, 6.200295e-10, 5.595258e-10, 4.679567e+01, -1.552433e-01
3.456600e+09, 1.140675e-01, 9.490242e-01, -7.907993e-01, 8.630856e-01, 6.155185e-10, 5.591586e-10, 4.692757e+01, -1.628673e-01
3.460400e+09, 1.177649e-01, 9.486012e-01, -8.054955e-01, 8.497351e-01, 6.113462e-10, 5.587657e-10, 4.705057e+01, -1.705730e-01
3.464200e+09, 1.214503e-01, 9.481648e-01, -8.200921e-01, 8.363939e-01, 6.074702e-10, 5.583484e-10, 4.716450e+01, -1.783545e-01
3.468000e+09, 1.251230e-01, 9.477154e-01, -8.345961e-01, 8.230627e-01, 6.038555e-10, 5.579083e-10, 4.726918e+01, -1.862057e-01
3.471800e+09, 1.287824e-01, 9.472534e-01, -8.490138e-01, 8.097421e-01, 6.004725e-10, 5.574473e-10, 4.736449e+01, -1.941205e-01
3.475600e+09, 1.324277e-01, 9.467793e-01, -8.633507e-01, 7.964324e-01, 5.972964e-10, 5.569672e-10, 4.745029e+01, -2.020928e-01
3.479400e+09, 1.360583e-01, 9.462935e-01, -8.776119e-01, 7.831342e-01, 5.943064e-10, 5.564701e-10, 4.752648e+01, -2.101164e-01
3.483200e+09, 1.396736e-01, 9.457966e-01, -8.918016e-01, 7.698479e-01, 5.914849e-10, 5.559583e-10, 4.759296e+01, -2.181852e-01
3.487000e+09, 1.432731e-01, 9.452892e-01, -9.059239e-01, 7.565737e-01, 5.888171e-10, 5.554339e-10, 4.764965e+01, -2.262931e-01
3.490800e+09, 1.468560e-01, 9.447717e-01, -9.199826e-01, 7.433121e-01, 5.862905e-10, 5.548993e-10, 4.769650e+01, -2.344340e-01
3.494600e+09, 1.504219e-01, 9.442447e-01, -9.339809e-01, 7.300633e-01, 5.838942e-10, 5.543565e-10, 4.773345e+01, -2.426018e-01
3.498400e+09, 1.539703e-01, 9.437087e-01, -9.479220e-01, 7.168274e-01, 5.816192e-10, 5.538077e-10, 4.776048e+01, -2.507905e-01
3.502200e+09, 1.575004e-01, 9.431643e-01, -9.618088e-01, 7.036047e-01, 5.794574e-10, 5.532549e-10, 4.777757e+01, -2.589941e-01
3.506000e+09, 1.610120e-01, 9.426119e-01, -9.756440e-01, 6.903951e-01, 5.774018e-10, 5.526998e-10, 4.778473e+01, -2.672067e-01
3.509800e+09, 1.645043e-01, 9.420521e-01, -9.894301e-01, 6.771988e-01, 5.754461e-10, 5.521440e-10, 4.778197e+01, -2.754223e-01
3.513600e+09, 1.679770e-01, 9.414854e-01, -1.003170e+00, 6.640157e-01, 5.735847e-10, 5.515888e-10, 4.776933e+01, -2.836353e-01
3.517400e+09, 1.714295e-01, 9.409121e-01, -1.016865e+00, 6.508459e-01, 5.718123e-10, 5.510354e-10, 4.774684e+01, -2.918397e-01
3.521200e+09, 1.748612e-01, 9.403327e-01, -1.030517e+00, 6.376894e-01, 5.701238e-10, 5.504847e-10, 4.771457e+01, -3.000300e-01
3.525000e+09, 1.782717e-01, 9.397474e-01, -1.044129e+00, 6.245459e-01, 5.685147e-10, 5.499370e-10, 4.767259e+01, -3.082005e-01
3.528800e+09, 1.816605e-01, 9.391568e-01, -1.057703e+00, 6.114156e-01, 5.669802e-10, 5.493927e-10, 4.762099e+01, -3.163457e-01
3.532600e+09, 1.850270e-01, 9.385609e-01, -1.071241e+00, 5.982982e-01, 5.655158e-10, 5.488518e-10, 4.755987e+01, -3.244601e-01
3.536400e+09, 1.883708e-01, 9.379601e-01, -1.084743e+00, 5.851938e-01, 5.641170e-10, 5.483139e-10, 4.748934e+01, -3.325382e-01
3.540200e+09, 1.916912e-01, 9.373545e-01, -1.098212e+00, 5.721022e-01, 5.627792e-10, 5.477785e-10, 4.740952e+01, -3.405749e-01
3.544000e+09, 1.949879e-01, 9.367445e-01, -1.111649e+00, 5.590234e-01, 5.614980e-10, 5.472449e-10, 4.732056e+01, -3.485648e-01
3.547800e+09, 1.982601e-01, 9.361300e-01, -1.125055e+00, 5.459573e-01, 5.602687e-10, 5.467119e-10, 4.722259e+01, -3.565028e-01
3.551600e+09, 2.015075e-01, 9.355112e-01, -1.138432e+00, 5.329039e-01, 5.590870e-10, 5.461786e-10, 4.711579e+01, -3.643839e-01
3.555400e+09, 2.047294e-01, 9.348883e-01, -1.151781e+00, 5.198633e-01, 5.579482e-10, 5.456435e-10, 4.700032e+01, -3.722031e-01
3.559200e+09, 2.079253e-01, 9.342613e-01, -1.165103e+00, 5.068355e-01, 5.568479e-10, 5.451054e-10, 4.687637e+01, -3.799555e-01
3.563000e+09, 2.110947e-01, 9.336303e-01, -1.178398e+00, 4.938205e-01, 5.557817e-10, 5.445628e-10, 4.674411e+01, -3.876365e-01
3.566800e+09, 2.142370e-01, 9.329954e-01, -1.191668e+00, 4.808184e-01, 5.547454e-10, 5.440142e-10, 4.660377e+01, -3.952414e-01
3.570600e+09, 2.173516e-01, 9.323567e-01, -1.204913e+00, 4.678295e-01, 5.537349e-10, 5.434583e-10, 4.645554e+01, -4.027656e-01
3.574400e+09, 2.204380e-01, 9.317143e-01, -1.218134e+00, 4.548538e-01, 5.527462e-10, 5.428938e-10, 4.629964e+01, -4.102049e-01
3.578200e+09, 2.234957e-01, 9.310682e-01, -1.231332e+00, 4.418916e-01, 5.517758e-10, 5.423194e-10, 4.613630e+01, -4.175549e-01
3.582000e+09, 2.265241e-01, 9.304186e-01, -1.244506e+00, 4.289432e-01, 5.508201e-10, 5.417342e-10, 4.596575e+01, -4.248117e-01
3.585800e+09, 2.295227e-01, 9.297656e-01, -1.257657e+00, 4.160087e-01, 5.498762e-10, 5.411373e-10, 4.578823e+01, -4.319711e-01
3.589600e+09, 2.324910e-01, 9.291095e-01, -1.270786e+00, 4.030884e-01, 5.489412e-10, 5.405279e-10, 4.560398e+01, -4.390295e-01
3.593400e+09, 2.354285e-01, 9.284504e-01, -1.283893e+00, 3.901827e-01, 5.480127e-10, 5.399059e-10, 4.541326e+01, -4.459832e-01
3.597200e+09, 2.383346e-01, 9.277886e-01, -1.296977e+00, 3.772919e-01, 5.470886e-10, 5.392709e-10, 4.521631e+01, -4.528287e-01
3.601000e+09, 2.412090e-01, 9.271244e-01, -1.310040e+00, 3.644162e-01, 5.461673e-10, 5.386232e-10, 4.501338e+01, -4.595627e-01
3.604800e+09, 2.440511e-01, 9.264581e-01, -1.323080e+00, 3.515560e-01, 5.452475e-10, 5.379631e-10, 4.480475e+01, -4.661822e-01
3.608600e+09, 2.468606e-01, 9.257901e-01, -1.336098e+00, 3.387115e-01, 5.443282e-10, 5.372912e-10, 4.459066e+01, -4.726841e-01
3.612400e+09, 2.496370e-01, 9.251207e-01, -1.349095e+00, 3.258831e-01, 5.434090e-10, 5.366086e-10, 4.437138e+01, -4.790656e-01
3.616200e+09, 2.523799e-01, 9.244505e-01, -1.362069e+00, 3.130709e-01, 5.424896e-10, 5.359162e-10, 4.414716e+01, -4.853242e-01
3.620000e+09, 2.550889e-01, 9.237797e-01, -1.375022e+00, 3.002754e-01, 5.415701e-10, 5.352155e-10, 4.391827e+01, -4.914574e-01
3.623800e+09, 2.577637e-01, 9.231091e-01, -1.387952e+00, 2.874965e-01, 5.406511e-10, 5.345081e-10, 4.368495e+01, -4.974630e-01
3.627600e+09, 2.604041e-01, 9.224390e-01, -1.400861e+00, 2.747345e-01, 5.397332e-10, 5.337956e-10, 4.344746e+01, -5.033388e-01
3.631400e+09, 2.630095e-01, 9.217700e-01, -1.413748e+00, 2.619896e-01, 5.388174e-10, 5.330799e-10, 4.320605e+01, -5.090829e-01
3.635200e+09, 2.655798e-01, 9.211026e-01, -1.426613e+00, 2.492617e-01, 5.379049e-10, 5.323629e-10, 4.296096e+01, -5.146934e-01
3.639000e+09, 2.681147e-01, 9.204375e-01, -1.439456e+00, 2.365509e-01, 5.369970e-10, 5.316464e-10, 4.271244e+01, -5.201688e-01
3.642800e+09, 2.706140e-01, 9.197751e-01, -1.452277e+00, 2.238573e-01, 5.360951e-10, 5.309326e-10, 4.246072e+01, -5.255076e-01
3.646600e+09, 2.730773e-01, 9.191160e-01, -1.465077e+00, 2.111807e-01, 5.352007e-10, 5.302232e-10, 4.220603e+01, -5.307083e-01
3.650400e+09, 2.755044e-01, 9.184608e-01, -1.477855e+00, 1.985210e-01, 5.343154e-10, 5.295202e-10, 4.194861e+01, -5.357696e-01
3.654200e+09, 2.778952e-01, 9.178100e-01, -1.490613e+00, 1.858781e-01, 5.334407e-10, 5.288253e-10, 4.168866e+01, -5.406905e-01
3.658000e+09, 2.802494e-01, 9.171641e-01, -1.503349e+00, 1.732519e-01, 5.325781e-10, 5.281400e-10, 4.142640e+01, -5.454698e-01
3.661800e+09, 2.825669e-01, 9.165236e-01, -1.516065e+00, 1.606419e-01, 5.317289e-10, 5.274657e-10, 4.116204e+01, -5.501067e-01
3.665600e+09, 2.848473e-01, 9.158890e-01, -1.528761e+00, 1.480481e-01, 5.308945e-10, 5.268037e-10, 4.089578e+01, -5.546002e-01
3.669400e+09, 2.870906e-01, 9.152606e-01, -1.541436e+00, 1.354701e-01, 5.300759e-10, 5.261548e-10, 4.062781e+01, -5.589495e-01
3.673200e+09, 2.892965e-01, 9.146390e-01, -1.554093e+00, 1.229076e-01, 5.292743e-10, 5.255199e-10, 4.035832e+01, -5.631539e-01
3.677000e+09, 2.914649e-01, 9.140243e-01, -1.566730e+00, 1.103602e-01, 5.284903e-10, 5.248995e-10, 4.008749e+01, -5.672126e-01
3.680800e+09, 2.935956e-01, 9.134171e-01, -1.579348e+00, 9.782764e-02, 5.277246e-10, 5.242937e-10, 3.981551e+01, -5.711252e-01
3.684600e+09, 2.956884e-01, 9.128175e-01, -1.591948e+00, 8.530955e-02, 5.269776e-10, 5.237026e-10, 3.954254e+01, -5.748909e-01
3.688400e+09, 2.977430e-01, 9.122258e-01, -1.604530e+00, 7.280557e-02, 5.262496e-10, 5.231259e-10, 3.926874e+01, -5.785092e-01
3.692200e+09, 2.997594e-01, 9.116422e-01, -1.617095e+00, 6.031536e-02, 5.255406e-10, 5.225633e-10, 3.899427e+01, -5.819796e-01
3.696000e+09, 3.017373e-01, 9.110670e-01, -1.629643e+00, 4.783858e-02, 5.248504e-10, 5.220141e-10, 3.871929e+01, -5.853016e-01
3.699800e+09, 3.036764e-01, 9.105003e-01, -1.642174e+00, 3.537492e-02, 5.241789e-10, 5.214774e-10, 3.844394e+01, -5.884748e-01
3.703600e+09, 3.055768e-01, 9.099421e-01, -1.654689e+00, 2.292407e-02, 5.235257e-10, 5.209525e-10, 3.816837e+01, -5.914986e-01
3.707400e+09, 3.074380e-01, 9.093928e-01, -1.667189e+00, 1.048576e-02, 5.228901e-10, 5.204383e-10, 3.789272e+01, -5.943726e-01
3.711200e+09, 3.092600e-01, 9.088523e-01, -1.679674e+00, -1.940282e-03, 5.222716e-10, 5.199336e-10, 3.761712e+01, -5.970964e-01
3.715000e+09, 3.110425e-01, 9.083208e-01, -1.692144e+00, -1.435427e-02, 5.216696e-10, 5.194375e-10, 3.734170e+01, -5.996696e-01
3.718800e+09, 3.127853e-01, 9.077983e-01, -1.704599e+00, -2.675642e-02, 5.210833e-10, 5.189489e-10, 3.706659e+01, -6.020919e-01
3.722600e+09, 3.144882e-01, 9.072850e-01, -1.717040e+00, -3.914689e-02, 5.205121e-10, 5.184667e-10, 3.679191e+01, -6.043628e-01
3.726400e+09, 3.161511e-01, 9.067809e-01, -1.729468e+00, -5.152586e-02, 5.199553e-10, 5.179900e-10, 3.651776e+01, -6.064819e-01
3.730200e+09, 3.177737e-01, 9.062862e-01, -1.741883e+00, -6.389344e-02, 5.194122e-10, 5.175181e-10, 3.624428e+01, -6.084490e-01
3.734000e+09, 3.193559e-01, 9.058009e-01, -1.754284e+00, -7.624976e-02, 5.188824e-10, 5.170502e-10, 3.597156e+01, -6.102637e-01
3.737800e+09, 3.208975e-01, 9.053253e-01, -1.766673e+00, -8.859490e-02, 5.183653e-10, 5.165861e-10, 3.569972e+01, -6.119256e-01
3.741600e+09, 3.223982e-01, 9.048594e-01, -1.779050e+00, -1.009290e-01, 5.178606e-10, 5.161253e-10, 3.542886e+01, -6.134345e-01
3.745400e+09, 3.238580e-01, 9.044035e-01, -1.791414e+00, -1.132520e-01, 5.173680e-10, 5.156678e-10, 3.515906e+01, -6.147900e-01
3.749200e+09, 3.252767e-01, 9.039577e-01, -1.803767e+00, -1.255642e-01, 5.168875e-10, 5.152139e-10, 3.489044e+01, -6.159918e-01
3.753000e+09, 3.266541e-01, 9.035223e-01, -1.816108e+00, -1.378655e-01, 5.164191e-10, 5.147639e-10, 3.462308e+01, -6.170397e-01
3.756800e+09, 3.279900e-01, 9.030975e-01, -1.828438e+00, -1.501560e-01, 5.159629e-10, 5.143184e-10, 3.435708e+01, -6.179335e-01
3.760600e+09, 3.292844e-01, 9.026837e-01, -1.840758e+00, -1.624359e-01, 5.155192e-10, 5.138783e-10, 3.409251e+01, -6.186727e-01
3.764400e+09, 3.305371e-01, 9.022810e-01, -1.853066e+00, -1.747054e-01, 5.150883e-10, 5.134446e-10, 3.382945e+01, -6.192572e-01
3.768200e+09, 3.317480e-01, 9.018898e-01, -1.865364e+00, -1.869644e-01, 5.146707e-10, 5.130184e-10, 3.356800e+01, -6.196867e-01
3.772000e+09, 3.329170e-01, 9.015104e-01, -1.877653e+00, -1.992133e-01, 5.142670e-10, 5.126010e-10, 3.330822e+01, -6.199610e-01
3.775800e+09, 3.340439e-01, 9.011432e-01, -1.889931e+00, -2.114522e-01, 5.138779e-10, 5.121939e-10, 3.305019e+01, -6.200797e-01
3.779600e+09, 3.351287e-01, 9.007884e-01, -1.902201e+00, -2.236814e-01, 5.135039e-10, 5.117984e-10, 3.279398e+01, -6.200426e-01
3.783400e+09, 3.361712e-01, 9.004465e-01, -1.914461e+00, -2.359011e-01, 5.131458e-10, 5.114162e-10, 3.253966e+01, -6.198495e-01
3.787200e+09, 3.371714e-01, 9.001177e-01, -1.926713e+00, -2.481118e-01, 5.128043e-10, 5.110486e-10, 3.228729e+01, -6.195000e-01
3.791000e+09, 3.381291e-01, 8.998023e-01, -1.938957e+00, -2.603136e-01, 5.124800e-10, 5.106971e-10, 3.203694e+01, -6.189939e-01
3.794800e+09, 3.390442e-01, 8.995008e-01, -1.951193e+00, -2.725071e-01, 5.121736e-10, 5.103629e-10, 3.178867e+01, -6.183309e-01
3.798600e+09, 3.399168e-01, 8.992133e-01, -1.963422e+00, -2.846926e-01, 5.118855e-10, 5.100474e-10, 3.154254e+01, -6.175106e-01
3.802400e+09, 3.407465e-01, 8.989401e-01, -1.975644e+00, -2.968705e-01, 5.116164e-10, 5.097514e-10, 3.129860e+01, -6.165326e-01
3.806200e+09, 3.415335e-01, 8.986815e-01, -1.987859e+00, -3.090414e-01, 5.113664e-10, 5.094759e-10, 3.105692e+01, -6.153967e-01
3.810000e+09, 3.422774e-01, 8.984377e-01, -2.000068e+00, -3.212057e-01, 5.111361e-10, 5.092215e-10, 3.081755e+01, -6.141025e-01
3.813800e+09, 3.429783e-01, 8.982088e-01, -2.012272e+00, -3.333639e-01, 5.109253e-10, 5.089885e-10, 3.058054e+01, -6.126496e-01
3.817600e+09, 3.436361e-01, 8.979951e-01, -2.024471e+00, -3.455166e-01, 5.107342e-10, 5.087771e-10, 3.034595e+01, -6.110375e-01
3.821400e+09, 3.442505e-01, 8.977965e-01, -2.036666e+00, -3.576642e-01, 5.105627e-10, 5.085872e-10, 3.011383e+01, -6.092660e-01
3.825200e+09, 3.448216e-01, 8.976133e-01, -2.048856e+00, -3.698073e-01, 5.104105e-10, 5.084185e-10, 2.988423e+01, -6.073345e-01
3.829000e+09, 3.453491e-01, 8.974454e-01, -2.061042e+00, -3.819463e-01, 5.102773e-10, 5.082705e-10, 2.965720e+01, -6.052427e-01
3.832800e+09, 3.458329e-01, 8.972929e-01, -2.073226e+00, -3.940818e-01, 5.101627e-10, 5.081422e-10, 2.943280e+01, -6.029901e-01
3.836600e+09, 3.462729e-01, 8.971557e-01, -2.085407e+00, -4.062143e-01, 5.100661e-10, 5.080330e-10, 2.921108e+01, -6.005764e-01
3.840400e+09, 3.466690e-01, 8.970339e-01, -2.097585e+00, -4.183441e-01, 5.099870e-10, 5.079416e-10, 2.899209e+01, -5.980012e-01
3.844200e+09, 3.470211e-01, 8.969273e-01, -2.109761e+00, -4.304718e-01, 5.099248e-10, 5.078669e-10, 2.877587e+01, -5.952640e-01
3.848000e+09, 3.473289e-01, 8.968360e-01, -2.121937e+00, -4.425977e-01, 5.098787e-10, 5.078076e-10, 2.856249e+01, -5.923646e-01
3.851800e+09, 3.475925e-01, 8.967599e-01, -2.134110e+00, -4.547222e-01, 5.098482e-10, 5.077626e-10, 2.835199e+01, -5.893025e-01
3.855600e+09, 3.478115e-01, 8.966988e-01, -2.146284e+00, -4.668456e-01, 5.098327e-10, 5.077307e-10, 2.814442e+01, -5.860776e-01
3.859400e+09, 3.479860e-01, 8.966527e-01, -2.158456e+00, -4.789682e-01, 5.098318e-10, 5.077106e-10, 2.793984e+01, -5.826896e-01
3.863200e+09, 3.481158e-01, 8.966217e-01, -2.170629e+00, -4.910903e-01, 5.098449e-10, 5.077015e-10, 2.773830e+01, -5.791383e-01
3.867000e+09, 3.482008e-01, 8.966055e-01, -2.182802e+00, -5.032123e-01, 5.098717e-10, 5.077026e-10, 2.753986e+01, -5.754236e-01
3.870800e+09, 3.482408e-01, 8.966043e-01, -2.194976e+00, -5.153342e-01, 5.099122e-10, 5.077133e-10, 2.734456e+01, -5.715454e-01
3.874600e+09, 3.482358e-01, 8.966179e-01, -2.207151e+00, -5.274564e-01, 5.099662e-10, 5.077332e-10, 2.715245e+01, -5.675037e-01
3.878400e+09, 3.481858e-01, 8.966465e-01, -2.219327e+00, -5.395791e-01, 5.100340e-10, 5.077625e-10, 2.696360e+01, -5.632986e-01
3.882200e+09, 3.480905e-01, 8.966900e-01, -2.231504e+00, -5.517025e-01, 5.101158e-10, 5.078013e-10, 2.677806e+01, -5.589302e-01
3.886000e+09, 3.479499e-01, 8.967486e-01, -2.243684e+00, -5.638268e-01, 5.102122e-10, 5.078502e-10, 2.659587e+01, -5.543989e-01
3.889800e+09, 3.477640e-01, 8.968223e-01, -2.255866e+00, -5.759523e-01, 5.103240e-10, 5.079102e-10, 2.641709e+01, -5.497049e-01
3.893600e+09, 3.475327e-01, 8.969113e-01, -2.268050e+00, -5.880792e-01, 5.104519e-10, 5.079823e-10, 2.624178e+01, -5.448486e-01
3.897400e+09, 3.472559e-01, 8.970157e-01, -2.280238e+00, -6.002079e-01, 5.105969e-10, 5.080682e-10, 2.606998e+01, -5.398307e-01
3.901200e+09, 3.469337e-01, 8.971357e-01, -2.292429e+00, -6.123386e-01, 5.107604e-10, 5.081694e-10, 2.590176e+01, -5.346516e-01
3.905000e+09, 3.465659e-01, 8.972715e-01, -2.304624e+00, -6.244717e-01, 5.109436e-10, 5.082878e-10, 2.573716e+01, -5.293121e-01
3.908800e+09, 3.461526e-01, 8.974232e-01, -2.316823e+00, -6.366076e-01, 5.111479e-10, 5.084255e-10, 2.557624e+01, -5.238131e-01
3.912600e+09, 3.456936e-01, 8.975911e-01, -2.329028e+00, -6.487468e-01, 5.113748e-10, 5.085845e-10, 2.541904e+01, -5.181554e-01
3.916400e+09, 3.451890e-01, 8.977752e-01, -2.341237e+00, -6.608898e-01, 5.116258e-10, 5.087668e-10, 2.526563e+01, -5.123400e-01
3.920200e+09, 3.446387e-01, 8.979758e-01, -2.353453e+00, -6.730372e-01, 5.119024e-10, 5.089745e-10, 2.511606e+01, -5.063682e-01
3.924000e+09, 3.440427e-01, 8.981929e-01, -2.365675e+00, -6.851895e-01, 5.122061e-10, 5.092093e-10, 2.497039e+01, -5.002411e-01
3.927800e+09, 3.434009e-01, 8.984267e-01, -2.377905e+00, -6.973475e-01, 5.125382e-10, 5.094730e-10, 2.482865e+01, -4.939601e-01
3.931600e+09, 3.427133e-01, 8.986772e-01, -2.390142e+00, -7.095117e-01, 5.129000e-10, 5.097667e-10, 2.469092e+01, -4.875267e-01
3.935400e+09, 3.419798e-01, 8.989443e-01, -2.402388e+00, -7.216829e-01, 5.132928e-10, 5.100914e-10, 2.455724e+01, -4.809425e-01
3.939200e+09, 3.412003e-01, 8.992280e-01, -2.414644e+00, -7.338619e-01, 5.137173e-10, 5.104476e-10, 2.442768e+01, -4.742093e-01
3.943000e+09, 3.403748e-01, 8.995282e-01, -2.426909e+00, -7.460494e-01, 5.141744e-10, 5.108352e-10, 2.430229e+01, -4.673289e-01
3.946800e+09, 3.395031e-01, 8.998446e-01, -2.439186e+00, -7.582462e-01, 5.146646e-10, 5.112538e-10, 2.418112e+01, -4.603034e-01
3.950600e+09, 3.385851e-01, 9.001769e-01, -2.451474e+00, -7.704529e-01, 5.151880e-10, 5.117022e-10, 2.406425e+01, -4.531349e-01
3.954400e+09, 3.376207e-01, 9.005249e-01, -2.463774e+00, -7.826704e-01, 5.157446e-10, 5.121787e-10, 2.395172e+01, -4.458258e-01
3.958200e+09, 3.366097e-01, 9.008881e-01, -2.476088e+00, -7.948992e-01, 5.163342e-10, 5.126813e-10, 2.384360e+01, -4.383787e-01
3.962000e+09, 3.355521e-01, 9.012660e-01, -2.488416e+00, -8.071401e-01, 5.169561e-10, 5.132072e-10, 2.373995e+01, -4.307962e-01
3.965800e+09, 3.344475e-01, 9.016581e-01, -2.500759e+00, -8.193935e-01, 5.176095e-10, 5.137532e-10, 2.364085e+01, -4.230813e-01
3.969600e+09, 3.332959e-01, 9.020639e-01, -2.513118e+00, -8.316599e-01, 5.182931e-10, 5.143158e-10, 2.354634e+01, -4.152371e-01
3.973400e+09, 3.320970e-01, 9.024826e-01, -2.525493e+00, -8.439397e-01, 5.190055e-10, 5.148911e-10, 2.345651e+01, -4.072669e-01
3.977200e+09, 3.308506e-01, 9.029137e-01, -2.537885e+00, -8.562333e-01, 5.197452e-10, 5.154749e-10, 2.337141e+01, -3.991745e-01
3.981000e+09, 3.295565e-01, 9.033565e-01, -2.550294e+00, -8.685409e-01, 5.205103e-10, 5.160630e-10, 2.329113e+01, -3.909636e-01
3.984800e+09, 3.282145e-01, 9.038103e-01, -2.562722e+00, -8.808624e-01, 5.212987e-10, 5.166513e-10, 2.321571e+01, -3.826383e-01
3.988600e+09, 3.268244e-01, 9.042747e-01, -2.575168e+00, -8.931981e-01, 5.221085e-10, 5.172357e-10, 2.314525e+01, -3.742031e-01
3.992400e+09, 3.253859e-01, 9.047488e-01, -2.587634e+00, -9.055476e-01, 5.229374e-10, 5.178125e-10, 2.307981e+01, -3.656625e-01
3.996200e+09, 3.238988e-01, 9.052324e-01, -2.600120e+00, -9.179110e-01, 5.237833e-10, 5.183784e-10, 2.301945e+01, -3.570215e-01
4.000000e+09, 3.223629e-01, 9.057247e-01, -2.612626e+00, -9.302878e-01, 5.237833e-10, 5.183784e-10, 2.296426e+01, -3.482854e-01
