Frequency [Hz], |S00| [-], |S10| [-], Arg(S00) [-], Arg(S10) [-], Delay 0>0 [s], Delay 0>1 [s], |Z0| [Ohm] , Arg(Z0) [-]
2.000000e+08, 9.186649e-02, 9.579860e-01, 3.863781e-01, -5.841699e-01, 1.515727e-11, 4.701802e-10, 5.928860e+01, 6.971334e-02
2.038000e+08, 9.261446e-02, 9.578888e-01, 3.860162e-01, -5.953960e-01, 1.999907e-11, 4.698905e-10, 5.937264e+01, 7.022651e-02
2.076000e+08, 9.336844e-02, 9.577915e-01, 3.855387e-01, -6.066151e-01, 2.485150e-11, 4.696102e-10, 5.945799e+01, 7.072339e-02
2.114000e+08, 9.412810e-02, 9.576941e-01, 3.849453e-01, -6.178276e-01, 2.970542e-11, 4.693388e-10, 5.954463e+01, 7.120316e-02
2.152000e+08, 9.489313e-02, 9.575968e-01, 3.842361e-01, -6.290336e-01, 3.455267e-11, 4.690759e-10, 5.963253e+01, 7.166506e-02
2.190000e+08, 9.566320e-02, 9.574996e-01, 3.834111e-01, -6.402333e-01, 3.938593e-11, 4.688210e-10, 5.972168e+01, 7.210835e-02
2.228000e+08, 9.643801e-02, 9.574026e-01, 3.824707e-01, -6.514269e-01, 4.419866e-11, 4.685738e-10, 5.981206e+01, 7.253229e-02
2.266000e+08, 9.721727e-02, 9.573057e-01, 3.814154e-01, -6.626146e-01, 4.898504e-11, 4.683339e-10, 5.990365e+01, 7.293620e-02
2.304000e+08, 9.800066e-02, 9.572091e-01, 3.802459e-01, -6.737966e-01, 5.373988e-11, 4.681010e-10, 5.999643e+01, 7.331942e-02
2.342000e+08, 9.878791e-02, 9.571128e-01, 3.789628e-01, -6.849730e-01, 5.845860e-11, 4.678748e-10, 6.009037e+01, 7.368130e-02
2.380000e+08, 9.957871e-02, 9.570168e-01, 3.775670e-01, -6.961441e-01, 6.313711e-11, 4.676550e-10, 6.018545e+01, 7.402121e-02
2.418000e+08, 1.003728e-01, 9.569212e-01, 3.760595e-01, -7.073098e-01, 6.777184e-11, 4.674415e-10, 6.028165e+01, 7.433855e-02
2.456000e+08, 1.011699e-01, 9.568260e-01, 3.744414e-01, -7.184705e-01, 7.235963e-11, 4.672339e-10, 6.037895e+01, 7.463274e-02
2.494000e+08, 1.019697e-01, 9.567313e-01, 3.727137e-01, -7.296262e-01, 7.689772e-11, 4.670321e-10, 6.047731e+01, 7.490321e-02
2.532000e+08, 1.027719e-01, 9.566370e-01, 3.708777e-01, -7.407771e-01, 8.138374e-11, 4.668359e-10, 6.057671e+01, 7.514943e-02
2.570000e+08, 1.035763e-01, 9.565433e-01, 3.689346e-01, -7.519234e-01, 8.581560e-11, 4.666450e-10, 6.067714e+01, 7.537085e-02
2.608000e+08, 1.043826e-01, 9.564501e-01, 3.668857e-01, -7.630650e-01, 9.019155e-11, 4.664594e-10, 6.077855e+01, 7.556698e-02
2.646000e+08, 1.051906e-01, 9.563575e-01, 3.647322e-01, -7.742023e-01, 9.451009e-11, 4.662788e-10, 6.088092e+01, 7.573731e-02
2.684000e+08, 1.060000e-01, 9.562656e-01, 3.624757e-01, -7.853352e-01, 9.876995e-11, 4.661030e-10, 6.098423e+01, 7.588137e-02
2.722000e+08, 1.068105e-01, 9.561742e-01, 3.601175e-01, -7.964639e-01, 1.029701e-10, 4.659320e-10, 6.108844e+01, 7.599870e-02
2.760000e+08, 1.076219e-01, 9.560836e-01, 3.576589e-01, -8.075886e-01, 1.071098e-10, 4.657656e-10, 6.119353e+01, 7.608886e-02
2.798000e+08, 1.084339e-01, 9.559936e-01, 3.551016e-01, -8.187092e-01, 1.111882e-10, 4.656036e-10, 6.129946e+01, 7.615140e-02
2.836000e+08, 1.092463e-01, 9.559043e-01, 3.524468e-01, -8.298260e-01, 1.152051e-10, 4.654460e-10, 6.140620e+01, 7.618592e-02
2.874000e+08, 1.100589e-01, 9.558157e-01, 3.496962e-01, -8.409391e-01, 1.191599e-10, 4.652926e-10, 6.151373e+01, 7.619202e-02
2.912000e+08, 1.108714e-01, 9.557278e-01, 3.468511e-01, -8.520484e-01, 1.230525e-10, 4.651432e-10, 6.162200e+01, 7.616931e-02
2.950000e+08, 1.116836e-01, 9.556407e-01, 3.439131e-01, -8.631542e-01, 1.268829e-10, 4.649978e-10, 6.173098e+01, 7.611743e-02
2.988000e+08, 1.124952e-01, 9.555544e-01, 3.408836e-01, -8.742566e-01, 1.306510e-10, 4.648563e-10, 6.184065e+01, 7.603601e-02
3.026000e+08, 1.133060e-01, 9.554688e-01, 3.377642e-01, -8.853555e-01, 1.343570e-10, 4.647185e-10, 6.195096e+01, 7.592471e-02
3.064000e+08, 1.141158e-01, 9.553840e-01, 3.345563e-01, -8.964512e-01, 1.380012e-10, 4.645843e-10, 6.206188e+01, 7.578322e-02
3.102000e+08, 1.149244e-01, 9.553000e-01, 3.312613e-01, -9.075437e-01, 1.415837e-10, 4.644537e-10, 6.217337e+01, 7.561122e-02
3.140000e+08, 1.157315e-01, 9.552168e-01, 3.278809e-01, -9.186330e-01, 1.451050e-10, 4.643264e-10, 6.228540e+01, 7.540840e-02
3.178000e+08, 1.165369e-01, 9.551343e-01, 3.244163e-01, -9.297193e-01, 1.485655e-10, 4.642025e-10, 6.239793e+01, 7.517450e-02
3.216000e+08, 1.173404e-01, 9.550527e-01, 3.208692e-01, -9.408027e-01, 1.519657e-10, 4.640819e-10, 6.251091e+01, 7.490924e-02
3.254000e+08, 1.181418e-01, 9.549719e-01, 3.172408e-01, -9.518831e-01, 1.553061e-10, 4.639643e-10, 6.262432e+01, 7.461237e-02
3.292000e+08, 1.189409e-01, 9.548918e-01, 3.135327e-01, -9.629608e-01, 1.585873e-10, 4.638498e-10, 6.273811e+01, 7.428365e-02
3.330000e+08, 1.197375e-01, 9.548126e-01, 3.097463e-01, -9.740357e-01, 1.618098e-10, 4.637382e-10, 6.285224e+01, 7.392285e-02
3.368000e+08, 1.205313e-01, 9.547342e-01, 3.058829e-01, -9.851080e-01, 1.649745e-10, 4.636295e-10, 6.296667e+01, 7.352978e-02
3.406000e+08, 1.213222e-01, 9.546566e-01, 3.019439e-01, -9.961776e-01, 1.680818e-10, 4.635235e-10, 6.308136e+01, 7.310423e-02
3.444000e+08, 1.221099e-01, 9.545797e-01, 2.979308e-01, -1.007245e+00, 1.711326e-10, 4.634202e-10, 6.319627e+01, 7.264603e-02
3.482000e+08, 1.228943e-01, 9.545037e-01, 2.938448e-01, -1.018309e+00, 1.741274e-10, 4.633195e-10, 6.331134e+01, 7.215501e-02
3.520000e+08, 1.236752e-01, 9.544284e-01, 2.896873e-01, -1.029372e+00, 1.770672e-10, 4.632213e-10, 6.342655e+01, 7.163103e-02
3.558000e+08, 1.244523e-01, 9.543539e-01, 2.854596e-01, -1.040432e+00, 1.799525e-10, 4.631254e-10, 6.354184e+01, 7.107394e-02
3.596000e+08, 1.252255e-01, 9.542802e-01, 2.811631e-01, -1.051489e+00, 1.827843e-10, 4.630319e-10, 6.365718e+01, 7.048364e-02
3.634000e+08, 1.259946e-01, 9.542072e-01, 2.767989e-01, -1.062545e+00, 1.855631e-10, 4.629407e-10, 6.377250e+01, 6.986001e-02
3.672000e+08, 1.267594e-01, 9.541350e-01, 2.723684e-01, -1.073598e+00, 1.882899e-10, 4.628516e-10, 6.388778e+01, 6.920298e-02
3.710000e+08, 1.275197e-01, 9.540636e-01, 2.678727e-01, -1.084649e+00, 1.909654e-10, 4.627645e-10, 6.400296e+01, 6.851246e-02
3.748000e+08, 1.282754e-01, 9.539929e-01, 2.633132e-01, -1.095698e+00, 1.935904e-10, 4.626795e-10, 6.411800e+01, 6.778841e-02
3.786000e+08, 1.290262e-01, 9.539229e-01, 2.586911e-01, -1.106745e+00, 1.961656e-10, 4.625964e-10, 6.423285e+01, 6.703078e-02
3.824000e+08, 1.297720e-01, 9.538536e-01, 2.540074e-01, -1.117790e+00, 1.986919e-10, 4.625151e-10, 6.434745e+01, 6.623954e-02
3.862000e+08, 1.305125e-01, 9.537850e-01, 2.492634e-01, -1.128833e+00, 2.011700e-10, 4.624356e-10, 6.446177e+01, 6.541469e-02
3.900000e+08, 1.312477e-01, 9.537172e-01, 2.444602e-01, -1.139874e+00, 2.036007e-10, 4.623578e-10, 6.457576e+01, 6.455623e-02
3.938000e+08, 1.319774e-01, 9.536500e-01, 2.395990e-01, -1.150914e+00, 2.059848e-10, 4.622817e-10, 6.468935e+01, 6.366419e-02
3.976000e+08, 1.327013e-01, 9.535835e-01, 2.346809e-01, -1.161951e+00, 2.083230e-10, 4.622071e-10, 6.480252e+01, 6.273860e-02
4.014000e+08, 1.334194e-01, 9.535177e-01, 2.297070e-01, -1.172987e+00, 2.106161e-10, 4.621339e-10, 6.491519e+01, 6.177952e-02
4.052000e+08, 1.341314e-01, 9.534526e-01, 2.246783e-01, -1.184021e+00, 2.128649e-10, 4.620622e-10, 6.502734e+01, 6.078702e-02
4.090000e+08, 1.348372e-01, 9.533881e-01, 2.195959e-01, -1.195053e+00, 2.150700e-10, 4.619919e-10, 6.513890e+01, 5.976118e-02
4.128000e+08, 1.355367e-01, 9.533242e-01, 2.144609e-01, -1.206083e+00, 2.172323e-10, 4.619229e-10, 6.524982e+01, 5.870211e-02
4.166000e+08, 1.362296e-01, 9.532610e-01, 2.092742e-01, -1.217112e+00, 2.193524e-10, 4.618551e-10, 6.536005e+01, 5.760993e-02
4.204000e+08, 1.369159e-01, 9.531984e-01, 2.040369e-01, -1.228140e+00, 2.214312e-10, 4.617885e-10, 6.546954e+01, 5.648476e-02
4.242000e+08, 1.375953e-01, 9.531364e-01, 1.987500e-01, -1.239165e+00, 2.234691e-10, 4.617229e-10, 6.557825e+01, 5.532678e-02
4.280000e+08, 1.382677e-01, 9.530750e-01, 1.934144e-01, -1.250190e+00, 2.254671e-10, 4.616585e-10, 6.568611e+01, 5.413613e-02
4.318000e+08, 1.389330e-01, 9.530142e-01, 1.880312e-01, -1.261212e+00, 2.274257e-10, 4.615951e-10, 6.579307e+01, 5.291301e-02
4.356000e+08, 1.395910e-01, 9.529540e-01, 1.826011e-01, -1.272233e+00, 2.293457e-10, 4.615326e-10, 6.589909e+01, 5.165761e-02
4.394000e+08, 1.402416e-01, 9.528944e-01, 1.771252e-01, -1.283253e+00, 2.312277e-10, 4.614710e-10, 6.600411e+01, 5.037016e-02
4.432000e+08, 1.408847e-01, 9.528353e-01, 1.716044e-01, -1.294271e+00, 2.330723e-10, 4.614103e-10, 6.610808e+01, 4.905089e-02
4.470000e+08, 1.415200e-01, 9.527768e-01, 1.660396e-01, -1.305288e+00, 2.348802e-10, 4.613505e-10, 6.621094e+01, 4.770005e-02
4.508000e+08, 1.421475e-01, 9.527189e-01, 1.604315e-01, -1.316303e+00, 2.366520e-10, 4.612913e-10, 6.631265e+01, 4.631789e-02
4.546000e+08, 1.427670e-01, 9.526615e-01, 1.547812e-01, -1.327317e+00, 2.383884e-10, 4.612330e-10, 6.641316e+01, 4.490472e-02
4.584000e+08, 1.433784e-01, 9.526047e-01, 1.490894e-01, -1.338329e+00, 2.400899e-10, 4.611753e-10, 6.651240e+01, 4.346081e-02
4.622000e+08, 1.439815e-01, 9.525485e-01, 1.433570e-01, -1.349340e+00, 2.417571e-10, 4.611182e-10, 6.661033e+01, 4.198650e-02
4.660000e+08, 1.445763e-01, 9.524928e-01, 1.375848e-01, -1.360350e+00, 2.433907e-10, 4.610618e-10, 6.670689e+01, 4.048211e-02
4.698000e+08, 1.451625e-01, 9.524376e-01, 1.317736e-01, -1.371358e+00, 2.449911e-10, 4.610060e-10, 6.680205e+01, 3.894798e-02
4.736000e+08, 1.457402e-01, 9.523830e-01, 1.259242e-01, -1.382365e+00, 2.465590e-10, 4.609507e-10, 6.689573e+01, 3.738449e-02
4.774000e+08, 1.463091e-01, 9.523289e-01, 1.200373e-01, -1.393371e+00, 2.480949e-10, 4.608959e-10, 6.698790e+01, 3.579200e-02
4.812000e+08, 1.468691e-01, 9.522753e-01, 1.141137e-01, -1.404375e+00, 2.495993e-10, 4.608417e-10, 6.707849e+01, 3.417092e-02
4.850000e+08, 1.474201e-01, 9.522223e-01, 1.081543e-01, -1.415379e+00, 2.510728e-10, 4.607879e-10, 6.716747e+01, 3.252166e-02
4.888000e+08, 1.479620e-01, 9.521698e-01, 1.021596e-01, -1.426380e+00, 2.525158e-10, 4.607346e-10, 6.725478e+01, 3.084464e-02
4.926000e+08, 1.484947e-01, 9.521179e-01, 9.613055e-02, -1.437381e+00, 2.539288e-10, 4.606816e-10, 6.734037e+01, 2.914029e-02
4.964000e+08, 1.490180e-01, 9.520665e-01, 9.006772e-02, -1.448380e+00, 2.553124e-10, 4.606291e-10, 6.742419e+01, 2.740909e-02
5.002000e+08, 1.495319e-01, 9.520156e-01, 8.397185e-02, -1.459378e+00, 2.566670e-10, 4.605770e-10, 6.750620e+01, 2.565151e-02
5.040000e+08, 1.500363e-01, 9.519653e-01, 7.784365e-02, -1.470375e+00, 2.579931e-10, 4.605253e-10, 6.758634e+01, 2.386802e-02
5.078000e+08, 1.505310e-01, 9.519156e-01, 7.168378e-02, -1.481371e+00, 2.592911e-10, 4.604739e-10, 6.766457e+01, 2.205913e-02
5.116000e+08, 1.510159e-01, 9.518664e-01, 6.549291e-02, -1.492365e+00, 2.605615e-10, 4.604229e-10, 6.774084e+01, 2.022536e-02
5.154000e+08, 1.514909e-01, 9.518178e-01, 5.927172e-02, -1.503358e+00, 2.618047e-10, 4.603722e-10, 6.781511e+01, 1.836724e-02
5.192000e+08, 1.519560e-01, 9.517698e-01, 5.302084e-02, -1.514350e+00, 2.630211e-10, 4.603219e-10, 6.788732e+01, 1.648532e-02
5.230000e+08, 1.524110e-01, 9.517223e-01, 4.674092e-02, -1.525341e+00, 2.642112e-10, 4.602719e-10, 6.795745e+01, 1.458015e-02
5.268000e+08, 1.528558e-01, 9.516755e-01, 4.043259e-02, -1.536330e+00, 2.653752e-10, 4.602222e-10, 6.802543e+01, 1.265231e-02
5.306000e+08, 1.532904e-01, 9.516292e-01, 3.409646e-02, -1.547318e+00, 2.665137e-10, 4.601728e-10, 6.809123e+01, 1.070238e-02
5.344000e+08, 1.537146e-01, 9.515836e-01, 2.773315e-02, -1.558306e+00, 2.676270e-10, 4.601238e-10, 6.815480e+01, 8.730971e-03
5.382000e+08, 1.541284e-01, 9.515385e-01, 2.134326e-02, -1.569291e+00, 2.687154e-10, 4.600750e-10, 6.821611e+01, 6.738690e-03
5.420000e+08, 1.545317e-01, 9.514941e-01, 1.492739e-02, -1.580276e+00, 2.697793e-10, 4.600266e-10, 6.827512e+01, 4.726164e-03
5.458000e+08, 1.549243e-01, 9.514504e-01, 8.486107e-03, -1.591260e+00, 2.708191e-10, 4.599786e-10, 6.833178e+01, 2.694032e-03
5.496000e+08, 1.553063e-01, 9.514073e-01, 2.020002e-03, -1.602242e+00, 2.718351e-10, 4.599308e-10, 6.838606e+01, 6.429452e-04
5.534000e+08, 1.556774e-01, 9.513649e-01, -4.470360e-03, -1.613224e+00, 2.728275e-10, 4.598834e-10, 6.843791e+01, -1.426433e-03
5.572000e+08, 1.560377e-01, 9.513232e-01, -1.098442e-02, -1.624204e+00, 2.737968e-10, 4.598364e-10, 6.848732e+01, -3.513428e-03
5.610000e+08, 1.563870e-01, 9.512821e-01, -1.752162e-02, -1.635183e+00, 2.747433e-10, 4.597897e-10, 6.853423e+01, -5.617354e-03
5.648000e+08, 1.567254e-01, 9.512418e-01, -2.408142e-02, -1.646161e+00, 2.756671e-10, 4.597434e-10, 6.857862e+01, -7.737514e-03
5.686000e+08, 1.570526e-01, 9.512022e-01, -3.066328e-02, -1.657138e+00, 2.765687e-10, 4.596975e-10, 6.862045e+01, -9.873199e-03
5.724000e+08, 1.573686e-01, 9.511634e-01, -3.726666e-02, -1.668114e+00, 2.774482e-10, 4.596520e-10, 6.865969e+01, -1.202369e-02
5.762000e+08, 1.576735e-01, 9.511253e-01, -4.389104e-02, -1.679088e+00, 2.783060e-10, 4.596069e-10, 6.869632e+01, -1.418827e-02
5.800000e+08, 1.579670e-01, 9.510880e-01, -5.053590e-02, -1.690062e+00, 2.791423e-10, 4.595622e-10, 6.873030e+01, -1.636618e-02
5.838000e+08, 1.582491e-01, 9.510515e-01, -5.720073e-02, -1.701035e+00, 2.799573e-10, 4.595180e-10, 6.876161e+01, -1.855670e-02
5.876000e+08, 1.585198e-01, 9.510159e-01, -6.388502e-02, -1.712006e+00, 2.807513e-10, 4.594743e-10, 6.879022e+01, -2.075905e-02
5.914000e+08, 1.587790e-01, 9.509811e-01, -7.058827e-02, -1.722977e+00, 2.815245e-10, 4.594310e-10, 6.881610e+01, -2.297248e-02
5.952000e+08, 1.590267e-01, 9.509471e-01, -7.730998e-02, -1.733946e+00, 2.822772e-10, 4.593883e-10, 6.883924e+01, -2.519621e-02
5.990000e+08, 1.592627e-01, 9.509140e-01, -8.404966e-02, -1.744914e+00, 2.830095e-10, 4.593461e-10, 6.885962e+01, -2.742947e-02
6.028000e+08, 1.594870e-01, 9.508818e-01, -9.080682e-02, -1.755882e+00, 2.837216e-10, 4.593044e-10, 6.887720e+01, -2.967146e-02
6.066000e+08, 1.596996e-01, 9.508506e-01, -9.758099e-02, -1.766848e+00, 2.844138e-10, 4.592634e-10, 6.889198e+01, -3.192140e-02
6.104000e+08, 1.599004e-01, 9.508203e-01, -1.043717e-01, -1.777814e+00, 2.850862e-10, 4.592229e-10, 6.890394e+01, -3.417849e-02
6.142000e+08, 1.600894e-01, 9.507909e-01, -1.111784e-01, -1.788778e+00, 2.857389e-10, 4.591831e-10, 6.891306e+01, -3.644191e-02
6.180000e+08, 1.602664e-01, 9.507625e-01, -1.180008e-01, -1.799742e+00, 2.863722e-10, 4.591439e-10, 6.891933e+01, -3.871086e-02
6.218000e+08, 1.604316e-01, 9.507352e-01, -1.248382e-01, -1.810704e+00, 2.869862e-10, 4.591054e-10, 6.892274e+01, -4.098452e-02
6.256000e+08, 1.605847e-01, 9.507089e-01, -1.316903e-01, -1.821666e+00, 2.875810e-10, 4.590676e-10, 6.892327e+01, -4.326206e-02
6.294000e+08, 1.607258e-01, 9.506836e-01, -1.385566e-01, -1.832627e+00, 2.881568e-10, 4.590305e-10, 6.892091e+01, -4.554267e-02
6.332000e+08, 1.608548e-01, 9.506594e-01, -1.454367e-01, -1.843586e+00, 2.887137e-10, 4.589942e-10, 6.891567e+01, -4.782552e-02
6.370000e+08, 1.609717e-01, 9.506363e-01, -1.523301e-01, -1.854545e+00, 2.892519e-10, 4.589587e-10, 6.890753e+01, -5.010977e-02
6.408000e+08, 1.610765e-01, 9.506143e-01, -1.592363e-01, -1.865504e+00, 2.897713e-10, 4.589241e-10, 6.889649e+01, -5.239458e-02
6.446000e+08, 1.611690e-01, 9.505934e-01, -1.661549e-01, -1.876461e+00, 2.902722e-10, 4.588902e-10, 6.888255e+01, -5.467913e-02
6.484000e+08, 1.612494e-01, 9.505738e-01, -1.730855e-01, -1.887417e+00, 2.907547e-10, 4.588573e-10, 6.886570e+01, -5.696256e-02
6.522000e+08, 1.613174e-01, 9.505553e-01, -1.800275e-01, -1.898373e+00, 2.912187e-10, 4.588252e-10, 6.884595e+01, -5.924405e-02
6.560000e+08, 1.613732e-01, 9.505380e-01, -1.869807e-01, -1.909328e+00, 2.916644e-10, 4.587941e-10, 6.882330e+01, -6.152274e-02
6.598000e+08, 1.614166e-01, 9.505220e-01, -1.939445e-01, -1.920282e+00, 2.920918e-10, 4.587640e-10, 6.879776e+01, -6.379780e-02
6.636000e+08, 1.614477e-01, 9.505072e-01, -2.009185e-01, -1.931236e+00, 2.925010e-10, 4.587349e-10, 6.876932e+01, -6.606838e-02
6.674000e+08, 1.614664e-01, 9.504937e-01, -2.079023e-01, -1.942189e+00, 2.928920e-10, 4.587068e-10, 6.873800e+01, -6.833364e-02
6.712000e+08, 1.614727e-01, 9.504815e-01, -2.148954e-01, -1.953141e+00, 2.932649e-10, 4.586798e-10, 6.870380e+01, -7.059273e-02
6.750000e+08, 1.614665e-01, 9.504706e-01, -2.218975e-01, -1.964092e+00, 2.936197e-10, 4.586538e-10, 6.866675e+01, -7.284483e-02
6.788000e+08, 1.614479e-01, 9.504611e-01, -2.289080e-01, -1.975043e+00, 2.939564e-10, 4.586290e-10, 6.862684e+01, -7.508909e-02
6.826000e+08, 1.614168e-01, 9.504529e-01, -2.359265e-01, -1.985993e+00, 2.942750e-10, 4.586053e-10, 6.858409e+01, -7.732467e-02
6.864000e+08, 1.613732e-01, 9.504461e-01, -2.429526e-01, -1.996943e+00, 2.945755e-10, 4.585828e-10, 6.853852e+01, -7.955073e-02
6.902000e+08, 1.613171e-01, 9.504408e-01, -2.499859e-01, -2.007892e+00, 2.948579e-10, 4.585615e-10, 6.849015e+01, -8.176646e-02
6.940000e+08, 1.612485e-01, 9.504368e-01, -2.570260e-01, -2.018841e+00, 2.951221e-10, 4.585415e-10, 6.843899e+01, -8.397102e-02
6.978000e+08, 1.611673e-01, 9.504343e-01, -2.640724e-01, -2.029789e+00, 2.953682e-10, 4.585227e-10, 6.838506e+01, -8.616359e-02
7.016000e+08, 1.610736e-01, 9.504333e-01, -2.711246e-01, -2.040737e+00, 2.955960e-10, 4.585052e-10, 6.832839e+01, -8.834335e-02
7.054000e+08, 1.609672e-01, 9.504338e-01, -2.781823e-01, -2.051684e+00, 2.958056e-10, 4.584890e-10, 6.826899e+01, -9.050948e-02
7.092000e+08, 1.608484e-01, 9.504358e-01, -2.852450e-01, -2.062631e+00, 2.959968e-10, 4.584742e-10, 6.820690e+01, -9.266117e-02
7.130000e+08, 1.607169e-01, 9.504394e-01, -2.923122e-01, -2.073578e+00, 2.961696e-10, 4.584608e-10, 6.814214e+01, -9.479763e-02
7.168000e+08, 1.605728e-01, 9.504444e-01, -2.993836e-01, -2.084524e+00, 2.963239e-10, 4.584487e-10, 6.807473e+01, -9.691805e-02
7.206000e+08, 1.604161e-01, 9.504511e-01, -3.064587e-01, -2.095470e+00, 2.964596e-10, 4.584381e-10, 6.800470e+01, -9.902163e-02
7.244000e+08, 1.602469e-01, 9.504593e-01, -3.135370e-01, -2.106416e+00, 2.965765e-10, 4.584290e-10, 6.793209e+01, -1.011076e-01
7.282000e+08, 1.600650e-01, 9.504692e-01, -3.206181e-01, -2.117361e+00, 2.966746e-10, 4.584213e-10, 6.785693e+01, -1.031752e-01
7.320000e+08, 1.598705e-01, 9.504806e-01, -3.277015e-01, -2.128306e+00, 2.967537e-10, 4.584152e-10, 6.777924e+01, -1.052236e-01
7.358000e+08, 1.596635e-01, 9.504937e-01, -3.347868e-01, -2.139252e+00, 2.968137e-10, 4.584106e-10, 6.769906e+01, -1.072521e-01
7.396000e+08, 1.594438e-01, 9.505084e-01, -3.418736e-01, -2.150197e+00, 2.968543e-10, 4.584075e-10, 6.761644e+01, -1.092599e-01
7.434000e+08, 1.592115e-01, 9.505249e-01, -3.489613e-01, -2.161142e+00, 2.968755e-10, 4.584060e-10, 6.753139e+01, -1.112462e-01
7.472000e+08, 1.589667e-01, 9.505429e-01, -3.560495e-01, -2.172087e+00, 2.968770e-10, 4.584062e-10, 6.744397e+01, -1.132104e-01
7.510000e+08, 1.587093e-01, 9.505627e-01, -3.631378e-01, -2.183032e+00, 2.968587e-10, 4.584079e-10, 6.735420e+01, -1.151517e-01
7.548000e+08, 1.584393e-01, 9.505842e-01, -3.702256e-01, -2.193977e+00, 2.968202e-10, 4.584113e-10, 6.726214e+01, -1.170694e-01
7.586000e+08, 1.581568e-01, 9.506074e-01, -3.773125e-01, -2.204922e+00, 2.967614e-10, 4.584163e-10, 6.716781e+01, -1.189627e-01
7.624000e+08, 1.578617e-01, 9.506323e-01, -3.843980e-01, -2.215867e+00, 2.966821e-10, 4.584230e-10, 6.707127e+01, -1.208310e-01
7.662000e+08, 1.575540e-01, 9.506590e-01, -3.914816e-01, -2.226812e+00, 2.965819e-10, 4.584314e-10, 6.697255e+01, -1.226736e-01
7.700000e+08, 1.572339e-01, 9.506874e-01, -3.985629e-01, -2.237758e+00, 2.964606e-10, 4.584416e-10, 6.687169e+01, -1.244897e-01
7.738000e+08, 1.569013e-01, 9.507175e-01, -4.056412e-01, -2.248703e+00, 2.963180e-10, 4.584534e-10, 6.676875e+01, -1.262788e-01
7.776000e+08, 1.565562e-01, 9.507494e-01, -4.127161e-01, -2.259650e+00, 2.961536e-10, 4.584670e-10, 6.666377e+01, -1.280402e-01
7.814000e+08, 1.561986e-01, 9.507831e-01, -4.197871e-01, -2.270596e+00, 2.959672e-10, 4.584824e-10, 6.655680e+01, -1.297731e-01
7.852000e+08, 1.558286e-01, 9.508186e-01, -4.268536e-01, -2.281543e+00, 2.957584e-10, 4.584995e-10, 6.644787e+01, -1.314771e-01
7.890000e+08, 1.554462e-01, 9.508559e-01, -4.339152e-01, -2.292490e+00, 2.955269e-10, 4.585184e-10, 6.633704e+01, -1.331514e-01
7.928000e+08, 1.550513e-01, 9.508949e-01, -4.409712e-01, -2.303438e+00, 2.952722e-10, 4.585392e-10, 6.622436e+01, -1.347954e-01
7.966000e+08, 1.546442e-01, 9.509357e-01, -4.480212e-01, -2.314386e+00, 2.949940e-10, 4.585617e-10, 6.610988e+01, -1.364086e-01
8.004000e+08, 1.542247e-01, 9.509783e-01, -4.550645e-01, -2.325334e+00, 2.946919e-10, 4.585860e-10, 6.599364e+01, -1.379903e-01
8.042000e+08, 1.537928e-01, 9.510228e-01, -4.621006e-01, -2.336284e+00, 2.943654e-10, 4.586122e-10, 6.587570e+01, -1.395400e-01
8.080000e+08, 1.533488e-01, 9.510690e-01, -4.691289e-01, -2.347233e+00, 2.940140e-10, 4.586402e-10, 6.575610e+01, -1.410570e-01
8.118000e+08, 1.528924e-01, 9.511170e-01, -4.761488e-01, -2.358184e+00, 2.936373e-10, 4.586700e-10, 6.563491e+01, -1.425410e-01
8.156000e+08, 1.524239e-01, 9.511668e-01, -4.831597e-01, -2.369135e+00, 2.932347e-10, 4.587017e-10, 6.551216e+01, -1.439912e-01
8.194000e+08, 1.519432e-01, 9.512184e-01, -4.901610e-01, -2.380087e+00, 2.928058e-10, 4.587352e-10, 6.538792e+01, -1.454073e-01
8.232000e+08, 1.514503e-01, 9.512717e-01, -4.971521e-01, -2.391040e+00, 2.923499e-10, 4.587706e-10, 6.526224e+01, -1.467885e-01
8.270000e+08, 1.509454e-01, 9.513269e-01, -5.041323e-01, -2.401994e+00, 2.918665e-10, 4.588078e-10, 6.513517e+01, -1.481346e-01
8.308000e+08, 1.504284e-01, 9.513839e-01, -5.111009e-01, -2.412948e+00, 2.913549e-10, 4.588469e-10, 6.500675e+01, -1.494450e-01
8.346000e+08, 1.498994e-01, 9.514426e-01, -5.180573e-01, -2.423904e+00, 2.908146e-10, 4.588878e-10, 6.487706e+01, -1.507191e-01
8.384000e+08, 1.493584e-01, 9.515031e-01, -5.250008e-01, -2.434860e+00, 2.902448e-10, 4.589306e-10, 6.474614e+01, -1.519566e-01
8.422000e+08, 1.488055e-01, 9.515653e-01, -5.319307e-01, -2.445818e+00, 2.896449e-10, 4.589753e-10, 6.461404e+01, -1.531570e-01
8.460000e+08, 1.482407e-01, 9.516294e-01, -5.388463e-01, -2.456776e+00, 2.890141e-10, 4.590218e-10, 6.448082e+01, -1.543199e-01
8.498000e+08, 1.476640e-01, 9.516951e-01, -5.457469e-01, -2.467736e+00, 2.883517e-10, 4.590701e-10, 6.434654e+01, -1.554448e-01
8.536000e+08, 1.470756e-01, 9.517626e-01, -5.526316e-01, -2.478697e+00, 2.876568e-10, 4.591203e-10, 6.421124e+01, -1.565313e-01
8.574000e+08, 1.464755e-01, 9.518318e-01, -5.594997e-01, -2.489659e+00, 2.869287e-10, 4.591723e-10, 6.407499e+01, -1.575791e-01
8.612000e+08, 1.458637e-01, 9.519027e-01, -5.663504e-01, -2.500622e+00, 2.861664e-10, 4.592261e-10, 6.393784e+01, -1.585878e-01
8.650000e+08, 1.452403e-01, 9.519753e-01, -5.731830e-01, -2.511586e+00, 2.853691e-10, 4.592817e-10, 6.379985e+01, -1.595569e-01
8.688000e+08, 1.446053e-01, 9.520496e-01, -5.799965e-01, -2.522552e+00, 2.845358e-10, 4.593392e-10, 6.366106e+01, -1.604863e-01
8.726000e+08, 1.439588e-01, 9.521256e-01, -5.867901e-01, -2.533520e+00, 2.836655e-10, 4.593984e-10, 6.352154e+01, -1.613754e-01
8.764000e+08, 1.433008e-01, 9.522032e-01, -5.935629e-01, -2.544488e+00, 2.827572e-10, 4.594594e-10, 6.338134e+01, -1.622241e-01
8.802000e+08, 1.426315e-01, 9.522824e-01, -6.003141e-01, -2.555458e+00, 2.818099e-10, 4.595222e-10, 6.324052e+01, -1.630319e-01
8.840000e+08, 1.419508e-01, 9.523632e-01, -6.070426e-01, -2.566430e+00, 2.808223e-10, 4.595868e-10, 6.309913e+01, -1.637987e-01
8.878000e+08, 1.412589e-01, 9.524457e-01, -6.137475e-01, -2.577403e+00, 2.797933e-10, 4.596530e-10, 6.295722e+01, -1.645241e-01
8.916000e+08, 1.405558e-01, 9.525297e-01, -6.204279e-01, -2.588378e+00, 2.787218e-10, 4.597210e-10, 6.281485e+01, -1.652078e-01
8.954000e+08, 1.398416e-01, 9.526152e-01, -6.270827e-01, -2.599354e+00, 2.776063e-10, 4.597907e-10, 6.267208e+01, -1.658497e-01
8.992000e+08, 1.391163e-01, 9.527023e-01, -6.337108e-01, -2.610332e+00, 2.764456e-10, 4.598621e-10, 6.252895e+01, -1.664494e-01
9.030000e+08, 1.383801e-01, 9.527909e-01, -6.403113e-01, -2.621312e+00, 2.752382e-10, 4.599352e-10, 6.238553e+01, -1.670069e-01
9.068000e+08, 1.376329e-01, 9.528810e-01, -6.468829e-01, -2.632293e+00, 2.739828e-10, 4.600099e-10, 6.224187e+01, -1.675217e-01
9.106000e+08, 1.368749e-01, 9.529725e-01, -6.534245e-01, -2.643277e+00, 2.726777e-10, 4.600862e-10, 6.209801e+01, -1.679939e-01
9.144000e+08, 1.361062e-01, 9.530654e-01, -6.599350e-01, -2.654262e+00, 2.713215e-10, 4.601642e-10, 6.195403e+01, -1.684231e-01
9.182000e+08, 1.353268e-01, 9.531598e-01, -6.664131e-01, -2.665249e+00, 2.699123e-10, 4.602437e-10, 6.180996e+01, -1.688093e-01
9.220000e+08, 1.345369e-01, 9.532555e-01, -6.728576e-01, -2.676237e+00, 2.684485e-10, 4.603247e-10, 6.166586e+01, -1.691523e-01
9.258000e+08, 1.337364e-01, 9.533525e-01, -6.792671e-01, -2.687228e+00, 2.669283e-10, 4.604073e-10, 6.152178e+01, -1.694519e-01
9.296000e+08, 1.329255e-01, 9.534509e-01, -6.856403e-01, -2.698221e+00, 2.653497e-10, 4.604914e-10, 6.137778e+01, -1.697081e-01
9.334000e+08, 1.321043e-01, 9.535506e-01, -6.919758e-01, -2.709216e+00, 2.637108e-10, 4.605770e-10, 6.123391e+01, -1.699207e-01
9.372000e+08, 1.312729e-01, 9.536515e-01, -6.982722e-01, -2.720212e+00, 2.620095e-10, 4.606640e-10, 6.109022e+01, -1.700896e-01
9.410000e+08, 1.304313e-01, 9.537536e-01, -7.045280e-01, -2.731211e+00, 2.602436e-10, 4.607524e-10, 6.094676e+01, -1.702149e-01
9.448000e+08, 1.295797e-01, 9.538569e-01, -7.107416e-01, -2.742212e+00, 2.584108e-10, 4.608422e-10, 6.080358e+01, -1.702964e-01
9.486000e+08, 1.287182e-01, 9.539613e-01, -7.169114e-01, -2.753215e+00, 2.565087e-10, 4.609334e-10, 6.066074e+01, -1.703341e-01
9.524000e+08, 1.278468e-01, 9.540669e-01, -7.230358e-01, -2.764221e+00, 2.545348e-10, 4.610259e-10, 6.051827e+01, -1.703279e-01
9.562000e+08, 1.269656e-01, 9.541735e-01, -7.291131e-01, -2.775228e+00, 2.524866e-10, 4.611197e-10, 6.037624e+01, -1.702779e-01
9.600000e+08, 1.260749e-01, 9.542812e-01, -7.351415e-01, -2.786238e+00, 2.503613e-10, 4.612147e-10, 6.023470e+01, -1.701841e-01
9.638000e+08, 1.251746e-01, 9.543899e-01, -7.411192e-01, -2.797250e+00, 2.481559e-10, 4.613109e-10, 6.009368e+01, -1.700464e-01
9.676000e+08, 1.242649e-01, 9.544996e-01, -7.470442e-01, -2.808264e+00, 2.458676e-10, 4.614084e-10, 5.995324e+01, -1.698650e-01
9.714000e+08, 1.233459e-01, 9.546101e-01, -7.529145e-01, -2.819281e+00, 2.434931e-10, 4.615070e-10, 5.981343e+01, -1.696398e-01
9.752000e+08, 1.224177e-01, 9.547216e-01, -7.587282e-01, -2.830300e+00, 2.410292e-10, 4.616066e-10, 5.967429e+01, -1.693709e-01
9.790000e+08, 1.214805e-01, 9.548339e-01, -7.644831e-01, -2.841321e+00, 2.384724e-10, 4.617074e-10, 5.953588e+01, -1.690585e-01
9.828000e+08, 1.205343e-01, 9.549470e-01, -7.701768e-01, -2.852345e+00, 2.358190e-10, 4.618092e-10, 5.939823e+01, -1.687026e-01
9.866000e+08, 1.195793e-01, 9.550608e-01, -7.758073e-01, -2.863371e+00, 2.330652e-10, 4.619120e-10, 5.926140e+01, -1.683032e-01
9.904000e+08, 1.186156e-01, 9.551754e-01, -7.813720e-01, -2.874400e+00, 2.302071e-10, 4.620157e-10, 5.912542e+01, -1.678607e-01
9.942000e+08, 1.176434e-01, 9.552906e-01, -7.868684e-01, -2.885431e+00, 2.272405e-10, 4.621204e-10, 5.899035e+01, -1.673750e-01
9.980000e+08, 1.166628e-01, 9.554065e-01, -7.922940e-01, -2.896465e+00, 2.241609e-10, 4.622259e-10, 5.885624e+01, -1.668464e-01
1.001800e+09, 1.156739e-01, 9.555229e-01, -7.976461e-01, -2.907501e+00, 2.209636e-10, 4.623322e-10, 5.872311e+01, -1.662749e-01
1.005600e+09, 1.146769e-01, 9.556399e-01, -8.029219e-01, -2.918539e+00, 2.176440e-10, 4.624394e-10, 5.859102e+01, -1.656609e-01
1.009400e+09, 1.136718e-01, 9.557574e-01, -8.081184e-01, -2.929581e+00, 2.141967e-10, 4.625472e-10, 5.846002e+01, -1.650045e-01
1.013200e+09, 1.126590e-01, 9.558753e-01, -8.132325e-01, -2.940625e+00, 2.106165e-10, 4.626558e-10, 5.833013e+01, -1.643059e-01
1.017000e+09, 1.116385e-01, 9.559937e-01, -8.182613e-01, -2.951671e+00, 2.068977e-10, 4.627650e-10, 5.820142e+01, -1.635654e-01
1.020800e+09, 1.106105e-01, 9.561123e-01, -8.232012e-01, -2.962720e+00, 2.030344e-10, 4.628748e-10, 5.807390e+01, -1.627832e-01
1.024600e+09, 1.095751e-01, 9.562313e-01, -8.280488e-01, -2.973772e+00, 1.990203e-10, 4.629851e-10, 5.794764e+01, -1.619596e-01
1.028400e+09, 1.085326e-01, 9.563505e-01, -8.328007e-01, -2.984826e+00, 1.948488e-10, 4.630960e-10, 5.782266e+01, -1.610948e-01
1.032200e+09, 1.074830e-01, 9.564699e-01, -8.374529e-01, -2.995883e+00, 1.905131e-10, 4.632073e-10, 5.769901e+01, -1.601892e-01
1.036000e+09, 1.064267e-01, 9.565895e-01, -8.420016e-01, -3.006942e+00, 1.860059e-10, 4.633191e-10, 5.757673e+01, -1.592431e-01
1.039800e+09, 1.053637e-01, 9.567092e-01, -8.464427e-01, -3.018005e+00, 1.813194e-10, 4.634312e-10, 5.745585e+01, -1.582568e-01
1.043600e+09, 1.042943e-01, 9.568289e-01, -8.507719e-01, -3.029070e+00, 1.764456e-10, 4.635436e-10, 5.733642e+01, -1.572306e-01
1.047400e+09, 1.032186e-01, 9.569486e-01, -8.549847e-01, -3.040137e+00, 1.713761e-10, 4.636563e-10, 5.721847e+01, -1.561649e-01
1.051200e+09, 1.021369e-01, 9.570683e-01, -8.590765e-01, -3.051208e+00, 1.661019e-10, 4.637692e-10, 5.710204e+01, -1.550601e-01
1.055000e+09, 1.010493e-01, 9.571878e-01, -8.630424e-01, -3.062281e+00, 1.606135e-10, 4.638822e-10, 5.698716e+01, -1.539165e-01
1.058800e+09, 9.995616e-02, 9.573072e-01, -8.668772e-01, -3.073356e+00, 1.549010e-10, 4.639954e-10, 5.687388e+01, -1.527346e-01
1.062600e+09, 9.885761e-02, 9.574264e-01, -8.705756e-01, -3.084435e+00, 1.489539e-10, 4.641086e-10, 5.676222e+01, -1.515148e-01
1.066400e+09, 9.775390e-02, 9.575454e-01, -8.741321e-01, -3.095516e+00, 1.427613e-10, 4.642218e-10, 5.665222e+01, -1.502576e-01
1.070200e+09, 9.664528e-02, 9.576640e-01, -8.775407e-01, -3.106600e+00, 1.363114e-10, 4.643350e-10, 5.654392e+01, -1.489633e-01
1.074000e+09, 9.553199e-02, 9.577823e-01, -8.807953e-01, -3.117686e+00, 1.295921e-10, 4.644481e-10, 5.643735e+01, -1.476324e-01
1.077800e+09, 9.441429e-02, 9.579001e-01, -8.838894e-01, -3.128775e+00, 1.225904e-10, 4.645610e-10, 5.633255e+01, -1.462655e-01
1.081600e+09, 9.329245e-02, 9.580175e-01, -8.868164e-01, -3.139867e+00, 1.152928e-10, 4.646738e-10, 5.622954e+01, -1.448630e-01
1.085400e+09, 9.216674e-02, 9.581343e-01, -8.895691e-01, 3.132224e+00, 1.076849e-10, 4.647862e-10, 5.612835e+01, -1.434255e-01
1.089200e+09, 9.103746e-02, 9.582506e-01, -8.921402e-01, 3.121126e+00, 9.975166e-11, 4.648984e-10, 5.602903e+01, -1.419534e-01
1.093000e+09, 8.990490e-02, 9.583662e-01, -8.945219e-01, 3.110026e+00, 9.147715e-11, 4.650102e-10, 5.593159e+01, -1.404474e-01
1.096800e+09, 8.876937e-02, 9.584811e-01, -8.967060e-01, 3.098924e+00, 8.284468e-11, 4.651216e-10, 5.583608e+01, -1.389079e-01
1.100600e+09, 8.763120e-02, 9.585953e-01, -8.986840e-01, 3.087818e+00, 7.383664e-11, 4.652325e-10, 5.574252e+01, -1.373356e-01
1.104400e+09, 8.649072e-02, 9.587087e-01, -9.004470e-01, 3.076710e+00, 6.443456e-11, 4.653429e-10, 5.565093e+01, -1.357310e-01
1.108200e+09, 8.534828e-02, 9.588213e-01, -9.019854e-01, 3.065600e+00, 5.461898e-11, 4.654527e-10, 5.556135e+01, -1.340947e-01
1.112000e+09, 8.420425e-02, 9.589329e-01, -9.032895e-01, 3.054487e+00, 4.436949e-11, 4.655619e-10, 5.547381e+01, -1.324274e-01
1.115800e+09, 8.305901e-02, 9.590436e-01, -9.043489e-01, 3.043371e+00, 3.366468e-11, 4.656704e-10, 5.538833e+01, -1.307297e-01
1.119600e+09, 8.191296e-02, 9.591533e-01, -9.051527e-01, 3.032252e+00, 2.248208e-11, 4.657781e-10, 5.530495e+01, -1.290023e-01
1.123400e+09, 8.076651e-02, 9.592619e-01, -9.056894e-01, 3.021132e+00, 1.079821e-11, 4.658851e-10, 5.522367e+01, -1.272457e-01
1.127200e+09, 7.962011e-02, 9.593694e-01, -9.059473e-01, 3.010008e+00, -1.411514e-12, 4.659912e-10, 5.514454e+01, -1.254607e-01
1.131000e+09, 7.847420e-02, 9.594758e-01, -9.059136e-01, 2.998882e+00, -1.417272e-11, 4.660964e-10, 5.506758e+01, -1.236480e-01
1.134800e+09, 7.732926e-02, 9.595809e-01, -9.055752e-01, 2.987753e+00, -2.751212e-11, 4.662006e-10, 5.499280e+01, -1.218083e-01
1.138600e+09, 7.618579e-02, 9.596847e-01, -9.049183e-01, 2.976622e+00, -4.145747e-11, 4.663038e-10, 5.492024e+01, -1.199422e-01
1.142400e+09, 7.504432e-02, 9.597872e-01, -9.039284e-01, 2.965489e+00, -5.603752e-11, 4.664059e-10, 5.484992e+01, -1.180505e-01
1.146200e+09, 7.390540e-02, 9.598884e-01, -9.025905e-01, 2.954353e+00, -7.128200e-11, 4.665070e-10, 5.478186e+01, -1.161341e-01
1.150000e+09, 7.276960e-02, 9.599881e-01, -9.008886e-01, 2.943214e+00, -8.722150e-11, 4.666068e-10, 5.471608e+01, -1.141935e-01
1.153800e+09, 7.163753e-02, 9.600864e-01, -8.988060e-01, 2.932074e+00, -1.038874e-10, 4.667055e-10, 5.465260e+01, -1.122296e-01
1.157600e+09, 7.050983e-02, 9.601831e-01, -8.963256e-01, 2.920931e+00, -1.213116e-10, 4.668028e-10, 5.459145e+01, -1.102432e-01
1.161400e+09, 6.938718e-02, 9.602782e-01, -8.934292e-01, 2.909785e+00, -1.395266e-10, 4.668988e-10, 5.453264e+01, -1.082350e-01
1.165200e+09, 6.827027e-02, 9.603717e-01, -8.900978e-01, 2.898637e+00, -1.585651e-10, 4.669935e-10, 5.447619e+01, -1.062059e-01
1.169000e+09, 6.715986e-02, 9.604636e-01, -8.863119e-01, 2.887487e+00, -1.784594e-10, 4.670867e-10, 5.442213e+01, -1.041567e-01
1.172800e+09, 6.605672e-02, 9.605537e-01, -8.820510e-01, 2.876335e+00, -1.992416e-10, 4.671784e-10, 5.437046e+01, -1.020883e-01
1.176600e+09, 6.496169e-02, 9.606420e-01, -8.772939e-01, 2.865181e+00, -2.209430e-10, 4.672686e-10, 5.432121e+01, -1.000014e-01
1.180400e+09, 6.387563e-02, 9.607286e-01, -8.720186e-01, 2.854024e+00, -2.435931e-10, 4.673572e-10, 5.427440e+01, -9.789685e-02
1.184200e+09, 6.279947e-02, 9.608132e-01, -8.662026e-01, 2.842866e+00, -2.672198e-10, 4.674442e-10, 5.423004e+01, -9.577561e-02
1.188000e+09, 6.173417e-02, 9.608960e-01, -8.598224e-01, 2.831705e+00, -2.918477e-10, 4.675294e-10, 5.418814e+01, -9.363853e-02
1.191800e+09, 6.068075e-02, 9.609768e-01, -8.528542e-01, 2.820542e+00, -3.174981e-10, 4.676130e-10, 5.414873e+01, -9.148647e-02
1.195600e+09, 5.964029e-02, 9.610556e-01, -8.452736e-01, 2.809377e+00, -3.441874e-10, 4.676948e-10, 5.411181e+01, -8.932034e-02
1.199400e+09, 5.861391e-02, 9.611324e-01, -8.370557e-01, 2.798211e+00, -3.719262e-10, 4.677748e-10, 5.407740e+01, -8.714103e-02
1.203200e+09, 5.760280e-02, 9.612071e-01, -8.281756e-01, 2.787042e+00, -4.007177e-10, 4.678529e-10, 5.404551e+01, -8.494946e-02
1.207000e+09, 5.660823e-02, 9.612796e-01, -8.186080e-01, 2.775871e+00, -4.305567e-10, 4.679290e-10, 5.401615e+01, -8.274654e-02
1.210800e+09, 5.563150e-02, 9.613500e-01, -8.083280e-01, 2.764699e+00, -4.614273e-10, 4.680033e-10, 5.398934e+01, -8.053321e-02
1.214600e+09, 5.467399e-02, 9.614182e-01, -7.973109e-01, 2.753525e+00, -4.933014e-10, 4.680755e-10, 5.396509e+01, -7.831039e-02
1.218400e+09, 5.373716e-02, 9.614842e-01, -7.855328e-01, 2.742349e+00, -5.261368e-10, 4.681457e-10, 5.394340e+01, -7.607904e-02
1.222200e+09, 5.282250e-02, 9.615478e-01, -7.729707e-01, 2.731172e+00, -5.598747e-10, 4.682138e-10, 5.392428e+01, -7.384010e-02
1.226000e+09, 5.193159e-02, 9.616092e-01, -7.596031e-01, 2.719993e+00, -5.944379e-10, 4.682798e-10, 5.390775e+01, -7.159452e-02
1.229800e+09, 5.106608e-02, 9.616682e-01, -7.454102e-01, 2.708812e+00, -6.297280e-10, 4.683436e-10, 5.389382e+01, -6.934328e-02
1.233600e+09, 5.022767e-02, 9.617248e-01, -7.303747e-01, 2.697630e+00, -6.656239e-10, 4.684052e-10, 5.388248e+01, -6.708734e-02
1.237400e+09, 4.941811e-02, 9.617790e-01, -7.144822e-01, 2.686446e+00, -7.019793e-10, 4.684646e-10, 5.387375e+01, -6.482767e-02
1.241200e+09, 4.863921e-02, 9.618307e-01, -6.977217e-01, 2.675261e+00, -7.386212e-10, 4.685217e-10, 5.386764e+01, -6.256525e-02
1.245000e+09, 4.789283e-02, 9.618800e-01, -6.800863e-01, 2.664074e+00, -7.753483e-10, 4.685765e-10, 5.386414e+01, -6.030107e-02
1.248800e+09, 4.718085e-02, 9.619267e-01, -6.615740e-01, 2.652887e+00, -8.119307e-10, 4.686289e-10, 5.386326e+01, -5.803611e-02
1.252600e+09, 4.650520e-02, 9.619709e-01, -6.421883e-01, 2.641698e+00, -8.481099e-10, 4.686790e-10, 5.386501e+01, -5.577136e-02
1.256400e+09, 4.586780e-02, 9.620125e-01, -6.219387e-01, 2.630507e+00, -8.836000e-10, 4.687267e-10, 5.386939e+01, -5.350781e-02
1.260200e+09, 4.527057e-02, 9.620515e-01, -6.008418e-01, 2.619316e+00, -9.180898e-10, 4.687719e-10, 5.387640e+01, -5.124647e-02
1.264000e+09, 4.471543e-02, 9.620879e-01, -5.789214e-01, 2.608124e+00, -9.512468e-10, 4.688147e-10, 5.388604e+01, -4.898833e-02
1.267800e+09, 4.420422e-02, 9.621216e-01, -5.562093e-01, 2.596930e+00, -9.827222e-10, 4.688550e-10, 5.389832e+01, -4.673440e-02
1.271600e+09, 4.373875e-02, 9.621527e-01, -5.327457e-01, 2.585736e+00, -1.012157e-09, 4.688928e-10, 5.391323e+01, -4.448566e-02
1.275400e+09, 4.332075e-02, 9.621810e-01, -5.085794e-01, 2.574540e+00, -1.039192e-09, 4.689280e-10, 5.393078e+01, -4.224312e-02
1.279200e+09, 4.295183e-02, 9.622067e-01, -4.837675e-01, 2.563344e+00, -1.063473e-09, 4.689607e-10, 5.395095e+01, -4.000780e-02
1.283000e+09, 4.263347e-02, 9.622296e-01, -4.583759e-01, 2.552147e+00, -1.084664e-09, 4.689907e-10, 5.397376e+01, -3.778068e-02
1.286800e+09, 4.236700e-02, 9.622497e-01, -4.324784e-01, 2.540950e+00, -1.102458e-09, 4.690182e-10, 5.399920e+01, -3.556276e-02
1.290600e+09, 4.215357e-02, 9.622671e-01, -4.061560e-01, 2.529751e+00, -1.116585e-09, 4.690431e-10, 5.402726e+01, -3.335506e-02
1.294400e+09, 4.199415e-02, 9.622817e-01, -3.794963e-01, 2.518552e+00, -1.126823e-09, 4.690653e-10, 5.405793e+01, -3.115856e-02
1.298200e+09, 4.188948e-02, 9.622935e-01, -3.525921e-01, 2.507353e+00, -1.133006e-09, 4.690848e-10, 5.409123e+01, -2.897427e-02
1.302000e+09, 4.184008e-02, 9.623025e-01, -3.255403e-01, 2.496153e+00, -1.135030e-09, 4.691017e-10, 5.412713e+01, -2.680317e-02
1.305800e+09, 4.184624e-02, 9.623087e-01, -2.984403e-01, 2.484953e+00, -1.132858e-09, 4.691159e-10, 5.416563e+01, -2.464626e-02
1.309600e+09, 4.190800e-02, 9.623121e-01, -2.713920e-01, 2.473752e+00, -1.126523e-09, 4.691274e-10, 5.420672e+01, -2.250452e-02
1.313400e+09, 4.202515e-02, 9.623126e-01, -2.444950e-01, 2.462551e+00, -1.116121e-09, 4.691361e-10, 5.425040e+01, -2.037893e-02
1.317200e+09, 4.219727e-02, 9.623102e-01, -2.178464e-01, 2.451350e+00, -1.101814e-09, 4.691422e-10, 5.429666e+01, -1.827048e-02
1.321000e+09, 4.242368e-02, 9.623051e-01, -1.915394e-01, 2.440149e+00, -1.083821e-09, 4.691455e-10, 5.434548e+01, -1.618013e-02
1.324800e+09, 4.270351e-02, 9.622970e-01, -1.656620e-01, 2.428947e+00, -1.062406e-09, 4.691461e-10, 5.439686e+01, -1.410886e-02
1.328600e+09, 4.303567e-02, 9.622861e-01, -1.402959e-01, 2.417746e+00, -1.037875e-09, 4.691440e-10, 5.445078e+01, -1.205763e-02
1.332400e+09, 4.341890e-02, 9.622724e-01, -1.155154e-01, 2.406544e+00, -1.010563e-09, 4.691392e-10, 5.450724e+01, -1.002738e-02
1.336200e+09, 4.385179e-02, 9.622558e-01, -9.138714e-02, 2.395343e+00, -9.808206e-10, 4.691316e-10, 5.456621e+01, -8.019076e-03
1.340000e+09, 4.433278e-02, 9.622363e-01, -6.796896e-02, 2.384142e+00, -9.490085e-10, 4.691212e-10, 5.462768e+01, -6.033652e-03
1.343800e+09, 4.486021e-02, 9.622140e-01, -4.531033e-02, 2.372941e+00, -9.154857e-10, 4.691082e-10, 5.469165e+01, -4.072044e-03
1.347600e+09, 4.543232e-02, 9.621888e-01, -2.345210e-02, 2.361741e+00, -8.806020e-10, 4.690924e-10, 5.475809e+01, -2.135176e-03
1.351400e+09, 4.604730e-02, 9.621608e-01, -2.426756e-03, 2.350541e+00, -8.446915e-10, 4.690739e-10, 5.482699e+01, -2.239658e-04
1.355200e+09, 4.670329e-02, 9.621300e-01, 1.774119e-02, 2.339341e+00, -8.080671e-10, 4.690526e-10, 5.489832e+01, 1.660677e-03
1.359000e+09, 4.739839e-02, 9.620963e-01, 3.703468e-02, 2.328142e+00, -7.710169e-10, 4.690287e-10, 5.497208e+01, 3.517854e-03
1.362800e+09, 4.813070e-02, 9.620598e-01, 5.544356e-02, 2.316943e+00, -7.338017e-10, 4.690021e-10, 5.504824e+01, 5.346676e-03
1.366600e+09, 4.889834e-02, 9.620206e-01, 7.296389e-02, 2.305746e+00, -6.966538e-10, 4.689727e-10, 5.512678e+01, 7.146262e-03
1.370400e+09, 4.969945e-02, 9.619785e-01, 8.959726e-02, 2.294548e+00, -6.597766e-10, 4.689407e-10, 5.520769e+01, 8.915744e-03
1.374200e+09, 5.053217e-02, 9.619337e-01, 1.053502e-01, 2.283352e+00, -6.233454e-10, 4.689061e-10, 5.529093e+01, 1.065426e-02
1.378000e+09, 5.139472e-02, 9.618861e-01, 1.202332e-01, 2.272156e+00, -5.875086e-10, 4.688688e-10, 5.537649e+01, 1.236097e-02
1.381800e+09, 5.228536e-02, 9.618358e-01, 1.342606e-01, 2.260961e+00, -5.523894e-10, 4.688289e-10, 5.546435e+01, 1.403504e-02
1.385600e+09, 5.320238e-02, 9.617827e-01, 1.474495e-01, 2.249768e+00, -5.180877e-10, 4.687863e-10, 5.555447e+01, 1.567563e-02
1.389400e+09, 5.414415e-02, 9.617270e-01, 1.598195e-01, 2.238575e+00, -4.846824e-10, 4.687412e-10, 5.564684e+01, 1.728194e-02
1.393200e+09, 5.510911e-02, 9.616685e-01, 1.713918e-01, 2.227383e+00, -4.522336e-10, 4.686935e-10, 5.574143e+01, 1.885318e-02
1.397000e+09, 5.609573e-02, 9.616075e-01, 1.821894e-01, 2.216193e+00, -4.207850e-10, 4.686433e-10, 5.583820e+01, 2.038854e-02
1.400800e+09, 5.710259e-02, 9.615438e-01, 1.922361e-01, 2.205003e+00, -3.903655e-10, 4.685905e-10, 5.593715e+01, 2.188727e-02
1.404600e+09, 5.812828e-02, 9.614774e-01, 2.015565e-01, 2.193815e+00, -3.609919e-10, 4.685353e-10, 5.603822e+01, 2.334859e-02
1.408400e+09, 5.917149e-02, 9.614086e-01, 2.101756e-01, 2.182628e+00, -3.326704e-10, 4.684776e-10, 5.614140e+01, 2.477177e-02
1.412200e+09, 6.023097e-02, 9.613371e-01, 2.181184e-01, 2.171443e+00, -3.053981e-10, 4.684174e-10, 5.624665e+01, 2.615607e-02
1.416000e+09, 6.130552e-02, 9.612632e-01, 2.254101e-01, 2.160259e+00, -2.791652e-10, 4.683549e-10, 5.635394e+01, 2.750077e-02
1.419800e+09, 6.239398e-02, 9.611867e-01, 2.320755e-01, 2.149076e+00, -2.539554e-10, 4.682899e-10, 5.646325e+01, 2.880517e-02
1.423600e+09, 6.349529e-02, 9.611078e-01, 2.381390e-01, 2.137895e+00, -2.297480e-10, 4.682227e-10, 5.657453e+01, 3.006858e-02
1.427400e+09, 6.460840e-02, 9.610265e-01, 2.436245e-01, 2.126716e+00, -2.065185e-10, 4.681531e-10, 5.668775e+01, 3.129033e-02
1.431200e+09, 6.573234e-02, 9.609428e-01, 2.485553e-01, 2.115538e+00, -1.842392e-10, 4.680812e-10, 5.680287e+01, 3.246976e-02
1.435000e+09, 6.686618e-02, 9.608567e-01, 2.529542e-01, 2.104362e+00, -1.628806e-10, 4.680071e-10, 5.691987e+01, 3.360622e-02
1.438800e+09, 6.800903e-02, 9.607684e-01, 2.568432e-01, 2.093188e+00, -1.424116e-10, 4.679307e-10, 5.703869e+01, 3.469910e-02
1.442600e+09, 6.916005e-02, 9.606777e-01, 2.602434e-01, 2.082016e+00, -1.228003e-10, 4.678522e-10, 5.715931e+01, 3.574777e-02
1.446400e+09, 7.031844e-02, 9.605848e-01, 2.631754e-01, 2.070845e+00, -1.040140e-10, 4.677716e-10, 5.728169e+01, 3.675165e-02
1.450200e+09, 7.148344e-02, 9.604897e-01, 2.656589e-01, 2.059677e+00, -8.602007e-11, 4.676889e-10, 5.740578e+01, 3.771015e-02
1.454000e+09, 7.265432e-02, 9.603925e-01, 2.677127e-01, 2.048510e+00, -6.878614e-11, 4.676041e-10, 5.753154e+01, 3.862272e-02
1.457800e+09, 7.383040e-02, 9.602931e-01, 2.693550e-01, 2.037346e+00, -5.228011e-11, 4.675173e-10, 5.765893e+01, 3.948881e-02
1.461600e+09, 7.501101e-02, 9.601916e-01, 2.706033e-01, 2.026183e+00, -3.647053e-11, 4.674286e-10, 5.778791e+01, 4.030789e-02
1.465400e+09, 7.619554e-02, 9.600882e-01, 2.714741e-01, 2.015023e+00, -2.132671e-11, 4.673379e-10, 5.791843e+01, 4.107945e-02
1.469200e+09, 7.738338e-02, 9.599827e-01, 2.719833e-01, 2.003865e+00, -6.818817e-12, 4.672453e-10, 5.805045e+01, 4.180300e-02
1.473000e+09, 7.857396e-02, 9.598753e-01, 2.721461e-01, 1.992709e+00, 7.082020e-12, 4.671509e-10, 5.818392e+01, 4.247807e-02
1.476800e+09, 7.976674e-02, 9.597660e-01, 2.719770e-01, 1.981555e+00, 2.040367e-11, 4.670547e-10, 5.831879e+01, 4.310419e-02
1.480600e+09, 8.096120e-02, 9.596549e-01, 2.714898e-01, 1.970403e+00, 3.317297e-11, 4.669568e-10, 5.845503e+01, 4.368094e-02
1.484400e+09, 8.215683e-02, 9.595419e-01, 2.706978e-01, 1.959254e+00, 4.541566e-11, 4.668571e-10, 5.859256e+01, 4.420787e-02
1.488200e+09, 8.335317e-02, 9.594273e-01, 2.696134e-01, 1.948108e+00, 5.715644e-11, 4.667558e-10, 5.873136e+01, 4.468461e-02
1.492000e+09, 8.454975e-02, 9.593109e-01, 2.682488e-01, 1.936963e+00, 6.841894e-11, 4.666530e-10, 5.887136e+01, 4.511075e-02
1.495800e+09, 8.574613e-02, 9.591929e-01, 2.666152e-01, 1.925821e+00, 7.922572e-11, 4.665485e-10, 5.901251e+01, 4.548594e-02
1.499600e+09, 8.694190e-02, 9.590733e-01, 2.647236e-01, 1.914682e+00, 8.959833e-11, 4.664426e-10, 5.915476e+01, 4.580983e-02
1.503400e+09, 8.813664e-02, 9.589521e-01, 2.625843e-01, 1.903545e+00, 9.955729e-11, 4.663352e-10, 5.929806e+01, 4.608209e-02
1.507200e+09, 8.932998e-02, 9.588295e-01, 2.602073e-01, 1.892411e+00, 1.091222e-10, 4.662264e-10, 5.944235e+01, 4.630242e-02
1.511000e+09, 9.052152e-02, 9.587054e-01, 2.576019e-01, 1.881279e+00, 1.183116e-10, 4.661162e-10, 5.958757e+01, 4.647052e-02
1.514800e+09, 9.171091e-02, 9.585799e-01, 2.547770e-01, 1.870150e+00, 1.271432e-10, 4.660047e-10, 5.973367e+01, 4.658612e-02
1.518600e+09, 9.289781e-02, 9.584532e-01, 2.517414e-01, 1.859024e+00, 1.356338e-10, 4.658920e-10, 5.988059e+01, 4.664899e-02
1.522400e+09, 9.408187e-02, 9.583251e-01, 2.485030e-01, 1.847900e+00, 1.437995e-10, 4.657782e-10, 6.002827e+01, 4.665888e-02
1.526200e+09, 9.526277e-02, 9.581958e-01, 2.450696e-01, 1.836779e+00, 1.516555e-10, 4.656631e-10, 6.017664e+01, 4.661559e-02
1.530000e+09, 9.644020e-02, 9.580654e-01, 2.414486e-01, 1.825661e+00, 1.592161e-10, 4.655470e-10, 6.032566e+01, 4.651892e-02
1.533800e+09, 9.761386e-02, 9.579339e-01, 2.376472e-01, 1.814546e+00, 1.664950e-10, 4.654298e-10, 6.047525e+01, 4.636872e-02
1.537600e+09, 9.878344e-02, 9.578013e-01, 2.336719e-01, 1.803433e+00, 1.735053e-10, 4.653117e-10, 6.062535e+01, 4.616483e-02
1.541400e+09, 9.994866e-02, 9.576677e-01, 2.295293e-01, 1.792323e+00, 1.802592e-10, 4.651926e-10, 6.077590e+01, 4.590712e-02
1.545200e+09, 1.011092e-01, 9.575332e-01, 2.252254e-01, 1.781216e+00, 1.867686e-10, 4.650727e-10, 6.092684e+01, 4.559549e-02
1.549000e+09, 1.022649e-01, 9.573979e-01, 2.207661e-01, 1.770112e+00, 1.930445e-10, 4.649520e-10, 6.107809e+01, 4.522985e-02
1.552800e+09, 1.034155e-01, 9.572617e-01, 2.161569e-01, 1.759011e+00, 1.990975e-10, 4.648305e-10, 6.122959e+01, 4.481014e-02
1.556600e+09, 1.045606e-01, 9.571248e-01, 2.114033e-01, 1.747912e+00, 2.049376e-10, 4.647083e-10, 6.138128e+01, 4.433630e-02
1.560400e+09, 1.057000e-01, 9.569871e-01, 2.065102e-01, 1.736817e+00, 2.105743e-10, 4.645854e-10, 6.153308e+01, 4.380833e-02
1.564200e+09, 1.068336e-01, 9.568489e-01, 2.014825e-01, 1.725724e+00, 2.160166e-10, 4.644619e-10, 6.168493e+01, 4.322622e-02
1.568000e+09, 1.079610e-01, 9.567101e-01, 1.963248e-01, 1.714635e+00, 2.212732e-10, 4.643380e-10, 6.183675e+01, 4.258999e-02
1.571800e+09, 1.090820e-01, 9.565707e-01, 1.910417e-01, 1.703548e+00, 2.263522e-10, 4.642135e-10, 6.198848e+01, 4.189968e-02
1.575600e+09, 1.101965e-01, 9.564309e-01, 1.856373e-01, 1.692465e+00, 2.312613e-10, 4.640886e-10, 6.214004e+01, 4.115536e-02
1.579400e+09, 1.113041e-01, 9.562908e-01, 1.801157e-01, 1.681384e+00, 2.360078e-10, 4.639633e-10, 6.229136e+01, 4.035711e-02
1.583200e+09, 1.124048e-01, 9.561502e-01, 1.744807e-01, 1.670306e+00, 2.405989e-10, 4.638378e-10, 6.244236e+01, 3.950505e-02
1.587000e+09, 1.134982e-01, 9.560095e-01, 1.687362e-01, 1.659232e+00, 2.450411e-10, 4.637119e-10, 6.259298e+01, 3.859931e-02
1.590800e+09, 1.145842e-01, 9.558685e-01, 1.628855e-01, 1.648160e+00, 2.493408e-10, 4.635859e-10, 6.274313e+01, 3.764003e-02
1.594600e+09, 1.156626e-01, 9.557273e-01, 1.569322e-01, 1.637092e+00, 2.535039e-10, 4.634597e-10, 6.289275e+01, 3.662740e-02
1.598400e+09, 1.167332e-01, 9.555861e-01, 1.508796e-01, 1.626026e+00, 2.575362e-10, 4.633335e-10, 6.304175e+01, 3.556161e-02
1.602200e+09, 1.177958e-01, 9.554448e-01, 1.447306e-01, 1.614963e+00, 2.614432e-10, 4.632072e-10, 6.319005e+01, 3.444290e-02
1.606000e+09, 1.188503e-01, 9.553036e-01, 1.384884e-01, 1.603904e+00, 2.652300e-10, 4.630809e-10, 6.333759e+01, 3.327149e-02
1.609800e+09, 1.198963e-01, 9.551624e-01, 1.321557e-01, 1.592847e+00, 2.689015e-10, 4.629547e-10, 6.348429e+01, 3.204767e-02
1.613600e+09, 1.209338e-01, 9.550214e-01, 1.257354e-01, 1.581794e+00, 2.724626e-10, 4.628287e-10, 6.363006e+01, 3.077172e-02
1.617400e+09, 1.219627e-01, 9.548806e-01, 1.192300e-01, 1.570743e+00, 2.759176e-10, 4.627028e-10, 6.377482e+01, 2.944395e-02
1.621200e+09, 1.229826e-01, 9.547401e-01, 1.126422e-01, 1.559696e+00, 2.792708e-10, 4.625772e-10, 6.391851e+01, 2.806472e-02
1.625000e+09, 1.239935e-01, 9.546000e-01, 1.059743e-01, 1.548651e+00, 2.825263e-10, 4.624519e-10, 6.406103e+01, 2.663436e-02
1.628800e+09, 1.249952e-01, 9.544602e-01, 9.922867e-02, 1.537609e+00, 2.856881e-10, 4.623269e-10, 6.420230e+01, 2.515328e-02
1.632600e+09, 1.259875e-01, 9.543208e-01, 9.240755e-02, 1.526571e+00, 2.887597e-10, 4.622023e-10, 6.434226e+01, 2.362189e-02
1.636400e+09, 1.269703e-01, 9.541820e-01, 8.551309e-02, 1.515535e+00, 2.917448e-10, 4.620782e-10, 6.448082e+01, 2.204060e-02
1.640200e+09, 1.279434e-01, 9.540438e-01, 7.854736e-02, 1.504503e+00, 2.946467e-10, 4.619546e-10, 6.461789e+01, 2.040988e-02
1.644000e+09, 1.289067e-01, 9.539062e-01, 7.151235e-02, 1.493473e+00, 2.974686e-10, 4.618316e-10, 6.475340e+01, 1.873021e-02
1.647800e+09, 1.298600e-01, 9.537692e-01, 6.440996e-02, 1.482446e+00, 3.002137e-10, 4.617092e-10, 6.488726e+01, 1.700209e-02
1.651600e+09, 1.308031e-01, 9.536330e-01, 5.724202e-02, 1.471422e+00, 3.028849e-10, 4.615875e-10, 6.501940e+01, 1.522605e-02
1.655400e+09, 1.317361e-01, 9.534976e-01, 5.001031e-02, 1.460402e+00, 3.054850e-10, 4.614665e-10, 6.514974e+01, 1.340264e-02
1.659200e+09, 1.326586e-01, 9.533631e-01, 4.271652e-02, 1.449384e+00, 3.080166e-10, 4.613463e-10, 6.527819e+01, 1.153243e-02
1.663000e+09, 1.335705e-01, 9.532295e-01, 3.536228e-02, 1.438368e+00, 3.104824e-10, 4.612269e-10, 6.540468e+01, 9.616017e-03
1.666800e+09, 1.344718e-01, 9.530969e-01, 2.794917e-02, 1.427356e+00, 3.128849e-10, 4.611085e-10, 6.552912e+01, 7.654031e-03
1.670600e+09, 1.353622e-01, 9.529653e-01, 2.047870e-02, 1.416347e+00, 3.152263e-10, 4.609909e-10, 6.565143e+01, 5.647111e-03
1.674400e+09, 1.362418e-01, 9.528348e-01, 1.295233e-02, 1.405340e+00, 3.175090e-10, 4.608743e-10, 6.577155e+01, 3.595928e-03
1.678200e+09, 1.371102e-01, 9.527054e-01, 5.371448e-03, 1.394336e+00, 3.197351e-10, 4.607588e-10, 6.588938e+01, 1.501173e-03
1.682000e+09, 1.379674e-01, 9.525772e-01, -2.262581e-03, 1.383335e+00, 3.219067e-10, 4.606443e-10, 6.600485e+01, -6.364388e-04
1.685800e+09, 1.388133e-01, 9.524503e-01, -9.948458e-03, 1.372337e+00, 3.240257e-10, 4.605310e-10, 6.611788e+01, -2.816169e-03
1.689600e+09, 1.396477e-01, 9.523246e-01, -1.768493e-02, 1.361341e+00, 3.260942e-10, 4.604188e-10, 6.622839e+01, -5.037256e-03
1.693400e+09, 1.404706e-01, 9.522003e-01, -2.547079e-02, 1.350348e+00, 3.281138e-10, 4.603079e-10, 6.633632e+01, -7.298916e-03
1.697200e+09, 1.412818e-01, 9.520775e-01, -3.330487e-02, 1.339357e+00, 3.300864e-10, 4.601983e-10, 6.644158e+01, -9.600342e-03
1.701000e+09, 1.420812e-01, 9.519560e-01, -4.118604e-02, 1.328370e+00, 3.320136e-10, 4.600899e-10, 6.654410e+01, -1.194070e-02
1.704800e+09, 1.428686e-01, 9.518361e-01, -4.911324e-02, 1.317385e+00, 3.338971e-10, 4.599830e-10, 6.664381e+01, -1.431915e-02
1.708600e+09, 1.436440e-01, 9.517178e-01, -5.708540e-02, 1.306402e+00, 3.357384e-10, 4.598774e-10, 6.674063e+01, -1.673481e-02
1.712400e+09, 1.444072e-01, 9.516011e-01, -6.510152e-02, 1.295422e+00, 3.375390e-10, 4.597733e-10, 6.683449e+01, -1.918679e-02
1.716200e+09, 1.451582e-01, 9.514860e-01, -7.316064e-02, 1.284444e+00, 3.393003e-10, 4.596707e-10, 6.692532e+01, -2.167417e-02
1.720000e+09, 1.458968e-01, 9.513726e-01, -8.126181e-02, 1.273469e+00, 3.410237e-10, 4.595697e-10, 6.701306e+01, -2.419600e-02
1.723800e+09, 1.466230e-01, 9.512610e-01, -8.940413e-02, 1.262496e+00, 3.427105e-10, 4.594702e-10, 6.709764e+01, -2.675135e-02
1.727600e+09, 1.473365e-01, 9.511512e-01, -9.758672e-02, 1.251526e+00, 3.443620e-10, 4.593724e-10, 6.717899e+01, -2.933922e-02
1.731400e+09, 1.480374e-01, 9.510432e-01, -1.058087e-01, 1.240558e+00, 3.459794e-10, 4.592762e-10, 6.725704e+01, -3.195861e-02
1.735200e+09, 1.487255e-01, 9.509371e-01, -1.140694e-01, 1.229592e+00, 3.475639e-10, 4.591817e-10, 6.733174e+01, -3.460851e-02
1.739000e+09, 1.494007e-01, 9.508329e-01, -1.223679e-01, 1.218629e+00, 3.491166e-10, 4.590890e-10, 6.740302e+01, -3.728789e-02
1.742800e+09, 1.500629e-01, 9.507308e-01, -1.307034e-01, 1.207668e+00, 3.506386e-10, 4.589981e-10, 6.747082e+01, -3.999567e-02
1.746600e+09, 1.507121e-01, 9.506306e-01, -1.390753e-01, 1.196709e+00, 3.521310e-10, 4.589090e-10, 6.753509e+01, -4.273079e-02
1.750400e+09, 1.513480e-01, 9.505325e-01, -1.474828e-01, 1.185752e+00, 3.535947e-10, 4.588218e-10, 6.759577e+01, -4.549216e-02
1.754200e+09, 1.519707e-01, 9.504365e-01, -1.559253e-01, 1.174797e+00, 3.550307e-10, 4.587365e-10, 6.765281e+01, -4.827867e-02
1.758000e+09, 1.525801e-01, 9.503427e-01, -1.644020e-01, 1.163844e+00, 3.564401e-10, 4.586531e-10, 6.770615e+01, -5.108918e-02
1.761800e+09, 1.531759e-01, 9.502510e-01, -1.729124e-01, 1.152893e+00, 3.578236e-10, 4.585717e-10, 6.775575e+01, -5.392255e-02
1.765600e+09, 1.537583e-01, 9.501616e-01, -1.814558e-01, 1.141944e+00, 3.591821e-10, 4.584923e-10, 6.780156e+01, -5.677763e-02
1.769400e+09, 1.543270e-01, 9.500744e-01, -1.900317e-01, 1.130997e+00, 3.605166e-10, 4.584150e-10, 6.784353e+01, -5.965325e-02
1.773200e+09, 1.548820e-01, 9.499896e-01, -1.986394e-01, 1.120052e+00, 3.618277e-10, 4.583397e-10, 6.788162e+01, -6.254820e-02
1.777000e+09, 1.554232e-01, 9.499070e-01, -2.072785e-01, 1.109109e+00, 3.631163e-10, 4.582665e-10, 6.791580e+01, -6.546129e-02
1.780800e+09, 1.559505e-01, 9.498268e-01, -2.159483e-01, 1.098167e+00, 3.643832e-10, 4.581955e-10, 6.794601e+01, -6.839131e-02
1.784600e+09, 1.564639e-01, 9.497490e-01, -2.246483e-01, 1.087227e+00, 3.656291e-10, 4.581266e-10, 6.797223e+01, -7.133702e-02
1.788400e+09, 1.569632e-01, 9.496737e-01, -2.333781e-01, 1.076289e+00, 3.668546e-10, 4.580600e-10, 6.799442e+01, -7.429718e-02
1.792200e+09, 1.574484e-01, 9.496008e-01, -2.421372e-01, 1.065352e+00, 3.680604e-10, 4.579955e-10, 6.801256e+01, -7.727055e-02
1.796000e+09, 1.579194e-01, 9.495304e-01, -2.509250e-01, 1.054417e+00, 3.692473e-10, 4.579334e-10, 6.802661e+01, -8.025585e-02
1.799800e+09, 1.583762e-01, 9.494625e-01, -2.597412e-01, 1.043483e+00, 3.704159e-10, 4.578735e-10, 6.803655e+01, -8.325182e-02
1.803600e+09, 1.588185e-01, 9.493972e-01, -2.685853e-01, 1.032551e+00, 3.715667e-10, 4.578159e-10, 6.804236e+01, -8.625717e-02
1.807400e+09, 1.592465e-01, 9.493344e-01, -2.774569e-01, 1.021620e+00, 3.727003e-10, 4.577606e-10, 6.804401e+01, -8.927062e-02
1.811200e+09, 1.596600e-01, 9.492743e-01, -2.863555e-01, 1.010691e+00, 3.738174e-10, 4.577077e-10, 6.804149e+01, -9.229086e-02
1.815000e+09, 1.600589e-01, 9.492168e-01, -2.952808e-01, 9.997623e-01, 3.749185e-10, 4.576572e-10, 6.803479e+01, -9.531660e-02
1.818800e+09, 1.604431e-01, 9.491619e-01, -3.042324e-01, 9.888352e-01, 3.760042e-10, 4.576091e-10, 6.802389e+01, -9.834651e-02
1.822600e+09, 1.608127e-01, 9.491097e-01, -3.132099e-01, 9.779093e-01, 3.770748e-10, 4.575634e-10, 6.800878e+01, -1.013793e-01
1.826400e+09, 1.611675e-01, 9.490602e-01, -3.222130e-01, 9.669845e-01, 3.781311e-10, 4.575201e-10, 6.798947e+01, -1.044136e-01
1.830200e+09, 1.615075e-01, 9.490135e-01, -3.312413e-01, 9.560607e-01, 3.791734e-10, 4.574794e-10, 6.796594e+01, -1.074482e-01
1.834000e+09, 1.618326e-01, 9.489695e-01, -3.402945e-01, 9.451378e-01, 3.802022e-10, 4.574410e-10, 6.793819e+01, -1.104816e-01
1.837800e+09, 1.621427e-01, 9.489282e-01, -3.493722e-01, 9.342159e-01, 3.812180e-10, 4.574052e-10, 6.790623e+01, -1.135126e-01
1.841600e+09, 1.624378e-01, 9.488897e-01, -3.584742e-01, 9.232949e-01, 3.822212e-10, 4.573719e-10, 6.787006e+01, -1.165398e-01
1.845400e+09, 1.627178e-01, 9.488540e-01, -3.676002e-01, 9.123746e-01, 3.832123e-10, 4.573412e-10, 6.782969e+01, -1.195619e-01
1.849200e+09, 1.629827e-01, 9.488211e-01, -3.767498e-01, 9.014551e-01, 3.841917e-10, 4.573130e-10, 6.778513e+01, -1.225776e-01
1.853000e+09, 1.632324e-01, 9.487911e-01, -3.859228e-01, 8.905362e-01, 3.851597e-10, 4.572873e-10, 6.773639e+01, -1.255855e-01
1.856800e+09, 1.634669e-01, 9.487638e-01, -3.951189e-01, 8.796180e-01, 3.861169e-10, 4.572642e-10, 6.768350e+01, -1.285843e-01
1.860600e+09, 1.636861e-01, 9.487395e-01, -4.043379e-01, 8.687003e-01, 3.870635e-10, 4.572437e-10, 6.762647e+01, -1.315727e-01
1.864400e+09, 1.638899e-01, 9.487179e-01, -4.135795e-01, 8.577831e-01, 3.880000e-10, 4.572258e-10, 6.756531e+01, -1.345494e-01
1.868200e+09, 1.640783e-01, 9.486993e-01, -4.228434e-01, 8.468663e-01, 3.889266e-10, 4.572104e-10, 6.750007e+01, -1.375129e-01
1.872000e+09, 1.642513e-01, 9.486835e-01, -4.321294e-01, 8.359499e-01, 3.898439e-10, 4.571977e-10, 6.743076e+01, -1.404621e-01
1.875800e+09, 1.644087e-01, 9.486706e-01, -4.414374e-01, 8.250338e-01, 3.907520e-10, 4.571876e-10, 6.735741e+01, -1.433956e-01
1.879600e+09, 1.645507e-01, 9.486606e-01, -4.507670e-01, 8.141180e-01, 3.916514e-10, 4.571801e-10, 6.728006e+01, -1.463121e-01
1.883400e+09, 1.646770e-01, 9.486535e-01, -4.601181e-01, 8.032023e-01, 3.925423e-10, 4.571753e-10, 6.719874e+01, -1.492103e-01
1.887200e+09, 1.647877e-01, 9.486493e-01, -4.694905e-01, 7.922867e-01, 3.934251e-10, 4.571730e-10, 6.711349e+01, -1.520889e-01
1.891000e+09, 1.648827e-01, 9.486480e-01, -4.788840e-01, 7.813712e-01, 3.943001e-10, 4.571735e-10, 6.702435e+01, -1.549467e-01
1.894800e+09, 1.649620e-01, 9.486496e-01, -4.882983e-01, 7.704557e-01, 3.951676e-10, 4.571765e-10, 6.693136e+01, -1.577823e-01
1.898600e+09, 1.650256e-01, 9.486541e-01, -4.977334e-01, 7.595401e-01, 3.960278e-10, 4.571822e-10, 6.683457e+01, -1.605945e-01
1.902400e+09, 1.650733e-01, 9.486615e-01, -5.071890e-01, 7.486244e-01, 3.968812e-10, 4.571905e-10, 6.673402e+01, -1.633821e-01
1.906200e+09, 1.651052e-01, 9.486718e-01, -5.166650e-01, 7.377085e-01, 3.977278e-10, 4.572014e-10, 6.662977e+01, -1.661438e-01
1.910000e+09, 1.651213e-01, 9.486850e-01, -5.261612e-01, 7.267923e-01, 3.985681e-10, 4.572150e-10, 6.652186e+01, -1.688783e-01
1.913800e+09, 1.651214e-01, 9.487011e-01, -5.356774e-01, 7.158758e-01, 3.994023e-10, 4.572312e-10, 6.641035e+01, -1.715845e-01
1.917600e+09, 1.651056e-01, 9.487201e-01, -5.452136e-01, 7.049589e-01, 4.002307e-10, 4.572500e-10, 6.629530e+01, -1.742612e-01
1.921400e+09, 1.650739e-01, 9.487419e-01, -5.547695e-01, 6.940415e-01, 4.010534e-10, 4.572715e-10, 6.617676e+01, -1.769071e-01
1.925200e+09, 1.650261e-01, 9.487666e-01, -5.643451e-01, 6.831236e-01, 4.018708e-10, 4.572955e-10, 6.605479e+01, -1.795211e-01
1.929000e+09, 1.649623e-01, 9.487942e-01, -5.739402e-01, 6.722052e-01, 4.026831e-10, 4.573222e-10, 6.592946e+01, -1.821020e-01
1.932800e+09, 1.648825e-01, 9.488246e-01, -5.835547e-01, 6.612861e-01, 4.034905e-10, 4.573514e-10, 6.580082e+01, -1.846487e-01
1.936600e+09, 1.647866e-01, 9.488579e-01, -5.931885e-01, 6.503664e-01, 4.042934e-10, 4.573832e-10, 6.566895e+01, -1.871600e-01
1.940400e+09, 1.646746e-01, 9.488940e-01, -6.028415e-01, 6.394458e-01, 4.050918e-10, 4.574176e-10, 6.553390e+01, -1.896348e-01
1.944200e+09, 1.645465e-01, 9.489329e-01, -6.125135e-01, 6.285245e-01, 4.058861e-10, 4.574546e-10, 6.539575e+01, -1.920721e-01
1.948000e+09, 1.644022e-01, 9.489747e-01, -6.222045e-01, 6.176022e-01, 4.066764e-10, 4.574941e-10, 6.525457e+01, -1.944706e-01
1.951800e+09, 1.642418e-01, 9.490191e-01, -6.319143e-01, 6.066791e-01, 4.074630e-10, 4.575361e-10, 6.511043e+01, -1.968295e-01
1.955600e+09, 1.640652e-01, 9.490664e-01, -6.416429e-01, 5.957549e-01, 4.082461e-10, 4.575807e-10, 6.496341e+01, -1.991475e-01
1.959400e+09, 1.638724e-01, 9.491164e-01, -6.513903e-01, 5.848296e-01, 4.090260e-10, 4.576277e-10, 6.481356e+01, -2.014237e-01
1.963200e+09, 1.636634e-01, 9.491691e-01, -6.611562e-01, 5.739033e-01, 4.098028e-10, 4.576773e-10, 6.466098e+01, -2.036570e-01
1.967000e+09, 1.634382e-01, 9.492246e-01, -6.709407e-01, 5.629757e-01, 4.105767e-10, 4.577293e-10, 6.450573e+01, -2.058466e-01
1.970800e+09, 1.631967e-01, 9.492827e-01, -6.807437e-01, 5.520469e-01, 4.113480e-10, 4.577837e-10, 6.434790e+01, -2.079912e-01
1.974600e+09, 1.629390e-01, 9.493435e-01, -6.905651e-01, 5.411168e-01, 4.121168e-10, 4.578406e-10, 6.418755e+01, -2.100901e-01
1.978400e+09, 1.626650e-01, 9.494069e-01, -7.004048e-01, 5.301854e-01, 4.128835e-10, 4.578999e-10, 6.402478e+01, -2.121423e-01
1.982200e+09, 1.623748e-01, 9.494729e-01, -7.102629e-01, 5.192525e-01, 4.136481e-10, 4.579615e-10, 6.385966e+01, -2.141468e-01
1.986000e+09, 1.620683e-01, 9.495415e-01, -7.201392e-01, 5.083182e-01, 4.144108e-10, 4.580255e-10, 6.369227e+01, -2.161028e-01
1.989800e+09, 1.617455e-01, 9.496127e-01, -7.300337e-01, 4.973823e-01, 4.151720e-10, 4.580919e-10, 6.352269e+01, -2.180093e-01
1.993600e+09, 1.614065e-01, 9.496863e-01, -7.399464e-01, 4.864449e-01, 4.159317e-10, 4.581605e-10, 6.335101e+01, -2.198655e-01
1.997400e+09, 1.610512e-01, 9.497625e-01, -7.498772e-01, 4.755058e-01, 4.166902e-10, 4.582314e-10, 6.317730e+01, -2.216706e-01
2.001200e+09, 1.606796e-01, 9.498412e-01, -7.598261e-01, 4.645650e-01, 4.174478e-10, 4.583046e-10, 6.300165e+01, -2.234237e-01
2.005000e+09, 1.602918e-01, 9.499223e-01, -7.697932e-01, 4.536225e-01, 4.182045e-10, 4.583800e-10, 6.282414e+01, -2.251240e-01
2.008800e+09, 1.598877e-01, 9.500058e-01, -7.797782e-01, 4.426782e-01, 4.189606e-10, 4.584576e-10, 6.264486e+01, -2.267708e-01
2.012600e+09, 1.594674e-01, 9.500916e-01, -7.897814e-01, 4.317320e-01, 4.197163e-10, 4.585373e-10, 6.246389e+01, -2.283633e-01
2.016400e+09, 1.590308e-01, 9.501798e-01, -7.998026e-01, 4.207839e-01, 4.204718e-10, 4.586192e-10, 6.228131e+01, -2.299007e-01
2.020200e+09, 1.585779e-01, 9.502703e-01, -8.098418e-01, 4.098338e-01, 4.212274e-10, 4.587032e-10, 6.209722e+01, -2.313824e-01
2.024000e+09, 1.581088e-01, 9.503630e-01, -8.198991e-01, 3.988818e-01, 4.219832e-10, 4.587892e-10, 6.191168e+01, -2.328075e-01
2.027800e+09, 1.576236e-01, 9.504580e-01, -8.299744e-01, 3.879277e-01, 4.227394e-10, 4.588773e-10, 6.172479e+01, -2.341756e-01
2.031600e+09, 1.571221e-01, 9.505551e-01, -8.400678e-01, 3.769715e-01, 4.234963e-10, 4.589674e-10, 6.153664e+01, -2.354858e-01
2.035400e+09, 1.566044e-01, 9.506544e-01, -8.501792e-01, 3.660131e-01, 4.242541e-10, 4.590594e-10, 6.134730e+01, -2.367376e-01
2.039200e+09, 1.560706e-01, 9.507558e-01, -8.603087e-01, 3.550526e-01, 4.250130e-10, 4.591534e-10, 6.115686e+01, -2.379303e-01
2.043000e+09, 1.555206e-01, 9.508593e-01, -8.704564e-01, 3.440898e-01, 4.257732e-10, 4.592492e-10, 6.096540e+01, -2.390634e-01
2.046800e+09, 1.549545e-01, 9.509648e-01, -8.806222e-01, 3.331247e-01, 4.265350e-10, 4.593469e-10, 6.077302e+01, -2.401362e-01
2.050600e+09, 1.543723e-01, 9.510722e-01, -8.908062e-01, 3.221573e-01, 4.272987e-10, 4.594464e-10, 6.057978e+01, -2.411484e-01
2.054400e+09, 1.537741e-01, 9.511816e-01, -9.010084e-01, 3.111875e-01, 4.280643e-10, 4.595476e-10, 6.038579e+01, -2.420992e-01
2.058200e+09, 1.531598e-01, 9.512929e-01, -9.112289e-01, 3.002153e-01, 4.288323e-10, 4.596506e-10, 6.019110e+01, -2.429882e-01
2.062000e+09, 1.525294e-01, 9.514060e-01, -9.214678e-01, 2.892406e-01, 4.296028e-10, 4.597553e-10, 5.999583e+01, -2.438149e-01
2.065800e+09, 1.518831e-01, 9.515209e-01, -9.317250e-01, 2.782635e-01, 4.303762e-10, 4.598616e-10, 5.980003e+01, -2.445789e-01
2.069600e+09, 1.512208e-01, 9.516375e-01, -9.420007e-01, 2.672838e-01, 4.311526e-10, 4.599695e-10, 5.960380e+01, -2.452797e-01
2.073400e+09, 1.505426e-01, 9.517559e-01, -9.522950e-01, 2.563015e-01, 4.319325e-10, 4.600789e-10, 5.940722e+01, -2.459169e-01
2.077200e+09, 1.498486e-01, 9.518759e-01, -9.626078e-01, 2.453166e-01, 4.327159e-10, 4.601899e-10, 5.921036e+01, -2.464901e-01
2.081000e+09, 1.491386e-01, 9.519974e-01, -9.729394e-01, 2.343291e-01, 4.335034e-10, 4.603023e-10, 5.901332e+01, -2.469989e-01
2.084800e+09, 1.484129e-01, 9.521206e-01, -9.832898e-01, 2.233388e-01, 4.342951e-10, 4.604161e-10, 5.881616e+01, -2.474430e-01
2.088600e+09, 1.476714e-01, 9.522452e-01, -9.936591e-01, 2.123459e-01, 4.350914e-10, 4.605313e-10, 5.861897e+01, -2.478220e-01
2.092400e+09, 1.469142e-01, 9.523713e-01, -1.004047e+00, 2.013502e-01, 4.358926e-10, 4.606478e-10, 5.842182e+01, -2.481357e-01
2.096200e+09, 1.461413e-01, 9.524987e-01, -1.014455e+00, 1.903517e-01, 4.366991e-10, 4.607656e-10, 5.822480e+01, -2.483837e-01
2.100000e+09, 1.453528e-01, 9.526275e-01, -1.024881e+00, 1.793504e-01, 4.375113e-10, 4.608846e-10, 5.802798e+01, -2.485658e-01
2.103800e+09, 1.445487e-01, 9.527576e-01, -1.035327e+00, 1.683463e-01, 4.383294e-10, 4.610048e-10, 5.783144e+01, -2.486818e-01
2.107600e+09, 1.437291e-01, 9.528889e-01, -1.045793e+00, 1.573393e-01, 4.391539e-10, 4.611262e-10, 5.763526e+01, -2.487313e-01
2.111400e+09, 1.428940e-01, 9.530214e-01, -1.056278e+00, 1.463294e-01, 4.399852e-10, 4.612485e-10, 5.743950e+01, -2.487143e-01
2.115200e+09, 1.420435e-01, 9.531550e-01, -1.066784e+00, 1.353166e-01, 4.408237e-10, 4.613720e-10, 5.724425e+01, -2.486306e-01
2.119000e+09, 1.411776e-01, 9.532896e-01, -1.077309e+00, 1.243008e-01, 4.416699e-10, 4.614963e-10, 5.704958e+01, -2.484799e-01
2.122800e+09, 1.402965e-01, 9.534253e-01, -1.087854e+00, 1.132821e-01, 4.425243e-10, 4.616217e-10, 5.685556e+01, -2.482623e-01
2.126600e+09, 1.394001e-01, 9.535619e-01, -1.098420e+00, 1.022604e-01, 4.433872e-10, 4.617478e-10, 5.666226e+01, -2.479775e-01
2.130400e+09, 1.384885e-01, 9.536994e-01, -1.109006e+00, 9.123563e-02, 4.442593e-10, 4.618748e-10, 5.646976e+01, -2.476255e-01
2.134200e+09, 1.375618e-01, 9.538378e-01, -1.119613e+00, 8.020786e-02, 4.451411e-10, 4.620026e-10, 5.627813e+01, -2.472063e-01
2.138000e+09, 1.366201e-01, 9.539769e-01, -1.130242e+00, 6.917704e-02, 4.460331e-10, 4.621310e-10, 5.608743e+01, -2.467197e-01
2.141800e+09, 1.356634e-01, 9.541167e-01, -1.140891e+00, 5.814315e-02, 4.469359e-10, 4.622602e-10, 5.589774e+01, -2.461659e-01
2.145600e+09, 1.346918e-01, 9.542571e-01, -1.151562e+00, 4.710617e-02, 4.478502e-10, 4.623899e-10, 5.570913e+01, -2.455447e-01
2.149400e+09, 1.337053e-01, 9.543982e-01, -1.162255e+00, 3.606611e-02, 4.487767e-10, 4.625201e-10, 5.552166e+01, -2.448564e-01
2.153200e+09, 1.327041e-01, 9.545398e-01, -1.172970e+00, 2.502293e-02, 4.497159e-10, 4.626509e-10, 5.533540e+01, -2.441008e-01
2.157000e+09, 1.316882e-01, 9.546819e-01, -1.183708e+00, 1.397663e-02, 4.506687e-10, 4.627821e-10, 5.515041e+01, -2.432781e-01
2.160800e+09, 1.306578e-01, 9.548244e-01, -1.194468e+00, 2.927193e-03, 4.516358e-10, 4.629137e-10, 5.496677e+01, -2.423884e-01
2.164600e+09, 1.296128e-01, 9.549672e-01, -1.205251e+00, -8.125381e-03, 4.526181e-10, 4.630456e-10, 5.478454e+01, -2.414319e-01
2.168400e+09, 1.285534e-01, 9.551104e-01, -1.216058e+00, -1.918111e-02, 4.536164e-10, 4.631777e-10, 5.460377e+01, -2.404087e-01
2.172200e+09, 1.274796e-01, 9.552538e-01, -1.226888e+00, -3.023999e-02, 4.546317e-10, 4.633101e-10, 5.442454e+01, -2.393190e-01
2.176000e+09, 1.263916e-01, 9.553973e-01, -1.237743e+00, -4.130203e-02, 4.556649e-10, 4.634427e-10, 5.424691e+01, -2.381630e-01
2.179800e+09, 1.252894e-01, 9.555409e-01, -1.248623e+00, -5.236723e-02, 4.567170e-10, 4.635753e-10, 5.407093e+01, -2.369409e-01
2.183600e+09, 1.241731e-01, 9.556846e-01, -1.259527e+00, -6.343560e-02, 4.577892e-10, 4.637080e-10, 5.389668e+01, -2.356531e-01
2.187400e+09, 1.230428e-01, 9.558283e-01, -1.270458e+00, -7.450715e-02, 4.588827e-10, 4.638407e-10, 5.372420e+01, -2.342998e-01
2.191200e+09, 1.218986e-01, 9.559720e-01, -1.281414e+00, -8.558186e-02, 4.599987e-10, 4.639734e-10, 5.355355e+01, -2.328813e-01
2.195000e+09, 1.207407e-01, 9.561154e-01, -1.292397e+00, -9.665973e-02, 4.611384e-10, 4.641059e-10, 5.338480e+01, -2.313979e-01
2.198800e+09, 1.195690e-01, 9.562587e-01, -1.303407e+00, -1.077408e-01, 4.623034e-10, 4.642383e-10, 5.321801e+01, -2.298501e-01
2.202600e+09, 1.183838e-01, 9.564017e-01, -1.314445e+00, -1.188250e-01, 4.634952e-10, 4.643704e-10, 5.305323e+01, -2.282383e-01
2.206400e+09, 1.171851e-01, 9.565444e-01, -1.325512e+00, -1.299123e-01, 4.647153e-10, 4.645022e-10, 5.289051e+01, -2.265628e-01
2.210200e+09, 1.159730e-01, 9.566868e-01, -1.336607e+00, -1.410028e-01, 4.659655e-10, 4.646338e-10, 5.272991e+01, -2.248241e-01
2.214000e+09, 1.147476e-01, 9.568286e-01, -1.347733e+00, -1.520965e-01, 4.672476e-10, 4.647649e-10, 5.257148e+01, -2.230228e-01
2.217800e+09, 1.135091e-01, 9.569700e-01, -1.358889e+00, -1.631933e-01, 4.685637e-10, 4.648955e-10, 5.241528e+01, -2.211592e-01
2.221600e+09, 1.122575e-01, 9.571108e-01, -1.370076e+00, -1.742931e-01, 4.699158e-10, 4.650257e-10, 5.226137e+01, -2.192340e-01
2.225400e+09, 1.109929e-01, 9.572510e-01, -1.381296e+00, -1.853962e-01, 4.713061e-10, 4.651553e-10, 5.210979e+01, -2.172477e-01
2.229200e+09, 1.097156e-01, 9.573905e-01, -1.392549e+00, -1.965022e-01, 4.727373e-10, 4.652844e-10, 5.196059e+01, -2.152009e-01
2.233000e+09, 1.084255e-01, 9.575293e-01, -1.403836e+00, -2.076114e-01, 4.742118e-10, 4.654127e-10, 5.181382e+01, -2.130943e-01
2.236800e+09, 1.071229e-01, 9.576672e-01, -1.415158e+00, -2.187237e-01, 4.757325e-10, 4.655403e-10, 5.166954e+01, -2.109284e-01
2.240600e+09, 1.058078e-01, 9.578043e-01, -1.426517e+00, -2.298390e-01, 4.773025e-10, 4.656672e-10, 5.152779e+01, -2.087040e-01
2.244400e+09, 1.044804e-01, 9.579405e-01, -1.437913e+00, -2.409573e-01, 4.789250e-10, 4.657933e-10, 5.138861e+01, -2.064218e-01
2.248200e+09, 1.031408e-01, 9.580756e-01, -1.449348e+00, -2.520786e-01, 4.806035e-10, 4.659185e-10, 5.125207e+01, -2.040825e-01
2.252000e+09, 1.017891e-01, 9.582098e-01, -1.460823e+00, -2.632029e-01, 4.823421e-10, 4.660427e-10, 5.111820e+01, -2.016869e-01
2.255800e+09, 1.004255e-01, 9.583428e-01, -1.472339e+00, -2.743302e-01, 4.841447e-10, 4.661660e-10, 5.098705e+01, -1.992358e-01
2.259600e+09, 9.905004e-02, 9.584747e-01, -1.483899e+00, -2.854604e-01, 4.860159e-10, 4.662883e-10, 5.085866e+01, -1.967301e-01
2.263400e+09, 9.766292e-02, 9.586054e-01, -1.495503e+00, -2.965936e-01, 4.879606e-10, 4.664095e-10, 5.073307e+01, -1.941705e-01
2.267200e+09, 9.626427e-02, 9.587348e-01, -1.507154e+00, -3.077296e-01, 4.899841e-10, 4.665296e-10, 5.061034e+01, -1.915580e-01
2.271000e+09, 9.485423e-02, 9.588629e-01, -1.518853e+00, -3.188685e-01, 4.920921e-10, 4.666485e-10, 5.049050e+01, -1.888935e-01
2.274800e+09, 9.343293e-02, 9.589896e-01, -1.530602e+00, -3.300103e-01, 4.942911e-10, 4.667662e-10, 5.037360e+01, -1.861779e-01
2.278600e+09, 9.200053e-02, 9.591149e-01, -1.542404e+00, -3.411548e-01, 4.965880e-10, 4.668826e-10, 5.025966e+01, -1.834122e-01
2.282400e+09, 9.055717e-02, 9.592386e-01, -1.554260e+00, -3.523022e-01, 4.989901e-10, 4.669978e-10, 5.014874e+01, -1.805975e-01
2.286200e+09, 8.910301e-02, 9.593609e-01, -1.566174e+00, -3.634523e-01, 5.015058e-10, 4.671116e-10, 5.004088e+01, -1.777348e-01
2.290000e+09, 8.763818e-02, 9.594815e-01, -1.578148e+00, -3.746051e-01, 5.041442e-10, 4.672239e-10, 4.993610e+01, -1.748251e-01
2.293800e+09, 8.616285e-02, 9.596005e-01, -1.590185e+00, -3.857606e-01, 5.069151e-10, 4.673349e-10, 4.983446e+01, -1.718695e-01
2.297600e+09, 8.467718e-02, 9.597178e-01, -1.602288e+00, -3.969187e-01, 5.098295e-10, 4.674443e-10, 4.973598e+01, -1.688691e-01
2.301400e+09, 8.318133e-02, 9.598334e-01, -1.614461e+00, -4.080794e-01, 5.128996e-10, 4.675522e-10, 4.964069e+01, -1.658252e-01
2.305200e+09, 8.167545e-02, 9.599471e-01, -1.626707e+00, -4.192428e-01, 5.161386e-10, 4.676586e-10, 4.954865e+01, -1.627389e-01
2.309000e+09, 8.015972e-02, 9.600590e-01, -1.639030e+00, -4.304086e-01, 5.195614e-10, 4.677633e-10, 4.945987e+01, -1.596114e-01
2.312800e+09, 7.863429e-02, 9.601690e-01, -1.651435e+00, -4.415770e-01, 5.231842e-10, 4.678664e-10, 4.937439e+01, -1.564439e-01
2.316600e+09, 7.709935e-02, 9.602770e-01, -1.663927e+00, -4.527478e-01, 5.270254e-10, 4.679678e-10, 4.929225e+01, -1.532378e-01
2.320400e+09, 7.555507e-02, 9.603831e-01, -1.676510e+00, -4.639211e-01, 5.311052e-10, 4.680674e-10, 4.921347e+01, -1.499942e-01
2.324200e+09, 7.400161e-02, 9.604871e-01, -1.689191e+00, -4.750967e-01, 5.354464e-10, 4.681653e-10, 4.913809e+01, -1.467146e-01
2.328000e+09, 7.243918e-02, 9.605890e-01, -1.701975e+00, -4.862747e-01, 5.400743e-10, 4.682614e-10, 4.906614e+01, -1.434002e-01
2.331800e+09, 7.086794e-02, 9.606888e-01, -1.714870e+00, -4.974549e-01, 5.450175e-10, 4.683556e-10, 4.899764e+01, -1.400525e-01
2.335600e+09, 6.928809e-02, 9.607864e-01, -1.727883e+00, -5.086374e-01, 5.503080e-10, 4.684479e-10, 4.893262e+01, -1.366728e-01
2.339400e+09, 6.769981e-02, 9.608818e-01, -1.741022e+00, -5.198221e-01, 5.559822e-10, 4.685384e-10, 4.887110e+01, -1.332625e-01
2.343200e+09, 6.610332e-02, 9.609750e-01, -1.754297e+00, -5.310090e-01, 5.620811e-10, 4.686269e-10, 4.881313e+01, -1.298232e-01
2.347000e+09, 6.449880e-02, 9.610658e-01, -1.767717e+00, -5.421980e-01, 5.686513e-10, 4.687134e-10, 4.875871e+01, -1.263562e-01
2.350800e+09, 6.288647e-02, 9.611543e-01, -1.781295e+00, -5.533890e-01, 5.757459e-10, 4.687978e-10, 4.870787e+01, -1.228631e-01
2.354600e+09, 6.126654e-02, 9.612405e-01, -1.795041e+00, -5.645821e-01, 5.834258e-10, 4.688803e-10, 4.866064e+01, -1.193454e-01
2.358400e+09, 5.963922e-02, 9.613242e-01, -1.808971e+00, -5.757771e-01, 5.917604e-10, 4.689606e-10, 4.861704e+01, -1.158045e-01
2.362200e+09, 5.800475e-02, 9.614054e-01, -1.823100e+00, -5.869741e-01, 6.008303e-10, 4.690389e-10, 4.857709e+01, -1.122421e-01
2.366000e+09, 5.636335e-02, 9.614842e-01, -1.837446e+00, -5.981729e-01, 6.107282e-10, 4.691150e-10, 4.854081e+01, -1.086597e-01
2.369800e+09, 5.471528e-02, 9.615604e-01, -1.852027e+00, -6.093736e-01, 6.215619e-10, 4.691889e-10, 4.850822e+01, -1.050590e-01
2.373600e+09, 5.306079e-02, 9.616341e-01, -1.866868e+00, -6.205760e-01, 6.334573e-10, 4.692607e-10, 4.847933e+01, -1.014414e-01
2.377400e+09, 5.140013e-02, 9.617052e-01, -1.881992e+00, -6.317801e-01, 6.465619e-10, 4.693302e-10, 4.845417e+01, -9.780871e-02
2.381200e+09, 4.973360e-02, 9.617736e-01, -1.897430e+00, -6.429859e-01, 6.610494e-10, 4.693976e-10, 4.843275e+01, -9.416247e-02
2.385000e+09, 4.806149e-02, 9.618394e-01, -1.913213e+00, -6.541932e-01, 6.771254e-10, 4.694626e-10, 4.841509e+01, -9.050436e-02
2.388800e+09, 4.638410e-02, 9.619025e-01, -1.929380e+00, -6.654022e-01, 6.950352e-10, 4.695253e-10, 4.840120e+01, -8.683604e-02
2.392600e+09, 4.470179e-02, 9.619629e-01, -1.945975e+00, -6.766126e-01, 7.150724e-10, 4.695858e-10, 4.839109e+01, -8.315919e-02
2.396400e+09, 4.301490e-02, 9.620205e-01, -1.963048e+00, -6.878245e-01, 7.375913e-10, 4.696439e-10, 4.838478e+01, -7.947550e-02
2.400200e+09, 4.132384e-02, 9.620754e-01, -1.980659e+00, -6.990378e-01, 7.630221e-10, 4.696996e-10, 4.838228e+01, -7.578667e-02
2.404000e+09, 3.962903e-02, 9.621275e-01, -1.998877e+00, -7.102524e-01, 7.918913e-10, 4.697530e-10, 4.838359e+01, -7.209440e-02
2.407800e+09, 3.793095e-02, 9.621767e-01, -2.017784e+00, -7.214682e-01, 8.248480e-10, 4.698040e-10, 4.838873e+01, -6.840041e-02
2.411600e+09, 3.623014e-02, 9.622231e-01, -2.037478e+00, -7.326853e-01, 8.626998e-10, 4.698525e-10, 4.839771e+01, -6.470642e-02
2.415400e+09, 3.452721e-02, 9.622667e-01, -2.058076e+00, -7.439036e-01, 9.064606e-10, 4.698987e-10, 4.841053e+01, -6.101417e-02
2.419200e+09, 3.282285e-02, 9.623073e-01, -2.079719e+00, -7.551229e-01, 9.574153e-10, 4.699424e-10, 4.842720e+01, -5.732537e-02
2.423000e+09, 3.111787e-02, 9.623451e-01, -2.102578e+00, -7.663433e-01, 1.017211e-09, 4.699836e-10, 4.844772e+01, -5.364178e-02
2.426800e+09, 2.941323e-02, 9.623799e-01, -2.126865e+00, -7.775647e-01, 1.087981e-09, 4.700224e-10, 4.847209e+01, -4.996511e-02
2.430600e+09, 2.771007e-02, 9.624117e-01, -2.152842e+00, -7.887870e-01, 1.172525e-09, 4.700586e-10, 4.850033e+01, -4.629712e-02
2.434400e+09, 2.600980e-02, 9.624406e-01, -2.180837e+00, -8.000102e-01, 1.274566e-09, 4.700924e-10, 4.853243e+01, -4.263954e-02
2.438200e+09, 2.431414e-02, 9.624665e-01, -2.211269e+00, -8.112341e-01, 1.399119e-09, 4.701236e-10, 4.856839e+01, -3.899410e-02
2.442000e+09, 2.262532e-02, 9.624894e-01, -2.244674e+00, -8.224589e-01, 1.553046e-09, 4.701524e-10, 4.860822e+01, -3.536255e-02
2.445800e+09, 2.094616e-02, 9.625093e-01, -2.281755e+00, -8.336843e-01, 1.745871e-09, 4.701785e-10, 4.865190e+01, -3.174660e-02
2.449600e+09, 1.928042e-02, 9.625262e-01, -2.323440e+00, -8.449103e-01, 1.991010e-09, 4.702022e-10, 4.869945e+01, -2.814799e-02
2.453400e+09, 1.763318e-02, 9.625401e-01, -2.370977e+00, -8.561369e-01, 2.307594e-09, 4.702233e-10, 4.875084e+01, -2.456843e-02
2.457200e+09, 1.601147e-02, 9.625509e-01, -2.426074e+00, -8.673640e-01, 2.723122e-09, 4.702418e-10, 4.880609e+01, -2.100963e-02
2.461000e+09, 1.442526e-02, 9.625586e-01, -2.491091e+00, -8.785915e-01, 3.276995e-09, 4.702578e-10, 4.886518e+01, -1.747331e-02
2.464800e+09, 1.288909e-02, 9.625633e-01, -2.569333e+00, -8.898195e-01, 4.024093e-09, 4.702712e-10, 4.892811e+01, -1.396115e-02
2.468600e+09, 1.142467e-02, 9.625649e-01, -2.665413e+00, -9.010477e-01, 5.034294e-09, 4.702820e-10, 4.899486e+01, -1.047483e-02
2.472400e+09, 1.006492e-02, 9.625635e-01, -2.785612e+00, -9.122762e-01, 6.374114e-09, 4.702902e-10, 4.906544e+01, -7.016037e-03
2.476200e+09, 8.859784e-03, 9.625590e-01, -2.937801e+00, -9.235049e-01, 8.036899e-09, 4.702959e-10, 4.913982e+01, -3.586421e-03
2.480000e+09, 7.882162e-03, 9.625514e-01, -3.129691e+00, -9.347337e-01, 9.785274e-09, 4.702989e-10, 4.921800e+01, -1.876294e-04
2.483800e+09, 7.226600e-03, 9.625407e-01, 2.919860e+00, -9.459626e-01, 1.101633e-08, 4.702994e-10, 4.929997e+01, 3.178704e-03
2.487600e+09, 6.985834e-03, 9.625270e-01, 2.656833e+00, -9.571916e-01, 1.106111e-08, 4.702973e-10, 4.938571e+01, 6.510963e-03
2.491400e+09, 7.202803e-03, 9.625101e-01, 2.392737e+00, -9.684204e-01, 9.891468e-09, 4.702926e-10, 4.947520e+01, 9.807546e-03
2.495200e+09, 7.840531e-03, 9.624902e-01, 2.156567e+00, -9.796492e-01, 8.155270e-09, 4.702853e-10, 4.956843e+01, 1.306687e-02
2.499000e+09, 8.808770e-03, 9.624672e-01, 1.961851e+00, -9.908778e-01, 6.476284e-09, 4.702754e-10, 4.966539e+01, 1.628737e-02
2.502800e+09, 1.001254e-02, 9.624412e-01, 1.807223e+00, -1.002106e+00, 5.113897e-09, 4.702630e-10, 4.976605e+01, 1.946750e-02
2.506600e+09, 1.137760e-02, 9.624120e-01, 1.685123e+00, -1.013334e+00, 4.084171e-09, 4.702480e-10, 4.987039e+01, 2.260573e-02
2.510400e+09, 1.285280e-02, 9.623799e-01, 1.587609e+00, -1.024562e+00, 3.322429e-09, 4.702304e-10, 4.997840e+01, 2.570055e-02
2.514200e+09, 1.440436e-02, 9.623446e-01, 1.508282e+00, -1.035789e+00, 2.758120e-09, 4.702102e-10, 5.009005e+01, 2.875048e-02
2.518000e+09, 1.601002e-02, 9.623063e-01, 1.442429e+00, -1.047016e+00, 2.335267e-09, 4.701875e-10, 5.020532e+01, 3.175406e-02
2.521800e+09, 1.765490e-02, 9.622650e-01, 1.386672e+00, -1.058242e+00, 2.013549e-09, 4.701623e-10, 5.032419e+01, 3.470983e-02
2.525600e+09, 1.932878e-02, 9.622207e-01, 1.338596e+00, -1.069468e+00, 1.764799e-09, 4.701345e-10, 5.044662e+01, 3.761639e-02
2.529400e+09, 2.102448e-02, 9.621734e-01, 1.296460e+00, -1.080693e+00, 1.569425e-09, 4.701042e-10, 5.057260e+01, 4.047233e-02
2.533200e+09, 2.273683e-02, 9.621230e-01, 1.258988e+00, -1.091917e+00, 1.413699e-09, 4.700714e-10, 5.070209e+01, 4.327628e-02
2.537000e+09, 2.446200e-02, 9.620697e-01, 1.225234e+00, -1.103141e+00, 1.287884e-09, 4.700360e-10, 5.083507e+01, 4.602689e-02
2.540800e+09, 2.619710e-02, 9.620134e-01, 1.194485e+00, -1.114363e+00, 1.184970e-09, 4.699982e-10, 5.097150e+01, 4.872285e-02
2.544600e+09, 2.793988e-02, 9.619542e-01, 1.166192e+00, -1.125585e+00, 1.099840e-09, 4.699579e-10, 5.111136e+01, 5.136285e-02
2.548400e+09, 2.968860e-02, 9.618920e-01, 1.139932e+00, -1.136806e+00, 1.028699e-09, 4.699151e-10, 5.125461e+01, 5.394563e-02
2.552200e+09, 3.144181e-02, 9.618270e-01, 1.115371e+00, -1.148025e+00, 9.686967e-10, 4.698699e-10, 5.140121e+01, 5.646993e-02
2.556000e+09, 3.319837e-02, 9.617590e-01, 1.092242e+00, -1.159244e+00, 9.176601e-10, 4.698223e-10, 5.155114e+01, 5.893453e-02
2.559800e+09, 3.495729e-02, 9.616882e-01, 1.070332e+00, -1.170462e+00, 8.739154e-10, 4.697722e-10, 5.170435e+01, 6.133825e-02
2.563600e+09, 3.671776e-02, 9.616145e-01, 1.049466e+00, -1.181678e+00, 8.361568e-10, 4.697198e-10, 5.186081e+01, 6.367992e-02
2.567400e+09, 3.847908e-02, 9.615380e-01, 1.029502e+00, -1.192893e+00, 8.033549e-10, 4.696650e-10, 5.202048e+01, 6.595840e-02
2.571200e+09, 4.024062e-02, 9.614587e-01, 1.010321e+00, -1.204107e+00, 7.746904e-10, 4.696078e-10, 5.218331e+01, 6.817258e-02
2.575000e+09, 4.200185e-02, 9.613766e-01, 9.918246e-01, -1.215319e+00, 7.495047e-10, 4.695483e-10, 5.234927e+01, 7.032137e-02
2.578800e+09, 4.376227e-02, 9.612918e-01, 9.739293e-01, -1.226530e+00, 7.272644e-10, 4.694865e-10, 5.251832e+01, 7.240372e-02
2.582600e+09, 4.552146e-02, 9.612043e-01, 9.565651e-01, -1.237740e+00, 7.075337e-10, 4.694224e-10, 5.269040e+01, 7.441861e-02
2.586400e+09, 4.727900e-02, 9.611141e-01, 9.396719e-01, -1.248948e+00, 6.899538e-10, 4.693561e-10, 5.286547e+01, 7.636503e-02
2.590200e+09, 4.903454e-02, 9.610212e-01, 9.231985e-01, -1.260154e+00, 6.742276e-10, 4.692875e-10, 5.304349e+01, 7.824201e-02
2.594000e+09, 5.078773e-02, 9.609257e-01, 9.071006e-01, -1.271359e+00, 6.601072e-10, 4.692167e-10, 5.322440e+01, 8.004861e-02
2.597800e+09, 5.253824e-02, 9.608276e-01, 8.913398e-01, -1.282562e+00, 6.473845e-10, 4.691437e-10, 5.340816e+01, 8.178392e-02
2.601600e+09, 5.428578e-02, 9.607270e-01, 8.758828e-01, -1.293763e+00, 6.358841e-10, 4.690686e-10, 5.359472e+01, 8.344705e-02
2.605400e+09, 5.603005e-02, 9.606238e-01, 8.607003e-01, -1.304963e+00, 6.254568e-10, 4.689913e-10, 5.378401e+01, 8.503714e-02
2.609200e+09, 5.777080e-02, 9.605181e-01, 8.457669e-01, -1.316160e+00, 6.159757e-10, 4.689120e-10, 5.397599e+01, 8.655337e-02
2.613000e+09, 5.950775e-02, 9.604100e-01, 8.310598e-01, -1.327356e+00, 6.073319e-10, 4.688305e-10, 5.417061e+01, 8.799493e-02
2.616800e+09, 6.124065e-02, 9.602994e-01, 8.165591e-01, -1.338550e+00, 5.994317e-10, 4.687471e-10, 5.436779e+01, 8.936106e-02
2.620600e+09, 6.296927e-02, 9.601865e-01, 8.022470e-01, -1.349742e+00, 5.921942e-10, 4.686616e-10, 5.456749e+01, 9.065100e-02
2.624400e+09, 6.469337e-02, 9.600713e-01, 7.881077e-01, -1.360932e+00, 5.855492e-10, 4.685742e-10, 5.476964e+01, 9.186406e-02
2.628200e+09, 6.641271e-02, 9.599537e-01, 7.741270e-01, -1.372119e+00, 5.794353e-10, 4.684848e-10, 5.497418e+01, 9.299954e-02
2.632000e+09, 6.812709e-02, 9.598339e-01, 7.602924e-01, -1.383305e+00, 5.737991e-10, 4.683936e-10, 5.518105e+01, 9.405679e-02
2.635800e+09, 6.983628e-02, 9.597118e-01, 7.465923e-01, -1.394488e+00, 5.685936e-10, 4.683005e-10, 5.539018e+01, 9.503518e-02
2.639600e+09, 7.154008e-02, 9.595876e-01, 7.330165e-01, -1.405670e+00, 5.637776e-10, 4.682055e-10, 5.560150e+01, 9.593411e-02
2.643400e+09, 7.323828e-02, 9.594613e-01, 7.195557e-01, -1.416849e+00, 5.593145e-10, 4.681087e-10, 5.581495e+01, 9.675301e-02
2.647200e+09, 7.493067e-02, 9.593328e-01, 7.062014e-01, -1.428025e+00, 5.551721e-10, 4.680102e-10, 5.603046e+01, 9.749134e-02
2.651000e+09, 7.661706e-02, 9.592023e-01, 6.929461e-01, -1.439199e+00, 5.513217e-10, 4.679100e-10, 5.624794e+01, 9.814859e-02
2.654800e+09, 7.829725e-02, 9.590698e-01, 6.797827e-01, -1.450371e+00, 5.477377e-10, 4.678081e-10, 5.646734e+01, 9.872427e-02
2.658600e+09, 7.997106e-02, 9.589354e-01, 6.667048e-01, -1.461541e+00, 5.443975e-10, 4.677046e-10, 5.668856e+01, 9.921794e-02
2.662400e+09, 8.163829e-02, 9.587991e-01, 6.537067e-01, -1.472708e+00, 5.412806e-10, 4.675994e-10, 5.691155e+01, 9.962916e-02
2.666200e+09, 8.329876e-02, 9.586609e-01, 6.407831e-01, -1.483872e+00, 5.383688e-10, 4.674927e-10, 5.713620e+01, 9.995754e-02
2.670000e+09, 8.495229e-02, 9.585209e-01, 6.279289e-01, -1.495034e+00, 5.356455e-10, 4.673845e-10, 5.736245e+01, 1.002027e-01
2.673800e+09, 8.659870e-02, 9.583791e-01, 6.151398e-01, -1.506193e+00, 5.330961e-10, 4.672748e-10, 5.759022e+01, 1.003643e-01
2.677600e+09, 8.823780e-02, 9.582356e-01, 6.024115e-01, -1.517350e+00, 5.307072e-10, 4.671637e-10, 5.781941e+01, 1.004421e-01
2.681400e+09, 8.986943e-02, 9.580905e-01, 5.897403e-01, -1.528504e+00, 5.284667e-10, 4.670512e-10, 5.804994e+01, 1.004357e-01
2.685200e+09, 9.149341e-02, 9.579437e-01, 5.771226e-01, -1.539655e+00, 5.263636e-10, 4.669373e-10, 5.828172e+01, 1.003450e-01
2.689000e+09, 9.310957e-02, 9.577954e-01, 5.645551e-01, -1.550804e+00, 5.243881e-10, 4.668221e-10, 5.851466e+01, 1.001696e-01
2.692800e+09, 9.471775e-02, 9.576456e-01, 5.520347e-01, -1.561950e+00, 5.225310e-10, 4.667057e-10, 5.874867e+01, 9.990948e-02
2.696600e+09, 9.631777e-02, 9.574944e-01, 5.395587e-01, -1.573093e+00, 5.207843e-10, 4.665881e-10, 5.898365e+01, 9.956437e-02
2.700400e+09, 9.790947e-02, 9.573417e-01, 5.271244e-01, -1.584233e+00, 5.191403e-10, 4.664693e-10, 5.921952e+01, 9.913417e-02
2.704200e+09, 9.949269e-02, 9.571877e-01, 5.147294e-01, -1.595371e+00, 5.175923e-10, 4.663493e-10, 5.945616e+01, 9.861879e-02
2.708000e+09, 1.010673e-01, 9.570324e-01, 5.023713e-01, -1.606505e+00, 5.161339e-10, 4.662283e-10, 5.969348e+01, 9.801814e-02
2.711800e+09, 1.026330e-01, 9.568759e-01, 4.900480e-01, -1.617637e+00, 5.147594e-10, 4.661063e-10, 5.993138e+01, 9.733220e-02
2.715600e+09, 1.041899e-01, 9.567182e-01, 4.777576e-01, -1.628766e+00, 5.134636e-10, 4.659832e-10, 6.016976e+01, 9.656095e-02
2.719400e+09, 1.057376e-01, 9.565594e-01, 4.654981e-01, -1.639892e+00, 5.122416e-10, 4.658593e-10, 6.040850e+01, 9.570442e-02
2.723200e+09, 1.072760e-01, 9.563995e-01, 4.532677e-01, -1.651015e+00, 5.110890e-10, 4.657344e-10, 6.064750e+01, 9.476267e-02
2.727000e+09, 1.088050e-01, 9.562385e-01, 4.410649e-01, -1.662135e+00, 5.100016e-10, 4.656087e-10, 6.088665e+01, 9.373576e-02
2.730800e+09, 1.103245e-01, 9.560767e-01, 4.288881e-01, -1.673252e+00, 5.089757e-10, 4.654823e-10, 6.112585e+01, 9.262384e-02
2.734600e+09, 1.118342e-01, 9.559139e-01, 4.167357e-01, -1.684366e+00, 5.080078e-10, 4.653550e-10, 6.136497e+01, 9.142704e-02
2.738400e+09, 1.133341e-01, 9.557503e-01, 4.046065e-01, -1.695476e+00, 5.070946e-10, 4.652271e-10, 6.160390e+01, 9.014555e-02
2.742200e+09, 1.148239e-01, 9.555859e-01, 3.924990e-01, -1.706584e+00, 5.062333e-10, 4.650985e-10, 6.184252e+01, 8.877959e-02
2.746000e+09, 1.163036e-01, 9.554208e-01, 3.804121e-01, -1.717689e+00, 5.054209e-10, 4.649694e-10, 6.208072e+01, 8.732940e-02
2.749800e+09, 1.177730e-01, 9.552550e-01, 3.683447e-01, -1.728791e+00, 5.046551e-10, 4.648397e-10, 6.231837e+01, 8.579527e-02
2.753600e+09, 1.192320e-01, 9.550886e-01, 3.562955e-01, -1.739889e+00, 5.039333e-10, 4.647094e-10, 6.255536e+01, 8.417751e-02
2.757400e+09, 1.206804e-01, 9.549216e-01, 3.442635e-01, -1.750985e+00, 5.032534e-10, 4.645788e-10, 6.279155e+01, 8.247648e-02
2.761200e+09, 1.221181e-01, 9.547541e-01, 3.322478e-01, -1.762077e+00, 5.026134e-10, 4.644477e-10, 6.302683e+01, 8.069257e-02
2.765000e+09, 1.235449e-01, 9.545863e-01, 3.202473e-01, -1.773166e+00, 5.020114e-10, 4.643163e-10, 6.326106e+01, 7.882619e-02
2.768800e+09, 1.249608e-01, 9.544180e-01, 3.082612e-01, -1.784252e+00, 5.014455e-10, 4.641846e-10, 6.349412e+01, 7.687780e-02
2.772600e+09, 1.263655e-01, 9.542494e-01, 2.962887e-01, -1.795335e+00, 5.009141e-10, 4.640526e-10, 6.372588e+01, 7.484789e-02
2.776400e+09, 1.277590e-01, 9.540806e-01, 2.843288e-01, -1.806415e+00, 5.004157e-10, 4.639204e-10, 6.395620e+01, 7.273700e-02
2.780200e+09, 1.291412e-01, 9.539115e-01, 2.723808e-01, -1.817491e+00, 4.999489e-10, 4.637881e-10, 6.418495e+01, 7.054568e-02
2.784000e+09, 1.305118e-01, 9.537423e-01, 2.604440e-01, -1.828565e+00, 4.995123e-10, 4.636556e-10, 6.441200e+01, 6.827455e-02
2.787800e+09, 1.318708e-01, 9.535730e-01, 2.485176e-01, -1.839635e+00, 4.991047e-10, 4.635232e-10, 6.463722e+01, 6.592424e-02
2.791600e+09, 1.332181e-01, 9.534038e-01, 2.366009e-01, -1.850702e+00, 4.987250e-10, 4.633907e-10, 6.486046e+01, 6.349542e-02
2.795400e+09, 1.345534e-01, 9.532345e-01, 2.246933e-01, -1.861766e+00, 4.983719e-10, 4.632582e-10, 6.508159e+01, 6.098882e-02
2.799200e+09, 1.358768e-01, 9.530653e-01, 2.127941e-01, -1.872827e+00, 4.980446e-10, 4.631258e-10, 6.530047e+01, 5.840518e-02
2.803000e+09, 1.371881e-01, 9.528963e-01, 2.009027e-01, -1.883885e+00, 4.977420e-10, 4.629936e-10, 6.551696e+01, 5.574530e-02
2.806800e+09, 1.384871e-01, 9.527275e-01, 1.890186e-01, -1.894939e+00, 4.974633e-10, 4.628616e-10, 6.573093e+01, 5.301000e-02
2.810600e+09, 1.397738e-01, 9.525590e-01, 1.771411e-01, -1.905991e+00, 4.972076e-10, 4.627298e-10, 6.594224e+01, 5.020017e-02
2.814400e+09, 1.410480e-01, 9.523907e-01, 1.652697e-01, -1.917039e+00, 4.969742e-10, 4.625983e-10, 6.615073e+01, 4.731670e-02
2.818200e+09, 1.423097e-01, 9.522229e-01, 1.534039e-01, -1.928084e+00, 4.967623e-10, 4.624672e-10, 6.635628e+01, 4.436054e-02
2.822000e+09, 1.435586e-01, 9.520555e-01, 1.415432e-01, -1.939126e+00, 4.965712e-10, 4.623364e-10, 6.655874e+01, 4.133268e-02
2.825800e+09, 1.447948e-01, 9.518886e-01, 1.296870e-01, -1.950165e+00, 4.964004e-10, 4.622061e-10, 6.675797e+01, 3.823416e-02
2.829600e+09, 1.460180e-01, 9.517223e-01, 1.178349e-01, -1.961200e+00, 4.962491e-10, 4.620763e-10, 6.695384e+01, 3.506602e-02
2.833400e+09, 1.472282e-01, 9.515566e-01, 1.059864e-01, -1.972233e+00, 4.961169e-10, 4.619470e-10, 6.714619e+01, 3.182939e-02
2.837200e+09, 1.484253e-01, 9.513915e-01, 9.414106e-02, -1.983262e+00, 4.960032e-10, 4.618182e-10, 6.733490e+01, 2.852541e-02
2.841000e+09, 1.496091e-01, 9.512272e-01, 8.229843e-02, -1.994289e+00, 4.959075e-10, 4.616901e-10, 6.751981e+01, 2.515526e-02
2.844800e+09, 1.507796e-01, 9.510637e-01, 7.045809e-02, -2.005312e+00, 4.958294e-10, 4.615627e-10, 6.770081e+01, 2.172017e-02
2.848600e+09, 1.519367e-01, 9.509010e-01, 5.861962e-02, -2.016332e+00, 4.957684e-10, 4.614360e-10, 6.787774e+01, 1.822140e-02
2.852400e+09, 1.530802e-01, 9.507392e-01, 4.678260e-02, -2.027350e+00, 4.957241e-10, 4.613100e-10, 6.805047e+01, 1.466027e-02
2.856200e+09, 1.542101e-01, 9.505783e-01, 3.494664e-02, -2.038364e+00, 4.956962e-10, 4.611849e-10, 6.821887e+01, 1.103811e-02
2.860000e+09, 1.553262e-01, 9.504185e-01, 2.311134e-02, -2.049375e+00, 4.956842e-10, 4.610606e-10, 6.838280e+01, 7.356307e-03
2.863800e+09, 1.564285e-01, 9.502597e-01, 1.127634e-02, -2.060384e+00, 4.956879e-10, 4.609372e-10, 6.854213e+01, 3.616282e-03
2.867600e+09, 1.575169e-01, 9.501020e-01, -5.587587e-04, -2.071389e+00, 4.957069e-10, 4.608148e-10, 6.869674e+01, -1.805065e-04
2.871400e+09, 1.585913e-01, 9.499455e-01, -1.239431e-02, -2.082391e+00, 4.957409e-10, 4.606933e-10, 6.884650e+01, -4.032560e-03
2.875200e+09, 1.596515e-01, 9.497902e-01, -2.423067e-02, -2.093391e+00, 4.957898e-10, 4.605729e-10, 6.899127e+01, -7.938345e-03
2.879000e+09, 1.606976e-01, 9.496362e-01, -3.606820e-02, -2.104388e+00, 4.958531e-10, 4.604536e-10, 6.913094e+01, -1.189629e-02
2.882800e+09, 1.617293e-01, 9.494835e-01, -4.790724e-02, -2.115382e+00, 4.959307e-10, 4.603354e-10, 6.926540e+01, -1.590479e-02
2.886600e+09, 1.627467e-01, 9.493322e-01, -5.974813e-02, -2.126373e+00, 4.960224e-10, 4.602183e-10, 6.939451e+01, -1.996220e-02
2.890400e+09, 1.637496e-01, 9.491823e-01, -7.159121e-02, -2.137361e+00, 4.961279e-10, 4.601025e-10, 6.951817e+01, -2.406685e-02
2.894200e+09, 1.647380e-01, 9.490338e-01, -8.343682e-02, -2.148346e+00, 4.962471e-10, 4.599879e-10, 6.963627e+01, -2.821702e-02
2.898000e+09, 1.657117e-01, 9.488869e-01, -9.528527e-02, -2.159329e+00, 4.963798e-10, 4.598746e-10, 6.974869e+01, -3.241097e-02
2.901800e+09, 1.666707e-01, 9.487416e-01, -1.071369e-01, -2.170309e+00, 4.965259e-10, 4.597626e-10, 6.985535e+01, -3.664693e-02
2.905600e+09, 1.676149e-01, 9.485979e-01, -1.189920e-01, -2.181286e+00, 4.966851e-10, 4.596520e-10, 6.995613e+01, -4.092309e-02
2.909400e+09, 1.685442e-01, 9.484559e-01, -1.308509e-01, -2.192261e+00, 4.968573e-10, 4.595428e-10, 7.005094e+01, -4.523761e-02
2.913200e+09, 1.694585e-01, 9.483155e-01, -1.427139e-01, -2.203233e+00, 4.970424e-10, 4.594350e-10, 7.013968e+01, -4.958864e-02
2.917000e+09, 1.703579e-01, 9.481770e-01, -1.545813e-01, -2.214203e+00, 4.972403e-10, 4.593288e-10, 7.022228e+01, -5.397427e-02
2.920800e+09, 1.712421e-01, 9.480402e-01, -1.664535e-01, -2.225170e+00, 4.974510e-10, 4.592240e-10, 7.029865e+01, -5.839259e-02
2.924600e+09, 1.721111e-01, 9.479054e-01, -1.783307e-01, -2.236134e+00, 4.976742e-10, 4.591209e-10, 7.036870e+01, -6.284166e-02
2.928400e+09, 1.729649e-01, 9.477724e-01, -1.902132e-01, -2.247096e+00, 4.979099e-10, 4.590193e-10, 7.043237e+01, -6.731951e-02
2.932200e+09, 1.738034e-01, 9.476413e-01, -2.021014e-01, -2.258056e+00, 4.981580e-10, 4.589194e-10, 7.048959e+01, -7.182415e-02
2.936000e+09, 1.746264e-01, 9.475122e-01, -2.139954e-01, -2.269013e+00, 4.984185e-10, 4.588211e-10, 7.054029e+01, -7.635357e-02
2.939800e+09, 1.754341e-01, 9.473852e-01, -2.258957e-01, -2.279968e+00, 4.986912e-10, 4.587245e-10, 7.058442e+01, -8.090574e-02
2.943600e+09, 1.762261e-01, 9.472602e-01, -2.378025e-01, -2.290920e+00, 4.989763e-10, 4.586297e-10, 7.062192e+01, -8.547861e-02
2.947400e+09, 1.770026e-01, 9.471374e-01, -2.497161e-01, -2.301871e+00, 4.992735e-10, 4.585366e-10, 7.065274e+01, -9.007012e-02
2.951200e+09, 1.777635e-01, 9.470167e-01, -2.616368e-01, -2.312819e+00, 4.995828e-10, 4.584454e-10, 7.067684e+01, -9.467819e-02
2.955000e+09, 1.785086e-01, 9.468982e-01, -2.735649e-01, -2.323765e+00, 4.999043e-10, 4.583560e-10, 7.069418e+01, -9.930073e-02
2.958800e+09, 1.792379e-01, 9.467819e-01, -2.855007e-01, -2.334708e+00, 5.002380e-10, 4.582685e-10, 7.070474e+01, -1.039356e-01
2.962600e+09, 1.799514e-01, 9.466679e-01, -2.974444e-01, -2.345650e+00, 5.005837e-10, 4.581828e-10, 7.070848e+01, -1.085808e-01
2.966400e+09, 1.806490e-01, 9.465562e-01, -3.093964e-01, -2.356590e+00, 5.009414e-10, 4.580991e-10, 7.070539e+01, -1.132341e-01
2.970200e+09, 1.813307e-01, 9.464468e-01, -3.213570e-01, -2.367527e+00, 5.013113e-10, 4.580174e-10, 7.069545e+01, -1.178934e-01
2.974000e+09, 1.819963e-01, 9.463398e-01, -3.333263e-01, -2.378463e+00, 5.016932e-10, 4.579376e-10, 7.067865e+01, -1.225566e-01
2.977800e+09, 1.826459e-01, 9.462352e-01, -3.453048e-01, -2.389397e+00, 5.020872e-10, 4.578599e-10, 7.065500e+01, -1.272215e-01
2.981600e+09, 1.832793e-01, 9.461330e-01, -3.572927e-01, -2.400329e+00, 5.024934e-10, 4.577842e-10, 7.062449e+01, -1.318860e-01
2.985400e+09, 1.838966e-01, 9.460333e-01, -3.692903e-01, -2.411259e+00, 5.029116e-10, 4.577106e-10, 7.058713e+01, -1.365480e-01
2.989200e+09, 1.844977e-01, 9.459362e-01, -3.812978e-01, -2.422187e+00, 5.033420e-10, 4.576391e-10, 7.054294e+01, -1.412053e-01
2.993000e+09, 1.850825e-01, 9.458415e-01, -3.933157e-01, -2.433114e+00, 5.037846e-10, 4.575697e-10, 7.049193e+01, -1.458558e-01
2.996800e+09, 1.856510e-01, 9.457495e-01, -4.053441e-01, -2.444039e+00, 5.042394e-10, 4.575025e-10, 7.043414e+01, -1.504974e-01
3.000600e+09, 1.862032e-01, 9.456600e-01, -4.173834e-01, -2.454962e+00, 5.047065e-10, 4.574374e-10, 7.036959e+01, -1.551279e-01
3.004400e+09, 1.867389e-01, 9.455731e-01, -4.294338e-01, -2.465884e+00, 5.051858e-10, 4.573746e-10, 7.029833e+01, -1.597453e-01
3.008200e+09, 1.872582e-01, 9.454889e-01, -4.414957e-01, -2.476804e+00, 5.056776e-10, 4.573139e-10, 7.022039e+01, -1.643475e-01
3.012000e+09, 1.877611e-01, 9.454074e-01, -4.535693e-01, -2.487723e+00, 5.061818e-10, 4.572555e-10, 7.013582e+01, -1.689324e-01
3.015800e+09, 1.882474e-01, 9.453286e-01, -4.656549e-01, -2.498641e+00, 5.066984e-10, 4.571994e-10, 7.004468e+01, -1.734978e-01
3.019600e+09, 1.887171e-01, 9.452525e-01, -4.777529e-01, -2.509557e+00, 5.072277e-10, 4.571455e-10, 6.994702e+01, -1.780418e-01
3.023400e+09, 1.891703e-01, 9.451791e-01, -4.898635e-01, -2.520471e+00, 5.077695e-10, 4.570939e-10, 6.984291e+01, -1.825623e-01
3.027200e+09, 1.896068e-01, 9.451085e-01, -5.019871e-01, -2.531385e+00, 5.083241e-10, 4.570447e-10, 6.973241e+01, -1.870573e-01
3.031000e+09, 1.900266e-01, 9.450407e-01, -5.141239e-01, -2.542298e+00, 5.088915e-10, 4.569978e-10, 6.961561e+01, -1.915247e-01
3.034800e+09, 1.904298e-01, 9.449758e-01, -5.262742e-01, -2.553209e+00, 5.094718e-10, 4.569532e-10, 6.949257e+01, -1.959627e-01
3.038600e+09, 1.908162e-01, 9.449136e-01, -5.384384e-01, -2.564119e+00, 5.100650e-10, 4.569110e-10, 6.936338e+01, -2.003692e-01
3.042400e+09, 1.911859e-01, 9.448543e-01, -5.506168e-01, -2.575028e+00, 5.106714e-10, 4.568712e-10, 6.922813e+01, -2.047423e-01
3.046200e+09, 1.915388e-01, 9.447979e-01, -5.628096e-01, -2.585937e+00, 5.112909e-10, 4.568338e-10, 6.908690e+01, -2.090801e-01
3.050000e+09, 1.918749e-01, 9.447444e-01, -5.750173e-01, -2.596844e+00, 5.119238e-10, 4.567988e-10, 6.893980e+01, -2.133807e-01
3.053800e+09, 1.921942e-01, 9.446937e-01, -5.872400e-01, -2.607751e+00, 5.125701e-10, 4.567662e-10, 6.878692e+01, -2.176423e-01
3.057600e+09, 1.924966e-01, 9.446460e-01, -5.994782e-01, -2.618657e+00, 5.132299e-10, 4.567361e-10, 6.862836e+01, -2.218630e-01
3.061400e+09, 1.927821e-01, 9.446012e-01, -6.117321e-01, -2.629562e+00, 5.139035e-10, 4.567083e-10, 6.846423e+01, -2.260410e-01
3.065200e+09, 1.930508e-01, 9.445593e-01, -6.240021e-01, -2.640466e+00, 5.145908e-10, 4.566831e-10, 6.829464e+01, -2.301745e-01
3.069000e+09, 1.933025e-01, 9.445204e-01, -6.362886e-01, -2.651370e+00, 5.152921e-10, 4.566603e-10, 6.811969e+01, -2.342618e-01
3.072800e+09, 1.935373e-01, 9.444844e-01, -6.485917e-01, -2.662273e+00, 5.160075e-10, 4.566400e-10, 6.793952e+01, -2.383012e-01
3.076600e+09, 1.937551e-01, 9.444514e-01, -6.609120e-01, -2.673176e+00, 5.167372e-10, 4.566222e-10, 6.775422e+01, -2.422910e-01
3.080400e+09, 1.939560e-01, 9.444214e-01, -6.732497e-01, -2.684078e+00, 5.174812e-10, 4.566068e-10, 6.756394e+01, -2.462296e-01
3.084200e+09, 1.941400e-01, 9.443944e-01, -6.856051e-01, -2.694980e+00, 5.182399e-10, 4.565939e-10, 6.736877e+01, -2.501153e-01
3.088000e+09, 1.943069e-01, 9.443704e-01, -6.979786e-01, -2.705882e+00, 5.190133e-10, 4.565836e-10, 6.716886e+01, -2.539465e-01
3.091800e+09, 1.944569e-01, 9.443493e-01, -7.103707e-01, -2.716783e+00, 5.198016e-10, 4.565757e-10, 6.696433e+01, -2.577217e-01
3.095600e+09, 1.945899e-01, 9.443313e-01, -7.227815e-01, -2.727685e+00, 5.206050e-10, 4.565703e-10, 6.675531e+01, -2.614394e-01
3.099400e+09, 1.947059e-01, 9.443162e-01, -7.352115e-01, -2.738586e+00, 5.214238e-10, 4.565675e-10, 6.654192e+01, -2.650981e-01
3.103200e+09, 1.948049e-01, 9.443042e-01, -7.476611e-01, -2.749487e+00, 5.222580e-10, 4.565671e-10, 6.632430e+01, -2.686963e-01
3.107000e+09, 1.948869e-01, 9.442952e-01, -7.601306e-01, -2.760388e+00, 5.231080e-10, 4.565692e-10, 6.610259e+01, -2.722327e-01
3.110800e+09, 1.949519e-01, 9.442891e-01, -7.726203e-01, -2.771289e+00, 5.239738e-10, 4.565739e-10, 6.587691e+01, -2.757058e-01
3.114600e+09, 1.949999e-01, 9.442861e-01, -7.851308e-01, -2.782190e+00, 5.248559e-10, 4.565810e-10, 6.564740e+01, -2.791143e-01
3.118400e+09, 1.950310e-01, 9.442860e-01, -7.976623e-01, -2.793091e+00, 5.257542e-10, 4.565906e-10, 6.541420e+01, -2.824569e-01
3.122200e+09, 1.950450e-01, 9.442890e-01, -8.102153e-01, -2.803993e+00, 5.266692e-10, 4.566028e-10, 6.517745e+01, -2.857322e-01
3.126000e+09, 1.950421e-01, 9.442949e-01, -8.227901e-01, -2.814895e+00, 5.276011e-10, 4.566174e-10, 6.493727e+01, -2.889392e-01
3.129800e+09, 1.950222e-01, 9.443039e-01, -8.353871e-01, -2.825797e+00, 5.285500e-10, 4.566345e-10, 6.469381e+01, -2.920765e-01
3.133600e+09, 1.949853e-01, 9.443158e-01, -8.480069e-01, -2.836700e+00, 5.295163e-10, 4.566541e-10, 6.444721e+01, -2.951430e-01
3.137400e+09, 1.949316e-01, 9.443307e-01, -8.606496e-01, -2.847603e+00, 5.305003e-10, 4.566761e-10, 6.419760e+01, -2.981376e-01
3.141200e+09, 1.948609e-01, 9.443485e-01, -8.733159e-01, -2.858507e+00, 5.315022e-10, 4.567006e-10, 6.394511e+01, -3.010591e-01
3.145000e+09, 1.947733e-01, 9.443693e-01, -8.860061e-01, -2.869411e+00, 5.325222e-10, 4.567276e-10, 6.368989e+01, -3.039064e-01
3.148800e+09, 1.946688e-01, 9.443930e-01, -8.987207e-01, -2.880316e+00, 5.335608e-10, 4.567570e-10, 6.343207e+01, -3.066786e-01
3.152600e+09, 1.945474e-01, 9.444197e-01, -9.114600e-01, -2.891221e+00, 5.346182e-10, 4.567888e-10, 6.317179e+01, -3.093746e-01
3.156400e+09, 1.944092e-01, 9.444492e-01, -9.242246e-01, -2.902128e+00, 5.356948e-10, 4.568231e-10, 6.290918e+01, -3.119934e-01
3.160200e+09, 1.942543e-01, 9.444817e-01, -9.370149e-01, -2.913035e+00, 5.367908e-10, 4.568598e-10, 6.264437e+01, -3.145342e-01
3.164000e+09, 1.940825e-01, 9.445170e-01, -9.498314e-01, -2.923943e+00, 5.379066e-10, 4.568988e-10, 6.237750e+01, -3.169959e-01
3.167800e+09, 1.938940e-01, 9.445552e-01, -9.626745e-01, -2.934852e+00, 5.390426e-10, 4.569402e-10, 6.210870e+01, -3.193777e-01
3.171600e+09, 1.936887e-01, 9.445963e-01, -9.755448e-01, -2.945762e+00, 5.401991e-10, 4.569840e-10, 6.183811e+01, -3.216787e-01
3.175400e+09, 1.934668e-01, 9.446402e-01, -9.884426e-01, -2.956673e+00, 5.413766e-10, 4.570301e-10, 6.156585e+01, -3.238982e-01
3.179200e+09, 1.932282e-01, 9.446869e-01, -1.001369e+00, -2.967585e+00, 5.425753e-10, 4.570786e-10, 6.129205e+01, -3.260354e-01
3.183000e+09, 1.929731e-01, 9.447364e-01, -1.014323e+00, -2.978498e+00, 5.437958e-10, 4.571294e-10, 6.101683e+01, -3.280894e-01
3.186800e+09, 1.927013e-01, 9.447887e-01, -1.027307e+00, -2.989413e+00, 5.450384e-10, 4.571824e-10, 6.074034e+01, -3.300596e-01
3.190600e+09, 1.924130e-01, 9.448437e-01, -1.040320e+00, -3.000328e+00, 5.463035e-10, 4.572377e-10, 6.046268e+01, -3.319452e-01
3.194400e+09, 1.921083e-01, 9.449014e-01, -1.053364e+00, -3.011245e+00, 5.475917e-10, 4.572953e-10, 6.018399e+01, -3.337456e-01
3.198200e+09, 1.917871e-01, 9.449618e-01, -1.066438e+00, -3.022164e+00, 5.489033e-10, 4.573550e-10, 5.990439e+01, -3.354602e-01
3.202000e+09, 1.914496e-01, 9.450249e-01, -1.079544e+00, -3.033084e+00, 5.502389e-10, 4.574170e-10, 5.962399e+01, -3.370882e-01
3.205800e+09, 1.910957e-01, 9.450907e-01, -1.092681e+00, -3.044005e+00, 5.515989e-10, 4.574812e-10, 5.934291e+01, -3.386292e-01
3.209600e+09, 1.907256e-01, 9.451590e-01, -1.105852e+00, -3.054928e+00, 5.529839e-10, 4.575475e-10, 5.906128e+01, -3.400825e-01
3.213400e+09, 1.903392e-01, 9.452300e-01, -1.119055e+00, -3.065852e+00, 5.543944e-10, 4.576159e-10, 5.877921e+01, -3.414476e-01
3.217200e+09, 1.899367e-01, 9.453035e-01, -1.132291e+00, -3.076778e+00, 5.558309e-10, 4.576864e-10, 5.849681e+01, -3.427240e-01
3.221000e+09, 1.895182e-01, 9.453795e-01, -1.145562e+00, -3.087706e+00, 5.572940e-10, 4.577590e-10, 5.821419e+01, -3.439113e-01
3.224800e+09, 1.890835e-01, 9.454581e-01, -1.158868e+00, -3.098636e+00, 5.587843e-10, 4.578336e-10, 5.793147e+01, -3.450088e-01
3.228600e+09, 1.886330e-01, 9.455391e-01, -1.172210e+00, -3.109567e+00, 5.603024e-10, 4.579103e-10, 5.764875e+01, -3.460163e-01
3.232400e+09, 1.881666e-01, 9.456225e-01, -1.185588e+00, -3.120500e+00, 5.618489e-10, 4.579889e-10, 5.736614e+01, -3.469333e-01
3.236200e+09, 1.876843e-01, 9.457084e-01, -1.199003e+00, -3.131435e+00, 5.634244e-10, 4.580694e-10, 5.708375e+01, -3.477593e-01
3.240000e+09, 1.871864e-01, 9.457965e-01, -1.212455e+00, 3.140813e+00, 5.650297e-10, 4.581519e-10, 5.680167e+01, -3.484941e-01
3.243800e+09, 1.866727e-01, 9.458871e-01, -1.225946e+00, 3.129874e+00, 5.666654e-10, 4.582363e-10, 5.652002e+01, -3.491372e-01
3.247600e+09, 1.861435e-01, 9.459799e-01, -1.239476e+00, 3.118934e+00, 5.683323e-10, 4.583225e-10, 5.623889e+01, -3.496885e-01
3.251400e+09, 1.855989e-01, 9.460749e-01, -1.253045e+00, 3.107991e+00, 5.700310e-10, 4.584105e-10, 5.595838e+01, -3.501474e-01
3.255200e+09, 1.850388e-01, 9.461722e-01, -1.266655e+00, 3.097046e+00, 5.717624e-10, 4.585002e-10, 5.567858e+01, -3.505139e-01
3.259000e+09, 1.844634e-01, 9.462717e-01, -1.280307e+00, 3.086098e+00, 5.735272e-10, 4.585918e-10, 5.539960e+01, -3.507876e-01
3.262800e+09, 1.838728e-01, 9.463732e-01, -1.294000e+00, 3.075149e+00, 5.753263e-10, 4.586850e-10, 5.512152e+01, -3.509683e-01
3.266600e+09, 1.832671e-01, 9.464769e-01, -1.307737e+00, 3.064197e+00, 5.771605e-10, 4.587799e-10, 5.484443e+01, -3.510558e-01
3.270400e+09, 1.826464e-01, 9.465826e-01, -1.321517e+00, 3.053243e+00, 5.790306e-10, 4.588764e-10, 5.456843e+01, -3.510499e-01
3.274200e+09, 1.820108e-01, 9.466903e-01, -1.335342e+00, 3.042287e+00, 5.809377e-10, 4.589745e-10, 5.429361e+01, -3.509505e-01
3.278000e+09, 1.813603e-01, 9.468000e-01, -1.349213e+00, 3.031329e+00, 5.828826e-10, 4.590741e-10, 5.402004e+01, -3.507573e-01
3.281800e+09, 1.806952e-01, 9.469116e-01, -1.363130e+00, 3.020368e+00, 5.848663e-10, 4.591752e-10, 5.374783e+01, -3.504704e-01
3.285600e+09, 1.800155e-01, 9.470251e-01, -1.377094e+00, 3.009405e+00, 5.868898e-10, 4.592778e-10, 5.347704e+01, -3.500896e-01
3.289400e+09, 1.793213e-01, 9.471404e-01, -1.391107e+00, 2.998439e+00, 5.889542e-10, 4.593818e-10, 5.320776e+01, -3.496148e-01
3.293200e+09, 1.786127e-01, 9.472575e-01, -1.405169e+00, 2.987471e+00, 5.910605e-10, 4.594871e-10, 5.294007e+01, -3.490460e-01
3.297000e+09, 1.778900e-01, 9.473763e-01, -1.419281e+00, 2.976500e+00, 5.932098e-10, 4.595938e-10, 5.267406e+01, -3.483831e-01
3.300800e+09, 1.771531e-01, 9.474968e-01, -1.433444e+00, 2.965526e+00, 5.954033e-10, 4.597018e-10, 5.240979e+01, -3.476262e-01
3.304600e+09, 1.764022e-01, 9.476190e-01, -1.447660e+00, 2.954551e+00, 5.976422e-10, 4.598110e-10, 5.214735e+01, -3.467753e-01
3.308400e+09, 1.756375e-01, 9.477427e-01, -1.461930e+00, 2.943572e+00, 5.999278e-10, 4.599214e-10, 5.188680e+01, -3.458304e-01
3.312200e+09, 1.748591e-01, 9.478680e-01, -1.476254e+00, 2.932591e+00, 6.022612e-10, 4.600329e-10, 5.162823e+01, -3.447917e-01
3.316000e+09, 1.740672e-01, 9.479947e-01, -1.490633e+00, 2.921607e+00, 6.046439e-10, 4.601454e-10, 5.137170e+01, -3.436592e-01
3.319800e+09, 1.732618e-01, 9.481229e-01, -1.505070e+00, 2.910621e+00, 6.070772e-10, 4.602591e-10, 5.111729e+01, -3.424329e-01
3.323600e+09, 1.724431e-01, 9.482525e-01, -1.519564e+00, 2.899631e+00, 6.095624e-10, 4.603737e-10, 5.086505e+01, -3.411132e-01
3.327400e+09, 1.716113e-01, 9.483834e-01, -1.534118e+00, 2.888640e+00, 6.121012e-10, 4.604892e-10, 5.061508e+01, -3.397002e-01
3.331200e+09, 1.707666e-01, 9.485156e-01, -1.548733e+00, 2.877645e+00, 6.146949e-10, 4.606057e-10, 5.036741e+01, -3.381940e-01
3.335000e+09, 1.699090e-01, 9.486490e-01, -1.563409e+00, 2.866647e+00, 6.173452e-10, 4.607229e-10, 5.012214e+01, -3.365949e-01
3.338800e+09, 1.690388e-01, 9.487836e-01, -1.578149e+00, 2.855647e+00, 6.200537e-10, 4.608410e-10, 4.987931e+01, -3.349032e-01
3.342600e+09, 1.681561e-01, 9.489193e-01, -1.592954e+00, 2.844644e+00, 6.228220e-10, 4.609598e-10, 4.963899e+01, -3.331191e-01
3.346400e+09, 1.672611e-01, 9.490561e-01, -1.607824e+00, 2.833638e+00, 6.256520e-10, 4.610792e-10, 4.940124e+01, -3.312430e-01
3.350200e+09, 1.663539e-01, 9.491939e-01, -1.622762e+00, 2.822629e+00, 6.285453e-10, 4.611993e-10, 4.916613e+01, -3.292752e-01
3.354000e+09, 1.654348e-01, 9.493327e-01, -1.637770e+00, 2.811618e+00, 6.315039e-10, 4.613199e-10, 4.893372e+01, -3.272161e-01
3.357800e+09, 1.645040e-01, 9.494723e-01, -1.652847e+00, 2.800603e+00, 6.345297e-10, 4.614410e-10, 4.870405e+01, -3.250661e-01
3.361600e+09, 1.635615e-01, 9.496128e-01, -1.667998e+00, 2.789586e+00, 6.376246e-10, 4.615626e-10, 4.847720e+01, -3.228256e-01
3.365400e+09, 1.626077e-01, 9.497541e-01, -1.683222e+00, 2.778565e+00, 6.407908e-10, 4.616846e-10, 4.825322e+01, -3.204952e-01
3.369200e+09, 1.616426e-01, 9.498961e-01, -1.698521e+00, 2.767542e+00, 6.440303e-10, 4.618069e-10, 4.803215e+01, -3.180754e-01
3.373000e+09, 1.606666e-01, 9.500388e-01, -1.713898e+00, 2.756516e+00, 6.473453e-10, 4.619295e-10, 4.781407e+01, -3.155666e-01
3.376800e+09, 1.596798e-01, 9.501822e-01, -1.729354e+00, 2.745487e+00, 6.507382e-10, 4.620524e-10, 4.759901e+01, -3.129694e-01
3.380600e+09, 1.586824e-01, 9.503260e-01, -1.744891e+00, 2.734455e+00, 6.542113e-10, 4.621754e-10, 4.738704e+01, -3.102846e-01
3.384400e+09, 1.576747e-01, 9.504704e-01, -1.760511e+00, 2.723420e+00, 6.577670e-10, 4.622985e-10, 4.717821e+01, -3.075126e-01
3.388200e+09, 1.566569e-01, 9.506153e-01, -1.776216e+00, 2.712382e+00, 6.614077e-10, 4.624217e-10, 4.697256e+01, -3.046543e-01
3.392000e+09, 1.556291e-01, 9.507606e-01, -1.792008e+00, 2.701341e+00, 6.651362e-10, 4.625449e-10, 4.677015e+01, -3.017103e-01
3.395800e+09, 1.545917e-01, 9.509061e-01, -1.807889e+00, 2.690298e+00, 6.689550e-10, 4.626680e-10, 4.657102e+01, -2.986814e-01
3.399600e+09, 1.535448e-01, 9.510520e-01, -1.823861e+00, 2.679251e+00, 6.728670e-10, 4.627910e-10, 4.637523e+01, -2.955685e-01
3.403400e+09, 1.524887e-01, 9.511981e-01, -1.839926e+00, 2.668201e+00, 6.768749e-10, 4.629139e-10, 4.618282e+01, -2.923723e-01
3.407200e+09, 1.514237e-01, 9.513444e-01, -1.856087e+00, 2.657149e+00, 6.809818e-10, 4.630365e-10, 4.599384e+01, -2.890937e-01
3.411000e+09, 1.503501e-01, 9.514908e-01, -1.872347e+00, 2.646093e+00, 6.851906e-10, 4.631588e-10, 4.580833e+01, -2.857337e-01
3.414800e+09, 1.492680e-01, 9.516372e-01, -1.888706e+00, 2.635035e+00, 6.895045e-10, 4.632808e-10, 4.562634e+01, -2.822933e-01
3.418600e+09, 1.481777e-01, 9.517837e-01, -1.905169e+00, 2.623973e+00, 6.939267e-10, 4.634024e-10, 4.544791e+01, -2.787734e-01
3.422400e+09, 1.470795e-01, 9.519301e-01, -1.921737e+00, 2.612909e+00, 6.984606e-10, 4.635235e-10, 4.527308e+01, -2.751751e-01
3.426200e+09, 1.459738e-01, 9.520764e-01, -1.938414e+00, 2.601842e+00, 7.031094e-10, 4.636441e-10, 4.510190e+01, -2.714995e-01
3.430000e+09, 1.448607e-01, 9.522225e-01, -1.955201e+00, 2.590772e+00, 7.078768e-10, 4.637642e-10, 4.493441e+01, -2.677478e-01
3.433800e+09, 1.437406e-01, 9.523684e-01, -1.972103e+00, 2.579699e+00, 7.127663e-10, 4.638836e-10, 4.477065e+01, -2.639211e-01
3.437600e+09, 1.426138e-01, 9.525140e-01, -1.989121e+00, 2.568623e+00, 7.177817e-10, 4.640024e-10, 4.461065e+01, -2.600207e-01
3.441400e+09, 1.414806e-01, 9.526594e-01, -2.006259e+00, 2.557545e+00, 7.229268e-10, 4.641204e-10, 4.445446e+01, -2.560479e-01
3.445200e+09, 1.403413e-01, 9.528043e-01, -2.023519e+00, 2.546463e+00, 7.282055e-10, 4.642377e-10, 4.430212e+01, -2.520039e-01
3.449000e+09, 1.391961e-01, 9.529488e-01, -2.040906e+00, 2.535379e+00, 7.336217e-10, 4.643541e-10, 4.415366e+01, -2.478902e-01
3.452800e+09, 1.380456e-01, 9.530928e-01, -2.058422e+00, 2.524292e+00, 7.391797e-10, 4.644696e-10, 4.400911e+01, -2.437082e-01
3.456600e+09, 1.368899e-01, 9.532363e-01, -2.076071e+00, 2.513202e+00, 7.448835e-10, 4.645842e-10, 4.386852e+01, -2.394593e-01
3.460400e+09, 1.357294e-01, 9.533793e-01, -2.093856e+00, 2.502110e+00, 7.507375e-10, 4.646978e-10, 4.373191e+01, -2.351450e-01
3.464200e+09, 1.345645e-01, 9.535215e-01, -2.111780e+00, 2.491015e+00, 7.567460e-10, 4.648104e-10, 4.359932e+01, -2.307670e-01
3.468000e+09, 1.333956e-01, 9.536631e-01, -2.129848e+00, 2.479917e+00, 7.629135e-10, 4.649219e-10, 4.347079e+01, -2.263267e-01
3.471800e+09, 1.322230e-01, 9.538040e-01, -2.148064e+00, 2.468816e+00, 7.692445e-10, 4.650323e-10, 4.334633e+01, -2.218259e-01
3.475600e+09, 1.310471e-01, 9.539441e-01, -2.166430e+00, 2.457713e+00, 7.757437e-10, 4.651415e-10, 4.322600e+01, -2.172663e-01
3.479400e+09, 1.298683e-01, 9.540834e-01, -2.184952e+00, 2.446608e+00, 7.824156e-10, 4.652495e-10, 4.310980e+01, -2.126495e-01
3.483200e+09, 1.286869e-01, 9.542218e-01, -2.203633e+00, 2.435499e+00, 7.892650e-10, 4.653562e-10, 4.299778e+01, -2.079774e-01
3.487000e+09, 1.275035e-01, 9.543592e-01, -2.222478e+00, 2.424388e+00, 7.962967e-10, 4.654617e-10, 4.288996e+01, -2.032517e-01
3.490800e+09, 1.263183e-01, 9.544957e-01, -2.241490e+00, 2.413275e+00, 8.035153e-10, 4.655658e-10, 4.278636e+01, -1.984745e-01
3.494600e+09, 1.251319e-01, 9.546313e-01, -2.260675e+00, 2.402159e+00, 8.109258e-10, 4.656686e-10, 4.268702e+01, -1.936475e-01
3.498400e+09, 1.239447e-01, 9.547657e-01, -2.280037e+00, 2.391041e+00, 8.185329e-10, 4.657699e-10, 4.259195e+01, -1.887727e-01
3.502200e+09, 1.227571e-01, 9.548991e-01, -2.299580e+00, 2.379920e+00, 8.263413e-10, 4.658699e-10, 4.250118e+01, -1.838521e-01
3.506000e+09, 1.215695e-01, 9.550314e-01, -2.319310e+00, 2.368797e+00, 8.343559e-10, 4.659683e-10, 4.241473e+01, -1.788878e-01
3.509800e+09, 1.203826e-01, 9.551624e-01, -2.339231e+00, 2.357671e+00, 8.425811e-10, 4.660653e-10, 4.233263e+01, -1.738817e-01
3.513600e+09, 1.191967e-01, 9.552923e-01, -2.359349e+00, 2.346543e+00, 8.510216e-10, 4.661607e-10, 4.225489e+01, -1.688361e-01
3.517400e+09, 1.180123e-01, 9.554209e-01, -2.379668e+00, 2.335413e+00, 8.596818e-10, 4.662546e-10, 4.218154e+01, -1.637531e-01
3.521200e+09, 1.168300e-01, 9.555483e-01, -2.400194e+00, 2.324281e+00, 8.685659e-10, 4.663469e-10, 4.211258e+01, -1.586348e-01
3.525000e+09, 1.156503e-01, 9.556743e-01, -2.420932e+00, 2.313146e+00, 8.776780e-10, 4.664375e-10, 4.204804e+01, -1.534834e-01
3.528800e+09, 1.144737e-01, 9.557990e-01, -2.441887e+00, 2.302010e+00, 8.870219e-10, 4.665266e-10, 4.198794e+01, -1.483012e-01
3.532600e+09, 1.133007e-01, 9.559223e-01, -2.463066e+00, 2.290871e+00, 8.966011e-10, 4.666140e-10, 4.193228e+01, -1.430905e-01
3.536400e+09, 1.121320e-01, 9.560442e-01, -2.484473e+00, 2.279730e+00, 9.064188e-10, 4.666998e-10, 4.188109e+01, -1.378536e-01
3.540200e+09, 1.109681e-01, 9.561647e-01, -2.506115e+00, 2.268587e+00, 9.164778e-10, 4.667839e-10, 4.183437e+01, -1.325927e-01
3.544000e+09, 1.098095e-01, 9.562837e-01, -2.527997e+00, 2.257442e+00, 9.267804e-10, 4.668663e-10, 4.179213e+01, -1.273102e-01
3.547800e+09, 1.086570e-01, 9.564011e-01, -2.550125e+00, 2.246295e+00, 9.373283e-10, 4.669470e-10, 4.175439e+01, -1.220086e-01
3.551600e+09, 1.075110e-01, 9.565171e-01, -2.572504e+00, 2.235146e+00, 9.481227e-10, 4.670259e-10, 4.172115e+01, -1.166901e-01
3.555400e+09, 1.063723e-01, 9.566315e-01, -2.595142e+00, 2.223995e+00, 9.591641e-10, 4.671032e-10, 4.169242e+01, -1.113572e-01
3.559200e+09, 1.052416e-01, 9.567443e-01, -2.618043e+00, 2.212843e+00, 9.704522e-10, 4.671787e-10, 4.166821e+01, -1.060122e-01
3.563000e+09, 1.041193e-01, 9.568555e-01, -2.641214e+00, 2.201688e+00, 9.819860e-10, 4.672525e-10, 4.164852e+01, -1.006578e-01
3.566800e+09, 1.030064e-01, 9.569651e-01, -2.664660e+00, 2.190532e+00, 9.937632e-10, 4.673246e-10, 4.163335e+01, -9.529618e-02
3.570600e+09, 1.019033e-01, 9.570730e-01, -2.688387e+00, 2.179374e+00, 1.005781e-09, 4.673950e-10, 4.162271e+01, -8.992991e-02
3.574400e+09, 1.008110e-01, 9.571792e-01, -2.712401e+00, 2.168215e+00, 1.018034e-09, 4.674636e-10, 4.161660e+01, -8.456144e-02
3.578200e+09, 9.972999e-02, 9.572838e-01, -2.736708e+00, 2.157054e+00, 1.030518e-09, 4.675304e-10, 4.161501e+01, -7.919323e-02
3.582000e+09, 9.866113e-02, 9.573867e-01, -2.761312e+00, 2.145891e+00, 1.043226e-09, 4.675956e-10, 4.161795e+01, -7.382773e-02
3.585800e+09, 9.760515e-02, 9.574878e-01, -2.786221e+00, 2.134726e+00, 1.056148e-09, 4.676590e-10, 4.162542e+01, -6.846742e-02
3.589600e+09, 9.656283e-02, 9.575872e-01, -2.811437e+00, 2.123560e+00, 1.069275e-09, 4.677207e-10, 4.163740e+01, -6.311476e-02
3.593400e+09, 9.553495e-02, 9.576848e-01, -2.836967e+00, 2.112393e+00, 1.082594e-09, 4.677807e-10, 4.165390e+01, -5.777219e-02
3.597200e+09, 9.452231e-02, 9.577807e-01, -2.862816e+00, 2.101224e+00, 1.096093e-09, 4.678390e-10, 4.167490e+01, -5.244218e-02
3.601000e+09, 9.352573e-02, 9.578748e-01, -2.888986e+00, 2.090054e+00, 1.109754e-09, 4.678956e-10, 4.170040e+01, -4.712715e-02
3.604800e+09, 9.254603e-02, 9.579670e-01, -2.915483e+00, 2.078883e+00, 1.123560e-09, 4.679506e-10, 4.173039e+01, -4.182953e-02
3.608600e+09, 9.158404e-02, 9.580575e-01, -2.942309e+00, 2.067710e+00, 1.137491e-09, 4.680039e-10, 4.176486e+01, -3.655174e-02
3.612400e+09, 9.064062e-02, 9.581461e-01, -2.969468e+00, 2.056536e+00, 1.151523e-09, 4.680555e-10, 4.180380e+01, -3.129617e-02
3.616200e+09, 8.971662e-02, 9.582330e-01, -2.996962e+00, 2.045360e+00, 1.165632e-09, 4.681055e-10, 4.184719e+01, -2.606519e-02
3.620000e+09, 8.881290e-02, 9.583179e-01, -3.024792e+00, 2.034184e+00, 1.179790e-09, 4.681538e-10, 4.189502e+01, -2.086116e-02
3.623800e+09, 8.793033e-02, 9.584010e-01, -3.052961e+00, 2.023006e+00, 1.193967e-09, 4.682006e-10, 4.194727e+01, -1.568641e-02
3.627600e+09, 8.706979e-02, 9.584823e-01, -3.081468e+00, 2.011827e+00, 1.208129e-09, 4.682457e-10, 4.200393e+01, -1.054325e-02
3.631400e+09, 8.623215e-02, 9.585617e-01, -3.110314e+00, 2.000647e+00, 1.222242e-09, 4.682893e-10, 4.206498e+01, -5.433959e-03
3.635200e+09, 8.541827e-02, 9.586392e-01, -3.139496e+00, 1.989467e+00, 1.236267e-09, 4.683313e-10, 4.213040e+01, -3.607872e-04
3.639000e+09, 8.462905e-02, 9.587149e-01, 3.114172e+00, 1.978285e+00, 1.250163e-09, 4.683718e-10, 4.220016e+01, 4.674045e-03
3.642800e+09, 8.386533e-02, 9.587887e-01, 3.084323e+00, 1.967102e+00, 1.263887e-09, 4.684108e-10, 4.227426e+01, 9.668347e-03
3.646600e+09, 8.312798e-02, 9.588606e-01, 3.054146e+00, 1.955918e+00, 1.277394e-09, 4.684483e-10, 4.235265e+01, 1.461997e-02
3.650400e+09, 8.241784e-02, 9.589306e-01, 3.023647e+00, 1.944733e+00, 1.290637e-09, 4.684843e-10, 4.243533e+01, 1.952678e-02
3.654200e+09, 8.173574e-02, 9.589987e-01, 2.992832e+00, 1.933548e+00, 1.303566e-09, 4.685188e-10, 4.252225e+01, 2.438671e-02
3.658000e+09, 8.108249e-02, 9.590649e-01, 2.961708e+00, 1.922361e+00, 1.316130e-09, 4.685519e-10, 4.261341e+01, 2.919771e-02
3.661800e+09, 8.045888e-02, 9.591292e-01, 2.930283e+00, 1.911174e+00, 1.328277e-09, 4.685836e-10, 4.270876e+01, 3.395777e-02
3.665600e+09, 7.986568e-02, 9.591916e-01, 2.898569e+00, 1.899986e+00, 1.339956e-09, 4.686138e-10, 4.280828e+01, 3.866493e-02
3.669400e+09, 7.930362e-02, 9.592521e-01, 2.866576e+00, 1.888797e+00, 1.351111e-09, 4.686427e-10, 4.291195e+01, 4.331726e-02
3.673200e+09, 7.877339e-02, 9.593107e-01, 2.834317e+00, 1.877608e+00, 1.361691e-09, 4.686702e-10, 4.301972e+01, 4.791289e-02
3.677000e+09, 7.827567e-02, 9.593674e-01, 2.801805e+00, 1.866418e+00, 1.371644e-09, 4.686963e-10, 4.313156e+01, 5.244997e-02
3.680800e+09, 7.781106e-02, 9.594222e-01, 2.769056e+00, 1.855227e+00, 1.380917e-09, 4.687211e-10, 4.324745e+01, 5.692671e-02
3.684600e+09, 7.738014e-02, 9.594751e-01, 2.736085e+00, 1.844036e+00, 1.389463e-09, 4.687446e-10, 4.336735e+01, 6.134137e-02
3.688400e+09, 7.698344e-02, 9.595261e-01, 2.702910e+00, 1.832844e+00, 1.397235e-09, 4.687668e-10, 4.349121e+01, 6.569224e-02
3.692200e+09, 7.662143e-02, 9.595752e-01, 2.669549e+00, 1.821652e+00, 1.404188e-09, 4.687878e-10, 4.361901e+01, 6.997766e-02
3.696000e+09, 7.629452e-02, 9.596224e-01, 2.636023e+00, 1.810459e+00, 1.410283e-09, 4.688074e-10, 4.375071e+01, 7.419602e-02
3.699800e+09, 7.600307e-02, 9.596678e-01, 2.602351e+00, 1.799266e+00, 1.415484e-09, 4.688258e-10, 4.388627e+01, 7.834576e-02
3.703600e+09, 7.574738e-02, 9.597112e-01, 2.568555e+00, 1.788072e+00, 1.419759e-09, 4.688430e-10, 4.402564e+01, 8.242536e-02
3.707400e+09, 7.552766e-02, 9.597527e-01, 2.534656e+00, 1.776878e+00, 1.423083e-09, 4.688590e-10, 4.416879e+01, 8.643335e-02
3.711200e+09, 7.534407e-02, 9.597923e-01, 2.500679e+00, 1.765683e+00, 1.425435e-09, 4.688738e-10, 4.431567e+01, 9.036831e-02
3.715000e+09, 7.519672e-02, 9.598300e-01, 2.466645e+00, 1.754489e+00, 1.426800e-09, 4.688873e-10, 4.446624e+01, 9.422887e-02
3.718800e+09, 7.508562e-02, 9.598659e-01, 2.432578e+00, 1.743293e+00, 1.427170e-09, 4.688997e-10, 4.462045e+01, 9.801368e-02
3.722600e+09, 7.501073e-02, 9.598998e-01, 2.398503e+00, 1.732098e+00, 1.426542e-09, 4.689110e-10, 4.477827e+01, 1.017215e-01
3.726400e+09, 7.497192e-02, 9.599319e-01, 2.364443e+00, 1.720902e+00, 1.424919e-09, 4.689211e-10, 4.493963e+01, 1.053510e-01
3.730200e+09, 7.496901e-02, 9.599621e-01, 2.330421e+00, 1.709706e+00, 1.422312e-09, 4.689301e-10, 4.510451e+01, 1.089011e-01
3.734000e+09, 7.500174e-02, 9.599904e-01, 2.296462e+00, 1.698510e+00, 1.418737e-09, 4.689379e-10, 4.527284e+01, 1.123707e-01
3.737800e+09, 7.506978e-02, 9.600169e-01, 2.262588e+00, 1.687313e+00, 1.414215e-09, 4.689447e-10, 4.544457e+01, 1.157586e-01
3.741600e+09, 7.517274e-02, 9.600415e-01, 2.228822e+00, 1.676117e+00, 1.408773e-09, 4.689503e-10, 4.561967e+01, 1.190637e-01
3.745400e+09, 7.531017e-02, 9.600642e-01, 2.195186e+00, 1.664920e+00, 1.402444e-09, 4.689548e-10, 4.579806e+01, 1.222851e-01
3.749200e+09, 7.548155e-02, 9.600851e-01, 2.161701e+00, 1.653723e+00, 1.395265e-09, 4.689583e-10, 4.597971e+01, 1.254219e-01
3.753000e+09, 7.568631e-02, 9.601041e-01, 2.128388e+00, 1.642526e+00, 1.387277e-09, 4.689607e-10, 4.616455e+01, 1.284730e-01
3.756800e+09, 7.592381e-02, 9.601212e-01, 2.095265e+00, 1.631330e+00, 1.378523e-09, 4.689621e-10, 4.635254e+01, 1.314377e-01
3.760600e+09, 7.619339e-02, 9.601365e-01, 2.062351e+00, 1.620133e+00, 1.369051e-09, 4.689623e-10, 4.654361e+01, 1.343151e-01
3.764400e+09, 7.649432e-02, 9.601500e-01, 2.029664e+00, 1.608936e+00, 1.358911e-09, 4.689616e-10, 4.673771e+01, 1.371044e-01
3.768200e+09, 7.682582e-02, 9.601616e-01, 1.997218e+00, 1.597739e+00, 1.348155e-09, 4.689598e-10, 4.693478e+01, 1.398049e-01
3.772000e+09, 7.718709e-02, 9.601714e-01, 1.965029e+00, 1.586542e+00, 1.336834e-09, 4.689569e-10, 4.713475e+01, 1.424159e-01
3.775800e+09, 7.757730e-02, 9.601793e-01, 1.933111e+00, 1.575345e+00, 1.325002e-09, 4.689531e-10, 4.733758e+01, 1.449367e-01
3.779600e+09, 7.799557e-02, 9.601855e-01, 1.901475e+00, 1.564148e+00, 1.312713e-09, 4.689482e-10, 4.754319e+01, 1.473668e-01
3.783400e+09, 7.844101e-02, 9.601898e-01, 1.870133e+00, 1.552951e+00, 1.300018e-09, 4.689423e-10, 4.775153e+01, 1.497054e-01
3.787200e+09, 7.891270e-02, 9.601923e-01, 1.839093e+00, 1.541755e+00, 1.286971e-09, 4.689354e-10, 4.796253e+01, 1.519522e-01
3.791000e+09, 7.940970e-02, 9.601929e-01, 1.808365e+00, 1.530558e+00, 1.273622e-09, 4.689275e-10, 4.817612e+01, 1.541065e-01
3.794800e+09, 7.993107e-02, 9.601918e-01, 1.777956e+00, 1.519362e+00, 1.260019e-09, 4.689185e-10, 4.839224e+01, 1.561680e-01
3.798600e+09, 8.047584e-02, 9.601889e-01, 1.747872e+00, 1.508166e+00, 1.246211e-09, 4.689086e-10, 4.861082e+01, 1.581362e-01
3.802400e+09, 8.104306e-02, 9.601841e-01, 1.718117e+00, 1.496971e+00, 1.232242e-09, 4.688977e-10, 4.883179e+01, 1.600106e-01
3.806200e+09, 8.163174e-02, 9.601776e-01, 1.688696e+00, 1.485775e+00, 1.218156e-09, 4.688858e-10, 4.905507e+01, 1.617911e-01
3.810000e+09, 8.224093e-02, 9.601693e-01, 1.659611e+00, 1.474580e+00, 1.203992e-09, 4.688729e-10, 4.928061e+01, 1.634772e-01
3.813800e+09, 8.286965e-02, 9.601592e-01, 1.630865e+00, 1.463385e+00, 1.189789e-09, 4.688590e-10, 4.950833e+01, 1.650686e-01
3.817600e+09, 8.351694e-02, 9.601473e-01, 1.602457e+00, 1.452191e+00, 1.175581e-09, 4.688442e-10, 4.973814e+01, 1.665652e-01
3.821400e+09, 8.418185e-02, 9.601337e-01, 1.574389e+00, 1.440996e+00, 1.161402e-09, 4.688283e-10, 4.996998e+01, 1.679666e-01
3.825200e+09, 8.486342e-02, 9.601183e-01, 1.546659e+00, 1.429803e+00, 1.147282e-09, 4.688115e-10, 5.020377e+01, 1.692728e-01
3.829000e+09, 8.556072e-02, 9.601011e-01, 1.519267e+00, 1.418609e+00, 1.133247e-09, 4.687936e-10, 5.043943e+01, 1.704835e-01
3.832800e+09, 8.627284e-02, 9.600822e-01, 1.492209e+00, 1.407416e+00, 1.119323e-09, 4.687748e-10, 5.067687e+01, 1.715986e-01
3.836600e+09, 8.699884e-02, 9.600615e-01, 1.465484e+00, 1.396224e+00, 1.105533e-09, 4.687550e-10, 5.091603e+01, 1.726182e-01
3.840400e+09, 8.773786e-02, 9.600391e-01, 1.439088e+00, 1.385032e+00, 1.091895e-09, 4.687342e-10, 5.115682e+01, 1.735420e-01
3.844200e+09, 8.848900e-02, 9.600150e-01, 1.413018e+00, 1.373840e+00, 1.078429e-09, 4.687125e-10, 5.139915e+01, 1.743701e-01
3.848000e+09, 8.925140e-02, 9.599891e-01, 1.387269e+00, 1.362649e+00, 1.065150e-09, 4.686897e-10, 5.164293e+01, 1.751025e-01
3.851800e+09, 9.002423e-02, 9.599615e-01, 1.361838e+00, 1.351459e+00, 1.052071e-09, 4.686660e-10, 5.188809e+01, 1.757392e-01
3.855600e+09, 9.080665e-02, 9.599323e-01, 1.336718e+00, 1.340269e+00, 1.039204e-09, 4.686413e-10, 5.213452e+01, 1.762803e-01
3.859400e+09, 9.159787e-02, 9.599013e-01, 1.311906e+00, 1.329079e+00, 1.026560e-09, 4.686156e-10, 5.238215e+01, 1.767260e-01
3.863200e+09, 9.239709e-02, 9.598686e-01, 1.287396e+00, 1.317891e+00, 1.014146e-09, 4.685889e-10, 5.263088e+01, 1.770762e-01
3.867000e+09, 9.320355e-02, 9.598342e-01, 1.263182e+00, 1.306703e+00, 1.001970e-09, 4.685612e-10, 5.288062e+01, 1.773312e-01
3.870800e+09, 9.401650e-02, 9.597981e-01, 1.239259e+00, 1.295515e+00, 9.900375e-10, 4.685325e-10, 5.313127e+01, 1.774912e-01
3.874600e+09, 9.483521e-02, 9.597603e-01, 1.215621e+00, 1.284329e+00, 9.783521e-10, 4.685029e-10, 5.338273e+01, 1.775564e-01
3.878400e+09, 9.565896e-02, 9.597209e-01, 1.192261e+00, 1.273142e+00, 9.669173e-10, 4.684722e-10, 5.363491e+01, 1.775270e-01
3.882200e+09, 9.648708e-02, 9.596798e-01, 1.169175e+00, 1.261957e+00, 9.557351e-10, 4.684405e-10, 5.388772e+01, 1.774032e-01
3.886000e+09, 9.731889e-02, 9.596371e-01, 1.146356e+00, 1.250773e+00, 9.448066e-10, 4.684078e-10, 5.414104e+01, 1.771855e-01
3.889800e+09, 9.815373e-02, 9.595927e-01, 1.123798e+00, 1.239589e+00, 9.341321e-10, 4.683742e-10, 5.439478e+01, 1.768741e-01
3.893600e+09, 9.899097e-02, 9.595467e-01, 1.101494e+00, 1.228406e+00, 9.237110e-10, 4.683395e-10, 5.464882e+01, 1.764694e-01
3.897400e+09, 9.983000e-02, 9.594991e-01, 1.079440e+00, 1.217224e+00, 9.135422e-10, 4.683038e-10, 5.490308e+01, 1.759718e-01
3.901200e+09, 1.006702e-01, 9.594499e-01, 1.057628e+00, 1.206043e+00, 9.036240e-10, 4.682670e-10, 5.515743e+01, 1.753817e-01
3.905000e+09, 1.015110e-01, 9.593990e-01, 1.036053e+00, 1.194862e+00, 8.939541e-10, 4.682293e-10, 5.541178e+01, 1.746995e-01
3.908800e+09, 1.023519e-01, 9.593465e-01, 1.014709e+00, 1.183683e+00, 8.845297e-10, 4.681905e-10, 5.566601e+01, 1.739258e-01
3.912600e+09, 1.031922e-01, 9.592925e-01, 9.935894e-01, 1.172504e+00, 8.753478e-10, 4.681507e-10, 5.592000e+01, 1.730609e-01
3.916400e+09, 1.040315e-01, 9.592369e-01, 9.726895e-01, 1.161327e+00, 8.664048e-10, 4.681099e-10, 5.617365e+01, 1.721056e-01
3.920200e+09, 1.048693e-01, 9.591797e-01, 9.520032e-01, 1.150150e+00, 8.576971e-10, 4.680680e-10, 5.642684e+01, 1.710602e-01
3.924000e+09, 1.057050e-01, 9.591210e-01, 9.315247e-01, 1.138974e+00, 8.492206e-10, 4.680251e-10, 5.667946e+01, 1.699255e-01
3.927800e+09, 1.065382e-01, 9.590607e-01, 9.112486e-01, 1.127800e+00, 8.409712e-10, 4.679811e-10, 5.693138e+01, 1.687020e-01
3.931600e+09, 1.073683e-01, 9.589989e-01, 8.911695e-01, 1.116626e+00, 8.329446e-10, 4.679361e-10, 5.718249e+01, 1.673905e-01
3.935400e+09, 1.081950e-01, 9.589355e-01, 8.712820e-01, 1.105454e+00, 8.251362e-10, 4.678900e-10, 5.743267e+01, 1.659915e-01
3.939200e+09, 1.090177e-01, 9.588707e-01, 8.515810e-01, 1.094282e+00, 8.175415e-10, 4.678429e-10, 5.768180e+01, 1.645058e-01
3.943000e+09, 1.098361e-01, 9.588043e-01, 8.320613e-01, 1.083112e+00, 8.101559e-10, 4.677947e-10, 5.792975e+01, 1.629342e-01
3.946800e+09, 1.106498e-01, 9.587365e-01, 8.127179e-01, 1.071943e+00, 8.029747e-10, 4.677454e-10, 5.817640e+01, 1.612774e-01
3.950600e+09, 1.114582e-01, 9.586672e-01, 7.935460e-01, 1.060775e+00, 7.959932e-10, 4.676951e-10, 5.842163e+01, 1.595363e-01
3.954400e+09, 1.122611e-01, 9.585964e-01, 7.745408e-01, 1.049608e+00, 7.892068e-10, 4.676436e-10, 5.866530e+01, 1.577116e-01
3.958200e+09, 1.130581e-01, 9.585242e-01, 7.556976e-01, 1.038443e+00, 7.826106e-10, 4.675911e-10, 5.890730e+01, 1.558044e-01
3.962000e+09, 1.138487e-01, 9.584506e-01, 7.370119e-01, 1.027278e+00, 7.762002e-10, 4.675375e-10, 5.914749e+01, 1.538154e-01
3.965800e+09, 1.146327e-01, 9.583755e-01, 7.184793e-01, 1.016115e+00, 7.699708e-10, 4.674828e-10, 5.938575e+01, 1.517457e-01
3.969600e+09, 1.154096e-01, 9.582991e-01, 7.000954e-01, 1.004954e+00, 7.639179e-10, 4.674270e-10, 5.962195e+01, 1.495961e-01
3.973400e+09, 1.161791e-01, 9.582212e-01, 6.818560e-01, 9.937934e-01, 7.580370e-10, 4.673701e-10, 5.985595e+01, 1.473678e-01
3.977200e+09, 1.169409e-01, 9.581420e-01, 6.637570e-01, 9.826344e-01, 7.523237e-10, 4.673121e-10, 6.008763e+01, 1.450617e-01
3.981000e+09, 1.176948e-01, 9.580614e-01, 6.457945e-01, 9.714768e-01, 7.467735e-10, 4.672530e-10, 6.031686e+01, 1.426790e-01
3.984800e+09, 1.184402e-01, 9.579795e-01, 6.279644e-01, 9.603206e-01, 7.413823e-10, 4.671927e-10, 6.054350e+01, 1.402207e-01
3.988600e+09, 1.191771e-01, 9.578963e-01, 6.102631e-01, 9.491659e-01, 7.361458e-10, 4.671314e-10, 6.076742e+01, 1.376880e-01
3.992400e+09, 1.199049e-01, 9.578118e-01, 5.926868e-01, 9.380126e-01, 7.310599e-10, 4.670689e-10, 6.098850e+01, 1.350821e-01
3.996200e+09, 1.206236e-01, 9.577260e-01, 5.752320e-01, 9.268608e-01, 7.261207e-10, 4.670052e-10, 6.120659e+01, 1.324042e-01
4.000000e+09, 1.213328e-01, 9.576389e-01, 5.578950e-01, 9.157106e-01, 7.261207e-10, 4.670052e-10, 6.142158e+01, 1.296556e-01
