Frequency [Hz], |S00| [-], |S10| [-], Arg(S00) [-], Arg(S10) [-], Delay 0>0 [s], Delay 0>1 [s], |Z0| [Ohm] , Arg(Z0) [-]
2.000000e+08, 9.286419e-02, 9.537963e-01, 4.178618e-01, -6.128374e-01, -2.153929e-11, 4.818139e-10, 5.926010e+01, 7.587956e-02
2.038000e+08, 9.405715e-02, 9.539621e-01, 4.183760e-01, -6.243412e-01, -7.809492e-12, 4.823028e-10, 5.938746e+01, 7.695641e-02
2.076000e+08, 9.524605e-02, 9.541256e-01, 4.185625e-01, -6.358567e-01, 5.245537e-12, 4.827740e-10, 5.951615e+01, 7.797542e-02
2.114000e+08, 9.643048e-02, 9.542866e-01, 4.184373e-01, -6.473835e-01, 1.766580e-11, 4.832283e-10, 5.964610e+01, 7.893697e-02
2.152000e+08, 9.761005e-02, 9.544449e-01, 4.180155e-01, -6.589211e-01, 2.948850e-11, 4.836661e-10, 5.977726e+01, 7.984137e-02
2.190000e+08, 9.878438e-02, 9.546003e-01, 4.173114e-01, -6.704692e-01, 4.074830e-11, 4.840879e-10, 5.990958e+01, 8.068895e-02
2.228000e+08, 9.995314e-02, 9.547527e-01, 4.163385e-01, -6.820273e-01, 5.147750e-11, 4.844943e-10, 6.004300e+01, 8.148003e-02
2.266000e+08, 1.011160e-01, 9.549019e-01, 4.151094e-01, -6.935951e-01, 6.170621e-11, 4.848857e-10, 6.017748e+01, 8.221490e-02
2.304000e+08, 1.022726e-01, 9.550478e-01, 4.136361e-01, -7.051723e-01, 7.146253e-11, 4.852623e-10, 6.031295e+01, 8.289385e-02
2.342000e+08, 1.034227e-01, 9.551901e-01, 4.119298e-01, -7.167585e-01, 8.077273e-11, 4.856247e-10, 6.044936e+01, 8.351716e-02
2.380000e+08, 1.045661e-01, 9.553288e-01, 4.100013e-01, -7.283533e-01, 8.966134e-11, 4.859730e-10, 6.058666e+01, 8.408513e-02
2.418000e+08, 1.057024e-01, 9.554638e-01, 4.078605e-01, -7.399565e-01, 9.815132e-11, 4.863076e-10, 6.072480e+01, 8.459801e-02
2.456000e+08, 1.068314e-01, 9.555948e-01, 4.055171e-01, -7.515676e-01, 1.062642e-10, 4.866288e-10, 6.086370e+01, 8.505610e-02
2.494000e+08, 1.079530e-01, 9.557219e-01, 4.029799e-01, -7.631864e-01, 1.140200e-10, 4.869368e-10, 6.100333e+01, 8.545966e-02
2.532000e+08, 1.090668e-01, 9.558447e-01, 4.002575e-01, -7.748125e-01, 1.214377e-10, 4.872319e-10, 6.114362e+01, 8.580898e-02
2.570000e+08, 1.101726e-01, 9.559634e-01, 3.973581e-01, -7.864457e-01, 1.285350e-10, 4.875142e-10, 6.128453e+01, 8.610432e-02
2.608000e+08, 1.112704e-01, 9.560777e-01, 3.942892e-01, -7.980857e-01, 1.353284e-10, 4.877841e-10, 6.142598e+01, 8.634599e-02
2.646000e+08, 1.123598e-01, 9.561875e-01, 3.910581e-01, -8.097321e-01, 1.418337e-10, 4.880416e-10, 6.156794e+01, 8.653425e-02
2.684000e+08, 1.134408e-01, 9.562928e-01, 3.876716e-01, -8.213846e-01, 1.480655e-10, 4.882870e-10, 6.171033e+01, 8.666940e-02
2.722000e+08, 1.145131e-01, 9.563936e-01, 3.841364e-01, -8.330430e-01, 1.540375e-10, 4.885205e-10, 6.185311e+01, 8.675173e-02
2.760000e+08, 1.155766e-01, 9.564896e-01, 3.804586e-01, -8.447070e-01, 1.597629e-10, 4.887423e-10, 6.199621e+01, 8.678155e-02
2.798000e+08, 1.166312e-01, 9.565809e-01, 3.766441e-01, -8.563762e-01, 1.652537e-10, 4.889524e-10, 6.213959e+01, 8.675916e-02
2.836000e+08, 1.176767e-01, 9.566673e-01, 3.726985e-01, -8.680505e-01, 1.705216e-10, 4.891512e-10, 6.228319e+01, 8.668487e-02
2.874000e+08, 1.187130e-01, 9.567490e-01, 3.686271e-01, -8.797295e-01, 1.755775e-10, 4.893387e-10, 6.242694e+01, 8.655900e-02
2.912000e+08, 1.197400e-01, 9.568257e-01, 3.644350e-01, -8.914130e-01, 1.804316e-10, 4.895152e-10, 6.257079e+01, 8.638188e-02
2.950000e+08, 1.207575e-01, 9.568974e-01, 3.601269e-01, -9.031007e-01, 1.850936e-10, 4.896808e-10, 6.271469e+01, 8.615383e-02
2.988000e+08, 1.217654e-01, 9.569642e-01, 3.557076e-01, -9.147924e-01, 1.895726e-10, 4.898357e-10, 6.285858e+01, 8.587519e-02
3.026000e+08, 1.227637e-01, 9.570259e-01, 3.511814e-01, -9.264878e-01, 1.938773e-10, 4.899800e-10, 6.300240e+01, 8.554632e-02
3.064000e+08, 1.237522e-01, 9.570827e-01, 3.465523e-01, -9.381866e-01, 1.980159e-10, 4.901139e-10, 6.314610e+01, 8.516756e-02
3.102000e+08, 1.247308e-01, 9.571343e-01, 3.418245e-01, -9.498886e-01, 2.019962e-10, 4.902376e-10, 6.328961e+01, 8.473927e-02
3.140000e+08, 1.256995e-01, 9.571809e-01, 3.370016e-01, -9.615936e-01, 2.058254e-10, 4.903512e-10, 6.343289e+01, 8.426184e-02
3.178000e+08, 1.266581e-01, 9.572225e-01, 3.320873e-01, -9.733012e-01, 2.095104e-10, 4.904549e-10, 6.357587e+01, 8.373562e-02
3.216000e+08, 1.276067e-01, 9.572590e-01, 3.270850e-01, -9.850114e-01, 2.130580e-10, 4.905489e-10, 6.371850e+01, 8.316101e-02
3.254000e+08, 1.285451e-01, 9.572904e-01, 3.219980e-01, -9.967238e-01, 2.164743e-10, 4.906334e-10, 6.386072e+01, 8.253840e-02
3.292000e+08, 1.294732e-01, 9.573168e-01, 3.168295e-01, -1.008438e+00, 2.197652e-10, 4.907084e-10, 6.400248e+01, 8.186818e-02
3.330000e+08, 1.303909e-01, 9.573382e-01, 3.115823e-01, -1.020154e+00, 2.229364e-10, 4.907742e-10, 6.414372e+01, 8.115077e-02
3.368000e+08, 1.312983e-01, 9.573545e-01, 3.062595e-01, -1.031872e+00, 2.259931e-10, 4.908310e-10, 6.428438e+01, 8.038659e-02
3.406000e+08, 1.321953e-01, 9.573659e-01, 3.008636e-01, -1.043591e+00, 2.289405e-10, 4.908789e-10, 6.442441e+01, 7.957605e-02
3.444000e+08, 1.330817e-01, 9.573724e-01, 2.953974e-01, -1.055312e+00, 2.317833e-10, 4.909181e-10, 6.456375e+01, 7.871960e-02
3.482000e+08, 1.339576e-01, 9.573740e-01, 2.898633e-01, -1.067033e+00, 2.345262e-10, 4.909489e-10, 6.470235e+01, 7.781766e-02
3.520000e+08, 1.348229e-01, 9.573707e-01, 2.842638e-01, -1.078755e+00, 2.371734e-10, 4.909712e-10, 6.484014e+01, 7.687068e-02
3.558000e+08, 1.356775e-01, 9.573626e-01, 2.786010e-01, -1.090477e+00, 2.397291e-10, 4.909855e-10, 6.497709e+01, 7.587913e-02
3.596000e+08, 1.365215e-01, 9.573498e-01, 2.728772e-01, -1.102200e+00, 2.421973e-10, 4.909918e-10, 6.511312e+01, 7.484347e-02
3.634000e+08, 1.373547e-01, 9.573322e-01, 2.670945e-01, -1.113923e+00, 2.445816e-10, 4.909902e-10, 6.524818e+01, 7.376416e-02
3.672000e+08, 1.381771e-01, 9.573101e-01, 2.612548e-01, -1.125646e+00, 2.468858e-10, 4.909811e-10, 6.538222e+01, 7.264169e-02
3.710000e+08, 1.389887e-01, 9.572833e-01, 2.553601e-01, -1.137369e+00, 2.491130e-10, 4.909646e-10, 6.551519e+01, 7.147654e-02
3.748000e+08, 1.397894e-01, 9.572521e-01, 2.494123e-01, -1.149091e+00, 2.512667e-10, 4.909409e-10, 6.564703e+01, 7.026921e-02
3.786000e+08, 1.405793e-01, 9.572164e-01, 2.434130e-01, -1.160813e+00, 2.533499e-10, 4.909101e-10, 6.577769e+01, 6.902020e-02
3.824000e+08, 1.413582e-01, 9.571764e-01, 2.373640e-01, -1.172534e+00, 2.553655e-10, 4.908725e-10, 6.590710e+01, 6.773002e-02
3.862000e+08, 1.421261e-01, 9.571322e-01, 2.312669e-01, -1.184254e+00, 2.573164e-10, 4.908283e-10, 6.603523e+01, 6.639919e-02
3.900000e+08, 1.428831e-01, 9.570837e-01, 2.251232e-01, -1.195973e+00, 2.592051e-10, 4.907776e-10, 6.616201e+01, 6.502823e-02
3.938000e+08, 1.436291e-01, 9.570312e-01, 2.189344e-01, -1.207691e+00, 2.610344e-10, 4.907206e-10, 6.628740e+01, 6.361768e-02
3.976000e+08, 1.443640e-01, 9.569746e-01, 2.127019e-01, -1.219407e+00, 2.628066e-10, 4.906575e-10, 6.641133e+01, 6.216808e-02
4.014000e+08, 1.450879e-01, 9.569141e-01, 2.064271e-01, -1.231122e+00, 2.645240e-10, 4.905886e-10, 6.653376e+01, 6.067997e-02
4.052000e+08, 1.458007e-01, 9.568498e-01, 2.001113e-01, -1.242836e+00, 2.661889e-10, 4.905140e-10, 6.665464e+01, 5.915392e-02
4.090000e+08, 1.465024e-01, 9.567818e-01, 1.937557e-01, -1.254547e+00, 2.678034e-10, 4.904339e-10, 6.677391e+01, 5.759048e-02
4.128000e+08, 1.471929e-01, 9.567102e-01, 1.873616e-01, -1.266257e+00, 2.693695e-10, 4.903485e-10, 6.689152e+01, 5.599023e-02
4.166000e+08, 1.478723e-01, 9.566350e-01, 1.809301e-01, -1.277964e+00, 2.708891e-10, 4.902580e-10, 6.700743e+01, 5.435374e-02
4.204000e+08, 1.485405e-01, 9.565565e-01, 1.744624e-01, -1.289670e+00, 2.723642e-10, 4.901626e-10, 6.712158e+01, 5.268161e-02
4.242000e+08, 1.491976e-01, 9.564746e-01, 1.679594e-01, -1.301373e+00, 2.737965e-10, 4.900625e-10, 6.723392e+01, 5.097441e-02
4.280000e+08, 1.498434e-01, 9.563895e-01, 1.614222e-01, -1.313074e+00, 2.751876e-10, 4.899579e-10, 6.734441e+01, 4.923277e-02
4.318000e+08, 1.504779e-01, 9.563013e-01, 1.548518e-01, -1.324772e+00, 2.765392e-10, 4.898489e-10, 6.745299e+01, 4.745727e-02
4.356000e+08, 1.511013e-01, 9.562102e-01, 1.482491e-01, -1.336468e+00, 2.778529e-10, 4.897358e-10, 6.755962e+01, 4.564855e-02
4.394000e+08, 1.517133e-01, 9.561162e-01, 1.416150e-01, -1.348161e+00, 2.791300e-10, 4.896187e-10, 6.766425e+01, 4.380721e-02
4.432000e+08, 1.523141e-01, 9.560195e-01, 1.349505e-01, -1.359851e+00, 2.803721e-10, 4.894979e-10, 6.776683e+01, 4.193389e-02
4.470000e+08, 1.529036e-01, 9.559201e-01, 1.282563e-01, -1.371538e+00, 2.815804e-10, 4.893735e-10, 6.786732e+01, 4.002923e-02
4.508000e+08, 1.534818e-01, 9.558182e-01, 1.215333e-01, -1.383223e+00, 2.827563e-10, 4.892457e-10, 6.796567e+01, 3.809388e-02
4.546000e+08, 1.540486e-01, 9.557139e-01, 1.147821e-01, -1.394904e+00, 2.839010e-10, 4.891147e-10, 6.806183e+01, 3.612847e-02
4.584000e+08, 1.546041e-01, 9.556074e-01, 1.080037e-01, -1.406582e+00, 2.850156e-10, 4.889807e-10, 6.815577e+01, 3.413368e-02
4.622000e+08, 1.551483e-01, 9.554987e-01, 1.011986e-01, -1.418257e+00, 2.861014e-10, 4.888438e-10, 6.824743e+01, 3.211016e-02
4.660000e+08, 1.556810e-01, 9.553879e-01, 9.436764e-02, -1.429929e+00, 2.871593e-10, 4.887043e-10, 6.833678e+01, 3.005859e-02
4.698000e+08, 1.562024e-01, 9.552752e-01, 8.751140e-02, -1.441597e+00, 2.881904e-10, 4.885624e-10, 6.842377e+01, 2.797965e-02
4.736000e+08, 1.567123e-01, 9.551608e-01, 8.063054e-02, -1.453262e+00, 2.891956e-10, 4.884181e-10, 6.850836e+01, 2.587402e-02
4.774000e+08, 1.572109e-01, 9.550447e-01, 7.372567e-02, -1.464924e+00, 2.901760e-10, 4.882717e-10, 6.859052e+01, 2.374241e-02
4.812000e+08, 1.576980e-01, 9.549270e-01, 6.679740e-02, -1.476582e+00, 2.911324e-10, 4.881234e-10, 6.867019e+01, 2.158550e-02
4.850000e+08, 1.581736e-01, 9.548079e-01, 5.984629e-02, -1.488236e+00, 2.920657e-10, 4.879733e-10, 6.874735e+01, 1.940400e-02
4.888000e+08, 1.586378e-01, 9.546875e-01, 5.287290e-02, -1.499887e+00, 2.929766e-10, 4.878216e-10, 6.882195e+01, 1.719863e-02
4.926000e+08, 1.590905e-01, 9.545659e-01, 4.587776e-02, -1.511534e+00, 2.938660e-10, 4.876685e-10, 6.889396e+01, 1.497011e-02
4.964000e+08, 1.595317e-01, 9.544433e-01, 3.886139e-02, -1.523178e+00, 2.947346e-10, 4.875141e-10, 6.896335e+01, 1.271916e-02
5.002000e+08, 1.599614e-01, 9.543197e-01, 3.182427e-02, -1.534818e+00, 2.955832e-10, 4.873587e-10, 6.903006e+01, 1.044652e-02
5.040000e+08, 1.603795e-01, 9.541953e-01, 2.476690e-02, -1.546454e+00, 2.964123e-10, 4.872023e-10, 6.909409e+01, 8.152924e-03
5.078000e+08, 1.607861e-01, 9.540702e-01, 1.768973e-02, -1.558087e+00, 2.972227e-10, 4.870451e-10, 6.915538e+01, 5.839118e-03
5.116000e+08, 1.611812e-01, 9.539445e-01, 1.059321e-02, -1.569715e+00, 2.980149e-10, 4.868873e-10, 6.921390e+01, 3.505854e-03
5.154000e+08, 1.615647e-01, 9.538184e-01, 3.477772e-03, -1.581340e+00, 2.987896e-10, 4.867290e-10, 6.926964e+01, 1.153888e-03
5.192000e+08, 1.619366e-01, 9.536919e-01, -3.656160e-03, -1.592961e+00, 2.995473e-10, 4.865704e-10, 6.932255e+01, -1.216017e-03
5.230000e+08, 1.622969e-01, 9.535652e-01, -1.080818e-02, -1.604579e+00, 3.002885e-10, 4.864117e-10, 6.937261e+01, -3.603091e-03
5.268000e+08, 1.626456e-01, 9.534384e-01, -1.797790e-02, -1.616192e+00, 3.010137e-10, 4.862529e-10, 6.941979e+01, -6.006561e-03
5.306000e+08, 1.629826e-01, 9.533116e-01, -2.516494e-02, -1.627802e+00, 3.017235e-10, 4.860943e-10, 6.946406e+01, -8.425646e-03
5.344000e+08, 1.633080e-01, 9.531849e-01, -3.236892e-02, -1.639408e+00, 3.024183e-10, 4.859360e-10, 6.950540e+01, -1.085956e-02
5.382000e+08, 1.636217e-01, 9.530585e-01, -3.958949e-02, -1.651011e+00, 3.030984e-10, 4.857780e-10, 6.954379e+01, -1.330752e-02
5.420000e+08, 1.639237e-01, 9.529325e-01, -4.682630e-02, -1.662609e+00, 3.037644e-10, 4.856207e-10, 6.957919e+01, -1.576872e-02
5.458000e+08, 1.642140e-01, 9.528068e-01, -5.407901e-02, -1.674204e+00, 3.044166e-10, 4.854640e-10, 6.961160e+01, -1.824236e-02
5.496000e+08, 1.644926e-01, 9.526818e-01, -6.134729e-02, -1.685795e+00, 3.050554e-10, 4.853081e-10, 6.964098e+01, -2.072765e-02
5.534000e+08, 1.647595e-01, 9.525575e-01, -6.863082e-02, -1.697382e+00, 3.056811e-10, 4.851532e-10, 6.966733e+01, -2.322377e-02
5.572000e+08, 1.650146e-01, 9.524339e-01, -7.592930e-02, -1.708966e+00, 3.062940e-10, 4.849994e-10, 6.969062e+01, -2.572990e-02
5.610000e+08, 1.652579e-01, 9.523113e-01, -8.324240e-02, -1.720546e+00, 3.068945e-10, 4.848467e-10, 6.971083e+01, -2.824524e-02
5.648000e+08, 1.654894e-01, 9.521896e-01, -9.056985e-02, -1.732122e+00, 3.074829e-10, 4.846954e-10, 6.972796e+01, -3.076895e-02
5.686000e+08, 1.657092e-01, 9.520690e-01, -9.791134e-02, -1.743694e+00, 3.080594e-10, 4.845455e-10, 6.974198e+01, -3.330022e-02
5.724000e+08, 1.659171e-01, 9.519497e-01, -1.052666e-01, -1.755263e+00, 3.086243e-10, 4.843972e-10, 6.975289e+01, -3.583822e-02
5.762000e+08, 1.661131e-01, 9.518316e-01, -1.126353e-01, -1.766829e+00, 3.091778e-10, 4.842506e-10, 6.976068e+01, -3.838210e-02
5.800000e+08, 1.662973e-01, 9.517150e-01, -1.200173e-01, -1.778391e+00, 3.097202e-10, 4.841057e-10, 6.976533e+01, -4.093105e-02
5.838000e+08, 1.664696e-01, 9.515999e-01, -1.274122e-01, -1.789950e+00, 3.102516e-10, 4.839627e-10, 6.976683e+01, -4.348421e-02
5.876000e+08, 1.666300e-01, 9.514863e-01, -1.348198e-01, -1.801505e+00, 3.107723e-10, 4.838217e-10, 6.976519e+01, -4.604076e-02
5.914000e+08, 1.667785e-01, 9.513745e-01, -1.422399e-01, -1.813057e+00, 3.112824e-10, 4.836828e-10, 6.976039e+01, -4.859984e-02
5.952000e+08, 1.669150e-01, 9.512644e-01, -1.496721e-01, -1.824605e+00, 3.117822e-10, 4.835461e-10, 6.975243e+01, -5.116062e-02
5.990000e+08, 1.670396e-01, 9.511561e-01, -1.571162e-01, -1.836150e+00, 3.122717e-10, 4.834117e-10, 6.974131e+01, -5.372225e-02
6.028000e+08, 1.671522e-01, 9.510499e-01, -1.645720e-01, -1.847692e+00, 3.127511e-10, 4.832797e-10, 6.972704e+01, -5.628388e-02
6.066000e+08, 1.672529e-01, 9.509456e-01, -1.720393e-01, -1.859231e+00, 3.132205e-10, 4.831501e-10, 6.970960e+01, -5.884465e-02
6.104000e+08, 1.673415e-01, 9.508435e-01, -1.795178e-01, -1.870767e+00, 3.136801e-10, 4.830232e-10, 6.968900e+01, -6.140373e-02
6.142000e+08, 1.674180e-01, 9.507436e-01, -1.870073e-01, -1.882299e+00, 3.141299e-10, 4.828988e-10, 6.966524e+01, -6.396026e-02
6.180000e+08, 1.674825e-01, 9.506460e-01, -1.945075e-01, -1.893829e+00, 3.145700e-10, 4.827772e-10, 6.963834e+01, -6.651338e-02
6.218000e+08, 1.675350e-01, 9.505507e-01, -2.020182e-01, -1.905356e+00, 3.150006e-10, 4.826584e-10, 6.960829e+01, -6.906226e-02
6.256000e+08, 1.675754e-01, 9.504579e-01, -2.095391e-01, -1.916880e+00, 3.154217e-10, 4.825425e-10, 6.957511e+01, -7.160603e-02
6.294000e+08, 1.676036e-01, 9.503676e-01, -2.170702e-01, -1.928401e+00, 3.158333e-10, 4.824295e-10, 6.953880e+01, -7.414384e-02
6.332000e+08, 1.676197e-01, 9.502798e-01, -2.246111e-01, -1.939920e+00, 3.162354e-10, 4.823196e-10, 6.949938e+01, -7.667485e-02
6.370000e+08, 1.676237e-01, 9.501947e-01, -2.321615e-01, -1.951436e+00, 3.166282e-10, 4.822128e-10, 6.945686e+01, -7.919821e-02
6.408000e+08, 1.676155e-01, 9.501123e-01, -2.397214e-01, -1.962949e+00, 3.170117e-10, 4.821091e-10, 6.941125e+01, -8.171307e-02
6.446000e+08, 1.675952e-01, 9.500326e-01, -2.472904e-01, -1.974460e+00, 3.173858e-10, 4.820087e-10, 6.936257e+01, -8.421858e-02
6.484000e+08, 1.675626e-01, 9.499558e-01, -2.548683e-01, -1.985968e+00, 3.177505e-10, 4.819116e-10, 6.931083e+01, -8.671390e-02
6.522000e+08, 1.675178e-01, 9.498819e-01, -2.624550e-01, -1.997475e+00, 3.181060e-10, 4.818178e-10, 6.925605e+01, -8.919818e-02
6.560000e+08, 1.674608e-01, 9.498110e-01, -2.700501e-01, -2.008979e+00, 3.184520e-10, 4.817274e-10, 6.919826e+01, -9.167060e-02
6.598000e+08, 1.673915e-01, 9.497430e-01, -2.776535e-01, -2.020480e+00, 3.187887e-10, 4.816405e-10, 6.913747e+01, -9.413030e-02
6.636000e+08, 1.673100e-01, 9.496781e-01, -2.852649e-01, -2.031980e+00, 3.191159e-10, 4.815571e-10, 6.907371e+01, -9.657646e-02
6.674000e+08, 1.672162e-01, 9.496163e-01, -2.928842e-01, -2.043478e+00, 3.194337e-10, 4.814772e-10, 6.900700e+01, -9.900825e-02
6.712000e+08, 1.671101e-01, 9.495577e-01, -3.005110e-01, -2.054974e+00, 3.197420e-10, 4.814009e-10, 6.893737e+01, -1.014248e-01
6.750000e+08, 1.669916e-01, 9.495023e-01, -3.081452e-01, -2.066468e+00, 3.200407e-10, 4.813283e-10, 6.886484e+01, -1.038254e-01
6.788000e+08, 1.668609e-01, 9.494501e-01, -3.157865e-01, -2.077960e+00, 3.203297e-10, 4.812593e-10, 6.878944e+01, -1.062091e-01
6.826000e+08, 1.667177e-01, 9.494012e-01, -3.234347e-01, -2.089450e+00, 3.206090e-10, 4.811941e-10, 6.871120e+01, -1.085752e-01
6.864000e+08, 1.665623e-01, 9.493557e-01, -3.310896e-01, -2.100939e+00, 3.208785e-10, 4.811326e-10, 6.863015e+01, -1.109228e-01
6.902000e+08, 1.663944e-01, 9.493135e-01, -3.387510e-01, -2.112427e+00, 3.211380e-10, 4.810749e-10, 6.854632e+01, -1.132512e-01
6.940000e+08, 1.662141e-01, 9.492747e-01, -3.464185e-01, -2.123913e+00, 3.213875e-10, 4.810210e-10, 6.845976e+01, -1.155595e-01
6.978000e+08, 1.660215e-01, 9.492393e-01, -3.540920e-01, -2.135398e+00, 3.216268e-10, 4.809709e-10, 6.837048e+01, -1.178469e-01
7.016000e+08, 1.658164e-01, 9.492074e-01, -3.617712e-01, -2.146882e+00, 3.218558e-10, 4.809247e-10, 6.827853e+01, -1.201127e-01
7.054000e+08, 1.655989e-01, 9.491790e-01, -3.694558e-01, -2.158364e+00, 3.220744e-10, 4.808824e-10, 6.818394e+01, -1.223561e-01
7.092000e+08, 1.653689e-01, 9.491541e-01, -3.771457e-01, -2.169846e+00, 3.222823e-10, 4.808440e-10, 6.808676e+01, -1.245763e-01
7.130000e+08, 1.651265e-01, 9.491327e-01, -3.848406e-01, -2.181327e+00, 3.224796e-10, 4.808094e-10, 6.798701e+01, -1.267725e-01
7.168000e+08, 1.648717e-01, 9.491149e-01, -3.925401e-01, -2.192807e+00, 3.226659e-10, 4.807788e-10, 6.788475e+01, -1.289441e-01
7.206000e+08, 1.646043e-01, 9.491007e-01, -4.002441e-01, -2.204286e+00, 3.228411e-10, 4.807522e-10, 6.778000e+01, -1.310901e-01
7.244000e+08, 1.643245e-01, 9.490901e-01, -4.079523e-01, -2.215764e+00, 3.230050e-10, 4.807295e-10, 6.767283e+01, -1.332099e-01
7.282000e+08, 1.640322e-01, 9.490830e-01, -4.156644e-01, -2.227242e+00, 3.231574e-10, 4.807108e-10, 6.756325e+01, -1.353028e-01
7.320000e+08, 1.637273e-01, 9.490796e-01, -4.233801e-01, -2.238720e+00, 3.232980e-10, 4.806960e-10, 6.745134e+01, -1.373680e-01
7.358000e+08, 1.634100e-01, 9.490798e-01, -4.310992e-01, -2.250197e+00, 3.234268e-10, 4.806851e-10, 6.733711e+01, -1.394049e-01
7.396000e+08, 1.630801e-01, 9.490836e-01, -4.388214e-01, -2.261674e+00, 3.235434e-10, 4.806783e-10, 6.722063e+01, -1.414126e-01
7.434000e+08, 1.627378e-01, 9.490911e-01, -4.465464e-01, -2.273150e+00, 3.236475e-10, 4.806754e-10, 6.710194e+01, -1.433905e-01
7.472000e+08, 1.623829e-01, 9.491022e-01, -4.542738e-01, -2.284627e+00, 3.237390e-10, 4.806764e-10, 6.698109e+01, -1.453379e-01
7.510000e+08, 1.620154e-01, 9.491169e-01, -4.620034e-01, -2.296104e+00, 3.238175e-10, 4.806814e-10, 6.685813e+01, -1.472541e-01
7.548000e+08, 1.616354e-01, 9.491353e-01, -4.697349e-01, -2.307580e+00, 3.238827e-10, 4.806903e-10, 6.673310e+01, -1.491384e-01
7.586000e+08, 1.612429e-01, 9.491573e-01, -4.774680e-01, -2.319057e+00, 3.239344e-10, 4.807031e-10, 6.660605e+01, -1.509903e-01
7.624000e+08, 1.608379e-01, 9.491830e-01, -4.852023e-01, -2.330535e+00, 3.239723e-10, 4.807199e-10, 6.647705e+01, -1.528089e-01
7.662000e+08, 1.604203e-01, 9.492122e-01, -4.929375e-01, -2.342013e+00, 3.239960e-10, 4.807405e-10, 6.634613e+01, -1.545938e-01
7.700000e+08, 1.599902e-01, 9.492451e-01, -5.006732e-01, -2.353491e+00, 3.240052e-10, 4.807650e-10, 6.621335e+01, -1.563442e-01
7.738000e+08, 1.595475e-01, 9.492815e-01, -5.084092e-01, -2.364970e+00, 3.239994e-10, 4.807933e-10, 6.607876e+01, -1.580595e-01
7.776000e+08, 1.590923e-01, 9.493216e-01, -5.161451e-01, -2.376449e+00, 3.239785e-10, 4.808255e-10, 6.594242e+01, -1.597391e-01
7.814000e+08, 1.586245e-01, 9.493652e-01, -5.238804e-01, -2.387929e+00, 3.239419e-10, 4.808614e-10, 6.580438e+01, -1.613824e-01
7.852000e+08, 1.581443e-01, 9.494123e-01, -5.316149e-01, -2.399410e+00, 3.238893e-10, 4.809011e-10, 6.566469e+01, -1.629889e-01
7.890000e+08, 1.576515e-01, 9.494630e-01, -5.393481e-01, -2.410892e+00, 3.238202e-10, 4.809446e-10, 6.552342e+01, -1.645578e-01
7.928000e+08, 1.571461e-01, 9.495171e-01, -5.470797e-01, -2.422375e+00, 3.237342e-10, 4.809918e-10, 6.538060e+01, -1.660888e-01
7.966000e+08, 1.566283e-01, 9.495748e-01, -5.548092e-01, -2.433860e+00, 3.236308e-10, 4.810426e-10, 6.523631e+01, -1.675812e-01
8.004000e+08, 1.560980e-01, 9.496359e-01, -5.625362e-01, -2.445345e+00, 3.235096e-10, 4.810971e-10, 6.509060e+01, -1.690344e-01
8.042000e+08, 1.555551e-01, 9.497004e-01, -5.702604e-01, -2.456832e+00, 3.233701e-10, 4.811552e-10, 6.494352e+01, -1.704480e-01
8.080000e+08, 1.549998e-01, 9.497682e-01, -5.779812e-01, -2.468320e+00, 3.232118e-10, 4.812169e-10, 6.479512e+01, -1.718214e-01
8.118000e+08, 1.544320e-01, 9.498395e-01, -5.856982e-01, -2.479810e+00, 3.230340e-10, 4.812820e-10, 6.464548e+01, -1.731542e-01
8.156000e+08, 1.538518e-01, 9.499140e-01, -5.934110e-01, -2.491301e+00, 3.228363e-10, 4.813506e-10, 6.449463e+01, -1.744457e-01
8.194000e+08, 1.532591e-01, 9.499919e-01, -6.011191e-01, -2.502793e+00, 3.226181e-10, 4.814227e-10, 6.434265e+01, -1.756956e-01
8.232000e+08, 1.526540e-01, 9.500729e-01, -6.088219e-01, -2.514288e+00, 3.223788e-10, 4.814981e-10, 6.418959e+01, -1.769033e-01
8.270000e+08, 1.520365e-01, 9.501572e-01, -6.165191e-01, -2.525784e+00, 3.221176e-10, 4.815769e-10, 6.403550e+01, -1.780684e-01
8.308000e+08, 1.514066e-01, 9.502446e-01, -6.242100e-01, -2.537282e+00, 3.218340e-10, 4.816590e-10, 6.388045e+01, -1.791905e-01
8.346000e+08, 1.507643e-01, 9.503352e-01, -6.318942e-01, -2.548783e+00, 3.215273e-10, 4.817443e-10, 6.372449e+01, -1.802692e-01
8.384000e+08, 1.501097e-01, 9.504288e-01, -6.395710e-01, -2.560285e+00, 3.211967e-10, 4.818327e-10, 6.356768e+01, -1.813039e-01
8.422000e+08, 1.494427e-01, 9.505254e-01, -6.472399e-01, -2.571789e+00, 3.208415e-10, 4.819243e-10, 6.341008e+01, -1.822944e-01
8.460000e+08, 1.487634e-01, 9.506250e-01, -6.549003e-01, -2.583295e+00, 3.204609e-10, 4.820189e-10, 6.325175e+01, -1.832401e-01
8.498000e+08, 1.480719e-01, 9.507276e-01, -6.625517e-01, -2.594804e+00, 3.200541e-10, 4.821165e-10, 6.309275e+01, -1.841408e-01
8.536000e+08, 1.473681e-01, 9.508330e-01, -6.701933e-01, -2.606315e+00, 3.196202e-10, 4.822171e-10, 6.293313e+01, -1.849961e-01
8.574000e+08, 1.466521e-01, 9.509412e-01, -6.778246e-01, -2.617829e+00, 3.191584e-10, 4.823205e-10, 6.277295e+01, -1.858056e-01
8.612000e+08, 1.459239e-01, 9.510522e-01, -6.854449e-01, -2.629345e+00, 3.186677e-10, 4.824268e-10, 6.261227e+01, -1.865690e-01
8.650000e+08, 1.451836e-01, 9.511658e-01, -6.930534e-01, -2.640863e+00, 3.181471e-10, 4.825358e-10, 6.245115e+01, -1.872860e-01
8.688000e+08, 1.444311e-01, 9.512822e-01, -7.006495e-01, -2.652384e+00, 3.175956e-10, 4.826474e-10, 6.228964e+01, -1.879562e-01
8.726000e+08, 1.436665e-01, 9.514011e-01, -7.082325e-01, -2.663908e+00, 3.170122e-10, 4.827617e-10, 6.212782e+01, -1.885793e-01
8.764000e+08, 1.428899e-01, 9.515225e-01, -7.158015e-01, -2.675434e+00, 3.163958e-10, 4.828786e-10, 6.196572e+01, -1.891552e-01
8.802000e+08, 1.421012e-01, 9.516464e-01, -7.233558e-01, -2.686964e+00, 3.157451e-10, 4.829979e-10, 6.180341e+01, -1.896834e-01
8.840000e+08, 1.413006e-01, 9.517727e-01, -7.308946e-01, -2.698496e+00, 3.150590e-10, 4.831196e-10, 6.164095e+01, -1.901639e-01
8.878000e+08, 1.404881e-01, 9.519013e-01, -7.384170e-01, -2.710031e+00, 3.143362e-10, 4.832436e-10, 6.147839e+01, -1.905962e-01
8.916000e+08, 1.396637e-01, 9.520322e-01, -7.459221e-01, -2.721569e+00, 3.135754e-10, 4.833699e-10, 6.131579e+01, -1.909803e-01
8.954000e+08, 1.388274e-01, 9.521653e-01, -7.534090e-01, -2.733110e+00, 3.127752e-10, 4.834983e-10, 6.115321e+01, -1.913158e-01
8.992000e+08, 1.379794e-01, 9.523005e-01, -7.608769e-01, -2.744654e+00, 3.119341e-10, 4.836289e-10, 6.099071e+01, -1.916027e-01
9.030000e+08, 1.371196e-01, 9.524378e-01, -7.683247e-01, -2.756201e+00, 3.110506e-10, 4.837615e-10, 6.082833e+01, -1.918407e-01
9.068000e+08, 1.362481e-01, 9.525770e-01, -7.757513e-01, -2.767751e+00, 3.101231e-10, 4.838960e-10, 6.066614e+01, -1.920297e-01
9.106000e+08, 1.353650e-01, 9.527182e-01, -7.831559e-01, -2.779305e+00, 3.091500e-10, 4.840324e-10, 6.050419e+01, -1.921695e-01
9.144000e+08, 1.344703e-01, 9.528612e-01, -7.905372e-01, -2.790862e+00, 3.081294e-10, 4.841706e-10, 6.034254e+01, -1.922601e-01
9.182000e+08, 1.335641e-01, 9.530060e-01, -7.978941e-01, -2.802422e+00, 3.070595e-10, 4.843104e-10, 6.018123e+01, -1.923012e-01
9.220000e+08, 1.326465e-01, 9.531525e-01, -8.052255e-01, -2.813985e+00, 3.059384e-10, 4.844519e-10, 6.002034e+01, -1.922928e-01
9.258000e+08, 1.317174e-01, 9.533006e-01, -8.125301e-01, -2.825552e+00, 3.047640e-10, 4.845950e-10, 5.985990e+01, -1.922348e-01
9.296000e+08, 1.307770e-01, 9.534503e-01, -8.198067e-01, -2.837122e+00, 3.035342e-10, 4.847395e-10, 5.969998e+01, -1.921271e-01
9.334000e+08, 1.298254e-01, 9.536014e-01, -8.270539e-01, -2.848696e+00, 3.022468e-10, 4.848854e-10, 5.954062e+01, -1.919698e-01
9.372000e+08, 1.288625e-01, 9.537539e-01, -8.342704e-01, -2.860273e+00, 3.008994e-10, 4.850326e-10, 5.938188e+01, -1.917627e-01
9.410000e+08, 1.278885e-01, 9.539077e-01, -8.414547e-01, -2.871854e+00, 2.994894e-10, 4.851810e-10, 5.922382e+01, -1.915058e-01
9.448000e+08, 1.269035e-01, 9.540628e-01, -8.486053e-01, -2.883438e+00, 2.980144e-10, 4.853305e-10, 5.906648e+01, -1.911992e-01
9.486000e+08, 1.259075e-01, 9.542190e-01, -8.557207e-01, -2.895026e+00, 2.964714e-10, 4.854810e-10, 5.890992e+01, -1.908429e-01
9.524000e+08, 1.249007e-01, 9.543763e-01, -8.627993e-01, -2.906617e+00, 2.948576e-10, 4.856326e-10, 5.875418e+01, -1.904368e-01
9.562000e+08, 1.238830e-01, 9.545346e-01, -8.698394e-01, -2.918212e+00, 2.931699e-10, 4.857849e-10, 5.859933e+01, -1.899811e-01
9.600000e+08, 1.228546e-01, 9.546938e-01, -8.768391e-01, -2.929811e+00, 2.914051e-10, 4.859381e-10, 5.844540e+01, -1.894758e-01
9.638000e+08, 1.218156e-01, 9.548538e-01, -8.837967e-01, -2.941413e+00, 2.895598e-10, 4.860919e-10, 5.829245e+01, -1.889211e-01
9.676000e+08, 1.207660e-01, 9.550146e-01, -8.907103e-01, -2.953019e+00, 2.876304e-10, 4.862464e-10, 5.814053e+01, -1.883169e-01
9.714000e+08, 1.197059e-01, 9.551760e-01, -8.975778e-01, -2.964629e+00, 2.856130e-10, 4.864014e-10, 5.798969e+01, -1.876634e-01
9.752000e+08, 1.186356e-01, 9.553380e-01, -9.043971e-01, -2.976242e+00, 2.835035e-10, 4.865568e-10, 5.783998e+01, -1.869608e-01
9.790000e+08, 1.175549e-01, 9.555006e-01, -9.111661e-01, -2.987859e+00, 2.812979e-10, 4.867126e-10, 5.769144e+01, -1.862092e-01
9.828000e+08, 1.164641e-01, 9.556635e-01, -9.178824e-01, -2.999480e+00, 2.789914e-10, 4.868686e-10, 5.754412e+01, -1.854088e-01
9.866000e+08, 1.153633e-01, 9.558268e-01, -9.245436e-01, -3.011105e+00, 2.765794e-10, 4.870249e-10, 5.739807e+01, -1.845597e-01
9.904000e+08, 1.142526e-01, 9.559904e-01, -9.311472e-01, -3.022733e+00, 2.740567e-10, 4.871812e-10, 5.725334e+01, -1.836623e-01
9.942000e+08, 1.131320e-01, 9.561541e-01, -9.376907e-01, -3.034365e+00, 2.714181e-10, 4.873375e-10, 5.710996e+01, -1.827167e-01
9.980000e+08, 1.120017e-01, 9.563179e-01, -9.441711e-01, -3.046001e+00, 2.686577e-10, 4.874938e-10, 5.696800e+01, -1.817231e-01
1.001800e+09, 1.108618e-01, 9.564817e-01, -9.505856e-01, -3.057640e+00, 2.657695e-10, 4.876499e-10, 5.682749e+01, -1.806819e-01
1.005600e+09, 1.097125e-01, 9.566455e-01, -9.569311e-01, -3.069283e+00, 2.627472e-10, 4.878057e-10, 5.668847e+01, -1.795932e-01
1.009400e+09, 1.085538e-01, 9.568091e-01, -9.632045e-01, -3.080930e+00, 2.595837e-10, 4.879612e-10, 5.655100e+01, -1.784575e-01
1.013200e+09, 1.073860e-01, 9.569724e-01, -9.694023e-01, -3.092581e+00, 2.562720e-10, 4.881164e-10, 5.641511e+01, -1.772750e-01
1.017000e+09, 1.062091e-01, 9.571355e-01, -9.755211e-01, -3.104235e+00, 2.528041e-10, 4.882710e-10, 5.628085e+01, -1.760461e-01
1.020800e+09, 1.050233e-01, 9.572981e-01, -9.815571e-01, -3.115893e+00, 2.491719e-10, 4.884250e-10, 5.614825e+01, -1.747712e-01
1.024600e+09, 1.038287e-01, 9.574603e-01, -9.875063e-01, -3.127555e+00, 2.453666e-10, 4.885784e-10, 5.601737e+01, -1.734505e-01
1.028400e+09, 1.026254e-01, 9.576219e-01, -9.933647e-01, -3.139220e+00, 2.413787e-10, 4.887311e-10, 5.588824e+01, -1.720845e-01
1.032200e+09, 1.014138e-01, 9.577828e-01, -9.991279e-01, 3.132296e+00, 2.371983e-10, 4.888829e-10, 5.576091e+01, -1.706737e-01
1.036000e+09, 1.001938e-01, 9.579431e-01, -1.004791e+00, 3.120623e+00, 2.328145e-10, 4.890339e-10, 5.563541e+01, -1.692184e-01
1.039800e+09, 9.896567e-02, 9.581025e-01, -1.010350e+00, 3.108947e+00, 2.282161e-10, 4.891839e-10, 5.551178e+01, -1.677191e-01
1.043600e+09, 9.772959e-02, 9.582611e-01, -1.015799e+00, 3.097267e+00, 2.233907e-10, 4.893328e-10, 5.539007e+01, -1.661763e-01
1.047400e+09, 9.648574e-02, 9.584187e-01, -1.021133e+00, 3.085584e+00, 2.183251e-10, 4.894806e-10, 5.527030e+01, -1.645905e-01
1.051200e+09, 9.523429e-02, 9.585753e-01, -1.026345e+00, 3.073897e+00, 2.130055e-10, 4.896272e-10, 5.515252e+01, -1.629622e-01
1.055000e+09, 9.397544e-02, 9.587308e-01, -1.031431e+00, 3.062207e+00, 2.074166e-10, 4.897726e-10, 5.503677e+01, -1.612919e-01
1.058800e+09, 9.270939e-02, 9.588851e-01, -1.036383e+00, 3.050513e+00, 2.015423e-10, 4.899166e-10, 5.492309e+01, -1.595802e-01
1.062600e+09, 9.143635e-02, 9.590382e-01, -1.041195e+00, 3.038816e+00, 1.953652e-10, 4.900592e-10, 5.481150e+01, -1.578277e-01
1.066400e+09, 9.015654e-02, 9.591899e-01, -1.045860e+00, 3.027115e+00, 1.888666e-10, 4.902003e-10, 5.470204e+01, -1.560349e-01
1.070200e+09, 8.887018e-02, 9.593402e-01, -1.050369e+00, 3.015411e+00, 1.820266e-10, 4.903398e-10, 5.459475e+01, -1.542024e-01
1.074000e+09, 8.757751e-02, 9.594891e-01, -1.054715e+00, 3.003703e+00, 1.748234e-10, 4.904778e-10, 5.448967e+01, -1.523310e-01
1.077800e+09, 8.627876e-02, 9.596364e-01, -1.058890e+00, 2.991993e+00, 1.672338e-10, 4.906140e-10, 5.438682e+01, -1.504211e-01
1.081600e+09, 8.497421e-02, 9.597821e-01, -1.062882e+00, 2.980279e+00, 1.592326e-10, 4.907486e-10, 5.428624e+01, -1.484736e-01
1.085400e+09, 8.366411e-02, 9.599261e-01, -1.066684e+00, 2.968562e+00, 1.507928e-10, 4.908813e-10, 5.418796e+01, -1.464891e-01
1.089200e+09, 8.234874e-02, 9.600684e-01, -1.070285e+00, 2.956841e+00, 1.418851e-10, 4.910121e-10, 5.409202e+01, -1.444682e-01
1.093000e+09, 8.102839e-02, 9.602089e-01, -1.073672e+00, 2.945118e+00, 1.324779e-10, 4.911410e-10, 5.399844e+01, -1.424118e-01
1.096800e+09, 7.970338e-02, 9.603475e-01, -1.076835e+00, 2.933391e+00, 1.225371e-10, 4.912679e-10, 5.390725e+01, -1.403206e-01
1.100600e+09, 7.837402e-02, 9.604841e-01, -1.079761e+00, 2.921662e+00, 1.120256e-10, 4.913927e-10, 5.381849e+01, -1.381953e-01
1.104400e+09, 7.704065e-02, 9.606188e-01, -1.082436e+00, 2.909929e+00, 1.009035e-10, 4.915155e-10, 5.373219e+01, -1.360367e-01
1.108200e+09, 7.570362e-02, 9.607513e-01, -1.084845e+00, 2.898194e+00, 8.912738e-11, 4.916361e-10, 5.364836e+01, -1.338456e-01
1.112000e+09, 7.436332e-02, 9.608818e-01, -1.086973e+00, 2.886455e+00, 7.665019e-11, 4.917545e-10, 5.356705e+01, -1.316229e-01
1.115800e+09, 7.302013e-02, 9.610100e-01, -1.088803e+00, 2.874714e+00, 6.342098e-11, 4.918706e-10, 5.348827e+01, -1.293694e-01
1.119600e+09, 7.167447e-02, 9.611360e-01, -1.090317e+00, 2.862970e+00, 4.938440e-11, 4.919844e-10, 5.341206e+01, -1.270858e-01
1.123400e+09, 7.032679e-02, 9.612598e-01, -1.091496e+00, 2.851224e+00, 3.448040e-11, 4.920959e-10, 5.333843e+01, -1.247732e-01
1.127200e+09, 6.897755e-02, 9.613811e-01, -1.092320e+00, 2.839474e+00, 1.864378e-11, 4.922049e-10, 5.326742e+01, -1.224324e-01
1.131000e+09, 6.762726e-02, 9.615001e-01, -1.092765e+00, 2.827722e+00, 1.803716e-12, 4.923115e-10, 5.319905e+01, -1.200643e-01
1.134800e+09, 6.627644e-02, 9.616165e-01, -1.092808e+00, 2.815968e+00, -1.611669e-11, 4.924156e-10, 5.313334e+01, -1.176698e-01
1.138600e+09, 6.492567e-02, 9.617305e-01, -1.092423e+00, 2.804211e+00, -3.520093e-11, 4.925172e-10, 5.307031e+01, -1.152499e-01
1.142400e+09, 6.357553e-02, 9.618419e-01, -1.091583e+00, 2.792451e+00, -5.553966e-11, 4.926162e-10, 5.301000e+01, -1.128054e-01
1.146200e+09, 6.222669e-02, 9.619507e-01, -1.090257e+00, 2.780690e+00, -7.723122e-11, 4.927127e-10, 5.295241e+01, -1.103375e-01
1.150000e+09, 6.087984e-02, 9.620569e-01, -1.088413e+00, 2.768926e+00, -1.003822e-10, 4.928064e-10, 5.289757e+01, -1.078471e-01
1.153800e+09, 5.953571e-02, 9.621603e-01, -1.086016e+00, 2.757159e+00, -1.251079e-10, 4.928975e-10, 5.284549e+01, -1.053351e-01
1.157600e+09, 5.819512e-02, 9.622610e-01, -1.083029e+00, 2.745391e+00, -1.515333e-10, 4.929859e-10, 5.279621e+01, -1.028027e-01
1.161400e+09, 5.685892e-02, 9.623589e-01, -1.079411e+00, 2.733620e+00, -1.797927e-10, 4.930715e-10, 5.274973e+01, -1.002507e-01
1.165200e+09, 5.552804e-02, 9.624540e-01, -1.075118e+00, 2.721848e+00, -2.100309e-10, 4.931544e-10, 5.270608e+01, -9.768036e-02
1.169000e+09, 5.420351e-02, 9.625462e-01, -1.070103e+00, 2.710073e+00, -2.424032e-10, 4.932345e-10, 5.266527e+01, -9.509263e-02
1.172800e+09, 5.288640e-02, 9.626356e-01, -1.064316e+00, 2.698297e+00, -2.770750e-10, 4.933117e-10, 5.262732e+01, -9.248859e-02
1.176600e+09, 5.157792e-02, 9.627219e-01, -1.057700e+00, 2.686518e+00, -3.142220e-10, 4.933861e-10, 5.259223e+01, -8.986934e-02
1.180400e+09, 5.027934e-02, 9.628053e-01, -1.050198e+00, 2.674738e+00, -3.540293e-10, 4.934577e-10, 5.256004e+01, -8.723595e-02
1.184200e+09, 4.899207e-02, 9.628857e-01, -1.041745e+00, 2.662956e+00, -3.966899e-10, 4.935263e-10, 5.253075e+01, -8.458955e-02
1.188000e+09, 4.771766e-02, 9.629631e-01, -1.032274e+00, 2.651173e+00, -4.424028e-10, 4.935920e-10, 5.250437e+01, -8.193124e-02
1.191800e+09, 4.645775e-02, 9.630374e-01, -1.021711e+00, 2.639388e+00, -4.913696e-10, 4.936548e-10, 5.248092e+01, -7.926215e-02
1.195600e+09, 4.521420e-02, 9.631086e-01, -1.009979e+00, 2.627601e+00, -5.437904e-10, 4.937147e-10, 5.246041e+01, -7.658341e-02
1.199400e+09, 4.398897e-02, 9.631766e-01, -9.969951e-01, 2.615813e+00, -5.998571e-10, 4.937716e-10, 5.244284e+01, -7.389617e-02
1.203200e+09, 4.278427e-02, 9.632415e-01, -9.826729e-01, 2.604024e+00, -6.597454e-10, 4.938255e-10, 5.242823e+01, -7.120158e-02
1.207000e+09, 4.160246e-02, 9.633033e-01, -9.669207e-01, 2.592233e+00, -7.236036e-10, 4.938765e-10, 5.241659e+01, -6.850079e-02
1.210800e+09, 4.044615e-02, 9.633618e-01, -9.496439e-01, 2.580441e+00, -7.915389e-10, 4.939244e-10, 5.240793e+01, -6.579498e-02
1.214600e+09, 3.931818e-02, 9.634172e-01, -9.307450e-01, 2.568648e+00, -8.635995e-10, 4.939694e-10, 5.240225e+01, -6.308531e-02
1.218400e+09, 3.822162e-02, 9.634693e-01, -9.101256e-01, 2.556854e+00, -9.397531e-10, 4.940113e-10, 5.239955e+01, -6.037297e-02
1.222200e+09, 3.715984e-02, 9.635181e-01, -8.876880e-01, 2.545059e+00, -1.019861e-09, 4.940502e-10, 5.239985e+01, -5.765914e-02
1.226000e+09, 3.613644e-02, 9.635637e-01, -8.633377e-01, 2.533263e+00, -1.103649e-09, 4.940861e-10, 5.240315e+01, -5.494500e-02
1.229800e+09, 3.515532e-02, 9.636060e-01, -8.369869e-01, 2.521466e+00, -1.190672e-09, 4.941189e-10, 5.240945e+01, -5.223175e-02
1.233600e+09, 3.422064e-02, 9.636450e-01, -8.085582e-01, 2.509669e+00, -1.280285e-09, 4.941488e-10, 5.241875e+01, -4.952058e-02
1.237400e+09, 3.333683e-02, 9.636807e-01, -7.779900e-01, 2.497870e+00, -1.371606e-09, 4.941756e-10, 5.243107e+01, -4.681269e-02
1.241200e+09, 3.250852e-02, 9.637131e-01, -7.452414e-01, 2.486071e+00, -1.463489e-09, 4.941993e-10, 5.244639e+01, -4.410927e-02
1.245000e+09, 3.174052e-02, 9.637422e-01, -7.102990e-01, 2.474272e+00, -1.554511e-09, 4.942201e-10, 5.246472e+01, -4.141153e-02
1.248800e+09, 3.103776e-02, 9.637679e-01, -6.731833e-01, 2.462472e+00, -1.642977e-09, 4.942378e-10, 5.248606e+01, -3.872067e-02
1.252600e+09, 3.040517e-02, 9.637903e-01, -6.339554e-01, 2.450671e+00, -1.726941e-09, 4.942525e-10, 5.251040e+01, -3.603789e-02
1.256400e+09, 2.984761e-02, 9.638094e-01, -5.927228e-01, 2.438871e+00, -1.804277e-09, 4.942641e-10, 5.253775e+01, -3.336437e-02
1.260200e+09, 2.936970e-02, 9.638251e-01, -5.496437e-01, 2.427069e+00, -1.872764e-09, 4.942728e-10, 5.256810e+01, -3.070133e-02
1.264000e+09, 2.897572e-02, 9.638375e-01, -5.049294e-01, 2.415268e+00, -1.930220e-09, 4.942784e-10, 5.260144e+01, -2.804996e-02
1.267800e+09, 2.866942e-02, 9.638465e-01, -4.588433e-01, 2.403467e+00, -1.974648e-09, 4.942811e-10, 5.263778e+01, -2.541144e-02
1.271600e+09, 2.845387e-02, 9.638522e-01, -4.116964e-01, 2.391665e+00, -2.004400e-09, 4.942807e-10, 5.267710e+01, -2.278696e-02
1.275400e+09, 2.833136e-02, 9.638546e-01, -3.638391e-01, 2.379864e+00, -2.018314e-09, 4.942774e-10, 5.271940e+01, -2.017772e-02
1.279200e+09, 2.830327e-02, 9.638536e-01, -3.156496e-01, 2.368062e+00, -2.015832e-09, 4.942711e-10, 5.276466e+01, -1.758487e-02
1.283000e+09, 2.837001e-02, 9.638493e-01, -2.675194e-01, 2.356261e+00, -1.997045e-09, 4.942619e-10, 5.281289e+01, -1.500961e-02
1.286800e+09, 2.853101e-02, 9.638417e-01, -2.198378e-01, 2.344460e+00, -1.962694e-09, 4.942497e-10, 5.286407e+01, -1.245308e-02
1.290600e+09, 2.878474e-02, 9.638307e-01, -1.729763e-01, 2.332659e+00, -1.914089e-09, 4.942345e-10, 5.291819e+01, -9.916461e-03
1.294400e+09, 2.912878e-02, 9.638165e-01, -1.272753e-01, 2.320859e+00, -1.852994e-09, 4.942165e-10, 5.297524e+01, -7.400889e-03
1.298200e+09, 2.955995e-02, 9.637990e-01, -8.303299e-02, 2.309059e+00, -1.781475e-09, 4.941956e-10, 5.303520e+01, -4.907512e-03
1.302000e+09, 3.007443e-02, 9.637782e-01, -4.049831e-02, 2.297259e+00, -1.701738e-09, 4.941718e-10, 5.309807e+01, -2.437461e-03
1.305800e+09, 3.066793e-02, 9.637541e-01, 1.325544e-04, 2.285460e+00, -1.615989e-09, 4.941451e-10, 5.316382e+01, 8.137994e-06
1.309600e+09, 3.133582e-02, 9.637268e-01, 3.871607e-02, 2.273662e+00, -1.526312e-09, 4.941156e-10, 5.323244e+01, 2.428173e-03
1.313400e+09, 3.207327e-02, 9.636963e-01, 7.515845e-02, 2.261865e+00, -1.434586e-09, 4.940832e-10, 5.330392e+01, 4.821540e-03
1.317200e+09, 3.287541e-02, 9.636626e-01, 1.094108e-01, 2.250068e+00, -1.342431e-09, 4.940480e-10, 5.337824e+01, 7.187148e-03
1.321000e+09, 3.373739e-02, 9.636256e-01, 1.414628e-01, 2.238272e+00, -1.251191e-09, 4.940101e-10, 5.345537e+01, 9.523918e-03
1.324800e+09, 3.465448e-02, 9.635855e-01, 1.713363e-01, 2.226477e+00, -1.161933e-09, 4.939694e-10, 5.353530e+01, 1.183078e-02
1.328600e+09, 3.562214e-02, 9.635423e-01, 1.990788e-01, 2.214683e+00, -1.075471e-09, 4.939259e-10, 5.361801e+01, 1.410669e-02
1.332400e+09, 3.663605e-02, 9.634959e-01, 2.247568e-01, 2.202890e+00, -9.923904e-10, 4.938798e-10, 5.370348e+01, 1.635059e-02
1.336200e+09, 3.769215e-02, 9.634465e-01, 2.484513e-01, 2.191098e+00, -9.130826e-10, 4.938309e-10, 5.379168e+01, 1.856147e-02
1.340000e+09, 3.878665e-02, 9.633939e-01, 2.702521e-01, 2.179307e+00, -8.377810e-10, 4.937794e-10, 5.388259e+01, 2.073831e-02
1.343800e+09, 3.991601e-02, 9.633384e-01, 2.902551e-01, 2.167518e+00, -7.665912e-10, 4.937252e-10, 5.397619e+01, 2.288012e-02
1.347600e+09, 4.107697e-02, 9.632798e-01, 3.085583e-01, 2.155729e+00, -6.995203e-10, 4.936685e-10, 5.407245e+01, 2.498591e-02
1.351400e+09, 4.226652e-02, 9.632182e-01, 3.252601e-01, 2.143942e+00, -6.365013e-10, 4.936091e-10, 5.417134e+01, 2.705472e-02
1.355200e+09, 4.348190e-02, 9.631536e-01, 3.404573e-01, 2.132157e+00, -5.774139e-10, 4.935472e-10, 5.427284e+01, 2.908559e-02
1.359000e+09, 4.472057e-02, 9.630862e-01, 3.542437e-01, 2.120373e+00, -5.221005e-10, 4.934827e-10, 5.437691e+01, 3.107761e-02
1.362800e+09, 4.598021e-02, 9.630158e-01, 3.667094e-01, 2.108591e+00, -4.703799e-10, 4.934158e-10, 5.448354e+01, 3.302984e-02
1.366600e+09, 4.725868e-02, 9.629426e-01, 3.779402e-01, 2.096810e+00, -4.220573e-10, 4.933464e-10, 5.459267e+01, 3.494140e-02
1.370400e+09, 4.855403e-02, 9.628666e-01, 3.880173e-01, 2.085031e+00, -3.769315e-10, 4.932745e-10, 5.470430e+01, 3.681140e-02
1.374200e+09, 4.986447e-02, 9.627877e-01, 3.970170e-01, 2.073253e+00, -3.348013e-10, 4.932003e-10, 5.481838e+01, 3.863898e-02
1.378000e+09, 5.118836e-02, 9.627061e-01, 4.050107e-01, 2.061477e+00, -2.954691e-10, 4.931236e-10, 5.493487e+01, 4.042330e-02
1.381800e+09, 5.252418e-02, 9.626219e-01, 4.120654e-01, 2.049703e+00, -2.587440e-10, 4.930447e-10, 5.505375e+01, 4.216354e-02
1.385600e+09, 5.387056e-02, 9.625349e-01, 4.182432e-01, 2.037931e+00, -2.244435e-10, 4.929634e-10, 5.517498e+01, 4.385888e-02
1.389400e+09, 5.522620e-02, 9.624453e-01, 4.236020e-01, 2.026161e+00, -1.923947e-10, 4.928799e-10, 5.529852e+01, 4.550855e-02
1.393200e+09, 5.658995e-02, 9.623531e-01, 4.281956e-01, 2.014393e+00, -1.624351e-10, 4.927941e-10, 5.542433e+01, 4.711179e-02
1.397000e+09, 5.796070e-02, 9.622584e-01, 4.320740e-01, 2.002627e+00, -1.344124e-10, 4.927062e-10, 5.555237e+01, 4.866783e-02
1.400800e+09, 5.933744e-02, 9.621612e-01, 4.352832e-01, 1.990863e+00, -1.081848e-10, 4.926161e-10, 5.568261e+01, 5.017597e-02
1.404600e+09, 6.071926e-02, 9.620615e-01, 4.378662e-01, 1.979102e+00, -8.362071e-11, 4.925239e-10, 5.581500e+01, 5.163550e-02
1.408400e+09, 6.210526e-02, 9.619594e-01, 4.398628e-01, 1.967342e+00, -6.059797e-11, 4.924296e-10, 5.594950e+01, 5.304573e-02
1.412200e+09, 6.349466e-02, 9.618549e-01, 4.413096e-01, 1.955585e+00, -3.900380e-11, 4.923333e-10, 5.608606e+01, 5.440600e-02
1.416000e+09, 6.488669e-02, 9.617482e-01, 4.422409e-01, 1.943830e+00, -1.873401e-11, 4.922350e-10, 5.622465e+01, 5.571567e-02
1.419800e+09, 6.628064e-02, 9.616391e-01, 4.426882e-01, 1.932077e+00, 3.074846e-13, 4.921347e-10, 5.636521e+01, 5.697412e-02
1.423600e+09, 6.767586e-02, 9.615278e-01, 4.426808e-01, 1.920327e+00, 1.820922e-11, 4.920325e-10, 5.650771e+01, 5.818076e-02
1.427400e+09, 6.907173e-02, 9.614144e-01, 4.422461e-01, 1.908579e+00, 3.505276e-11, 4.919285e-10, 5.665208e+01, 5.933501e-02
1.431200e+09, 7.046765e-02, 9.612988e-01, 4.414091e-01, 1.896834e+00, 5.091322e-11, 4.918226e-10, 5.679829e+01, 6.043631e-02
1.435000e+09, 7.186309e-02, 9.611812e-01, 4.401935e-01, 1.885091e+00, 6.585975e-11, 4.917150e-10, 5.694629e+01, 6.148414e-02
1.438800e+09, 7.325751e-02, 9.610616e-01, 4.386211e-01, 1.873351e+00, 7.995604e-11, 4.916057e-10, 5.709601e+01, 6.247799e-02
1.442600e+09, 7.465043e-02, 9.609400e-01, 4.367120e-01, 1.861613e+00, 9.326074e-11, 4.914946e-10, 5.724742e+01, 6.341737e-02
1.446400e+09, 7.604138e-02, 9.608164e-01, 4.344853e-01, 1.849878e+00, 1.058279e-10, 4.913819e-10, 5.740045e+01, 6.430182e-02
1.450200e+09, 7.742991e-02, 9.606911e-01, 4.319586e-01, 1.838146e+00, 1.177073e-10, 4.912677e-10, 5.755506e+01, 6.513089e-02
1.454000e+09, 7.881561e-02, 9.605639e-01, 4.291482e-01, 1.826416e+00, 1.289449e-10, 4.911519e-10, 5.771118e+01, 6.590418e-02
1.457800e+09, 8.019807e-02, 9.604350e-01, 4.260695e-01, 1.814690e+00, 1.395830e-10, 4.910346e-10, 5.786876e+01, 6.662128e-02
1.461600e+09, 8.157690e-02, 9.603045e-01, 4.227368e-01, 1.802966e+00, 1.496609e-10, 4.909159e-10, 5.802775e+01, 6.728184e-02
1.465400e+09, 8.295174e-02, 9.601723e-01, 4.191634e-01, 1.791244e+00, 1.592145e-10, 4.907958e-10, 5.818809e+01, 6.788549e-02
1.469200e+09, 8.432223e-02, 9.600385e-01, 4.153620e-01, 1.779526e+00, 1.682773e-10, 4.906743e-10, 5.834971e+01, 6.843192e-02
1.473000e+09, 8.568803e-02, 9.599032e-01, 4.113442e-01, 1.767811e+00, 1.768801e-10, 4.905516e-10, 5.851255e+01, 6.892082e-02
1.476800e+09, 8.704882e-02, 9.597665e-01, 4.071210e-01, 1.756098e+00, 1.850517e-10, 4.904276e-10, 5.867656e+01, 6.935193e-02
1.480600e+09, 8.840429e-02, 9.596284e-01, 4.027027e-01, 1.744389e+00, 1.928183e-10, 4.903025e-10, 5.884167e+01, 6.972499e-02
1.484400e+09, 8.975413e-02, 9.594890e-01, 3.980989e-01, 1.732682e+00, 2.002047e-10, 4.901763e-10, 5.900782e+01, 7.003976e-02
1.488200e+09, 9.109805e-02, 9.593483e-01, 3.933188e-01, 1.720979e+00, 2.072335e-10, 4.900489e-10, 5.917493e+01, 7.029605e-02
1.492000e+09, 9.243576e-02, 9.592064e-01, 3.883709e-01, 1.709278e+00, 2.139259e-10, 4.899206e-10, 5.934296e+01, 7.049368e-02
1.495800e+09, 9.376701e-02, 9.590634e-01, 3.832632e-01, 1.697581e+00, 2.203016e-10, 4.897913e-10, 5.951182e+01, 7.063249e-02
1.499600e+09, 9.509151e-02, 9.589193e-01, 3.780032e-01, 1.685887e+00, 2.263787e-10, 4.896611e-10, 5.968145e+01, 7.071236e-02
1.503400e+09, 9.640902e-02, 9.587742e-01, 3.725982e-01, 1.674195e+00, 2.321743e-10, 4.895301e-10, 5.985178e+01, 7.073316e-02
1.507200e+09, 9.771928e-02, 9.586281e-01, 3.670548e-01, 1.662507e+00, 2.377042e-10, 4.893982e-10, 6.002275e+01, 7.069483e-02
1.511000e+09, 9.902206e-02, 9.584812e-01, 3.613793e-01, 1.650822e+00, 2.429831e-10, 4.892657e-10, 6.019428e+01, 7.059730e-02
1.514800e+09, 1.003171e-01, 9.583334e-01, 3.555778e-01, 1.639141e+00, 2.480248e-10, 4.891325e-10, 6.036629e+01, 7.044054e-02
1.518600e+09, 1.016042e-01, 9.581849e-01, 3.496560e-01, 1.627462e+00, 2.528421e-10, 4.889986e-10, 6.053872e+01, 7.022455e-02
1.522400e+09, 1.028832e-01, 9.580357e-01, 3.436191e-01, 1.615787e+00, 2.574469e-10, 4.888643e-10, 6.071150e+01, 6.994933e-02
1.526200e+09, 1.041537e-01, 9.578858e-01, 3.374723e-01, 1.604114e+00, 2.618505e-10, 4.887294e-10, 6.088454e+01, 6.961494e-02
1.530000e+09, 1.054157e-01, 9.577354e-01, 3.312203e-01, 1.592445e+00, 2.660633e-10, 4.885941e-10, 6.105777e+01, 6.922144e-02
1.533800e+09, 1.066688e-01, 9.575846e-01, 3.248677e-01, 1.580780e+00, 2.700951e-10, 4.884584e-10, 6.123112e+01, 6.876893e-02
1.537600e+09, 1.079129e-01, 9.574332e-01, 3.184189e-01, 1.569117e+00, 2.739550e-10, 4.883224e-10, 6.140451e+01, 6.825751e-02
1.541400e+09, 1.091479e-01, 9.572816e-01, 3.118779e-01, 1.557458e+00, 2.776518e-10, 4.881861e-10, 6.157785e+01, 6.768733e-02
1.545200e+09, 1.103734e-01, 9.571296e-01, 3.052487e-01, 1.545802e+00, 2.811934e-10, 4.880497e-10, 6.175108e+01, 6.705857e-02
1.549000e+09, 1.115893e-01, 9.569774e-01, 2.985349e-01, 1.534149e+00, 2.845874e-10, 4.879131e-10, 6.192411e+01, 6.637141e-02
1.552800e+09, 1.127955e-01, 9.568251e-01, 2.917401e-01, 1.522500e+00, 2.878408e-10, 4.877764e-10, 6.209687e+01, 6.562608e-02
1.556600e+09, 1.139917e-01, 9.566726e-01, 2.848675e-01, 1.510854e+00, 2.909604e-10, 4.876398e-10, 6.226926e+01, 6.482282e-02
1.560400e+09, 1.151778e-01, 9.565201e-01, 2.779205e-01, 1.499211e+00, 2.939524e-10, 4.875031e-10, 6.244121e+01, 6.396189e-02
1.564200e+09, 1.163536e-01, 9.563677e-01, 2.709021e-01, 1.487571e+00, 2.968228e-10, 4.873666e-10, 6.261264e+01, 6.304360e-02
1.568000e+09, 1.175189e-01, 9.562154e-01, 2.638151e-01, 1.475935e+00, 2.995770e-10, 4.872303e-10, 6.278346e+01, 6.206827e-02
1.571800e+09, 1.186736e-01, 9.560632e-01, 2.566624e-01, 1.464301e+00, 3.022202e-10, 4.870942e-10, 6.295360e+01, 6.103624e-02
1.575600e+09, 1.198175e-01, 9.559113e-01, 2.494466e-01, 1.452672e+00, 3.047575e-10, 4.869584e-10, 6.312296e+01, 5.994788e-02
1.579400e+09, 1.209504e-01, 9.557597e-01, 2.421701e-01, 1.441045e+00, 3.071934e-10, 4.868230e-10, 6.329147e+01, 5.880361e-02
1.583200e+09, 1.220722e-01, 9.556084e-01, 2.348356e-01, 1.429421e+00, 3.095324e-10, 4.866880e-10, 6.345903e+01, 5.760383e-02
1.587000e+09, 1.231828e-01, 9.554576e-01, 2.274451e-01, 1.417801e+00, 3.117784e-10, 4.865534e-10, 6.362557e+01, 5.634900e-02
1.590800e+09, 1.242819e-01, 9.553073e-01, 2.200011e-01, 1.406184e+00, 3.139355e-10, 4.864194e-10, 6.379100e+01, 5.503960e-02
1.594600e+09, 1.253695e-01, 9.551575e-01, 2.125055e-01, 1.394570e+00, 3.160073e-10, 4.862861e-10, 6.395523e+01, 5.367613e-02
1.598400e+09, 1.264453e-01, 9.550084e-01, 2.049605e-01, 1.382960e+00, 3.179973e-10, 4.861533e-10, 6.411818e+01, 5.225912e-02
1.602200e+09, 1.275093e-01, 9.548600e-01, 1.973680e-01, 1.371352e+00, 3.199088e-10, 4.860213e-10, 6.427977e+01, 5.078911e-02
1.606000e+09, 1.285613e-01, 9.547123e-01, 1.897298e-01, 1.359748e+00, 3.217449e-10, 4.858901e-10, 6.443990e+01, 4.926669e-02
1.609800e+09, 1.296011e-01, 9.545654e-01, 1.820478e-01, 1.348147e+00, 3.235084e-10, 4.857597e-10, 6.459849e+01, 4.769246e-02
1.613600e+09, 1.306287e-01, 9.544195e-01, 1.743236e-01, 1.336549e+00, 3.252023e-10, 4.856302e-10, 6.475546e+01, 4.606705e-02
1.617400e+09, 1.316439e-01, 9.542745e-01, 1.665591e-01, 1.324954e+00, 3.268290e-10, 4.855017e-10, 6.491072e+01, 4.439112e-02
1.621200e+09, 1.326465e-01, 9.541304e-01, 1.587557e-01, 1.313362e+00, 3.283912e-10, 4.853742e-10, 6.506419e+01, 4.266534e-02
1.625000e+09, 1.336365e-01, 9.539875e-01, 1.509150e-01, 1.301773e+00, 3.298912e-10, 4.852478e-10, 6.521578e+01, 4.089043e-02
1.628800e+09, 1.346137e-01, 9.538457e-01, 1.430385e-01, 1.290187e+00, 3.313312e-10, 4.851225e-10, 6.536541e+01, 3.906710e-02
1.632600e+09, 1.355780e-01, 9.537051e-01, 1.351276e-01, 1.278605e+00, 3.327133e-10, 4.849984e-10, 6.551299e+01, 3.719613e-02
1.636400e+09, 1.365293e-01, 9.535658e-01, 1.271837e-01, 1.267025e+00, 3.340395e-10, 4.848756e-10, 6.565844e+01, 3.527827e-02
1.640200e+09, 1.374675e-01, 9.534277e-01, 1.192081e-01, 1.255448e+00, 3.353117e-10, 4.847540e-10, 6.580168e+01, 3.331435e-02
1.644000e+09, 1.383923e-01, 9.532911e-01, 1.112022e-01, 1.243874e+00, 3.365318e-10, 4.846339e-10, 6.594263e+01, 3.130519e-02
1.647800e+09, 1.393038e-01, 9.531558e-01, 1.031671e-01, 1.232303e+00, 3.377015e-10, 4.845151e-10, 6.608120e+01, 2.925164e-02
1.651600e+09, 1.402018e-01, 9.530221e-01, 9.510410e-02, 1.220734e+00, 3.388223e-10, 4.843979e-10, 6.621731e+01, 2.715457e-02
1.655400e+09, 1.410862e-01, 9.528899e-01, 8.701434e-02, 1.209169e+00, 3.398958e-10, 4.842821e-10, 6.635089e+01, 2.501489e-02
1.659200e+09, 1.419569e-01, 9.527593e-01, 7.889896e-02, 1.197606e+00, 3.409234e-10, 4.841679e-10, 6.648186e+01, 2.283352e-02
1.663000e+09, 1.428138e-01, 9.526304e-01, 7.075903e-02, 1.186046e+00, 3.419066e-10, 4.840554e-10, 6.661014e+01, 2.061140e-02
1.666800e+09, 1.436568e-01, 9.525032e-01, 6.259564e-02, 1.174488e+00, 3.428466e-10, 4.839446e-10, 6.673564e+01, 1.834950e-02
1.670600e+09, 1.444857e-01, 9.523777e-01, 5.440979e-02, 1.162934e+00, 3.437448e-10, 4.838354e-10, 6.685831e+01, 1.604881e-02
1.674400e+09, 1.453006e-01, 9.522541e-01, 4.620251e-02, 1.151382e+00, 3.446022e-10, 4.837281e-10, 6.697806e+01, 1.371034e-02
1.678200e+09, 1.461012e-01, 9.521323e-01, 3.797475e-02, 1.139832e+00, 3.454199e-10, 4.836226e-10, 6.709482e+01, 1.133513e-02
1.682000e+09, 1.468875e-01, 9.520125e-01, 2.972747e-02, 1.128285e+00, 3.461991e-10, 4.835190e-10, 6.720853e+01, 8.924220e-03
1.685800e+09, 1.476594e-01, 9.518946e-01, 2.146158e-02, 1.116741e+00, 3.469407e-10, 4.834173e-10, 6.731911e+01, 6.478693e-03
1.689600e+09, 1.484169e-01, 9.517788e-01, 1.317799e-02, 1.105198e+00, 3.476458e-10, 4.833176e-10, 6.742649e+01, 3.999640e-03
1.693400e+09, 1.491597e-01, 9.516650e-01, 4.877564e-03, 1.093659e+00, 3.483150e-10, 4.832200e-10, 6.753062e+01, 1.488175e-03
1.697200e+09, 1.498879e-01, 9.515534e-01, -3.438842e-03, 1.082121e+00, 3.489494e-10, 4.831244e-10, 6.763142e+01, -1.054572e-03
1.701000e+09, 1.506013e-01, 9.514439e-01, -1.177040e-02, 1.070586e+00, 3.495497e-10, 4.830309e-10, 6.772883e+01, -3.627450e-03
1.704800e+09, 1.512999e-01, 9.513366e-01, -2.011628e-02, 1.059053e+00, 3.501167e-10, 4.829396e-10, 6.782280e+01, -6.229292e-03
1.708600e+09, 1.519836e-01, 9.512316e-01, -2.847570e-02, 1.047523e+00, 3.506511e-10, 4.828504e-10, 6.791327e+01, -8.858914e-03
1.712400e+09, 1.526522e-01, 9.511289e-01, -3.684789e-02, 1.035994e+00, 3.511535e-10, 4.827635e-10, 6.800018e+01, -1.151511e-02
1.716200e+09, 1.533058e-01, 9.510285e-01, -4.523206e-02, 1.024467e+00, 3.516246e-10, 4.826789e-10, 6.808348e+01, -1.419668e-02
1.720000e+09, 1.539442e-01, 9.509305e-01, -5.362749e-02, 1.012943e+00, 3.520649e-10, 4.825967e-10, 6.816311e+01, -1.690237e-02
1.723800e+09, 1.545675e-01, 9.508349e-01, -6.203343e-02, 1.001420e+00, 3.524751e-10, 4.825167e-10, 6.823904e+01, -1.963094e-02
1.727600e+09, 1.551754e-01, 9.507418e-01, -7.044916e-02, 9.898998e-01, 3.528556e-10, 4.824392e-10, 6.831121e+01, -2.238114e-02
1.731400e+09, 1.557679e-01, 9.506511e-01, -7.887398e-02, 9.783810e-01, 3.532070e-10, 4.823641e-10, 6.837957e+01, -2.515169e-02
1.735200e+09, 1.563450e-01, 9.505630e-01, -8.730718e-02, 9.668640e-01, 3.535296e-10, 4.822915e-10, 6.844410e+01, -2.794131e-02
1.739000e+09, 1.569066e-01, 9.504775e-01, -9.574809e-02, 9.553488e-01, 3.538239e-10, 4.822214e-10, 6.850474e+01, -3.074870e-02
1.742800e+09, 1.574527e-01, 9.503946e-01, -1.041960e-01, 9.438352e-01, 3.540903e-10, 4.821538e-10, 6.856147e+01, -3.357255e-02
1.746600e+09, 1.579831e-01, 9.503143e-01, -1.126503e-01, 9.323233e-01, 3.543292e-10, 4.820888e-10, 6.861425e+01, -3.641154e-02
1.750400e+09, 1.584978e-01, 9.502367e-01, -1.211103e-01, 9.208129e-01, 3.545408e-10, 4.820264e-10, 6.866305e+01, -3.926435e-02
1.754200e+09, 1.589968e-01, 9.501618e-01, -1.295754e-01, 9.093040e-01, 3.547255e-10, 4.819666e-10, 6.870784e+01, -4.212965e-02
1.758000e+09, 1.594799e-01, 9.500896e-01, -1.380448e-01, 8.977965e-01, 3.548836e-10, 4.819094e-10, 6.874860e+01, -4.500610e-02
1.761800e+09, 1.599473e-01, 9.500201e-01, -1.465181e-01, 8.862904e-01, 3.550152e-10, 4.818549e-10, 6.878531e+01, -4.789234e-02
1.765600e+09, 1.603987e-01, 9.499535e-01, -1.549945e-01, 8.747855e-01, 3.551207e-10, 4.818032e-10, 6.881794e+01, -5.078702e-02
1.769400e+09, 1.608341e-01, 9.498896e-01, -1.634734e-01, 8.632820e-01, 3.552002e-10, 4.817541e-10, 6.884649e+01, -5.368879e-02
1.773200e+09, 1.612536e-01, 9.498286e-01, -1.719542e-01, 8.517795e-01, 3.552539e-10, 4.817079e-10, 6.887094e+01, -5.659629e-02
1.777000e+09, 1.616570e-01, 9.497704e-01, -1.804362e-01, 8.402782e-01, 3.552819e-10, 4.816644e-10, 6.889127e+01, -5.950814e-02
1.780800e+09, 1.620443e-01, 9.497151e-01, -1.889190e-01, 8.287780e-01, 3.552844e-10, 4.816236e-10, 6.890749e+01, -6.242299e-02
1.784600e+09, 1.624155e-01, 9.496627e-01, -1.974018e-01, 8.172787e-01, 3.552614e-10, 4.815857e-10, 6.891959e+01, -6.533946e-02
1.788400e+09, 1.627704e-01, 9.496132e-01, -2.058841e-01, 8.057803e-01, 3.552131e-10, 4.815507e-10, 6.892756e+01, -6.825618e-02
1.792200e+09, 1.631092e-01, 9.495667e-01, -2.143652e-01, 7.942827e-01, 3.551394e-10, 4.815184e-10, 6.893142e+01, -7.117180e-02
1.796000e+09, 1.634317e-01, 9.495231e-01, -2.228445e-01, 7.827859e-01, 3.550404e-10, 4.814891e-10, 6.893116e+01, -7.408494e-02
1.799800e+09, 1.637379e-01, 9.494824e-01, -2.313215e-01, 7.712899e-01, 3.549162e-10, 4.814626e-10, 6.892679e+01, -7.699424e-02
1.803600e+09, 1.640278e-01, 9.494447e-01, -2.397955e-01, 7.597944e-01, 3.547667e-10, 4.814390e-10, 6.891833e+01, -7.989834e-02
1.807400e+09, 1.643014e-01, 9.494101e-01, -2.482659e-01, 7.482995e-01, 3.545918e-10, 4.814183e-10, 6.890578e+01, -8.279589e-02
1.811200e+09, 1.645586e-01, 9.493784e-01, -2.567322e-01, 7.368051e-01, 3.543915e-10, 4.814005e-10, 6.888918e+01, -8.568553e-02
1.815000e+09, 1.647994e-01, 9.493497e-01, -2.651937e-01, 7.253112e-01, 3.541658e-10, 4.813856e-10, 6.886853e+01, -8.856593e-02
1.818800e+09, 1.650237e-01, 9.493240e-01, -2.736498e-01, 7.138176e-01, 3.539145e-10, 4.813736e-10, 6.884386e+01, -9.143575e-02
1.822600e+09, 1.652316e-01, 9.493013e-01, -2.820999e-01, 7.023242e-01, 3.536375e-10, 4.813646e-10, 6.881520e+01, -9.429365e-02
1.826400e+09, 1.654231e-01, 9.492817e-01, -2.905434e-01, 6.908311e-01, 3.533347e-10, 4.813585e-10, 6.878257e+01, -9.713831e-02
1.830200e+09, 1.655980e-01, 9.492651e-01, -2.989796e-01, 6.793382e-01, 3.530059e-10, 4.813553e-10, 6.874601e+01, -9.996844e-02
1.834000e+09, 1.657565e-01, 9.492515e-01, -3.074081e-01, 6.678453e-01, 3.526509e-10, 4.813551e-10, 6.870556e+01, -1.027827e-01
1.837800e+09, 1.658984e-01, 9.492410e-01, -3.158280e-01, 6.563524e-01, 3.522694e-10, 4.813579e-10, 6.866124e+01, -1.055799e-01
1.841600e+09, 1.660238e-01, 9.492335e-01, -3.242388e-01, 6.448594e-01, 3.518614e-10, 4.813635e-10, 6.861310e+01, -1.083586e-01
1.845400e+09, 1.661327e-01, 9.492290e-01, -3.326399e-01, 6.333663e-01, 3.514265e-10, 4.813721e-10, 6.856118e+01, -1.111177e-01
1.849200e+09, 1.662251e-01, 9.492275e-01, -3.410306e-01, 6.218730e-01, 3.509644e-10, 4.813836e-10, 6.850553e+01, -1.138558e-01
1.853000e+09, 1.663009e-01, 9.492291e-01, -3.494102e-01, 6.103795e-01, 3.504749e-10, 4.813981e-10, 6.844619e+01, -1.165718e-01
1.856800e+09, 1.663602e-01, 9.492336e-01, -3.577782e-01, 5.988856e-01, 3.499576e-10, 4.814155e-10, 6.838322e+01, -1.192645e-01
1.860600e+09, 1.664029e-01, 9.492412e-01, -3.661338e-01, 5.873912e-01, 3.494122e-10, 4.814357e-10, 6.831667e+01, -1.219325e-01
1.864400e+09, 1.664292e-01, 9.492518e-01, -3.744764e-01, 5.758964e-01, 3.488384e-10, 4.814589e-10, 6.824658e+01, -1.245748e-01
1.868200e+09, 1.664388e-01, 9.492653e-01, -3.828053e-01, 5.644011e-01, 3.482357e-10, 4.814850e-10, 6.817303e+01, -1.271901e-01
1.872000e+09, 1.664320e-01, 9.492818e-01, -3.911199e-01, 5.529051e-01, 3.476037e-10, 4.815140e-10, 6.809607e+01, -1.297773e-01
1.875800e+09, 1.664087e-01, 9.493013e-01, -3.994193e-01, 5.414084e-01, 3.469421e-10, 4.815458e-10, 6.801576e+01, -1.323353e-01
1.879600e+09, 1.663688e-01, 9.493237e-01, -4.077029e-01, 5.299110e-01, 3.462503e-10, 4.815804e-10, 6.793216e+01, -1.348630e-01
1.883400e+09, 1.663125e-01, 9.493491e-01, -4.159700e-01, 5.184127e-01, 3.455279e-10, 4.816180e-10, 6.784534e+01, -1.373592e-01
1.887200e+09, 1.662397e-01, 9.493773e-01, -4.242199e-01, 5.069135e-01, 3.447744e-10, 4.816583e-10, 6.775536e+01, -1.398229e-01
1.891000e+09, 1.661505e-01, 9.494085e-01, -4.324517e-01, 4.954134e-01, 3.439892e-10, 4.817014e-10, 6.766230e+01, -1.422531e-01
1.894800e+09, 1.660448e-01, 9.494425e-01, -4.406649e-01, 4.839123e-01, 3.431718e-10, 4.817473e-10, 6.756623e+01, -1.446486e-01
1.898600e+09, 1.659228e-01, 9.494794e-01, -4.488585e-01, 4.724100e-01, 3.423216e-10, 4.817960e-10, 6.746721e+01, -1.470086e-01
1.902400e+09, 1.657844e-01, 9.495190e-01, -4.570318e-01, 4.609066e-01, 3.414380e-10, 4.818474e-10, 6.736533e+01, -1.493319e-01
1.906200e+09, 1.656297e-01, 9.495615e-01, -4.651840e-01, 4.494020e-01, 3.405203e-10, 4.819015e-10, 6.726066e+01, -1.516177e-01
1.910000e+09, 1.654587e-01, 9.496068e-01, -4.733143e-01, 4.378960e-01, 3.395680e-10, 4.819583e-10, 6.715327e+01, -1.538650e-01
1.913800e+09, 1.652714e-01, 9.496548e-01, -4.814218e-01, 4.263888e-01, 3.385802e-10, 4.820178e-10, 6.704324e+01, -1.560728e-01
1.917600e+09, 1.650679e-01, 9.497056e-01, -4.895058e-01, 4.148800e-01, 3.375564e-10, 4.820799e-10, 6.693065e+01, -1.582404e-01
1.921400e+09, 1.648483e-01, 9.497590e-01, -4.975654e-01, 4.033699e-01, 3.364957e-10, 4.821446e-10, 6.681559e+01, -1.603667e-01
1.925200e+09, 1.646125e-01, 9.498151e-01, -5.055996e-01, 3.918581e-01, 3.353973e-10, 4.822119e-10, 6.669812e+01, -1.624510e-01
1.929000e+09, 1.643606e-01, 9.498738e-01, -5.136075e-01, 3.803448e-01, 3.342605e-10, 4.822817e-10, 6.657835e+01, -1.644925e-01
1.932800e+09, 1.640927e-01, 9.499351e-01, -5.215884e-01, 3.688298e-01, 3.330843e-10, 4.823540e-10, 6.645634e+01, -1.664903e-01
1.936600e+09, 1.638088e-01, 9.499990e-01, -5.295411e-01, 3.573130e-01, 3.318680e-10, 4.824288e-10, 6.633219e+01, -1.684437e-01
1.940400e+09, 1.635090e-01, 9.500654e-01, -5.374648e-01, 3.457945e-01, 3.306106e-10, 4.825061e-10, 6.620597e+01, -1.703519e-01
1.944200e+09, 1.631934e-01, 9.501343e-01, -5.453585e-01, 3.342742e-01, 3.293111e-10, 4.825857e-10, 6.607778e+01, -1.722142e-01
1.948000e+09, 1.628620e-01, 9.502056e-01, -5.532212e-01, 3.227519e-01, 3.279686e-10, 4.826678e-10, 6.594769e+01, -1.740300e-01
1.951800e+09, 1.625148e-01, 9.502794e-01, -5.610518e-01, 3.112277e-01, 3.265820e-10, 4.827521e-10, 6.581581e+01, -1.757986e-01
1.955600e+09, 1.621520e-01, 9.503555e-01, -5.688493e-01, 2.997014e-01, 3.251503e-10, 4.828388e-10, 6.568220e+01, -1.775192e-01
1.959400e+09, 1.617736e-01, 9.504339e-01, -5.766126e-01, 2.881731e-01, 3.236724e-10, 4.829277e-10, 6.554696e+01, -1.791914e-01
1.963200e+09, 1.613797e-01, 9.505146e-01, -5.843407e-01, 2.766427e-01, 3.221472e-10, 4.830188e-10, 6.541019e+01, -1.808145e-01
1.967000e+09, 1.609704e-01, 9.505976e-01, -5.920323e-01, 2.651101e-01, 3.205734e-10, 4.831121e-10, 6.527195e+01, -1.823880e-01
1.970800e+09, 1.605458e-01, 9.506828e-01, -5.996864e-01, 2.535752e-01, 3.189499e-10, 4.832075e-10, 6.513235e+01, -1.839114e-01
1.974600e+09, 1.601059e-01, 9.507701e-01, -6.073016e-01, 2.420381e-01, 3.172753e-10, 4.833050e-10, 6.499147e+01, -1.853841e-01
1.978400e+09, 1.596509e-01, 9.508595e-01, -6.148769e-01, 2.304987e-01, 3.155484e-10, 4.834045e-10, 6.484940e+01, -1.868057e-01
1.982200e+09, 1.591808e-01, 9.509510e-01, -6.224110e-01, 2.189569e-01, 3.137678e-10, 4.835060e-10, 6.470622e+01, -1.881756e-01
1.986000e+09, 1.586958e-01, 9.510445e-01, -6.299026e-01, 2.074126e-01, 3.119321e-10, 4.836094e-10, 6.456203e+01, -1.894937e-01
1.989800e+09, 1.581959e-01, 9.511399e-01, -6.373503e-01, 1.958659e-01, 3.100399e-10, 4.837148e-10, 6.441691e+01, -1.907593e-01
1.993600e+09, 1.576812e-01, 9.512372e-01, -6.447528e-01, 1.843167e-01, 3.080895e-10, 4.838220e-10, 6.427095e+01, -1.919722e-01
1.997400e+09, 1.571520e-01, 9.513364e-01, -6.521088e-01, 1.727649e-01, 3.060796e-10, 4.839309e-10, 6.412424e+01, -1.931320e-01
2.001200e+09, 1.566082e-01, 9.514374e-01, -6.594168e-01, 1.612105e-01, 3.040083e-10, 4.840416e-10, 6.397686e+01, -1.942384e-01
2.005000e+09, 1.560500e-01, 9.515402e-01, -6.666753e-01, 1.496535e-01, 3.018742e-10, 4.841541e-10, 6.382890e+01, -1.952911e-01
2.008800e+09, 1.554775e-01, 9.516446e-01, -6.738829e-01, 1.380938e-01, 2.996754e-10, 4.842681e-10, 6.368044e+01, -1.962900e-01
2.012600e+09, 1.548908e-01, 9.517507e-01, -6.810380e-01, 1.265314e-01, 2.974102e-10, 4.843837e-10, 6.353158e+01, -1.972347e-01
2.016400e+09, 1.542902e-01, 9.518583e-01, -6.881390e-01, 1.149662e-01, 2.950766e-10, 4.845009e-10, 6.338239e+01, -1.981251e-01
2.020200e+09, 1.536757e-01, 9.519675e-01, -6.951843e-01, 1.033982e-01, 2.926729e-10, 4.846195e-10, 6.323296e+01, -1.989610e-01
2.024000e+09, 1.530474e-01, 9.520781e-01, -7.021721e-01, 9.182734e-02, 2.901969e-10, 4.847395e-10, 6.308337e+01, -1.997422e-01
2.027800e+09, 1.524056e-01, 9.521901e-01, -7.091009e-01, 8.025365e-02, 2.876468e-10, 4.848609e-10, 6.293371e+01, -2.004687e-01
2.031600e+09, 1.517503e-01, 9.523035e-01, -7.159688e-01, 6.867706e-02, 2.850203e-10, 4.849836e-10, 6.278406e+01, -2.011404e-01
2.035400e+09, 1.510817e-01, 9.524182e-01, -7.227740e-01, 5.709754e-02, 2.823153e-10, 4.851076e-10, 6.263450e+01, -2.017572e-01
2.039200e+09, 1.504000e-01, 9.525340e-01, -7.295146e-01, 4.551506e-02, 2.795294e-10, 4.852327e-10, 6.248512e+01, -2.023190e-01
2.043000e+09, 1.497053e-01, 9.526511e-01, -7.361886e-01, 3.392960e-02, 2.766605e-10, 4.853590e-10, 6.233598e+01, -2.028260e-01
2.046800e+09, 1.489979e-01, 9.527692e-01, -7.427942e-01, 2.234111e-02, 2.737061e-10, 4.854863e-10, 6.218718e+01, -2.032781e-01
2.050600e+09, 1.482779e-01, 9.528884e-01, -7.493292e-01, 1.074959e-02, 2.706636e-10, 4.856146e-10, 6.203879e+01, -2.036754e-01
2.054400e+09, 1.475454e-01, 9.530086e-01, -7.557916e-01, -8.449933e-04, 2.675306e-10, 4.857439e-10, 6.189089e+01, -2.040179e-01
2.058200e+09, 1.468007e-01, 9.531297e-01, -7.621792e-01, -1.244267e-02, 2.643043e-10, 4.858741e-10, 6.174355e+01, -2.043058e-01
2.062000e+09, 1.460440e-01, 9.532516e-01, -7.684898e-01, -2.404345e-02, 2.609821e-10, 4.860051e-10, 6.159685e+01, -2.045393e-01
2.065800e+09, 1.452754e-01, 9.533743e-01, -7.747210e-01, -3.564735e-02, 2.575612e-10, 4.861368e-10, 6.145087e+01, -2.047184e-01
2.069600e+09, 1.444952e-01, 9.534977e-01, -7.808706e-01, -4.725441e-02, 2.540385e-10, 4.862693e-10, 6.130568e+01, -2.048434e-01
2.073400e+09, 1.437035e-01, 9.536218e-01, -7.869360e-01, -5.886462e-02, 2.504112e-10, 4.864023e-10, 6.116135e+01, -2.049145e-01
2.077200e+09, 1.429007e-01, 9.537464e-01, -7.929149e-01, -7.047802e-02, 2.466761e-10, 4.865360e-10, 6.101795e+01, -2.049320e-01
2.081000e+09, 1.420869e-01, 9.538716e-01, -7.988045e-01, -8.209460e-02, 2.428301e-10, 4.866701e-10, 6.087556e+01, -2.048961e-01
2.084800e+09, 1.412624e-01, 9.539972e-01, -8.046024e-01, -9.371439e-02, 2.388699e-10, 4.868047e-10, 6.073425e+01, -2.048072e-01
2.088600e+09, 1.404273e-01, 9.541232e-01, -8.103057e-01, -1.053374e-01, 2.347922e-10, 4.869397e-10, 6.059408e+01, -2.046655e-01
2.092400e+09, 1.395820e-01, 9.542495e-01, -8.159116e-01, -1.169636e-01, 2.305934e-10, 4.870750e-10, 6.045513e+01, -2.044714e-01
2.096200e+09, 1.387267e-01, 9.543761e-01, -8.214173e-01, -1.285931e-01, 2.262701e-10, 4.872105e-10, 6.031745e+01, -2.042254e-01
2.100000e+09, 1.378617e-01, 9.545028e-01, -8.268197e-01, -1.402258e-01, 2.218185e-10, 4.873462e-10, 6.018113e+01, -2.039278e-01
2.103800e+09, 1.369872e-01, 9.546297e-01, -8.321159e-01, -1.518617e-01, 2.172349e-10, 4.874820e-10, 6.004621e+01, -2.035791e-01
2.107600e+09, 1.361035e-01, 9.547566e-01, -8.373026e-01, -1.635009e-01, 2.125156e-10, 4.876179e-10, 5.991276e+01, -2.031798e-01
2.111400e+09, 1.352109e-01, 9.548835e-01, -8.423766e-01, -1.751433e-01, 2.076565e-10, 4.877538e-10, 5.978085e+01, -2.027303e-01
2.115200e+09, 1.343097e-01, 9.550103e-01, -8.473347e-01, -1.867889e-01, 2.026537e-10, 4.878895e-10, 5.965055e+01, -2.022311e-01
2.119000e+09, 1.334002e-01, 9.551369e-01, -8.521732e-01, -1.984378e-01, 1.975029e-10, 4.880252e-10, 5.952189e+01, -2.016829e-01
2.122800e+09, 1.324827e-01, 9.552633e-01, -8.568888e-01, -2.100900e-01, 1.922001e-10, 4.881606e-10, 5.939496e+01, -2.010861e-01
2.126600e+09, 1.315576e-01, 9.553894e-01, -8.614778e-01, -2.217453e-01, 1.867409e-10, 4.882957e-10, 5.926980e+01, -2.004415e-01
2.130400e+09, 1.306251e-01, 9.555152e-01, -8.659365e-01, -2.334039e-01, 1.811209e-10, 4.884305e-10, 5.914648e+01, -1.997495e-01
2.134200e+09, 1.296856e-01, 9.556405e-01, -8.702609e-01, -2.450658e-01, 1.753358e-10, 4.885649e-10, 5.902504e+01, -1.990110e-01
2.138000e+09, 1.287395e-01, 9.557653e-01, -8.744473e-01, -2.567308e-01, 1.693810e-10, 4.886988e-10, 5.890555e+01, -1.982264e-01
2.141800e+09, 1.277872e-01, 9.558895e-01, -8.784914e-01, -2.683990e-01, 1.632519e-10, 4.888321e-10, 5.878805e+01, -1.973966e-01
2.145600e+09, 1.268289e-01, 9.560131e-01, -8.823893e-01, -2.800704e-01, 1.569439e-10, 4.889648e-10, 5.867260e+01, -1.965223e-01
2.149400e+09, 1.258651e-01, 9.561360e-01, -8.861365e-01, -2.917450e-01, 1.504524e-10, 4.890969e-10, 5.855925e+01, -1.956043e-01
2.153200e+09, 1.248962e-01, 9.562582e-01, -8.897287e-01, -3.034227e-01, 1.437727e-10, 4.892282e-10, 5.844805e+01, -1.946432e-01
2.157000e+09, 1.239226e-01, 9.563794e-01, -8.931614e-01, -3.151036e-01, 1.369001e-10, 4.893588e-10, 5.833905e+01, -1.936399e-01
2.160800e+09, 1.229447e-01, 9.564998e-01, -8.964301e-01, -3.267876e-01, 1.298298e-10, 4.894884e-10, 5.823230e+01, -1.925953e-01
2.164600e+09, 1.219629e-01, 9.566192e-01, -8.995299e-01, -3.384746e-01, 1.225572e-10, 4.896171e-10, 5.812783e+01, -1.915102e-01
2.168400e+09, 1.209777e-01, 9.567376e-01, -9.024561e-01, -3.501648e-01, 1.150776e-10, 4.897448e-10, 5.802571e+01, -1.903855e-01
2.172200e+09, 1.199896e-01, 9.568549e-01, -9.052037e-01, -3.618580e-01, 1.073866e-10, 4.898715e-10, 5.792597e+01, -1.892220e-01
2.176000e+09, 1.189990e-01, 9.569710e-01, -9.077676e-01, -3.735542e-01, 9.947954e-11, 4.899970e-10, 5.782865e+01, -1.880208e-01
2.179800e+09, 1.180065e-01, 9.570858e-01, -9.101428e-01, -3.852534e-01, 9.135212e-11, 4.901214e-10, 5.773380e+01, -1.867826e-01
2.183600e+09, 1.170124e-01, 9.571994e-01, -9.123240e-01, -3.969556e-01, 8.300012e-11, 4.902445e-10, 5.764145e+01, -1.855086e-01
2.187400e+09, 1.160175e-01, 9.573116e-01, -9.143057e-01, -4.086607e-01, 7.441952e-11, 4.903663e-10, 5.755165e+01, -1.841997e-01
2.191200e+09, 1.150220e-01, 9.574224e-01, -9.160825e-01, -4.203688e-01, 6.560652e-11, 4.904867e-10, 5.746444e+01, -1.828569e-01
2.195000e+09, 1.140268e-01, 9.575317e-01, -9.176490e-01, -4.320797e-01, 5.655760e-11, 4.906057e-10, 5.737984e+01, -1.814813e-01
2.198800e+09, 1.130322e-01, 9.576395e-01, -9.189993e-01, -4.437934e-01, 4.726956e-11, 4.907231e-10, 5.729790e+01, -1.800739e-01
2.202600e+09, 1.120388e-01, 9.577456e-01, -9.201279e-01, -4.555100e-01, 3.773956e-11, 4.908391e-10, 5.721865e+01, -1.786357e-01
2.206400e+09, 1.110474e-01, 9.578501e-01, -9.210290e-01, -4.672293e-01, 2.796523e-11, 4.909534e-10, 5.714213e+01, -1.771680e-01
2.210200e+09, 1.100585e-01, 9.579529e-01, -9.216967e-01, -4.789514e-01, 1.794466e-11, 4.910661e-10, 5.706836e+01, -1.756717e-01
2.214000e+09, 1.090727e-01, 9.580539e-01, -9.221252e-01, -4.906761e-01, 7.676529e-12, 4.911770e-10, 5.699738e+01, -1.741481e-01
2.217800e+09, 1.080906e-01, 9.581530e-01, -9.223085e-01, -5.024035e-01, -2.839846e-12, 4.912862e-10, 5.692921e+01, -1.725983e-01
2.221600e+09, 1.071131e-01, 9.582503e-01, -9.222407e-01, -5.141335e-01, -1.360443e-11, 4.913935e-10, 5.686388e+01, -1.710234e-01
2.225400e+09, 1.061407e-01, 9.583455e-01, -9.219158e-01, -5.258661e-01, -2.461636e-11, 4.914990e-10, 5.680143e+01, -1.694247e-01
2.229200e+09, 1.051742e-01, 9.584388e-01, -9.213281e-01, -5.376012e-01, -3.587390e-11, 4.916025e-10, 5.674187e+01, -1.678034e-01
2.233000e+09, 1.042142e-01, 9.585300e-01, -9.204716e-01, -5.493387e-01, -4.737428e-11, 4.917040e-10, 5.668524e+01, -1.661607e-01
2.236800e+09, 1.032617e-01, 9.586191e-01, -9.193404e-01, -5.610787e-01, -5.911366e-11, 4.918034e-10, 5.663154e+01, -1.644978e-01
2.240600e+09, 1.023172e-01, 9.587061e-01, -9.179290e-01, -5.728210e-01, -7.108694e-11, 4.919008e-10, 5.658081e+01, -1.628160e-01
2.244400e+09, 1.013816e-01, 9.587908e-01, -9.162318e-01, -5.845657e-01, -8.328774e-11, 4.919960e-10, 5.653307e+01, -1.611165e-01
2.248200e+09, 1.004558e-01, 9.588732e-01, -9.142432e-01, -5.963127e-01, -9.570819e-11, 4.920891e-10, 5.648834e+01, -1.594007e-01
2.252000e+09, 9.954054e-02, 9.589533e-01, -9.119580e-01, -6.080618e-01, -1.083389e-10, 4.921798e-10, 5.644662e+01, -1.576698e-01
2.255800e+09, 9.863666e-02, 9.590311e-01, -9.093713e-01, -6.198132e-01, -1.211687e-10, 4.922683e-10, 5.640795e+01, -1.559253e-01
2.259600e+09, 9.774505e-02, 9.591064e-01, -9.064783e-01, -6.315666e-01, -1.341848e-10, 4.923545e-10, 5.637233e+01, -1.541683e-01
2.263400e+09, 9.686660e-02, 9.591793e-01, -9.032745e-01, -6.433221e-01, -1.473722e-10, 4.924383e-10, 5.633979e+01, -1.524002e-01
2.267200e+09, 9.600220e-02, 9.592497e-01, -8.997558e-01, -6.550796e-01, -1.607140e-10, 4.925197e-10, 5.631032e+01, -1.506224e-01
2.271000e+09, 9.515278e-02, 9.593176e-01, -8.959186e-01, -6.668391e-01, -1.741913e-10, 4.925986e-10, 5.628395e+01, -1.488362e-01
2.274800e+09, 9.431928e-02, 9.593828e-01, -8.917596e-01, -6.786004e-01, -1.877825e-10, 4.926750e-10, 5.626068e+01, -1.470430e-01
2.278600e+09, 9.350265e-02, 9.594455e-01, -8.872761e-01, -6.903636e-01, -2.014641e-10, 4.927489e-10, 5.624052e+01, -1.452442e-01
2.282400e+09, 9.270386e-02, 9.595055e-01, -8.824659e-01, -7.021285e-01, -2.152097e-10, 4.928202e-10, 5.622349e+01, -1.434411e-01
2.286200e+09, 9.192388e-02, 9.595627e-01, -8.773275e-01, -7.138951e-01, -2.289908e-10, 4.928889e-10, 5.620958e+01, -1.416352e-01
2.290000e+09, 9.116370e-02, 9.596173e-01, -8.718601e-01, -7.256634e-01, -2.427761e-10, 4.929550e-10, 5.619880e+01, -1.398278e-01
2.293800e+09, 9.042432e-02, 9.596690e-01, -8.660636e-01, -7.374333e-01, -2.565318e-10, 4.930184e-10, 5.619116e+01, -1.380203e-01
2.297600e+09, 8.970676e-02, 9.597180e-01, -8.599386e-01, -7.492046e-01, -2.702215e-10, 4.930791e-10, 5.618665e+01, -1.362142e-01
2.301400e+09, 8.901200e-02, 9.597641e-01, -8.534867e-01, -7.609774e-01, -2.838064e-10, 4.931370e-10, 5.618528e+01, -1.344109e-01
2.305200e+09, 8.834107e-02, 9.598074e-01, -8.467105e-01, -7.727516e-01, -2.972452e-10, 4.931922e-10, 5.618705e+01, -1.326117e-01
2.309000e+09, 8.769497e-02, 9.598478e-01, -8.396135e-01, -7.845271e-01, -3.104942e-10, 4.932445e-10, 5.619195e+01, -1.308181e-01
2.312800e+09, 8.707471e-02, 9.598852e-01, -8.322001e-01, -7.963039e-01, -3.235079e-10, 4.932941e-10, 5.619998e+01, -1.290315e-01
2.316600e+09, 8.648127e-02, 9.599197e-01, -8.244760e-01, -8.080818e-01, -3.362386e-10, 4.933408e-10, 5.621114e+01, -1.272533e-01
2.320400e+09, 8.591565e-02, 9.599512e-01, -8.164479e-01, -8.198609e-01, -3.486370e-10, 4.933847e-10, 5.622542e+01, -1.254849e-01
2.324200e+09, 8.537882e-02, 9.599797e-01, -8.081238e-01, -8.316410e-01, -3.606525e-10, 4.934257e-10, 5.624281e+01, -1.237277e-01
2.328000e+09, 8.487172e-02, 9.600052e-01, -7.995129e-01, -8.434221e-01, -3.722337e-10, 4.934637e-10, 5.626330e+01, -1.219833e-01
2.331800e+09, 8.439527e-02, 9.600276e-01, -7.906254e-01, -8.552040e-01, -3.833286e-10, 4.934989e-10, 5.628688e+01, -1.202528e-01
2.335600e+09, 8.395038e-02, 9.600470e-01, -7.814730e-01, -8.669869e-01, -3.938849e-10, 4.935311e-10, 5.631354e+01, -1.185379e-01
2.339400e+09, 8.353792e-02, 9.600633e-01, -7.720685e-01, -8.787705e-01, -4.038509e-10, 4.935603e-10, 5.634327e+01, -1.168397e-01
2.343200e+09, 8.315870e-02, 9.600766e-01, -7.624261e-01, -8.905548e-01, -4.131759e-10, 4.935866e-10, 5.637605e+01, -1.151599e-01
2.347000e+09, 8.281353e-02, 9.600867e-01, -7.525611e-01, -9.023397e-01, -4.218106e-10, 4.936099e-10, 5.641187e+01, -1.134997e-01
2.350800e+09, 8.250314e-02, 9.600937e-01, -7.424899e-01, -9.141252e-01, -4.297078e-10, 4.936302e-10, 5.645070e+01, -1.118605e-01
2.354600e+09, 8.222824e-02, 9.600976e-01, -7.322302e-01, -9.259111e-01, -4.368231e-10, 4.936475e-10, 5.649253e+01, -1.102437e-01
2.358400e+09, 8.198945e-02, 9.600983e-01, -7.218005e-01, -9.376975e-01, -4.431151e-10, 4.936619e-10, 5.653734e+01, -1.086507e-01
2.362200e+09, 8.178736e-02, 9.600959e-01, -7.112207e-01, -9.494843e-01, -4.485463e-10, 4.936732e-10, 5.658510e+01, -1.070827e-01
2.366000e+09, 8.162250e-02, 9.600903e-01, -7.005111e-01, -9.612712e-01, -4.530835e-10, 4.936815e-10, 5.663579e+01, -1.055413e-01
2.369800e+09, 8.149533e-02, 9.600816e-01, -6.896933e-01, -9.730584e-01, -4.566982e-10, 4.936868e-10, 5.668938e+01, -1.040276e-01
2.373600e+09, 8.140623e-02, 9.600697e-01, -6.787891e-01, -9.848458e-01, -4.593672e-10, 4.936890e-10, 5.674585e+01, -1.025430e-01
2.377400e+09, 8.135553e-02, 9.600547e-01, -6.678212e-01, -9.966331e-01, -4.610728e-10, 4.936883e-10, 5.680517e+01, -1.010888e-01
2.381200e+09, 8.134348e-02, 9.600365e-01, -6.568126e-01, -1.008420e+00, -4.618029e-10, 4.936846e-10, 5.686731e+01, -9.966630e-02
2.385000e+09, 8.137026e-02, 9.600151e-01, -6.457865e-01, -1.020208e+00, -4.615517e-10, 4.936778e-10, 5.693224e+01, -9.827678e-02
2.388800e+09, 8.143597e-02, 9.599906e-01, -6.347665e-01, -1.031995e+00, -4.603192e-10, 4.936681e-10, 5.699992e+01, -9.692150e-02
2.392600e+09, 8.154063e-02, 9.599630e-01, -6.237758e-01, -1.043782e+00, -4.581116e-10, 4.936553e-10, 5.707032e+01, -9.560170e-02
2.396400e+09, 8.168422e-02, 9.599322e-01, -6.128379e-01, -1.055568e+00, -4.549410e-10, 4.936396e-10, 5.714340e+01, -9.431860e-02
2.400200e+09, 8.186659e-02, 9.598982e-01, -6.019757e-01, -1.067354e+00, -4.508255e-10, 4.936209e-10, 5.721913e+01, -9.307343e-02
2.404000e+09, 8.208758e-02, 9.598612e-01, -5.912117e-01, -1.079140e+00, -4.457883e-10, 4.935993e-10, 5.729746e+01, -9.186736e-02
2.407800e+09, 8.234690e-02, 9.598210e-01, -5.805681e-01, -1.090925e+00, -4.398582e-10, 4.935747e-10, 5.737835e+01, -9.070158e-02
2.411600e+09, 8.264424e-02, 9.597777e-01, -5.700660e-01, -1.102710e+00, -4.330685e-10, 4.935472e-10, 5.746177e+01, -8.957723e-02
2.415400e+09, 8.297919e-02, 9.597314e-01, -5.597260e-01, -1.114494e+00, -4.254567e-10, 4.935168e-10, 5.754766e+01, -8.849546e-02
2.419200e+09, 8.335130e-02, 9.596819e-01, -5.495677e-01, -1.126277e+00, -4.170643e-10, 4.934835e-10, 5.763599e+01, -8.745737e-02
2.423000e+09, 8.376004e-02, 9.596295e-01, -5.396098e-01, -1.138060e+00, -4.079358e-10, 4.934473e-10, 5.772670e+01, -8.646405e-02
2.426800e+09, 8.420484e-02, 9.595739e-01, -5.298699e-01, -1.149841e+00, -3.981184e-10, 4.934082e-10, 5.781974e+01, -8.551657e-02
2.430600e+09, 8.468507e-02, 9.595154e-01, -5.203644e-01, -1.161622e+00, -3.876613e-10, 4.933663e-10, 5.791506e+01, -8.461597e-02
2.434400e+09, 8.520006e-02, 9.594539e-01, -5.111086e-01, -1.173402e+00, -3.766153e-10, 4.933216e-10, 5.801261e+01, -8.376328e-02
2.438200e+09, 8.574908e-02, 9.593894e-01, -5.021165e-01, -1.185180e+00, -3.650320e-10, 4.932741e-10, 5.811234e+01, -8.295950e-02
2.442000e+09, 8.633137e-02, 9.593219e-01, -4.934009e-01, -1.196958e+00, -3.529635e-10, 4.932239e-10, 5.821419e+01, -8.220559e-02
2.445800e+09, 8.694613e-02, 9.592515e-01, -4.849735e-01, -1.208734e+00, -3.404616e-10, 4.931709e-10, 5.831810e+01, -8.150251e-02
2.449600e+09, 8.759254e-02, 9.591783e-01, -4.768446e-01, -1.220509e+00, -3.275777e-10, 4.931153e-10, 5.842401e+01, -8.085117e-02
2.453400e+09, 8.826975e-02, 9.591021e-01, -4.690234e-01, -1.232283e+00, -3.143623e-10, 4.930569e-10, 5.853186e+01, -8.025246e-02
2.457200e+09, 8.897687e-02, 9.590232e-01, -4.615176e-01, -1.244055e+00, -3.008643e-10, 4.929959e-10, 5.864160e+01, -7.970727e-02
2.461000e+09, 8.971301e-02, 9.589414e-01, -4.543341e-01, -1.255826e+00, -2.871312e-10, 4.929323e-10, 5.875314e+01, -7.921642e-02
2.464800e+09, 9.047724e-02, 9.588568e-01, -4.474786e-01, -1.267595e+00, -2.732085e-10, 4.928662e-10, 5.886644e+01, -7.878073e-02
2.468600e+09, 9.126866e-02, 9.587696e-01, -4.409554e-01, -1.279363e+00, -2.591395e-10, 4.927975e-10, 5.898142e+01, -7.840099e-02
2.472400e+09, 9.208632e-02, 9.586796e-01, -4.347682e-01, -1.291129e+00, -2.449652e-10, 4.927262e-10, 5.909801e+01, -7.807794e-02
2.476200e+09, 9.292929e-02, 9.585869e-01, -4.289194e-01, -1.302893e+00, -2.307243e-10, 4.926525e-10, 5.921614e+01, -7.781232e-02
2.480000e+09, 9.379663e-02, 9.584916e-01, -4.234106e-01, -1.314656e+00, -2.164529e-10, 4.925764e-10, 5.933574e+01, -7.760482e-02
2.483800e+09, 9.468739e-02, 9.583937e-01, -4.182425e-01, -1.326417e+00, -2.021846e-10, 4.924979e-10, 5.945673e+01, -7.745610e-02
2.487600e+09, 9.560063e-02, 9.582933e-01, -4.134151e-01, -1.338176e+00, -1.879503e-10, 4.924170e-10, 5.957904e+01, -7.736679e-02
2.491400e+09, 9.653543e-02, 9.581904e-01, -4.089276e-01, -1.349933e+00, -1.737784e-10, 4.923339e-10, 5.970259e+01, -7.733751e-02
2.495200e+09, 9.749086e-02, 9.580850e-01, -4.047785e-01, -1.361688e+00, -1.596950e-10, 4.922484e-10, 5.982731e+01, -7.736882e-02
2.499000e+09, 9.846599e-02, 9.579771e-01, -4.009656e-01, -1.373441e+00, -1.457234e-10, 4.921607e-10, 5.995310e+01, -7.746127e-02
2.502800e+09, 9.945993e-02, 9.578669e-01, -3.974863e-01, -1.385192e+00, -1.318849e-10, 4.920708e-10, 6.007989e+01, -7.761535e-02
2.506600e+09, 1.004718e-01, 9.577543e-01, -3.943374e-01, -1.396940e+00, -1.181982e-10, 4.919788e-10, 6.020759e+01, -7.783154e-02
2.510400e+09, 1.015007e-01, 9.576395e-01, -3.915152e-01, -1.408687e+00, -1.046801e-10, 4.918847e-10, 6.033613e+01, -7.811028e-02
2.514200e+09, 1.025457e-01, 9.575224e-01, -3.890159e-01, -1.420431e+00, -9.134511e-11, 4.917885e-10, 6.046540e+01, -7.845198e-02
2.518000e+09, 1.036060e-01, 9.574031e-01, -3.868349e-01, -1.432173e+00, -7.820605e-11, 4.916904e-10, 6.059532e+01, -7.885701e-02
2.521800e+09, 1.046809e-01, 9.572816e-01, -3.849677e-01, -1.443913e+00, -6.527378e-11, 4.915902e-10, 6.072581e+01, -7.932571e-02
2.525600e+09, 1.057693e-01, 9.571581e-01, -3.834092e-01, -1.455650e+00, -5.255753e-11, 4.914882e-10, 6.085677e+01, -7.985838e-02
2.529400e+09, 1.068706e-01, 9.570325e-01, -3.821543e-01, -1.467385e+00, -4.006497e-11, 4.913843e-10, 6.098810e+01, -8.045529e-02
2.533200e+09, 1.079840e-01, 9.569049e-01, -3.811977e-01, -1.479117e+00, -2.780230e-11, 4.912785e-10, 6.111972e+01, -8.111667e-02
2.537000e+09, 1.091086e-01, 9.567754e-01, -3.805339e-01, -1.490847e+00, -1.577442e-11, 4.911711e-10, 6.125152e+01, -8.184271e-02
2.540800e+09, 1.102438e-01, 9.566440e-01, -3.801573e-01, -1.502574e+00, -3.985036e-12, 4.910619e-10, 6.138342e+01, -8.263359e-02
2.544600e+09, 1.113888e-01, 9.565107e-01, -3.800621e-01, -1.514299e+00, 7.563274e-12, 4.909510e-10, 6.151530e+01, -8.348942e-02
2.548400e+09, 1.125429e-01, 9.563757e-01, -3.802427e-01, -1.526021e+00, 1.886891e-11, 4.908385e-10, 6.164707e+01, -8.441028e-02
2.552200e+09, 1.137053e-01, 9.562389e-01, -3.806932e-01, -1.537740e+00, 2.993119e-11, 4.907245e-10, 6.177864e+01, -8.539624e-02
2.556000e+09, 1.148755e-01, 9.561005e-01, -3.814079e-01, -1.549457e+00, 4.075020e-11, 4.906089e-10, 6.190989e+01, -8.644729e-02
2.559800e+09, 1.160527e-01, 9.559604e-01, -3.823808e-01, -1.561171e+00, 5.132679e-11, 4.904919e-10, 6.204072e+01, -8.756342e-02
2.563600e+09, 1.172362e-01, 9.558188e-01, -3.836063e-01, -1.572882e+00, 6.166242e-11, 4.903735e-10, 6.217103e+01, -8.874457e-02
2.567400e+09, 1.184255e-01, 9.556757e-01, -3.850786e-01, -1.584590e+00, 7.175911e-11, 4.902538e-10, 6.230072e+01, -8.999062e-02
2.571200e+09, 1.196200e-01, 9.555312e-01, -3.867919e-01, -1.596295e+00, 8.161940e-11, 4.901327e-10, 6.242967e+01, -9.130145e-02
2.575000e+09, 1.208190e-01, 9.553853e-01, -3.887406e-01, -1.607998e+00, 9.124623e-11, 4.900105e-10, 6.255778e+01, -9.267687e-02
2.578800e+09, 1.220219e-01, 9.552380e-01, -3.909193e-01, -1.619697e+00, 1.006429e-10, 4.898870e-10, 6.268494e+01, -9.411667e-02
2.582600e+09, 1.232282e-01, 9.550895e-01, -3.933222e-01, -1.631394e+00, 1.098132e-10, 4.897624e-10, 6.281104e+01, -9.562059e-02
2.586400e+09, 1.244373e-01, 9.549398e-01, -3.959441e-01, -1.643087e+00, 1.187609e-10, 4.896367e-10, 6.293598e+01, -9.718833e-02
2.590200e+09, 1.256487e-01, 9.547889e-01, -3.987797e-01, -1.654778e+00, 1.274901e-10, 4.895101e-10, 6.305964e+01, -9.881956e-02
2.594000e+09, 1.268618e-01, 9.546370e-01, -4.018236e-01, -1.666466e+00, 1.360053e-10, 4.893824e-10, 6.318190e+01, -1.005139e-01
2.597800e+09, 1.280762e-01, 9.544841e-01, -4.050709e-01, -1.678150e+00, 1.443109e-10, 4.892539e-10, 6.330267e+01, -1.022710e-01
2.601600e+09, 1.292913e-01, 9.543302e-01, -4.085165e-01, -1.689832e+00, 1.524114e-10, 4.891245e-10, 6.342183e+01, -1.040903e-01
2.605400e+09, 1.305067e-01, 9.541754e-01, -4.121555e-01, -1.701510e+00, 1.603117e-10, 4.889943e-10, 6.353926e+01, -1.059713e-01
2.609200e+09, 1.317218e-01, 9.540198e-01, -4.159831e-01, -1.713185e+00, 1.680164e-10, 4.888634e-10, 6.365485e+01, -1.079136e-01
2.613000e+09, 1.329363e-01, 9.538634e-01, -4.199947e-01, -1.724857e+00, 1.755303e-10, 4.887318e-10, 6.376850e+01, -1.099165e-01
2.616800e+09, 1.341496e-01, 9.537063e-01, -4.241857e-01, -1.736526e+00, 1.828582e-10, 4.885996e-10, 6.388008e+01, -1.119795e-01
2.620600e+09, 1.353614e-01, 9.535485e-01, -4.285516e-01, -1.748192e+00, 1.900050e-10, 4.884668e-10, 6.398950e+01, -1.141019e-01
2.624400e+09, 1.365711e-01, 9.533902e-01, -4.330882e-01, -1.759855e+00, 1.969754e-10, 4.883335e-10, 6.409662e+01, -1.162829e-01
2.628200e+09, 1.377784e-01, 9.532314e-01, -4.377912e-01, -1.771515e+00, 2.037743e-10, 4.881998e-10, 6.420135e+01, -1.185219e-01
2.632000e+09, 1.389829e-01, 9.530721e-01, -4.426565e-01, -1.783171e+00, 2.104062e-10, 4.880656e-10, 6.430358e+01, -1.208182e-01
2.635800e+09, 1.401842e-01, 9.529125e-01, -4.476802e-01, -1.794824e+00, 2.168760e-10, 4.879312e-10, 6.440319e+01, -1.231708e-01
2.639600e+09, 1.413819e-01, 9.527525e-01, -4.528584e-01, -1.806474e+00, 2.231882e-10, 4.877965e-10, 6.450007e+01, -1.255789e-01
2.643400e+09, 1.425755e-01, 9.525923e-01, -4.581872e-01, -1.818121e+00, 2.293474e-10, 4.876615e-10, 6.459411e+01, -1.280416e-01
2.647200e+09, 1.437648e-01, 9.524318e-01, -4.636632e-01, -1.829764e+00, 2.353581e-10, 4.875264e-10, 6.468521e+01, -1.305581e-01
2.651000e+09, 1.449494e-01, 9.522713e-01, -4.692826e-01, -1.841404e+00, 2.412246e-10, 4.873912e-10, 6.477326e+01, -1.331274e-01
2.654800e+09, 1.461289e-01, 9.521107e-01, -4.750421e-01, -1.853041e+00, 2.469513e-10, 4.872560e-10, 6.485815e+01, -1.357483e-01
2.658600e+09, 1.473031e-01, 9.519501e-01, -4.809383e-01, -1.864675e+00, 2.525424e-10, 4.871207e-10, 6.493978e+01, -1.384200e-01
2.662400e+09, 1.484714e-01, 9.517895e-01, -4.869681e-01, -1.876306e+00, 2.580021e-10, 4.869855e-10, 6.501805e+01, -1.411413e-01
2.666200e+09, 1.496337e-01, 9.516291e-01, -4.931281e-01, -1.887933e+00, 2.633343e-10, 4.868505e-10, 6.509285e+01, -1.439112e-01
2.670000e+09, 1.507896e-01, 9.514689e-01, -4.994155e-01, -1.899557e+00, 2.685431e-10, 4.867156e-10, 6.516408e+01, -1.467283e-01
2.673800e+09, 1.519388e-01, 9.513089e-01, -5.058273e-01, -1.911178e+00, 2.736323e-10, 4.865810e-10, 6.523166e+01, -1.495917e-01
2.677600e+09, 1.530810e-01, 9.511492e-01, -5.123606e-01, -1.922795e+00, 2.786057e-10, 4.864467e-10, 6.529547e+01, -1.525000e-01
2.681400e+09, 1.542159e-01, 9.509900e-01, -5.190126e-01, -1.934410e+00, 2.834669e-10, 4.863127e-10, 6.535543e+01, -1.554520e-01
2.685200e+09, 1.553432e-01, 9.508311e-01, -5.257807e-01, -1.946021e+00, 2.882196e-10, 4.861792e-10, 6.541145e+01, -1.584464e-01
2.689000e+09, 1.564626e-01, 9.506728e-01, -5.326622e-01, -1.957629e+00, 2.928671e-10, 4.860461e-10, 6.546343e+01, -1.614818e-01
2.692800e+09, 1.575739e-01, 9.505151e-01, -5.396548e-01, -1.969234e+00, 2.974130e-10, 4.859135e-10, 6.551130e+01, -1.645570e-01
2.696600e+09, 1.586767e-01, 9.503580e-01, -5.467558e-01, -1.980836e+00, 3.018604e-10, 4.857816e-10, 6.555496e+01, -1.676705e-01
2.700400e+09, 1.597708e-01, 9.502016e-01, -5.539631e-01, -1.992434e+00, 3.062127e-10, 4.856502e-10, 6.559433e+01, -1.708209e-01
2.704200e+09, 1.608560e-01, 9.500459e-01, -5.612742e-01, -2.004030e+00, 3.104729e-10, 4.855195e-10, 6.562934e+01, -1.740067e-01
2.708000e+09, 1.619319e-01, 9.498911e-01, -5.686871e-01, -2.015622e+00, 3.146441e-10, 4.853896e-10, 6.565991e+01, -1.772265e-01
2.711800e+09, 1.629984e-01, 9.497371e-01, -5.761996e-01, -2.027211e+00, 3.187291e-10, 4.852605e-10, 6.568597e+01, -1.804788e-01
2.715600e+09, 1.640551e-01, 9.495841e-01, -5.838096e-01, -2.038798e+00, 3.227310e-10, 4.851322e-10, 6.570745e+01, -1.837620e-01
2.719400e+09, 1.651020e-01, 9.494321e-01, -5.915152e-01, -2.050381e+00, 3.266524e-10, 4.850049e-10, 6.572428e+01, -1.870745e-01
2.723200e+09, 1.661386e-01, 9.492812e-01, -5.993144e-01, -2.061961e+00, 3.304961e-10, 4.848785e-10, 6.573640e+01, -1.904148e-01
2.727000e+09, 1.671648e-01, 9.491313e-01, -6.072053e-01, -2.073538e+00, 3.342647e-10, 4.847531e-10, 6.574374e+01, -1.937813e-01
2.730800e+09, 1.681804e-01, 9.489827e-01, -6.151863e-01, -2.085112e+00, 3.379607e-10, 4.846288e-10, 6.574627e+01, -1.971722e-01
2.734600e+09, 1.691851e-01, 9.488353e-01, -6.232554e-01, -2.096683e+00, 3.415866e-10, 4.845056e-10, 6.574391e+01, -2.005861e-01
2.738400e+09, 1.701788e-01, 9.486892e-01, -6.314112e-01, -2.108251e+00, 3.451449e-10, 4.843835e-10, 6.573663e+01, -2.040211e-01
2.742200e+09, 1.711612e-01, 9.485444e-01, -6.396519e-01, -2.119816e+00, 3.486378e-10, 4.842627e-10, 6.572438e+01, -2.074755e-01
2.746000e+09, 1.721320e-01, 9.484011e-01, -6.479760e-01, -2.131378e+00, 3.520676e-10, 4.841432e-10, 6.570713e+01, -2.109478e-01
2.749800e+09, 1.730912e-01, 9.482592e-01, -6.563820e-01, -2.142938e+00, 3.554365e-10, 4.840249e-10, 6.568482e+01, -2.144360e-01
2.753600e+09, 1.740385e-01, 9.481188e-01, -6.648685e-01, -2.154494e+00, 3.587468e-10, 4.839081e-10, 6.565743e+01, -2.179385e-01
2.757400e+09, 1.749737e-01, 9.479800e-01, -6.734339e-01, -2.166048e+00, 3.620003e-10, 4.837927e-10, 6.562494e+01, -2.214535e-01
2.761200e+09, 1.758966e-01, 9.478429e-01, -6.820771e-01, -2.177599e+00, 3.651992e-10, 4.836787e-10, 6.558732e+01, -2.249792e-01
2.765000e+09, 1.768071e-01, 9.477074e-01, -6.907966e-01, -2.189148e+00, 3.683454e-10, 4.835663e-10, 6.554454e+01, -2.285139e-01
2.768800e+09, 1.777049e-01, 9.475737e-01, -6.995913e-01, -2.200693e+00, 3.714408e-10, 4.834554e-10, 6.549659e+01, -2.320556e-01
2.772600e+09, 1.785899e-01, 9.474417e-01, -7.084598e-01, -2.212236e+00, 3.744873e-10, 4.833461e-10, 6.544347e+01, -2.356026e-01
2.776400e+09, 1.794619e-01, 9.473116e-01, -7.174011e-01, -2.223777e+00, 3.774866e-10, 4.832385e-10, 6.538516e+01, -2.391531e-01
2.780200e+09, 1.803207e-01, 9.471834e-01, -7.264141e-01, -2.235315e+00, 3.804406e-10, 4.831326e-10, 6.532165e+01, -2.427053e-01
2.784000e+09, 1.811661e-01, 9.470571e-01, -7.354975e-01, -2.246850e+00, 3.833508e-10, 4.830285e-10, 6.525296e+01, -2.462572e-01
2.787800e+09, 1.819981e-01, 9.469328e-01, -7.446504e-01, -2.258383e+00, 3.862190e-10, 4.829261e-10, 6.517908e+01, -2.498072e-01
2.791600e+09, 1.828163e-01, 9.468105e-01, -7.538718e-01, -2.269913e+00, 3.890468e-10, 4.828256e-10, 6.510002e+01, -2.533532e-01
2.795400e+09, 1.836207e-01, 9.466904e-01, -7.631607e-01, -2.281441e+00, 3.918357e-10, 4.827270e-10, 6.501581e+01, -2.568935e-01
2.799200e+09, 1.844112e-01, 9.465723e-01, -7.725163e-01, -2.292967e+00, 3.945872e-10, 4.826302e-10, 6.492644e+01, -2.604262e-01
2.803000e+09, 1.851875e-01, 9.464564e-01, -7.819375e-01, -2.304490e+00, 3.973028e-10, 4.825355e-10, 6.483196e+01, -2.639495e-01
2.806800e+09, 1.859495e-01, 9.463428e-01, -7.914235e-01, -2.316011e+00, 3.999840e-10, 4.824428e-10, 6.473237e+01, -2.674615e-01
2.810600e+09, 1.866970e-01, 9.462314e-01, -8.009736e-01, -2.327530e+00, 4.026322e-10, 4.823521e-10, 6.462772e+01, -2.709603e-01
2.814400e+09, 1.874300e-01, 9.461223e-01, -8.105869e-01, -2.339047e+00, 4.052487e-10, 4.822635e-10, 6.451804e+01, -2.744443e-01
2.818200e+09, 1.881483e-01, 9.460156e-01, -8.202626e-01, -2.350561e+00, 4.078348e-10, 4.821770e-10, 6.440336e+01, -2.779114e-01
2.822000e+09, 1.888516e-01, 9.459113e-01, -8.300001e-01, -2.362074e+00, 4.103920e-10, 4.820927e-10, 6.428372e+01, -2.813599e-01
2.825800e+09, 1.895400e-01, 9.458093e-01, -8.397987e-01, -2.373584e+00, 4.129213e-10, 4.820106e-10, 6.415918e+01, -2.847880e-01
2.829600e+09, 1.902133e-01, 9.457099e-01, -8.496576e-01, -2.385093e+00, 4.154241e-10, 4.819307e-10, 6.402977e+01, -2.881938e-01
2.833400e+09, 1.908713e-01, 9.456130e-01, -8.595763e-01, -2.396600e+00, 4.179016e-10, 4.818531e-10, 6.389555e+01, -2.915756e-01
2.837200e+09, 1.915139e-01, 9.455186e-01, -8.695542e-01, -2.408104e+00, 4.203549e-10, 4.817778e-10, 6.375659e+01, -2.949316e-01
2.841000e+09, 1.921410e-01, 9.454268e-01, -8.795906e-01, -2.419607e+00, 4.227853e-10, 4.817048e-10, 6.361292e+01, -2.982599e-01
2.844800e+09, 1.927525e-01, 9.453376e-01, -8.896851e-01, -2.431108e+00, 4.251937e-10, 4.816343e-10, 6.346463e+01, -3.015588e-01
2.848600e+09, 1.933483e-01, 9.452510e-01, -8.998371e-01, -2.442608e+00, 4.275814e-10, 4.815661e-10, 6.331177e+01, -3.048266e-01
2.852400e+09, 1.939281e-01, 9.451671e-01, -9.100461e-01, -2.454106e+00, 4.299494e-10, 4.815004e-10, 6.315442e+01, -3.080616e-01
2.856200e+09, 1.944920e-01, 9.450860e-01, -9.203116e-01, -2.465602e+00, 4.322988e-10, 4.814371e-10, 6.299264e+01, -3.112619e-01
2.860000e+09, 1.950399e-01, 9.450076e-01, -9.306332e-01, -2.477097e+00, 4.346305e-10, 4.813763e-10, 6.282652e+01, -3.144260e-01
2.863800e+09, 1.955715e-01, 9.449319e-01, -9.410105e-01, -2.488591e+00, 4.369457e-10, 4.813181e-10, 6.265612e+01, -3.175521e-01
2.867600e+09, 1.960868e-01, 9.448591e-01, -9.514430e-01, -2.500083e+00, 4.392453e-10, 4.812624e-10, 6.248152e+01, -3.206385e-01
2.871400e+09, 1.965857e-01, 9.447891e-01, -9.619305e-01, -2.511573e+00, 4.415302e-10, 4.812093e-10, 6.230282e+01, -3.236836e-01
2.875200e+09, 1.970682e-01, 9.447219e-01, -9.724725e-01, -2.523063e+00, 4.438015e-10, 4.811588e-10, 6.212010e+01, -3.266857e-01
2.879000e+09, 1.975340e-01, 9.446576e-01, -9.830688e-01, -2.534551e+00, 4.460600e-10, 4.811109e-10, 6.193343e+01, -3.296433e-01
2.882800e+09, 1.979832e-01, 9.445963e-01, -9.937189e-01, -2.546038e+00, 4.483067e-10, 4.810657e-10, 6.174292e+01, -3.325548e-01
2.886600e+09, 1.984156e-01, 9.445378e-01, -1.004423e+00, -2.557524e+00, 4.505426e-10, 4.810231e-10, 6.154865e+01, -3.354185e-01
2.890400e+09, 1.988311e-01, 9.444823e-01, -1.015180e+00, -2.569009e+00, 4.527684e-10, 4.809832e-10, 6.135072e+01, -3.382330e-01
2.894200e+09, 1.992296e-01, 9.444298e-01, -1.025990e+00, -2.580493e+00, 4.549851e-10, 4.809461e-10, 6.114922e+01, -3.409966e-01
2.898000e+09, 1.996111e-01, 9.443802e-01, -1.036854e+00, -2.591976e+00, 4.571936e-10, 4.809117e-10, 6.094425e+01, -3.437080e-01
2.901800e+09, 1.999755e-01, 9.443337e-01, -1.047770e+00, -2.603458e+00, 4.593947e-10, 4.808800e-10, 6.073590e+01, -3.463655e-01
2.905600e+09, 2.003227e-01, 9.442902e-01, -1.058738e+00, -2.614940e+00, 4.615892e-10, 4.808511e-10, 6.052428e+01, -3.489678e-01
2.909400e+09, 2.006527e-01, 9.442497e-01, -1.069759e+00, -2.626421e+00, 4.637781e-10, 4.808250e-10, 6.030948e+01, -3.515134e-01
2.913200e+09, 2.009652e-01, 9.442122e-01, -1.080832e+00, -2.637901e+00, 4.659620e-10, 4.808017e-10, 6.009162e+01, -3.540008e-01
2.917000e+09, 2.012604e-01, 9.441778e-01, -1.091958e+00, -2.649381e+00, 4.681420e-10, 4.807812e-10, 5.987078e+01, -3.564288e-01
2.920800e+09, 2.015381e-01, 9.441465e-01, -1.103135e+00, -2.660860e+00, 4.703186e-10, 4.807635e-10, 5.964708e+01, -3.587958e-01
2.924600e+09, 2.017982e-01, 9.441183e-01, -1.114364e+00, -2.672338e+00, 4.724929e-10, 4.807486e-10, 5.942062e+01, -3.611006e-01
2.928400e+09, 2.020408e-01, 9.440931e-01, -1.125646e+00, -2.683817e+00, 4.746655e-10, 4.807366e-10, 5.919150e+01, -3.633418e-01
2.932200e+09, 2.022656e-01, 9.440711e-01, -1.136979e+00, -2.695295e+00, 4.768373e-10, 4.807275e-10, 5.895983e+01, -3.655182e-01
2.936000e+09, 2.024728e-01, 9.440522e-01, -1.148364e+00, -2.706773e+00, 4.790090e-10, 4.807212e-10, 5.872572e+01, -3.676284e-01
2.939800e+09, 2.026621e-01, 9.440363e-01, -1.159801e+00, -2.718251e+00, 4.811815e-10, 4.807177e-10, 5.848927e+01, -3.696712e-01
2.943600e+09, 2.028336e-01, 9.440236e-01, -1.171290e+00, -2.729728e+00, 4.833555e-10, 4.807172e-10, 5.825060e+01, -3.716454e-01
2.947400e+09, 2.029873e-01, 9.440140e-01, -1.182830e+00, -2.741206e+00, 4.855318e-10, 4.807195e-10, 5.800980e+01, -3.735498e-01
2.951200e+09, 2.031230e-01, 9.440075e-01, -1.194423e+00, -2.752684e+00, 4.877111e-10, 4.807246e-10, 5.776699e+01, -3.753831e-01
2.955000e+09, 2.032407e-01, 9.440042e-01, -1.206067e+00, -2.764161e+00, 4.898944e-10, 4.807327e-10, 5.752227e+01, -3.771442e-01
2.958800e+09, 2.033404e-01, 9.440039e-01, -1.217764e+00, -2.775640e+00, 4.920823e-10, 4.807436e-10, 5.727576e+01, -3.788319e-01
2.962600e+09, 2.034221e-01, 9.440068e-01, -1.229513e+00, -2.787118e+00, 4.942756e-10, 4.807574e-10, 5.702755e+01, -3.804453e-01
2.966400e+09, 2.034857e-01, 9.440127e-01, -1.241315e+00, -2.798596e+00, 4.964751e-10, 4.807741e-10, 5.677775e+01, -3.819831e-01
2.970200e+09, 2.035312e-01, 9.440218e-01, -1.253168e+00, -2.810075e+00, 4.986817e-10, 4.807936e-10, 5.652648e+01, -3.834442e-01
2.974000e+09, 2.035585e-01, 9.440340e-01, -1.265075e+00, -2.821555e+00, 5.008959e-10, 4.808160e-10, 5.627384e+01, -3.848277e-01
2.977800e+09, 2.035677e-01, 9.440492e-01, -1.277034e+00, -2.833035e+00, 5.031188e-10, 4.808413e-10, 5.601992e+01, -3.861326e-01
2.981600e+09, 2.035586e-01, 9.440675e-01, -1.289047e+00, -2.844516e+00, 5.053510e-10, 4.808694e-10, 5.576485e+01, -3.873577e-01
2.985400e+09, 2.035314e-01, 9.440889e-01, -1.301113e+00, -2.855997e+00, 5.075934e-10, 4.809003e-10, 5.550873e+01, -3.885021e-01
2.989200e+09, 2.034859e-01, 9.441133e-01, -1.313232e+00, -2.867479e+00, 5.098468e-10, 4.809340e-10, 5.525165e+01, -3.895650e-01
2.993000e+09, 2.034222e-01, 9.441408e-01, -1.325405e+00, -2.878962e+00, 5.121119e-10, 4.809706e-10, 5.499373e+01, -3.905452e-01
2.996800e+09, 2.033402e-01, 9.441713e-01, -1.337633e+00, -2.890445e+00, 5.143896e-10, 4.810099e-10, 5.473506e+01, -3.914419e-01
3.000600e+09, 2.032400e-01, 9.442048e-01, -1.349914e+00, -2.901930e+00, 5.166807e-10, 4.810521e-10, 5.447575e+01, -3.922543e-01
3.004400e+09, 2.031215e-01, 9.442412e-01, -1.362250e+00, -2.913416e+00, 5.189862e-10, 4.810970e-10, 5.421590e+01, -3.929814e-01
3.008200e+09, 2.029847e-01, 9.442807e-01, -1.374642e+00, -2.924902e+00, 5.213067e-10, 4.811446e-10, 5.395561e+01, -3.936224e-01
3.012000e+09, 2.028297e-01, 9.443231e-01, -1.387089e+00, -2.936390e+00, 5.236432e-10, 4.811950e-10, 5.369499e+01, -3.941764e-01
3.015800e+09, 2.026564e-01, 9.443684e-01, -1.399591e+00, -2.947879e+00, 5.259965e-10, 4.812480e-10, 5.343412e+01, -3.946427e-01
3.019600e+09, 2.024649e-01, 9.444166e-01, -1.412150e+00, -2.959370e+00, 5.283675e-10, 4.813038e-10, 5.317312e+01, -3.950204e-01
3.023400e+09, 2.022552e-01, 9.444677e-01, -1.424765e+00, -2.970861e+00, 5.307572e-10, 4.813622e-10, 5.291207e+01, -3.953088e-01
3.027200e+09, 2.020272e-01, 9.445217e-01, -1.437438e+00, -2.982354e+00, 5.331664e-10, 4.814233e-10, 5.265108e+01, -3.955072e-01
3.031000e+09, 2.017810e-01, 9.445785e-01, -1.450168e+00, -2.993849e+00, 5.355960e-10, 4.814870e-10, 5.239023e+01, -3.956147e-01
3.034800e+09, 2.015166e-01, 9.446381e-01, -1.462956e+00, -3.005345e+00, 5.380471e-10, 4.815532e-10, 5.212963e+01, -3.956308e-01
3.038600e+09, 2.012341e-01, 9.447004e-01, -1.475802e+00, -3.016843e+00, 5.405204e-10, 4.816220e-10, 5.186937e+01, -3.955546e-01
3.042400e+09, 2.009335e-01, 9.447655e-01, -1.488708e+00, -3.028342e+00, 5.430171e-10, 4.816934e-10, 5.160954e+01, -3.953856e-01
3.046200e+09, 2.006148e-01, 9.448333e-01, -1.501673e+00, -3.039843e+00, 5.455382e-10, 4.817672e-10, 5.135023e+01, -3.951232e-01
3.050000e+09, 2.002780e-01, 9.449038e-01, -1.514698e+00, -3.051345e+00, 5.480845e-10, 4.818435e-10, 5.109154e+01, -3.947666e-01
3.053800e+09, 1.999233e-01, 9.449769e-01, -1.527784e+00, -3.062850e+00, 5.506573e-10, 4.819222e-10, 5.083356e+01, -3.943153e-01
3.057600e+09, 1.995506e-01, 9.450526e-01, -1.540932e+00, -3.074356e+00, 5.532574e-10, 4.820033e-10, 5.057636e+01, -3.937687e-01
3.061400e+09, 1.991599e-01, 9.451309e-01, -1.554141e+00, -3.085865e+00, 5.558861e-10, 4.820868e-10, 5.032006e+01, -3.931263e-01
3.065200e+09, 1.987515e-01, 9.452117e-01, -1.567414e+00, -3.097375e+00, 5.585444e-10, 4.821726e-10, 5.006472e+01, -3.923875e-01
3.069000e+09, 1.983252e-01, 9.452950e-01, -1.580750e+00, -3.108888e+00, 5.612335e-10, 4.822606e-10, 4.981043e+01, -3.915518e-01
3.072800e+09, 1.978812e-01, 9.453808e-01, -1.594150e+00, -3.120402e+00, 5.639545e-10, 4.823509e-10, 4.955729e+01, -3.906188e-01
3.076600e+09, 1.974195e-01, 9.454689e-01, -1.607615e+00, -3.131919e+00, 5.667085e-10, 4.824434e-10, 4.930538e+01, -3.895879e-01
3.080400e+09, 1.969402e-01, 9.455595e-01, -1.621146e+00, 3.139748e+00, 5.694969e-10, 4.825381e-10, 4.905478e+01, -3.884588e-01
3.084200e+09, 1.964434e-01, 9.456523e-01, -1.634743e+00, 3.128227e+00, 5.723209e-10, 4.826349e-10, 4.880557e+01, -3.872310e-01
3.088000e+09, 1.959292e-01, 9.457475e-01, -1.648408e+00, 3.116703e+00, 5.751816e-10, 4.827337e-10, 4.855784e+01, -3.859041e-01
3.091800e+09, 1.953976e-01, 9.458448e-01, -1.662141e+00, 3.105177e+00, 5.780806e-10, 4.828346e-10, 4.831167e+01, -3.844778e-01
3.095600e+09, 1.948487e-01, 9.459444e-01, -1.675943e+00, 3.093649e+00, 5.810190e-10, 4.829374e-10, 4.806713e+01, -3.829518e-01
3.099400e+09, 1.942827e-01, 9.460461e-01, -1.689816e+00, 3.082118e+00, 5.839983e-10, 4.830422e-10, 4.782431e+01, -3.813257e-01
3.103200e+09, 1.936996e-01, 9.461499e-01, -1.703759e+00, 3.070585e+00, 5.870199e-10, 4.831489e-10, 4.758329e+01, -3.795993e-01
3.107000e+09, 1.930995e-01, 9.462558e-01, -1.717775e+00, 3.059050e+00, 5.900852e-10, 4.832573e-10, 4.734415e+01, -3.777723e-01
3.110800e+09, 1.924826e-01, 9.463636e-01, -1.731864e+00, 3.047511e+00, 5.931958e-10, 4.833676e-10, 4.710695e+01, -3.758445e-01
3.114600e+09, 1.918489e-01, 9.464734e-01, -1.746027e+00, 3.035970e+00, 5.963532e-10, 4.834796e-10, 4.687178e+01, -3.738157e-01
3.118400e+09, 1.911986e-01, 9.465851e-01, -1.760266e+00, 3.024427e+00, 5.995589e-10, 4.835933e-10, 4.663872e+01, -3.716858e-01
3.122200e+09, 1.905317e-01, 9.466986e-01, -1.774581e+00, 3.012880e+00, 6.028147e-10, 4.837086e-10, 4.640783e+01, -3.694547e-01
3.126000e+09, 1.898485e-01, 9.468139e-01, -1.788974e+00, 3.001331e+00, 6.061220e-10, 4.838255e-10, 4.617920e+01, -3.671222e-01
3.129800e+09, 1.891491e-01, 9.469309e-01, -1.803445e+00, 2.989779e+00, 6.094828e-10, 4.839438e-10, 4.595290e+01, -3.646884e-01
3.133600e+09, 1.884335e-01, 9.470497e-01, -1.817998e+00, 2.978225e+00, 6.128987e-10, 4.840637e-10, 4.572899e+01, -3.621532e-01
3.137400e+09, 1.877020e-01, 9.471700e-01, -1.832631e+00, 2.966667e+00, 6.163716e-10, 4.841850e-10, 4.550756e+01, -3.595166e-01
3.141200e+09, 1.869547e-01, 9.472919e-01, -1.847348e+00, 2.955107e+00, 6.199033e-10, 4.843076e-10, 4.528867e+01, -3.567787e-01
3.145000e+09, 1.861918e-01, 9.474154e-01, -1.862149e+00, 2.943543e+00, 6.234958e-10, 4.844315e-10, 4.507239e+01, -3.539396e-01
3.148800e+09, 1.854133e-01, 9.475403e-01, -1.877035e+00, 2.931977e+00, 6.271510e-10, 4.845567e-10, 4.485881e+01, -3.509995e-01
3.152600e+09, 1.846196e-01, 9.476666e-01, -1.892009e+00, 2.920408e+00, 6.308710e-10, 4.846830e-10, 4.464797e+01, -3.479586e-01
3.156400e+09, 1.838107e-01, 9.477942e-01, -1.907072e+00, 2.908835e+00, 6.346579e-10, 4.848105e-10, 4.443996e+01, -3.448170e-01
3.160200e+09, 1.829869e-01, 9.479231e-01, -1.922225e+00, 2.897260e+00, 6.385139e-10, 4.849390e-10, 4.423485e+01, -3.415752e-01
3.164000e+09, 1.821483e-01, 9.480532e-01, -1.937470e+00, 2.885682e+00, 6.424411e-10, 4.850685e-10, 4.403269e+01, -3.382333e-01
3.167800e+09, 1.812952e-01, 9.481845e-01, -1.952809e+00, 2.874100e+00, 6.464418e-10, 4.851990e-10, 4.383356e+01, -3.347918e-01
3.171600e+09, 1.804276e-01, 9.483169e-01, -1.968244e+00, 2.862515e+00, 6.505184e-10, 4.853304e-10, 4.363753e+01, -3.312512e-01
3.175400e+09, 1.795460e-01, 9.484504e-01, -1.983776e+00, 2.850928e+00, 6.546734e-10, 4.854627e-10, 4.344466e+01, -3.276119e-01
3.179200e+09, 1.786504e-01, 9.485848e-01, -1.999407e+00, 2.839337e+00, 6.589091e-10, 4.855957e-10, 4.325501e+01, -3.238744e-01
3.183000e+09, 1.777411e-01, 9.487202e-01, -2.015139e+00, 2.827742e+00, 6.632282e-10, 4.857295e-10, 4.306866e+01, -3.200394e-01
3.186800e+09, 1.768183e-01, 9.488564e-01, -2.030974e+00, 2.816145e+00, 6.676333e-10, 4.858639e-10, 4.288567e+01, -3.161075e-01
3.190600e+09, 1.758823e-01, 9.489934e-01, -2.046915e+00, 2.804545e+00, 6.721270e-10, 4.859989e-10, 4.270609e+01, -3.120794e-01
3.194400e+09, 1.749333e-01, 9.491312e-01, -2.062962e+00, 2.792941e+00, 6.767122e-10, 4.861345e-10, 4.253000e+01, -3.079558e-01
3.198200e+09, 1.739716e-01, 9.492697e-01, -2.079120e+00, 2.781334e+00, 6.813917e-10, 4.862706e-10, 4.235746e+01, -3.037377e-01
3.202000e+09, 1.729974e-01, 9.494087e-01, -2.095389e+00, 2.769724e+00, 6.861683e-10, 4.864071e-10, 4.218852e+01, -2.994259e-01
3.205800e+09, 1.720110e-01, 9.495484e-01, -2.111772e+00, 2.758110e+00, 6.910452e-10, 4.865440e-10, 4.202326e+01, -2.950213e-01
3.209600e+09, 1.710127e-01, 9.496885e-01, -2.128271e+00, 2.746493e+00, 6.960254e-10, 4.866812e-10, 4.186173e+01, -2.905250e-01
3.213400e+09, 1.700028e-01, 9.498290e-01, -2.144890e+00, 2.734873e+00, 7.011120e-10, 4.868187e-10, 4.170399e+01, -2.859380e-01
3.217200e+09, 1.689816e-01, 9.499700e-01, -2.161629e+00, 2.723250e+00, 7.063082e-10, 4.869565e-10, 4.155010e+01, -2.812616e-01
3.221000e+09, 1.679494e-01, 9.501112e-01, -2.178493e+00, 2.711623e+00, 7.116173e-10, 4.870944e-10, 4.140013e+01, -2.764969e-01
3.224800e+09, 1.669064e-01, 9.502527e-01, -2.195484e+00, 2.699993e+00, 7.170428e-10, 4.872324e-10, 4.125412e+01, -2.716452e-01
3.228600e+09, 1.658532e-01, 9.503944e-01, -2.212604e+00, 2.688360e+00, 7.225880e-10, 4.873705e-10, 4.111214e+01, -2.667080e-01
3.232400e+09, 1.647898e-01, 9.505362e-01, -2.229857e+00, 2.676724e+00, 7.282565e-10, 4.875087e-10, 4.097425e+01, -2.616865e-01
3.236200e+09, 1.637169e-01, 9.506781e-01, -2.247245e+00, 2.665084e+00, 7.340518e-10, 4.876468e-10, 4.084049e+01, -2.565824e-01
3.240000e+09, 1.626346e-01, 9.508200e-01, -2.264771e+00, 2.653441e+00, 7.399776e-10, 4.877848e-10, 4.071094e+01, -2.513973e-01
3.243800e+09, 1.615433e-01, 9.509619e-01, -2.282439e+00, 2.641794e+00, 7.460376e-10, 4.879227e-10, 4.058563e+01, -2.461326e-01
3.247600e+09, 1.604435e-01, 9.511036e-01, -2.300251e+00, 2.630145e+00, 7.522356e-10, 4.880604e-10, 4.046463e+01, -2.407903e-01
3.251400e+09, 1.593356e-01, 9.512452e-01, -2.318212e+00, 2.618492e+00, 7.585753e-10, 4.881979e-10, 4.034799e+01, -2.353721e-01
3.255200e+09, 1.582198e-01, 9.513865e-01, -2.336323e+00, 2.606835e+00, 7.650607e-10, 4.883351e-10, 4.023576e+01, -2.298799e-01
3.259000e+09, 1.570968e-01, 9.515275e-01, -2.354590e+00, 2.595176e+00, 7.716955e-10, 4.884720e-10, 4.012799e+01, -2.243156e-01
3.262800e+09, 1.559668e-01, 9.516682e-01, -2.373015e+00, 2.583513e+00, 7.784839e-10, 4.886086e-10, 4.002474e+01, -2.186813e-01
3.266600e+09, 1.548303e-01, 9.518085e-01, -2.391602e+00, 2.571847e+00, 7.854296e-10, 4.887447e-10, 3.992605e+01, -2.129790e-01
3.270400e+09, 1.536879e-01, 9.519483e-01, -2.410355e+00, 2.560178e+00, 7.925367e-10, 4.888805e-10, 3.983197e+01, -2.072109e-01
3.274200e+09, 1.525398e-01, 9.520876e-01, -2.429278e+00, 2.548505e+00, 7.998090e-10, 4.890157e-10, 3.974255e+01, -2.013793e-01
3.278000e+09, 1.513868e-01, 9.522262e-01, -2.448374e+00, 2.536829e+00, 8.072506e-10, 4.891505e-10, 3.965783e+01, -1.954864e-01
3.281800e+09, 1.502291e-01, 9.523643e-01, -2.467648e+00, 2.525150e+00, 8.148653e-10, 4.892846e-10, 3.957787e+01, -1.895347e-01
3.285600e+09, 1.490675e-01, 9.525016e-01, -2.487104e+00, 2.513468e+00, 8.226570e-10, 4.894182e-10, 3.950270e+01, -1.835266e-01
3.289400e+09, 1.479023e-01, 9.526382e-01, -2.506746e+00, 2.501783e+00, 8.306294e-10, 4.895512e-10, 3.943238e+01, -1.774646e-01
3.293200e+09, 1.467341e-01, 9.527740e-01, -2.526578e+00, 2.490094e+00, 8.387863e-10, 4.896835e-10, 3.936693e+01, -1.713513e-01
3.297000e+09, 1.455635e-01, 9.529089e-01, -2.546605e+00, 2.478402e+00, 8.471311e-10, 4.898150e-10, 3.930641e+01, -1.651894e-01
3.300800e+09, 1.443910e-01, 9.530429e-01, -2.566831e+00, 2.466708e+00, 8.556673e-10, 4.899459e-10, 3.925085e+01, -1.589816e-01
3.304600e+09, 1.432173e-01, 9.531759e-01, -2.587261e+00, 2.455010e+00, 8.643980e-10, 4.900759e-10, 3.920029e+01, -1.527305e-01
3.308400e+09, 1.420430e-01, 9.533079e-01, -2.607900e+00, 2.443308e+00, 8.733265e-10, 4.902052e-10, 3.915477e+01, -1.464392e-01
3.312200e+09, 1.408686e-01, 9.534388e-01, -2.628751e+00, 2.431604e+00, 8.824553e-10, 4.903336e-10, 3.911433e+01, -1.401104e-01
3.316000e+09, 1.396949e-01, 9.535685e-01, -2.649821e+00, 2.419897e+00, 8.917870e-10, 4.904611e-10, 3.907899e+01, -1.337471e-01
3.319800e+09, 1.385225e-01, 9.536970e-01, -2.671113e+00, 2.408187e+00, 9.013237e-10, 4.905877e-10, 3.904880e+01, -1.273522e-01
3.323600e+09, 1.373520e-01, 9.538243e-01, -2.692634e+00, 2.396473e+00, 9.110672e-10, 4.907134e-10, 3.902378e+01, -1.209289e-01
3.327400e+09, 1.361842e-01, 9.539503e-01, -2.714386e+00, 2.384757e+00, 9.210189e-10, 4.908381e-10, 3.900397e+01, -1.144801e-01
3.331200e+09, 1.350198e-01, 9.540749e-01, -2.736377e+00, 2.373038e+00, 9.311796e-10, 4.909618e-10, 3.898939e+01, -1.080090e-01
3.335000e+09, 1.338595e-01, 9.541980e-01, -2.758610e+00, 2.361315e+00, 9.415495e-10, 4.910844e-10, 3.898007e+01, -1.015188e-01
3.338800e+09, 1.327041e-01, 9.543198e-01, -2.781090e+00, 2.349590e+00, 9.521284e-10, 4.912059e-10, 3.897604e+01, -9.501262e-02
3.342600e+09, 1.315544e-01, 9.544400e-01, -2.803823e+00, 2.337862e+00, 9.629154e-10, 4.913264e-10, 3.897732e+01, -8.849367e-02
3.346400e+09, 1.304111e-01, 9.545586e-01, -2.826814e+00, 2.326131e+00, 9.739085e-10, 4.914457e-10, 3.898393e+01, -8.196521e-02
3.350200e+09, 1.292751e-01, 9.546756e-01, -2.850067e+00, 2.314397e+00, 9.851054e-10, 4.915638e-10, 3.899591e+01, -7.543051e-02
3.354000e+09, 1.281472e-01, 9.547909e-01, -2.873587e+00, 2.302661e+00, 9.965024e-10, 4.916807e-10, 3.901326e+01, -6.889283e-02
3.357800e+09, 1.270283e-01, 9.549045e-01, -2.897380e+00, 2.290921e+00, 1.008095e-09, 4.917963e-10, 3.903600e+01, -6.235549e-02
3.361600e+09, 1.259193e-01, 9.550163e-01, -2.921449e+00, 2.279179e+00, 1.019878e-09, 4.919107e-10, 3.906416e+01, -5.582178e-02
3.365400e+09, 1.248210e-01, 9.551263e-01, -2.945800e+00, 2.267434e+00, 1.031844e-09, 4.920237e-10, 3.909774e+01, -4.929502e-02
3.369200e+09, 1.237344e-01, 9.552344e-01, -2.970437e+00, 2.255687e+00, 1.043986e-09, 4.921354e-10, 3.913677e+01, -4.277852e-02
3.373000e+09, 1.226604e-01, 9.553406e-01, -2.995363e+00, 2.243936e+00, 1.056294e-09, 4.922457e-10, 3.918125e+01, -3.627560e-02
3.376800e+09, 1.216000e-01, 9.554448e-01, -3.020583e+00, 2.232183e+00, 1.068757e-09, 4.923546e-10, 3.923119e+01, -2.978956e-02
3.380600e+09, 1.205542e-01, 9.555470e-01, -3.046101e+00, 2.220428e+00, 1.081362e-09, 4.924620e-10, 3.928660e+01, -2.332371e-02
3.384400e+09, 1.195239e-01, 9.556471e-01, -3.071920e+00, 2.208670e+00, 1.094097e-09, 4.925680e-10, 3.934749e+01, -1.688132e-02
3.388200e+09, 1.185102e-01, 9.557451e-01, -3.098042e+00, 2.196909e+00, 1.106944e-09, 4.926724e-10, 3.941387e+01, -1.046567e-02
3.392000e+09, 1.175142e-01, 9.558409e-01, -3.124472e+00, 2.185146e+00, 1.119887e-09, 4.927752e-10, 3.948574e+01, -4.079997e-03
3.395800e+09, 1.165367e-01, 9.559345e-01, 3.131975e+00, 2.173381e+00, 1.132907e-09, 4.928764e-10, 3.956310e+01, 2.272466e-03
3.399600e+09, 1.155790e-01, 9.560259e-01, 3.104926e+00, 2.161613e+00, 1.145980e-09, 4.929759e-10, 3.964596e+01, 8.588529e-03
3.403400e+09, 1.146421e-01, 9.561149e-01, 3.077564e+00, 2.149842e+00, 1.159085e-09, 4.930738e-10, 3.973431e+01, 1.486503e-02
3.407200e+09, 1.137271e-01, 9.562016e-01, 3.049890e+00, 2.138070e+00, 1.172196e-09, 4.931700e-10, 3.982815e+01, 2.109884e-02
3.411000e+09, 1.128350e-01, 9.562858e-01, 3.021902e+00, 2.126295e+00, 1.185285e-09, 4.932643e-10, 3.992748e+01, 2.728686e-02
3.414800e+09, 1.119670e-01, 9.563676e-01, 2.993602e+00, 2.114517e+00, 1.198323e-09, 4.933569e-10, 4.003229e+01, 3.342605e-02
3.418600e+09, 1.111242e-01, 9.564469e-01, 2.964991e+00, 2.102738e+00, 1.211279e-09, 4.934476e-10, 4.014258e+01, 3.951340e-02
3.422400e+09, 1.103077e-01, 9.565237e-01, 2.936070e+00, 2.090956e+00, 1.224118e-09, 4.935365e-10, 4.025834e+01, 4.554596e-02
3.426200e+09, 1.095186e-01, 9.565979e-01, 2.906843e+00, 2.079173e+00, 1.236805e-09, 4.936234e-10, 4.037956e+01, 5.152081e-02
3.430000e+09, 1.087579e-01, 9.566695e-01, 2.877313e+00, 2.067387e+00, 1.249303e-09, 4.937084e-10, 4.050623e+01, 5.743508e-02
3.433800e+09, 1.080269e-01, 9.567384e-01, 2.847484e+00, 2.055599e+00, 1.261574e-09, 4.937914e-10, 4.063833e+01, 6.328599e-02
3.437600e+09, 1.073266e-01, 9.568046e-01, 2.817363e+00, 2.043809e+00, 1.273577e-09, 4.938723e-10, 4.077586e+01, 6.907077e-02
3.441400e+09, 1.066580e-01, 9.568681e-01, 2.786955e+00, 2.032017e+00, 1.285271e-09, 4.939511e-10, 4.091880e+01, 7.478674e-02
3.445200e+09, 1.060222e-01, 9.569287e-01, 2.756268e+00, 2.020224e+00, 1.296612e-09, 4.940279e-10, 4.106714e+01, 8.043125e-02
3.449000e+09, 1.054203e-01, 9.569866e-01, 2.725310e+00, 2.008428e+00, 1.307559e-09, 4.941024e-10, 4.122085e+01, 8.600174e-02
3.452800e+09, 1.048532e-01, 9.570416e-01, 2.694090e+00, 1.996631e+00, 1.318066e-09, 4.941748e-10, 4.137991e+01, 9.149570e-02
3.456600e+09, 1.043219e-01, 9.570936e-01, 2.662620e+00, 1.984832e+00, 1.328092e-09, 4.942450e-10, 4.154432e+01, 9.691067e-02
3.460400e+09, 1.038274e-01, 9.571428e-01, 2.630910e+00, 1.973032e+00, 1.337593e-09, 4.943129e-10, 4.171404e+01, 1.022443e-01
3.464200e+09, 1.033705e-01, 9.571890e-01, 2.598974e+00, 1.961229e+00, 1.346525e-09, 4.943785e-10, 4.188906e+01, 1.074942e-01
3.468000e+09, 1.029522e-01, 9.572321e-01, 2.566824e+00, 1.949425e+00, 1.354850e-09, 4.944418e-10, 4.206935e+01, 1.126581e-01
3.471800e+09, 1.025732e-01, 9.572722e-01, 2.534475e+00, 1.937620e+00, 1.362526e-09, 4.945027e-10, 4.225488e+01, 1.177340e-01
3.475600e+09, 1.022343e-01, 9.573093e-01, 2.501944e+00, 1.925813e+00, 1.369516e-09, 4.945612e-10, 4.244564e+01, 1.227195e-01
3.479400e+09, 1.019362e-01, 9.573432e-01, 2.469245e+00, 1.914005e+00, 1.375787e-09, 4.946173e-10, 4.264159e+01, 1.276128e-01
3.483200e+09, 1.016795e-01, 9.573740e-01, 2.436396e+00, 1.902196e+00, 1.381305e-09, 4.946709e-10, 4.284271e+01, 1.324117e-01
3.487000e+09, 1.014649e-01, 9.574017e-01, 2.403416e+00, 1.890385e+00, 1.386042e-09, 4.947221e-10, 4.304896e+01, 1.371143e-01
3.490800e+09, 1.012928e-01, 9.574261e-01, 2.370323e+00, 1.878573e+00, 1.389974e-09, 4.947707e-10, 4.326032e+01, 1.417189e-01
3.494600e+09, 1.011636e-01, 9.574473e-01, 2.337136e+00, 1.866760e+00, 1.393080e-09, 4.948168e-10, 4.347675e+01, 1.462235e-01
3.498400e+09, 1.010778e-01, 9.574653e-01, 2.303874e+00, 1.854945e+00, 1.395344e-09, 4.948603e-10, 4.369823e+01, 1.506265e-01
3.502200e+09, 1.010356e-01, 9.574800e-01, 2.270559e+00, 1.843130e+00, 1.396754e-09, 4.949012e-10, 4.392471e+01, 1.549262e-01
3.506000e+09, 1.010372e-01, 9.574914e-01, 2.237210e+00, 1.831314e+00, 1.397302e-09, 4.949395e-10, 4.415617e+01, 1.591209e-01
3.509800e+09, 1.010829e-01, 9.574995e-01, 2.203848e+00, 1.819496e+00, 1.396988e-09, 4.949752e-10, 4.439256e+01, 1.632092e-01
3.513600e+09, 1.011726e-01, 9.575043e-01, 2.170493e+00, 1.807678e+00, 1.395812e-09, 4.950082e-10, 4.463386e+01, 1.671894e-01
3.517400e+09, 1.013064e-01, 9.575056e-01, 2.137167e+00, 1.795859e+00, 1.393784e-09, 4.950385e-10, 4.488002e+01, 1.710603e-01
3.521200e+09, 1.014841e-01, 9.575037e-01, 2.103889e+00, 1.784040e+00, 1.390915e-09, 4.950661e-10, 4.513100e+01, 1.748204e-01
3.525000e+09, 1.017056e-01, 9.574983e-01, 2.070679e+00, 1.772220e+00, 1.387221e-09, 4.950911e-10, 4.538676e+01, 1.784683e-01
3.528800e+09, 1.019707e-01, 9.574895e-01, 2.037558e+00, 1.760399e+00, 1.382725e-09, 4.951133e-10, 4.564726e+01, 1.820030e-01
3.532600e+09, 1.022790e-01, 9.574772e-01, 2.004543e+00, 1.748577e+00, 1.377452e-09, 4.951327e-10, 4.591246e+01, 1.854230e-01
3.536400e+09, 1.026302e-01, 9.574615e-01, 1.971655e+00, 1.736755e+00, 1.371429e-09, 4.951494e-10, 4.618231e+01, 1.887273e-01
3.540200e+09, 1.030238e-01, 9.574424e-01, 1.938911e+00, 1.724933e+00, 1.364691e-09, 4.951634e-10, 4.645676e+01, 1.919148e-01
3.544000e+09, 1.034592e-01, 9.574198e-01, 1.906327e+00, 1.713111e+00, 1.357271e-09, 4.951746e-10, 4.673578e+01, 1.949844e-01
3.547800e+09, 1.039359e-01, 9.573937e-01, 1.873921e+00, 1.701288e+00, 1.349207e-09, 4.951829e-10, 4.701931e+01, 1.979351e-01
3.551600e+09, 1.044533e-01, 9.573642e-01, 1.841707e+00, 1.689465e+00, 1.340540e-09, 4.951886e-10, 4.730730e+01, 2.007660e-01
3.555400e+09, 1.050107e-01, 9.573311e-01, 1.809700e+00, 1.677642e+00, 1.331310e-09, 4.951914e-10, 4.759970e+01, 2.034761e-01
3.559200e+09, 1.056073e-01, 9.572945e-01, 1.777914e+00, 1.665818e+00, 1.321561e-09, 4.951914e-10, 4.789646e+01, 2.060646e-01
3.563000e+09, 1.062423e-01, 9.572544e-01, 1.746360e+00, 1.653995e+00, 1.311335e-09, 4.951886e-10, 4.819752e+01, 2.085306e-01
3.566800e+09, 1.069149e-01, 9.572109e-01, 1.715051e+00, 1.642172e+00, 1.300677e-09, 4.951830e-10, 4.850283e+01, 2.108734e-01
3.570600e+09, 1.076243e-01, 9.571638e-01, 1.683995e+00, 1.630349e+00, 1.289629e-09, 4.951747e-10, 4.881232e+01, 2.130921e-01
3.574400e+09, 1.083695e-01, 9.571132e-01, 1.653204e+00, 1.618526e+00, 1.278236e-09, 4.951635e-10, 4.912595e+01, 2.151862e-01
3.578200e+09, 1.091496e-01, 9.570590e-01, 1.622685e+00, 1.606704e+00, 1.266540e-09, 4.951495e-10, 4.944365e+01, 2.171549e-01
3.582000e+09, 1.099637e-01, 9.570014e-01, 1.592445e+00, 1.594881e+00, 1.254582e-09, 4.951327e-10, 4.976536e+01, 2.189976e-01
3.585800e+09, 1.108107e-01, 9.569402e-01, 1.562490e+00, 1.583059e+00, 1.242403e-09, 4.951132e-10, 5.009101e+01, 2.207136e-01
3.589600e+09, 1.116898e-01, 9.568756e-01, 1.532827e+00, 1.571238e+00, 1.230042e-09, 4.950908e-10, 5.042053e+01, 2.223025e-01
3.593400e+09, 1.125998e-01, 9.568074e-01, 1.503458e+00, 1.559417e+00, 1.217536e-09, 4.950657e-10, 5.075385e+01, 2.237637e-01
3.597200e+09, 1.135399e-01, 9.567358e-01, 1.474388e+00, 1.547597e+00, 1.204921e-09, 4.950378e-10, 5.109091e+01, 2.250966e-01
3.601000e+09, 1.145089e-01, 9.566606e-01, 1.445619e+00, 1.535777e+00, 1.192229e-09, 4.950072e-10, 5.143163e+01, 2.263009e-01
3.604800e+09, 1.155058e-01, 9.565820e-01, 1.417153e+00, 1.523959e+00, 1.179494e-09, 4.949738e-10, 5.177594e+01, 2.273760e-01
3.608600e+09, 1.165296e-01, 9.564999e-01, 1.388992e+00, 1.512141e+00, 1.166743e-09, 4.949376e-10, 5.212375e+01, 2.283216e-01
3.612400e+09, 1.175793e-01, 9.564143e-01, 1.361134e+00, 1.500323e+00, 1.154005e-09, 4.948987e-10, 5.247498e+01, 2.291372e-01
3.616200e+09, 1.186539e-01, 9.563253e-01, 1.333581e+00, 1.488507e+00, 1.141306e-09, 4.948571e-10, 5.282956e+01, 2.298225e-01
3.620000e+09, 1.197524e-01, 9.562329e-01, 1.306331e+00, 1.476692e+00, 1.128668e-09, 4.948128e-10, 5.318739e+01, 2.303772e-01
3.623800e+09, 1.208737e-01, 9.561370e-01, 1.279383e+00, 1.464878e+00, 1.116113e-09, 4.947658e-10, 5.354838e+01, 2.308010e-01
3.627600e+09, 1.220169e-01, 9.560377e-01, 1.252735e+00, 1.453065e+00, 1.103661e-09, 4.947161e-10, 5.391245e+01, 2.310935e-01
3.631400e+09, 1.231810e-01, 9.559350e-01, 1.226383e+00, 1.441253e+00, 1.091329e-09, 4.946637e-10, 5.427949e+01, 2.312545e-01
3.635200e+09, 1.243650e-01, 9.558290e-01, 1.200327e+00, 1.429442e+00, 1.079133e-09, 4.946087e-10, 5.464941e+01, 2.312838e-01
3.639000e+09, 1.255680e-01, 9.557196e-01, 1.174561e+00, 1.417633e+00, 1.067087e-09, 4.945511e-10, 5.502211e+01, 2.311812e-01
3.642800e+09, 1.267890e-01, 9.556068e-01, 1.149083e+00, 1.405825e+00, 1.055203e-09, 4.944908e-10, 5.539747e+01, 2.309464e-01
3.646600e+09, 1.280272e-01, 9.554907e-01, 1.123889e+00, 1.394018e+00, 1.043493e-09, 4.944279e-10, 5.577540e+01, 2.305794e-01
3.650400e+09, 1.292815e-01, 9.553714e-01, 1.098975e+00, 1.382213e+00, 1.031965e-09, 4.943625e-10, 5.615577e+01, 2.300800e-01
3.654200e+09, 1.305512e-01, 9.552487e-01, 1.074335e+00, 1.370410e+00, 1.020628e-09, 4.942944e-10, 5.653847e+01, 2.294481e-01
3.658000e+09, 1.318354e-01, 9.551228e-01, 1.049967e+00, 1.358608e+00, 1.009489e-09, 4.942238e-10, 5.692338e+01, 2.286836e-01
3.661800e+09, 1.331331e-01, 9.549937e-01, 1.025864e+00, 1.346808e+00, 9.985533e-10, 4.941507e-10, 5.731038e+01, 2.277864e-01
3.665600e+09, 1.344436e-01, 9.548614e-01, 1.002023e+00, 1.335009e+00, 9.878253e-10, 4.940751e-10, 5.769933e+01, 2.267565e-01
3.669400e+09, 1.357661e-01, 9.547259e-01, 9.784372e-01, 1.323213e+00, 9.773087e-10, 4.939969e-10, 5.809011e+01, 2.255939e-01
3.673200e+09, 1.370998e-01, 9.545872e-01, 9.551029e-01, 1.311418e+00, 9.670062e-10, 4.939163e-10, 5.848257e+01, 2.242986e-01
3.677000e+09, 1.384439e-01, 9.544454e-01, 9.320145e-01, 1.299625e+00, 9.569195e-10, 4.938332e-10, 5.887657e+01, 2.228707e-01
3.680800e+09, 1.397976e-01, 9.543005e-01, 9.091670e-01, 1.287834e+00, 9.470499e-10, 4.937477e-10, 5.927197e+01, 2.213102e-01
3.684600e+09, 1.411602e-01, 9.541526e-01, 8.865551e-01, 1.276046e+00, 9.373976e-10, 4.936598e-10, 5.966861e+01, 2.196173e-01
3.688400e+09, 1.425310e-01, 9.540016e-01, 8.641737e-01, 1.264259e+00, 9.279626e-10, 4.935694e-10, 6.006634e+01, 2.177921e-01
3.692200e+09, 1.439093e-01, 9.538476e-01, 8.420176e-01, 1.252475e+00, 9.187439e-10, 4.934767e-10, 6.046499e+01, 2.158347e-01
3.696000e+09, 1.452943e-01, 9.536906e-01, 8.200816e-01, 1.240692e+00, 9.097404e-10, 4.933816e-10, 6.086441e+01, 2.137454e-01
3.699800e+09, 1.466855e-01, 9.535307e-01, 7.983605e-01, 1.228912e+00, 9.009505e-10, 4.932842e-10, 6.126442e+01, 2.115243e-01
3.703600e+09, 1.480822e-01, 9.533679e-01, 7.768493e-01, 1.217134e+00, 8.923720e-10, 4.931845e-10, 6.166483e+01, 2.091719e-01
3.707400e+09, 1.494837e-01, 9.532022e-01, 7.555430e-01, 1.205359e+00, 8.840026e-10, 4.930824e-10, 6.206548e+01, 2.066882e-01
3.711200e+09, 1.508895e-01, 9.530336e-01, 7.344364e-01, 1.193586e+00, 8.758396e-10, 4.929781e-10, 6.246618e+01, 2.040738e-01
3.715000e+09, 1.522989e-01, 9.528623e-01, 7.135248e-01, 1.181816e+00, 8.678802e-10, 4.928715e-10, 6.286672e+01, 2.013290e-01
3.718800e+09, 1.537114e-01, 9.526881e-01, 6.928032e-01, 1.170048e+00, 8.601212e-10, 4.927626e-10, 6.326693e+01, 1.984543e-01
3.722600e+09, 1.551263e-01, 9.525113e-01, 6.722669e-01, 1.158283e+00, 8.525592e-10, 4.926516e-10, 6.366658e+01, 1.954500e-01
3.726400e+09, 1.565431e-01, 9.523317e-01, 6.519111e-01, 1.146520e+00, 8.451909e-10, 4.925383e-10, 6.406547e+01, 1.923168e-01
3.730200e+09, 1.579614e-01, 9.521495e-01, 6.317312e-01, 1.134760e+00, 8.380126e-10, 4.924229e-10, 6.446340e+01, 1.890551e-01
3.734000e+09, 1.593805e-01, 9.519647e-01, 6.117227e-01, 1.123003e+00, 8.310208e-10, 4.923052e-10, 6.486014e+01, 1.856656e-01
3.737800e+09, 1.607999e-01, 9.517773e-01, 5.918812e-01, 1.111249e+00, 8.242116e-10, 4.921855e-10, 6.525546e+01, 1.821490e-01
3.741600e+09, 1.622192e-01, 9.515873e-01, 5.722022e-01, 1.099497e+00, 8.175814e-10, 4.920636e-10, 6.564915e+01, 1.785060e-01
3.745400e+09, 1.636379e-01, 9.513949e-01, 5.526816e-01, 1.087749e+00, 8.111261e-10, 4.919397e-10, 6.604096e+01, 1.747372e-01
3.749200e+09, 1.650555e-01, 9.512000e-01, 5.333150e-01, 1.076003e+00, 8.048421e-10, 4.918136e-10, 6.643065e+01, 1.708437e-01
3.753000e+09, 1.664715e-01, 9.510026e-01, 5.140985e-01, 1.064261e+00, 7.987254e-10, 4.916855e-10, 6.681798e+01, 1.668262e-01
3.756800e+09, 1.678854e-01, 9.508029e-01, 4.950281e-01, 1.052521e+00, 7.927723e-10, 4.915553e-10, 6.720270e+01, 1.626858e-01
3.760600e+09, 1.692970e-01, 9.506009e-01, 4.760998e-01, 1.040785e+00, 7.869788e-10, 4.914232e-10, 6.758457e+01, 1.584233e-01
3.764400e+09, 1.707056e-01, 9.503966e-01, 4.573098e-01, 1.029051e+00, 7.813413e-10, 4.912890e-10, 6.796330e+01, 1.540399e-01
3.768200e+09, 1.721110e-01, 9.501901e-01, 4.386544e-01, 1.017321e+00, 7.758558e-10, 4.911528e-10, 6.833866e+01, 1.495368e-01
3.772000e+09, 1.735126e-01, 9.499813e-01, 4.201300e-01, 1.005594e+00, 7.705188e-10, 4.910147e-10, 6.871037e+01, 1.449150e-01
3.775800e+09, 1.749102e-01, 9.497704e-01, 4.017330e-01, 9.938709e-01, 7.653265e-10, 4.908746e-10, 6.907815e+01, 1.401760e-01
3.779600e+09, 1.763032e-01, 9.495574e-01, 3.834600e-01, 9.821508e-01, 7.602754e-10, 4.907326e-10, 6.944175e+01, 1.353211e-01
3.783400e+09, 1.776915e-01, 9.493424e-01, 3.653076e-01, 9.704340e-01, 7.553619e-10, 4.905887e-10, 6.980087e+01, 1.303517e-01
3.787200e+09, 1.790745e-01, 9.491253e-01, 3.472725e-01, 9.587206e-01, 7.505825e-10, 4.904429e-10, 7.015524e+01, 1.252692e-01
3.791000e+09, 1.804519e-01, 9.489063e-01, 3.293515e-01, 9.470108e-01, 7.459338e-10, 4.902953e-10, 7.050459e+01, 1.200754e-01
3.794800e+09, 1.818234e-01, 9.486854e-01, 3.115415e-01, 9.353044e-01, 7.414124e-10, 4.901457e-10, 7.084861e+01, 1.147717e-01
3.798600e+09, 1.831886e-01, 9.484626e-01, 2.938394e-01, 9.236017e-01, 7.370151e-10, 4.899944e-10, 7.118703e+01, 1.093601e-01
3.802400e+09, 1.845472e-01, 9.482380e-01, 2.762424e-01, 9.119025e-01, 7.327386e-10, 4.898413e-10, 7.151957e+01, 1.038422e-01
3.806200e+09, 1.858989e-01, 9.480117e-01, 2.587475e-01, 9.002070e-01, 7.285799e-10, 4.896863e-10, 7.184592e+01, 9.822006e-02
3.810000e+09, 1.872433e-01, 9.477836e-01, 2.413518e-01, 8.885152e-01, 7.245358e-10, 4.895296e-10, 7.216581e+01, 9.249558e-02
3.813800e+09, 1.885802e-01, 9.475539e-01, 2.240527e-01, 8.768271e-01, 7.206034e-10, 4.893712e-10, 7.247895e+01, 8.667085e-02
3.817600e+09, 1.899092e-01, 9.473226e-01, 2.068475e-01, 8.651429e-01, 7.167798e-10, 4.892110e-10, 7.278504e+01, 8.074804e-02
3.821400e+09, 1.912300e-01, 9.470898e-01, 1.897336e-01, 8.534624e-01, 7.130621e-10, 4.890491e-10, 7.308381e+01, 7.472937e-02
3.825200e+09, 1.925424e-01, 9.468554e-01, 1.727085e-01, 8.417858e-01, 7.094477e-10, 4.888855e-10, 7.337496e+01, 6.861719e-02
3.829000e+09, 1.938461e-01, 9.466197e-01, 1.557696e-01, 8.301131e-01, 7.059337e-10, 4.887203e-10, 7.365822e+01, 6.241389e-02
3.832800e+09, 1.951407e-01, 9.463825e-01, 1.389147e-01, 8.184444e-01, 7.025176e-10, 4.885534e-10, 7.393331e+01, 5.612198e-02
3.836600e+09, 1.964261e-01, 9.461440e-01, 1.221413e-01, 8.067796e-01, 6.991968e-10, 4.883848e-10, 7.419995e+01, 4.974405e-02
3.840400e+09, 1.977019e-01, 9.459042e-01, 1.054472e-01, 7.951189e-01, 6.959690e-10, 4.882147e-10, 7.445787e+01, 4.328275e-02
3.844200e+09, 1.989679e-01, 9.456633e-01, 8.883015e-02, 7.834623e-01, 6.928316e-10, 4.880430e-10, 7.470681e+01, 3.674085e-02
3.848000e+09, 2.002239e-01, 9.454211e-01, 7.228803e-02, 7.718097e-01, 6.897823e-10, 4.878697e-10, 7.494650e+01, 3.012117e-02
3.851800e+09, 2.014695e-01, 9.451779e-01, 5.581872e-02, 7.601613e-01, 6.868189e-10, 4.876948e-10, 7.517669e+01, 2.342663e-02
3.855600e+09, 2.027046e-01, 9.449337e-01, 3.942016e-02, 7.485170e-01, 6.839392e-10, 4.875184e-10, 7.539713e+01, 1.666023e-02
3.859400e+09, 2.039288e-01, 9.446885e-01, 2.309036e-02, 7.368770e-01, 6.811410e-10, 4.873406e-10, 7.560759e+01, 9.825032e-03
3.863200e+09, 2.051421e-01, 9.444423e-01, 6.827363e-03, 7.252412e-01, 6.784224e-10, 4.871612e-10, 7.580782e+01, 2.924188e-03
3.867000e+09, 2.063440e-01, 9.441953e-01, -9.370720e-03, 7.136097e-01, 6.757811e-10, 4.869804e-10, 7.599761e+01, -4.039082e-03
3.870800e+09, 2.075345e-01, 9.439476e-01, -2.550574e-02, 7.019825e-01, 6.732154e-10, 4.867982e-10, 7.617675e+01, -1.106149e-02
3.874600e+09, 2.087133e-01, 9.436991e-01, -4.157950e-02, 6.903596e-01, 6.707233e-10, 4.866145e-10, 7.634502e+01, -1.813967e-02
3.878400e+09, 2.098801e-01, 9.434499e-01, -5.759376e-02, 6.787412e-01, 6.683029e-10, 4.864295e-10, 7.650224e+01, -2.527021e-02
3.882200e+09, 2.110348e-01, 9.432001e-01, -7.355023e-02, 6.671271e-01, 6.659526e-10, 4.862431e-10, 7.664822e+01, -3.244962e-02
3.886000e+09, 2.121772e-01, 9.429498e-01, -8.945058e-02, 6.555175e-01, 6.636705e-10, 4.860554e-10, 7.678280e+01, -3.967436e-02
3.889800e+09, 2.133070e-01, 9.426991e-01, -1.052964e-01, 6.439124e-01, 6.614549e-10, 4.858664e-10, 7.690581e+01, -4.694084e-02
3.893600e+09, 2.144240e-01, 9.424480e-01, -1.210894e-01, 6.323118e-01, 6.593044e-10, 4.856761e-10, 7.701711e+01, -5.424541e-02
3.897400e+09, 2.155281e-01, 9.421965e-01, -1.368310e-01, 6.207158e-01, 6.572172e-10, 4.854845e-10, 7.711657e+01, -6.158439e-02
3.901200e+09, 2.166191e-01, 9.419447e-01, -1.525228e-01, 6.091243e-01, 6.551919e-10, 4.852918e-10, 7.720406e+01, -6.895404e-02
3.905000e+09, 2.176967e-01, 9.416928e-01, -1.681662e-01, 5.975374e-01, 6.532269e-10, 4.850978e-10, 7.727949e+01, -7.635060e-02
3.908800e+09, 2.187608e-01, 9.414408e-01, -1.837628e-01, 5.859552e-01, 6.513208e-10, 4.849027e-10, 7.734276e+01, -8.377027e-02
3.912600e+09, 2.198112e-01, 9.411887e-01, -1.993138e-01, 5.743776e-01, 6.494723e-10, 4.847064e-10, 7.739380e+01, -9.120923e-02
3.916400e+09, 2.208477e-01, 9.409366e-01, -2.148206e-01, 5.628047e-01, 6.476800e-10, 4.845090e-10, 7.743254e+01, -9.866364e-02
3.920200e+09, 2.218701e-01, 9.406847e-01, -2.302847e-01, 5.512365e-01, 6.459425e-10, 4.843106e-10, 7.745894e+01, -1.061296e-01
3.924000e+09, 2.228783e-01, 9.404329e-01, -2.457073e-01, 5.396730e-01, 6.442587e-10, 4.841112e-10, 7.747296e+01, -1.136033e-01
3.927800e+09, 2.238722e-01, 9.401813e-01, -2.610897e-01, 5.281144e-01, 6.426271e-10, 4.839107e-10, 7.747460e+01, -1.210808e-01
3.931600e+09, 2.248514e-01, 9.399301e-01, -2.764331e-01, 5.165605e-01, 6.410468e-10, 4.837093e-10, 7.746385e+01, -1.285583e-01
3.935400e+09, 2.258159e-01, 9.396792e-01, -2.917388e-01, 5.050114e-01, 6.395164e-10, 4.835070e-10, 7.744072e+01, -1.360319e-01
3.939200e+09, 2.267655e-01, 9.394289e-01, -3.070080e-01, 4.934671e-01, 6.380350e-10, 4.833038e-10, 7.740524e+01, -1.434976e-01
3.943000e+09, 2.277000e-01, 9.391791e-01, -3.222418e-01, 4.819277e-01, 6.366013e-10, 4.830998e-10, 7.735746e+01, -1.509517e-01
3.946800e+09, 2.286194e-01, 9.389299e-01, -3.374413e-01, 4.703931e-01, 6.352143e-10, 4.828950e-10, 7.729744e+01, -1.583903e-01
3.950600e+09, 2.295234e-01, 9.386814e-01, -3.526078e-01, 4.588635e-01, 6.338730e-10, 4.826894e-10, 7.722526e+01, -1.658096e-01
3.954400e+09, 2.304118e-01, 9.384338e-01, -3.677422e-01, 4.473387e-01, 6.325765e-10, 4.824831e-10, 7.714099e+01, -1.732059e-01
3.958200e+09, 2.312846e-01, 9.381870e-01, -3.828457e-01, 4.358189e-01, 6.313236e-10, 4.822761e-10, 7.704475e+01, -1.805753e-01
3.962000e+09, 2.321416e-01, 9.379412e-01, -3.979192e-01, 4.243041e-01, 6.301136e-10, 4.820686e-10, 7.693664e+01, -1.879142e-01
3.965800e+09, 2.329827e-01, 9.376964e-01, -4.129639e-01, 4.127941e-01, 6.289454e-10, 4.818604e-10, 7.681681e+01, -1.952189e-01
3.969600e+09, 2.338077e-01, 9.374527e-01, -4.279806e-01, 4.012892e-01, 6.278182e-10, 4.816518e-10, 7.668539e+01, -2.024859e-01
3.973400e+09, 2.346164e-01, 9.372103e-01, -4.429705e-01, 3.897892e-01, 6.267312e-10, 4.814427e-10, 7.654254e+01, -2.097114e-01
3.977200e+09, 2.354088e-01, 9.369691e-01, -4.579344e-01, 3.782942e-01, 6.256835e-10, 4.812331e-10, 7.638843e+01, -2.168921e-01
3.981000e+09, 2.361847e-01, 9.367294e-01, -4.728733e-01, 3.668043e-01, 6.246743e-10, 4.810233e-10, 7.622323e+01, -2.240245e-01
3.984800e+09, 2.369440e-01, 9.364911e-01, -4.877880e-01, 3.553193e-01, 6.237028e-10, 4.808131e-10, 7.604714e+01, -2.311051e-01
3.988600e+09, 2.376865e-01, 9.362544e-01, -5.026796e-01, 3.438394e-01, 6.227683e-10, 4.806027e-10, 7.586036e+01, -2.381307e-01
3.992400e+09, 2.384122e-01, 9.360193e-01, -5.175489e-01, 3.323644e-01, 6.218700e-10, 4.803922e-10, 7.566310e+01, -2.450981e-01
3.996200e+09, 2.391208e-01, 9.357860e-01, -5.323968e-01, 3.208946e-01, 6.210072e-10, 4.801815e-10, 7.545558e+01, -2.520040e-01
4.000000e+09, 2.398124e-01, 9.355546e-01, -5.472240e-01, 3.094297e-01, 6.210072e-10, 4.801815e-10, 7.523802e+01, -2.588453e-01
