Frequency [Hz], |S00| [-], |S10| [-], Arg(S00) [-], Arg(S10) [-], Delay 0>0 [s], Delay 0>1 [s], |Z0| [Ohm] , Arg(Z0) [-]
2.000000e+08, 4.861580e-02, 9.395973e-01, 2.272335e+00, -5.562718e-01, 8.666542e-10, 4.449513e-10, 3.756951e+01, 7.430925e-02
2.038000e+08, 4.835491e-02, 9.397819e-01, 2.251643e+00, -5.668955e-01, 8.723485e-10, 4.451594e-10, 3.764020e+01, 7.518158e-02
2.076000e+08, 4.809350e-02, 9.399667e-01, 2.230814e+00, -5.775242e-01, 8.782322e-10, 4.453642e-10, 3.771177e+01, 7.601533e-02
2.114000e+08, 4.783179e-02, 9.401516e-01, 2.209845e+00, -5.881578e-01, 8.842987e-10, 4.455658e-10, 3.778421e+01, 7.681031e-02
2.152000e+08, 4.757004e-02, 9.403363e-01, 2.188732e+00, -5.987961e-01, 8.905414e-10, 4.457642e-10, 3.785748e+01, 7.756636e-02
2.190000e+08, 4.730846e-02, 9.405207e-01, 2.167469e+00, -6.094392e-01, 8.969537e-10, 4.459593e-10, 3.793157e+01, 7.828329e-02
2.228000e+08, 4.704731e-02, 9.407048e-01, 2.146053e+00, -6.200870e-01, 9.035288e-10, 4.461510e-10, 3.800645e+01, 7.896094e-02
2.266000e+08, 4.678682e-02, 9.408883e-01, 2.124481e+00, -6.307394e-01, 9.102597e-10, 4.463394e-10, 3.808209e+01, 7.959915e-02
2.304000e+08, 4.652725e-02, 9.410713e-01, 2.102747e+00, -6.413962e-01, 9.171391e-10, 4.465245e-10, 3.815847e+01, 8.019776e-02
2.342000e+08, 4.626885e-02, 9.412535e-01, 2.080850e+00, -6.520575e-01, 9.241594e-10, 4.467060e-10, 3.823557e+01, 8.075661e-02
2.380000e+08, 4.601187e-02, 9.414348e-01, 2.058784e+00, -6.627231e-01, 9.313128e-10, 4.468842e-10, 3.831336e+01, 8.127557e-02
2.418000e+08, 4.575659e-02, 9.416152e-01, 2.036548e+00, -6.733929e-01, 9.385909e-10, 4.470588e-10, 3.839181e+01, 8.175449e-02
2.456000e+08, 4.550325e-02, 9.417944e-01, 2.014138e+00, -6.840669e-01, 9.459849e-10, 4.472298e-10, 3.847090e+01, 8.219326e-02
2.494000e+08, 4.525213e-02, 9.419725e-01, 1.991552e+00, -6.947451e-01, 9.534856e-10, 4.473973e-10, 3.855060e+01, 8.259174e-02
2.532000e+08, 4.500351e-02, 9.421493e-01, 1.968786e+00, -7.054272e-01, 9.610832e-10, 4.475611e-10, 3.863089e+01, 8.294984e-02
2.570000e+08, 4.475764e-02, 9.423246e-01, 1.945839e+00, -7.161132e-01, 9.687673e-10, 4.477212e-10, 3.871173e+01, 8.326745e-02
2.608000e+08, 4.451481e-02, 9.424985e-01, 1.922709e+00, -7.268030e-01, 9.765271e-10, 4.478776e-10, 3.879311e+01, 8.354448e-02
2.646000e+08, 4.427531e-02, 9.426707e-01, 1.899393e+00, -7.374966e-01, 9.843511e-10, 4.480303e-10, 3.887498e+01, 8.378085e-02
2.684000e+08, 4.403940e-02, 9.428412e-01, 1.875891e+00, -7.481938e-01, 9.922272e-10, 4.481792e-10, 3.895734e+01, 8.397648e-02
2.722000e+08, 4.380737e-02, 9.430100e-01, 1.852200e+00, -7.588946e-01, 1.000142e-09, 4.483242e-10, 3.904014e+01, 8.413132e-02
2.760000e+08, 4.357950e-02, 9.431768e-01, 1.828321e+00, -7.695988e-01, 1.008083e-09, 4.484654e-10, 3.912335e+01, 8.424531e-02
2.798000e+08, 4.335609e-02, 9.433417e-01, 1.804252e+00, -7.803064e-01, 1.016036e-09, 4.486027e-10, 3.920696e+01, 8.431840e-02
2.836000e+08, 4.313741e-02, 9.435045e-01, 1.779993e+00, -7.910173e-01, 1.023986e-09, 4.487361e-10, 3.929093e+01, 8.435058e-02
2.874000e+08, 4.292376e-02, 9.436652e-01, 1.755544e+00, -8.017314e-01, 1.031917e-09, 4.488656e-10, 3.937524e+01, 8.434183e-02
2.912000e+08, 4.271542e-02, 9.438237e-01, 1.730906e+00, -8.124485e-01, 1.039813e-09, 4.489911e-10, 3.945984e+01, 8.429212e-02
2.950000e+08, 4.251267e-02, 9.439799e-01, 1.706079e+00, -8.231687e-01, 1.047658e-09, 4.491127e-10, 3.954472e+01, 8.420147e-02
2.988000e+08, 4.231581e-02, 9.441337e-01, 1.681065e+00, -8.338918e-01, 1.055435e-09, 4.492303e-10, 3.962985e+01, 8.406988e-02
3.026000e+08, 4.212511e-02, 9.442851e-01, 1.655865e+00, -8.446176e-01, 1.063125e-09, 4.493438e-10, 3.971518e+01, 8.389739e-02
3.064000e+08, 4.194087e-02, 9.444340e-01, 1.630482e+00, -8.553462e-01, 1.070710e-09, 4.494534e-10, 3.980070e+01, 8.368402e-02
3.102000e+08, 4.176335e-02, 9.445803e-01, 1.604918e+00, -8.660774e-01, 1.078171e-09, 4.495590e-10, 3.988638e+01, 8.342983e-02
3.140000e+08, 4.159284e-02, 9.447241e-01, 1.579175e+00, -8.768111e-01, 1.085489e-09, 4.496605e-10, 3.997218e+01, 8.313486e-02
3.178000e+08, 4.142962e-02, 9.448652e-01, 1.553258e+00, -8.875473e-01, 1.092644e-09, 4.497581e-10, 4.005807e+01, 8.279920e-02
3.216000e+08, 4.127395e-02, 9.450035e-01, 1.527170e+00, -8.982857e-01, 1.099617e-09, 4.498516e-10, 4.014402e+01, 8.242292e-02
3.254000e+08, 4.112609e-02, 9.451391e-01, 1.500915e+00, -9.090264e-01, 1.106388e-09, 4.499412e-10, 4.023000e+01, 8.200611e-02
3.292000e+08, 4.098631e-02, 9.452719e-01, 1.474499e+00, -9.197693e-01, 1.112936e-09, 4.500267e-10, 4.031598e+01, 8.154888e-02
3.330000e+08, 4.085486e-02, 9.454018e-01, 1.447926e+00, -9.305142e-01, 1.119242e-09, 4.501082e-10, 4.040193e+01, 8.105135e-02
3.368000e+08, 4.073200e-02, 9.455288e-01, 1.421203e+00, -9.412610e-01, 1.125286e-09, 4.501858e-10, 4.048781e+01, 8.051363e-02
3.406000e+08, 4.061795e-02, 9.456528e-01, 1.394336e+00, -9.520097e-01, 1.131048e-09, 4.502594e-10, 4.057360e+01, 7.993587e-02
3.444000e+08, 4.051295e-02, 9.457739e-01, 1.367331e+00, -9.627601e-01, 1.136508e-09, 4.503291e-10, 4.065926e+01, 7.931821e-02
3.482000e+08, 4.041723e-02, 9.458920e-01, 1.340196e+00, -9.735122e-01, 1.141650e-09, 4.503949e-10, 4.074476e+01, 7.866083e-02
3.520000e+08, 4.033099e-02, 9.460070e-01, 1.312937e+00, -9.842659e-01, 1.146453e-09, 4.504568e-10, 4.083006e+01, 7.796388e-02
3.558000e+08, 4.025446e-02, 9.461190e-01, 1.285565e+00, -9.950210e-01, 1.150902e-09, 4.505148e-10, 4.091514e+01, 7.722756e-02
3.596000e+08, 4.018781e-02, 9.462279e-01, 1.258085e+00, -1.005778e+00, 1.154981e-09, 4.505690e-10, 4.099997e+01, 7.645206e-02
3.634000e+08, 4.013123e-02, 9.463337e-01, 1.230509e+00, -1.016535e+00, 1.158672e-09, 4.506193e-10, 4.108450e+01, 7.563760e-02
3.672000e+08, 4.008490e-02, 9.464363e-01, 1.202844e+00, -1.027294e+00, 1.161964e-09, 4.506659e-10, 4.116872e+01, 7.478438e-02
3.710000e+08, 4.004897e-02, 9.465358e-01, 1.175101e+00, -1.038055e+00, 1.164843e-09, 4.507088e-10, 4.125257e+01, 7.389264e-02
3.748000e+08, 4.002360e-02, 9.466322e-01, 1.147289e+00, -1.048816e+00, 1.167297e-09, 4.507479e-10, 4.133604e+01, 7.296263e-02
3.786000e+08, 4.000891e-02, 9.467253e-01, 1.119419e+00, -1.059578e+00, 1.169317e-09, 4.507834e-10, 4.141909e+01, 7.199459e-02
3.824000e+08, 4.000502e-02, 9.468153e-01, 1.091500e+00, -1.070341e+00, 1.170894e-09, 4.508153e-10, 4.150169e+01, 7.098880e-02
3.862000e+08, 4.001205e-02, 9.469021e-01, 1.063544e+00, -1.081105e+00, 1.172022e-09, 4.508436e-10, 4.158380e+01, 6.994553e-02
3.900000e+08, 4.003008e-02, 9.469857e-01, 1.035560e+00, -1.091869e+00, 1.172695e-09, 4.508683e-10, 4.166540e+01, 6.886507e-02
3.938000e+08, 4.005920e-02, 9.470662e-01, 1.007561e+00, -1.102634e+00, 1.172910e-09, 4.508896e-10, 4.174644e+01, 6.774773e-02
3.976000e+08, 4.009947e-02, 9.471434e-01, 9.795565e-01, -1.113399e+00, 1.172666e-09, 4.509074e-10, 4.182689e+01, 6.659381e-02
4.014000e+08, 4.015093e-02, 9.472174e-01, 9.515578e-01, -1.124165e+00, 1.171963e-09, 4.509219e-10, 4.190673e+01, 6.540363e-02
4.052000e+08, 4.021363e-02, 9.472883e-01, 9.235759e-01, -1.134932e+00, 1.170803e-09, 4.509329e-10, 4.198592e+01, 6.417755e-02
4.090000e+08, 4.028758e-02, 9.473560e-01, 8.956217e-01, -1.145698e+00, 1.169190e-09, 4.509407e-10, 4.206443e+01, 6.291589e-02
4.128000e+08, 4.037278e-02, 9.474205e-01, 8.677060e-01, -1.156465e+00, 1.167128e-09, 4.509453e-10, 4.214222e+01, 6.161902e-02
4.166000e+08, 4.046924e-02, 9.474818e-01, 8.398395e-01, -1.167232e+00, 1.164626e-09, 4.509466e-10, 4.221926e+01, 6.028732e-02
4.204000e+08, 4.057692e-02, 9.475401e-01, 8.120328e-01, -1.177998e+00, 1.161692e-09, 4.509449e-10, 4.229553e+01, 5.892116e-02
4.242000e+08, 4.069580e-02, 9.475951e-01, 7.842961e-01, -1.188765e+00, 1.158335e-09, 4.509400e-10, 4.237098e+01, 5.752093e-02
4.280000e+08, 4.082581e-02, 9.476471e-01, 7.566396e-01, -1.199532e+00, 1.154568e-09, 4.509322e-10, 4.244559e+01, 5.608704e-02
4.318000e+08, 4.096689e-02, 9.476960e-01, 7.290730e-01, -1.210298e+00, 1.150404e-09, 4.509213e-10, 4.251932e+01, 5.461991e-02
4.356000e+08, 4.111897e-02, 9.477418e-01, 7.016058e-01, -1.221065e+00, 1.145856e-09, 4.509076e-10, 4.259214e+01, 5.311995e-02
4.394000e+08, 4.128196e-02, 9.477845e-01, 6.742472e-01, -1.231831e+00, 1.140940e-09, 4.508910e-10, 4.266402e+01, 5.158762e-02
4.432000e+08, 4.145576e-02, 9.478243e-01, 6.470060e-01, -1.242596e+00, 1.135672e-09, 4.508716e-10, 4.273493e+01, 5.002336e-02
4.470000e+08, 4.164025e-02, 9.478610e-01, 6.198906e-01, -1.253361e+00, 1.130068e-09, 4.508495e-10, 4.280484e+01, 4.842762e-02
4.508000e+08, 4.183531e-02, 9.478947e-01, 5.929090e-01, -1.264126e+00, 1.124147e-09, 4.508247e-10, 4.287371e+01, 4.680089e-02
4.546000e+08, 4.204080e-02, 9.479255e-01, 5.660687e-01, -1.274890e+00, 1.117926e-09, 4.507974e-10, 4.294153e+01, 4.514363e-02
4.584000e+08, 4.225658e-02, 9.479534e-01, 5.393770e-01, -1.285653e+00, 1.111425e-09, 4.507674e-10, 4.300824e+01, 4.345635e-02
4.622000e+08, 4.248249e-02, 9.479784e-01, 5.128405e-01, -1.296416e+00, 1.104661e-09, 4.507350e-10, 4.307383e+01, 4.173955e-02
4.660000e+08, 4.271838e-02, 9.480005e-01, 4.864655e-01, -1.307177e+00, 1.097655e-09, 4.507002e-10, 4.313827e+01, 3.999374e-02
4.698000e+08, 4.296408e-02, 9.480198e-01, 4.602578e-01, -1.317938e+00, 1.090424e-09, 4.506630e-10, 4.320152e+01, 3.821945e-02
4.736000e+08, 4.321940e-02, 9.480363e-01, 4.342227e-01, -1.328698e+00, 1.082989e-09, 4.506235e-10, 4.326356e+01, 3.641721e-02
4.774000e+08, 4.348417e-02, 9.480501e-01, 4.083651e-01, -1.339457e+00, 1.075368e-09, 4.505818e-10, 4.332436e+01, 3.458757e-02
4.812000e+08, 4.375818e-02, 9.480611e-01, 3.826895e-01, -1.350216e+00, 1.067580e-09, 4.505379e-10, 4.338389e+01, 3.273108e-02
4.850000e+08, 4.404126e-02, 9.480695e-01, 3.571998e-01, -1.360973e+00, 1.059644e-09, 4.504919e-10, 4.344212e+01, 3.084831e-02
4.888000e+08, 4.433319e-02, 9.480752e-01, 3.318997e-01, -1.371729e+00, 1.051576e-09, 4.504439e-10, 4.349902e+01, 2.893983e-02
4.926000e+08, 4.463377e-02, 9.480783e-01, 3.067921e-01, -1.382484e+00, 1.043395e-09, 4.503938e-10, 4.355457e+01, 2.700623e-02
4.964000e+08, 4.494279e-02, 9.480789e-01, 2.818799e-01, -1.393237e+00, 1.035118e-09, 4.503419e-10, 4.360875e+01, 2.504811e-02
5.002000e+08, 4.526005e-02, 9.480769e-01, 2.571653e-01, -1.403990e+00, 1.026761e-09, 4.502881e-10, 4.366152e+01, 2.306606e-02
5.040000e+08, 4.558532e-02, 9.480724e-01, 2.326503e-01, -1.414741e+00, 1.018339e-09, 4.502325e-10, 4.371286e+01, 2.106071e-02
5.078000e+08, 4.591840e-02, 9.480656e-01, 2.083363e-01, -1.425491e+00, 1.009869e-09, 4.501751e-10, 4.376274e+01, 1.903267e-02
5.116000e+08, 4.625905e-02, 9.480563e-01, 1.842246e-01, -1.436239e+00, 1.001363e-09, 4.501161e-10, 4.381115e+01, 1.698258e-02
5.154000e+08, 4.660707e-02, 9.480447e-01, 1.603159e-01, -1.446986e+00, 9.928359e-10, 4.500554e-10, 4.385805e+01, 1.491107e-02
5.192000e+08, 4.696223e-02, 9.480308e-01, 1.366109e-01, -1.457732e+00, 9.843006e-10, 4.499933e-10, 4.390342e+01, 1.281880e-02
5.230000e+08, 4.732431e-02, 9.480146e-01, 1.131096e-01, -1.468476e+00, 9.757690e-10, 4.499296e-10, 4.394725e+01, 1.070643e-02
5.268000e+08, 4.769308e-02, 9.479962e-01, 8.981207e-02, -1.479218e+00, 9.672528e-10, 4.498645e-10, 4.398950e+01, 8.574611e-03
5.306000e+08, 4.806834e-02, 9.479757e-01, 6.671784e-02, -1.489959e+00, 9.587624e-10, 4.497980e-10, 4.403016e+01, 6.424030e-03
5.344000e+08, 4.844986e-02, 9.479530e-01, 4.382633e-02, -1.500699e+00, 9.503080e-10, 4.497302e-10, 4.406921e+01, 4.255363e-03
5.382000e+08, 4.883741e-02, 9.479283e-01, 2.113668e-02, -1.511436e+00, 9.418987e-10, 4.496612e-10, 4.410663e+01, 2.069300e-03
5.420000e+08, 4.923078e-02, 9.479015e-01, -1.352192e-03, -1.522173e+00, 9.335431e-10, 4.495909e-10, 4.414239e+01, -1.334624e-04
5.458000e+08, 4.962976e-02, 9.478728e-01, -2.364156e-02, -1.532907e+00, 9.252492e-10, 4.495195e-10, 4.417649e+01, -2.352221e-03
5.496000e+08, 5.003412e-02, 9.478422e-01, -4.573291e-02, -1.543640e+00, 9.170241e-10, 4.494471e-10, 4.420889e+01, -4.586266e-03
5.534000e+08, 5.044366e-02, 9.478096e-01, -6.762787e-02, -1.554371e+00, 9.088744e-10, 4.493736e-10, 4.423959e+01, -6.834881e-03
5.572000e+08, 5.085816e-02, 9.477753e-01, -8.932825e-02, -1.565100e+00, 9.008061e-10, 4.492992e-10, 4.426857e+01, -9.097342e-03
5.610000e+08, 5.127740e-02, 9.477392e-01, -1.108360e-01, -1.575828e+00, 8.928246e-10, 4.492239e-10, 4.429581e+01, -1.137292e-02
5.648000e+08, 5.170119e-02, 9.477014e-01, -1.321532e-01, -1.586553e+00, 8.849347e-10, 4.491477e-10, 4.432130e+01, -1.366088e-02
5.686000e+08, 5.212932e-02, 9.476618e-01, -1.532820e-01, -1.597277e+00, 8.771407e-10, 4.490707e-10, 4.434502e+01, -1.596048e-02
5.724000e+08, 5.256159e-02, 9.476207e-01, -1.742247e-01, -1.607999e+00, 8.694464e-10, 4.489930e-10, 4.436697e+01, -1.827098e-02
5.762000e+08, 5.299779e-02, 9.475780e-01, -1.949837e-01, -1.618720e+00, 8.618553e-10, 4.489146e-10, 4.438712e+01, -2.059163e-02
5.800000e+08, 5.343772e-02, 9.475338e-01, -2.155614e-01, -1.629438e+00, 8.543700e-10, 4.488355e-10, 4.440547e+01, -2.292167e-02
5.838000e+08, 5.388119e-02, 9.474880e-01, -2.359604e-01, -1.640154e+00, 8.469931e-10, 4.487559e-10, 4.442201e+01, -2.526033e-02
5.876000e+08, 5.432802e-02, 9.474409e-01, -2.561833e-01, -1.650869e+00, 8.397267e-10, 4.486757e-10, 4.443673e+01, -2.760687e-02
5.914000e+08, 5.477800e-02, 9.473924e-01, -2.762327e-01, -1.661582e+00, 8.325725e-10, 4.485951e-10, 4.444961e+01, -2.996051e-02
5.952000e+08, 5.523095e-02, 9.473426e-01, -2.961113e-01, -1.672292e+00, 8.255318e-10, 4.485140e-10, 4.446066e+01, -3.232048e-02
5.990000e+08, 5.568669e-02, 9.472915e-01, -3.158218e-01, -1.683001e+00, 8.186056e-10, 4.484326e-10, 4.446986e+01, -3.468601e-02
6.028000e+08, 5.614504e-02, 9.472391e-01, -3.353669e-01, -1.693708e+00, 8.117947e-10, 4.483508e-10, 4.447721e+01, -3.705631e-02
6.066000e+08, 5.660581e-02, 9.471856e-01, -3.547494e-01, -1.704413e+00, 8.050996e-10, 4.482688e-10, 4.448270e+01, -3.943062e-02
6.104000e+08, 5.706883e-02, 9.471310e-01, -3.739720e-01, -1.715116e+00, 7.985205e-10, 4.481865e-10, 4.448633e+01, -4.180816e-02
6.142000e+08, 5.753392e-02, 9.470753e-01, -3.930376e-01, -1.725817e+00, 7.920574e-10, 4.481040e-10, 4.448810e+01, -4.418813e-02
6.180000e+08, 5.800093e-02, 9.470186e-01, -4.119488e-01, -1.736516e+00, 7.857101e-10, 4.480214e-10, 4.448800e+01, -4.656975e-02
6.218000e+08, 5.846967e-02, 9.469609e-01, -4.307085e-01, -1.747213e+00, 7.794782e-10, 4.479387e-10, 4.448603e+01, -4.895225e-02
6.256000e+08, 5.893998e-02, 9.469023e-01, -4.493194e-01, -1.757908e+00, 7.733611e-10, 4.478559e-10, 4.448219e+01, -5.133482e-02
6.294000e+08, 5.941171e-02, 9.468428e-01, -4.677843e-01, -1.768601e+00, 7.673581e-10, 4.477732e-10, 4.447649e+01, -5.371670e-02
6.332000e+08, 5.988469e-02, 9.467824e-01, -4.861058e-01, -1.779292e+00, 7.614682e-10, 4.476905e-10, 4.446892e+01, -5.609708e-02
6.370000e+08, 6.035875e-02, 9.467213e-01, -5.042867e-01, -1.789981e+00, 7.556906e-10, 4.476078e-10, 4.445948e+01, -5.847519e-02
6.408000e+08, 6.083376e-02, 9.466595e-01, -5.223297e-01, -1.800668e+00, 7.500240e-10, 4.475253e-10, 4.444818e+01, -6.085024e-02
6.446000e+08, 6.130955e-02, 9.465970e-01, -5.402373e-01, -1.811353e+00, 7.444673e-10, 4.474430e-10, 4.443502e+01, -6.322144e-02
6.484000e+08, 6.178598e-02, 9.465338e-01, -5.580123e-01, -1.822036e+00, 7.390192e-10, 4.473608e-10, 4.442001e+01, -6.558802e-02
6.522000e+08, 6.226290e-02, 9.464701e-01, -5.756572e-01, -1.832718e+00, 7.336782e-10, 4.472790e-10, 4.440316e+01, -6.794918e-02
6.560000e+08, 6.274016e-02, 9.464058e-01, -5.931746e-01, -1.843397e+00, 7.284429e-10, 4.471974e-10, 4.438446e+01, -7.030414e-02
6.598000e+08, 6.321762e-02, 9.463410e-01, -6.105669e-01, -1.854074e+00, 7.233119e-10, 4.471161e-10, 4.436394e+01, -7.265214e-02
6.636000e+08, 6.369513e-02, 9.462757e-01, -6.278368e-01, -1.864750e+00, 7.182835e-10, 4.470352e-10, 4.434159e+01, -7.499239e-02
6.674000e+08, 6.417258e-02, 9.462101e-01, -6.449866e-01, -1.875423e+00, 7.133561e-10, 4.469546e-10, 4.431742e+01, -7.732412e-02
6.712000e+08, 6.464980e-02, 9.461441e-01, -6.620188e-01, -1.886095e+00, 7.085281e-10, 4.468746e-10, 4.429145e+01, -7.964657e-02
6.750000e+08, 6.512668e-02, 9.460777e-01, -6.789357e-01, -1.896764e+00, 7.037979e-10, 4.467949e-10, 4.426370e+01, -8.195896e-02
6.788000e+08, 6.560307e-02, 9.460111e-01, -6.957396e-01, -1.907432e+00, 6.991638e-10, 4.467158e-10, 4.423416e+01, -8.426053e-02
6.826000e+08, 6.607885e-02, 9.459443e-01, -7.124329e-01, -1.918098e+00, 6.946240e-10, 4.466373e-10, 4.420285e+01, -8.655054e-02
6.864000e+08, 6.655390e-02, 9.458773e-01, -7.290179e-01, -1.928762e+00, 6.901769e-10, 4.465593e-10, 4.416979e+01, -8.882821e-02
6.902000e+08, 6.702808e-02, 9.458101e-01, -7.454966e-01, -1.939424e+00, 6.858207e-10, 4.464819e-10, 4.413499e+01, -9.109281e-02
6.940000e+08, 6.750127e-02, 9.457429e-01, -7.618713e-01, -1.950084e+00, 6.815538e-10, 4.464052e-10, 4.409847e+01, -9.334360e-02
6.978000e+08, 6.797334e-02, 9.456755e-01, -7.781442e-01, -1.960742e+00, 6.773743e-10, 4.463291e-10, 4.406024e+01, -9.557982e-02
7.016000e+08, 6.844419e-02, 9.456082e-01, -7.943172e-01, -1.971399e+00, 6.732806e-10, 4.462537e-10, 4.402032e+01, -9.780076e-02
7.054000e+08, 6.891368e-02, 9.455408e-01, -8.103926e-01, -1.982054e+00, 6.692711e-10, 4.461791e-10, 4.397873e+01, -1.000057e-01
7.092000e+08, 6.938170e-02, 9.454736e-01, -8.263721e-01, -1.992707e+00, 6.653439e-10, 4.461052e-10, 4.393549e+01, -1.021939e-01
7.130000e+08, 6.984814e-02, 9.454064e-01, -8.422580e-01, -2.003358e+00, 6.614975e-10, 4.460321e-10, 4.389061e+01, -1.043646e-01
7.168000e+08, 7.031288e-02, 9.453394e-01, -8.580519e-01, -2.014008e+00, 6.577301e-10, 4.459598e-10, 4.384412e+01, -1.065172e-01
7.206000e+08, 7.077580e-02, 9.452725e-01, -8.737560e-01, -2.024655e+00, 6.540402e-10, 4.458883e-10, 4.379604e+01, -1.086509e-01
7.244000e+08, 7.123681e-02, 9.452059e-01, -8.893719e-01, -2.035301e+00, 6.504261e-10, 4.458177e-10, 4.374638e+01, -1.107651e-01
7.282000e+08, 7.169578e-02, 9.451394e-01, -9.049015e-01, -2.045946e+00, 6.468862e-10, 4.457480e-10, 4.369517e+01, -1.128590e-01
7.320000e+08, 7.215262e-02, 9.450733e-01, -9.203467e-01, -2.056589e+00, 6.434189e-10, 4.456793e-10, 4.364244e+01, -1.149320e-01
7.358000e+08, 7.260721e-02, 9.450075e-01, -9.357090e-01, -2.067230e+00, 6.400228e-10, 4.456114e-10, 4.358820e+01, -1.169835e-01
7.396000e+08, 7.305945e-02, 9.449421e-01, -9.509903e-01, -2.077869e+00, 6.366962e-10, 4.455446e-10, 4.353248e+01, -1.190127e-01
7.434000e+08, 7.350924e-02, 9.448770e-01, -9.661921e-01, -2.088507e+00, 6.334377e-10, 4.454787e-10, 4.347531e+01, -1.210190e-01
7.472000e+08, 7.395646e-02, 9.448124e-01, -9.813161e-01, -2.099143e+00, 6.302459e-10, 4.454138e-10, 4.341671e+01, -1.230017e-01
7.510000e+08, 7.440104e-02, 9.447483e-01, -9.963639e-01, -2.109778e+00, 6.271191e-10, 4.453500e-10, 4.335670e+01, -1.249603e-01
7.548000e+08, 7.484285e-02, 9.446846e-01, -1.011337e+00, -2.120411e+00, 6.240562e-10, 4.452872e-10, 4.329531e+01, -1.268941e-01
7.586000e+08, 7.528181e-02, 9.446214e-01, -1.026237e+00, -2.131043e+00, 6.210556e-10, 4.452254e-10, 4.323257e+01, -1.288024e-01
7.624000e+08, 7.571781e-02, 9.445588e-01, -1.041065e+00, -2.141673e+00, 6.181160e-10, 4.451648e-10, 4.316850e+01, -1.306848e-01
7.662000e+08, 7.615076e-02, 9.444968e-01, -1.055824e+00, -2.152302e+00, 6.152361e-10, 4.451052e-10, 4.310314e+01, -1.325405e-01
7.700000e+08, 7.658057e-02, 9.444353e-01, -1.070513e+00, -2.162929e+00, 6.124146e-10, 4.450468e-10, 4.303651e+01, -1.343690e-01
7.738000e+08, 7.700715e-02, 9.443746e-01, -1.085135e+00, -2.173555e+00, 6.096502e-10, 4.449896e-10, 4.296864e+01, -1.361697e-01
7.776000e+08, 7.743039e-02, 9.443144e-01, -1.099691e+00, -2.184180e+00, 6.069416e-10, 4.449334e-10, 4.289955e+01, -1.379420e-01
7.814000e+08, 7.785020e-02, 9.442550e-01, -1.114183e+00, -2.194803e+00, 6.042877e-10, 4.448785e-10, 4.282929e+01, -1.396855e-01
7.852000e+08, 7.826650e-02, 9.441963e-01, -1.128611e+00, -2.205425e+00, 6.016873e-10, 4.448247e-10, 4.275787e+01, -1.413995e-01
7.890000e+08, 7.867920e-02, 9.441384e-01, -1.142977e+00, -2.216046e+00, 5.991392e-10, 4.447722e-10, 4.268533e+01, -1.430834e-01
7.928000e+08, 7.908821e-02, 9.440812e-01, -1.157282e+00, -2.226665e+00, 5.966422e-10, 4.447208e-10, 4.261169e+01, -1.447369e-01
7.966000e+08, 7.949344e-02, 9.440248e-01, -1.171527e+00, -2.237284e+00, 5.941954e-10, 4.446707e-10, 4.253699e+01, -1.463593e-01
8.004000e+08, 7.989480e-02, 9.439693e-01, -1.185714e+00, -2.247901e+00, 5.917975e-10, 4.446218e-10, 4.246126e+01, -1.479501e-01
8.042000e+08, 8.029221e-02, 9.439146e-01, -1.199844e+00, -2.258516e+00, 5.894476e-10, 4.445742e-10, 4.238453e+01, -1.495090e-01
8.080000e+08, 8.068559e-02, 9.438607e-01, -1.213918e+00, -2.269131e+00, 5.871446e-10, 4.445278e-10, 4.230684e+01, -1.510353e-01
8.118000e+08, 8.107484e-02, 9.438078e-01, -1.227937e+00, -2.279745e+00, 5.848876e-10, 4.444827e-10, 4.222820e+01, -1.525286e-01
8.156000e+08, 8.145989e-02, 9.437558e-01, -1.241901e+00, -2.290357e+00, 5.826755e-10, 4.444389e-10, 4.214866e+01, -1.539884e-01
8.194000e+08, 8.184066e-02, 9.437046e-01, -1.255813e+00, -2.300969e+00, 5.805074e-10, 4.443964e-10, 4.206825e+01, -1.554144e-01
8.232000e+08, 8.221706e-02, 9.436545e-01, -1.269674e+00, -2.311579e+00, 5.783825e-10, 4.443551e-10, 4.198699e+01, -1.568060e-01
8.270000e+08, 8.258902e-02, 9.436053e-01, -1.283483e+00, -2.322189e+00, 5.762998e-10, 4.443152e-10, 4.190493e+01, -1.581629e-01
8.308000e+08, 8.295645e-02, 9.435571e-01, -1.297243e+00, -2.332797e+00, 5.742584e-10, 4.442766e-10, 4.182209e+01, -1.594846e-01
8.346000e+08, 8.331927e-02, 9.435099e-01, -1.310954e+00, -2.343405e+00, 5.722575e-10, 4.442393e-10, 4.173850e+01, -1.607707e-01
8.384000e+08, 8.367742e-02, 9.434638e-01, -1.324617e+00, -2.354011e+00, 5.702964e-10, 4.442033e-10, 4.165421e+01, -1.620209e-01
8.422000e+08, 8.403080e-02, 9.434187e-01, -1.338234e+00, -2.364617e+00, 5.683740e-10, 4.441686e-10, 4.156923e+01, -1.632347e-01
8.460000e+08, 8.437935e-02, 9.433746e-01, -1.351804e+00, -2.375222e+00, 5.664898e-10, 4.441353e-10, 4.148361e+01, -1.644119e-01
8.498000e+08, 8.472300e-02, 9.433316e-01, -1.365330e+00, -2.385826e+00, 5.646430e-10, 4.441033e-10, 4.139738e+01, -1.655519e-01
8.536000e+08, 8.506166e-02, 9.432897e-01, -1.378811e+00, -2.396430e+00, 5.628327e-10, 4.440726e-10, 4.131056e+01, -1.666546e-01
8.574000e+08, 8.539526e-02, 9.432489e-01, -1.392250e+00, -2.407033e+00, 5.610584e-10, 4.440433e-10, 4.122320e+01, -1.677196e-01
8.612000e+08, 8.572373e-02, 9.432092e-01, -1.405646e+00, -2.417635e+00, 5.593193e-10, 4.440153e-10, 4.113533e+01, -1.687465e-01
8.650000e+08, 8.604700e-02, 9.431706e-01, -1.419000e+00, -2.428236e+00, 5.576147e-10, 4.439887e-10, 4.104697e+01, -1.697350e-01
8.688000e+08, 8.636500e-02, 9.431332e-01, -1.432314e+00, -2.438837e+00, 5.559440e-10, 4.439634e-10, 4.095816e+01, -1.706849e-01
8.726000e+08, 8.667765e-02, 9.430969e-01, -1.445587e+00, -2.449437e+00, 5.543066e-10, 4.439394e-10, 4.086894e+01, -1.715959e-01
8.764000e+08, 8.698489e-02, 9.430618e-01, -1.458822e+00, -2.460036e+00, 5.527018e-10, 4.439168e-10, 4.077933e+01, -1.724677e-01
8.802000e+08, 8.728664e-02, 9.430278e-01, -1.472018e+00, -2.470635e+00, 5.511291e-10, 4.438955e-10, 4.068937e+01, -1.733001e-01
8.840000e+08, 8.758285e-02, 9.429950e-01, -1.485177e+00, -2.481234e+00, 5.495878e-10, 4.438756e-10, 4.059909e+01, -1.740927e-01
8.878000e+08, 8.787343e-02, 9.429634e-01, -1.498299e+00, -2.491832e+00, 5.480775e-10, 4.438570e-10, 4.050853e+01, -1.748455e-01
8.916000e+08, 8.815834e-02, 9.429330e-01, -1.511385e+00, -2.502430e+00, 5.465976e-10, 4.438397e-10, 4.041771e+01, -1.755581e-01
8.954000e+08, 8.843749e-02, 9.429037e-01, -1.524436e+00, -2.513027e+00, 5.451475e-10, 4.438238e-10, 4.032667e+01, -1.762304e-01
8.992000e+08, 8.871082e-02, 9.428757e-01, -1.537452e+00, -2.523623e+00, 5.437267e-10, 4.438092e-10, 4.023544e+01, -1.768621e-01
9.030000e+08, 8.897827e-02, 9.428489e-01, -1.550434e+00, -2.534220e+00, 5.423348e-10, 4.437959e-10, 4.014406e+01, -1.774531e-01
9.068000e+08, 8.923978e-02, 9.428233e-01, -1.563383e+00, -2.544816e+00, 5.409713e-10, 4.437839e-10, 4.005254e+01, -1.780032e-01
9.106000e+08, 8.949528e-02, 9.427989e-01, -1.576299e+00, -2.555412e+00, 5.396357e-10, 4.437732e-10, 3.996093e+01, -1.785123e-01
9.144000e+08, 8.974471e-02, 9.427758e-01, -1.589183e+00, -2.566007e+00, 5.383276e-10, 4.437639e-10, 3.986926e+01, -1.789802e-01
9.182000e+08, 8.998801e-02, 9.427538e-01, -1.602037e+00, -2.576603e+00, 5.370466e-10, 4.437558e-10, 3.977756e+01, -1.794068e-01
9.220000e+08, 9.022511e-02, 9.427331e-01, -1.614859e+00, -2.587198e+00, 5.357922e-10, 4.437490e-10, 3.968586e+01, -1.797920e-01
9.258000e+08, 9.045596e-02, 9.427136e-01, -1.627652e+00, -2.597793e+00, 5.345640e-10, 4.437435e-10, 3.959418e+01, -1.801356e-01
9.296000e+08, 9.068049e-02, 9.426954e-01, -1.640415e+00, -2.608388e+00, 5.333617e-10, 4.437393e-10, 3.950257e+01, -1.804376e-01
9.334000e+08, 9.089866e-02, 9.426784e-01, -1.653150e+00, -2.618983e+00, 5.321849e-10, 4.437364e-10, 3.941105e+01, -1.806979e-01
9.372000e+08, 9.111039e-02, 9.426626e-01, -1.665856e+00, -2.629577e+00, 5.310332e-10, 4.437347e-10, 3.931965e+01, -1.809165e-01
9.410000e+08, 9.131563e-02, 9.426480e-01, -1.678535e+00, -2.640172e+00, 5.299062e-10, 4.437342e-10, 3.922840e+01, -1.810932e-01
9.448000e+08, 9.151433e-02, 9.426347e-01, -1.691187e+00, -2.650767e+00, 5.288038e-10, 4.437350e-10, 3.913733e+01, -1.812280e-01
9.486000e+08, 9.170643e-02, 9.426226e-01, -1.703813e+00, -2.661361e+00, 5.277254e-10, 4.437370e-10, 3.904647e+01, -1.813209e-01
9.524000e+08, 9.189187e-02, 9.426117e-01, -1.716413e+00, -2.671956e+00, 5.266709e-10, 4.437403e-10, 3.895585e+01, -1.813719e-01
9.562000e+08, 9.207060e-02, 9.426020e-01, -1.728988e+00, -2.682551e+00, 5.256400e-10, 4.437447e-10, 3.886550e+01, -1.813810e-01
9.600000e+08, 9.224257e-02, 9.425936e-01, -1.741538e+00, -2.693146e+00, 5.246323e-10, 4.437503e-10, 3.877545e+01, -1.813482e-01
9.638000e+08, 9.240772e-02, 9.425864e-01, -1.754064e+00, -2.703741e+00, 5.236475e-10, 4.437571e-10, 3.868573e+01, -1.812735e-01
9.676000e+08, 9.256599e-02, 9.425804e-01, -1.766567e+00, -2.714336e+00, 5.226856e-10, 4.437651e-10, 3.859636e+01, -1.811570e-01
9.714000e+08, 9.271735e-02, 9.425755e-01, -1.779047e+00, -2.724931e+00, 5.217461e-10, 4.437743e-10, 3.850737e+01, -1.809986e-01
9.752000e+08, 9.286172e-02, 9.425719e-01, -1.791504e+00, -2.735527e+00, 5.208288e-10, 4.437845e-10, 3.841879e+01, -1.807985e-01
9.790000e+08, 9.299908e-02, 9.425695e-01, -1.803939e+00, -2.746123e+00, 5.199336e-10, 4.437960e-10, 3.833065e+01, -1.805568e-01
9.828000e+08, 9.312936e-02, 9.425683e-01, -1.816353e+00, -2.756719e+00, 5.190602e-10, 4.438085e-10, 3.824297e+01, -1.802734e-01
9.866000e+08, 9.325251e-02, 9.425682e-01, -1.828746e+00, -2.767315e+00, 5.182085e-10, 4.438221e-10, 3.815578e+01, -1.799486e-01
9.904000e+08, 9.336850e-02, 9.425694e-01, -1.841119e+00, -2.777912e+00, 5.173782e-10, 4.438369e-10, 3.806912e+01, -1.795824e-01
9.942000e+08, 9.347726e-02, 9.425717e-01, -1.853472e+00, -2.788509e+00, 5.165691e-10, 4.438527e-10, 3.798299e+01, -1.791750e-01
9.980000e+08, 9.357876e-02, 9.425751e-01, -1.865806e+00, -2.799107e+00, 5.157812e-10, 4.438695e-10, 3.789744e+01, -1.787265e-01
1.001800e+09, 9.367295e-02, 9.425797e-01, -1.878121e+00, -2.809704e+00, 5.150142e-10, 4.438874e-10, 3.781248e+01, -1.782371e-01
1.005600e+09, 9.375977e-02, 9.425854e-01, -1.890417e+00, -2.820303e+00, 5.142680e-10, 4.439064e-10, 3.772815e+01, -1.777068e-01
1.009400e+09, 9.383920e-02, 9.425923e-01, -1.902696e+00, -2.830901e+00, 5.135424e-10, 4.439263e-10, 3.764446e+01, -1.771360e-01
1.013200e+09, 9.391118e-02, 9.426003e-01, -1.914957e+00, -2.841501e+00, 5.128375e-10, 4.439472e-10, 3.756144e+01, -1.765247e-01
1.017000e+09, 9.397567e-02, 9.426094e-01, -1.927202e+00, -2.852100e+00, 5.121529e-10, 4.439692e-10, 3.747912e+01, -1.758733e-01
1.020800e+09, 9.403262e-02, 9.426196e-01, -1.939430e+00, -2.862701e+00, 5.114887e-10, 4.439921e-10, 3.739752e+01, -1.751818e-01
1.024600e+09, 9.408201e-02, 9.426309e-01, -1.951643e+00, -2.873301e+00, 5.108447e-10, 4.440159e-10, 3.731666e+01, -1.744506e-01
1.028400e+09, 9.412377e-02, 9.426432e-01, -1.963840e+00, -2.883903e+00, 5.102209e-10, 4.440407e-10, 3.723658e+01, -1.736799e-01
1.032200e+09, 9.415788e-02, 9.426566e-01, -1.976022e+00, -2.894505e+00, 5.096172e-10, 4.440664e-10, 3.715728e+01, -1.728700e-01
1.036000e+09, 9.418430e-02, 9.426711e-01, -1.988189e+00, -2.905107e+00, 5.090335e-10, 4.440929e-10, 3.707879e+01, -1.720210e-01
1.039800e+09, 9.420298e-02, 9.426866e-01, -2.000343e+00, -2.915711e+00, 5.084698e-10, 4.441204e-10, 3.700115e+01, -1.711334e-01
1.043600e+09, 9.421389e-02, 9.427032e-01, -2.012483e+00, -2.926314e+00, 5.079261e-10, 4.441487e-10, 3.692436e+01, -1.702073e-01
1.047400e+09, 9.421699e-02, 9.427207e-01, -2.024611e+00, -2.936919e+00, 5.074023e-10, 4.441779e-10, 3.684846e+01, -1.692432e-01
1.051200e+09, 9.421224e-02, 9.427393e-01, -2.036725e+00, -2.947524e+00, 5.068984e-10, 4.442079e-10, 3.677345e+01, -1.682413e-01
1.055000e+09, 9.419962e-02, 9.427588e-01, -2.048828e+00, -2.958130e+00, 5.064144e-10, 4.442387e-10, 3.669937e+01, -1.672020e-01
1.058800e+09, 9.417907e-02, 9.427793e-01, -2.060919e+00, -2.968737e+00, 5.059504e-10, 4.442703e-10, 3.662624e+01, -1.661256e-01
1.062600e+09, 9.415058e-02, 9.428008e-01, -2.072999e+00, -2.979344e+00, 5.055063e-10, 4.443027e-10, 3.655408e+01, -1.650125e-01
1.066400e+09, 9.411410e-02, 9.428232e-01, -2.085069e+00, -2.989953e+00, 5.050821e-10, 4.443358e-10, 3.648290e+01, -1.638630e-01
1.070200e+09, 9.406960e-02, 9.428465e-01, -2.097128e+00, -3.000562e+00, 5.046780e-10, 4.443697e-10, 3.641273e+01, -1.626776e-01
1.074000e+09, 9.401706e-02, 9.428707e-01, -2.109178e+00, -3.011171e+00, 5.042940e-10, 4.444043e-10, 3.634358e+01, -1.614567e-01
1.077800e+09, 9.395643e-02, 9.428959e-01, -2.121219e+00, -3.021782e+00, 5.039300e-10, 4.444396e-10, 3.627549e+01, -1.602006e-01
1.081600e+09, 9.388770e-02, 9.429219e-01, -2.133251e+00, -3.032393e+00, 5.035863e-10, 4.444755e-10, 3.620845e+01, -1.589098e-01
1.085400e+09, 9.381083e-02, 9.429488e-01, -2.145274e+00, -3.043006e+00, 5.032629e-10, 4.445122e-10, 3.614251e+01, -1.575848e-01
1.089200e+09, 9.372579e-02, 9.429765e-01, -2.157290e+00, -3.053619e+00, 5.029599e-10, 4.445495e-10, 3.607767e+01, -1.562260e-01
1.093000e+09, 9.363255e-02, 9.430051e-01, -2.169299e+00, -3.064233e+00, 5.026775e-10, 4.445874e-10, 3.601394e+01, -1.548338e-01
1.096800e+09, 9.353109e-02, 9.430345e-01, -2.181301e+00, -3.074848e+00, 5.024156e-10, 4.446259e-10, 3.595136e+01, -1.534088e-01
1.100600e+09, 9.342138e-02, 9.430646e-01, -2.193297e+00, -3.085464e+00, 5.021746e-10, 4.446650e-10, 3.588994e+01, -1.519515e-01
1.104400e+09, 9.330340e-02, 9.430956e-01, -2.205287e+00, -3.096081e+00, 5.019546e-10, 4.447047e-10, 3.582969e+01, -1.504623e-01
1.108200e+09, 9.317712e-02, 9.431273e-01, -2.217271e+00, -3.106699e+00, 5.017557e-10, 4.447450e-10, 3.577064e+01, -1.489417e-01
1.112000e+09, 9.304251e-02, 9.431598e-01, -2.229251e+00, -3.117318e+00, 5.015781e-10, 4.447857e-10, 3.571279e+01, -1.473904e-01
1.115800e+09, 9.289956e-02, 9.431930e-01, -2.241227e+00, -3.127937e+00, 5.014220e-10, 4.448270e-10, 3.565617e+01, -1.458089e-01
1.119600e+09, 9.274825e-02, 9.432269e-01, -2.253199e+00, -3.138558e+00, 5.012877e-10, 4.448689e-10, 3.560079e+01, -1.441976e-01
1.123400e+09, 9.258854e-02, 9.432615e-01, -2.265168e+00, 3.134006e+00, 5.011753e-10, 4.449111e-10, 3.554666e+01, -1.425573e-01
1.127200e+09, 9.242043e-02, 9.432968e-01, -2.277134e+00, 3.123383e+00, 5.010852e-10, 4.449539e-10, 3.549381e+01, -1.408884e-01
1.131000e+09, 9.224389e-02, 9.433328e-01, -2.289098e+00, 3.112759e+00, 5.010176e-10, 4.449971e-10, 3.544224e+01, -1.391915e-01
1.134800e+09, 9.205891e-02, 9.433694e-01, -2.301060e+00, 3.102134e+00, 5.009727e-10, 4.450407e-10, 3.539198e+01, -1.374674e-01
1.138600e+09, 9.186546e-02, 9.434066e-01, -2.313022e+00, 3.091508e+00, 5.009510e-10, 4.450848e-10, 3.534303e+01, -1.357165e-01
1.142400e+09, 9.166353e-02, 9.434444e-01, -2.324982e+00, 3.080881e+00, 5.009527e-10, 4.451292e-10, 3.529542e+01, -1.339395e-01
1.146200e+09, 9.145310e-02, 9.434828e-01, -2.336943e+00, 3.070254e+00, 5.009781e-10, 4.451741e-10, 3.524915e+01, -1.321371e-01
1.150000e+09, 9.123417e-02, 9.435218e-01, -2.348905e+00, 3.059624e+00, 5.010277e-10, 4.452193e-10, 3.520423e+01, -1.303100e-01
1.153800e+09, 9.100671e-02, 9.435613e-01, -2.360867e+00, 3.048994e+00, 5.011018e-10, 4.452648e-10, 3.516069e+01, -1.284587e-01
1.157600e+09, 9.077071e-02, 9.436013e-01, -2.372831e+00, 3.038363e+00, 5.012008e-10, 4.453106e-10, 3.511853e+01, -1.265839e-01
1.161400e+09, 9.052616e-02, 9.436419e-01, -2.384798e+00, 3.027731e+00, 5.013251e-10, 4.453568e-10, 3.507776e+01, -1.246865e-01
1.165200e+09, 9.027306e-02, 9.436830e-01, -2.396768e+00, 3.017098e+00, 5.014753e-10, 4.454033e-10, 3.503841e+01, -1.227669e-01
1.169000e+09, 9.001138e-02, 9.437245e-01, -2.408741e+00, 3.006463e+00, 5.016518e-10, 4.454500e-10, 3.500047e+01, -1.208260e-01
1.172800e+09, 8.974112e-02, 9.437665e-01, -2.420719e+00, 2.995827e+00, 5.018551e-10, 4.454970e-10, 3.496397e+01, -1.188646e-01
1.176600e+09, 8.946228e-02, 9.438089e-01, -2.432701e+00, 2.985191e+00, 5.020857e-10, 4.455443e-10, 3.492890e+01, -1.168832e-01
1.180400e+09, 8.917484e-02, 9.438518e-01, -2.444689e+00, 2.974553e+00, 5.023443e-10, 4.455918e-10, 3.489529e+01, -1.148826e-01
1.184200e+09, 8.887880e-02, 9.438950e-01, -2.456683e+00, 2.963914e+00, 5.026313e-10, 4.456395e-10, 3.486315e+01, -1.128637e-01
1.188000e+09, 8.857415e-02, 9.439386e-01, -2.468684e+00, 2.953274e+00, 5.029475e-10, 4.456874e-10, 3.483247e+01, -1.108271e-01
1.191800e+09, 8.826090e-02, 9.439826e-01, -2.480692e+00, 2.942632e+00, 5.032935e-10, 4.457355e-10, 3.480328e+01, -1.087737e-01
1.195600e+09, 8.793903e-02, 9.440270e-01, -2.492709e+00, 2.931990e+00, 5.036700e-10, 4.457837e-10, 3.477559e+01, -1.067042e-01
1.199400e+09, 8.760854e-02, 9.440716e-01, -2.504735e+00, 2.921346e+00, 5.040778e-10, 4.458321e-10, 3.474939e+01, -1.046193e-01
1.203200e+09, 8.726944e-02, 9.441166e-01, -2.516770e+00, 2.910702e+00, 5.045175e-10, 4.458807e-10, 3.472470e+01, -1.025200e-01
1.207000e+09, 8.692172e-02, 9.441618e-01, -2.528816e+00, 2.900056e+00, 5.049900e-10, 4.459293e-10, 3.470153e+01, -1.004069e-01
1.210800e+09, 8.656538e-02, 9.442073e-01, -2.540873e+00, 2.889409e+00, 5.054962e-10, 4.459781e-10, 3.467989e+01, -9.828097e-02
1.214600e+09, 8.620043e-02, 9.442531e-01, -2.552942e+00, 2.878761e+00, 5.060370e-10, 4.460270e-10, 3.465978e+01, -9.614295e-02
1.218400e+09, 8.582687e-02, 9.442991e-01, -2.565025e+00, 2.868111e+00, 5.066132e-10, 4.460759e-10, 3.464121e+01, -9.399369e-02
1.222200e+09, 8.544471e-02, 9.443453e-01, -2.577120e+00, 2.857461e+00, 5.072260e-10, 4.461250e-10, 3.462419e+01, -9.183402e-02
1.226000e+09, 8.505394e-02, 9.443917e-01, -2.589231e+00, 2.846809e+00, 5.078763e-10, 4.461741e-10, 3.460872e+01, -8.966477e-02
1.229800e+09, 8.465458e-02, 9.444383e-01, -2.601357e+00, 2.836156e+00, 5.085653e-10, 4.462232e-10, 3.459481e+01, -8.748680e-02
1.233600e+09, 8.424663e-02, 9.444851e-01, -2.613500e+00, 2.825502e+00, 5.092940e-10, 4.462723e-10, 3.458247e+01, -8.530096e-02
1.237400e+09, 8.383011e-02, 9.445319e-01, -2.625660e+00, 2.814847e+00, 5.100638e-10, 4.463215e-10, 3.457170e+01, -8.310811e-02
1.241200e+09, 8.340502e-02, 9.445789e-01, -2.637838e+00, 2.804190e+00, 5.108759e-10, 4.463707e-10, 3.456251e+01, -8.090912e-02
1.245000e+09, 8.297137e-02, 9.446260e-01, -2.650036e+00, 2.793533e+00, 5.117317e-10, 4.464198e-10, 3.455489e+01, -7.870484e-02
1.248800e+09, 8.252918e-02, 9.446732e-01, -2.662254e+00, 2.782874e+00, 5.126325e-10, 4.464689e-10, 3.454886e+01, -7.649616e-02
1.252600e+09, 8.207846e-02, 9.447204e-01, -2.674494e+00, 2.772214e+00, 5.135799e-10, 4.465180e-10, 3.454442e+01, -7.428396e-02
1.256400e+09, 8.161923e-02, 9.447677e-01, -2.686756e+00, 2.761553e+00, 5.145755e-10, 4.465671e-10, 3.454158e+01, -7.206912e-02
1.260200e+09, 8.115149e-02, 9.448150e-01, -2.699042e+00, 2.750891e+00, 5.156209e-10, 4.466161e-10, 3.454032e+01, -6.985252e-02
1.264000e+09, 8.067528e-02, 9.448624e-01, -2.711353e+00, 2.740227e+00, 5.167179e-10, 4.466650e-10, 3.454067e+01, -6.763505e-02
1.267800e+09, 8.019061e-02, 9.449097e-01, -2.723690e+00, 2.729562e+00, 5.178684e-10, 4.467138e-10, 3.454261e+01, -6.541760e-02
1.271600e+09, 7.969749e-02, 9.449570e-01, -2.736055e+00, 2.718897e+00, 5.190742e-10, 4.467625e-10, 3.454616e+01, -6.320108e-02
1.275400e+09, 7.919595e-02, 9.450042e-01, -2.748448e+00, 2.708230e+00, 5.203375e-10, 4.468112e-10, 3.455131e+01, -6.098637e-02
1.279200e+09, 7.868602e-02, 9.450514e-01, -2.760872e+00, 2.697562e+00, 5.216604e-10, 4.468597e-10, 3.455807e+01, -5.877438e-02
1.283000e+09, 7.816772e-02, 9.450985e-01, -2.773327e+00, 2.686892e+00, 5.230453e-10, 4.469080e-10, 3.456643e+01, -5.656600e-02
1.286800e+09, 7.764106e-02, 9.451455e-01, -2.785815e+00, 2.676222e+00, 5.244945e-10, 4.469563e-10, 3.457640e+01, -5.436213e-02
1.290600e+09, 7.710609e-02, 9.451924e-01, -2.798338e+00, 2.665550e+00, 5.260107e-10, 4.470043e-10, 3.458798e+01, -5.216368e-02
1.294400e+09, 7.656283e-02, 9.452392e-01, -2.810897e+00, 2.654878e+00, 5.275965e-10, 4.470522e-10, 3.460116e+01, -4.997154e-02
1.298200e+09, 7.601131e-02, 9.452858e-01, -2.823494e+00, 2.644204e+00, 5.292549e-10, 4.471000e-10, 3.461594e+01, -4.778662e-02
1.302000e+09, 7.545156e-02, 9.453322e-01, -2.836131e+00, 2.633529e+00, 5.309888e-10, 4.471475e-10, 3.463233e+01, -4.560982e-02
1.305800e+09, 7.488362e-02, 9.453785e-01, -2.848809e+00, 2.622853e+00, 5.328016e-10, 4.471949e-10, 3.465032e+01, -4.344203e-02
1.309600e+09, 7.430752e-02, 9.454245e-01, -2.861530e+00, 2.612175e+00, 5.346966e-10, 4.472420e-10, 3.466991e+01, -4.128416e-02
1.313400e+09, 7.372330e-02, 9.454704e-01, -2.874297e+00, 2.601497e+00, 5.366774e-10, 4.472890e-10, 3.469109e+01, -3.913709e-02
1.317200e+09, 7.313099e-02, 9.455160e-01, -2.887110e+00, 2.590817e+00, 5.387479e-10, 4.473357e-10, 3.471387e+01, -3.700173e-02
1.321000e+09, 7.253065e-02, 9.455613e-01, -2.899974e+00, 2.580137e+00, 5.409123e-10, 4.473821e-10, 3.473824e+01, -3.487896e-02
1.324800e+09, 7.192230e-02, 9.456064e-01, -2.912888e+00, 2.569455e+00, 5.431747e-10, 4.474283e-10, 3.476420e+01, -3.276967e-02
1.328600e+09, 7.130600e-02, 9.456511e-01, -2.925857e+00, 2.558772e+00, 5.455398e-10, 4.474743e-10, 3.479174e+01, -3.067475e-02
1.332400e+09, 7.068179e-02, 9.456956e-01, -2.938883e+00, 2.548088e+00, 5.480125e-10, 4.475200e-10, 3.482086e+01, -2.859507e-02
1.336200e+09, 7.004972e-02, 9.457398e-01, -2.951967e+00, 2.537403e+00, 5.505981e-10, 4.475654e-10, 3.485156e+01, -2.653151e-02
1.340000e+09, 6.940985e-02, 9.457836e-01, -2.965113e+00, 2.526717e+00, 5.533020e-10, 4.476105e-10, 3.488382e+01, -2.448494e-02
1.343800e+09, 6.876221e-02, 9.458270e-01, -2.978324e+00, 2.516030e+00, 5.561302e-10, 4.476553e-10, 3.491764e+01, -2.245624e-02
1.347600e+09, 6.810687e-02, 9.458701e-01, -2.991602e+00, 2.505342e+00, 5.590890e-10, 4.476998e-10, 3.495302e+01, -2.044626e-02
1.351400e+09, 6.744390e-02, 9.459128e-01, -3.004951e+00, 2.494652e+00, 5.621850e-10, 4.477440e-10, 3.498995e+01, -1.845586e-02
1.355200e+09, 6.677333e-02, 9.459551e-01, -3.018374e+00, 2.483962e+00, 5.654256e-10, 4.477879e-10, 3.502842e+01, -1.648588e-02
1.359000e+09, 6.609525e-02, 9.459970e-01, -3.031874e+00, 2.473271e+00, 5.688182e-10, 4.478314e-10, 3.506843e+01, -1.453718e-02
1.362800e+09, 6.540971e-02, 9.460384e-01, -3.045455e+00, 2.462578e+00, 5.723711e-10, 4.478746e-10, 3.510996e+01, -1.261058e-02
1.366600e+09, 6.471678e-02, 9.460794e-01, -3.059121e+00, 2.451885e+00, 5.760931e-10, 4.479174e-10, 3.515301e+01, -1.070693e-02
1.370400e+09, 6.401654e-02, 9.461199e-01, -3.072876e+00, 2.441190e+00, 5.799936e-10, 4.479598e-10, 3.519757e+01, -8.827036e-03
1.374200e+09, 6.330905e-02, 9.461600e-01, -3.086724e+00, 2.430494e+00, 5.840825e-10, 4.480019e-10, 3.524362e+01, -6.971719e-03
1.378000e+09, 6.259440e-02, 9.461995e-01, -3.100670e+00, 2.419798e+00, 5.883707e-10, 4.480436e-10, 3.529117e+01, -5.141786e-03
1.381800e+09, 6.187266e-02, 9.462385e-01, -3.114718e+00, 2.409100e+00, 5.928698e-10, 4.480848e-10, 3.534020e+01, -3.338036e-03
1.385600e+09, 6.114393e-02, 9.462770e-01, -3.128873e+00, 2.398402e+00, 5.975921e-10, 4.481257e-10, 3.539069e+01, -1.561257e-03
1.389400e+09, 6.040828e-02, 9.463149e-01, 3.140044e+00, 2.387702e+00, 6.025510e-10, 4.481662e-10, 3.544265e+01, 1.877671e-04
1.393200e+09, 5.966581e-02, 9.463523e-01, 3.125658e+00, 2.377002e+00, 6.077608e-10, 4.482062e-10, 3.549604e+01, 1.908266e-03
1.397000e+09, 5.891662e-02, 9.463891e-01, 3.111147e+00, 2.366301e+00, 6.132372e-10, 4.482458e-10, 3.555088e+01, 3.599477e-03
1.400800e+09, 5.816081e-02, 9.464253e-01, 3.096505e+00, 2.355598e+00, 6.189966e-10, 4.482849e-10, 3.560713e+01, 5.260647e-03
1.404600e+09, 5.739848e-02, 9.464609e-01, 3.081726e+00, 2.344895e+00, 6.250571e-10, 4.483236e-10, 3.566479e+01, 6.891033e-03
1.408400e+09, 5.662974e-02, 9.464959e-01, 3.066802e+00, 2.334191e+00, 6.314381e-10, 4.483618e-10, 3.572384e+01, 8.489904e-03
1.412200e+09, 5.585471e-02, 9.465303e-01, 3.051725e+00, 2.323485e+00, 6.381606e-10, 4.483995e-10, 3.578428e+01, 1.005654e-02
1.416000e+09, 5.507352e-02, 9.465640e-01, 3.036489e+00, 2.312779e+00, 6.452473e-10, 4.484368e-10, 3.584608e+01, 1.159022e-02
1.419800e+09, 5.428629e-02, 9.465970e-01, 3.021083e+00, 2.302073e+00, 6.527228e-10, 4.484736e-10, 3.590923e+01, 1.309026e-02
1.423600e+09, 5.349315e-02, 9.466294e-01, 3.005498e+00, 2.291365e+00, 6.606137e-10, 4.485098e-10, 3.597372e+01, 1.455596e-02
1.427400e+09, 5.269425e-02, 9.466610e-01, 2.989725e+00, 2.280656e+00, 6.689490e-10, 4.485456e-10, 3.603952e+01, 1.598665e-02
1.431200e+09, 5.188973e-02, 9.466920e-01, 2.973753e+00, 2.269947e+00, 6.777599e-10, 4.485808e-10, 3.610663e+01, 1.738165e-02
1.435000e+09, 5.107976e-02, 9.467222e-01, 2.957571e+00, 2.259236e+00, 6.870807e-10, 4.486154e-10, 3.617503e+01, 1.874033e-02
1.438800e+09, 5.026450e-02, 9.467517e-01, 2.941166e+00, 2.248525e+00, 6.969485e-10, 4.486496e-10, 3.624469e+01, 2.006203e-02
1.442600e+09, 4.944413e-02, 9.467805e-01, 2.924526e+00, 2.237813e+00, 7.074038e-10, 4.486832e-10, 3.631561e+01, 2.134613e-02
1.446400e+09, 4.861884e-02, 9.468085e-01, 2.907636e+00, 2.227100e+00, 7.184905e-10, 4.487162e-10, 3.638775e+01, 2.259201e-02
1.450200e+09, 4.778882e-02, 9.468357e-01, 2.890481e+00, 2.216387e+00, 7.302568e-10, 4.487486e-10, 3.646111e+01, 2.379907e-02
1.454000e+09, 4.695429e-02, 9.468621e-01, 2.873045e+00, 2.205672e+00, 7.427553e-10, 4.487805e-10, 3.653567e+01, 2.496672e-02
1.457800e+09, 4.611547e-02, 9.468878e-01, 2.855311e+00, 2.194957e+00, 7.560434e-10, 4.488118e-10, 3.661140e+01, 2.609438e-02
1.461600e+09, 4.527260e-02, 9.469126e-01, 2.837260e+00, 2.184241e+00, 7.701840e-10, 4.488425e-10, 3.668828e+01, 2.718149e-02
1.465400e+09, 4.442593e-02, 9.469366e-01, 2.818871e+00, 2.173525e+00, 7.852460e-10, 4.488725e-10, 3.676629e+01, 2.822750e-02
1.469200e+09, 4.357575e-02, 9.469597e-01, 2.800122e+00, 2.162807e+00, 8.013047e-10, 4.489020e-10, 3.684541e+01, 2.923186e-02
1.473000e+09, 4.272235e-02, 9.469820e-01, 2.780990e+00, 2.152089e+00, 8.184430e-10, 4.489308e-10, 3.692563e+01, 3.019407e-02
1.476800e+09, 4.186603e-02, 9.470035e-01, 2.761449e+00, 2.141371e+00, 8.367517e-10, 4.489590e-10, 3.700690e+01, 3.111361e-02
1.480600e+09, 4.100716e-02, 9.470240e-01, 2.741471e+00, 2.130651e+00, 8.563305e-10, 4.489865e-10, 3.708923e+01, 3.198998e-02
1.484400e+09, 4.014608e-02, 9.470437e-01, 2.721025e+00, 2.119931e+00, 8.772889e-10, 4.490134e-10, 3.717257e+01, 3.282271e-02
1.488200e+09, 3.928319e-02, 9.470625e-01, 2.700079e+00, 2.109210e+00, 8.997474e-10, 4.490396e-10, 3.725691e+01, 3.361133e-02
1.492000e+09, 3.841893e-02, 9.470804e-01, 2.678596e+00, 2.098489e+00, 9.238382e-10, 4.490651e-10, 3.734221e+01, 3.435538e-02
1.495800e+09, 3.755377e-02, 9.470973e-01, 2.656539e+00, 2.087767e+00, 9.497066e-10, 4.490900e-10, 3.742847e+01, 3.505444e-02
1.499600e+09, 3.668820e-02, 9.471134e-01, 2.633863e+00, 2.077045e+00, 9.775119e-10, 4.491142e-10, 3.751564e+01, 3.570809e-02
1.503400e+09, 3.582278e-02, 9.471285e-01, 2.610524e+00, 2.066322e+00, 1.007429e-09, 4.491377e-10, 3.760371e+01, 3.631590e-02
1.507200e+09, 3.495812e-02, 9.471426e-01, 2.586471e+00, 2.055598e+00, 1.039650e-09, 4.491604e-10, 3.769264e+01, 3.687750e-02
1.511000e+09, 3.409487e-02, 9.471558e-01, 2.561648e+00, 2.044874e+00, 1.074384e-09, 4.491825e-10, 3.778241e+01, 3.739251e-02
1.514800e+09, 3.323376e-02, 9.471680e-01, 2.535996e+00, 2.034149e+00, 1.111859e-09, 4.492038e-10, 3.787300e+01, 3.786057e-02
1.518600e+09, 3.237559e-02, 9.471792e-01, 2.509449e+00, 2.023424e+00, 1.152323e-09, 4.492244e-10, 3.796436e+01, 3.828133e-02
1.522400e+09, 3.152123e-02, 9.471894e-01, 2.481936e+00, 2.012698e+00, 1.196045e-09, 4.492442e-10, 3.805648e+01, 3.865446e-02
1.526200e+09, 3.067165e-02, 9.471987e-01, 2.453379e+00, 2.001972e+00, 1.243312e-09, 4.492633e-10, 3.814933e+01, 3.897965e-02
1.530000e+09, 2.982792e-02, 9.472069e-01, 2.423694e+00, 1.991245e+00, 1.294431e-09, 4.492817e-10, 3.824287e+01, 3.925661e-02
1.533800e+09, 2.899123e-02, 9.472141e-01, 2.392788e+00, 1.980518e+00, 1.349726e-09, 4.492993e-10, 3.833707e+01, 3.948504e-02
1.537600e+09, 2.816288e-02, 9.472203e-01, 2.360561e+00, 1.969791e+00, 1.409532e-09, 4.493161e-10, 3.843190e+01, 3.966469e-02
1.541400e+09, 2.734434e-02, 9.472254e-01, 2.326907e+00, 1.959063e+00, 1.474189e-09, 4.493321e-10, 3.852734e+01, 3.979530e-02
1.545200e+09, 2.653722e-02, 9.472295e-01, 2.291709e+00, 1.948334e+00, 1.544033e-09, 4.493473e-10, 3.862335e+01, 3.987665e-02
1.549000e+09, 2.574333e-02, 9.472326e-01, 2.254844e+00, 1.937606e+00, 1.619382e-09, 4.493618e-10, 3.871989e+01, 3.990851e-02
1.552800e+09, 2.496465e-02, 9.472346e-01, 2.216179e+00, 1.926877e+00, 1.700513e-09, 4.493754e-10, 3.881693e+01, 3.989069e-02
1.556600e+09, 2.420341e-02, 9.472355e-01, 2.175578e+00, 1.916147e+00, 1.787638e-09, 4.493883e-10, 3.891444e+01, 3.982300e-02
1.560400e+09, 2.346207e-02, 9.472354e-01, 2.132896e+00, 1.905418e+00, 1.880866e-09, 4.494003e-10, 3.901238e+01, 3.970528e-02
1.564200e+09, 2.274334e-02, 9.472342e-01, 2.087988e+00, 1.894688e+00, 1.980160e-09, 4.494115e-10, 3.911073e+01, 3.953737e-02
1.568000e+09, 2.205023e-02, 9.472319e-01, 2.040710e+00, 1.883958e+00, 2.085280e-09, 4.494219e-10, 3.920944e+01, 3.931915e-02
1.571800e+09, 2.138602e-02, 9.472285e-01, 1.990921e+00, 1.873227e+00, 2.195719e-09, 4.494315e-10, 3.930847e+01, 3.905050e-02
1.575600e+09, 2.075429e-02, 9.472240e-01, 1.938496e+00, 1.862496e+00, 2.310628e-09, 4.494402e-10, 3.940780e+01, 3.873132e-02
1.579400e+09, 2.015891e-02, 9.472185e-01, 1.883327e+00, 1.851766e+00, 2.428745e-09, 4.494480e-10, 3.950738e+01, 3.836152e-02
1.583200e+09, 1.960401e-02, 9.472118e-01, 1.825338e+00, 1.841034e+00, 2.548324e-09, 4.494551e-10, 3.960717e+01, 3.794106e-02
1.587000e+09, 1.909395e-02, 9.472040e-01, 1.764494e+00, 1.830303e+00, 2.667094e-09, 4.494612e-10, 3.970715e+01, 3.746987e-02
1.590800e+09, 1.863323e-02, 9.471951e-01, 1.700814e+00, 1.819572e+00, 2.782251e-09, 4.494665e-10, 3.980726e+01, 3.694794e-02
1.594600e+09, 1.822644e-02, 9.471850e-01, 1.634385e+00, 1.808840e+00, 2.890516e-09, 4.494710e-10, 3.990748e+01, 3.637524e-02
1.598400e+09, 1.787807e-02, 9.471739e-01, 1.565371e+00, 1.798109e+00, 2.988266e-09, 4.494745e-10, 4.000776e+01, 3.575180e-02
1.602200e+09, 1.759240e-02, 9.471616e-01, 1.494023e+00, 1.787377e+00, 3.071751e-09, 4.494772e-10, 4.010806e+01, 3.507763e-02
1.606000e+09, 1.737334e-02, 9.471482e-01, 1.420681e+00, 1.776645e+00, 3.137392e-09, 4.494791e-10, 4.020834e+01, 3.435278e-02
1.609800e+09, 1.722422e-02, 9.471337e-01, 1.345773e+00, 1.765913e+00, 3.182122e-09, 4.494800e-10, 4.030856e+01, 3.357730e-02
1.613600e+09, 1.714764e-02, 9.471180e-01, 1.269796e+00, 1.755182e+00, 3.203716e-09, 4.494800e-10, 4.040868e+01, 3.275129e-02
1.617400e+09, 1.714530e-02, 9.471012e-01, 1.193304e+00, 1.744450e+00, 3.201059e-09, 4.494792e-10, 4.050865e+01, 3.187483e-02
1.621200e+09, 1.721797e-02, 9.470832e-01, 1.116875e+00, 1.733718e+00, 3.174286e-09, 4.494775e-10, 4.060845e+01, 3.094805e-02
1.625000e+09, 1.736538e-02, 9.470641e-01, 1.041085e+00, 1.722986e+00, 3.124762e-09, 4.494749e-10, 4.070801e+01, 2.997108e-02
1.628800e+09, 1.758632e-02, 9.470439e-01, 9.664781e-01, 1.712254e+00, 3.054915e-09, 4.494713e-10, 4.080730e+01, 2.894407e-02
1.632600e+09, 1.787868e-02, 9.470225e-01, 8.935386e-01, 1.701523e+00, 2.967950e-09, 4.494669e-10, 4.090628e+01, 2.786720e-02
1.636400e+09, 1.823962e-02, 9.470000e-01, 8.226755e-01, 1.690791e+00, 2.867511e-09, 4.494616e-10, 4.100491e+01, 2.674066e-02
1.640200e+09, 1.866570e-02, 9.469763e-01, 7.542105e-01, 1.680060e+00, 2.757340e-09, 4.494553e-10, 4.110313e+01, 2.556465e-02
1.644000e+09, 1.915309e-02, 9.469515e-01, 6.883760e-01, 1.669329e+00, 2.641005e-09, 4.494482e-10, 4.120091e+01, 2.433942e-02
1.647800e+09, 1.969770e-02, 9.469256e-01, 6.253191e-01, 1.658598e+00, 2.521693e-09, 4.494402e-10, 4.129819e+01, 2.306520e-02
1.651600e+09, 2.029537e-02, 9.468985e-01, 5.651109e-01, 1.647867e+00, 2.402096e-09, 4.494312e-10, 4.139495e+01, 2.174226e-02
1.655400e+09, 2.094196e-02, 9.468702e-01, 5.077582e-01, 1.637136e+00, 2.284373e-09, 4.494213e-10, 4.149112e+01, 2.037090e-02
1.659200e+09, 2.163344e-02, 9.468409e-01, 4.532163e-01, 1.626406e+00, 2.170161e-09, 4.494105e-10, 4.158667e+01, 1.895141e-02
1.663000e+09, 2.236597e-02, 9.468103e-01, 4.014013e-01, 1.615675e+00, 2.060631e-09, 4.493988e-10, 4.168155e+01, 1.748412e-02
1.666800e+09, 2.313596e-02, 9.467787e-01, 3.522014e-01, 1.604946e+00, 1.956552e-09, 4.493862e-10, 4.177571e+01, 1.596938e-02
1.670600e+09, 2.394006e-02, 9.467459e-01, 3.054866e-01, 1.594216e+00, 1.858368e-09, 4.493727e-10, 4.186911e+01, 1.440756e-02
1.674400e+09, 2.477518e-02, 9.467120e-01, 2.611160e-01, 1.583487e+00, 1.766273e-09, 4.493583e-10, 4.196170e+01, 1.279903e-02
1.678200e+09, 2.563851e-02, 9.466770e-01, 2.189443e-01, 1.572758e+00, 1.680267e-09, 4.493430e-10, 4.205344e+01, 1.114419e-02
1.682000e+09, 2.652746e-02, 9.466408e-01, 1.788261e-01, 1.562029e+00, 1.600216e-09, 4.493267e-10, 4.214428e+01, 9.443482e-03
1.685800e+09, 2.743970e-02, 9.466036e-01, 1.406192e-01, 1.551301e+00, 1.525891e-09, 4.493095e-10, 4.223418e+01, 7.697333e-03
1.689600e+09, 2.837313e-02, 9.465652e-01, 1.041868e-01, 1.540573e+00, 1.457006e-09, 4.492915e-10, 4.232308e+01, 5.906208e-03
1.693400e+09, 2.932581e-02, 9.465257e-01, 6.939922e-02, 1.529846e+00, 1.393236e-09, 4.492725e-10, 4.241094e+01, 4.070589e-03
1.697200e+09, 3.029604e-02, 9.464851e-01, 3.613417e-02, 1.519119e+00, 1.334245e-09, 4.492526e-10, 4.249772e+01, 2.190975e-03
1.701000e+09, 3.128223e-02, 9.464434e-01, 4.277606e-03, 1.508393e+00, 1.279691e-09, 4.492319e-10, 4.258337e+01, 2.678875e-04
1.704800e+09, 3.228298e-02, 9.464006e-01, -2.627642e-02, 1.497667e+00, 1.229241e-09, 4.492102e-10, 4.266784e+01, -1.698135e-03
1.708600e+09, 3.329701e-02, 9.463567e-01, -5.562590e-02, 1.486941e+00, 1.182576e-09, 4.491876e-10, 4.275109e+01, -3.706535e-03
1.712400e+09, 3.432314e-02, 9.463118e-01, -8.386120e-02, 1.476217e+00, 1.139391e-09, 4.491641e-10, 4.283308e+01, -5.756733e-03
1.716200e+09, 3.536032e-02, 9.462658e-01, -1.110654e-01, 1.465492e+00, 1.099405e-09, 4.491398e-10, 4.291375e+01, -7.848132e-03
1.720000e+09, 3.640759e-02, 9.462187e-01, -1.373149e-01, 1.454769e+00, 1.062351e-09, 4.491146e-10, 4.299306e+01, -9.980117e-03
1.723800e+09, 3.746406e-02, 9.461706e-01, -1.626797e-01, 1.444045e+00, 1.027987e-09, 4.490884e-10, 4.307097e+01, -1.215205e-02
1.727600e+09, 3.852893e-02, 9.461214e-01, -1.872241e-01, 1.433323e+00, 9.960883e-10, 4.490615e-10, 4.314744e+01, -1.436328e-02
1.731400e+09, 3.960146e-02, 9.460711e-01, -2.110068e-01, 1.422601e+00, 9.664490e-10, 4.490336e-10, 4.322241e+01, -1.661314e-02
1.735200e+09, 4.068096e-02, 9.460199e-01, -2.340818e-01, 1.411880e+00, 9.388812e-10, 4.490049e-10, 4.329585e+01, -1.890093e-02
1.739000e+09, 4.176682e-02, 9.459676e-01, -2.564986e-01, 1.401159e+00, 9.132132e-10, 4.489753e-10, 4.336771e+01, -2.122594e-02
1.742800e+09, 4.285844e-02, 9.459143e-01, -2.783026e-01, 1.390440e+00, 8.892888e-10, 4.489448e-10, 4.343795e+01, -2.358744e-02
1.746600e+09, 4.395528e-02, 9.458600e-01, -2.995354e-01, 1.379721e+00, 8.669652e-10, 4.489135e-10, 4.350653e+01, -2.598469e-02
1.750400e+09, 4.505686e-02, 9.458048e-01, -3.202351e-01, 1.369002e+00, 8.461130e-10, 4.488814e-10, 4.357340e+01, -2.841693e-02
1.754200e+09, 4.616268e-02, 9.457485e-01, -3.404370e-01, 1.358285e+00, 8.266140e-10, 4.488484e-10, 4.363853e+01, -3.088336e-02
1.758000e+09, 4.727233e-02, 9.456913e-01, -3.601733e-01, 1.347568e+00, 8.083607e-10, 4.488146e-10, 4.370187e+01, -3.338320e-02
1.761800e+09, 4.838538e-02, 9.456331e-01, -3.794738e-01, 1.336852e+00, 7.912554e-10, 4.487800e-10, 4.376339e+01, -3.591563e-02
1.765600e+09, 4.950144e-02, 9.455740e-01, -3.983659e-01, 1.326137e+00, 7.752089e-10, 4.487445e-10, 4.382304e+01, -3.847981e-02
1.769400e+09, 5.062015e-02, 9.455139e-01, -4.168749e-01, 1.315423e+00, 7.601399e-10, 4.487083e-10, 4.388079e+01, -4.107489e-02
1.773200e+09, 5.174116e-02, 9.454529e-01, -4.350241e-01, 1.304709e+00, 7.459744e-10, 4.486712e-10, 4.393660e+01, -4.370002e-02
1.777000e+09, 5.286415e-02, 9.453910e-01, -4.528350e-01, 1.293997e+00, 7.326448e-10, 4.486334e-10, 4.399043e+01, -4.635429e-02
1.780800e+09, 5.398880e-02, 9.453283e-01, -4.703277e-01, 1.283285e+00, 7.200894e-10, 4.485947e-10, 4.404225e+01, -4.903683e-02
1.784600e+09, 5.511481e-02, 9.452646e-01, -4.875207e-01, 1.272574e+00, 7.082517e-10, 4.485553e-10, 4.409202e+01, -5.174670e-02
1.788400e+09, 5.624189e-02, 9.452001e-01, -5.044310e-01, 1.261865e+00, 6.970801e-10, 4.485152e-10, 4.413972e+01, -5.448300e-02
1.792200e+09, 5.736977e-02, 9.451347e-01, -5.210745e-01, 1.251156e+00, 6.865272e-10, 4.484743e-10, 4.418530e+01, -5.724476e-02
1.796000e+09, 5.849819e-02, 9.450685e-01, -5.374661e-01, 1.240448e+00, 6.765498e-10, 4.484326e-10, 4.422873e+01, -6.003105e-02
1.799800e+09, 5.962690e-02, 9.450014e-01, -5.536195e-01, 1.229741e+00, 6.671081e-10, 4.483902e-10, 4.426999e+01, -6.284088e-02
1.803600e+09, 6.075564e-02, 9.449336e-01, -5.695474e-01, 1.219035e+00, 6.581655e-10, 4.483471e-10, 4.430904e+01, -6.567327e-02
1.807400e+09, 6.188419e-02, 9.448650e-01, -5.852619e-01, 1.208331e+00, 6.496884e-10, 4.483032e-10, 4.434586e+01, -6.852722e-02
1.811200e+09, 6.301232e-02, 9.447955e-01, -6.007739e-01, 1.197627e+00, 6.416459e-10, 4.482587e-10, 4.438042e+01, -7.140173e-02
1.815000e+09, 6.413980e-02, 9.447254e-01, -6.160939e-01, 1.186924e+00, 6.340096e-10, 4.482135e-10, 4.441269e+01, -7.429578e-02
1.818800e+09, 6.526642e-02, 9.446545e-01, -6.312316e-01, 1.176223e+00, 6.267532e-10, 4.481676e-10, 4.444265e+01, -7.720833e-02
1.822600e+09, 6.639196e-02, 9.445828e-01, -6.461960e-01, 1.165522e+00, 6.198524e-10, 4.481210e-10, 4.447027e+01, -8.013834e-02
1.826400e+09, 6.751623e-02, 9.445105e-01, -6.609957e-01, 1.154823e+00, 6.132849e-10, 4.480738e-10, 4.449553e+01, -8.308475e-02
1.830200e+09, 6.863903e-02, 9.444374e-01, -6.756385e-01, 1.144125e+00, 6.070300e-10, 4.480259e-10, 4.451842e+01, -8.604651e-02
1.834000e+09, 6.976016e-02, 9.443637e-01, -6.901320e-01, 1.133427e+00, 6.010685e-10, 4.479774e-10, 4.453891e+01, -8.902253e-02
1.837800e+09, 7.087942e-02, 9.442894e-01, -7.044832e-01, 1.122731e+00, 5.953826e-10, 4.479282e-10, 4.455698e+01, -9.201174e-02
1.841600e+09, 7.199664e-02, 9.442144e-01, -7.186986e-01, 1.112037e+00, 5.899558e-10, 4.478785e-10, 4.457262e+01, -9.501304e-02
1.845400e+09, 7.311163e-02, 9.441388e-01, -7.327845e-01, 1.101343e+00, 5.847730e-10, 4.478282e-10, 4.458581e+01, -9.802535e-02
1.849200e+09, 7.422421e-02, 9.440625e-01, -7.467466e-01, 1.090651e+00, 5.798198e-10, 4.477773e-10, 4.459654e+01, -1.010475e-01
1.853000e+09, 7.533420e-02, 9.439857e-01, -7.605904e-01, 1.079960e+00, 5.750830e-10, 4.477258e-10, 4.460479e+01, -1.040785e-01
1.856800e+09, 7.644142e-02, 9.439084e-01, -7.743211e-01, 1.069270e+00, 5.705505e-10, 4.476738e-10, 4.461056e+01, -1.071172e-01
1.860600e+09, 7.754572e-02, 9.438305e-01, -7.879437e-01, 1.058581e+00, 5.662106e-10, 4.476213e-10, 4.461383e+01, -1.101623e-01
1.864400e+09, 7.864692e-02, 9.437521e-01, -8.014626e-01, 1.047893e+00, 5.620527e-10, 4.475682e-10, 4.461460e+01, -1.132129e-01
1.868200e+09, 7.974485e-02, 9.436732e-01, -8.148822e-01, 1.037207e+00, 5.580670e-10, 4.475147e-10, 4.461286e+01, -1.162678e-01
1.872000e+09, 8.083935e-02, 9.435938e-01, -8.282067e-01, 1.026522e+00, 5.542439e-10, 4.474606e-10, 4.460860e+01, -1.193258e-01
1.875800e+09, 8.193025e-02, 9.435140e-01, -8.414398e-01, 1.015839e+00, 5.505750e-10, 4.474061e-10, 4.460182e+01, -1.223859e-01
1.879600e+09, 8.301741e-02, 9.434337e-01, -8.545854e-01, 1.005156e+00, 5.470519e-10, 4.473511e-10, 4.459253e+01, -1.254468e-01
1.883400e+09, 8.410065e-02, 9.433530e-01, -8.676469e-01, 9.944754e-01, 5.436672e-10, 4.472957e-10, 4.458071e+01, -1.285074e-01
1.887200e+09, 8.517983e-02, 9.432719e-01, -8.806275e-01, 9.837957e-01, 5.404136e-10, 4.472398e-10, 4.456638e+01, -1.315666e-01
1.891000e+09, 8.625479e-02, 9.431905e-01, -8.935305e-01, 9.731174e-01, 5.372845e-10, 4.471836e-10, 4.454953e+01, -1.346233e-01
1.894800e+09, 8.732538e-02, 9.431087e-01, -9.063588e-01, 9.624404e-01, 5.342736e-10, 4.471269e-10, 4.453016e+01, -1.376762e-01
1.898600e+09, 8.839144e-02, 9.430266e-01, -9.191151e-01, 9.517647e-01, 5.313750e-10, 4.470699e-10, 4.450829e+01, -1.407244e-01
1.902400e+09, 8.945282e-02, 9.429441e-01, -9.318023e-01, 9.410905e-01, 5.285832e-10, 4.470125e-10, 4.448392e+01, -1.437665e-01
1.906200e+09, 9.050939e-02, 9.428614e-01, -9.444228e-01, 9.304175e-01, 5.258930e-10, 4.469548e-10, 4.445705e+01, -1.468015e-01
1.910000e+09, 9.156098e-02, 9.427785e-01, -9.569791e-01, 9.197460e-01, 5.232994e-10, 4.468968e-10, 4.442771e+01, -1.498283e-01
1.913800e+09, 9.260746e-02, 9.426953e-01, -9.694734e-01, 9.090758e-01, 5.207979e-10, 4.468385e-10, 4.439590e+01, -1.528456e-01
1.917600e+09, 9.364869e-02, 9.426119e-01, -9.819081e-01, 8.984071e-01, 5.183841e-10, 4.467798e-10, 4.436163e+01, -1.558525e-01
1.921400e+09, 9.468451e-02, 9.425283e-01, -9.942851e-01, 8.877397e-01, 5.160540e-10, 4.467209e-10, 4.432492e+01, -1.588477e-01
1.925200e+09, 9.571478e-02, 9.424445e-01, -1.006606e+00, 8.770738e-01, 5.138036e-10, 4.466618e-10, 4.428578e+01, -1.618302e-01
1.929000e+09, 9.673938e-02, 9.423606e-01, -1.018874e+00, 8.664092e-01, 5.116294e-10, 4.466024e-10, 4.424424e+01, -1.647988e-01
1.932800e+09, 9.775814e-02, 9.422766e-01, -1.031090e+00, 8.557461e-01, 5.095279e-10, 4.465429e-10, 4.420030e+01, -1.677524e-01
1.936600e+09, 9.877095e-02, 9.421925e-01, -1.043255e+00, 8.450844e-01, 5.074957e-10, 4.464831e-10, 4.415400e+01, -1.706899e-01
1.940400e+09, 9.977765e-02, 9.421084e-01, -1.055372e+00, 8.344241e-01, 5.055300e-10, 4.464232e-10, 4.410535e+01, -1.736103e-01
1.944200e+09, 1.007781e-01, 9.420242e-01, -1.067442e+00, 8.237653e-01, 5.036277e-10, 4.463631e-10, 4.405438e+01, -1.765124e-01
1.948000e+09, 1.017722e-01, 9.419399e-01, -1.079467e+00, 8.131079e-01, 5.017861e-10, 4.463028e-10, 4.400110e+01, -1.793952e-01
1.951800e+09, 1.027598e-01, 9.418557e-01, -1.091448e+00, 8.024519e-01, 5.000026e-10, 4.462425e-10, 4.394555e+01, -1.822576e-01
1.955600e+09, 1.037408e-01, 9.417715e-01, -1.103386e+00, 7.917973e-01, 4.982747e-10, 4.461821e-10, 4.388775e+01, -1.850985e-01
1.959400e+09, 1.047149e-01, 9.416874e-01, -1.115283e+00, 7.811443e-01, 4.966002e-10, 4.461216e-10, 4.382774e+01, -1.879169e-01
1.963200e+09, 1.056822e-01, 9.416034e-01, -1.127140e+00, 7.704926e-01, 4.949766e-10, 4.460610e-10, 4.376553e+01, -1.907118e-01
1.967000e+09, 1.066425e-01, 9.415194e-01, -1.138958e+00, 7.598424e-01, 4.934021e-10, 4.460004e-10, 4.370115e+01, -1.934821e-01
1.970800e+09, 1.075956e-01, 9.414356e-01, -1.150738e+00, 7.491937e-01, 4.918745e-10, 4.459398e-10, 4.363465e+01, -1.962268e-01
1.974600e+09, 1.085413e-01, 9.413520e-01, -1.162482e+00, 7.385464e-01, 4.903919e-10, 4.458792e-10, 4.356605e+01, -1.989450e-01
1.978400e+09, 1.094797e-01, 9.412685e-01, -1.174191e+00, 7.279005e-01, 4.889527e-10, 4.458187e-10, 4.349538e+01, -2.016355e-01
1.982200e+09, 1.104106e-01, 9.411853e-01, -1.185865e+00, 7.172561e-01, 4.875549e-10, 4.457582e-10, 4.342269e+01, -2.042975e-01
1.986000e+09, 1.113337e-01, 9.411022e-01, -1.197506e+00, 7.066131e-01, 4.861971e-10, 4.456977e-10, 4.334800e+01, -2.069300e-01
1.989800e+09, 1.122491e-01, 9.410195e-01, -1.209115e+00, 6.959716e-01, 4.848776e-10, 4.456374e-10, 4.327135e+01, -2.095320e-01
1.993600e+09, 1.131565e-01, 9.409370e-01, -1.220692e+00, 6.853315e-01, 4.835949e-10, 4.455772e-10, 4.319277e+01, -2.121025e-01
1.997400e+09, 1.140559e-01, 9.408548e-01, -1.232238e+00, 6.746929e-01, 4.823478e-10, 4.455171e-10, 4.311232e+01, -2.146408e-01
2.001200e+09, 1.149472e-01, 9.407730e-01, -1.243755e+00, 6.640556e-01, 4.811348e-10, 4.454571e-10, 4.303001e+01, -2.171457e-01
2.005000e+09, 1.158301e-01, 9.406916e-01, -1.255242e+00, 6.534199e-01, 4.799546e-10, 4.453974e-10, 4.294590e+01, -2.196165e-01
2.008800e+09, 1.167047e-01, 9.406105e-01, -1.266702e+00, 6.427855e-01, 4.788060e-10, 4.453378e-10, 4.286003e+01, -2.220522e-01
2.012600e+09, 1.175707e-01, 9.405298e-01, -1.278134e+00, 6.321526e-01, 4.776879e-10, 4.452785e-10, 4.277242e+01, -2.244520e-01
2.016400e+09, 1.184281e-01, 9.404496e-01, -1.289539e+00, 6.215211e-01, 4.765992e-10, 4.452194e-10, 4.268314e+01, -2.268151e-01
2.020200e+09, 1.192768e-01, 9.403699e-01, -1.300918e+00, 6.108910e-01, 4.755387e-10, 4.451606e-10, 4.259221e+01, -2.291405e-01
2.024000e+09, 1.201165e-01, 9.402906e-01, -1.312272e+00, 6.002623e-01, 4.745055e-10, 4.451020e-10, 4.249968e+01, -2.314275e-01
2.027800e+09, 1.209473e-01, 9.402119e-01, -1.323602e+00, 5.896350e-01, 4.734987e-10, 4.450438e-10, 4.240560e+01, -2.336753e-01
2.031600e+09, 1.217690e-01, 9.401337e-01, -1.334907e+00, 5.790090e-01, 4.725172e-10, 4.449859e-10, 4.231000e+01, -2.358830e-01
2.035400e+09, 1.225814e-01, 9.400560e-01, -1.346189e+00, 5.683845e-01, 4.715603e-10, 4.449283e-10, 4.221293e+01, -2.380500e-01
2.039200e+09, 1.233845e-01, 9.399790e-01, -1.357448e+00, 5.577614e-01, 4.706270e-10, 4.448712e-10, 4.211444e+01, -2.401753e-01
2.043000e+09, 1.241782e-01, 9.399026e-01, -1.368685e+00, 5.471396e-01, 4.697166e-10, 4.448144e-10, 4.201457e+01, -2.422584e-01
2.046800e+09, 1.249624e-01, 9.398268e-01, -1.379900e+00, 5.365191e-01, 4.688282e-10, 4.447580e-10, 4.191337e+01, -2.442984e-01
2.050600e+09, 1.257368e-01, 9.397517e-01, -1.391093e+00, 5.259000e-01, 4.679613e-10, 4.447021e-10, 4.181088e+01, -2.462947e-01
2.054400e+09, 1.265015e-01, 9.396772e-01, -1.402267e+00, 5.152823e-01, 4.671150e-10, 4.446467e-10, 4.170714e+01, -2.482465e-01
2.058200e+09, 1.272564e-01, 9.396035e-01, -1.413419e+00, 5.046659e-01, 4.662886e-10, 4.445917e-10, 4.160221e+01, -2.501532e-01
2.062000e+09, 1.280012e-01, 9.395306e-01, -1.424553e+00, 4.940507e-01, 4.654816e-10, 4.445372e-10, 4.149612e+01, -2.520142e-01
2.065800e+09, 1.287360e-01, 9.394584e-01, -1.435666e+00, 4.834369e-01, 4.646932e-10, 4.444833e-10, 4.138894e+01, -2.538287e-01
2.069600e+09, 1.294606e-01, 9.393870e-01, -1.446762e+00, 4.728244e-01, 4.639230e-10, 4.444299e-10, 4.128069e+01, -2.555962e-01
2.073400e+09, 1.301748e-01, 9.393164e-01, -1.457838e+00, 4.622131e-01, 4.631703e-10, 4.443771e-10, 4.117143e+01, -2.573160e-01
2.077200e+09, 1.308787e-01, 9.392467e-01, -1.468897e+00, 4.516032e-01, 4.624346e-10, 4.443248e-10, 4.106121e+01, -2.589876e-01
2.081000e+09, 1.315721e-01, 9.391778e-01, -1.479938e+00, 4.409944e-01, 4.617154e-10, 4.442732e-10, 4.095007e+01, -2.606104e-01
2.084800e+09, 1.322549e-01, 9.391098e-01, -1.490962e+00, 4.303869e-01, 4.610121e-10, 4.442223e-10, 4.083805e+01, -2.621838e-01
2.088600e+09, 1.329269e-01, 9.390428e-01, -1.501969e+00, 4.197806e-01, 4.603243e-10, 4.441719e-10, 4.072522e+01, -2.637073e-01
2.092400e+09, 1.335882e-01, 9.389766e-01, -1.512960e+00, 4.091755e-01, 4.596515e-10, 4.441223e-10, 4.061160e+01, -2.651804e-01
2.096200e+09, 1.342386e-01, 9.389115e-01, -1.523935e+00, 3.985716e-01, 4.589934e-10, 4.440733e-10, 4.049725e+01, -2.666025e-01
2.100000e+09, 1.348780e-01, 9.388473e-01, -1.534894e+00, 3.879688e-01, 4.583493e-10, 4.440251e-10, 4.038222e+01, -2.679732e-01
2.103800e+09, 1.355063e-01, 9.387841e-01, -1.545837e+00, 3.773673e-01, 4.577190e-10, 4.439776e-10, 4.026655e+01, -2.692920e-01
2.107600e+09, 1.361234e-01, 9.387219e-01, -1.556766e+00, 3.667668e-01, 4.571020e-10, 4.439309e-10, 4.015029e+01, -2.705585e-01
2.111400e+09, 1.367293e-01, 9.386608e-01, -1.567680e+00, 3.561675e-01, 4.564980e-10, 4.438850e-10, 4.003348e+01, -2.717721e-01
2.115200e+09, 1.373238e-01, 9.386008e-01, -1.578579e+00, 3.455692e-01, 4.559067e-10, 4.438398e-10, 3.991617e+01, -2.729326e-01
2.119000e+09, 1.379068e-01, 9.385418e-01, -1.589464e+00, 3.349721e-01, 4.553275e-10, 4.437955e-10, 3.979841e+01, -2.740395e-01
2.122800e+09, 1.384783e-01, 9.384840e-01, -1.600336e+00, 3.243759e-01, 4.547603e-10, 4.437520e-10, 3.968024e+01, -2.750923e-01
2.126600e+09, 1.390382e-01, 9.384273e-01, -1.611194e+00, 3.137809e-01, 4.542048e-10, 4.437094e-10, 3.956170e+01, -2.760909e-01
2.130400e+09, 1.395863e-01, 9.383718e-01, -1.622038e+00, 3.031868e-01, 4.536605e-10, 4.436677e-10, 3.944285e+01, -2.770347e-01
2.134200e+09, 1.401227e-01, 9.383174e-01, -1.632870e+00, 2.925938e-01, 4.531272e-10, 4.436268e-10, 3.932372e+01, -2.779234e-01
2.138000e+09, 1.406471e-01, 9.382643e-01, -1.643689e+00, 2.820017e-01, 4.526046e-10, 4.435869e-10, 3.920436e+01, -2.787569e-01
2.141800e+09, 1.411595e-01, 9.382123e-01, -1.654495e+00, 2.714106e-01, 4.520925e-10, 4.435480e-10, 3.908482e+01, -2.795346e-01
2.145600e+09, 1.416599e-01, 9.381616e-01, -1.665289e+00, 2.608204e-01, 4.515905e-10, 4.435100e-10, 3.896514e+01, -2.802565e-01
2.149400e+09, 1.421482e-01, 9.381122e-01, -1.676072e+00, 2.502311e-01, 4.510985e-10, 4.434729e-10, 3.884536e+01, -2.809221e-01
2.153200e+09, 1.426242e-01, 9.380640e-01, -1.686842e+00, 2.396427e-01, 4.506161e-10, 4.434369e-10, 3.872553e+01, -2.815313e-01
2.157000e+09, 1.430880e-01, 9.380172e-01, -1.697601e+00, 2.290551e-01, 4.501432e-10, 4.434019e-10, 3.860568e+01, -2.820839e-01
2.160800e+09, 1.435393e-01, 9.379716e-01, -1.708349e+00, 2.184684e-01, 4.496795e-10, 4.433679e-10, 3.848587e+01, -2.825795e-01
2.164600e+09, 1.439782e-01, 9.379274e-01, -1.719085e+00, 2.078825e-01, 4.492249e-10, 4.433350e-10, 3.836612e+01, -2.830181e-01
2.168400e+09, 1.444045e-01, 9.378845e-01, -1.729811e+00, 1.972974e-01, 4.487790e-10, 4.433032e-10, 3.824650e+01, -2.833995e-01
2.172200e+09, 1.448183e-01, 9.378430e-01, -1.740526e+00, 1.867130e-01, 4.483417e-10, 4.432724e-10, 3.812703e+01, -2.837234e-01
2.176000e+09, 1.452193e-01, 9.378029e-01, -1.751231e+00, 1.761294e-01, 4.479129e-10, 4.432427e-10, 3.800776e+01, -2.839897e-01
2.179800e+09, 1.456076e-01, 9.377642e-01, -1.761925e+00, 1.655465e-01, 4.474922e-10, 4.432142e-10, 3.788872e+01, -2.841984e-01
2.183600e+09, 1.459831e-01, 9.377270e-01, -1.772610e+00, 1.549643e-01, 4.470797e-10, 4.431868e-10, 3.776997e+01, -2.843493e-01
2.187400e+09, 1.463456e-01, 9.376911e-01, -1.783284e+00, 1.443827e-01, 4.466749e-10, 4.431605e-10, 3.765153e+01, -2.844423e-01
2.191200e+09, 1.466952e-01, 9.376567e-01, -1.793949e+00, 1.338018e-01, 4.462779e-10, 4.431354e-10, 3.753345e+01, -2.844774e-01
2.195000e+09, 1.470318e-01, 9.376238e-01, -1.804604e+00, 1.232214e-01, 4.458885e-10, 4.431115e-10, 3.741577e+01, -2.844545e-01
2.198800e+09, 1.473553e-01, 9.375923e-01, -1.815250e+00, 1.126416e-01, 4.455065e-10, 4.430888e-10, 3.729852e+01, -2.843735e-01
2.202600e+09, 1.476655e-01, 9.375623e-01, -1.825887e+00, 1.020624e-01, 4.451317e-10, 4.430673e-10, 3.718175e+01, -2.842344e-01
2.206400e+09, 1.479626e-01, 9.375339e-01, -1.836515e+00, 9.148369e-02, 4.447640e-10, 4.430471e-10, 3.706549e+01, -2.840373e-01
2.210200e+09, 1.482463e-01, 9.375070e-01, -1.847135e+00, 8.090545e-02, 4.444033e-10, 4.430281e-10, 3.694978e+01, -2.837821e-01
2.214000e+09, 1.485167e-01, 9.374815e-01, -1.857745e+00, 7.032767e-02, 4.440495e-10, 4.430103e-10, 3.683465e+01, -2.834689e-01
2.217800e+09, 1.487737e-01, 9.374577e-01, -1.868347e+00, 5.975031e-02, 4.437024e-10, 4.429939e-10, 3.672014e+01, -2.830978e-01
2.221600e+09, 1.490172e-01, 9.374354e-01, -1.878941e+00, 4.917334e-02, 4.433619e-10, 4.429787e-10, 3.660630e+01, -2.826687e-01
2.225400e+09, 1.492471e-01, 9.374147e-01, -1.889527e+00, 3.859673e-02, 4.430280e-10, 4.429648e-10, 3.649314e+01, -2.821819e-01
2.229200e+09, 1.494635e-01, 9.373955e-01, -1.900105e+00, 2.802046e-02, 4.427004e-10, 4.429522e-10, 3.638072e+01, -2.816373e-01
2.233000e+09, 1.496661e-01, 9.373780e-01, -1.910675e+00, 1.744449e-02, 4.423791e-10, 4.429409e-10, 3.626905e+01, -2.810351e-01
2.236800e+09, 1.498551e-01, 9.373620e-01, -1.921237e+00, 6.868785e-03, 4.420640e-10, 4.429310e-10, 3.615819e+01, -2.803755e-01
2.240600e+09, 1.500303e-01, 9.373476e-01, -1.931792e+00, -3.706681e-03, 4.417549e-10, 4.429224e-10, 3.604816e+01, -2.796586e-01
2.244400e+09, 1.501917e-01, 9.373349e-01, -1.942339e+00, -1.428194e-02, 4.414519e-10, 4.429152e-10, 3.593899e+01, -2.788846e-01
2.248200e+09, 1.503393e-01, 9.373238e-01, -1.952879e+00, -2.485703e-02, 4.411548e-10, 4.429093e-10, 3.583072e+01, -2.780537e-01
2.252000e+09, 1.504729e-01, 9.373143e-01, -1.963412e+00, -3.543198e-02, 4.408635e-10, 4.429048e-10, 3.572338e+01, -2.771661e-01
2.255800e+09, 1.505926e-01, 9.373065e-01, -1.973939e+00, -4.600682e-02, 4.405780e-10, 4.429017e-10, 3.561701e+01, -2.762221e-01
2.259600e+09, 1.506982e-01, 9.373003e-01, -1.984458e+00, -5.658159e-02, 4.402981e-10, 4.429000e-10, 3.551163e+01, -2.752219e-01
2.263400e+09, 1.507898e-01, 9.372958e-01, -1.994970e+00, -6.715632e-02, 4.400239e-10, 4.428997e-10, 3.540727e+01, -2.741657e-01
2.267200e+09, 1.508672e-01, 9.372929e-01, -2.005476e+00, -7.773104e-02, 4.397551e-10, 4.429009e-10, 3.530397e+01, -2.730539e-01
2.271000e+09, 1.509306e-01, 9.372917e-01, -2.015976e+00, -8.830579e-02, 4.394919e-10, 4.429034e-10, 3.520176e+01, -2.718868e-01
2.274800e+09, 1.509797e-01, 9.372922e-01, -2.026469e+00, -9.888059e-02, 4.392340e-10, 4.429074e-10, 3.510067e+01, -2.706647e-01
2.278600e+09, 1.510146e-01, 9.372943e-01, -2.036957e+00, -1.094555e-01, 4.389815e-10, 4.429128e-10, 3.500072e+01, -2.693880e-01
2.282400e+09, 1.510352e-01, 9.372982e-01, -2.047438e+00, -1.200305e-01, 4.387342e-10, 4.429196e-10, 3.490195e+01, -2.680570e-01
2.286200e+09, 1.510415e-01, 9.373037e-01, -2.057913e+00, -1.306057e-01, 4.384922e-10, 4.429279e-10, 3.480438e+01, -2.666722e-01
2.290000e+09, 1.510334e-01, 9.373109e-01, -2.068383e+00, -1.411811e-01, 4.382553e-10, 4.429377e-10, 3.470805e+01, -2.652339e-01
2.293800e+09, 1.510110e-01, 9.373197e-01, -2.078846e+00, -1.517567e-01, 4.380236e-10, 4.429489e-10, 3.461298e+01, -2.637426e-01
2.297600e+09, 1.509742e-01, 9.373303e-01, -2.089305e+00, -1.623326e-01, 4.377970e-10, 4.429616e-10, 3.451920e+01, -2.621987e-01
2.301400e+09, 1.509228e-01, 9.373425e-01, -2.099758e+00, -1.729088e-01, 4.375754e-10, 4.429757e-10, 3.442673e+01, -2.606027e-01
2.305200e+09, 1.508570e-01, 9.373565e-01, -2.110205e+00, -1.834854e-01, 4.373589e-10, 4.429913e-10, 3.433561e+01, -2.589551e-01
2.309000e+09, 1.507767e-01, 9.373721e-01, -2.120648e+00, -1.940623e-01, 4.371473e-10, 4.430084e-10, 3.424585e+01, -2.572565e-01
2.312800e+09, 1.506818e-01, 9.373894e-01, -2.131085e+00, -2.046396e-01, 4.369406e-10, 4.430270e-10, 3.415749e+01, -2.555072e-01
2.316600e+09, 1.505723e-01, 9.374084e-01, -2.141517e+00, -2.152173e-01, 4.367389e-10, 4.430471e-10, 3.407055e+01, -2.537080e-01
2.320400e+09, 1.504483e-01, 9.374291e-01, -2.151945e+00, -2.257956e-01, 4.365420e-10, 4.430686e-10, 3.398505e+01, -2.518594e-01
2.324200e+09, 1.503095e-01, 9.374514e-01, -2.162368e+00, -2.363743e-01, 4.363499e-10, 4.430916e-10, 3.390103e+01, -2.499620e-01
2.328000e+09, 1.501562e-01, 9.374755e-01, -2.172786e+00, -2.469536e-01, 4.361627e-10, 4.431161e-10, 3.381850e+01, -2.480164e-01
2.331800e+09, 1.499881e-01, 9.375012e-01, -2.183200e+00, -2.575335e-01, 4.359804e-10, 4.431421e-10, 3.373749e+01, -2.460233e-01
2.335600e+09, 1.498053e-01, 9.375285e-01, -2.193610e+00, -2.681140e-01, 4.358027e-10, 4.431696e-10, 3.365802e+01, -2.439832e-01
2.339400e+09, 1.496078e-01, 9.375576e-01, -2.204015e+00, -2.786952e-01, 4.356299e-10, 4.431986e-10, 3.358011e+01, -2.418970e-01
2.343200e+09, 1.493956e-01, 9.375883e-01, -2.214416e+00, -2.892771e-01, 4.354618e-10, 4.432290e-10, 3.350379e+01, -2.397652e-01
2.347000e+09, 1.491685e-01, 9.376206e-01, -2.224813e+00, -2.998596e-01, 4.352985e-10, 4.432610e-10, 3.342908e+01, -2.375887e-01
2.350800e+09, 1.489267e-01, 9.376546e-01, -2.235206e+00, -3.104430e-01, 4.351399e-10, 4.432944e-10, 3.335601e+01, -2.353682e-01
2.354600e+09, 1.486701e-01, 9.376902e-01, -2.245596e+00, -3.210271e-01, 4.349861e-10, 4.433293e-10, 3.328458e+01, -2.331045e-01
2.358400e+09, 1.483986e-01, 9.377274e-01, -2.255982e+00, -3.316121e-01, 4.348370e-10, 4.433657e-10, 3.321483e+01, -2.307983e-01
2.362200e+09, 1.481124e-01, 9.377663e-01, -2.266364e+00, -3.421979e-01, 4.346926e-10, 4.434035e-10, 3.314678e+01, -2.284504e-01
2.366000e+09, 1.478112e-01, 9.378067e-01, -2.276743e+00, -3.527847e-01, 4.345529e-10, 4.434428e-10, 3.308044e+01, -2.260617e-01
2.369800e+09, 1.474952e-01, 9.378488e-01, -2.287118e+00, -3.633724e-01, 4.344180e-10, 4.434836e-10, 3.301583e+01, -2.236331e-01
2.373600e+09, 1.471644e-01, 9.378924e-01, -2.297490e+00, -3.739610e-01, 4.342879e-10, 4.435258e-10, 3.295298e+01, -2.211655e-01
2.377400e+09, 1.468187e-01, 9.379377e-01, -2.307859e+00, -3.845507e-01, 4.341624e-10, 4.435695e-10, 3.289191e+01, -2.186596e-01
2.381200e+09, 1.464580e-01, 9.379845e-01, -2.318226e+00, -3.951414e-01, 4.340418e-10, 4.436146e-10, 3.283262e+01, -2.161165e-01
2.385000e+09, 1.460825e-01, 9.380328e-01, -2.328589e+00, -4.057332e-01, 4.339259e-10, 4.436612e-10, 3.277515e+01, -2.135371e-01
2.388800e+09, 1.456921e-01, 9.380827e-01, -2.338949e+00, -4.163261e-01, 4.338149e-10, 4.437092e-10, 3.271950e+01, -2.109223e-01
2.392600e+09, 1.452868e-01, 9.381341e-01, -2.349307e+00, -4.269202e-01, 4.337086e-10, 4.437586e-10, 3.266570e+01, -2.082731e-01
2.396400e+09, 1.448666e-01, 9.381870e-01, -2.359662e+00, -4.375154e-01, 4.336073e-10, 4.438095e-10, 3.261376e+01, -2.055906e-01
2.400200e+09, 1.444314e-01, 9.382414e-01, -2.370015e+00, -4.481118e-01, 4.335107e-10, 4.438617e-10, 3.256370e+01, -2.028757e-01
2.404000e+09, 1.439814e-01, 9.382973e-01, -2.380366e+00, -4.587095e-01, 4.334191e-10, 4.439153e-10, 3.251553e+01, -2.001294e-01
2.407800e+09, 1.435165e-01, 9.383546e-01, -2.390714e+00, -4.693085e-01, 4.333325e-10, 4.439704e-10, 3.246928e+01, -1.973530e-01
2.411600e+09, 1.430366e-01, 9.384134e-01, -2.401060e+00, -4.799088e-01, 4.332508e-10, 4.440268e-10, 3.242495e+01, -1.945473e-01
2.415400e+09, 1.425419e-01, 9.384737e-01, -2.411405e+00, -4.905104e-01, 4.331741e-10, 4.440846e-10, 3.238256e+01, -1.917135e-01
2.419200e+09, 1.420322e-01, 9.385353e-01, -2.421747e+00, -5.011134e-01, 4.331025e-10, 4.441437e-10, 3.234213e+01, -1.888528e-01
2.423000e+09, 1.415077e-01, 9.385983e-01, -2.432088e+00, -5.117178e-01, 4.330360e-10, 4.442042e-10, 3.230366e+01, -1.859662e-01
2.426800e+09, 1.409683e-01, 9.386627e-01, -2.442427e+00, -5.223237e-01, 4.329746e-10, 4.442660e-10, 3.226718e+01, -1.830549e-01
2.430600e+09, 1.404140e-01, 9.387285e-01, -2.452765e+00, -5.329310e-01, 4.329185e-10, 4.443292e-10, 3.223269e+01, -1.801201e-01
2.434400e+09, 1.398449e-01, 9.387956e-01, -2.463101e+00, -5.435399e-01, 4.328677e-10, 4.443936e-10, 3.220021e+01, -1.771630e-01
2.438200e+09, 1.392609e-01, 9.388640e-01, -2.473437e+00, -5.541503e-01, 4.328222e-10, 4.444594e-10, 3.216975e+01, -1.741847e-01
2.442000e+09, 1.386621e-01, 9.389337e-01, -2.483771e+00, -5.647622e-01, 4.327821e-10, 4.445264e-10, 3.214132e+01, -1.711865e-01
2.445800e+09, 1.380484e-01, 9.390047e-01, -2.494104e+00, -5.753758e-01, 4.327474e-10, 4.445947e-10, 3.211494e+01, -1.681695e-01
2.449600e+09, 1.374200e-01, 9.390769e-01, -2.504436e+00, -5.859910e-01, 4.327184e-10, 4.446642e-10, 3.209061e+01, -1.651351e-01
2.453400e+09, 1.367767e-01, 9.391503e-01, -2.514768e+00, -5.966078e-01, 4.326950e-10, 4.447350e-10, 3.206834e+01, -1.620846e-01
2.457200e+09, 1.361187e-01, 9.392249e-01, -2.525099e+00, -6.072264e-01, 4.326773e-10, 4.448070e-10, 3.204815e+01, -1.590190e-01
2.461000e+09, 1.354459e-01, 9.393007e-01, -2.535429e+00, -6.178466e-01, 4.326655e-10, 4.448802e-10, 3.203004e+01, -1.559399e-01
2.464800e+09, 1.347584e-01, 9.393777e-01, -2.545760e+00, -6.284686e-01, 4.326596e-10, 4.449546e-10, 3.201402e+01, -1.528483e-01
2.468600e+09, 1.340562e-01, 9.394558e-01, -2.556090e+00, -6.390924e-01, 4.326598e-10, 4.450301e-10, 3.200010e+01, -1.497458e-01
2.472400e+09, 1.333393e-01, 9.395350e-01, -2.566420e+00, -6.497180e-01, 4.326661e-10, 4.451068e-10, 3.198829e+01, -1.466335e-01
2.476200e+09, 1.326077e-01, 9.396152e-01, -2.576751e+00, -6.603454e-01, 4.326787e-10, 4.451846e-10, 3.197859e+01, -1.435128e-01
2.480000e+09, 1.318615e-01, 9.396965e-01, -2.587081e+00, -6.709747e-01, 4.326978e-10, 4.452636e-10, 3.197102e+01, -1.403850e-01
2.483800e+09, 1.311007e-01, 9.397788e-01, -2.597413e+00, -6.816058e-01, 4.327233e-10, 4.453436e-10, 3.196558e+01, -1.372516e-01
2.487600e+09, 1.303253e-01, 9.398622e-01, -2.607744e+00, -6.922389e-01, 4.327556e-10, 4.454248e-10, 3.196227e+01, -1.341138e-01
2.491400e+09, 1.295353e-01, 9.399464e-01, -2.618077e+00, -7.028739e-01, 4.327948e-10, 4.455069e-10, 3.196110e+01, -1.309729e-01
2.495200e+09, 1.287308e-01, 9.400316e-01, -2.628410e+00, -7.135109e-01, 4.328410e-10, 4.455902e-10, 3.196207e+01, -1.278305e-01
2.499000e+09, 1.279119e-01, 9.401177e-01, -2.638745e+00, -7.241499e-01, 4.328944e-10, 4.456744e-10, 3.196519e+01, -1.246878e-01
2.502800e+09, 1.270784e-01, 9.402047e-01, -2.649081e+00, -7.347908e-01, 4.329552e-10, 4.457596e-10, 3.197047e+01, -1.215462e-01
2.506600e+09, 1.262306e-01, 9.402925e-01, -2.659418e+00, -7.454338e-01, 4.330236e-10, 4.458458e-10, 3.197790e+01, -1.184071e-01
2.510400e+09, 1.253684e-01, 9.403812e-01, -2.669757e+00, -7.560789e-01, 4.330999e-10, 4.459330e-10, 3.198750e+01, -1.152720e-01
2.514200e+09, 1.244918e-01, 9.404706e-01, -2.680098e+00, -7.667260e-01, 4.331842e-10, 4.460210e-10, 3.199925e+01, -1.121421e-01
2.518000e+09, 1.236009e-01, 9.405607e-01, -2.690440e+00, -7.773753e-01, 4.332767e-10, 4.461100e-10, 3.201317e+01, -1.090189e-01
2.521800e+09, 1.226958e-01, 9.406516e-01, -2.700785e+00, -7.880266e-01, 4.333779e-10, 4.461999e-10, 3.202925e+01, -1.059038e-01
2.525600e+09, 1.217764e-01, 9.407432e-01, -2.711133e+00, -7.986802e-01, 4.334878e-10, 4.462906e-10, 3.204749e+01, -1.027981e-01
2.529400e+09, 1.208429e-01, 9.408354e-01, -2.721483e+00, -8.093358e-01, 4.336069e-10, 4.463822e-10, 3.206790e+01, -9.970331e-02
2.533200e+09, 1.198952e-01, 9.409282e-01, -2.731835e+00, -8.199937e-01, 4.337354e-10, 4.464745e-10, 3.209047e+01, -9.662076e-02
2.537000e+09, 1.189335e-01, 9.410216e-01, -2.742191e+00, -8.306538e-01, 4.338737e-10, 4.465677e-10, 3.211521e+01, -9.355185e-02
2.540800e+09, 1.179577e-01, 9.411156e-01, -2.752551e+00, -8.413161e-01, 4.340221e-10, 4.466616e-10, 3.214211e+01, -9.049797e-02
2.544600e+09, 1.169679e-01, 9.412100e-01, -2.762913e+00, -8.519806e-01, 4.341810e-10, 4.467563e-10, 3.217117e+01, -8.746051e-02
2.548400e+09, 1.159641e-01, 9.413049e-01, -2.773280e+00, -8.626474e-01, 4.343508e-10, 4.468516e-10, 3.220239e+01, -8.444084e-02
2.552200e+09, 1.149465e-01, 9.414003e-01, -2.783651e+00, -8.733165e-01, 4.345319e-10, 4.469477e-10, 3.223575e+01, -8.144034e-02
2.556000e+09, 1.139150e-01, 9.414961e-01, -2.794025e+00, -8.839879e-01, 4.347249e-10, 4.470444e-10, 3.227127e+01, -7.846038e-02
2.559800e+09, 1.128698e-01, 9.415922e-01, -2.804405e+00, -8.946615e-01, 4.349302e-10, 4.471417e-10, 3.230894e+01, -7.550232e-02
2.563600e+09, 1.118108e-01, 9.416887e-01, -2.814789e+00, -9.053375e-01, 4.351483e-10, 4.472396e-10, 3.234874e+01, -7.256751e-02
2.567400e+09, 1.107381e-01, 9.417855e-01, -2.825179e+00, -9.160159e-01, 4.353798e-10, 4.473381e-10, 3.239068e+01, -6.965731e-02
2.571200e+09, 1.096519e-01, 9.418825e-01, -2.835574e+00, -9.266966e-01, 4.356254e-10, 4.474372e-10, 3.243475e+01, -6.677305e-02
2.575000e+09, 1.085521e-01, 9.419797e-01, -2.845975e+00, -9.373796e-01, 4.358856e-10, 4.475367e-10, 3.248094e+01, -6.391606e-02
2.578800e+09, 1.074388e-01, 9.420771e-01, -2.856383e+00, -9.480651e-01, 4.361613e-10, 4.476368e-10, 3.252924e+01, -6.108767e-02
2.582600e+09, 1.063120e-01, 9.421746e-01, -2.866796e+00, -9.587529e-01, 4.364530e-10, 4.477373e-10, 3.257965e+01, -5.828917e-02
2.586400e+09, 1.051720e-01, 9.422723e-01, -2.877217e+00, -9.694431e-01, 4.367618e-10, 4.478383e-10, 3.263216e+01, -5.552187e-02
2.590200e+09, 1.040186e-01, 9.423700e-01, -2.887645e+00, -9.801357e-01, 4.370884e-10, 4.479396e-10, 3.268676e+01, -5.278706e-02
2.594000e+09, 1.028520e-01, 9.424677e-01, -2.898081e+00, -9.908308e-01, 4.374338e-10, 4.480413e-10, 3.274344e+01, -5.008600e-02
2.597800e+09, 1.016722e-01, 9.425654e-01, -2.908526e+00, -1.001528e+00, 4.377990e-10, 4.481434e-10, 3.280218e+01, -4.741996e-02
2.601600e+09, 1.004793e-01, 9.426630e-01, -2.918978e+00, -1.012228e+00, 4.381851e-10, 4.482457e-10, 3.286299e+01, -4.479019e-02
2.605400e+09, 9.927342e-02, 9.427606e-01, -2.929441e+00, -1.022931e+00, 4.385933e-10, 4.483484e-10, 3.292584e+01, -4.219790e-02
2.609200e+09, 9.805458e-02, 9.428579e-01, -2.939913e+00, -1.033635e+00, 4.390250e-10, 4.484513e-10, 3.299072e+01, -3.964433e-02
2.613000e+09, 9.682288e-02, 9.429551e-01, -2.950395e+00, -1.044343e+00, 4.394815e-10, 4.485544e-10, 3.305762e+01, -3.713067e-02
2.616800e+09, 9.557838e-02, 9.430521e-01, -2.960888e+00, -1.055052e+00, 4.399644e-10, 4.486577e-10, 3.312654e+01, -3.465811e-02
2.620600e+09, 9.432116e-02, 9.431488e-01, -2.971392e+00, -1.065765e+00, 4.404752e-10, 4.487611e-10, 3.319744e+01, -3.222782e-02
2.624400e+09, 9.305130e-02, 9.432452e-01, -2.981909e+00, -1.076479e+00, 4.410159e-10, 4.488646e-10, 3.327033e+01, -2.984095e-02
2.628200e+09, 9.176888e-02, 9.433412e-01, -2.992439e+00, -1.087196e+00, 4.415883e-10, 4.489683e-10, 3.334517e+01, -2.749864e-02
2.632000e+09, 9.047399e-02, 9.434369e-01, -3.002982e+00, -1.097916e+00, 4.421946e-10, 4.490720e-10, 3.342197e+01, -2.520200e-02
2.635800e+09, 8.916670e-02, 9.435321e-01, -3.013540e+00, -1.108638e+00, 4.428372e-10, 4.491757e-10, 3.350069e+01, -2.295214e-02
2.639600e+09, 8.784710e-02, 9.436268e-01, -3.024114e+00, -1.119363e+00, 4.435186e-10, 4.492794e-10, 3.358133e+01, -2.075013e-02
2.643400e+09, 8.651529e-02, 9.437210e-01, -3.034703e+00, -1.130090e+00, 4.442417e-10, 4.493830e-10, 3.366387e+01, -1.859704e-02
2.647200e+09, 8.517134e-02, 9.438146e-01, -3.045310e+00, -1.140819e+00, 4.450094e-10, 4.494866e-10, 3.374828e+01, -1.649391e-02
2.651000e+09, 8.381534e-02, 9.439076e-01, -3.055935e+00, -1.151551e+00, 4.458252e-10, 4.495900e-10, 3.383454e+01, -1.444177e-02
2.654800e+09, 8.244739e-02, 9.440000e-01, -3.066579e+00, -1.162286e+00, 4.466929e-10, 4.496933e-10, 3.392264e+01, -1.244162e-02
2.658600e+09, 8.106758e-02, 9.440916e-01, -3.077245e+00, -1.173023e+00, 4.476165e-10, 4.497964e-10, 3.401256e+01, -1.049444e-02
2.662400e+09, 7.967601e-02, 9.441825e-01, -3.087932e+00, -1.183762e+00, 4.486006e-10, 4.498992e-10, 3.410427e+01, -8.601206e-03
2.666200e+09, 7.827277e-02, 9.442726e-01, -3.098643e+00, -1.194504e+00, 4.496502e-10, 4.500018e-10, 3.419776e+01, -6.762850e-03
2.670000e+09, 7.685795e-02, 9.443619e-01, -3.109379e+00, -1.205248e+00, 4.507709e-10, 4.501041e-10, 3.429299e+01, -4.980299e-03
2.673800e+09, 7.543166e-02, 9.444504e-01, -3.120141e+00, -1.215995e+00, 4.519690e-10, 4.502061e-10, 3.438995e+01, -3.254453e-03
2.677600e+09, 7.399399e-02, 9.445379e-01, -3.130933e+00, -1.226744e+00, 4.532514e-10, 4.503077e-10, 3.448861e+01, -1.586192e-03
2.681400e+09, 7.254506e-02, 9.446244e-01, 3.141431e+00, -1.237496e+00, 4.546259e-10, 4.504089e-10, 3.458894e+01, 2.362435e-05
2.685200e+09, 7.108496e-02, 9.447099e-01, 3.130576e+00, -1.248250e+00, 4.561011e-10, 4.505097e-10, 3.469092e+01, 1.574160e-03
2.689000e+09, 6.961380e-02, 9.447944e-01, 3.119686e+00, -1.259006e+00, 4.576868e-10, 4.506100e-10, 3.479453e+01, 3.064599e-03
2.692800e+09, 6.813169e-02, 9.448778e-01, 3.108758e+00, -1.269765e+00, 4.593941e-10, 4.507098e-10, 3.489973e+01, 4.494149e-03
2.696600e+09, 6.663874e-02, 9.449600e-01, 3.097790e+00, -1.280526e+00, 4.612353e-10, 4.508090e-10, 3.500650e+01, 5.862038e-03
2.700400e+09, 6.513505e-02, 9.450411e-01, 3.086777e+00, -1.291290e+00, 4.632244e-10, 4.509076e-10, 3.511480e+01, 7.167519e-03
2.704200e+09, 6.362075e-02, 9.451209e-01, 3.075717e+00, -1.302055e+00, 4.653776e-10, 4.510056e-10, 3.522462e+01, 8.409866e-03
2.708000e+09, 6.209594e-02, 9.451995e-01, 3.064606e+00, -1.312824e+00, 4.677131e-10, 4.511030e-10, 3.533591e+01, 9.588374e-03
2.711800e+09, 6.056075e-02, 9.452767e-01, 3.053439e+00, -1.323594e+00, 4.702516e-10, 4.511996e-10, 3.544865e+01, 1.070236e-02
2.715600e+09, 5.901529e-02, 9.453526e-01, 3.042211e+00, -1.334367e+00, 4.730172e-10, 4.512955e-10, 3.556280e+01, 1.175117e-02
2.719400e+09, 5.745969e-02, 9.454270e-01, 3.030917e+00, -1.345142e+00, 4.760375e-10, 4.513907e-10, 3.567833e+01, 1.273417e-02
2.723200e+09, 5.589407e-02, 9.455001e-01, 3.019551e+00, -1.355920e+00, 4.793446e-10, 4.514850e-10, 3.579520e+01, 1.365075e-02
2.727000e+09, 5.431855e-02, 9.455716e-01, 3.008106e+00, -1.366700e+00, 4.829755e-10, 4.515785e-10, 3.591339e+01, 1.450031e-02
2.730800e+09, 5.273326e-02, 9.456416e-01, 2.996575e+00, -1.377481e+00, 4.869739e-10, 4.516710e-10, 3.603286e+01, 1.528230e-02
2.734600e+09, 5.113834e-02, 9.457100e-01, 2.984948e+00, -1.388266e+00, 4.913906e-10, 4.517627e-10, 3.615356e+01, 1.599616e-02
2.738400e+09, 4.953392e-02, 9.457768e-01, 2.973215e+00, -1.399052e+00, 4.962861e-10, 4.518534e-10, 3.627547e+01, 1.664138e-02
2.742200e+09, 4.792014e-02, 9.458420e-01, 2.961366e+00, -1.409840e+00, 5.017317e-10, 4.519431e-10, 3.639854e+01, 1.721747e-02
2.746000e+09, 4.629713e-02, 9.459054e-01, 2.949386e+00, -1.420631e+00, 5.078128e-10, 4.520317e-10, 3.652273e+01, 1.772395e-02
2.749800e+09, 4.466505e-02, 9.459671e-01, 2.937262e+00, -1.431424e+00, 5.146322e-10, 4.521193e-10, 3.664801e+01, 1.816038e-02
2.753600e+09, 4.302404e-02, 9.460270e-01, 2.924974e+00, -1.442219e+00, 5.223141e-10, 4.522057e-10, 3.677433e+01, 1.852633e-02
2.757400e+09, 4.137427e-02, 9.460851e-01, 2.912504e+00, -1.453016e+00, 5.310101e-10, 4.522910e-10, 3.690165e+01, 1.882141e-02
2.761200e+09, 3.971588e-02, 9.461412e-01, 2.899825e+00, -1.463815e+00, 5.409065e-10, 4.523751e-10, 3.702993e+01, 1.904522e-02
2.765000e+09, 3.804905e-02, 9.461955e-01, 2.886910e+00, -1.474616e+00, 5.522345e-10, 4.524580e-10, 3.715913e+01, 1.919744e-02
2.768800e+09, 3.637396e-02, 9.462478e-01, 2.873725e+00, -1.485418e+00, 5.652839e-10, 4.525396e-10, 3.728920e+01, 1.927772e-02
2.772600e+09, 3.469079e-02, 9.462982e-01, 2.860228e+00, -1.496223e+00, 5.804212e-10, 4.526199e-10, 3.742009e+01, 1.928576e-02
2.776400e+09, 3.299974e-02, 9.463465e-01, 2.846370e+00, -1.507030e+00, 5.981163e-10, 4.526988e-10, 3.755175e+01, 1.922129e-02
2.780200e+09, 3.130103e-02, 9.463927e-01, 2.832090e+00, -1.517839e+00, 6.189784e-10, 4.527764e-10, 3.768415e+01, 1.908406e-02
2.784000e+09, 2.959489e-02, 9.464368e-01, 2.817311e+00, -1.528649e+00, 6.438094e-10, 4.528525e-10, 3.781723e+01, 1.887382e-02
2.787800e+09, 2.788157e-02, 9.464787e-01, 2.801939e+00, -1.539462e+00, 6.736814e-10, 4.529272e-10, 3.795095e+01, 1.859039e-02
2.791600e+09, 2.616138e-02, 9.465185e-01, 2.785854e+00, -1.550276e+00, 7.100531e-10, 4.530004e-10, 3.808524e+01, 1.823357e-02
2.795400e+09, 2.443466e-02, 9.465560e-01, 2.768901e+00, -1.561092e+00, 7.549502e-10, 4.530721e-10, 3.822007e+01, 1.780323e-02
2.799200e+09, 2.270180e-02, 9.465912e-01, 2.750876e+00, -1.571909e+00, 8.112499e-10, 4.531422e-10, 3.835537e+01, 1.729922e-02
2.803000e+09, 2.096330e-02, 9.466242e-01, 2.731506e+00, -1.582729e+00, 8.831477e-10, 4.532108e-10, 3.849110e+01, 1.672145e-02
2.806800e+09, 1.921977e-02, 9.466548e-01, 2.710420e+00, -1.593549e+00, 9.769496e-10, 4.532776e-10, 3.862720e+01, 1.606984e-02
2.810600e+09, 1.747203e-02, 9.466830e-01, 2.687094e+00, -1.604372e+00, 1.102476e-09, 4.533428e-10, 3.876362e+01, 1.534433e-02
2.814400e+09, 1.572120e-02, 9.467088e-01, 2.660771e+00, -1.615196e+00, 1.275675e-09, 4.534063e-10, 3.890029e+01, 1.454492e-02
2.818200e+09, 1.396889e-02, 9.467322e-01, 2.630313e+00, -1.626022e+00, 1.523793e-09, 4.534681e-10, 3.903717e+01, 1.367158e-02
2.822000e+09, 1.221754e-02, 9.467531e-01, 2.593931e+00, -1.636849e+00, 1.896314e-09, 4.535281e-10, 3.917419e+01, 1.272437e-02
2.825800e+09, 1.047116e-02, 9.467715e-01, 2.548654e+00, -1.647677e+00, 2.490176e-09, 4.535862e-10, 3.931130e+01, 1.170332e-02
2.829600e+09, 8.736845e-03, 9.467873e-01, 2.489199e+00, -1.658507e+00, 3.513848e-09, 4.536425e-10, 3.944844e+01, 1.060852e-02
2.833400e+09, 7.028502e-03, 9.468005e-01, 2.405302e+00, -1.669338e+00, 5.467998e-09, 4.536970e-10, 3.958554e+01, 9.440086e-03
2.837200e+09, 5.377274e-03, 9.468112e-01, 2.274747e+00, -1.680171e+00, 9.676366e-09, 4.537495e-10, 3.972254e+01, 8.198148e-03
2.841000e+09, 3.865727e-03, 9.468192e-01, 2.043713e+00, -1.691005e+00, 1.904677e-08, 4.538001e-10, 3.985939e+01, 6.882870e-03
2.844800e+09, 2.747683e-03, 9.468245e-01, 1.588951e+00, -1.701840e+00, 2.950194e-08, 4.538487e-10, 3.999601e+01, 5.494446e-03
2.848600e+09, 2.606582e-03, 9.468271e-01, 8.845593e-01, -1.712676e+00, 2.206646e-08, 4.538953e-10, 4.013235e+01, 4.033095e-03
2.852400e+09, 3.568842e-03, 9.468270e-01, 3.576982e-01, -1.723513e+00, 1.127009e-08, 4.539398e-10, 4.026833e+01, 2.499066e-03
2.856200e+09, 5.043203e-03, 9.468241e-01, 8.861246e-02, -1.734351e+00, 6.167631e-09, 4.539823e-10, 4.040390e+01, 8.926346e-04
2.860000e+09, 6.703793e-03, 9.468184e-01, -5.864654e-02, -1.745191e+00, 3.856595e-09, 4.540226e-10, 4.053899e+01, -7.858930e-04
2.863800e+09, 8.444521e-03, 9.468099e-01, -1.507270e-01, -1.756031e+00, 2.678603e-09, 4.540608e-10, 4.067352e+01, -2.536182e-03
2.867600e+09, 1.022699e-02, 9.467986e-01, -2.146816e-01, -1.766872e+00, 2.009725e-09, 4.540969e-10, 4.080744e+01, -4.357870e-03
2.871400e+09, 1.203465e-02, 9.467844e-01, -2.626660e-01, -1.777714e+00, 1.596954e-09, 4.541307e-10, 4.094067e+01, -6.250563e-03
2.875200e+09, 1.385928e-02, 9.467673e-01, -3.007951e-01, -1.788557e+00, 1.325482e-09, 4.541624e-10, 4.107315e+01, -8.213839e-03
2.879000e+09, 1.569633e-02, 9.467473e-01, -3.324424e-01, -1.799401e+00, 1.137862e-09, 4.541918e-10, 4.120480e+01, -1.024724e-02
2.882800e+09, 1.754305e-02, 9.467244e-01, -3.596101e-01, -1.810245e+00, 1.002975e-09, 4.542189e-10, 4.133555e+01, -1.235030e-02
2.886600e+09, 1.939766e-02, 9.466985e-01, -3.835573e-01, -1.821090e+00, 9.028436e-10, 4.542436e-10, 4.146534e+01, -1.452249e-02
2.890400e+09, 2.125891e-02, 9.466696e-01, -4.051137e-01, -1.831935e+00, 8.265172e-10, 4.542661e-10, 4.159409e+01, -1.676327e-02
2.894200e+09, 2.312593e-02, 9.466378e-01, -4.248477e-01, -1.842782e+00, 7.670286e-10, 4.542862e-10, 4.172173e+01, -1.907207e-02
2.898000e+09, 2.499801e-02, 9.466029e-01, -4.431613e-01, -1.853628e+00, 7.197783e-10, 4.543039e-10, 4.184818e+01, -2.144829e-02
2.901800e+09, 2.687461e-02, 9.465650e-01, -4.603468e-01, -1.864475e+00, 6.816326e-10, 4.543192e-10, 4.197339e+01, -2.389128e-02
2.905600e+09, 2.875529e-02, 9.465240e-01, -4.766216e-01, -1.875323e+00, 6.503982e-10, 4.543321e-10, 4.209726e+01, -2.640039e-02
2.909400e+09, 3.063964e-02, 9.464800e-01, -4.921505e-01, -1.886170e+00, 6.245032e-10, 4.543425e-10, 4.221974e+01, -2.897492e-02
2.913200e+09, 3.252733e-02, 9.464329e-01, -5.070612e-01, -1.897018e+00, 6.027978e-10, 4.543504e-10, 4.234074e+01, -3.161414e-02
2.917000e+09, 3.441805e-02, 9.463826e-01, -5.214537e-01, -1.907866e+00, 5.844253e-10, 4.543558e-10, 4.246020e+01, -3.431728e-02
2.920800e+09, 3.631152e-02, 9.463293e-01, -5.354075e-01, -1.918715e+00, 5.687369e-10, 4.543587e-10, 4.257804e+01, -3.708357e-02
2.924600e+09, 3.820747e-02, 9.462729e-01, -5.489867e-01, -1.929563e+00, 5.552341e-10, 4.543590e-10, 4.269418e+01, -3.991217e-02
2.928400e+09, 4.010566e-02, 9.462133e-01, -5.622435e-01, -1.940411e+00, 5.435288e-10, 4.543568e-10, 4.280856e+01, -4.280224e-02
2.932200e+09, 4.200585e-02, 9.461506e-01, -5.752209e-01, -1.951259e+00, 5.333152e-10, 4.543520e-10, 4.292110e+01, -4.575289e-02
2.936000e+09, 4.390780e-02, 9.460847e-01, -5.879544e-01, -1.962108e+00, 5.243498e-10, 4.543446e-10, 4.303174e+01, -4.876320e-02
2.939800e+09, 4.581129e-02, 9.460157e-01, -6.004738e-01, -1.972956e+00, 5.164367e-10, 4.543346e-10, 4.314039e+01, -5.183223e-02
2.943600e+09, 4.771611e-02, 9.459435e-01, -6.128043e-01, -1.983803e+00, 5.094170e-10, 4.543220e-10, 4.324698e+01, -5.495901e-02
2.947400e+09, 4.962203e-02, 9.458682e-01, -6.249672e-01, -1.994651e+00, 5.031606e-10, 4.543067e-10, 4.335145e+01, -5.814251e-02
2.951200e+09, 5.152885e-02, 9.457896e-01, -6.369807e-01, -2.005498e+00, 4.975600e-10, 4.542887e-10, 4.345372e+01, -6.138171e-02
2.955000e+09, 5.343636e-02, 9.457079e-01, -6.488605e-01, -2.016344e+00, 4.925262e-10, 4.542681e-10, 4.355372e+01, -6.467553e-02
2.958800e+09, 5.534435e-02, 9.456230e-01, -6.606201e-01, -2.027191e+00, 4.879847e-10, 4.542447e-10, 4.365139e+01, -6.802288e-02
2.962600e+09, 5.725261e-02, 9.455350e-01, -6.722713e-01, -2.038036e+00, 4.838726e-10, 4.542187e-10, 4.374666e+01, -7.142262e-02
2.966400e+09, 5.916094e-02, 9.454437e-01, -6.838243e-01, -2.048881e+00, 4.801369e-10, 4.541899e-10, 4.383945e+01, -7.487360e-02
2.970200e+09, 6.106914e-02, 9.453493e-01, -6.952881e-01, -2.059725e+00, 4.767325e-10, 4.541585e-10, 4.392970e+01, -7.837463e-02
2.974000e+09, 6.297701e-02, 9.452517e-01, -7.066706e-01, -2.070569e+00, 4.736207e-10, 4.541242e-10, 4.401734e+01, -8.192448e-02
2.977800e+09, 6.488434e-02, 9.451509e-01, -7.179788e-01, -2.081412e+00, 4.707683e-10, 4.540873e-10, 4.410232e+01, -8.552192e-02
2.981600e+09, 6.679092e-02, 9.450470e-01, -7.292189e-01, -2.092254e+00, 4.681467e-10, 4.540476e-10, 4.418456e+01, -8.916567e-02
2.985400e+09, 6.869657e-02, 9.449399e-01, -7.403964e-01, -2.103094e+00, 4.657311e-10, 4.540051e-10, 4.426401e+01, -9.285443e-02
2.989200e+09, 7.060108e-02, 9.448296e-01, -7.515163e-01, -2.113934e+00, 4.634998e-10, 4.539599e-10, 4.434060e+01, -9.658687e-02
2.993000e+09, 7.250425e-02, 9.447162e-01, -7.625829e-01, -2.124773e+00, 4.614340e-10, 4.539119e-10, 4.441427e+01, -1.003616e-01
2.996800e+09, 7.440587e-02, 9.445997e-01, -7.736001e-01, -2.135611e+00, 4.595172e-10, 4.538611e-10, 4.448497e+01, -1.041774e-01
3.000600e+09, 7.630575e-02, 9.444800e-01, -7.845716e-01, -2.146447e+00, 4.577347e-10, 4.538076e-10, 4.455265e+01, -1.080326e-01
3.004400e+09, 7.820369e-02, 9.443573e-01, -7.955005e-01, -2.157282e+00, 4.560738e-10, 4.537513e-10, 4.461724e+01, -1.119260e-01
3.008200e+09, 8.009949e-02, 9.442314e-01, -8.063898e-01, -2.168116e+00, 4.545231e-10, 4.536922e-10, 4.467869e+01, -1.158560e-01
3.012000e+09, 8.199294e-02, 9.441025e-01, -8.172420e-01, -2.178949e+00, 4.530725e-10, 4.536304e-10, 4.473696e+01, -1.198213e-01
3.015800e+09, 8.388385e-02, 9.439705e-01, -8.280596e-01, -2.189780e+00, 4.517130e-10, 4.535657e-10, 4.479199e+01, -1.238202e-01
3.019600e+09, 8.577201e-02, 9.438354e-01, -8.388448e-01, -2.200609e+00, 4.504365e-10, 4.534983e-10, 4.484375e+01, -1.278513e-01
3.023400e+09, 8.765724e-02, 9.436973e-01, -8.495994e-01, -2.211437e+00, 4.492360e-10, 4.534282e-10, 4.489217e+01, -1.319130e-01
3.027200e+09, 8.953931e-02, 9.435562e-01, -8.603254e-01, -2.222263e+00, 4.481050e-10, 4.533553e-10, 4.493723e+01, -1.360038e-01
3.031000e+09, 9.141805e-02, 9.434121e-01, -8.710244e-01, -2.233087e+00, 4.470376e-10, 4.532796e-10, 4.497888e+01, -1.401221e-01
3.034800e+09, 9.329324e-02, 9.432651e-01, -8.816980e-01, -2.243910e+00, 4.460288e-10, 4.532012e-10, 4.501709e+01, -1.442663e-01
3.038600e+09, 9.516468e-02, 9.431151e-01, -8.923474e-01, -2.254730e+00, 4.450736e-10, 4.531200e-10, 4.505181e+01, -1.484348e-01
3.042400e+09, 9.703218e-02, 9.429622e-01, -9.029740e-01, -2.265549e+00, 4.441680e-10, 4.530362e-10, 4.508302e+01, -1.526259e-01
3.046200e+09, 9.889554e-02, 9.428064e-01, -9.135790e-01, -2.276366e+00, 4.433080e-10, 4.529496e-10, 4.511068e+01, -1.568381e-01
3.050000e+09, 1.007546e-01, 9.426477e-01, -9.241635e-01, -2.287181e+00, 4.424902e-10, 4.528603e-10, 4.513477e+01, -1.610697e-01
3.053800e+09, 1.026090e-01, 9.424862e-01, -9.347284e-01, -2.297993e+00, 4.417112e-10, 4.527683e-10, 4.515526e+01, -1.653190e-01
3.057600e+09, 1.044587e-01, 9.423219e-01, -9.452748e-01, -2.308803e+00, 4.409683e-10, 4.526736e-10, 4.517213e+01, -1.695844e-01
3.061400e+09, 1.063035e-01, 9.421549e-01, -9.558034e-01, -2.319611e+00, 4.402587e-10, 4.525763e-10, 4.518536e+01, -1.738641e-01
3.065200e+09, 1.081432e-01, 9.419851e-01, -9.663150e-01, -2.330417e+00, 4.395801e-10, 4.524763e-10, 4.519493e+01, -1.781565e-01
3.069000e+09, 1.099775e-01, 9.418126e-01, -9.768105e-01, -2.341221e+00, 4.389301e-10, 4.523737e-10, 4.520083e+01, -1.824599e-01
3.072800e+09, 1.118062e-01, 9.416374e-01, -9.872904e-01, -2.352022e+00, 4.383068e-10, 4.522684e-10, 4.520304e+01, -1.867725e-01
3.076600e+09, 1.136293e-01, 9.414595e-01, -9.977555e-01, -2.362820e+00, 4.377082e-10, 4.521606e-10, 4.520155e+01, -1.910927e-01
3.080400e+09, 1.154463e-01, 9.412791e-01, -1.008206e+00, -2.373616e+00, 4.371326e-10, 4.520502e-10, 4.519637e+01, -1.954187e-01
3.084200e+09, 1.172573e-01, 9.410961e-01, -1.018643e+00, -2.384409e+00, 4.365785e-10, 4.519373e-10, 4.518747e+01, -1.997489e-01
3.088000e+09, 1.190619e-01, 9.409106e-01, -1.029067e+00, -2.395199e+00, 4.360444e-10, 4.518219e-10, 4.517487e+01, -2.040814e-01
3.091800e+09, 1.208600e-01, 9.407227e-01, -1.039478e+00, -2.405987e+00, 4.355288e-10, 4.517039e-10, 4.515857e+01, -2.084147e-01
3.095600e+09, 1.226514e-01, 9.405323e-01, -1.049877e+00, -2.416772e+00, 4.350306e-10, 4.515835e-10, 4.513856e+01, -2.127470e-01
3.099400e+09, 1.244358e-01, 9.403395e-01, -1.060264e+00, -2.427554e+00, 4.345486e-10, 4.514606e-10, 4.511486e+01, -2.170765e-01
3.103200e+09, 1.262132e-01, 9.401443e-01, -1.070639e+00, -2.438333e+00, 4.340817e-10, 4.513353e-10, 4.508748e+01, -2.214016e-01
3.107000e+09, 1.279832e-01, 9.399469e-01, -1.081003e+00, -2.449109e+00, 4.336288e-10, 4.512076e-10, 4.505642e+01, -2.257205e-01
3.110800e+09, 1.297457e-01, 9.397472e-01, -1.091357e+00, -2.459883e+00, 4.331892e-10, 4.510776e-10, 4.502171e+01, -2.300316e-01
3.114600e+09, 1.315005e-01, 9.395453e-01, -1.101699e+00, -2.470652e+00, 4.327618e-10, 4.509452e-10, 4.498336e+01, -2.343332e-01
3.118400e+09, 1.332474e-01, 9.393412e-01, -1.112032e+00, -2.481419e+00, 4.323460e-10, 4.508106e-10, 4.494139e+01, -2.386236e-01
3.122200e+09, 1.349862e-01, 9.391351e-01, -1.122355e+00, -2.492183e+00, 4.319408e-10, 4.506736e-10, 4.489583e+01, -2.429011e-01
3.126000e+09, 1.367168e-01, 9.389269e-01, -1.132668e+00, -2.502943e+00, 4.315458e-10, 4.505345e-10, 4.484670e+01, -2.471641e-01
3.129800e+09, 1.384388e-01, 9.387167e-01, -1.142972e+00, -2.513700e+00, 4.311601e-10, 4.503932e-10, 4.479402e+01, -2.514108e-01
3.133600e+09, 1.401522e-01, 9.385045e-01, -1.153266e+00, -2.524454e+00, 4.307832e-10, 4.502497e-10, 4.473784e+01, -2.556398e-01
3.137400e+09, 1.418567e-01, 9.382905e-01, -1.163551e+00, -2.535204e+00, 4.304145e-10, 4.501041e-10, 4.467817e+01, -2.598492e-01
3.141200e+09, 1.435522e-01, 9.380746e-01, -1.173828e+00, -2.545951e+00, 4.300534e-10, 4.499564e-10, 4.461507e+01, -2.640377e-01
3.145000e+09, 1.452385e-01, 9.378570e-01, -1.184096e+00, -2.556694e+00, 4.296996e-10, 4.498067e-10, 4.454856e+01, -2.682035e-01
3.148800e+09, 1.469153e-01, 9.376376e-01, -1.194356e+00, -2.567434e+00, 4.293524e-10, 4.496550e-10, 4.447868e+01, -2.723450e-01
3.152600e+09, 1.485825e-01, 9.374166e-01, -1.204607e+00, -2.578170e+00, 4.290115e-10, 4.495013e-10, 4.440547e+01, -2.764608e-01
3.156400e+09, 1.502400e-01, 9.371940e-01, -1.214850e+00, -2.588902e+00, 4.286764e-10, 4.493457e-10, 4.432899e+01, -2.805493e-01
3.160200e+09, 1.518874e-01, 9.369698e-01, -1.225085e+00, -2.599631e+00, 4.283468e-10, 4.491883e-10, 4.424927e+01, -2.846089e-01
3.164000e+09, 1.535247e-01, 9.367442e-01, -1.235312e+00, -2.610356e+00, 4.280223e-10, 4.490291e-10, 4.416636e+01, -2.886382e-01
3.167800e+09, 1.551516e-01, 9.365171e-01, -1.245532e+00, -2.621077e+00, 4.277025e-10, 4.488681e-10, 4.408031e+01, -2.926356e-01
3.171600e+09, 1.567680e-01, 9.362887e-01, -1.255744e+00, -2.631794e+00, 4.273872e-10, 4.487054e-10, 4.399118e+01, -2.965998e-01
3.175400e+09, 1.583736e-01, 9.360591e-01, -1.265948e+00, -2.642507e+00, 4.270759e-10, 4.485410e-10, 4.389901e+01, -3.005292e-01
3.179200e+09, 1.599684e-01, 9.358282e-01, -1.276145e+00, -2.653217e+00, 4.267685e-10, 4.483750e-10, 4.380386e+01, -3.044225e-01
3.183000e+09, 1.615521e-01, 9.355962e-01, -1.286335e+00, -2.663922e+00, 4.264646e-10, 4.482074e-10, 4.370578e+01, -3.082783e-01
3.186800e+09, 1.631245e-01, 9.353630e-01, -1.296517e+00, -2.674623e+00, 4.261641e-10, 4.480383e-10, 4.360484e+01, -3.120952e-01
3.190600e+09, 1.646854e-01, 9.351289e-01, -1.306692e+00, -2.685321e+00, 4.258666e-10, 4.478677e-10, 4.350109e+01, -3.158718e-01
3.194400e+09, 1.662348e-01, 9.348939e-01, -1.316860e+00, -2.696014e+00, 4.255719e-10, 4.476958e-10, 4.339459e+01, -3.196069e-01
3.198200e+09, 1.677724e-01, 9.346579e-01, -1.327021e+00, -2.706703e+00, 4.252799e-10, 4.475225e-10, 4.328541e+01, -3.232992e-01
3.202000e+09, 1.692980e-01, 9.344212e-01, -1.337175e+00, -2.717388e+00, 4.249903e-10, 4.473478e-10, 4.317359e+01, -3.269473e-01
3.205800e+09, 1.708114e-01, 9.341837e-01, -1.347322e+00, -2.728069e+00, 4.247029e-10, 4.471720e-10, 4.305922e+01, -3.305500e-01
3.209600e+09, 1.723126e-01, 9.339456e-01, -1.357462e+00, -2.738746e+00, 4.244175e-10, 4.469950e-10, 4.294234e+01, -3.341061e-01
3.213400e+09, 1.738013e-01, 9.337069e-01, -1.367596e+00, -2.749419e+00, 4.241340e-10, 4.468168e-10, 4.282303e+01, -3.376145e-01
3.217200e+09, 1.752773e-01, 9.334676e-01, -1.377722e+00, -2.760087e+00, 4.238522e-10, 4.466376e-10, 4.270135e+01, -3.410739e-01
3.221000e+09, 1.767405e-01, 9.332280e-01, -1.387842e+00, -2.770751e+00, 4.235720e-10, 4.464574e-10, 4.257737e+01, -3.444832e-01
3.224800e+09, 1.781907e-01, 9.329880e-01, -1.397956e+00, -2.781411e+00, 4.232931e-10, 4.462762e-10, 4.245116e+01, -3.478413e-01
3.228600e+09, 1.796277e-01, 9.327477e-01, -1.408062e+00, -2.792066e+00, 4.230155e-10, 4.460942e-10, 4.232278e+01, -3.511471e-01
3.232400e+09, 1.810514e-01, 9.325072e-01, -1.418162e+00, -2.802717e+00, 4.227391e-10, 4.459114e-10, 4.219229e+01, -3.543995e-01
3.236200e+09, 1.824617e-01, 9.322665e-01, -1.428256e+00, -2.813363e+00, 4.224636e-10, 4.457278e-10, 4.205977e+01, -3.575975e-01
3.240000e+09, 1.838582e-01, 9.320258e-01, -1.438342e+00, -2.824006e+00, 4.221891e-10, 4.455435e-10, 4.192529e+01, -3.607401e-01
3.243800e+09, 1.852410e-01, 9.317852e-01, -1.448423e+00, -2.834644e+00, 4.219153e-10, 4.453586e-10, 4.178892e+01, -3.638263e-01
3.247600e+09, 1.866098e-01, 9.315446e-01, -1.458496e+00, -2.845277e+00, 4.216422e-10, 4.451731e-10, 4.165072e+01, -3.668551e-01
3.251400e+09, 1.879645e-01, 9.313042e-01, -1.468563e+00, -2.855906e+00, 4.213696e-10, 4.449872e-10, 4.151076e+01, -3.698256e-01
3.255200e+09, 1.893049e-01, 9.310641e-01, -1.478624e+00, -2.866531e+00, 4.210975e-10, 4.448008e-10, 4.136911e+01, -3.727370e-01
3.259000e+09, 1.906309e-01, 9.308243e-01, -1.488678e+00, -2.877151e+00, 4.208258e-10, 4.446141e-10, 4.122584e+01, -3.755882e-01
3.262800e+09, 1.919422e-01, 9.305849e-01, -1.498726e+00, -2.887766e+00, 4.205544e-10, 4.444271e-10, 4.108102e+01, -3.783786e-01
3.266600e+09, 1.932389e-01, 9.303460e-01, -1.508767e+00, -2.898378e+00, 4.202832e-10, 4.442399e-10, 4.093472e+01, -3.811071e-01
3.270400e+09, 1.945206e-01, 9.301078e-01, -1.518802e+00, -2.908984e+00, 4.200121e-10, 4.440526e-10, 4.078701e+01, -3.837731e-01
3.274200e+09, 1.957873e-01, 9.298701e-01, -1.528830e+00, -2.919586e+00, 4.197410e-10, 4.438652e-10, 4.063795e+01, -3.863757e-01
3.278000e+09, 1.970388e-01, 9.296332e-01, -1.538852e+00, -2.930184e+00, 4.194699e-10, 4.436777e-10, 4.048761e+01, -3.889142e-01
3.281800e+09, 1.982749e-01, 9.293972e-01, -1.548867e+00, -2.940778e+00, 4.191987e-10, 4.434904e-10, 4.033607e+01, -3.913878e-01
3.285600e+09, 1.994956e-01, 9.291620e-01, -1.558876e+00, -2.951366e+00, 4.189274e-10, 4.433032e-10, 4.018338e+01, -3.937959e-01
3.289400e+09, 2.007006e-01, 9.289278e-01, -1.568878e+00, -2.961951e+00, 4.186558e-10, 4.431162e-10, 4.002961e+01, -3.961377e-01
3.293200e+09, 2.018899e-01, 9.286947e-01, -1.578874e+00, -2.972531e+00, 4.183839e-10, 4.429295e-10, 3.987484e+01, -3.984126e-01
3.297000e+09, 2.030633e-01, 9.284628e-01, -1.588864e+00, -2.983106e+00, 4.181117e-10, 4.427431e-10, 3.971912e+01, -4.006200e-01
3.300800e+09, 2.042206e-01, 9.282320e-01, -1.598847e+00, -2.993677e+00, 4.178391e-10, 4.425572e-10, 3.956252e+01, -4.027592e-01
3.304600e+09, 2.053617e-01, 9.280026e-01, -1.608823e+00, -3.004244e+00, 4.175660e-10, 4.423718e-10, 3.940511e+01, -4.048296e-01
3.308400e+09, 2.064866e-01, 9.277746e-01, -1.618793e+00, -3.014806e+00, 4.172924e-10, 4.421870e-10, 3.924695e+01, -4.068307e-01
3.312200e+09, 2.075949e-01, 9.275481e-01, -1.628756e+00, -3.025363e+00, 4.170182e-10, 4.420028e-10, 3.908810e+01, -4.087619e-01
3.316000e+09, 2.086867e-01, 9.273231e-01, -1.638713e+00, -3.035917e+00, 4.167435e-10, 4.418194e-10, 3.892863e+01, -4.106227e-01
3.319800e+09, 2.097618e-01, 9.270997e-01, -1.648663e+00, -3.046466e+00, 4.164680e-10, 4.416367e-10, 3.876860e+01, -4.124125e-01
3.323600e+09, 2.108200e-01, 9.268781e-01, -1.658607e+00, -3.057010e+00, 4.161919e-10, 4.414550e-10, 3.860807e+01, -4.141310e-01
3.327400e+09, 2.118613e-01, 9.266583e-01, -1.668544e+00, -3.067550e+00, 4.159150e-10, 4.412742e-10, 3.844710e+01, -4.157776e-01
3.331200e+09, 2.128854e-01, 9.264404e-01, -1.678474e+00, -3.078086e+00, 4.156373e-10, 4.410944e-10, 3.828575e+01, -4.173518e-01
3.335000e+09, 2.138924e-01, 9.262244e-01, -1.688398e+00, -3.088618e+00, 4.153588e-10, 4.409158e-10, 3.812408e+01, -4.188533e-01
3.338800e+09, 2.148820e-01, 9.260105e-01, -1.698315e+00, -3.099145e+00, 4.150794e-10, 4.407383e-10, 3.796215e+01, -4.202816e-01
3.342600e+09, 2.158542e-01, 9.257987e-01, -1.708226e+00, -3.109668e+00, 4.147991e-10, 4.405621e-10, 3.780001e+01, -4.216363e-01
3.346400e+09, 2.168087e-01, 9.255891e-01, -1.718129e+00, -3.120187e+00, 4.145178e-10, 4.403872e-10, 3.763773e+01, -4.229171e-01
3.350200e+09, 2.177456e-01, 9.253818e-01, -1.728026e+00, -3.130702e+00, 4.142356e-10, 4.402137e-10, 3.747535e+01, -4.241236e-01
3.354000e+09, 2.186647e-01, 9.251768e-01, -1.737917e+00, -3.141213e+00, 4.139523e-10, 4.400417e-10, 3.731294e+01, -4.252556e-01
3.357800e+09, 2.195659e-01, 9.249743e-01, -1.747800e+00, 3.131466e+00, 4.136679e-10, 4.398713e-10, 3.715055e+01, -4.263125e-01
3.361600e+09, 2.204490e-01, 9.247743e-01, -1.757677e+00, 3.120964e+00, 4.133825e-10, 4.397025e-10, 3.698823e+01, -4.272943e-01
3.365400e+09, 2.213140e-01, 9.245769e-01, -1.767547e+00, 3.110465e+00, 4.130959e-10, 4.395354e-10, 3.682604e+01, -4.282005e-01
3.369200e+09, 2.221607e-01, 9.243822e-01, -1.777410e+00, 3.099971e+00, 4.128081e-10, 4.393701e-10, 3.666402e+01, -4.290310e-01
3.373000e+09, 2.229891e-01, 9.241903e-01, -1.787266e+00, 3.089481e+00, 4.125191e-10, 4.392067e-10, 3.650224e+01, -4.297855e-01
3.376800e+09, 2.237990e-01, 9.240011e-01, -1.797116e+00, 3.078994e+00, 4.122288e-10, 4.390452e-10, 3.634073e+01, -4.304637e-01
3.380600e+09, 2.245904e-01, 9.238149e-01, -1.806958e+00, 3.068511e+00, 4.119373e-10, 4.388857e-10, 3.617955e+01, -4.310655e-01
3.384400e+09, 2.253631e-01, 9.236317e-01, -1.816794e+00, 3.058032e+00, 4.116445e-10, 4.387283e-10, 3.601875e+01, -4.315906e-01
3.388200e+09, 2.261170e-01, 9.234515e-01, -1.826622e+00, 3.047557e+00, 4.113503e-10, 4.385730e-10, 3.585838e+01, -4.320389e-01
3.392000e+09, 2.268521e-01, 9.232744e-01, -1.836444e+00, 3.037086e+00, 4.110547e-10, 4.384200e-10, 3.569848e+01, -4.324102e-01
3.395800e+09, 2.275683e-01, 9.231006e-01, -1.846258e+00, 3.026618e+00, 4.107576e-10, 4.382692e-10, 3.553910e+01, -4.327043e-01
3.399600e+09, 2.282654e-01, 9.229300e-01, -1.856065e+00, 3.016154e+00, 4.104591e-10, 4.381209e-10, 3.538029e+01, -4.329213e-01
3.403400e+09, 2.289433e-01, 9.227628e-01, -1.865865e+00, 3.005693e+00, 4.101591e-10, 4.379750e-10, 3.522209e+01, -4.330608e-01
3.407200e+09, 2.296021e-01, 9.225989e-01, -1.875658e+00, 2.995236e+00, 4.098576e-10, 4.378316e-10, 3.506454e+01, -4.331229e-01
3.411000e+09, 2.302415e-01, 9.224386e-01, -1.885444e+00, 2.984783e+00, 4.095544e-10, 4.376908e-10, 3.490769e+01, -4.331075e-01
3.414800e+09, 2.308616e-01, 9.222818e-01, -1.895223e+00, 2.974332e+00, 4.092497e-10, 4.375526e-10, 3.475159e+01, -4.330145e-01
3.418600e+09, 2.314621e-01, 9.221286e-01, -1.904994e+00, 2.963885e+00, 4.089433e-10, 4.374172e-10, 3.459627e+01, -4.328438e-01
3.422400e+09, 2.320431e-01, 9.219792e-01, -1.914758e+00, 2.953441e+00, 4.086352e-10, 4.372846e-10, 3.444178e+01, -4.325955e-01
3.426200e+09, 2.326045e-01, 9.218334e-01, -1.924515e+00, 2.943001e+00, 4.083253e-10, 4.371548e-10, 3.428815e+01, -4.322695e-01
3.430000e+09, 2.331461e-01, 9.216915e-01, -1.934264e+00, 2.932563e+00, 4.080136e-10, 4.370280e-10, 3.413543e+01, -4.318659e-01
3.433800e+09, 2.336679e-01, 9.215535e-01, -1.944006e+00, 2.922129e+00, 4.077001e-10, 4.369041e-10, 3.398365e+01, -4.313847e-01
3.437600e+09, 2.341699e-01, 9.214195e-01, -1.953740e+00, 2.911697e+00, 4.073848e-10, 4.367834e-10, 3.383286e+01, -4.308258e-01
3.441400e+09, 2.346519e-01, 9.212894e-01, -1.963467e+00, 2.901268e+00, 4.070675e-10, 4.366657e-10, 3.368310e+01, -4.301895e-01
3.445200e+09, 2.351139e-01, 9.211634e-01, -1.973186e+00, 2.890842e+00, 4.067482e-10, 4.365513e-10, 3.353439e+01, -4.294757e-01
3.449000e+09, 2.355558e-01, 9.210415e-01, -1.982897e+00, 2.880419e+00, 4.064269e-10, 4.364401e-10, 3.338679e+01, -4.286845e-01
3.452800e+09, 2.359776e-01, 9.209238e-01, -1.992601e+00, 2.869999e+00, 4.061035e-10, 4.363322e-10, 3.324031e+01, -4.278162e-01
3.456600e+09, 2.363792e-01, 9.208104e-01, -2.002298e+00, 2.859581e+00, 4.057780e-10, 4.362277e-10, 3.309501e+01, -4.268707e-01
3.460400e+09, 2.367604e-01, 9.207013e-01, -2.011986e+00, 2.849166e+00, 4.054503e-10, 4.361266e-10, 3.295091e+01, -4.258483e-01
3.464200e+09, 2.371214e-01, 9.205965e-01, -2.021667e+00, 2.838752e+00, 4.051203e-10, 4.360291e-10, 3.280805e+01, -4.247492e-01
3.468000e+09, 2.374619e-01, 9.204961e-01, -2.031339e+00, 2.828342e+00, 4.047881e-10, 4.359351e-10, 3.266647e+01, -4.235735e-01
3.471800e+09, 2.377820e-01, 9.204002e-01, -2.041004e+00, 2.817933e+00, 4.044535e-10, 4.358447e-10, 3.252619e+01, -4.223215e-01
3.475600e+09, 2.380815e-01, 9.203088e-01, -2.050661e+00, 2.807527e+00, 4.041165e-10, 4.357580e-10, 3.238725e+01, -4.209934e-01
3.479400e+09, 2.383605e-01, 9.202220e-01, -2.060309e+00, 2.797123e+00, 4.037769e-10, 4.356750e-10, 3.224969e+01, -4.195894e-01
3.483200e+09, 2.386188e-01, 9.201397e-01, -2.069950e+00, 2.786721e+00, 4.034349e-10, 4.355958e-10, 3.211353e+01, -4.181098e-01
3.487000e+09, 2.388565e-01, 9.200622e-01, -2.079583e+00, 2.776320e+00, 4.030902e-10, 4.355205e-10, 3.197880e+01, -4.165550e-01
3.490800e+09, 2.390735e-01, 9.199893e-01, -2.089207e+00, 2.765922e+00, 4.027427e-10, 4.354490e-10, 3.184555e+01, -4.149253e-01
3.494600e+09, 2.392697e-01, 9.199211e-01, -2.098823e+00, 2.755525e+00, 4.023926e-10, 4.353815e-10, 3.171379e+01, -4.132209e-01
3.498400e+09, 2.394451e-01, 9.198578e-01, -2.108430e+00, 2.745130e+00, 4.020395e-10, 4.353180e-10, 3.158356e+01, -4.114424e-01
3.502200e+09, 2.395996e-01, 9.197993e-01, -2.118029e+00, 2.734736e+00, 4.016835e-10, 4.352585e-10, 3.145488e+01, -4.095900e-01
3.506000e+09, 2.397332e-01, 9.197456e-01, -2.127620e+00, 2.724344e+00, 4.013246e-10, 4.352031e-10, 3.132779e+01, -4.076642e-01
3.509800e+09, 2.398459e-01, 9.196969e-01, -2.137202e+00, 2.713953e+00, 4.009625e-10, 4.351518e-10, 3.120232e+01, -4.056654e-01
3.513600e+09, 2.399376e-01, 9.196531e-01, -2.146776e+00, 2.703563e+00, 4.005972e-10, 4.351048e-10, 3.107849e+01, -4.035942e-01
3.517400e+09, 2.400083e-01, 9.196143e-01, -2.156340e+00, 2.693175e+00, 4.002286e-10, 4.350619e-10, 3.095633e+01, -4.014510e-01
3.521200e+09, 2.400580e-01, 9.195805e-01, -2.165896e+00, 2.682787e+00, 3.998566e-10, 4.350233e-10, 3.083586e+01, -3.992362e-01
3.525000e+09, 2.400865e-01, 9.195517e-01, -2.175443e+00, 2.672400e+00, 3.994811e-10, 4.349890e-10, 3.071713e+01, -3.969506e-01
3.528800e+09, 2.400940e-01, 9.195280e-01, -2.184981e+00, 2.662014e+00, 3.991021e-10, 4.349591e-10, 3.060014e+01, -3.945946e-01
3.532600e+09, 2.400803e-01, 9.195094e-01, -2.194510e+00, 2.651629e+00, 3.987193e-10, 4.349335e-10, 3.048494e+01, -3.921688e-01
3.536400e+09, 2.400455e-01, 9.194959e-01, -2.204030e+00, 2.641245e+00, 3.983328e-10, 4.349123e-10, 3.037154e+01, -3.896740e-01
3.540200e+09, 2.399895e-01, 9.194876e-01, -2.213541e+00, 2.630861e+00, 3.979423e-10, 4.348957e-10, 3.025997e+01, -3.871107e-01
3.544000e+09, 2.399123e-01, 9.194844e-01, -2.223042e+00, 2.620477e+00, 3.975477e-10, 4.348835e-10, 3.015025e+01, -3.844796e-01
3.547800e+09, 2.398138e-01, 9.194865e-01, -2.232534e+00, 2.610094e+00, 3.971490e-10, 4.348758e-10, 3.004241e+01, -3.817815e-01
3.551600e+09, 2.396941e-01, 9.194938e-01, -2.242016e+00, 2.599711e+00, 3.967459e-10, 4.348726e-10, 2.993647e+01, -3.790171e-01
3.555400e+09, 2.395531e-01, 9.195063e-01, -2.251489e+00, 2.589328e+00, 3.963384e-10, 4.348741e-10, 2.983247e+01, -3.761872e-01
3.559200e+09, 2.393908e-01, 9.195240e-01, -2.260952e+00, 2.578945e+00, 3.959263e-10, 4.348802e-10, 2.973041e+01, -3.732926e-01
3.563000e+09, 2.392073e-01, 9.195470e-01, -2.270405e+00, 2.568561e+00, 3.955095e-10, 4.348909e-10, 2.963033e+01, -3.703342e-01
3.566800e+09, 2.390024e-01, 9.195753e-01, -2.279848e+00, 2.558178e+00, 3.950878e-10, 4.349062e-10, 2.953224e+01, -3.673128e-01
3.570600e+09, 2.387762e-01, 9.196089e-01, -2.289282e+00, 2.547794e+00, 3.946610e-10, 4.349263e-10, 2.943618e+01, -3.642294e-01
3.574400e+09, 2.385286e-01, 9.196477e-01, -2.298705e+00, 2.537410e+00, 3.942290e-10, 4.349510e-10, 2.934215e+01, -3.610848e-01
3.578200e+09, 2.382598e-01, 9.196919e-01, -2.308117e+00, 2.527025e+00, 3.937916e-10, 4.349805e-10, 2.925019e+01, -3.578801e-01
3.582000e+09, 2.379696e-01, 9.197414e-01, -2.317519e+00, 2.516639e+00, 3.933487e-10, 4.350147e-10, 2.916031e+01, -3.546163e-01
3.585800e+09, 2.376580e-01, 9.197962e-01, -2.326911e+00, 2.506253e+00, 3.929000e-10, 4.350537e-10, 2.907254e+01, -3.512944e-01
3.589600e+09, 2.373251e-01, 9.198563e-01, -2.336292e+00, 2.495865e+00, 3.924453e-10, 4.350974e-10, 2.898689e+01, -3.479154e-01
3.593400e+09, 2.369709e-01, 9.199217e-01, -2.345662e+00, 2.485477e+00, 3.919845e-10, 4.351459e-10, 2.890339e+01, -3.444806e-01
3.597200e+09, 2.365953e-01, 9.199924e-01, -2.355021e+00, 2.475087e+00, 3.915174e-10, 4.351993e-10, 2.882205e+01, -3.409911e-01
3.601000e+09, 2.361984e-01, 9.200685e-01, -2.364369e+00, 2.464696e+00, 3.910437e-10, 4.352574e-10, 2.874290e+01, -3.374480e-01
3.604800e+09, 2.357801e-01, 9.201498e-01, -2.373706e+00, 2.454304e+00, 3.905632e-10, 4.353204e-10, 2.866596e+01, -3.338525e-01
3.608600e+09, 2.353406e-01, 9.202364e-01, -2.383031e+00, 2.443910e+00, 3.900756e-10, 4.353882e-10, 2.859123e+01, -3.302059e-01
3.612400e+09, 2.348797e-01, 9.203283e-01, -2.392344e+00, 2.433515e+00, 3.895808e-10, 4.354608e-10, 2.851875e+01, -3.265095e-01
3.616200e+09, 2.343975e-01, 9.204255e-01, -2.401646e+00, 2.423118e+00, 3.890785e-10, 4.355382e-10, 2.844852e+01, -3.227645e-01
3.620000e+09, 2.338940e-01, 9.205279e-01, -2.410936e+00, 2.412719e+00, 3.885683e-10, 4.356205e-10, 2.838057e+01, -3.189724e-01
3.623800e+09, 2.333693e-01, 9.206356e-01, -2.420213e+00, 2.402318e+00, 3.880501e-10, 4.357076e-10, 2.831491e+01, -3.151346e-01
3.627600e+09, 2.328233e-01, 9.207485e-01, -2.429478e+00, 2.391915e+00, 3.875236e-10, 4.357995e-10, 2.825156e+01, -3.112524e-01
3.631400e+09, 2.322560e-01, 9.208666e-01, -2.438731e+00, 2.381510e+00, 3.869884e-10, 4.358963e-10, 2.819054e+01, -3.073272e-01
3.635200e+09, 2.316676e-01, 9.209898e-01, -2.447971e+00, 2.371102e+00, 3.864442e-10, 4.359979e-10, 2.813186e+01, -3.033607e-01
3.639000e+09, 2.310579e-01, 9.211182e-01, -2.457197e+00, 2.360692e+00, 3.858908e-10, 4.361043e-10, 2.807553e+01, -2.993542e-01
3.642800e+09, 2.304271e-01, 9.212518e-01, -2.466411e+00, 2.350280e+00, 3.853278e-10, 4.362154e-10, 2.802157e+01, -2.953094e-01
3.646600e+09, 2.297751e-01, 9.213904e-01, -2.475611e+00, 2.339865e+00, 3.847548e-10, 4.363314e-10, 2.797000e+01, -2.912277e-01
3.650400e+09, 2.291021e-01, 9.215341e-01, -2.484797e+00, 2.329447e+00, 3.841715e-10, 4.364522e-10, 2.792082e+01, -2.871110e-01
3.654200e+09, 2.284079e-01, 9.216829e-01, -2.493970e+00, 2.319026e+00, 3.835775e-10, 4.365777e-10, 2.787406e+01, -2.829606e-01
3.658000e+09, 2.276927e-01, 9.218366e-01, -2.503128e+00, 2.308602e+00, 3.829724e-10, 4.367080e-10, 2.782972e+01, -2.787785e-01
3.661800e+09, 2.269564e-01, 9.219953e-01, -2.512272e+00, 2.298175e+00, 3.823558e-10, 4.368429e-10, 2.778781e+01, -2.745661e-01
3.665600e+09, 2.261992e-01, 9.221589e-01, -2.521401e+00, 2.287745e+00, 3.817272e-10, 4.369826e-10, 2.774836e+01, -2.703253e-01
3.669400e+09, 2.254211e-01, 9.223274e-01, -2.530516e+00, 2.277312e+00, 3.810863e-10, 4.371270e-10, 2.771136e+01, -2.660578e-01
3.673200e+09, 2.246220e-01, 9.225008e-01, -2.539614e+00, 2.266875e+00, 3.804326e-10, 4.372760e-10, 2.767683e+01, -2.617654e-01
3.677000e+09, 2.238020e-01, 9.226789e-01, -2.548698e+00, 2.256434e+00, 3.797655e-10, 4.374297e-10, 2.764478e+01, -2.574499e-01
3.680800e+09, 2.229613e-01, 9.228618e-01, -2.557765e+00, 2.245990e+00, 3.790846e-10, 4.375879e-10, 2.761523e+01, -2.531131e-01
3.684600e+09, 2.220997e-01, 9.230494e-01, -2.566816e+00, 2.235542e+00, 3.783893e-10, 4.377508e-10, 2.758817e+01, -2.487568e-01
3.688400e+09, 2.212174e-01, 9.232417e-01, -2.575850e+00, 2.225091e+00, 3.776791e-10, 4.379181e-10, 2.756361e+01, -2.443830e-01
3.692200e+09, 2.203145e-01, 9.234385e-01, -2.584868e+00, 2.214635e+00, 3.769534e-10, 4.380900e-10, 2.754157e+01, -2.399935e-01
3.696000e+09, 2.193909e-01, 9.236399e-01, -2.593868e+00, 2.204175e+00, 3.762116e-10, 4.382664e-10, 2.752206e+01, -2.355903e-01
3.699800e+09, 2.184467e-01, 9.238457e-01, -2.602851e+00, 2.193711e+00, 3.754531e-10, 4.384471e-10, 2.750507e+01, -2.311752e-01
3.703600e+09, 2.174820e-01, 9.240560e-01, -2.611815e+00, 2.183243e+00, 3.746772e-10, 4.386323e-10, 2.749061e+01, -2.267502e-01
3.707400e+09, 2.164968e-01, 9.242707e-01, -2.620761e+00, 2.172770e+00, 3.738833e-10, 4.388218e-10, 2.747870e+01, -2.223172e-01
3.711200e+09, 2.154913e-01, 9.244896e-01, -2.629688e+00, 2.162292e+00, 3.730706e-10, 4.390156e-10, 2.746933e+01, -2.178783e-01
3.715000e+09, 2.144653e-01, 9.247128e-01, -2.638595e+00, 2.151810e+00, 3.722383e-10, 4.392137e-10, 2.746251e+01, -2.134354e-01
3.718800e+09, 2.134191e-01, 9.249401e-01, -2.647483e+00, 2.141324e+00, 3.713857e-10, 4.394159e-10, 2.745825e+01, -2.089905e-01
3.722600e+09, 2.123526e-01, 9.251715e-01, -2.656350e+00, 2.130832e+00, 3.705120e-10, 4.396224e-10, 2.745654e+01, -2.045456e-01
3.726400e+09, 2.112660e-01, 9.254070e-01, -2.665196e+00, 2.120336e+00, 3.696163e-10, 4.398329e-10, 2.745738e+01, -2.001028e-01
3.730200e+09, 2.101593e-01, 9.256464e-01, -2.674021e+00, 2.109834e+00, 3.686977e-10, 4.400475e-10, 2.746079e+01, -1.956639e-01
3.734000e+09, 2.090326e-01, 9.258897e-01, -2.682824e+00, 2.099328e+00, 3.677552e-10, 4.402661e-10, 2.746676e+01, -1.912311e-01
3.737800e+09, 2.078859e-01, 9.261368e-01, -2.691605e+00, 2.088816e+00, 3.667879e-10, 4.404887e-10, 2.747529e+01, -1.868064e-01
3.741600e+09, 2.067194e-01, 9.263876e-01, -2.700362e+00, 2.078299e+00, 3.657947e-10, 4.407151e-10, 2.748638e+01, -1.823918e-01
3.745400e+09, 2.055331e-01, 9.266420e-01, -2.709096e+00, 2.067776e+00, 3.647745e-10, 4.409453e-10, 2.750004e+01, -1.779894e-01
3.749200e+09, 2.043270e-01, 9.269000e-01, -2.717806e+00, 2.057248e+00, 3.637262e-10, 4.411793e-10, 2.751625e+01, -1.736010e-01
3.753000e+09, 2.031013e-01, 9.271614e-01, -2.726490e+00, 2.046714e+00, 3.626486e-10, 4.414170e-10, 2.753502e+01, -1.692289e-01
3.756800e+09, 2.018560e-01, 9.274263e-01, -2.735149e+00, 2.036175e+00, 3.615403e-10, 4.416584e-10, 2.755634e+01, -1.648749e-01
3.760600e+09, 2.005913e-01, 9.276944e-01, -2.743781e+00, 2.025630e+00, 3.604002e-10, 4.419033e-10, 2.758021e+01, -1.605411e-01
3.764400e+09, 1.993072e-01, 9.279657e-01, -2.752386e+00, 2.015079e+00, 3.592267e-10, 4.421517e-10, 2.760663e+01, -1.562295e-01
3.768200e+09, 1.980038e-01, 9.282401e-01, -2.760963e+00, 2.004522e+00, 3.580185e-10, 4.424035e-10, 2.763559e+01, -1.519420e-01
3.772000e+09, 1.966812e-01, 9.285175e-01, -2.769511e+00, 1.993959e+00, 3.567739e-10, 4.426586e-10, 2.766708e+01, -1.476807e-01
3.775800e+09, 1.953395e-01, 9.287979e-01, -2.778029e+00, 1.983390e+00, 3.554914e-10, 4.429170e-10, 2.770111e+01, -1.434476e-01
3.779600e+09, 1.939787e-01, 9.290810e-01, -2.786517e+00, 1.972815e+00, 3.541691e-10, 4.431787e-10, 2.773765e+01, -1.392444e-01
3.783400e+09, 1.925991e-01, 9.293669e-01, -2.794973e+00, 1.962234e+00, 3.528054e-10, 4.434434e-10, 2.777671e+01, -1.350733e-01
3.787200e+09, 1.912006e-01, 9.296554e-01, -2.803397e+00, 1.951646e+00, 3.513983e-10, 4.437111e-10, 2.781828e+01, -1.309361e-01
3.791000e+09, 1.897834e-01, 9.299464e-01, -2.811787e+00, 1.941052e+00, 3.499458e-10, 4.439819e-10, 2.786234e+01, -1.268347e-01
3.794800e+09, 1.883477e-01, 9.302398e-01, -2.820142e+00, 1.930451e+00, 3.484457e-10, 4.442555e-10, 2.790889e+01, -1.227710e-01
3.798600e+09, 1.868934e-01, 9.305355e-01, -2.828462e+00, 1.919844e+00, 3.468959e-10, 4.445318e-10, 2.795792e+01, -1.187469e-01
3.802400e+09, 1.854207e-01, 9.308333e-01, -2.836744e+00, 1.909231e+00, 3.452939e-10, 4.448109e-10, 2.800941e+01, -1.147642e-01
3.806200e+09, 1.839298e-01, 9.311333e-01, -2.844988e+00, 1.898610e+00, 3.436372e-10, 4.450926e-10, 2.806336e+01, -1.108246e-01
3.810000e+09, 1.824207e-01, 9.314352e-01, -2.853193e+00, 1.887983e+00, 3.419232e-10, 4.453768e-10, 2.811975e+01, -1.069301e-01
3.813800e+09, 1.808935e-01, 9.317390e-01, -2.861357e+00, 1.877349e+00, 3.401490e-10, 4.456634e-10, 2.817856e+01, -1.030823e-01
3.817600e+09, 1.793485e-01, 9.320445e-01, -2.869478e+00, 1.866709e+00, 3.383118e-10, 4.459524e-10, 2.823979e+01, -9.928300e-02
3.821400e+09, 1.777856e-01, 9.323516e-01, -2.877556e+00, 1.856061e+00, 3.364082e-10, 4.462437e-10, 2.830342e+01, -9.553393e-02
3.825200e+09, 1.762051e-01, 9.326602e-01, -2.885588e+00, 1.845406e+00, 3.344350e-10, 4.465370e-10, 2.836943e+01, -9.183675e-02
3.829000e+09, 1.746070e-01, 9.329702e-01, -2.893573e+00, 1.834745e+00, 3.323886e-10, 4.468325e-10, 2.843780e+01, -8.819311e-02
3.832800e+09, 1.729915e-01, 9.332815e-01, -2.901509e+00, 1.824076e+00, 3.302652e-10, 4.471298e-10, 2.850853e+01, -8.460464e-02
3.836600e+09, 1.713588e-01, 9.335939e-01, -2.909395e+00, 1.813401e+00, 3.280608e-10, 4.474291e-10, 2.858159e+01, -8.107294e-02
3.840400e+09, 1.697089e-01, 9.339073e-01, -2.917227e+00, 1.802718e+00, 3.257710e-10, 4.477301e-10, 2.865697e+01, -7.759957e-02
3.844200e+09, 1.680421e-01, 9.342216e-01, -2.925006e+00, 1.792028e+00, 3.233915e-10, 4.480328e-10, 2.873464e+01, -7.418605e-02
3.848000e+09, 1.663584e-01, 9.345367e-01, -2.932727e+00, 1.781330e+00, 3.209172e-10, 4.483370e-10, 2.881459e+01, -7.083389e-02
3.851800e+09, 1.646580e-01, 9.348524e-01, -2.940389e+00, 1.770626e+00, 3.183430e-10, 4.486427e-10, 2.889679e+01, -6.754455e-02
3.855600e+09, 1.629411e-01, 9.351686e-01, -2.947990e+00, 1.759914e+00, 3.156635e-10, 4.489497e-10, 2.898123e+01, -6.431946e-02
3.859400e+09, 1.612078e-01, 9.354852e-01, -2.955527e+00, 1.749195e+00, 3.128726e-10, 4.492579e-10, 2.906788e+01, -6.116003e-02
3.863200e+09, 1.594583e-01, 9.358020e-01, -2.962997e+00, 1.738468e+00, 3.099640e-10, 4.495673e-10, 2.915671e+01, -5.806761e-02
3.867000e+09, 1.576927e-01, 9.361190e-01, -2.970398e+00, 1.727734e+00, 3.069311e-10, 4.498777e-10, 2.924772e+01, -5.504355e-02
3.870800e+09, 1.559112e-01, 9.364359e-01, -2.977726e+00, 1.716993e+00, 3.037666e-10, 4.501891e-10, 2.934087e+01, -5.208912e-02
3.874600e+09, 1.541141e-01, 9.367527e-01, -2.984979e+00, 1.706244e+00, 3.004627e-10, 4.505012e-10, 2.943613e+01, -4.920560e-02
3.878400e+09, 1.523014e-01, 9.370691e-01, -2.992153e+00, 1.695488e+00, 2.970112e-10, 4.508141e-10, 2.953349e+01, -4.639421e-02
3.882200e+09, 1.504733e-01, 9.373852e-01, -2.999244e+00, 1.684724e+00, 2.934031e-10, 4.511275e-10, 2.963291e+01, -4.365614e-02
3.886000e+09, 1.486301e-01, 9.377007e-01, -3.006249e+00, 1.673953e+00, 2.896288e-10, 4.514414e-10, 2.973438e+01, -4.099254e-02
3.889800e+09, 1.467720e-01, 9.380155e-01, -3.013165e+00, 1.663175e+00, 2.856780e-10, 4.517557e-10, 2.983785e+01, -3.840454e-02
3.893600e+09, 1.448990e-01, 9.383294e-01, -3.019986e+00, 1.652388e+00, 2.815396e-10, 4.520703e-10, 2.994330e+01, -3.589322e-02
3.897400e+09, 1.430115e-01, 9.386424e-01, -3.026708e+00, 1.641595e+00, 2.772017e-10, 4.523849e-10, 3.005071e+01, -3.345964e-02
3.901200e+09, 1.411097e-01, 9.389543e-01, -3.033326e+00, 1.630793e+00, 2.726513e-10, 4.526996e-10, 3.016004e+01, -3.110480e-02
3.905000e+09, 1.391937e-01, 9.392649e-01, -3.039836e+00, 1.619985e+00, 2.678744e-10, 4.530142e-10, 3.027126e+01, -2.882968e-02
3.908800e+09, 1.372639e-01, 9.395741e-01, -3.046232e+00, 1.609169e+00, 2.628561e-10, 4.533286e-10, 3.038434e+01, -2.663523e-02
3.912600e+09, 1.353204e-01, 9.398817e-01, -3.052508e+00, 1.598345e+00, 2.575798e-10, 4.536426e-10, 3.049925e+01, -2.452236e-02
3.916400e+09, 1.333634e-01, 9.401877e-01, -3.058658e+00, 1.587514e+00, 2.520281e-10, 4.539563e-10, 3.061595e+01, -2.249194e-02
3.920200e+09, 1.313933e-01, 9.404919e-01, -3.064675e+00, 1.576675e+00, 2.461816e-10, 4.542693e-10, 3.073441e+01, -2.054482e-02
3.924000e+09, 1.294103e-01, 9.407940e-01, -3.070553e+00, 1.565829e+00, 2.400195e-10, 4.545817e-10, 3.085460e+01, -1.868179e-02
3.927800e+09, 1.274146e-01, 9.410941e-01, -3.076284e+00, 1.554975e+00, 2.335191e-10, 4.548932e-10, 3.097647e+01, -1.690364e-02
3.931600e+09, 1.254066e-01, 9.413919e-01, -3.081859e+00, 1.544114e+00, 2.266556e-10, 4.552039e-10, 3.110000e+01, -1.521109e-02
3.935400e+09, 1.233866e-01, 9.416873e-01, -3.087271e+00, 1.533246e+00, 2.194023e-10, 4.555135e-10, 3.122514e+01, -1.360485e-02
3.939200e+09, 1.213547e-01, 9.419802e-01, -3.092509e+00, 1.522370e+00, 2.117295e-10, 4.558219e-10, 3.135185e+01, -1.208560e-02
3.943000e+09, 1.193115e-01, 9.422704e-01, -3.097565e+00, 1.511486e+00, 2.036053e-10, 4.561291e-10, 3.148011e+01, -1.065396e-02
3.946800e+09, 1.172571e-01, 9.425577e-01, -3.102426e+00, 1.500596e+00, 1.949943e-10, 4.564349e-10, 3.160986e+01, -9.310545e-03
3.950600e+09, 1.151920e-01, 9.428421e-01, -3.107082e+00, 1.489698e+00, 1.858581e-10, 4.567391e-10, 3.174106e+01, -8.055923e-03
3.954400e+09, 1.131165e-01, 9.431233e-01, -3.111519e+00, 1.478793e+00, 1.761541e-10, 4.570417e-10, 3.187367e+01, -6.890634e-03
3.958200e+09, 1.110310e-01, 9.434013e-01, -3.115725e+00, 1.467880e+00, 1.658359e-10, 4.573425e-10, 3.200766e+01, -5.815182e-03
3.962000e+09, 1.089359e-01, 9.436758e-01, -3.119685e+00, 1.456961e+00, 1.548522e-10, 4.576415e-10, 3.214297e+01, -4.830042e-03
3.965800e+09, 1.068317e-01, 9.439468e-01, -3.123382e+00, 1.446034e+00, 1.431464e-10, 4.579384e-10, 3.227956e+01, -3.935656e-03
3.969600e+09, 1.047187e-01, 9.442141e-01, -3.126800e+00, 1.435100e+00, 1.306561e-10, 4.582332e-10, 3.241739e+01, -3.132434e-03
3.973400e+09, 1.025976e-01, 9.444776e-01, -3.129919e+00, 1.424160e+00, 1.173122e-10, 4.585258e-10, 3.255640e+01, -2.420755e-03
3.977200e+09, 1.004688e-01, 9.447370e-01, -3.132720e+00, 1.413212e+00, 1.030384e-10, 4.588159e-10, 3.269656e+01, -1.800966e-03
3.981000e+09, 9.833282e-02, 9.449924e-01, -3.135180e+00, 1.402257e+00, 8.774983e-11, 4.591036e-10, 3.283780e+01, -1.273385e-03
3.984800e+09, 9.619030e-02, 9.452434e-01, -3.137275e+00, 1.391295e+00, 7.135221e-11, 4.593887e-10, 3.298009e+01, -8.382974e-04
3.988600e+09, 9.404186e-02, 9.454901e-01, -3.138979e+00, 1.380327e+00, 5.374075e-11, 4.596710e-10, 3.312337e+01, -4.959571e-04
3.992400e+09, 9.188818e-02, 9.457322e-01, -3.140262e+00, 1.369352e+00, 3.479868e-11, 4.599504e-10, 3.326758e+01, -2.465888e-04
3.996200e+09, 8.973000e-02, 9.459696e-01, -3.141093e+00, 1.358370e+00, 1.439567e-11, 4.602268e-10, 3.341268e+01, -9.038623e-05
4.000000e+09, 8.756811e-02, 9.462021e-01, -3.141437e+00, 1.347382e+00, 1.439567e-11, 4.602268e-10, 3.355861e+01, -2.751278e-05
