Frequency [Hz], |S00| [-], |S10| [-], Arg(S00) [-], Arg(S10) [-], Delay 0>0 [s], Delay 0>1 [s], |Z0| [Ohm] , Arg(Z0) [-]
2.000000e+08, 4.544639e-02, 9.569002e-01, 2.263500e+00, -5.097047e-01, 7.124082e-10, 4.075310e-10, 3.774633e+01, 6.997432e-02
2.038000e+08, 4.527370e-02, 9.568570e-01, 2.246491e+00, -5.194350e-01, 7.183626e-10, 4.073287e-10, 3.779977e+01, 7.067886e-02
2.076000e+08, 4.510038e-02, 9.568155e-01, 2.229339e+00, -5.291604e-01, 7.243241e-10, 4.071347e-10, 3.785397e+01, 7.136242e-02
2.114000e+08, 4.492653e-02, 9.567757e-01, 2.212045e+00, -5.388812e-01, 7.302960e-10, 4.069487e-10, 3.790892e+01, 7.202451e-02
2.152000e+08, 4.475227e-02, 9.567378e-01, 2.194608e+00, -5.485975e-01, 7.362805e-10, 4.067706e-10, 3.796459e+01, 7.266466e-02
2.190000e+08, 4.457774e-02, 9.567016e-01, 2.177029e+00, -5.583096e-01, 7.422799e-10, 4.066002e-10, 3.802098e+01, 7.328243e-02
2.228000e+08, 4.440305e-02, 9.566674e-01, 2.159306e+00, -5.680177e-01, 7.482955e-10, 4.064373e-10, 3.807807e+01, 7.387737e-02
2.266000e+08, 4.422834e-02, 9.566352e-01, 2.141440e+00, -5.777218e-01, 7.543284e-10, 4.062817e-10, 3.813584e+01, 7.444908e-02
2.304000e+08, 4.405373e-02, 9.566050e-01, 2.123429e+00, -5.874222e-01, 7.603792e-10, 4.061333e-10, 3.819429e+01, 7.499715e-02
2.342000e+08, 4.387937e-02, 9.565768e-01, 2.105275e+00, -5.971191e-01, 7.664481e-10, 4.059919e-10, 3.825339e+01, 7.552120e-02
2.380000e+08, 4.370537e-02, 9.565507e-01, 2.086975e+00, -6.068126e-01, 7.725348e-10, 4.058574e-10, 3.831313e+01, 7.602085e-02
2.418000e+08, 4.353189e-02, 9.565268e-01, 2.068530e+00, -6.165029e-01, 7.786388e-10, 4.057296e-10, 3.837349e+01, 7.649575e-02
2.456000e+08, 4.335905e-02, 9.565050e-01, 2.049939e+00, -6.261902e-01, 7.847590e-10, 4.056085e-10, 3.843447e+01, 7.694556e-02
2.494000e+08, 4.318700e-02, 9.564854e-01, 2.031202e+00, -6.358745e-01, 7.908940e-10, 4.054939e-10, 3.849603e+01, 7.736992e-02
2.532000e+08, 4.301587e-02, 9.564680e-01, 2.012318e+00, -6.455561e-01, 7.970421e-10, 4.053857e-10, 3.855817e+01, 7.776854e-02
2.570000e+08, 4.284582e-02, 9.564528e-01, 1.993288e+00, -6.552352e-01, 8.032012e-10, 4.052839e-10, 3.862088e+01, 7.814109e-02
2.608000e+08, 4.267698e-02, 9.564399e-01, 1.974111e+00, -6.649118e-01, 8.093688e-10, 4.051882e-10, 3.868412e+01, 7.848729e-02
2.646000e+08, 4.250950e-02, 9.564292e-01, 1.954786e+00, -6.745861e-01, 8.155422e-10, 4.050986e-10, 3.874788e+01, 7.880684e-02
2.684000e+08, 4.234352e-02, 9.564208e-01, 1.935314e+00, -6.842582e-01, 8.217182e-10, 4.050149e-10, 3.881216e+01, 7.909948e-02
2.722000e+08, 4.217920e-02, 9.564147e-01, 1.915695e+00, -6.939284e-01, 8.278934e-10, 4.049371e-10, 3.887692e+01, 7.936495e-02
2.760000e+08, 4.201667e-02, 9.564108e-01, 1.895928e+00, -7.035967e-01, 8.340640e-10, 4.048650e-10, 3.894215e+01, 7.960299e-02
2.798000e+08, 4.185609e-02, 9.564092e-01, 1.876014e+00, -7.132633e-01, 8.402259e-10, 4.047986e-10, 3.900784e+01, 7.981336e-02
2.836000e+08, 4.169760e-02, 9.564098e-01, 1.855952e+00, -7.229284e-01, 8.463746e-10, 4.047377e-10, 3.907396e+01, 7.999583e-02
2.874000e+08, 4.154137e-02, 9.564126e-01, 1.835744e+00, -7.325919e-01, 8.525055e-10, 4.046822e-10, 3.914049e+01, 8.015020e-02
2.912000e+08, 4.138753e-02, 9.564177e-01, 1.815390e+00, -7.422541e-01, 8.586136e-10, 4.046320e-10, 3.920742e+01, 8.027624e-02
2.950000e+08, 4.123623e-02, 9.564250e-01, 1.794889e+00, -7.519152e-01, 8.646935e-10, 4.045870e-10, 3.927473e+01, 8.037377e-02
2.988000e+08, 4.108763e-02, 9.564344e-01, 1.774244e+00, -7.615751e-01, 8.707396e-10, 4.045470e-10, 3.934239e+01, 8.044259e-02
3.026000e+08, 4.094188e-02, 9.564461e-01, 1.753454e+00, -7.712342e-01, 8.767461e-10, 4.045120e-10, 3.941039e+01, 8.048254e-02
3.064000e+08, 4.079912e-02, 9.564598e-01, 1.732521e+00, -7.808923e-01, 8.827069e-10, 4.044818e-10, 3.947871e+01, 8.049345e-02
3.102000e+08, 4.065951e-02, 9.564756e-01, 1.711445e+00, -7.905498e-01, 8.886155e-10, 4.044562e-10, 3.954732e+01, 8.047516e-02
3.140000e+08, 4.052319e-02, 9.564935e-01, 1.690228e+00, -8.002066e-01, 8.944654e-10, 4.044353e-10, 3.961621e+01, 8.042753e-02
3.178000e+08, 4.039031e-02, 9.565134e-01, 1.668872e+00, -8.098630e-01, 9.002497e-10, 4.044187e-10, 3.968536e+01, 8.035042e-02
3.216000e+08, 4.026103e-02, 9.565353e-01, 1.647378e+00, -8.195189e-01, 9.059615e-10, 4.044065e-10, 3.975473e+01, 8.024372e-02
3.254000e+08, 4.013547e-02, 9.565591e-01, 1.625747e+00, -8.291745e-01, 9.115934e-10, 4.043984e-10, 3.982432e+01, 8.010731e-02
3.292000e+08, 4.001380e-02, 9.565848e-01, 1.603981e+00, -8.388300e-01, 9.171380e-10, 4.043944e-10, 3.989410e+01, 7.994109e-02
3.330000e+08, 3.989616e-02, 9.566124e-01, 1.582084e+00, -8.484854e-01, 9.225880e-10, 4.043943e-10, 3.996405e+01, 7.974496e-02
3.368000e+08, 3.978268e-02, 9.566417e-01, 1.560056e+00, -8.581407e-01, 9.279355e-10, 4.043979e-10, 4.003414e+01, 7.951885e-02
3.406000e+08, 3.967350e-02, 9.566728e-01, 1.537900e+00, -8.677962e-01, 9.331729e-10, 4.044052e-10, 4.010436e+01, 7.926269e-02
3.444000e+08, 3.956877e-02, 9.567055e-01, 1.515620e+00, -8.774518e-01, 9.382924e-10, 4.044159e-10, 4.017468e+01, 7.897640e-02
3.482000e+08, 3.946861e-02, 9.567399e-01, 1.493217e+00, -8.871077e-01, 9.432861e-10, 4.044301e-10, 4.024508e+01, 7.865995e-02
3.520000e+08, 3.937317e-02, 9.567759e-01, 1.470695e+00, -8.967639e-01, 9.481461e-10, 4.044474e-10, 4.031553e+01, 7.831330e-02
3.558000e+08, 3.928256e-02, 9.568133e-01, 1.448057e+00, -9.064205e-01, 9.528645e-10, 4.044678e-10, 4.038602e+01, 7.793641e-02
3.596000e+08, 3.919693e-02, 9.568522e-01, 1.425306e+00, -9.160776e-01, 9.574337e-10, 4.044911e-10, 4.045652e+01, 7.752927e-02
3.634000e+08, 3.911638e-02, 9.568925e-01, 1.402447e+00, -9.257353e-01, 9.618458e-10, 4.045172e-10, 4.052700e+01, 7.709187e-02
3.672000e+08, 3.904105e-02, 9.569341e-01, 1.379482e+00, -9.353936e-01, 9.660933e-10, 4.045460e-10, 4.059745e+01, 7.662421e-02
3.710000e+08, 3.897105e-02, 9.569770e-01, 1.356415e+00, -9.450526e-01, 9.701687e-10, 4.045772e-10, 4.066783e+01, 7.612630e-02
3.748000e+08, 3.890649e-02, 9.570210e-01, 1.333251e+00, -9.547123e-01, 9.740648e-10, 4.046108e-10, 4.073813e+01, 7.559818e-02
3.786000e+08, 3.884747e-02, 9.570662e-01, 1.309994e+00, -9.643728e-01, 9.777745e-10, 4.046466e-10, 4.080832e+01, 7.503987e-02
3.824000e+08, 3.879412e-02, 9.571124e-01, 1.286649e+00, -9.740342e-01, 9.812911e-10, 4.046845e-10, 4.087838e+01, 7.445142e-02
3.862000e+08, 3.874652e-02, 9.571595e-01, 1.263219e+00, -9.836965e-01, 9.846081e-10, 4.047244e-10, 4.094827e+01, 7.383289e-02
3.900000e+08, 3.870478e-02, 9.572076e-01, 1.239711e+00, -9.933598e-01, 9.877192e-10, 4.047660e-10, 4.101798e+01, 7.318434e-02
3.938000e+08, 3.866898e-02, 9.572566e-01, 1.216128e+00, -1.003024e+00, 9.906188e-10, 4.048093e-10, 4.108749e+01, 7.250585e-02
3.976000e+08, 3.863920e-02, 9.573063e-01, 1.192476e+00, -1.012689e+00, 9.933013e-10, 4.048541e-10, 4.115676e+01, 7.179752e-02
4.014000e+08, 3.861554e-02, 9.573566e-01, 1.168760e+00, -1.022356e+00, 9.957618e-10, 4.049003e-10, 4.122577e+01, 7.105943e-02
4.052000e+08, 3.859807e-02, 9.574077e-01, 1.144985e+00, -1.032023e+00, 9.979957e-10, 4.049477e-10, 4.129450e+01, 7.029171e-02
4.090000e+08, 3.858685e-02, 9.574592e-01, 1.121156e+00, -1.041692e+00, 9.999989e-10, 4.049962e-10, 4.136293e+01, 6.949446e-02
4.128000e+08, 3.858195e-02, 9.575113e-01, 1.097280e+00, -1.051361e+00, 1.001768e-09, 4.050458e-10, 4.143102e+01, 6.866783e-02
4.166000e+08, 3.858343e-02, 9.575637e-01, 1.073362e+00, -1.061032e+00, 1.003299e-09, 4.050961e-10, 4.149875e+01, 6.781196e-02
4.204000e+08, 3.859135e-02, 9.576165e-01, 1.049407e+00, -1.070704e+00, 1.004591e-09, 4.051472e-10, 4.156609e+01, 6.692700e-02
4.242000e+08, 3.860574e-02, 9.576696e-01, 1.025421e+00, -1.080378e+00, 1.005641e-09, 4.051989e-10, 4.163303e+01, 6.601311e-02
4.280000e+08, 3.862666e-02, 9.577229e-01, 1.001411e+00, -1.090052e+00, 1.006448e-09, 4.052511e-10, 4.169953e+01, 6.507047e-02
4.318000e+08, 3.865414e-02, 9.577763e-01, 9.773807e-01, -1.099728e+00, 1.007010e-09, 4.053036e-10, 4.176557e+01, 6.409927e-02
4.356000e+08, 3.868820e-02, 9.578297e-01, 9.533372e-01, -1.109405e+00, 1.007328e-09, 4.053564e-10, 4.183112e+01, 6.309970e-02
4.394000e+08, 3.872887e-02, 9.578832e-01, 9.292861e-01, -1.119084e+00, 1.007401e-09, 4.054092e-10, 4.189617e+01, 6.207198e-02
4.432000e+08, 3.877617e-02, 9.579366e-01, 9.052333e-01, -1.128763e+00, 1.007232e-09, 4.054621e-10, 4.196067e+01, 6.101631e-02
4.470000e+08, 3.883011e-02, 9.579898e-01, 8.811845e-01, -1.138444e+00, 1.006820e-09, 4.055149e-10, 4.202462e+01, 5.993294e-02
4.508000e+08, 3.889070e-02, 9.580429e-01, 8.571456e-01, -1.148126e+00, 1.006169e-09, 4.055674e-10, 4.208797e+01, 5.882209e-02
4.546000e+08, 3.895792e-02, 9.580957e-01, 8.331222e-01, -1.157809e+00, 1.005280e-09, 4.056197e-10, 4.215071e+01, 5.768402e-02
4.584000e+08, 3.903179e-02, 9.581481e-01, 8.091200e-01, -1.167494e+00, 1.004156e-09, 4.056715e-10, 4.221282e+01, 5.651900e-02
4.622000e+08, 3.911227e-02, 9.582002e-01, 7.851447e-01, -1.177180e+00, 1.002802e-09, 4.057228e-10, 4.227426e+01, 5.532728e-02
4.660000e+08, 3.919936e-02, 9.582518e-01, 7.612017e-01, -1.186867e+00, 1.001222e-09, 4.057735e-10, 4.233501e+01, 5.410917e-02
4.698000e+08, 3.929303e-02, 9.583029e-01, 7.372964e-01, -1.196555e+00, 9.994189e-10, 4.058234e-10, 4.239505e+01, 5.286494e-02
4.736000e+08, 3.939325e-02, 9.583535e-01, 7.134342e-01, -1.206245e+00, 9.973989e-10, 4.058726e-10, 4.245435e+01, 5.159490e-02
4.774000e+08, 3.949999e-02, 9.584034e-01, 6.896202e-01, -1.215935e+00, 9.951671e-10, 4.059209e-10, 4.251289e+01, 5.029937e-02
4.812000e+08, 3.961320e-02, 9.584527e-01, 6.658595e-01, -1.225627e+00, 9.927293e-10, 4.059683e-10, 4.257064e+01, 4.897866e-02
4.850000e+08, 3.973284e-02, 9.585012e-01, 6.421570e-01, -1.235320e+00, 9.900917e-10, 4.060146e-10, 4.262758e+01, 4.763312e-02
4.888000e+08, 3.985886e-02, 9.585489e-01, 6.185174e-01, -1.245014e+00, 9.872608e-10, 4.060598e-10, 4.268368e+01, 4.626308e-02
4.926000e+08, 3.999120e-02, 9.585959e-01, 5.949455e-01, -1.254709e+00, 9.842432e-10, 4.061038e-10, 4.273893e+01, 4.486890e-02
4.964000e+08, 4.012980e-02, 9.586419e-01, 5.714456e-01, -1.264406e+00, 9.810460e-10, 4.061466e-10, 4.279329e+01, 4.345094e-02
5.002000e+08, 4.027460e-02, 9.586870e-01, 5.480220e-01, -1.274103e+00, 9.776765e-10, 4.061880e-10, 4.284674e+01, 4.200958e-02
5.040000e+08, 4.042552e-02, 9.587312e-01, 5.246789e-01, -1.283801e+00, 9.741420e-10, 4.062281e-10, 4.289926e+01, 4.054519e-02
5.078000e+08, 4.058249e-02, 9.587744e-01, 5.014202e-01, -1.293500e+00, 9.704501e-10, 4.062667e-10, 4.295083e+01, 3.905818e-02
5.116000e+08, 4.074545e-02, 9.588165e-01, 4.782497e-01, -1.303200e+00, 9.666087e-10, 4.063039e-10, 4.300143e+01, 3.754893e-02
5.154000e+08, 4.091429e-02, 9.588575e-01, 4.551708e-01, -1.312901e+00, 9.626253e-10, 4.063395e-10, 4.305102e+01, 3.601787e-02
5.192000e+08, 4.108895e-02, 9.588974e-01, 4.321871e-01, -1.322603e+00, 9.585079e-10, 4.063735e-10, 4.309960e+01, 3.446541e-02
5.230000e+08, 4.126933e-02, 9.589362e-01, 4.093016e-01, -1.332305e+00, 9.542645e-10, 4.064059e-10, 4.314714e+01, 3.289198e-02
5.268000e+08, 4.145534e-02, 9.589738e-01, 3.865175e-01, -1.342009e+00, 9.499027e-10, 4.064366e-10, 4.319361e+01, 3.129801e-02
5.306000e+08, 4.164688e-02, 9.590101e-01, 3.638375e-01, -1.351713e+00, 9.454306e-10, 4.064657e-10, 4.323900e+01, 2.968396e-02
5.344000e+08, 4.184387e-02, 9.590453e-01, 3.412643e-01, -1.361418e+00, 9.408559e-10, 4.064930e-10, 4.328328e+01, 2.805028e-02
5.382000e+08, 4.204619e-02, 9.590791e-01, 3.188004e-01, -1.371123e+00, 9.361862e-10, 4.065185e-10, 4.332644e+01, 2.639742e-02
5.420000e+08, 4.225376e-02, 9.591117e-01, 2.964479e-01, -1.380829e+00, 9.314293e-10, 4.065423e-10, 4.336846e+01, 2.472586e-02
5.458000e+08, 4.246646e-02, 9.591429e-01, 2.742090e-01, -1.390536e+00, 9.265927e-10, 4.065642e-10, 4.340931e+01, 2.303608e-02
5.496000e+08, 4.268419e-02, 9.591728e-01, 2.520856e-01, -1.400243e+00, 9.216836e-10, 4.065843e-10, 4.344898e+01, 2.132857e-02
5.534000e+08, 4.290684e-02, 9.592013e-01, 2.300793e-01, -1.409951e+00, 9.167092e-10, 4.066026e-10, 4.348745e+01, 1.960380e-02
5.572000e+08, 4.313431e-02, 9.592285e-01, 2.081919e-01, -1.419659e+00, 9.116767e-10, 4.066190e-10, 4.352470e+01, 1.786230e-02
5.610000e+08, 4.336648e-02, 9.592543e-01, 1.864246e-01, -1.429367e+00, 9.065928e-10, 4.066336e-10, 4.356072e+01, 1.610456e-02
5.648000e+08, 4.360325e-02, 9.592786e-01, 1.647787e-01, -1.439076e+00, 9.014641e-10, 4.066462e-10, 4.359548e+01, 1.433110e-02
5.686000e+08, 4.384449e-02, 9.593016e-01, 1.432553e-01, -1.448785e+00, 8.962971e-10, 4.066570e-10, 4.362897e+01, 1.254244e-02
5.724000e+08, 4.409010e-02, 9.593232e-01, 1.218552e-01, -1.458495e+00, 8.910980e-10, 4.066660e-10, 4.366117e+01, 1.073910e-02
5.762000e+08, 4.433996e-02, 9.593433e-01, 1.005792e-01, -1.468204e+00, 8.858727e-10, 4.066730e-10, 4.369208e+01, 8.921631e-03
5.800000e+08, 4.459396e-02, 9.593620e-01, 7.942803e-02, -1.477914e+00, 8.806271e-10, 4.066782e-10, 4.372166e+01, 7.090557e-03
5.838000e+08, 4.485198e-02, 9.593792e-01, 5.840209e-02, -1.487624e+00, 8.753665e-10, 4.066815e-10, 4.374992e+01, 5.246428e-03
5.876000e+08, 4.511392e-02, 9.593950e-01, 3.750174e-02, -1.497334e+00, 8.700964e-10, 4.066830e-10, 4.377683e+01, 3.389794e-03
5.914000e+08, 4.537964e-02, 9.594094e-01, 1.672723e-02, -1.507044e+00, 8.648217e-10, 4.066827e-10, 4.380239e+01, 1.521212e-03
5.952000e+08, 4.564904e-02, 9.594224e-01, -3.921340e-03, -1.516754e+00, 8.595472e-10, 4.066805e-10, 4.382657e+01, -3.587575e-04
5.990000e+08, 4.592200e-02, 9.594339e-01, -2.444398e-02, -1.526464e+00, 8.542775e-10, 4.066765e-10, 4.384938e+01, -2.249549e-03
6.028000e+08, 4.619841e-02, 9.594440e-01, -4.484080e-02, -1.536174e+00, 8.490170e-10, 4.066708e-10, 4.387079e+01, -4.150594e-03
6.066000e+08, 4.647815e-02, 9.594526e-01, -6.511202e-02, -1.545883e+00, 8.437696e-10, 4.066633e-10, 4.389079e+01, -6.061316e-03
6.104000e+08, 4.676110e-02, 9.594599e-01, -8.525795e-02, -1.555593e+00, 8.385394e-10, 4.066540e-10, 4.390938e+01, -7.981138e-03
6.142000e+08, 4.704716e-02, 9.594658e-01, -1.052790e-01, -1.565302e+00, 8.333298e-10, 4.066431e-10, 4.392655e+01, -9.909478e-03
6.180000e+08, 4.733621e-02, 9.594702e-01, -1.251757e-01, -1.575011e+00, 8.281444e-10, 4.066305e-10, 4.394228e+01, -1.184575e-02
6.218000e+08, 4.762814e-02, 9.594733e-01, -1.449485e-01, -1.584720e+00, 8.229863e-10, 4.066163e-10, 4.395657e+01, -1.378937e-02
6.256000e+08, 4.792282e-02, 9.594751e-01, -1.645982e-01, -1.594429e+00, 8.178585e-10, 4.066004e-10, 4.396942e+01, -1.573974e-02
6.294000e+08, 4.822016e-02, 9.594755e-01, -1.841255e-01, -1.604137e+00, 8.127638e-10, 4.065830e-10, 4.398081e+01, -1.769626e-02
6.332000e+08, 4.852004e-02, 9.594745e-01, -2.035311e-01, -1.613844e+00, 8.077048e-10, 4.065641e-10, 4.399073e+01, -1.965835e-02
6.370000e+08, 4.882235e-02, 9.594723e-01, -2.228160e-01, -1.623551e+00, 8.026839e-10, 4.065437e-10, 4.399919e+01, -2.162541e-02
6.408000e+08, 4.912699e-02, 9.594688e-01, -2.419810e-01, -1.633258e+00, 7.977033e-10, 4.065218e-10, 4.400618e+01, -2.359682e-02
6.446000e+08, 4.943384e-02, 9.594640e-01, -2.610270e-01, -1.642964e+00, 7.927650e-10, 4.064985e-10, 4.401168e+01, -2.557200e-02
6.484000e+08, 4.974279e-02, 9.594579e-01, -2.799551e-01, -1.652670e+00, 7.878709e-10, 4.064738e-10, 4.401571e+01, -2.755033e-02
6.522000e+08, 5.005375e-02, 9.594507e-01, -2.987664e-01, -1.662375e+00, 7.830228e-10, 4.064478e-10, 4.401826e+01, -2.953121e-02
6.560000e+08, 5.036660e-02, 9.594422e-01, -3.174620e-01, -1.672079e+00, 7.782220e-10, 4.064205e-10, 4.401931e+01, -3.151405e-02
6.598000e+08, 5.068125e-02, 9.594326e-01, -3.360429e-01, -1.681783e+00, 7.734701e-10, 4.063920e-10, 4.401888e+01, -3.349822e-02
6.636000e+08, 5.099758e-02, 9.594218e-01, -3.545103e-01, -1.691486e+00, 7.687683e-10, 4.063623e-10, 4.401697e+01, -3.548313e-02
6.674000e+08, 5.131550e-02, 9.594099e-01, -3.728655e-01, -1.701188e+00, 7.641177e-10, 4.063314e-10, 4.401356e+01, -3.746816e-02
6.712000e+08, 5.163491e-02, 9.593969e-01, -3.911097e-01, -1.710890e+00, 7.595193e-10, 4.062995e-10, 4.400866e+01, -3.945272e-02
6.750000e+08, 5.195571e-02, 9.593829e-01, -4.092440e-01, -1.720591e+00, 7.549739e-10, 4.062665e-10, 4.400228e+01, -4.143619e-02
6.788000e+08, 5.227779e-02, 9.593678e-01, -4.272699e-01, -1.730291e+00, 7.504825e-10, 4.062326e-10, 4.399441e+01, -4.341797e-02
6.826000e+08, 5.260107e-02, 9.593517e-01, -4.451885e-01, -1.739990e+00, 7.460455e-10, 4.061977e-10, 4.398506e+01, -4.539746e-02
6.864000e+08, 5.292544e-02, 9.593346e-01, -4.630011e-01, -1.749689e+00, 7.416635e-10, 4.061619e-10, 4.397423e+01, -4.737406e-02
6.902000e+08, 5.325081e-02, 9.593167e-01, -4.807092e-01, -1.759386e+00, 7.373370e-10, 4.061253e-10, 4.396192e+01, -4.934716e-02
6.940000e+08, 5.357709e-02, 9.592978e-01, -4.983139e-01, -1.769083e+00, 7.330664e-10, 4.060879e-10, 4.394814e+01, -5.131616e-02
6.978000e+08, 5.390418e-02, 9.592780e-01, -5.158167e-01, -1.778779e+00, 7.288519e-10, 4.060497e-10, 4.393289e+01, -5.328047e-02
7.016000e+08, 5.423200e-02, 9.592574e-01, -5.332188e-01, -1.788473e+00, 7.246937e-10, 4.060109e-10, 4.391618e+01, -5.523948e-02
7.054000e+08, 5.456044e-02, 9.592359e-01, -5.505217e-01, -1.798167e+00, 7.205920e-10, 4.059715e-10, 4.389801e+01, -5.719262e-02
7.092000e+08, 5.488944e-02, 9.592138e-01, -5.677266e-01, -1.807860e+00, 7.165468e-10, 4.059315e-10, 4.387840e+01, -5.913927e-02
7.130000e+08, 5.521888e-02, 9.591908e-01, -5.848349e-01, -1.817553e+00, 7.125581e-10, 4.058909e-10, 4.385734e+01, -6.107887e-02
7.168000e+08, 5.554870e-02, 9.591672e-01, -6.018481e-01, -1.827244e+00, 7.086258e-10, 4.058499e-10, 4.383485e+01, -6.301082e-02
7.206000e+08, 5.587880e-02, 9.591429e-01, -6.187673e-01, -1.836934e+00, 7.047498e-10, 4.058085e-10, 4.381094e+01, -6.493454e-02
7.244000e+08, 5.620910e-02, 9.591179e-01, -6.355940e-01, -1.846623e+00, 7.009300e-10, 4.057667e-10, 4.378561e+01, -6.684946e-02
7.282000e+08, 5.653951e-02, 9.590924e-01, -6.523294e-01, -1.856311e+00, 6.971661e-10, 4.057246e-10, 4.375888e+01, -6.875499e-02
7.320000e+08, 5.686996e-02, 9.590663e-01, -6.689751e-01, -1.865998e+00, 6.934578e-10, 4.056822e-10, 4.373075e+01, -7.065058e-02
7.358000e+08, 5.720036e-02, 9.590396e-01, -6.855321e-01, -1.875684e+00, 6.898049e-10, 4.056396e-10, 4.370124e+01, -7.253564e-02
7.396000e+08, 5.753063e-02, 9.590125e-01, -7.020020e-01, -1.885369e+00, 6.862071e-10, 4.055969e-10, 4.367036e+01, -7.440963e-02
7.434000e+08, 5.786069e-02, 9.589849e-01, -7.183859e-01, -1.895053e+00, 6.826638e-10, 4.055540e-10, 4.363812e+01, -7.627198e-02
7.472000e+08, 5.819047e-02, 9.589568e-01, -7.346853e-01, -1.904736e+00, 6.791749e-10, 4.055111e-10, 4.360453e+01, -7.812214e-02
7.510000e+08, 5.851988e-02, 9.589284e-01, -7.509013e-01, -1.914418e+00, 6.757397e-10, 4.054681e-10, 4.356960e+01, -7.995956e-02
7.548000e+08, 5.884885e-02, 9.588996e-01, -7.670354e-01, -1.924099e+00, 6.723579e-10, 4.054252e-10, 4.353336e+01, -8.178370e-02
7.586000e+08, 5.917731e-02, 9.588705e-01, -7.830887e-01, -1.933779e+00, 6.690290e-10, 4.053824e-10, 4.349581e+01, -8.359402e-02
7.624000e+08, 5.950518e-02, 9.588412e-01, -7.990625e-01, -1.943458e+00, 6.657525e-10, 4.053397e-10, 4.345697e+01, -8.538998e-02
7.662000e+08, 5.983239e-02, 9.588115e-01, -8.149580e-01, -1.953136e+00, 6.625279e-10, 4.052971e-10, 4.341685e+01, -8.717107e-02
7.700000e+08, 6.015887e-02, 9.587816e-01, -8.307766e-01, -1.962813e+00, 6.593546e-10, 4.052548e-10, 4.337548e+01, -8.893675e-02
7.738000e+08, 6.048454e-02, 9.587516e-01, -8.465194e-01, -1.972489e+00, 6.562322e-10, 4.052127e-10, 4.333285e+01, -9.068652e-02
7.776000e+08, 6.080933e-02, 9.587214e-01, -8.621877e-01, -1.982164e+00, 6.531600e-10, 4.051709e-10, 4.328900e+01, -9.241986e-02
7.814000e+08, 6.113318e-02, 9.586910e-01, -8.777826e-01, -1.991838e+00, 6.501376e-10, 4.051294e-10, 4.324394e+01, -9.413626e-02
7.852000e+08, 6.145601e-02, 9.586606e-01, -8.933054e-01, -2.001511e+00, 6.471643e-10, 4.050883e-10, 4.319769e+01, -9.583524e-02
7.890000e+08, 6.177776e-02, 9.586301e-01, -9.087571e-01, -2.011183e+00, 6.442395e-10, 4.050477e-10, 4.315026e+01, -9.751629e-02
7.928000e+08, 6.209837e-02, 9.585996e-01, -9.241391e-01, -2.020854e+00, 6.413627e-10, 4.050075e-10, 4.310167e+01, -9.917894e-02
7.966000e+08, 6.241775e-02, 9.585691e-01, -9.394523e-01, -2.030524e+00, 6.385334e-10, 4.049677e-10, 4.305195e+01, -1.008227e-01
8.004000e+08, 6.273586e-02, 9.585386e-01, -9.546980e-01, -2.040193e+00, 6.357508e-10, 4.049285e-10, 4.300110e+01, -1.024471e-01
8.042000e+08, 6.305262e-02, 9.585082e-01, -9.698773e-01, -2.049861e+00, 6.330144e-10, 4.048899e-10, 4.294915e+01, -1.040517e-01
8.080000e+08, 6.336798e-02, 9.584779e-01, -9.849912e-01, -2.059528e+00, 6.303237e-10, 4.048519e-10, 4.289612e+01, -1.056360e-01
8.118000e+08, 6.368186e-02, 9.584476e-01, -1.000041e+00, -2.069194e+00, 6.276780e-10, 4.048144e-10, 4.284203e+01, -1.071996e-01
8.156000e+08, 6.399421e-02, 9.584176e-01, -1.015027e+00, -2.078860e+00, 6.250768e-10, 4.047776e-10, 4.278690e+01, -1.087420e-01
8.194000e+08, 6.430496e-02, 9.583876e-01, -1.029952e+00, -2.088524e+00, 6.225194e-10, 4.047415e-10, 4.273075e+01, -1.102627e-01
8.232000e+08, 6.461405e-02, 9.583579e-01, -1.044815e+00, -2.098188e+00, 6.200052e-10, 4.047062e-10, 4.267359e+01, -1.117615e-01
8.270000e+08, 6.492143e-02, 9.583284e-01, -1.059618e+00, -2.107851e+00, 6.175338e-10, 4.046715e-10, 4.261546e+01, -1.132377e-01
8.308000e+08, 6.522703e-02, 9.582992e-01, -1.074363e+00, -2.117513e+00, 6.151044e-10, 4.046376e-10, 4.255638e+01, -1.146911e-01
8.346000e+08, 6.553080e-02, 9.582702e-01, -1.089049e+00, -2.127174e+00, 6.127166e-10, 4.046045e-10, 4.249635e+01, -1.161212e-01
8.384000e+08, 6.583268e-02, 9.582415e-01, -1.103678e+00, -2.136834e+00, 6.103698e-10, 4.045722e-10, 4.243541e+01, -1.175276e-01
8.422000e+08, 6.613260e-02, 9.582132e-01, -1.118252e+00, -2.146494e+00, 6.080633e-10, 4.045407e-10, 4.237358e+01, -1.189099e-01
8.460000e+08, 6.643052e-02, 9.581851e-01, -1.132770e+00, -2.156153e+00, 6.057967e-10, 4.045100e-10, 4.231088e+01, -1.202678e-01
8.498000e+08, 6.672637e-02, 9.581575e-01, -1.147234e+00, -2.165811e+00, 6.035694e-10, 4.044803e-10, 4.224733e+01, -1.216008e-01
8.536000e+08, 6.702010e-02, 9.581302e-01, -1.161645e+00, -2.175468e+00, 6.013808e-10, 4.044514e-10, 4.218296e+01, -1.229085e-01
8.574000e+08, 6.731166e-02, 9.581032e-01, -1.176003e+00, -2.185125e+00, 5.992304e-10, 4.044234e-10, 4.211778e+01, -1.241907e-01
8.612000e+08, 6.760099e-02, 9.580768e-01, -1.190311e+00, -2.194781e+00, 5.971177e-10, 4.043963e-10, 4.205183e+01, -1.254470e-01
8.650000e+08, 6.788804e-02, 9.580507e-01, -1.204567e+00, -2.204436e+00, 5.950421e-10, 4.043701e-10, 4.198512e+01, -1.266770e-01
8.688000e+08, 6.817276e-02, 9.580251e-01, -1.218775e+00, -2.214091e+00, 5.930032e-10, 4.043449e-10, 4.191768e+01, -1.278804e-01
8.726000e+08, 6.845508e-02, 9.579999e-01, -1.232933e+00, -2.223745e+00, 5.910003e-10, 4.043206e-10, 4.184952e+01, -1.290568e-01
8.764000e+08, 6.873497e-02, 9.579753e-01, -1.247044e+00, -2.233399e+00, 5.890331e-10, 4.042973e-10, 4.178068e+01, -1.302060e-01
8.802000e+08, 6.901236e-02, 9.579511e-01, -1.261108e+00, -2.243052e+00, 5.871010e-10, 4.042749e-10, 4.171118e+01, -1.313275e-01
8.840000e+08, 6.928721e-02, 9.579274e-01, -1.275126e+00, -2.252705e+00, 5.852035e-10, 4.042535e-10, 4.164104e+01, -1.324212e-01
8.878000e+08, 6.955947e-02, 9.579043e-01, -1.289098e+00, -2.262357e+00, 5.833402e-10, 4.042331e-10, 4.157028e+01, -1.334867e-01
8.916000e+08, 6.982908e-02, 9.578817e-01, -1.303026e+00, -2.272008e+00, 5.815105e-10, 4.042137e-10, 4.149894e+01, -1.345237e-01
8.954000e+08, 7.009601e-02, 9.578596e-01, -1.316910e+00, -2.281659e+00, 5.797141e-10, 4.041952e-10, 4.142702e+01, -1.355320e-01
8.992000e+08, 7.036019e-02, 9.578381e-01, -1.330751e+00, -2.291310e+00, 5.779505e-10, 4.041777e-10, 4.135456e+01, -1.365112e-01
9.030000e+08, 7.062158e-02, 9.578171e-01, -1.344551e+00, -2.300960e+00, 5.762192e-10, 4.041613e-10, 4.128158e+01, -1.374612e-01
9.068000e+08, 7.088013e-02, 9.577967e-01, -1.358308e+00, -2.310610e+00, 5.745197e-10, 4.041457e-10, 4.120810e+01, -1.383815e-01
9.106000e+08, 7.113580e-02, 9.577769e-01, -1.372026e+00, -2.320259e+00, 5.728518e-10, 4.041312e-10, 4.113416e+01, -1.392721e-01
9.144000e+08, 7.138853e-02, 9.577577e-01, -1.385703e+00, -2.329908e+00, 5.712149e-10, 4.041177e-10, 4.105976e+01, -1.401326e-01
9.182000e+08, 7.163829e-02, 9.577391e-01, -1.399342e+00, -2.339557e+00, 5.696086e-10, 4.041051e-10, 4.098494e+01, -1.409629e-01
9.220000e+08, 7.188502e-02, 9.577210e-01, -1.412942e+00, -2.349205e+00, 5.680325e-10, 4.040935e-10, 4.090972e+01, -1.417627e-01
9.258000e+08, 7.212868e-02, 9.577036e-01, -1.426504e+00, -2.358854e+00, 5.664863e-10, 4.040828e-10, 4.083412e+01, -1.425317e-01
9.296000e+08, 7.236922e-02, 9.576868e-01, -1.440030e+00, -2.368502e+00, 5.649696e-10, 4.040731e-10, 4.075817e+01, -1.432698e-01
9.334000e+08, 7.260661e-02, 9.576706e-01, -1.453519e+00, -2.378149e+00, 5.634819e-10, 4.040644e-10, 4.068190e+01, -1.439769e-01
9.372000e+08, 7.284079e-02, 9.576550e-01, -1.466973e+00, -2.387797e+00, 5.620230e-10, 4.040566e-10, 4.060531e+01, -1.446526e-01
9.410000e+08, 7.307172e-02, 9.576400e-01, -1.480391e+00, -2.397444e+00, 5.605924e-10, 4.040497e-10, 4.052845e+01, -1.452968e-01
9.448000e+08, 7.329936e-02, 9.576256e-01, -1.493776e+00, -2.407091e+00, 5.591898e-10, 4.040438e-10, 4.045133e+01, -1.459093e-01
9.486000e+08, 7.352366e-02, 9.576119e-01, -1.507128e+00, -2.416738e+00, 5.578149e-10, 4.040387e-10, 4.037398e+01, -1.464900e-01
9.524000e+08, 7.374459e-02, 9.575988e-01, -1.520446e+00, -2.426385e+00, 5.564674e-10, 4.040346e-10, 4.029641e+01, -1.470388e-01
9.562000e+08, 7.396210e-02, 9.575863e-01, -1.533732e+00, -2.436032e+00, 5.551468e-10, 4.040313e-10, 4.021866e+01, -1.475554e-01
9.600000e+08, 7.417615e-02, 9.575744e-01, -1.546987e+00, -2.445678e+00, 5.538529e-10, 4.040289e-10, 4.014075e+01, -1.480397e-01
9.638000e+08, 7.438670e-02, 9.575631e-01, -1.560211e+00, -2.455325e+00, 5.525855e-10, 4.040274e-10, 4.006269e+01, -1.484917e-01
9.676000e+08, 7.459370e-02, 9.575524e-01, -1.573404e+00, -2.464972e+00, 5.513441e-10, 4.040266e-10, 3.998453e+01, -1.489111e-01
9.714000e+08, 7.479713e-02, 9.575424e-01, -1.586568e+00, -2.474618e+00, 5.501285e-10, 4.040268e-10, 3.990626e+01, -1.492979e-01
9.752000e+08, 7.499693e-02, 9.575329e-01, -1.599703e+00, -2.484265e+00, 5.489384e-10, 4.040277e-10, 3.982793e+01, -1.496520e-01
9.790000e+08, 7.519307e-02, 9.575240e-01, -1.612810e+00, -2.493911e+00, 5.477735e-10, 4.040294e-10, 3.974955e+01, -1.499732e-01
9.828000e+08, 7.538551e-02, 9.575158e-01, -1.625889e+00, -2.503558e+00, 5.466337e-10, 4.040318e-10, 3.967114e+01, -1.502615e-01
9.866000e+08, 7.557421e-02, 9.575081e-01, -1.638940e+00, -2.513205e+00, 5.455185e-10, 4.040351e-10, 3.959274e+01, -1.505168e-01
9.904000e+08, 7.575913e-02, 9.575010e-01, -1.651965e+00, -2.522852e+00, 5.444278e-10, 4.040390e-10, 3.951435e+01, -1.507390e-01
9.942000e+08, 7.594024e-02, 9.574946e-01, -1.664964e+00, -2.532498e+00, 5.433613e-10, 4.040437e-10, 3.943601e+01, -1.509281e-01
9.980000e+08, 7.611750e-02, 9.574886e-01, -1.677937e+00, -2.542145e+00, 5.423188e-10, 4.040490e-10, 3.935773e+01, -1.510840e-01
1.001800e+09, 7.629087e-02, 9.574833e-01, -1.690885e+00, -2.551793e+00, 5.413001e-10, 4.040551e-10, 3.927954e+01, -1.512067e-01
1.005600e+09, 7.646031e-02, 9.574785e-01, -1.703810e+00, -2.561440e+00, 5.403049e-10, 4.040618e-10, 3.920146e+01, -1.512961e-01
1.009400e+09, 7.662580e-02, 9.574742e-01, -1.716710e+00, -2.571087e+00, 5.393330e-10, 4.040691e-10, 3.912351e+01, -1.513522e-01
1.013200e+09, 7.678728e-02, 9.574705e-01, -1.729587e+00, -2.580735e+00, 5.383843e-10, 4.040770e-10, 3.904572e+01, -1.513750e-01
1.017000e+09, 7.694474e-02, 9.574674e-01, -1.742442e+00, -2.590383e+00, 5.374584e-10, 4.040855e-10, 3.896810e+01, -1.513645e-01
1.020800e+09, 7.709813e-02, 9.574647e-01, -1.755274e+00, -2.600031e+00, 5.365554e-10, 4.040946e-10, 3.889067e+01, -1.513206e-01
1.024600e+09, 7.724742e-02, 9.574626e-01, -1.768085e+00, -2.609679e+00, 5.356748e-10, 4.041043e-10, 3.881347e+01, -1.512435e-01
1.028400e+09, 7.739258e-02, 9.574610e-01, -1.780875e+00, -2.619327e+00, 5.348167e-10, 4.041144e-10, 3.873650e+01, -1.511330e-01
1.032200e+09, 7.753357e-02, 9.574599e-01, -1.793644e+00, -2.628976e+00, 5.339808e-10, 4.041251e-10, 3.865979e+01, -1.509893e-01
1.036000e+09, 7.767036e-02, 9.574593e-01, -1.806393e+00, -2.638625e+00, 5.331669e-10, 4.041362e-10, 3.858336e+01, -1.508123e-01
1.039800e+09, 7.780292e-02, 9.574592e-01, -1.819123e+00, -2.648274e+00, 5.323750e-10, 4.041478e-10, 3.850723e+01, -1.506022e-01
1.043600e+09, 7.793122e-02, 9.574595e-01, -1.831834e+00, -2.657924e+00, 5.316048e-10, 4.041599e-10, 3.843142e+01, -1.503589e-01
1.047400e+09, 7.805522e-02, 9.574603e-01, -1.844527e+00, -2.667573e+00, 5.308563e-10, 4.041723e-10, 3.835595e+01, -1.500825e-01
1.051200e+09, 7.817490e-02, 9.574615e-01, -1.857202e+00, -2.677223e+00, 5.301293e-10, 4.041852e-10, 3.828085e+01, -1.497731e-01
1.055000e+09, 7.829022e-02, 9.574632e-01, -1.869859e+00, -2.686874e+00, 5.294237e-10, 4.041984e-10, 3.820612e+01, -1.494308e-01
1.058800e+09, 7.840115e-02, 9.574653e-01, -1.882500e+00, -2.696524e+00, 5.287394e-10, 4.042120e-10, 3.813180e+01, -1.490557e-01
1.062600e+09, 7.850767e-02, 9.574679e-01, -1.895124e+00, -2.706175e+00, 5.280763e-10, 4.042259e-10, 3.805790e+01, -1.486477e-01
1.066400e+09, 7.860974e-02, 9.574708e-01, -1.907733e+00, -2.715827e+00, 5.274343e-10, 4.042401e-10, 3.798443e+01, -1.482072e-01
1.070200e+09, 7.870734e-02, 9.574741e-01, -1.920326e+00, -2.725478e+00, 5.268132e-10, 4.042546e-10, 3.791142e+01, -1.477341e-01
1.074000e+09, 7.880044e-02, 9.574778e-01, -1.932904e+00, -2.735131e+00, 5.262131e-10, 4.042693e-10, 3.783889e+01, -1.472286e-01
1.077800e+09, 7.888900e-02, 9.574819e-01, -1.945468e+00, -2.744783e+00, 5.256338e-10, 4.042843e-10, 3.776686e+01, -1.466908e-01
1.081600e+09, 7.897302e-02, 9.574864e-01, -1.958018e+00, -2.754436e+00, 5.250754e-10, 4.042995e-10, 3.769534e+01, -1.461209e-01
1.085400e+09, 7.905245e-02, 9.574912e-01, -1.970555e+00, -2.764089e+00, 5.245376e-10, 4.043149e-10, 3.762435e+01, -1.455191e-01
1.089200e+09, 7.912727e-02, 9.574964e-01, -1.983079e+00, -2.773742e+00, 5.240206e-10, 4.043305e-10, 3.755391e+01, -1.448853e-01
1.093000e+09, 7.919746e-02, 9.575018e-01, -1.995590e+00, -2.783396e+00, 5.235242e-10, 4.043463e-10, 3.748404e+01, -1.442200e-01
1.096800e+09, 7.926298e-02, 9.575076e-01, -2.008090e+00, -2.793050e+00, 5.230484e-10, 4.043621e-10, 3.741476e+01, -1.435231e-01
1.100600e+09, 7.932383e-02, 9.575138e-01, -2.020578e+00, -2.802705e+00, 5.225931e-10, 4.043782e-10, 3.734608e+01, -1.427950e-01
1.104400e+09, 7.937996e-02, 9.575202e-01, -2.033056e+00, -2.812360e+00, 5.221585e-10, 4.043943e-10, 3.727802e+01, -1.420358e-01
1.108200e+09, 7.943137e-02, 9.575269e-01, -2.045523e+00, -2.822015e+00, 5.217444e-10, 4.044105e-10, 3.721060e+01, -1.412456e-01
1.112000e+09, 7.947802e-02, 9.575338e-01, -2.057980e+00, -2.831671e+00, 5.213509e-10, 4.044268e-10, 3.714383e+01, -1.404248e-01
1.115800e+09, 7.951989e-02, 9.575411e-01, -2.070428e+00, -2.841327e+00, 5.209780e-10, 4.044431e-10, 3.707774e+01, -1.395735e-01
1.119600e+09, 7.955696e-02, 9.575486e-01, -2.082867e+00, -2.850984e+00, 5.206257e-10, 4.044594e-10, 3.701233e+01, -1.386920e-01
1.123400e+09, 7.958922e-02, 9.575563e-01, -2.095297e+00, -2.860640e+00, 5.202939e-10, 4.044758e-10, 3.694762e+01, -1.377805e-01
1.127200e+09, 7.961663e-02, 9.575643e-01, -2.107720e+00, -2.870298e+00, 5.199829e-10, 4.044922e-10, 3.688364e+01, -1.368393e-01
1.131000e+09, 7.963918e-02, 9.575725e-01, -2.120135e+00, -2.879955e+00, 5.196925e-10, 4.045085e-10, 3.682039e+01, -1.358685e-01
1.134800e+09, 7.965685e-02, 9.575809e-01, -2.132543e+00, -2.889614e+00, 5.194229e-10, 4.045249e-10, 3.675789e+01, -1.348686e-01
1.138600e+09, 7.966963e-02, 9.575896e-01, -2.144945e+00, -2.899272e+00, 5.191741e-10, 4.045412e-10, 3.669616e+01, -1.338397e-01
1.142400e+09, 7.967748e-02, 9.575984e-01, -2.157341e+00, -2.908931e+00, 5.189462e-10, 4.045574e-10, 3.663520e+01, -1.327821e-01
1.146200e+09, 7.968039e-02, 9.576074e-01, -2.169731e+00, -2.918590e+00, 5.187393e-10, 4.045736e-10, 3.657505e+01, -1.316962e-01
1.150000e+09, 7.967836e-02, 9.576167e-01, -2.182117e+00, -2.928250e+00, 5.185534e-10, 4.045896e-10, 3.651570e+01, -1.305822e-01
1.153800e+09, 7.967135e-02, 9.576260e-01, -2.194498e+00, -2.937910e+00, 5.183887e-10, 4.046056e-10, 3.645718e+01, -1.294404e-01
1.157600e+09, 7.965935e-02, 9.576356e-01, -2.206875e+00, -2.947570e+00, 5.182453e-10, 4.046215e-10, 3.639950e+01, -1.282713e-01
1.161400e+09, 7.964236e-02, 9.576453e-01, -2.219249e+00, -2.957231e+00, 5.181232e-10, 4.046373e-10, 3.634267e+01, -1.270750e-01
1.165200e+09, 7.962034e-02, 9.576552e-01, -2.231619e+00, -2.966892e+00, 5.180226e-10, 4.046529e-10, 3.628670e+01, -1.258519e-01
1.169000e+09, 7.959329e-02, 9.576652e-01, -2.243988e+00, -2.976554e+00, 5.179437e-10, 4.046684e-10, 3.623162e+01, -1.246024e-01
1.172800e+09, 7.956120e-02, 9.576753e-01, -2.256354e+00, -2.986216e+00, 5.178866e-10, 4.046838e-10, 3.617743e+01, -1.233268e-01
1.176600e+09, 7.952405e-02, 9.576856e-01, -2.268719e+00, -2.995878e+00, 5.178515e-10, 4.046990e-10, 3.612415e+01, -1.220255e-01
1.180400e+09, 7.948183e-02, 9.576959e-01, -2.281084e+00, -3.005541e+00, 5.178385e-10, 4.047140e-10, 3.607179e+01, -1.206989e-01
1.184200e+09, 7.943452e-02, 9.577064e-01, -2.293448e+00, -3.015204e+00, 5.178478e-10, 4.047289e-10, 3.602036e+01, -1.193473e-01
1.188000e+09, 7.938212e-02, 9.577171e-01, -2.305812e+00, -3.024867e+00, 5.178796e-10, 4.047436e-10, 3.596987e+01, -1.179711e-01
1.191800e+09, 7.932461e-02, 9.577278e-01, -2.318177e+00, -3.034531e+00, 5.179341e-10, 4.047582e-10, 3.592034e+01, -1.165707e-01
1.195600e+09, 7.926199e-02, 9.577386e-01, -2.330543e+00, -3.044195e+00, 5.180115e-10, 4.047725e-10, 3.587178e+01, -1.151466e-01
1.199400e+09, 7.919425e-02, 9.577495e-01, -2.342911e+00, -3.053859e+00, 5.181122e-10, 4.047867e-10, 3.582420e+01, -1.136990e-01
1.203200e+09, 7.912137e-02, 9.577605e-01, -2.355282e+00, -3.063524e+00, 5.182362e-10, 4.048007e-10, 3.577760e+01, -1.122286e-01
1.207000e+09, 7.904335e-02, 9.577716e-01, -2.367655e+00, -3.073189e+00, 5.183838e-10, 4.048145e-10, 3.573202e+01, -1.107356e-01
1.210800e+09, 7.896018e-02, 9.577828e-01, -2.380032e+00, -3.082854e+00, 5.185554e-10, 4.048281e-10, 3.568744e+01, -1.092205e-01
1.214600e+09, 7.887186e-02, 9.577940e-01, -2.392413e+00, -3.092520e+00, 5.187511e-10, 4.048415e-10, 3.564389e+01, -1.076838e-01
1.218400e+09, 7.877838e-02, 9.578054e-01, -2.404799e+00, -3.102186e+00, 5.189714e-10, 4.048547e-10, 3.560138e+01, -1.061259e-01
1.222200e+09, 7.867973e-02, 9.578168e-01, -2.417190e+00, -3.111852e+00, 5.192164e-10, 4.048677e-10, 3.555991e+01, -1.045473e-01
1.226000e+09, 7.857591e-02, 9.578282e-01, -2.429587e+00, -3.121519e+00, 5.194866e-10, 4.048805e-10, 3.551949e+01, -1.029484e-01
1.229800e+09, 7.846692e-02, 9.578398e-01, -2.441990e+00, -3.131186e+00, 5.197822e-10, 4.048931e-10, 3.548014e+01, -1.013296e-01
1.233600e+09, 7.835275e-02, 9.578514e-01, -2.454400e+00, -3.140853e+00, 5.201036e-10, 4.049055e-10, 3.544186e+01, -9.969162e-02
1.237400e+09, 7.823340e-02, 9.578630e-01, -2.466818e+00, 3.132665e+00, 5.204512e-10, 4.049177e-10, 3.540467e+01, -9.803477e-02
1.241200e+09, 7.810887e-02, 9.578748e-01, -2.479245e+00, 3.122997e+00, 5.208253e-10, 4.049297e-10, 3.536857e+01, -9.635958e-02
1.245000e+09, 7.797916e-02, 9.578865e-01, -2.491680e+00, 3.113329e+00, 5.212263e-10, 4.049416e-10, 3.533357e+01, -9.466656e-02
1.248800e+09, 7.784427e-02, 9.578984e-01, -2.504125e+00, 3.103660e+00, 5.216547e-10, 4.049532e-10, 3.529968e+01, -9.295621e-02
1.252600e+09, 7.770420e-02, 9.579103e-01, -2.516580e+00, 3.093991e+00, 5.221109e-10, 4.049647e-10, 3.526690e+01, -9.122905e-02
1.256400e+09, 7.755894e-02, 9.579222e-01, -2.529046e+00, 3.084322e+00, 5.225953e-10, 4.049760e-10, 3.523526e+01, -8.948559e-02
1.260200e+09, 7.740851e-02, 9.579342e-01, -2.541524e+00, 3.074653e+00, 5.231084e-10, 4.049871e-10, 3.520475e+01, -8.772637e-02
1.264000e+09, 7.725291e-02, 9.579463e-01, -2.554013e+00, 3.064984e+00, 5.236507e-10, 4.049981e-10, 3.517538e+01, -8.595192e-02
1.267800e+09, 7.709213e-02, 9.579584e-01, -2.566516e+00, 3.055314e+00, 5.242227e-10, 4.050089e-10, 3.514715e+01, -8.416277e-02
1.271600e+09, 7.692619e-02, 9.579706e-01, -2.579032e+00, 3.045644e+00, 5.248249e-10, 4.050195e-10, 3.512009e+01, -8.235947e-02
1.275400e+09, 7.675509e-02, 9.579828e-01, -2.591563e+00, 3.035974e+00, 5.254578e-10, 4.050300e-10, 3.509419e+01, -8.054257e-02
1.279200e+09, 7.657883e-02, 9.579951e-01, -2.604109e+00, 3.026303e+00, 5.261221e-10, 4.050404e-10, 3.506945e+01, -7.871263e-02
1.283000e+09, 7.639743e-02, 9.580074e-01, -2.616671e+00, 3.016632e+00, 5.268182e-10, 4.050506e-10, 3.504590e+01, -7.687020e-02
1.286800e+09, 7.621089e-02, 9.580198e-01, -2.629249e+00, 3.006961e+00, 5.275469e-10, 4.050607e-10, 3.502352e+01, -7.501586e-02
1.290600e+09, 7.601922e-02, 9.580323e-01, -2.641845e+00, 2.997290e+00, 5.283087e-10, 4.050707e-10, 3.500233e+01, -7.315017e-02
1.294400e+09, 7.582243e-02, 9.580448e-01, -2.654459e+00, 2.987618e+00, 5.291043e-10, 4.050806e-10, 3.498234e+01, -7.127370e-02
1.298200e+09, 7.562053e-02, 9.580574e-01, -2.667092e+00, 2.977947e+00, 5.299344e-10, 4.050904e-10, 3.496354e+01, -6.938705e-02
1.302000e+09, 7.541353e-02, 9.580701e-01, -2.679745e+00, 2.968275e+00, 5.307996e-10, 4.051002e-10, 3.494595e+01, -6.749078e-02
1.305800e+09, 7.520145e-02, 9.580828e-01, -2.692418e+00, 2.958602e+00, 5.317008e-10, 4.051098e-10, 3.492956e+01, -6.558550e-02
1.309600e+09, 7.498429e-02, 9.580956e-01, -2.705113e+00, 2.948930e+00, 5.326386e-10, 4.051194e-10, 3.491439e+01, -6.367179e-02
1.313400e+09, 7.476208e-02, 9.581084e-01, -2.717830e+00, 2.939257e+00, 5.336139e-10, 4.051289e-10, 3.490043e+01, -6.175024e-02
1.317200e+09, 7.453483e-02, 9.581214e-01, -2.730571e+00, 2.929584e+00, 5.346274e-10, 4.051383e-10, 3.488770e+01, -5.982147e-02
1.321000e+09, 7.430255e-02, 9.581344e-01, -2.743336e+00, 2.919911e+00, 5.356801e-10, 4.051478e-10, 3.487619e+01, -5.788606e-02
1.324800e+09, 7.406526e-02, 9.581475e-01, -2.756126e+00, 2.910238e+00, 5.367727e-10, 4.051572e-10, 3.486591e+01, -5.594463e-02
1.328600e+09, 7.382297e-02, 9.581606e-01, -2.768942e+00, 2.900564e+00, 5.379062e-10, 4.051665e-10, 3.485686e+01, -5.399778e-02
1.332400e+09, 7.357572e-02, 9.581739e-01, -2.781785e+00, 2.890891e+00, 5.390816e-10, 4.051759e-10, 3.484905e+01, -5.204614e-02
1.336200e+09, 7.332352e-02, 9.581872e-01, -2.794656e+00, 2.881217e+00, 5.402998e-10, 4.051853e-10, 3.484247e+01, -5.009030e-02
1.340000e+09, 7.306639e-02, 9.582006e-01, -2.807556e+00, 2.871542e+00, 5.415617e-10, 4.051947e-10, 3.483714e+01, -4.813088e-02
1.343800e+09, 7.280434e-02, 9.582141e-01, -2.820487e+00, 2.861868e+00, 5.428686e-10, 4.052041e-10, 3.483304e+01, -4.616851e-02
1.347600e+09, 7.253742e-02, 9.582277e-01, -2.833448e+00, 2.852193e+00, 5.442213e-10, 4.052136e-10, 3.483019e+01, -4.420380e-02
1.351400e+09, 7.226563e-02, 9.582414e-01, -2.846442e+00, 2.842518e+00, 5.456212e-10, 4.052231e-10, 3.482859e+01, -4.223738e-02
1.355200e+09, 7.198902e-02, 9.582552e-01, -2.859470e+00, 2.832843e+00, 5.470692e-10, 4.052327e-10, 3.482824e+01, -4.026986e-02
1.359000e+09, 7.170759e-02, 9.582691e-01, -2.872531e+00, 2.823168e+00, 5.485667e-10, 4.052423e-10, 3.482913e+01, -3.830187e-02
1.362800e+09, 7.142139e-02, 9.582831e-01, -2.885629e+00, 2.813492e+00, 5.501149e-10, 4.052520e-10, 3.483127e+01, -3.633404e-02
1.366600e+09, 7.113043e-02, 9.582972e-01, -2.898764e+00, 2.803816e+00, 5.517150e-10, 4.052619e-10, 3.483466e+01, -3.436698e-02
1.370400e+09, 7.083476e-02, 9.583115e-01, -2.911936e+00, 2.794140e+00, 5.533685e-10, 4.052718e-10, 3.483931e+01, -3.240133e-02
1.374200e+09, 7.053440e-02, 9.583258e-01, -2.925149e+00, 2.784464e+00, 5.550766e-10, 4.052818e-10, 3.484520e+01, -3.043771e-02
1.378000e+09, 7.022939e-02, 9.583402e-01, -2.938402e+00, 2.774787e+00, 5.568409e-10, 4.052920e-10, 3.485235e+01, -2.847675e-02
1.381800e+09, 6.991975e-02, 9.583548e-01, -2.951697e+00, 2.765111e+00, 5.586627e-10, 4.053023e-10, 3.486075e+01, -2.651906e-02
1.385600e+09, 6.960553e-02, 9.583694e-01, -2.965036e+00, 2.755434e+00, 5.605438e-10, 4.053127e-10, 3.487039e+01, -2.456529e-02
1.389400e+09, 6.928676e-02, 9.583842e-01, -2.978419e+00, 2.745756e+00, 5.624856e-10, 4.053233e-10, 3.488129e+01, -2.261604e-02
1.393200e+09, 6.896349e-02, 9.583991e-01, -2.991849e+00, 2.736079e+00, 5.644898e-10, 4.053340e-10, 3.489343e+01, -2.067194e-02
1.397000e+09, 6.863574e-02, 9.584142e-01, -3.005327e+00, 2.726401e+00, 5.665581e-10, 4.053449e-10, 3.490682e+01, -1.873362e-02
1.400800e+09, 6.830357e-02, 9.584293e-01, -3.018854e+00, 2.716723e+00, 5.686923e-10, 4.053560e-10, 3.492145e+01, -1.680169e-02
1.404600e+09, 6.796700e-02, 9.584446e-01, -3.032432e+00, 2.707045e+00, 5.708943e-10, 4.053673e-10, 3.493733e+01, -1.487677e-02
1.408400e+09, 6.762610e-02, 9.584600e-01, -3.046063e+00, 2.697366e+00, 5.731659e-10, 4.053787e-10, 3.495445e+01, -1.295948e-02
1.412200e+09, 6.728090e-02, 9.584755e-01, -3.059748e+00, 2.687687e+00, 5.755091e-10, 4.053904e-10, 3.497280e+01, -1.105043e-02
1.416000e+09, 6.693146e-02, 9.584912e-01, -3.073489e+00, 2.678008e+00, 5.779260e-10, 4.054023e-10, 3.499239e+01, -9.150240e-03
1.419800e+09, 6.657781e-02, 9.585069e-01, -3.087288e+00, 2.668328e+00, 5.804186e-10, 4.054144e-10, 3.501321e+01, -7.259514e-03
1.423600e+09, 6.622002e-02, 9.585228e-01, -3.101146e+00, 2.658649e+00, 5.829892e-10, 4.054267e-10, 3.503526e+01, -5.378858e-03
1.427400e+09, 6.585812e-02, 9.585389e-01, -3.115065e+00, 2.648969e+00, 5.856400e-10, 4.054392e-10, 3.505854e+01, -3.508878e-03
1.431200e+09, 6.549219e-02, 9.585550e-01, -3.129048e+00, 2.639288e+00, 5.883734e-10, 4.054520e-10, 3.508304e+01, -1.650173e-03
1.435000e+09, 6.512227e-02, 9.585713e-01, 3.140089e+00, 2.629608e+00, 5.911918e-10, 4.054650e-10, 3.510875e+01, 1.966588e-04
1.438800e+09, 6.474843e-02, 9.585877e-01, 3.125974e+00, 2.619927e+00, 5.940977e-10, 4.054783e-10, 3.513568e+01, 2.031025e-03
1.442600e+09, 6.437071e-02, 9.586043e-01, 3.111789e+00, 2.610246e+00, 5.970938e-10, 4.054918e-10, 3.516382e+01, 3.852335e-03
1.446400e+09, 6.398919e-02, 9.586209e-01, 3.097533e+00, 2.600564e+00, 6.001826e-10, 4.055056e-10, 3.519316e+01, 5.660004e-03
1.450200e+09, 6.360393e-02, 9.586377e-01, 3.083203e+00, 2.590882e+00, 6.033671e-10, 4.055196e-10, 3.522370e+01, 7.453450e-03
1.454000e+09, 6.321499e-02, 9.586546e-01, 3.068797e+00, 2.581200e+00, 6.066501e-10, 4.055339e-10, 3.525543e+01, 9.232097e-03
1.457800e+09, 6.282244e-02, 9.586716e-01, 3.054312e+00, 2.571517e+00, 6.100345e-10, 4.055484e-10, 3.528835e+01, 1.099537e-02
1.461600e+09, 6.242635e-02, 9.586887e-01, 3.039747e+00, 2.561834e+00, 6.135235e-10, 4.055632e-10, 3.532245e+01, 1.274271e-02
1.465400e+09, 6.202680e-02, 9.587060e-01, 3.025098e+00, 2.552151e+00, 6.171202e-10, 4.055783e-10, 3.535772e+01, 1.447354e-02
1.469200e+09, 6.162387e-02, 9.587233e-01, 3.010364e+00, 2.542468e+00, 6.208280e-10, 4.055936e-10, 3.539417e+01, 1.618731e-02
1.473000e+09, 6.121762e-02, 9.587408e-01, 2.995541e+00, 2.532784e+00, 6.246502e-10, 4.056092e-10, 3.543177e+01, 1.788348e-02
1.476800e+09, 6.080814e-02, 9.587584e-01, 2.980627e+00, 2.523099e+00, 6.285904e-10, 4.056251e-10, 3.547053e+01, 1.956148e-02
1.480600e+09, 6.039551e-02, 9.587760e-01, 2.965619e+00, 2.513414e+00, 6.326522e-10, 4.056412e-10, 3.551044e+01, 2.122078e-02
1.484400e+09, 5.997982e-02, 9.587938e-01, 2.950513e+00, 2.503729e+00, 6.368393e-10, 4.056576e-10, 3.555149e+01, 2.286086e-02
1.488200e+09, 5.956116e-02, 9.588117e-01, 2.935308e+00, 2.494044e+00, 6.411557e-10, 4.056743e-10, 3.559367e+01, 2.448116e-02
1.492000e+09, 5.913961e-02, 9.588296e-01, 2.920000e+00, 2.484358e+00, 6.456053e-10, 4.056912e-10, 3.563697e+01, 2.608119e-02
1.495800e+09, 5.871528e-02, 9.588476e-01, 2.904585e+00, 2.474672e+00, 6.501922e-10, 4.057084e-10, 3.568139e+01, 2.766041e-02
1.499600e+09, 5.828826e-02, 9.588657e-01, 2.889061e+00, 2.464985e+00, 6.549206e-10, 4.057259e-10, 3.572692e+01, 2.921832e-02
1.503400e+09, 5.785864e-02, 9.588839e-01, 2.873424e+00, 2.455298e+00, 6.597949e-10, 4.057436e-10, 3.577354e+01, 3.075441e-02
1.507200e+09, 5.742655e-02, 9.589022e-01, 2.857671e+00, 2.445610e+00, 6.648197e-10, 4.057615e-10, 3.582125e+01, 3.226819e-02
1.511000e+09, 5.699208e-02, 9.589205e-01, 2.841798e+00, 2.435922e+00, 6.699994e-10, 4.057797e-10, 3.587004e+01, 3.375917e-02
1.514800e+09, 5.655534e-02, 9.589388e-01, 2.825801e+00, 2.426234e+00, 6.753389e-10, 4.057982e-10, 3.591991e+01, 3.522686e-02
1.518600e+09, 5.611645e-02, 9.589572e-01, 2.809676e+00, 2.416545e+00, 6.808429e-10, 4.058169e-10, 3.597083e+01, 3.667080e-02
1.522400e+09, 5.567554e-02, 9.589757e-01, 2.793420e+00, 2.406855e+00, 6.865165e-10, 4.058358e-10, 3.602279e+01, 3.809050e-02
1.526200e+09, 5.523272e-02, 9.589942e-01, 2.777029e+00, 2.397166e+00, 6.923647e-10, 4.058549e-10, 3.607580e+01, 3.948552e-02
1.530000e+09, 5.478811e-02, 9.590127e-01, 2.760498e+00, 2.387475e+00, 6.983927e-10, 4.058742e-10, 3.612984e+01, 4.085540e-02
1.533800e+09, 5.434186e-02, 9.590312e-01, 2.743823e+00, 2.377785e+00, 7.046059e-10, 4.058938e-10, 3.618489e+01, 4.219968e-02
1.537600e+09, 5.389410e-02, 9.590498e-01, 2.727000e+00, 2.368094e+00, 7.110096e-10, 4.059136e-10, 3.624095e+01, 4.351794e-02
1.541400e+09, 5.344497e-02, 9.590683e-01, 2.710024e+00, 2.358402e+00, 7.176093e-10, 4.059335e-10, 3.629800e+01, 4.480975e-02
1.545200e+09, 5.299462e-02, 9.590869e-01, 2.692890e+00, 2.348710e+00, 7.244107e-10, 4.059537e-10, 3.635603e+01, 4.607467e-02
1.549000e+09, 5.254319e-02, 9.591054e-01, 2.675594e+00, 2.339017e+00, 7.314193e-10, 4.059740e-10, 3.641503e+01, 4.731231e-02
1.552800e+09, 5.209085e-02, 9.591239e-01, 2.658130e+00, 2.329324e+00, 7.386409e-10, 4.059945e-10, 3.647499e+01, 4.852224e-02
1.556600e+09, 5.163775e-02, 9.591424e-01, 2.640495e+00, 2.319631e+00, 7.460813e-10, 4.060151e-10, 3.653589e+01, 4.970408e-02
1.560400e+09, 5.118407e-02, 9.591608e-01, 2.622681e+00, 2.309937e+00, 7.537461e-10, 4.060359e-10, 3.659772e+01, 5.085743e-02
1.564200e+09, 5.072997e-02, 9.591792e-01, 2.604685e+00, 2.300242e+00, 7.616412e-10, 4.060569e-10, 3.666047e+01, 5.198192e-02
1.568000e+09, 5.027563e-02, 9.591976e-01, 2.586499e+00, 2.290547e+00, 7.697723e-10, 4.060779e-10, 3.672413e+01, 5.307717e-02
1.571800e+09, 4.982125e-02, 9.592158e-01, 2.568120e+00, 2.280851e+00, 7.781451e-10, 4.060991e-10, 3.678867e+01, 5.414281e-02
1.575600e+09, 4.936702e-02, 9.592340e-01, 2.549541e+00, 2.271155e+00, 7.867652e-10, 4.061204e-10, 3.685409e+01, 5.517850e-02
1.579400e+09, 4.891313e-02, 9.592521e-01, 2.530756e+00, 2.261459e+00, 7.956382e-10, 4.061418e-10, 3.692037e+01, 5.618388e-02
1.583200e+09, 4.845978e-02, 9.592701e-01, 2.511760e+00, 2.251762e+00, 8.047692e-10, 4.061633e-10, 3.698750e+01, 5.715863e-02
1.587000e+09, 4.800720e-02, 9.592880e-01, 2.492545e+00, 2.242064e+00, 8.141636e-10, 4.061848e-10, 3.705547e+01, 5.810240e-02
1.590800e+09, 4.755561e-02, 9.593057e-01, 2.473106e+00, 2.232366e+00, 8.238261e-10, 4.062064e-10, 3.712424e+01, 5.901487e-02
1.594600e+09, 4.710523e-02, 9.593234e-01, 2.453436e+00, 2.222667e+00, 8.337612e-10, 4.062280e-10, 3.719382e+01, 5.989575e-02
1.598400e+09, 4.665630e-02, 9.593409e-01, 2.433529e+00, 2.212968e+00, 8.439733e-10, 4.062497e-10, 3.726419e+01, 6.074472e-02
1.602200e+09, 4.620906e-02, 9.593582e-01, 2.413378e+00, 2.203269e+00, 8.544659e-10, 4.062714e-10, 3.733532e+01, 6.156150e-02
1.606000e+09, 4.576378e-02, 9.593754e-01, 2.392977e+00, 2.193568e+00, 8.652424e-10, 4.062931e-10, 3.740721e+01, 6.234580e-02
1.609800e+09, 4.532070e-02, 9.593924e-01, 2.372318e+00, 2.183868e+00, 8.763052e-10, 4.063148e-10, 3.747983e+01, 6.309734e-02
1.613600e+09, 4.488011e-02, 9.594092e-01, 2.351396e+00, 2.174166e+00, 8.876564e-10, 4.063365e-10, 3.755318e+01, 6.381586e-02
1.617400e+09, 4.444228e-02, 9.594258e-01, 2.330202e+00, 2.164465e+00, 8.992970e-10, 4.063581e-10, 3.762722e+01, 6.450110e-02
1.621200e+09, 4.400751e-02, 9.594422e-01, 2.308730e+00, 2.154762e+00, 9.112273e-10, 4.063797e-10, 3.770195e+01, 6.515282e-02
1.625000e+09, 4.357609e-02, 9.594584e-01, 2.286974e+00, 2.145060e+00, 9.234463e-10, 4.064013e-10, 3.777735e+01, 6.577078e-02
1.628800e+09, 4.314833e-02, 9.594743e-01, 2.264925e+00, 2.135356e+00, 9.359522e-10, 4.064227e-10, 3.785340e+01, 6.635475e-02
1.632600e+09, 4.272456e-02, 9.594900e-01, 2.242578e+00, 2.125653e+00, 9.487416e-10, 4.064441e-10, 3.793008e+01, 6.690451e-02
1.636400e+09, 4.230510e-02, 9.595055e-01, 2.219926e+00, 2.115948e+00, 9.618099e-10, 4.064653e-10, 3.800737e+01, 6.741986e-02
1.640200e+09, 4.189030e-02, 9.595206e-01, 2.196962e+00, 2.106244e+00, 9.751509e-10, 4.064865e-10, 3.808526e+01, 6.790059e-02
1.644000e+09, 4.148050e-02, 9.595355e-01, 2.173679e+00, 2.096538e+00, 9.887565e-10, 4.065075e-10, 3.816372e+01, 6.834651e-02
1.647800e+09, 4.107607e-02, 9.595501e-01, 2.150071e+00, 2.086832e+00, 1.002617e-09, 4.065284e-10, 3.824273e+01, 6.875745e-02
1.651600e+09, 4.067737e-02, 9.595644e-01, 2.126133e+00, 2.077126e+00, 1.016720e-09, 4.065491e-10, 3.832228e+01, 6.913323e-02
1.655400e+09, 4.028480e-02, 9.595784e-01, 2.101857e+00, 2.067419e+00, 1.031052e-09, 4.065696e-10, 3.840235e+01, 6.947369e-02
1.659200e+09, 3.989873e-02, 9.595920e-01, 2.077240e+00, 2.057712e+00, 1.045596e-09, 4.065899e-10, 3.848291e+01, 6.977868e-02
1.663000e+09, 3.951958e-02, 9.596053e-01, 2.052275e+00, 2.048004e+00, 1.060333e-09, 4.066101e-10, 3.856395e+01, 7.004806e-02
1.666800e+09, 3.914775e-02, 9.596183e-01, 2.026959e+00, 2.038296e+00, 1.075241e-09, 4.066300e-10, 3.864545e+01, 7.028170e-02
1.670600e+09, 3.878367e-02, 9.596309e-01, 2.001286e+00, 2.028587e+00, 1.090296e-09, 4.066497e-10, 3.872738e+01, 7.047946e-02
1.674400e+09, 3.842776e-02, 9.596431e-01, 1.975254e+00, 2.018878e+00, 1.105469e-09, 4.066691e-10, 3.880972e+01, 7.064125e-02
1.678200e+09, 3.808046e-02, 9.596549e-01, 1.948860e+00, 2.009168e+00, 1.120730e-09, 4.066883e-10, 3.889245e+01, 7.076696e-02
1.682000e+09, 3.774223e-02, 9.596664e-01, 1.922101e+00, 1.999458e+00, 1.136045e-09, 4.067072e-10, 3.897555e+01, 7.085649e-02
1.685800e+09, 3.741350e-02, 9.596774e-01, 1.894977e+00, 1.989748e+00, 1.151376e-09, 4.067258e-10, 3.905901e+01, 7.090976e-02
1.689600e+09, 3.709475e-02, 9.596880e-01, 1.867486e+00, 1.980037e+00, 1.166682e-09, 4.067441e-10, 3.914278e+01, 7.092670e-02
1.693400e+09, 3.678642e-02, 9.596982e-01, 1.839631e+00, 1.970325e+00, 1.181920e-09, 4.067622e-10, 3.922687e+01, 7.090724e-02
1.697200e+09, 3.648900e-02, 9.597079e-01, 1.811411e+00, 1.960613e+00, 1.197042e-09, 4.067798e-10, 3.931123e+01, 7.085132e-02
1.701000e+09, 3.620294e-02, 9.597172e-01, 1.782830e+00, 1.950901e+00, 1.211997e-09, 4.067972e-10, 3.939585e+01, 7.075892e-02
1.704800e+09, 3.592873e-02, 9.597260e-01, 1.753892e+00, 1.941188e+00, 1.226733e-09, 4.068141e-10, 3.948071e+01, 7.062998e-02
1.708600e+09, 3.566683e-02, 9.597344e-01, 1.724603e+00, 1.931475e+00, 1.241192e-09, 4.068308e-10, 3.956578e+01, 7.046450e-02
1.712400e+09, 3.541770e-02, 9.597422e-01, 1.694968e+00, 1.921761e+00, 1.255315e-09, 4.068470e-10, 3.965104e+01, 7.026244e-02
1.716200e+09, 3.518181e-02, 9.597496e-01, 1.664996e+00, 1.912048e+00, 1.269043e-09, 4.068628e-10, 3.973646e+01, 7.002381e-02
1.720000e+09, 3.495963e-02, 9.597564e-01, 1.634696e+00, 1.902333e+00, 1.282311e-09, 4.068783e-10, 3.982202e+01, 6.974861e-02
1.723800e+09, 3.475159e-02, 9.597628e-01, 1.604080e+00, 1.892619e+00, 1.295057e-09, 4.068933e-10, 3.990770e+01, 6.943687e-02
1.727600e+09, 3.455814e-02, 9.597686e-01, 1.573159e+00, 1.882904e+00, 1.307216e-09, 4.069079e-10, 3.999348e+01, 6.908859e-02
1.731400e+09, 3.437970e-02, 9.597739e-01, 1.541947e+00, 1.873188e+00, 1.318724e-09, 4.069221e-10, 4.007932e+01, 6.870382e-02
1.735200e+09, 3.421669e-02, 9.597786e-01, 1.510461e+00, 1.863472e+00, 1.329517e-09, 4.069358e-10, 4.016520e+01, 6.828261e-02
1.739000e+09, 3.406950e-02, 9.597828e-01, 1.478718e+00, 1.853756e+00, 1.339533e-09, 4.069490e-10, 4.025111e+01, 6.782500e-02
1.742800e+09, 3.393851e-02, 9.597865e-01, 1.446735e+00, 1.844040e+00, 1.348713e-09, 4.069618e-10, 4.033701e+01, 6.733107e-02
1.746600e+09, 3.382407e-02, 9.597895e-01, 1.414533e+00, 1.834323e+00, 1.356999e-09, 4.069741e-10, 4.042287e+01, 6.680089e-02
1.750400e+09, 3.372651e-02, 9.597920e-01, 1.382133e+00, 1.824606e+00, 1.364339e-09, 4.069859e-10, 4.050868e+01, 6.623454e-02
1.754200e+09, 3.364613e-02, 9.597939e-01, 1.349558e+00, 1.814889e+00, 1.370685e-09, 4.069972e-10, 4.059441e+01, 6.563212e-02
1.758000e+09, 3.358321e-02, 9.597953e-01, 1.316831e+00, 1.805172e+00, 1.375993e-09, 4.070080e-10, 4.068002e+01, 6.499372e-02
1.761800e+09, 3.353801e-02, 9.597960e-01, 1.283978e+00, 1.795454e+00, 1.380228e-09, 4.070183e-10, 4.076551e+01, 6.431948e-02
1.765600e+09, 3.351072e-02, 9.597961e-01, 1.251024e+00, 1.785736e+00, 1.383358e-09, 4.070281e-10, 4.085083e+01, 6.360951e-02
1.769400e+09, 3.350154e-02, 9.597956e-01, 1.217994e+00, 1.776018e+00, 1.385360e-09, 4.070373e-10, 4.093597e+01, 6.286394e-02
1.773200e+09, 3.351061e-02, 9.597944e-01, 1.184917e+00, 1.766299e+00, 1.386220e-09, 4.070460e-10, 4.102089e+01, 6.208293e-02
1.777000e+09, 3.353804e-02, 9.597927e-01, 1.151820e+00, 1.756581e+00, 1.385929e-09, 4.070542e-10, 4.110558e+01, 6.126662e-02
1.780800e+09, 3.358392e-02, 9.597903e-01, 1.118729e+00, 1.746862e+00, 1.384487e-09, 4.070618e-10, 4.119000e+01, 6.041518e-02
1.784600e+09, 3.364828e-02, 9.597873e-01, 1.085673e+00, 1.737143e+00, 1.381902e-09, 4.070688e-10, 4.127413e+01, 5.952878e-02
1.788400e+09, 3.373113e-02, 9.597836e-01, 1.052679e+00, 1.727423e+00, 1.378191e-09, 4.070753e-10, 4.135793e+01, 5.860761e-02
1.792200e+09, 3.383245e-02, 9.597793e-01, 1.019773e+00, 1.717704e+00, 1.373375e-09, 4.070811e-10, 4.144140e+01, 5.765186e-02
1.796000e+09, 3.395215e-02, 9.597743e-01, 9.869819e-01, 1.707985e+00, 1.367486e-09, 4.070864e-10, 4.152449e+01, 5.666173e-02
1.799800e+09, 3.409016e-02, 9.597687e-01, 9.543317e-01, 1.698265e+00, 1.360561e-09, 4.070912e-10, 4.160718e+01, 5.563744e-02
1.803600e+09, 3.424632e-02, 9.597624e-01, 9.218468e-01, 1.688545e+00, 1.352642e-09, 4.070953e-10, 4.168945e+01, 5.457921e-02
1.807400e+09, 3.442049e-02, 9.597555e-01, 8.895510e-01, 1.678825e+00, 1.343778e-09, 4.070988e-10, 4.177126e+01, 5.348728e-02
1.811200e+09, 3.461245e-02, 9.597478e-01, 8.574668e-01, 1.669105e+00, 1.334022e-09, 4.071018e-10, 4.185260e+01, 5.236188e-02
1.815000e+09, 3.482200e-02, 9.597395e-01, 8.256155e-01, 1.659385e+00, 1.323430e-09, 4.071041e-10, 4.193342e+01, 5.120327e-02
1.818800e+09, 3.504887e-02, 9.597306e-01, 7.940172e-01, 1.649665e+00, 1.312062e-09, 4.071059e-10, 4.201372e+01, 5.001171e-02
1.822600e+09, 3.529280e-02, 9.597209e-01, 7.626903e-01, 1.639945e+00, 1.299980e-09, 4.071070e-10, 4.209345e+01, 4.878747e-02
1.826400e+09, 3.555348e-02, 9.597106e-01, 7.316518e-01, 1.630225e+00, 1.287249e-09, 4.071075e-10, 4.217260e+01, 4.753084e-02
1.830200e+09, 3.583060e-02, 9.596996e-01, 7.009173e-01, 1.620505e+00, 1.273931e-09, 4.071074e-10, 4.225113e+01, 4.624209e-02
1.834000e+09, 3.612382e-02, 9.596879e-01, 6.705008e-01, 1.610785e+00, 1.260092e-09, 4.071067e-10, 4.232902e+01, 4.492155e-02
1.837800e+09, 3.643279e-02, 9.596755e-01, 6.404147e-01, 1.601065e+00, 1.245795e-09, 4.071054e-10, 4.240624e+01, 4.356950e-02
1.841600e+09, 3.675713e-02, 9.596624e-01, 6.106700e-01, 1.591345e+00, 1.231102e-09, 4.071035e-10, 4.248277e+01, 4.218628e-02
1.845400e+09, 3.709647e-02, 9.596487e-01, 5.812761e-01, 1.581625e+00, 1.216075e-09, 4.071009e-10, 4.255857e+01, 4.077220e-02
1.849200e+09, 3.745043e-02, 9.596342e-01, 5.522409e-01, 1.571905e+00, 1.200772e-09, 4.070977e-10, 4.263363e+01, 3.932761e-02
1.853000e+09, 3.781859e-02, 9.596191e-01, 5.235712e-01, 1.562185e+00, 1.185250e-09, 4.070939e-10, 4.270791e+01, 3.785286e-02
1.856800e+09, 3.820057e-02, 9.596032e-01, 4.952720e-01, 1.552465e+00, 1.169561e-09, 4.070895e-10, 4.278140e+01, 3.634830e-02
1.860600e+09, 3.859595e-02, 9.595867e-01, 4.673475e-01, 1.542745e+00, 1.153757e-09, 4.070845e-10, 4.285405e+01, 3.481428e-02
1.864400e+09, 3.900431e-02, 9.595695e-01, 4.398002e-01, 1.533026e+00, 1.137884e-09, 4.070789e-10, 4.292586e+01, 3.325120e-02
1.868200e+09, 3.942526e-02, 9.595517e-01, 4.126320e-01, 1.523306e+00, 1.121986e-09, 4.070727e-10, 4.299678e+01, 3.165942e-02
1.872000e+09, 3.985837e-02, 9.595331e-01, 3.858433e-01, 1.513587e+00, 1.106105e-09, 4.070658e-10, 4.306680e+01, 3.003935e-02
1.875800e+09, 4.030324e-02, 9.595139e-01, 3.594339e-01, 1.503868e+00, 1.090277e-09, 4.070584e-10, 4.313590e+01, 2.839137e-02
1.879600e+09, 4.075946e-02, 9.594939e-01, 3.334023e-01, 1.494149e+00, 1.074536e-09, 4.070503e-10, 4.320403e+01, 2.671591e-02
1.883400e+09, 4.122662e-02, 9.594733e-01, 3.077466e-01, 1.484430e+00, 1.058914e-09, 4.070416e-10, 4.327119e+01, 2.501337e-02
1.887200e+09, 4.170432e-02, 9.594521e-01, 2.824638e-01, 1.474711e+00, 1.043437e-09, 4.070324e-10, 4.333735e+01, 2.328418e-02
1.891000e+09, 4.219217e-02, 9.594301e-01, 2.575506e-01, 1.464993e+00, 1.028130e-09, 4.070225e-10, 4.340247e+01, 2.152877e-02
1.894800e+09, 4.268978e-02, 9.594075e-01, 2.330029e-01, 1.455275e+00, 1.013016e-09, 4.070121e-10, 4.346654e+01, 1.974759e-02
1.898600e+09, 4.319676e-02, 9.593843e-01, 2.088160e-01, 1.445557e+00, 9.981122e-10, 4.070011e-10, 4.352954e+01, 1.794109e-02
1.902400e+09, 4.371274e-02, 9.593603e-01, 1.849850e-01, 1.435839e+00, 9.834362e-10, 4.069894e-10, 4.359144e+01, 1.610972e-02
1.906200e+09, 4.423735e-02, 9.593357e-01, 1.615044e-01, 1.426122e+00, 9.690017e-10, 4.069773e-10, 4.365221e+01, 1.425394e-02
1.910000e+09, 4.477023e-02, 9.593105e-01, 1.383684e-01, 1.416405e+00, 9.548206e-10, 4.069645e-10, 4.371184e+01, 1.237424e-02
1.913800e+09, 4.531102e-02, 9.592846e-01, 1.155710e-01, 1.406688e+00, 9.409027e-10, 4.069512e-10, 4.377029e+01, 1.047110e-02
1.917600e+09, 4.585938e-02, 9.592581e-01, 9.310590e-02, 1.396972e+00, 9.272557e-10, 4.069373e-10, 4.382756e+01, 8.544989e-03
1.921400e+09, 4.641497e-02, 9.592310e-01, 7.096665e-02, 1.387256e+00, 9.138860e-10, 4.069229e-10, 4.388361e+01, 6.596417e-03
1.925200e+09, 4.697747e-02, 9.592032e-01, 4.914661e-02, 1.377540e+00, 9.007981e-10, 4.069079e-10, 4.393843e+01, 4.625884e-03
1.929000e+09, 4.754654e-02, 9.591748e-01, 2.763906e-02, 1.367825e+00, 8.879951e-10, 4.068924e-10, 4.399200e+01, 2.633897e-03
1.932800e+09, 4.812188e-02, 9.591458e-01, 6.437198e-03, 1.358110e+00, 8.754789e-10, 4.068763e-10, 4.404428e+01, 6.209738e-04
1.936600e+09, 4.870318e-02, 9.591162e-01, -1.446583e-02, 1.348395e+00, 8.632504e-10, 4.068598e-10, 4.409528e+01, -1.412364e-03
1.940400e+09, 4.929015e-02, 9.590860e-01, -3.507688e-02, 1.338681e+00, 8.513092e-10, 4.068427e-10, 4.414495e+01, -3.465587e-03
1.944200e+09, 4.988249e-02, 9.590552e-01, -5.540283e-02, 1.328967e+00, 8.396541e-10, 4.068251e-10, 4.419330e+01, -5.538159e-03
1.948000e+09, 5.047993e-02, 9.590238e-01, -7.545050e-02, 1.319254e+00, 8.282832e-10, 4.068070e-10, 4.424028e+01, -7.629541e-03
1.951800e+09, 5.108219e-02, 9.589918e-01, -9.522667e-02, 1.309541e+00, 8.171937e-10, 4.067884e-10, 4.428590e+01, -9.739183e-03
1.955600e+09, 5.168900e-02, 9.589592e-01, -1.147381e-01, 1.299828e+00, 8.063825e-10, 4.067693e-10, 4.433013e+01, -1.186653e-02
1.959400e+09, 5.230011e-02, 9.589261e-01, -1.339913e-01, 1.290116e+00, 7.958458e-10, 4.067497e-10, 4.437295e+01, -1.401103e-02
1.963200e+09, 5.291526e-02, 9.588924e-01, -1.529930e-01, 1.280404e+00, 7.855792e-10, 4.067297e-10, 4.441434e+01, -1.617212e-02
1.967000e+09, 5.353422e-02, 9.588582e-01, -1.717496e-01, 1.270693e+00, 7.755781e-10, 4.067092e-10, 4.445430e+01, -1.834922e-02
1.970800e+09, 5.415673e-02, 9.588235e-01, -1.902674e-01, 1.260983e+00, 7.658378e-10, 4.066883e-10, 4.449280e+01, -2.054177e-02
1.974600e+09, 5.478257e-02, 9.587882e-01, -2.085526e-01, 1.251273e+00, 7.563528e-10, 4.066669e-10, 4.452984e+01, -2.274918e-02
1.978400e+09, 5.541153e-02, 9.587524e-01, -2.266114e-01, 1.241563e+00, 7.471180e-10, 4.066451e-10, 4.456538e+01, -2.497087e-02
1.982200e+09, 5.604336e-02, 9.587161e-01, -2.444496e-01, 1.231854e+00, 7.381277e-10, 4.066229e-10, 4.459943e+01, -2.720625e-02
1.986000e+09, 5.667787e-02, 9.586792e-01, -2.620733e-01, 1.222145e+00, 7.293762e-10, 4.066002e-10, 4.463197e+01, -2.945474e-02
1.989800e+09, 5.731485e-02, 9.586419e-01, -2.794879e-01, 1.212437e+00, 7.208579e-10, 4.065772e-10, 4.466299e+01, -3.171573e-02
1.993600e+09, 5.795409e-02, 9.586042e-01, -2.966992e-01, 1.202730e+00, 7.125668e-10, 4.065537e-10, 4.469247e+01, -3.398863e-02
1.997400e+09, 5.859541e-02, 9.585659e-01, -3.137125e-01, 1.193023e+00, 7.044973e-10, 4.065299e-10, 4.472040e+01, -3.627284e-02
2.001200e+09, 5.923860e-02, 9.585272e-01, -3.305332e-01, 1.183317e+00, 6.966434e-10, 4.065057e-10, 4.474677e+01, -3.856774e-02
2.005000e+09, 5.988348e-02, 9.584880e-01, -3.471663e-01, 1.173611e+00, 6.889993e-10, 4.064812e-10, 4.477157e+01, -4.087273e-02
2.008800e+09, 6.052987e-02, 9.584484e-01, -3.636169e-01, 1.163906e+00, 6.815594e-10, 4.064563e-10, 4.479480e+01, -4.318721e-02
2.012600e+09, 6.117760e-02, 9.584084e-01, -3.798899e-01, 1.154201e+00, 6.743178e-10, 4.064310e-10, 4.481644e+01, -4.551054e-02
2.016400e+09, 6.182650e-02, 9.583679e-01, -3.959900e-01, 1.144497e+00, 6.672691e-10, 4.064055e-10, 4.483649e+01, -4.784213e-02
2.020200e+09, 6.247638e-02, 9.583270e-01, -4.119218e-01, 1.134794e+00, 6.604075e-10, 4.063796e-10, 4.485493e+01, -5.018135e-02
2.024000e+09, 6.312710e-02, 9.582858e-01, -4.276897e-01, 1.125091e+00, 6.537277e-10, 4.063534e-10, 4.487177e+01, -5.252758e-02
2.027800e+09, 6.377850e-02, 9.582441e-01, -4.432982e-01, 1.115389e+00, 6.472243e-10, 4.063269e-10, 4.488699e+01, -5.488020e-02
2.031600e+09, 6.443041e-02, 9.582021e-01, -4.587514e-01, 1.105687e+00, 6.408921e-10, 4.063001e-10, 4.490059e+01, -5.723858e-02
2.035400e+09, 6.508268e-02, 9.581597e-01, -4.740534e-01, 1.095986e+00, 6.347258e-10, 4.062730e-10, 4.491257e+01, -5.960211e-02
2.039200e+09, 6.573517e-02, 9.581170e-01, -4.892082e-01, 1.086286e+00, 6.287206e-10, 4.062457e-10, 4.492292e+01, -6.197015e-02
2.043000e+09, 6.638774e-02, 9.580739e-01, -5.042196e-01, 1.076587e+00, 6.228714e-10, 4.062181e-10, 4.493164e+01, -6.434209e-02
2.046800e+09, 6.704023e-02, 9.580305e-01, -5.190913e-01, 1.066888e+00, 6.171735e-10, 4.061903e-10, 4.493872e+01, -6.671729e-02
2.050600e+09, 6.769252e-02, 9.579868e-01, -5.338270e-01, 1.057189e+00, 6.116223e-10, 4.061622e-10, 4.494417e+01, -6.909514e-02
2.054400e+09, 6.834446e-02, 9.579428e-01, -5.484302e-01, 1.047492e+00, 6.062132e-10, 4.061340e-10, 4.494798e+01, -7.147500e-02
2.058200e+09, 6.899593e-02, 9.578985e-01, -5.629042e-01, 1.037795e+00, 6.009417e-10, 4.061055e-10, 4.495015e+01, -7.385625e-02
2.062000e+09, 6.964679e-02, 9.578539e-01, -5.772523e-01, 1.028099e+00, 5.958037e-10, 4.060768e-10, 4.495068e+01, -7.623826e-02
2.065800e+09, 7.029692e-02, 9.578090e-01, -5.914778e-01, 1.018403e+00, 5.907949e-10, 4.060479e-10, 4.494958e+01, -7.862042e-02
2.069600e+09, 7.094620e-02, 9.577639e-01, -6.055837e-01, 1.008708e+00, 5.859113e-10, 4.060188e-10, 4.494684e+01, -8.100210e-02
2.073400e+09, 7.159450e-02, 9.577185e-01, -6.195730e-01, 9.990142e-01, 5.811490e-10, 4.059896e-10, 4.494247e+01, -8.338268e-02
2.077200e+09, 7.224171e-02, 9.576729e-01, -6.334485e-01, 9.893207e-01, 5.765041e-10, 4.059602e-10, 4.493647e+01, -8.576154e-02
2.081000e+09, 7.288770e-02, 9.576271e-01, -6.472132e-01, 9.796280e-01, 5.719730e-10, 4.059307e-10, 4.492884e+01, -8.813806e-02
2.084800e+09, 7.353236e-02, 9.575811e-01, -6.608697e-01, 9.699359e-01, 5.675520e-10, 4.059010e-10, 4.491959e+01, -9.051163e-02
2.088600e+09, 7.417559e-02, 9.575348e-01, -6.744206e-01, 9.602446e-01, 5.632378e-10, 4.058712e-10, 4.490873e+01, -9.288163e-02
2.092400e+09, 7.481727e-02, 9.574884e-01, -6.878686e-01, 9.505540e-01, 5.590270e-10, 4.058413e-10, 4.489625e+01, -9.524745e-02
2.096200e+09, 7.545729e-02, 9.574418e-01, -7.012159e-01, 9.408641e-01, 5.549163e-10, 4.058112e-10, 4.488217e+01, -9.760848e-02
2.100000e+09, 7.609555e-02, 9.573951e-01, -7.144652e-01, 9.311749e-01, 5.509025e-10, 4.057811e-10, 4.486649e+01, -9.996413e-02
2.103800e+09, 7.673194e-02, 9.573482e-01, -7.276186e-01, 9.214864e-01, 5.469827e-10, 4.057509e-10, 4.484922e+01, -1.023138e-01
2.107600e+09, 7.736636e-02, 9.573012e-01, -7.406784e-01, 9.117987e-01, 5.431538e-10, 4.057206e-10, 4.483037e+01, -1.046568e-01
2.111400e+09, 7.799872e-02, 9.572541e-01, -7.536468e-01, 9.021116e-01, 5.394131e-10, 4.056903e-10, 4.480995e+01, -1.069927e-01
2.115200e+09, 7.862890e-02, 9.572068e-01, -7.665259e-01, 8.924253e-01, 5.357577e-10, 4.056599e-10, 4.478796e+01, -1.093208e-01
2.119000e+09, 7.925683e-02, 9.571595e-01, -7.793177e-01, 8.827397e-01, 5.321850e-10, 4.056295e-10, 4.476442e+01, -1.116405e-01
2.122800e+09, 7.988239e-02, 9.571120e-01, -7.920242e-01, 8.730549e-01, 5.286924e-10, 4.055990e-10, 4.473934e+01, -1.139513e-01
2.126600e+09, 8.050550e-02, 9.570645e-01, -8.046473e-01, 8.633708e-01, 5.252774e-10, 4.055685e-10, 4.471273e+01, -1.162526e-01
2.130400e+09, 8.112606e-02, 9.570169e-01, -8.171889e-01, 8.536874e-01, 5.219376e-10, 4.055379e-10, 4.468460e+01, -1.185438e-01
2.134200e+09, 8.174399e-02, 9.569693e-01, -8.296507e-01, 8.440047e-01, 5.186707e-10, 4.055074e-10, 4.465497e+01, -1.208243e-01
2.138000e+09, 8.235920e-02, 9.569217e-01, -8.420346e-01, 8.343228e-01, 5.154743e-10, 4.054769e-10, 4.462384e+01, -1.230935e-01
2.141800e+09, 8.297159e-02, 9.568740e-01, -8.543421e-01, 8.246416e-01, 5.123464e-10, 4.054464e-10, 4.459123e+01, -1.253510e-01
2.145600e+09, 8.358108e-02, 9.568263e-01, -8.665749e-01, 8.149611e-01, 5.092847e-10, 4.054159e-10, 4.455716e+01, -1.275962e-01
2.149400e+09, 8.418759e-02, 9.567786e-01, -8.787346e-01, 8.052813e-01, 5.062873e-10, 4.053854e-10, 4.452164e+01, -1.298284e-01
2.153200e+09, 8.479104e-02, 9.567309e-01, -8.908228e-01, 7.956023e-01, 5.033522e-10, 4.053550e-10, 4.448469e+01, -1.320473e-01
2.157000e+09, 8.539133e-02, 9.566832e-01, -9.028409e-01, 7.859240e-01, 5.004774e-10, 4.053246e-10, 4.444631e+01, -1.342521e-01
2.160800e+09, 8.598839e-02, 9.566356e-01, -9.147904e-01, 7.762464e-01, 4.976611e-10, 4.052943e-10, 4.440654e+01, -1.364425e-01
2.164600e+09, 8.658214e-02, 9.565880e-01, -9.266726e-01, 7.665696e-01, 4.949015e-10, 4.052640e-10, 4.436538e+01, -1.386178e-01
2.168400e+09, 8.717250e-02, 9.565405e-01, -9.384889e-01, 7.568935e-01, 4.921969e-10, 4.052338e-10, 4.432285e+01, -1.407776e-01
2.172200e+09, 8.775939e-02, 9.564931e-01, -9.502406e-01, 7.472181e-01, 4.895456e-10, 4.052037e-10, 4.427897e+01, -1.429214e-01
2.176000e+09, 8.834274e-02, 9.564457e-01, -9.619291e-01, 7.375434e-01, 4.869459e-10, 4.051737e-10, 4.423376e+01, -1.450486e-01
2.179800e+09, 8.892247e-02, 9.563984e-01, -9.735554e-01, 7.278694e-01, 4.843964e-10, 4.051437e-10, 4.418723e+01, -1.471588e-01
2.183600e+09, 8.949851e-02, 9.563513e-01, -9.851209e-01, 7.181962e-01, 4.818954e-10, 4.051139e-10, 4.413941e+01, -1.492514e-01
2.187400e+09, 9.007078e-02, 9.563042e-01, -9.966267e-01, 7.085236e-01, 4.794415e-10, 4.050842e-10, 4.409032e+01, -1.513261e-01
2.191200e+09, 9.063921e-02, 9.562573e-01, -1.008074e+00, 6.988518e-01, 4.770333e-10, 4.050546e-10, 4.403997e+01, -1.533822e-01
2.195000e+09, 9.120373e-02, 9.562105e-01, -1.019464e+00, 6.891807e-01, 4.746694e-10, 4.050251e-10, 4.398838e+01, -1.554193e-01
2.198800e+09, 9.176426e-02, 9.561638e-01, -1.030797e+00, 6.795102e-01, 4.723484e-10, 4.049958e-10, 4.393559e+01, -1.574371e-01
2.202600e+09, 9.232075e-02, 9.561174e-01, -1.042075e+00, 6.698405e-01, 4.700691e-10, 4.049666e-10, 4.388159e+01, -1.594349e-01
2.206400e+09, 9.287312e-02, 9.560710e-01, -1.053298e+00, 6.601715e-01, 4.678302e-10, 4.049375e-10, 4.382643e+01, -1.614124e-01
2.210200e+09, 9.342130e-02, 9.560249e-01, -1.064468e+00, 6.505032e-01, 4.656304e-10, 4.049086e-10, 4.377011e+01, -1.633692e-01
2.214000e+09, 9.396523e-02, 9.559790e-01, -1.075586e+00, 6.408355e-01, 4.634687e-10, 4.048799e-10, 4.371267e+01, -1.653048e-01
2.217800e+09, 9.450484e-02, 9.559333e-01, -1.086651e+00, 6.311686e-01, 4.613438e-10, 4.048513e-10, 4.365412e+01, -1.672187e-01
2.221600e+09, 9.504007e-02, 9.558877e-01, -1.097666e+00, 6.215023e-01, 4.592546e-10, 4.048229e-10, 4.359448e+01, -1.691106e-01
2.225400e+09, 9.557085e-02, 9.558425e-01, -1.108632e+00, 6.118367e-01, 4.572001e-10, 4.047947e-10, 4.353378e+01, -1.709801e-01
2.229200e+09, 9.609711e-02, 9.557974e-01, -1.119548e+00, 6.021718e-01, 4.551793e-10, 4.047667e-10, 4.347205e+01, -1.728268e-01
2.233000e+09, 9.661881e-02, 9.557526e-01, -1.130416e+00, 5.925075e-01, 4.531910e-10, 4.047389e-10, 4.340929e+01, -1.746502e-01
2.236800e+09, 9.713587e-02, 9.557081e-01, -1.141236e+00, 5.828439e-01, 4.512344e-10, 4.047112e-10, 4.334555e+01, -1.764500e-01
2.240600e+09, 9.764824e-02, 9.556638e-01, -1.152010e+00, 5.731810e-01, 4.493084e-10, 4.046838e-10, 4.328084e+01, -1.782258e-01
2.244400e+09, 9.815585e-02, 9.556198e-01, -1.162738e+00, 5.635187e-01, 4.474122e-10, 4.046566e-10, 4.321518e+01, -1.799773e-01
2.248200e+09, 9.865865e-02, 9.555760e-01, -1.173420e+00, 5.538571e-01, 4.455448e-10, 4.046296e-10, 4.314860e+01, -1.817041e-01
2.252000e+09, 9.915658e-02, 9.555326e-01, -1.184058e+00, 5.441961e-01, 4.437054e-10, 4.046028e-10, 4.308112e+01, -1.834058e-01
2.255800e+09, 9.964958e-02, 9.554895e-01, -1.194652e+00, 5.345358e-01, 4.418931e-10, 4.045763e-10, 4.301277e+01, -1.850822e-01
2.259600e+09, 1.001376e-01, 9.554467e-01, -1.205203e+00, 5.248761e-01, 4.401070e-10, 4.045500e-10, 4.294357e+01, -1.867328e-01
2.263400e+09, 1.006206e-01, 9.554042e-01, -1.215711e+00, 5.152170e-01, 4.383465e-10, 4.045239e-10, 4.287354e+01, -1.883573e-01
2.267200e+09, 1.010984e-01, 9.553621e-01, -1.226177e+00, 5.055586e-01, 4.366107e-10, 4.044981e-10, 4.280272e+01, -1.899555e-01
2.271000e+09, 1.015712e-01, 9.553203e-01, -1.236601e+00, 4.959007e-01, 4.348988e-10, 4.044725e-10, 4.273112e+01, -1.915270e-01
2.274800e+09, 1.020387e-01, 9.552789e-01, -1.246985e+00, 4.862435e-01, 4.332101e-10, 4.044471e-10, 4.265877e+01, -1.930716e-01
2.278600e+09, 1.025009e-01, 9.552378e-01, -1.257328e+00, 4.765869e-01, 4.315439e-10, 4.044221e-10, 4.258569e+01, -1.945889e-01
2.282400e+09, 1.029579e-01, 9.551971e-01, -1.267632e+00, 4.669309e-01, 4.298994e-10, 4.043973e-10, 4.251191e+01, -1.960787e-01
2.286200e+09, 1.034095e-01, 9.551568e-01, -1.277896e+00, 4.572754e-01, 4.282761e-10, 4.043728e-10, 4.243746e+01, -1.975407e-01
2.290000e+09, 1.038556e-01, 9.551169e-01, -1.288122e+00, 4.476206e-01, 4.266732e-10, 4.043485e-10, 4.236235e+01, -1.989746e-01
2.293800e+09, 1.042963e-01, 9.550774e-01, -1.298309e+00, 4.379663e-01, 4.250901e-10, 4.043245e-10, 4.228662e+01, -2.003802e-01
2.297600e+09, 1.047315e-01, 9.550383e-01, -1.308459e+00, 4.283126e-01, 4.235261e-10, 4.043008e-10, 4.221028e+01, -2.017572e-01
2.301400e+09, 1.051612e-01, 9.549996e-01, -1.318571e+00, 4.186595e-01, 4.219807e-10, 4.042774e-10, 4.213337e+01, -2.031055e-01
2.305200e+09, 1.055852e-01, 9.549613e-01, -1.328646e+00, 4.090069e-01, 4.204532e-10, 4.042543e-10, 4.205591e+01, -2.044247e-01
2.309000e+09, 1.060036e-01, 9.549235e-01, -1.338685e+00, 3.993549e-01, 4.189431e-10, 4.042315e-10, 4.197791e+01, -2.057146e-01
2.312800e+09, 1.064162e-01, 9.548861e-01, -1.348687e+00, 3.897034e-01, 4.174497e-10, 4.042090e-10, 4.189942e+01, -2.069751e-01
2.316600e+09, 1.068232e-01, 9.548492e-01, -1.358655e+00, 3.800525e-01, 4.159726e-10, 4.041868e-10, 4.182045e+01, -2.082060e-01
2.320400e+09, 1.072243e-01, 9.548127e-01, -1.368586e+00, 3.704021e-01, 4.145111e-10, 4.041649e-10, 4.174102e+01, -2.094070e-01
2.324200e+09, 1.076196e-01, 9.547767e-01, -1.378483e+00, 3.607522e-01, 4.130648e-10, 4.041434e-10, 4.166117e+01, -2.105780e-01
2.328000e+09, 1.080090e-01, 9.547412e-01, -1.388346e+00, 3.511028e-01, 4.116331e-10, 4.041221e-10, 4.158091e+01, -2.117188e-01
2.331800e+09, 1.083924e-01, 9.547062e-01, -1.398174e+00, 3.414540e-01, 4.102155e-10, 4.041012e-10, 4.150028e+01, -2.128292e-01
2.335600e+09, 1.087700e-01, 9.546716e-01, -1.407968e+00, 3.318056e-01, 4.088114e-10, 4.040806e-10, 4.141928e+01, -2.139091e-01
2.339400e+09, 1.091414e-01, 9.546376e-01, -1.417729e+00, 3.221577e-01, 4.074205e-10, 4.040603e-10, 4.133796e+01, -2.149583e-01
2.343200e+09, 1.095069e-01, 9.546040e-01, -1.427457e+00, 3.125103e-01, 4.060423e-10, 4.040404e-10, 4.125633e+01, -2.159766e-01
2.347000e+09, 1.098662e-01, 9.545710e-01, -1.437151e+00, 3.028634e-01, 4.046762e-10, 4.040208e-10, 4.117442e+01, -2.169641e-01
2.350800e+09, 1.102195e-01, 9.545385e-01, -1.446813e+00, 2.932170e-01, 4.033218e-10, 4.040016e-10, 4.109225e+01, -2.179205e-01
2.354600e+09, 1.105665e-01, 9.545066e-01, -1.456443e+00, 2.835710e-01, 4.019786e-10, 4.039827e-10, 4.100984e+01, -2.188457e-01
2.358400e+09, 1.109073e-01, 9.544752e-01, -1.466041e+00, 2.739255e-01, 4.006463e-10, 4.039642e-10, 4.092722e+01, -2.197396e-01
2.362200e+09, 1.112419e-01, 9.544443e-01, -1.475607e+00, 2.642804e-01, 3.993243e-10, 4.039461e-10, 4.084442e+01, -2.206021e-01
2.366000e+09, 1.115702e-01, 9.544140e-01, -1.485141e+00, 2.546357e-01, 3.980123e-10, 4.039283e-10, 4.076145e+01, -2.214332e-01
2.369800e+09, 1.118922e-01, 9.543842e-01, -1.494644e+00, 2.449915e-01, 3.967098e-10, 4.039108e-10, 4.067834e+01, -2.222327e-01
2.373600e+09, 1.122078e-01, 9.543551e-01, -1.504116e+00, 2.353477e-01, 3.954165e-10, 4.038938e-10, 4.059511e+01, -2.230005e-01
2.377400e+09, 1.125171e-01, 9.543265e-01, -1.513557e+00, 2.257043e-01, 3.941318e-10, 4.038771e-10, 4.051179e+01, -2.237367e-01
2.381200e+09, 1.128198e-01, 9.542984e-01, -1.522967e+00, 2.160613e-01, 3.928555e-10, 4.038608e-10, 4.042839e+01, -2.244412e-01
2.385000e+09, 1.131162e-01, 9.542710e-01, -1.532347e+00, 2.064186e-01, 3.915871e-10, 4.038449e-10, 4.034495e+01, -2.251139e-01
2.388800e+09, 1.134060e-01, 9.542442e-01, -1.541697e+00, 1.967764e-01, 3.903262e-10, 4.038294e-10, 4.026147e+01, -2.257547e-01
2.392600e+09, 1.136893e-01, 9.542180e-01, -1.551016e+00, 1.871345e-01, 3.890724e-10, 4.038143e-10, 4.017799e+01, -2.263637e-01
2.396400e+09, 1.139661e-01, 9.541923e-01, -1.560306e+00, 1.774930e-01, 3.878255e-10, 4.037996e-10, 4.009453e+01, -2.269409e-01
2.400200e+09, 1.142362e-01, 9.541673e-01, -1.569565e+00, 1.678518e-01, 3.865849e-10, 4.037852e-10, 4.001111e+01, -2.274862e-01
2.404000e+09, 1.144998e-01, 9.541430e-01, -1.578796e+00, 1.582110e-01, 3.853504e-10, 4.037713e-10, 3.992774e+01, -2.279995e-01
2.407800e+09, 1.147566e-01, 9.541192e-01, -1.587996e+00, 1.485705e-01, 3.841215e-10, 4.037579e-10, 3.984446e+01, -2.284810e-01
2.411600e+09, 1.150068e-01, 9.540961e-01, -1.597168e+00, 1.389304e-01, 3.828980e-10, 4.037448e-10, 3.976128e+01, -2.289307e-01
2.415400e+09, 1.152503e-01, 9.540736e-01, -1.606310e+00, 1.292905e-01, 3.816794e-10, 4.037321e-10, 3.967822e+01, -2.293485e-01
2.419200e+09, 1.154871e-01, 9.540518e-01, -1.615423e+00, 1.196510e-01, 3.804655e-10, 4.037199e-10, 3.959531e+01, -2.297344e-01
2.423000e+09, 1.157170e-01, 9.540306e-01, -1.624507e+00, 1.100117e-01, 3.792558e-10, 4.037081e-10, 3.951256e+01, -2.300887e-01
2.426800e+09, 1.159402e-01, 9.540101e-01, -1.633562e+00, 1.003727e-01, 3.780500e-10, 4.036968e-10, 3.943000e+01, -2.304111e-01
2.430600e+09, 1.161566e-01, 9.539903e-01, -1.642588e+00, 9.073403e-02, 3.768478e-10, 4.036859e-10, 3.934764e+01, -2.307019e-01
2.434400e+09, 1.163661e-01, 9.539711e-01, -1.651586e+00, 8.109558e-02, 3.756489e-10, 4.036754e-10, 3.926550e+01, -2.309611e-01
2.438200e+09, 1.165688e-01, 9.539526e-01, -1.660555e+00, 7.145738e-02, 3.744528e-10, 4.036654e-10, 3.918362e+01, -2.311888e-01
2.442000e+09, 1.167645e-01, 9.539348e-01, -1.669495e+00, 6.181943e-02, 3.732594e-10, 4.036558e-10, 3.910199e+01, -2.313849e-01
2.445800e+09, 1.169533e-01, 9.539177e-01, -1.678407e+00, 5.218170e-02, 3.720682e-10, 4.036467e-10, 3.902065e+01, -2.315498e-01
2.449600e+09, 1.171352e-01, 9.539012e-01, -1.687291e+00, 4.254419e-02, 3.708788e-10, 4.036381e-10, 3.893961e+01, -2.316833e-01
2.453400e+09, 1.173102e-01, 9.538855e-01, -1.696146e+00, 3.290688e-02, 3.696911e-10, 4.036299e-10, 3.885889e+01, -2.317856e-01
2.457200e+09, 1.174781e-01, 9.538705e-01, -1.704973e+00, 2.326977e-02, 3.685046e-10, 4.036223e-10, 3.877851e+01, -2.318569e-01
2.461000e+09, 1.176391e-01, 9.538562e-01, -1.713771e+00, 1.363284e-02, 3.673191e-10, 4.036151e-10, 3.869849e+01, -2.318972e-01
2.464800e+09, 1.177930e-01, 9.538426e-01, -1.722541e+00, 3.996089e-03, 3.661342e-10, 4.036083e-10, 3.861885e+01, -2.319067e-01
2.468600e+09, 1.179399e-01, 9.538297e-01, -1.731283e+00, -5.640506e-03, 3.649495e-10, 4.036021e-10, 3.853959e+01, -2.318855e-01
2.472400e+09, 1.180797e-01, 9.538175e-01, -1.739997e+00, -1.527695e-02, 3.637648e-10, 4.035964e-10, 3.846075e+01, -2.318338e-01
2.476200e+09, 1.182124e-01, 9.538061e-01, -1.748682e+00, -2.491326e-02, 3.625798e-10, 4.035911e-10, 3.838234e+01, -2.317517e-01
2.480000e+09, 1.183381e-01, 9.537953e-01, -1.757339e+00, -3.454944e-02, 3.613940e-10, 4.035864e-10, 3.830437e+01, -2.316393e-01
2.483800e+09, 1.184566e-01, 9.537854e-01, -1.765968e+00, -4.418552e-02, 3.602073e-10, 4.035822e-10, 3.822686e+01, -2.314969e-01
2.487600e+09, 1.185680e-01, 9.537761e-01, -1.774568e+00, -5.382149e-02, 3.590192e-10, 4.035785e-10, 3.814984e+01, -2.313246e-01
2.491400e+09, 1.186722e-01, 9.537676e-01, -1.783140e+00, -6.345737e-02, 3.578294e-10, 4.035753e-10, 3.807330e+01, -2.311225e-01
2.495200e+09, 1.187693e-01, 9.537599e-01, -1.791684e+00, -7.309317e-02, 3.566377e-10, 4.035726e-10, 3.799728e+01, -2.308910e-01
2.499000e+09, 1.188592e-01, 9.537529e-01, -1.800199e+00, -8.272892e-02, 3.554436e-10, 4.035705e-10, 3.792179e+01, -2.306301e-01
2.502800e+09, 1.189420e-01, 9.537467e-01, -1.808685e+00, -9.236461e-02, 3.542469e-10, 4.035689e-10, 3.784683e+01, -2.303400e-01
2.506600e+09, 1.190175e-01, 9.537412e-01, -1.817143e+00, -1.020003e-01, 3.530473e-10, 4.035678e-10, 3.777244e+01, -2.300211e-01
2.510400e+09, 1.190858e-01, 9.537365e-01, -1.825573e+00, -1.116359e-01, 3.518443e-10, 4.035673e-10, 3.769861e+01, -2.296735e-01
2.514200e+09, 1.191469e-01, 9.537325e-01, -1.833974e+00, -1.212715e-01, 3.506377e-10, 4.035674e-10, 3.762538e+01, -2.292974e-01
2.518000e+09, 1.192008e-01, 9.537293e-01, -1.842345e+00, -1.309071e-01, 3.494272e-10, 4.035680e-10, 3.755275e+01, -2.288930e-01
2.521800e+09, 1.192474e-01, 9.537269e-01, -1.850688e+00, -1.405428e-01, 3.482123e-10, 4.035691e-10, 3.748073e+01, -2.284607e-01
2.525600e+09, 1.192868e-01, 9.537252e-01, -1.859002e+00, -1.501784e-01, 3.469928e-10, 4.035708e-10, 3.740934e+01, -2.280007e-01
2.529400e+09, 1.193189e-01, 9.537244e-01, -1.867287e+00, -1.598141e-01, 3.457684e-10, 4.035731e-10, 3.733860e+01, -2.275131e-01
2.533200e+09, 1.193438e-01, 9.537243e-01, -1.875543e+00, -1.694499e-01, 3.445386e-10, 4.035759e-10, 3.726852e+01, -2.269984e-01
2.537000e+09, 1.193614e-01, 9.537249e-01, -1.883769e+00, -1.790857e-01, 3.433031e-10, 4.035794e-10, 3.719911e+01, -2.264567e-01
2.540800e+09, 1.193717e-01, 9.537264e-01, -1.891966e+00, -1.887216e-01, 3.420616e-10, 4.035834e-10, 3.713038e+01, -2.258883e-01
2.544600e+09, 1.193747e-01, 9.537286e-01, -1.900133e+00, -1.983576e-01, 3.408137e-10, 4.035880e-10, 3.706235e+01, -2.252935e-01
2.548400e+09, 1.193705e-01, 9.537317e-01, -1.908270e+00, -2.079937e-01, 3.395591e-10, 4.035932e-10, 3.699502e+01, -2.246727e-01
2.552200e+09, 1.193589e-01, 9.537355e-01, -1.916377e+00, -2.176299e-01, 3.382973e-10, 4.035989e-10, 3.692843e+01, -2.240261e-01
2.556000e+09, 1.193401e-01, 9.537401e-01, -1.924455e+00, -2.272663e-01, 3.370281e-10, 4.036053e-10, 3.686256e+01, -2.233540e-01
2.559800e+09, 1.193140e-01, 9.537454e-01, -1.932502e+00, -2.369028e-01, 3.357511e-10, 4.036123e-10, 3.679744e+01, -2.226567e-01
2.563600e+09, 1.192806e-01, 9.537516e-01, -1.940518e+00, -2.465395e-01, 3.344659e-10, 4.036199e-10, 3.673308e+01, -2.219346e-01
2.567400e+09, 1.192399e-01, 9.537586e-01, -1.948504e+00, -2.561764e-01, 3.331720e-10, 4.036281e-10, 3.666949e+01, -2.211880e-01
2.571200e+09, 1.191919e-01, 9.537663e-01, -1.956459e+00, -2.658134e-01, 3.318692e-10, 4.036369e-10, 3.660667e+01, -2.204172e-01
2.575000e+09, 1.191367e-01, 9.537748e-01, -1.964382e+00, -2.754507e-01, 3.305569e-10, 4.036463e-10, 3.654465e+01, -2.196226e-01
2.578800e+09, 1.190741e-01, 9.537842e-01, -1.972275e+00, -2.850882e-01, 3.292349e-10, 4.036563e-10, 3.648343e+01, -2.188045e-01
2.582600e+09, 1.190043e-01, 9.537943e-01, -1.980136e+00, -2.947260e-01, 3.279028e-10, 4.036670e-10, 3.642302e+01, -2.179633e-01
2.586400e+09, 1.189271e-01, 9.538052e-01, -1.987965e+00, -3.043640e-01, 3.265600e-10, 4.036783e-10, 3.636343e+01, -2.170993e-01
2.590200e+09, 1.188427e-01, 9.538169e-01, -1.995762e+00, -3.140022e-01, 3.252062e-10, 4.036902e-10, 3.630468e+01, -2.162129e-01
2.594000e+09, 1.187511e-01, 9.538293e-01, -2.003526e+00, -3.236408e-01, 3.238410e-10, 4.037028e-10, 3.624676e+01, -2.153045e-01
2.597800e+09, 1.186522e-01, 9.538426e-01, -2.011258e+00, -3.332796e-01, 3.224639e-10, 4.037159e-10, 3.618970e+01, -2.143744e-01
2.601600e+09, 1.185460e-01, 9.538566e-01, -2.018958e+00, -3.429188e-01, 3.210746e-10, 4.037298e-10, 3.613350e+01, -2.134231e-01
2.605400e+09, 1.184326e-01, 9.538714e-01, -2.026624e+00, -3.525583e-01, 3.196725e-10, 4.037442e-10, 3.607816e+01, -2.124509e-01
2.609200e+09, 1.183119e-01, 9.538870e-01, -2.034256e+00, -3.621981e-01, 3.182572e-10, 4.037593e-10, 3.602370e+01, -2.114583e-01
2.613000e+09, 1.181840e-01, 9.539034e-01, -2.041855e+00, -3.718383e-01, 3.168282e-10, 4.037751e-10, 3.597013e+01, -2.104457e-01
2.616800e+09, 1.180489e-01, 9.539205e-01, -2.049419e+00, -3.814789e-01, 3.153851e-10, 4.037915e-10, 3.591745e+01, -2.094134e-01
2.620600e+09, 1.179067e-01, 9.539384e-01, -2.056950e+00, -3.911199e-01, 3.139274e-10, 4.038085e-10, 3.586567e+01, -2.083619e-01
2.624400e+09, 1.177572e-01, 9.539571e-01, -2.064445e+00, -4.007612e-01, 3.124545e-10, 4.038262e-10, 3.581481e+01, -2.072916e-01
2.628200e+09, 1.176005e-01, 9.539765e-01, -2.071905e+00, -4.104030e-01, 3.109661e-10, 4.038445e-10, 3.576485e+01, -2.062029e-01
2.632000e+09, 1.174367e-01, 9.539967e-01, -2.079330e+00, -4.200453e-01, 3.094616e-10, 4.038635e-10, 3.571583e+01, -2.050963e-01
2.635800e+09, 1.172658e-01, 9.540177e-01, -2.086719e+00, -4.296879e-01, 3.079404e-10, 4.038831e-10, 3.566773e+01, -2.039723e-01
2.639600e+09, 1.170877e-01, 9.540394e-01, -2.094071e+00, -4.393311e-01, 3.064021e-10, 4.039033e-10, 3.562057e+01, -2.028312e-01
2.643400e+09, 1.169025e-01, 9.540618e-01, -2.101387e+00, -4.489747e-01, 3.048461e-10, 4.039243e-10, 3.557435e+01, -2.016735e-01
2.647200e+09, 1.167102e-01, 9.540850e-01, -2.108665e+00, -4.586189e-01, 3.032718e-10, 4.039458e-10, 3.552908e+01, -2.004997e-01
2.651000e+09, 1.165109e-01, 9.541090e-01, -2.115906e+00, -4.682635e-01, 3.016787e-10, 4.039680e-10, 3.548477e+01, -1.993102e-01
2.654800e+09, 1.163045e-01, 9.541336e-01, -2.123109e+00, -4.779087e-01, 3.000662e-10, 4.039909e-10, 3.544142e+01, -1.981056e-01
2.658600e+09, 1.160911e-01, 9.541590e-01, -2.130274e+00, -4.875544e-01, 2.984338e-10, 4.040144e-10, 3.539903e+01, -1.968862e-01
2.662400e+09, 1.158707e-01, 9.541851e-01, -2.137399e+00, -4.972007e-01, 2.967807e-10, 4.040385e-10, 3.535762e+01, -1.956526e-01
2.666200e+09, 1.156433e-01, 9.542120e-01, -2.144485e+00, -5.068476e-01, 2.951065e-10, 4.040633e-10, 3.531718e+01, -1.944052e-01
2.670000e+09, 1.154090e-01, 9.542395e-01, -2.151531e+00, -5.164950e-01, 2.934104e-10, 4.040887e-10, 3.527772e+01, -1.931445e-01
2.673800e+09, 1.151677e-01, 9.542677e-01, -2.158536e+00, -5.261431e-01, 2.916919e-10, 4.041147e-10, 3.523925e+01, -1.918711e-01
2.677600e+09, 1.149196e-01, 9.542966e-01, -2.165501e+00, -5.357918e-01, 2.899503e-10, 4.041414e-10, 3.520177e+01, -1.905853e-01
2.681400e+09, 1.146646e-01, 9.543262e-01, -2.172424e+00, -5.454411e-01, 2.881848e-10, 4.041687e-10, 3.516528e+01, -1.892878e-01
2.685200e+09, 1.144027e-01, 9.543565e-01, -2.179305e+00, -5.550911e-01, 2.863949e-10, 4.041966e-10, 3.512978e+01, -1.879790e-01
2.689000e+09, 1.141341e-01, 9.543875e-01, -2.186142e+00, -5.647417e-01, 2.845798e-10, 4.042252e-10, 3.509529e+01, -1.866594e-01
2.692800e+09, 1.138586e-01, 9.544191e-01, -2.192937e+00, -5.743931e-01, 2.827387e-10, 4.042543e-10, 3.506180e+01, -1.853295e-01
2.696600e+09, 1.135765e-01, 9.544513e-01, -2.199688e+00, -5.840451e-01, 2.808711e-10, 4.042841e-10, 3.502932e+01, -1.839899e-01
2.700400e+09, 1.132876e-01, 9.544843e-01, -2.206394e+00, -5.936978e-01, 2.789760e-10, 4.043145e-10, 3.499784e+01, -1.826410e-01
2.704200e+09, 1.129920e-01, 9.545178e-01, -2.213055e+00, -6.033513e-01, 2.770527e-10, 4.043454e-10, 3.496738e+01, -1.812834e-01
2.708000e+09, 1.126899e-01, 9.545520e-01, -2.219670e+00, -6.130055e-01, 2.751005e-10, 4.043770e-10, 3.493793e+01, -1.799177e-01
2.711800e+09, 1.123811e-01, 9.545867e-01, -2.226238e+00, -6.226604e-01, 2.731185e-10, 4.044092e-10, 3.490949e+01, -1.785442e-01
2.715600e+09, 1.120658e-01, 9.546221e-01, -2.232759e+00, -6.323161e-01, 2.711059e-10, 4.044419e-10, 3.488207e+01, -1.771636e-01
2.719400e+09, 1.117440e-01, 9.546581e-01, -2.239232e+00, -6.419726e-01, 2.690619e-10, 4.044752e-10, 3.485567e+01, -1.757764e-01
2.723200e+09, 1.114157e-01, 9.546946e-01, -2.245656e+00, -6.516299e-01, 2.669855e-10, 4.045091e-10, 3.483029e+01, -1.743830e-01
2.727000e+09, 1.110810e-01, 9.547318e-01, -2.252031e+00, -6.612880e-01, 2.648759e-10, 4.045436e-10, 3.480592e+01, -1.729842e-01
2.730800e+09, 1.107399e-01, 9.547694e-01, -2.258355e+00, -6.709469e-01, 2.627321e-10, 4.045786e-10, 3.478258e+01, -1.715803e-01
2.734600e+09, 1.103925e-01, 9.548077e-01, -2.264628e+00, -6.806067e-01, 2.605534e-10, 4.046141e-10, 3.476025e+01, -1.701720e-01
2.738400e+09, 1.100388e-01, 9.548464e-01, -2.270849e+00, -6.902673e-01, 2.583385e-10, 4.046502e-10, 3.473895e+01, -1.687597e-01
2.742200e+09, 1.096789e-01, 9.548857e-01, -2.277017e+00, -6.999288e-01, 2.560867e-10, 4.046868e-10, 3.471867e+01, -1.673441e-01
2.746000e+09, 1.093128e-01, 9.549255e-01, -2.283131e+00, -7.095911e-01, 2.537969e-10, 4.047239e-10, 3.469940e+01, -1.659256e-01
2.749800e+09, 1.089406e-01, 9.549658e-01, -2.289191e+00, -7.192543e-01, 2.514680e-10, 4.047615e-10, 3.468116e+01, -1.645048e-01
2.753600e+09, 1.085623e-01, 9.550066e-01, -2.295195e+00, -7.289185e-01, 2.490990e-10, 4.047997e-10, 3.466393e+01, -1.630822e-01
2.757400e+09, 1.081781e-01, 9.550478e-01, -2.301143e+00, -7.385835e-01, 2.466889e-10, 4.048383e-10, 3.464772e+01, -1.616584e-01
2.761200e+09, 1.077878e-01, 9.550895e-01, -2.307033e+00, -7.482495e-01, 2.442364e-10, 4.048774e-10, 3.463252e+01, -1.602340e-01
2.765000e+09, 1.073917e-01, 9.551317e-01, -2.312864e+00, -7.579164e-01, 2.417406e-10, 4.049169e-10, 3.461834e+01, -1.588094e-01
2.768800e+09, 1.069897e-01, 9.551743e-01, -2.318636e+00, -7.675842e-01, 2.392002e-10, 4.049569e-10, 3.460517e+01, -1.573852e-01
2.772600e+09, 1.065820e-01, 9.552173e-01, -2.324347e+00, -7.772530e-01, 2.366140e-10, 4.049974e-10, 3.459300e+01, -1.559621e-01
2.776400e+09, 1.061686e-01, 9.552606e-01, -2.329997e+00, -7.869228e-01, 2.339808e-10, 4.050383e-10, 3.458185e+01, -1.545404e-01
2.780200e+09, 1.057495e-01, 9.553044e-01, -2.335583e+00, -7.965935e-01, 2.312994e-10, 4.050796e-10, 3.457169e+01, -1.531208e-01
2.784000e+09, 1.053249e-01, 9.553485e-01, -2.341106e+00, -8.062652e-01, 2.285685e-10, 4.051213e-10, 3.456254e+01, -1.517038e-01
2.787800e+09, 1.048948e-01, 9.553930e-01, -2.346563e+00, -8.159379e-01, 2.257867e-10, 4.051634e-10, 3.455438e+01, -1.502899e-01
2.791600e+09, 1.044593e-01, 9.554378e-01, -2.351954e+00, -8.256117e-01, 2.229529e-10, 4.052058e-10, 3.454722e+01, -1.488797e-01
2.795400e+09, 1.040185e-01, 9.554830e-01, -2.357277e+00, -8.352864e-01, 2.200655e-10, 4.052487e-10, 3.454104e+01, -1.474738e-01
2.799200e+09, 1.035723e-01, 9.555284e-01, -2.362531e+00, -8.449622e-01, 2.171232e-10, 4.052919e-10, 3.453585e+01, -1.460726e-01
2.803000e+09, 1.031210e-01, 9.555742e-01, -2.367715e+00, -8.546389e-01, 2.141245e-10, 4.053354e-10, 3.453164e+01, -1.446767e-01
2.806800e+09, 1.026646e-01, 9.556202e-01, -2.372828e+00, -8.643168e-01, 2.110680e-10, 4.053793e-10, 3.452841e+01, -1.432867e-01
2.810600e+09, 1.022032e-01, 9.556664e-01, -2.377867e+00, -8.739957e-01, 2.079523e-10, 4.054234e-10, 3.452615e+01, -1.419030e-01
2.814400e+09, 1.017369e-01, 9.557129e-01, -2.382832e+00, -8.836756e-01, 2.047757e-10, 4.054679e-10, 3.452485e+01, -1.405262e-01
2.818200e+09, 1.012657e-01, 9.557596e-01, -2.387722e+00, -8.933566e-01, 2.015367e-10, 4.055126e-10, 3.452451e+01, -1.391569e-01
2.822000e+09, 1.007898e-01, 9.558065e-01, -2.392534e+00, -9.030386e-01, 1.982338e-10, 4.055576e-10, 3.452513e+01, -1.377955e-01
2.825800e+09, 1.003092e-01, 9.558536e-01, -2.397267e+00, -9.127218e-01, 1.948652e-10, 4.056028e-10, 3.452669e+01, -1.364426e-01
2.829600e+09, 9.982403e-02, 9.559009e-01, -2.401919e+00, -9.224060e-01, 1.914294e-10, 4.056483e-10, 3.452920e+01, -1.350986e-01
2.833400e+09, 9.933443e-02, 9.559483e-01, -2.406490e+00, -9.320913e-01, 1.879246e-10, 4.056940e-10, 3.453265e+01, -1.337642e-01
2.837200e+09, 9.884047e-02, 9.559958e-01, -2.410977e+00, -9.417777e-01, 1.843492e-10, 4.057399e-10, 3.453702e+01, -1.324398e-01
2.841000e+09, 9.834227e-02, 9.560435e-01, -2.415378e+00, -9.514652e-01, 1.807013e-10, 4.057859e-10, 3.454231e+01, -1.311259e-01
2.844800e+09, 9.783992e-02, 9.560912e-01, -2.419693e+00, -9.611538e-01, 1.769792e-10, 4.058322e-10, 3.454852e+01, -1.298230e-01
2.848600e+09, 9.733354e-02, 9.561390e-01, -2.423918e+00, -9.708434e-01, 1.731811e-10, 4.058785e-10, 3.455564e+01, -1.285317e-01
2.852400e+09, 9.682325e-02, 9.561869e-01, -2.428053e+00, -9.805342e-01, 1.693052e-10, 4.059250e-10, 3.456365e+01, -1.272524e-01
2.856200e+09, 9.630915e-02, 9.562348e-01, -2.432096e+00, -9.902262e-01, 1.653494e-10, 4.059717e-10, 3.457256e+01, -1.259856e-01
2.860000e+09, 9.579137e-02, 9.562827e-01, -2.436044e+00, -9.999192e-01, 1.613121e-10, 4.060184e-10, 3.458234e+01, -1.247318e-01
2.863800e+09, 9.527004e-02, 9.563306e-01, -2.439895e+00, -1.009613e+00, 1.571912e-10, 4.060652e-10, 3.459300e+01, -1.234915e-01
2.867600e+09, 9.474527e-02, 9.563785e-01, -2.443648e+00, -1.019309e+00, 1.529847e-10, 4.061121e-10, 3.460453e+01, -1.222651e-01
2.871400e+09, 9.421721e-02, 9.564264e-01, -2.447301e+00, -1.029005e+00, 1.486908e-10, 4.061590e-10, 3.461691e+01, -1.210532e-01
2.875200e+09, 9.368597e-02, 9.564742e-01, -2.450851e+00, -1.038702e+00, 1.443073e-10, 4.062059e-10, 3.463014e+01, -1.198562e-01
2.879000e+09, 9.315171e-02, 9.565219e-01, -2.454296e+00, -1.048401e+00, 1.398324e-10, 4.062529e-10, 3.464420e+01, -1.186745e-01
2.882800e+09, 9.261455e-02, 9.565695e-01, -2.457635e+00, -1.058101e+00, 1.352639e-10, 4.062998e-10, 3.465909e+01, -1.175086e-01
2.886600e+09, 9.207465e-02, 9.566170e-01, -2.460865e+00, -1.067802e+00, 1.305999e-10, 4.063467e-10, 3.467480e+01, -1.163589e-01
2.890400e+09, 9.153216e-02, 9.566644e-01, -2.463983e+00, -1.077504e+00, 1.258383e-10, 4.063936e-10, 3.469131e+01, -1.152260e-01
2.894200e+09, 9.098722e-02, 9.567116e-01, -2.466987e+00, -1.087207e+00, 1.209770e-10, 4.064404e-10, 3.470862e+01, -1.141102e-01
2.898000e+09, 9.043999e-02, 9.567587e-01, -2.469876e+00, -1.096911e+00, 1.160141e-10, 4.064872e-10, 3.472671e+01, -1.130119e-01
2.901800e+09, 8.989063e-02, 9.568055e-01, -2.472646e+00, -1.106616e+00, 1.109474e-10, 4.065338e-10, 3.474558e+01, -1.119316e-01
2.905600e+09, 8.933932e-02, 9.568522e-01, -2.475295e+00, -1.116323e+00, 1.057749e-10, 4.065803e-10, 3.476520e+01, -1.108697e-01
2.909400e+09, 8.878621e-02, 9.568986e-01, -2.477820e+00, -1.126030e+00, 1.004946e-10, 4.066267e-10, 3.478558e+01, -1.098266e-01
2.913200e+09, 8.823148e-02, 9.569447e-01, -2.480220e+00, -1.135739e+00, 9.510458e-11, 4.066730e-10, 3.480670e+01, -1.088027e-01
2.917000e+09, 8.767531e-02, 9.569906e-01, -2.482490e+00, -1.145449e+00, 8.960283e-11, 4.067191e-10, 3.482854e+01, -1.077984e-01
2.920800e+09, 8.711789e-02, 9.570362e-01, -2.484630e+00, -1.155160e+00, 8.398743e-11, 4.067650e-10, 3.485109e+01, -1.068140e-01
2.924600e+09, 8.655940e-02, 9.570815e-01, -2.486635e+00, -1.164872e+00, 7.825653e-11, 4.068107e-10, 3.487434e+01, -1.058500e-01
2.928400e+09, 8.600004e-02, 9.571264e-01, -2.488504e+00, -1.174585e+00, 7.240831e-11, 4.068562e-10, 3.489828e+01, -1.049068e-01
2.932200e+09, 8.544000e-02, 9.571711e-01, -2.490232e+00, -1.184299e+00, 6.644103e-11, 4.069014e-10, 3.492290e+01, -1.039846e-01
2.936000e+09, 8.487949e-02, 9.572153e-01, -2.491819e+00, -1.194014e+00, 6.035304e-11, 4.069464e-10, 3.494818e+01, -1.030839e-01
2.939800e+09, 8.431871e-02, 9.572592e-01, -2.493260e+00, -1.203730e+00, 5.414276e-11, 4.069911e-10, 3.497410e+01, -1.022049e-01
2.943600e+09, 8.375789e-02, 9.573026e-01, -2.494552e+00, -1.213448e+00, 4.780875e-11, 4.070356e-10, 3.500066e+01, -1.013481e-01
2.947400e+09, 8.319724e-02, 9.573457e-01, -2.495694e+00, -1.223166e+00, 4.134966e-11, 4.070797e-10, 3.502783e+01, -1.005138e-01
2.951200e+09, 8.263699e-02, 9.573883e-01, -2.496681e+00, -1.232885e+00, 3.476428e-11, 4.071236e-10, 3.505561e+01, -9.970219e-02
2.955000e+09, 8.207737e-02, 9.574304e-01, -2.497511e+00, -1.242606e+00, 2.805158e-11, 4.071671e-10, 3.508398e+01, -9.891371e-02
2.958800e+09, 8.151862e-02, 9.574721e-01, -2.498181e+00, -1.252328e+00, 2.121066e-11, 4.072102e-10, 3.511293e+01, -9.814861e-02
2.962600e+09, 8.096098e-02, 9.575133e-01, -2.498687e+00, -1.262050e+00, 1.424085e-11, 4.072530e-10, 3.514243e+01, -9.740721e-02
2.966400e+09, 8.040470e-02, 9.575539e-01, -2.499027e+00, -1.271774e+00, 7.141670e-12, 4.072954e-10, 3.517248e+01, -9.668979e-02
2.970200e+09, 7.985004e-02, 9.575941e-01, -2.499198e+00, -1.281498e+00, -8.712608e-14, 4.073374e-10, 3.520307e+01, -9.599662e-02
2.974000e+09, 7.929726e-02, 9.576337e-01, -2.499196e+00, -1.291224e+00, -7.445524e-12, 4.073790e-10, 3.523416e+01, -9.532798e-02
2.977800e+09, 7.874664e-02, 9.576727e-01, -2.499018e+00, -1.300951e+00, -1.493323e-11, 4.074202e-10, 3.526575e+01, -9.468411e-02
2.981600e+09, 7.819844e-02, 9.577112e-01, -2.498662e+00, -1.310678e+00, -2.254965e-11, 4.074610e-10, 3.529782e+01, -9.406528e-02
2.985400e+09, 7.765295e-02, 9.577490e-01, -2.498123e+00, -1.320407e+00, -3.029385e-11, 4.075012e-10, 3.533036e+01, -9.347171e-02
2.989200e+09, 7.711046e-02, 9.577863e-01, -2.497400e+00, -1.330136e+00, -3.816453e-11, 4.075411e-10, 3.536335e+01, -9.290365e-02
2.993000e+09, 7.657127e-02, 9.578229e-01, -2.496489e+00, -1.339867e+00, -4.616000e-11, 4.075804e-10, 3.539677e+01, -9.236132e-02
2.996800e+09, 7.603567e-02, 9.578589e-01, -2.495387e+00, -1.349598e+00, -5.427817e-11, 4.076192e-10, 3.543061e+01, -9.184492e-02
3.000600e+09, 7.550398e-02, 9.578942e-01, -2.494091e+00, -1.359331e+00, -6.251647e-11, 4.076576e-10, 3.546484e+01, -9.135465e-02
3.004400e+09, 7.497652e-02, 9.579289e-01, -2.492598e+00, -1.369064e+00, -7.087184e-11, 4.076954e-10, 3.549945e+01, -9.089072e-02
3.008200e+09, 7.445360e-02, 9.579628e-01, -2.490906e+00, -1.378798e+00, -7.934073e-11, 4.077327e-10, 3.553443e+01, -9.045330e-02
3.012000e+09, 7.393556e-02, 9.579961e-01, -2.489011e+00, -1.388533e+00, -8.791901e-11, 4.077694e-10, 3.556975e+01, -9.004256e-02
3.015800e+09, 7.342274e-02, 9.580286e-01, -2.486912e+00, -1.398269e+00, -9.660196e-11, 4.078056e-10, 3.560540e+01, -8.965867e-02
3.019600e+09, 7.291547e-02, 9.580604e-01, -2.484606e+00, -1.408006e+00, -1.053842e-10, 4.078412e-10, 3.564136e+01, -8.930178e-02
3.023400e+09, 7.241411e-02, 9.580914e-01, -2.482090e+00, -1.417744e+00, -1.142599e-10, 4.078763e-10, 3.567761e+01, -8.897202e-02
3.027200e+09, 7.191902e-02, 9.581217e-01, -2.479362e+00, -1.427482e+00, -1.232222e-10, 4.079107e-10, 3.571413e+01, -8.866955e-02
3.031000e+09, 7.143056e-02, 9.581512e-01, -2.476420e+00, -1.437221e+00, -1.322637e-10, 4.079446e-10, 3.575091e+01, -8.839447e-02
3.034800e+09, 7.094909e-02, 9.581799e-01, -2.473262e+00, -1.446962e+00, -1.413763e-10, 4.079778e-10, 3.578792e+01, -8.814690e-02
3.038600e+09, 7.047500e-02, 9.582079e-01, -2.469886e+00, -1.456702e+00, -1.505511e-10, 4.080104e-10, 3.582516e+01, -8.792693e-02
3.042400e+09, 7.000866e-02, 9.582350e-01, -2.466291e+00, -1.466444e+00, -1.597782e-10, 4.080424e-10, 3.586258e+01, -8.773467e-02
3.046200e+09, 6.955046e-02, 9.582612e-01, -2.462477e+00, -1.476187e+00, -1.690471e-10, 4.080738e-10, 3.590019e+01, -8.757019e-02
3.050000e+09, 6.910079e-02, 9.582867e-01, -2.458440e+00, -1.485930e+00, -1.783462e-10, 4.081045e-10, 3.593796e+01, -8.743357e-02
3.053800e+09, 6.866004e-02, 9.583112e-01, -2.454182e+00, -1.495674e+00, -1.876633e-10, 4.081345e-10, 3.597587e+01, -8.732486e-02
3.057600e+09, 6.822862e-02, 9.583350e-01, -2.449702e+00, -1.505418e+00, -1.969852e-10, 4.081639e-10, 3.601389e+01, -8.724411e-02
3.061400e+09, 6.780692e-02, 9.583578e-01, -2.444998e+00, -1.515164e+00, -2.062977e-10, 4.081926e-10, 3.605202e+01, -8.719137e-02
3.065200e+09, 6.739537e-02, 9.583798e-01, -2.440073e+00, -1.524910e+00, -2.155858e-10, 4.082207e-10, 3.609023e+01, -8.716666e-02
3.069000e+09, 6.699435e-02, 9.584008e-01, -2.434925e+00, -1.534657e+00, -2.248336e-10, 4.082480e-10, 3.612850e+01, -8.717000e-02
3.072800e+09, 6.660429e-02, 9.584210e-01, -2.429557e+00, -1.544404e+00, -2.340245e-10, 4.082747e-10, 3.616682e+01, -8.720141e-02
3.076600e+09, 6.622559e-02, 9.584402e-01, -2.423970e+00, -1.554152e+00, -2.431407e-10, 4.083006e-10, 3.620515e+01, -8.726087e-02
3.080400e+09, 6.585867e-02, 9.584586e-01, -2.418164e+00, -1.563901e+00, -2.521640e-10, 4.083259e-10, 3.624349e+01, -8.734838e-02
3.084200e+09, 6.550395e-02, 9.584760e-01, -2.412144e+00, -1.573650e+00, -2.610751e-10, 4.083504e-10, 3.628181e+01, -8.746391e-02
3.088000e+09, 6.516182e-02, 9.584924e-01, -2.405910e+00, -1.583400e+00, -2.698543e-10, 4.083742e-10, 3.632009e+01, -8.760743e-02
3.091800e+09, 6.483270e-02, 9.585079e-01, -2.399467e+00, -1.593150e+00, -2.784810e-10, 4.083973e-10, 3.635831e+01, -8.777891e-02
3.095600e+09, 6.451700e-02, 9.585224e-01, -2.392818e+00, -1.602901e+00, -2.869341e-10, 4.084197e-10, 3.639645e+01, -8.797827e-02
3.099400e+09, 6.421512e-02, 9.585360e-01, -2.385967e+00, -1.612652e+00, -2.951922e-10, 4.084414e-10, 3.643449e+01, -8.820547e-02
3.103200e+09, 6.392745e-02, 9.585486e-01, -2.378919e+00, -1.622404e+00, -3.032333e-10, 4.084623e-10, 3.647242e+01, -8.846041e-02
3.107000e+09, 6.365438e-02, 9.585602e-01, -2.371679e+00, -1.632157e+00, -3.110353e-10, 4.084824e-10, 3.651020e+01, -8.874303e-02
3.110800e+09, 6.339630e-02, 9.585708e-01, -2.364253e+00, -1.641910e+00, -3.185758e-10, 4.085019e-10, 3.654782e+01, -8.905323e-02
3.114600e+09, 6.315358e-02, 9.585804e-01, -2.356647e+00, -1.651663e+00, -3.258325e-10, 4.085206e-10, 3.658526e+01, -8.939089e-02
3.118400e+09, 6.292659e-02, 9.585890e-01, -2.348867e+00, -1.661417e+00, -3.327834e-10, 4.085385e-10, 3.662249e+01, -8.975590e-02
3.122200e+09, 6.271568e-02, 9.585966e-01, -2.340921e+00, -1.671172e+00, -3.394063e-10, 4.085557e-10, 3.665951e+01, -9.014814e-02
3.126000e+09, 6.252120e-02, 9.586032e-01, -2.332818e+00, -1.680926e+00, -3.456799e-10, 4.085722e-10, 3.669628e+01, -9.056748e-02
3.129800e+09, 6.234347e-02, 9.586087e-01, -2.324564e+00, -1.690681e+00, -3.515833e-10, 4.085879e-10, 3.673278e+01, -9.101375e-02
3.133600e+09, 6.218281e-02, 9.586133e-01, -2.316170e+00, -1.700437e+00, -3.570963e-10, 4.086028e-10, 3.676901e+01, -9.148682e-02
3.137400e+09, 6.203952e-02, 9.586168e-01, -2.307644e+00, -1.710193e+00, -3.621998e-10, 4.086170e-10, 3.680492e+01, -9.198651e-02
3.141200e+09, 6.191389e-02, 9.586192e-01, -2.298996e+00, -1.719949e+00, -3.668755e-10, 4.086304e-10, 3.684052e+01, -9.251264e-02
3.145000e+09, 6.180617e-02, 9.586207e-01, -2.290236e+00, -1.729705e+00, -3.711066e-10, 4.086431e-10, 3.687577e+01, -9.306503e-02
3.148800e+09, 6.171662e-02, 9.586210e-01, -2.281376e+00, -1.739462e+00, -3.748775e-10, 4.086550e-10, 3.691065e+01, -9.364349e-02
3.152600e+09, 6.164547e-02, 9.586204e-01, -2.272425e+00, -1.749219e+00, -3.781742e-10, 4.086661e-10, 3.694515e+01, -9.424780e-02
3.156400e+09, 6.159292e-02, 9.586187e-01, -2.263396e+00, -1.758977e+00, -3.809843e-10, 4.086765e-10, 3.697924e+01, -9.487775e-02
3.160200e+09, 6.155916e-02, 9.586159e-01, -2.254299e+00, -1.768734e+00, -3.832974e-10, 4.086862e-10, 3.701291e+01, -9.553312e-02
3.164000e+09, 6.154436e-02, 9.586121e-01, -2.245148e+00, -1.778492e+00, -3.851046e-10, 4.086951e-10, 3.704613e+01, -9.621368e-02
3.167800e+09, 6.154866e-02, 9.586072e-01, -2.235953e+00, -1.788250e+00, -3.863992e-10, 4.087032e-10, 3.707888e+01, -9.691916e-02
3.171600e+09, 6.157218e-02, 9.586013e-01, -2.226727e+00, -1.798008e+00, -3.871766e-10, 4.087106e-10, 3.711116e+01, -9.764933e-02
3.175400e+09, 6.161501e-02, 9.585943e-01, -2.217483e+00, -1.807767e+00, -3.874340e-10, 4.087172e-10, 3.714292e+01, -9.840393e-02
3.179200e+09, 6.167723e-02, 9.585862e-01, -2.208232e+00, -1.817525e+00, -3.871710e-10, 4.087231e-10, 3.717417e+01, -9.918266e-02
3.183000e+09, 6.175888e-02, 9.585771e-01, -2.198988e+00, -1.827284e+00, -3.863891e-10, 4.087282e-10, 3.720487e+01, -9.998527e-02
3.186800e+09, 6.185999e-02, 9.585669e-01, -2.189763e+00, -1.837043e+00, -3.850920e-10, 4.087326e-10, 3.723500e+01, -1.008114e-01
3.190600e+09, 6.198056e-02, 9.585556e-01, -2.180568e+00, -1.846802e+00, -3.832854e-10, 4.087362e-10, 3.726456e+01, -1.016609e-01
3.194400e+09, 6.212057e-02, 9.585433e-01, -2.171417e+00, -1.856561e+00, -3.809771e-10, 4.087391e-10, 3.729352e+01, -1.025333e-01
3.198200e+09, 6.227997e-02, 9.585299e-01, -2.162321e+00, -1.866320e+00, -3.781766e-10, 4.087413e-10, 3.732186e+01, -1.034284e-01
3.202000e+09, 6.245869e-02, 9.585154e-01, -2.153291e+00, -1.876079e+00, -3.748955e-10, 4.087427e-10, 3.734956e+01, -1.043458e-01
3.205800e+09, 6.265663e-02, 9.584999e-01, -2.144340e+00, -1.885838e+00, -3.711469e-10, 4.087433e-10, 3.737661e+01, -1.052852e-01
3.209600e+09, 6.287369e-02, 9.584833e-01, -2.135479e+00, -1.895597e+00, -3.669456e-10, 4.087433e-10, 3.740298e+01, -1.062462e-01
3.213400e+09, 6.310972e-02, 9.584656e-01, -2.126717e+00, -1.905357e+00, -3.623079e-10, 4.087425e-10, 3.742866e+01, -1.072285e-01
3.217200e+09, 6.336457e-02, 9.584469e-01, -2.118067e+00, -1.915116e+00, -3.572513e-10, 4.087410e-10, 3.745364e+01, -1.082318e-01
3.221000e+09, 6.363807e-02, 9.584271e-01, -2.109537e+00, -1.924875e+00, -3.517945e-10, 4.087387e-10, 3.747789e+01, -1.092556e-01
3.224800e+09, 6.393000e-02, 9.584062e-01, -2.101138e+00, -1.934634e+00, -3.459571e-10, 4.087358e-10, 3.750140e+01, -1.102996e-01
3.228600e+09, 6.424016e-02, 9.583843e-01, -2.092878e+00, -1.944393e+00, -3.397598e-10, 4.087321e-10, 3.752415e+01, -1.113634e-01
3.232400e+09, 6.456833e-02, 9.583614e-01, -2.084765e+00, -1.954152e+00, -3.332238e-10, 4.087277e-10, 3.754613e+01, -1.124466e-01
3.236200e+09, 6.491424e-02, 9.583373e-01, -2.076809e+00, -1.963911e+00, -3.263706e-10, 4.087226e-10, 3.756731e+01, -1.135489e-01
3.240000e+09, 6.527764e-02, 9.583123e-01, -2.069017e+00, -1.973670e+00, -3.192225e-10, 4.087168e-10, 3.758769e+01, -1.146697e-01
3.243800e+09, 6.565825e-02, 9.582861e-01, -2.061395e+00, -1.983428e+00, -3.118017e-10, 4.087103e-10, 3.760724e+01, -1.158088e-01
3.247600e+09, 6.605578e-02, 9.582589e-01, -2.053951e+00, -1.993187e+00, -3.041305e-10, 4.087031e-10, 3.762596e+01, -1.169656e-01
3.251400e+09, 6.646993e-02, 9.582307e-01, -2.046689e+00, -2.002945e+00, -2.962312e-10, 4.086952e-10, 3.764382e+01, -1.181398e-01
3.255200e+09, 6.690038e-02, 9.582015e-01, -2.039616e+00, -2.012703e+00, -2.881258e-10, 4.086866e-10, 3.766082e+01, -1.193309e-01
3.259000e+09, 6.734683e-02, 9.581712e-01, -2.032737e+00, -2.022461e+00, -2.798361e-10, 4.086773e-10, 3.767694e+01, -1.205385e-01
3.262800e+09, 6.780892e-02, 9.581398e-01, -2.026056e+00, -2.032218e+00, -2.713834e-10, 4.086673e-10, 3.769216e+01, -1.217621e-01
3.266600e+09, 6.828633e-02, 9.581075e-01, -2.019576e+00, -2.041976e+00, -2.627885e-10, 4.086567e-10, 3.770647e+01, -1.230013e-01
3.270400e+09, 6.877872e-02, 9.580741e-01, -2.013302e+00, -2.051733e+00, -2.540716e-10, 4.086453e-10, 3.771986e+01, -1.242555e-01
3.274200e+09, 6.928573e-02, 9.580397e-01, -2.007235e+00, -2.061490e+00, -2.452522e-10, 4.086334e-10, 3.773232e+01, -1.255245e-01
3.278000e+09, 6.980700e-02, 9.580042e-01, -2.001380e+00, -2.071246e+00, -2.363492e-10, 4.086207e-10, 3.774383e+01, -1.268075e-01
3.281800e+09, 7.034218e-02, 9.579678e-01, -1.995737e+00, -2.081002e+00, -2.273804e-10, 4.086074e-10, 3.775438e+01, -1.281043e-01
3.285600e+09, 7.089091e-02, 9.579303e-01, -1.990308e+00, -2.090758e+00, -2.183631e-10, 4.085934e-10, 3.776396e+01, -1.294143e-01
3.289400e+09, 7.145283e-02, 9.578919e-01, -1.985094e+00, -2.100514e+00, -2.093137e-10, 4.085787e-10, 3.777256e+01, -1.307371e-01
3.293200e+09, 7.202756e-02, 9.578524e-01, -1.980096e+00, -2.110269e+00, -2.002475e-10, 4.085635e-10, 3.778016e+01, -1.320720e-01
3.297000e+09, 7.261475e-02, 9.578120e-01, -1.975315e+00, -2.120024e+00, -1.911792e-10, 4.085475e-10, 3.778677e+01, -1.334187e-01
3.300800e+09, 7.321402e-02, 9.577705e-01, -1.970751e+00, -2.129779e+00, -1.821225e-10, 4.085309e-10, 3.779236e+01, -1.347766e-01
3.304600e+09, 7.382502e-02, 9.577281e-01, -1.966402e+00, -2.139533e+00, -1.730900e-10, 4.085137e-10, 3.779693e+01, -1.361452e-01
3.308400e+09, 7.444737e-02, 9.576847e-01, -1.962270e+00, -2.149287e+00, -1.640939e-10, 4.084958e-10, 3.780047e+01, -1.375240e-01
3.312200e+09, 7.508073e-02, 9.576404e-01, -1.958352e+00, -2.159040e+00, -1.551450e-10, 4.084773e-10, 3.780297e+01, -1.389125e-01
3.316000e+09, 7.572472e-02, 9.575951e-01, -1.954647e+00, -2.168793e+00, -1.462537e-10, 4.084582e-10, 3.780442e+01, -1.403102e-01
3.319800e+09, 7.637899e-02, 9.575488e-01, -1.951155e+00, -2.178545e+00, -1.374292e-10, 4.084385e-10, 3.780482e+01, -1.417165e-01
3.323600e+09, 7.704319e-02, 9.575015e-01, -1.947874e+00, -2.188297e+00, -1.286802e-10, 4.084181e-10, 3.780415e+01, -1.431309e-01
3.327400e+09, 7.771696e-02, 9.574534e-01, -1.944802e+00, -2.198048e+00, -1.200145e-10, 4.083971e-10, 3.780242e+01, -1.445529e-01
3.331200e+09, 7.839997e-02, 9.574042e-01, -1.941936e+00, -2.207799e+00, -1.114391e-10, 4.083755e-10, 3.779961e+01, -1.459819e-01
3.335000e+09, 7.909185e-02, 9.573542e-01, -1.939275e+00, -2.217550e+00, -1.029604e-10, 4.083532e-10, 3.779571e+01, -1.474175e-01
3.338800e+09, 7.979229e-02, 9.573032e-01, -1.936817e+00, -2.227300e+00, -9.458404e-11, 4.083304e-10, 3.779074e+01, -1.488590e-01
3.342600e+09, 8.050093e-02, 9.572513e-01, -1.934559e+00, -2.237049e+00, -8.631509e-11, 4.083070e-10, 3.778467e+01, -1.503059e-01
3.346400e+09, 8.121746e-02, 9.571985e-01, -1.932498e+00, -2.246798e+00, -7.815798e-11, 4.082829e-10, 3.777750e+01, -1.517577e-01
3.350200e+09, 8.194154e-02, 9.571448e-01, -1.930632e+00, -2.256546e+00, -7.011658e-11, 4.082582e-10, 3.776923e+01, -1.532138e-01
3.354000e+09, 8.267285e-02, 9.570902e-01, -1.928958e+00, -2.266294e+00, -6.219421e-11, 4.082330e-10, 3.775987e+01, -1.546736e-01
3.357800e+09, 8.341108e-02, 9.570347e-01, -1.927473e+00, -2.276041e+00, -5.439369e-11, 4.082072e-10, 3.774939e+01, -1.561367e-01
3.361600e+09, 8.415592e-02, 9.569783e-01, -1.926174e+00, -2.285787e+00, -4.671737e-11, 4.081807e-10, 3.773781e+01, -1.576024e-01
3.365400e+09, 8.490707e-02, 9.569211e-01, -1.925059e+00, -2.295533e+00, -3.916718e-11, 4.081537e-10, 3.772511e+01, -1.590703e-01
3.369200e+09, 8.566421e-02, 9.568630e-01, -1.924124e+00, -2.305278e+00, -3.174461e-11, 4.081261e-10, 3.771131e+01, -1.605397e-01
3.373000e+09, 8.642707e-02, 9.568040e-01, -1.923366e+00, -2.315022e+00, -2.445080e-11, 4.080979e-10, 3.769639e+01, -1.620100e-01
3.376800e+09, 8.719533e-02, 9.567442e-01, -1.922782e+00, -2.324766e+00, -1.728654e-11, 4.080691e-10, 3.768035e+01, -1.634808e-01
3.380600e+09, 8.796873e-02, 9.566835e-01, -1.922369e+00, -2.334509e+00, -1.025229e-11, 4.080397e-10, 3.766321e+01, -1.649514e-01
3.384400e+09, 8.874698e-02, 9.566220e-01, -1.922124e+00, -2.344252e+00, -3.348230e-12, 4.080098e-10, 3.764495e+01, -1.664214e-01
3.388200e+09, 8.952980e-02, 9.565597e-01, -1.922044e+00, -2.353993e+00, 3.425742e-12, 4.079793e-10, 3.762558e+01, -1.678900e-01
3.392000e+09, 9.031692e-02, 9.564966e-01, -1.922126e+00, -2.363734e+00, 1.006996e-11, 4.079482e-10, 3.760510e+01, -1.693569e-01
3.395800e+09, 9.110809e-02, 9.564327e-01, -1.922367e+00, -2.373475e+00, 1.658499e-11, 4.079165e-10, 3.758351e+01, -1.708213e-01
3.399600e+09, 9.190303e-02, 9.563680e-01, -1.922763e+00, -2.383214e+00, 2.297158e-11, 4.078843e-10, 3.756081e+01, -1.722828e-01
3.403400e+09, 9.270150e-02, 9.563024e-01, -1.923311e+00, -2.392953e+00, 2.923068e-11, 4.078515e-10, 3.753701e+01, -1.737408e-01
3.407200e+09, 9.350324e-02, 9.562362e-01, -1.924009e+00, -2.402691e+00, 3.536338e-11, 4.078181e-10, 3.751211e+01, -1.751947e-01
3.411000e+09, 9.430800e-02, 9.561691e-01, -1.924853e+00, -2.412428e+00, 4.137094e-11, 4.077842e-10, 3.748612e+01, -1.766440e-01
3.414800e+09, 9.511555e-02, 9.561013e-01, -1.925841e+00, -2.422164e+00, 4.725473e-11, 4.077497e-10, 3.745903e+01, -1.780881e-01
3.418600e+09, 9.592565e-02, 9.560327e-01, -1.926969e+00, -2.431899e+00, 5.301623e-11, 4.077147e-10, 3.743086e+01, -1.795264e-01
3.422400e+09, 9.673806e-02, 9.559634e-01, -1.928235e+00, -2.441634e+00, 5.865704e-11, 4.076791e-10, 3.740160e+01, -1.809584e-01
3.426200e+09, 9.755256e-02, 9.558934e-01, -1.929636e+00, -2.451368e+00, 6.417882e-11, 4.076429e-10, 3.737127e+01, -1.823835e-01
3.430000e+09, 9.836892e-02, 9.558227e-01, -1.931168e+00, -2.461101e+00, 6.958333e-11, 4.076062e-10, 3.733987e+01, -1.838013e-01
3.433800e+09, 9.918692e-02, 9.557512e-01, -1.932829e+00, -2.470833e+00, 7.487236e-11, 4.075689e-10, 3.730741e+01, -1.852110e-01
3.437600e+09, 1.000064e-01, 9.556791e-01, -1.934617e+00, -2.480564e+00, 8.004780e-11, 4.075311e-10, 3.727390e+01, -1.866122e-01
3.441400e+09, 1.008270e-01, 9.556062e-01, -1.936528e+00, -2.490294e+00, 8.511153e-11, 4.074928e-10, 3.723933e+01, -1.880044e-01
3.445200e+09, 1.016487e-01, 9.555327e-01, -1.938560e+00, -2.500024e+00, 9.006552e-11, 4.074539e-10, 3.720372e+01, -1.893869e-01
3.449000e+09, 1.024711e-01, 9.554586e-01, -1.940711e+00, -2.509752e+00, 9.491172e-11, 4.074144e-10, 3.716709e+01, -1.907592e-01
3.452800e+09, 1.032942e-01, 9.553837e-01, -1.942977e+00, -2.519480e+00, 9.965212e-11, 4.073745e-10, 3.712943e+01, -1.921209e-01
3.456600e+09, 1.041176e-01, 9.553083e-01, -1.945356e+00, -2.529206e+00, 1.042887e-10, 4.073339e-10, 3.709075e+01, -1.934713e-01
3.460400e+09, 1.049413e-01, 9.552322e-01, -1.947846e+00, -2.538932e+00, 1.088236e-10, 4.072929e-10, 3.705108e+01, -1.948099e-01
3.464200e+09, 1.057650e-01, 9.551555e-01, -1.950445e+00, -2.548656e+00, 1.132587e-10, 4.072513e-10, 3.701040e+01, -1.961363e-01
3.468000e+09, 1.065886e-01, 9.550782e-01, -1.953149e+00, -2.558380e+00, 1.175960e-10, 4.072092e-10, 3.696875e+01, -1.974498e-01
3.471800e+09, 1.074118e-01, 9.550003e-01, -1.955956e+00, -2.568102e+00, 1.218376e-10, 4.071665e-10, 3.692612e+01, -1.987499e-01
3.475600e+09, 1.082344e-01, 9.549218e-01, -1.958865e+00, -2.577824e+00, 1.259855e-10, 4.071234e-10, 3.688253e+01, -2.000362e-01
3.479400e+09, 1.090564e-01, 9.548428e-01, -1.961873e+00, -2.587544e+00, 1.300416e-10, 4.070797e-10, 3.683800e+01, -2.013080e-01
3.483200e+09, 1.098775e-01, 9.547632e-01, -1.964978e+00, -2.597264e+00, 1.340079e-10, 4.070355e-10, 3.679252e+01, -2.025650e-01
3.487000e+09, 1.106975e-01, 9.546831e-01, -1.968178e+00, -2.606982e+00, 1.378864e-10, 4.069907e-10, 3.674612e+01, -2.038065e-01
3.490800e+09, 1.115164e-01, 9.546024e-01, -1.971470e+00, -2.616700e+00, 1.416789e-10, 4.069455e-10, 3.669880e+01, -2.050321e-01
3.494600e+09, 1.123338e-01, 9.545213e-01, -1.974853e+00, -2.626416e+00, 1.453875e-10, 4.068997e-10, 3.665059e+01, -2.062413e-01
3.498400e+09, 1.131497e-01, 9.544396e-01, -1.978324e+00, -2.636131e+00, 1.490139e-10, 4.068535e-10, 3.660149e+01, -2.074335e-01
3.502200e+09, 1.139640e-01, 9.543575e-01, -1.981882e+00, -2.645845e+00, 1.525601e-10, 4.068067e-10, 3.655152e+01, -2.086084e-01
3.506000e+09, 1.147763e-01, 9.542749e-01, -1.985525e+00, -2.655558e+00, 1.560278e-10, 4.067595e-10, 3.650068e+01, -2.097653e-01
3.509800e+09, 1.155866e-01, 9.541918e-01, -1.989250e+00, -2.665270e+00, 1.594188e-10, 4.067118e-10, 3.644901e+01, -2.109039e-01
3.513600e+09, 1.163948e-01, 9.541083e-01, -1.993056e+00, -2.674981e+00, 1.627349e-10, 4.066635e-10, 3.639650e+01, -2.120236e-01
3.517400e+09, 1.172007e-01, 9.540244e-01, -1.996942e+00, -2.684690e+00, 1.659779e-10, 4.066148e-10, 3.634318e+01, -2.131239e-01
3.521200e+09, 1.180041e-01, 9.539400e-01, -2.000905e+00, -2.694399e+00, 1.691494e-10, 4.065656e-10, 3.628906e+01, -2.142045e-01
3.525000e+09, 1.188049e-01, 9.538553e-01, -2.004943e+00, -2.704106e+00, 1.722510e-10, 4.065160e-10, 3.623416e+01, -2.152648e-01
3.528800e+09, 1.196029e-01, 9.537702e-01, -2.009056e+00, -2.713812e+00, 1.752845e-10, 4.064659e-10, 3.617848e+01, -2.163044e-01
3.532600e+09, 1.203980e-01, 9.536847e-01, -2.013241e+00, -2.723517e+00, 1.782515e-10, 4.064153e-10, 3.612206e+01, -2.173228e-01
3.536400e+09, 1.211902e-01, 9.535989e-01, -2.017497e+00, -2.733220e+00, 1.811534e-10, 4.063643e-10, 3.606490e+01, -2.183197e-01
3.540200e+09, 1.219791e-01, 9.535128e-01, -2.021822e+00, -2.742923e+00, 1.839919e-10, 4.063128e-10, 3.600701e+01, -2.192944e-01
3.544000e+09, 1.227648e-01, 9.534264e-01, -2.026215e+00, -2.752624e+00, 1.867684e-10, 4.062609e-10, 3.594843e+01, -2.202467e-01
3.547800e+09, 1.235470e-01, 9.533396e-01, -2.030675e+00, -2.762324e+00, 1.894844e-10, 4.062085e-10, 3.588916e+01, -2.211761e-01
3.551600e+09, 1.243257e-01, 9.532526e-01, -2.035199e+00, -2.772022e+00, 1.921414e-10, 4.061558e-10, 3.582922e+01, -2.220822e-01
3.555400e+09, 1.251006e-01, 9.531654e-01, -2.039786e+00, -2.781720e+00, 1.947407e-10, 4.061026e-10, 3.576862e+01, -2.229645e-01
3.559200e+09, 1.258718e-01, 9.530779e-01, -2.044436e+00, -2.791416e+00, 1.972837e-10, 4.060490e-10, 3.570740e+01, -2.238227e-01
3.563000e+09, 1.266390e-01, 9.529902e-01, -2.049146e+00, -2.801111e+00, 1.997718e-10, 4.059950e-10, 3.564555e+01, -2.246563e-01
3.566800e+09, 1.274021e-01, 9.529023e-01, -2.053916e+00, -2.810804e+00, 2.022062e-10, 4.059407e-10, 3.558311e+01, -2.254650e-01
3.570600e+09, 1.281611e-01, 9.528142e-01, -2.058744e+00, -2.820497e+00, 2.045883e-10, 4.058859e-10, 3.552009e+01, -2.262483e-01
3.574400e+09, 1.289157e-01, 9.527259e-01, -2.063629e+00, -2.830188e+00, 2.069192e-10, 4.058308e-10, 3.545650e+01, -2.270060e-01
3.578200e+09, 1.296659e-01, 9.526375e-01, -2.068569e+00, -2.839877e+00, 2.092003e-10, 4.057753e-10, 3.539237e+01, -2.277375e-01
3.582000e+09, 1.304116e-01, 9.525490e-01, -2.073564e+00, -2.849566e+00, 2.114327e-10, 4.057195e-10, 3.532772e+01, -2.284426e-01
3.585800e+09, 1.311526e-01, 9.524604e-01, -2.078612e+00, -2.859253e+00, 2.136175e-10, 4.056633e-10, 3.526256e+01, -2.291208e-01
3.589600e+09, 1.318889e-01, 9.523717e-01, -2.083713e+00, -2.868938e+00, 2.157558e-10, 4.056069e-10, 3.519691e+01, -2.297719e-01
3.593400e+09, 1.326203e-01, 9.522829e-01, -2.088864e+00, -2.878623e+00, 2.178489e-10, 4.055501e-10, 3.513079e+01, -2.303954e-01
3.597200e+09, 1.333466e-01, 9.521941e-01, -2.094065e+00, -2.888306e+00, 2.198977e-10, 4.054930e-10, 3.506422e+01, -2.309911e-01
3.601000e+09, 1.340679e-01, 9.521053e-01, -2.099316e+00, -2.897987e+00, 2.219033e-10, 4.054356e-10, 3.499722e+01, -2.315586e-01
3.604800e+09, 1.347840e-01, 9.520165e-01, -2.104614e+00, -2.907667e+00, 2.238667e-10, 4.053780e-10, 3.492980e+01, -2.320976e-01
3.608600e+09, 1.354947e-01, 9.519277e-01, -2.109959e+00, -2.917346e+00, 2.257889e-10, 4.053201e-10, 3.486199e+01, -2.326077e-01
3.612400e+09, 1.362000e-01, 9.518390e-01, -2.115350e+00, -2.927024e+00, 2.276709e-10, 4.052620e-10, 3.479381e+01, -2.330886e-01
3.616200e+09, 1.368998e-01, 9.517503e-01, -2.120786e+00, -2.936700e+00, 2.295135e-10, 4.052037e-10, 3.472528e+01, -2.335401e-01
3.620000e+09, 1.375940e-01, 9.516618e-01, -2.126266e+00, -2.946374e+00, 2.313179e-10, 4.051451e-10, 3.465641e+01, -2.339619e-01
3.623800e+09, 1.382824e-01, 9.515733e-01, -2.131789e+00, -2.956048e+00, 2.330847e-10, 4.050863e-10, 3.458723e+01, -2.343536e-01
3.627600e+09, 1.389651e-01, 9.514850e-01, -2.137354e+00, -2.965720e+00, 2.348150e-10, 4.050274e-10, 3.451775e+01, -2.347149e-01
3.631400e+09, 1.396418e-01, 9.513969e-01, -2.142960e+00, -2.975390e+00, 2.365095e-10, 4.049683e-10, 3.444799e+01, -2.350457e-01
3.635200e+09, 1.403124e-01, 9.513089e-01, -2.148607e+00, -2.985059e+00, 2.381691e-10, 4.049091e-10, 3.437798e+01, -2.353456e-01
3.639000e+09, 1.409770e-01, 9.512212e-01, -2.154294e+00, -2.994727e+00, 2.397945e-10, 4.048498e-10, 3.430773e+01, -2.356144e-01
3.642800e+09, 1.416353e-01, 9.511337e-01, -2.160019e+00, -3.004393e+00, 2.413866e-10, 4.047903e-10, 3.423726e+01, -2.358518e-01
3.646600e+09, 1.422873e-01, 9.510465e-01, -2.165782e+00, -3.014058e+00, 2.429462e-10, 4.047308e-10, 3.416660e+01, -2.360576e-01
3.650400e+09, 1.429329e-01, 9.509595e-01, -2.171583e+00, -3.023721e+00, 2.444739e-10, 4.046712e-10, 3.409576e+01, -2.362316e-01
3.654200e+09, 1.435721e-01, 9.508729e-01, -2.177420e+00, -3.033383e+00, 2.459705e-10, 4.046116e-10, 3.402476e+01, -2.363734e-01
3.658000e+09, 1.442046e-01, 9.507866e-01, -2.183293e+00, -3.043044e+00, 2.474367e-10, 4.045519e-10, 3.395363e+01, -2.364830e-01
3.661800e+09, 1.448305e-01, 9.507007e-01, -2.189201e+00, -3.052703e+00, 2.488732e-10, 4.044923e-10, 3.388237e+01, -2.365601e-01
3.665600e+09, 1.454496e-01, 9.506151e-01, -2.195143e+00, -3.062361e+00, 2.502806e-10, 4.044327e-10, 3.381102e+01, -2.366045e-01
3.669400e+09, 1.460619e-01, 9.505300e-01, -2.201119e+00, -3.072017e+00, 2.516597e-10, 4.043731e-10, 3.373959e+01, -2.366159e-01
3.673200e+09, 1.466672e-01, 9.504453e-01, -2.207127e+00, -3.081672e+00, 2.530109e-10, 4.043136e-10, 3.366810e+01, -2.365943e-01
3.677000e+09, 1.472656e-01, 9.503611e-01, -2.213168e+00, -3.091325e+00, 2.543351e-10, 4.042542e-10, 3.359657e+01, -2.365395e-01
3.680800e+09, 1.478568e-01, 9.502774e-01, -2.219241e+00, -3.100977e+00, 2.556326e-10, 4.041949e-10, 3.352502e+01, -2.364512e-01
3.684600e+09, 1.484408e-01, 9.501942e-01, -2.225344e+00, -3.110628e+00, 2.569042e-10, 4.041357e-10, 3.345347e+01, -2.363294e-01
3.688400e+09, 1.490176e-01, 9.501116e-01, -2.231478e+00, -3.120277e+00, 2.581504e-10, 4.040767e-10, 3.338194e+01, -2.361738e-01
3.692200e+09, 1.495870e-01, 9.500296e-01, -2.237642e+00, -3.129925e+00, 2.593717e-10, 4.040180e-10, 3.331045e+01, -2.359843e-01
3.696000e+09, 1.501490e-01, 9.499481e-01, -2.243835e+00, -3.139571e+00, 2.605687e-10, 4.039594e-10, 3.323901e+01, -2.357609e-01
3.699800e+09, 1.507035e-01, 9.498673e-01, -2.250056e+00, 3.133969e+00, 2.617420e-10, 4.039010e-10, 3.316766e+01, -2.355033e-01
3.703600e+09, 1.512504e-01, 9.497871e-01, -2.256305e+00, 3.124326e+00, 2.628919e-10, 4.038430e-10, 3.309640e+01, -2.352115e-01
3.707400e+09, 1.517897e-01, 9.497076e-01, -2.262582e+00, 3.114683e+00, 2.640190e-10, 4.037852e-10, 3.302526e+01, -2.348853e-01
3.711200e+09, 1.523212e-01, 9.496289e-01, -2.268886e+00, 3.105043e+00, 2.651238e-10, 4.037278e-10, 3.295425e+01, -2.345247e-01
3.715000e+09, 1.528449e-01, 9.495509e-01, -2.275216e+00, 3.095403e+00, 2.662068e-10, 4.036707e-10, 3.288340e+01, -2.341296e-01
3.718800e+09, 1.533607e-01, 9.494736e-01, -2.281572e+00, 3.085765e+00, 2.672684e-10, 4.036140e-10, 3.281272e+01, -2.336999e-01
3.722600e+09, 1.538686e-01, 9.493972e-01, -2.287953e+00, 3.076128e+00, 2.683090e-10, 4.035577e-10, 3.274223e+01, -2.332355e-01
3.726400e+09, 1.543684e-01, 9.493215e-01, -2.294359e+00, 3.066493e+00, 2.693292e-10, 4.035019e-10, 3.267196e+01, -2.327363e-01
3.730200e+09, 1.548601e-01, 9.492468e-01, -2.300790e+00, 3.056859e+00, 2.703292e-10, 4.034465e-10, 3.260191e+01, -2.322024e-01
3.734000e+09, 1.553436e-01, 9.491729e-01, -2.307244e+00, 3.047226e+00, 2.713095e-10, 4.033916e-10, 3.253212e+01, -2.316337e-01
3.737800e+09, 1.558189e-01, 9.490999e-01, -2.313722e+00, 3.037595e+00, 2.722705e-10, 4.033373e-10, 3.246259e+01, -2.310301e-01
3.741600e+09, 1.562859e-01, 9.490279e-01, -2.320223e+00, 3.027965e+00, 2.732126e-10, 4.032835e-10, 3.239335e+01, -2.303916e-01
3.745400e+09, 1.567445e-01, 9.489568e-01, -2.326746e+00, 3.018336e+00, 2.741361e-10, 4.032303e-10, 3.232441e+01, -2.297183e-01
3.749200e+09, 1.571946e-01, 9.488867e-01, -2.333292e+00, 3.008708e+00, 2.750414e-10, 4.031777e-10, 3.225580e+01, -2.290101e-01
3.753000e+09, 1.576362e-01, 9.488176e-01, -2.339858e+00, 2.999082e+00, 2.759289e-10, 4.031258e-10, 3.218753e+01, -2.282670e-01
3.756800e+09, 1.580693e-01, 9.487496e-01, -2.346447e+00, 2.989457e+00, 2.767989e-10, 4.030746e-10, 3.211961e+01, -2.274890e-01
3.760600e+09, 1.584936e-01, 9.486827e-01, -2.353055e+00, 2.979833e+00, 2.776518e-10, 4.030241e-10, 3.205208e+01, -2.266762e-01
3.764400e+09, 1.589093e-01, 9.486168e-01, -2.359685e+00, 2.970210e+00, 2.784877e-10, 4.029743e-10, 3.198494e+01, -2.258287e-01
3.768200e+09, 1.593162e-01, 9.485521e-01, -2.366334e+00, 2.960589e+00, 2.793071e-10, 4.029253e-10, 3.191821e+01, -2.249464e-01
3.772000e+09, 1.597143e-01, 9.484886e-01, -2.373003e+00, 2.950969e+00, 2.801103e-10, 4.028771e-10, 3.185192e+01, -2.240294e-01
3.775800e+09, 1.601034e-01, 9.484262e-01, -2.379691e+00, 2.941349e+00, 2.808976e-10, 4.028298e-10, 3.178607e+01, -2.230778e-01
3.779600e+09, 1.604836e-01, 9.483650e-01, -2.386397e+00, 2.931731e+00, 2.816691e-10, 4.027833e-10, 3.172069e+01, -2.220918e-01
3.783400e+09, 1.608548e-01, 9.483051e-01, -2.393122e+00, 2.922115e+00, 2.824253e-10, 4.027377e-10, 3.165579e+01, -2.210712e-01
3.787200e+09, 1.612169e-01, 9.482464e-01, -2.399866e+00, 2.912499e+00, 2.831663e-10, 4.026931e-10, 3.159139e+01, -2.200164e-01
3.791000e+09, 1.615699e-01, 9.481890e-01, -2.406627e+00, 2.902884e+00, 2.838924e-10, 4.026494e-10, 3.152751e+01, -2.189273e-01
3.794800e+09, 1.619136e-01, 9.481330e-01, -2.413405e+00, 2.893270e+00, 2.846039e-10, 4.026068e-10, 3.146417e+01, -2.178042e-01
3.798600e+09, 1.622481e-01, 9.480782e-01, -2.420200e+00, 2.883658e+00, 2.853011e-10, 4.025651e-10, 3.140137e+01, -2.166470e-01
3.802400e+09, 1.625733e-01, 9.480248e-01, -2.427012e+00, 2.874046e+00, 2.859840e-10, 4.025246e-10, 3.133915e+01, -2.154561e-01
3.806200e+09, 1.628891e-01, 9.479728e-01, -2.433840e+00, 2.864435e+00, 2.866530e-10, 4.024851e-10, 3.127750e+01, -2.142316e-01
3.810000e+09, 1.631955e-01, 9.479222e-01, -2.440684e+00, 2.854825e+00, 2.873083e-10, 4.024468e-10, 3.121646e+01, -2.129735e-01
3.813800e+09, 1.634925e-01, 9.478731e-01, -2.447544e+00, 2.845217e+00, 2.879500e-10, 4.024096e-10, 3.115604e+01, -2.116821e-01
3.817600e+09, 1.637799e-01, 9.478254e-01, -2.454419e+00, 2.835609e+00, 2.885784e-10, 4.023736e-10, 3.109625e+01, -2.103576e-01
3.821400e+09, 1.640577e-01, 9.477792e-01, -2.461309e+00, 2.826002e+00, 2.891937e-10, 4.023388e-10, 3.103711e+01, -2.090003e-01
3.825200e+09, 1.643259e-01, 9.477344e-01, -2.468214e+00, 2.816395e+00, 2.897960e-10, 4.023052e-10, 3.097863e+01, -2.076102e-01
3.829000e+09, 1.645844e-01, 9.476912e-01, -2.475133e+00, 2.806790e+00, 2.903855e-10, 4.022730e-10, 3.092084e+01, -2.061876e-01
3.832800e+09, 1.648331e-01, 9.476496e-01, -2.482067e+00, 2.797185e+00, 2.909624e-10, 4.022420e-10, 3.086374e+01, -2.047328e-01
3.836600e+09, 1.650721e-01, 9.476095e-01, -2.489014e+00, 2.787581e+00, 2.915269e-10, 4.022124e-10, 3.080736e+01, -2.032460e-01
3.840400e+09, 1.653012e-01, 9.475709e-01, -2.495974e+00, 2.777978e+00, 2.920790e-10, 4.021841e-10, 3.075170e+01, -2.017275e-01
3.844200e+09, 1.655205e-01, 9.475340e-01, -2.502948e+00, 2.768375e+00, 2.926190e-10, 4.021572e-10, 3.069678e+01, -2.001775e-01
3.848000e+09, 1.657298e-01, 9.474987e-01, -2.509935e+00, 2.758773e+00, 2.931470e-10, 4.021318e-10, 3.064263e+01, -1.985963e-01
3.851800e+09, 1.659292e-01, 9.474650e-01, -2.516934e+00, 2.749172e+00, 2.936631e-10, 4.021078e-10, 3.058924e+01, -1.969843e-01
3.855600e+09, 1.661185e-01, 9.474330e-01, -2.523945e+00, 2.739571e+00, 2.941674e-10, 4.020852e-10, 3.053664e+01, -1.953417e-01
3.859400e+09, 1.662977e-01, 9.474027e-01, -2.530969e+00, 2.729971e+00, 2.946600e-10, 4.020642e-10, 3.048484e+01, -1.936688e-01
3.863200e+09, 1.664669e-01, 9.473740e-01, -2.538004e+00, 2.720371e+00, 2.951412e-10, 4.020446e-10, 3.043386e+01, -1.919660e-01
3.867000e+09, 1.666259e-01, 9.473471e-01, -2.545051e+00, 2.710772e+00, 2.956108e-10, 4.020267e-10, 3.038371e+01, -1.902336e-01
3.870800e+09, 1.667747e-01, 9.473218e-01, -2.552109e+00, 2.701173e+00, 2.960692e-10, 4.020103e-10, 3.033440e+01, -1.884720e-01
3.874600e+09, 1.669132e-01, 9.472983e-01, -2.559178e+00, 2.691575e+00, 2.965163e-10, 4.019954e-10, 3.028595e+01, -1.866816e-01
3.878400e+09, 1.670415e-01, 9.472765e-01, -2.566258e+00, 2.681977e+00, 2.969522e-10, 4.019822e-10, 3.023837e+01, -1.848626e-01
3.882200e+09, 1.671595e-01, 9.472565e-01, -2.573348e+00, 2.672379e+00, 2.973770e-10, 4.019706e-10, 3.019167e+01, -1.830156e-01
3.886000e+09, 1.672670e-01, 9.472383e-01, -2.580448e+00, 2.662781e+00, 2.977908e-10, 4.019607e-10, 3.014588e+01, -1.811408e-01
3.889800e+09, 1.673642e-01, 9.472218e-01, -2.587558e+00, 2.653184e+00, 2.981936e-10, 4.019525e-10, 3.010099e+01, -1.792388e-01
3.893600e+09, 1.674510e-01, 9.472071e-01, -2.594678e+00, 2.643587e+00, 2.985855e-10, 4.019459e-10, 3.005703e+01, -1.773100e-01
3.897400e+09, 1.675272e-01, 9.471942e-01, -2.601807e+00, 2.633990e+00, 2.989666e-10, 4.019411e-10, 3.001401e+01, -1.753547e-01
3.901200e+09, 1.675930e-01, 9.471832e-01, -2.608945e+00, 2.624393e+00, 2.993369e-10, 4.019379e-10, 2.997193e+01, -1.733735e-01
3.905000e+09, 1.676482e-01, 9.471739e-01, -2.616092e+00, 2.614797e+00, 2.996963e-10, 4.019366e-10, 2.993082e+01, -1.713668e-01
3.908800e+09, 1.676928e-01, 9.471664e-01, -2.623248e+00, 2.605200e+00, 3.000450e-10, 4.019369e-10, 2.989068e+01, -1.693351e-01
3.912600e+09, 1.677268e-01, 9.471608e-01, -2.630411e+00, 2.595603e+00, 3.003830e-10, 4.019391e-10, 2.985153e+01, -1.672789e-01
3.916400e+09, 1.677501e-01, 9.471570e-01, -2.637583e+00, 2.586007e+00, 3.007103e-10, 4.019430e-10, 2.981337e+01, -1.651986e-01
3.920200e+09, 1.677627e-01, 9.471550e-01, -2.644763e+00, 2.576410e+00, 3.010269e-10, 4.019487e-10, 2.977622e+01, -1.630948e-01
3.924000e+09, 1.677647e-01, 9.471548e-01, -2.651951e+00, 2.566813e+00, 3.013327e-10, 4.019562e-10, 2.974010e+01, -1.609680e-01
3.927800e+09, 1.677558e-01, 9.471565e-01, -2.659145e+00, 2.557216e+00, 3.016279e-10, 4.019655e-10, 2.970500e+01, -1.588187e-01
3.931600e+09, 1.677362e-01, 9.471600e-01, -2.666347e+00, 2.547618e+00, 3.019123e-10, 4.019767e-10, 2.967095e+01, -1.566475e-01
3.935400e+09, 1.677058e-01, 9.471654e-01, -2.673555e+00, 2.538021e+00, 3.021860e-10, 4.019896e-10, 2.963796e+01, -1.544549e-01
3.939200e+09, 1.676645e-01, 9.471725e-01, -2.680770e+00, 2.528423e+00, 3.024490e-10, 4.020044e-10, 2.960602e+01, -1.522416e-01
3.943000e+09, 1.676124e-01, 9.471815e-01, -2.687992e+00, 2.518824e+00, 3.027011e-10, 4.020210e-10, 2.957516e+01, -1.500080e-01
3.946800e+09, 1.675493e-01, 9.471923e-01, -2.695219e+00, 2.509226e+00, 3.029424e-10, 4.020395e-10, 2.954539e+01, -1.477548e-01
3.950600e+09, 1.674754e-01, 9.472050e-01, -2.702452e+00, 2.499626e+00, 3.031729e-10, 4.020597e-10, 2.951671e+01, -1.454826e-01
3.954400e+09, 1.673905e-01, 9.472194e-01, -2.709691e+00, 2.490027e+00, 3.033924e-10, 4.020818e-10, 2.948914e+01, -1.431920e-01
3.958200e+09, 1.672946e-01, 9.472357e-01, -2.716935e+00, 2.480427e+00, 3.036009e-10, 4.021058e-10, 2.946267e+01, -1.408836e-01
3.962000e+09, 1.671877e-01, 9.472537e-01, -2.724183e+00, 2.470826e+00, 3.037984e-10, 4.021315e-10, 2.943734e+01, -1.385580e-01
3.965800e+09, 1.670698e-01, 9.472736e-01, -2.731437e+00, 2.461225e+00, 3.039848e-10, 4.021591e-10, 2.941313e+01, -1.362159e-01
3.969600e+09, 1.669409e-01, 9.472952e-01, -2.738695e+00, 2.451623e+00, 3.041600e-10, 4.021885e-10, 2.939006e+01, -1.338580e-01
3.973400e+09, 1.668009e-01, 9.473185e-01, -2.745957e+00, 2.442020e+00, 3.043238e-10, 4.022197e-10, 2.936814e+01, -1.314849e-01
3.977200e+09, 1.666498e-01, 9.473437e-01, -2.753223e+00, 2.432417e+00, 3.044763e-10, 4.022527e-10, 2.934738e+01, -1.290972e-01
3.981000e+09, 1.664876e-01, 9.473705e-01, -2.760493e+00, 2.422812e+00, 3.046173e-10, 4.022875e-10, 2.932779e+01, -1.266958e-01
3.984800e+09, 1.663143e-01, 9.473991e-01, -2.767766e+00, 2.413207e+00, 3.047467e-10, 4.023241e-10, 2.930936e+01, -1.242811e-01
3.988600e+09, 1.661299e-01, 9.474294e-01, -2.775042e+00, 2.403601e+00, 3.048644e-10, 4.023624e-10, 2.929212e+01, -1.218541e-01
3.992400e+09, 1.659343e-01, 9.474614e-01, -2.782321e+00, 2.393994e+00, 3.049703e-10, 4.024024e-10, 2.927606e+01, -1.194153e-01
3.996200e+09, 1.657275e-01, 9.474951e-01, -2.789602e+00, 2.384387e+00, 3.050642e-10, 4.024442e-10, 2.926120e+01, -1.169655e-01
4.000000e+09, 1.655095e-01, 9.475304e-01, -2.796886e+00, 2.374778e+00, 3.050642e-10, 4.024442e-10, 2.924754e+01, -1.145055e-01
