Frequency [Hz], |S00| [-], |S10| [-], Arg(S00) [-], Arg(S10) [-], Delay 0>0 [s], Delay 0>1 [s], |Z0| [Ohm] , Arg(Z0) [-]
2.000000e+08, 4.124309e-02, 9.559077e-01, 2.238186e+00, -5.902872e-01, 4.989479e-10, 4.773940e-10, 3.801072e+01, 6.480744e-02
2.038000e+08, 4.088878e-02, 9.557146e-01, 2.226273e+00, -6.016855e-01, 5.136280e-10, 4.767618e-10, 3.805662e+01, 6.484727e-02
2.076000e+08, 4.053385e-02, 9.555249e-01, 2.214010e+00, -6.130687e-01, 5.282809e-10, 4.761531e-10, 3.810323e+01, 6.488369e-02
2.114000e+08, 4.017827e-02, 9.553387e-01, 2.201397e+00, -6.244374e-01, 5.429332e-10, 4.755671e-10, 3.815054e+01, 6.491546e-02
2.152000e+08, 3.982204e-02, 9.551563e-01, 2.188434e+00, -6.357921e-01, 5.576104e-10, 4.750030e-10, 3.819854e+01, 6.494143e-02
2.190000e+08, 3.946516e-02, 9.549779e-01, 2.175120e+00, -6.471333e-01, 5.723364e-10, 4.744602e-10, 3.824721e+01, 6.496049e-02
2.228000e+08, 3.910768e-02, 9.548036e-01, 2.161455e+00, -6.584616e-01, 5.871343e-10, 4.739381e-10, 3.829655e+01, 6.497159e-02
2.266000e+08, 3.874965e-02, 9.546336e-01, 2.147436e+00, -6.697774e-01, 6.020260e-10, 4.734360e-10, 3.834654e+01, 6.497372e-02
2.304000e+08, 3.839114e-02, 9.544680e-01, 2.133062e+00, -6.810812e-01, 6.170324e-10, 4.729536e-10, 3.839718e+01, 6.496593e-02
2.342000e+08, 3.803224e-02, 9.543071e-01, 2.118330e+00, -6.923735e-01, 6.321735e-10, 4.724903e-10, 3.844844e+01, 6.494730e-02
2.380000e+08, 3.767305e-02, 9.541510e-01, 2.103236e+00, -7.036547e-01, 6.474683e-10, 4.720457e-10, 3.850032e+01, 6.491694e-02
2.418000e+08, 3.731369e-02, 9.539997e-01, 2.087777e+00, -7.149253e-01, 6.629351e-10, 4.716194e-10, 3.855281e+01, 6.487402e-02
2.456000e+08, 3.695430e-02, 9.538534e-01, 2.071949e+00, -7.261858e-01, 6.785912e-10, 4.712111e-10, 3.860588e+01, 6.481773e-02
2.494000e+08, 3.659503e-02, 9.537123e-01, 2.055747e+00, -7.374365e-01, 6.944529e-10, 4.708203e-10, 3.865953e+01, 6.474730e-02
2.532000e+08, 3.623603e-02, 9.535765e-01, 2.039166e+00, -7.486778e-01, 7.105357e-10, 4.704468e-10, 3.871374e+01, 6.466198e-02
2.570000e+08, 3.587750e-02, 9.534459e-01, 2.022201e+00, -7.599102e-01, 7.268543e-10, 4.700902e-10, 3.876849e+01, 6.456105e-02
2.608000e+08, 3.551963e-02, 9.533208e-01, 2.004847e+00, -7.711342e-01, 7.434221e-10, 4.697502e-10, 3.882377e+01, 6.444384e-02
2.646000e+08, 3.516262e-02, 9.532011e-01, 1.987097e+00, -7.823500e-01, 7.602516e-10, 4.694264e-10, 3.887957e+01, 6.430967e-02
2.684000e+08, 3.480670e-02, 9.530870e-01, 1.968945e+00, -7.935580e-01, 7.773541e-10, 4.691187e-10, 3.893586e+01, 6.415792e-02
2.722000e+08, 3.445209e-02, 9.529786e-01, 1.950385e+00, -8.047588e-01, 7.947395e-10, 4.688267e-10, 3.899263e+01, 6.398798e-02
2.760000e+08, 3.409906e-02, 9.528758e-01, 1.931409e+00, -8.159525e-01, 8.124165e-10, 4.685502e-10, 3.904986e+01, 6.379925e-02
2.798000e+08, 3.374787e-02, 9.527786e-01, 1.912012e+00, -8.271397e-01, 8.303922e-10, 4.682888e-10, 3.910753e+01, 6.359118e-02
2.836000e+08, 3.339879e-02, 9.526873e-01, 1.892185e+00, -8.383206e-01, 8.486717e-10, 4.680422e-10, 3.916563e+01, 6.336322e-02
2.874000e+08, 3.305212e-02, 9.526016e-01, 1.871922e+00, -8.494956e-01, 8.672586e-10, 4.678102e-10, 3.922413e+01, 6.311486e-02
2.912000e+08, 3.270816e-02, 9.525218e-01, 1.851216e+00, -8.606651e-01, 8.861542e-10, 4.675926e-10, 3.928302e+01, 6.284559e-02
2.950000e+08, 3.236725e-02, 9.524477e-01, 1.830058e+00, -8.718294e-01, 9.053575e-10, 4.673889e-10, 3.934227e+01, 6.255494e-02
2.988000e+08, 3.202970e-02, 9.523793e-01, 1.808441e+00, -8.829888e-01, 9.248649e-10, 4.671990e-10, 3.940187e+01, 6.224244e-02
3.026000e+08, 3.169587e-02, 9.523168e-01, 1.786359e+00, -8.941437e-01, 9.446700e-10, 4.670226e-10, 3.946179e+01, 6.190767e-02
3.064000e+08, 3.136612e-02, 9.522599e-01, 1.763804e+00, -9.052944e-01, 9.647634e-10, 4.668593e-10, 3.952202e+01, 6.155020e-02
3.102000e+08, 3.104084e-02, 9.522087e-01, 1.740769e+00, -9.164412e-01, 9.851322e-10, 4.667090e-10, 3.958252e+01, 6.116964e-02
3.140000e+08, 3.072040e-02, 9.521632e-01, 1.717248e+00, -9.275844e-01, 1.005760e-09, 4.665712e-10, 3.964329e+01, 6.076560e-02
3.178000e+08, 3.040522e-02, 9.521234e-01, 1.693235e+00, -9.387243e-01, 1.026626e-09, 4.664457e-10, 3.970429e+01, 6.033773e-02
3.216000e+08, 3.009572e-02, 9.520890e-01, 1.668723e+00, -9.498612e-01, 1.047706e-09, 4.663322e-10, 3.976550e+01, 5.988568e-02
3.254000e+08, 2.979231e-02, 9.520602e-01, 1.643708e+00, -9.609954e-01, 1.068970e-09, 4.662304e-10, 3.982691e+01, 5.940912e-02
3.292000e+08, 2.949545e-02, 9.520369e-01, 1.618185e+00, -9.721271e-01, 1.090384e-09, 4.661400e-10, 3.988847e+01, 5.890776e-02
3.330000e+08, 2.920559e-02, 9.520189e-01, 1.592151e+00, -9.832567e-01, 1.111909e-09, 4.660607e-10, 3.995018e+01, 5.838130e-02
3.368000e+08, 2.892319e-02, 9.520062e-01, 1.565603e+00, -9.943845e-01, 1.133500e-09, 4.659922e-10, 4.001201e+01, 5.782948e-02
3.406000e+08, 2.864872e-02, 9.519987e-01, 1.538539e+00, -1.005511e+00, 1.155107e-09, 4.659342e-10, 4.007393e+01, 5.725204e-02
3.444000e+08, 2.838267e-02, 9.519963e-01, 1.510960e+00, -1.016635e+00, 1.176674e-09, 4.658863e-10, 4.013591e+01, 5.664876e-02
3.482000e+08, 2.812553e-02, 9.519990e-01, 1.482865e+00, -1.027759e+00, 1.198140e-09, 4.658482e-10, 4.019793e+01, 5.601942e-02
3.520000e+08, 2.787779e-02, 9.520066e-01, 1.454258e+00, -1.038881e+00, 1.219439e-09, 4.658197e-10, 4.025996e+01, 5.536382e-02
3.558000e+08, 2.763994e-02, 9.520190e-01, 1.425143e+00, -1.050003e+00, 1.240496e-09, 4.658005e-10, 4.032198e+01, 5.468179e-02
3.596000e+08, 2.741250e-02, 9.520361e-01, 1.395525e+00, -1.061125e+00, 1.261236e-09, 4.657901e-10, 4.038396e+01, 5.397317e-02
3.634000e+08, 2.719597e-02, 9.520578e-01, 1.365411e+00, -1.072246e+00, 1.281575e-09, 4.657882e-10, 4.044587e+01, 5.323781e-02
3.672000e+08, 2.699084e-02, 9.520840e-01, 1.334812e+00, -1.083367e+00, 1.301426e-09, 4.657947e-10, 4.050769e+01, 5.247560e-02
3.710000e+08, 2.679760e-02, 9.521145e-01, 1.303739e+00, -1.094489e+00, 1.320698e-09, 4.658090e-10, 4.056938e+01, 5.168642e-02
3.748000e+08, 2.661676e-02, 9.521493e-01, 1.272206e+00, -1.105610e+00, 1.339300e-09, 4.658310e-10, 4.063093e+01, 5.087019e-02
3.786000e+08, 2.644877e-02, 9.521882e-01, 1.240229e+00, -1.116733e+00, 1.357134e-09, 4.658603e-10, 4.069229e+01, 5.002684e-02
3.824000e+08, 2.629413e-02, 9.522310e-01, 1.207826e+00, -1.127856e+00, 1.374106e-09, 4.658965e-10, 4.075344e+01, 4.915631e-02
3.862000e+08, 2.615326e-02, 9.522777e-01, 1.175018e+00, -1.138979e+00, 1.390119e-09, 4.659394e-10, 4.081436e+01, 4.825858e-02
3.900000e+08, 2.602661e-02, 9.523281e-01, 1.141827e+00, -1.150104e+00, 1.405080e-09, 4.659887e-10, 4.087501e+01, 4.733363e-02
3.938000e+08, 2.591458e-02, 9.523821e-01, 1.108279e+00, -1.161230e+00, 1.418897e-09, 4.660439e-10, 4.093536e+01, 4.638147e-02
3.976000e+08, 2.581757e-02, 9.524394e-01, 1.074401e+00, -1.172357e+00, 1.431485e-09, 4.661049e-10, 4.099539e+01, 4.540211e-02
4.014000e+08, 2.573593e-02, 9.525001e-01, 1.040223e+00, -1.183486e+00, 1.442764e-09, 4.661713e-10, 4.105507e+01, 4.439558e-02
4.052000e+08, 2.566998e-02, 9.525638e-01, 1.005775e+00, -1.194617e+00, 1.452661e-09, 4.662428e-10, 4.111436e+01, 4.336196e-02
4.090000e+08, 2.562003e-02, 9.526306e-01, 9.710916e-01, -1.205749e+00, 1.461111e-09, 4.663190e-10, 4.117323e+01, 4.230132e-02
4.128000e+08, 2.558633e-02, 9.527002e-01, 9.362059e-01, -1.216883e+00, 1.468062e-09, 4.663998e-10, 4.123166e+01, 4.121374e-02
4.166000e+08, 2.556911e-02, 9.527725e-01, 9.011543e-01, -1.228018e+00, 1.473471e-09, 4.664847e-10, 4.128962e+01, 4.009933e-02
4.204000e+08, 2.556855e-02, 9.528473e-01, 8.659735e-01, -1.239156e+00, 1.477308e-09, 4.665735e-10, 4.134707e+01, 3.895824e-02
4.242000e+08, 2.558479e-02, 9.529245e-01, 8.307012e-01, -1.250296e+00, 1.479554e-09, 4.666659e-10, 4.140399e+01, 3.779060e-02
4.280000e+08, 2.561794e-02, 9.530039e-01, 7.953752e-01, -1.261438e+00, 1.480206e-09, 4.667617e-10, 4.146034e+01, 3.659657e-02
4.318000e+08, 2.566805e-02, 9.530855e-01, 7.600336e-01, -1.272583e+00, 1.479271e-09, 4.668604e-10, 4.151609e+01, 3.537634e-02
4.356000e+08, 2.573514e-02, 9.531690e-01, 7.247144e-01, -1.283730e+00, 1.476771e-09, 4.669620e-10, 4.157122e+01, 3.413011e-02
4.394000e+08, 2.581917e-02, 9.532543e-01, 6.894549e-01, -1.294879e+00, 1.472740e-09, 4.670660e-10, 4.162570e+01, 3.285810e-02
4.432000e+08, 2.592010e-02, 9.533412e-01, 6.542916e-01, -1.306031e+00, 1.467224e-09, 4.671722e-10, 4.167949e+01, 3.156053e-02
4.470000e+08, 2.603780e-02, 9.534296e-01, 6.192600e-01, -1.317185e+00, 1.460281e-09, 4.672804e-10, 4.173256e+01, 3.023766e-02
4.508000e+08, 2.617212e-02, 9.535194e-01, 5.843942e-01, -1.328342e+00, 1.451976e-09, 4.673903e-10, 4.178489e+01, 2.888977e-02
4.546000e+08, 2.632288e-02, 9.536104e-01, 5.497266e-01, -1.339501e+00, 1.442385e-09, 4.675016e-10, 4.183644e+01, 2.751712e-02
4.584000e+08, 2.648987e-02, 9.537025e-01, 5.152881e-01, -1.350663e+00, 1.431592e-09, 4.676141e-10, 4.188719e+01, 2.612004e-02
4.622000e+08, 2.667282e-02, 9.537954e-01, 4.811073e-01, -1.361828e+00, 1.419683e-09, 4.677276e-10, 4.193711e+01, 2.469883e-02
4.660000e+08, 2.687144e-02, 9.538892e-01, 4.472108e-01, -1.372996e+00, 1.406753e-09, 4.678419e-10, 4.198616e+01, 2.325384e-02
4.698000e+08, 2.708544e-02, 9.539836e-01, 4.136230e-01, -1.384166e+00, 1.392895e-09, 4.679566e-10, 4.203432e+01, 2.178540e-02
4.736000e+08, 2.731446e-02, 9.540785e-01, 3.803661e-01, -1.395339e+00, 1.378209e-09, 4.680716e-10, 4.208156e+01, 2.029391e-02
4.774000e+08, 2.755814e-02, 9.541738e-01, 3.474598e-01, -1.406514e+00, 1.362789e-09, 4.681867e-10, 4.212785e+01, 1.877973e-02
4.812000e+08, 2.781611e-02, 9.542694e-01, 3.149217e-01, -1.417693e+00, 1.346734e-09, 4.683017e-10, 4.217317e+01, 1.724327e-02
4.850000e+08, 2.808797e-02, 9.543650e-01, 2.827669e-01, -1.428874e+00, 1.330137e-09, 4.684163e-10, 4.221748e+01, 1.568495e-02
4.888000e+08, 2.837330e-02, 9.544606e-01, 2.510085e-01, -1.440058e+00, 1.313089e-09, 4.685304e-10, 4.226075e+01, 1.410519e-02
4.926000e+08, 2.867168e-02, 9.545561e-01, 2.196570e-01, -1.451245e+00, 1.295678e-09, 4.686437e-10, 4.230297e+01, 1.250445e-02
4.964000e+08, 2.898268e-02, 9.546513e-01, 1.887213e-01, -1.462434e+00, 1.277986e-09, 4.687562e-10, 4.234411e+01, 1.088319e-02
5.002000e+08, 2.930586e-02, 9.547462e-01, 1.582079e-01, -1.473626e+00, 1.260092e-09, 4.688676e-10, 4.238414e+01, 9.241879e-03
5.040000e+08, 2.964078e-02, 9.548405e-01, 1.281218e-01, -1.484821e+00, 1.242068e-09, 4.689777e-10, 4.242302e+01, 7.581015e-03
5.078000e+08, 2.998699e-02, 9.549342e-01, 9.846608e-02, -1.496018e+00, 1.223983e-09, 4.690864e-10, 4.246075e+01, 5.901102e-03
5.116000e+08, 3.034404e-02, 9.550272e-01, 6.924214e-02, -1.507218e+00, 1.205897e-09, 4.691936e-10, 4.249729e+01, 4.202660e-03
5.154000e+08, 3.071149e-02, 9.551194e-01, 4.045001e-02, -1.518421e+00, 1.187868e-09, 4.692991e-10, 4.253262e+01, 2.486222e-03
5.192000e+08, 3.108889e-02, 9.552106e-01, 1.208834e-02, -1.529626e+00, 1.169946e-09, 4.694027e-10, 4.256672e+01, 7.523350e-04
5.230000e+08, 3.147581e-02, 9.553008e-01, -1.584541e-02, -1.540833e+00, 1.152176e-09, 4.695043e-10, 4.259956e+01, -9.984410e-04
5.268000e+08, 3.187181e-02, 9.553899e-01, -4.335489e-02, -1.552043e+00, 1.134599e-09, 4.696038e-10, 4.263112e+01, -2.765534e-03
5.306000e+08, 3.227646e-02, 9.554777e-01, -7.044470e-02, -1.563256e+00, 1.117250e-09, 4.697011e-10, 4.266139e+01, -4.548357e-03
5.344000e+08, 3.268934e-02, 9.555642e-01, -9.712029e-02, -1.574470e+00, 1.100160e-09, 4.697960e-10, 4.269033e+01, -6.346315e-03
5.382000e+08, 3.311004e-02, 9.556493e-01, -1.233878e-01, -1.585687e+00, 1.083355e-09, 4.698885e-10, 4.271793e+01, -8.158798e-03
5.420000e+08, 3.353815e-02, 9.557328e-01, -1.492541e-01, -1.596906e+00, 1.066858e-09, 4.699784e-10, 4.274417e+01, -9.985186e-03
5.458000e+08, 3.397327e-02, 9.558149e-01, -1.747265e-01, -1.608127e+00, 1.050686e-09, 4.700657e-10, 4.276902e+01, -1.182485e-02
5.496000e+08, 3.441502e-02, 9.558952e-01, -1.998128e-01, -1.619351e+00, 1.034854e-09, 4.701502e-10, 4.279248e+01, -1.367714e-02
5.534000e+08, 3.486301e-02, 9.559738e-01, -2.245211e-01, -1.630576e+00, 1.019375e-09, 4.702318e-10, 4.281453e+01, -1.554141e-02
5.572000e+08, 3.531688e-02, 9.560507e-01, -2.488598e-01, -1.641803e+00, 1.004258e-09, 4.703106e-10, 4.283514e+01, -1.741699e-02
5.610000e+08, 3.577626e-02, 9.561256e-01, -2.728376e-01, -1.653033e+00, 9.895089e-10, 4.703864e-10, 4.285431e+01, -1.930322e-02
5.648000e+08, 3.624080e-02, 9.561986e-01, -2.964632e-01, -1.664264e+00, 9.751320e-10, 4.704591e-10, 4.287201e+01, -2.119941e-02
5.686000e+08, 3.671016e-02, 9.562697e-01, -3.197456e-01, -1.675496e+00, 9.611294e-10, 4.705288e-10, 4.288823e+01, -2.310488e-02
5.724000e+08, 3.718401e-02, 9.563386e-01, -3.426936e-01, -1.686731e+00, 9.475017e-10, 4.705953e-10, 4.290296e+01, -2.501892e-02
5.762000e+08, 3.766203e-02, 9.564055e-01, -3.653162e-01, -1.697967e+00, 9.342474e-10, 4.706585e-10, 4.291619e+01, -2.694082e-02
5.800000e+08, 3.814389e-02, 9.564703e-01, -3.876224e-01, -1.709204e+00, 9.213642e-10, 4.707185e-10, 4.292791e+01, -2.886988e-02
5.838000e+08, 3.862930e-02, 9.565328e-01, -4.096210e-01, -1.720443e+00, 9.088482e-10, 4.707753e-10, 4.293810e+01, -3.080537e-02
5.876000e+08, 3.911795e-02, 9.565931e-01, -4.313208e-01, -1.731683e+00, 8.966947e-10, 4.708287e-10, 4.294675e+01, -3.274657e-02
5.914000e+08, 3.960956e-02, 9.566511e-01, -4.527303e-01, -1.742925e+00, 8.848981e-10, 4.708788e-10, 4.295386e+01, -3.469274e-02
5.952000e+08, 4.010384e-02, 9.567068e-01, -4.738583e-01, -1.754168e+00, 8.734520e-10, 4.709255e-10, 4.295941e+01, -3.664315e-02
5.990000e+08, 4.060053e-02, 9.567601e-01, -4.947129e-01, -1.765412e+00, 8.623496e-10, 4.709688e-10, 4.296341e+01, -3.859704e-02
6.028000e+08, 4.109937e-02, 9.568111e-01, -5.153024e-01, -1.776657e+00, 8.515834e-10, 4.710087e-10, 4.296584e+01, -4.055367e-02
6.066000e+08, 4.160008e-02, 9.568597e-01, -5.356349e-01, -1.787902e+00, 8.411458e-10, 4.710452e-10, 4.296669e+01, -4.251228e-02
6.104000e+08, 4.210243e-02, 9.569058e-01, -5.557182e-01, -1.799149e+00, 8.310285e-10, 4.710783e-10, 4.296597e+01, -4.447212e-02
6.142000e+08, 4.260617e-02, 9.569495e-01, -5.755599e-01, -1.810397e+00, 8.212234e-10, 4.711080e-10, 4.296367e+01, -4.643242e-02
6.180000e+08, 4.311107e-02, 9.569908e-01, -5.951676e-01, -1.821645e+00, 8.117220e-10, 4.711343e-10, 4.295979e+01, -4.839242e-02
6.218000e+08, 4.361689e-02, 9.570296e-01, -6.145483e-01, -1.832894e+00, 8.025157e-10, 4.711572e-10, 4.295433e+01, -5.035136e-02
6.256000e+08, 4.412341e-02, 9.570658e-01, -6.337093e-01, -1.844143e+00, 7.935961e-10, 4.711767e-10, 4.294728e+01, -5.230846e-02
6.294000e+08, 4.463042e-02, 9.570996e-01, -6.526572e-01, -1.855393e+00, 7.849546e-10, 4.711929e-10, 4.293865e+01, -5.426295e-02
6.332000e+08, 4.513770e-02, 9.571309e-01, -6.713989e-01, -1.866643e+00, 7.765827e-10, 4.712057e-10, 4.292843e+01, -5.621405e-02
6.370000e+08, 4.564505e-02, 9.571597e-01, -6.899407e-01, -1.877894e+00, 7.684719e-10, 4.712152e-10, 4.291664e+01, -5.816101e-02
6.408000e+08, 4.615227e-02, 9.571861e-01, -7.082888e-01, -1.889145e+00, 7.606141e-10, 4.712215e-10, 4.290327e+01, -6.010304e-02
6.446000e+08, 4.665915e-02, 9.572099e-01, -7.264493e-01, -1.900395e+00, 7.530008e-10, 4.712244e-10, 4.288832e+01, -6.203937e-02
6.484000e+08, 4.716553e-02, 9.572312e-01, -7.444280e-01, -1.911646e+00, 7.456243e-10, 4.712242e-10, 4.287181e+01, -6.396922e-02
6.522000e+08, 4.767119e-02, 9.572501e-01, -7.622306e-01, -1.922897e+00, 7.384764e-10, 4.712208e-10, 4.285374e+01, -6.589183e-02
6.560000e+08, 4.817597e-02, 9.572665e-01, -7.798626e-01, -1.934148e+00, 7.315497e-10, 4.712143e-10, 4.283411e+01, -6.780643e-02
6.598000e+08, 4.867969e-02, 9.572805e-01, -7.973291e-01, -1.945399e+00, 7.248365e-10, 4.712046e-10, 4.281294e+01, -6.971224e-02
6.636000e+08, 4.918217e-02, 9.572921e-01, -8.146354e-01, -1.956650e+00, 7.183295e-10, 4.711920e-10, 4.279023e+01, -7.160851e-02
6.674000e+08, 4.968325e-02, 9.573013e-01, -8.317863e-01, -1.967900e+00, 7.120217e-10, 4.711763e-10, 4.276599e+01, -7.349446e-02
6.712000e+08, 5.018276e-02, 9.573080e-01, -8.487866e-01, -1.979150e+00, 7.059060e-10, 4.711577e-10, 4.274023e+01, -7.536935e-02
6.750000e+08, 5.068054e-02, 9.573125e-01, -8.656409e-01, -1.990399e+00, 6.999758e-10, 4.711362e-10, 4.271297e+01, -7.723241e-02
6.788000e+08, 5.117644e-02, 9.573146e-01, -8.823536e-01, -2.001648e+00, 6.942247e-10, 4.711120e-10, 4.268421e+01, -7.908288e-02
6.826000e+08, 5.167029e-02, 9.573144e-01, -8.989290e-01, -2.012896e+00, 6.886462e-10, 4.710849e-10, 4.265398e+01, -8.092004e-02
6.864000e+08, 5.216195e-02, 9.573119e-01, -9.153712e-01, -2.024144e+00, 6.832342e-10, 4.710552e-10, 4.262228e+01, -8.274312e-02
6.902000e+08, 5.265127e-02, 9.573073e-01, -9.316841e-01, -2.035391e+00, 6.779830e-10, 4.710228e-10, 4.258913e+01, -8.455140e-02
6.940000e+08, 5.313810e-02, 9.573004e-01, -9.478717e-01, -2.046637e+00, 6.728868e-10, 4.709879e-10, 4.255455e+01, -8.634415e-02
6.978000e+08, 5.362231e-02, 9.572914e-01, -9.639376e-01, -2.057883e+00, 6.679400e-10, 4.709504e-10, 4.251855e+01, -8.812063e-02
7.016000e+08, 5.410375e-02, 9.572802e-01, -9.798854e-01, -2.069127e+00, 6.631375e-10, 4.709106e-10, 4.248115e+01, -8.988013e-02
7.054000e+08, 5.458229e-02, 9.572670e-01, -9.957186e-01, -2.080371e+00, 6.584740e-10, 4.708684e-10, 4.244236e+01, -9.162195e-02
7.092000e+08, 5.505779e-02, 9.572518e-01, -1.011440e+00, -2.091613e+00, 6.539446e-10, 4.708239e-10, 4.240222e+01, -9.334536e-02
7.130000e+08, 5.553012e-02, 9.572346e-01, -1.027054e+00, -2.102854e+00, 6.495446e-10, 4.707772e-10, 4.236073e+01, -9.504969e-02
7.168000e+08, 5.599916e-02, 9.572154e-01, -1.042563e+00, -2.114095e+00, 6.452694e-10, 4.707284e-10, 4.231792e+01, -9.673423e-02
7.206000e+08, 5.646477e-02, 9.571944e-01, -1.057969e+00, -2.125334e+00, 6.411146e-10, 4.706775e-10, 4.227381e+01, -9.839831e-02
7.244000e+08, 5.692684e-02, 9.571715e-01, -1.073276e+00, -2.136572e+00, 6.370759e-10, 4.706247e-10, 4.222842e+01, -1.000413e-01
7.282000e+08, 5.738523e-02, 9.571468e-01, -1.088487e+00, -2.147809e+00, 6.331492e-10, 4.705700e-10, 4.218177e+01, -1.016624e-01
7.320000e+08, 5.783983e-02, 9.571204e-01, -1.103604e+00, -2.159044e+00, 6.293306e-10, 4.705135e-10, 4.213389e+01, -1.032611e-01
7.358000e+08, 5.829053e-02, 9.570924e-01, -1.118630e+00, -2.170278e+00, 6.256163e-10, 4.704552e-10, 4.208480e+01, -1.048367e-01
7.396000e+08, 5.873719e-02, 9.570626e-01, -1.133568e+00, -2.181511e+00, 6.220026e-10, 4.703953e-10, 4.203453e+01, -1.063886e-01
7.434000e+08, 5.917972e-02, 9.570313e-01, -1.148419e+00, -2.192742e+00, 6.184861e-10, 4.703339e-10, 4.198309e+01, -1.079162e-01
7.472000e+08, 5.961800e-02, 9.569985e-01, -1.163186e+00, -2.203972e+00, 6.150633e-10, 4.702709e-10, 4.193052e+01, -1.094188e-01
7.510000e+08, 6.005191e-02, 9.569643e-01, -1.177871e+00, -2.215200e+00, 6.117311e-10, 4.702066e-10, 4.187685e+01, -1.108958e-01
7.548000e+08, 6.048135e-02, 9.569286e-01, -1.192477e+00, -2.226427e+00, 6.084862e-10, 4.701410e-10, 4.182209e+01, -1.123466e-01
7.586000e+08, 6.090621e-02, 9.568916e-01, -1.207005e+00, -2.237652e+00, 6.053258e-10, 4.700742e-10, 4.176628e+01, -1.137708e-01
7.624000e+08, 6.132638e-02, 9.568533e-01, -1.221458e+00, -2.248875e+00, 6.022468e-10, 4.700062e-10, 4.170945e+01, -1.151676e-01
7.662000e+08, 6.174176e-02, 9.568138e-01, -1.235837e+00, -2.260097e+00, 5.992467e-10, 4.699371e-10, 4.165162e+01, -1.165366e-01
7.700000e+08, 6.215225e-02, 9.567732e-01, -1.250145e+00, -2.271317e+00, 5.963225e-10, 4.698671e-10, 4.159281e+01, -1.178772e-01
7.738000e+08, 6.255775e-02, 9.567314e-01, -1.264383e+00, -2.282536e+00, 5.934719e-10, 4.697963e-10, 4.153307e+01, -1.191888e-01
7.776000e+08, 6.295815e-02, 9.566886e-01, -1.278553e+00, -2.293753e+00, 5.906924e-10, 4.697246e-10, 4.147242e+01, -1.204710e-01
7.814000e+08, 6.335335e-02, 9.566449e-01, -1.292656e+00, -2.304968e+00, 5.879815e-10, 4.696522e-10, 4.141089e+01, -1.217233e-01
7.852000e+08, 6.374327e-02, 9.566002e-01, -1.306695e+00, -2.316182e+00, 5.853370e-10, 4.695793e-10, 4.134851e+01, -1.229451e-01
7.890000e+08, 6.412781e-02, 9.565547e-01, -1.320670e+00, -2.327393e+00, 5.827567e-10, 4.695057e-10, 4.128530e+01, -1.241360e-01
7.928000e+08, 6.450686e-02, 9.565084e-01, -1.334584e+00, -2.338603e+00, 5.802385e-10, 4.694318e-10, 4.122131e+01, -1.252955e-01
7.966000e+08, 6.488034e-02, 9.564613e-01, -1.348438e+00, -2.349811e+00, 5.777804e-10, 4.693574e-10, 4.115656e+01, -1.264231e-01
8.004000e+08, 6.524815e-02, 9.564136e-01, -1.362233e+00, -2.361018e+00, 5.753804e-10, 4.692828e-10, 4.109109e+01, -1.275185e-01
8.042000e+08, 6.561021e-02, 9.563654e-01, -1.375971e+00, -2.372223e+00, 5.730367e-10, 4.692080e-10, 4.102492e+01, -1.285812e-01
8.080000e+08, 6.596643e-02, 9.563166e-01, -1.389653e+00, -2.383425e+00, 5.707474e-10, 4.691331e-10, 4.095808e+01, -1.296107e-01
8.118000e+08, 6.631671e-02, 9.562673e-01, -1.403280e+00, -2.394626e+00, 5.685108e-10, 4.690582e-10, 4.089062e+01, -1.306068e-01
8.156000e+08, 6.666098e-02, 9.562176e-01, -1.416854e+00, -2.405826e+00, 5.663254e-10, 4.689833e-10, 4.082256e+01, -1.315689e-01
8.194000e+08, 6.699913e-02, 9.561676e-01, -1.430376e+00, -2.417023e+00, 5.641893e-10, 4.689085e-10, 4.075393e+01, -1.324968e-01
8.232000e+08, 6.733110e-02, 9.561173e-01, -1.443846e+00, -2.428219e+00, 5.621012e-10, 4.688340e-10, 4.068476e+01, -1.333901e-01
8.270000e+08, 6.765679e-02, 9.560668e-01, -1.457267e+00, -2.439413e+00, 5.600596e-10, 4.687597e-10, 4.061510e+01, -1.342484e-01
8.308000e+08, 6.797613e-02, 9.560162e-01, -1.470639e+00, -2.450605e+00, 5.580629e-10, 4.686859e-10, 4.054496e+01, -1.350714e-01
8.346000e+08, 6.828902e-02, 9.559654e-01, -1.483963e+00, -2.461795e+00, 5.561099e-10, 4.686125e-10, 4.047440e+01, -1.358589e-01
8.384000e+08, 6.859540e-02, 9.559147e-01, -1.497241e+00, -2.472984e+00, 5.541993e-10, 4.685396e-10, 4.040343e+01, -1.366105e-01
8.422000e+08, 6.889519e-02, 9.558639e-01, -1.510473e+00, -2.484171e+00, 5.523297e-10, 4.684673e-10, 4.033208e+01, -1.373259e-01
8.460000e+08, 6.918829e-02, 9.558133e-01, -1.523661e+00, -2.495356e+00, 5.505000e-10, 4.683957e-10, 4.026041e+01, -1.380049e-01
8.498000e+08, 6.947465e-02, 9.557628e-01, -1.536805e+00, -2.506540e+00, 5.487089e-10, 4.683249e-10, 4.018843e+01, -1.386473e-01
8.536000e+08, 6.975417e-02, 9.557125e-01, -1.549906e+00, -2.517721e+00, 5.469554e-10, 4.682549e-10, 4.011617e+01, -1.392527e-01
8.574000e+08, 7.002679e-02, 9.556624e-01, -1.562965e+00, -2.528901e+00, 5.452384e-10, 4.681857e-10, 4.004368e+01, -1.398211e-01
8.612000e+08, 7.029244e-02, 9.556127e-01, -1.575983e+00, -2.540080e+00, 5.435569e-10, 4.681176e-10, 3.997099e+01, -1.403522e-01
8.650000e+08, 7.055103e-02, 9.555634e-01, -1.588961e+00, -2.551257e+00, 5.419097e-10, 4.680505e-10, 3.989812e+01, -1.408457e-01
8.688000e+08, 7.080250e-02, 9.555145e-01, -1.601900e+00, -2.562432e+00, 5.402961e-10, 4.679845e-10, 3.982511e+01, -1.413016e-01
8.726000e+08, 7.104678e-02, 9.554661e-01, -1.614800e+00, -2.573606e+00, 5.387149e-10, 4.679196e-10, 3.975200e+01, -1.417197e-01
8.764000e+08, 7.128379e-02, 9.554182e-01, -1.627662e+00, -2.584778e+00, 5.371655e-10, 4.678560e-10, 3.967881e+01, -1.420999e-01
8.802000e+08, 7.151347e-02, 9.553710e-01, -1.640488e+00, -2.595948e+00, 5.356468e-10, 4.677937e-10, 3.960558e+01, -1.424419e-01
8.840000e+08, 7.173574e-02, 9.553244e-01, -1.653277e+00, -2.607117e+00, 5.341581e-10, 4.677328e-10, 3.953235e+01, -1.427458e-01
8.878000e+08, 7.195055e-02, 9.552784e-01, -1.666030e+00, -2.618285e+00, 5.326985e-10, 4.676733e-10, 3.945913e+01, -1.430115e-01
8.916000e+08, 7.215782e-02, 9.552333e-01, -1.678749e+00, -2.629451e+00, 5.312674e-10, 4.676152e-10, 3.938597e+01, -1.432388e-01
8.954000e+08, 7.235750e-02, 9.551889e-01, -1.691434e+00, -2.640616e+00, 5.298640e-10, 4.675587e-10, 3.931290e+01, -1.434277e-01
8.992000e+08, 7.254951e-02, 9.551453e-01, -1.704085e+00, -2.651780e+00, 5.284876e-10, 4.675038e-10, 3.923995e+01, -1.435782e-01
9.030000e+08, 7.273379e-02, 9.551027e-01, -1.716703e+00, -2.662942e+00, 5.271374e-10, 4.674505e-10, 3.916714e+01, -1.436902e-01
9.068000e+08, 7.291028e-02, 9.550610e-01, -1.729289e+00, -2.674103e+00, 5.258130e-10, 4.673989e-10, 3.909452e+01, -1.437637e-01
9.106000e+08, 7.307892e-02, 9.550202e-01, -1.741843e+00, -2.685262e+00, 5.245135e-10, 4.673490e-10, 3.902211e+01, -1.437988e-01
9.144000e+08, 7.323965e-02, 9.549805e-01, -1.754367e+00, -2.696421e+00, 5.232385e-10, 4.673009e-10, 3.894994e+01, -1.437955e-01
9.182000e+08, 7.339241e-02, 9.549418e-01, -1.766860e+00, -2.707578e+00, 5.219874e-10, 4.672547e-10, 3.887805e+01, -1.437538e-01
9.220000e+08, 7.353714e-02, 9.549042e-01, -1.779323e+00, -2.718734e+00, 5.207595e-10, 4.672103e-10, 3.880647e+01, -1.436737e-01
9.258000e+08, 7.367378e-02, 9.548677e-01, -1.791756e+00, -2.729889e+00, 5.195545e-10, 4.671678e-10, 3.873521e+01, -1.435554e-01
9.296000e+08, 7.380228e-02, 9.548325e-01, -1.804161e+00, -2.741044e+00, 5.183717e-10, 4.671273e-10, 3.866433e+01, -1.433989e-01
9.334000e+08, 7.392258e-02, 9.547984e-01, -1.816538e+00, -2.752197e+00, 5.172106e-10, 4.670888e-10, 3.859383e+01, -1.432044e-01
9.372000e+08, 7.403463e-02, 9.547655e-01, -1.828887e+00, -2.763349e+00, 5.160709e-10, 4.670523e-10, 3.852376e+01, -1.429719e-01
9.410000e+08, 7.413837e-02, 9.547339e-01, -1.841209e+00, -2.774500e+00, 5.149521e-10, 4.670179e-10, 3.845415e+01, -1.427016e-01
9.448000e+08, 7.423374e-02, 9.547037e-01, -1.853504e+00, -2.785651e+00, 5.138536e-10, 4.669856e-10, 3.838501e+01, -1.423936e-01
9.486000e+08, 7.432071e-02, 9.546747e-01, -1.865773e+00, -2.796801e+00, 5.127752e-10, 4.669554e-10, 3.831639e+01, -1.420482e-01
9.524000e+08, 7.439921e-02, 9.546471e-01, -1.878016e+00, -2.807950e+00, 5.117165e-10, 4.669273e-10, 3.824830e+01, -1.416655e-01
9.562000e+08, 7.446920e-02, 9.546209e-01, -1.890234e+00, -2.819098e+00, 5.106770e-10, 4.669014e-10, 3.818078e+01, -1.412456e-01
9.600000e+08, 7.453063e-02, 9.545960e-01, -1.902427e+00, -2.830246e+00, 5.096563e-10, 4.668777e-10, 3.811386e+01, -1.407889e-01
9.638000e+08, 7.458344e-02, 9.545726e-01, -1.914595e+00, -2.841393e+00, 5.086543e-10, 4.668562e-10, 3.804755e+01, -1.402956e-01
9.676000e+08, 7.462760e-02, 9.545507e-01, -1.926740e+00, -2.852540e+00, 5.076704e-10, 4.668370e-10, 3.798190e+01, -1.397659e-01
9.714000e+08, 7.466306e-02, 9.545302e-01, -1.938861e+00, -2.863686e+00, 5.067045e-10, 4.668200e-10, 3.791691e+01, -1.392000e-01
9.752000e+08, 7.468977e-02, 9.545112e-01, -1.950959e+00, -2.874832e+00, 5.057562e-10, 4.668052e-10, 3.785263e+01, -1.385983e-01
9.790000e+08, 7.470768e-02, 9.544937e-01, -1.963035e+00, -2.885978e+00, 5.048252e-10, 4.667928e-10, 3.778908e+01, -1.379610e-01
9.828000e+08, 7.471676e-02, 9.544777e-01, -1.975088e+00, -2.897123e+00, 5.039113e-10, 4.667826e-10, 3.772627e+01, -1.372886e-01
9.866000e+08, 7.471696e-02, 9.544632e-01, -1.987119e+00, -2.908268e+00, 5.030142e-10, 4.667747e-10, 3.766425e+01, -1.365812e-01
9.904000e+08, 7.470824e-02, 9.544502e-01, -1.999129e+00, -2.919412e+00, 5.021337e-10, 4.667691e-10, 3.760302e+01, -1.358392e-01
9.942000e+08, 7.469056e-02, 9.544388e-01, -2.011118e+00, -2.930557e+00, 5.012696e-10, 4.667658e-10, 3.754263e+01, -1.350631e-01
9.980000e+08, 7.466389e-02, 9.544290e-01, -2.023087e+00, -2.941702e+00, 5.004216e-10, 4.667647e-10, 3.748308e+01, -1.342531e-01
1.001800e+09, 7.462817e-02, 9.544207e-01, -2.035035e+00, -2.952846e+00, 4.995895e-10, 4.667660e-10, 3.742441e+01, -1.334098e-01
1.005600e+09, 7.458338e-02, 9.544139e-01, -2.046963e+00, -2.963991e+00, 4.987733e-10, 4.667696e-10, 3.736663e+01, -1.325333e-01
1.009400e+09, 7.452948e-02, 9.544087e-01, -2.058872e+00, -2.975135e+00, 4.979726e-10, 4.667754e-10, 3.730978e+01, -1.316243e-01
1.013200e+09, 7.446643e-02, 9.544051e-01, -2.070761e+00, -2.986280e+00, 4.971874e-10, 4.667835e-10, 3.725387e+01, -1.306831e-01
1.017000e+09, 7.439420e-02, 9.544030e-01, -2.082632e+00, -2.997425e+00, 4.964174e-10, 4.667939e-10, 3.719892e+01, -1.297102e-01
1.020800e+09, 7.431276e-02, 9.544026e-01, -2.094485e+00, -3.008570e+00, 4.956627e-10, 4.668065e-10, 3.714497e+01, -1.287061e-01
1.024600e+09, 7.422207e-02, 9.544036e-01, -2.106319e+00, -3.019716e+00, 4.949229e-10, 4.668213e-10, 3.709202e+01, -1.276712e-01
1.028400e+09, 7.412210e-02, 9.544062e-01, -2.118136e+00, -3.030862e+00, 4.941982e-10, 4.668384e-10, 3.704010e+01, -1.266060e-01
1.032200e+09, 7.401282e-02, 9.544104e-01, -2.129936e+00, -3.042008e+00, 4.934882e-10, 4.668576e-10, 3.698923e+01, -1.255110e-01
1.036000e+09, 7.389421e-02, 9.544160e-01, -2.141718e+00, -3.053155e+00, 4.927930e-10, 4.668790e-10, 3.693943e+01, -1.243868e-01
1.039800e+09, 7.376622e-02, 9.544232e-01, -2.153484e+00, -3.064302e+00, 4.921125e-10, 4.669026e-10, 3.689072e+01, -1.232339e-01
1.043600e+09, 7.362885e-02, 9.544320e-01, -2.165234e+00, -3.075450e+00, 4.914467e-10, 4.669282e-10, 3.684312e+01, -1.220529e-01
1.047400e+09, 7.348205e-02, 9.544422e-01, -2.176968e+00, -3.086598e+00, 4.907954e-10, 4.669560e-10, 3.679664e+01, -1.208443e-01
1.051200e+09, 7.332580e-02, 9.544539e-01, -2.188686e+00, -3.097747e+00, 4.901587e-10, 4.669858e-10, 3.675132e+01, -1.196086e-01
1.055000e+09, 7.316009e-02, 9.544670e-01, -2.200389e+00, -3.108897e+00, 4.895366e-10, 4.670177e-10, 3.670716e+01, -1.183466e-01
1.058800e+09, 7.298488e-02, 9.544816e-01, -2.212077e+00, -3.120048e+00, 4.889290e-10, 4.670515e-10, 3.666418e+01, -1.170587e-01
1.062600e+09, 7.280015e-02, 9.544977e-01, -2.223751e+00, -3.131199e+00, 4.883359e-10, 4.670873e-10, 3.662240e+01, -1.157457e-01
1.066400e+09, 7.260589e-02, 9.545151e-01, -2.235411e+00, 3.140834e+00, 4.877574e-10, 4.671250e-10, 3.658185e+01, -1.144081e-01
1.070200e+09, 7.240206e-02, 9.545340e-01, -2.247056e+00, 3.129681e+00, 4.871936e-10, 4.671646e-10, 3.654252e+01, -1.130466e-01
1.074000e+09, 7.218866e-02, 9.545542e-01, -2.258689e+00, 3.118527e+00, 4.866444e-10, 4.672061e-10, 3.650444e+01, -1.116618e-01
1.077800e+09, 7.196567e-02, 9.545757e-01, -2.270308e+00, 3.107372e+00, 4.861099e-10, 4.672493e-10, 3.646763e+01, -1.102544e-01
1.081600e+09, 7.173306e-02, 9.545986e-01, -2.281914e+00, 3.096216e+00, 4.855903e-10, 4.672943e-10, 3.643210e+01, -1.088252e-01
1.085400e+09, 7.149082e-02, 9.546227e-01, -2.293508e+00, 3.085058e+00, 4.850856e-10, 4.673410e-10, 3.639786e+01, -1.073747e-01
1.089200e+09, 7.123894e-02, 9.546482e-01, -2.305090e+00, 3.073900e+00, 4.845959e-10, 4.673893e-10, 3.636494e+01, -1.059037e-01
1.093000e+09, 7.097739e-02, 9.546748e-01, -2.316661e+00, 3.062741e+00, 4.841214e-10, 4.674393e-10, 3.633334e+01, -1.044129e-01
1.096800e+09, 7.070618e-02, 9.547027e-01, -2.328220e+00, 3.051580e+00, 4.836622e-10, 4.674908e-10, 3.630307e+01, -1.029030e-01
1.100600e+09, 7.042528e-02, 9.547317e-01, -2.339767e+00, 3.040418e+00, 4.832184e-10, 4.675438e-10, 3.627416e+01, -1.013748e-01
1.104400e+09, 7.013469e-02, 9.547618e-01, -2.351305e+00, 3.029255e+00, 4.827904e-10, 4.675983e-10, 3.624660e+01, -9.982895e-02
1.108200e+09, 6.983439e-02, 9.547931e-01, -2.362832e+00, 3.018091e+00, 4.823782e-10, 4.676542e-10, 3.622042e+01, -9.826630e-02
1.112000e+09, 6.952438e-02, 9.548254e-01, -2.374349e+00, 3.006925e+00, 4.819822e-10, 4.677114e-10, 3.619563e+01, -9.668758e-02
1.115800e+09, 6.920464e-02, 9.548588e-01, -2.385857e+00, 2.995758e+00, 4.816025e-10, 4.677700e-10, 3.617224e+01, -9.509356e-02
1.119600e+09, 6.887518e-02, 9.548932e-01, -2.397356e+00, 2.984589e+00, 4.812395e-10, 4.678298e-10, 3.615025e+01, -9.348502e-02
1.123400e+09, 6.853598e-02, 9.549286e-01, -2.408846e+00, 2.973419e+00, 4.808934e-10, 4.678907e-10, 3.612969e+01, -9.186277e-02
1.127200e+09, 6.818705e-02, 9.549648e-01, -2.420328e+00, 2.962248e+00, 4.805645e-10, 4.679528e-10, 3.611055e+01, -9.022759e-02
1.131000e+09, 6.782837e-02, 9.550020e-01, -2.431802e+00, 2.951075e+00, 4.802533e-10, 4.680160e-10, 3.609285e+01, -8.858030e-02
1.134800e+09, 6.745995e-02, 9.550400e-01, -2.443269e+00, 2.939901e+00, 4.799601e-10, 4.680802e-10, 3.607660e+01, -8.692171e-02
1.138600e+09, 6.708178e-02, 9.550789e-01, -2.454728e+00, 2.928725e+00, 4.796853e-10, 4.681453e-10, 3.606181e+01, -8.525266e-02
1.142400e+09, 6.669386e-02, 9.551185e-01, -2.466181e+00, 2.917547e+00, 4.794293e-10, 4.682113e-10, 3.604847e+01, -8.357396e-02
1.146200e+09, 6.629619e-02, 9.551589e-01, -2.477628e+00, 2.906368e+00, 4.791927e-10, 4.682782e-10, 3.603662e+01, -8.188646e-02
1.150000e+09, 6.588879e-02, 9.551999e-01, -2.489069e+00, 2.895188e+00, 4.789759e-10, 4.683458e-10, 3.602624e+01, -8.019100e-02
1.153800e+09, 6.547163e-02, 9.552416e-01, -2.500505e+00, 2.884005e+00, 4.787795e-10, 4.684141e-10, 3.601734e+01, -7.848844e-02
1.157600e+09, 6.504475e-02, 9.552840e-01, -2.511937e+00, 2.872821e+00, 4.786042e-10, 4.684831e-10, 3.600994e+01, -7.677962e-02
1.161400e+09, 6.460813e-02, 9.553269e-01, -2.523364e+00, 2.861636e+00, 4.784505e-10, 4.685528e-10, 3.600404e+01, -7.506540e-02
1.165200e+09, 6.416178e-02, 9.553703e-01, -2.534787e+00, 2.850449e+00, 4.783191e-10, 4.686229e-10, 3.599964e+01, -7.334666e-02
1.169000e+09, 6.370571e-02, 9.554142e-01, -2.546208e+00, 2.839260e+00, 4.782108e-10, 4.686935e-10, 3.599675e+01, -7.162426e-02
1.172800e+09, 6.323994e-02, 9.554586e-01, -2.557626e+00, 2.828069e+00, 4.781263e-10, 4.687646e-10, 3.599537e+01, -6.989908e-02
1.176600e+09, 6.276446e-02, 9.555034e-01, -2.569041e+00, 2.816877e+00, 4.780666e-10, 4.688360e-10, 3.599551e+01, -6.817199e-02
1.180400e+09, 6.227929e-02, 9.555486e-01, -2.580456e+00, 2.805683e+00, 4.780326e-10, 4.689077e-10, 3.599717e+01, -6.644387e-02
1.184200e+09, 6.178444e-02, 9.555941e-01, -2.591869e+00, 2.794487e+00, 4.780251e-10, 4.689797e-10, 3.600035e+01, -6.471560e-02
1.188000e+09, 6.127992e-02, 9.556398e-01, -2.603283e+00, 2.783290e+00, 4.780454e-10, 4.690518e-10, 3.600506e+01, -6.298808e-02
1.191800e+09, 6.076576e-02, 9.556858e-01, -2.614697e+00, 2.772091e+00, 4.780946e-10, 4.691241e-10, 3.601130e+01, -6.126219e-02
1.195600e+09, 6.024195e-02, 9.557320e-01, -2.626112e+00, 2.760890e+00, 4.781738e-10, 4.691965e-10, 3.601907e+01, -5.953882e-02
1.199400e+09, 5.970852e-02, 9.557784e-01, -2.637529e+00, 2.749687e+00, 4.782845e-10, 4.692689e-10, 3.602837e+01, -5.781886e-02
1.203200e+09, 5.916549e-02, 9.558249e-01, -2.648948e+00, 2.738483e+00, 4.784280e-10, 4.693413e-10, 3.603920e+01, -5.610319e-02
1.207000e+09, 5.861288e-02, 9.558715e-01, -2.660371e+00, 2.727277e+00, 4.786058e-10, 4.694137e-10, 3.605156e+01, -5.439272e-02
1.210800e+09, 5.805070e-02, 9.559181e-01, -2.671798e+00, 2.716069e+00, 4.788198e-10, 4.694859e-10, 3.606546e+01, -5.268834e-02
1.214600e+09, 5.747897e-02, 9.559647e-01, -2.683231e+00, 2.704860e+00, 4.790715e-10, 4.695579e-10, 3.608088e+01, -5.099092e-02
1.218400e+09, 5.689772e-02, 9.560112e-01, -2.694669e+00, 2.693648e+00, 4.793631e-10, 4.696297e-10, 3.609784e+01, -4.930138e-02
1.222200e+09, 5.630697e-02, 9.560577e-01, -2.706114e+00, 2.682435e+00, 4.796965e-10, 4.697012e-10, 3.611632e+01, -4.762058e-02
1.226000e+09, 5.570675e-02, 9.561041e-01, -2.717568e+00, 2.671221e+00, 4.800742e-10, 4.697724e-10, 3.613634e+01, -4.594943e-02
1.229800e+09, 5.509707e-02, 9.561503e-01, -2.729030e+00, 2.660004e+00, 4.804984e-10, 4.698433e-10, 3.615787e+01, -4.428881e-02
1.233600e+09, 5.447798e-02, 9.561962e-01, -2.740502e+00, 2.648786e+00, 4.809719e-10, 4.699137e-10, 3.618092e+01, -4.263959e-02
1.237400e+09, 5.384948e-02, 9.562420e-01, -2.751986e+00, 2.637567e+00, 4.814977e-10, 4.699837e-10, 3.620550e+01, -4.100266e-02
1.241200e+09, 5.321162e-02, 9.562875e-01, -2.763483e+00, 2.626345e+00, 4.820788e-10, 4.700532e-10, 3.623158e+01, -3.937890e-02
1.245000e+09, 5.256442e-02, 9.563327e-01, -2.774993e+00, 2.615122e+00, 4.827187e-10, 4.701222e-10, 3.625917e+01, -3.776918e-02
1.248800e+09, 5.190792e-02, 9.563775e-01, -2.786518e+00, 2.603898e+00, 4.834211e-10, 4.701906e-10, 3.628827e+01, -3.617437e-02
1.252600e+09, 5.124215e-02, 9.564219e-01, -2.798060e+00, 2.592671e+00, 4.841902e-10, 4.702584e-10, 3.631886e+01, -3.459533e-02
1.256400e+09, 5.056713e-02, 9.564660e-01, -2.809621e+00, 2.581443e+00, 4.850303e-10, 4.703256e-10, 3.635094e+01, -3.303292e-02
1.260200e+09, 4.988292e-02, 9.565095e-01, -2.821202e+00, 2.570214e+00, 4.859464e-10, 4.703921e-10, 3.638451e+01, -3.148800e-02
1.264000e+09, 4.918954e-02, 9.565526e-01, -2.832804e+00, 2.558983e+00, 4.869438e-10, 4.704579e-10, 3.641955e+01, -2.996142e-02
1.267800e+09, 4.848703e-02, 9.565952e-01, -2.844430e+00, 2.547750e+00, 4.880285e-10, 4.705229e-10, 3.645607e+01, -2.845401e-02
1.271600e+09, 4.777542e-02, 9.566372e-01, -2.856083e+00, 2.536516e+00, 4.892068e-10, 4.705872e-10, 3.649404e+01, -2.696663e-02
1.275400e+09, 4.705477e-02, 9.566787e-01, -2.867763e+00, 2.525280e+00, 4.904859e-10, 4.706507e-10, 3.653347e+01, -2.550009e-02
1.279200e+09, 4.632512e-02, 9.567195e-01, -2.879474e+00, 2.514043e+00, 4.918737e-10, 4.707134e-10, 3.657434e+01, -2.405522e-02
1.283000e+09, 4.558650e-02, 9.567597e-01, -2.891218e+00, 2.502804e+00, 4.933788e-10, 4.707752e-10, 3.661665e+01, -2.263284e-02
1.286800e+09, 4.483896e-02, 9.567993e-01, -2.902998e+00, 2.491564e+00, 4.950109e-10, 4.708361e-10, 3.666038e+01, -2.123376e-02
1.290600e+09, 4.408254e-02, 9.568381e-01, -2.914817e+00, 2.480322e+00, 4.967806e-10, 4.708962e-10, 3.670553e+01, -1.985877e-02
1.294400e+09, 4.331730e-02, 9.568762e-01, -2.926678e+00, 2.469079e+00, 4.986999e-10, 4.709553e-10, 3.675207e+01, -1.850867e-02
1.298200e+09, 4.254328e-02, 9.569135e-01, -2.938585e+00, 2.457834e+00, 5.007819e-10, 4.710135e-10, 3.680001e+01, -1.718424e-02
1.302000e+09, 4.176054e-02, 9.569501e-01, -2.950542e+00, 2.446588e+00, 5.030416e-10, 4.710708e-10, 3.684932e+01, -1.588626e-02
1.305800e+09, 4.096912e-02, 9.569858e-01, -2.962552e+00, 2.435341e+00, 5.054954e-10, 4.711271e-10, 3.690000e+01, -1.461549e-02
1.309600e+09, 4.016908e-02, 9.570208e-01, -2.974622e+00, 2.424092e+00, 5.081621e-10, 4.711824e-10, 3.695203e+01, -1.337269e-02
1.313400e+09, 3.936048e-02, 9.570548e-01, -2.986755e+00, 2.412842e+00, 5.110626e-10, 4.712367e-10, 3.700540e+01, -1.215860e-02
1.317200e+09, 3.854337e-02, 9.570880e-01, -2.998957e+00, 2.401591e+00, 5.142206e-10, 4.712900e-10, 3.706010e+01, -1.097396e-02
1.321000e+09, 3.771782e-02, 9.571203e-01, -3.011234e+00, 2.390338e+00, 5.176630e-10, 4.713422e-10, 3.711610e+01, -9.819492e-03
1.324800e+09, 3.688388e-02, 9.571517e-01, -3.023594e+00, 2.379084e+00, 5.214203e-10, 4.713934e-10, 3.717339e+01, -8.695915e-03
1.328600e+09, 3.604161e-02, 9.571821e-01, -3.036044e+00, 2.367829e+00, 5.255272e-10, 4.714436e-10, 3.723197e+01, -7.603931e-03
1.332400e+09, 3.519109e-02, 9.572116e-01, -3.048591e+00, 2.356573e+00, 5.300236e-10, 4.714927e-10, 3.729180e+01, -6.544232e-03
1.336200e+09, 3.433239e-02, 9.572400e-01, -3.061246e+00, 2.345316e+00, 5.349551e-10, 4.715408e-10, 3.735288e+01, -5.517498e-03
1.340000e+09, 3.346556e-02, 9.572675e-01, -3.074019e+00, 2.334057e+00, 5.403744e-10, 4.715878e-10, 3.741518e+01, -4.524399e-03
1.343800e+09, 3.259070e-02, 9.572939e-01, -3.086921e+00, 2.322798e+00, 5.463425e-10, 4.716337e-10, 3.747870e+01, -3.565592e-03
1.347600e+09, 3.170787e-02, 9.573193e-01, -3.099965e+00, 2.311537e+00, 5.529303e-10, 4.716785e-10, 3.754340e+01, -2.641722e-03
1.351400e+09, 3.081715e-02, 9.573437e-01, -3.113167e+00, 2.300275e+00, 5.602205e-10, 4.717223e-10, 3.760927e+01, -1.753421e-03
1.355200e+09, 2.991864e-02, 9.573669e-01, -3.126543e+00, 2.289012e+00, 5.683102e-10, 4.717650e-10, 3.767629e+01, -9.013078e-04
1.359000e+09, 2.901242e-02, 9.573891e-01, -3.140112e+00, 2.277748e+00, 5.773140e-10, 4.718065e-10, 3.774445e+01, -8.598994e-05
1.362800e+09, 2.809858e-02, 9.574102e-01, 3.129289e+00, 2.266483e+00, 5.873677e-10, 4.718470e-10, 3.781371e+01, 6.919394e-04
1.366600e+09, 2.717722e-02, 9.574301e-01, 3.115265e+00, 2.255217e+00, 5.986336e-10, 4.718864e-10, 3.788406e+01, 1.431900e-03
1.370400e+09, 2.624846e-02, 9.574489e-01, 3.100972e+00, 2.243951e+00, 6.113064e-10, 4.719247e-10, 3.795548e+01, 2.133326e-03
1.374200e+09, 2.531241e-02, 9.574666e-01, 3.086377e+00, 2.232683e+00, 6.256216e-10, 4.719619e-10, 3.802794e+01, 2.795664e-03
1.378000e+09, 2.436919e-02, 9.574831e-01, 3.071439e+00, 2.221414e+00, 6.418659e-10, 4.719980e-10, 3.810142e+01, 3.418376e-03
1.381800e+09, 2.341893e-02, 9.574984e-01, 3.056114e+00, 2.210145e+00, 6.603916e-10, 4.720331e-10, 3.817590e+01, 4.000937e-03
1.385600e+09, 2.246179e-02, 9.575126e-01, 3.040346e+00, 2.198874e+00, 6.816345e-10, 4.720670e-10, 3.825135e+01, 4.542838e-03
1.389400e+09, 2.149792e-02, 9.575255e-01, 3.024072e+00, 2.187603e+00, 7.061396e-10, 4.720999e-10, 3.832774e+01, 5.043582e-03
1.393200e+09, 2.052753e-02, 9.575373e-01, 3.007212e+00, 2.176331e+00, 7.345950e-10, 4.721316e-10, 3.840506e+01, 5.502689e-03
1.397000e+09, 1.955080e-02, 9.575478e-01, 2.989672e+00, 2.165059e+00, 7.678788e-10, 4.721623e-10, 3.848327e+01, 5.919693e-03
1.400800e+09, 1.856800e-02, 9.575571e-01, 2.971339e+00, 2.153785e+00, 8.071258e-10, 4.721919e-10, 3.856236e+01, 6.294143e-03
1.404600e+09, 1.757939e-02, 9.575651e-01, 2.952068e+00, 2.142511e+00, 8.538216e-10, 4.722205e-10, 3.864229e+01, 6.625605e-03
1.408400e+09, 1.658533e-02, 9.575719e-01, 2.931682e+00, 2.131236e+00, 9.099400e-10, 4.722479e-10, 3.872303e+01, 6.913657e-03
1.412200e+09, 1.558620e-02, 9.575775e-01, 2.909956e+00, 2.119961e+00, 9.781465e-10, 4.722743e-10, 3.880456e+01, 7.157896e-03
1.416000e+09, 1.458252e-02, 9.575817e-01, 2.886601e+00, 2.108685e+00, 1.062105e-09, 4.722997e-10, 3.888684e+01, 7.357934e-03
1.419800e+09, 1.357493e-02, 9.575848e-01, 2.861243e+00, 2.097408e+00, 1.166956e-09, 4.723240e-10, 3.896986e+01, 7.513397e-03
1.423600e+09, 1.256424e-02, 9.575865e-01, 2.833380e+00, 2.086131e+00, 1.300072e-09, 4.723472e-10, 3.905357e+01, 7.623929e-03
1.427400e+09, 1.155155e-02, 9.575869e-01, 2.802339e+00, 2.074853e+00, 1.472295e-09, 4.723694e-10, 3.913795e+01, 7.689190e-03
1.431200e+09, 1.053834e-02, 9.575861e-01, 2.767187e+00, 2.063575e+00, 1.700023e-09, 4.723905e-10, 3.922297e+01, 7.708855e-03
1.435000e+09, 9.526709e-03, 9.575839e-01, 2.726597e+00, 2.052296e+00, 2.008822e-09, 4.724106e-10, 3.930859e+01, 7.682618e-03
1.438800e+09, 8.519739e-03, 9.575805e-01, 2.678634e+00, 2.041017e+00, 2.439887e-09, 4.724297e-10, 3.939479e+01, 7.610188e-03
1.442600e+09, 7.522105e-03, 9.575757e-01, 2.620379e+00, 2.029737e+00, 3.061788e-09, 4.724477e-10, 3.948153e+01, 7.491292e-03
1.446400e+09, 6.541279e-03, 9.575696e-01, 2.547275e+00, 2.018457e+00, 3.991609e-09, 4.724647e-10, 3.956877e+01, 7.325671e-03
1.450200e+09, 5.589816e-03, 9.575622e-01, 2.451971e+00, 2.007176e+00, 5.428900e-09, 4.724807e-10, 3.965649e+01, 7.113088e-03
1.454000e+09, 4.689985e-03, 9.575535e-01, 2.322350e+00, 1.995895e+00, 7.682254e-09, 4.724956e-10, 3.974464e+01, 6.853319e-03
1.457800e+09, 3.883079e-03, 9.575434e-01, 2.138928e+00, 1.984614e+00, 1.102452e-08, 4.725096e-10, 3.983320e+01, 6.546159e-03
1.461600e+09, 3.245415e-03, 9.575320e-01, 1.875706e+00, 1.973332e+00, 1.482942e-08, 4.725225e-10, 3.992213e+01, 6.191421e-03
1.465400e+09, 2.897977e-03, 9.575193e-01, 1.521637e+00, 1.962050e+00, 1.641651e-08, 4.725344e-10, 4.001139e+01, 5.788936e-03
1.469200e+09, 2.951849e-03, 9.575052e-01, 1.129674e+00, 1.950768e+00, 1.406029e-08, 4.725453e-10, 4.010095e+01, 5.338551e-03
1.473000e+09, 3.393516e-03, 9.574898e-01, 7.939695e-01, 1.939485e+00, 1.019855e-08, 4.725552e-10, 4.019077e+01, 4.840133e-03
1.476800e+09, 4.104029e-03, 9.574730e-01, 5.504678e-01, 1.928202e+00, 7.096744e-09, 4.725641e-10, 4.028080e+01, 4.293565e-03
1.480600e+09, 4.973046e-03, 9.574549e-01, 3.810252e-01, 1.916919e+00, 5.053120e-09, 4.725720e-10, 4.037102e+01, 3.698751e-03
1.484400e+09, 5.934319e-03, 9.574354e-01, 2.603763e-01, 1.905636e+00, 3.749776e-09, 4.725790e-10, 4.046139e+01, 3.055610e-03
1.488200e+09, 6.952191e-03, 9.574146e-01, 1.708463e-01, 1.894353e+00, 2.900895e-09, 4.725849e-10, 4.055186e+01, 2.364083e-03
1.492000e+09, 8.007244e-03, 9.573924e-01, 1.015842e-01, 1.883069e+00, 2.328464e-09, 4.725898e-10, 4.064239e+01, 1.624126e-03
1.495800e+09, 9.088381e-03, 9.573688e-01, 4.598959e-02, 1.871786e+00, 1.928542e-09, 4.725937e-10, 4.073296e+01, 8.357160e-04
1.499600e+09, 1.018891e-02, 9.573439e-01, -5.648853e-05, 1.860502e+00, 1.639993e-09, 4.725967e-10, 4.082350e+01, -1.151233e-06
1.503400e+09, 1.130458e-02, 9.573176e-01, -3.921313e-02, 1.849218e+00, 1.425833e-09, 4.725986e-10, 4.091400e+01, -8.864617e-04
1.507200e+09, 1.243256e-02, 9.572899e-01, -7.325648e-02, 1.837935e+00, 1.262940e-09, 4.725996e-10, 4.100439e+01, -1.820182e-03
1.511000e+09, 1.357091e-02, 9.572609e-01, -1.034106e-01, 1.826651e+00, 1.136382e-09, 4.725995e-10, 4.109465e+01, -2.802260e-03
1.514800e+09, 1.471821e-02, 9.572305e-01, -1.305429e-01, 1.815367e+00, 1.036220e-09, 4.725985e-10, 4.118472e+01, -3.832623e-03
1.518600e+09, 1.587342e-02, 9.571987e-01, -1.552838e-01, 1.804083e+00, 9.556584e-10, 4.725965e-10, 4.127457e+01, -4.911182e-03
1.522400e+09, 1.703574e-02, 9.571656e-01, -1.781012e-01, 1.792799e+00, 8.899350e-10, 4.725935e-10, 4.136416e+01, -6.037824e-03
1.526200e+09, 1.820455e-02, 9.571311e-01, -1.993494e-01, 1.781516e+00, 8.356388e-10, 4.725895e-10, 4.145344e+01, -7.212419e-03
1.530000e+09, 1.937932e-02, 9.570952e-01, -2.193012e-01, 1.770232e+00, 7.902787e-10, 4.725845e-10, 4.154236e+01, -8.434819e-03
1.533800e+09, 2.055964e-02, 9.570580e-01, -2.381700e-01, 1.758949e+00, 7.520027e-10, 4.725786e-10, 4.163089e+01, -9.704853e-03
1.537600e+09, 2.174516e-02, 9.570193e-01, -2.561249e-01, 1.747665e+00, 7.194125e-10, 4.725716e-10, 4.171897e+01, -1.102233e-02
1.541400e+09, 2.293555e-02, 9.569793e-01, -2.733017e-01, 1.736382e+00, 6.914364e-10, 4.725636e-10, 4.180657e+01, -1.238705e-02
1.545200e+09, 2.413055e-02, 9.569380e-01, -2.898105e-01, 1.725099e+00, 6.672431e-10, 4.725547e-10, 4.189364e+01, -1.379877e-02
1.549000e+09, 2.532992e-02, 9.568952e-01, -3.057416e-01, 1.713816e+00, 6.461795e-10, 4.725447e-10, 4.198013e+01, -1.525724e-02
1.552800e+09, 2.653342e-02, 9.568511e-01, -3.211699e-01, 1.702534e+00, 6.277269e-10, 4.725338e-10, 4.206600e+01, -1.676221e-02
1.556600e+09, 2.774086e-02, 9.568057e-01, -3.361576e-01, 1.691251e+00, 6.114698e-10, 4.725218e-10, 4.215121e+01, -1.831337e-02
1.560400e+09, 2.895204e-02, 9.567588e-01, -3.507571e-01, 1.679969e+00, 5.970717e-10, 4.725088e-10, 4.223570e+01, -1.991041e-02
1.564200e+09, 3.016678e-02, 9.567106e-01, -3.650128e-01, 1.668688e+00, 5.842581e-10, 4.724949e-10, 4.231944e+01, -2.155302e-02
1.568000e+09, 3.138490e-02, 9.566611e-01, -3.789626e-01, 1.657406e+00, 5.728031e-10, 4.724799e-10, 4.240237e+01, -2.324083e-02
1.571800e+09, 3.260625e-02, 9.566102e-01, -3.926389e-01, 1.646125e+00, 5.625198e-10, 4.724639e-10, 4.248446e+01, -2.497348e-02
1.575600e+09, 3.383065e-02, 9.565579e-01, -4.060697e-01, 1.634845e+00, 5.532522e-10, 4.724468e-10, 4.256565e+01, -2.675057e-02
1.579400e+09, 3.505796e-02, 9.565043e-01, -4.192792e-01, 1.623565e+00, 5.448694e-10, 4.724288e-10, 4.264589e+01, -2.857170e-02
1.583200e+09, 3.628803e-02, 9.564493e-01, -4.322886e-01, 1.612285e+00, 5.372608e-10, 4.724097e-10, 4.272515e+01, -3.043642e-02
1.587000e+09, 3.752070e-02, 9.563929e-01, -4.451163e-01, 1.601006e+00, 5.303327e-10, 4.723896e-10, 4.280338e+01, -3.234430e-02
1.590800e+09, 3.875582e-02, 9.563353e-01, -4.577786e-01, 1.589727e+00, 5.240050e-10, 4.723685e-10, 4.288053e+01, -3.429485e-02
1.594600e+09, 3.999326e-02, 9.562763e-01, -4.702898e-01, 1.578449e+00, 5.182092e-10, 4.723464e-10, 4.295655e+01, -3.628759e-02
1.598400e+09, 4.123287e-02, 9.562159e-01, -4.826626e-01, 1.567171e+00, 5.128861e-10, 4.723232e-10, 4.303140e+01, -3.832200e-02
1.602200e+09, 4.247451e-02, 9.561542e-01, -4.949083e-01, 1.555893e+00, 5.079846e-10, 4.722989e-10, 4.310504e+01, -4.039755e-02
1.606000e+09, 4.371804e-02, 9.560912e-01, -5.070370e-01, 1.544617e+00, 5.034603e-10, 4.722737e-10, 4.317742e+01, -4.251369e-02
1.609800e+09, 4.496332e-02, 9.560269e-01, -5.190577e-01, 1.533341e+00, 4.992745e-10, 4.722474e-10, 4.324849e+01, -4.466983e-02
1.613600e+09, 4.621020e-02, 9.559612e-01, -5.309784e-01, 1.522065e+00, 4.953934e-10, 4.722200e-10, 4.331821e+01, -4.686540e-02
1.617400e+09, 4.745856e-02, 9.558943e-01, -5.428064e-01, 1.510791e+00, 4.917871e-10, 4.721916e-10, 4.338654e+01, -4.909977e-02
1.621200e+09, 4.870825e-02, 9.558260e-01, -5.545484e-01, 1.499516e+00, 4.884296e-10, 4.721621e-10, 4.345343e+01, -5.137233e-02
1.625000e+09, 4.995913e-02, 9.557565e-01, -5.662102e-01, 1.488243e+00, 4.852976e-10, 4.721316e-10, 4.351883e+01, -5.368240e-02
1.628800e+09, 5.121108e-02, 9.556856e-01, -5.777972e-01, 1.476970e+00, 4.823707e-10, 4.721000e-10, 4.358271e+01, -5.602933e-02
1.632600e+09, 5.246393e-02, 9.556135e-01, -5.893144e-01, 1.465699e+00, 4.796305e-10, 4.720674e-10, 4.364502e+01, -5.841242e-02
1.636400e+09, 5.371758e-02, 9.555401e-01, -6.007661e-01, 1.454427e+00, 4.770608e-10, 4.720337e-10, 4.370573e+01, -6.083096e-02
1.640200e+09, 5.497186e-02, 9.554654e-01, -6.121564e-01, 1.443157e+00, 4.746471e-10, 4.719989e-10, 4.376478e+01, -6.328423e-02
1.644000e+09, 5.622665e-02, 9.553895e-01, -6.234891e-01, 1.431888e+00, 4.723764e-10, 4.719631e-10, 4.382213e+01, -6.577149e-02
1.647800e+09, 5.748180e-02, 9.553123e-01, -6.347676e-01, 1.420619e+00, 4.702369e-10, 4.719262e-10, 4.387776e+01, -6.829195e-02
1.651600e+09, 5.873719e-02, 9.552339e-01, -6.459951e-01, 1.409351e+00, 4.682181e-10, 4.718882e-10, 4.393161e+01, -7.084485e-02
1.655400e+09, 5.999266e-02, 9.551542e-01, -6.571743e-01, 1.398084e+00, 4.663106e-10, 4.718492e-10, 4.398365e+01, -7.342938e-02
1.659200e+09, 6.124808e-02, 9.550734e-01, -6.683080e-01, 1.386818e+00, 4.645058e-10, 4.718091e-10, 4.403384e+01, -7.604473e-02
1.663000e+09, 6.250332e-02, 9.549913e-01, -6.793986e-01, 1.375553e+00, 4.627958e-10, 4.717680e-10, 4.408214e+01, -7.869006e-02
1.666800e+09, 6.375823e-02, 9.549080e-01, -6.904483e-01, 1.364289e+00, 4.611736e-10, 4.717258e-10, 4.412852e+01, -8.136452e-02
1.670600e+09, 6.501268e-02, 9.548235e-01, -7.014594e-01, 1.353026e+00, 4.596328e-10, 4.716825e-10, 4.417294e+01, -8.406723e-02
1.674400e+09, 6.626652e-02, 9.547379e-01, -7.124336e-01, 1.341765e+00, 4.581676e-10, 4.716381e-10, 4.421536e+01, -8.679732e-02
1.678200e+09, 6.751961e-02, 9.546511e-01, -7.233729e-01, 1.330504e+00, 4.567726e-10, 4.715927e-10, 4.425576e+01, -8.955389e-02
1.682000e+09, 6.877181e-02, 9.545631e-01, -7.342788e-01, 1.319244e+00, 4.554429e-10, 4.715462e-10, 4.429410e+01, -9.233602e-02
1.685800e+09, 7.002299e-02, 9.544740e-01, -7.451530e-01, 1.307985e+00, 4.541741e-10, 4.714987e-10, 4.433034e+01, -9.514278e-02
1.689600e+09, 7.127301e-02, 9.543837e-01, -7.559969e-01, 1.296728e+00, 4.529620e-10, 4.714501e-10, 4.436446e+01, -9.797322e-02
1.693400e+09, 7.252171e-02, 9.542924e-01, -7.668119e-01, 1.285471e+00, 4.518030e-10, 4.714005e-10, 4.439642e+01, -1.008264e-01
1.697200e+09, 7.376897e-02, 9.542000e-01, -7.775992e-01, 1.274216e+00, 4.506934e-10, 4.713498e-10, 4.442621e+01, -1.037013e-01
1.701000e+09, 7.501463e-02, 9.541064e-01, -7.883600e-01, 1.262962e+00, 4.496303e-10, 4.712981e-10, 4.445378e+01, -1.065970e-01
1.704800e+09, 7.625856e-02, 9.540119e-01, -7.990954e-01, 1.251709e+00, 4.486105e-10, 4.712453e-10, 4.447912e+01, -1.095124e-01
1.708600e+09, 7.750062e-02, 9.539162e-01, -8.098065e-01, 1.240458e+00, 4.476314e-10, 4.711915e-10, 4.450220e+01, -1.124466e-01
1.712400e+09, 7.874067e-02, 9.538195e-01, -8.204942e-01, 1.229208e+00, 4.466905e-10, 4.711367e-10, 4.452300e+01, -1.153986e-01
1.716200e+09, 7.997855e-02, 9.537219e-01, -8.311594e-01, 1.217959e+00, 4.457854e-10, 4.710808e-10, 4.454149e+01, -1.183672e-01
1.720000e+09, 8.121413e-02, 9.536232e-01, -8.418030e-01, 1.206711e+00, 4.449140e-10, 4.710240e-10, 4.455765e+01, -1.213515e-01
1.723800e+09, 8.244727e-02, 9.535235e-01, -8.524258e-01, 1.195465e+00, 4.440742e-10, 4.709661e-10, 4.457147e+01, -1.243504e-01
1.727600e+09, 8.367783e-02, 9.534229e-01, -8.630286e-01, 1.184220e+00, 4.432643e-10, 4.709072e-10, 4.458292e+01, -1.273628e-01
1.731400e+09, 8.490565e-02, 9.533213e-01, -8.736120e-01, 1.172977e+00, 4.424824e-10, 4.708474e-10, 4.459199e+01, -1.303877e-01
1.735200e+09, 8.613061e-02, 9.532188e-01, -8.841768e-01, 1.161735e+00, 4.417270e-10, 4.707865e-10, 4.459866e+01, -1.334240e-01
1.739000e+09, 8.735254e-02, 9.531154e-01, -8.947235e-01, 1.150494e+00, 4.409966e-10, 4.707247e-10, 4.460292e+01, -1.364705e-01
1.742800e+09, 8.857132e-02, 9.530111e-01, -9.052528e-01, 1.139255e+00, 4.402896e-10, 4.706620e-10, 4.460475e+01, -1.395263e-01
1.746600e+09, 8.978680e-02, 9.529060e-01, -9.157652e-01, 1.128017e+00, 4.396049e-10, 4.705982e-10, 4.460415e+01, -1.425901e-01
1.750400e+09, 9.099884e-02, 9.528000e-01, -9.262612e-01, 1.116781e+00, 4.389412e-10, 4.705336e-10, 4.460111e+01, -1.456610e-01
1.754200e+09, 9.220728e-02, 9.526932e-01, -9.367414e-01, 1.105547e+00, 4.382973e-10, 4.704680e-10, 4.459561e+01, -1.487376e-01
1.758000e+09, 9.341200e-02, 9.525856e-01, -9.472063e-01, 1.094314e+00, 4.376721e-10, 4.704015e-10, 4.458765e+01, -1.518191e-01
1.761800e+09, 9.461284e-02, 9.524772e-01, -9.576562e-01, 1.083083e+00, 4.370647e-10, 4.703341e-10, 4.457722e+01, -1.549041e-01
1.765600e+09, 9.580966e-02, 9.523681e-01, -9.680916e-01, 1.071853e+00, 4.364740e-10, 4.702658e-10, 4.456433e+01, -1.579917e-01
1.769400e+09, 9.700232e-02, 9.522582e-01, -9.785129e-01, 1.060625e+00, 4.358992e-10, 4.701966e-10, 4.454896e+01, -1.610806e-01
1.773200e+09, 9.819068e-02, 9.521477e-01, -9.889204e-01, 1.049398e+00, 4.353395e-10, 4.701266e-10, 4.453113e+01, -1.641697e-01
1.777000e+09, 9.937459e-02, 9.520364e-01, -9.993146e-01, 1.038173e+00, 4.347940e-10, 4.700557e-10, 4.451082e+01, -1.672580e-01
1.780800e+09, 1.005539e-01, 9.519245e-01, -1.009696e+00, 1.026950e+00, 4.342619e-10, 4.699840e-10, 4.448804e+01, -1.703442e-01
1.784600e+09, 1.017285e-01, 9.518120e-01, -1.020064e+00, 1.015729e+00, 4.337427e-10, 4.699115e-10, 4.446280e+01, -1.734272e-01
1.788400e+09, 1.028982e-01, 9.516989e-01, -1.030420e+00, 1.004509e+00, 4.332356e-10, 4.698382e-10, 4.443510e+01, -1.765059e-01
1.792200e+09, 1.040629e-01, 9.515853e-01, -1.040764e+00, 9.932913e-01, 4.327399e-10, 4.697642e-10, 4.440495e+01, -1.795792e-01
1.796000e+09, 1.052224e-01, 9.514711e-01, -1.051097e+00, 9.820752e-01, 4.322551e-10, 4.696894e-10, 4.437235e+01, -1.826459e-01
1.799800e+09, 1.063766e-01, 9.513563e-01, -1.061417e+00, 9.708608e-01, 4.317807e-10, 4.696138e-10, 4.433732e+01, -1.857050e-01
1.803600e+09, 1.075254e-01, 9.512411e-01, -1.071726e+00, 9.596483e-01, 4.313160e-10, 4.695375e-10, 4.429987e+01, -1.887551e-01
1.807400e+09, 1.086686e-01, 9.511254e-01, -1.082024e+00, 9.484376e-01, 4.308606e-10, 4.694605e-10, 4.426000e+01, -1.917954e-01
1.811200e+09, 1.098060e-01, 9.510093e-01, -1.092312e+00, 9.372287e-01, 4.304140e-10, 4.693829e-10, 4.421775e+01, -1.948245e-01
1.815000e+09, 1.109376e-01, 9.508928e-01, -1.102588e+00, 9.260216e-01, 4.299757e-10, 4.693046e-10, 4.417311e+01, -1.978415e-01
1.818800e+09, 1.120632e-01, 9.507760e-01, -1.112855e+00, 9.148165e-01, 4.295453e-10, 4.692257e-10, 4.412611e+01, -2.008451e-01
1.822600e+09, 1.131826e-01, 9.506588e-01, -1.123110e+00, 9.036132e-01, 4.291224e-10, 4.691461e-10, 4.407676e+01, -2.038344e-01
1.826400e+09, 1.142957e-01, 9.505413e-01, -1.133356e+00, 8.924118e-01, 4.287065e-10, 4.690660e-10, 4.402510e+01, -2.068081e-01
1.830200e+09, 1.154023e-01, 9.504235e-01, -1.143592e+00, 8.812123e-01, 4.282974e-10, 4.689853e-10, 4.397112e+01, -2.097652e-01
1.834000e+09, 1.165024e-01, 9.503054e-01, -1.153818e+00, 8.700148e-01, 4.278946e-10, 4.689041e-10, 4.391487e+01, -2.127047e-01
1.837800e+09, 1.175958e-01, 9.501872e-01, -1.164035e+00, 8.588192e-01, 4.274979e-10, 4.688223e-10, 4.385637e+01, -2.156254e-01
1.841600e+09, 1.186824e-01, 9.500688e-01, -1.174241e+00, 8.476256e-01, 4.271068e-10, 4.687401e-10, 4.379563e+01, -2.185263e-01
1.845400e+09, 1.197619e-01, 9.499502e-01, -1.184439e+00, 8.364339e-01, 4.267211e-10, 4.686574e-10, 4.373268e+01, -2.214063e-01
1.849200e+09, 1.208343e-01, 9.498316e-01, -1.194628e+00, 8.252442e-01, 4.263404e-10, 4.685743e-10, 4.366756e+01, -2.242644e-01
1.853000e+09, 1.218994e-01, 9.497128e-01, -1.204807e+00, 8.140564e-01, 4.259645e-10, 4.684908e-10, 4.360029e+01, -2.270995e-01
1.856800e+09, 1.229572e-01, 9.495940e-01, -1.214977e+00, 8.028707e-01, 4.255932e-10, 4.684069e-10, 4.353090e+01, -2.299106e-01
1.860600e+09, 1.240073e-01, 9.494752e-01, -1.225139e+00, 7.916870e-01, 4.252261e-10, 4.683226e-10, 4.345942e+01, -2.326967e-01
1.864400e+09, 1.250498e-01, 9.493564e-01, -1.235292e+00, 7.805052e-01, 4.248630e-10, 4.682380e-10, 4.338589e+01, -2.354567e-01
1.868200e+09, 1.260845e-01, 9.492377e-01, -1.245436e+00, 7.693255e-01, 4.245037e-10, 4.681532e-10, 4.331033e+01, -2.381898e-01
1.872000e+09, 1.271112e-01, 9.491191e-01, -1.255571e+00, 7.581479e-01, 4.241478e-10, 4.680680e-10, 4.323278e+01, -2.408948e-01
1.875800e+09, 1.281299e-01, 9.490006e-01, -1.265698e+00, 7.469722e-01, 4.237953e-10, 4.679827e-10, 4.315328e+01, -2.435709e-01
1.879600e+09, 1.291403e-01, 9.488822e-01, -1.275817e+00, 7.357986e-01, 4.234459e-10, 4.678971e-10, 4.307186e+01, -2.462170e-01
1.883400e+09, 1.301423e-01, 9.487641e-01, -1.285927e+00, 7.246271e-01, 4.230993e-10, 4.678113e-10, 4.298856e+01, -2.488323e-01
1.887200e+09, 1.311359e-01, 9.486462e-01, -1.296029e+00, 7.134575e-01, 4.227554e-10, 4.677255e-10, 4.290341e+01, -2.514158e-01
1.891000e+09, 1.321209e-01, 9.485286e-01, -1.306123e+00, 7.022901e-01, 4.224140e-10, 4.676395e-10, 4.281645e+01, -2.539665e-01
1.894800e+09, 1.330971e-01, 9.484113e-01, -1.316208e+00, 6.911247e-01, 4.220749e-10, 4.675534e-10, 4.272773e+01, -2.564836e-01
1.898600e+09, 1.340644e-01, 9.482944e-01, -1.326286e+00, 6.799613e-01, 4.217380e-10, 4.674672e-10, 4.263728e+01, -2.589662e-01
1.902400e+09, 1.350227e-01, 9.481778e-01, -1.336355e+00, 6.688000e-01, 4.214030e-10, 4.673811e-10, 4.254515e+01, -2.614134e-01
1.906200e+09, 1.359718e-01, 9.480617e-01, -1.346417e+00, 6.576408e-01, 4.210697e-10, 4.672950e-10, 4.245136e+01, -2.638243e-01
1.910000e+09, 1.369117e-01, 9.479460e-01, -1.356470e+00, 6.464836e-01, 4.207381e-10, 4.672089e-10, 4.235597e+01, -2.661982e-01
1.913800e+09, 1.378422e-01, 9.478309e-01, -1.366516e+00, 6.353285e-01, 4.204079e-10, 4.671229e-10, 4.225902e+01, -2.685341e-01
1.917600e+09, 1.387631e-01, 9.477162e-01, -1.376553e+00, 6.241754e-01, 4.200790e-10, 4.670371e-10, 4.216055e+01, -2.708313e-01
1.921400e+09, 1.396744e-01, 9.476022e-01, -1.386583e+00, 6.130244e-01, 4.197513e-10, 4.669514e-10, 4.206061e+01, -2.730890e-01
1.925200e+09, 1.405759e-01, 9.474887e-01, -1.396605e+00, 6.018754e-01, 4.194246e-10, 4.668658e-10, 4.195923e+01, -2.753063e-01
1.929000e+09, 1.414675e-01, 9.473759e-01, -1.406620e+00, 5.907285e-01, 4.190988e-10, 4.667806e-10, 4.185646e+01, -2.774826e-01
1.932800e+09, 1.423490e-01, 9.472638e-01, -1.416626e+00, 5.795836e-01, 4.187737e-10, 4.666955e-10, 4.175235e+01, -2.796171e-01
1.936600e+09, 1.432205e-01, 9.471525e-01, -1.426625e+00, 5.684407e-01, 4.184491e-10, 4.666108e-10, 4.164694e+01, -2.817089e-01
1.940400e+09, 1.440816e-01, 9.470419e-01, -1.436616e+00, 5.572998e-01, 4.181251e-10, 4.665263e-10, 4.154027e+01, -2.837575e-01
1.944200e+09, 1.449323e-01, 9.469321e-01, -1.446599e+00, 5.461610e-01, 4.178014e-10, 4.664423e-10, 4.143240e+01, -2.857621e-01
1.948000e+09, 1.457725e-01, 9.468231e-01, -1.456574e+00, 5.350242e-01, 4.174779e-10, 4.663586e-10, 4.132336e+01, -2.877221e-01
1.951800e+09, 1.466021e-01, 9.467150e-01, -1.466542e+00, 5.238894e-01, 4.171544e-10, 4.662754e-10, 4.121321e+01, -2.896367e-01
1.955600e+09, 1.474209e-01, 9.466078e-01, -1.476502e+00, 5.127565e-01, 4.168310e-10, 4.661927e-10, 4.110198e+01, -2.915054e-01
1.959400e+09, 1.482288e-01, 9.465016e-01, -1.486454e+00, 5.016256e-01, 4.165073e-10, 4.661104e-10, 4.098973e+01, -2.933274e-01
1.963200e+09, 1.490257e-01, 9.463964e-01, -1.496399e+00, 4.904967e-01, 4.161834e-10, 4.660287e-10, 4.087650e+01, -2.951023e-01
1.967000e+09, 1.498115e-01, 9.462923e-01, -1.506336e+00, 4.793698e-01, 4.158591e-10, 4.659476e-10, 4.076234e+01, -2.968293e-01
1.970800e+09, 1.505861e-01, 9.461892e-01, -1.516265e+00, 4.682448e-01, 4.155343e-10, 4.658671e-10, 4.064729e+01, -2.985079e-01
1.974600e+09, 1.513494e-01, 9.460872e-01, -1.526186e+00, 4.571217e-01, 4.152089e-10, 4.657872e-10, 4.053140e+01, -3.001375e-01
1.978400e+09, 1.521012e-01, 9.459863e-01, -1.536100e+00, 4.460005e-01, 4.148828e-10, 4.657081e-10, 4.041471e+01, -3.017176e-01
1.982200e+09, 1.528414e-01, 9.458866e-01, -1.546006e+00, 4.348812e-01, 4.145558e-10, 4.656296e-10, 4.029728e+01, -3.032477e-01
1.986000e+09, 1.535699e-01, 9.457882e-01, -1.555904e+00, 4.237638e-01, 4.142279e-10, 4.655519e-10, 4.017915e+01, -3.047272e-01
1.989800e+09, 1.542867e-01, 9.456910e-01, -1.565794e+00, 4.126482e-01, 4.138989e-10, 4.654750e-10, 4.006036e+01, -3.061557e-01
1.993600e+09, 1.549915e-01, 9.455951e-01, -1.575676e+00, 4.015345e-01, 4.135687e-10, 4.653990e-10, 3.994096e+01, -3.075326e-01
1.997400e+09, 1.556844e-01, 9.455006e-01, -1.585550e+00, 3.904226e-01, 4.132373e-10, 4.653238e-10, 3.982100e+01, -3.088576e-01
2.001200e+09, 1.563651e-01, 9.454074e-01, -1.595417e+00, 3.793125e-01, 4.129045e-10, 4.652495e-10, 3.970052e+01, -3.101301e-01
2.005000e+09, 1.570336e-01, 9.453156e-01, -1.605275e+00, 3.682041e-01, 4.125702e-10, 4.651761e-10, 3.957957e+01, -3.113498e-01
2.008800e+09, 1.576898e-01, 9.452252e-01, -1.615126e+00, 3.570975e-01, 4.122343e-10, 4.651037e-10, 3.945819e+01, -3.125162e-01
2.012600e+09, 1.583336e-01, 9.451364e-01, -1.624969e+00, 3.459927e-01, 4.118968e-10, 4.650324e-10, 3.933643e+01, -3.136290e-01
2.016400e+09, 1.589648e-01, 9.450490e-01, -1.634803e+00, 3.348895e-01, 4.115574e-10, 4.649620e-10, 3.921433e+01, -3.146877e-01
2.020200e+09, 1.595834e-01, 9.449632e-01, -1.644629e+00, 3.237880e-01, 4.112161e-10, 4.648928e-10, 3.909194e+01, -3.156921e-01
2.024000e+09, 1.601893e-01, 9.448790e-01, -1.654448e+00, 3.126882e-01, 4.108727e-10, 4.648247e-10, 3.896931e+01, -3.166417e-01
2.027800e+09, 1.607824e-01, 9.447963e-01, -1.664258e+00, 3.015900e-01, 4.105273e-10, 4.647577e-10, 3.884647e+01, -3.175363e-01
2.031600e+09, 1.613625e-01, 9.447154e-01, -1.674060e+00, 2.904934e-01, 4.101796e-10, 4.646919e-10, 3.872347e+01, -3.183756e-01
2.035400e+09, 1.619296e-01, 9.446361e-01, -1.683853e+00, 2.793984e-01, 4.098296e-10, 4.646273e-10, 3.860035e+01, -3.191592e-01
2.039200e+09, 1.624835e-01, 9.445585e-01, -1.693638e+00, 2.683049e-01, 4.094771e-10, 4.645640e-10, 3.847717e+01, -3.198870e-01
2.043000e+09, 1.630243e-01, 9.444827e-01, -1.703415e+00, 2.572129e-01, 4.091220e-10, 4.645020e-10, 3.835395e+01, -3.205585e-01
2.046800e+09, 1.635518e-01, 9.444086e-01, -1.713183e+00, 2.461224e-01, 4.087642e-10, 4.644413e-10, 3.823074e+01, -3.211737e-01
2.050600e+09, 1.640658e-01, 9.443364e-01, -1.722943e+00, 2.350333e-01, 4.084037e-10, 4.643820e-10, 3.810759e+01, -3.217323e-01
2.054400e+09, 1.645664e-01, 9.442660e-01, -1.732694e+00, 2.239457e-01, 4.080402e-10, 4.643240e-10, 3.798453e+01, -3.222341e-01
2.058200e+09, 1.650534e-01, 9.441975e-01, -1.742436e+00, 2.128595e-01, 4.076738e-10, 4.642675e-10, 3.786161e+01, -3.226789e-01
2.062000e+09, 1.655267e-01, 9.441309e-01, -1.752170e+00, 2.017746e-01, 4.073041e-10, 4.642124e-10, 3.773887e+01, -3.230666e-01
2.065800e+09, 1.659863e-01, 9.440662e-01, -1.761895e+00, 1.906910e-01, 4.069312e-10, 4.641588e-10, 3.761635e+01, -3.233969e-01
2.069600e+09, 1.664320e-01, 9.440035e-01, -1.771611e+00, 1.796087e-01, 4.065550e-10, 4.641067e-10, 3.749409e+01, -3.236699e-01
2.073400e+09, 1.668638e-01, 9.439428e-01, -1.781318e+00, 1.685276e-01, 4.061752e-10, 4.640561e-10, 3.737213e+01, -3.238853e-01
2.077200e+09, 1.672817e-01, 9.438841e-01, -1.791016e+00, 1.574478e-01, 4.057917e-10, 4.640072e-10, 3.725051e+01, -3.240431e-01
2.081000e+09, 1.676854e-01, 9.438274e-01, -1.800704e+00, 1.463691e-01, 4.054045e-10, 4.639598e-10, 3.712926e+01, -3.241432e-01
2.084800e+09, 1.680750e-01, 9.437729e-01, -1.810384e+00, 1.352915e-01, 4.050134e-10, 4.639141e-10, 3.700843e+01, -3.241855e-01
2.088600e+09, 1.684503e-01, 9.437204e-01, -1.820054e+00, 1.242151e-01, 4.046183e-10, 4.638701e-10, 3.688806e+01, -3.241700e-01
2.092400e+09, 1.688113e-01, 9.436700e-01, -1.829715e+00, 1.131397e-01, 4.042190e-10, 4.638277e-10, 3.676817e+01, -3.240967e-01
2.096200e+09, 1.691579e-01, 9.436219e-01, -1.839366e+00, 1.020653e-01, 4.038154e-10, 4.637871e-10, 3.664882e+01, -3.239656e-01
2.100000e+09, 1.694901e-01, 9.435758e-01, -1.849007e+00, 9.099182e-02, 4.034073e-10, 4.637482e-10, 3.653003e+01, -3.237767e-01
2.103800e+09, 1.698077e-01, 9.435320e-01, -1.858639e+00, 7.991932e-02, 4.029946e-10, 4.637111e-10, 3.641185e+01, -3.235300e-01
2.107600e+09, 1.701107e-01, 9.434904e-01, -1.868261e+00, 6.884771e-02, 4.025772e-10, 4.636759e-10, 3.629430e+01, -3.232256e-01
2.111400e+09, 1.703990e-01, 9.434511e-01, -1.877873e+00, 5.777693e-02, 4.021549e-10, 4.636424e-10, 3.617743e+01, -3.228635e-01
2.115200e+09, 1.706725e-01, 9.434140e-01, -1.887475e+00, 4.670696e-02, 4.017275e-10, 4.636108e-10, 3.606127e+01, -3.224438e-01
2.119000e+09, 1.709313e-01, 9.433792e-01, -1.897067e+00, 3.563774e-02, 4.012949e-10, 4.635811e-10, 3.594586e+01, -3.219667e-01
2.122800e+09, 1.711751e-01, 9.433467e-01, -1.906648e+00, 2.456923e-02, 4.008569e-10, 4.635533e-10, 3.583122e+01, -3.214323e-01
2.126600e+09, 1.714040e-01, 9.433166e-01, -1.916219e+00, 1.350138e-02, 4.004133e-10, 4.635275e-10, 3.571739e+01, -3.208407e-01
2.130400e+09, 1.716179e-01, 9.432888e-01, -1.925779e+00, 2.434150e-03, 3.999641e-10, 4.635036e-10, 3.560442e+01, -3.201920e-01
2.134200e+09, 1.718168e-01, 9.432633e-01, -1.935329e+00, -8.632511e-03, 3.995089e-10, 4.634817e-10, 3.549232e+01, -3.194865e-01
2.138000e+09, 1.720004e-01, 9.432403e-01, -1.944867e+00, -1.969865e-02, 3.990476e-10, 4.634618e-10, 3.538113e+01, -3.187244e-01
2.141800e+09, 1.721689e-01, 9.432196e-01, -1.954395e+00, -3.076431e-02, 3.985800e-10, 4.634439e-10, 3.527088e+01, -3.179059e-01
2.145600e+09, 1.723222e-01, 9.432014e-01, -1.963912e+00, -4.182954e-02, 3.981060e-10, 4.634281e-10, 3.516161e+01, -3.170312e-01
2.149400e+09, 1.724601e-01, 9.431855e-01, -1.973417e+00, -5.289440e-02, 3.976252e-10, 4.634143e-10, 3.505335e+01, -3.161006e-01
2.153200e+09, 1.725827e-01, 9.431722e-01, -1.982911e+00, -6.395893e-02, 3.971376e-10, 4.634026e-10, 3.494612e+01, -3.151144e-01
2.157000e+09, 1.726899e-01, 9.431613e-01, -1.992393e+00, -7.502318e-02, 3.966429e-10, 4.633930e-10, 3.483997e+01, -3.140728e-01
2.160800e+09, 1.727816e-01, 9.431528e-01, -2.001863e+00, -8.608720e-02, 3.961409e-10, 4.633856e-10, 3.473491e+01, -3.129763e-01
2.164600e+09, 1.728579e-01, 9.431468e-01, -2.011321e+00, -9.715104e-02, 3.956313e-10, 4.633803e-10, 3.463097e+01, -3.118251e-01
2.168400e+09, 1.729185e-01, 9.431433e-01, -2.020768e+00, -1.082148e-01, 3.951140e-10, 4.633771e-10, 3.452820e+01, -3.106196e-01
2.172200e+09, 1.729636e-01, 9.431424e-01, -2.030201e+00, -1.192784e-01, 3.945886e-10, 4.633762e-10, 3.442661e+01, -3.093602e-01
2.176000e+09, 1.729930e-01, 9.431439e-01, -2.039623e+00, -1.303420e-01, 3.940550e-10, 4.633774e-10, 3.432623e+01, -3.080473e-01
2.179800e+09, 1.730067e-01, 9.431479e-01, -2.049031e+00, -1.414057e-01, 3.935129e-10, 4.633808e-10, 3.422709e+01, -3.066813e-01
2.183600e+09, 1.730047e-01, 9.431545e-01, -2.058427e+00, -1.524694e-01, 3.929620e-10, 4.633865e-10, 3.412922e+01, -3.052627e-01
2.187400e+09, 1.729870e-01, 9.431636e-01, -2.067809e+00, -1.635333e-01, 3.924020e-10, 4.633943e-10, 3.403265e+01, -3.037920e-01
2.191200e+09, 1.729534e-01, 9.431752e-01, -2.077178e+00, -1.745973e-01, 3.918328e-10, 4.634044e-10, 3.393740e+01, -3.022696e-01
2.195000e+09, 1.729039e-01, 9.431893e-01, -2.086533e+00, -1.856616e-01, 3.912538e-10, 4.634168e-10, 3.384349e+01, -3.006961e-01
2.198800e+09, 1.728386e-01, 9.432060e-01, -2.095875e+00, -1.967262e-01, 3.906650e-10, 4.634315e-10, 3.375096e+01, -2.990720e-01
2.202600e+09, 1.727574e-01, 9.432252e-01, -2.105203e+00, -2.077911e-01, 3.900660e-10, 4.634484e-10, 3.365983e+01, -2.973978e-01
2.206400e+09, 1.726603e-01, 9.432470e-01, -2.114516e+00, -2.188565e-01, 3.894564e-10, 4.634676e-10, 3.357013e+01, -2.956741e-01
2.210200e+09, 1.725472e-01, 9.432713e-01, -2.123815e+00, -2.299223e-01, 3.888359e-10, 4.634891e-10, 3.348187e+01, -2.939016e-01
2.214000e+09, 1.724180e-01, 9.432982e-01, -2.133098e+00, -2.409886e-01, 3.882042e-10, 4.635128e-10, 3.339508e+01, -2.920808e-01
2.217800e+09, 1.722729e-01, 9.433276e-01, -2.142367e+00, -2.520555e-01, 3.875609e-10, 4.635389e-10, 3.330979e+01, -2.902124e-01
2.221600e+09, 1.721117e-01, 9.433595e-01, -2.151621e+00, -2.631230e-01, 3.869057e-10, 4.635673e-10, 3.322602e+01, -2.882971e-01
2.225400e+09, 1.719344e-01, 9.433939e-01, -2.160859e+00, -2.741911e-01, 3.862382e-10, 4.635981e-10, 3.314379e+01, -2.863356e-01
2.229200e+09, 1.717410e-01, 9.434309e-01, -2.170080e+00, -2.852601e-01, 3.855579e-10, 4.636311e-10, 3.306312e+01, -2.843285e-01
2.233000e+09, 1.715316e-01, 9.434704e-01, -2.179286e+00, -2.963298e-01, 3.848646e-10, 4.636664e-10, 3.298404e+01, -2.822766e-01
2.236800e+09, 1.713060e-01, 9.435124e-01, -2.188475e+00, -3.074003e-01, 3.841577e-10, 4.637041e-10, 3.290657e+01, -2.801808e-01
2.240600e+09, 1.710642e-01, 9.435569e-01, -2.197647e+00, -3.184718e-01, 3.834368e-10, 4.637441e-10, 3.283072e+01, -2.780416e-01
2.244400e+09, 1.708063e-01, 9.436039e-01, -2.206802e+00, -3.295442e-01, 3.827015e-10, 4.637864e-10, 3.275652e+01, -2.758601e-01
2.248200e+09, 1.705322e-01, 9.436534e-01, -2.215940e+00, -3.406176e-01, 3.819513e-10, 4.638310e-10, 3.268399e+01, -2.736369e-01
2.252000e+09, 1.702419e-01, 9.437054e-01, -2.225059e+00, -3.516921e-01, 3.811857e-10, 4.638780e-10, 3.261315e+01, -2.713730e-01
2.255800e+09, 1.699355e-01, 9.437598e-01, -2.234160e+00, -3.627677e-01, 3.804042e-10, 4.639272e-10, 3.254402e+01, -2.690691e-01
2.259600e+09, 1.696128e-01, 9.438167e-01, -2.243243e+00, -3.738444e-01, 3.796063e-10, 4.639788e-10, 3.247662e+01, -2.667263e-01
2.263400e+09, 1.692740e-01, 9.438760e-01, -2.252306e+00, -3.849224e-01, 3.787915e-10, 4.640326e-10, 3.241095e+01, -2.643454e-01
2.267200e+09, 1.689189e-01, 9.439377e-01, -2.261351e+00, -3.960017e-01, 3.779591e-10, 4.640888e-10, 3.234706e+01, -2.619273e-01
2.271000e+09, 1.685477e-01, 9.440018e-01, -2.270375e+00, -4.070824e-01, 3.771087e-10, 4.641472e-10, 3.228494e+01, -2.594731e-01
2.274800e+09, 1.681602e-01, 9.440682e-01, -2.279379e+00, -4.181644e-01, 3.762395e-10, 4.642079e-10, 3.222462e+01, -2.569837e-01
2.278600e+09, 1.677565e-01, 9.441371e-01, -2.288362e+00, -4.292479e-01, 3.753510e-10, 4.642709e-10, 3.216611e+01, -2.544601e-01
2.282400e+09, 1.673367e-01, 9.442082e-01, -2.297324e+00, -4.403328e-01, 3.744426e-10, 4.643361e-10, 3.210943e+01, -2.519033e-01
2.286200e+09, 1.669006e-01, 9.442817e-01, -2.306264e+00, -4.514194e-01, 3.735134e-10, 4.644036e-10, 3.205460e+01, -2.493144e-01
2.290000e+09, 1.664484e-01, 9.443575e-01, -2.315182e+00, -4.625075e-01, 3.725629e-10, 4.644732e-10, 3.200162e+01, -2.466944e-01
2.293800e+09, 1.659800e-01, 9.444356e-01, -2.324077e+00, -4.735973e-01, 3.715902e-10, 4.645451e-10, 3.195052e+01, -2.440445e-01
2.297600e+09, 1.654954e-01, 9.445158e-01, -2.332949e+00, -4.846889e-01, 3.705947e-10, 4.646192e-10, 3.190131e+01, -2.413657e-01
2.301400e+09, 1.649947e-01, 9.445984e-01, -2.341798e+00, -4.957822e-01, 3.695754e-10, 4.646955e-10, 3.185401e+01, -2.386592e-01
2.305200e+09, 1.644779e-01, 9.446831e-01, -2.350622e+00, -5.068773e-01, 3.685317e-10, 4.647739e-10, 3.180862e+01, -2.359261e-01
2.309000e+09, 1.639449e-01, 9.447699e-01, -2.359421e+00, -5.179743e-01, 3.674626e-10, 4.648544e-10, 3.176515e+01, -2.331676e-01
2.312800e+09, 1.633959e-01, 9.448589e-01, -2.368194e+00, -5.290732e-01, 3.663673e-10, 4.649371e-10, 3.172363e+01, -2.303848e-01
2.316600e+09, 1.628309e-01, 9.449500e-01, -2.376942e+00, -5.401741e-01, 3.652447e-10, 4.650218e-10, 3.168406e+01, -2.275790e-01
2.320400e+09, 1.622498e-01, 9.450432e-01, -2.385663e+00, -5.512770e-01, 3.640939e-10, 4.651086e-10, 3.164645e+01, -2.247514e-01
2.324200e+09, 1.616526e-01, 9.451384e-01, -2.394356e+00, -5.623820e-01, 3.629140e-10, 4.651975e-10, 3.161082e+01, -2.219033e-01
2.328000e+09, 1.610395e-01, 9.452357e-01, -2.403021e+00, -5.734891e-01, 3.617038e-10, 4.652884e-10, 3.157717e+01, -2.190358e-01
2.331800e+09, 1.604105e-01, 9.453349e-01, -2.411657e+00, -5.845983e-01, 3.604622e-10, 4.653812e-10, 3.154552e+01, -2.161502e-01
2.335600e+09, 1.597655e-01, 9.454360e-01, -2.420263e+00, -5.957098e-01, 3.591881e-10, 4.654761e-10, 3.151587e+01, -2.132479e-01
2.339400e+09, 1.591047e-01, 9.455390e-01, -2.428839e+00, -6.068236e-01, 3.578803e-10, 4.655728e-10, 3.148823e+01, -2.103302e-01
2.343200e+09, 1.584281e-01, 9.456439e-01, -2.437384e+00, -6.179397e-01, 3.565375e-10, 4.656715e-10, 3.146261e+01, -2.073982e-01
2.347000e+09, 1.577356e-01, 9.457506e-01, -2.445897e+00, -6.290581e-01, 3.551584e-10, 4.657720e-10, 3.143901e+01, -2.044535e-01
2.350800e+09, 1.570274e-01, 9.458591e-01, -2.454376e+00, -6.401789e-01, 3.537417e-10, 4.658744e-10, 3.141745e+01, -2.014973e-01
2.354600e+09, 1.563035e-01, 9.459694e-01, -2.462822e+00, -6.513022e-01, 3.522859e-10, 4.659786e-10, 3.139793e+01, -1.985309e-01
2.358400e+09, 1.555640e-01, 9.460813e-01, -2.471234e+00, -6.624279e-01, 3.507895e-10, 4.660845e-10, 3.138046e+01, -1.955558e-01
2.362200e+09, 1.548088e-01, 9.461949e-01, -2.479609e+00, -6.735562e-01, 3.492509e-10, 4.661922e-10, 3.136503e+01, -1.925733e-01
2.366000e+09, 1.540381e-01, 9.463101e-01, -2.487948e+00, -6.846870e-01, 3.476686e-10, 4.663015e-10, 3.135166e+01, -1.895847e-01
2.369800e+09, 1.532519e-01, 9.464269e-01, -2.496249e+00, -6.958205e-01, 3.460407e-10, 4.664125e-10, 3.134035e+01, -1.865916e-01
2.373600e+09, 1.524503e-01, 9.465452e-01, -2.504511e+00, -7.069566e-01, 3.443655e-10, 4.665252e-10, 3.133111e+01, -1.835952e-01
2.377400e+09, 1.516332e-01, 9.466649e-01, -2.512733e+00, -7.180954e-01, 3.426412e-10, 4.666394e-10, 3.132393e+01, -1.805971e-01
2.381200e+09, 1.508009e-01, 9.467861e-01, -2.520914e+00, -7.292370e-01, 3.408657e-10, 4.667551e-10, 3.131881e+01, -1.775985e-01
2.385000e+09, 1.499534e-01, 9.469087e-01, -2.529053e+00, -7.403813e-01, 3.390370e-10, 4.668723e-10, 3.131577e+01, -1.746010e-01
2.388800e+09, 1.490907e-01, 9.470326e-01, -2.537147e+00, -7.515283e-01, 3.371530e-10, 4.669910e-10, 3.131480e+01, -1.716059e-01
2.392600e+09, 1.482129e-01, 9.471578e-01, -2.545197e+00, -7.626783e-01, 3.352112e-10, 4.671111e-10, 3.131589e+01, -1.686147e-01
2.396400e+09, 1.473200e-01, 9.472843e-01, -2.553201e+00, -7.738311e-01, 3.332095e-10, 4.672325e-10, 3.131906e+01, -1.656288e-01
2.400200e+09, 1.464123e-01, 9.474119e-01, -2.561157e+00, -7.849868e-01, 3.311452e-10, 4.673552e-10, 3.132430e+01, -1.626497e-01
2.404000e+09, 1.454896e-01, 9.475406e-01, -2.569063e+00, -7.961454e-01, 3.290158e-10, 4.674792e-10, 3.133161e+01, -1.596788e-01
2.407800e+09, 1.445522e-01, 9.476704e-01, -2.576919e+00, -8.073070e-01, 3.268185e-10, 4.676044e-10, 3.134098e+01, -1.567175e-01
2.411600e+09, 1.436001e-01, 9.478012e-01, -2.584722e+00, -8.184715e-01, 3.245504e-10, 4.677308e-10, 3.135241e+01, -1.537672e-01
2.415400e+09, 1.426335e-01, 9.479330e-01, -2.592471e+00, -8.296391e-01, 3.222084e-10, 4.678583e-10, 3.136591e+01, -1.508295e-01
2.419200e+09, 1.416523e-01, 9.480657e-01, -2.600164e+00, -8.408098e-01, 3.197893e-10, 4.679869e-10, 3.138146e+01, -1.479057e-01
2.423000e+09, 1.406567e-01, 9.481993e-01, -2.607799e+00, -8.519835e-01, 3.172899e-10, 4.681165e-10, 3.139906e+01, -1.449972e-01
2.426800e+09, 1.396469e-01, 9.483336e-01, -2.615375e+00, -8.631603e-01, 3.147064e-10, 4.682470e-10, 3.141871e+01, -1.421055e-01
2.430600e+09, 1.386228e-01, 9.484687e-01, -2.622889e+00, -8.743402e-01, 3.120352e-10, 4.683784e-10, 3.144040e+01, -1.392321e-01
2.434400e+09, 1.375847e-01, 9.486045e-01, -2.630339e+00, -8.855232e-01, 3.092723e-10, 4.685108e-10, 3.146412e+01, -1.363782e-01
2.438200e+09, 1.365326e-01, 9.487409e-01, -2.637723e+00, -8.967094e-01, 3.064136e-10, 4.686439e-10, 3.148987e+01, -1.335454e-01
2.442000e+09, 1.354667e-01, 9.488778e-01, -2.645039e+00, -9.078988e-01, 3.034547e-10, 4.687777e-10, 3.151763e+01, -1.307351e-01
2.445800e+09, 1.343870e-01, 9.490153e-01, -2.652285e+00, -9.190914e-01, 3.003909e-10, 4.689123e-10, 3.154741e+01, -1.279485e-01
2.449600e+09, 1.332938e-01, 9.491532e-01, -2.659457e+00, -9.302872e-01, 2.972173e-10, 4.690475e-10, 3.157918e+01, -1.251872e-01
2.453400e+09, 1.321871e-01, 9.492915e-01, -2.666553e+00, -9.414862e-01, 2.939289e-10, 4.691833e-10, 3.161294e+01, -1.224524e-01
2.457200e+09, 1.310670e-01, 9.494301e-01, -2.673571e+00, -9.526885e-01, 2.905201e-10, 4.693196e-10, 3.164868e+01, -1.197456e-01
2.461000e+09, 1.299338e-01, 9.495690e-01, -2.680507e+00, -9.638940e-01, 2.869851e-10, 4.694564e-10, 3.168639e+01, -1.170681e-01
2.464800e+09, 1.287876e-01, 9.497081e-01, -2.687360e+00, -9.751028e-01, 2.833179e-10, 4.695936e-10, 3.172605e+01, -1.144213e-01
2.468600e+09, 1.276284e-01, 9.498473e-01, -2.694124e+00, -9.863149e-01, 2.795119e-10, 4.697312e-10, 3.176765e+01, -1.118064e-01
2.472400e+09, 1.264565e-01, 9.499866e-01, -2.700798e+00, -9.975302e-01, 2.755604e-10, 4.698691e-10, 3.181118e+01, -1.092247e-01
2.476200e+09, 1.252721e-01, 9.501259e-01, -2.707377e+00, -1.008749e+00, 2.714560e-10, 4.700072e-10, 3.185663e+01, -1.066776e-01
2.480000e+09, 1.240753e-01, 9.502652e-01, -2.713858e+00, -1.019971e+00, 2.671912e-10, 4.701455e-10, 3.190397e+01, -1.041664e-01
2.483800e+09, 1.228662e-01, 9.504044e-01, -2.720238e+00, -1.031196e+00, 2.627576e-10, 4.702840e-10, 3.195320e+01, -1.016923e-01
2.487600e+09, 1.216451e-01, 9.505434e-01, -2.726511e+00, -1.042425e+00, 2.581468e-10, 4.704225e-10, 3.200429e+01, -9.925655e-02
2.491400e+09, 1.204121e-01, 9.506822e-01, -2.732675e+00, -1.053656e+00, 2.533493e-10, 4.705611e-10, 3.205724e+01, -9.686038e-02
2.495200e+09, 1.191674e-01, 9.508207e-01, -2.738724e+00, -1.064892e+00, 2.483556e-10, 4.706996e-10, 3.211201e+01, -9.450502e-02
2.499000e+09, 1.179113e-01, 9.509588e-01, -2.744654e+00, -1.076130e+00, 2.431552e-10, 4.708380e-10, 3.216860e+01, -9.219166e-02
2.502800e+09, 1.166440e-01, 9.510965e-01, -2.750459e+00, -1.087372e+00, 2.377371e-10, 4.709763e-10, 3.222697e+01, -8.992146e-02
2.506600e+09, 1.153656e-01, 9.512337e-01, -2.756136e+00, -1.098617e+00, 2.320895e-10, 4.711144e-10, 3.228712e+01, -8.769558e-02
2.510400e+09, 1.140764e-01, 9.513703e-01, -2.761677e+00, -1.109865e+00, 2.261999e-10, 4.712521e-10, 3.234903e+01, -8.551516e-02
2.514200e+09, 1.127766e-01, 9.515064e-01, -2.767078e+00, -1.121117e+00, 2.200550e-10, 4.713896e-10, 3.241266e+01, -8.338130e-02
2.518000e+09, 1.114665e-01, 9.516417e-01, -2.772332e+00, -1.132372e+00, 2.136406e-10, 4.715267e-10, 3.247800e+01, -8.129510e-02
2.521800e+09, 1.101463e-01, 9.517764e-01, -2.777433e+00, -1.143630e+00, 2.069416e-10, 4.716633e-10, 3.254502e+01, -7.925763e-02
2.525600e+09, 1.088164e-01, 9.519102e-01, -2.782374e+00, -1.154892e+00, 1.999418e-10, 4.717995e-10, 3.261371e+01, -7.726992e-02
2.529400e+09, 1.074769e-01, 9.520432e-01, -2.787148e+00, -1.166156e+00, 1.926240e-10, 4.719351e-10, 3.268402e+01, -7.533300e-02
2.533200e+09, 1.061281e-01, 9.521752e-01, -2.791747e+00, -1.177424e+00, 1.849699e-10, 4.720701e-10, 3.275595e+01, -7.344787e-02
2.537000e+09, 1.047704e-01, 9.523062e-01, -2.796163e+00, -1.188696e+00, 1.769598e-10, 4.722044e-10, 3.282946e+01, -7.161551e-02
2.540800e+09, 1.034041e-01, 9.524362e-01, -2.800388e+00, -1.199970e+00, 1.685726e-10, 4.723380e-10, 3.290453e+01, -6.983685e-02
2.544600e+09, 1.020295e-01, 9.525651e-01, -2.804413e+00, -1.211248e+00, 1.597861e-10, 4.724709e-10, 3.298113e+01, -6.811284e-02
2.548400e+09, 1.006470e-01, 9.526928e-01, -2.808228e+00, -1.222528e+00, 1.505761e-10, 4.726029e-10, 3.305922e+01, -6.644436e-02
2.552200e+09, 9.925684e-02, 9.528192e-01, -2.811823e+00, -1.233812e+00, 1.409171e-10, 4.727340e-10, 3.313879e+01, -6.483230e-02
2.556000e+09, 9.785951e-02, 9.529444e-01, -2.815188e+00, -1.245099e+00, 1.307817e-10, 4.728642e-10, 3.321980e+01, -6.327750e-02
2.559800e+09, 9.645537e-02, 9.530682e-01, -2.818310e+00, -1.256389e+00, 1.201405e-10, 4.729934e-10, 3.330221e+01, -6.178078e-02
2.563600e+09, 9.504484e-02, 9.531906e-01, -2.821179e+00, -1.267683e+00, 1.089621e-10, 4.731216e-10, 3.338600e+01, -6.034295e-02
2.567400e+09, 9.362837e-02, 9.533115e-01, -2.823780e+00, -1.278979e+00, 9.721285e-11, 4.732486e-10, 3.347114e+01, -5.896476e-02
2.571200e+09, 9.220642e-02, 9.534308e-01, -2.826101e+00, -1.290278e+00, 8.485686e-11, 4.733746e-10, 3.355759e+01, -5.764697e-02
2.575000e+09, 9.077948e-02, 9.535486e-01, -2.828128e+00, -1.301581e+00, 7.185563e-11, 4.734993e-10, 3.364531e+01, -5.639029e-02
2.578800e+09, 8.934807e-02, 9.536647e-01, -2.829843e+00, -1.312886e+00, 5.816800e-11, 4.736227e-10, 3.373428e+01, -5.519540e-02
2.582600e+09, 8.791273e-02, 9.537791e-01, -2.831232e+00, -1.324194e+00, 4.374997e-11, 4.737449e-10, 3.382445e+01, -5.406297e-02
2.586400e+09, 8.647404e-02, 9.538917e-01, -2.832277e+00, -1.335505e+00, 2.855449e-11, 4.738657e-10, 3.391579e+01, -5.299363e-02
2.590200e+09, 8.503261e-02, 9.540024e-01, -2.832958e+00, -1.346819e+00, 1.253133e-11, 4.739851e-10, 3.400826e+01, -5.198799e-02
2.594000e+09, 8.358910e-02, 9.541113e-01, -2.833258e+00, -1.358136e+00, -4.373107e-12, 4.741031e-10, 3.410183e+01, -5.104661e-02
2.597800e+09, 8.214418e-02, 9.542183e-01, -2.833153e+00, -1.369456e+00, -2.221597e-11, 4.742195e-10, 3.419645e+01, -5.017006e-02
2.601600e+09, 8.069860e-02, 9.543232e-01, -2.832623e+00, -1.380779e+00, -4.105806e-11, 4.743344e-10, 3.429208e+01, -4.935884e-02
2.605400e+09, 7.925313e-02, 9.544261e-01, -2.831642e+00, -1.392104e+00, -6.096398e-11, 4.744477e-10, 3.438869e+01, -4.861345e-02
2.609200e+09, 7.780860e-02, 9.545268e-01, -2.830187e+00, -1.403432e+00, -8.200223e-11, 4.745594e-10, 3.448623e+01, -4.793435e-02
2.613000e+09, 7.636590e-02, 9.546254e-01, -2.828229e+00, -1.414762e+00, -1.042452e-10, 4.746693e-10, 3.458466e+01, -4.732197e-02
2.616800e+09, 7.492597e-02, 9.547218e-01, -2.825740e+00, -1.426096e+00, -1.277692e-10, 4.747775e-10, 3.468394e+01, -4.677672e-02
2.620600e+09, 7.348983e-02, 9.548159e-01, -2.822689e+00, -1.437432e+00, -1.526544e-10, 4.748840e-10, 3.478402e+01, -4.629898e-02
2.624400e+09, 7.205856e-02, 9.549077e-01, -2.819045e+00, -1.448770e+00, -1.789844e-10, 4.749886e-10, 3.488486e+01, -4.588908e-02
2.628200e+09, 7.063332e-02, 9.549972e-01, -2.814771e+00, -1.460111e+00, -2.068460e-10, 4.750913e-10, 3.498641e+01, -4.554734e-02
2.632000e+09, 6.921534e-02, 9.550842e-01, -2.809832e+00, -1.471454e+00, -2.363287e-10, 4.751921e-10, 3.508863e+01, -4.527404e-02
2.635800e+09, 6.780597e-02, 9.551687e-01, -2.804190e+00, -1.482800e+00, -2.675240e-10, 4.752910e-10, 3.519146e+01, -4.506945e-02
2.639600e+09, 6.640663e-02, 9.552507e-01, -2.797802e+00, -1.494148e+00, -3.005239e-10, 4.753879e-10, 3.529487e+01, -4.493380e-02
2.643400e+09, 6.501887e-02, 9.553302e-01, -2.790627e+00, -1.505498e+00, -3.354201e-10, 4.754827e-10, 3.539880e+01, -4.486726e-02
2.647200e+09, 6.364433e-02, 9.554070e-01, -2.782618e+00, -1.516851e+00, -3.723016e-10, 4.755754e-10, 3.550321e+01, -4.487002e-02
2.651000e+09, 6.228479e-02, 9.554812e-01, -2.773729e+00, -1.528206e+00, -4.112525e-10, 4.756660e-10, 3.560804e+01, -4.494221e-02
2.654800e+09, 6.094217e-02, 9.555526e-01, -2.763910e+00, -1.539563e+00, -4.523494e-10, 4.757545e-10, 3.571324e+01, -4.508393e-02
2.658600e+09, 5.961851e-02, 9.556214e-01, -2.753110e+00, -1.550922e+00, -4.956571e-10, 4.758407e-10, 3.581876e+01, -4.529526e-02
2.662400e+09, 5.831603e-02, 9.556873e-01, -2.741276e+00, -1.562283e+00, -5.412244e-10, 4.759247e-10, 3.592455e+01, -4.557624e-02
2.666200e+09, 5.703709e-02, 9.557504e-01, -2.728353e+00, -1.573647e+00, -5.890786e-10, 4.760064e-10, 3.603056e+01, -4.592690e-02
2.670000e+09, 5.578423e-02, 9.558106e-01, -2.714288e+00, -1.585012e+00, -6.392191e-10, 4.760858e-10, 3.613673e+01, -4.634721e-02
2.673800e+09, 5.456016e-02, 9.558679e-01, -2.699026e+00, -1.596379e+00, -6.916098e-10, 4.761628e-10, 3.624300e+01, -4.683712e-02
2.677600e+09, 5.336779e-02, 9.559223e-01, -2.682513e+00, -1.607748e+00, -7.461705e-10, 4.762375e-10, 3.634933e+01, -4.739656e-02
2.681400e+09, 5.221022e-02, 9.559736e-01, -2.664698e+00, -1.619119e+00, -8.027675e-10, 4.763097e-10, 3.645566e+01, -4.802542e-02
2.685200e+09, 5.109072e-02, 9.560220e-01, -2.645531e+00, -1.630491e+00, -8.612034e-10, 4.763795e-10, 3.656192e+01, -4.872356e-02
2.689000e+09, 5.001276e-02, 9.560672e-01, -2.624969e+00, -1.641865e+00, -9.212062e-10, 4.764468e-10, 3.666807e+01, -4.949082e-02
2.692800e+09, 4.898000e-02, 9.561094e-01, -2.602974e+00, -1.653241e+00, -9.824192e-10, 4.765115e-10, 3.677405e+01, -5.032698e-02
2.696600e+09, 4.799626e-02, 9.561484e-01, -2.579517e+00, -1.664618e+00, -1.044392e-09, 4.765737e-10, 3.687980e+01, -5.123182e-02
2.700400e+09, 4.706549e-02, 9.561842e-01, -2.554581e+00, -1.675997e+00, -1.106572e-09, 4.766333e-10, 3.698525e+01, -5.220508e-02
2.704200e+09, 4.619180e-02, 9.562169e-01, -2.528161e+00, -1.687377e+00, -1.168303e-09, 4.766903e-10, 3.709036e+01, -5.324645e-02
2.708000e+09, 4.537933e-02, 9.562463e-01, -2.500266e+00, -1.698758e+00, -1.228823e-09, 4.767446e-10, 3.719506e+01, -5.435562e-02
2.711800e+09, 4.463230e-02, 9.562725e-01, -2.470927e+00, -1.710141e+00, -1.287277e-09, 4.767963e-10, 3.729929e+01, -5.553222e-02
2.715600e+09, 4.395486e-02, 9.562953e-01, -2.440192e+00, -1.721525e+00, -1.342727e-09, 4.768453e-10, 3.740299e+01, -5.677588e-02
2.719400e+09, 4.335111e-02, 9.563149e-01, -2.408132e+00, -1.732910e+00, -1.394179e-09, 4.768915e-10, 3.750610e+01, -5.808616e-02
2.723200e+09, 4.282495e-02, 9.563311e-01, -2.374845e+00, -1.744297e+00, -1.440615e-09, 4.769350e-10, 3.760857e+01, -5.946261e-02
2.727000e+09, 4.238003e-02, 9.563439e-01, -2.340449e+00, -1.755684e+00, -1.481037e-09, 4.769756e-10, 3.771032e+01, -6.090477e-02
2.730800e+09, 4.201968e-02, 9.563534e-01, -2.305087e+00, -1.767072e+00, -1.514508e-09, 4.770135e-10, 3.781130e+01, -6.241210e-02
2.734600e+09, 4.174679e-02, 9.563594e-01, -2.268927e+00, -1.778462e+00, -1.540208e-09, 4.770486e-10, 3.791144e+01, -6.398407e-02
2.738400e+09, 4.156376e-02, 9.563620e-01, -2.232153e+00, -1.789852e+00, -1.557474e-09, 4.770808e-10, 3.801069e+01, -6.562010e-02
2.742200e+09, 4.147243e-02, 9.563611e-01, -2.194966e+00, -1.801242e+00, -1.565848e-09, 4.771101e-10, 3.810898e+01, -6.731958e-02
2.746000e+09, 4.147400e-02, 9.563568e-01, -2.157580e+00, -1.812634e+00, -1.565104e-09, 4.771365e-10, 3.820625e+01, -6.908187e-02
2.749800e+09, 4.156903e-02, 9.563489e-01, -2.120211e+00, -1.824026e+00, -1.555262e-09, 4.771600e-10, 3.830243e+01, -7.090631e-02
2.753600e+09, 4.175739e-02, 9.563376e-01, -2.083078e+00, -1.835419e+00, -1.536587e-09, 4.771806e-10, 3.839748e+01, -7.279218e-02
2.757400e+09, 4.203833e-02, 9.563227e-01, -2.046390e+00, -1.846812e+00, -1.509572e-09, 4.771982e-10, 3.849131e+01, -7.473877e-02
2.761200e+09, 4.241043e-02, 9.563043e-01, -2.010347e+00, -1.858206e+00, -1.474907e-09, 4.772128e-10, 3.858388e+01, -7.674531e-02
2.765000e+09, 4.287172e-02, 9.562823e-01, -1.975132e+00, -1.869600e+00, -1.433436e-09, 4.772245e-10, 3.867512e+01, -7.881101e-02
2.768800e+09, 4.341972e-02, 9.562568e-01, -1.940907e+00, -1.880994e+00, -1.386108e-09, 4.772331e-10, 3.876496e+01, -8.093503e-02
2.772600e+09, 4.405149e-02, 9.562277e-01, -1.907812e+00, -1.892388e+00, -1.333929e-09, 4.772387e-10, 3.885336e+01, -8.311654e-02
2.776400e+09, 4.476377e-02, 9.561950e-01, -1.875963e+00, -1.903783e+00, -1.277914e-09, 4.772413e-10, 3.894023e+01, -8.535464e-02
2.780200e+09, 4.555299e-02, 9.561587e-01, -1.845452e+00, -1.915178e+00, -1.219051e-09, 4.772408e-10, 3.902554e+01, -8.764842e-02
2.784000e+09, 4.641542e-02, 9.561188e-01, -1.816346e+00, -1.926572e+00, -1.158265e-09, 4.772373e-10, 3.910921e+01, -8.999694e-02
2.787800e+09, 4.734721e-02, 9.560753e-01, -1.788691e+00, -1.937967e+00, -1.096398e-09, 4.772307e-10, 3.919119e+01, -9.239922e-02
2.791600e+09, 4.834444e-02, 9.560282e-01, -1.762513e+00, -1.949361e+00, -1.034196e-09, 4.772211e-10, 3.927141e+01, -9.485427e-02
2.795400e+09, 4.940324e-02, 9.559776e-01, -1.737820e+00, -1.960756e+00, -9.722971e-10, 4.772083e-10, 3.934983e+01, -9.736105e-02
2.799200e+09, 5.051975e-02, 9.559233e-01, -1.714606e+00, -1.972149e+00, -9.112379e-10, 4.771925e-10, 3.942637e+01, -9.991850e-02
2.803000e+09, 5.169023e-02, 9.558654e-01, -1.692849e+00, -1.983543e+00, -8.514532e-10, 4.771735e-10, 3.950099e+01, -1.025255e-01
2.806800e+09, 5.291107e-02, 9.558039e-01, -1.672520e+00, -1.994936e+00, -7.932856e-10, 4.771515e-10, 3.957363e+01, -1.051811e-01
2.810600e+09, 5.417880e-02, 9.557388e-01, -1.653579e+00, -2.006328e+00, -7.369943e-10, 4.771263e-10, 3.964424e+01, -1.078839e-01
2.814400e+09, 5.549010e-02, 9.556701e-01, -1.635982e+00, -2.017720e+00, -6.827660e-10, 4.770981e-10, 3.971275e+01, -1.106329e-01
2.818200e+09, 5.684182e-02, 9.555978e-01, -1.619681e+00, -2.029112e+00, -6.307251e-10, 4.770667e-10, 3.977912e+01, -1.134269e-01
2.822000e+09, 5.823101e-02, 9.555220e-01, -1.604621e+00, -2.040502e+00, -5.809441e-10, 4.770322e-10, 3.984330e+01, -1.162647e-01
2.825800e+09, 5.965484e-02, 9.554426e-01, -1.590751e+00, -2.051892e+00, -5.334531e-10, 4.769945e-10, 3.990523e+01, -1.191450e-01
2.829600e+09, 6.111071e-02, 9.553596e-01, -1.578014e+00, -2.063281e+00, -4.882477e-10, 4.769538e-10, 3.996486e+01, -1.220665e-01
2.833400e+09, 6.259614e-02, 9.552731e-01, -1.566356e+00, -2.074668e+00, -4.452968e-10, 4.769099e-10, 4.002215e+01, -1.250279e-01
2.837200e+09, 6.410881e-02, 9.551830e-01, -1.555725e+00, -2.086055e+00, -4.045487e-10, 4.768630e-10, 4.007705e+01, -1.280280e-01
2.841000e+09, 6.564658e-02, 9.550894e-01, -1.546065e+00, -2.097441e+00, -3.659365e-10, 4.768129e-10, 4.012952e+01, -1.310654e-01
2.844800e+09, 6.720742e-02, 9.549924e-01, -1.537328e+00, -2.108825e+00, -3.293824e-10, 4.767598e-10, 4.017950e+01, -1.341387e-01
2.848600e+09, 6.878943e-02, 9.548918e-01, -1.529464e+00, -2.120208e+00, -2.948012e-10, 4.767035e-10, 4.022697e+01, -1.372466e-01
2.852400e+09, 7.039087e-02, 9.547878e-01, -1.522425e+00, -2.131590e+00, -2.621035e-10, 4.766442e-10, 4.027187e+01, -1.403877e-01
2.856200e+09, 7.201008e-02, 9.546804e-01, -1.516167e+00, -2.142971e+00, -2.311974e-10, 4.765818e-10, 4.031416e+01, -1.435605e-01
2.860000e+09, 7.364552e-02, 9.545695e-01, -1.510647e+00, -2.154349e+00, -2.019909e-10, 4.765163e-10, 4.035382e+01, -1.467635e-01
2.863800e+09, 7.529574e-02, 9.544552e-01, -1.505824e+00, -2.165727e+00, -1.743930e-10, 4.764478e-10, 4.039080e+01, -1.499955e-01
2.867600e+09, 7.695940e-02, 9.543376e-01, -1.501661e+00, -2.177103e+00, -1.483145e-10, 4.763762e-10, 4.042507e+01, -1.532548e-01
2.871400e+09, 7.863523e-02, 9.542166e-01, -1.498119e+00, -2.188477e+00, -1.236693e-10, 4.763016e-10, 4.045659e+01, -1.565399e-01
2.875200e+09, 8.032203e-02, 9.540923e-01, -1.495167e+00, -2.199849e+00, -1.003742e-10, 4.762240e-10, 4.048535e+01, -1.598495e-01
2.879000e+09, 8.201869e-02, 9.539648e-01, -1.492770e+00, -2.211219e+00, -7.834972e-11, 4.761434e-10, 4.051130e+01, -1.631819e-01
2.882800e+09, 8.372415e-02, 9.538339e-01, -1.490899e+00, -2.222588e+00, -5.752032e-11, 4.760599e-10, 4.053442e+01, -1.665356e-01
2.886600e+09, 8.543744e-02, 9.536999e-01, -1.489526e+00, -2.233954e+00, -3.781424e-11, 4.759733e-10, 4.055470e+01, -1.699091e-01
2.890400e+09, 8.715760e-02, 9.535626e-01, -1.488623e+00, -2.245318e+00, -1.916367e-11, 4.758839e-10, 4.057209e+01, -1.733008e-01
2.894200e+09, 8.888375e-02, 9.534223e-01, -1.488166e+00, -2.256681e+00, -1.504676e-12, 4.757915e-10, 4.058659e+01, -1.767092e-01
2.898000e+09, 9.061506e-02, 9.532787e-01, -1.488130e+00, -2.268041e+00, 1.522289e-11, 4.756963e-10, 4.059818e+01, -1.801326e-01
2.901800e+09, 9.235074e-02, 9.531322e-01, -1.488493e+00, -2.279399e+00, 3.107555e-11, 4.755981e-10, 4.060684e+01, -1.835696e-01
2.905600e+09, 9.409002e-02, 9.529826e-01, -1.489235e+00, -2.290754e+00, 4.610629e-11, 4.754972e-10, 4.061256e+01, -1.870184e-01
2.909400e+09, 9.583219e-02, 9.528299e-01, -1.490336e+00, -2.302107e+00, 6.036479e-11, 4.753934e-10, 4.061531e+01, -1.904775e-01
2.913200e+09, 9.757657e-02, 9.526744e-01, -1.491777e+00, -2.313458e+00, 7.389752e-11, 4.752868e-10, 4.061511e+01, -1.939454e-01
2.917000e+09, 9.932251e-02, 9.525159e-01, -1.493542e+00, -2.324806e+00, 8.674798e-11, 4.751775e-10, 4.061193e+01, -1.974203e-01
2.920800e+09, 1.010694e-01, 9.523545e-01, -1.495613e+00, -2.336151e+00, 9.895683e-11, 4.750654e-10, 4.060577e+01, -2.009008e-01
2.924600e+09, 1.028166e-01, 9.521904e-01, -1.497976e+00, -2.347494e+00, 1.105621e-10, 4.749507e-10, 4.059663e+01, -2.043851e-01
2.928400e+09, 1.045636e-01, 9.520234e-01, -1.500615e+00, -2.358834e+00, 1.215993e-10, 4.748333e-10, 4.058451e+01, -2.078717e-01
2.932200e+09, 1.063098e-01, 9.518538e-01, -1.503519e+00, -2.370171e+00, 1.321016e-10, 4.747132e-10, 4.056941e+01, -2.113589e-01
2.936000e+09, 1.080546e-01, 9.516814e-01, -1.506673e+00, -2.381505e+00, 1.421000e-10, 4.745906e-10, 4.055133e+01, -2.148451e-01
2.939800e+09, 1.097977e-01, 9.515065e-01, -1.510066e+00, -2.392836e+00, 1.516236e-10, 4.744654e-10, 4.053028e+01, -2.183288e-01
2.943600e+09, 1.115385e-01, 9.513290e-01, -1.513686e+00, -2.404165e+00, 1.606994e-10, 4.743377e-10, 4.050627e+01, -2.218083e-01
2.947400e+09, 1.132765e-01, 9.511489e-01, -1.517523e+00, -2.415490e+00, 1.693527e-10, 4.742075e-10, 4.047930e+01, -2.252820e-01
2.951200e+09, 1.150112e-01, 9.509664e-01, -1.521566e+00, -2.426812e+00, 1.776072e-10, 4.740749e-10, 4.044939e+01, -2.287483e-01
2.955000e+09, 1.167423e-01, 9.507815e-01, -1.525807e+00, -2.438131e+00, 1.854851e-10, 4.739399e-10, 4.041656e+01, -2.322057e-01
2.958800e+09, 1.184693e-01, 9.505943e-01, -1.530235e+00, -2.449447e+00, 1.930070e-10, 4.738025e-10, 4.038081e+01, -2.356525e-01
2.962600e+09, 1.201918e-01, 9.504048e-01, -1.534844e+00, -2.460760e+00, 2.001923e-10, 4.736628e-10, 4.034217e+01, -2.390871e-01
2.966400e+09, 1.219093e-01, 9.502130e-01, -1.539623e+00, -2.472069e+00, 2.070593e-10, 4.735208e-10, 4.030065e+01, -2.425081e-01
2.970200e+09, 1.236216e-01, 9.500191e-01, -1.544567e+00, -2.483375e+00, 2.136248e-10, 4.733766e-10, 4.025629e+01, -2.459138e-01
2.974000e+09, 1.253281e-01, 9.498231e-01, -1.549668e+00, -2.494677e+00, 2.199049e-10, 4.732303e-10, 4.020910e+01, -2.493027e-01
2.977800e+09, 1.270286e-01, 9.496250e-01, -1.554918e+00, -2.505976e+00, 2.259145e-10, 4.730818e-10, 4.015911e+01, -2.526733e-01
2.981600e+09, 1.287227e-01, 9.494250e-01, -1.560312e+00, -2.517272e+00, 2.316675e-10, 4.729313e-10, 4.010634e+01, -2.560240e-01
2.985400e+09, 1.304100e-01, 9.492230e-01, -1.565843e+00, -2.528563e+00, 2.371772e-10, 4.727787e-10, 4.005084e+01, -2.593534e-01
2.989200e+09, 1.320902e-01, 9.490193e-01, -1.571506e+00, -2.539851e+00, 2.424558e-10, 4.726242e-10, 3.999263e+01, -2.626598e-01
2.993000e+09, 1.337630e-01, 9.488137e-01, -1.577295e+00, -2.551136e+00, 2.475150e-10, 4.724677e-10, 3.993174e+01, -2.659420e-01
2.996800e+09, 1.354280e-01, 9.486065e-01, -1.583205e+00, -2.562417e+00, 2.523657e-10, 4.723094e-10, 3.986820e+01, -2.691984e-01
3.000600e+09, 1.370849e-01, 9.483976e-01, -1.589230e+00, -2.573693e+00, 2.570181e-10, 4.721492e-10, 3.980207e+01, -2.724275e-01
3.004400e+09, 1.387334e-01, 9.481871e-01, -1.595367e+00, -2.584966e+00, 2.614819e-10, 4.719874e-10, 3.973336e+01, -2.756279e-01
3.008200e+09, 1.403732e-01, 9.479752e-01, -1.601610e+00, -2.596236e+00, 2.657660e-10, 4.718238e-10, 3.966213e+01, -2.787982e-01
3.012000e+09, 1.420040e-01, 9.477618e-01, -1.607956e+00, -2.607501e+00, 2.698792e-10, 4.716586e-10, 3.958842e+01, -2.819371e-01
3.015800e+09, 1.436254e-01, 9.475471e-01, -1.614399e+00, -2.618762e+00, 2.738293e-10, 4.714918e-10, 3.951226e+01, -2.850431e-01
3.019600e+09, 1.452373e-01, 9.473311e-01, -1.620937e+00, -2.630020e+00, 2.776241e-10, 4.713235e-10, 3.943370e+01, -2.881148e-01
3.023400e+09, 1.468393e-01, 9.471139e-01, -1.627566e+00, -2.641273e+00, 2.812706e-10, 4.711537e-10, 3.935278e+01, -2.911511e-01
3.027200e+09, 1.484311e-01, 9.468956e-01, -1.634281e+00, -2.652522e+00, 2.847756e-10, 4.709826e-10, 3.926956e+01, -2.941504e-01
3.031000e+09, 1.500125e-01, 9.466763e-01, -1.641081e+00, -2.663768e+00, 2.881456e-10, 4.708101e-10, 3.918408e+01, -2.971117e-01
3.034800e+09, 1.515832e-01, 9.464560e-01, -1.647961e+00, -2.675009e+00, 2.913864e-10, 4.706364e-10, 3.909638e+01, -3.000334e-01
3.038600e+09, 1.531429e-01, 9.462348e-01, -1.654918e+00, -2.686246e+00, 2.945039e-10, 4.704614e-10, 3.900653e+01, -3.029145e-01
3.042400e+09, 1.546914e-01, 9.460128e-01, -1.661949e+00, -2.697479e+00, 2.975034e-10, 4.702853e-10, 3.891456e+01, -3.057537e-01
3.046200e+09, 1.562285e-01, 9.457900e-01, -1.669053e+00, -2.708707e+00, 3.003899e-10, 4.701082e-10, 3.882053e+01, -3.085498e-01
3.050000e+09, 1.577538e-01, 9.455667e-01, -1.676225e+00, -2.719931e+00, 3.031684e-10, 4.699301e-10, 3.872450e+01, -3.113016e-01
3.053800e+09, 1.592671e-01, 9.453427e-01, -1.683463e+00, -2.731152e+00, 3.058433e-10, 4.697510e-10, 3.862651e+01, -3.140079e-01
3.057600e+09, 1.607682e-01, 9.451183e-01, -1.690766e+00, -2.742367e+00, 3.084191e-10, 4.695711e-10, 3.852662e+01, -3.166676e-01
3.061400e+09, 1.622569e-01, 9.448935e-01, -1.698129e+00, -2.753579e+00, 3.108997e-10, 4.693904e-10, 3.842488e+01, -3.192796e-01
3.065200e+09, 1.637328e-01, 9.446683e-01, -1.705552e+00, -2.764786e+00, 3.132891e-10, 4.692090e-10, 3.832135e+01, -3.218428e-01
3.069000e+09, 1.651959e-01, 9.444429e-01, -1.713033e+00, -2.775989e+00, 3.155909e-10, 4.690269e-10, 3.821609e+01, -3.243561e-01
3.072800e+09, 1.666458e-01, 9.442174e-01, -1.720568e+00, -2.787188e+00, 3.178088e-10, 4.688443e-10, 3.810914e+01, -3.268185e-01
3.076600e+09, 1.680823e-01, 9.439918e-01, -1.728156e+00, -2.798382e+00, 3.199459e-10, 4.686612e-10, 3.800058e+01, -3.292290e-01
3.080400e+09, 1.695052e-01, 9.437662e-01, -1.735795e+00, -2.809572e+00, 3.220054e-10, 4.684776e-10, 3.789044e+01, -3.315866e-01
3.084200e+09, 1.709143e-01, 9.435407e-01, -1.743483e+00, -2.820757e+00, 3.239904e-10, 4.682937e-10, 3.777880e+01, -3.338902e-01
3.088000e+09, 1.723094e-01, 9.433154e-01, -1.751219e+00, -2.831938e+00, 3.259037e-10, 4.681095e-10, 3.766571e+01, -3.361390e-01
3.091800e+09, 1.736902e-01, 9.430903e-01, -1.759000e+00, -2.843115e+00, 3.277479e-10, 4.679251e-10, 3.755122e+01, -3.383321e-01
3.095600e+09, 1.750566e-01, 9.428656e-01, -1.766825e+00, -2.854287e+00, 3.295258e-10, 4.677406e-10, 3.743540e+01, -3.404685e-01
3.099400e+09, 1.764083e-01, 9.426414e-01, -1.774693e+00, -2.865455e+00, 3.312397e-10, 4.675561e-10, 3.731829e+01, -3.425473e-01
3.103200e+09, 1.777452e-01, 9.424177e-01, -1.782602e+00, -2.876618e+00, 3.328920e-10, 4.673715e-10, 3.719997e+01, -3.445678e-01
3.107000e+09, 1.790670e-01, 9.421946e-01, -1.790550e+00, -2.887777e+00, 3.344848e-10, 4.671871e-10, 3.708049e+01, -3.465291e-01
3.110800e+09, 1.803736e-01, 9.419722e-01, -1.798536e+00, -2.898932e+00, 3.360204e-10, 4.670028e-10, 3.695990e+01, -3.484303e-01
3.114600e+09, 1.816648e-01, 9.417506e-01, -1.806559e+00, -2.910082e+00, 3.375008e-10, 4.668189e-10, 3.683826e+01, -3.502708e-01
3.118400e+09, 1.829403e-01, 9.415298e-01, -1.814617e+00, -2.921228e+00, 3.389278e-10, 4.666352e-10, 3.671564e+01, -3.520497e-01
3.122200e+09, 1.842000e-01, 9.413101e-01, -1.822710e+00, -2.932369e+00, 3.403034e-10, 4.664520e-10, 3.659208e+01, -3.537663e-01
3.126000e+09, 1.854437e-01, 9.410913e-01, -1.830835e+00, -2.943506e+00, 3.416292e-10, 4.662693e-10, 3.646765e+01, -3.554200e-01
3.129800e+09, 1.866712e-01, 9.408737e-01, -1.838991e+00, -2.954639e+00, 3.429070e-10, 4.660871e-10, 3.634241e+01, -3.570100e-01
3.133600e+09, 1.878824e-01, 9.406573e-01, -1.847179e+00, -2.965767e+00, 3.441383e-10, 4.659056e-10, 3.621641e+01, -3.585357e-01
3.137400e+09, 1.890770e-01, 9.404423e-01, -1.855395e+00, -2.976891e+00, 3.453247e-10, 4.657248e-10, 3.608970e+01, -3.599965e-01
3.141200e+09, 1.902550e-01, 9.402286e-01, -1.863640e+00, -2.988011e+00, 3.464677e-10, 4.655449e-10, 3.596235e+01, -3.613917e-01
3.145000e+09, 1.914160e-01, 9.400164e-01, -1.871913e+00, -2.999126e+00, 3.475686e-10, 4.653658e-10, 3.583441e+01, -3.627207e-01
3.148800e+09, 1.925600e-01, 9.398057e-01, -1.880211e+00, -3.010238e+00, 3.486288e-10, 4.651878e-10, 3.570594e+01, -3.639830e-01
3.152600e+09, 1.936868e-01, 9.395967e-01, -1.888535e+00, -3.021344e+00, 3.496496e-10, 4.650107e-10, 3.557699e+01, -3.651781e-01
3.156400e+09, 1.947963e-01, 9.393895e-01, -1.896883e+00, -3.032447e+00, 3.506321e-10, 4.648348e-10, 3.544761e+01, -3.663054e-01
3.160200e+09, 1.958882e-01, 9.391840e-01, -1.905255e+00, -3.043545e+00, 3.515776e-10, 4.646601e-10, 3.531787e+01, -3.673644e-01
3.164000e+09, 1.969624e-01, 9.389805e-01, -1.913649e+00, -3.054640e+00, 3.524871e-10, 4.644867e-10, 3.518781e+01, -3.683547e-01
3.167800e+09, 1.980188e-01, 9.387790e-01, -1.922065e+00, -3.065730e+00, 3.533618e-10, 4.643147e-10, 3.505749e+01, -3.692758e-01
3.171600e+09, 1.990572e-01, 9.385795e-01, -1.930502e+00, -3.076816e+00, 3.542026e-10, 4.641441e-10, 3.492697e+01, -3.701273e-01
3.175400e+09, 2.000775e-01, 9.383821e-01, -1.938959e+00, -3.087898e+00, 3.550105e-10, 4.639751e-10, 3.479629e+01, -3.709088e-01
3.179200e+09, 2.010795e-01, 9.381871e-01, -1.947436e+00, -3.098976e+00, 3.557865e-10, 4.638077e-10, 3.466550e+01, -3.716198e-01
3.183000e+09, 2.020630e-01, 9.379943e-01, -1.955930e+00, -3.110050e+00, 3.565315e-10, 4.636419e-10, 3.453467e+01, -3.722601e-01
3.186800e+09, 2.030280e-01, 9.378039e-01, -1.964443e+00, -3.121120e+00, 3.572463e-10, 4.634779e-10, 3.440384e+01, -3.728293e-01
3.190600e+09, 2.039743e-01, 9.376160e-01, -1.972973e+00, -3.132186e+00, 3.579318e-10, 4.633158e-10, 3.427305e+01, -3.733270e-01
3.194400e+09, 2.049018e-01, 9.374307e-01, -1.981519e+00, 3.139937e+00, 3.585887e-10, 4.631555e-10, 3.414237e+01, -3.737531e-01
3.198200e+09, 2.058103e-01, 9.372480e-01, -1.990080e+00, 3.128879e+00, 3.592178e-10, 4.629973e-10, 3.401184e+01, -3.741072e-01
3.202000e+09, 2.066997e-01, 9.370680e-01, -1.998657e+00, 3.117825e+00, 3.598198e-10, 4.628412e-10, 3.388151e+01, -3.743890e-01
3.205800e+09, 2.075698e-01, 9.368909e-01, -2.007248e+00, 3.106774e+00, 3.603954e-10, 4.626872e-10, 3.375143e+01, -3.745984e-01
3.209600e+09, 2.084206e-01, 9.367166e-01, -2.015853e+00, 3.095727e+00, 3.609452e-10, 4.625354e-10, 3.362164e+01, -3.747351e-01
3.213400e+09, 2.092520e-01, 9.365452e-01, -2.024471e+00, 3.084683e+00, 3.614700e-10, 4.623859e-10, 3.349220e+01, -3.747990e-01
3.217200e+09, 2.100637e-01, 9.363769e-01, -2.033101e+00, 3.073643e+00, 3.619703e-10, 4.622388e-10, 3.336314e+01, -3.747899e-01
3.221000e+09, 2.108557e-01, 9.362117e-01, -2.041744e+00, 3.062607e+00, 3.624467e-10, 4.620942e-10, 3.323452e+01, -3.747077e-01
3.224800e+09, 2.116279e-01, 9.360496e-01, -2.050398e+00, 3.051574e+00, 3.628997e-10, 4.619521e-10, 3.310639e+01, -3.745523e-01
3.228600e+09, 2.123801e-01, 9.358909e-01, -2.059062e+00, 3.040544e+00, 3.633299e-10, 4.618126e-10, 3.297878e+01, -3.743235e-01
3.232400e+09, 2.131123e-01, 9.357354e-01, -2.067737e+00, 3.029518e+00, 3.637377e-10, 4.616757e-10, 3.285174e+01, -3.740213e-01
3.236200e+09, 2.138244e-01, 9.355833e-01, -2.076422e+00, 3.018495e+00, 3.641238e-10, 4.615416e-10, 3.272531e+01, -3.736456e-01
3.240000e+09, 2.145161e-01, 9.354347e-01, -2.085116e+00, 3.007475e+00, 3.644884e-10, 4.614103e-10, 3.259954e+01, -3.731965e-01
3.243800e+09, 2.151875e-01, 9.352896e-01, -2.093818e+00, 2.996458e+00, 3.648322e-10, 4.612819e-10, 3.247447e+01, -3.726740e-01
3.247600e+09, 2.158384e-01, 9.351482e-01, -2.102529e+00, 2.985444e+00, 3.651554e-10, 4.611565e-10, 3.235015e+01, -3.720780e-01
3.251400e+09, 2.164688e-01, 9.350104e-01, -2.111248e+00, 2.974434e+00, 3.654586e-10, 4.610341e-10, 3.222660e+01, -3.714086e-01
3.255200e+09, 2.170785e-01, 9.348763e-01, -2.119973e+00, 2.963426e+00, 3.657420e-10, 4.609147e-10, 3.210389e+01, -3.706660e-01
3.259000e+09, 2.176674e-01, 9.347460e-01, -2.128706e+00, 2.952421e+00, 3.660060e-10, 4.607986e-10, 3.198203e+01, -3.698501e-01
3.262800e+09, 2.182355e-01, 9.346196e-01, -2.137445e+00, 2.941419e+00, 3.662510e-10, 4.606856e-10, 3.186108e+01, -3.689612e-01
3.266600e+09, 2.187827e-01, 9.344971e-01, -2.146189e+00, 2.930420e+00, 3.664774e-10, 4.605760e-10, 3.174108e+01, -3.679993e-01
3.270400e+09, 2.193088e-01, 9.343786e-01, -2.154939e+00, 2.919423e+00, 3.666854e-10, 4.604697e-10, 3.162206e+01, -3.669647e-01
3.274200e+09, 2.198139e-01, 9.342642e-01, -2.163694e+00, 2.908429e+00, 3.668753e-10, 4.603668e-10, 3.150406e+01, -3.658575e-01
3.278000e+09, 2.202977e-01, 9.341538e-01, -2.172454e+00, 2.897437e+00, 3.670474e-10, 4.602674e-10, 3.138712e+01, -3.646780e-01
3.281800e+09, 2.207603e-01, 9.340476e-01, -2.181218e+00, 2.886448e+00, 3.672020e-10, 4.601716e-10, 3.127127e+01, -3.634264e-01
3.285600e+09, 2.212015e-01, 9.339456e-01, -2.189985e+00, 2.875461e+00, 3.673392e-10, 4.600794e-10, 3.115655e+01, -3.621031e-01
3.289400e+09, 2.216213e-01, 9.338479e-01, -2.198756e+00, 2.864476e+00, 3.674594e-10, 4.599908e-10, 3.104300e+01, -3.607082e-01
3.293200e+09, 2.220197e-01, 9.337545e-01, -2.207529e+00, 2.853493e+00, 3.675628e-10, 4.599060e-10, 3.093066e+01, -3.592422e-01
3.297000e+09, 2.223965e-01, 9.336655e-01, -2.216305e+00, 2.842512e+00, 3.676495e-10, 4.598249e-10, 3.081955e+01, -3.577053e-01
3.300800e+09, 2.227516e-01, 9.335809e-01, -2.225083e+00, 2.831533e+00, 3.677198e-10, 4.597477e-10, 3.070972e+01, -3.560981e-01
3.304600e+09, 2.230851e-01, 9.335008e-01, -2.233863e+00, 2.820556e+00, 3.677738e-10, 4.596744e-10, 3.060119e+01, -3.544209e-01
3.308400e+09, 2.233968e-01, 9.334252e-01, -2.242644e+00, 2.809581e+00, 3.678116e-10, 4.596051e-10, 3.049401e+01, -3.526741e-01
3.312200e+09, 2.236867e-01, 9.333542e-01, -2.251426e+00, 2.798608e+00, 3.678335e-10, 4.595397e-10, 3.038819e+01, -3.508583e-01
3.316000e+09, 2.239548e-01, 9.332878e-01, -2.260208e+00, 2.787636e+00, 3.678395e-10, 4.594785e-10, 3.028378e+01, -3.489738e-01
3.319800e+09, 2.242009e-01, 9.332260e-01, -2.268991e+00, 2.776665e+00, 3.678298e-10, 4.594213e-10, 3.018081e+01, -3.470214e-01
3.323600e+09, 2.244250e-01, 9.331689e-01, -2.277773e+00, 2.765696e+00, 3.678044e-10, 4.593683e-10, 3.007931e+01, -3.450014e-01
3.327400e+09, 2.246271e-01, 9.331166e-01, -2.286555e+00, 2.754728e+00, 3.677635e-10, 4.593195e-10, 2.997930e+01, -3.429146e-01
3.331200e+09, 2.248071e-01, 9.330690e-01, -2.295336e+00, 2.743761e+00, 3.677072e-10, 4.592750e-10, 2.988083e+01, -3.407616e-01
3.335000e+09, 2.249651e-01, 9.330263e-01, -2.304115e+00, 2.732795e+00, 3.676354e-10, 4.592348e-10, 2.978391e+01, -3.385429e-01
3.338800e+09, 2.251008e-01, 9.329884e-01, -2.312893e+00, 2.721831e+00, 3.675482e-10, 4.591989e-10, 2.968859e+01, -3.362593e-01
3.342600e+09, 2.252143e-01, 9.329553e-01, -2.321668e+00, 2.710867e+00, 3.674458e-10, 4.591675e-10, 2.959488e+01, -3.339115e-01
3.346400e+09, 2.253056e-01, 9.329272e-01, -2.330441e+00, 2.699904e+00, 3.673280e-10, 4.591405e-10, 2.950282e+01, -3.315003e-01
3.350200e+09, 2.253746e-01, 9.329039e-01, -2.339212e+00, 2.688941e+00, 3.671949e-10, 4.591179e-10, 2.941244e+01, -3.290264e-01
3.354000e+09, 2.254213e-01, 9.328857e-01, -2.347979e+00, 2.677979e+00, 3.670465e-10, 4.590999e-10, 2.932375e+01, -3.264906e-01
3.357800e+09, 2.254456e-01, 9.328724e-01, -2.356743e+00, 2.667018e+00, 3.668828e-10, 4.590865e-10, 2.923680e+01, -3.238939e-01
3.361600e+09, 2.254476e-01, 9.328642e-01, -2.365502e+00, 2.656056e+00, 3.667038e-10, 4.590777e-10, 2.915160e+01, -3.212370e-01
3.365400e+09, 2.254271e-01, 9.328609e-01, -2.374258e+00, 2.645096e+00, 3.665093e-10, 4.590735e-10, 2.906819e+01, -3.185210e-01
3.369200e+09, 2.253842e-01, 9.328627e-01, -2.383009e+00, 2.634135e+00, 3.662993e-10, 4.590740e-10, 2.898658e+01, -3.157466e-01
3.373000e+09, 2.253188e-01, 9.328696e-01, -2.391754e+00, 2.623174e+00, 3.660738e-10, 4.590792e-10, 2.890680e+01, -3.129151e-01
3.376800e+09, 2.252310e-01, 9.328816e-01, -2.400495e+00, 2.612213e+00, 3.658327e-10, 4.590891e-10, 2.882888e+01, -3.100272e-01
3.380600e+09, 2.251207e-01, 9.328986e-01, -2.409229e+00, 2.601251e+00, 3.655758e-10, 4.591038e-10, 2.875285e+01, -3.070842e-01
3.384400e+09, 2.249878e-01, 9.329207e-01, -2.417958e+00, 2.590290e+00, 3.653031e-10, 4.591234e-10, 2.867872e+01, -3.040870e-01
3.388200e+09, 2.248324e-01, 9.329480e-01, -2.426680e+00, 2.579328e+00, 3.650143e-10, 4.591477e-10, 2.860652e+01, -3.010369e-01
3.392000e+09, 2.246545e-01, 9.329804e-01, -2.435395e+00, 2.568365e+00, 3.647094e-10, 4.591769e-10, 2.853627e+01, -2.979348e-01
3.395800e+09, 2.244540e-01, 9.330179e-01, -2.444103e+00, 2.557402e+00, 3.643881e-10, 4.592109e-10, 2.846799e+01, -2.947822e-01
3.399600e+09, 2.242309e-01, 9.330606e-01, -2.452803e+00, 2.546438e+00, 3.640504e-10, 4.592499e-10, 2.840171e+01, -2.915800e-01
3.403400e+09, 2.239853e-01, 9.331083e-01, -2.461495e+00, 2.535472e+00, 3.636959e-10, 4.592938e-10, 2.833744e+01, -2.883297e-01
3.407200e+09, 2.237171e-01, 9.331612e-01, -2.470179e+00, 2.524506e+00, 3.633244e-10, 4.593426e-10, 2.827521e+01, -2.850325e-01
3.411000e+09, 2.234263e-01, 9.332193e-01, -2.478854e+00, 2.513539e+00, 3.629358e-10, 4.593963e-10, 2.821504e+01, -2.816897e-01
3.414800e+09, 2.231130e-01, 9.332824e-01, -2.487519e+00, 2.502570e+00, 3.625298e-10, 4.594551e-10, 2.815695e+01, -2.783026e-01
3.418600e+09, 2.227771e-01, 9.333507e-01, -2.496175e+00, 2.491600e+00, 3.621060e-10, 4.595188e-10, 2.810095e+01, -2.748728e-01
3.422400e+09, 2.224186e-01, 9.334240e-01, -2.504821e+00, 2.480629e+00, 3.616642e-10, 4.595874e-10, 2.804706e+01, -2.714014e-01
3.426200e+09, 2.220376e-01, 9.335025e-01, -2.513456e+00, 2.469656e+00, 3.612041e-10, 4.596611e-10, 2.799531e+01, -2.678901e-01
3.430000e+09, 2.216340e-01, 9.335860e-01, -2.522080e+00, 2.458681e+00, 3.607253e-10, 4.597398e-10, 2.794571e+01, -2.643403e-01
3.433800e+09, 2.212079e-01, 9.336746e-01, -2.530693e+00, 2.447704e+00, 3.602275e-10, 4.598234e-10, 2.789828e+01, -2.607536e-01
3.437600e+09, 2.207593e-01, 9.337682e-01, -2.539293e+00, 2.436725e+00, 3.597103e-10, 4.599121e-10, 2.785303e+01, -2.571313e-01
3.441400e+09, 2.202882e-01, 9.338668e-01, -2.547882e+00, 2.425744e+00, 3.591733e-10, 4.600058e-10, 2.780997e+01, -2.534752e-01
3.445200e+09, 2.197946e-01, 9.339704e-01, -2.556458e+00, 2.414761e+00, 3.586160e-10, 4.601044e-10, 2.776914e+01, -2.497868e-01
3.449000e+09, 2.192785e-01, 9.340790e-01, -2.565020e+00, 2.403776e+00, 3.580381e-10, 4.602081e-10, 2.773053e+01, -2.460678e-01
3.452800e+09, 2.187400e-01, 9.341925e-01, -2.573569e+00, 2.392788e+00, 3.574390e-10, 4.603167e-10, 2.769417e+01, -2.423197e-01
3.456600e+09, 2.181791e-01, 9.343110e-01, -2.582103e+00, 2.381797e+00, 3.568182e-10, 4.604303e-10, 2.766006e+01, -2.385444e-01
3.460400e+09, 2.175958e-01, 9.344342e-01, -2.590622e+00, 2.370804e+00, 3.561752e-10, 4.605488e-10, 2.762822e+01, -2.347435e-01
3.464200e+09, 2.169902e-01, 9.345623e-01, -2.599126e+00, 2.359808e+00, 3.555095e-10, 4.606723e-10, 2.759867e+01, -2.309186e-01
3.468000e+09, 2.163623e-01, 9.346952e-01, -2.607614e+00, 2.348809e+00, 3.548204e-10, 4.608007e-10, 2.757141e+01, -2.270717e-01
3.471800e+09, 2.157121e-01, 9.348329e-01, -2.616086e+00, 2.337807e+00, 3.541073e-10, 4.609339e-10, 2.754645e+01, -2.232044e-01
3.475600e+09, 2.150396e-01, 9.349752e-01, -2.624541e+00, 2.326801e+00, 3.533695e-10, 4.610720e-10, 2.752381e+01, -2.193186e-01
3.479400e+09, 2.143450e-01, 9.351222e-01, -2.632978e+00, 2.315793e+00, 3.526065e-10, 4.612150e-10, 2.750349e+01, -2.154161e-01
3.483200e+09, 2.136282e-01, 9.352738e-01, -2.641397e+00, 2.304781e+00, 3.518174e-10, 4.613627e-10, 2.748551e+01, -2.114987e-01
3.487000e+09, 2.128892e-01, 9.354300e-01, -2.649797e+00, 2.293765e+00, 3.510015e-10, 4.615152e-10, 2.746988e+01, -2.075682e-01
3.490800e+09, 2.121283e-01, 9.355907e-01, -2.658177e+00, 2.282746e+00, 3.501580e-10, 4.616725e-10, 2.745659e+01, -2.036267e-01
3.494600e+09, 2.113453e-01, 9.357558e-01, -2.666538e+00, 2.271723e+00, 3.492860e-10, 4.618344e-10, 2.744566e+01, -1.996758e-01
3.498400e+09, 2.105403e-01, 9.359252e-01, -2.674877e+00, 2.260696e+00, 3.483846e-10, 4.620009e-10, 2.743710e+01, -1.957177e-01
3.502200e+09, 2.097135e-01, 9.360990e-01, -2.683195e+00, 2.249665e+00, 3.474530e-10, 4.621720e-10, 2.743090e+01, -1.917540e-01
3.506000e+09, 2.088648e-01, 9.362771e-01, -2.691491e+00, 2.238631e+00, 3.464902e-10, 4.623477e-10, 2.742708e+01, -1.877869e-01
3.509800e+09, 2.079943e-01, 9.364593e-01, -2.699764e+00, 2.227591e+00, 3.454950e-10, 4.625278e-10, 2.742565e+01, -1.838182e-01
3.513600e+09, 2.071021e-01, 9.366456e-01, -2.708013e+00, 2.216548e+00, 3.444665e-10, 4.627123e-10, 2.742659e+01, -1.798499e-01
3.517400e+09, 2.061883e-01, 9.368360e-01, -2.716238e+00, 2.205500e+00, 3.434035e-10, 4.629012e-10, 2.742992e+01, -1.758839e-01
3.521200e+09, 2.052528e-01, 9.370304e-01, -2.724437e+00, 2.194448e+00, 3.423049e-10, 4.630944e-10, 2.743565e+01, -1.719222e-01
3.525000e+09, 2.042959e-01, 9.372286e-01, -2.732610e+00, 2.183391e+00, 3.411693e-10, 4.632919e-10, 2.744376e+01, -1.679667e-01
3.528800e+09, 2.033175e-01, 9.374306e-01, -2.740756e+00, 2.172330e+00, 3.399954e-10, 4.634934e-10, 2.745427e+01, -1.640195e-01
3.532600e+09, 2.023178e-01, 9.376364e-01, -2.748873e+00, 2.161263e+00, 3.387819e-10, 4.636991e-10, 2.746717e+01, -1.600824e-01
3.536400e+09, 2.012968e-01, 9.378458e-01, -2.756962e+00, 2.150192e+00, 3.375274e-10, 4.639088e-10, 2.748246e+01, -1.561575e-01
3.540200e+09, 2.002546e-01, 9.380587e-01, -2.765021e+00, 2.139115e+00, 3.362302e-10, 4.641223e-10, 2.750014e+01, -1.522467e-01
3.544000e+09, 1.991912e-01, 9.382751e-01, -2.773049e+00, 2.128034e+00, 3.348888e-10, 4.643397e-10, 2.752021e+01, -1.483520e-01
3.547800e+09, 1.981069e-01, 9.384949e-01, -2.781045e+00, 2.116947e+00, 3.335015e-10, 4.645609e-10, 2.754266e+01, -1.444753e-01
3.551600e+09, 1.970016e-01, 9.387179e-01, -2.789007e+00, 2.105856e+00, 3.320666e-10, 4.647857e-10, 2.756750e+01, -1.406186e-01
3.555400e+09, 1.958756e-01, 9.389442e-01, -2.796936e+00, 2.094758e+00, 3.305822e-10, 4.650141e-10, 2.759472e+01, -1.367839e-01
3.559200e+09, 1.947287e-01, 9.391734e-01, -2.804829e+00, 2.083656e+00, 3.290462e-10, 4.652460e-10, 2.762431e+01, -1.329730e-01
3.563000e+09, 1.935613e-01, 9.394057e-01, -2.812685e+00, 2.072547e+00, 3.274567e-10, 4.654812e-10, 2.765627e+01, -1.291879e-01
3.566800e+09, 1.923733e-01, 9.396408e-01, -2.820504e+00, 2.061433e+00, 3.258114e-10, 4.657197e-10, 2.769059e+01, -1.254305e-01
3.570600e+09, 1.911649e-01, 9.398787e-01, -2.828283e+00, 2.050314e+00, 3.241081e-10, 4.659613e-10, 2.772726e+01, -1.217027e-01
3.574400e+09, 1.899362e-01, 9.401192e-01, -2.836021e+00, 2.039188e+00, 3.223444e-10, 4.662061e-10, 2.776628e+01, -1.180064e-01
3.578200e+09, 1.886873e-01, 9.403622e-01, -2.843717e+00, 2.028057e+00, 3.205177e-10, 4.664537e-10, 2.780764e+01, -1.143434e-01
3.582000e+09, 1.874184e-01, 9.406077e-01, -2.851370e+00, 2.016920e+00, 3.186253e-10, 4.667042e-10, 2.785133e+01, -1.107156e-01
3.585800e+09, 1.861295e-01, 9.408555e-01, -2.858978e+00, 2.005777e+00, 3.166644e-10, 4.669574e-10, 2.789733e+01, -1.071249e-01
3.589600e+09, 1.848208e-01, 9.411055e-01, -2.866538e+00, 1.994628e+00, 3.146321e-10, 4.672132e-10, 2.794564e+01, -1.035730e-01
3.593400e+09, 1.834924e-01, 9.413576e-01, -2.874051e+00, 1.983473e+00, 3.125251e-10, 4.674715e-10, 2.799624e+01, -1.000617e-01
3.597200e+09, 1.821444e-01, 9.416116e-01, -2.881512e+00, 1.972311e+00, 3.103401e-10, 4.677322e-10, 2.804913e+01, -9.659289e-02
3.601000e+09, 1.807771e-01, 9.418675e-01, -2.888922e+00, 1.961144e+00, 3.080737e-10, 4.679951e-10, 2.810429e+01, -9.316819e-02
3.604800e+09, 1.793904e-01, 9.421251e-01, -2.896278e+00, 1.949970e+00, 3.057221e-10, 4.682601e-10, 2.816170e+01, -8.978937e-02
3.608600e+09, 1.779847e-01, 9.423842e-01, -2.903577e+00, 1.938790e+00, 3.032814e-10, 4.685271e-10, 2.822135e+01, -8.645812e-02
3.612400e+09, 1.765600e-01, 9.426448e-01, -2.910818e+00, 1.927603e+00, 3.007474e-10, 4.687960e-10, 2.828322e+01, -8.317611e-02
3.616200e+09, 1.751164e-01, 9.429068e-01, -2.917999e+00, 1.916410e+00, 2.981157e-10, 4.690665e-10, 2.834730e+01, -7.994500e-02
3.620000e+09, 1.736543e-01, 9.431700e-01, -2.925117e+00, 1.905210e+00, 2.953817e-10, 4.693387e-10, 2.841357e+01, -7.676639e-02
3.623800e+09, 1.721736e-01, 9.434342e-01, -2.932170e+00, 1.894004e+00, 2.925405e-10, 4.696123e-10, 2.848201e+01, -7.364187e-02
3.627600e+09, 1.706747e-01, 9.436994e-01, -2.939154e+00, 1.882792e+00, 2.895868e-10, 4.698873e-10, 2.855260e+01, -7.057300e-02
3.631400e+09, 1.691576e-01, 9.439654e-01, -2.946068e+00, 1.871573e+00, 2.865150e-10, 4.701634e-10, 2.862533e+01, -6.756132e-02
3.635200e+09, 1.676226e-01, 9.442320e-01, -2.952909e+00, 1.860347e+00, 2.833193e-10, 4.704406e-10, 2.870016e+01, -6.460831e-02
3.639000e+09, 1.660698e-01, 9.444992e-01, -2.959674e+00, 1.849115e+00, 2.799934e-10, 4.707187e-10, 2.877709e+01, -6.171545e-02
3.642800e+09, 1.644994e-01, 9.447668e-01, -2.966359e+00, 1.837876e+00, 2.765308e-10, 4.709976e-10, 2.885609e+01, -5.888417e-02
3.646600e+09, 1.629117e-01, 9.450347e-01, -2.972962e+00, 1.826630e+00, 2.729242e-10, 4.712771e-10, 2.893713e+01, -5.611587e-02
3.650400e+09, 1.613069e-01, 9.453027e-01, -2.979478e+00, 1.815378e+00, 2.691664e-10, 4.715571e-10, 2.902019e+01, -5.341192e-02
3.654200e+09, 1.596851e-01, 9.455707e-01, -2.985905e+00, 1.804119e+00, 2.652491e-10, 4.718374e-10, 2.910524e+01, -5.077365e-02
3.658000e+09, 1.580466e-01, 9.458385e-01, -2.992238e+00, 1.792854e+00, 2.611640e-10, 4.721180e-10, 2.919227e+01, -4.820238e-02
3.661800e+09, 1.563916e-01, 9.461060e-01, -2.998473e+00, 1.781581e+00, 2.569019e-10, 4.723986e-10, 2.928124e+01, -4.569936e-02
3.665600e+09, 1.547204e-01, 9.463732e-01, -3.004607e+00, 1.770302e+00, 2.524533e-10, 4.726791e-10, 2.937212e+01, -4.326584e-02
3.669400e+09, 1.530332e-01, 9.466397e-01, -3.010635e+00, 1.759016e+00, 2.478078e-10, 4.729595e-10, 2.946490e+01, -4.090300e-02
3.673200e+09, 1.513302e-01, 9.469056e-01, -3.016551e+00, 1.747724e+00, 2.429543e-10, 4.732395e-10, 2.955953e+01, -3.861201e-02
3.677000e+09, 1.496118e-01, 9.471706e-01, -3.022352e+00, 1.736425e+00, 2.378813e-10, 4.735189e-10, 2.965599e+01, -3.639401e-02
3.680800e+09, 1.478782e-01, 9.474346e-01, -3.028032e+00, 1.725119e+00, 2.325759e-10, 4.737978e-10, 2.975425e+01, -3.425008e-02
3.684600e+09, 1.461296e-01, 9.476975e-01, -3.033585e+00, 1.713807e+00, 2.270249e-10, 4.740758e-10, 2.985427e+01, -3.218128e-02
3.688400e+09, 1.443665e-01, 9.479591e-01, -3.039005e+00, 1.702488e+00, 2.212139e-10, 4.743530e-10, 2.995603e+01, -3.018863e-02
3.692200e+09, 1.425890e-01, 9.482193e-01, -3.044287e+00, 1.691162e+00, 2.151274e-10, 4.746290e-10, 3.005949e+01, -2.827312e-02
3.696000e+09, 1.407976e-01, 9.484780e-01, -3.049423e+00, 1.679830e+00, 2.087488e-10, 4.749039e-10, 3.016461e+01, -2.643570e-02
3.699800e+09, 1.389924e-01, 9.487349e-01, -3.054408e+00, 1.668491e+00, 2.020606e-10, 4.751774e-10, 3.027136e+01, -2.467728e-02
3.703600e+09, 1.371740e-01, 9.489901e-01, -3.059232e+00, 1.657145e+00, 1.950436e-10, 4.754494e-10, 3.037971e+01, -2.299875e-02
3.707400e+09, 1.353426e-01, 9.492432e-01, -3.063889e+00, 1.645794e+00, 1.876775e-10, 4.757198e-10, 3.048961e+01, -2.140093e-02
3.711200e+09, 1.334987e-01, 9.494943e-01, -3.068370e+00, 1.634435e+00, 1.799403e-10, 4.759885e-10, 3.060102e+01, -1.988465e-02
3.715000e+09, 1.316426e-01, 9.497431e-01, -3.072666e+00, 1.623070e+00, 1.718083e-10, 4.762552e-10, 3.071392e+01, -1.845066e-02
3.718800e+09, 1.297747e-01, 9.499895e-01, -3.076768e+00, 1.611699e+00, 1.632563e-10, 4.765199e-10, 3.082825e+01, -1.709971e-02
3.722600e+09, 1.278954e-01, 9.502334e-01, -3.080666e+00, 1.600322e+00, 1.542568e-10, 4.767825e-10, 3.094398e+01, -1.583248e-02
3.726400e+09, 1.260053e-01, 9.504747e-01, -3.084349e+00, 1.588938e+00, 1.447804e-10, 4.770427e-10, 3.106107e+01, -1.464965e-02
3.730200e+09, 1.241048e-01, 9.507131e-01, -3.087806e+00, 1.577548e+00, 1.347954e-10, 4.773005e-10, 3.117946e+01, -1.355184e-02
3.734000e+09, 1.221944e-01, 9.509486e-01, -3.091024e+00, 1.566152e+00, 1.242674e-10, 4.775557e-10, 3.129912e+01, -1.253964e-02
3.737800e+09, 1.202746e-01, 9.511811e-01, -3.093991e+00, 1.554750e+00, 1.131595e-10, 4.778083e-10, 3.142000e+01, -1.161361e-02
3.741600e+09, 1.183459e-01, 9.514104e-01, -3.096693e+00, 1.543342e+00, 1.014318e-10, 4.780580e-10, 3.154206e+01, -1.077426e-02
3.745400e+09, 1.164091e-01, 9.516363e-01, -3.099115e+00, 1.531928e+00, 8.904115e-11, 4.783047e-10, 3.166525e+01, -1.002207e-02
3.749200e+09, 1.144645e-01, 9.518588e-01, -3.101241e+00, 1.520508e+00, 7.594100e-11, 4.785484e-10, 3.178951e+01, -9.357506e-03
3.753000e+09, 1.125130e-01, 9.520777e-01, -3.103054e+00, 1.509082e+00, 6.208101e-11, 4.787889e-10, 3.191481e+01, -8.780964e-03
3.756800e+09, 1.105552e-01, 9.522929e-01, -3.104536e+00, 1.497650e+00, 4.740675e-11, 4.790260e-10, 3.204109e+01, -8.292826e-03
3.760600e+09, 1.085918e-01, 9.525043e-01, -3.105668e+00, 1.486213e+00, 3.185939e-11, 4.792597e-10, 3.216829e+01, -7.893433e-03
3.764400e+09, 1.066237e-01, 9.527117e-01, -3.106429e+00, 1.474770e+00, 1.537533e-11, 4.794898e-10, 3.229637e+01, -7.583090e-03
3.768200e+09, 1.046516e-01, 9.529150e-01, -3.106796e+00, 1.463322e+00, -2.114163e-12, 4.797162e-10, 3.242527e+01, -7.362069e-03
3.772000e+09, 1.026764e-01, 9.531142e-01, -3.106746e+00, 1.451868e+00, -2.068335e-11, 4.799388e-10, 3.255494e+01, -7.230602e-03
3.775800e+09, 1.006991e-01, 9.533090e-01, -3.106252e+00, 1.440409e+00, -4.041240e-11, 4.801575e-10, 3.268532e+01, -7.188890e-03
3.779600e+09, 9.872059e-02, 9.534993e-01, -3.105287e+00, 1.428944e+00, -6.138784e-11, 4.803722e-10, 3.281636e+01, -7.237095e-03
3.783400e+09, 9.674207e-02, 9.536851e-01, -3.103821e+00, 1.417475e+00, -8.370289e-11, 4.805827e-10, 3.294799e+01, -7.375347e-03
3.787200e+09, 9.476465e-02, 9.538663e-01, -3.101823e+00, 1.406001e+00, -1.074578e-10, 4.807890e-10, 3.308016e+01, -7.603737e-03
3.791000e+09, 9.278958e-02, 9.540426e-01, -3.099257e+00, 1.394521e+00, -1.327604e-10, 4.809908e-10, 3.321281e+01, -7.922322e-03
3.794800e+09, 9.081818e-02, 9.542141e-01, -3.096087e+00, 1.383037e+00, -1.597260e-10, 4.811883e-10, 3.334587e+01, -8.331124e-03
3.798600e+09, 8.885189e-02, 9.543806e-01, -3.092274e+00, 1.371548e+00, -1.884778e-10, 4.813811e-10, 3.347929e+01, -8.830127e-03
3.802400e+09, 8.689227e-02, 9.545420e-01, -3.087773e+00, 1.360055e+00, -2.191470e-10, 4.815693e-10, 3.361300e+01, -9.419281e-03
3.806200e+09, 8.494100e-02, 9.546981e-01, -3.082541e+00, 1.348557e+00, -2.518722e-10, 4.817527e-10, 3.374694e+01, -1.009850e-02
3.810000e+09, 8.299990e-02, 9.548490e-01, -3.076527e+00, 1.337054e+00, -2.867994e-10, 4.819312e-10, 3.388104e+01, -1.086766e-02
3.813800e+09, 8.107093e-02, 9.549944e-01, -3.069680e+00, 1.325548e+00, -3.240808e-10, 4.821047e-10, 3.401523e+01, -1.172660e-02
3.817600e+09, 7.915624e-02, 9.551343e-01, -3.061942e+00, 1.314037e+00, -3.638736e-10, 4.822732e-10, 3.414945e+01, -1.267513e-02
3.821400e+09, 7.725813e-02, 9.552687e-01, -3.053254e+00, 1.302522e+00, -4.063380e-10, 4.824365e-10, 3.428363e+01, -1.371301e-02
3.825200e+09, 7.537914e-02, 9.553973e-01, -3.043552e+00, 1.291003e+00, -4.516345e-10, 4.825946e-10, 3.441770e+01, -1.483998e-02
3.829000e+09, 7.352201e-02, 9.555202e-01, -3.032769e+00, 1.279481e+00, -4.999198e-10, 4.827474e-10, 3.455159e+01, -1.605573e-02
3.832800e+09, 7.168972e-02, 9.556372e-01, -3.020833e+00, 1.267955e+00, -5.513418e-10, 4.828947e-10, 3.468523e+01, -1.735991e-02
3.836600e+09, 6.988552e-02, 9.557483e-01, -3.007669e+00, 1.256425e+00, -6.060330e-10, 4.830365e-10, 3.481854e+01, -1.875215e-02
3.840400e+09, 6.811293e-02, 9.558533e-01, -2.993199e+00, 1.244892e+00, -6.641015e-10, 4.831727e-10, 3.495146e+01, -2.023203e-02
3.844200e+09, 6.637580e-02, 9.559522e-01, -2.977343e+00, 1.233356e+00, -7.256206e-10, 4.833033e-10, 3.508390e+01, -2.179910e-02
3.848000e+09, 6.467829e-02, 9.560449e-01, -2.960018e+00, 1.221816e+00, -7.906152e-10, 4.834282e-10, 3.521580e+01, -2.345285e-02
3.851800e+09, 6.302491e-02, 9.561314e-01, -2.941141e+00, 1.210274e+00, -8.590460e-10, 4.835472e-10, 3.534708e+01, -2.519276e-02
3.855600e+09, 6.142052e-02, 9.562115e-01, -2.920631e+00, 1.198729e+00, -9.307901e-10, 4.836603e-10, 3.547766e+01, -2.701825e-02
3.859400e+09, 5.987038e-02, 9.562852e-01, -2.898407e+00, 1.187181e+00, -1.005620e-09, 4.837675e-10, 3.560746e+01, -2.892873e-02
3.863200e+09, 5.838010e-02, 9.563525e-01, -2.874397e+00, 1.175630e+00, -1.083180e-09, 4.838687e-10, 3.573641e+01, -3.092353e-02
3.867000e+09, 5.695569e-02, 9.564132e-01, -2.848535e+00, 1.164077e+00, -1.162963e-09, 4.839638e-10, 3.586443e+01, -3.300198e-02
3.870800e+09, 5.560348e-02, 9.564674e-01, -2.820767e+00, 1.152522e+00, -1.244283e-09, 4.840528e-10, 3.599145e+01, -3.516335e-02
3.874600e+09, 5.433015e-02, 9.565149e-01, -2.791059e+00, 1.140965e+00, -1.326262e-09, 4.841355e-10, 3.611737e+01, -3.740687e-02
3.878400e+09, 5.314261e-02, 9.565558e-01, -2.759393e+00, 1.129406e+00, -1.407812e-09, 4.842121e-10, 3.624212e+01, -3.973174e-02
3.882200e+09, 5.204797e-02, 9.565899e-01, -2.725780e+00, 1.117845e+00, -1.487635e-09, 4.842823e-10, 3.636562e+01, -4.213711e-02
3.886000e+09, 5.105342e-02, 9.566172e-01, -2.690261e+00, 1.106282e+00, -1.564241e-09, 4.843461e-10, 3.648780e+01, -4.462211e-02
3.889800e+09, 5.016610e-02, 9.566376e-01, -2.652913e+00, 1.094718e+00, -1.635982e-09, 4.844035e-10, 3.660856e+01, -4.718580e-02
3.893600e+09, 4.939292e-02, 9.566512e-01, -2.613852e+00, 1.083152e+00, -1.701108e-09, 4.844545e-10, 3.672783e+01, -4.982722e-02
3.897400e+09, 4.874043e-02, 9.566579e-01, -2.573236e+00, 1.071585e+00, -1.757851e-09, 4.844990e-10, 3.684553e+01, -5.254537e-02
3.901200e+09, 4.821459e-02, 9.566577e-01, -2.531266e+00, 1.060017e+00, -1.804524e-09, 4.845369e-10, 3.696158e+01, -5.533921e-02
3.905000e+09, 4.782060e-02, 9.566505e-01, -2.488181e+00, 1.048448e+00, -1.839636e-09, 4.845683e-10, 3.707589e+01, -5.820764e-02
3.908800e+09, 4.756269e-02, 9.566362e-01, -2.444257e+00, 1.036879e+00, -1.861996e-09, 4.845930e-10, 3.718838e+01, -6.114954e-02
3.912600e+09, 4.744399e-02, 9.566150e-01, -2.399800e+00, 1.025308e+00, -1.870816e-09, 4.846112e-10, 3.729898e+01, -6.416376e-02
3.916400e+09, 4.746640e-02, 9.565867e-01, -2.355132e+00, 1.013738e+00, -1.865775e-09, 4.846226e-10, 3.740760e+01, -6.724908e-02
3.920200e+09, 4.763049e-02, 9.565514e-01, -2.310585e+00, 1.002167e+00, -1.847047e-09, 4.846274e-10, 3.751416e+01, -7.040425e-02
3.924000e+09, 4.793552e-02, 9.565090e-01, -2.266484e+00, 9.905959e-01, -1.815287e-09, 4.846254e-10, 3.761859e+01, -7.362800e-02
3.927800e+09, 4.837949e-02, 9.564595e-01, -2.223142e+00, 9.790249e-01, -1.771574e-09, 4.846167e-10, 3.772080e+01, -7.691900e-02
3.931600e+09, 4.895919e-02, 9.564029e-01, -2.180844e+00, 9.674542e-01, -1.717320e-09, 4.846013e-10, 3.782071e+01, -8.027588e-02
3.935400e+09, 4.967039e-02, 9.563392e-01, -2.139841e+00, 9.558838e-01, -1.654166e-09, 4.845791e-10, 3.791826e+01, -8.369724e-02
3.939200e+09, 5.050796e-02, 9.562685e-01, -2.100346e+00, 9.443139e-01, -1.583868e-09, 4.845501e-10, 3.801336e+01, -8.718165e-02
3.943000e+09, 5.146612e-02, 9.561906e-01, -2.062530e+00, 9.327448e-01, -1.508190e-09, 4.845143e-10, 3.810593e+01, -9.072761e-02
3.946800e+09, 5.253858e-02, 9.561057e-01, -2.026520e+00, 9.211764e-01, -1.428817e-09, 4.844717e-10, 3.819590e+01, -9.433362e-02
3.950600e+09, 5.371873e-02, 9.560137e-01, -1.992405e+00, 9.096091e-01, -1.347293e-09, 4.844223e-10, 3.828321e+01, -9.799811e-02
3.954400e+09, 5.499982e-02, 9.559147e-01, -1.960237e+00, 8.980430e-01, -1.264975e-09, 4.843662e-10, 3.836776e+01, -1.017195e-01
3.958200e+09, 5.637509e-02, 9.558086e-01, -1.930035e+00, 8.864782e-01, -1.183014e-09, 4.843033e-10, 3.844951e+01, -1.054962e-01
3.962000e+09, 5.783787e-02, 9.556955e-01, -1.901789e+00, 8.749150e-01, -1.102350e-09, 4.842335e-10, 3.852837e+01, -1.093264e-01
3.965800e+09, 5.938171e-02, 9.555754e-01, -1.875469e+00, 8.633534e-01, -1.023724e-09, 4.841570e-10, 3.860427e+01, -1.132086e-01
3.969600e+09, 6.100041e-02, 9.554484e-01, -1.851026e+00, 8.517936e-01, -9.476956e-10, 4.840738e-10, 3.867716e+01, -1.171409e-01
3.973400e+09, 6.268806e-02, 9.553144e-01, -1.828399e+00, 8.402358e-01, -8.746625e-10, 4.839838e-10, 3.874697e+01, -1.211217e-01
3.977200e+09, 6.443909e-02, 9.551735e-01, -1.807516e+00, 8.286801e-01, -8.048884e-10, 4.838871e-10, 3.881363e+01, -1.251490e-01
3.981000e+09, 6.624829e-02, 9.550258e-01, -1.788298e+00, 8.171268e-01, -7.385248e-10, 4.837838e-10, 3.887709e+01, -1.292211e-01
3.984800e+09, 6.811077e-02, 9.548713e-01, -1.770665e+00, 8.055759e-01, -6.756341e-10, 4.836737e-10, 3.893729e+01, -1.333362e-01
3.988600e+09, 7.002202e-02, 9.547100e-01, -1.754533e+00, 7.940277e-01, -6.162090e-10, 4.835570e-10, 3.899417e+01, -1.374922e-01
3.992400e+09, 7.197783e-02, 9.545420e-01, -1.739821e+00, 7.824822e-01, -5.601890e-10, 4.834337e-10, 3.904767e+01, -1.416874e-01
3.996200e+09, 7.397429e-02, 9.543674e-01, -1.726446e+00, 7.709397e-01, -5.074754e-10, 4.833039e-10, 3.909776e+01, -1.459197e-01
4.000000e+09, 7.600784e-02, 9.541861e-01, -1.714329e+00, 7.594003e-01, -5.074754e-10, 4.833039e-10, 3.914437e+01, -1.501872e-01
