Frequency [Hz], |S00| [-], |S10| [-], Arg(S00) [-], Arg(S10) [-], Delay 0>0 [s], Delay 0>1 [s], |Z0| [Ohm] , Arg(Z0) [-]
2.000000e+08, 4.089686e-02, 9.549373e-01, 2.238356e+00, -6.095371e-01, 8.789657e-10, 4.824143e-10, 3.802656e+01, 6.425450e-02
2.038000e+08, 4.075549e-02, 9.550007e-01, 2.217369e+00, -6.210553e-01, 8.823194e-10, 4.825602e-10, 3.808479e+01, 6.507447e-02
2.076000e+08, 4.061349e-02, 9.550643e-01, 2.196303e+00, -6.325769e-01, 8.858406e-10, 4.827022e-10, 3.814379e+01, 6.586139e-02
2.114000e+08, 4.047094e-02, 9.551280e-01, 2.175153e+00, -6.441020e-01, 8.895226e-10, 4.828406e-10, 3.820355e+01, 6.661506e-02
2.152000e+08, 4.032798e-02, 9.551917e-01, 2.153914e+00, -6.556303e-01, 8.933590e-10, 4.829757e-10, 3.826406e+01, 6.733527e-02
2.190000e+08, 4.018469e-02, 9.552556e-01, 2.132584e+00, -6.671619e-01, 8.973437e-10, 4.831074e-10, 3.832528e+01, 6.802184e-02
2.228000e+08, 4.004121e-02, 9.553194e-01, 2.111159e+00, -6.786966e-01, 9.014706e-10, 4.832362e-10, 3.838720e+01, 6.867456e-02
2.266000e+08, 3.989765e-02, 9.553832e-01, 2.089636e+00, -6.902344e-01, 9.057337e-10, 4.833620e-10, 3.844980e+01, 6.929323e-02
2.304000e+08, 3.975414e-02, 9.554469e-01, 2.068010e+00, -7.017752e-01, 9.101273e-10, 4.834850e-10, 3.851306e+01, 6.987766e-02
2.342000e+08, 3.961079e-02, 9.555104e-01, 2.046280e+00, -7.133190e-01, 9.146455e-10, 4.836053e-10, 3.857696e+01, 7.042767e-02
2.380000e+08, 3.946775e-02, 9.555737e-01, 2.024442e+00, -7.248656e-01, 9.192824e-10, 4.837231e-10, 3.864148e+01, 7.094305e-02
2.418000e+08, 3.932514e-02, 9.556369e-01, 2.002493e+00, -7.364150e-01, 9.240321e-10, 4.838384e-10, 3.870660e+01, 7.142363e-02
2.456000e+08, 3.918310e-02, 9.556997e-01, 1.980431e+00, -7.479672e-01, 9.288887e-10, 4.839513e-10, 3.877230e+01, 7.186923e-02
2.494000e+08, 3.904177e-02, 9.557622e-01, 1.958252e+00, -7.595220e-01, 9.338459e-10, 4.840619e-10, 3.883855e+01, 7.227969e-02
2.532000e+08, 3.890128e-02, 9.558243e-01, 1.935956e+00, -7.710796e-01, 9.388975e-10, 4.841702e-10, 3.890533e+01, 7.265483e-02
2.570000e+08, 3.876180e-02, 9.558860e-01, 1.913539e+00, -7.826397e-01, 9.440371e-10, 4.842763e-10, 3.897262e+01, 7.299451e-02
2.608000e+08, 3.862345e-02, 9.559473e-01, 1.890999e+00, -7.942023e-01, 9.492579e-10, 4.843802e-10, 3.904039e+01, 7.329856e-02
2.646000e+08, 3.848639e-02, 9.560080e-01, 1.868334e+00, -8.057674e-01, 9.545532e-10, 4.844819e-10, 3.910863e+01, 7.356686e-02
2.684000e+08, 3.835078e-02, 9.560682e-01, 1.845543e+00, -8.173349e-01, 9.599159e-10, 4.845816e-10, 3.917731e+01, 7.379927e-02
2.722000e+08, 3.821678e-02, 9.561277e-01, 1.822624e+00, -8.289049e-01, 9.653384e-10, 4.846792e-10, 3.924640e+01, 7.399565e-02
2.760000e+08, 3.808452e-02, 9.561867e-01, 1.799575e+00, -8.404771e-01, 9.708132e-10, 4.847747e-10, 3.931588e+01, 7.415591e-02
2.798000e+08, 3.795419e-02, 9.562449e-01, 1.776396e+00, -8.520516e-01, 9.763323e-10, 4.848682e-10, 3.938573e+01, 7.427993e-02
2.836000e+08, 3.782594e-02, 9.563025e-01, 1.753085e+00, -8.636284e-01, 9.818874e-10, 4.849597e-10, 3.945591e+01, 7.436762e-02
2.874000e+08, 3.769993e-02, 9.563592e-01, 1.729642e+00, -8.752074e-01, 9.874701e-10, 4.850492e-10, 3.952642e+01, 7.441889e-02
2.912000e+08, 3.757633e-02, 9.564152e-01, 1.706065e+00, -8.867884e-01, 9.930713e-10, 4.851367e-10, 3.959721e+01, 7.443367e-02
2.950000e+08, 3.745530e-02, 9.564703e-01, 1.682354e+00, -8.983716e-01, 9.986820e-10, 4.852222e-10, 3.966826e+01, 7.441189e-02
2.988000e+08, 3.733702e-02, 9.565245e-01, 1.658509e+00, -9.099568e-01, 1.004292e-09, 4.853058e-10, 3.973955e+01, 7.435350e-02
3.026000e+08, 3.722166e-02, 9.565778e-01, 1.634531e+00, -9.215440e-01, 1.009893e-09, 4.853873e-10, 3.981105e+01, 7.425845e-02
3.064000e+08, 3.710938e-02, 9.566301e-01, 1.610418e+00, -9.331332e-01, 1.015473e-09, 4.854669e-10, 3.988274e+01, 7.412671e-02
3.102000e+08, 3.700036e-02, 9.566814e-01, 1.586173e+00, -9.447243e-01, 1.021023e-09, 4.855445e-10, 3.995457e+01, 7.395827e-02
3.140000e+08, 3.689477e-02, 9.567317e-01, 1.561795e+00, -9.563172e-01, 1.026531e-09, 4.856201e-10, 4.002654e+01, 7.375312e-02
3.178000e+08, 3.679279e-02, 9.567810e-01, 1.537285e+00, -9.679119e-01, 1.031987e-09, 4.856937e-10, 4.009861e+01, 7.351125e-02
3.216000e+08, 3.669458e-02, 9.568291e-01, 1.512645e+00, -9.795084e-01, 1.037380e-09, 4.857654e-10, 4.017074e+01, 7.323269e-02
3.254000e+08, 3.660031e-02, 9.568760e-01, 1.487877e+00, -9.911066e-01, 1.042697e-09, 4.858350e-10, 4.024293e+01, 7.291746e-02
3.292000e+08, 3.651017e-02, 9.569218e-01, 1.462981e+00, -1.002706e+00, 1.047926e-09, 4.859026e-10, 4.031512e+01, 7.256560e-02
3.330000e+08, 3.642431e-02, 9.569664e-01, 1.437961e+00, -1.014308e+00, 1.053058e-09, 4.859683e-10, 4.038730e+01, 7.217718e-02
3.368000e+08, 3.634291e-02, 9.570098e-01, 1.412818e+00, -1.025911e+00, 1.058078e-09, 4.860319e-10, 4.045944e+01, 7.175224e-02
3.406000e+08, 3.626614e-02, 9.570519e-01, 1.387555e+00, -1.037515e+00, 1.062975e-09, 4.860935e-10, 4.053150e+01, 7.129087e-02
3.444000e+08, 3.619417e-02, 9.570927e-01, 1.362175e+00, -1.049121e+00, 1.067736e-09, 4.861530e-10, 4.060346e+01, 7.079317e-02
3.482000e+08, 3.612715e-02, 9.571322e-01, 1.336682e+00, -1.060729e+00, 1.072351e-09, 4.862105e-10, 4.067529e+01, 7.025923e-02
3.520000e+08, 3.606525e-02, 9.571703e-01, 1.311079e+00, -1.072338e+00, 1.076805e-09, 4.862660e-10, 4.074696e+01, 6.968917e-02
3.558000e+08, 3.600862e-02, 9.572071e-01, 1.285369e+00, -1.083948e+00, 1.081088e-09, 4.863195e-10, 4.081843e+01, 6.908313e-02
3.596000e+08, 3.595743e-02, 9.572425e-01, 1.259556e+00, -1.095559e+00, 1.085187e-09, 4.863708e-10, 4.088968e+01, 6.844125e-02
3.634000e+08, 3.591183e-02, 9.572764e-01, 1.233646e+00, -1.107172e+00, 1.089090e-09, 4.864202e-10, 4.096068e+01, 6.776369e-02
3.672000e+08, 3.587195e-02, 9.573090e-01, 1.207643e+00, -1.118786e+00, 1.092787e-09, 4.864674e-10, 4.103139e+01, 6.705062e-02
3.710000e+08, 3.583796e-02, 9.573400e-01, 1.181552e+00, -1.130401e+00, 1.096266e-09, 4.865126e-10, 4.110178e+01, 6.630222e-02
3.748000e+08, 3.580997e-02, 9.573696e-01, 1.155377e+00, -1.142017e+00, 1.099515e-09, 4.865557e-10, 4.117183e+01, 6.551870e-02
3.786000e+08, 3.578813e-02, 9.573977e-01, 1.129125e+00, -1.153634e+00, 1.102525e-09, 4.865968e-10, 4.124151e+01, 6.470026e-02
3.824000e+08, 3.577257e-02, 9.574243e-01, 1.102801e+00, -1.165252e+00, 1.105287e-09, 4.866357e-10, 4.131077e+01, 6.384713e-02
3.862000e+08, 3.576341e-02, 9.574493e-01, 1.076411e+00, -1.176871e+00, 1.107789e-09, 4.866726e-10, 4.137960e+01, 6.295955e-02
3.900000e+08, 3.576076e-02, 9.574728e-01, 1.049961e+00, -1.188491e+00, 1.110025e-09, 4.867074e-10, 4.144795e+01, 6.203778e-02
3.938000e+08, 3.576474e-02, 9.574948e-01, 1.023458e+00, -1.200111e+00, 1.111986e-09, 4.867401e-10, 4.151580e+01, 6.108209e-02
3.976000e+08, 3.577544e-02, 9.575151e-01, 9.969084e-01, -1.211733e+00, 1.113664e-09, 4.867708e-10, 4.158312e+01, 6.009275e-02
4.014000e+08, 3.579297e-02, 9.575339e-01, 9.703185e-01, -1.223355e+00, 1.115053e-09, 4.867993e-10, 4.164988e+01, 5.907007e-02
4.052000e+08, 3.581741e-02, 9.575511e-01, 9.436954e-01, -1.234978e+00, 1.116147e-09, 4.868258e-10, 4.171603e+01, 5.801434e-02
4.090000e+08, 3.584884e-02, 9.575667e-01, 9.170461e-01, -1.246601e+00, 1.116942e-09, 4.868503e-10, 4.178157e+01, 5.692590e-02
4.128000e+08, 3.588734e-02, 9.575807e-01, 8.903779e-01, -1.258225e+00, 1.117433e-09, 4.868726e-10, 4.184644e+01, 5.580509e-02
4.166000e+08, 3.593298e-02, 9.575931e-01, 8.636979e-01, -1.269850e+00, 1.117618e-09, 4.868929e-10, 4.191063e+01, 5.465225e-02
4.204000e+08, 3.598580e-02, 9.576039e-01, 8.370136e-01, -1.281475e+00, 1.117493e-09, 4.869112e-10, 4.197409e+01, 5.346775e-02
4.242000e+08, 3.604586e-02, 9.576130e-01, 8.103322e-01, -1.293101e+00, 1.117058e-09, 4.869274e-10, 4.203681e+01, 5.225197e-02
4.280000e+08, 3.611321e-02, 9.576206e-01, 7.836612e-01, -1.304727e+00, 1.116313e-09, 4.869415e-10, 4.209874e+01, 5.100530e-02
4.318000e+08, 3.618787e-02, 9.576265e-01, 7.570080e-01, -1.316353e+00, 1.115258e-09, 4.869537e-10, 4.215986e+01, 4.972816e-02
4.356000e+08, 3.626986e-02, 9.576308e-01, 7.303800e-01, -1.327979e+00, 1.113894e-09, 4.869638e-10, 4.222014e+01, 4.842095e-02
4.394000e+08, 3.635921e-02, 9.576334e-01, 7.037845e-01, -1.339606e+00, 1.112224e-09, 4.869720e-10, 4.227954e+01, 4.708411e-02
4.432000e+08, 3.645592e-02, 9.576345e-01, 6.772290e-01, -1.351233e+00, 1.110252e-09, 4.869781e-10, 4.233805e+01, 4.571810e-02
4.470000e+08, 3.655998e-02, 9.576339e-01, 6.507205e-01, -1.362860e+00, 1.107982e-09, 4.869823e-10, 4.239562e+01, 4.432337e-02
4.508000e+08, 3.667139e-02, 9.576317e-01, 6.242662e-01, -1.374488e+00, 1.105418e-09, 4.869845e-10, 4.245223e+01, 4.290039e-02
4.546000e+08, 3.679012e-02, 9.576279e-01, 5.978731e-01, -1.386115e+00, 1.102568e-09, 4.869848e-10, 4.250785e+01, 4.144965e-02
4.584000e+08, 3.691616e-02, 9.576225e-01, 5.715481e-01, -1.397742e+00, 1.099436e-09, 4.869832e-10, 4.256245e+01, 3.997166e-02
4.622000e+08, 3.704946e-02, 9.576155e-01, 5.452978e-01, -1.409369e+00, 1.096032e-09, 4.869797e-10, 4.261600e+01, 3.846693e-02
4.660000e+08, 3.718997e-02, 9.576070e-01, 5.191288e-01, -1.420997e+00, 1.092362e-09, 4.869743e-10, 4.266848e+01, 3.693598e-02
4.698000e+08, 3.733766e-02, 9.575969e-01, 4.930475e-01, -1.432624e+00, 1.088436e-09, 4.869670e-10, 4.271985e+01, 3.537934e-02
4.736000e+08, 3.749245e-02, 9.575852e-01, 4.670599e-01, -1.444251e+00, 1.084262e-09, 4.869579e-10, 4.277009e+01, 3.379758e-02
4.774000e+08, 3.765429e-02, 9.575720e-01, 4.411719e-01, -1.455877e+00, 1.079851e-09, 4.869470e-10, 4.281918e+01, 3.219125e-02
4.812000e+08, 3.782309e-02, 9.575572e-01, 4.153893e-01, -1.467504e+00, 1.075212e-09, 4.869343e-10, 4.286708e+01, 3.056094e-02
4.850000e+08, 3.799877e-02, 9.575410e-01, 3.897174e-01, -1.479130e+00, 1.070357e-09, 4.869199e-10, 4.291377e+01, 2.890722e-02
4.888000e+08, 3.818125e-02, 9.575232e-01, 3.641615e-01, -1.490755e+00, 1.065295e-09, 4.869037e-10, 4.295922e+01, 2.723069e-02
4.926000e+08, 3.837043e-02, 9.575040e-01, 3.387264e-01, -1.502381e+00, 1.060038e-09, 4.868858e-10, 4.300342e+01, 2.553197e-02
4.964000e+08, 3.856621e-02, 9.574832e-01, 3.134168e-01, -1.514006e+00, 1.054598e-09, 4.868662e-10, 4.304633e+01, 2.381168e-02
5.002000e+08, 3.876848e-02, 9.574611e-01, 2.882371e-01, -1.525630e+00, 1.048985e-09, 4.868450e-10, 4.308793e+01, 2.207044e-02
5.040000e+08, 3.897713e-02, 9.574375e-01, 2.631914e-01, -1.537254e+00, 1.043211e-09, 4.868221e-10, 4.312820e+01, 2.030891e-02
5.078000e+08, 3.919204e-02, 9.574126e-01, 2.382836e-01, -1.548878e+00, 1.037288e-09, 4.867977e-10, 4.316712e+01, 1.852774e-02
5.116000e+08, 3.941309e-02, 9.573862e-01, 2.135172e-01, -1.560500e+00, 1.031227e-09, 4.867717e-10, 4.320466e+01, 1.672758e-02
5.154000e+08, 3.964014e-02, 9.573585e-01, 1.888955e-01, -1.572123e+00, 1.025040e-09, 4.867442e-10, 4.324080e+01, 1.490912e-02
5.192000e+08, 3.987307e-02, 9.573294e-01, 1.644216e-01, -1.583744e+00, 1.018737e-09, 4.867152e-10, 4.327553e+01, 1.307303e-02
5.230000e+08, 4.011174e-02, 9.572991e-01, 1.400981e-01, -1.595365e+00, 1.012330e-09, 4.866847e-10, 4.330882e+01, 1.122001e-02
5.268000e+08, 4.035600e-02, 9.572674e-01, 1.159276e-01, -1.606985e+00, 1.005830e-09, 4.866528e-10, 4.334065e+01, 9.350762e-03
5.306000e+08, 4.060572e-02, 9.572346e-01, 9.191230e-02, -1.618605e+00, 9.992479e-10, 4.866196e-10, 4.337100e+01, 7.465996e-03
5.344000e+08, 4.086074e-02, 9.572004e-01, 6.805415e-02, -1.630223e+00, 9.925935e-10, 4.865850e-10, 4.339987e+01, 5.566430e-03
5.382000e+08, 4.112091e-02, 9.571651e-01, 4.435488e-02, -1.641841e+00, 9.858772e-10, 4.865491e-10, 4.342722e+01, 3.652791e-03
5.420000e+08, 4.138608e-02, 9.571286e-01, 2.081598e-02, -1.653458e+00, 9.791089e-10, 4.865119e-10, 4.345304e+01, 1.725813e-03
5.458000e+08, 4.165610e-02, 9.570910e-01, -2.561329e-03, -1.665074e+00, 9.722979e-10, 4.864735e-10, 4.347733e+01, -2.137606e-04
5.496000e+08, 4.193080e-02, 9.570522e-01, -2.577602e-02, -1.676689e+00, 9.654535e-10, 4.864338e-10, 4.350006e+01, -2.165182e-03
5.534000e+08, 4.221002e-02, 9.570124e-01, -4.882728e-02, -1.688303e+00, 9.585843e-10, 4.863931e-10, 4.352122e+01, -4.127695e-03
5.572000e+08, 4.249361e-02, 9.569715e-01, -7.171454e-02, -1.699916e+00, 9.516989e-10, 4.863512e-10, 4.354079e+01, -6.100537e-03
5.610000e+08, 4.278139e-02, 9.569295e-01, -9.443740e-02, -1.711528e+00, 9.448052e-10, 4.863082e-10, 4.355877e+01, -8.082940e-03
5.648000e+08, 4.307321e-02, 9.568866e-01, -1.169957e-01, -1.723140e+00, 9.379108e-10, 4.862643e-10, 4.357515e+01, -1.007413e-02
5.686000e+08, 4.336890e-02, 9.568428e-01, -1.393893e-01, -1.734750e+00, 9.310229e-10, 4.862193e-10, 4.358991e+01, -1.207333e-02
5.724000e+08, 4.366828e-02, 9.567980e-01, -1.616185e-01, -1.746359e+00, 9.241484e-10, 4.861734e-10, 4.360305e+01, -1.407976e-02
5.762000e+08, 4.397120e-02, 9.567523e-01, -1.836836e-01, -1.757967e+00, 9.172938e-10, 4.861266e-10, 4.361455e+01, -1.609262e-02
5.800000e+08, 4.427749e-02, 9.567058e-01, -2.055850e-01, -1.769573e+00, 9.104650e-10, 4.860789e-10, 4.362441e+01, -1.811113e-02
5.838000e+08, 4.458697e-02, 9.566585e-01, -2.273234e-01, -1.781179e+00, 9.036679e-10, 4.860304e-10, 4.363262e+01, -2.013449e-02
5.876000e+08, 4.489948e-02, 9.566103e-01, -2.488994e-01, -1.792784e+00, 8.969076e-10, 4.859811e-10, 4.363919e+01, -2.216190e-02
5.914000e+08, 4.521485e-02, 9.565615e-01, -2.703141e-01, -1.804387e+00, 8.901892e-10, 4.859311e-10, 4.364409e+01, -2.419256e-02
5.952000e+08, 4.553291e-02, 9.565119e-01, -2.915683e-01, -1.815989e+00, 8.835173e-10, 4.858804e-10, 4.364733e+01, -2.622567e-02
5.990000e+08, 4.585350e-02, 9.564616e-01, -3.126633e-01, -1.827590e+00, 8.768960e-10, 4.858290e-10, 4.364891e+01, -2.826042e-02
6.028000e+08, 4.617644e-02, 9.564107e-01, -3.336001e-01, -1.839190e+00, 8.703292e-10, 4.857771e-10, 4.364882e+01, -3.029600e-02
6.066000e+08, 4.650157e-02, 9.563592e-01, -3.543802e-01, -1.850788e+00, 8.638207e-10, 4.857246e-10, 4.364707e+01, -3.233161e-02
6.104000e+08, 4.682872e-02, 9.563072e-01, -3.750049e-01, -1.862385e+00, 8.573736e-10, 4.856716e-10, 4.364365e+01, -3.436643e-02
6.142000e+08, 4.715773e-02, 9.562546e-01, -3.954756e-01, -1.873981e+00, 8.509910e-10, 4.856181e-10, 4.363856e+01, -3.639966e-02
6.180000e+08, 4.748844e-02, 9.562015e-01, -4.157940e-01, -1.885576e+00, 8.446755e-10, 4.855642e-10, 4.363181e+01, -3.843049e-02
6.218000e+08, 4.782067e-02, 9.561480e-01, -4.359615e-01, -1.897169e+00, 8.384296e-10, 4.855100e-10, 4.362340e+01, -4.045811e-02
6.256000e+08, 4.815426e-02, 9.560940e-01, -4.559800e-01, -1.908761e+00, 8.322553e-10, 4.854554e-10, 4.361334e+01, -4.248172e-02
6.294000e+08, 4.848906e-02, 9.560397e-01, -4.758510e-01, -1.920352e+00, 8.261548e-10, 4.854005e-10, 4.360162e+01, -4.450050e-02
6.332000e+08, 4.882490e-02, 9.559851e-01, -4.955763e-01, -1.931942e+00, 8.201295e-10, 4.853454e-10, 4.358826e+01, -4.651365e-02
6.370000e+08, 4.916162e-02, 9.559301e-01, -5.151578e-01, -1.943530e+00, 8.141811e-10, 4.852900e-10, 4.357326e+01, -4.852037e-02
6.408000e+08, 4.949906e-02, 9.558749e-01, -5.345973e-01, -1.955117e+00, 8.083107e-10, 4.852346e-10, 4.355663e+01, -5.051987e-02
6.446000e+08, 4.983707e-02, 9.558194e-01, -5.538966e-01, -1.966702e+00, 8.025194e-10, 4.851790e-10, 4.353838e+01, -5.251135e-02
6.484000e+08, 5.017549e-02, 9.557638e-01, -5.730577e-01, -1.978286e+00, 7.968081e-10, 4.851233e-10, 4.351852e+01, -5.449400e-02
6.522000e+08, 5.051417e-02, 9.557080e-01, -5.920823e-01, -1.989869e+00, 7.911774e-10, 4.850676e-10, 4.349705e+01, -5.646706e-02
6.560000e+08, 5.085294e-02, 9.556521e-01, -6.109726e-01, -2.001451e+00, 7.856281e-10, 4.850119e-10, 4.347399e+01, -5.842973e-02
6.598000e+08, 5.119167e-02, 9.555962e-01, -6.297303e-01, -2.013031e+00, 7.801603e-10, 4.849563e-10, 4.344936e+01, -6.038123e-02
6.636000e+08, 5.153019e-02, 9.555402e-01, -6.483575e-01, -2.024610e+00, 7.747744e-10, 4.849008e-10, 4.342316e+01, -6.232079e-02
6.674000e+08, 5.186836e-02, 9.554842e-01, -6.668561e-01, -2.036187e+00, 7.694705e-10, 4.848455e-10, 4.339541e+01, -6.424764e-02
6.712000e+08, 5.220604e-02, 9.554282e-01, -6.852280e-01, -2.047764e+00, 7.642486e-10, 4.847903e-10, 4.336613e+01, -6.616102e-02
6.750000e+08, 5.254306e-02, 9.553724e-01, -7.034753e-01, -2.059338e+00, 7.591087e-10, 4.847353e-10, 4.333533e+01, -6.806017e-02
6.788000e+08, 5.287930e-02, 9.553166e-01, -7.215999e-01, -2.070912e+00, 7.540503e-10, 4.846807e-10, 4.330302e+01, -6.994434e-02
6.826000e+08, 5.321461e-02, 9.552610e-01, -7.396037e-01, -2.082484e+00, 7.490734e-10, 4.846263e-10, 4.326923e+01, -7.181279e-02
6.864000e+08, 5.354884e-02, 9.552056e-01, -7.574886e-01, -2.094055e+00, 7.441774e-10, 4.845723e-10, 4.323397e+01, -7.366478e-02
6.902000e+08, 5.388186e-02, 9.551503e-01, -7.752567e-01, -2.105625e+00, 7.393620e-10, 4.845187e-10, 4.319726e+01, -7.549959e-02
6.940000e+08, 5.421352e-02, 9.550954e-01, -7.929098e-01, -2.117193e+00, 7.346265e-10, 4.844655e-10, 4.315913e+01, -7.731649e-02
6.978000e+08, 5.454368e-02, 9.550407e-01, -8.104498e-01, -2.128761e+00, 7.299703e-10, 4.844127e-10, 4.311959e+01, -7.911479e-02
7.016000e+08, 5.487222e-02, 9.549864e-01, -8.278786e-01, -2.140326e+00, 7.253929e-10, 4.843605e-10, 4.307866e+01, -8.089376e-02
7.054000e+08, 5.519900e-02, 9.549325e-01, -8.451982e-01, -2.151891e+00, 7.208934e-10, 4.843088e-10, 4.303636e+01, -8.265272e-02
7.092000e+08, 5.552388e-02, 9.548789e-01, -8.624103e-01, -2.163455e+00, 7.164711e-10, 4.842577e-10, 4.299273e+01, -8.439099e-02
7.130000e+08, 5.584674e-02, 9.548257e-01, -8.795168e-01, -2.175017e+00, 7.121251e-10, 4.842072e-10, 4.294778e+01, -8.610788e-02
7.168000e+08, 5.616744e-02, 9.547731e-01, -8.965196e-01, -2.186578e+00, 7.078547e-10, 4.841573e-10, 4.290153e+01, -8.780275e-02
7.206000e+08, 5.648585e-02, 9.547209e-01, -9.134204e-01, -2.198137e+00, 7.036589e-10, 4.841082e-10, 4.285401e+01, -8.947492e-02
7.244000e+08, 5.680185e-02, 9.546692e-01, -9.302211e-01, -2.209696e+00, 6.995369e-10, 4.840597e-10, 4.280525e+01, -9.112376e-02
7.282000e+08, 5.711531e-02, 9.546181e-01, -9.469233e-01, -2.221254e+00, 6.954876e-10, 4.840120e-10, 4.275527e+01, -9.274864e-02
7.320000e+08, 5.742611e-02, 9.545676e-01, -9.635288e-01, -2.232810e+00, 6.915102e-10, 4.839651e-10, 4.270409e+01, -9.434893e-02
7.358000e+08, 5.773412e-02, 9.545177e-01, -9.800394e-01, -2.244365e+00, 6.876036e-10, 4.839190e-10, 4.265176e+01, -9.592402e-02
7.396000e+08, 5.803923e-02, 9.544685e-01, -9.964567e-01, -2.255919e+00, 6.837669e-10, 4.838737e-10, 4.259828e+01, -9.747332e-02
7.434000e+08, 5.834131e-02, 9.544199e-01, -1.012782e+00, -2.267472e+00, 6.799991e-10, 4.838293e-10, 4.254369e+01, -9.899623e-02
7.472000e+08, 5.864024e-02, 9.543721e-01, -1.029018e+00, -2.279024e+00, 6.762991e-10, 4.837858e-10, 4.248802e+01, -1.004922e-01
7.510000e+08, 5.893591e-02, 9.543250e-01, -1.045165e+00, -2.290575e+00, 6.726660e-10, 4.837433e-10, 4.243130e+01, -1.019606e-01
7.548000e+08, 5.922821e-02, 9.542786e-01, -1.061226e+00, -2.302125e+00, 6.690986e-10, 4.837017e-10, 4.237356e+01, -1.034010e-01
7.586000e+08, 5.951701e-02, 9.542331e-01, -1.077202e+00, -2.313674e+00, 6.655961e-10, 4.836611e-10, 4.231482e+01, -1.048127e-01
7.624000e+08, 5.980221e-02, 9.541883e-01, -1.093093e+00, -2.325222e+00, 6.621573e-10, 4.836215e-10, 4.225512e+01, -1.061953e-01
7.662000e+08, 6.008369e-02, 9.541444e-01, -1.108903e+00, -2.336769e+00, 6.587813e-10, 4.835829e-10, 4.219448e+01, -1.075483e-01
7.700000e+08, 6.036135e-02, 9.541014e-01, -1.124632e+00, -2.348315e+00, 6.554670e-10, 4.835454e-10, 4.213294e+01, -1.088711e-01
7.738000e+08, 6.063507e-02, 9.540593e-01, -1.140282e+00, -2.359860e+00, 6.522134e-10, 4.835090e-10, 4.207053e+01, -1.101633e-01
7.776000e+08, 6.090475e-02, 9.540180e-01, -1.155855e+00, -2.371404e+00, 6.490195e-10, 4.834736e-10, 4.200728e+01, -1.114243e-01
7.814000e+08, 6.117028e-02, 9.539778e-01, -1.171351e+00, -2.382948e+00, 6.458843e-10, 4.834395e-10, 4.194322e+01, -1.126538e-01
7.852000e+08, 6.143156e-02, 9.539384e-01, -1.186772e+00, -2.394491e+00, 6.428069e-10, 4.834064e-10, 4.187839e+01, -1.138513e-01
7.890000e+08, 6.168848e-02, 9.539001e-01, -1.202120e+00, -2.406032e+00, 6.397861e-10, 4.833745e-10, 4.181281e+01, -1.150164e-01
7.928000e+08, 6.194094e-02, 9.538627e-01, -1.217395e+00, -2.417574e+00, 6.368211e-10, 4.833439e-10, 4.174651e+01, -1.161486e-01
7.966000e+08, 6.218884e-02, 9.538264e-01, -1.232600e+00, -2.429114e+00, 6.339110e-10, 4.833144e-10, 4.167954e+01, -1.172476e-01
8.004000e+08, 6.243208e-02, 9.537911e-01, -1.247735e+00, -2.440654e+00, 6.310547e-10, 4.832861e-10, 4.161193e+01, -1.183129e-01
8.042000e+08, 6.267056e-02, 9.537569e-01, -1.262802e+00, -2.452193e+00, 6.282513e-10, 4.832591e-10, 4.154369e+01, -1.193441e-01
8.080000e+08, 6.290418e-02, 9.537238e-01, -1.277803e+00, -2.463731e+00, 6.254998e-10, 4.832333e-10, 4.147488e+01, -1.203410e-01
8.118000e+08, 6.313286e-02, 9.536917e-01, -1.292737e+00, -2.475269e+00, 6.227995e-10, 4.832088e-10, 4.140552e+01, -1.213032e-01
8.156000e+08, 6.335649e-02, 9.536608e-01, -1.307607e+00, -2.486806e+00, 6.201494e-10, 4.831856e-10, 4.133565e+01, -1.222304e-01
8.194000e+08, 6.357498e-02, 9.536309e-01, -1.322414e+00, -2.498342e+00, 6.175486e-10, 4.831637e-10, 4.126529e+01, -1.231221e-01
8.232000e+08, 6.378824e-02, 9.536023e-01, -1.337159e+00, -2.509878e+00, 6.149963e-10, 4.831431e-10, 4.119449e+01, -1.239782e-01
8.270000e+08, 6.399618e-02, 9.535747e-01, -1.351842e+00, -2.521414e+00, 6.124915e-10, 4.831238e-10, 4.112327e+01, -1.247984e-01
8.308000e+08, 6.419871e-02, 9.535484e-01, -1.366466e+00, -2.532949e+00, 6.100336e-10, 4.831058e-10, 4.105167e+01, -1.255823e-01
8.346000e+08, 6.439574e-02, 9.535232e-01, -1.381031e+00, -2.544484e+00, 6.076215e-10, 4.830892e-10, 4.097973e+01, -1.263298e-01
8.384000e+08, 6.458718e-02, 9.534992e-01, -1.395539e+00, -2.556018e+00, 6.052547e-10, 4.830739e-10, 4.090747e+01, -1.270406e-01
8.422000e+08, 6.477295e-02, 9.534764e-01, -1.409990e+00, -2.567552e+00, 6.029322e-10, 4.830599e-10, 4.083493e+01, -1.277144e-01
8.460000e+08, 6.495296e-02, 9.534548e-01, -1.424386e+00, -2.579086e+00, 6.006533e-10, 4.830473e-10, 4.076214e+01, -1.283511e-01
8.498000e+08, 6.512713e-02, 9.534344e-01, -1.438727e+00, -2.590619e+00, 5.984172e-10, 4.830361e-10, 4.068914e+01, -1.289504e-01
8.536000e+08, 6.529537e-02, 9.534152e-01, -1.453015e+00, -2.602152e+00, 5.962233e-10, 4.830263e-10, 4.061596e+01, -1.295123e-01
8.574000e+08, 6.545761e-02, 9.533973e-01, -1.467250e+00, -2.613685e+00, 5.940707e-10, 4.830178e-10, 4.054263e+01, -1.300364e-01
8.612000e+08, 6.561377e-02, 9.533806e-01, -1.481435e+00, -2.625217e+00, 5.919588e-10, 4.830107e-10, 4.046919e+01, -1.305228e-01
8.650000e+08, 6.576376e-02, 9.533652e-01, -1.495568e+00, -2.636750e+00, 5.898869e-10, 4.830049e-10, 4.039566e+01, -1.309712e-01
8.688000e+08, 6.590750e-02, 9.533510e-01, -1.509652e+00, -2.648282e+00, 5.878544e-10, 4.830006e-10, 4.032209e+01, -1.313815e-01
8.726000e+08, 6.604493e-02, 9.533380e-01, -1.523688e+00, -2.659814e+00, 5.858604e-10, 4.829976e-10, 4.024850e+01, -1.317537e-01
8.764000e+08, 6.617597e-02, 9.533264e-01, -1.537676e+00, -2.671346e+00, 5.839045e-10, 4.829960e-10, 4.017493e+01, -1.320876e-01
8.802000e+08, 6.630053e-02, 9.533159e-01, -1.551618e+00, -2.682878e+00, 5.819860e-10, 4.829957e-10, 4.010140e+01, -1.323832e-01
8.840000e+08, 6.641855e-02, 9.533068e-01, -1.565513e+00, -2.694410e+00, 5.801043e-10, 4.829969e-10, 4.002796e+01, -1.326405e-01
8.878000e+08, 6.652996e-02, 9.532989e-01, -1.579364e+00, -2.705942e+00, 5.782587e-10, 4.829994e-10, 3.995463e+01, -1.328593e-01
8.916000e+08, 6.663469e-02, 9.532922e-01, -1.593170e+00, -2.717475e+00, 5.764488e-10, 4.830033e-10, 3.988144e+01, -1.330397e-01
8.954000e+08, 6.673266e-02, 9.532868e-01, -1.606934e+00, -2.729007e+00, 5.746739e-10, 4.830085e-10, 3.980843e+01, -1.331817e-01
8.992000e+08, 6.682380e-02, 9.532827e-01, -1.620655e+00, -2.740539e+00, 5.729335e-10, 4.830151e-10, 3.973563e+01, -1.332853e-01
9.030000e+08, 6.690805e-02, 9.532798e-01, -1.634334e+00, -2.752072e+00, 5.712271e-10, 4.830230e-10, 3.966307e+01, -1.333505e-01
9.068000e+08, 6.698535e-02, 9.532782e-01, -1.647973e+00, -2.763604e+00, 5.695542e-10, 4.830323e-10, 3.959077e+01, -1.333774e-01
9.106000e+08, 6.705562e-02, 9.532779e-01, -1.661571e+00, -2.775137e+00, 5.679142e-10, 4.830429e-10, 3.951878e+01, -1.333660e-01
9.144000e+08, 6.711880e-02, 9.532787e-01, -1.675131e+00, -2.786670e+00, 5.663066e-10, 4.830549e-10, 3.944712e+01, -1.333163e-01
9.182000e+08, 6.717483e-02, 9.532809e-01, -1.688652e+00, -2.798204e+00, 5.647311e-10, 4.830682e-10, 3.937582e+01, -1.332286e-01
9.220000e+08, 6.722365e-02, 9.532842e-01, -1.702136e+00, -2.809738e+00, 5.631870e-10, 4.830827e-10, 3.930491e+01, -1.331028e-01
9.258000e+08, 6.726520e-02, 9.532888e-01, -1.715583e+00, -2.821272e+00, 5.616741e-10, 4.830986e-10, 3.923442e+01, -1.329391e-01
9.296000e+08, 6.729941e-02, 9.532946e-01, -1.728993e+00, -2.832806e+00, 5.601919e-10, 4.831158e-10, 3.916437e+01, -1.327377e-01
9.334000e+08, 6.732623e-02, 9.533016e-01, -1.742368e+00, -2.844341e+00, 5.587399e-10, 4.831342e-10, 3.909481e+01, -1.324987e-01
9.372000e+08, 6.734560e-02, 9.533098e-01, -1.755709e+00, -2.855877e+00, 5.573177e-10, 4.831539e-10, 3.902576e+01, -1.322223e-01
9.410000e+08, 6.735746e-02, 9.533192e-01, -1.769015e+00, -2.867413e+00, 5.559250e-10, 4.831748e-10, 3.895724e+01, -1.319086e-01
9.448000e+08, 6.736175e-02, 9.533298e-01, -1.782289e+00, -2.878949e+00, 5.545615e-10, 4.831970e-10, 3.888928e+01, -1.315579e-01
9.486000e+08, 6.735843e-02, 9.533416e-01, -1.795530e+00, -2.890486e+00, 5.532267e-10, 4.832204e-10, 3.882192e+01, -1.311703e-01
9.524000e+08, 6.734744e-02, 9.533546e-01, -1.808738e+00, -2.902023e+00, 5.519203e-10, 4.832450e-10, 3.875517e+01, -1.307462e-01
9.562000e+08, 6.732873e-02, 9.533686e-01, -1.821916e+00, -2.913561e+00, 5.506419e-10, 4.832708e-10, 3.868907e+01, -1.302857e-01
9.600000e+08, 6.730225e-02, 9.533839e-01, -1.835063e+00, -2.925100e+00, 5.493914e-10, 4.832978e-10, 3.862365e+01, -1.297891e-01
9.638000e+08, 6.726793e-02, 9.534002e-01, -1.848181e+00, -2.936639e+00, 5.481683e-10, 4.833260e-10, 3.855892e+01, -1.292567e-01
9.676000e+08, 6.722575e-02, 9.534177e-01, -1.861269e+00, -2.948179e+00, 5.469725e-10, 4.833552e-10, 3.849492e+01, -1.286888e-01
9.714000e+08, 6.717565e-02, 9.534362e-01, -1.874328e+00, -2.959720e+00, 5.458035e-10, 4.833856e-10, 3.843167e+01, -1.280858e-01
9.752000e+08, 6.711757e-02, 9.534559e-01, -1.887360e+00, -2.971261e+00, 5.446613e-10, 4.834172e-10, 3.836920e+01, -1.274478e-01
9.790000e+08, 6.705149e-02, 9.534766e-01, -1.900364e+00, -2.982803e+00, 5.435455e-10, 4.834497e-10, 3.830753e+01, -1.267753e-01
9.828000e+08, 6.697734e-02, 9.534983e-01, -1.913342e+00, -2.994346e+00, 5.424559e-10, 4.834834e-10, 3.824668e+01, -1.260687e-01
9.866000e+08, 6.689510e-02, 9.535211e-01, -1.926294e+00, -3.005890e+00, 5.413924e-10, 4.835181e-10, 3.818669e+01, -1.253282e-01
9.904000e+08, 6.680471e-02, 9.535449e-01, -1.939220e+00, -3.017434e+00, 5.403546e-10, 4.835539e-10, 3.812757e+01, -1.245543e-01
9.942000e+08, 6.670613e-02, 9.535697e-01, -1.952122e+00, -3.028980e+00, 5.393426e-10, 4.835906e-10, 3.806935e+01, -1.237475e-01
9.980000e+08, 6.659933e-02, 9.535955e-01, -1.964999e+00, -3.040526e+00, 5.383560e-10, 4.836284e-10, 3.801205e+01, -1.229080e-01
1.001800e+09, 6.648426e-02, 9.536222e-01, -1.977853e+00, -3.052073e+00, 5.373947e-10, 4.836671e-10, 3.795570e+01, -1.220363e-01
1.005600e+09, 6.636089e-02, 9.536499e-01, -1.990684e+00, -3.063621e+00, 5.364587e-10, 4.837067e-10, 3.790031e+01, -1.211330e-01
1.009400e+09, 6.622918e-02, 9.536785e-01, -2.003492e+00, -3.075170e+00, 5.355478e-10, 4.837473e-10, 3.784592e+01, -1.201984e-01
1.013200e+09, 6.608909e-02, 9.537079e-01, -2.016279e+00, -3.086720e+00, 5.346619e-10, 4.837888e-10, 3.779253e+01, -1.192330e-01
1.017000e+09, 6.594059e-02, 9.537383e-01, -2.029045e+00, -3.098271e+00, 5.338010e-10, 4.838311e-10, 3.774018e+01, -1.182373e-01
1.020800e+09, 6.578365e-02, 9.537696e-01, -2.041790e+00, -3.109823e+00, 5.329650e-10, 4.838743e-10, 3.768888e+01, -1.172118e-01
1.024600e+09, 6.561823e-02, 9.538016e-01, -2.054515e+00, -3.121376e+00, 5.321537e-10, 4.839184e-10, 3.763865e+01, -1.161571e-01
1.028400e+09, 6.544430e-02, 9.538345e-01, -2.067221e+00, -3.132930e+00, 5.313674e-10, 4.839632e-10, 3.758952e+01, -1.150736e-01
1.032200e+09, 6.526182e-02, 9.538682e-01, -2.079908e+00, 3.138700e+00, 5.306058e-10, 4.840089e-10, 3.754150e+01, -1.139619e-01
1.036000e+09, 6.507078e-02, 9.539026e-01, -2.092577e+00, 3.127144e+00, 5.298691e-10, 4.840552e-10, 3.749461e+01, -1.128226e-01
1.039800e+09, 6.487115e-02, 9.539378e-01, -2.105228e+00, 3.115586e+00, 5.291573e-10, 4.841024e-10, 3.744887e+01, -1.116563e-01
1.043600e+09, 6.466289e-02, 9.539737e-01, -2.117862e+00, 3.104028e+00, 5.284705e-10, 4.841502e-10, 3.740431e+01, -1.104635e-01
1.047400e+09, 6.444597e-02, 9.540104e-01, -2.130480e+00, 3.092468e+00, 5.278087e-10, 4.841987e-10, 3.736093e+01, -1.092449e-01
1.051200e+09, 6.422038e-02, 9.540477e-01, -2.143082e+00, 3.080907e+00, 5.271720e-10, 4.842479e-10, 3.731877e+01, -1.080010e-01
1.055000e+09, 6.398610e-02, 9.540856e-01, -2.155669e+00, 3.069345e+00, 5.265606e-10, 4.842977e-10, 3.727782e+01, -1.067325e-01
1.058800e+09, 6.374309e-02, 9.541242e-01, -2.168241e+00, 3.057782e+00, 5.259747e-10, 4.843481e-10, 3.723812e+01, -1.054400e-01
1.062600e+09, 6.349133e-02, 9.541633e-01, -2.180799e+00, 3.046218e+00, 5.254144e-10, 4.843991e-10, 3.719967e+01, -1.041242e-01
1.066400e+09, 6.323082e-02, 9.542031e-01, -2.193344e+00, 3.034652e+00, 5.248799e-10, 4.844506e-10, 3.716249e+01, -1.027858e-01
1.070200e+09, 6.296152e-02, 9.542433e-01, -2.205876e+00, 3.023086e+00, 5.243715e-10, 4.845027e-10, 3.712661e+01, -1.014253e-01
1.074000e+09, 6.268341e-02, 9.542841e-01, -2.218396e+00, 3.011518e+00, 5.238895e-10, 4.845553e-10, 3.709202e+01, -1.000436e-01
1.077800e+09, 6.239649e-02, 9.543254e-01, -2.230904e+00, 2.999948e+00, 5.234341e-10, 4.846084e-10, 3.705876e+01, -9.864132e-02
1.081600e+09, 6.210073e-02, 9.543672e-01, -2.243402e+00, 2.988378e+00, 5.230057e-10, 4.846619e-10, 3.702683e+01, -9.721916e-02
1.085400e+09, 6.179613e-02, 9.544094e-01, -2.255889e+00, 2.976806e+00, 5.226047e-10, 4.847158e-10, 3.699624e+01, -9.577785e-02
1.089200e+09, 6.148266e-02, 9.544521e-01, -2.268367e+00, 2.965233e+00, 5.222316e-10, 4.847701e-10, 3.696702e+01, -9.431813e-02
1.093000e+09, 6.116031e-02, 9.544951e-01, -2.280836e+00, 2.953658e+00, 5.218866e-10, 4.848248e-10, 3.693917e+01, -9.284075e-02
1.096800e+09, 6.082908e-02, 9.545385e-01, -2.293297e+00, 2.942083e+00, 5.215705e-10, 4.848799e-10, 3.691270e+01, -9.134647e-02
1.100600e+09, 6.048895e-02, 9.545822e-01, -2.305750e+00, 2.930506e+00, 5.212836e-10, 4.849352e-10, 3.688764e+01, -8.983605e-02
1.104400e+09, 6.013992e-02, 9.546262e-01, -2.318196e+00, 2.918927e+00, 5.210266e-10, 4.849908e-10, 3.686398e+01, -8.831027e-02
1.108200e+09, 5.978197e-02, 9.546705e-01, -2.330636e+00, 2.907348e+00, 5.208001e-10, 4.850467e-10, 3.684174e+01, -8.676991e-02
1.112000e+09, 5.941510e-02, 9.547151e-01, -2.343071e+00, 2.895766e+00, 5.206049e-10, 4.851028e-10, 3.682094e+01, -8.521579e-02
1.115800e+09, 5.903930e-02, 9.547598e-01, -2.355501e+00, 2.884184e+00, 5.204417e-10, 4.851592e-10, 3.680157e+01, -8.364869e-02
1.119600e+09, 5.865457e-02, 9.548048e-01, -2.367927e+00, 2.872600e+00, 5.203112e-10, 4.852157e-10, 3.678366e+01, -8.206943e-02
1.123400e+09, 5.826091e-02, 9.548499e-01, -2.380350e+00, 2.861015e+00, 5.202145e-10, 4.852723e-10, 3.676721e+01, -8.047885e-02
1.127200e+09, 5.785831e-02, 9.548952e-01, -2.392771e+00, 2.849429e+00, 5.201525e-10, 4.853291e-10, 3.675223e+01, -7.887775e-02
1.131000e+09, 5.744677e-02, 9.549406e-01, -2.405190e+00, 2.837841e+00, 5.201261e-10, 4.853860e-10, 3.673873e+01, -7.726700e-02
1.134800e+09, 5.702630e-02, 9.549860e-01, -2.417608e+00, 2.826252e+00, 5.201365e-10, 4.854429e-10, 3.672672e+01, -7.564742e-02
1.138600e+09, 5.659690e-02, 9.550316e-01, -2.430027e+00, 2.814662e+00, 5.201850e-10, 4.854999e-10, 3.671620e+01, -7.401988e-02
1.142400e+09, 5.615856e-02, 9.550771e-01, -2.442447e+00, 2.803070e+00, 5.202728e-10, 4.855569e-10, 3.670718e+01, -7.238524e-02
1.146200e+09, 5.571129e-02, 9.551226e-01, -2.454869e+00, 2.791477e+00, 5.204014e-10, 4.856139e-10, 3.669967e+01, -7.074435e-02
1.150000e+09, 5.525510e-02, 9.551681e-01, -2.467294e+00, 2.779882e+00, 5.205722e-10, 4.856708e-10, 3.669367e+01, -6.909809e-02
1.153800e+09, 5.479000e-02, 9.552136e-01, -2.479724e+00, 2.768286e+00, 5.207869e-10, 4.857277e-10, 3.668919e+01, -6.744734e-02
1.157600e+09, 5.431598e-02, 9.552589e-01, -2.492158e+00, 2.756689e+00, 5.210474e-10, 4.857845e-10, 3.668624e+01, -6.579297e-02
1.161400e+09, 5.383307e-02, 9.553042e-01, -2.504599e+00, 2.745090e+00, 5.213554e-10, 4.858412e-10, 3.668481e+01, -6.413589e-02
1.165200e+09, 5.334127e-02, 9.553493e-01, -2.517047e+00, 2.733490e+00, 5.217131e-10, 4.858977e-10, 3.668492e+01, -6.247697e-02
1.169000e+09, 5.284059e-02, 9.553942e-01, -2.529503e+00, 2.721889e+00, 5.221228e-10, 4.859540e-10, 3.668657e+01, -6.081711e-02
1.172800e+09, 5.233105e-02, 9.554389e-01, -2.541969e+00, 2.710286e+00, 5.225868e-10, 4.860102e-10, 3.668976e+01, -5.915722e-02
1.176600e+09, 5.181265e-02, 9.554834e-01, -2.554447e+00, 2.698682e+00, 5.231078e-10, 4.860661e-10, 3.669449e+01, -5.749818e-02
1.180400e+09, 5.128542e-02, 9.555277e-01, -2.566936e+00, 2.687077e+00, 5.236886e-10, 4.861218e-10, 3.670076e+01, -5.584092e-02
1.184200e+09, 5.074938e-02, 9.555716e-01, -2.579440e+00, 2.675470e+00, 5.243323e-10, 4.861772e-10, 3.670858e+01, -5.418633e-02
1.188000e+09, 5.020453e-02, 9.556153e-01, -2.591959e+00, 2.663862e+00, 5.250423e-10, 4.862322e-10, 3.671795e+01, -5.253532e-02
1.191800e+09, 4.965090e-02, 9.556586e-01, -2.604495e+00, 2.652253e+00, 5.258223e-10, 4.862870e-10, 3.672887e+01, -5.088881e-02
1.195600e+09, 4.908852e-02, 9.557015e-01, -2.617050e+00, 2.640642e+00, 5.266761e-10, 4.863414e-10, 3.674133e+01, -4.924770e-02
1.199400e+09, 4.851739e-02, 9.557440e-01, -2.629625e+00, 2.629030e+00, 5.276081e-10, 4.863955e-10, 3.675535e+01, -4.761291e-02
1.203200e+09, 4.793755e-02, 9.557862e-01, -2.642222e+00, 2.617417e+00, 5.286229e-10, 4.864491e-10, 3.677091e+01, -4.598534e-02
1.207000e+09, 4.734903e-02, 9.558279e-01, -2.654843e+00, 2.605802e+00, 5.297258e-10, 4.865023e-10, 3.678801e+01, -4.436592e-02
1.210800e+09, 4.675184e-02, 9.558691e-01, -2.667491e+00, 2.594187e+00, 5.309222e-10, 4.865551e-10, 3.680666e+01, -4.275554e-02
1.214600e+09, 4.614601e-02, 9.559098e-01, -2.680167e+00, 2.582569e+00, 5.322183e-10, 4.866074e-10, 3.682686e+01, -4.115513e-02
1.218400e+09, 4.553158e-02, 9.559500e-01, -2.692875e+00, 2.570951e+00, 5.336209e-10, 4.866592e-10, 3.684858e+01, -3.956559e-02
1.222200e+09, 4.490858e-02, 9.559896e-01, -2.705615e+00, 2.559332e+00, 5.351371e-10, 4.867105e-10, 3.687185e+01, -3.798783e-02
1.226000e+09, 4.427703e-02, 9.560287e-01, -2.718392e+00, 2.547711e+00, 5.367751e-10, 4.867613e-10, 3.689664e+01, -3.642274e-02
1.229800e+09, 4.363698e-02, 9.560671e-01, -2.731209e+00, 2.536089e+00, 5.385438e-10, 4.868114e-10, 3.692296e+01, -3.487124e-02
1.233600e+09, 4.298845e-02, 9.561050e-01, -2.744067e+00, 2.524466e+00, 5.404529e-10, 4.868610e-10, 3.695080e+01, -3.333422e-02
1.237400e+09, 4.233149e-02, 9.561422e-01, -2.756971e+00, 2.512841e+00, 5.425131e-10, 4.869100e-10, 3.698016e+01, -3.181257e-02
1.241200e+09, 4.166614e-02, 9.561787e-01, -2.769924e+00, 2.501216e+00, 5.447365e-10, 4.869584e-10, 3.701102e+01, -3.030719e-02
1.245000e+09, 4.099242e-02, 9.562145e-01, -2.782930e+00, 2.489589e+00, 5.471361e-10, 4.870061e-10, 3.704338e+01, -2.881896e-02
1.248800e+09, 4.031040e-02, 9.562496e-01, -2.795994e+00, 2.477961e+00, 5.497267e-10, 4.870532e-10, 3.707724e+01, -2.734877e-02
1.252600e+09, 3.962011e-02, 9.562840e-01, -2.809119e+00, 2.466333e+00, 5.525245e-10, 4.870995e-10, 3.711258e+01, -2.589748e-02
1.256400e+09, 3.892160e-02, 9.563176e-01, -2.822311e+00, 2.454702e+00, 5.555476e-10, 4.871452e-10, 3.714941e+01, -2.446597e-02
1.260200e+09, 3.821491e-02, 9.563504e-01, -2.835575e+00, 2.443071e+00, 5.588164e-10, 4.871901e-10, 3.718769e+01, -2.305510e-02
1.264000e+09, 3.750010e-02, 9.563824e-01, -2.848918e+00, 2.431439e+00, 5.623535e-10, 4.872343e-10, 3.722744e+01, -2.166573e-02
1.267800e+09, 3.677722e-02, 9.564135e-01, -2.862344e+00, 2.419806e+00, 5.661844e-10, 4.872777e-10, 3.726864e+01, -2.029870e-02
1.271600e+09, 3.604633e-02, 9.564438e-01, -2.875863e+00, 2.408172e+00, 5.703377e-10, 4.873204e-10, 3.731127e+01, -1.895487e-02
1.275400e+09, 3.530748e-02, 9.564732e-01, -2.889480e+00, 2.396536e+00, 5.748458e-10, 4.873622e-10, 3.735532e+01, -1.763507e-02
1.279200e+09, 3.456074e-02, 9.565018e-01, -2.903205e+00, 2.384900e+00, 5.797454e-10, 4.874032e-10, 3.740079e+01, -1.634013e-02
1.283000e+09, 3.380616e-02, 9.565294e-01, -2.917047e+00, 2.373263e+00, 5.850780e-10, 4.874434e-10, 3.744767e+01, -1.507085e-02
1.286800e+09, 3.304381e-02, 9.565561e-01, -2.931017e+00, 2.361624e+00, 5.908909e-10, 4.874827e-10, 3.749592e+01, -1.382806e-02
1.290600e+09, 3.227377e-02, 9.565818e-01, -2.945125e+00, 2.349985e+00, 5.972381e-10, 4.875212e-10, 3.754556e+01, -1.261255e-02
1.294400e+09, 3.149611e-02, 9.566065e-01, -2.959385e+00, 2.338345e+00, 6.041818e-10, 4.875587e-10, 3.759655e+01, -1.142512e-02
1.298200e+09, 3.071090e-02, 9.566303e-01, -2.973810e+00, 2.326704e+00, 6.117933e-10, 4.875954e-10, 3.764888e+01, -1.026654e-02
1.302000e+09, 2.991823e-02, 9.566530e-01, -2.988417e+00, 2.315062e+00, 6.201550e-10, 4.876312e-10, 3.770254e+01, -9.137591e-03
1.305800e+09, 2.911818e-02, 9.566747e-01, -3.003224e+00, 2.303420e+00, 6.293627e-10, 4.876660e-10, 3.775752e+01, -8.039025e-03
1.309600e+09, 2.831084e-02, 9.566954e-01, -3.018251e+00, 2.291776e+00, 6.395278e-10, 4.876999e-10, 3.781379e+01, -6.971593e-03
1.313400e+09, 2.749632e-02, 9.567150e-01, -3.033520e+00, 2.280132e+00, 6.507809e-10, 4.877328e-10, 3.787134e+01, -5.936034e-03
1.317200e+09, 2.667472e-02, 9.567335e-01, -3.049059e+00, 2.268486e+00, 6.632758e-10, 4.877648e-10, 3.793014e+01, -4.933071e-03
1.321000e+09, 2.584615e-02, 9.567510e-01, -3.064895e+00, 2.256841e+00, 6.771941e-10, 4.877957e-10, 3.799019e+01, -3.963420e-03
1.324800e+09, 2.501074e-02, 9.567673e-01, -3.081064e+00, 2.245194e+00, 6.927522e-10, 4.878257e-10, 3.805145e+01, -3.027782e-03
1.328600e+09, 2.416862e-02, 9.567825e-01, -3.097604e+00, 2.233546e+00, 7.102088e-10, 4.878547e-10, 3.811392e+01, -2.126845e-03
1.332400e+09, 2.331994e-02, 9.567965e-01, -3.114561e+00, 2.221898e+00, 7.298756e-10, 4.878826e-10, 3.817757e+01, -1.261286e-03
1.336200e+09, 2.246485e-02, 9.568094e-01, -3.131988e+00, 2.210250e+00, 7.521308e-10, 4.879096e-10, 3.824238e+01, -4.317650e-04
1.340000e+09, 2.160355e-02, 9.568211e-01, 3.133240e+00, 2.198600e+00, 7.774363e-10, 4.879355e-10, 3.830832e+01, 3.610675e-04
1.343800e+09, 2.073624e-02, 9.568317e-01, 3.114678e+00, 2.186950e+00, 8.063608e-10, 4.879603e-10, 3.837538e+01, 1.116577e-03
1.347600e+09, 1.986313e-02, 9.568411e-01, 3.095425e+00, 2.175300e+00, 8.396109e-10, 4.879841e-10, 3.844353e+01, 1.834143e-03
1.351400e+09, 1.898451e-02, 9.568492e-01, 3.075378e+00, 2.163649e+00, 8.780723e-10, 4.880068e-10, 3.851274e+01, 2.513160e-03
1.355200e+09, 1.810067e-02, 9.568562e-01, 3.054413e+00, 2.151997e+00, 9.228660e-10, 4.880285e-10, 3.858300e+01, 3.153035e-03
1.359000e+09, 1.721197e-02, 9.568619e-01, 3.032379e+00, 2.140345e+00, 9.754266e-10, 4.880490e-10, 3.865428e+01, 3.753193e-03
1.362800e+09, 1.631883e-02, 9.568663e-01, 3.009089e+00, 2.128692e+00, 1.037611e-09, 4.880685e-10, 3.872654e+01, 4.313073e-03
1.366600e+09, 1.542178e-02, 9.568696e-01, 2.984315e+00, 2.117039e+00, 1.111854e-09, 4.880869e-10, 3.879977e+01, 4.832130e-03
1.370400e+09, 1.452144e-02, 9.568715e-01, 2.957769e+00, 2.105385e+00, 1.201390e-09, 4.881041e-10, 3.887394e+01, 5.309832e-03
1.374200e+09, 1.361859e-02, 9.568722e-01, 2.929084e+00, 2.093731e+00, 1.310579e-09, 4.881203e-10, 3.894902e+01, 5.745669e-03
1.378000e+09, 1.271423e-02, 9.568717e-01, 2.897793e+00, 2.082077e+00, 1.445396e-09, 4.881353e-10, 3.902498e+01, 6.139141e-03
1.381800e+09, 1.180963e-02, 9.568698e-01, 2.863282e+00, 2.070422e+00, 1.614157e-09, 4.881492e-10, 3.910179e+01, 6.489770e-03
1.385600e+09, 1.090649e-02, 9.568666e-01, 2.824742e+00, 2.058767e+00, 1.828640e-09, 4.881620e-10, 3.917943e+01, 6.797090e-03
1.389400e+09, 1.000711e-02, 9.568622e-01, 2.781082e+00, 2.047111e+00, 2.105812e-09, 4.881737e-10, 3.925785e+01, 7.060656e-03
1.393200e+09, 9.114642e-03, 9.568565e-01, 2.730803e+00, 2.035456e+00, 2.470470e-09, 4.881842e-10, 3.933704e+01, 7.280039e-03
1.397000e+09, 8.233596e-03, 9.568494e-01, 2.671818e+00, 2.023800e+00, 2.959191e-09, 4.881936e-10, 3.941696e+01, 7.454827e-03
1.400800e+09, 7.370558e-03, 9.568410e-01, 2.601164e+00, 2.012144e+00, 3.625674e-09, 4.882018e-10, 3.949757e+01, 7.584626e-03
1.404600e+09, 6.535447e-03, 9.568313e-01, 2.514597e+00, 2.000487e+00, 4.545799e-09, 4.882089e-10, 3.957885e+01, 7.669061e-03
1.408400e+09, 5.743580e-03, 9.568203e-01, 2.406061e+00, 1.988831e+00, 5.813827e-09, 4.882149e-10, 3.966075e+01, 7.707774e-03
1.412200e+09, 5.019007e-03, 9.568080e-01, 2.267249e+00, 1.977174e+00, 7.500398e-09, 4.882197e-10, 3.974325e+01, 7.700427e-03
1.416000e+09, 4.399096e-03, 9.567943e-01, 2.088169e+00, 1.965517e+00, 9.507637e-09, 4.882233e-10, 3.982632e+01, 7.646698e-03
1.419800e+09, 3.938007e-03, 9.567793e-01, 1.861164e+00, 1.953860e+00, 1.130983e-08, 4.882258e-10, 3.990991e+01, 7.546288e-03
1.423600e+09, 3.700238e-03, 9.567630e-01, 1.591129e+00, 1.942203e+00, 1.198162e-08, 4.882271e-10, 3.999398e+01, 7.398912e-03
1.427400e+09, 3.733210e-03, 9.567453e-01, 1.305055e+00, 1.930547e+00, 1.106239e-08, 4.882273e-10, 4.007851e+01, 7.204310e-03
1.431200e+09, 4.034331e-03, 9.567263e-01, 1.040928e+00, 1.918890e+00, 9.166274e-09, 4.882263e-10, 4.016345e+01, 6.962237e-03
1.435000e+09, 4.554196e-03, 9.567059e-01, 8.220730e-01, 1.907233e+00, 7.190256e-09, 4.882242e-10, 4.024877e+01, 6.672470e-03
1.438800e+09, 5.230954e-03, 9.566842e-01, 6.503977e-01, 1.895576e+00, 5.573554e-09, 4.882209e-10, 4.033443e+01, 6.334805e-03
1.442600e+09, 6.014409e-03, 9.566612e-01, 5.173230e-01, 1.883919e+00, 4.369594e-09, 4.882165e-10, 4.042039e+01, 5.949059e-03
1.446400e+09, 6.870333e-03, 9.566368e-01, 4.129941e-01, 1.872262e+00, 3.497531e-09, 4.882109e-10, 4.050660e+01, 5.515069e-03
1.450200e+09, 7.776720e-03, 9.566111e-01, 3.294867e-01, 1.860606e+00, 2.864884e-09, 4.882042e-10, 4.059303e+01, 5.032692e-03
1.454000e+09, 8.719487e-03, 9.565840e-01, 2.610844e-01, 1.848949e+00, 2.399634e-09, 4.881964e-10, 4.067964e+01, 4.501806e-03
1.457800e+09, 9.689462e-03, 9.565556e-01, 2.037905e-01, 1.837293e+00, 2.051336e-09, 4.881874e-10, 4.076639e+01, 3.922309e-03
1.461600e+09, 1.068050e-02, 9.565259e-01, 1.548126e-01, 1.825637e+00, 1.785707e-09, 4.881772e-10, 4.085322e+01, 3.294123e-03
1.465400e+09, 1.168839e-02, 9.564949e-01, 1.121769e-01, 1.813981e+00, 1.579487e-09, 4.881659e-10, 4.094011e+01, 2.617189e-03
1.469200e+09, 1.271011e-02, 9.564625e-01, 7.446486e-02, 1.802326e+00, 1.416727e-09, 4.881535e-10, 4.102701e+01, 1.891468e-03
1.473000e+09, 1.374349e-02, 9.564288e-01, 4.063894e-02, 1.790670e+00, 1.286322e-09, 4.881400e-10, 4.111387e+01, 1.116945e-03
1.476800e+09, 1.478689e-02, 9.563938e-01, 9.926591e-03, 1.779016e+00, 1.180410e-09, 4.881253e-10, 4.120065e+01, 2.936263e-04
1.480600e+09, 1.583907e-02, 9.563575e-01, -1.825700e-02, 1.767361e+00, 1.093329e-09, 4.881095e-10, 4.128730e+01, -5.784607e-04
1.484400e+09, 1.689903e-02, 9.563199e-01, -4.436145e-02, 1.755707e+00, 1.020934e-09, 4.880926e-10, 4.137378e+01, -1.499266e-03
1.488200e+09, 1.796599e-02, 9.562809e-01, -6.873738e-02, 1.744053e+00, 9.601421e-10, 4.880746e-10, 4.146005e+01, -2.468718e-03
1.492000e+09, 1.903932e-02, 9.562407e-01, -9.166184e-02, 1.732400e+00, 9.086279e-10, 4.880555e-10, 4.154606e+01, -3.486722e-03
1.495800e+09, 2.011847e-02, 9.561993e-01, -1.133563e-01, 1.720747e+00, 8.646138e-10, 4.880353e-10, 4.163176e+01, -4.553162e-03
1.499600e+09, 2.120300e-02, 9.561565e-01, -1.339999e-01, 1.709095e+00, 8.267239e-10, 4.880141e-10, 4.171710e+01, -5.667898e-03
1.503400e+09, 2.229250e-02, 9.561125e-01, -1.537389e-01, 1.697443e+00, 7.938808e-10, 4.879917e-10, 4.180204e+01, -6.830768e-03
1.507200e+09, 2.338665e-02, 9.560672e-01, -1.726937e-01, 1.685791e+00, 7.652320e-10, 4.879683e-10, 4.188654e+01, -8.041587e-03
1.511000e+09, 2.448513e-02, 9.560206e-01, -1.909644e-01, 1.674141e+00, 7.400963e-10, 4.879438e-10, 4.197053e+01, -9.300149e-03
1.514800e+09, 2.558766e-02, 9.559728e-01, -2.086350e-01, 1.662490e+00, 7.179244e-10, 4.879182e-10, 4.205398e+01, -1.060622e-02
1.518600e+09, 2.669401e-02, 9.559238e-01, -2.257763e-01, 1.650841e+00, 6.982695e-10, 4.878916e-10, 4.213684e+01, -1.195955e-02
1.522400e+09, 2.780393e-02, 9.558736e-01, -2.424482e-01, 1.639192e+00, 6.807657e-10, 4.878639e-10, 4.221905e+01, -1.335986e-02
1.526200e+09, 2.891720e-02, 9.558221e-01, -2.587023e-01, 1.627544e+00, 6.651107e-10, 4.878353e-10, 4.230058e+01, -1.480686e-02
1.530000e+09, 3.003363e-02, 9.557695e-01, -2.745825e-01, 1.615896e+00, 6.510533e-10, 4.878055e-10, 4.238137e+01, -1.630021e-02
1.533800e+09, 3.115303e-02, 9.557156e-01, -2.901271e-01, 1.604249e+00, 6.383833e-10, 4.877748e-10, 4.246136e+01, -1.783957e-02
1.537600e+09, 3.227520e-02, 9.556606e-01, -3.053692e-01, 1.592603e+00, 6.269239e-10, 4.877431e-10, 4.254052e+01, -1.942457e-02
1.541400e+09, 3.339997e-02, 9.556045e-01, -3.203377e-01, 1.580958e+00, 6.165255e-10, 4.877104e-10, 4.261880e+01, -2.105482e-02
1.545200e+09, 3.452716e-02, 9.555471e-01, -3.350580e-01, 1.569313e+00, 6.070607e-10, 4.876767e-10, 4.269614e+01, -2.272990e-02
1.549000e+09, 3.565662e-02, 9.554887e-01, -3.495522e-01, 1.557669e+00, 5.984208e-10, 4.876420e-10, 4.277249e+01, -2.444937e-02
1.552800e+09, 3.678817e-02, 9.554291e-01, -3.638402e-01, 1.546026e+00, 5.905123e-10, 4.876064e-10, 4.284781e+01, -2.621277e-02
1.556600e+09, 3.792165e-02, 9.553684e-01, -3.779393e-01, 1.534384e+00, 5.832546e-10, 4.875698e-10, 4.292205e+01, -2.801960e-02
1.560400e+09, 3.905692e-02, 9.553066e-01, -3.918652e-01, 1.522743e+00, 5.765778e-10, 4.875323e-10, 4.299515e+01, -2.986937e-02
1.564200e+09, 4.019381e-02, 9.552437e-01, -4.056316e-01, 1.511102e+00, 5.704212e-10, 4.874938e-10, 4.306708e+01, -3.176153e-02
1.568000e+09, 4.133217e-02, 9.551798e-01, -4.192510e-01, 1.499463e+00, 5.647317e-10, 4.874545e-10, 4.313777e+01, -3.369554e-02
1.571800e+09, 4.247186e-02, 9.551148e-01, -4.327346e-01, 1.487824e+00, 5.594630e-10, 4.874142e-10, 4.320719e+01, -3.567080e-02
1.575600e+09, 4.361271e-02, 9.550488e-01, -4.460924e-01, 1.476187e+00, 5.545742e-10, 4.873730e-10, 4.327529e+01, -3.768672e-02
1.579400e+09, 4.475458e-02, 9.549818e-01, -4.593335e-01, 1.464550e+00, 5.500293e-10, 4.873310e-10, 4.334200e+01, -3.974267e-02
1.583200e+09, 4.589733e-02, 9.549138e-01, -4.724660e-01, 1.452915e+00, 5.457964e-10, 4.872881e-10, 4.340730e+01, -4.183800e-02
1.587000e+09, 4.704081e-02, 9.548447e-01, -4.854975e-01, 1.441280e+00, 5.418474e-10, 4.872443e-10, 4.347113e+01, -4.397204e-02
1.590800e+09, 4.818486e-02, 9.547748e-01, -4.984347e-01, 1.429647e+00, 5.381570e-10, 4.871997e-10, 4.353345e+01, -4.614411e-02
1.594600e+09, 4.932935e-02, 9.547039e-01, -5.112838e-01, 1.418014e+00, 5.347029e-10, 4.871543e-10, 4.359421e+01, -4.835347e-02
1.598400e+09, 5.047412e-02, 9.546320e-01, -5.240504e-01, 1.406383e+00, 5.314650e-10, 4.871081e-10, 4.365336e+01, -5.059940e-02
1.602200e+09, 5.161904e-02, 9.545593e-01, -5.367398e-01, 1.394753e+00, 5.284254e-10, 4.870610e-10, 4.371086e+01, -5.288113e-02
1.606000e+09, 5.276395e-02, 9.544856e-01, -5.493565e-01, 1.383123e+00, 5.255679e-10, 4.870132e-10, 4.376666e+01, -5.519789e-02
1.609800e+09, 5.390872e-02, 9.544111e-01, -5.619050e-01, 1.371496e+00, 5.228780e-10, 4.869646e-10, 4.382073e+01, -5.754886e-02
1.613600e+09, 5.505319e-02, 9.543357e-01, -5.743893e-01, 1.359869e+00, 5.203425e-10, 4.869153e-10, 4.387301e+01, -5.993324e-02
1.617400e+09, 5.619722e-02, 9.542595e-01, -5.868131e-01, 1.348243e+00, 5.179497e-10, 4.868652e-10, 4.392347e+01, -6.235017e-02
1.621200e+09, 5.734066e-02, 9.541825e-01, -5.991797e-01, 1.336619e+00, 5.156887e-10, 4.868145e-10, 4.397207e+01, -6.479878e-02
1.625000e+09, 5.848337e-02, 9.541047e-01, -6.114923e-01, 1.324995e+00, 5.135498e-10, 4.867630e-10, 4.401876e+01, -6.727821e-02
1.628800e+09, 5.962521e-02, 9.540261e-01, -6.237539e-01, 1.313373e+00, 5.115242e-10, 4.867108e-10, 4.406351e+01, -6.978753e-02
1.632600e+09, 6.076603e-02, 9.539468e-01, -6.359671e-01, 1.301753e+00, 5.096037e-10, 4.866579e-10, 4.410627e+01, -7.232582e-02
1.636400e+09, 6.190568e-02, 9.538668e-01, -6.481344e-01, 1.290133e+00, 5.077809e-10, 4.866044e-10, 4.414701e+01, -7.489215e-02
1.640200e+09, 6.304401e-02, 9.537860e-01, -6.602583e-01, 1.278515e+00, 5.060492e-10, 4.865502e-10, 4.418569e+01, -7.748556e-02
1.644000e+09, 6.418089e-02, 9.537046e-01, -6.723408e-01, 1.266898e+00, 5.044023e-10, 4.864954e-10, 4.422229e+01, -8.010505e-02
1.647800e+09, 6.531616e-02, 9.536225e-01, -6.843839e-01, 1.255282e+00, 5.028345e-10, 4.864401e-10, 4.425675e+01, -8.274965e-02
1.651600e+09, 6.644969e-02, 9.535397e-01, -6.963896e-01, 1.243668e+00, 5.013407e-10, 4.863841e-10, 4.428905e+01, -8.541832e-02
1.655400e+09, 6.758131e-02, 9.534564e-01, -7.083597e-01, 1.232055e+00, 4.999161e-10, 4.863275e-10, 4.431916e+01, -8.811005e-02
1.659200e+09, 6.871089e-02, 9.533724e-01, -7.202958e-01, 1.220443e+00, 4.985562e-10, 4.862704e-10, 4.434705e+01, -9.082379e-02
1.663000e+09, 6.983829e-02, 9.532879e-01, -7.321993e-01, 1.208833e+00, 4.972570e-10, 4.862127e-10, 4.437269e+01, -9.355847e-02
1.666800e+09, 7.096334e-02, 9.532029e-01, -7.440719e-01, 1.197224e+00, 4.960148e-10, 4.861546e-10, 4.439604e+01, -9.631303e-02
1.670600e+09, 7.208592e-02, 9.531173e-01, -7.559148e-01, 1.185617e+00, 4.948260e-10, 4.860959e-10, 4.441709e+01, -9.908635e-02
1.674400e+09, 7.320586e-02, 9.530312e-01, -7.677293e-01, 1.174011e+00, 4.936874e-10, 4.860367e-10, 4.443581e+01, -1.018774e-01
1.678200e+09, 7.432302e-02, 9.529447e-01, -7.795166e-01, 1.162406e+00, 4.925961e-10, 4.859771e-10, 4.445217e+01, -1.046849e-01
1.682000e+09, 7.543727e-02, 9.528577e-01, -7.912779e-01, 1.150803e+00, 4.915493e-10, 4.859170e-10, 4.446615e+01, -1.075079e-01
1.685800e+09, 7.654844e-02, 9.527702e-01, -8.030142e-01, 1.139201e+00, 4.905443e-10, 4.858565e-10, 4.447773e+01, -1.103452e-01
1.689600e+09, 7.765639e-02, 9.526824e-01, -8.147265e-01, 1.127601e+00, 4.895790e-10, 4.857956e-10, 4.448689e+01, -1.131955e-01
1.693400e+09, 7.876098e-02, 9.525942e-01, -8.264157e-01, 1.116002e+00, 4.886509e-10, 4.857343e-10, 4.449361e+01, -1.160579e-01
1.697200e+09, 7.986206e-02, 9.525057e-01, -8.380828e-01, 1.104404e+00, 4.877580e-10, 4.856727e-10, 4.449788e+01, -1.189310e-01
1.701000e+09, 8.095947e-02, 9.524168e-01, -8.497286e-01, 1.092808e+00, 4.868984e-10, 4.856106e-10, 4.449969e+01, -1.218138e-01
1.704800e+09, 8.205308e-02, 9.523276e-01, -8.613538e-01, 1.081214e+00, 4.860703e-10, 4.855483e-10, 4.449901e+01, -1.247050e-01
1.708600e+09, 8.314274e-02, 9.522382e-01, -8.729593e-01, 1.069621e+00, 4.852719e-10, 4.854856e-10, 4.449584e+01, -1.276033e-01
1.712400e+09, 8.422829e-02, 9.521485e-01, -8.845457e-01, 1.058029e+00, 4.845018e-10, 4.854227e-10, 4.449016e+01, -1.305077e-01
1.716200e+09, 8.530960e-02, 9.520586e-01, -8.961137e-01, 1.046439e+00, 4.837583e-10, 4.853594e-10, 4.448198e+01, -1.334169e-01
1.720000e+09, 8.638651e-02, 9.519685e-01, -9.076640e-01, 1.034851e+00, 4.830402e-10, 4.852960e-10, 4.447128e+01, -1.363297e-01
1.723800e+09, 8.745888e-02, 9.518782e-01, -9.191971e-01, 1.023264e+00, 4.823461e-10, 4.852323e-10, 4.445805e+01, -1.392448e-01
1.727600e+09, 8.852656e-02, 9.517878e-01, -9.307136e-01, 1.011679e+00, 4.816748e-10, 4.851683e-10, 4.444231e+01, -1.421610e-01
1.731400e+09, 8.958941e-02, 9.516973e-01, -9.422141e-01, 1.000095e+00, 4.810252e-10, 4.851042e-10, 4.442403e+01, -1.450771e-01
1.735200e+09, 9.064728e-02, 9.516067e-01, -9.536991e-01, 9.885122e-01, 4.803961e-10, 4.850400e-10, 4.440323e+01, -1.479919e-01
1.739000e+09, 9.170001e-02, 9.515160e-01, -9.651691e-01, 9.769313e-01, 4.797866e-10, 4.849755e-10, 4.437990e+01, -1.509041e-01
1.742800e+09, 9.274748e-02, 9.514253e-01, -9.766246e-01, 9.653520e-01, 4.791956e-10, 4.849110e-10, 4.435406e+01, -1.538125e-01
1.746600e+09, 9.378952e-02, 9.513346e-01, -9.880659e-01, 9.537742e-01, 4.786223e-10, 4.848463e-10, 4.432570e+01, -1.567158e-01
1.750400e+09, 9.482600e-02, 9.512439e-01, -9.994935e-01, 9.421980e-01, 4.780659e-10, 4.847816e-10, 4.429483e+01, -1.596129e-01
1.754200e+09, 9.585677e-02, 9.511533e-01, -1.010908e+00, 9.306233e-01, 4.775254e-10, 4.847168e-10, 4.426146e+01, -1.625024e-01
1.758000e+09, 9.688168e-02, 9.510627e-01, -1.022309e+00, 9.190501e-01, 4.770003e-10, 4.846519e-10, 4.422560e+01, -1.653832e-01
1.761800e+09, 9.790059e-02, 9.509723e-01, -1.033698e+00, 9.074785e-01, 4.764896e-10, 4.845871e-10, 4.418727e+01, -1.682539e-01
1.765600e+09, 9.891336e-02, 9.508820e-01, -1.045075e+00, 8.959085e-01, 4.759929e-10, 4.845222e-10, 4.414647e+01, -1.711135e-01
1.769400e+09, 9.991984e-02, 9.507918e-01, -1.056440e+00, 8.843400e-01, 4.755093e-10, 4.844574e-10, 4.410322e+01, -1.739606e-01
1.773200e+09, 1.009199e-01, 9.507018e-01, -1.067793e+00, 8.727730e-01, 4.750384e-10, 4.843926e-10, 4.405755e+01, -1.767940e-01
1.777000e+09, 1.019134e-01, 9.506120e-01, -1.079135e+00, 8.612076e-01, 4.745795e-10, 4.843278e-10, 4.400946e+01, -1.796125e-01
1.780800e+09, 1.029001e-01, 9.505225e-01, -1.090466e+00, 8.496438e-01, 4.741321e-10, 4.842632e-10, 4.395898e+01, -1.824150e-01
1.784600e+09, 1.038800e-01, 9.504333e-01, -1.101787e+00, 8.380814e-01, 4.736956e-10, 4.841987e-10, 4.390612e+01, -1.852001e-01
1.788400e+09, 1.048529e-01, 9.503443e-01, -1.113097e+00, 8.265207e-01, 4.732697e-10, 4.841343e-10, 4.385092e+01, -1.879668e-01
1.792200e+09, 1.058186e-01, 9.502557e-01, -1.124397e+00, 8.149614e-01, 4.728537e-10, 4.840700e-10, 4.379340e+01, -1.907138e-01
1.796000e+09, 1.067771e-01, 9.501674e-01, -1.135686e+00, 8.034037e-01, 4.724473e-10, 4.840060e-10, 4.373357e+01, -1.934400e-01
1.799800e+09, 1.077281e-01, 9.500795e-01, -1.146967e+00, 7.918475e-01, 4.720501e-10, 4.839421e-10, 4.367148e+01, -1.961441e-01
1.803600e+09, 1.086716e-01, 9.499920e-01, -1.158237e+00, 7.802929e-01, 4.716616e-10, 4.838785e-10, 4.360715e+01, -1.988250e-01
1.807400e+09, 1.096073e-01, 9.499049e-01, -1.169499e+00, 7.687397e-01, 4.712815e-10, 4.838151e-10, 4.354060e+01, -2.014816e-01
1.811200e+09, 1.105353e-01, 9.498183e-01, -1.180751e+00, 7.571881e-01, 4.709093e-10, 4.837519e-10, 4.347188e+01, -2.041128e-01
1.815000e+09, 1.114552e-01, 9.497322e-01, -1.191995e+00, 7.456380e-01, 4.705448e-10, 4.836891e-10, 4.340100e+01, -2.067173e-01
1.818800e+09, 1.123670e-01, 9.496466e-01, -1.203229e+00, 7.340894e-01, 4.701877e-10, 4.836266e-10, 4.332802e+01, -2.092942e-01
1.822600e+09, 1.132706e-01, 9.495615e-01, -1.214456e+00, 7.225423e-01, 4.698375e-10, 4.835644e-10, 4.325295e+01, -2.118422e-01
1.826400e+09, 1.141657e-01, 9.494770e-01, -1.225674e+00, 7.109967e-01, 4.694940e-10, 4.835025e-10, 4.317584e+01, -2.143603e-01
1.830200e+09, 1.150523e-01, 9.493932e-01, -1.236883e+00, 6.994525e-01, 4.691570e-10, 4.834411e-10, 4.309673e+01, -2.168475e-01
1.834000e+09, 1.159303e-01, 9.493099e-01, -1.248085e+00, 6.879098e-01, 4.688261e-10, 4.833800e-10, 4.301565e+01, -2.193026e-01
1.837800e+09, 1.167995e-01, 9.492273e-01, -1.259279e+00, 6.763686e-01, 4.685011e-10, 4.833194e-10, 4.293265e+01, -2.217247e-01
1.841600e+09, 1.176597e-01, 9.491454e-01, -1.270465e+00, 6.648288e-01, 4.681818e-10, 4.832592e-10, 4.284776e+01, -2.241127e-01
1.845400e+09, 1.185109e-01, 9.490641e-01, -1.281643e+00, 6.532904e-01, 4.678679e-10, 4.831995e-10, 4.276102e+01, -2.264655e-01
1.849200e+09, 1.193529e-01, 9.489836e-01, -1.292814e+00, 6.417535e-01, 4.675591e-10, 4.831403e-10, 4.267248e+01, -2.287822e-01
1.853000e+09, 1.201855e-01, 9.489039e-01, -1.303977e+00, 6.302180e-01, 4.672553e-10, 4.830816e-10, 4.258218e+01, -2.310618e-01
1.856800e+09, 1.210087e-01, 9.488250e-01, -1.315134e+00, 6.186839e-01, 4.669563e-10, 4.830234e-10, 4.249016e+01, -2.333033e-01
1.860600e+09, 1.218223e-01, 9.487468e-01, -1.326283e+00, 6.071512e-01, 4.666618e-10, 4.829658e-10, 4.239647e+01, -2.355058e-01
1.864400e+09, 1.226262e-01, 9.486695e-01, -1.337425e+00, 5.956199e-01, 4.663717e-10, 4.829087e-10, 4.230115e+01, -2.376684e-01
1.868200e+09, 1.234203e-01, 9.485931e-01, -1.348560e+00, 5.840899e-01, 4.660857e-10, 4.828523e-10, 4.220426e+01, -2.397901e-01
1.872000e+09, 1.242043e-01, 9.485175e-01, -1.359688e+00, 5.725612e-01, 4.658038e-10, 4.827965e-10, 4.210582e+01, -2.418700e-01
1.875800e+09, 1.249783e-01, 9.484429e-01, -1.370810e+00, 5.610339e-01, 4.655257e-10, 4.827413e-10, 4.200591e+01, -2.439073e-01
1.879600e+09, 1.257421e-01, 9.483692e-01, -1.381925e+00, 5.495080e-01, 4.652514e-10, 4.826868e-10, 4.190455e+01, -2.459010e-01
1.883400e+09, 1.264955e-01, 9.482965e-01, -1.393033e+00, 5.379833e-01, 4.649805e-10, 4.826330e-10, 4.180180e+01, -2.478504e-01
1.887200e+09, 1.272385e-01, 9.482247e-01, -1.404135e+00, 5.264599e-01, 4.647131e-10, 4.825799e-10, 4.169771e+01, -2.497547e-01
1.891000e+09, 1.279708e-01, 9.481540e-01, -1.415231e+00, 5.149378e-01, 4.644489e-10, 4.825275e-10, 4.159233e+01, -2.516129e-01
1.894800e+09, 1.286925e-01, 9.480843e-01, -1.426320e+00, 5.034169e-01, 4.641878e-10, 4.824759e-10, 4.148570e+01, -2.534244e-01
1.898600e+09, 1.294033e-01, 9.480157e-01, -1.437403e+00, 4.918972e-01, 4.639297e-10, 4.824251e-10, 4.137788e+01, -2.551884e-01
1.902400e+09, 1.301032e-01, 9.479481e-01, -1.448480e+00, 4.803788e-01, 4.636744e-10, 4.823750e-10, 4.126891e+01, -2.569040e-01
1.906200e+09, 1.307921e-01, 9.478817e-01, -1.459550e+00, 4.688616e-01, 4.634219e-10, 4.823258e-10, 4.115885e+01, -2.585707e-01
1.910000e+09, 1.314697e-01, 9.478164e-01, -1.470615e+00, 4.573455e-01, 4.631721e-10, 4.822774e-10, 4.104775e+01, -2.601877e-01
1.913800e+09, 1.321360e-01, 9.477522e-01, -1.481674e+00, 4.458306e-01, 4.629247e-10, 4.822299e-10, 4.093565e+01, -2.617542e-01
1.917600e+09, 1.327910e-01, 9.476892e-01, -1.492727e+00, 4.343168e-01, 4.626798e-10, 4.821832e-10, 4.082261e+01, -2.632697e-01
1.921400e+09, 1.334344e-01, 9.476275e-01, -1.503774e+00, 4.228042e-01, 4.624372e-10, 4.821374e-10, 4.070869e+01, -2.647335e-01
1.925200e+09, 1.340662e-01, 9.475669e-01, -1.514815e+00, 4.112926e-01, 4.621968e-10, 4.820926e-10, 4.059392e+01, -2.661449e-01
1.929000e+09, 1.346862e-01, 9.475076e-01, -1.525850e+00, 3.997821e-01, 4.619585e-10, 4.820487e-10, 4.047836e+01, -2.675034e-01
1.932800e+09, 1.352944e-01, 9.474496e-01, -1.536880e+00, 3.882727e-01, 4.617223e-10, 4.820057e-10, 4.036206e+01, -2.688083e-01
1.936600e+09, 1.358906e-01, 9.473928e-01, -1.547904e+00, 3.767642e-01, 4.614880e-10, 4.819638e-10, 4.024508e+01, -2.700591e-01
1.940400e+09, 1.364747e-01, 9.473373e-01, -1.558923e+00, 3.652568e-01, 4.612556e-10, 4.819228e-10, 4.012747e+01, -2.712553e-01
1.944200e+09, 1.370467e-01, 9.472832e-01, -1.569936e+00, 3.537504e-01, 4.610249e-10, 4.818828e-10, 4.000926e+01, -2.723964e-01
1.948000e+09, 1.376064e-01, 9.472304e-01, -1.580943e+00, 3.422449e-01, 4.607960e-10, 4.818439e-10, 3.989053e+01, -2.734817e-01
1.951800e+09, 1.381537e-01, 9.471790e-01, -1.591945e+00, 3.307404e-01, 4.605687e-10, 4.818060e-10, 3.977130e+01, -2.745109e-01
1.955600e+09, 1.386885e-01, 9.471290e-01, -1.602942e+00, 3.192367e-01, 4.603429e-10, 4.817692e-10, 3.965165e+01, -2.754835e-01
1.959400e+09, 1.392107e-01, 9.470804e-01, -1.613933e+00, 3.077339e-01, 4.601186e-10, 4.817334e-10, 3.953161e+01, -2.763990e-01
1.963200e+09, 1.397202e-01, 9.470331e-01, -1.624919e+00, 2.962320e-01, 4.598958e-10, 4.816988e-10, 3.941125e+01, -2.772570e-01
1.967000e+09, 1.402170e-01, 9.469874e-01, -1.635899e+00, 2.847309e-01, 4.596743e-10, 4.816653e-10, 3.929059e+01, -2.780572e-01
1.970800e+09, 1.407008e-01, 9.469431e-01, -1.646875e+00, 2.732306e-01, 4.594541e-10, 4.816330e-10, 3.916971e+01, -2.787991e-01
1.974600e+09, 1.411717e-01, 9.469003e-01, -1.657845e+00, 2.617311e-01, 4.592352e-10, 4.816018e-10, 3.904864e+01, -2.794824e-01
1.978400e+09, 1.416295e-01, 9.468589e-01, -1.668809e+00, 2.502323e-01, 4.590174e-10, 4.815717e-10, 3.892743e+01, -2.801067e-01
1.982200e+09, 1.420742e-01, 9.468191e-01, -1.679769e+00, 2.387343e-01, 4.588007e-10, 4.815429e-10, 3.880614e+01, -2.806718e-01
1.986000e+09, 1.425056e-01, 9.467808e-01, -1.690723e+00, 2.272369e-01, 4.585850e-10, 4.815152e-10, 3.868481e+01, -2.811774e-01
1.989800e+09, 1.429236e-01, 9.467440e-01, -1.701672e+00, 2.157402e-01, 4.583704e-10, 4.814888e-10, 3.856349e+01, -2.816231e-01
1.993600e+09, 1.433282e-01, 9.467088e-01, -1.712617e+00, 2.042441e-01, 4.581567e-10, 4.814636e-10, 3.844223e+01, -2.820087e-01
1.997400e+09, 1.437193e-01, 9.466752e-01, -1.723556e+00, 1.927487e-01, 4.579440e-10, 4.814397e-10, 3.832108e+01, -2.823341e-01
2.001200e+09, 1.440968e-01, 9.466431e-01, -1.734489e+00, 1.812537e-01, 4.577320e-10, 4.814170e-10, 3.820007e+01, -2.825989e-01
2.005000e+09, 1.444606e-01, 9.466127e-01, -1.745418e+00, 1.697594e-01, 4.575209e-10, 4.813957e-10, 3.807927e+01, -2.828030e-01
2.008800e+09, 1.448106e-01, 9.465838e-01, -1.756342e+00, 1.582655e-01, 4.573105e-10, 4.813756e-10, 3.795870e+01, -2.829463e-01
2.012600e+09, 1.451467e-01, 9.465566e-01, -1.767261e+00, 1.467722e-01, 4.571008e-10, 4.813568e-10, 3.783843e+01, -2.830286e-01
2.016400e+09, 1.454689e-01, 9.465310e-01, -1.778175e+00, 1.352792e-01, 4.568918e-10, 4.813393e-10, 3.771850e+01, -2.830498e-01
2.020200e+09, 1.457771e-01, 9.465071e-01, -1.789084e+00, 1.237867e-01, 4.566833e-10, 4.813232e-10, 3.759895e+01, -2.830097e-01
2.024000e+09, 1.460712e-01, 9.464848e-01, -1.799987e+00, 1.122946e-01, 4.564755e-10, 4.813084e-10, 3.747982e+01, -2.829084e-01
2.027800e+09, 1.463512e-01, 9.464642e-01, -1.810886e+00, 1.008028e-01, 4.562681e-10, 4.812949e-10, 3.736116e+01, -2.827457e-01
2.031600e+09, 1.466169e-01, 9.464453e-01, -1.821780e+00, 8.931139e-02, 4.560612e-10, 4.812829e-10, 3.724301e+01, -2.825216e-01
2.035400e+09, 1.468682e-01, 9.464280e-01, -1.832669e+00, 7.782023e-02, 4.558548e-10, 4.812722e-10, 3.712541e+01, -2.822362e-01
2.039200e+09, 1.471052e-01, 9.464125e-01, -1.843553e+00, 6.632933e-02, 4.556487e-10, 4.812629e-10, 3.700842e+01, -2.818894e-01
2.043000e+09, 1.473278e-01, 9.463986e-01, -1.854432e+00, 5.483864e-02, 4.554429e-10, 4.812550e-10, 3.689207e+01, -2.814812e-01
2.046800e+09, 1.475358e-01, 9.463865e-01, -1.865306e+00, 4.334815e-02, 4.552375e-10, 4.812485e-10, 3.677639e+01, -2.810118e-01
2.050600e+09, 1.477292e-01, 9.463761e-01, -1.876176e+00, 3.185781e-02, 4.550323e-10, 4.812434e-10, 3.666144e+01, -2.804812e-01
2.054400e+09, 1.479080e-01, 9.463674e-01, -1.887040e+00, 2.036759e-02, 4.548273e-10, 4.812398e-10, 3.654726e+01, -2.798895e-01
2.058200e+09, 1.480720e-01, 9.463605e-01, -1.897900e+00, 8.877462e-03, 4.546224e-10, 4.812376e-10, 3.643388e+01, -2.792368e-01
2.062000e+09, 1.482213e-01, 9.463553e-01, -1.908754e+00, -2.612616e-03, 4.544177e-10, 4.812368e-10, 3.632134e+01, -2.785234e-01
2.065800e+09, 1.483557e-01, 9.463518e-01, -1.919604e+00, -1.410268e-02, 4.542131e-10, 4.812375e-10, 3.620968e+01, -2.777493e-01
2.069600e+09, 1.484753e-01, 9.463501e-01, -1.930449e+00, -2.559275e-02, 4.540085e-10, 4.812396e-10, 3.609894e+01, -2.769148e-01
2.073400e+09, 1.485798e-01, 9.463502e-01, -1.941289e+00, -3.708288e-02, 4.538038e-10, 4.812433e-10, 3.598917e+01, -2.760200e-01
2.077200e+09, 1.486694e-01, 9.463520e-01, -1.952124e+00, -4.857310e-02, 4.535991e-10, 4.812484e-10, 3.588039e+01, -2.750653e-01
2.081000e+09, 1.487439e-01, 9.463556e-01, -1.962954e+00, -6.006343e-02, 4.533943e-10, 4.812549e-10, 3.577264e+01, -2.740509e-01
2.084800e+09, 1.488033e-01, 9.463609e-01, -1.973779e+00, -7.155392e-02, 4.531893e-10, 4.812630e-10, 3.566597e+01, -2.729772e-01
2.088600e+09, 1.488475e-01, 9.463680e-01, -1.984600e+00, -8.304461e-02, 4.529841e-10, 4.812725e-10, 3.556040e+01, -2.718443e-01
2.092400e+09, 1.488765e-01, 9.463768e-01, -1.995415e+00, -9.453552e-02, 4.527787e-10, 4.812836e-10, 3.545598e+01, -2.706527e-01
2.096200e+09, 1.488902e-01, 9.463875e-01, -2.006226e+00, -1.060267e-01, 4.525729e-10, 4.812961e-10, 3.535273e+01, -2.694027e-01
2.100000e+09, 1.488886e-01, 9.463999e-01, -2.017031e+00, -1.175182e-01, 4.523668e-10, 4.813102e-10, 3.525070e+01, -2.680948e-01
2.103800e+09, 1.488717e-01, 9.464140e-01, -2.027832e+00, -1.290100e-01, 4.521602e-10, 4.813257e-10, 3.514991e+01, -2.667293e-01
2.107600e+09, 1.488393e-01, 9.464299e-01, -2.038628e+00, -1.405022e-01, 4.519532e-10, 4.813428e-10, 3.505040e+01, -2.653066e-01
2.111400e+09, 1.487915e-01, 9.464476e-01, -2.049419e+00, -1.519948e-01, 4.517456e-10, 4.813613e-10, 3.495221e+01, -2.638274e-01
2.115200e+09, 1.487283e-01, 9.464670e-01, -2.060205e+00, -1.634878e-01, 4.515375e-10, 4.813814e-10, 3.485536e+01, -2.622920e-01
2.119000e+09, 1.486495e-01, 9.464882e-01, -2.070986e+00, -1.749813e-01, 4.513287e-10, 4.814030e-10, 3.475989e+01, -2.607009e-01
2.122800e+09, 1.485552e-01, 9.465112e-01, -2.081762e+00, -1.864753e-01, 4.511192e-10, 4.814261e-10, 3.466583e+01, -2.590548e-01
2.126600e+09, 1.484453e-01, 9.465359e-01, -2.092533e+00, -1.979699e-01, 4.509089e-10, 4.814507e-10, 3.457321e+01, -2.573541e-01
2.130400e+09, 1.483197e-01, 9.465623e-01, -2.103299e+00, -2.094651e-01, 4.506977e-10, 4.814769e-10, 3.448206e+01, -2.555996e-01
2.134200e+09, 1.481785e-01, 9.465905e-01, -2.114060e+00, -2.209609e-01, 4.504857e-10, 4.815045e-10, 3.439242e+01, -2.537917e-01
2.138000e+09, 1.480217e-01, 9.466204e-01, -2.124815e+00, -2.324573e-01, 4.502726e-10, 4.815336e-10, 3.430430e+01, -2.519311e-01
2.141800e+09, 1.478491e-01, 9.466520e-01, -2.135566e+00, -2.439545e-01, 4.500585e-10, 4.815643e-10, 3.421775e+01, -2.500186e-01
2.145600e+09, 1.476608e-01, 9.466853e-01, -2.146312e+00, -2.554524e-01, 4.498433e-10, 4.815965e-10, 3.413278e+01, -2.480549e-01
2.149400e+09, 1.474567e-01, 9.467203e-01, -2.157052e+00, -2.669510e-01, 4.496268e-10, 4.816301e-10, 3.404943e+01, -2.460405e-01
2.153200e+09, 1.472368e-01, 9.467571e-01, -2.167788e+00, -2.784505e-01, 4.494091e-10, 4.816653e-10, 3.396773e+01, -2.439764e-01
2.157000e+09, 1.470012e-01, 9.467955e-01, -2.178518e+00, -2.899507e-01, 4.491899e-10, 4.817019e-10, 3.388770e+01, -2.418633e-01
2.160800e+09, 1.467497e-01, 9.468356e-01, -2.189243e+00, -3.014519e-01, 4.489693e-10, 4.817401e-10, 3.380936e+01, -2.397019e-01
2.164600e+09, 1.464824e-01, 9.468774e-01, -2.199962e+00, -3.129540e-01, 4.487471e-10, 4.817797e-10, 3.373275e+01, -2.374932e-01
2.168400e+09, 1.461992e-01, 9.469208e-01, -2.210677e+00, -3.244570e-01, 4.485232e-10, 4.818208e-10, 3.365789e+01, -2.352379e-01
2.172200e+09, 1.459001e-01, 9.469659e-01, -2.221386e+00, -3.359610e-01, 4.482975e-10, 4.818634e-10, 3.358480e+01, -2.329370e-01
2.176000e+09, 1.455852e-01, 9.470125e-01, -2.232089e+00, -3.474660e-01, 4.480700e-10, 4.819075e-10, 3.351351e+01, -2.305914e-01
2.179800e+09, 1.452544e-01, 9.470609e-01, -2.242787e+00, -3.589721e-01, 4.478404e-10, 4.819530e-10, 3.344405e+01, -2.282020e-01
2.183600e+09, 1.449076e-01, 9.471108e-01, -2.253480e+00, -3.704793e-01, 4.476088e-10, 4.819999e-10, 3.337643e+01, -2.257697e-01
2.187400e+09, 1.445450e-01, 9.471623e-01, -2.264167e+00, -3.819875e-01, 4.473749e-10, 4.820483e-10, 3.331068e+01, -2.232956e-01
2.191200e+09, 1.441664e-01, 9.472153e-01, -2.274849e+00, -3.934970e-01, 4.471386e-10, 4.820982e-10, 3.324681e+01, -2.207807e-01
2.195000e+09, 1.437719e-01, 9.472700e-01, -2.285525e+00, -4.050076e-01, 4.468999e-10, 4.821494e-10, 3.318487e+01, -2.182259e-01
2.198800e+09, 1.433615e-01, 9.473261e-01, -2.296195e+00, -4.165195e-01, 4.466585e-10, 4.822021e-10, 3.312485e+01, -2.156325e-01
2.202600e+09, 1.429351e-01, 9.473838e-01, -2.306859e+00, -4.280326e-01, 4.464143e-10, 4.822562e-10, 3.306680e+01, -2.130014e-01
2.206400e+09, 1.424929e-01, 9.474430e-01, -2.317518e+00, -4.395470e-01, 4.461672e-10, 4.823117e-10, 3.301071e+01, -2.103337e-01
2.210200e+09, 1.420347e-01, 9.475037e-01, -2.328171e+00, -4.510627e-01, 4.459170e-10, 4.823685e-10, 3.295662e+01, -2.076307e-01
2.214000e+09, 1.415606e-01, 9.475658e-01, -2.338818e+00, -4.625798e-01, 4.456636e-10, 4.824268e-10, 3.290455e+01, -2.048934e-01
2.217800e+09, 1.410705e-01, 9.476294e-01, -2.349458e+00, -4.740982e-01, 4.454067e-10, 4.824863e-10, 3.285451e+01, -2.021231e-01
2.221600e+09, 1.405646e-01, 9.476944e-01, -2.360093e+00, -4.856181e-01, 4.451462e-10, 4.825473e-10, 3.280651e+01, -1.993210e-01
2.225400e+09, 1.400428e-01, 9.477609e-01, -2.370721e+00, -4.971395e-01, 4.448819e-10, 4.826095e-10, 3.276059e+01, -1.964882e-01
2.229200e+09, 1.395051e-01, 9.478287e-01, -2.381343e+00, -5.086623e-01, 4.446135e-10, 4.826731e-10, 3.271675e+01, -1.936260e-01
2.233000e+09, 1.389515e-01, 9.478978e-01, -2.391959e+00, -5.201867e-01, 4.443410e-10, 4.827380e-10, 3.267500e+01, -1.907358e-01
2.236800e+09, 1.383821e-01, 9.479683e-01, -2.402568e+00, -5.317126e-01, 4.440640e-10, 4.828042e-10, 3.263538e+01, -1.878187e-01
2.240600e+09, 1.377968e-01, 9.480402e-01, -2.413171e+00, -5.432401e-01, 4.437823e-10, 4.828716e-10, 3.259788e+01, -1.848762e-01
2.244400e+09, 1.371957e-01, 9.481133e-01, -2.423766e+00, -5.547691e-01, 4.434957e-10, 4.829403e-10, 3.256254e+01, -1.819095e-01
2.248200e+09, 1.365788e-01, 9.481877e-01, -2.434355e+00, -5.662999e-01, 4.432040e-10, 4.830103e-10, 3.252935e+01, -1.789200e-01
2.252000e+09, 1.359461e-01, 9.482633e-01, -2.444937e+00, -5.778323e-01, 4.429068e-10, 4.830814e-10, 3.249833e+01, -1.759091e-01
2.255800e+09, 1.352977e-01, 9.483401e-01, -2.455512e+00, -5.893664e-01, 4.426038e-10, 4.831538e-10, 3.246949e+01, -1.728781e-01
2.259600e+09, 1.346335e-01, 9.484181e-01, -2.466080e+00, -6.009022e-01, 4.422949e-10, 4.832274e-10, 3.244286e+01, -1.698286e-01
2.263400e+09, 1.339537e-01, 9.484973e-01, -2.476640e+00, -6.124398e-01, 4.419796e-10, 4.833021e-10, 3.241843e+01, -1.667618e-01
2.267200e+09, 1.332581e-01, 9.485776e-01, -2.487193e+00, -6.239792e-01, 4.416576e-10, 4.833780e-10, 3.239622e+01, -1.636792e-01
2.271000e+09, 1.325469e-01, 9.486590e-01, -2.497738e+00, -6.355204e-01, 4.413286e-10, 4.834550e-10, 3.237625e+01, -1.605823e-01
2.274800e+09, 1.318201e-01, 9.487415e-01, -2.508275e+00, -6.470634e-01, 4.409922e-10, 4.835331e-10, 3.235851e+01, -1.574726e-01
2.278600e+09, 1.310777e-01, 9.488251e-01, -2.518804e+00, -6.586083e-01, 4.406481e-10, 4.836122e-10, 3.234301e+01, -1.543515e-01
2.282400e+09, 1.303198e-01, 9.489096e-01, -2.529325e+00, -6.701550e-01, 4.402958e-10, 4.836925e-10, 3.232978e+01, -1.512206e-01
2.286200e+09, 1.295464e-01, 9.489952e-01, -2.539838e+00, -6.817037e-01, 4.399349e-10, 4.837738e-10, 3.231881e+01, -1.480813e-01
2.290000e+09, 1.287575e-01, 9.490817e-01, -2.550342e+00, -6.932544e-01, 4.395649e-10, 4.838561e-10, 3.231010e+01, -1.449352e-01
2.293800e+09, 1.279532e-01, 9.491691e-01, -2.560837e+00, -7.048070e-01, 4.391854e-10, 4.839394e-10, 3.230368e+01, -1.417837e-01
2.297600e+09, 1.271335e-01, 9.492574e-01, -2.571323e+00, -7.163616e-01, 4.387959e-10, 4.840237e-10, 3.229954e+01, -1.386285e-01
2.301400e+09, 1.262984e-01, 9.493466e-01, -2.581800e+00, -7.279182e-01, 4.383958e-10, 4.841090e-10, 3.229768e+01, -1.354711e-01
2.305200e+09, 1.254481e-01, 9.494366e-01, -2.592267e+00, -7.394768e-01, 4.379846e-10, 4.841952e-10, 3.229812e+01, -1.323129e-01
2.309000e+09, 1.245826e-01, 9.495274e-01, -2.602724e+00, -7.510375e-01, 4.375617e-10, 4.842822e-10, 3.230085e+01, -1.291557e-01
2.312800e+09, 1.237018e-01, 9.496190e-01, -2.613171e+00, -7.626003e-01, 4.371264e-10, 4.843702e-10, 3.230588e+01, -1.260009e-01
2.316600e+09, 1.228059e-01, 9.497112e-01, -2.623608e+00, -7.741651e-01, 4.366781e-10, 4.844590e-10, 3.231321e+01, -1.228501e-01
2.320400e+09, 1.218949e-01, 9.498042e-01, -2.634034e+00, -7.857321e-01, 4.362160e-10, 4.845486e-10, 3.232284e+01, -1.197049e-01
2.324200e+09, 1.209689e-01, 9.498978e-01, -2.644450e+00, -7.973013e-01, 4.357395e-10, 4.846390e-10, 3.233477e+01, -1.165668e-01
2.328000e+09, 1.200280e-01, 9.499920e-01, -2.654853e+00, -8.088726e-01, 4.352477e-10, 4.847302e-10, 3.234901e+01, -1.134375e-01
2.331800e+09, 1.190721e-01, 9.500868e-01, -2.665245e+00, -8.204460e-01, 4.347398e-10, 4.848221e-10, 3.236555e+01, -1.103185e-01
2.335600e+09, 1.181013e-01, 9.501822e-01, -2.675625e+00, -8.320217e-01, 4.342149e-10, 4.849148e-10, 3.238439e+01, -1.072113e-01
2.339400e+09, 1.171158e-01, 9.502780e-01, -2.685993e+00, -8.435996e-01, 4.336720e-10, 4.850081e-10, 3.240553e+01, -1.041176e-01
2.343200e+09, 1.161156e-01, 9.503744e-01, -2.696347e+00, -8.551797e-01, 4.331102e-10, 4.851020e-10, 3.242896e+01, -1.010389e-01
2.347000e+09, 1.151007e-01, 9.504711e-01, -2.706688e+00, -8.667620e-01, 4.325282e-10, 4.851966e-10, 3.245469e+01, -9.797681e-02
2.350800e+09, 1.140712e-01, 9.505683e-01, -2.717015e+00, -8.783466e-01, 4.319250e-10, 4.852918e-10, 3.248270e+01, -9.493284e-02
2.354600e+09, 1.130272e-01, 9.506657e-01, -2.727328e+00, -8.899335e-01, 4.312994e-10, 4.853876e-10, 3.251300e+01, -9.190857e-02
2.358400e+09, 1.119688e-01, 9.507635e-01, -2.737626e+00, -9.015227e-01, 4.306500e-10, 4.854839e-10, 3.254557e+01, -8.890554e-02
2.362200e+09, 1.108960e-01, 9.508616e-01, -2.747908e+00, -9.131141e-01, 4.299755e-10, 4.855806e-10, 3.258042e+01, -8.592528e-02
2.366000e+09, 1.098089e-01, 9.509599e-01, -2.758174e+00, -9.247079e-01, 4.292742e-10, 4.856779e-10, 3.261752e+01, -8.296935e-02
2.369800e+09, 1.087076e-01, 9.510584e-01, -2.768423e+00, -9.363040e-01, 4.285447e-10, 4.857755e-10, 3.265689e+01, -8.003924e-02
2.373600e+09, 1.075922e-01, 9.511570e-01, -2.778655e+00, -9.479024e-01, 4.277852e-10, 4.858736e-10, 3.269850e+01, -7.713648e-02
2.377400e+09, 1.064627e-01, 9.512557e-01, -2.788869e+00, -9.595032e-01, 4.269939e-10, 4.859721e-10, 3.274235e+01, -7.426256e-02
2.381200e+09, 1.053192e-01, 9.513545e-01, -2.799064e+00, -9.711063e-01, 4.261687e-10, 4.860708e-10, 3.278842e+01, -7.141897e-02
2.385000e+09, 1.041619e-01, 9.514533e-01, -2.809239e+00, -9.827118e-01, 4.253075e-10, 4.861699e-10, 3.283671e+01, -6.860719e-02
2.388800e+09, 1.029908e-01, 9.515521e-01, -2.819394e+00, -9.943196e-01, 4.244082e-10, 4.862692e-10, 3.288721e+01, -6.582867e-02
2.392600e+09, 1.018060e-01, 9.516509e-01, -2.829527e+00, -1.005930e+00, 4.234681e-10, 4.863688e-10, 3.293990e+01, -6.308485e-02
2.396400e+09, 1.006076e-01, 9.517495e-01, -2.839638e+00, -1.017542e+00, 4.224846e-10, 4.864685e-10, 3.299476e+01, -6.037717e-02
2.400200e+09, 9.939566e-02, 9.518480e-01, -2.849725e+00, -1.029157e+00, 4.214549e-10, 4.865685e-10, 3.305179e+01, -5.770704e-02
2.404000e+09, 9.817032e-02, 9.519462e-01, -2.859788e+00, -1.040775e+00, 4.203758e-10, 4.866685e-10, 3.311096e+01, -5.507585e-02
2.407800e+09, 9.693166e-02, 9.520443e-01, -2.869825e+00, -1.052395e+00, 4.192440e-10, 4.867686e-10, 3.317227e+01, -5.248498e-02
2.411600e+09, 9.567979e-02, 9.521420e-01, -2.879835e+00, -1.064017e+00, 4.180560e-10, 4.868687e-10, 3.323570e+01, -4.993579e-02
2.415400e+09, 9.441480e-02, 9.522395e-01, -2.889816e+00, -1.075641e+00, 4.168076e-10, 4.869689e-10, 3.330122e+01, -4.742961e-02
2.419200e+09, 9.313680e-02, 9.523365e-01, -2.899768e+00, -1.087268e+00, 4.154946e-10, 4.870690e-10, 3.336882e+01, -4.496776e-02
2.423000e+09, 9.184590e-02, 9.524332e-01, -2.909689e+00, -1.098897e+00, 4.141125e-10, 4.871691e-10, 3.343848e+01, -4.255155e-02
2.426800e+09, 9.054221e-02, 9.525293e-01, -2.919576e+00, -1.110529e+00, 4.126561e-10, 4.872691e-10, 3.351019e+01, -4.018224e-02
2.430600e+09, 8.922584e-02, 9.526250e-01, -2.929429e+00, -1.122163e+00, 4.111198e-10, 4.873689e-10, 3.358391e+01, -3.786110e-02
2.434400e+09, 8.789689e-02, 9.527201e-01, -2.939244e+00, -1.133800e+00, 4.094976e-10, 4.874685e-10, 3.365964e+01, -3.558934e-02
2.438200e+09, 8.655550e-02, 9.528147e-01, -2.949022e+00, -1.145439e+00, 4.077830e-10, 4.875679e-10, 3.373733e+01, -3.336819e-02
2.442000e+09, 8.520178e-02, 9.529086e-01, -2.958758e+00, -1.157080e+00, 4.059685e-10, 4.876670e-10, 3.381699e+01, -3.119882e-02
2.445800e+09, 8.383584e-02, 9.530018e-01, -2.968451e+00, -1.168723e+00, 4.040464e-10, 4.877659e-10, 3.389856e+01, -2.908239e-02
2.449600e+09, 8.245781e-02, 9.530942e-01, -2.978098e+00, -1.180369e+00, 4.020077e-10, 4.878643e-10, 3.398205e+01, -2.702005e-02
2.453400e+09, 8.106782e-02, 9.531859e-01, -2.987696e+00, -1.192018e+00, 3.998429e-10, 4.879624e-10, 3.406740e+01, -2.501290e-02
2.457200e+09, 7.966599e-02, 9.532768e-01, -2.997243e+00, -1.203668e+00, 3.975413e-10, 4.880601e-10, 3.415461e+01, -2.306202e-02
2.461000e+09, 7.825246e-02, 9.533668e-01, -3.006735e+00, -1.215321e+00, 3.950910e-10, 4.881573e-10, 3.424364e+01, -2.116848e-02
2.464800e+09, 7.682735e-02, 9.534559e-01, -3.016168e+00, -1.226976e+00, 3.924789e-10, 4.882540e-10, 3.433447e+01, -1.933331e-02
2.468600e+09, 7.539080e-02, 9.535440e-01, -3.025539e+00, -1.238634e+00, 3.896906e-10, 4.883502e-10, 3.442706e+01, -1.755752e-02
2.472400e+09, 7.394296e-02, 9.536311e-01, -3.034843e+00, -1.250294e+00, 3.867097e-10, 4.884458e-10, 3.452138e+01, -1.584208e-02
2.476200e+09, 7.248397e-02, 9.537172e-01, -3.044076e+00, -1.261956e+00, 3.835183e-10, 4.885407e-10, 3.461740e+01, -1.418794e-02
2.480000e+09, 7.101396e-02, 9.538022e-01, -3.053233e+00, -1.273621e+00, 3.800960e-10, 4.886350e-10, 3.471509e+01, -1.259604e-02
2.483800e+09, 6.953309e-02, 9.538860e-01, -3.062308e+00, -1.285287e+00, 3.764200e-10, 4.887285e-10, 3.481442e+01, -1.106726e-02
2.487600e+09, 6.804151e-02, 9.539687e-01, -3.071296e+00, -1.296956e+00, 3.724650e-10, 4.888213e-10, 3.491535e+01, -9.602483e-03
2.491400e+09, 6.653937e-02, 9.540501e-01, -3.080189e+00, -1.308627e+00, 3.682018e-10, 4.889133e-10, 3.501785e+01, -8.202535e-03
2.495200e+09, 6.502683e-02, 9.541302e-01, -3.088980e+00, -1.320301e+00, 3.635980e-10, 4.890045e-10, 3.512188e+01, -6.868232e-03
2.499000e+09, 6.350406e-02, 9.542090e-01, -3.097661e+00, -1.331976e+00, 3.586164e-10, 4.890948e-10, 3.522740e+01, -5.600356e-03
2.502800e+09, 6.197123e-02, 9.542865e-01, -3.106224e+00, -1.343654e+00, 3.532147e-10, 4.891842e-10, 3.533438e+01, -4.399660e-03
2.506600e+09, 6.042850e-02, 9.543626e-01, -3.114657e+00, -1.355334e+00, 3.473447e-10, 4.892726e-10, 3.544277e+01, -3.266866e-03
2.510400e+09, 5.887605e-02, 9.544372e-01, -3.122950e+00, -1.367016e+00, 3.409511e-10, 4.893600e-10, 3.555254e+01, -2.202668e-03
2.514200e+09, 5.731408e-02, 9.545103e-01, -3.131091e+00, -1.378700e+00, 3.339700e-10, 4.894464e-10, 3.566365e+01, -1.207731e-03
2.518000e+09, 5.574275e-02, 9.545819e-01, -3.139065e+00, -1.390386e+00, 3.263277e-10, 4.895316e-10, 3.577605e+01, -2.826866e-04
2.521800e+09, 5.416228e-02, 9.546519e-01, 3.136329e+00, -1.402074e+00, 3.179385e-10, 4.896158e-10, 3.588970e+01, 5.718600e-04
2.525600e+09, 5.257286e-02, 9.547202e-01, 3.128738e+00, -1.413764e+00, 3.087027e-10, 4.896988e-10, 3.600455e+01, 1.355336e-03
2.529400e+09, 5.097472e-02, 9.547869e-01, 3.121367e+00, -1.425456e+00, 2.985033e-10, 4.897806e-10, 3.612057e+01, 2.067199e-03
2.533200e+09, 4.936806e-02, 9.548519e-01, 3.114240e+00, -1.437150e+00, 2.872022e-10, 4.898611e-10, 3.623771e+01, 2.706936e-03
2.537000e+09, 4.775313e-02, 9.549152e-01, 3.107383e+00, -1.448846e+00, 2.746363e-10, 4.899403e-10, 3.635591e+01, 3.274066e-03
2.540800e+09, 4.613017e-02, 9.549766e-01, 3.100826e+00, -1.460544e+00, 2.606110e-10, 4.900182e-10, 3.647513e+01, 3.768139e-03
2.544600e+09, 4.449944e-02, 9.550363e-01, 3.094603e+00, -1.472244e+00, 2.448932e-10, 4.900948e-10, 3.659533e+01, 4.188736e-03
2.548400e+09, 4.286123e-02, 9.550940e-01, 3.088756e+00, -1.483945e+00, 2.272015e-10, 4.901699e-10, 3.671644e+01, 4.535469e-03
2.552200e+09, 4.121583e-02, 9.551499e-01, 3.083331e+00, -1.495649e+00, 2.071940e-10, 4.902436e-10, 3.683843e+01, 4.807981e-03
2.556000e+09, 3.956358e-02, 9.552038e-01, 3.078384e+00, -1.507354e+00, 1.844520e-10, 4.903157e-10, 3.696124e+01, 5.005948e-03
2.559800e+09, 3.790483e-02, 9.552557e-01, 3.073980e+00, -1.519061e+00, 1.584586e-10, 4.903864e-10, 3.708481e+01, 5.129076e-03
2.563600e+09, 3.623998e-02, 9.553056e-01, 3.070197e+00, -1.530769e+00, 1.285699e-10, 4.904555e-10, 3.720909e+01, 5.177105e-03
2.567400e+09, 3.456947e-02, 9.553535e-01, 3.067127e+00, -1.542479e+00, 9.397583e-11, 4.905230e-10, 3.733403e+01, 5.149804e-03
2.571200e+09, 3.289381e-02, 9.553992e-01, 3.064884e+00, -1.554191e+00, 5.364711e-11, 4.905888e-10, 3.745957e+01, 5.046978e-03
2.575000e+09, 3.121357e-02, 9.554428e-01, 3.063603e+00, -1.565904e+00, 6.260493e-12, 4.906530e-10, 3.758565e+01, 4.868460e-03
2.578800e+09, 2.952942e-02, 9.554843e-01, 3.063453e+00, -1.577619e+00, -4.990619e-11, 4.907154e-10, 3.771222e+01, 4.614120e-03
2.582600e+09, 2.784216e-02, 9.555235e-01, 3.064645e+00, -1.589336e+00, -1.171248e-10, 4.907761e-10, 3.783921e+01, 4.283858e-03
2.586400e+09, 2.615277e-02, 9.555605e-01, 3.067441e+00, -1.601053e+00, -1.984373e-10, 4.908350e-10, 3.796657e+01, 3.877607e-03
2.590200e+09, 2.446241e-02, 9.555953e-01, 3.072179e+00, -1.612773e+00, -2.979827e-10, 4.908920e-10, 3.809423e+01, 3.395334e-03
2.594000e+09, 2.277258e-02, 9.556277e-01, 3.079294e+00, -1.624493e+00, -4.214936e-10, 4.909473e-10, 3.822214e+01, 2.837038e-03
2.597800e+09, 2.108519e-02, 9.556578e-01, 3.089357e+00, -1.636215e+00, -5.770640e-10, 4.910006e-10, 3.835023e+01, 2.202752e-03
2.601600e+09, 1.940276e-02, 9.556855e-01, 3.103136e+00, -1.647938e+00, -7.763611e-10, 4.910519e-10, 3.847843e+01, 1.492543e-03
2.605400e+09, 1.772870e-02, 9.557109e-01, 3.121672e+00, -1.659663e+00, -1.036574e-09, 4.911014e-10, 3.860668e+01, 7.065103e-04
2.609200e+09, 1.606774e-02, 9.557338e-01, -3.136764e+00, -1.671388e+00, -1.383589e-09, 4.911488e-10, 3.873492e+01, -1.552113e-04
2.613000e+09, 1.442670e-02, 9.557542e-01, -3.103729e+00, -1.683115e+00, -1.857177e-09, 4.911942e-10, 3.886308e+01, -1.092454e-03
2.616800e+09, 1.281571e-02, 9.557722e-01, -3.059387e+00, -1.694843e+00, -2.519187e-09, 4.912375e-10, 3.899109e+01, -2.105016e-03
2.620600e+09, 1.125039e-02, 9.557877e-01, -2.999239e+00, -1.706572e+00, -3.464969e-09, 4.912787e-10, 3.911889e+01, -3.192660e-03
2.624400e+09, 9.755733e-03, 9.558006e-01, -2.916509e+00, -1.718302e+00, -4.831993e-09, 4.913178e-10, 3.924640e+01, -4.355115e-03
2.628200e+09, 8.373022e-03, 9.558110e-01, -2.801140e+00, -1.730032e+00, -6.772193e-09, 4.913548e-10, 3.937355e+01, -5.592076e-03
2.632000e+09, 7.171033e-03, 9.558188e-01, -2.639446e+00, -1.741764e+00, -9.275849e-09, 4.913895e-10, 3.950028e+01, -6.903201e-03
2.635800e+09, 6.258856e-03, 9.558240e-01, -2.417975e+00, -1.753496e+00, -1.170788e-08, 4.914221e-10, 3.962652e+01, -8.288115e-03
2.639600e+09, 5.779596e-03, 9.558266e-01, -2.138436e+00, -1.765230e+00, -1.262742e-08, 4.914524e-10, 3.975219e+01, -9.746406e-03
2.643400e+09, 5.844642e-03, 9.558265e-01, -1.836943e+00, -1.776964e+00, -1.127124e-08, 4.914805e-10, 3.987721e+01, -1.127763e-02
2.647200e+09, 6.440769e-03, 9.558237e-01, -1.567829e+00, -1.788698e+00, -8.723339e-09, 4.915063e-10, 4.000153e+01, -1.288130e-02
2.651000e+09, 7.444045e-03, 9.558183e-01, -1.359550e+00, -1.800433e+00, -6.314596e-09, 4.915297e-10, 4.012506e+01, -1.455691e-02
2.654800e+09, 8.717044e-03, 9.558101e-01, -1.208782e+00, -1.812169e+00, -4.503536e-09, 4.915508e-10, 4.024773e+01, -1.630390e-02
2.658600e+09, 1.016050e-02, 9.557993e-01, -1.101255e+00, -1.823906e+00, -3.237645e-09, 4.915696e-10, 4.036946e+01, -1.812167e-02
2.662400e+09, 1.171286e-02, 9.557857e-01, -1.023953e+00, -1.835642e+00, -2.361043e-09, 4.915860e-10, 4.049019e+01, -2.000962e-02
2.666200e+09, 1.333715e-02, 9.557693e-01, -9.675802e-01, -1.847380e+00, -1.744933e-09, 4.915999e-10, 4.060983e+01, -2.196707e-02
2.670000e+09, 1.501085e-02, 9.557502e-01, -9.259180e-01, -1.859117e+00, -1.301974e-09, 4.916115e-10, 4.072831e+01, -2.399333e-02
2.673800e+09, 1.671976e-02, 9.557283e-01, -8.948319e-01, -1.870855e+00, -9.757829e-10, 4.916205e-10, 4.084556e+01, -2.608767e-02
2.677600e+09, 1.845458e-02, 9.557036e-01, -8.715340e-01, -1.882593e+00, -7.300524e-10, 4.916272e-10, 4.096150e+01, -2.824932e-02
2.681400e+09, 2.020901e-02, 9.556761e-01, -8.541032e-01, -1.894331e+00, -5.410588e-10, 4.916313e-10, 4.107605e+01, -3.047747e-02
2.685200e+09, 2.197861e-02, 9.556458e-01, -8.411849e-01, -1.906069e+00, -3.929789e-10, 4.916329e-10, 4.118914e+01, -3.277129e-02
2.689000e+09, 2.376019e-02, 9.556127e-01, -8.318021e-01, -1.917807e+00, -2.750227e-10, 4.916320e-10, 4.130070e+01, -3.512989e-02
2.692800e+09, 2.555132e-02, 9.555767e-01, -8.252356e-01, -1.929546e+00, -1.796715e-10, 4.916286e-10, 4.141064e+01, -3.755237e-02
2.696600e+09, 2.735018e-02, 9.555379e-01, -8.209457e-01, -1.941284e+00, -1.015779e-10, 4.916227e-10, 4.151890e+01, -4.003778e-02
2.700400e+09, 2.915532e-02, 9.554963e-01, -8.185204e-01, -1.953022e+00, -3.686636e-11, 4.916141e-10, 4.162540e+01, -4.258513e-02
2.704200e+09, 3.096555e-02, 9.554519e-01, -8.176402e-01, -1.964760e+00, 1.732136e-11, 4.916031e-10, 4.173005e+01, -4.519341e-02
2.708000e+09, 3.277992e-02, 9.554046e-01, -8.180538e-01, -1.976497e+00, 6.312680e-11, 4.915894e-10, 4.183280e+01, -4.786156e-02
2.711800e+09, 3.459762e-02, 9.553545e-01, -8.195610e-01, -1.988235e+00, 1.021781e-10, 4.915731e-10, 4.193357e+01, -5.058849e-02
2.715600e+09, 3.641795e-02, 9.553015e-01, -8.220006e-01, -1.999971e+00, 1.357295e-10, 4.915543e-10, 4.203228e+01, -5.337308e-02
2.719400e+09, 3.824029e-02, 9.552457e-01, -8.252413e-01, -2.011708e+00, 1.647591e-10, 4.915328e-10, 4.212886e+01, -5.621417e-02
2.723200e+09, 4.006412e-02, 9.551871e-01, -8.291751e-01, -2.023444e+00, 1.900383e-10, 4.915087e-10, 4.222324e+01, -5.911057e-02
2.727000e+09, 4.188895e-02, 9.551256e-01, -8.337125e-01, -2.035179e+00, 2.121816e-10, 4.914820e-10, 4.231535e+01, -6.206105e-02
2.730800e+09, 4.371433e-02, 9.550613e-01, -8.387786e-01, -2.046914e+00, 2.316832e-10, 4.914527e-10, 4.240512e+01, -6.506436e-02
2.734600e+09, 4.553985e-02, 9.549942e-01, -8.443103e-01, -2.058648e+00, 2.489441e-10, 4.914208e-10, 4.249248e+01, -6.811920e-02
2.738400e+09, 4.736513e-02, 9.549243e-01, -8.502541e-01, -2.070381e+00, 2.642924e-10, 4.913862e-10, 4.257737e+01, -7.122424e-02
2.742200e+09, 4.918981e-02, 9.548516e-01, -8.565643e-01, -2.082113e+00, 2.779982e-10, 4.913490e-10, 4.265971e+01, -7.437814e-02
2.746000e+09, 5.101356e-02, 9.547761e-01, -8.632019e-01, -2.093845e+00, 2.902859e-10, 4.913092e-10, 4.273945e+01, -7.757951e-02
2.749800e+09, 5.283604e-02, 9.546978e-01, -8.701328e-01, -2.105575e+00, 3.013428e-10, 4.912668e-10, 4.281652e+01, -8.082693e-02
2.753600e+09, 5.465694e-02, 9.546168e-01, -8.773276e-01, -2.117305e+00, 3.113265e-10, 4.912217e-10, 4.289086e+01, -8.411894e-02
2.757400e+09, 5.647596e-02, 9.545330e-01, -8.847609e-01, -2.129033e+00, 3.203701e-10, 4.911740e-10, 4.296241e+01, -8.745409e-02
2.761200e+09, 5.829281e-02, 9.544465e-01, -8.924101e-01, -2.140761e+00, 3.285865e-10, 4.911238e-10, 4.303110e+01, -9.083086e-02
2.765000e+09, 6.010719e-02, 9.543573e-01, -9.002555e-01, -2.152487e+00, 3.360725e-10, 4.910709e-10, 4.309689e+01, -9.424772e-02
2.768800e+09, 6.191884e-02, 9.542654e-01, -9.082796e-01, -2.164212e+00, 3.429109e-10, 4.910154e-10, 4.315972e+01, -9.770311e-02
2.772600e+09, 6.372747e-02, 9.541708e-01, -9.164669e-01, -2.175935e+00, 3.491731e-10, 4.909574e-10, 4.321953e+01, -1.011954e-01
2.776400e+09, 6.553281e-02, 9.540736e-01, -9.248038e-01, -2.187657e+00, 3.549209e-10, 4.908968e-10, 4.327628e+01, -1.047231e-01
2.780200e+09, 6.733461e-02, 9.539737e-01, -9.332780e-01, -2.199378e+00, 3.602082e-10, 4.908336e-10, 4.332991e+01, -1.082845e-01
2.784000e+09, 6.913259e-02, 9.538713e-01, -9.418783e-01, -2.211097e+00, 3.650816e-10, 4.907679e-10, 4.338038e+01, -1.118780e-01
2.787800e+09, 7.092650e-02, 9.537662e-01, -9.505951e-01, -2.222815e+00, 3.695824e-10, 4.906996e-10, 4.342765e+01, -1.155018e-01
2.791600e+09, 7.271608e-02, 9.536587e-01, -9.594192e-01, -2.234531e+00, 3.737465e-10, 4.906289e-10, 4.347167e+01, -1.191543e-01
2.795400e+09, 7.450109e-02, 9.535486e-01, -9.683429e-01, -2.246245e+00, 3.776057e-10, 4.905556e-10, 4.351240e+01, -1.228337e-01
2.799200e+09, 7.628126e-02, 9.534360e-01, -9.773586e-01, -2.257958e+00, 3.811881e-10, 4.904799e-10, 4.354981e+01, -1.265384e-01
2.803000e+09, 7.805635e-02, 9.533209e-01, -9.864599e-01, -2.269668e+00, 3.845184e-10, 4.904017e-10, 4.358386e+01, -1.302665e-01
2.806800e+09, 7.982611e-02, 9.532034e-01, -9.956407e-01, -2.281377e+00, 3.876190e-10, 4.903211e-10, 4.361452e+01, -1.340164e-01
2.810600e+09, 8.159029e-02, 9.530836e-01, -1.004896e+00, -2.293084e+00, 3.905094e-10, 4.902381e-10, 4.364175e+01, -1.377862e-01
2.814400e+09, 8.334866e-02, 9.529613e-01, -1.014219e+00, -2.304789e+00, 3.932073e-10, 4.901526e-10, 4.366554e+01, -1.415741e-01
2.818200e+09, 8.510097e-02, 9.528368e-01, -1.023608e+00, -2.316492e+00, 3.957286e-10, 4.900649e-10, 4.368586e+01, -1.453783e-01
2.822000e+09, 8.684697e-02, 9.527099e-01, -1.033056e+00, -2.328193e+00, 3.980873e-10, 4.899748e-10, 4.370268e+01, -1.491970e-01
2.825800e+09, 8.858642e-02, 9.525808e-01, -1.042561e+00, -2.339892e+00, 4.002962e-10, 4.898823e-10, 4.371599e+01, -1.530283e-01
2.829600e+09, 9.031910e-02, 9.524495e-01, -1.052118e+00, -2.351588e+00, 4.023668e-10, 4.897876e-10, 4.372578e+01, -1.568705e-01
2.833400e+09, 9.204475e-02, 9.523161e-01, -1.061725e+00, -2.363282e+00, 4.043096e-10, 4.896907e-10, 4.373202e+01, -1.607217e-01
2.837200e+09, 9.376314e-02, 9.521805e-01, -1.071379e+00, -2.374974e+00, 4.061339e-10, 4.895916e-10, 4.373471e+01, -1.645800e-01
2.841000e+09, 9.547404e-02, 9.520428e-01, -1.081076e+00, -2.386664e+00, 4.078483e-10, 4.894902e-10, 4.373385e+01, -1.684436e-01
2.844800e+09, 9.717722e-02, 9.519031e-01, -1.090813e+00, -2.398351e+00, 4.094605e-10, 4.893868e-10, 4.372942e+01, -1.723106e-01
2.848600e+09, 9.887243e-02, 9.517614e-01, -1.100590e+00, -2.410036e+00, 4.109777e-10, 4.892812e-10, 4.372143e+01, -1.761791e-01
2.852400e+09, 1.005594e-01, 9.516178e-01, -1.110402e+00, -2.421718e+00, 4.124062e-10, 4.891735e-10, 4.370988e+01, -1.800474e-01
2.856200e+09, 1.022380e-01, 9.514723e-01, -1.120249e+00, -2.433397e+00, 4.137519e-10, 4.890638e-10, 4.369477e+01, -1.839135e-01
2.860000e+09, 1.039080e-01, 9.513249e-01, -1.130128e+00, -2.445074e+00, 4.150203e-10, 4.889521e-10, 4.367611e+01, -1.877756e-01
2.863800e+09, 1.055690e-01, 9.511758e-01, -1.140037e+00, -2.456749e+00, 4.162162e-10, 4.888385e-10, 4.365390e+01, -1.916319e-01
2.867600e+09, 1.072210e-01, 9.510249e-01, -1.149974e+00, -2.468420e+00, 4.173442e-10, 4.887229e-10, 4.362818e+01, -1.954804e-01
2.871400e+09, 1.088636e-01, 9.508723e-01, -1.159939e+00, -2.480089e+00, 4.184085e-10, 4.886055e-10, 4.359893e+01, -1.993194e-01
2.875200e+09, 1.104966e-01, 9.507181e-01, -1.169929e+00, -2.491755e+00, 4.194129e-10, 4.884863e-10, 4.356620e+01, -2.031471e-01
2.879000e+09, 1.121199e-01, 9.505623e-01, -1.179943e+00, -2.503418e+00, 4.203609e-10, 4.883653e-10, 4.352999e+01, -2.069615e-01
2.882800e+09, 1.137331e-01, 9.504050e-01, -1.189979e+00, -2.515078e+00, 4.212558e-10, 4.882425e-10, 4.349034e+01, -2.107610e-01
2.886600e+09, 1.153361e-01, 9.502462e-01, -1.200037e+00, -2.526736e+00, 4.221006e-10, 4.881181e-10, 4.344726e+01, -2.145436e-01
2.890400e+09, 1.169286e-01, 9.500860e-01, -1.210115e+00, -2.538390e+00, 4.228981e-10, 4.879920e-10, 4.340080e+01, -2.183077e-01
2.894200e+09, 1.185105e-01, 9.499244e-01, -1.220213e+00, -2.550041e+00, 4.236508e-10, 4.878644e-10, 4.335097e+01, -2.220515e-01
2.898000e+09, 1.200814e-01, 9.497616e-01, -1.230328e+00, -2.561690e+00, 4.243611e-10, 4.877352e-10, 4.329781e+01, -2.257731e-01
2.901800e+09, 1.216413e-01, 9.495975e-01, -1.240460e+00, -2.573335e+00, 4.250313e-10, 4.876046e-10, 4.324137e+01, -2.294709e-01
2.905600e+09, 1.231898e-01, 9.494323e-01, -1.250608e+00, -2.584977e+00, 4.256634e-10, 4.874725e-10, 4.318167e+01, -2.331431e-01
2.909400e+09, 1.247268e-01, 9.492660e-01, -1.260771e+00, -2.596616e+00, 4.262594e-10, 4.873391e-10, 4.311877e+01, -2.367881e-01
2.913200e+09, 1.262520e-01, 9.490986e-01, -1.270949e+00, -2.608252e+00, 4.268209e-10, 4.872043e-10, 4.305270e+01, -2.404041e-01
2.917000e+09, 1.277652e-01, 9.489302e-01, -1.281139e+00, -2.619884e+00, 4.273498e-10, 4.870683e-10, 4.298351e+01, -2.439895e-01
2.920800e+09, 1.292662e-01, 9.487610e-01, -1.291343e+00, -2.631513e+00, 4.278474e-10, 4.869311e-10, 4.291125e+01, -2.475427e-01
2.924600e+09, 1.307549e-01, 9.485909e-01, -1.301558e+00, -2.643139e+00, 4.283153e-10, 4.867927e-10, 4.283596e+01, -2.510620e-01
2.928400e+09, 1.322309e-01, 9.484200e-01, -1.311785e+00, -2.654762e+00, 4.287549e-10, 4.866533e-10, 4.275771e+01, -2.545458e-01
2.932200e+09, 1.336942e-01, 9.482484e-01, -1.322022e+00, -2.666382e+00, 4.291673e-10, 4.865128e-10, 4.267653e+01, -2.579927e-01
2.936000e+09, 1.351444e-01, 9.480761e-01, -1.332269e+00, -2.677998e+00, 4.295538e-10, 4.863714e-10, 4.259250e+01, -2.614009e-01
2.939800e+09, 1.365814e-01, 9.479033e-01, -1.342525e+00, -2.689610e+00, 4.299154e-10, 4.862291e-10, 4.250566e+01, -2.647690e-01
2.943600e+09, 1.380050e-01, 9.477300e-01, -1.352789e+00, -2.701220e+00, 4.302533e-10, 4.860860e-10, 4.241608e+01, -2.680956e-01
2.947400e+09, 1.394150e-01, 9.475562e-01, -1.363062e+00, -2.712825e+00, 4.305683e-10, 4.859420e-10, 4.232381e+01, -2.713791e-01
2.951200e+09, 1.408111e-01, 9.473821e-01, -1.373342e+00, -2.724428e+00, 4.308614e-10, 4.857974e-10, 4.222892e+01, -2.746180e-01
2.955000e+09, 1.421932e-01, 9.472076e-01, -1.383630e+00, -2.736027e+00, 4.311335e-10, 4.856522e-10, 4.213146e+01, -2.778111e-01
2.958800e+09, 1.435611e-01, 9.470330e-01, -1.393923e+00, -2.747622e+00, 4.313853e-10, 4.855063e-10, 4.203151e+01, -2.809569e-01
2.962600e+09, 1.449146e-01, 9.468582e-01, -1.404223e+00, -2.759214e+00, 4.316177e-10, 4.853600e-10, 4.192912e+01, -2.840540e-01
2.966400e+09, 1.462535e-01, 9.466833e-01, -1.414529e+00, -2.770803e+00, 4.318312e-10, 4.852132e-10, 4.182437e+01, -2.871011e-01
2.970200e+09, 1.475776e-01, 9.465084e-01, -1.424839e+00, -2.782388e+00, 4.320267e-10, 4.850660e-10, 4.171732e+01, -2.900970e-01
2.974000e+09, 1.488868e-01, 9.463336e-01, -1.435154e+00, -2.793969e+00, 4.322046e-10, 4.849186e-10, 4.160804e+01, -2.930403e-01
2.977800e+09, 1.501807e-01, 9.461589e-01, -1.445474e+00, -2.805547e+00, 4.323657e-10, 4.847709e-10, 4.149660e+01, -2.959298e-01
2.981600e+09, 1.514593e-01, 9.459844e-01, -1.455797e+00, -2.817122e+00, 4.325105e-10, 4.846231e-10, 4.138307e+01, -2.987644e-01
2.985400e+09, 1.527224e-01, 9.458102e-01, -1.466123e+00, -2.828693e+00, 4.326394e-10, 4.844751e-10, 4.126752e+01, -3.015427e-01
2.989200e+09, 1.539697e-01, 9.456364e-01, -1.476453e+00, -2.840260e+00, 4.327531e-10, 4.843272e-10, 4.115001e+01, -3.042638e-01
2.993000e+09, 1.552011e-01, 9.454630e-01, -1.486786e+00, -2.851824e+00, 4.328519e-10, 4.841792e-10, 4.103063e+01, -3.069264e-01
2.996800e+09, 1.564165e-01, 9.452901e-01, -1.497120e+00, -2.863384e+00, 4.329363e-10, 4.840314e-10, 4.090943e+01, -3.095295e-01
3.000600e+09, 1.576156e-01, 9.451178e-01, -1.507457e+00, -2.874941e+00, 4.330068e-10, 4.838838e-10, 4.078651e+01, -3.120720e-01
3.004400e+09, 1.587982e-01, 9.449461e-01, -1.517796e+00, -2.886494e+00, 4.330636e-10, 4.837365e-10, 4.066192e+01, -3.145529e-01
3.008200e+09, 1.599643e-01, 9.447752e-01, -1.528136e+00, -2.898044e+00, 4.331073e-10, 4.835895e-10, 4.053574e+01, -3.169712e-01
3.012000e+09, 1.611136e-01, 9.446051e-01, -1.538477e+00, -2.909590e+00, 4.331381e-10, 4.834429e-10, 4.040804e+01, -3.193260e-01
3.015800e+09, 1.622459e-01, 9.444359e-01, -1.548818e+00, -2.921133e+00, 4.331564e-10, 4.832968e-10, 4.027890e+01, -3.216162e-01
3.019600e+09, 1.633611e-01, 9.442676e-01, -1.559160e+00, -2.932672e+00, 4.331624e-10, 4.831513e-10, 4.014839e+01, -3.238411e-01
3.023400e+09, 1.644591e-01, 9.441003e-01, -1.569502e+00, -2.944208e+00, 4.331565e-10, 4.830064e-10, 4.001658e+01, -3.259997e-01
3.027200e+09, 1.655396e-01, 9.439342e-01, -1.579845e+00, -2.955740e+00, 4.331390e-10, 4.828621e-10, 3.988354e+01, -3.280912e-01
3.031000e+09, 1.666025e-01, 9.437693e-01, -1.590186e+00, -2.967269e+00, 4.331101e-10, 4.827187e-10, 3.974935e+01, -3.301148e-01
3.034800e+09, 1.676477e-01, 9.436055e-01, -1.600527e+00, -2.978794e+00, 4.330700e-10, 4.825761e-10, 3.961407e+01, -3.320698e-01
3.038600e+09, 1.686749e-01, 9.434432e-01, -1.610867e+00, -2.990316e+00, 4.330190e-10, 4.824345e-10, 3.947779e+01, -3.339552e-01
3.042400e+09, 1.696841e-01, 9.432822e-01, -1.621206e+00, -3.001835e+00, 4.329573e-10, 4.822938e-10, 3.934057e+01, -3.357705e-01
3.046200e+09, 1.706750e-01, 9.431227e-01, -1.631543e+00, -3.013350e+00, 4.328851e-10, 4.821542e-10, 3.920248e+01, -3.375150e-01
3.050000e+09, 1.716476e-01, 9.429647e-01, -1.641879e+00, -3.024862e+00, 4.328026e-10, 4.820158e-10, 3.906360e+01, -3.391880e-01
3.053800e+09, 1.726017e-01, 9.428084e-01, -1.652213e+00, -3.036371e+00, 4.327100e-10, 4.818786e-10, 3.892399e+01, -3.407888e-01
3.057600e+09, 1.735371e-01, 9.426537e-01, -1.662544e+00, -3.047876e+00, 4.326074e-10, 4.817426e-10, 3.878372e+01, -3.423169e-01
3.061400e+09, 1.744537e-01, 9.425008e-01, -1.672873e+00, -3.059379e+00, 4.324950e-10, 4.816081e-10, 3.864287e+01, -3.437717e-01
3.065200e+09, 1.753513e-01, 9.423498e-01, -1.683199e+00, -3.070877e+00, 4.323730e-10, 4.814749e-10, 3.850150e+01, -3.451526e-01
3.069000e+09, 1.762299e-01, 9.422006e-01, -1.693523e+00, -3.082373e+00, 4.322414e-10, 4.813433e-10, 3.835969e+01, -3.464591e-01
3.072800e+09, 1.770892e-01, 9.420535e-01, -1.703843e+00, -3.093866e+00, 4.321004e-10, 4.812133e-10, 3.821749e+01, -3.476908e-01
3.076600e+09, 1.779292e-01, 9.419084e-01, -1.714160e+00, -3.105355e+00, 4.319501e-10, 4.810849e-10, 3.807497e+01, -3.488472e-01
3.080400e+09, 1.787497e-01, 9.417653e-01, -1.724473e+00, -3.116842e+00, 4.317906e-10, 4.809582e-10, 3.793221e+01, -3.499279e-01
3.084200e+09, 1.795505e-01, 9.416245e-01, -1.734783e+00, -3.128325e+00, 4.316220e-10, 4.808334e-10, 3.778927e+01, -3.509324e-01
3.088000e+09, 1.803316e-01, 9.414859e-01, -1.745088e+00, -3.139806e+00, 4.314444e-10, 4.807104e-10, 3.764621e+01, -3.518604e-01
3.091800e+09, 1.810929e-01, 9.413497e-01, -1.755389e+00, 3.131902e+00, 4.312578e-10, 4.805893e-10, 3.750309e+01, -3.527116e-01
3.095600e+09, 1.818341e-01, 9.412158e-01, -1.765686e+00, 3.120428e+00, 4.310624e-10, 4.804702e-10, 3.735999e+01, -3.534856e-01
3.099400e+09, 1.825552e-01, 9.410843e-01, -1.775978e+00, 3.108956e+00, 4.308582e-10, 4.803532e-10, 3.721695e+01, -3.541821e-01
3.103200e+09, 1.832561e-01, 9.409554e-01, -1.786265e+00, 3.097487e+00, 4.306452e-10, 4.802383e-10, 3.707406e+01, -3.548010e-01
3.107000e+09, 1.839366e-01, 9.408290e-01, -1.796547e+00, 3.086021e+00, 4.304235e-10, 4.801257e-10, 3.693136e+01, -3.553419e-01
3.110800e+09, 1.845967e-01, 9.407053e-01, -1.806824e+00, 3.074557e+00, 4.301931e-10, 4.800153e-10, 3.678891e+01, -3.558046e-01
3.114600e+09, 1.852361e-01, 9.405843e-01, -1.817096e+00, 3.063096e+00, 4.299540e-10, 4.799073e-10, 3.664678e+01, -3.561890e-01
3.118400e+09, 1.858549e-01, 9.404660e-01, -1.827361e+00, 3.051638e+00, 4.297063e-10, 4.798016e-10, 3.650503e+01, -3.564950e-01
3.122200e+09, 1.864529e-01, 9.403506e-01, -1.837621e+00, 3.040182e+00, 4.294499e-10, 4.796984e-10, 3.636371e+01, -3.567223e-01
3.126000e+09, 1.870300e-01, 9.402380e-01, -1.847875e+00, 3.028729e+00, 4.291849e-10, 4.795978e-10, 3.622288e+01, -3.568710e-01
3.129800e+09, 1.875861e-01, 9.401284e-01, -1.858122e+00, 3.017278e+00, 4.289113e-10, 4.794997e-10, 3.608260e+01, -3.569409e-01
3.133600e+09, 1.881211e-01, 9.400218e-01, -1.868363e+00, 3.005829e+00, 4.286290e-10, 4.794043e-10, 3.594291e+01, -3.569321e-01
3.137400e+09, 1.886348e-01, 9.399182e-01, -1.878597e+00, 2.994383e+00, 4.283380e-10, 4.793116e-10, 3.580389e+01, -3.568444e-01
3.141200e+09, 1.891273e-01, 9.398177e-01, -1.888824e+00, 2.982939e+00, 4.280383e-10, 4.792216e-10, 3.566558e+01, -3.566780e-01
3.145000e+09, 1.895984e-01, 9.397204e-01, -1.899043e+00, 2.971497e+00, 4.277299e-10, 4.791345e-10, 3.552803e+01, -3.564328e-01
3.148800e+09, 1.900480e-01, 9.396263e-01, -1.909256e+00, 2.960057e+00, 4.274127e-10, 4.790503e-10, 3.539130e+01, -3.561089e-01
3.152600e+09, 1.904761e-01, 9.395354e-01, -1.919461e+00, 2.948619e+00, 4.270866e-10, 4.789690e-10, 3.525544e+01, -3.557066e-01
3.156400e+09, 1.908825e-01, 9.394479e-01, -1.929658e+00, 2.937183e+00, 4.267516e-10, 4.788907e-10, 3.512049e+01, -3.552257e-01
3.160200e+09, 1.912672e-01, 9.393637e-01, -1.939847e+00, 2.925749e+00, 4.264076e-10, 4.788155e-10, 3.498652e+01, -3.546667e-01
3.164000e+09, 1.916300e-01, 9.392829e-01, -1.950028e+00, 2.914317e+00, 4.260545e-10, 4.787434e-10, 3.485356e+01, -3.540295e-01
3.167800e+09, 1.919710e-01, 9.392055e-01, -1.960201e+00, 2.902886e+00, 4.256923e-10, 4.786744e-10, 3.472168e+01, -3.533145e-01
3.171600e+09, 1.922900e-01, 9.391317e-01, -1.970365e+00, 2.891458e+00, 4.253208e-10, 4.786086e-10, 3.459090e+01, -3.525219e-01
3.175400e+09, 1.925869e-01, 9.390613e-01, -1.980520e+00, 2.880030e+00, 4.249400e-10, 4.785461e-10, 3.446129e+01, -3.516520e-01
3.179200e+09, 1.928618e-01, 9.389946e-01, -1.990666e+00, 2.868604e+00, 4.245497e-10, 4.784868e-10, 3.433289e+01, -3.507050e-01
3.183000e+09, 1.931144e-01, 9.389315e-01, -2.000802e+00, 2.857180e+00, 4.241498e-10, 4.784309e-10, 3.420574e+01, -3.496814e-01
3.186800e+09, 1.933449e-01, 9.388720e-01, -2.010929e+00, 2.845757e+00, 4.237401e-10, 4.783784e-10, 3.407990e+01, -3.485815e-01
3.190600e+09, 1.935530e-01, 9.388162e-01, -2.021046e+00, 2.834335e+00, 4.233205e-10, 4.783294e-10, 3.395539e+01, -3.474057e-01
3.194400e+09, 1.937387e-01, 9.387641e-01, -2.031154e+00, 2.822915e+00, 4.228909e-10, 4.782838e-10, 3.383227e+01, -3.461543e-01
3.198200e+09, 1.939020e-01, 9.387158e-01, -2.041251e+00, 2.811495e+00, 4.224511e-10, 4.782417e-10, 3.371058e+01, -3.448280e-01
3.202000e+09, 1.940429e-01, 9.386713e-01, -2.051337e+00, 2.800076e+00, 4.220009e-10, 4.782031e-10, 3.359035e+01, -3.434272e-01
3.205800e+09, 1.941612e-01, 9.386306e-01, -2.061413e+00, 2.788659e+00, 4.215402e-10, 4.781682e-10, 3.347164e+01, -3.419523e-01
3.209600e+09, 1.942569e-01, 9.385938e-01, -2.071478e+00, 2.777242e+00, 4.210686e-10, 4.781369e-10, 3.335449e+01, -3.404041e-01
3.213400e+09, 1.943299e-01, 9.385609e-01, -2.081531e+00, 2.765826e+00, 4.205861e-10, 4.781092e-10, 3.323892e+01, -3.387830e-01
3.217200e+09, 1.943803e-01, 9.385318e-01, -2.091573e+00, 2.754411e+00, 4.200924e-10, 4.780852e-10, 3.312499e+01, -3.370897e-01
3.221000e+09, 1.944080e-01, 9.385067e-01, -2.101603e+00, 2.742996e+00, 4.195872e-10, 4.780650e-10, 3.301272e+01, -3.353248e-01
3.224800e+09, 1.944129e-01, 9.384856e-01, -2.111621e+00, 2.731581e+00, 4.190704e-10, 4.780485e-10, 3.290216e+01, -3.334891e-01
3.228600e+09, 1.943950e-01, 9.384684e-01, -2.121627e+00, 2.720168e+00, 4.185416e-10, 4.780357e-10, 3.279335e+01, -3.315832e-01
3.232400e+09, 1.943543e-01, 9.384552e-01, -2.131620e+00, 2.708754e+00, 4.180005e-10, 4.780268e-10, 3.268632e+01, -3.296080e-01
3.236200e+09, 1.942907e-01, 9.384460e-01, -2.141600e+00, 2.697340e+00, 4.174470e-10, 4.780217e-10, 3.258110e+01, -3.275642e-01
3.240000e+09, 1.942042e-01, 9.384409e-01, -2.151568e+00, 2.685927e+00, 4.168806e-10, 4.780205e-10, 3.247774e+01, -3.254527e-01
3.243800e+09, 1.940947e-01, 9.384397e-01, -2.161521e+00, 2.674514e+00, 4.163011e-10, 4.780232e-10, 3.237626e+01, -3.232743e-01
3.247600e+09, 1.939624e-01, 9.384427e-01, -2.171461e+00, 2.663101e+00, 4.157081e-10, 4.780297e-10, 3.227670e+01, -3.210299e-01
3.251400e+09, 1.938070e-01, 9.384497e-01, -2.181386e+00, 2.651687e+00, 4.151013e-10, 4.780402e-10, 3.217910e+01, -3.187206e-01
3.255200e+09, 1.936286e-01, 9.384608e-01, -2.191297e+00, 2.640273e+00, 4.144803e-10, 4.780546e-10, 3.208348e+01, -3.163471e-01
3.259000e+09, 1.934272e-01, 9.384760e-01, -2.201193e+00, 2.628859e+00, 4.138447e-10, 4.780729e-10, 3.198988e+01, -3.139106e-01
3.262800e+09, 1.932028e-01, 9.384952e-01, -2.211074e+00, 2.617445e+00, 4.131941e-10, 4.780952e-10, 3.189833e+01, -3.114122e-01
3.266600e+09, 1.929554e-01, 9.385186e-01, -2.220940e+00, 2.606030e+00, 4.125280e-10, 4.781215e-10, 3.180885e+01, -3.088528e-01
3.270400e+09, 1.926849e-01, 9.385460e-01, -2.230789e+00, 2.594614e+00, 4.118461e-10, 4.781518e-10, 3.172149e+01, -3.062337e-01
3.274200e+09, 1.923913e-01, 9.385775e-01, -2.240623e+00, 2.583198e+00, 4.111479e-10, 4.781860e-10, 3.163627e+01, -3.035559e-01
3.278000e+09, 1.920747e-01, 9.386131e-01, -2.250439e+00, 2.571780e+00, 4.104328e-10, 4.782242e-10, 3.155321e+01, -3.008207e-01
3.281800e+09, 1.917350e-01, 9.386528e-01, -2.260239e+00, 2.560362e+00, 4.097003e-10, 4.782665e-10, 3.147235e+01, -2.980293e-01
3.285600e+09, 1.913722e-01, 9.386966e-01, -2.270021e+00, 2.548943e+00, 4.089499e-10, 4.783127e-10, 3.139371e+01, -2.951830e-01
3.289400e+09, 1.909864e-01, 9.387445e-01, -2.279785e+00, 2.537523e+00, 4.081811e-10, 4.783630e-10, 3.131732e+01, -2.922831e-01
3.293200e+09, 1.905775e-01, 9.387964e-01, -2.289531e+00, 2.526101e+00, 4.073932e-10, 4.784173e-10, 3.124321e+01, -2.893309e-01
3.297000e+09, 1.901456e-01, 9.388524e-01, -2.299258e+00, 2.514679e+00, 4.065857e-10, 4.784755e-10, 3.117140e+01, -2.863278e-01
3.300800e+09, 1.896906e-01, 9.389124e-01, -2.308965e+00, 2.503255e+00, 4.057578e-10, 4.785378e-10, 3.110191e+01, -2.832752e-01
3.304600e+09, 1.892127e-01, 9.389765e-01, -2.318653e+00, 2.491829e+00, 4.049089e-10, 4.786041e-10, 3.103478e+01, -2.801746e-01
3.308400e+09, 1.887117e-01, 9.390445e-01, -2.328321e+00, 2.480402e+00, 4.040382e-10, 4.786744e-10, 3.097002e+01, -2.770275e-01
3.312200e+09, 1.881877e-01, 9.391166e-01, -2.337968e+00, 2.468973e+00, 4.031451e-10, 4.787486e-10, 3.090765e+01, -2.738353e-01
3.316000e+09, 1.876408e-01, 9.391926e-01, -2.347593e+00, 2.457542e+00, 4.022287e-10, 4.788268e-10, 3.084771e+01, -2.705997e-01
3.319800e+09, 1.870709e-01, 9.392726e-01, -2.357197e+00, 2.446110e+00, 4.012882e-10, 4.789090e-10, 3.079020e+01, -2.673222e-01
3.323600e+09, 1.864781e-01, 9.393565e-01, -2.366778e+00, 2.434675e+00, 4.003228e-10, 4.789951e-10, 3.073515e+01, -2.640044e-01
3.327400e+09, 1.858625e-01, 9.394443e-01, -2.376336e+00, 2.423239e+00, 3.993315e-10, 4.790852e-10, 3.068259e+01, -2.606481e-01
3.331200e+09, 1.852240e-01, 9.395360e-01, -2.385871e+00, 2.411800e+00, 3.983134e-10, 4.791791e-10, 3.063253e+01, -2.572549e-01
3.335000e+09, 1.845626e-01, 9.396315e-01, -2.395381e+00, 2.400359e+00, 3.972675e-10, 4.792770e-10, 3.058498e+01, -2.538265e-01
3.338800e+09, 1.838786e-01, 9.397308e-01, -2.404866e+00, 2.388916e+00, 3.961927e-10, 4.793788e-10, 3.053997e+01, -2.503647e-01
3.342600e+09, 1.831718e-01, 9.398339e-01, -2.414326e+00, 2.377470e+00, 3.950880e-10, 4.794844e-10, 3.049752e+01, -2.468713e-01
3.346400e+09, 1.824423e-01, 9.399408e-01, -2.423759e+00, 2.366022e+00, 3.939521e-10, 4.795938e-10, 3.045763e+01, -2.433480e-01
3.350200e+09, 1.816902e-01, 9.400513e-01, -2.433165e+00, 2.354571e+00, 3.927840e-10, 4.797070e-10, 3.042034e+01, -2.397968e-01
3.354000e+09, 1.809154e-01, 9.401655e-01, -2.442543e+00, 2.343118e+00, 3.915823e-10, 4.798240e-10, 3.038564e+01, -2.362194e-01
3.357800e+09, 1.801182e-01, 9.402834e-01, -2.451893e+00, 2.331661e+00, 3.903457e-10, 4.799448e-10, 3.035356e+01, -2.326178e-01
3.361600e+09, 1.792985e-01, 9.404049e-01, -2.461212e+00, 2.320202e+00, 3.890727e-10, 4.800693e-10, 3.032410e+01, -2.289940e-01
3.365400e+09, 1.784564e-01, 9.405298e-01, -2.470502e+00, 2.308740e+00, 3.877620e-10, 4.801975e-10, 3.029729e+01, -2.253498e-01
3.369200e+09, 1.775919e-01, 9.406583e-01, -2.479760e+00, 2.297275e+00, 3.864119e-10, 4.803293e-10, 3.027314e+01, -2.216872e-01
3.373000e+09, 1.767052e-01, 9.407902e-01, -2.488986e+00, 2.285806e+00, 3.850208e-10, 4.804648e-10, 3.025164e+01, -2.180082e-01
3.376800e+09, 1.757963e-01, 9.409256e-01, -2.498179e+00, 2.274335e+00, 3.835870e-10, 4.806038e-10, 3.023283e+01, -2.143148e-01
3.380600e+09, 1.748652e-01, 9.410643e-01, -2.507338e+00, 2.262860e+00, 3.821088e-10, 4.807464e-10, 3.021669e+01, -2.106091e-01
3.384400e+09, 1.739120e-01, 9.412062e-01, -2.516461e+00, 2.251381e+00, 3.805841e-10, 4.808925e-10, 3.020325e+01, -2.068930e-01
3.388200e+09, 1.729369e-01, 9.413514e-01, -2.525548e+00, 2.239899e+00, 3.790110e-10, 4.810420e-10, 3.019251e+01, -2.031687e-01
3.392000e+09, 1.719399e-01, 9.414998e-01, -2.534597e+00, 2.228414e+00, 3.773873e-10, 4.811950e-10, 3.018448e+01, -1.994383e-01
3.395800e+09, 1.709210e-01, 9.416514e-01, -2.543608e+00, 2.216925e+00, 3.757109e-10, 4.813514e-10, 3.017916e+01, -1.957037e-01
3.399600e+09, 1.698805e-01, 9.418059e-01, -2.552578e+00, 2.205432e+00, 3.739794e-10, 4.815111e-10, 3.017656e+01, -1.919672e-01
3.403400e+09, 1.688183e-01, 9.419635e-01, -2.561507e+00, 2.193936e+00, 3.721902e-10, 4.816741e-10, 3.017669e+01, -1.882308e-01
3.407200e+09, 1.677345e-01, 9.421241e-01, -2.570394e+00, 2.182435e+00, 3.703409e-10, 4.818403e-10, 3.017954e+01, -1.844966e-01
3.411000e+09, 1.666294e-01, 9.422875e-01, -2.579236e+00, 2.170931e+00, 3.684285e-10, 4.820097e-10, 3.018513e+01, -1.807668e-01
3.414800e+09, 1.655029e-01, 9.424537e-01, -2.588033e+00, 2.159422e+00, 3.664501e-10, 4.821823e-10, 3.019344e+01, -1.770435e-01
3.418600e+09, 1.643552e-01, 9.426226e-01, -2.596782e+00, 2.147909e+00, 3.644027e-10, 4.823579e-10, 3.020449e+01, -1.733288e-01
3.422400e+09, 1.631864e-01, 9.427942e-01, -2.605483e+00, 2.136393e+00, 3.622829e-10, 4.825365e-10, 3.021828e+01, -1.696249e-01
3.426200e+09, 1.619966e-01, 9.429685e-01, -2.614132e+00, 2.124871e+00, 3.600874e-10, 4.827181e-10, 3.023479e+01, -1.659339e-01
3.430000e+09, 1.607860e-01, 9.431452e-01, -2.622730e+00, 2.113346e+00, 3.578123e-10, 4.829027e-10, 3.025404e+01, -1.622580e-01
3.433800e+09, 1.595545e-01, 9.433244e-01, -2.631273e+00, 2.101816e+00, 3.554537e-10, 4.830900e-10, 3.027601e+01, -1.585992e-01
3.437600e+09, 1.583025e-01, 9.435059e-01, -2.639760e+00, 2.090282e+00, 3.530076e-10, 4.832802e-10, 3.030071e+01, -1.549598e-01
3.441400e+09, 1.570300e-01, 9.436898e-01, -2.648188e+00, 2.078743e+00, 3.504696e-10, 4.834731e-10, 3.032813e+01, -1.513417e-01
3.445200e+09, 1.557372e-01, 9.438758e-01, -2.656556e+00, 2.067200e+00, 3.478348e-10, 4.836687e-10, 3.035826e+01, -1.477472e-01
3.449000e+09, 1.544241e-01, 9.440640e-01, -2.664861e+00, 2.055651e+00, 3.450985e-10, 4.838668e-10, 3.039110e+01, -1.441783e-01
3.452800e+09, 1.530910e-01, 9.442543e-01, -2.673101e+00, 2.044099e+00, 3.422552e-10, 4.840675e-10, 3.042665e+01, -1.406372e-01
3.456600e+09, 1.517380e-01, 9.444465e-01, -2.681273e+00, 2.032541e+00, 3.392993e-10, 4.842706e-10, 3.046488e+01, -1.371259e-01
3.460400e+09, 1.503653e-01, 9.446406e-01, -2.689374e+00, 2.020978e+00, 3.362249e-10, 4.844761e-10, 3.050580e+01, -1.336464e-01
3.464200e+09, 1.489730e-01, 9.448364e-01, -2.697401e+00, 2.009411e+00, 3.330255e-10, 4.846840e-10, 3.054939e+01, -1.302009e-01
3.468000e+09, 1.475613e-01, 9.450340e-01, -2.705353e+00, 1.997839e+00, 3.296944e-10, 4.848940e-10, 3.059564e+01, -1.267913e-01
3.471800e+09, 1.461303e-01, 9.452332e-01, -2.713225e+00, 1.986261e+00, 3.262243e-10, 4.851063e-10, 3.064454e+01, -1.234197e-01
3.475600e+09, 1.446803e-01, 9.454339e-01, -2.721014e+00, 1.974679e+00, 3.226073e-10, 4.853206e-10, 3.069608e+01, -1.200880e-01
3.479400e+09, 1.432114e-01, 9.456360e-01, -2.728716e+00, 1.963091e+00, 3.188352e-10, 4.855370e-10, 3.075024e+01, -1.167983e-01
3.483200e+09, 1.417238e-01, 9.458395e-01, -2.736329e+00, 1.951499e+00, 3.148991e-10, 4.857553e-10, 3.080701e+01, -1.135525e-01
3.487000e+09, 1.402177e-01, 9.460442e-01, -2.743847e+00, 1.939901e+00, 3.107895e-10, 4.859754e-10, 3.086637e+01, -1.103524e-01
3.490800e+09, 1.386934e-01, 9.462500e-01, -2.751268e+00, 1.928297e+00, 3.064961e-10, 4.861973e-10, 3.092830e+01, -1.072001e-01
3.494600e+09, 1.371510e-01, 9.464569e-01, -2.758586e+00, 1.916689e+00, 3.020080e-10, 4.864209e-10, 3.099279e+01, -1.040974e-01
3.498400e+09, 1.355908e-01, 9.466647e-01, -2.765796e+00, 1.905075e+00, 2.973135e-10, 4.866461e-10, 3.105981e+01, -1.010460e-01
3.502200e+09, 1.340130e-01, 9.468733e-01, -2.772895e+00, 1.893456e+00, 2.924000e-10, 4.868729e-10, 3.112935e+01, -9.804794e-02
3.506000e+09, 1.324178e-01, 9.470827e-01, -2.779876e+00, 1.881831e+00, 2.872539e-10, 4.871010e-10, 3.120139e+01, -9.510488e-02
3.509800e+09, 1.308055e-01, 9.472928e-01, -2.786735e+00, 1.870201e+00, 2.818605e-10, 4.873305e-10, 3.127589e+01, -9.221860e-02
3.513600e+09, 1.291763e-01, 9.475033e-01, -2.793465e+00, 1.858566e+00, 2.762042e-10, 4.875613e-10, 3.135285e+01, -8.939083e-02
3.517400e+09, 1.275306e-01, 9.477143e-01, -2.800059e+00, 1.846925e+00, 2.702681e-10, 4.877932e-10, 3.143223e+01, -8.662325e-02
3.521200e+09, 1.258685e-01, 9.479256e-01, -2.806512e+00, 1.835278e+00, 2.640337e-10, 4.880262e-10, 3.151401e+01, -8.391754e-02
3.525000e+09, 1.241904e-01, 9.481371e-01, -2.812816e+00, 1.823626e+00, 2.574813e-10, 4.882602e-10, 3.159816e+01, -8.127530e-02
3.528800e+09, 1.224966e-01, 9.483487e-01, -2.818964e+00, 1.811968e+00, 2.505896e-10, 4.884951e-10, 3.168465e+01, -7.869813e-02
3.532600e+09, 1.207873e-01, 9.485602e-01, -2.824947e+00, 1.800305e+00, 2.433353e-10, 4.887308e-10, 3.177346e+01, -7.618759e-02
3.536400e+09, 1.190630e-01, 9.487717e-01, -2.830757e+00, 1.788636e+00, 2.356935e-10, 4.889671e-10, 3.186456e+01, -7.374518e-02
3.540200e+09, 1.173239e-01, 9.489830e-01, -2.836385e+00, 1.776961e+00, 2.276368e-10, 4.892041e-10, 3.195791e+01, -7.137240e-02
3.544000e+09, 1.155705e-01, 9.491939e-01, -2.841820e+00, 1.765281e+00, 2.191358e-10, 4.894415e-10, 3.205348e+01, -6.907068e-02
3.547800e+09, 1.138031e-01, 9.494043e-01, -2.847052e+00, 1.753595e+00, 2.101584e-10, 4.896794e-10, 3.215124e+01, -6.684143e-02
3.551600e+09, 1.120220e-01, 9.496142e-01, -2.852069e+00, 1.741903e+00, 2.006696e-10, 4.899175e-10, 3.225116e+01, -6.468601e-02
3.555400e+09, 1.102278e-01, 9.498234e-01, -2.856861e+00, 1.730206e+00, 1.906315e-10, 4.901559e-10, 3.235319e+01, -6.260575e-02
3.559200e+09, 1.084208e-01, 9.500318e-01, -2.861412e+00, 1.718503e+00, 1.800024e-10, 4.903943e-10, 3.245731e+01, -6.060194e-02
3.563000e+09, 1.066015e-01, 9.502393e-01, -2.865710e+00, 1.706794e+00, 1.687373e-10, 4.906327e-10, 3.256348e+01, -5.867582e-02
3.566800e+09, 1.047704e-01, 9.504457e-01, -2.869739e+00, 1.695080e+00, 1.567866e-10, 4.908711e-10, 3.267164e+01, -5.682862e-02
3.570600e+09, 1.029280e-01, 9.506511e-01, -2.873482e+00, 1.683360e+00, 1.440963e-10, 4.911092e-10, 3.278178e+01, -5.506149e-02
3.574400e+09, 1.010749e-01, 9.508551e-01, -2.876923e+00, 1.671634e+00, 1.306071e-10, 4.913470e-10, 3.289383e+01, -5.337555e-02
3.578200e+09, 9.921154e-02, 9.510578e-01, -2.880041e+00, 1.659902e+00, 1.162544e-10, 4.915844e-10, 3.300777e+01, -5.177191e-02
3.582000e+09, 9.733867e-02, 9.512590e-01, -2.882817e+00, 1.648165e+00, 1.009668e-10, 4.918212e-10, 3.312355e+01, -5.025160e-02
3.585800e+09, 9.545689e-02, 9.514585e-01, -2.885227e+00, 1.636423e+00, 8.466651e-11, 4.920574e-10, 3.324112e+01, -4.881563e-02
3.589600e+09, 9.356690e-02, 9.516563e-01, -2.887249e+00, 1.624674e+00, 6.726763e-11, 4.922928e-10, 3.336043e+01, -4.746496e-02
3.593400e+09, 9.166946e-02, 9.518523e-01, -2.888855e+00, 1.612920e+00, 4.867594e-11, 4.925274e-10, 3.348144e+01, -4.620052e-02
3.597200e+09, 8.976536e-02, 9.520463e-01, -2.890017e+00, 1.601160e+00, 2.878778e-11, 4.927611e-10, 3.360410e+01, -4.502318e-02
3.601000e+09, 8.785545e-02, 9.522382e-01, -2.890705e+00, 1.589395e+00, 7.489060e-12, 4.929936e-10, 3.372836e+01, -4.393378e-02
3.604800e+09, 8.594067e-02, 9.524279e-01, -2.890883e+00, 1.577624e+00, -1.534582e-11, 4.932250e-10, 3.385417e+01, -4.293312e-02
3.608600e+09, 8.402202e-02, 9.526153e-01, -2.890517e+00, 1.565848e+00, -3.985513e-11, 4.934551e-10, 3.398147e+01, -4.202196e-02
3.612400e+09, 8.210057e-02, 9.528002e-01, -2.889565e+00, 1.554066e+00, -6.619108e-11, 4.936838e-10, 3.411021e+01, -4.120100e-02
3.616200e+09, 8.017750e-02, 9.529826e-01, -2.887985e+00, 1.542279e+00, -9.452118e-11, 4.939110e-10, 3.424034e+01, -4.047092e-02
3.620000e+09, 7.825409e-02, 9.531622e-01, -2.885728e+00, 1.530487e+00, -1.250296e-10, 4.941365e-10, 3.437179e+01, -3.983234e-02
3.623800e+09, 7.633172e-02, 9.533391e-01, -2.882743e+00, 1.518688e+00, -1.579186e-10, 4.943603e-10, 3.450452e+01, -3.928585e-02
3.627600e+09, 7.441190e-02, 9.535130e-01, -2.878973e+00, 1.506885e+00, -1.934098e-10, 4.945823e-10, 3.463845e+01, -3.883200e-02
3.631400e+09, 7.249631e-02, 9.536839e-01, -2.874355e+00, 1.495076e+00, -2.317457e-10, 4.948023e-10, 3.477354e+01, -3.847128e-02
3.635200e+09, 7.058677e-02, 9.538517e-01, -2.868821e+00, 1.483262e+00, -2.731905e-10, 4.950203e-10, 3.490971e+01, -3.820416e-02
3.639000e+09, 6.868527e-02, 9.540161e-01, -2.862299e+00, 1.471443e+00, -3.180307e-10, 4.952360e-10, 3.504691e+01, -3.803105e-02
3.642800e+09, 6.679403e-02, 9.541772e-01, -2.854705e+00, 1.459619e+00, -3.665751e-10, 4.954495e-10, 3.518506e+01, -3.795232e-02
3.646600e+09, 6.491549e-02, 9.543348e-01, -2.845953e+00, 1.447790e+00, -4.191542e-10, 4.956606e-10, 3.532411e+01, -3.796831e-02
3.650400e+09, 6.305237e-02, 9.544887e-01, -2.835945e+00, 1.435955e+00, -4.761172e-10, 4.958691e-10, 3.546399e+01, -3.807930e-02
3.654200e+09, 6.120764e-02, 9.546389e-01, -2.824577e+00, 1.424116e+00, -5.378282e-10, 4.960750e-10, 3.560462e+01, -3.828553e-02
3.658000e+09, 5.938464e-02, 9.547852e-01, -2.811736e+00, 1.412271e+00, -6.046592e-10, 4.962782e-10, 3.574593e+01, -3.858721e-02
3.661800e+09, 5.758707e-02, 9.549276e-01, -2.797299e+00, 1.400422e+00, -6.769789e-10, 4.964786e-10, 3.588786e+01, -3.898450e-02
3.665600e+09, 5.581904e-02, 9.550658e-01, -2.781136e+00, 1.388568e+00, -7.551376e-10, 4.966759e-10, 3.603034e+01, -3.947751e-02
3.669400e+09, 5.408512e-02, 9.551999e-01, -2.763106e+00, 1.376709e+00, -8.394448e-10, 4.968702e-10, 3.617327e+01, -4.006630e-02
3.673200e+09, 5.239038e-02, 9.553297e-01, -2.743063e+00, 1.364846e+00, -9.301395e-10, 4.970614e-10, 3.631660e+01, -4.075092e-02
3.677000e+09, 5.074047e-02, 9.554551e-01, -2.720855e+00, 1.352978e+00, -1.027351e-09, 4.972492e-10, 3.646024e+01, -4.153134e-02
3.680800e+09, 4.914164e-02, 9.555759e-01, -2.696326e+00, 1.341106e+00, -1.131046e-09, 4.974336e-10, 3.660412e+01, -4.240749e-02
3.684600e+09, 4.760076e-02, 9.556921e-01, -2.669321e+00, 1.329229e+00, -1.240970e-09, 4.976146e-10, 3.674815e+01, -4.337928e-02
3.688400e+09, 4.612540e-02, 9.558035e-01, -2.639692e+00, 1.317348e+00, -1.356568e-09, 4.977919e-10, 3.689226e+01, -4.444656e-02
3.692200e+09, 4.472382e-02, 9.559101e-01, -2.607302e+00, 1.305463e+00, -1.476906e-09, 4.979655e-10, 3.703636e+01, -4.560912e-02
3.696000e+09, 4.340491e-02, 9.560118e-01, -2.572039e+00, 1.293573e+00, -1.600582e-09, 4.981352e-10, 3.718037e+01, -4.686674e-02
3.699800e+09, 4.217821e-02, 9.561084e-01, -2.533824e+00, 1.281680e+00, -1.725656e-09, 4.983010e-10, 3.732420e+01, -4.821912e-02
3.703600e+09, 4.105373e-02, 9.561998e-01, -2.492622e+00, 1.269782e+00, -1.849594e-09, 4.984628e-10, 3.746776e+01, -4.966593e-02
3.707400e+09, 4.004183e-02, 9.562860e-01, -2.448460e+00, 1.257881e+00, -1.969275e-09, 4.986204e-10, 3.761098e+01, -5.120680e-02
3.711200e+09, 3.915297e-02, 9.563668e-01, -2.401442e+00, 1.245976e+00, -2.081057e-09, 4.987737e-10, 3.775376e+01, -5.284131e-02
3.715000e+09, 3.839739e-02, 9.564422e-01, -2.351754e+00, 1.234067e+00, -2.180945e-09, 4.989227e-10, 3.789602e+01, -5.456898e-02
3.718800e+09, 3.778473e-02, 9.565120e-01, -2.299682e+00, 1.222155e+00, -2.264855e-09, 4.990673e-10, 3.803766e+01, -5.638931e-02
3.722600e+09, 3.732366e-02, 9.565762e-01, -2.245606e+00, 1.210239e+00, -2.328958e-09, 4.992072e-10, 3.817859e+01, -5.830173e-02
3.726400e+09, 3.702139e-02, 9.566347e-01, -2.190000e+00, 1.198320e+00, -2.370079e-09, 4.993426e-10, 3.831872e+01, -6.030563e-02
3.730200e+09, 3.688331e-02, 9.566873e-01, -2.133411e+00, 1.186397e+00, -2.386062e-09, 4.994731e-10, 3.845795e+01, -6.240036e-02
3.734000e+09, 3.691269e-02, 9.567340e-01, -2.076441e+00, 1.174472e+00, -2.376043e-09, 4.995988e-10, 3.859621e+01, -6.458521e-02
3.737800e+09, 3.711046e-02, 9.567747e-01, -2.019711e+00, 1.162543e+00, -2.340564e-09, 4.997195e-10, 3.873338e+01, -6.685943e-02
3.741600e+09, 3.747521e-02, 9.568093e-01, -1.963827e+00, 1.150612e+00, -2.281502e-09, 4.998351e-10, 3.886937e+01, -6.922223e-02
3.745400e+09, 3.800329e-02, 9.568377e-01, -1.909354e+00, 1.138678e+00, -2.201827e-09, 4.999456e-10, 3.900410e+01, -7.167276e-02
3.749200e+09, 3.868909e-02, 9.568599e-01, -1.856783e+00, 1.126741e+00, -2.105250e-09, 5.000509e-10, 3.913746e+01, -7.421013e-02
3.753000e+09, 3.952536e-02, 9.568758e-01, -1.806518e+00, 1.114802e+00, -1.995830e-09, 5.001508e-10, 3.926935e+01, -7.683339e-02
3.756800e+09, 4.050368e-02, 9.568853e-01, -1.758865e+00, 1.102860e+00, -1.877612e-09, 5.002453e-10, 3.939968e+01, -7.954155e-02
3.760600e+09, 4.161479e-02, 9.568883e-01, -1.714035e+00, 1.090916e+00, -1.754335e-09, 5.003342e-10, 3.952836e+01, -8.233358e-02
3.764400e+09, 4.284908e-02, 9.568847e-01, -1.672148e+00, 1.078970e+00, -1.629252e-09, 5.004176e-10, 3.965529e+01, -8.520839e-02
3.768200e+09, 4.419683e-02, 9.568745e-01, -1.633248e+00, 1.067022e+00, -1.505035e-09, 5.004952e-10, 3.978036e+01, -8.816485e-02
3.772000e+09, 4.564850e-02, 9.568577e-01, -1.597314e+00, 1.055072e+00, -1.383758e-09, 5.005670e-10, 3.990349e+01, -9.120177e-02
3.775800e+09, 4.719495e-02, 9.568341e-01, -1.564275e+00, 1.043121e+00, -1.266942e-09, 5.006330e-10, 4.002457e+01, -9.431791e-02
3.779600e+09, 4.882753e-02, 9.568036e-01, -1.534025e+00, 1.031168e+00, -1.155622e-09, 5.006930e-10, 4.014352e+01, -9.751201e-02
3.783400e+09, 5.053818e-02, 9.567663e-01, -1.506433e+00, 1.019213e+00, -1.050434e-09, 5.007470e-10, 4.026023e+01, -1.007827e-01
3.787200e+09, 5.231946e-02, 9.567221e-01, -1.481353e+00, 1.007257e+00, -9.516935e-10, 5.007949e-10, 4.037460e+01, -1.041287e-01
3.791000e+09, 5.416456e-02, 9.566709e-01, -1.458631e+00, 9.953002e-01, -8.594802e-10, 5.008366e-10, 4.048655e+01, -1.075485e-01
3.794800e+09, 5.606726e-02, 9.566127e-01, -1.438109e+00, 9.833421e-01, -7.736973e-10, 5.008720e-10, 4.059599e+01, -1.110407e-01
3.798600e+09, 5.802192e-02, 9.565474e-01, -1.419637e+00, 9.713833e-01, -6.941274e-10, 5.009010e-10, 4.070281e+01, -1.146037e-01
3.802400e+09, 6.002346e-02, 9.564750e-01, -1.403064e+00, 9.594237e-01, -6.204743e-10, 5.009237e-10, 4.080692e+01, -1.182361e-01
3.806200e+09, 6.206725e-02, 9.563954e-01, -1.388249e+00, 9.474636e-01, -5.523951e-10, 5.009398e-10, 4.090824e+01, -1.219361e-01
3.810000e+09, 6.414913e-02, 9.563086e-01, -1.375060e+00, 9.355031e-01, -4.895238e-10, 5.009494e-10, 4.100668e+01, -1.257021e-01
3.813800e+09, 6.626536e-02, 9.562146e-01, -1.363372e+00, 9.235424e-01, -4.314883e-10, 5.009524e-10, 4.110214e+01, -1.295325e-01
3.817600e+09, 6.841251e-02, 9.561133e-01, -1.353070e+00, 9.115816e-01, -3.779219e-10, 5.009487e-10, 4.119455e+01, -1.334255e-01
3.821400e+09, 7.058754e-02, 9.560047e-01, -1.344046e+00, 8.996209e-01, -3.284715e-10, 5.009382e-10, 4.128381e+01, -1.373793e-01
3.825200e+09, 7.278763e-02, 9.558887e-01, -1.336204e+00, 8.876604e-01, -2.828023e-10, 5.009210e-10, 4.136985e+01, -1.413921e-01
3.829000e+09, 7.501027e-02, 9.557654e-01, -1.329452e+00, 8.757004e-01, -2.406002e-10, 5.008969e-10, 4.145258e+01, -1.454621e-01
3.832800e+09, 7.725315e-02, 9.556347e-01, -1.323707e+00, 8.637409e-01, -2.015738e-10, 5.008658e-10, 4.153193e+01, -1.495874e-01
3.836600e+09, 7.951417e-02, 9.554967e-01, -1.318894e+00, 8.517822e-01, -1.654536e-10, 5.008278e-10, 4.160782e+01, -1.537659e-01
3.840400e+09, 8.179139e-02, 9.553512e-01, -1.314944e+00, 8.398244e-01, -1.319925e-10, 5.007828e-10, 4.168017e+01, -1.579957e-01
3.844200e+09, 8.408306e-02, 9.551983e-01, -1.311792e+00, 8.278676e-01, -1.009642e-10, 5.007307e-10, 4.174892e+01, -1.622749e-01
3.848000e+09, 8.638756e-02, 9.550380e-01, -1.309382e+00, 8.159121e-01, -7.216208e-11, 5.006714e-10, 4.181399e+01, -1.666014e-01
3.851800e+09, 8.870337e-02, 9.548703e-01, -1.307659e+00, 8.039581e-01, -4.539800e-11, 5.006050e-10, 4.187532e+01, -1.709730e-01
3.855600e+09, 9.102913e-02, 9.546952e-01, -1.306575e+00, 7.920056e-01, -2.050080e-11, 5.005315e-10, 4.193285e+01, -1.753878e-01
3.859400e+09, 9.336352e-02, 9.545126e-01, -1.306085e+00, 7.800548e-01, 2.685043e-12, 5.004506e-10, 4.198652e+01, -1.798434e-01
3.863200e+09, 9.570537e-02, 9.543226e-01, -1.306150e+00, 7.681060e-01, 2.430085e-11, 5.003625e-10, 4.203627e+01, -1.843379e-01
3.867000e+09, 9.805355e-02, 9.541252e-01, -1.306730e+00, 7.561593e-01, 4.447497e-11, 5.002672e-10, 4.208204e+01, -1.888689e-01
3.870800e+09, 1.004070e-01, 9.539205e-01, -1.307792e+00, 7.442149e-01, 6.332395e-11, 5.001644e-10, 4.212379e+01, -1.934342e-01
3.874600e+09, 1.027647e-01, 9.537083e-01, -1.309304e+00, 7.322729e-01, 8.095374e-11, 5.000543e-10, 4.216147e+01, -1.980317e-01
3.878400e+09, 1.051259e-01, 9.534888e-01, -1.311236e+00, 7.203335e-01, 9.746059e-11, 4.999369e-10, 4.219504e+01, -2.026590e-01
3.882200e+09, 1.074894e-01, 9.532620e-01, -1.313563e+00, 7.083970e-01, 1.129321e-10, 4.998120e-10, 4.222445e+01, -2.073138e-01
3.886000e+09, 1.098547e-01, 9.530279e-01, -1.316260e+00, 6.964634e-01, 1.274479e-10, 4.996797e-10, 4.224967e+01, -2.119938e-01
3.889800e+09, 1.122208e-01, 9.527865e-01, -1.319303e+00, 6.845330e-01, 1.410806e-10, 4.995400e-10, 4.227067e+01, -2.166968e-01
3.893600e+09, 1.145870e-01, 9.525379e-01, -1.322671e+00, 6.726060e-01, 1.538963e-10, 4.993929e-10, 4.228741e+01, -2.214204e-01
3.897400e+09, 1.169527e-01, 9.522822e-01, -1.326346e+00, 6.606824e-01, 1.659555e-10, 4.992383e-10, 4.229988e+01, -2.261621e-01
3.901200e+09, 1.193170e-01, 9.520193e-01, -1.330308e+00, 6.487625e-01, 1.773133e-10, 4.990762e-10, 4.230806e+01, -2.309198e-01
3.905000e+09, 1.216794e-01, 9.517493e-01, -1.334542e+00, 6.368465e-01, 1.880201e-10, 4.989067e-10, 4.231192e+01, -2.356909e-01
3.908800e+09, 1.240392e-01, 9.514722e-01, -1.339031e+00, 6.249346e-01, 1.981219e-10, 4.987297e-10, 4.231145e+01, -2.404731e-01
3.912600e+09, 1.263958e-01, 9.511882e-01, -1.343761e+00, 6.130269e-01, 2.076611e-10, 4.985453e-10, 4.230665e+01, -2.452641e-01
3.916400e+09, 1.287487e-01, 9.508973e-01, -1.348719e+00, 6.011235e-01, 2.166764e-10, 4.983535e-10, 4.229750e+01, -2.500615e-01
3.920200e+09, 1.310972e-01, 9.505995e-01, -1.353893e+00, 5.892248e-01, 2.252033e-10, 4.981542e-10, 4.228401e+01, -2.548628e-01
3.924000e+09, 1.334408e-01, 9.502950e-01, -1.359270e+00, 5.773308e-01, 2.332745e-10, 4.979476e-10, 4.226619e+01, -2.596657e-01
3.927800e+09, 1.357789e-01, 9.499837e-01, -1.364839e+00, 5.654418e-01, 2.409200e-10, 4.977335e-10, 4.224403e+01, -2.644679e-01
3.931600e+09, 1.381112e-01, 9.496658e-01, -1.370592e+00, 5.535578e-01, 2.481676e-10, 4.975121e-10, 4.221754e+01, -2.692669e-01
3.935400e+09, 1.404369e-01, 9.493413e-01, -1.376517e+00, 5.416792e-01, 2.550427e-10, 4.972834e-10, 4.218675e+01, -2.740604e-01
3.939200e+09, 1.427558e-01, 9.490104e-01, -1.382606e+00, 5.298060e-01, 2.615688e-10, 4.970473e-10, 4.215167e+01, -2.788461e-01
3.943000e+09, 1.450672e-01, 9.486731e-01, -1.388851e+00, 5.179384e-01, 2.677677e-10, 4.968040e-10, 4.211233e+01, -2.836215e-01
3.946800e+09, 1.473708e-01, 9.483294e-01, -1.395245e+00, 5.060767e-01, 2.736594e-10, 4.965535e-10, 4.206874e+01, -2.883845e-01
3.950600e+09, 1.496660e-01, 9.479796e-01, -1.401779e+00, 4.942209e-01, 2.792625e-10, 4.962958e-10, 4.202094e+01, -2.931325e-01
3.954400e+09, 1.519524e-01, 9.476238e-01, -1.408446e+00, 4.823713e-01, 2.845942e-10, 4.960309e-10, 4.196896e+01, -2.978635e-01
3.958200e+09, 1.542296e-01, 9.472619e-01, -1.415241e+00, 4.705280e-01, 2.896706e-10, 4.957590e-10, 4.191284e+01, -3.025751e-01
3.962000e+09, 1.564971e-01, 9.468941e-01, -1.422158e+00, 4.586913e-01, 2.945063e-10, 4.954800e-10, 4.185261e+01, -3.072650e-01
3.965800e+09, 1.587546e-01, 9.465206e-01, -1.429189e+00, 4.468611e-01, 2.991152e-10, 4.951941e-10, 4.178833e+01, -3.119310e-01
3.969600e+09, 1.610016e-01, 9.461414e-01, -1.436331e+00, 4.350378e-01, 3.035100e-10, 4.949013e-10, 4.172004e+01, -3.165709e-01
3.973400e+09, 1.632377e-01, 9.457567e-01, -1.443578e+00, 4.232215e-01, 3.077026e-10, 4.946016e-10, 4.164778e+01, -3.211826e-01
3.977200e+09, 1.654625e-01, 9.453666e-01, -1.450924e+00, 4.114123e-01, 3.117041e-10, 4.942952e-10, 4.157162e+01, -3.257638e-01
3.981000e+09, 1.676757e-01, 9.449712e-01, -1.458367e+00, 3.996105e-01, 3.155248e-10, 4.939821e-10, 4.149160e+01, -3.303124e-01
3.984800e+09, 1.698768e-01, 9.445707e-01, -1.465900e+00, 3.878161e-01, 3.191744e-10, 4.936625e-10, 4.140779e+01, -3.348264e-01
3.988600e+09, 1.720654e-01, 9.441651e-01, -1.473521e+00, 3.760294e-01, 3.226619e-10, 4.933362e-10, 4.132024e+01, -3.393037e-01
3.992400e+09, 1.742413e-01, 9.437547e-01, -1.481225e+00, 3.642504e-01, 3.259955e-10, 4.930036e-10, 4.122903e+01, -3.437422e-01
3.996200e+09, 1.764039e-01, 9.433395e-01, -1.489008e+00, 3.524794e-01, 3.291833e-10, 4.926646e-10, 4.113421e+01, -3.481399e-01
4.000000e+09, 1.785531e-01, 9.429198e-01, -1.496868e+00, 3.407165e-01, 3.291833e-10, 4.926646e-10, 4.103586e+01, -3.524949e-01
