Frequency [Hz], |S00| [-], |S10| [-], Arg(S00) [-], Arg(S10) [-], Delay 0>0 [s], Delay 0>1 [s], |Z0| [Ohm] , Arg(Z0) [-]
2.000000e+08, 4.284633e-02, 9.532942e-01, 2.344949e+00, -5.973733e-01, 1.272733e-09, 4.555016e-10, 3.767547e+01, 6.130719e-02
2.038000e+08, 4.266001e-02, 9.536143e-01, 2.314561e+00, -6.082489e-01, 1.272844e-09, 4.581018e-10, 3.775634e+01, 6.282083e-02
2.076000e+08, 4.240807e-02, 9.539877e-01, 2.284171e+00, -6.191866e-01, 1.266692e-09, 4.609563e-10, 3.784200e+01, 6.416177e-02
2.114000e+08, 4.209431e-02, 9.544044e-01, 2.253927e+00, -6.301925e-01, 1.254660e-09, 4.639931e-10, 3.793149e+01, 6.531957e-02
2.152000e+08, 4.172323e-02, 9.548538e-01, 2.223971e+00, -6.412708e-01, 1.237128e-09, 4.671390e-10, 3.802383e+01, 6.628804e-02
2.190000e+08, 4.129994e-02, 9.553251e-01, 2.194433e+00, -6.524243e-01, 1.214493e-09, 4.703216e-10, 3.811800e+01, 6.706512e-02
2.228000e+08, 4.083006e-02, 9.558077e-01, 2.165435e+00, -6.636537e-01, 1.187173e-09, 4.734712e-10, 3.821305e+01, 6.765277e-02
2.266000e+08, 4.031968e-02, 9.562908e-01, 2.137090e+00, -6.749584e-01, 1.155625e-09, 4.765215e-10, 3.830801e+01, 6.805669e-02
2.304000e+08, 3.977523e-02, 9.567642e-01, 2.109499e+00, -6.863358e-01, 1.120359e-09, 4.794115e-10, 3.840202e+01, 6.828600e-02
2.342000e+08, 3.920343e-02, 9.572185e-01, 2.082749e+00, -6.977823e-01, 1.081950e-09, 4.820866e-10, 3.849428e+01, 6.835287e-02
2.380000e+08, 3.861120e-02, 9.576450e-01, 2.056916e+00, -7.092927e-01, 1.041048e-09, 4.844991e-10, 3.858407e+01, 6.827203e-02
2.418000e+08, 3.800552e-02, 9.580358e-01, 2.032060e+00, -7.208606e-01, 9.983880e-10, 4.866093e-10, 3.867078e+01, 6.806037e-02
2.456000e+08, 3.739342e-02, 9.583845e-01, 2.008222e+00, -7.324789e-01, 9.547948e-10, 4.883859e-10, 3.875395e+01, 6.773636e-02
2.494000e+08, 3.678177e-02, 9.586856e-01, 1.985425e+00, -7.441397e-01, 9.111799e-10, 4.898064e-10, 3.883321e+01, 6.731953e-02
2.532000e+08, 3.617726e-02, 9.589349e-01, 1.963670e+00, -7.558344e-01, 8.685331e-10, 4.908570e-10, 3.890832e+01, 6.682995e-02
2.570000e+08, 3.558624e-02, 9.591296e-01, 1.942933e+00, -7.675541e-01, 8.279047e-10, 4.915328e-10, 3.897918e+01, 6.628771e-02
2.608000e+08, 3.501461e-02, 9.592684e-01, 1.923166e+00, -7.792900e-01, 7.903788e-10, 4.918373e-10, 3.904582e+01, 6.571238e-02
2.646000e+08, 3.446772e-02, 9.593508e-01, 1.904294e+00, -7.910332e-01, 7.570371e-10, 4.917818e-10, 3.910836e+01, 6.512257e-02
2.684000e+08, 3.395029e-02, 9.593781e-01, 1.886219e+00, -8.027750e-01, 7.289161e-10, 4.913853e-10, 3.916708e+01, 6.453547e-02
2.722000e+08, 3.346625e-02, 9.593523e-01, 1.868816e+00, -8.145074e-01, 7.069584e-10, 4.906734e-10, 3.922231e+01, 6.396647e-02
2.760000e+08, 3.301873e-02, 9.592768e-01, 1.851936e+00, -8.262227e-01, 6.919640e-10, 4.896772e-10, 3.927449e+01, 6.342885e-02
2.798000e+08, 3.260995e-02, 9.591557e-01, 1.835415e+00, -8.379143e-01, 6.845449e-10, 4.884330e-10, 3.932413e+01, 6.293353e-02
2.836000e+08, 3.224122e-02, 9.589940e-01, 1.819071e+00, -8.495762e-01, 6.850879e-10, 4.869806e-10, 3.937178e+01, 6.248886e-02
2.874000e+08, 3.191295e-02, 9.587973e-01, 1.802713e+00, -8.612034e-01, 6.937311e-10, 4.853629e-10, 3.941803e+01, 6.210050e-02
2.912000e+08, 3.162463e-02, 9.585719e-01, 1.786150e+00, -8.727920e-01, 7.103553e-10, 4.836242e-10, 3.946350e+01, 6.177143e-02
2.950000e+08, 3.137490e-02, 9.583240e-01, 1.769189e+00, -8.843390e-01, 7.345926e-10, 4.818096e-10, 3.950880e+01, 6.150190e-02
2.988000e+08, 3.116167e-02, 9.580605e-01, 1.751650e+00, -8.958428e-01, 7.658508e-10, 4.799639e-10, 3.955451e+01, 6.128962e-02
3.026000e+08, 3.098217e-02, 9.577879e-01, 1.733365e+00, -9.073024e-01, 8.033509e-10, 4.781303e-10, 3.960121e+01, 6.112983e-02
3.064000e+08, 3.083310e-02, 9.575128e-01, 1.714184e+00, -9.187183e-01, 8.461727e-10, 4.763500e-10, 3.964940e+01, 6.101561e-02
3.102000e+08, 3.071074e-02, 9.572413e-01, 1.693980e+00, -9.300917e-01, 8.933044e-10, 4.746609e-10, 3.969953e+01, 6.093805e-02
3.140000e+08, 3.061109e-02, 9.569794e-01, 1.672652e+00, -9.414248e-01, 9.436919e-10, 4.730971e-10, 3.975200e+01, 6.088665e-02
3.178000e+08, 3.053002e-02, 9.567323e-01, 1.650120e+00, -9.527205e-01, 9.962829e-10, 4.716884e-10, 3.980711e+01, 6.084961e-02
3.216000e+08, 3.046335e-02, 9.565047e-01, 1.626333e+00, -9.639826e-01, 1.050064e-09, 4.704595e-10, 3.986508e+01, 6.081420e-02
3.254000e+08, 3.040700e-02, 9.563006e-01, 1.601261e+00, -9.752153e-01, 1.104089e-09, 4.694299e-10, 3.992604e+01, 6.076713e-02
3.292000e+08, 3.035705e-02, 9.561233e-01, 1.574900e+00, -9.864235e-01, 1.157498e-09, 4.686136e-10, 3.999004e+01, 6.069494e-02
3.330000e+08, 3.030983e-02, 9.559753e-01, 1.547263e+00, -9.976121e-01, 1.209529e-09, 4.680191e-10, 4.005705e+01, 6.058436e-02
3.368000e+08, 3.026200e-02, 9.558581e-01, 1.518385e+00, -1.008787e+00, 1.259522e-09, 4.676492e-10, 4.012691e+01, 6.042265e-02
3.406000e+08, 3.021059e-02, 9.557727e-01, 1.488312e+00, -1.019952e+00, 1.306919e-09, 4.675014e-10, 4.019944e+01, 6.019794e-02
3.444000e+08, 3.015301e-02, 9.557190e-01, 1.457108e+00, -1.031114e+00, 1.351255e-09, 4.675681e-10, 4.027435e+01, 5.989949e-02
3.482000e+08, 3.008710e-02, 9.556965e-01, 1.424845e+00, -1.042278e+00, 1.392155e-09, 4.678371e-10, 4.035128e+01, 5.951800e-02
3.520000e+08, 3.001113e-02, 9.557036e-01, 1.391606e+00, -1.053448e+00, 1.429323e-09, 4.682919e-10, 4.042984e+01, 5.904573e-02
3.558000e+08, 2.992379e-02, 9.557384e-01, 1.357479e+00, -1.064629e+00, 1.462530e-09, 4.689124e-10, 4.050959e+01, 5.847675e-02
3.596000e+08, 2.982419e-02, 9.557982e-01, 1.322560e+00, -1.075825e+00, 1.491611e-09, 4.696756e-10, 4.059004e+01, 5.780700e-02
3.634000e+08, 2.971186e-02, 9.558800e-01, 1.286946e+00, -1.087039e+00, 1.516453e-09, 4.705559e-10, 4.067071e+01, 5.703432e-02
3.672000e+08, 2.958670e-02, 9.559803e-01, 1.250739e+00, -1.098274e+00, 1.536990e-09, 4.715264e-10, 4.075109e+01, 5.615852e-02
3.710000e+08, 2.944899e-02, 9.560953e-01, 1.214042e+00, -1.109532e+00, 1.553195e-09, 4.725590e-10, 4.083068e+01, 5.518131e-02
3.748000e+08, 2.929935e-02, 9.562213e-01, 1.176957e+00, -1.120815e+00, 1.565083e-09, 4.736254e-10, 4.090901e+01, 5.410618e-02
3.786000e+08, 2.913871e-02, 9.563540e-01, 1.139589e+00, -1.132123e+00, 1.572701e-09, 4.746979e-10, 4.098564e+01, 5.293830e-02
3.824000e+08, 2.896830e-02, 9.564897e-01, 1.102039e+00, -1.143457e+00, 1.576133e-09, 4.757497e-10, 4.106014e+01, 5.168434e-02
3.862000e+08, 2.878959e-02, 9.566243e-01, 1.064407e+00, -1.154816e+00, 1.575493e-09, 4.767557e-10, 4.113218e+01, 5.035226e-02
3.900000e+08, 2.860430e-02, 9.567543e-01, 1.026791e+00, -1.166199e+00, 1.570936e-09, 4.776931e-10, 4.120144e+01, 4.895105e-02
3.938000e+08, 2.841436e-02, 9.568763e-01, 9.892829e-01, -1.177605e+00, 1.562649e-09, 4.785415e-10, 4.126769e+01, 4.749055e-02
3.976000e+08, 2.822186e-02, 9.569873e-01, 9.519729e-01, -1.189031e+00, 1.550860e-09, 4.792837e-10, 4.133075e+01, 4.598110e-02
4.014000e+08, 2.802904e-02, 9.570845e-01, 9.149445e-01, -1.200474e+00, 1.535836e-09, 4.799058e-10, 4.139053e+01, 4.443331e-02
4.052000e+08, 2.783827e-02, 9.571660e-01, 8.782747e-01, -1.211932e+00, 1.517887e-09, 4.803972e-10, 4.144699e+01, 4.285778e-02
4.090000e+08, 2.765199e-02, 9.572300e-01, 8.420335e-01, -1.223402e+00, 1.497364e-09, 4.807512e-10, 4.150017e+01, 4.126484e-02
4.128000e+08, 2.747271e-02, 9.572755e-01, 8.062823e-01, -1.234881e+00, 1.474660e-09, 4.809643e-10, 4.155017e+01, 3.966428e-02
4.166000e+08, 2.730296e-02, 9.573016e-01, 7.710731e-01, -1.246364e+00, 1.450207e-09, 4.810370e-10, 4.159715e+01, 3.806515e-02
4.204000e+08, 2.714529e-02, 9.573085e-01, 7.364478e-01, -1.257850e+00, 1.424474e-09, 4.809729e-10, 4.164133e+01, 3.647554e-02
4.242000e+08, 2.700218e-02, 9.572964e-01, 7.024369e-01, -1.269333e+00, 1.397955e-09, 4.807788e-10, 4.168297e+01, 3.490240e-02
4.280000e+08, 2.687608e-02, 9.572662e-01, 6.690592e-01, -1.280813e+00, 1.371166e-09, 4.804647e-10, 4.172237e+01, 3.335141e-02
4.318000e+08, 2.676930e-02, 9.572193e-01, 6.363211e-01, -1.292284e+00, 1.344631e-09, 4.800428e-10, 4.175986e+01, 3.182688e-02
4.356000e+08, 2.668406e-02, 9.571572e-01, 6.042166e-01, -1.303746e+00, 1.318869e-09, 4.795277e-10, 4.179579e+01, 3.033167e-02
4.394000e+08, 2.662239e-02, 9.570821e-01, 5.727271e-01, -1.315195e+00, 1.294379e-09, 4.789358e-10, 4.183051e+01, 2.886718e-02
4.432000e+08, 2.658612e-02, 9.569962e-01, 5.418224e-01, -1.326630e+00, 1.271623e-09, 4.782848e-10, 4.186437e+01, 2.743334e-02
4.470000e+08, 2.657686e-02, 9.569021e-01, 5.114610e-01, -1.338050e+00, 1.251012e-09, 4.775932e-10, 4.189773e+01, 2.602870e-02
4.508000e+08, 2.659597e-02, 9.568022e-01, 4.815917e-01, -1.349453e+00, 1.232890e-09, 4.768800e-10, 4.193089e+01, 2.465045e-02
4.546000e+08, 2.664453e-02, 9.566995e-01, 4.521551e-01, -1.360839e+00, 1.217522e-09, 4.761642e-10, 4.196417e+01, 2.329459e-02
4.584000e+08, 2.672331e-02, 9.565965e-01, 4.230854e-01, -1.372208e+00, 1.205082e-09, 4.754643e-10, 4.199780e+01, 2.195604e-02
4.622000e+08, 2.683279e-02, 9.564960e-01, 3.943128e-01, -1.383560e+00, 1.195651e-09, 4.747978e-10, 4.203202e+01, 2.062884e-02
4.660000e+08, 2.697311e-02, 9.564004e-01, 3.657653e-01, -1.394896e+00, 1.189212e-09, 4.741811e-10, 4.206698e+01, 1.930627e-02
4.698000e+08, 2.714411e-02, 9.563121e-01, 3.373715e-01, -1.406218e+00, 1.185657e-09, 4.736288e-10, 4.210281e+01, 1.798114e-02
4.736000e+08, 2.734530e-02, 9.562332e-01, 3.090627e-01, -1.417526e+00, 1.184791e-09, 4.731538e-10, 4.213956e+01, 1.664592e-02
4.774000e+08, 2.757589e-02, 9.561656e-01, 2.807745e-01, -1.428823e+00, 1.186344e-09, 4.727666e-10, 4.217725e+01, 1.529299e-02
4.812000e+08, 2.783481e-02, 9.561107e-01, 2.524492e-01, -1.440111e+00, 1.189985e-09, 4.724755e-10, 4.221582e+01, 1.391483e-02
4.850000e+08, 2.812071e-02, 9.560698e-01, 2.240370e-01, -1.451392e+00, 1.195338e-09, 4.722862e-10, 4.225518e+01, 1.250425e-02
4.888000e+08, 2.843202e-02, 9.560435e-01, 1.954970e-01, -1.462668e+00, 1.201996e-09, 4.722020e-10, 4.229518e+01, 1.105456e-02
4.926000e+08, 2.876694e-02, 9.560325e-01, 1.667980e-01, -1.473943e+00, 1.209538e-09, 4.722235e-10, 4.233562e+01, 9.559721e-03
4.964000e+08, 2.912352e-02, 9.560367e-01, 1.379190e-01, -1.485218e+00, 1.217541e-09, 4.723486e-10, 4.237627e+01, 8.014554e-03
5.002000e+08, 2.949965e-02, 9.560557e-01, 1.088488e-01, -1.496495e+00, 1.225598e-09, 4.725733e-10, 4.241686e+01, 6.414825e-03
5.040000e+08, 2.989313e-02, 9.560890e-01, 7.958633e-02, -1.507779e+00, 1.233319e-09, 4.728907e-10, 4.245708e+01, 4.757362e-03
5.078000e+08, 3.030167e-02, 9.561356e-01, 5.013948e-02, -1.519069e+00, 1.240348e-09, 4.732924e-10, 4.249664e+01, 3.040129e-03
5.116000e+08, 3.072296e-02, 9.561940e-01, 2.052481e-02, -1.530370e+00, 1.246363e-09, 4.737678e-10, 4.253519e+01, 1.262268e-03
5.154000e+08, 3.115470e-02, 9.562628e-01, -9.233492e-03, -1.541682e+00, 1.251085e-09, 4.743050e-10, 4.257241e+01, -5.758841e-04
5.192000e+08, 3.159460e-02, 9.563402e-01, -3.910452e-02, -1.553006e+00, 1.254272e-09, 4.748909e-10, 4.260797e+01, -2.472817e-03
5.230000e+08, 3.204045e-02, 9.564241e-01, -6.905165e-02, -1.564345e+00, 1.255727e-09, 4.755114e-10, 4.264155e+01, -4.425890e-03
5.268000e+08, 3.249011e-02, 9.565126e-01, -9.903351e-02, -1.575698e+00, 1.255293e-09, 4.761520e-10, 4.267286e+01, -6.431406e-03
5.306000e+08, 3.294159e-02, 9.566033e-01, -1.290050e-01, -1.587067e+00, 1.252855e-09, 4.767980e-10, 4.270164e+01, -8.484709e-03
5.344000e+08, 3.339301e-02, 9.566942e-01, -1.589183e-01, -1.598451e+00, 1.248333e-09, 4.774349e-10, 4.272764e+01, -1.058031e-02
5.382000e+08, 3.384268e-02, 9.567830e-01, -1.887237e-01, -1.609850e+00, 1.241685e-09, 4.780486e-10, 4.275067e+01, -1.271201e-02
5.420000e+08, 3.428908e-02, 9.568677e-01, -2.183703e-01, -1.621264e+00, 1.232902e-09, 4.786261e-10, 4.277057e+01, -1.487309e-02
5.458000e+08, 3.473089e-02, 9.569462e-01, -2.478071e-01, -1.632692e+00, 1.222004e-09, 4.791551e-10, 4.278724e+01, -1.705642e-02
5.496000e+08, 3.516701e-02, 9.570168e-01, -2.769838e-01, -1.644132e+00, 1.209043e-09, 4.796251e-10, 4.280060e+01, -1.925467e-02
5.534000e+08, 3.559655e-02, 9.570778e-01, -3.058511e-01, -1.655584e+00, 1.194096e-09, 4.800268e-10, 4.281065e+01, -2.146049e-02
5.572000e+08, 3.601886e-02, 9.571278e-01, -3.343615e-01, -1.667045e+00, 1.177266e-09, 4.803528e-10, 4.281740e+01, -2.366662e-02
5.610000e+08, 3.643353e-02, 9.571658e-01, -3.624700e-01, -1.678514e+00, 1.158678e-09, 4.805975e-10, 4.282092e+01, -2.586612e-02
5.648000e+08, 3.684038e-02, 9.571909e-01, -3.901347e-01, -1.689989e+00, 1.138480e-09, 4.807574e-10, 4.282134e+01, -2.805247e-02
5.686000e+08, 3.723947e-02, 9.572025e-01, -4.173171e-01, -1.701467e+00, 1.116839e-09, 4.808307e-10, 4.281880e+01, -3.021973e-02
5.724000e+08, 3.763109e-02, 9.572004e-01, -4.439829e-01, -1.712948e+00, 1.093944e-09, 4.808178e-10, 4.281349e+01, -3.236263e-02
5.762000e+08, 3.801575e-02, 9.571845e-01, -4.701020e-01, -1.724428e+00, 1.069996e-09, 4.807208e-10, 4.280560e+01, -3.447672e-02
5.800000e+08, 3.839416e-02, 9.571554e-01, -4.956494e-01, -1.735905e+00, 1.045216e-09, 4.805437e-10, 4.279538e+01, -3.655837e-02
5.838000e+08, 3.876722e-02, 9.571134e-01, -5.206051e-01, -1.747379e+00, 1.019834e-09, 4.802922e-10, 4.278306e+01, -3.860488e-02
5.876000e+08, 3.913601e-02, 9.570596e-01, -5.449548e-01, -1.758846e+00, 9.940936e-10, 4.799734e-10, 4.276890e+01, -4.061450e-02
5.914000e+08, 3.950176e-02, 9.569949e-01, -5.686898e-01, -1.770306e+00, 9.682427e-10, 4.795957e-10, 4.275315e+01, -4.258638e-02
5.952000e+08, 3.986581e-02, 9.569206e-01, -5.918077e-01, -1.781757e+00, 9.425350e-10, 4.791686e-10, 4.273605e+01, -4.452062e-02
5.990000e+08, 4.022960e-02, 9.568382e-01, -6.143118e-01, -1.793198e+00, 9.172238e-10, 4.787024e-10, 4.271784e+01, -4.641819e-02
6.028000e+08, 4.059462e-02, 9.567493e-01, -6.362115e-01, -1.804627e+00, 8.925576e-10, 4.782080e-10, 4.269874e+01, -4.828086e-02
6.066000e+08, 4.096241e-02, 9.566554e-01, -6.575223e-01, -1.816045e+00, 8.687763e-10, 4.776967e-10, 4.267895e+01, -5.011114e-02
6.104000e+08, 4.133447e-02, 9.565584e-01, -6.782653e-01, -1.827451e+00, 8.461054e-10, 4.771796e-10, 4.265863e+01, -5.191216e-02
6.142000e+08, 4.171228e-02, 9.564599e-01, -6.984670e-01, -1.838844e+00, 8.247518e-10, 4.766679e-10, 4.263792e+01, -5.368756e-02
6.180000e+08, 4.209723e-02, 9.563616e-01, -7.181588e-01, -1.850225e+00, 8.048988e-10, 4.761721e-10, 4.261695e+01, -5.544138e-02
6.218000e+08, 4.249061e-02, 9.562651e-01, -7.373767e-01, -1.861594e+00, 7.867014e-10, 4.757024e-10, 4.259577e+01, -5.717794e-02
6.256000e+08, 4.289356e-02, 9.561721e-01, -7.561601e-01, -1.872952e+00, 7.702829e-10, 4.752676e-10, 4.257442e+01, -5.890166e-02
6.294000e+08, 4.330703e-02, 9.560838e-01, -7.745514e-01, -1.884299e+00, 7.557315e-10, 4.748760e-10, 4.255292e+01, -6.061696e-02
6.332000e+08, 4.373180e-02, 9.560016e-01, -7.925953e-01, -1.895638e+00, 7.430986e-10, 4.745344e-10, 4.253123e+01, -6.232814e-02
6.370000e+08, 4.416843e-02, 9.559265e-01, -8.103376e-01, -1.906968e+00, 7.323974e-10, 4.742482e-10, 4.250928e+01, -6.403923e-02
6.408000e+08, 4.461723e-02, 9.558594e-01, -8.278244e-01, -1.918291e+00, 7.236031e-10, 4.740217e-10, 4.248699e+01, -6.575389e-02
6.446000e+08, 4.507827e-02, 9.558010e-01, -8.451013e-01, -1.929609e+00, 7.166544e-10, 4.738575e-10, 4.246423e+01, -6.747528e-02
6.484000e+08, 4.555139e-02, 9.557517e-01, -8.622122e-01, -1.940922e+00, 7.114559e-10, 4.737567e-10, 4.244087e+01, -6.920602e-02
6.522000e+08, 4.603618e-02, 9.557118e-01, -8.791990e-01, -1.952234e+00, 7.078813e-10, 4.737191e-10, 4.241675e+01, -7.094806e-02
6.560000e+08, 4.653197e-02, 9.556812e-01, -8.961004e-01, -1.963545e+00, 7.057776e-10, 4.737429e-10, 4.239169e+01, -7.270267e-02
6.598000e+08, 4.703790e-02, 9.556599e-01, -9.129516e-01, -1.974856e+00, 7.049700e-10, 4.738252e-10, 4.236552e+01, -7.447039e-02
6.636000e+08, 4.755287e-02, 9.556472e-01, -9.297836e-01, -1.986169e+00, 7.052673e-10, 4.739617e-10, 4.233805e+01, -7.625099e-02
6.674000e+08, 4.807564e-02, 9.556428e-01, -9.466226e-01, -1.997485e+00, 7.064665e-10, 4.741470e-10, 4.230910e+01, -7.804351e-02
6.712000e+08, 4.860477e-02, 9.556457e-01, -9.634903e-01, -2.008806e+00, 7.083590e-10, 4.743749e-10, 4.227850e+01, -7.984626e-02
6.750000e+08, 4.913872e-02, 9.556552e-01, -9.804031e-01, -2.020132e+00, 7.107350e-10, 4.746382e-10, 4.224609e+01, -8.165685e-02
6.788000e+08, 4.967584e-02, 9.556702e-01, -9.973727e-01, -2.031465e+00, 7.133882e-10, 4.749293e-10, 4.221173e+01, -8.347228e-02
6.826000e+08, 5.021441e-02, 9.556895e-01, -1.014406e+00, -2.042804e+00, 7.161205e-10, 4.752401e-10, 4.217529e+01, -8.528899e-02
6.864000e+08, 5.075270e-02, 9.557121e-01, -1.031504e+00, -2.054151e+00, 7.187448e-10, 4.755624e-10, 4.213667e+01, -8.710295e-02
6.902000e+08, 5.128898e-02, 9.557367e-01, -1.048665e+00, -2.065506e+00, 7.210885e-10, 4.758878e-10, 4.209581e+01, -8.890974e-02
6.940000e+08, 5.182152e-02, 9.557620e-01, -1.065881e+00, -2.076868e+00, 7.229959e-10, 4.762084e-10, 4.205265e+01, -9.070469e-02
6.978000e+08, 5.234870e-02, 9.557870e-01, -1.083144e+00, -2.088238e+00, 7.243297e-10, 4.765163e-10, 4.200719e+01, -9.248295e-02
7.016000e+08, 5.286897e-02, 9.558104e-01, -1.100438e+00, -2.099615e+00, 7.249728e-10, 4.768044e-10, 4.195944e+01, -9.423964e-02
7.054000e+08, 5.338089e-02, 9.558311e-01, -1.117747e+00, -2.110999e+00, 7.248285e-10, 4.770661e-10, 4.190944e+01, -9.596990e-02
7.092000e+08, 5.388320e-02, 9.558483e-01, -1.135054e+00, -2.122390e+00, 7.238214e-10, 4.772956e-10, 4.185726e+01, -9.766908e-02
7.130000e+08, 5.437475e-02, 9.558610e-01, -1.152336e+00, -2.133786e+00, 7.218974e-10, 4.774882e-10, 4.180302e+01, -9.933277e-02
7.168000e+08, 5.485462e-02, 9.558686e-01, -1.169572e+00, -2.145186e+00, 7.190233e-10, 4.776399e-10, 4.174683e+01, -1.009569e-01
7.206000e+08, 5.532205e-02, 9.558704e-01, -1.186739e+00, -2.156591e+00, 7.151863e-10, 4.777481e-10, 4.168883e+01, -1.025380e-01
7.244000e+08, 5.577650e-02, 9.558660e-01, -1.203815e+00, -2.167997e+00, 7.103935e-10, 4.778111e-10, 4.162919e+01, -1.040728e-01
7.282000e+08, 5.621761e-02, 9.558552e-01, -1.220776e+00, -2.179406e+00, 7.046711e-10, 4.778282e-10, 4.156809e+01, -1.055588e-01
7.320000e+08, 5.664526e-02, 9.558379e-01, -1.237601e+00, -2.190814e+00, 6.980631e-10, 4.777999e-10, 4.150571e+01, -1.069943e-01
7.358000e+08, 5.705953e-02, 9.558141e-01, -1.254268e+00, -2.202222e+00, 6.906301e-10, 4.777279e-10, 4.144224e+01, -1.083777e-01
7.396000e+08, 5.746068e-02, 9.557840e-01, -1.270758e+00, -2.213629e+00, 6.824484e-10, 4.776147e-10, 4.137788e+01, -1.097087e-01
7.434000e+08, 5.784918e-02, 9.557481e-01, -1.287052e+00, -2.225032e+00, 6.736081e-10, 4.774636e-10, 4.131281e+01, -1.109870e-01
7.472000e+08, 5.822567e-02, 9.557068e-01, -1.303135e+00, -2.236432e+00, 6.642115e-10, 4.772788e-10, 4.124722e+01, -1.122134e-01
7.510000e+08, 5.859095e-02, 9.556607e-01, -1.318994e+00, -2.247828e+00, 6.543716e-10, 4.770654e-10, 4.118127e+01, -1.133890e-01
7.548000e+08, 5.894598e-02, 9.556106e-01, -1.334618e+00, -2.259218e+00, 6.442096e-10, 4.768287e-10, 4.111513e+01, -1.145156e-01
7.586000e+08, 5.929181e-02, 9.555572e-01, -1.349999e+00, -2.270603e+00, 6.338532e-10, 4.765744e-10, 4.104894e+01, -1.155953e-01
7.624000e+08, 5.962959e-02, 9.555015e-01, -1.365133e+00, -2.281982e+00, 6.234340e-10, 4.763088e-10, 4.098281e+01, -1.166308e-01
7.662000e+08, 5.996057e-02, 9.554442e-01, -1.380018e+00, -2.293354e+00, 6.130851e-10, 4.760379e-10, 4.091684e+01, -1.176248e-01
7.700000e+08, 6.028601e-02, 9.553863e-01, -1.394656e+00, -2.304720e+00, 6.029386e-10, 4.757680e-10, 4.085111e+01, -1.185805e-01
7.738000e+08, 6.060718e-02, 9.553288e-01, -1.409052e+00, -2.316080e+00, 5.931229e-10, 4.755049e-10, 4.078567e+01, -1.195012e-01
7.776000e+08, 6.092536e-02, 9.552725e-01, -1.423213e+00, -2.327433e+00, 5.837600e-10, 4.752542e-10, 4.072055e+01, -1.203901e-01
7.814000e+08, 6.124176e-02, 9.552183e-01, -1.437151e+00, -2.338780e+00, 5.749630e-10, 4.750212e-10, 4.065576e+01, -1.212506e-01
7.852000e+08, 6.155752e-02, 9.551668e-01, -1.450879e+00, -2.350122e+00, 5.668337e-10, 4.748105e-10, 4.059128e+01, -1.220856e-01
7.890000e+08, 6.187371e-02, 9.551189e-01, -1.464413e+00, -2.361458e+00, 5.594601e-10, 4.746261e-10, 4.052706e+01, -1.228982e-01
7.928000e+08, 6.219123e-02, 9.550751e-01, -1.477771e+00, -2.372791e+00, 5.529148e-10, 4.744712e-10, 4.046306e+01, -1.236908e-01
7.966000e+08, 6.251088e-02, 9.550360e-01, -1.490972e+00, -2.384119e+00, 5.472534e-10, 4.743483e-10, 4.039921e+01, -1.244658e-01
8.004000e+08, 6.283327e-02, 9.550018e-01, -1.504039e+00, -2.395445e+00, 5.425131e-10, 4.742591e-10, 4.033541e+01, -1.252249e-01
8.042000e+08, 6.315886e-02, 9.549730e-01, -1.516992e+00, -2.406768e+00, 5.387122e-10, 4.742046e-10, 4.027157e+01, -1.259695e-01
8.080000e+08, 6.348791e-02, 9.549496e-01, -1.529854e+00, -2.418090e+00, 5.358498e-10, 4.741847e-10, 4.020759e+01, -1.267005e-01
8.118000e+08, 6.382050e-02, 9.549316e-01, -1.542648e+00, -2.429412e+00, 5.339066e-10, 4.741988e-10, 4.014337e+01, -1.274182e-01
8.156000e+08, 6.415650e-02, 9.549190e-01, -1.555396e+00, -2.440734e+00, 5.328450e-10, 4.742453e-10, 4.007880e+01, -1.281224e-01
8.194000e+08, 6.449563e-02, 9.549116e-01, -1.568118e+00, -2.452057e+00, 5.326109e-10, 4.743222e-10, 4.001377e+01, -1.288124e-01
8.232000e+08, 6.483739e-02, 9.549090e-01, -1.580835e+00, -2.463382e+00, 5.331354e-10, 4.744266e-10, 3.994818e+01, -1.294871e-01
8.270000e+08, 6.518113e-02, 9.549109e-01, -1.593564e+00, -2.474709e+00, 5.343366e-10, 4.745552e-10, 3.988197e+01, -1.301448e-01
8.308000e+08, 6.552607e-02, 9.549167e-01, -1.606322e+00, -2.486040e+00, 5.361220e-10, 4.747043e-10, 3.981504e+01, -1.307834e-01
8.346000e+08, 6.587125e-02, 9.549261e-01, -1.619122e+00, -2.497374e+00, 5.383908e-10, 4.748698e-10, 3.974733e+01, -1.314006e-01
8.384000e+08, 6.621564e-02, 9.549382e-01, -1.631977e+00, -2.508712e+00, 5.410369e-10, 4.750473e-10, 3.967882e+01, -1.319937e-01
8.422000e+08, 6.655809e-02, 9.549525e-01, -1.644895e+00, -2.520054e+00, 5.439507e-10, 4.752325e-10, 3.960946e+01, -1.325597e-01
8.460000e+08, 6.689740e-02, 9.549684e-01, -1.657882e+00, -2.531401e+00, 5.470226e-10, 4.754207e-10, 3.953925e+01, -1.330954e-01
8.498000e+08, 6.723232e-02, 9.549851e-01, -1.670943e+00, -2.542752e+00, 5.501442e-10, 4.756075e-10, 3.946821e+01, -1.335979e-01
8.536000e+08, 6.756159e-02, 9.550020e-01, -1.684078e+00, -2.554108e+00, 5.532113e-10, 4.757888e-10, 3.939636e+01, -1.340637e-01
8.574000e+08, 6.788396e-02, 9.550184e-01, -1.697287e+00, -2.565468e+00, 5.561259e-10, 4.759606e-10, 3.932376e+01, -1.344900e-01
8.612000e+08, 6.819822e-02, 9.550338e-01, -1.710565e+00, -2.576832e+00, 5.587971e-10, 4.761191e-10, 3.925046e+01, -1.348736e-01
8.650000e+08, 6.850320e-02, 9.550476e-01, -1.723907e+00, -2.588200e+00, 5.611434e-10, 4.762613e-10, 3.917657e+01, -1.352120e-01
8.688000e+08, 6.879783e-02, 9.550593e-01, -1.737305e+00, -2.599571e+00, 5.630936e-10, 4.763843e-10, 3.910217e+01, -1.355025e-01
8.726000e+08, 6.908112e-02, 9.550685e-01, -1.750749e+00, -2.610945e+00, 5.645875e-10, 4.764858e-10, 3.902737e+01, -1.357431e-01
8.764000e+08, 6.935221e-02, 9.550747e-01, -1.764229e+00, -2.622322e+00, 5.655771e-10, 4.765644e-10, 3.895230e+01, -1.359320e-01
8.802000e+08, 6.961036e-02, 9.550778e-01, -1.777733e+00, -2.633701e+00, 5.660264e-10, 4.766187e-10, 3.887709e+01, -1.360679e-01
8.840000e+08, 6.985497e-02, 9.550776e-01, -1.791247e+00, -2.645080e+00, 5.659122e-10, 4.766484e-10, 3.880186e+01, -1.361498e-01
8.878000e+08, 7.008559e-02, 9.550739e-01, -1.804759e+00, -2.656461e+00, 5.652237e-10, 4.766535e-10, 3.872675e+01, -1.361773e-01
8.916000e+08, 7.030191e-02, 9.550668e-01, -1.818255e+00, -2.667841e+00, 5.639626e-10, 4.766345e-10, 3.865190e+01, -1.361503e-01
8.954000e+08, 7.050379e-02, 9.550563e-01, -1.831720e+00, -2.679222e+00, 5.621422e-10, 4.765925e-10, 3.857743e+01, -1.360693e-01
8.992000e+08, 7.069124e-02, 9.550426e-01, -1.845142e+00, -2.690601e+00, 5.597878e-10, 4.765292e-10, 3.850348e+01, -1.359352e-01
9.030000e+08, 7.086440e-02, 9.550258e-01, -1.858507e+00, -2.701978e+00, 5.569348e-10, 4.764465e-10, 3.843015e+01, -1.357491e-01
9.068000e+08, 7.102358e-02, 9.550063e-01, -1.871805e+00, -2.713354e+00, 5.536289e-10, 4.763467e-10, 3.835756e+01, -1.355126e-01
9.106000e+08, 7.116919e-02, 9.549844e-01, -1.885023e+00, -2.724727e+00, 5.499241e-10, 4.762325e-10, 3.828580e+01, -1.352277e-01
9.144000e+08, 7.130176e-02, 9.549605e-01, -1.898153e+00, -2.736098e+00, 5.458826e-10, 4.761067e-10, 3.821495e+01, -1.348964e-01
9.182000e+08, 7.142195e-02, 9.549350e-01, -1.911187e+00, -2.747466e+00, 5.415723e-10, 4.759723e-10, 3.814508e+01, -1.345212e-01
9.220000e+08, 7.153047e-02, 9.549084e-01, -1.924117e+00, -2.758830e+00, 5.370667e-10, 4.758324e-10, 3.807623e+01, -1.341045e-01
9.258000e+08, 7.162811e-02, 9.548810e-01, -1.936940e+00, -2.770191e+00, 5.324422e-10, 4.756899e-10, 3.800845e+01, -1.336488e-01
9.296000e+08, 7.171572e-02, 9.548535e-01, -1.949653e+00, -2.781549e+00, 5.277773e-10, 4.755478e-10, 3.794176e+01, -1.331568e-01
9.334000e+08, 7.179415e-02, 9.548262e-01, -1.962254e+00, -2.792903e+00, 5.231509e-10, 4.754091e-10, 3.787617e+01, -1.326308e-01
9.372000e+08, 7.186427e-02, 9.547996e-01, -1.974745e+00, -2.804254e+00, 5.186402e-10, 4.752762e-10, 3.781166e+01, -1.320735e-01
9.410000e+08, 7.192693e-02, 9.547742e-01, -1.987128e+00, -2.815601e+00, 5.143195e-10, 4.751517e-10, 3.774822e+01, -1.314868e-01
9.448000e+08, 7.198296e-02, 9.547502e-01, -1.999408e+00, -2.826946e+00, 5.102587e-10, 4.750377e-10, 3.768582e+01, -1.308730e-01
9.486000e+08, 7.203310e-02, 9.547281e-01, -2.011591e+00, -2.838288e+00, 5.065212e-10, 4.749359e-10, 3.762442e+01, -1.302336e-01
9.524000e+08, 7.207805e-02, 9.547082e-01, -2.023685e+00, -2.849628e+00, 5.031633e-10, 4.748478e-10, 3.756397e+01, -1.295702e-01
9.562000e+08, 7.211840e-02, 9.546907e-01, -2.035698e+00, -2.860965e+00, 5.002325e-10, 4.747746e-10, 3.750441e+01, -1.288840e-01
9.600000e+08, 7.215466e-02, 9.546759e-01, -2.047642e+00, -2.872301e+00, 4.977665e-10, 4.747170e-10, 3.744570e+01, -1.281756e-01
9.638000e+08, 7.218720e-02, 9.546638e-01, -2.059527e+00, -2.883636e+00, 4.957928e-10, 4.746754e-10, 3.738778e+01, -1.274456e-01
9.676000e+08, 7.221628e-02, 9.546547e-01, -2.071364e+00, -2.894969e+00, 4.943278e-10, 4.746498e-10, 3.733058e+01, -1.266942e-01
9.714000e+08, 7.224206e-02, 9.546485e-01, -2.083167e+00, -2.906302e+00, 4.933767e-10, 4.746400e-10, 3.727406e+01, -1.259210e-01
9.752000e+08, 7.226451e-02, 9.546453e-01, -2.094947e+00, -2.917634e+00, 4.929337e-10, 4.746454e-10, 3.721817e+01, -1.251256e-01
9.790000e+08, 7.228354e-02, 9.546449e-01, -2.106716e+00, -2.928967e+00, 4.929818e-10, 4.746651e-10, 3.716287e+01, -1.243073e-01
9.828000e+08, 7.229887e-02, 9.546474e-01, -2.118487e+00, -2.940300e+00, 4.934940e-10, 4.746981e-10, 3.710812e+01, -1.234648e-01
9.866000e+08, 7.231016e-02, 9.546525e-01, -2.130269e+00, -2.951634e+00, 4.944337e-10, 4.747430e-10, 3.705392e+01, -1.225971e-01
9.904000e+08, 7.231693e-02, 9.546602e-01, -2.142075e+00, -2.962969e+00, 4.957558e-10, 4.747984e-10, 3.700023e+01, -1.217027e-01
9.942000e+08, 7.231859e-02, 9.546701e-01, -2.153911e+00, -2.974305e+00, 4.974078e-10, 4.748626e-10, 3.694707e+01, -1.207801e-01
9.980000e+08, 7.231450e-02, 9.546822e-01, -2.165788e+00, -2.985643e+00, 4.993313e-10, 4.749342e-10, 3.689444e+01, -1.198278e-01
1.001800e+09, 7.230392e-02, 9.546961e-01, -2.177710e+00, -2.996983e+00, 5.014635e-10, 4.750113e-10, 3.684237e+01, -1.188442e-01
1.005600e+09, 7.228609e-02, 9.547116e-01, -2.189683e+00, -3.008324e+00, 5.037382e-10, 4.750923e-10, 3.679090e+01, -1.178279e-01
1.009400e+09, 7.226019e-02, 9.547285e-01, -2.201710e+00, -3.019668e+00, 5.060882e-10, 4.751756e-10, 3.674007e+01, -1.167774e-01
1.013200e+09, 7.222540e-02, 9.547465e-01, -2.213793e+00, -3.031013e+00, 5.084457e-10, 4.752596e-10, 3.668994e+01, -1.156916e-01
1.017000e+09, 7.218089e-02, 9.547653e-01, -2.225933e+00, -3.042360e+00, 5.107446e-10, 4.753428e-10, 3.664057e+01, -1.145694e-01
1.020800e+09, 7.212587e-02, 9.547847e-01, -2.238128e+00, -3.053710e+00, 5.129215e-10, 4.754240e-10, 3.659204e+01, -1.134101e-01
1.024600e+09, 7.205955e-02, 9.548046e-01, -2.250374e+00, -3.065061e+00, 5.149171e-10, 4.755020e-10, 3.654442e+01, -1.122131e-01
1.028400e+09, 7.198124e-02, 9.548246e-01, -2.262668e+00, -3.076414e+00, 5.166770e-10, 4.755758e-10, 3.649781e+01, -1.109783e-01
1.032200e+09, 7.189029e-02, 9.548446e-01, -2.275005e+00, -3.087769e+00, 5.181533e-10, 4.756446e-10, 3.645228e+01, -1.097057e-01
1.036000e+09, 7.178614e-02, 9.548645e-01, -2.287376e+00, -3.099126e+00, 5.193048e-10, 4.757078e-10, 3.640793e+01, -1.083959e-01
1.039800e+09, 7.166831e-02, 9.548841e-01, -2.299775e+00, -3.110484e+00, 5.200982e-10, 4.757648e-10, 3.636484e+01, -1.070495e-01
1.043600e+09, 7.153644e-02, 9.549032e-01, -2.312193e+00, -3.121843e+00, 5.205085e-10, 4.758154e-10, 3.632310e+01, -1.056677e-01
1.047400e+09, 7.139026e-02, 9.549219e-01, -2.324621e+00, -3.133204e+00, 5.205191e-10, 4.758596e-10, 3.628278e+01, -1.042519e-01
1.051200e+09, 7.122962e-02, 9.549400e-01, -2.337049e+00, 3.138620e+00, 5.201225e-10, 4.758972e-10, 3.624396e+01, -1.028037e-01
1.055000e+09, 7.105449e-02, 9.549575e-01, -2.349467e+00, 3.127257e+00, 5.193202e-10, 4.759286e-10, 3.620671e+01, -1.013251e-01
1.058800e+09, 7.086494e-02, 9.549744e-01, -2.361867e+00, 3.115894e+00, 5.181223e-10, 4.759540e-10, 3.617108e+01, -9.981821e-02
1.062600e+09, 7.066116e-02, 9.549906e-01, -2.374237e+00, 3.104530e+00, 5.165479e-10, 4.759737e-10, 3.613711e+01, -9.828541e-02
1.066400e+09, 7.044343e-02, 9.550062e-01, -2.386570e+00, 3.093166e+00, 5.146240e-10, 4.759883e-10, 3.610486e+01, -9.672914e-02
1.070200e+09, 7.021214e-02, 9.550213e-01, -2.398858e+00, 3.081801e+00, 5.123855e-10, 4.759982e-10, 3.607433e+01, -9.515195e-02
1.074000e+09, 6.996777e-02, 9.550358e-01, -2.411091e+00, 3.070436e+00, 5.098745e-10, 4.760039e-10, 3.604554e+01, -9.355645e-02
1.077800e+09, 6.971086e-02, 9.550498e-01, -2.423265e+00, 3.059071e+00, 5.071391e-10, 4.760061e-10, 3.601851e+01, -9.194520e-02
1.081600e+09, 6.944202e-02, 9.550634e-01, -2.435374e+00, 3.047706e+00, 5.042328e-10, 4.760054e-10, 3.599321e+01, -9.032074e-02
1.085400e+09, 6.916192e-02, 9.550767e-01, -2.447413e+00, 3.036341e+00, 5.012136e-10, 4.760022e-10, 3.596964e+01, -8.868549e-02
1.089200e+09, 6.887125e-02, 9.550897e-01, -2.459380e+00, 3.024976e+00, 4.981424e-10, 4.759971e-10, 3.594777e+01, -8.704173e-02
1.093000e+09, 6.857072e-02, 9.551025e-01, -2.471274e+00, 3.013611e+00, 4.950822e-10, 4.759906e-10, 3.592755e+01, -8.539153e-02
1.096800e+09, 6.826105e-02, 9.551152e-01, -2.483094e+00, 3.002246e+00, 4.920966e-10, 4.759831e-10, 3.590895e+01, -8.373678e-02
1.100600e+09, 6.794293e-02, 9.551278e-01, -2.494844e+00, 2.990881e+00, 4.892485e-10, 4.759751e-10, 3.589192e+01, -8.207910e-02
1.104400e+09, 6.761705e-02, 9.551405e-01, -2.506525e+00, 2.979517e+00, 4.865991e-10, 4.759670e-10, 3.587641e+01, -8.041986e-02
1.108200e+09, 6.728402e-02, 9.551532e-01, -2.518143e+00, 2.968152e+00, 4.842059e-10, 4.759590e-10, 3.586236e+01, -7.876015e-02
1.112000e+09, 6.694441e-02, 9.551661e-01, -2.529704e+00, 2.956788e+00, 4.821221e-10, 4.759515e-10, 3.584972e+01, -7.710076e-02
1.115800e+09, 6.659873e-02, 9.551792e-01, -2.541215e+00, 2.945425e+00, 4.803953e-10, 4.759446e-10, 3.583843e+01, -7.544223e-02
1.119600e+09, 6.624738e-02, 9.551926e-01, -2.552685e+00, 2.934061e+00, 4.790660e-10, 4.759386e-10, 3.582844e+01, -7.378482e-02
1.123400e+09, 6.589069e-02, 9.552063e-01, -2.564123e+00, 2.922697e+00, 4.781674e-10, 4.759335e-10, 3.581970e+01, -7.212851e-02
1.127200e+09, 6.552889e-02, 9.552204e-01, -2.575540e+00, 2.911334e+00, 4.777242e-10, 4.759296e-10, 3.581217e+01, -7.047309e-02
1.131000e+09, 6.516211e-02, 9.552349e-01, -2.586946e+00, 2.899971e+00, 4.777519e-10, 4.759270e-10, 3.580581e+01, -6.881813e-02
1.134800e+09, 6.479037e-02, 9.552498e-01, -2.598353e+00, 2.888607e+00, 4.782570e-10, 4.759257e-10, 3.580059e+01, -6.716301e-02
1.138600e+09, 6.441360e-02, 9.552653e-01, -2.609772e+00, 2.877244e+00, 4.792366e-10, 4.759258e-10, 3.579649e+01, -6.550702e-02
1.142400e+09, 6.403160e-02, 9.552813e-01, -2.621214e+00, 2.865881e+00, 4.806783e-10, 4.759274e-10, 3.579351e+01, -6.384933e-02
1.146200e+09, 6.364410e-02, 9.552979e-01, -2.632691e+00, 2.854517e+00, 4.825609e-10, 4.759305e-10, 3.579163e+01, -6.218907e-02
1.150000e+09, 6.325075e-02, 9.553151e-01, -2.644213e+00, 2.843154e+00, 4.848547e-10, 4.759352e-10, 3.579086e+01, -6.052539e-02
1.153800e+09, 6.285109e-02, 9.553329e-01, -2.655789e+00, 2.831791e+00, 4.875223e-10, 4.759417e-10, 3.579122e+01, -5.885745e-02
1.157600e+09, 6.244461e-02, 9.553514e-01, -2.667429e+00, 2.820427e+00, 4.905195e-10, 4.759499e-10, 3.579273e+01, -5.718451e-02
1.161400e+09, 6.203074e-02, 9.553706e-01, -2.679141e+00, 2.809063e+00, 4.937963e-10, 4.759600e-10, 3.579544e+01, -5.550595e-02
1.165200e+09, 6.160886e-02, 9.553905e-01, -2.690931e+00, 2.797699e+00, 4.972979e-10, 4.759720e-10, 3.579937e+01, -5.382132e-02
1.169000e+09, 6.117834e-02, 9.554111e-01, -2.702805e+00, 2.786335e+00, 5.009661e-10, 4.759861e-10, 3.580458e+01, -5.213036e-02
1.172800e+09, 6.073851e-02, 9.554325e-01, -2.714766e+00, 2.774970e+00, 5.047405e-10, 4.760025e-10, 3.581111e+01, -5.043302e-02
1.176600e+09, 6.028870e-02, 9.554546e-01, -2.726817e+00, 2.763605e+00, 5.085598e-10, 4.760211e-10, 3.581904e+01, -4.872951e-02
1.180400e+09, 5.982829e-02, 9.554775e-01, -2.738959e+00, 2.752239e+00, 5.123629e-10, 4.760421e-10, 3.582840e+01, -4.702028e-02
1.184200e+09, 5.935663e-02, 9.555012e-01, -2.751193e+00, 2.740873e+00, 5.160904e-10, 4.760657e-10, 3.583928e+01, -4.530605e-02
1.188000e+09, 5.887317e-02, 9.555258e-01, -2.763515e+00, 2.729507e+00, 5.196854e-10, 4.760919e-10, 3.585172e+01, -4.358782e-02
1.191800e+09, 5.837736e-02, 9.555511e-01, -2.775923e+00, 2.718140e+00, 5.230950e-10, 4.761208e-10, 3.586578e+01, -4.186685e-02
1.195600e+09, 5.786876e-02, 9.555772e-01, -2.788412e+00, 2.706772e+00, 5.262710e-10, 4.761526e-10, 3.588152e+01, -4.014464e-02
1.199400e+09, 5.734697e-02, 9.556041e-01, -2.800978e+00, 2.695403e+00, 5.291709e-10, 4.761871e-10, 3.589899e+01, -3.842295e-02
1.203200e+09, 5.681168e-02, 9.556319e-01, -2.813612e+00, 2.684033e+00, 5.317587e-10, 4.762245e-10, 3.591824e+01, -3.670373e-02
1.207000e+09, 5.626268e-02, 9.556603e-01, -2.826308e+00, 2.672663e+00, 5.340056e-10, 4.762648e-10, 3.593929e+01, -3.498913e-02
1.210800e+09, 5.569982e-02, 9.556896e-01, -2.839058e+00, 2.661292e+00, 5.358904e-10, 4.763078e-10, 3.596219e+01, -3.328144e-02
1.214600e+09, 5.512309e-02, 9.557195e-01, -2.851853e+00, 2.649919e+00, 5.374001e-10, 4.763535e-10, 3.598695e+01, -3.158309e-02
1.218400e+09, 5.453252e-02, 9.557501e-01, -2.864684e+00, 2.638546e+00, 5.385302e-10, 4.764018e-10, 3.601359e+01, -2.989655e-02
1.222200e+09, 5.392827e-02, 9.557813e-01, -2.877542e+00, 2.627171e+00, 5.392849e-10, 4.764526e-10, 3.604210e+01, -2.822436e-02
1.226000e+09, 5.331057e-02, 9.558132e-01, -2.890418e+00, 2.615795e+00, 5.396770e-10, 4.765056e-10, 3.607248e+01, -2.656905e-02
1.229800e+09, 5.267974e-02, 9.558455e-01, -2.903304e+00, 2.604418e+00, 5.397282e-10, 4.765606e-10, 3.610471e+01, -2.493311e-02
1.233600e+09, 5.203618e-02, 9.558783e-01, -2.916190e+00, 2.593040e+00, 5.394685e-10, 4.766175e-10, 3.613877e+01, -2.331893e-02
1.237400e+09, 5.138035e-02, 9.559115e-01, -2.929071e+00, 2.581660e+00, 5.389362e-10, 4.766759e-10, 3.617463e+01, -2.172882e-02
1.241200e+09, 5.071276e-02, 9.559451e-01, -2.941939e+00, 2.570279e+00, 5.381775e-10, 4.767356e-10, 3.621223e+01, -2.016489e-02
1.245000e+09, 5.003401e-02, 9.559790e-01, -2.954788e+00, 2.558896e+00, 5.372460e-10, 4.767962e-10, 3.625153e+01, -1.862912e-02
1.248800e+09, 4.934468e-02, 9.560130e-01, -2.967615e+00, 2.547512e+00, 5.362019e-10, 4.768576e-10, 3.629247e+01, -1.712324e-02
1.252600e+09, 4.864542e-02, 9.560472e-01, -2.980418e+00, 2.536127e+00, 5.351114e-10, 4.769195e-10, 3.633500e+01, -1.564879e-02
1.256400e+09, 4.793688e-02, 9.560814e-01, -2.993194e+00, 2.524740e+00, 5.340457e-10, 4.769815e-10, 3.637905e+01, -1.420704e-02
1.260200e+09, 4.721969e-02, 9.561156e-01, -3.005945e+00, 2.513351e+00, 5.330805e-10, 4.770435e-10, 3.642455e+01, -1.279906e-02
1.264000e+09, 4.649451e-02, 9.561498e-01, -3.018673e+00, 2.501961e+00, 5.322946e-10, 4.771052e-10, 3.647144e+01, -1.142561e-02
1.267800e+09, 4.576193e-02, 9.561837e-01, -3.031382e+00, 2.490570e+00, 5.317689e-10, 4.771663e-10, 3.651965e+01, -1.008726e-02
1.271600e+09, 4.502255e-02, 9.562175e-01, -3.044079e+00, 2.479177e+00, 5.315855e-10, 4.772268e-10, 3.656911e+01, -8.784321e-03
1.275400e+09, 4.427689e-02, 9.562510e-01, -3.056771e+00, 2.467783e+00, 5.318265e-10, 4.772863e-10, 3.661976e+01, -7.516875e-03
1.279200e+09, 4.352545e-02, 9.562842e-01, -3.069469e+00, 2.456387e+00, 5.325730e-10, 4.773448e-10, 3.667155e+01, -6.284820e-03
1.283000e+09, 4.276863e-02, 9.563169e-01, -3.082185e+00, 2.444990e+00, 5.339041e-10, 4.774022e-10, 3.672441e+01, -5.087871e-03
1.286800e+09, 4.200679e-02, 9.563492e-01, -3.094932e+00, 2.433592e+00, 5.358957e-10, 4.774582e-10, 3.677831e+01, -3.925596e-03
1.290600e+09, 4.124021e-02, 9.563810e-01, -3.107727e+00, 2.422192e+00, 5.386203e-10, 4.775130e-10, 3.683321e+01, -2.797444e-03
1.294400e+09, 4.046909e-02, 9.564123e-01, -3.120587e+00, 2.410791e+00, 5.421458e-10, 4.775662e-10, 3.688906e+01, -1.702784e-03
1.298200e+09, 3.969356e-02, 9.564429e-01, -3.133532e+00, 2.399388e+00, 5.465354e-10, 4.776180e-10, 3.694585e+01, -6.409315e-04
1.302000e+09, 3.891367e-02, 9.564730e-01, 3.136604e+00, 2.387984e+00, 5.518476e-10, 4.776683e-10, 3.700355e+01, 3.888112e-04
1.305800e+09, 3.812939e-02, 9.565023e-01, 3.123428e+00, 2.376580e+00, 5.581357e-10, 4.777170e-10, 3.706215e+01, 1.387123e-03
1.309600e+09, 3.734064e-02, 9.565310e-01, 3.110102e+00, 2.365174e+00, 5.654490e-10, 4.777641e-10, 3.712166e+01, 2.354630e-03
1.313400e+09, 3.654725e-02, 9.565589e-01, 3.096602e+00, 2.353766e+00, 5.738329e-10, 4.778096e-10, 3.718207e+01, 3.291875e-03
1.317200e+09, 3.574900e-02, 9.565861e-01, 3.082901e+00, 2.342358e+00, 5.833303e-10, 4.778534e-10, 3.724339e+01, 4.199291e-03
1.321000e+09, 3.494565e-02, 9.566124e-01, 3.068973e+00, 2.330949e+00, 5.939832e-10, 4.778955e-10, 3.730564e+01, 5.077176e-03
1.324800e+09, 3.413687e-02, 9.566379e-01, 3.054791e+00, 2.319539e+00, 6.058345e-10, 4.779358e-10, 3.736884e+01, 5.925669e-03
1.328600e+09, 3.332235e-02, 9.566626e-01, 3.040326e+00, 2.308127e+00, 6.189304e-10, 4.779744e-10, 3.743300e+01, 6.744740e-03
1.332400e+09, 3.250174e-02, 9.566864e-01, 3.025548e+00, 2.296715e+00, 6.333232e-10, 4.780112e-10, 3.749815e+01, 7.534177e-03
1.336200e+09, 3.167468e-02, 9.567094e-01, 3.010427e+00, 2.285302e+00, 6.490748e-10, 4.780462e-10, 3.756432e+01, 8.293577e-03
1.340000e+09, 3.084082e-02, 9.567314e-01, 2.994930e+00, 2.273888e+00, 6.662608e-10, 4.780792e-10, 3.763153e+01, 9.022350e-03
1.343800e+09, 2.999985e-02, 9.567525e-01, 2.979022e+00, 2.262474e+00, 6.849750e-10, 4.781103e-10, 3.769981e+01, 9.719720e-03
1.347600e+09, 2.915145e-02, 9.567727e-01, 2.962668e+00, 2.251058e+00, 7.053353e-10, 4.781395e-10, 3.776917e+01, 1.038474e-02
1.351400e+09, 2.829538e-02, 9.567919e-01, 2.945827e+00, 2.239642e+00, 7.274902e-10, 4.781666e-10, 3.783963e+01, 1.101628e-02
1.355200e+09, 2.743143e-02, 9.568102e-01, 2.928457e+00, 2.228225e+00, 7.516268e-10, 4.781918e-10, 3.791121e+01, 1.161311e-02
1.359000e+09, 2.655945e-02, 9.568276e-01, 2.910511e+00, 2.216808e+00, 7.779806e-10, 4.782149e-10, 3.798392e+01, 1.217382e-02
1.362800e+09, 2.567937e-02, 9.568440e-01, 2.891936e+00, 2.205390e+00, 8.068472e-10, 4.782361e-10, 3.805775e+01, 1.269695e-02
1.366600e+09, 2.479120e-02, 9.568595e-01, 2.872672e+00, 2.193972e+00, 8.385970e-10, 4.782554e-10, 3.813270e+01, 1.318095e-02
1.370400e+09, 2.389504e-02, 9.568741e-01, 2.852649e+00, 2.182553e+00, 8.736937e-10, 4.782728e-10, 3.820875e+01, 1.362422e-02
1.374200e+09, 2.299109e-02, 9.568878e-01, 2.831789e+00, 2.171133e+00, 9.127177e-10, 4.782885e-10, 3.828589e+01, 1.402516e-02
1.378000e+09, 2.207964e-02, 9.569007e-01, 2.809997e+00, 2.159714e+00, 9.563963e-10, 4.783026e-10, 3.836409e+01, 1.438218e-02
1.381800e+09, 2.116111e-02, 9.569126e-01, 2.787162e+00, 2.148294e+00, 1.005643e-09, 4.783152e-10, 3.844331e+01, 1.469373e-02
1.385600e+09, 2.023606e-02, 9.569238e-01, 2.763151e+00, 2.136874e+00, 1.061607e-09, 4.783267e-10, 3.852351e+01, 1.495836e-02
1.389400e+09, 1.930516e-02, 9.569342e-01, 2.737804e+00, 2.125453e+00, 1.125746e-09, 4.783373e-10, 3.860464e+01, 1.517469e-02
1.393200e+09, 1.836926e-02, 9.569439e-01, 2.710925e+00, 2.114032e+00, 1.199911e-09, 4.783472e-10, 3.868665e+01, 1.534147e-02
1.397000e+09, 1.742940e-02, 9.569529e-01, 2.682276e+00, 2.102611e+00, 1.286477e-09, 4.783567e-10, 3.876946e+01, 1.545761e-02
1.400800e+09, 1.648681e-02, 9.569612e-01, 2.651560e+00, 2.091190e+00, 1.388503e-09, 4.783663e-10, 3.885303e+01, 1.552215e-02
1.404600e+09, 1.554300e-02, 9.569690e-01, 2.618408e+00, 2.079768e+00, 1.509967e-09, 4.783763e-10, 3.893726e+01, 1.553434e-02
1.408400e+09, 1.459979e-02, 9.569762e-01, 2.582356e+00, 2.068346e+00, 1.656075e-09, 4.783870e-10, 3.902211e+01, 1.549359e-02
1.412200e+09, 1.365945e-02, 9.569829e-01, 2.542815e+00, 2.056924e+00, 1.833688e-09, 4.783989e-10, 3.910748e+01, 1.539949e-02
1.416000e+09, 1.272478e-02, 9.569892e-01, 2.499034e+00, 2.045502e+00, 2.051886e-09, 4.784123e-10, 3.919330e+01, 1.525183e-02
1.419800e+09, 1.179933e-02, 9.569951e-01, 2.450043e+00, 2.034080e+00, 2.322695e-09, 4.784277e-10, 3.927951e+01, 1.505057e-02
1.423600e+09, 1.088768e-02, 9.570006e-01, 2.394586e+00, 2.022657e+00, 2.661920e-09, 4.784453e-10, 3.936601e+01, 1.479585e-02
1.427400e+09, 9.995884e-03, 9.570058e-01, 2.331030e+00, 2.011233e+00, 3.089876e-09, 4.784656e-10, 3.945275e+01, 1.448797e-02
1.431200e+09, 9.132017e-03, 9.570107e-01, 2.257256e+00, 1.999809e+00, 3.631315e-09, 4.784887e-10, 3.953966e+01, 1.412738e-02
1.435000e+09, 8.307093e-03, 9.570152e-01, 2.170554e+00, 1.988385e+00, 4.312769e-09, 4.785150e-10, 3.962666e+01, 1.371464e-02
1.438800e+09, 7.536213e-03, 9.570195e-01, 2.067582e+00, 1.976960e+00, 5.153455e-09, 4.785446e-10, 3.971370e+01, 1.325043e-02
1.442600e+09, 6.839987e-03, 9.570235e-01, 1.944537e+00, 1.965534e+00, 6.143282e-09, 4.785776e-10, 3.980072e+01, 1.273552e-02
1.446400e+09, 6.245744e-03, 9.570272e-01, 1.797860e+00, 1.954107e+00, 7.203599e-09, 4.786141e-10, 3.988768e+01, 1.217073e-02
1.450200e+09, 5.787284e-03, 9.570305e-01, 1.625866e+00, 1.942680e+00, 8.147615e-09, 4.786539e-10, 3.997453e+01, 1.155689e-02
1.454000e+09, 5.500906e-03, 9.570334e-01, 1.431333e+00, 1.931252e+00, 8.703508e-09, 4.786970e-10, 4.006122e+01, 1.089489e-02
1.457800e+09, 5.416123e-03, 9.570358e-01, 1.223527e+00, 1.919822e+00, 8.659512e-09, 4.787432e-10, 4.014773e+01, 1.018557e-02
1.461600e+09, 5.544197e-03, 9.570378e-01, 1.016771e+00, 1.908392e+00, 8.032125e-09, 4.787921e-10, 4.023403e+01, 9.429734e-03
1.465400e+09, 5.873070e-03, 9.570391e-01, 8.249955e-01, 1.896960e+00, 7.051679e-09, 4.788433e-10, 4.032009e+01, 8.628150e-03
1.469200e+09, 6.373439e-03, 9.570397e-01, 6.566289e-01, 1.885527e+00, 5.984899e-09, 4.788963e-10, 4.040589e+01, 7.781493e-03
1.473000e+09, 7.010258e-03, 9.570396e-01, 5.137328e-01, 1.874093e+00, 5.004233e-09, 4.789508e-10, 4.049142e+01, 6.890355e-03
1.476800e+09, 7.751460e-03, 9.570385e-01, 3.942512e-01, 1.862657e+00, 4.177261e-09, 4.790059e-10, 4.057667e+01, 5.955222e-03
1.480600e+09, 8.571423e-03, 9.570363e-01, 2.945145e-01, 1.851221e+00, 3.508668e-09, 4.790611e-10, 4.066161e+01, 4.976469e-03
1.484400e+09, 9.451028e-03, 9.570330e-01, 2.107412e-01, 1.839782e+00, 2.977526e-09, 4.791156e-10, 4.074625e+01, 3.954354e-03
1.488200e+09, 1.037643e-02, 9.570284e-01, 1.396495e-01, 1.828343e+00, 2.557284e-09, 4.791688e-10, 4.083057e+01, 2.889019e-03
1.492000e+09, 1.133770e-02, 9.570223e-01, 7.859149e-02, 1.816902e+00, 2.223736e-09, 4.792198e-10, 4.091455e+01, 1.780487e-03
1.495800e+09, 1.232768e-02, 9.570147e-01, 2.549732e-02, 1.805460e+00, 1.957204e-09, 4.792680e-10, 4.099820e+01, 6.286731e-04
1.499600e+09, 1.334118e-02, 9.570053e-01, -2.123308e-02, 1.794017e+00, 1.742432e-09, 4.793125e-10, 4.108148e+01, -5.666067e-04
1.503400e+09, 1.437437e-02, 9.569942e-01, -6.283556e-02, 1.782573e+00, 1.567828e-09, 4.793528e-10, 4.116438e+01, -1.805626e-03
1.507200e+09, 1.542440e-02, 9.569811e-01, -1.002692e-01, 1.771128e+00, 1.424633e-09, 4.793881e-10, 4.124689e+01, -3.088728e-03
1.511000e+09, 1.648909e-02, 9.569659e-01, -1.342839e-01, 1.759682e+00, 1.306214e-09, 4.794179e-10, 4.132896e+01, -4.416314e-03
1.514800e+09, 1.756677e-02, 9.569487e-01, -1.654712e-01, 1.748236e+00, 1.207518e-09, 4.794416e-10, 4.141058e+01, -5.788818e-03
1.518600e+09, 1.865610e-02, 9.569292e-01, -1.943020e-01, 1.736788e+00, 1.124665e-09, 4.794588e-10, 4.149169e+01, -7.206687e-03
1.522400e+09, 1.975598e-02, 9.569074e-01, -2.211546e-01, 1.725341e+00, 1.054647e-09, 4.794692e-10, 4.157226e+01, -8.670362e-03
1.526200e+09, 2.086550e-02, 9.568834e-01, -2.463355e-01, 1.713893e+00, 9.951099e-10, 4.794726e-10, 4.165224e+01, -1.018026e-02
1.530000e+09, 2.198386e-02, 9.568570e-01, -2.700948e-01, 1.702445e+00, 9.441897e-10, 4.794689e-10, 4.173158e+01, -1.173673e-02
1.533800e+09, 2.311037e-02, 9.568282e-01, -2.926384e-01, 1.690997e+00, 9.003995e-10, 4.794580e-10, 4.181020e+01, -1.334007e-02
1.537600e+09, 2.424437e-02, 9.567972e-01, -3.141365e-01, 1.679550e+00, 8.625398e-10, 4.794400e-10, 4.188806e+01, -1.499048e-02
1.541400e+09, 2.538524e-02, 9.567638e-01, -3.347305e-01, 1.668102e+00, 8.296351e-10, 4.794154e-10, 4.196509e+01, -1.668805e-02
1.545200e+09, 2.653240e-02, 9.567282e-01, -3.545390e-01, 1.656656e+00, 8.008851e-10, 4.793843e-10, 4.204120e+01, -1.843276e-02
1.549000e+09, 2.768526e-02, 9.566904e-01, -3.736610e-01, 1.645210e+00, 7.756283e-10, 4.793472e-10, 4.211632e+01, -2.022444e-02
1.552800e+09, 2.884328e-02, 9.566505e-01, -3.921800e-01, 1.633765e+00, 7.533147e-10, 4.793048e-10, 4.219039e+01, -2.206280e-02
1.556600e+09, 3.000588e-02, 9.566087e-01, -4.101662e-01, 1.622321e+00, 7.334840e-10, 4.792577e-10, 4.226332e+01, -2.394738e-02
1.560400e+09, 3.117251e-02, 9.565650e-01, -4.276790e-01, 1.610878e+00, 7.157494e-10, 4.792066e-10, 4.233503e+01, -2.587759e-02
1.564200e+09, 3.234263e-02, 9.565195e-01, -4.447683e-01, 1.599437e+00, 6.997849e-10, 4.791523e-10, 4.240545e+01, -2.785269e-02
1.568000e+09, 3.351570e-02, 9.564724e-01, -4.614764e-01, 1.587996e+00, 6.853149e-10, 4.790957e-10, 4.247449e+01, -2.987179e-02
1.571800e+09, 3.469121e-02, 9.564239e-01, -4.778391e-01, 1.576558e+00, 6.721066e-10, 4.790375e-10, 4.254210e+01, -3.193388e-02
1.575600e+09, 3.586863e-02, 9.563740e-01, -4.938863e-01, 1.565120e+00, 6.599632e-10, 4.789788e-10, 4.260820e+01, -3.403781e-02
1.579400e+09, 3.704750e-02, 9.563230e-01, -5.096437e-01, 1.553684e+00, 6.487189e-10, 4.789203e-10, 4.267272e+01, -3.618234e-02
1.583200e+09, 3.822736e-02, 9.562709e-01, -5.251326e-01, 1.542249e+00, 6.382346e-10, 4.788629e-10, 4.273560e+01, -3.836612e-02
1.587000e+09, 3.940777e-02, 9.562179e-01, -5.403711e-01, 1.530816e+00, 6.283944e-10, 4.788074e-10, 4.279679e+01, -4.058776e-02
1.590800e+09, 4.058836e-02, 9.561641e-01, -5.553747e-01, 1.519384e+00, 6.191024e-10, 4.787544e-10, 4.285624e+01, -4.284577e-02
1.594600e+09, 4.176877e-02, 9.561097e-01, -5.701565e-01, 1.507953e+00, 6.102805e-10, 4.787048e-10, 4.291391e+01, -4.513866e-02
1.598400e+09, 4.294869e-02, 9.560547e-01, -5.847276e-01, 1.496523e+00, 6.018658e-10, 4.786590e-10, 4.296975e+01, -4.746491e-02
1.602200e+09, 4.412786e-02, 9.559993e-01, -5.990978e-01, 1.485095e+00, 5.938089e-10, 4.786174e-10, 4.302374e+01, -4.982302e-02
1.606000e+09, 4.530606e-02, 9.559434e-01, -6.132757e-01, 1.473667e+00, 5.860721e-10, 4.785805e-10, 4.307585e+01, -5.221151e-02
1.609800e+09, 4.648313e-02, 9.558872e-01, -6.272688e-01, 1.462241e+00, 5.786279e-10, 4.785484e-10, 4.312606e+01, -5.462895e-02
1.613600e+09, 4.765893e-02, 9.558307e-01, -6.410842e-01, 1.450815e+00, 5.714573e-10, 4.785213e-10, 4.317436e+01, -5.707397e-02
1.617400e+09, 4.883339e-02, 9.557739e-01, -6.547283e-01, 1.439389e+00, 5.645488e-10, 4.784990e-10, 4.322073e+01, -5.954527e-02
1.621200e+09, 5.000649e-02, 9.557168e-01, -6.682076e-01, 1.427965e+00, 5.578972e-10, 4.784815e-10, 4.326517e+01, -6.204166e-02
1.625000e+09, 5.117822e-02, 9.556594e-01, -6.815280e-01, 1.416541e+00, 5.515018e-10, 4.784684e-10, 4.330767e+01, -6.456204e-02
1.628800e+09, 5.234864e-02, 9.556016e-01, -6.946957e-01, 1.405117e+00, 5.453664e-10, 4.784594e-10, 4.334823e+01, -6.710540e-02
1.632600e+09, 5.351782e-02, 9.555433e-01, -7.077169e-01, 1.393693e+00, 5.394971e-10, 4.784539e-10, 4.338685e+01, -6.967086e-02
1.636400e+09, 5.468586e-02, 9.554846e-01, -7.205980e-01, 1.382269e+00, 5.339024e-10, 4.784513e-10, 4.342354e+01, -7.225765e-02
1.640200e+09, 5.585290e-02, 9.554253e-01, -7.333455e-01, 1.370846e+00, 5.285917e-10, 4.784509e-10, 4.345829e+01, -7.486508e-02
1.644000e+09, 5.701908e-02, 9.553653e-01, -7.459662e-01, 1.359422e+00, 5.235745e-10, 4.784521e-10, 4.349109e+01, -7.749258e-02
1.647800e+09, 5.818454e-02, 9.553044e-01, -7.584671e-01, 1.347999e+00, 5.188601e-10, 4.784539e-10, 4.352195e+01, -8.013966e-02
1.651600e+09, 5.934945e-02, 9.552427e-01, -7.708555e-01, 1.336575e+00, 5.144564e-10, 4.784555e-10, 4.355086e+01, -8.280591e-02
1.655400e+09, 6.051394e-02, 9.551799e-01, -7.831387e-01, 1.325151e+00, 5.103698e-10, 4.784561e-10, 4.357782e+01, -8.549099e-02
1.659200e+09, 6.167814e-02, 9.551160e-01, -7.953244e-01, 1.313728e+00, 5.066046e-10, 4.784548e-10, 4.360280e+01, -8.819458e-02
1.663000e+09, 6.284219e-02, 9.550508e-01, -8.074201e-01, 1.302304e+00, 5.031622e-10, 4.784508e-10, 4.362579e+01, -9.091641e-02
1.666800e+09, 6.400616e-02, 9.549842e-01, -8.194336e-01, 1.290880e+00, 5.000415e-10, 4.784433e-10, 4.364677e+01, -9.365621e-02
1.670600e+09, 6.517011e-02, 9.549161e-01, -8.313727e-01, 1.279457e+00, 4.972381e-10, 4.784316e-10, 4.366572e+01, -9.641370e-02
1.674400e+09, 6.633408e-02, 9.548465e-01, -8.432448e-01, 1.268034e+00, 4.947446e-10, 4.784150e-10, 4.368260e+01, -9.918856e-02
1.678200e+09, 6.749804e-02, 9.547751e-01, -8.550574e-01, 1.256611e+00, 4.925503e-10, 4.783929e-10, 4.369739e+01, -1.019804e-01
1.682000e+09, 6.866194e-02, 9.547021e-01, -8.668176e-01, 1.245189e+00, 4.906416e-10, 4.783649e-10, 4.371004e+01, -1.047889e-01
1.685800e+09, 6.982567e-02, 9.546272e-01, -8.785322e-01, 1.233768e+00, 4.890018e-10, 4.783306e-10, 4.372052e+01, -1.076134e-01
1.689600e+09, 7.098909e-02, 9.545505e-01, -8.902076e-01, 1.222347e+00, 4.876115e-10, 4.782898e-10, 4.372879e+01, -1.104533e-01
1.693400e+09, 7.215200e-02, 9.544721e-01, -9.018499e-01, 1.210927e+00, 4.864490e-10, 4.782423e-10, 4.373479e+01, -1.133079e-01
1.697200e+09, 7.331416e-02, 9.543917e-01, -9.134644e-01, 1.199509e+00, 4.854905e-10, 4.781882e-10, 4.373849e+01, -1.161764e-01
1.701000e+09, 7.447529e-02, 9.543096e-01, -9.250560e-01, 1.188091e+00, 4.847105e-10, 4.781277e-10, 4.373983e+01, -1.190578e-01
1.704800e+09, 7.563507e-02, 9.542258e-01, -9.366290e-01, 1.176676e+00, 4.840824e-10, 4.780608e-10, 4.373879e+01, -1.219509e-01
1.708600e+09, 7.679314e-02, 9.541403e-01, -9.481870e-01, 1.165261e+00, 4.835788e-10, 4.779881e-10, 4.373531e+01, -1.248546e-01
1.712400e+09, 7.794910e-02, 9.540531e-01, -9.597330e-01, 1.153849e+00, 4.831720e-10, 4.779101e-10, 4.372935e+01, -1.277674e-01
1.716200e+09, 7.910255e-02, 9.539645e-01, -9.712693e-01, 1.142438e+00, 4.828346e-10, 4.778272e-10, 4.372088e+01, -1.306878e-01
1.720000e+09, 8.025305e-02, 9.538745e-01, -9.827975e-01, 1.131030e+00, 4.825396e-10, 4.777402e-10, 4.370986e+01, -1.336143e-01
1.723800e+09, 8.140013e-02, 9.537833e-01, -9.943186e-01, 1.119623e+00, 4.822614e-10, 4.776498e-10, 4.369628e+01, -1.365452e-01
1.727600e+09, 8.254336e-02, 9.536909e-01, -1.005833e+00, 1.108219e+00, 4.819757e-10, 4.775568e-10, 4.368011e+01, -1.394786e-01
1.731400e+09, 8.368228e-02, 9.535975e-01, -1.017341e+00, 1.096816e+00, 4.816601e-10, 4.774620e-10, 4.366133e+01, -1.424127e-01
1.735200e+09, 8.481643e-02, 9.535033e-01, -1.028841e+00, 1.085416e+00, 4.812944e-10, 4.773663e-10, 4.363994e+01, -1.453456e-01
1.739000e+09, 8.594538e-02, 9.534085e-01, -1.040332e+00, 1.074019e+00, 4.808610e-10, 4.772705e-10, 4.361593e+01, -1.482753e-01
1.742800e+09, 8.706872e-02, 9.533131e-01, -1.051814e+00, 1.062623e+00, 4.803449e-10, 4.771754e-10, 4.358932e+01, -1.512000e-01
1.746600e+09, 8.818607e-02, 9.532173e-01, -1.063282e+00, 1.051230e+00, 4.797342e-10, 4.770819e-10, 4.356012e+01, -1.541176e-01
1.750400e+09, 8.929707e-02, 9.531213e-01, -1.074736e+00, 1.039840e+00, 4.790198e-10, 4.769907e-10, 4.352834e+01, -1.570263e-01
1.754200e+09, 9.040140e-02, 9.530252e-01, -1.086174e+00, 1.028451e+00, 4.781958e-10, 4.769025e-10, 4.349401e+01, -1.599242e-01
1.758000e+09, 9.149879e-02, 9.529292e-01, -1.097591e+00, 1.017064e+00, 4.772595e-10, 4.768179e-10, 4.345718e+01, -1.628096e-01
1.761800e+09, 9.258901e-02, 9.528332e-01, -1.108986e+00, 1.005680e+00, 4.762111e-10, 4.767374e-10, 4.341787e+01, -1.656808e-01
1.765600e+09, 9.367187e-02, 9.527375e-01, -1.120356e+00, 9.942971e-01, 4.750539e-10, 4.766614e-10, 4.337613e+01, -1.685362e-01
1.769400e+09, 9.474725e-02, 9.526421e-01, -1.131699e+00, 9.829163e-01, 4.737939e-10, 4.765903e-10, 4.333200e+01, -1.713743e-01
1.773200e+09, 9.581505e-02, 9.525471e-01, -1.143011e+00, 9.715371e-01, 4.724399e-10, 4.765242e-10, 4.328555e+01, -1.741937e-01
1.777000e+09, 9.687524e-02, 9.524524e-01, -1.154291e+00, 9.601596e-01, 4.710028e-10, 4.764632e-10, 4.323682e+01, -1.769934e-01
1.780800e+09, 9.792781e-02, 9.523582e-01, -1.165537e+00, 9.487835e-01, 4.694957e-10, 4.764072e-10, 4.318586e+01, -1.797722e-01
1.784600e+09, 9.897283e-02, 9.522645e-01, -1.176746e+00, 9.374088e-01, 4.679337e-10, 4.763560e-10, 4.313274e+01, -1.825291e-01
1.788400e+09, 1.000104e-01, 9.521711e-01, -1.187919e+00, 9.260352e-01, 4.663328e-10, 4.763095e-10, 4.307750e+01, -1.852634e-01
1.792200e+09, 1.010406e-01, 9.520782e-01, -1.199053e+00, 9.146628e-01, 4.647106e-10, 4.762671e-10, 4.302020e+01, -1.879743e-01
1.796000e+09, 1.020635e-01, 9.519856e-01, -1.210149e+00, 9.032914e-01, 4.630848e-10, 4.762285e-10, 4.296090e+01, -1.906614e-01
1.799800e+09, 1.030795e-01, 9.518933e-01, -1.221205e+00, 8.919209e-01, 4.614739e-10, 4.761929e-10, 4.289964e+01, -1.933242e-01
1.803600e+09, 1.040886e-01, 9.518012e-01, -1.232223e+00, 8.805513e-01, 4.598959e-10, 4.761599e-10, 4.283646e+01, -1.959622e-01
1.807400e+09, 1.050911e-01, 9.517093e-01, -1.243204e+00, 8.691825e-01, 4.583684e-10, 4.761287e-10, 4.277141e+01, -1.985751e-01
1.811200e+09, 1.060871e-01, 9.516174e-01, -1.254148e+00, 8.578144e-01, 4.569081e-10, 4.760984e-10, 4.270452e+01, -2.011628e-01
1.815000e+09, 1.070769e-01, 9.515255e-01, -1.265057e+00, 8.464470e-01, 4.555304e-10, 4.760684e-10, 4.263584e+01, -2.037250e-01
1.818800e+09, 1.080606e-01, 9.514334e-01, -1.275934e+00, 8.350803e-01, 4.542493e-10, 4.760379e-10, 4.256538e+01, -2.062614e-01
1.822600e+09, 1.090384e-01, 9.513411e-01, -1.286779e+00, 8.237144e-01, 4.530767e-10, 4.760060e-10, 4.249316e+01, -2.087720e-01
1.826400e+09, 1.100104e-01, 9.512484e-01, -1.297597e+00, 8.123492e-01, 4.520226e-10, 4.759720e-10, 4.241922e+01, -2.112564e-01
1.830200e+09, 1.109768e-01, 9.511553e-01, -1.308389e+00, 8.009849e-01, 4.510946e-10, 4.759352e-10, 4.234357e+01, -2.137144e-01
1.834000e+09, 1.119376e-01, 9.510617e-01, -1.319160e+00, 7.896214e-01, 4.502980e-10, 4.758949e-10, 4.226621e+01, -2.161456e-01
1.837800e+09, 1.128928e-01, 9.509675e-01, -1.329911e+00, 7.782589e-01, 4.496354e-10, 4.758505e-10, 4.218715e+01, -2.185497e-01
1.841600e+09, 1.138424e-01, 9.508726e-01, -1.340647e+00, 7.668974e-01, 4.491069e-10, 4.758014e-10, 4.210641e+01, -2.209261e-01
1.845400e+09, 1.147864e-01, 9.507770e-01, -1.351370e+00, 7.555371e-01, 4.487102e-10, 4.757473e-10, 4.202399e+01, -2.232742e-01
1.849200e+09, 1.157246e-01, 9.506807e-01, -1.362083e+00, 7.441782e-01, 4.484403e-10, 4.756878e-10, 4.193990e+01, -2.255933e-01
1.853000e+09, 1.166568e-01, 9.505836e-01, -1.372790e+00, 7.328206e-01, 4.482900e-10, 4.756227e-10, 4.185413e+01, -2.278826e-01
1.856800e+09, 1.175830e-01, 9.504857e-01, -1.383494e+00, 7.214646e-01, 4.482500e-10, 4.755518e-10, 4.176670e+01, -2.301411e-01
1.860600e+09, 1.185027e-01, 9.503871e-01, -1.394196e+00, 7.101102e-01, 4.483088e-10, 4.754753e-10, 4.167761e+01, -2.323678e-01
1.864400e+09, 1.194158e-01, 9.502878e-01, -1.404900e+00, 6.987577e-01, 4.484535e-10, 4.753931e-10, 4.158686e+01, -2.345615e-01
1.868200e+09, 1.203218e-01, 9.501879e-01, -1.415607e+00, 6.874072e-01, 4.486697e-10, 4.753056e-10, 4.149449e+01, -2.367210e-01
1.872000e+09, 1.212204e-01, 9.500873e-01, -1.426320e+00, 6.760588e-01, 4.489418e-10, 4.752130e-10, 4.140050e+01, -2.388450e-01
1.875800e+09, 1.221112e-01, 9.499863e-01, -1.437039e+00, 6.647125e-01, 4.492535e-10, 4.751159e-10, 4.130490e+01, -2.409319e-01
1.879600e+09, 1.229937e-01, 9.498849e-01, -1.447765e+00, 6.533686e-01, 4.495883e-10, 4.750146e-10, 4.120774e+01, -2.429803e-01
1.883400e+09, 1.238676e-01, 9.497832e-01, -1.458500e+00, 6.420271e-01, 4.499294e-10, 4.749099e-10, 4.110905e+01, -2.449887e-01
1.887200e+09, 1.247323e-01, 9.496813e-01, -1.469242e+00, 6.306881e-01, 4.502602e-10, 4.748024e-10, 4.100885e+01, -2.469555e-01
1.891000e+09, 1.255874e-01, 9.495795e-01, -1.479993e+00, 6.193517e-01, 4.505650e-10, 4.746928e-10, 4.090719e+01, -2.488793e-01
1.894800e+09, 1.264325e-01, 9.494778e-01, -1.490750e+00, 6.080179e-01, 4.508288e-10, 4.745819e-10, 4.080413e+01, -2.507583e-01
1.898600e+09, 1.272670e-01, 9.493764e-01, -1.501514e+00, 5.966867e-01, 4.510379e-10, 4.744704e-10, 4.069971e+01, -2.525912e-01
1.902400e+09, 1.280907e-01, 9.492754e-01, -1.512283e+00, 5.853582e-01, 4.511799e-10, 4.743591e-10, 4.059399e+01, -2.543765e-01
1.906200e+09, 1.289031e-01, 9.491750e-01, -1.523056e+00, 5.740323e-01, 4.512442e-10, 4.742488e-10, 4.048705e+01, -2.561129e-01
1.910000e+09, 1.297038e-01, 9.490754e-01, -1.533830e+00, 5.627091e-01, 4.512221e-10, 4.741403e-10, 4.037894e+01, -2.577990e-01
1.913800e+09, 1.304926e-01, 9.489767e-01, -1.544603e+00, 5.513885e-01, 4.511069e-10, 4.740342e-10, 4.026974e+01, -2.594337e-01
1.917600e+09, 1.312691e-01, 9.488790e-01, -1.555374e+00, 5.400704e-01, 4.508939e-10, 4.739312e-10, 4.015953e+01, -2.610159e-01
1.921400e+09, 1.320331e-01, 9.487825e-01, -1.566139e+00, 5.287548e-01, 4.505808e-10, 4.738319e-10, 4.004838e+01, -2.625448e-01
1.925200e+09, 1.327844e-01, 9.486873e-01, -1.576898e+00, 5.174415e-01, 4.501672e-10, 4.737368e-10, 3.993636e+01, -2.640195e-01
1.929000e+09, 1.335228e-01, 9.485935e-01, -1.587646e+00, 5.061305e-01, 4.496552e-10, 4.736464e-10, 3.982357e+01, -2.654395e-01
1.932800e+09, 1.342484e-01, 9.485011e-01, -1.598382e+00, 4.948217e-01, 4.490489e-10, 4.735609e-10, 3.971007e+01, -2.668042e-01
1.936600e+09, 1.349610e-01, 9.484104e-01, -1.609103e+00, 4.835149e-01, 4.483542e-10, 4.734806e-10, 3.959594e+01, -2.681134e-01
1.940400e+09, 1.356607e-01, 9.483214e-01, -1.619808e+00, 4.722101e-01, 4.475791e-10, 4.734056e-10, 3.948127e+01, -2.693667e-01
1.944200e+09, 1.363475e-01, 9.482340e-01, -1.630495e+00, 4.609070e-01, 4.467333e-10, 4.733360e-10, 3.936611e+01, -2.705641e-01
1.948000e+09, 1.370215e-01, 9.481483e-01, -1.641161e+00, 4.496056e-01, 4.458277e-10, 4.732717e-10, 3.925054e+01, -2.717058e-01
1.951800e+09, 1.376828e-01, 9.480645e-01, -1.651806e+00, 4.383057e-01, 4.448746e-10, 4.732125e-10, 3.913463e+01, -2.727917e-01
1.955600e+09, 1.383317e-01, 9.479823e-01, -1.662427e+00, 4.270072e-01, 4.438872e-10, 4.731582e-10, 3.901843e+01, -2.738223e-01
1.959400e+09, 1.389683e-01, 9.479019e-01, -1.673026e+00, 4.157100e-01, 4.428793e-10, 4.731084e-10, 3.890201e+01, -2.747977e-01
1.963200e+09, 1.395928e-01, 9.478233e-01, -1.683600e+00, 4.044140e-01, 4.418651e-10, 4.730628e-10, 3.878540e+01, -2.757184e-01
1.967000e+09, 1.402055e-01, 9.477463e-01, -1.694150e+00, 3.931191e-01, 4.408590e-10, 4.730208e-10, 3.866867e+01, -2.765849e-01
1.970800e+09, 1.408067e-01, 9.476710e-01, -1.704676e+00, 3.818252e-01, 4.398750e-10, 4.729819e-10, 3.855184e+01, -2.773974e-01
1.974600e+09, 1.413964e-01, 9.475973e-01, -1.715179e+00, 3.705323e-01, 4.389266e-10, 4.729456e-10, 3.843495e+01, -2.781566e-01
1.978400e+09, 1.419750e-01, 9.475251e-01, -1.725658e+00, 3.592402e-01, 4.380264e-10, 4.729112e-10, 3.831804e+01, -2.788627e-01
1.982200e+09, 1.425428e-01, 9.474543e-01, -1.736117e+00, 3.479489e-01, 4.371861e-10, 4.728782e-10, 3.820113e+01, -2.795162e-01
1.986000e+09, 1.430997e-01, 9.473850e-01, -1.746555e+00, 3.366584e-01, 4.364159e-10, 4.728460e-10, 3.808425e+01, -2.801173e-01
1.989800e+09, 1.436462e-01, 9.473171e-01, -1.756975e+00, 3.253687e-01, 4.357246e-10, 4.728139e-10, 3.796741e+01, -2.806664e-01
1.993600e+09, 1.441822e-01, 9.472504e-01, -1.767378e+00, 3.140797e-01, 4.351192e-10, 4.727815e-10, 3.785063e+01, -2.811635e-01
1.997400e+09, 1.447078e-01, 9.471850e-01, -1.777767e+00, 3.027916e-01, 4.346050e-10, 4.727483e-10, 3.773392e+01, -2.816087e-01
2.001200e+09, 1.452232e-01, 9.471208e-01, -1.788144e+00, 2.915042e-01, 4.341851e-10, 4.727138e-10, 3.761730e+01, -2.820021e-01
2.005000e+09, 1.457283e-01, 9.470577e-01, -1.798511e+00, 2.802176e-01, 4.338610e-10, 4.726777e-10, 3.750077e+01, -2.823435e-01
2.008800e+09, 1.462231e-01, 9.469958e-01, -1.808870e+00, 2.689319e-01, 4.336317e-10, 4.726397e-10, 3.738436e+01, -2.826326e-01
2.012600e+09, 1.467075e-01, 9.469349e-01, -1.819223e+00, 2.576471e-01, 4.334947e-10, 4.725995e-10, 3.726808e+01, -2.828690e-01
2.016400e+09, 1.471813e-01, 9.468752e-01, -1.829573e+00, 2.463633e-01, 4.334453e-10, 4.725571e-10, 3.715193e+01, -2.830525e-01
2.020200e+09, 1.476444e-01, 9.468166e-01, -1.839922e+00, 2.350805e-01, 4.334771e-10, 4.725124e-10, 3.703594e+01, -2.831824e-01
2.024000e+09, 1.480965e-01, 9.467590e-01, -1.850272e+00, 2.237987e-01, 4.335822e-10, 4.724655e-10, 3.692012e+01, -2.832581e-01
2.027800e+09, 1.485375e-01, 9.467027e-01, -1.860624e+00, 2.125181e-01, 4.337512e-10, 4.724165e-10, 3.680450e+01, -2.832789e-01
2.031600e+09, 1.489669e-01, 9.466475e-01, -1.870980e+00, 2.012386e-01, 4.339734e-10, 4.723656e-10, 3.668910e+01, -2.832442e-01
2.035400e+09, 1.493845e-01, 9.465936e-01, -1.881342e+00, 1.899604e-01, 4.342372e-10, 4.723132e-10, 3.657396e+01, -2.831531e-01
2.039200e+09, 1.497899e-01, 9.465409e-01, -1.891710e+00, 1.786834e-01, 4.345302e-10, 4.722597e-10, 3.645910e+01, -2.830049e-01
2.043000e+09, 1.501828e-01, 9.464897e-01, -1.902085e+00, 1.674076e-01, 4.348399e-10, 4.722054e-10, 3.634456e+01, -2.827989e-01
2.046800e+09, 1.505627e-01, 9.464399e-01, -1.912467e+00, 1.561332e-01, 4.351531e-10, 4.721508e-10, 3.623039e+01, -2.825341e-01
2.050600e+09, 1.509292e-01, 9.463916e-01, -1.922857e+00, 1.448601e-01, 4.354571e-10, 4.720964e-10, 3.611664e+01, -2.822101e-01
2.054400e+09, 1.512821e-01, 9.463450e-01, -1.933254e+00, 1.335883e-01, 4.357396e-10, 4.720429e-10, 3.600333e+01, -2.818260e-01
2.058200e+09, 1.516208e-01, 9.463000e-01, -1.943658e+00, 1.223177e-01, 4.359886e-10, 4.719906e-10, 3.589054e+01, -2.813813e-01
2.062000e+09, 1.519451e-01, 9.462569e-01, -1.954067e+00, 1.110484e-01, 4.361934e-10, 4.719401e-10, 3.577832e+01, -2.808756e-01
2.065800e+09, 1.522545e-01, 9.462157e-01, -1.964482e+00, 9.978033e-02, 4.363441e-10, 4.718920e-10, 3.566672e+01, -2.803084e-01
2.069600e+09, 1.525489e-01, 9.461764e-01, -1.974900e+00, 8.851338e-02, 4.364323e-10, 4.718467e-10, 3.555580e+01, -2.796795e-01
2.073400e+09, 1.528278e-01, 9.461392e-01, -1.985320e+00, 7.724752e-02, 4.364510e-10, 4.718046e-10, 3.544562e+01, -2.789888e-01
2.077200e+09, 1.530912e-01, 9.461041e-01, -1.995741e+00, 6.598267e-02, 4.363948e-10, 4.717660e-10, 3.533624e+01, -2.782362e-01
2.081000e+09, 1.533387e-01, 9.460713e-01, -2.006161e+00, 5.471873e-02, 4.362602e-10, 4.717314e-10, 3.522772e+01, -2.774219e-01
2.084800e+09, 1.535703e-01, 9.460406e-01, -2.016577e+00, 4.345563e-02, 4.360450e-10, 4.717009e-10, 3.512012e+01, -2.765461e-01
2.088600e+09, 1.537857e-01, 9.460123e-01, -2.026988e+00, 3.219325e-02, 4.357494e-10, 4.716746e-10, 3.501349e+01, -2.756093e-01
2.092400e+09, 1.539850e-01, 9.459862e-01, -2.037392e+00, 2.093149e-02, 4.353749e-10, 4.716527e-10, 3.490790e+01, -2.746121e-01
2.096200e+09, 1.541682e-01, 9.459625e-01, -2.047787e+00, 9.670263e-03, 4.349251e-10, 4.716351e-10, 3.480339e+01, -2.735549e-01
2.100000e+09, 1.543353e-01, 9.459412e-01, -2.058171e+00, -1.590547e-03, 4.344048e-10, 4.716218e-10, 3.470001e+01, -2.724387e-01
2.103800e+09, 1.544863e-01, 9.459221e-01, -2.068543e+00, -1.285104e-02, 4.338208e-10, 4.716124e-10, 3.459781e+01, -2.712642e-01
2.107600e+09, 1.546214e-01, 9.459055e-01, -2.078901e+00, -2.411131e-02, 4.331810e-10, 4.716069e-10, 3.449683e+01, -2.700325e-01
2.111400e+09, 1.547407e-01, 9.458911e-01, -2.089244e+00, -3.537144e-02, 4.324945e-10, 4.716048e-10, 3.439711e+01, -2.687444e-01
2.115200e+09, 1.548444e-01, 9.458790e-01, -2.099570e+00, -4.663153e-02, 4.317715e-10, 4.716058e-10, 3.429868e+01, -2.674012e-01
2.119000e+09, 1.549327e-01, 9.458691e-01, -2.109879e+00, -5.789164e-02, 4.310229e-10, 4.716095e-10, 3.420156e+01, -2.660037e-01
2.122800e+09, 1.550059e-01, 9.458615e-01, -2.120170e+00, -6.915183e-02, 4.302599e-10, 4.716154e-10, 3.410579e+01, -2.645533e-01
2.126600e+09, 1.550641e-01, 9.458559e-01, -2.130443e+00, -8.041217e-02, 4.294943e-10, 4.716230e-10, 3.401138e+01, -2.630508e-01
2.130400e+09, 1.551076e-01, 9.458525e-01, -2.140698e+00, -9.167269e-02, 4.287376e-10, 4.716319e-10, 3.391835e+01, -2.614975e-01
2.134200e+09, 1.551367e-01, 9.458512e-01, -2.150934e+00, -1.029334e-01, 4.280012e-10, 4.716417e-10, 3.382671e+01, -2.598943e-01
2.138000e+09, 1.551516e-01, 9.458518e-01, -2.161153e+00, -1.141944e-01, 4.272960e-10, 4.716518e-10, 3.373648e+01, -2.582422e-01
2.141800e+09, 1.551524e-01, 9.458544e-01, -2.171355e+00, -1.254556e-01, 4.266318e-10, 4.716618e-10, 3.364765e+01, -2.565421e-01
2.145600e+09, 1.551395e-01, 9.458590e-01, -2.181542e+00, -1.367170e-01, 4.260179e-10, 4.716715e-10, 3.356024e+01, -2.547949e-01
2.149400e+09, 1.551129e-01, 9.458654e-01, -2.191713e+00, -1.479787e-01, 4.254620e-10, 4.716806e-10, 3.347426e+01, -2.530012e-01
2.153200e+09, 1.550729e-01, 9.458737e-01, -2.201872e+00, -1.592406e-01, 4.249705e-10, 4.716889e-10, 3.338969e+01, -2.511617e-01
2.157000e+09, 1.550194e-01, 9.458839e-01, -2.212018e+00, -1.705027e-01, 4.245485e-10, 4.716961e-10, 3.330655e+01, -2.492771e-01
2.160800e+09, 1.549527e-01, 9.458960e-01, -2.222155e+00, -1.817650e-01, 4.241991e-10, 4.717024e-10, 3.322484e+01, -2.473477e-01
2.164600e+09, 1.548726e-01, 9.459100e-01, -2.232283e+00, -1.930274e-01, 4.239240e-10, 4.717079e-10, 3.314456e+01, -2.453740e-01
2.168400e+09, 1.547792e-01, 9.459259e-01, -2.242405e+00, -2.042899e-01, 4.237229e-10, 4.717125e-10, 3.306572e+01, -2.433563e-01
2.172200e+09, 1.546725e-01, 9.459437e-01, -2.252522e+00, -2.155526e-01, 4.235939e-10, 4.717167e-10, 3.298833e+01, -2.412949e-01
2.176000e+09, 1.545523e-01, 9.459635e-01, -2.262636e+00, -2.268154e-01, 4.235333e-10, 4.717208e-10, 3.291240e+01, -2.391900e-01
2.179800e+09, 1.544185e-01, 9.459854e-01, -2.272748e+00, -2.380782e-01, 4.235359e-10, 4.717252e-10, 3.283793e+01, -2.370416e-01
2.183600e+09, 1.542709e-01, 9.460093e-01, -2.282860e+00, -2.493412e-01, 4.235949e-10, 4.717304e-10, 3.276495e+01, -2.348501e-01
2.187400e+09, 1.541093e-01, 9.460355e-01, -2.292974e+00, -2.606043e-01, 4.237021e-10, 4.717370e-10, 3.269348e+01, -2.326154e-01
2.191200e+09, 1.539335e-01, 9.460639e-01, -2.303090e+00, -2.718675e-01, 4.238481e-10, 4.717455e-10, 3.262352e+01, -2.303377e-01
2.195000e+09, 1.537432e-01, 9.460947e-01, -2.313210e+00, -2.831309e-01, 4.240227e-10, 4.717567e-10, 3.255513e+01, -2.280173e-01
2.198800e+09, 1.535381e-01, 9.461279e-01, -2.323334e+00, -2.943947e-01, 4.242148e-10, 4.717712e-10, 3.248831e+01, -2.256542e-01
2.202600e+09, 1.533178e-01, 9.461636e-01, -2.333463e+00, -3.056587e-01, 4.244129e-10, 4.717897e-10, 3.242310e+01, -2.232489e-01
2.206400e+09, 1.530823e-01, 9.462019e-01, -2.343596e+00, -3.169232e-01, 4.246052e-10, 4.718127e-10, 3.235953e+01, -2.208016e-01
2.210200e+09, 1.528310e-01, 9.462428e-01, -2.353734e+00, -3.281883e-01, 4.247800e-10, 4.718408e-10, 3.229764e+01, -2.183128e-01
2.214000e+09, 1.525637e-01, 9.462864e-01, -2.363876e+00, -3.394540e-01, 4.249257e-10, 4.718747e-10, 3.223748e+01, -2.157832e-01
2.217800e+09, 1.522802e-01, 9.463327e-01, -2.374022e+00, -3.507205e-01, 4.250315e-10, 4.719147e-10, 3.217906e+01, -2.132133e-01
2.221600e+09, 1.519802e-01, 9.463818e-01, -2.384170e+00, -3.619880e-01, 4.250873e-10, 4.719611e-10, 3.212245e+01, -2.106040e-01
2.225400e+09, 1.516634e-01, 9.464337e-01, -2.394319e+00, -3.732566e-01, 4.250838e-10, 4.720143e-10, 3.206766e+01, -2.079563e-01
2.229200e+09, 1.513296e-01, 9.464884e-01, -2.404469e+00, -3.845264e-01, 4.250132e-10, 4.720744e-10, 3.201475e+01, -2.052713e-01
2.233000e+09, 1.509787e-01, 9.465458e-01, -2.414616e+00, -3.957977e-01, 4.248689e-10, 4.721414e-10, 3.196376e+01, -2.025500e-01
2.236800e+09, 1.506106e-01, 9.466060e-01, -2.424760e+00, -4.070706e-01, 4.246460e-10, 4.722152e-10, 3.191471e+01, -1.997940e-01
2.240600e+09, 1.502252e-01, 9.466688e-01, -2.434899e+00, -4.183453e-01, 4.243412e-10, 4.722955e-10, 3.186764e+01, -1.970047e-01
2.244400e+09, 1.498224e-01, 9.467343e-01, -2.445031e+00, -4.296219e-01, 4.239528e-10, 4.723821e-10, 3.182259e+01, -1.941836e-01
2.248200e+09, 1.494022e-01, 9.468022e-01, -2.455153e+00, -4.409005e-01, 4.234811e-10, 4.724743e-10, 3.177958e+01, -1.913325e-01
2.252000e+09, 1.489647e-01, 9.468725e-01, -2.465264e+00, -4.521814e-01, 4.229280e-10, 4.725715e-10, 3.173863e+01, -1.884531e-01
2.255800e+09, 1.485101e-01, 9.469451e-01, -2.475362e+00, -4.634645e-01, 4.222974e-10, 4.726732e-10, 3.169977e+01, -1.855473e-01
2.259600e+09, 1.480383e-01, 9.470198e-01, -2.485445e+00, -4.747501e-01, 4.215947e-10, 4.727784e-10, 3.166302e+01, -1.826169e-01
2.263400e+09, 1.475497e-01, 9.470965e-01, -2.495511e+00, -4.860382e-01, 4.208268e-10, 4.728862e-10, 3.162838e+01, -1.796639e-01
2.267200e+09, 1.470443e-01, 9.471750e-01, -2.505559e+00, -4.973289e-01, 4.200022e-10, 4.729959e-10, 3.159587e+01, -1.766902e-01
2.271000e+09, 1.465226e-01, 9.472551e-01, -2.515587e+00, -5.086222e-01, 4.191305e-10, 4.731063e-10, 3.156549e+01, -1.736977e-01
2.274800e+09, 1.459846e-01, 9.473368e-01, -2.525594e+00, -5.199182e-01, 4.182226e-10, 4.732166e-10, 3.153725e+01, -1.706884e-01
2.278600e+09, 1.454308e-01, 9.474198e-01, -2.535580e+00, -5.312167e-01, 4.172900e-10, 4.733258e-10, 3.151113e+01, -1.676641e-01
2.282400e+09, 1.448614e-01, 9.475040e-01, -2.545543e+00, -5.425179e-01, 4.163447e-10, 4.734330e-10, 3.148713e+01, -1.646267e-01
2.286200e+09, 1.442767e-01, 9.475891e-01, -2.555484e+00, -5.538216e-01, 4.153992e-10, 4.735374e-10, 3.146525e+01, -1.615777e-01
2.290000e+09, 1.436770e-01, 9.476752e-01, -2.565402e+00, -5.651279e-01, 4.144657e-10, 4.736382e-10, 3.144547e+01, -1.585190e-01
2.293800e+09, 1.430626e-01, 9.477621e-01, -2.575297e+00, -5.764365e-01, 4.135564e-10, 4.737347e-10, 3.142778e+01, -1.554520e-01
2.297600e+09, 1.424338e-01, 9.478496e-01, -2.585172e+00, -5.877474e-01, 4.126828e-10, 4.738265e-10, 3.141217e+01, -1.523781e-01
2.301400e+09, 1.417909e-01, 9.479377e-01, -2.595025e+00, -5.990606e-01, 4.118555e-10, 4.739131e-10, 3.139862e+01, -1.492987e-01
2.305200e+09, 1.411340e-01, 9.480264e-01, -2.604858e+00, -6.103758e-01, 4.110841e-10, 4.739943e-10, 3.138711e+01, -1.462151e-01
2.309000e+09, 1.404633e-01, 9.481155e-01, -2.614673e+00, -6.216929e-01, 4.103766e-10, 4.740700e-10, 3.137764e+01, -1.431283e-01
2.312800e+09, 1.397791e-01, 9.482051e-01, -2.624472e+00, -6.330118e-01, 4.097397e-10, 4.741404e-10, 3.137018e+01, -1.400393e-01
2.316600e+09, 1.390814e-01, 9.482951e-01, -2.634255e+00, -6.443325e-01, 4.091782e-10, 4.742057e-10, 3.136472e+01, -1.369491e-01
2.320400e+09, 1.383702e-01, 9.483857e-01, -2.644024e+00, -6.556547e-01, 4.086950e-10, 4.742663e-10, 3.136127e+01, -1.338586e-01
2.324200e+09, 1.376457e-01, 9.484767e-01, -2.653782e+00, -6.669783e-01, 4.082908e-10, 4.743227e-10, 3.135980e+01, -1.307684e-01
2.328000e+09, 1.369079e-01, 9.485685e-01, -2.663531e+00, -6.783033e-01, 4.079644e-10, 4.743758e-10, 3.136031e+01, -1.276794e-01
2.331800e+09, 1.361565e-01, 9.486609e-01, -2.673271e+00, -6.896295e-01, 4.077125e-10, 4.744262e-10, 3.136280e+01, -1.245922e-01
2.335600e+09, 1.353916e-01, 9.487541e-01, -2.683006e+00, -7.009570e-01, 4.075296e-10, 4.744750e-10, 3.136728e+01, -1.215075e-01
2.339400e+09, 1.346130e-01, 9.488483e-01, -2.692736e+00, -7.122856e-01, 4.074080e-10, 4.745232e-10, 3.137375e+01, -1.184261e-01
2.343200e+09, 1.338205e-01, 9.489435e-01, -2.702463e+00, -7.236153e-01, 4.073384e-10, 4.745718e-10, 3.138222e+01, -1.153485e-01
2.347000e+09, 1.330139e-01, 9.490399e-01, -2.712189e+00, -7.349463e-01, 4.073096e-10, 4.746221e-10, 3.139269e+01, -1.122756e-01
2.350800e+09, 1.321929e-01, 9.491377e-01, -2.721914e+00, -7.462784e-01, 4.073086e-10, 4.746750e-10, 3.140519e+01, -1.092083e-01
2.354600e+09, 1.313573e-01, 9.492368e-01, -2.731639e+00, -7.576118e-01, 4.073215e-10, 4.747318e-10, 3.141972e+01, -1.061473e-01
2.358400e+09, 1.305068e-01, 9.493376e-01, -2.741364e+00, -7.689465e-01, 4.073328e-10, 4.747933e-10, 3.143631e+01, -1.030937e-01
2.362200e+09, 1.296411e-01, 9.494401e-01, -2.751090e+00, -7.802827e-01, 4.073266e-10, 4.748608e-10, 3.145499e+01, -1.000487e-01
2.366000e+09, 1.287600e-01, 9.495443e-01, -2.760815e+00, -7.916206e-01, 4.072864e-10, 4.749349e-10, 3.147576e+01, -9.701331e-02
2.369800e+09, 1.278631e-01, 9.496504e-01, -2.770539e+00, -8.029602e-01, 4.071954e-10, 4.750165e-10, 3.149865e+01, -9.398900e-02
2.373600e+09, 1.269502e-01, 9.497584e-01, -2.780262e+00, -8.143017e-01, 4.070370e-10, 4.751061e-10, 3.152369e+01, -9.097720e-02
2.377400e+09, 1.260211e-01, 9.498684e-01, -2.789980e+00, -8.256454e-01, 4.067950e-10, 4.752042e-10, 3.155089e+01, -8.797950e-02
2.381200e+09, 1.250755e-01, 9.499803e-01, -2.799693e+00, -8.369914e-01, 4.064542e-10, 4.753111e-10, 3.158028e+01, -8.499762e-02
2.385000e+09, 1.241133e-01, 9.500942e-01, -2.809397e+00, -8.483400e-01, 4.060001e-10, 4.754268e-10, 3.161187e+01, -8.203339e-02
2.388800e+09, 1.231343e-01, 9.502101e-01, -2.819091e+00, -8.596913e-01, 4.054199e-10, 4.755512e-10, 3.164568e+01, -7.908874e-02
2.392600e+09, 1.221385e-01, 9.503277e-01, -2.828771e+00, -8.710456e-01, 4.047021e-10, 4.756841e-10, 3.168171e+01, -7.616571e-02
2.396400e+09, 1.211258e-01, 9.504471e-01, -2.838434e+00, -8.824031e-01, 4.038373e-10, 4.758249e-10, 3.171999e+01, -7.326642e-02
2.400200e+09, 1.200961e-01, 9.505681e-01, -2.848076e+00, -8.937640e-01, 4.028178e-10, 4.759731e-10, 3.176050e+01, -7.039302e-02
2.404000e+09, 1.190497e-01, 9.506906e-01, -2.857693e+00, -9.051284e-01, 4.016385e-10, 4.761278e-10, 3.180326e+01, -6.754774e-02
2.407800e+09, 1.179866e-01, 9.508144e-01, -2.867283e+00, -9.164964e-01, 4.002960e-10, 4.762881e-10, 3.184825e+01, -6.473281e-02
2.411600e+09, 1.169069e-01, 9.509393e-01, -2.876841e+00, -9.278683e-01, 3.987898e-10, 4.764529e-10, 3.189546e+01, -6.195047e-02
2.415400e+09, 1.158109e-01, 9.510651e-01, -2.886362e+00, -9.392442e-01, 3.971213e-10, 4.766211e-10, 3.194489e+01, -5.920292e-02
2.419200e+09, 1.146989e-01, 9.511916e-01, -2.895844e+00, -9.506240e-01, 3.952945e-10, 4.767914e-10, 3.199650e+01, -5.649233e-02
2.423000e+09, 1.135711e-01, 9.513185e-01, -2.905282e+00, -9.620079e-01, 3.933153e-10, 4.769626e-10, 3.205028e+01, -5.382080e-02
2.426800e+09, 1.124279e-01, 9.514456e-01, -2.914673e+00, -9.733960e-01, 3.911919e-10, 4.771335e-10, 3.210619e+01, -5.119033e-02
2.430600e+09, 1.112697e-01, 9.515728e-01, -2.924013e+00, -9.847880e-01, 3.889343e-10, 4.773028e-10, 3.216421e+01, -4.860284e-02
2.434400e+09, 1.100968e-01, 9.516997e-01, -2.933299e+00, -9.961842e-01, 3.865542e-10, 4.774694e-10, 3.222429e+01, -4.606010e-02
2.438200e+09, 1.089098e-01, 9.518262e-01, -2.942528e+00, -1.007584e+00, 3.840644e-10, 4.776321e-10, 3.228639e+01, -4.356376e-02
2.442000e+09, 1.077091e-01, 9.519520e-01, -2.951698e+00, -1.018988e+00, 3.814790e-10, 4.777900e-10, 3.235048e+01, -4.111533e-02
2.445800e+09, 1.064950e-01, 9.520770e-01, -2.960807e+00, -1.030396e+00, 3.788126e-10, 4.779421e-10, 3.241650e+01, -3.871616e-02
2.449600e+09, 1.052681e-01, 9.522010e-01, -2.969851e+00, -1.041807e+00, 3.760801e-10, 4.780879e-10, 3.248441e+01, -3.636745e-02
2.453400e+09, 1.040288e-01, 9.523239e-01, -2.978831e+00, -1.053222e+00, 3.732962e-10, 4.782267e-10, 3.255417e+01, -3.407023e-02
2.457200e+09, 1.027774e-01, 9.524455e-01, -2.987743e+00, -1.064641e+00, 3.704750e-10, 4.783582e-10, 3.262573e+01, -3.182539e-02
2.461000e+09, 1.015144e-01, 9.525658e-01, -2.996589e+00, -1.076062e+00, 3.676295e-10, 4.784823e-10, 3.269904e+01, -2.963367e-02
2.464800e+09, 1.002401e-01, 9.526847e-01, -3.005367e+00, -1.087486e+00, 3.647712e-10, 4.785989e-10, 3.277405e+01, -2.749568e-02
2.468600e+09, 9.895488e-02, 9.528021e-01, -3.014076e+00, -1.098913e+00, 3.619095e-10, 4.787083e-10, 3.285074e+01, -2.541191e-02
2.472400e+09, 9.765891e-02, 9.529181e-01, -3.022717e+00, -1.110343e+00, 3.590516e-10, 4.788109e-10, 3.292905e+01, -2.338271e-02
2.476200e+09, 9.635247e-02, 9.530327e-01, -3.031290e+00, -1.121775e+00, 3.562015e-10, 4.789072e-10, 3.300895e+01, -2.140838e-02
2.480000e+09, 9.503571e-02, 9.531458e-01, -3.039794e+00, -1.133209e+00, 3.533603e-10, 4.789979e-10, 3.309041e+01, -1.948914e-02
2.483800e+09, 9.370878e-02, 9.532576e-01, -3.048231e+00, -1.144646e+00, 3.505252e-10, 4.790840e-10, 3.317340e+01, -1.762514e-02
2.487600e+09, 9.237174e-02, 9.533682e-01, -3.056600e+00, -1.156085e+00, 3.476896e-10, 4.791662e-10, 3.325789e+01, -1.581653e-02
2.491400e+09, 9.102461e-02, 9.534776e-01, -3.064902e+00, -1.167525e+00, 3.448427e-10, 4.792458e-10, 3.334385e+01, -1.406344e-02
2.495200e+09, 8.966738e-02, 9.535859e-01, -3.073135e+00, -1.178968e+00, 3.419694e-10, 4.793238e-10, 3.343128e+01, -1.236600e-02
2.499000e+09, 8.829997e-02, 9.536932e-01, -3.081300e+00, -1.190412e+00, 3.390498e-10, 4.794012e-10, 3.352015e+01, -1.072441e-02
2.502800e+09, 8.692228e-02, 9.537997e-01, -3.089395e+00, -1.201859e+00, 3.360594e-10, 4.794794e-10, 3.361046e+01, -9.138891e-03
2.506600e+09, 8.553416e-02, 9.539054e-01, -3.097419e+00, -1.213307e+00, 3.329690e-10, 4.795592e-10, 3.370219e+01, -7.609758e-03
2.510400e+09, 8.413545e-02, 9.540104e-01, -3.105369e+00, -1.224757e+00, 3.297446e-10, 4.796419e-10, 3.379533e+01, -6.137397e-03
2.514200e+09, 8.272596e-02, 9.541149e-01, -3.113242e+00, -1.236209e+00, 3.263473e-10, 4.797282e-10, 3.388988e+01, -4.722296e-03
2.518000e+09, 8.130548e-02, 9.542189e-01, -3.121034e+00, -1.247663e+00, 3.227339e-10, 4.798190e-10, 3.398583e+01, -3.365048e-03
2.521800e+09, 7.987382e-02, 9.543225e-01, -3.128740e+00, -1.259119e+00, 3.188561e-10, 4.799151e-10, 3.408319e+01, -2.066352e-03
2.525600e+09, 7.843076e-02, 9.544257e-01, -3.136353e+00, -1.270577e+00, 3.146614e-10, 4.800169e-10, 3.418194e+01, -8.270240e-04
2.529400e+09, 7.697614e-02, 9.545284e-01, 3.139320e+00, -1.282038e+00, 3.100928e-10, 4.801247e-10, 3.428207e+01, 3.520154e-04
2.533200e+09, 7.550978e-02, 9.546308e-01, 3.131916e+00, -1.293502e+00, 3.050888e-10, 4.802388e-10, 3.438358e+01, 1.469740e-03
2.537000e+09, 7.403156e-02, 9.547328e-01, 3.124632e+00, -1.304968e+00, 2.995836e-10, 4.803591e-10, 3.448645e+01, 2.525029e-03
2.540800e+09, 7.254139e-02, 9.548342e-01, 3.117479e+00, -1.316437e+00, 2.935072e-10, 4.804854e-10, 3.459068e+01, 3.516679e-03
2.544600e+09, 7.103922e-02, 9.549351e-01, 3.110471e+00, -1.327909e+00, 2.867849e-10, 4.806173e-10, 3.469623e+01, 4.443420e-03
2.548400e+09, 6.952507e-02, 9.550352e-01, 3.103624e+00, -1.339384e+00, 2.793375e-10, 4.807542e-10, 3.480309e+01, 5.303932e-03
2.552200e+09, 6.799900e-02, 9.551345e-01, 3.096954e+00, -1.350863e+00, 2.710805e-10, 4.808953e-10, 3.491123e+01, 6.096862e-03
2.556000e+09, 6.646115e-02, 9.552327e-01, 3.090482e+00, -1.362345e+00, 2.619241e-10, 4.810399e-10, 3.502061e+01, 6.820852e-03
2.559800e+09, 6.491173e-02, 9.553298e-01, 3.084228e+00, -1.373830e+00, 2.517723e-10, 4.811868e-10, 3.513119e+01, 7.474554e-03
2.563600e+09, 6.335101e-02, 9.554254e-01, 3.078217e+00, -1.385319e+00, 2.405217e-10, 4.813349e-10, 3.524293e+01, 8.056657e-03
2.567400e+09, 6.177934e-02, 9.555195e-01, 3.072474e+00, -1.396812e+00, 2.280609e-10, 4.814830e-10, 3.535577e+01, 8.565907e-03
2.571200e+09, 6.019714e-02, 9.556117e-01, 3.067029e+00, -1.408308e+00, 2.142681e-10, 4.816299e-10, 3.546966e+01, 9.001133e-03
2.575000e+09, 5.860492e-02, 9.557019e-01, 3.061913e+00, -1.419807e+00, 1.990098e-10, 4.817743e-10, 3.558453e+01, 9.361261e-03
2.578800e+09, 5.700324e-02, 9.557898e-01, 3.057161e+00, -1.431310e+00, 1.821379e-10, 4.819150e-10, 3.570031e+01, 9.645340e-03
2.582600e+09, 5.539275e-02, 9.558752e-01, 3.052812e+00, -1.442816e+00, 1.634867e-10, 4.820508e-10, 3.581693e+01, 9.852552e-03
2.586400e+09, 5.377416e-02, 9.559579e-01, 3.048909e+00, -1.454326e+00, 1.428690e-10, 4.821806e-10, 3.593432e+01, 9.982233e-03
2.590200e+09, 5.214824e-02, 9.560378e-01, 3.045498e+00, -1.465838e+00, 1.200711e-10, 4.823033e-10, 3.605240e+01, 1.003388e-02
2.594000e+09, 5.051585e-02, 9.561146e-01, 3.042631e+00, -1.477354e+00, 9.484697e-11, 4.824181e-10, 3.617108e+01, 1.000715e-02
2.597800e+09, 4.887788e-02, 9.561883e-01, 3.040367e+00, -1.488872e+00, 6.691076e-11, 4.825242e-10, 3.629027e+01, 9.901881e-03
2.601600e+09, 4.723530e-02, 9.562586e-01, 3.038769e+00, -1.500393e+00, 3.592753e-11, 4.826210e-10, 3.640990e+01, 9.718087e-03
2.605400e+09, 4.558913e-02, 9.563255e-01, 3.037911e+00, -1.511916e+00, 1.501811e-12, 4.827083e-10, 3.652988e+01, 9.455944e-03
2.609200e+09, 4.394046e-02, 9.563889e-01, 3.037875e+00, -1.523441e+00, -3.683671e-11, 4.827859e-10, 3.665013e+01, 9.115794e-03
2.613000e+09, 4.229044e-02, 9.564487e-01, 3.038755e+00, -1.534968e+00, -7.965103e-11, 4.828536e-10, 3.677055e+01, 8.698131e-03
2.616800e+09, 4.064029e-02, 9.565050e-01, 3.040657e+00, -1.546497e+00, -1.276193e-10, 4.829119e-10, 3.689108e+01, 8.203587e-03
2.620600e+09, 3.899132e-02, 9.565578e-01, 3.043704e+00, -1.558027e+00, -1.815629e-10, 4.829610e-10, 3.701163e+01, 7.632918e-03
2.624400e+09, 3.734493e-02, 9.566071e-01, 3.048039e+00, -1.569558e+00, -2.424820e-10, 4.830016e-10, 3.713214e+01, 6.986981e-03
2.628200e+09, 3.570267e-02, 9.566530e-01, 3.053828e+00, -1.581090e+00, -3.116004e-10, 4.830345e-10, 3.725252e+01, 6.266720e-03
2.632000e+09, 3.406623e-02, 9.566956e-01, 3.061268e+00, -1.592623e+00, -3.904218e-10, 4.830605e-10, 3.737272e+01, 5.473135e-03
2.635800e+09, 3.243752e-02, 9.567349e-01, 3.070590e+00, -1.604157e+00, -4.808012e-10, 4.830808e-10, 3.749268e+01, 4.607266e-03
2.639600e+09, 3.081872e-02, 9.567712e-01, 3.082069e+00, -1.615691e+00, -5.850334e-10, 4.830965e-10, 3.761233e+01, 3.670167e-03
2.643400e+09, 2.921237e-02, 9.568045e-01, 3.096038e+00, -1.627225e+00, -7.059624e-10, 4.831089e-10, 3.773163e+01, 2.662884e-03
2.647200e+09, 2.762148e-02, 9.568351e-01, 3.112893e+00, -1.638760e+00, -8.471119e-10, 4.831191e-10, 3.785054e+01, 1.586429e-03
2.651000e+09, 2.604970e-02, 9.568631e-01, 3.133119e+00, -1.650295e+00, -1.012835e-09, 4.831285e-10, 3.796900e+01, 4.417651e-04
2.654800e+09, 2.450150e-02, 9.568886e-01, -3.125884e+00, -1.661830e+00, -1.208466e-09, 4.831384e-10, 3.808699e+01, -7.702152e-04
2.658600e+09, 2.298243e-02, 9.569117e-01, -3.097030e+00, -1.673366e+00, -1.440443e-09, 4.831500e-10, 3.820446e+01, -2.048706e-03
2.662400e+09, 2.149952e-02, 9.569327e-01, -3.062638e+00, -1.684902e+00, -1.716309e-09, 4.831644e-10, 3.832138e+01, -3.393001e-03
2.666200e+09, 2.006169e-02, 9.569517e-01, -3.021659e+00, -1.696438e+00, -2.044432e-09, 4.831826e-10, 3.843772e+01, -4.802501e-03
2.670000e+09, 1.868038e-02, 9.569687e-01, -2.972846e+00, -1.707974e+00, -2.433120e-09, 4.832055e-10, 3.855345e+01, -6.276723e-03
2.673800e+09, 1.737021e-02, 9.569839e-01, -2.914753e+00, -1.719511e+00, -2.888602e-09, 4.832339e-10, 3.866854e+01, -7.815302e-03
2.677600e+09, 1.614988e-02, 9.569973e-01, -2.845784e+00, -1.731049e+00, -3.411106e-09, 4.832682e-10, 3.878295e+01, -9.417987e-03
2.681400e+09, 1.504284e-02, 9.570089e-01, -2.764340e+00, -1.742588e+00, -3.988398e-09, 4.833088e-10, 3.889666e+01, -1.108464e-02
2.685200e+09, 1.407767e-02, 9.570188e-01, -2.669113e+00, -1.754127e+00, -4.587258e-09, 4.833559e-10, 3.900963e+01, -1.281521e-02
2.689000e+09, 1.328744e-02, 9.570268e-01, -2.559587e+00, -1.765668e+00, -5.146668e-09, 4.834092e-10, 3.912181e+01, -1.460976e-02
2.692800e+09, 1.270721e-02, 9.570331e-01, -2.436705e+00, -1.777210e+00, -5.581153e-09, 4.834685e-10, 3.923316e+01, -1.646840e-02
2.696600e+09, 1.236918e-02, 9.570374e-01, -2.303448e+00, -1.788753e+00, -5.803026e-09, 4.835333e-10, 3.934364e+01, -1.839131e-02
2.700400e+09, 1.229611e-02, 9.570397e-01, -2.164895e+00, -1.800298e+00, -5.759507e-09, 4.836028e-10, 3.945319e+01, -2.037869e-02
2.704200e+09, 1.249550e-02, 9.570397e-01, -2.027380e+00, -1.811844e+00, -5.460556e-09, 4.836762e-10, 3.956174e+01, -2.243075e-02
2.708000e+09, 1.295757e-02, 9.570374e-01, -1.897003e+00, -1.823393e+00, -4.973363e-09, 4.837522e-10, 3.966924e+01, -2.454769e-02
2.711800e+09, 1.365840e-02, 9.570326e-01, -1.778259e+00, -1.834943e+00, -4.388542e-09, 4.838297e-10, 3.977561e+01, -2.672967e-02
2.715600e+09, 1.456608e-02, 9.570250e-01, -1.673478e+00, -1.846495e+00, -3.785726e-09, 4.839074e-10, 3.988076e+01, -2.897676e-02
2.719400e+09, 1.564695e-02, 9.570144e-01, -1.583089e+00, -1.858049e+00, -3.217405e-09, 4.839837e-10, 3.998462e+01, -3.128898e-02
2.723200e+09, 1.686978e-02, 9.570006e-01, -1.506270e+00, -1.869604e+00, -2.709697e-09, 4.840573e-10, 4.008709e+01, -3.366620e-02
2.727000e+09, 1.820776e-02, 9.569833e-01, -1.441573e+00, -1.881162e+00, -2.270346e-09, 4.841265e-10, 4.018809e+01, -3.610818e-02
2.730800e+09, 1.963887e-02, 9.569624e-01, -1.387366e+00, -1.892721e+00, -1.896827e-09, 4.841899e-10, 4.028750e+01, -3.861450e-02
2.734600e+09, 2.114542e-02, 9.569375e-01, -1.342077e+00, -1.904281e+00, -1.582023e-09, 4.842460e-10, 4.038523e+01, -4.118460e-02
2.738400e+09, 2.271335e-02, 9.569085e-01, -1.304305e+00, -1.915843e+00, -1.317491e-09, 4.842935e-10, 4.048117e+01, -4.381772e-02
2.742200e+09, 2.433149e-02, 9.568753e-01, -1.272848e+00, -1.927406e+00, -1.095071e-09, 4.843311e-10, 4.057522e+01, -4.651291e-02
2.746000e+09, 2.599091e-02, 9.568376e-01, -1.246702e+00, -1.938970e+00, -9.075495e-10, 4.843578e-10, 4.066726e+01, -4.926903e-02
2.749800e+09, 2.768442e-02, 9.567952e-01, -1.225033e+00, -1.950535e+00, -7.488296e-10, 4.843727e-10, 4.075720e+01, -5.208476e-02
2.753600e+09, 2.940613e-02, 9.567481e-01, -1.207154e+00, -1.962100e+00, -6.138787e-10, 4.843750e-10, 4.084493e+01, -5.495855e-02
2.757400e+09, 3.115119e-02, 9.566963e-01, -1.192497e+00, -1.973665e+00, -4.985940e-10, 4.843642e-10, 4.093036e+01, -5.788873e-02
2.761200e+09, 3.291554e-02, 9.566395e-01, -1.180593e+00, -1.985229e+00, -3.996486e-10, 4.843402e-10, 4.101337e+01, -6.087340e-02
2.765000e+09, 3.469574e-02, 9.565780e-01, -1.171051e+00, -1.996794e+00, -3.143470e-10, 4.843029e-10, 4.109390e+01, -6.391054e-02
2.768800e+09, 3.648886e-02, 9.565116e-01, -1.163545e+00, -2.008357e+00, -2.405016e-10, 4.842525e-10, 4.117184e+01, -6.699801e-02
2.772600e+09, 3.829235e-02, 9.564404e-01, -1.157803e+00, -2.019919e+00, -1.763307e-10, 4.841896e-10, 4.124713e+01, -7.013353e-02
2.776400e+09, 4.010403e-02, 9.563646e-01, -1.153593e+00, -2.031480e+00, -1.203754e-10, 4.841148e-10, 4.131970e+01, -7.331475e-02
2.780200e+09, 4.192196e-02, 9.562843e-01, -1.150719e+00, -2.043038e+00, -7.143492e-11, 4.840291e-10, 4.138949e+01, -7.653927e-02
2.784000e+09, 4.374448e-02, 9.561997e-01, -1.149013e+00, -2.054595e+00, -2.851390e-11, 4.839336e-10, 4.145644e+01, -7.980466e-02
2.787800e+09, 4.557014e-02, 9.561109e-01, -1.148333e+00, -2.066149e+00, 9.218242e-12, 4.838297e-10, 4.152051e+01, -8.310847e-02
2.791600e+09, 4.739766e-02, 9.560183e-01, -1.148553e+00, -2.077701e+00, 4.245964e-11, 4.837188e-10, 4.158168e+01, -8.644830e-02
2.795400e+09, 4.922596e-02, 9.559219e-01, -1.149566e+00, -2.089251e+00, 7.180154e-11, 4.836025e-10, 4.163991e+01, -8.982181e-02
2.799200e+09, 5.105411e-02, 9.558222e-01, -1.151281e+00, -2.100797e+00, 9.774839e-11, 4.834825e-10, 4.169519e+01, -9.322672e-02
2.803000e+09, 5.288134e-02, 9.557194e-01, -1.153615e+00, -2.112341e+00, 1.207338e-10, 4.833605e-10, 4.174750e+01, -9.666087e-02
2.806800e+09, 5.470701e-02, 9.556136e-01, -1.156497e+00, -2.123882e+00, 1.411331e-10, 4.832381e-10, 4.179684e+01, -1.001222e-01
2.810600e+09, 5.653062e-02, 9.555053e-01, -1.159867e+00, -2.135420e+00, 1.592737e-10, 4.831171e-10, 4.184321e+01, -1.036088e-01
2.814400e+09, 5.835177e-02, 9.553947e-01, -1.163670e+00, -2.146955e+00, 1.754423e-10, 4.829991e-10, 4.188663e+01, -1.071190e-01
2.818200e+09, 6.017020e-02, 9.552819e-01, -1.167859e+00, -2.158487e+00, 1.898922e-10, 4.828854e-10, 4.192709e+01, -1.106511e-01
2.822000e+09, 6.198572e-02, 9.551673e-01, -1.172393e+00, -2.170016e+00, 2.028475e-10, 4.827775e-10, 4.196460e+01, -1.142038e-01
2.825800e+09, 6.379826e-02, 9.550510e-01, -1.177236e+00, -2.181543e+00, 2.145074e-10, 4.826765e-10, 4.199919e+01, -1.177757e-01
2.829600e+09, 6.560780e-02, 9.549332e-01, -1.182357e+00, -2.193067e+00, 2.250494e-10, 4.825833e-10, 4.203086e+01, -1.213658e-01
2.833400e+09, 6.741440e-02, 9.548140e-01, -1.187731e+00, -2.204590e+00, 2.346318e-10, 4.824985e-10, 4.205961e+01, -1.249731e-01
2.837200e+09, 6.921816e-02, 9.546936e-01, -1.193333e+00, -2.216110e+00, 2.433956e-10, 4.824226e-10, 4.208547e+01, -1.285967e-01
2.841000e+09, 7.101925e-02, 9.545719e-01, -1.199144e+00, -2.227628e+00, 2.514661e-10, 4.823558e-10, 4.210842e+01, -1.322360e-01
2.844800e+09, 7.281782e-02, 9.544490e-01, -1.205148e+00, -2.239145e+00, 2.589541e-10, 4.822978e-10, 4.212848e+01, -1.358903e-01
2.848600e+09, 7.461408e-02, 9.543249e-01, -1.211331e+00, -2.250660e+00, 2.659572e-10, 4.822484e-10, 4.214563e+01, -1.395591e-01
2.852400e+09, 7.640820e-02, 9.541995e-01, -1.217681e+00, -2.262175e+00, 2.725603e-10, 4.822067e-10, 4.215986e+01, -1.432419e-01
2.856200e+09, 7.820035e-02, 9.540727e-01, -1.224189e+00, -2.273688e+00, 2.788368e-10, 4.821718e-10, 4.217115e+01, -1.469380e-01
2.860000e+09, 7.999069e-02, 9.539443e-01, -1.230846e+00, -2.285200e+00, 2.848489e-10, 4.821425e-10, 4.217950e+01, -1.506471e-01
2.863800e+09, 8.177931e-02, 9.538143e-01, -1.237647e+00, -2.296712e+00, 2.906484e-10, 4.821175e-10, 4.218485e+01, -1.543684e-01
2.867600e+09, 8.356627e-02, 9.536824e-01, -1.244587e+00, -2.308223e+00, 2.962772e-10, 4.820951e-10, 4.218719e+01, -1.581014e-01
2.871400e+09, 8.535158e-02, 9.535484e-01, -1.251661e+00, -2.319733e+00, 3.017683e-10, 4.820735e-10, 4.218648e+01, -1.618452e-01
2.875200e+09, 8.713517e-02, 9.534120e-01, -1.258866e+00, -2.331244e+00, 3.071458e-10, 4.820510e-10, 4.218266e+01, -1.655990e-01
2.879000e+09, 8.891690e-02, 9.532731e-01, -1.266199e+00, -2.342753e+00, 3.124263e-10, 4.820255e-10, 4.217571e+01, -1.693616e-01
2.882800e+09, 9.069657e-02, 9.531313e-01, -1.273659e+00, -2.354262e+00, 3.176189e-10, 4.819951e-10, 4.216557e+01, -1.731319e-01
2.886600e+09, 9.247388e-02, 9.529864e-01, -1.281242e+00, -2.365770e+00, 3.227267e-10, 4.819579e-10, 4.215220e+01, -1.769085e-01
2.890400e+09, 9.424847e-02, 9.528383e-01, -1.288948e+00, -2.377277e+00, 3.277470e-10, 4.819121e-10, 4.213555e+01, -1.806897e-01
2.894200e+09, 9.601990e-02, 9.526866e-01, -1.296773e+00, -2.388784e+00, 3.326720e-10, 4.818558e-10, 4.211557e+01, -1.844737e-01
2.898000e+09, 9.778765e-02, 9.525313e-01, -1.304716e+00, -2.400288e+00, 3.374904e-10, 4.817876e-10, 4.209224e+01, -1.882585e-01
2.901800e+09, 9.955114e-02, 9.523721e-01, -1.312774e+00, -2.411792e+00, 3.421872e-10, 4.817060e-10, 4.206551e+01, -1.920421e-01
2.905600e+09, 1.013097e-01, 9.522089e-01, -1.320944e+00, -2.423293e+00, 3.467454e-10, 4.816099e-10, 4.203536e+01, -1.958219e-01
2.909400e+09, 1.030628e-01, 9.520416e-01, -1.329223e+00, -2.434792e+00, 3.511460e-10, 4.814985e-10, 4.200176e+01, -1.995954e-01
2.913200e+09, 1.048094e-01, 9.518703e-01, -1.337607e+00, -2.446288e+00, 3.553696e-10, 4.813712e-10, 4.196471e+01, -2.033601e-01
2.917000e+09, 1.065491e-01, 9.516949e-01, -1.346092e+00, -2.457781e+00, 3.593964e-10, 4.812277e-10, 4.192420e+01, -2.071132e-01
2.920800e+09, 1.082808e-01, 9.515154e-01, -1.354673e+00, -2.469271e+00, 3.632073e-10, 4.810681e-10, 4.188024e+01, -2.108518e-01
2.924600e+09, 1.100039e-01, 9.513320e-01, -1.363345e+00, -2.480757e+00, 3.667844e-10, 4.808928e-10, 4.183285e+01, -2.145729e-01
2.928400e+09, 1.117177e-01, 9.511449e-01, -1.372102e+00, -2.492239e+00, 3.701116e-10, 4.807026e-10, 4.178206e+01, -2.182738e-01
2.932200e+09, 1.134212e-01, 9.509542e-01, -1.380939e+00, -2.503716e+00, 3.731750e-10, 4.804986e-10, 4.172792e+01, -2.219515e-01
2.936000e+09, 1.151138e-01, 9.507602e-01, -1.389849e+00, -2.515189e+00, 3.759637e-10, 4.802821e-10, 4.167046e+01, -2.256031e-01
2.939800e+09, 1.167949e-01, 9.505633e-01, -1.398825e+00, -2.526656e+00, 3.784697e-10, 4.800547e-10, 4.160977e+01, -2.292260e-01
2.943600e+09, 1.184638e-01, 9.503637e-01, -1.407862e+00, -2.538118e+00, 3.806884e-10, 4.798184e-10, 4.154590e+01, -2.328175e-01
2.947400e+09, 1.201200e-01, 9.501618e-01, -1.416951e+00, -2.549574e+00, 3.826187e-10, 4.795752e-10, 4.147894e+01, -2.363751e-01
2.951200e+09, 1.217629e-01, 9.499580e-01, -1.426087e+00, -2.561025e+00, 3.842634e-10, 4.793275e-10, 4.140899e+01, -2.398965e-01
2.955000e+09, 1.233922e-01, 9.497527e-01, -1.435261e+00, -2.572469e+00, 3.856288e-10, 4.790775e-10, 4.133612e+01, -2.433797e-01
2.958800e+09, 1.250076e-01, 9.495463e-01, -1.444469e+00, -2.583908e+00, 3.867250e-10, 4.788278e-10, 4.126046e+01, -2.468227e-01
2.962600e+09, 1.266088e-01, 9.493393e-01, -1.453702e+00, -2.595340e+00, 3.875656e-10, 4.785807e-10, 4.118209e+01, -2.502241e-01
2.966400e+09, 1.281958e-01, 9.491321e-01, -1.462956e+00, -2.606767e+00, 3.881676e-10, 4.783387e-10, 4.110114e+01, -2.535823e-01
2.970200e+09, 1.297685e-01, 9.489251e-01, -1.472224e+00, -2.618188e+00, 3.885511e-10, 4.781040e-10, 4.101770e+01, -2.568963e-01
2.974000e+09, 1.313269e-01, 9.487186e-01, -1.481501e+00, -2.629603e+00, 3.887391e-10, 4.778789e-10, 4.093187e+01, -2.601652e-01
2.977800e+09, 1.328713e-01, 9.485130e-01, -1.490782e+00, -2.641013e+00, 3.887567e-10, 4.776651e-10, 4.084378e+01, -2.633883e-01
2.981600e+09, 1.344017e-01, 9.483086e-01, -1.500064e+00, -2.652417e+00, 3.886311e-10, 4.774644e-10, 4.075350e+01, -2.665653e-01
2.985400e+09, 1.359186e-01, 9.481058e-01, -1.509343e+00, -2.663817e+00, 3.883910e-10, 4.772781e-10, 4.066114e+01, -2.696959e-01
2.989200e+09, 1.374222e-01, 9.479046e-01, -1.518617e+00, -2.675213e+00, 3.880659e-10, 4.771072e-10, 4.056678e+01, -2.727801e-01
2.993000e+09, 1.389131e-01, 9.477053e-01, -1.527882e+00, -2.686604e+00, 3.876858e-10, 4.769524e-10, 4.047050e+01, -2.758180e-01
2.996800e+09, 1.403915e-01, 9.475080e-01, -1.537138e+00, -2.697992e+00, 3.872804e-10, 4.768139e-10, 4.037238e+01, -2.788098e-01
3.000600e+09, 1.418580e-01, 9.473127e-01, -1.546385e+00, -2.709377e+00, 3.868787e-10, 4.766916e-10, 4.027247e+01, -2.817559e-01
3.004400e+09, 1.433130e-01, 9.471195e-01, -1.555622e+00, -2.720758e+00, 3.865084e-10, 4.765850e-10, 4.017083e+01, -2.846565e-01
3.008200e+09, 1.447571e-01, 9.469282e-01, -1.564851e+00, -2.732137e+00, 3.861954e-10, 4.764930e-10, 4.006750e+01, -2.875121e-01
3.012000e+09, 1.461905e-01, 9.467387e-01, -1.574072e+00, -2.743514e+00, 3.859632e-10, 4.764145e-10, 3.996251e+01, -2.903230e-01
3.015800e+09, 1.476139e-01, 9.465510e-01, -1.583287e+00, -2.754889e+00, 3.858323e-10, 4.763477e-10, 3.985591e+01, -2.930894e-01
3.019600e+09, 1.490274e-01, 9.463646e-01, -1.592499e+00, -2.766262e+00, 3.858204e-10, 4.762906e-10, 3.974769e+01, -2.958115e-01
3.023400e+09, 1.504314e-01, 9.461795e-01, -1.601711e+00, -2.777634e+00, 3.859414e-10, 4.762410e-10, 3.963789e+01, -2.984893e-01
3.027200e+09, 1.518261e-01, 9.459953e-01, -1.610926e+00, -2.789005e+00, 3.862053e-10, 4.761964e-10, 3.952650e+01, -3.011226e-01
3.031000e+09, 1.532117e-01, 9.458117e-01, -1.620147e+00, -2.800375e+00, 3.866184e-10, 4.761543e-10, 3.941353e+01, -3.037112e-01
3.034800e+09, 1.545882e-01, 9.456283e-01, -1.629378e+00, -2.811743e+00, 3.871827e-10, 4.761117e-10, 3.929898e+01, -3.062543e-01
3.038600e+09, 1.559555e-01, 9.454448e-01, -1.638622e+00, -2.823111e+00, 3.878964e-10, 4.760660e-10, 3.918285e+01, -3.087514e-01
3.042400e+09, 1.573134e-01, 9.452609e-01, -1.647884e+00, -2.834478e+00, 3.887534e-10, 4.760145e-10, 3.906514e+01, -3.112013e-01
3.046200e+09, 1.586618e-01, 9.450763e-01, -1.657165e+00, -2.845843e+00, 3.897440e-10, 4.759543e-10, 3.894585e+01, -3.136030e-01
3.050000e+09, 1.600003e-01, 9.448906e-01, -1.666471e+00, -2.857207e+00, 3.908550e-10, 4.758832e-10, 3.882500e+01, -3.159548e-01
3.053800e+09, 1.613284e-01, 9.447036e-01, -1.675803e+00, -2.868569e+00, 3.920698e-10, 4.757987e-10, 3.870259e+01, -3.182552e-01
3.057600e+09, 1.626455e-01, 9.445150e-01, -1.685164e+00, -2.879929e+00, 3.933692e-10, 4.756989e-10, 3.857863e+01, -3.205024e-01
3.061400e+09, 1.639510e-01, 9.443247e-01, -1.694556e+00, -2.891287e+00, 3.947315e-10, 4.755823e-10, 3.845316e+01, -3.226943e-01
3.065200e+09, 1.652443e-01, 9.441326e-01, -1.703981e+00, -2.902642e+00, 3.961333e-10, 4.754474e-10, 3.832621e+01, -3.248289e-01
3.069000e+09, 1.665245e-01, 9.439386e-01, -1.713439e+00, -2.913994e+00, 3.975498e-10, 4.752936e-10, 3.819781e+01, -3.269038e-01
3.072800e+09, 1.677909e-01, 9.437426e-01, -1.722931e+00, -2.925342e+00, 3.989555e-10, 4.751204e-10, 3.806803e+01, -3.289168e-01
3.076600e+09, 1.690426e-01, 9.435449e-01, -1.732457e+00, -2.936686e+00, 4.003248e-10, 4.749280e-10, 3.793691e+01, -3.308657e-01
3.080400e+09, 1.702787e-01, 9.433454e-01, -1.742015e+00, -2.948026e+00, 4.016323e-10, 4.747170e-10, 3.780455e+01, -3.327481e-01
3.084200e+09, 1.714984e-01, 9.431445e-01, -1.751604e+00, -2.959360e+00, 4.028539e-10, 4.744884e-10, 3.767100e+01, -3.345618e-01
3.088000e+09, 1.727008e-01, 9.429424e-01, -1.761223e+00, -2.970689e+00, 4.039669e-10, 4.742437e-10, 3.753638e+01, -3.363047e-01
3.091800e+09, 1.738852e-01, 9.427395e-01, -1.770868e+00, -2.982012e+00, 4.049505e-10, 4.739851e-10, 3.740077e+01, -3.379748e-01
3.095600e+09, 1.750507e-01, 9.425361e-01, -1.780537e+00, -2.993329e+00, 4.057864e-10, 4.737147e-10, 3.726428e+01, -3.395705e-01
3.099400e+09, 1.761968e-01, 9.423327e-01, -1.790225e+00, -3.004640e+00, 4.064593e-10, 4.734354e-10, 3.712702e+01, -3.410900e-01
3.103200e+09, 1.773227e-01, 9.421298e-01, -1.799930e+00, -3.015943e+00, 4.069570e-10, 4.731503e-10, 3.698912e+01, -3.425322e-01
3.107000e+09, 1.784279e-01, 9.419280e-01, -1.809646e+00, -3.027240e+00, 4.072707e-10, 4.728625e-10, 3.685068e+01, -3.438960e-01
3.110800e+09, 1.795121e-01, 9.417278e-01, -1.819370e+00, -3.038531e+00, 4.073955e-10, 4.725755e-10, 3.671184e+01, -3.451807e-01
3.114600e+09, 1.805749e-01, 9.415297e-01, -1.829097e+00, -3.049814e+00, 4.073302e-10, 4.722929e-10, 3.657270e+01, -3.463858e-01
3.118400e+09, 1.816162e-01, 9.413344e-01, -1.838823e+00, -3.061090e+00, 4.070774e-10, 4.720181e-10, 3.643340e+01, -3.475112e-01
3.122200e+09, 1.826359e-01, 9.411423e-01, -1.848542e+00, -3.072360e+00, 4.066437e-10, 4.717546e-10, 3.629405e+01, -3.485572e-01
3.126000e+09, 1.836339e-01, 9.409541e-01, -1.858251e+00, -3.083624e+00, 4.060393e-10, 4.715056e-10, 3.615475e+01, -3.495242e-01
3.129800e+09, 1.846106e-01, 9.407701e-01, -1.867946e+00, -3.094882e+00, 4.052779e-10, 4.712742e-10, 3.601561e+01, -3.504129e-01
3.133600e+09, 1.855661e-01, 9.405910e-01, -1.877622e+00, -3.106134e+00, 4.043766e-10, 4.710631e-10, 3.587673e+01, -3.512244e-01
3.137400e+09, 1.865009e-01, 9.404169e-01, -1.887277e+00, -3.117381e+00, 4.033554e-10, 4.708745e-10, 3.573820e+01, -3.519599e-01
3.141200e+09, 1.874155e-01, 9.402484e-01, -1.896908e+00, -3.128624e+00, 4.022369e-10, 4.707104e-10, 3.560008e+01, -3.526209e-01
3.145000e+09, 1.883103e-01, 9.400855e-01, -1.906512e+00, -3.139862e+00, 4.010457e-10, 4.705719e-10, 3.546245e+01, -3.532088e-01
3.148800e+09, 1.891862e-01, 9.399285e-01, -1.916087e+00, 3.132088e+00, 3.998081e-10, 4.704601e-10, 3.532536e+01, -3.537253e-01
3.152600e+09, 1.900437e-01, 9.397776e-01, -1.925633e+00, 3.120855e+00, 3.985514e-10, 4.703749e-10, 3.518885e+01, -3.541722e-01
3.156400e+09, 1.908836e-01, 9.396325e-01, -1.935149e+00, 3.109624e+00, 3.973031e-10, 4.703160e-10, 3.505295e+01, -3.545511e-01
3.160200e+09, 1.917067e-01, 9.394934e-01, -1.944635e+00, 3.098395e+00, 3.960909e-10, 4.702825e-10, 3.491768e+01, -3.548637e-01
3.164000e+09, 1.925136e-01, 9.393600e-01, -1.954092e+00, 3.087166e+00, 3.949415e-10, 4.702727e-10, 3.478306e+01, -3.551116e-01
3.167800e+09, 1.933051e-01, 9.392320e-01, -1.963522e+00, 3.075938e+00, 3.938802e-10, 4.702844e-10, 3.464908e+01, -3.552962e-01
3.171600e+09, 1.940820e-01, 9.391091e-01, -1.972926e+00, 3.064709e+00, 3.929305e-10, 4.703151e-10, 3.451573e+01, -3.554188e-01
3.175400e+09, 1.948447e-01, 9.389910e-01, -1.982308e+00, 3.053480e+00, 3.921132e-10, 4.703616e-10, 3.438301e+01, -3.554802e-01
3.179200e+09, 1.955939e-01, 9.388772e-01, -1.991670e+00, 3.042250e+00, 3.914461e-10, 4.704205e-10, 3.425088e+01, -3.554814e-01
3.183000e+09, 1.963299e-01, 9.387671e-01, -2.001016e+00, 3.031018e+00, 3.909436e-10, 4.704877e-10, 3.411932e+01, -3.554226e-01
3.186800e+09, 1.970532e-01, 9.386602e-01, -2.010350e+00, 3.019784e+00, 3.906162e-10, 4.705594e-10, 3.398832e+01, -3.553042e-01
3.190600e+09, 1.977639e-01, 9.385560e-01, -2.019677e+00, 3.008549e+00, 3.904705e-10, 4.706313e-10, 3.385783e+01, -3.551259e-01
3.194400e+09, 1.984621e-01, 9.384540e-01, -2.029000e+00, 2.997313e+00, 3.905085e-10, 4.706992e-10, 3.372784e+01, -3.548873e-01
3.198200e+09, 1.991477e-01, 9.383534e-01, -2.038323e+00, 2.986074e+00, 3.907280e-10, 4.707590e-10, 3.359832e+01, -3.545875e-01
3.202000e+09, 1.998206e-01, 9.382539e-01, -2.047652e+00, 2.974834e+00, 3.911223e-10, 4.708066e-10, 3.346926e+01, -3.542256e-01
3.205800e+09, 2.004804e-01, 9.381549e-01, -2.056991e+00, 2.963593e+00, 3.916807e-10, 4.708383e-10, 3.334065e+01, -3.538003e-01
3.209600e+09, 2.011266e-01, 9.380560e-01, -2.066343e+00, 2.952351e+00, 3.923882e-10, 4.708508e-10, 3.321248e+01, -3.533098e-01
3.213400e+09, 2.017587e-01, 9.379568e-01, -2.075711e+00, 2.941109e+00, 3.932260e-10, 4.708412e-10, 3.308476e+01, -3.527525e-01
3.217200e+09, 2.023759e-01, 9.378570e-01, -2.085100e+00, 2.929867e+00, 3.941722e-10, 4.708071e-10, 3.295750e+01, -3.521264e-01
3.221000e+09, 2.029774e-01, 9.377563e-01, -2.094511e+00, 2.918626e+00, 3.952019e-10, 4.707468e-10, 3.283075e+01, -3.514296e-01
3.224800e+09, 2.035622e-01, 9.376547e-01, -2.103947e+00, 2.907387e+00, 3.962879e-10, 4.706591e-10, 3.270453e+01, -3.506599e-01
3.228600e+09, 2.041294e-01, 9.375521e-01, -2.113409e+00, 2.896149e+00, 3.974010e-10, 4.705437e-10, 3.257889e+01, -3.498152e-01
3.232400e+09, 2.046780e-01, 9.374486e-01, -2.122898e+00, 2.884915e+00, 3.985113e-10, 4.704009e-10, 3.245391e+01, -3.488937e-01
3.236200e+09, 2.052068e-01, 9.373444e-01, -2.132412e+00, 2.873683e+00, 3.995882e-10, 4.702318e-10, 3.232964e+01, -3.478934e-01
3.240000e+09, 2.057148e-01, 9.372397e-01, -2.141953e+00, 2.862456e+00, 4.006013e-10, 4.700381e-10, 3.220618e+01, -3.468128e-01
3.243800e+09, 2.062009e-01, 9.371351e-01, -2.151518e+00, 2.851233e+00, 4.015212e-10, 4.698224e-10, 3.208361e+01, -3.456502e-01
3.247600e+09, 2.066642e-01, 9.370308e-01, -2.161105e+00, 2.840016e+00, 4.023199e-10, 4.695877e-10, 3.196203e+01, -3.444047e-01
3.251400e+09, 2.071035e-01, 9.369276e-01, -2.170710e+00, 2.828804e+00, 4.029716e-10, 4.693380e-10, 3.184155e+01, -3.430754e-01
3.255200e+09, 2.075182e-01, 9.368261e-01, -2.180332e+00, 2.817598e+00, 4.034534e-10, 4.690773e-10, 3.172227e+01, -3.416620e-01
3.259000e+09, 2.079073e-01, 9.367269e-01, -2.189965e+00, 2.806398e+00, 4.037455e-10, 4.688106e-10, 3.160430e+01, -3.401643e-01
3.262800e+09, 2.082703e-01, 9.366309e-01, -2.199605e+00, 2.795205e+00, 4.038318e-10, 4.685427e-10, 3.148777e+01, -3.385829e-01
3.266600e+09, 2.086066e-01, 9.365387e-01, -2.209247e+00, 2.784018e+00, 4.037005e-10, 4.682790e-10, 3.137276e+01, -3.369185e-01
3.270400e+09, 2.089160e-01, 9.364513e-01, -2.218885e+00, 2.772837e+00, 4.033441e-10, 4.680249e-10, 3.125940e+01, -3.351723e-01
3.274200e+09, 2.091981e-01, 9.363693e-01, -2.228516e+00, 2.761662e+00, 4.027598e-10, 4.677856e-10, 3.114778e+01, -3.333462e-01
3.278000e+09, 2.094530e-01, 9.362936e-01, -2.238132e+00, 2.750493e+00, 4.019497e-10, 4.675665e-10, 3.103799e+01, -3.314422e-01
3.281800e+09, 2.096809e-01, 9.362249e-01, -2.247729e+00, 2.739330e+00, 4.009206e-10, 4.673723e-10, 3.093011e+01, -3.294627e-01
3.285600e+09, 2.098820e-01, 9.361639e-01, -2.257301e+00, 2.728171e+00, 3.996842e-10, 4.672076e-10, 3.082422e+01, -3.274106e-01
3.289400e+09, 2.100568e-01, 9.361111e-01, -2.266844e+00, 2.717016e+00, 3.982568e-10, 4.670763e-10, 3.072038e+01, -3.252888e-01
3.293200e+09, 2.102060e-01, 9.360670e-01, -2.276353e+00, 2.705864e+00, 3.966591e-10, 4.669818e-10, 3.061864e+01, -3.231007e-01
3.297000e+09, 2.103304e-01, 9.360321e-01, -2.285824e+00, 2.694714e+00, 3.949157e-10, 4.669267e-10, 3.051903e+01, -3.208496e-01
3.300800e+09, 2.104309e-01, 9.360066e-01, -2.295253e+00, 2.683566e+00, 3.930550e-10, 4.669128e-10, 3.042157e+01, -3.185392e-01
3.304600e+09, 2.105084e-01, 9.359907e-01, -2.304637e+00, 2.672418e+00, 3.911083e-10, 4.669411e-10, 3.032626e+01, -3.161729e-01
3.308400e+09, 2.105642e-01, 9.359844e-01, -2.313976e+00, 2.661269e+00, 3.891091e-10, 4.670117e-10, 3.023310e+01, -3.137541e-01
3.312200e+09, 2.105993e-01, 9.359876e-01, -2.323266e+00, 2.650118e+00, 3.870930e-10, 4.671236e-10, 3.014207e+01, -3.112863e-01
3.316000e+09, 2.106150e-01, 9.360000e-01, -2.332508e+00, 2.638965e+00, 3.850963e-10, 4.672751e-10, 3.005313e+01, -3.087726e-01
3.319800e+09, 2.106124e-01, 9.360213e-01, -2.341703e+00, 2.627809e+00, 3.831554e-10, 4.674636e-10, 2.996624e+01, -3.062157e-01
3.323600e+09, 2.105929e-01, 9.360509e-01, -2.350851e+00, 2.616647e+00, 3.813064e-10, 4.676856e-10, 2.988135e+01, -3.036184e-01
3.327400e+09, 2.105575e-01, 9.360883e-01, -2.359955e+00, 2.605481e+00, 3.795834e-10, 4.679367e-10, 2.979840e+01, -3.009826e-01
3.331200e+09, 2.105072e-01, 9.361327e-01, -2.369018e+00, 2.594308e+00, 3.780186e-10, 4.682119e-10, 2.971732e+01, -2.983103e-01
3.335000e+09, 2.104431e-01, 9.361833e-01, -2.378044e+00, 2.583129e+00, 3.766409e-10, 4.685058e-10, 2.963804e+01, -2.956026e-01
3.338800e+09, 2.103659e-01, 9.362392e-01, -2.387037e+00, 2.571943e+00, 3.754752e-10, 4.688123e-10, 2.956050e+01, -2.928604e-01
3.342600e+09, 2.102764e-01, 9.362996e-01, -2.396001e+00, 2.560750e+00, 3.745420e-10, 4.691250e-10, 2.948462e+01, -2.900841e-01
3.346400e+09, 2.101749e-01, 9.363633e-01, -2.404944e+00, 2.549549e+00, 3.738567e-10, 4.694374e-10, 2.941034e+01, -2.872734e-01
3.350200e+09, 2.100620e-01, 9.364296e-01, -2.413870e+00, 2.538341e+00, 3.734291e-10, 4.697429e-10, 2.933761e+01, -2.844280e-01
3.354000e+09, 2.099376e-01, 9.364973e-01, -2.422786e+00, 2.527125e+00, 3.732629e-10, 4.700349e-10, 2.926637e+01, -2.815467e-01
3.357800e+09, 2.098016e-01, 9.365657e-01, -2.431698e+00, 2.515902e+00, 3.733557e-10, 4.703073e-10, 2.919658e+01, -2.786283e-01
3.361600e+09, 2.096538e-01, 9.366337e-01, -2.440613e+00, 2.504673e+00, 3.736991e-10, 4.705543e-10, 2.912822e+01, -2.756710e-01
3.365400e+09, 2.094936e-01, 9.367006e-01, -2.449535e+00, 2.493438e+00, 3.742780e-10, 4.707705e-10, 2.906128e+01, -2.726729e-01
3.369200e+09, 2.093204e-01, 9.367658e-01, -2.458471e+00, 2.482198e+00, 3.750719e-10, 4.709515e-10, 2.899574e+01, -2.696320e-01
3.373000e+09, 2.091332e-01, 9.368287e-01, -2.467427e+00, 2.470954e+00, 3.760545e-10, 4.710933e-10, 2.893163e+01, -2.665461e-01
3.376800e+09, 2.089311e-01, 9.368887e-01, -2.476405e+00, 2.459706e+00, 3.771943e-10, 4.711933e-10, 2.886897e+01, -2.634129e-01
3.380600e+09, 2.087127e-01, 9.369456e-01, -2.485411e+00, 2.448455e+00, 3.784555e-10, 4.712494e-10, 2.880782e+01, -2.602305e-01
3.384400e+09, 2.084768e-01, 9.369993e-01, -2.494447e+00, 2.437204e+00, 3.797985e-10, 4.712608e-10, 2.874823e+01, -2.569968e-01
3.388200e+09, 2.082219e-01, 9.370498e-01, -2.503515e+00, 2.425952e+00, 3.811808e-10, 4.712278e-10, 2.869027e+01, -2.537102e-01
3.392000e+09, 2.079465e-01, 9.370972e-01, -2.512617e+00, 2.414701e+00, 3.825579e-10, 4.711518e-10, 2.863404e+01, -2.503694e-01
3.395800e+09, 2.076492e-01, 9.371418e-01, -2.521751e+00, 2.403452e+00, 3.838841e-10, 4.710351e-10, 2.857964e+01, -2.469735e-01
3.399600e+09, 2.073284e-01, 9.371842e-01, -2.530916e+00, 2.392205e+00, 3.851138e-10, 4.708813e-10, 2.852716e+01, -2.435221e-01
3.403400e+09, 2.069826e-01, 9.372249e-01, -2.540111e+00, 2.380962e+00, 3.862019e-10, 4.706948e-10, 2.847673e+01, -2.400154e-01
3.407200e+09, 2.066105e-01, 9.372649e-01, -2.549332e+00, 2.369724e+00, 3.871055e-10, 4.704811e-10, 2.842847e+01, -2.364541e-01
3.411000e+09, 2.062107e-01, 9.373048e-01, -2.558575e+00, 2.358491e+00, 3.877843e-10, 4.702464e-10, 2.838249e+01, -2.328397e-01
3.414800e+09, 2.057822e-01, 9.373458e-01, -2.567834e+00, 2.347263e+00, 3.882016e-10, 4.699976e-10, 2.833892e+01, -2.291742e-01
3.418600e+09, 2.053238e-01, 9.373888e-01, -2.577102e+00, 2.336041e+00, 3.883254e-10, 4.697420e-10, 2.829788e+01, -2.254602e-01
3.422400e+09, 2.048349e-01, 9.374351e-01, -2.586374e+00, 2.324826e+00, 3.881286e-10, 4.694874e-10, 2.825947e+01, -2.217012e-01
3.426200e+09, 2.043149e-01, 9.374857e-01, -2.595641e+00, 2.313616e+00, 3.875904e-10, 4.692418e-10, 2.822380e+01, -2.179009e-01
3.430000e+09, 2.037634e-01, 9.375418e-01, -2.604895e+00, 2.302413e+00, 3.866962e-10, 4.690131e-10, 2.819095e+01, -2.140640e-01
3.433800e+09, 2.031803e-01, 9.376046e-01, -2.614128e+00, 2.291214e+00, 3.854385e-10, 4.688092e-10, 2.816102e+01, -2.101953e-01
3.437600e+09, 2.025657e-01, 9.376752e-01, -2.623331e+00, 2.280021e+00, 3.838170e-10, 4.686374e-10, 2.813404e+01, -2.063003e-01
3.441400e+09, 2.019202e-01, 9.377544e-01, -2.632495e+00, 2.268832e+00, 3.818387e-10, 4.685047e-10, 2.811008e+01, -2.023845e-01
3.445200e+09, 2.012443e-01, 9.378433e-01, -2.641612e+00, 2.257646e+00, 3.795182e-10, 4.684173e-10, 2.808915e+01, -1.984541e-01
3.449000e+09, 2.005390e-01, 9.379427e-01, -2.650673e+00, 2.246462e+00, 3.768776e-10, 4.683806e-10, 2.807127e+01, -1.945149e-01
3.452800e+09, 1.998054e-01, 9.380531e-01, -2.659671e+00, 2.235279e+00, 3.739460e-10, 4.683988e-10, 2.805641e+01, -1.905731e-01
3.456600e+09, 1.990448e-01, 9.381751e-01, -2.668600e+00, 2.224095e+00, 3.707592e-10, 4.684752e-10, 2.804454e+01, -1.866345e-01
3.460400e+09, 1.982588e-01, 9.383089e-01, -2.677452e+00, 2.212910e+00, 3.673594e-10, 4.686119e-10, 2.803562e+01, -1.827049e-01
3.464200e+09, 1.974490e-01, 9.384546e-01, -2.686223e+00, 2.201721e+00, 3.637939e-10, 4.688097e-10, 2.802958e+01, -1.787896e-01
3.468000e+09, 1.966172e-01, 9.386123e-01, -2.694909e+00, 2.190528e+00, 3.601148e-10, 4.690681e-10, 2.802632e+01, -1.748937e-01
3.471800e+09, 1.957653e-01, 9.387815e-01, -2.703507e+00, 2.179328e+00, 3.563777e-10, 4.693852e-10, 2.802575e+01, -1.710215e-01
3.475600e+09, 1.948951e-01, 9.389618e-01, -2.712016e+00, 2.168121e+00, 3.526407e-10, 4.697580e-10, 2.802776e+01, -1.671769e-01
3.479400e+09, 1.940086e-01, 9.391526e-01, -2.720436e+00, 2.156905e+00, 3.489627e-10, 4.701821e-10, 2.803223e+01, -1.633631e-01
3.483200e+09, 1.931077e-01, 9.393531e-01, -2.728768e+00, 2.145679e+00, 3.454028e-10, 4.706521e-10, 2.803902e+01, -1.595823e-01
3.487000e+09, 1.921939e-01, 9.395622e-01, -2.737015e+00, 2.134442e+00, 3.420180e-10, 4.711614e-10, 2.804802e+01, -1.558365e-01
3.490800e+09, 1.912691e-01, 9.397788e-01, -2.745181e+00, 2.123192e+00, 3.388626e-10, 4.717026e-10, 2.805909e+01, -1.521264e-01
3.494600e+09, 1.903346e-01, 9.400016e-01, -2.753271e+00, 2.111930e+00, 3.359860e-10, 4.722674e-10, 2.807211e+01, -1.484524e-01
3.498400e+09, 1.893916e-01, 9.402293e-01, -2.761293e+00, 2.100654e+00, 3.334319e-10, 4.728472e-10, 2.808696e+01, -1.448138e-01
3.502200e+09, 1.884412e-01, 9.404605e-01, -2.769255e+00, 2.089364e+00, 3.312366e-10, 4.734328e-10, 2.810353e+01, -1.412095e-01
3.506000e+09, 1.874841e-01, 9.406937e-01, -2.777163e+00, 2.078060e+00, 3.294280e-10, 4.740147e-10, 2.812173e+01, -1.376378e-01
3.509800e+09, 1.865206e-01, 9.409275e-01, -2.785029e+00, 2.066743e+00, 3.280245e-10, 4.745836e-10, 2.814148e+01, -1.340962e-01
3.513600e+09, 1.855509e-01, 9.411603e-01, -2.792861e+00, 2.055412e+00, 3.270342e-10, 4.751303e-10, 2.816272e+01, -1.305822e-01
3.517400e+09, 1.845749e-01, 9.413910e-01, -2.800669e+00, 2.044067e+00, 3.264545e-10, 4.756462e-10, 2.818541e+01, -1.270926e-01
3.521200e+09, 1.835919e-01, 9.416180e-01, -2.808463e+00, 2.032711e+00, 3.262712e-10, 4.761231e-10, 2.820954e+01, -1.236244e-01
3.525000e+09, 1.826012e-01, 9.418403e-01, -2.816253e+00, 2.021343e+00, 3.264594e-10, 4.765537e-10, 2.823511e+01, -1.201743e-01
3.528800e+09, 1.816016e-01, 9.420568e-01, -2.824048e+00, 2.009965e+00, 3.269827e-10, 4.769318e-10, 2.826214e+01, -1.167391e-01
3.532600e+09, 1.805919e-01, 9.422667e-01, -2.831855e+00, 1.998577e+00, 3.277945e-10, 4.772523e-10, 2.829069e+01, -1.133160e-01
3.536400e+09, 1.795702e-01, 9.424692e-01, -2.839682e+00, 1.987182e+00, 3.288382e-10, 4.775111e-10, 2.832082e+01, -1.099023e-01
3.540200e+09, 1.785349e-01, 9.426639e-01, -2.847533e+00, 1.975781e+00, 3.300484e-10, 4.777060e-10, 2.835262e+01, -1.064961e-01
3.544000e+09, 1.774839e-01, 9.428505e-01, -2.855413e+00, 1.964375e+00, 3.313523e-10, 4.778358e-10, 2.838621e+01, -1.030959e-01
3.547800e+09, 1.764152e-01, 9.430290e-01, -2.863325e+00, 1.952967e+00, 3.326708e-10, 4.779010e-10, 2.842169e+01, -9.970084e-02
3.551600e+09, 1.753266e-01, 9.431996e-01, -2.871267e+00, 1.941556e+00, 3.339202e-10, 4.779037e-10, 2.845921e+01, -9.631096e-02
3.555400e+09, 1.742159e-01, 9.433626e-01, -2.879240e+00, 1.930146e+00, 3.350138e-10, 4.778474e-10, 2.849890e+01, -9.292710e-02
3.559200e+09, 1.730810e-01, 9.435188e-01, -2.887239e+00, 1.918737e+00, 3.358635e-10, 4.777369e-10, 2.854091e+01, -8.955097e-02
3.563000e+09, 1.719199e-01, 9.436689e-01, -2.895258e+00, 1.907330e+00, 3.363821e-10, 4.775788e-10, 2.858539e+01, -8.618522e-02
3.566800e+09, 1.707306e-01, 9.438140e-01, -2.903290e+00, 1.895927e+00, 3.364844e-10, 4.773803e-10, 2.863246e+01, -8.283337e-02
3.570600e+09, 1.695117e-01, 9.439553e-01, -2.911324e+00, 1.884529e+00, 3.360893e-10, 4.771504e-10, 2.868227e+01, -7.949982e-02
3.574400e+09, 1.682616e-01, 9.440941e-01, -2.919348e+00, 1.873137e+00, 3.351216e-10, 4.768983e-10, 2.873493e+01, -7.618978e-02
3.578200e+09, 1.669791e-01, 9.442318e-01, -2.927349e+00, 1.861750e+00, 3.335134e-10, 4.766345e-10, 2.879054e+01, -7.290921e-02
3.582000e+09, 1.656637e-01, 9.443700e-01, -2.935312e+00, 1.850370e+00, 3.312058e-10, 4.763698e-10, 2.884918e+01, -6.966470e-02
3.585800e+09, 1.643148e-01, 9.445101e-01, -2.943220e+00, 1.838996e+00, 3.281506e-10, 4.761150e-10, 2.891092e+01, -6.646335e-02
3.589600e+09, 1.629323e-01, 9.446539e-01, -2.951055e+00, 1.827629e+00, 3.243110e-10, 4.758813e-10, 2.897577e+01, -6.331266e-02
3.593400e+09, 1.615167e-01, 9.448028e-01, -2.958799e+00, 1.816266e+00, 3.196632e-10, 4.756795e-10, 2.904376e+01, -6.022033e-02
3.597200e+09, 1.600688e-01, 9.449582e-01, -2.966431e+00, 1.804909e+00, 3.141976e-10, 4.755200e-10, 2.911484e+01, -5.719415e-02
3.601000e+09, 1.585898e-01, 9.451216e-01, -2.973933e+00, 1.793555e+00, 3.079191e-10, 4.754123e-10, 2.918896e+01, -5.424181e-02
3.604800e+09, 1.570811e-01, 9.452941e-01, -2.981285e+00, 1.782204e+00, 3.008480e-10, 4.753652e-10, 2.926603e+01, -5.137073e-02
3.608600e+09, 1.555449e-01, 9.454768e-01, -2.988468e+00, 1.770855e+00, 2.930205e-10, 4.753862e-10, 2.934594e+01, -4.858788e-02
3.612400e+09, 1.539834e-01, 9.456705e-01, -2.995464e+00, 1.759504e+00, 2.844883e-10, 4.754813e-10, 2.942854e+01, -4.589964e-02
3.616200e+09, 1.523992e-01, 9.458758e-01, -3.002256e+00, 1.748152e+00, 2.753191e-10, 4.756553e-10, 2.951365e+01, -4.331167e-02
3.620000e+09, 1.507953e-01, 9.460932e-01, -3.008830e+00, 1.736795e+00, 2.655953e-10, 4.759110e-10, 2.960108e+01, -4.082871e-02
3.623800e+09, 1.491747e-01, 9.463226e-01, -3.015171e+00, 1.725432e+00, 2.554132e-10, 4.762495e-10, 2.969062e+01, -3.845455e-02
3.627600e+09, 1.475408e-01, 9.465638e-01, -3.021270e+00, 1.714061e+00, 2.448818e-10, 4.766702e-10, 2.978202e+01, -3.619188e-02
3.631400e+09, 1.458967e-01, 9.468164e-01, -3.027116e+00, 1.702680e+00, 2.341210e-10, 4.771704e-10, 2.987506e+01, -3.404226e-02
3.635200e+09, 1.442459e-01, 9.470797e-01, -3.032706e+00, 1.691287e+00, 2.232587e-10, 4.777457e-10, 2.996948e+01, -3.200604e-02
3.639000e+09, 1.425917e-01, 9.473526e-01, -3.038037e+00, 1.679880e+00, 2.124285e-10, 4.783897e-10, 3.006503e+01, -3.008240e-02
3.642800e+09, 1.409371e-01, 9.476338e-01, -3.043109e+00, 1.668458e+00, 2.017665e-10, 4.790943e-10, 3.016148e+01, -2.826935e-02
3.646600e+09, 1.392852e-01, 9.479217e-01, -3.047926e+00, 1.657019e+00, 1.914071e-10, 4.798499e-10, 3.025860e+01, -2.656379e-02
3.650400e+09, 1.376385e-01, 9.482147e-01, -3.052496e+00, 1.645562e+00, 1.814799e-10, 4.806454e-10, 3.035617e+01, -2.496155e-02
3.654200e+09, 1.359993e-01, 9.485108e-01, -3.056829e+00, 1.634086e+00, 1.721047e-10, 4.814685e-10, 3.045399e+01, -2.345757e-02
3.658000e+09, 1.343696e-01, 9.488079e-01, -3.060938e+00, 1.622591e+00, 1.633877e-10, 4.823060e-10, 3.055191e+01, -2.204599e-02
3.661800e+09, 1.327506e-01, 9.491038e-01, -3.064840e+00, 1.611075e+00, 1.554173e-10, 4.831439e-10, 3.064979e+01, -2.072028e-02
3.665600e+09, 1.311433e-01, 9.493964e-01, -3.068550e+00, 1.599540e+00, 1.482598e-10, 4.839679e-10, 3.074754e+01, -1.947350e-02
3.669400e+09, 1.295480e-01, 9.496834e-01, -3.072090e+00, 1.587984e+00, 1.419562e-10, 4.847635e-10, 3.084508e+01, -1.829841e-02
3.673200e+09, 1.279644e-01, 9.499625e-01, -3.075480e+00, 1.576410e+00, 1.365186e-10, 4.855165e-10, 3.094239e+01, -1.718772e-02
3.677000e+09, 1.263919e-01, 9.502317e-01, -3.078739e+00, 1.564818e+00, 1.319281e-10, 4.862134e-10, 3.103949e+01, -1.613428e-02
3.680800e+09, 1.248290e-01, 9.504890e-01, -3.081889e+00, 1.553209e+00, 1.281331e-10, 4.868413e-10, 3.113643e+01, -1.513129e-02
3.684600e+09, 1.232739e-01, 9.507326e-01, -3.084948e+00, 1.541585e+00, 1.250481e-10, 4.873888e-10, 3.123331e+01, -1.417251e-02
3.688400e+09, 1.217242e-01, 9.509609e-01, -3.087934e+00, 1.529948e+00, 1.225543e-10, 4.878457e-10, 3.133026e+01, -1.325245e-02
3.692200e+09, 1.201771e-01, 9.511725e-01, -3.090860e+00, 1.518300e+00, 1.204997e-10, 4.882037e-10, 3.142742e+01, -1.236655e-02
3.696000e+09, 1.186297e-01, 9.513666e-01, -3.093737e+00, 1.506644e+00, 1.187017e-10, 4.884566e-10, 3.152500e+01, -1.151133e-02
3.699800e+09, 1.170784e-01, 9.515425e-01, -3.096571e+00, 1.494981e+00, 1.169485e-10, 4.886000e-10, 3.162320e+01, -1.068456e-02
3.703600e+09, 1.155197e-01, 9.516997e-01, -3.099364e+00, 1.483316e+00, 1.150030e-10, 4.886322e-10, 3.172225e+01, -9.885292e-03
3.707400e+09, 1.139501e-01, 9.518385e-01, -3.102109e+00, 1.471649e+00, 1.126056e-10, 4.885537e-10, 3.182238e+01, -9.114003e-03
3.711200e+09, 1.123658e-01, 9.519592e-01, -3.104798e+00, 1.459984e+00, 1.094784e-10, 4.883676e-10, 3.192383e+01, -8.372590e-03
3.715000e+09, 1.107635e-01, 9.520626e-01, -3.107412e+00, 1.448324e+00, 1.053290e-10, 4.880793e-10, 3.202683e+01, -7.664378e-03
3.718800e+09, 1.091400e-01, 9.521499e-01, -3.109927e+00, 1.436670e+00, 9.985516e-11, 4.876968e-10, 3.213160e+01, -6.994081e-03
3.722600e+09, 1.074922e-01, 9.522227e-01, -3.112311e+00, 1.425026e+00, 9.274863e-11, 4.872304e-10, 3.223834e+01, -6.367722e-03
3.726400e+09, 1.058180e-01, 9.522828e-01, -3.114525e+00, 1.413393e+00, 8.369986e-11, 4.866926e-10, 3.234723e+01, -5.792515e-03
3.730200e+09, 1.041154e-01, 9.523324e-01, -3.116524e+00, 1.401773e+00, 7.240239e-11, 4.860978e-10, 3.245839e+01, -5.276716e-03
3.734000e+09, 1.023831e-01, 9.523738e-01, -3.118252e+00, 1.390167e+00, 5.855753e-11, 4.854620e-10, 3.257192e+01, -4.829438e-03
3.737800e+09, 1.006208e-01, 9.524098e-01, -3.119651e+00, 1.378576e+00, 4.187928e-11, 4.848028e-10, 3.268788e+01, -4.460435e-03
3.741600e+09, 9.882875e-02, 9.524429e-01, -3.120650e+00, 1.367000e+00, 2.209968e-11, 4.841389e-10, 3.280626e+01, -4.179873e-03
3.745400e+09, 9.700802e-02, 9.524761e-01, -3.121178e+00, 1.355441e+00, -1.025261e-12, 4.834894e-10, 3.292700e+01, -3.998069e-03
3.749200e+09, 9.516069e-02, 9.525123e-01, -3.121154e+00, 1.343897e+00, -2.770884e-11, 4.828740e-10, 3.304999e+01, -3.925229e-03
3.753000e+09, 9.328969e-02, 9.525542e-01, -3.120492e+00, 1.332368e+00, -5.812601e-11, 4.823120e-10, 3.317507e+01, -3.971178e-03
3.756800e+09, 9.139890e-02, 9.526046e-01, -3.119104e+00, 1.320852e+00, -9.240464e-11, 4.818224e-10, 3.330200e+01, -4.145084e-03
3.760600e+09, 8.949308e-02, 9.526660e-01, -3.116898e+00, 1.309348e+00, -1.306154e-10, 4.814228e-10, 3.343051e+01, -4.455203e-03
3.764400e+09, 8.757793e-02, 9.527408e-01, -3.113779e+00, 1.297854e+00, -1.727609e-10, 4.811297e-10, 3.356027e+01, -4.908632e-03
3.768200e+09, 8.565994e-02, 9.528310e-01, -3.109655e+00, 1.286366e+00, -2.187630e-10, 4.809574e-10, 3.369091e+01, -5.511083e-03
3.772000e+09, 8.374642e-02, 9.529381e-01, -3.104431e+00, 1.274883e+00, -2.684503e-10, 4.809181e-10, 3.382200e+01, -6.266689e-03
3.775800e+09, 8.184533e-02, 9.530635e-01, -3.098022e+00, 1.263400e+00, -3.215455e-10, 4.810212e-10, 3.395311e+01, -7.177844e-03
3.779600e+09, 7.996522e-02, 9.532080e-01, -3.090345e+00, 1.251915e+00, -3.776535e-10, 4.812732e-10, 3.408375e+01, -8.245081e-03
3.783400e+09, 7.811504e-02, 9.533717e-01, -3.081328e+00, 1.240425e+00, -4.362523e-10, 4.816774e-10, 3.421346e+01, -9.466993e-03
3.787200e+09, 7.630402e-02, 9.535546e-01, -3.070912e+00, 1.228924e+00, -4.966881e-10, 4.822335e-10, 3.434175e+01, -1.084020e-02
3.791000e+09, 7.454144e-02, 9.537558e-01, -3.059053e+00, 1.217410e+00, -5.581774e-10, 4.829378e-10, 3.446815e+01, -1.235938e-02
3.794800e+09, 7.283641e-02, 9.539740e-01, -3.045726e+00, 1.205879e+00, -6.198168e-10, 4.837829e-10, 3.459218e+01, -1.401730e-02
3.798600e+09, 7.119767e-02, 9.542075e-01, -3.030927e+00, 1.194329e+00, -6.806042e-10, 4.847580e-10, 3.471345e+01, -1.580497e-02
3.802400e+09, 6.963332e-02, 9.544538e-01, -3.014677e+00, 1.182754e+00, -7.394722e-10, 4.858485e-10, 3.483154e+01, -1.771180e-02
3.806200e+09, 6.815055e-02, 9.547102e-01, -2.997021e+00, 1.171154e+00, -7.953327e-10, 4.870372e-10, 3.494615e+01, -1.972579e-02
3.810000e+09, 6.675542e-02, 9.549736e-01, -2.978031e+00, 1.159526e+00, -8.471341e-10, 4.883033e-10, 3.505700e+01, -2.183380e-02
3.813800e+09, 6.545262e-02, 9.552401e-01, -2.957805e+00, 1.147867e+00, -8.939248e-10, 4.896240e-10, 3.516388e+01, -2.402184e-02
3.817600e+09, 6.424531e-02, 9.555061e-01, -2.936462e+00, 1.136177e+00, -9.349201e-10, 4.909742e-10, 3.526666e+01, -2.627537e-02
3.821400e+09, 6.313493e-02, 9.557672e-01, -2.914139e+00, 1.124454e+00, -9.695649e-10, 4.923271e-10, 3.536531e+01, -2.857965e-02
3.825200e+09, 6.212120e-02, 9.560194e-01, -2.890990e+00, 1.112699e+00, -9.975853e-10, 4.936549e-10, 3.545985e+01, -3.092010e-02
3.829000e+09, 6.120205e-02, 9.562582e-01, -2.867172e+00, 1.100913e+00, -1.019022e-09, 4.949296e-10, 3.555040e+01, -3.328267e-02
3.832800e+09, 6.037379e-02, 9.564794e-01, -2.842841e+00, 1.089096e+00, -1.034245e-09, 4.961229e-10, 3.563715e+01, -3.565418e-02
3.836600e+09, 5.963120e-02, 9.566789e-01, -2.818148e+00, 1.077250e+00, -1.043934e-09, 4.972078e-10, 3.572038e+01, -3.802269e-02
3.840400e+09, 5.896784e-02, 9.568528e-01, -2.793222e+00, 1.065379e+00, -1.049052e-09, 4.981584e-10, 3.580042e+01, -4.037779e-02
3.844200e+09, 5.837631e-02, 9.569975e-01, -2.768175e+00, 1.053485e+00, -1.050781e-09, 4.989508e-10, 3.587767e+01, -4.271095e-02
3.848000e+09, 5.784866e-02, 9.571099e-01, -2.743087e+00, 1.041572e+00, -1.050458e-09, 4.995638e-10, 3.595258e+01, -4.501572e-02
3.851800e+09, 5.737674e-02, 9.571874e-01, -2.718006e+00, 1.029644e+00, -1.049497e-09, 4.999795e-10, 3.602563e+01, -4.728797e-02
3.855600e+09, 5.695263e-02, 9.572279e-01, -2.692948e+00, 1.017707e+00, -1.049311e-09, 5.001834e-10, 3.609735e+01, -4.952606e-02
3.859400e+09, 5.656905e-02, 9.572302e-01, -2.667894e+00, 1.005764e+00, -1.051239e-09, 5.001652e-10, 3.616824e+01, -5.173088e-02
3.863200e+09, 5.621972e-02, 9.571934e-01, -2.642795e+00, 9.938221e-01, -1.056472e-09, 4.999190e-10, 3.623883e+01, -5.390593e-02
3.867000e+09, 5.589972e-02, 9.571178e-01, -2.617571e+00, 9.818860e-01, -1.065997e-09, 4.994435e-10, 3.630960e+01, -5.605727e-02
3.870800e+09, 5.560583e-02, 9.570041e-01, -2.592119e+00, 9.699612e-01, -1.080535e-09, 4.987425e-10, 3.638102e+01, -5.819339e-02
3.874600e+09, 5.533672e-02, 9.568539e-01, -2.566320e+00, 9.580532e-01, -1.100492e-09, 4.978248e-10, 3.645349e+01, -6.032508e-02
3.878400e+09, 5.509319e-02, 9.566697e-01, -2.540044e+00, 9.461671e-01, -1.125917e-09, 4.967041e-10, 3.652735e+01, -6.246512e-02
3.882200e+09, 5.487829e-02, 9.564547e-01, -2.513162e+00, 9.343077e-01, -1.156454e-09, 4.953991e-10, 3.660285e+01, -6.462806e-02
3.886000e+09, 5.469736e-02, 9.562126e-01, -2.485550e+00, 9.224795e-01, -1.191315e-09, 4.939334e-10, 3.668016e+01, -6.682978e-02
3.889800e+09, 5.455797e-02, 9.559481e-01, -2.457106e+00, 9.106863e-01, -1.229264e-09, 4.923349e-10, 3.675936e+01, -6.908716e-02
3.893600e+09, 5.446981e-02, 9.556661e-01, -2.427756e+00, 8.989313e-01, -1.268615e-09, 4.906357e-10, 3.684041e+01, -7.141754e-02
3.897400e+09, 5.444439e-02, 9.553724e-01, -2.397467e+00, 8.872168e-01, -1.307269e-09, 4.888713e-10, 3.692314e+01, -7.383833e-02
3.901200e+09, 5.449473e-02, 9.550728e-01, -2.366254e+00, 8.755445e-01, -1.342792e-09, 4.870804e-10, 3.700729e+01, -7.636646e-02
3.905000e+09, 5.463483e-02, 9.547736e-01, -2.334193e+00, 8.639149e-01, -1.372534e-09, 4.853037e-10, 3.709249e+01, -7.901790e-02
3.908800e+09, 5.487913e-02, 9.544812e-01, -2.301423e+00, 8.523277e-01, -1.393798e-09, 4.835836e-10, 3.717823e+01, -8.180713e-02
3.912600e+09, 5.524177e-02, 9.542020e-01, -2.268144e+00, 8.407816e-01, -1.404052e-09, 4.819629e-10, 3.726393e+01, -8.474671e-02
3.916400e+09, 5.573593e-02, 9.539422e-01, -2.234621e+00, 8.292742e-01, -1.401143e-09, 4.804842e-10, 3.734889e+01, -8.784680e-02
3.920200e+09, 5.637310e-02, 9.537078e-01, -2.201167e+00, 8.178022e-01, -1.383510e-09, 4.791884e-10, 3.743235e+01, -9.111478e-02
3.924000e+09, 5.716238e-02, 9.535043e-01, -2.168134e+00, 8.063610e-01, -1.350347e-09, 4.781146e-10, 3.751346e+01, -9.455489e-02
3.927800e+09, 5.810995e-02, 9.533366e-01, -2.135893e+00, 7.949455e-01, -1.301685e-09, 4.772979e-10, 3.759134e+01, -9.816797e-02
3.931600e+09, 5.921866e-02, 9.532090e-01, -2.104814e+00, 7.835495e-01, -1.238389e-09, 4.767695e-10, 3.766509e+01, -1.019512e-01
3.935400e+09, 6.048782e-02, 9.531248e-01, -2.075246e+00, 7.721661e-01, -1.162059e-09, 4.765550e-10, 3.773379e+01, -1.058982e-01
3.939200e+09, 6.191318e-02, 9.530865e-01, -2.047501e+00, 7.607878e-01, -1.074869e-09, 4.766738e-10, 3.779655e+01, -1.099988e-01
3.943000e+09, 6.348710e-02, 9.530955e-01, -2.021837e+00, 7.494067e-01, -9.793587e-10, 4.771387e-10, 3.785251e+01, -1.142389e-01
3.946800e+09, 6.519885e-02, 9.531519e-01, -1.998454e+00, 7.380145e-01, -8.782214e-10, 4.779545e-10, 3.790091e+01, -1.186014e-01
3.950600e+09, 6.703505e-02, 9.532549e-01, -1.977485e+00, 7.266028e-01, -7.741162e-10, 4.791185e-10, 3.794104e+01, -1.230655e-01
3.954400e+09, 6.898018e-02, 9.534022e-01, -1.959002e+00, 7.151633e-01, -6.695184e-10, 4.806195e-10, 3.797234e+01, -1.276080e-01
3.958200e+09, 7.101706e-02, 9.535904e-01, -1.943017e+00, 7.036880e-01, -5.666201e-10, 4.824381e-10, 3.799436e+01, -1.322030e-01
3.962000e+09, 7.312741e-02, 9.538150e-01, -1.929488e+00, 6.921692e-01, -4.672775e-10, 4.845467e-10, 3.800681e+01, -1.368227e-01
3.965800e+09, 7.529232e-02, 9.540703e-01, -1.918331e+00, 6.806001e-01, -3.729964e-10, 4.869101e-10, 3.800957e+01, -1.414384e-01
3.969600e+09, 7.749269e-02, 9.543493e-01, -1.909426e+00, 6.689746e-01, -2.849477e-10, 4.894857e-10, 3.800268e+01, -1.460203e-01
3.973400e+09, 7.970966e-02, 9.546445e-01, -1.902622e+00, 6.572876e-01, -2.040001e-10, 4.922244e-10, 3.798637e+01, -1.505390e-01
3.977200e+09, 8.192492e-02, 9.549472e-01, -1.897752e+00, 6.455352e-01, -1.307614e-10, 4.950716e-10, 3.796104e+01, -1.549658e-01
3.981000e+09, 8.412109e-02, 9.552483e-01, -1.894629e+00, 6.337148e-01, -6.562360e-11, 4.979679e-10, 3.792727e+01, -1.592735e-01
3.984800e+09, 8.628194e-02, 9.555381e-01, -1.893063e+00, 6.218253e-01, -8.803547e-12, 5.008506e-10, 3.788579e+01, -1.634370e-01
3.988600e+09, 8.839265e-02, 9.558066e-01, -1.892852e+00, 6.098669e-01, 3.961998e-11, 5.036550e-10, 3.783749e+01, -1.674344e-01
3.992400e+09, 9.044006e-02, 9.560439e-01, -1.893798e+00, 5.978416e-01, 7.967662e-11, 5.063153e-10, 3.778339e+01, -1.712469e-01
3.996200e+09, 9.241281e-02, 9.562400e-01, -1.895701e+00, 5.857528e-01, 1.114816e-10, 5.087662e-10, 3.772460e+01, -1.748603e-01
4.000000e+09, 9.430158e-02, 9.563855e-01, -1.898362e+00, 5.736054e-01, 1.114816e-10, 5.087662e-10, 3.766234e+01, -1.782644e-01
