Frequency [Hz], |S00| [-], |S10| [-], Arg(S00) [-], Arg(S10) [-], Delay 0>0 [s], Delay 0>1 [s], |Z0| [Ohm] , Arg(Z0) [-]
2.000000e+08, 4.109317e-02, 9.544855e-01, 2.085218e+00, -6.897422e-01, 9.421599e-10, 5.498379e-10, 3.841651e+01, 7.154827e-02
2.038000e+08, 4.069198e-02, 9.543225e-01, 2.062723e+00, -7.028702e-01, 9.564456e-10, 5.483052e-10, 3.849331e+01, 7.172953e-02
2.076000e+08, 4.029782e-02, 9.541731e-01, 2.039886e+00, -7.159616e-01, 9.718155e-10, 5.469191e-10, 3.857048e+01, 7.188257e-02
2.114000e+08, 3.991101e-02, 9.540426e-01, 2.016683e+00, -7.290199e-01, 9.882621e-10, 5.457139e-10, 3.864807e+01, 7.200788e-02
2.152000e+08, 3.953178e-02, 9.539357e-01, 1.993087e+00, -7.420494e-01, 1.005764e-09, 5.447180e-10, 3.872612e+01, 7.210566e-02
2.190000e+08, 3.916033e-02, 9.538562e-01, 1.969074e+00, -7.550551e-01, 1.024285e-09, 5.439538e-10, 3.880470e+01, 7.217582e-02
2.228000e+08, 3.879679e-02, 9.538070e-01, 1.944618e+00, -7.680426e-01, 1.043777e-09, 5.434364e-10, 3.888386e+01, 7.221794e-02
2.266000e+08, 3.844127e-02, 9.537901e-01, 1.919696e+00, -7.810178e-01, 1.064178e-09, 5.431743e-10, 3.896364e+01, 7.223136e-02
2.304000e+08, 3.809384e-02, 9.538067e-01, 1.894288e+00, -7.939866e-01, 1.085416e-09, 5.431691e-10, 3.904408e+01, 7.221510e-02
2.342000e+08, 3.775455e-02, 9.538568e-01, 1.868372e+00, -8.069554e-01, 1.107407e-09, 5.434152e-10, 3.912524e+01, 7.216798e-02
2.380000e+08, 3.742345e-02, 9.539396e-01, 1.841932e+00, -8.199300e-01, 1.130058e-09, 5.439009e-10, 3.920714e+01, 7.208854e-02
2.418000e+08, 3.710057e-02, 9.540534e-01, 1.814951e+00, -8.329163e-01, 1.153269e-09, 5.446085e-10, 3.928981e+01, 7.197519e-02
2.456000e+08, 3.678598e-02, 9.541955e-01, 1.787415e+00, -8.459194e-01, 1.176931e-09, 5.455148e-10, 3.937326e+01, 7.182616e-02
2.494000e+08, 3.647974e-02, 9.543626e-01, 1.759314e+00, -8.589442e-01, 1.200932e-09, 5.465919e-10, 3.945749e+01, 7.163956e-02
2.532000e+08, 3.618197e-02, 9.545506e-01, 1.730641e+00, -8.719947e-01, 1.225152e-09, 5.478080e-10, 3.954251e+01, 7.141345e-02
2.570000e+08, 3.589279e-02, 9.547552e-01, 1.701389e+00, -8.850742e-01, 1.249471e-09, 5.491282e-10, 3.962829e+01, 7.114585e-02
2.608000e+08, 3.561240e-02, 9.549712e-01, 1.671557e+00, -8.981852e-01, 1.273764e-09, 5.505155e-10, 3.971480e+01, 7.083482e-02
2.646000e+08, 3.534101e-02, 9.551934e-01, 1.641144e+00, -9.113294e-01, 1.297905e-09, 5.519316e-10, 3.980201e+01, 7.047844e-02
2.684000e+08, 3.507890e-02, 9.554164e-01, 1.610155e+00, -9.245074e-01, 1.321766e-09, 5.533377e-10, 3.988986e+01, 7.007491e-02
2.722000e+08, 3.482641e-02, 9.556348e-01, 1.578596e+00, -9.377189e-01, 1.345222e-09, 5.546958e-10, 3.997830e+01, 6.962257e-02
2.760000e+08, 3.458393e-02, 9.558432e-01, 1.546478e+00, -9.509629e-01, 1.368146e-09, 5.559693e-10, 4.006725e+01, 6.911992e-02
2.798000e+08, 3.435189e-02, 9.560365e-01, 1.513812e+00, -9.642373e-01, 1.390416e-09, 5.571240e-10, 4.015664e+01, 6.856566e-02
2.836000e+08, 3.413080e-02, 9.562102e-01, 1.480614e+00, -9.775392e-01, 1.411910e-09, 5.581291e-10, 4.024638e+01, 6.795869e-02
2.874000e+08, 3.392121e-02, 9.563600e-01, 1.446903e+00, -9.908652e-01, 1.432511e-09, 5.589574e-10, 4.033638e+01, 6.729818e-02
2.912000e+08, 3.372371e-02, 9.564824e-01, 1.412700e+00, -1.004211e+00, 1.452108e-09, 5.595867e-10, 4.042654e+01, 6.658354e-02
2.950000e+08, 3.353895e-02, 9.565745e-01, 1.378030e+00, -1.017572e+00, 1.470594e-09, 5.599997e-10, 4.051678e+01, 6.581444e-02
2.988000e+08, 3.336762e-02, 9.566342e-01, 1.342918e+00, -1.030942e+00, 1.487870e-09, 5.601851e-10, 4.060698e+01, 6.499079e-02
3.026000e+08, 3.321043e-02, 9.566603e-01, 1.307393e+00, -1.044317e+00, 1.503845e-09, 5.601370e-10, 4.069706e+01, 6.411279e-02
3.064000e+08, 3.306812e-02, 9.566524e-01, 1.271487e+00, -1.057691e+00, 1.518438e-09, 5.598559e-10, 4.078692e+01, 6.318083e-02
3.102000e+08, 3.294147e-02, 9.566109e-01, 1.235233e+00, -1.071058e+00, 1.531576e-09, 5.593482e-10, 4.087647e+01, 6.219556e-02
3.140000e+08, 3.283123e-02, 9.565371e-01, 1.198665e+00, -1.084413e+00, 1.543199e-09, 5.586261e-10, 4.096562e+01, 6.115780e-02
3.178000e+08, 3.273820e-02, 9.564331e-01, 1.161819e+00, -1.097751e+00, 1.553259e-09, 5.577075e-10, 4.105430e+01, 6.006854e-02
3.216000e+08, 3.266314e-02, 9.563018e-01, 1.124733e+00, -1.111067e+00, 1.561719e-09, 5.566151e-10, 4.114242e+01, 5.892890e-02
3.254000e+08, 3.260680e-02, 9.561468e-01, 1.087446e+00, -1.124357e+00, 1.568558e-09, 5.553762e-10, 4.122993e+01, 5.774011e-02
3.292000e+08, 3.256992e-02, 9.559721e-01, 1.049995e+00, -1.137617e+00, 1.573767e-09, 5.540217e-10, 4.131677e+01, 5.650344e-02
3.330000e+08, 3.255321e-02, 9.557825e-01, 1.012419e+00, -1.150845e+00, 1.577351e-09, 5.525851e-10, 4.140289e+01, 5.522018e-02
3.368000e+08, 3.255731e-02, 9.555828e-01, 9.747582e-01, -1.164039e+00, 1.579329e-09, 5.511023e-10, 4.148825e+01, 5.389160e-02
3.406000e+08, 3.258284e-02, 9.553782e-01, 9.370500e-01, -1.177197e+00, 1.579733e-09, 5.496099e-10, 4.157282e+01, 5.251893e-02
3.444000e+08, 3.263036e-02, 9.551740e-01, 8.993321e-01, -1.190319e+00, 1.578608e-09, 5.481443e-10, 4.165658e+01, 5.110330e-02
3.482000e+08, 3.270036e-02, 9.549754e-01, 8.616411e-01, -1.203407e+00, 1.576010e-09, 5.467414e-10, 4.173951e+01, 4.964571e-02
3.520000e+08, 3.279326e-02, 9.547874e-01, 8.240121e-01, -1.216461e+00, 1.572006e-09, 5.454349e-10, 4.182159e+01, 4.814702e-02
3.558000e+08, 3.290942e-02, 9.546147e-01, 7.864787e-01, -1.229484e+00, 1.566669e-09, 5.442559e-10, 4.190282e+01, 4.660794e-02
3.596000e+08, 3.304910e-02, 9.544617e-01, 7.490727e-01, -1.242478e+00, 1.560084e-09, 5.432319e-10, 4.198320e+01, 4.502899e-02
3.634000e+08, 3.321250e-02, 9.543321e-01, 7.118240e-01, -1.255449e+00, 1.552337e-09, 5.423863e-10, 4.206271e+01, 4.341050e-02
3.672000e+08, 3.339973e-02, 9.542290e-01, 6.747603e-01, -1.268399e+00, 1.543520e-09, 5.417380e-10, 4.214135e+01, 4.175263e-02
3.710000e+08, 3.361081e-02, 9.541549e-01, 6.379070e-01, -1.281333e+00, 1.533726e-09, 5.413006e-10, 4.221911e+01, 4.005534e-02
3.748000e+08, 3.384566e-02, 9.541116e-01, 6.012876e-01, -1.294258e+00, 1.523049e-09, 5.410825e-10, 4.229599e+01, 3.831845e-02
3.786000e+08, 3.410413e-02, 9.541001e-01, 5.649231e-01, -1.307177e+00, 1.511580e-09, 5.410866e-10, 4.237196e+01, 3.654160e-02
3.824000e+08, 3.438599e-02, 9.541204e-01, 5.288325e-01, -1.320096e+00, 1.499406e-09, 5.413103e-10, 4.244701e+01, 3.472434e-02
3.862000e+08, 3.469090e-02, 9.541720e-01, 4.930325e-01, -1.333020e+00, 1.486613e-09, 5.417460e-10, 4.252110e+01, 3.286609e-02
3.900000e+08, 3.501845e-02, 9.542535e-01, 4.575380e-01, -1.345955e+00, 1.473279e-09, 5.423806e-10, 4.259420e+01, 3.096623e-02
3.938000e+08, 3.536815e-02, 9.543629e-01, 4.223618e-01, -1.358905e+00, 1.459474e-09, 5.431969e-10, 4.266626e+01, 2.902410e-02
3.976000e+08, 3.573943e-02, 9.544973e-01, 3.875153e-01, -1.371874e+00, 1.445264e-09, 5.441732e-10, 4.273722e+01, 2.703904e-02
4.014000e+08, 3.613166e-02, 9.546535e-01, 3.530080e-01, -1.384867e+00, 1.430707e-09, 5.452844e-10, 4.280702e+01, 2.501045e-02
4.052000e+08, 3.654412e-02, 9.548276e-01, 3.188483e-01, -1.397886e+00, 1.415851e-09, 5.465024e-10, 4.287559e+01, 2.293781e-02
4.090000e+08, 3.697604e-02, 9.550154e-01, 2.850433e-01, -1.410934e+00, 1.400739e-09, 5.477970e-10, 4.294283e+01, 2.082071e-02
4.128000e+08, 3.742661e-02, 9.552122e-01, 2.515991e-01, -1.424014e+00, 1.385405e-09, 5.491365e-10, 4.300866e+01, 1.865891e-02
4.166000e+08, 3.789494e-02, 9.554134e-01, 2.185210e-01, -1.437125e+00, 1.369879e-09, 5.504883e-10, 4.307297e+01, 1.645233e-02
4.204000e+08, 3.838013e-02, 9.556142e-01, 1.858136e-01, -1.450268e+00, 1.354181e-09, 5.518200e-10, 4.313568e+01, 1.420113e-02
4.242000e+08, 3.888124e-02, 9.558096e-01, 1.534811e-01, -1.463444e+00, 1.338329e-09, 5.530999e-10, 4.319665e+01, 1.190570e-02
4.280000e+08, 3.939729e-02, 9.559952e-01, 1.215270e-01, -1.476650e+00, 1.322335e-09, 5.542979e-10, 4.325579e+01, 9.566670e-03
4.318000e+08, 3.992729e-02, 9.561664e-01, 8.995474e-02, -1.489884e+00, 1.306208e-09, 5.553861e-10, 4.331297e+01, 7.184946e-03
4.356000e+08, 4.047026e-02, 9.563193e-01, 5.876758e-02, -1.503145e+00, 1.289953e-09, 5.563392e-10, 4.336808e+01, 4.761704e-03
4.394000e+08, 4.102520e-02, 9.564502e-01, 2.796853e-02, -1.516428e+00, 1.273575e-09, 5.571355e-10, 4.342102e+01, 2.298394e-03
4.432000e+08, 4.159113e-02, 9.565560e-01, -2.439487e-03, -1.529730e+00, 1.257077e-09, 5.577572e-10, 4.347167e+01, -2.032735e-04
4.470000e+08, 4.216709e-02, 9.566342e-01, -3.245359e-02, -1.543047e+00, 1.240462e-09, 5.581905e-10, 4.351993e+01, -2.741334e-03
4.508000e+08, 4.275214e-02, 9.566831e-01, -6.207100e-02, -1.556374e+00, 1.223736e-09, 5.584265e-10, 4.356571e+01, -5.313591e-03
4.546000e+08, 4.334539e-02, 9.567014e-01, -9.128904e-02, -1.569708e+00, 1.206902e-09, 5.584605e-10, 4.360891e+01, -7.917641e-03
4.584000e+08, 4.394598e-02, 9.566888e-01, -1.201052e-01, -1.583041e+00, 1.189971e-09, 5.582931e-10, 4.364947e+01, -1.055090e-02
4.622000e+08, 4.455311e-02, 9.566454e-01, -1.485170e-01, -1.596371e+00, 1.172952e-09, 5.579292e-10, 4.368732e+01, -1.321065e-02
4.660000e+08, 4.516603e-02, 9.565722e-01, -1.765225e-01, -1.609692e+00, 1.155859e-09, 5.573785e-10, 4.372241e+01, -1.589405e-02
4.698000e+08, 4.578406e-02, 9.564708e-01, -2.041200e-01, -1.623000e+00, 1.138711e-09, 5.566548e-10, 4.375470e+01, -1.859820e-02
4.736000e+08, 4.640658e-02, 9.563436e-01, -2.313080e-01, -1.636291e+00, 1.121529e-09, 5.557759e-10, 4.378416e+01, -2.132019e-02
4.774000e+08, 4.703306e-02, 9.561932e-01, -2.580857e-01, -1.649561e+00, 1.104338e-09, 5.547631e-10, 4.381077e+01, -2.405709e-02
4.812000e+08, 4.766301e-02, 9.560231e-01, -2.844530e-01, -1.662807e+00, 1.087168e-09, 5.536405e-10, 4.383455e+01, -2.680607e-02
4.850000e+08, 4.829604e-02, 9.558368e-01, -3.104103e-01, -1.676025e+00, 1.070050e-09, 5.524345e-10, 4.385550e+01, -2.956436e-02
4.888000e+08, 4.893184e-02, 9.556384e-01, -3.359590e-01, -1.689215e+00, 1.053022e-09, 5.511730e-10, 4.387364e+01, -3.232934e-02
4.926000e+08, 4.957014e-02, 9.554322e-01, -3.611010e-01, -1.702375e+00, 1.036121e-09, 5.498850e-10, 4.388901e+01, -3.509857e-02
4.964000e+08, 5.021078e-02, 9.552223e-01, -3.858396e-01, -1.715504e+00, 1.019390e-09, 5.485996e-10, 4.390166e+01, -3.786977e-02
5.002000e+08, 5.085364e-02, 9.550133e-01, -4.101786e-01, -1.728603e+00, 1.002872e-09, 5.473456e-10, 4.391163e+01, -4.064090e-02
5.040000e+08, 5.149867e-02, 9.548093e-01, -4.341233e-01, -1.741671e+00, 9.866108e-10, 5.461502e-10, 4.391899e+01, -4.341015e-02
5.078000e+08, 5.214587e-02, 9.546144e-01, -4.576797e-01, -1.754711e+00, 9.706520e-10, 5.450394e-10, 4.392379e+01, -4.617597e-02
5.116000e+08, 5.279530e-02, 9.544323e-01, -4.808551e-01, -1.767725e+00, 9.550403e-10, 5.440362e-10, 4.392609e+01, -4.893702e-02
5.154000e+08, 5.344705e-02, 9.542664e-01, -5.036577e-01, -1.780714e+00, 9.398194e-10, 5.431610e-10, 4.392597e+01, -5.169225e-02
5.192000e+08, 5.410125e-02, 9.541198e-01, -5.260970e-01, -1.793683e+00, 9.250309e-10, 5.424310e-10, 4.392349e+01, -5.444083e-02
5.230000e+08, 5.475804e-02, 9.539948e-01, -5.481831e-01, -1.806634e+00, 9.107144e-10, 5.418595e-10, 4.391870e+01, -5.718217e-02
5.268000e+08, 5.541760e-02, 9.538934e-01, -5.699274e-01, -1.819571e+00, 8.969056e-10, 5.414558e-10, 4.391167e+01, -5.991588e-02
5.306000e+08, 5.608008e-02, 9.538169e-01, -5.913420e-01, -1.832499e+00, 8.836364e-10, 5.412254e-10, 4.390245e+01, -6.264176e-02
5.344000e+08, 5.674564e-02, 9.537660e-01, -6.124398e-01, -1.845421e+00, 8.709342e-10, 5.411693e-10, 4.389108e+01, -6.535977e-02
5.382000e+08, 5.741445e-02, 9.537409e-01, -6.332343e-01, -1.858342e+00, 8.588211e-10, 5.412848e-10, 4.387761e+01, -6.806999e-02
5.420000e+08, 5.808661e-02, 9.537411e-01, -6.537396e-01, -1.871266e+00, 8.473136e-10, 5.415650e-10, 4.386205e+01, -7.077261e-02
5.458000e+08, 5.876224e-02, 9.537655e-01, -6.739702e-01, -1.884197e+00, 8.364225e-10, 5.419994e-10, 4.384444e+01, -7.346788e-02
5.496000e+08, 5.944138e-02, 9.538125e-01, -6.939407e-01, -1.897137e+00, 8.261523e-10, 5.425741e-10, 4.382479e+01, -7.615605e-02
5.534000e+08, 6.012405e-02, 9.538801e-01, -7.136660e-01, -1.910092e+00, 8.165017e-10, 5.432722e-10, 4.380310e+01, -7.883739e-02
5.572000e+08, 6.081022e-02, 9.539656e-01, -7.331609e-01, -1.923063e+00, 8.074630e-10, 5.440742e-10, 4.377937e+01, -8.151211e-02
5.610000e+08, 6.149980e-02, 9.540663e-01, -7.524400e-01, -1.936054e+00, 7.990228e-10, 5.449586e-10, 4.375358e+01, -8.418036e-02
5.648000e+08, 6.219265e-02, 9.541790e-01, -7.715175e-01, -1.949065e+00, 7.911623e-10, 5.459025e-10, 4.372573e+01, -8.684218e-02
5.686000e+08, 6.288858e-02, 9.543001e-01, -7.904074e-01, -1.962099e+00, 7.838574e-10, 5.468818e-10, 4.369578e+01, -8.949747e-02
5.724000e+08, 6.358734e-02, 9.544263e-01, -8.091228e-01, -1.975157e+00, 7.770793e-10, 5.478722e-10, 4.366370e+01, -9.214598e-02
5.762000e+08, 6.428861e-02, 9.545538e-01, -8.276765e-01, -1.988238e+00, 7.707953e-10, 5.488497e-10, 4.362948e+01, -9.478733e-02
5.800000e+08, 6.499205e-02, 9.546793e-01, -8.460801e-01, -2.001342e+00, 7.649693e-10, 5.497908e-10, 4.359306e+01, -9.742091e-02
5.838000e+08, 6.569724e-02, 9.547991e-01, -8.643445e-01, -2.014469e+00, 7.595627e-10, 5.506734e-10, 4.355442e+01, -1.000459e-01
5.876000e+08, 6.640373e-02, 9.549102e-01, -8.824799e-01, -2.027617e+00, 7.545346e-10, 5.514773e-10, 4.351352e+01, -1.026615e-01
5.914000e+08, 6.711103e-02, 9.550095e-01, -9.004953e-01, -2.040784e+00, 7.498434e-10, 5.521845e-10, 4.347033e+01, -1.052664e-01
5.952000e+08, 6.781863e-02, 9.550945e-01, -9.183986e-01, -2.053968e+00, 7.454469e-10, 5.527794e-10, 4.342482e+01, -1.078593e-01
5.990000e+08, 6.852598e-02, 9.551629e-01, -9.361970e-01, -2.067166e+00, 7.413031e-10, 5.532497e-10, 4.337697e+01, -1.104387e-01
6.028000e+08, 6.923251e-02, 9.552130e-01, -9.538964e-01, -2.080376e+00, 7.373712e-10, 5.535859e-10, 4.332675e+01, -1.130030e-01
6.066000e+08, 6.993765e-02, 9.552433e-01, -9.715020e-01, -2.093593e+00, 7.336120e-10, 5.537823e-10, 4.327415e+01, -1.155505e-01
6.104000e+08, 7.064083e-02, 9.552532e-01, -9.890178e-01, -2.106815e+00, 7.299887e-10, 5.538362e-10, 4.321916e+01, -1.180791e-01
6.142000e+08, 7.134148e-02, 9.552423e-01, -1.006447e+00, -2.120039e+00, 7.264671e-10, 5.537487e-10, 4.316179e+01, -1.205869e-01
6.180000e+08, 7.203905e-02, 9.552108e-01, -1.023792e+00, -2.133260e+00, 7.230163e-10, 5.535241e-10, 4.310205e+01, -1.230720e-01
6.218000e+08, 7.273300e-02, 9.551594e-01, -1.041055e+00, -2.146476e+00, 7.196089e-10, 5.531700e-10, 4.303995e+01, -1.255321e-01
6.256000e+08, 7.342282e-02, 9.550893e-01, -1.058237e+00, -2.159684e+00, 7.162214e-10, 5.526969e-10, 4.297552e+01, -1.279653e-01
6.294000e+08, 7.410803e-02, 9.550020e-01, -1.075337e+00, -2.172880e+00, 7.128344e-10, 5.521180e-10, 4.290880e+01, -1.303696e-01
6.332000e+08, 7.478821e-02, 9.548996e-01, -1.092357e+00, -2.186062e+00, 7.094325e-10, 5.514489e-10, 4.283982e+01, -1.327428e-01
6.370000e+08, 7.546295e-02, 9.547843e-01, -1.109295e+00, -2.199229e+00, 7.060046e-10, 5.507071e-10, 4.276863e+01, -1.350831e-01
6.408000e+08, 7.613190e-02, 9.546588e-01, -1.126152e+00, -2.212377e+00, 7.025435e-10, 5.499115e-10, 4.269529e+01, -1.373886e-01
6.446000e+08, 7.679476e-02, 9.545258e-01, -1.142926e+00, -2.225507e+00, 6.990461e-10, 5.490821e-10, 4.261986e+01, -1.396576e-01
6.484000e+08, 7.745127e-02, 9.543883e-01, -1.159616e+00, -2.238617e+00, 6.955131e-10, 5.482391e-10, 4.254240e+01, -1.418884e-01
6.522000e+08, 7.810122e-02, 9.542491e-01, -1.176223e+00, -2.251707e+00, 6.919484e-10, 5.474032e-10, 4.246299e+01, -1.440796e-01
6.560000e+08, 7.874445e-02, 9.541113e-01, -1.192744e+00, -2.264777e+00, 6.883595e-10, 5.465940e-10, 4.238170e+01, -1.462298e-01
6.598000e+08, 7.938083e-02, 9.539778e-01, -1.209179e+00, -2.277827e+00, 6.847563e-10, 5.458307e-10, 4.229859e+01, -1.483379e-01
6.636000e+08, 8.001031e-02, 9.538512e-01, -1.225528e+00, -2.290860e+00, 6.811513e-10, 5.451306e-10, 4.221374e+01, -1.504027e-01
6.674000e+08, 8.063284e-02, 9.537340e-01, -1.241792e+00, -2.303875e+00, 6.775590e-10, 5.445094e-10, 4.212723e+01, -1.524233e-01
6.712000e+08, 8.124841e-02, 9.536285e-01, -1.257969e+00, -2.316876e+00, 6.739952e-10, 5.439808e-10, 4.203913e+01, -1.543991e-01
6.750000e+08, 8.185705e-02, 9.535365e-01, -1.274061e+00, -2.329864e+00, 6.704768e-10, 5.435557e-10, 4.194950e+01, -1.563292e-01
6.788000e+08, 8.245881e-02, 9.534597e-01, -1.290070e+00, -2.342842e+00, 6.670215e-10, 5.432426e-10, 4.185843e+01, -1.582132e-01
6.826000e+08, 8.305375e-02, 9.533991e-01, -1.305996e+00, -2.355813e+00, 6.636468e-10, 5.430470e-10, 4.176596e+01, -1.600505e-01
6.864000e+08, 8.364196e-02, 9.533555e-01, -1.321841e+00, -2.368779e+00, 6.603700e-10, 5.429716e-10, 4.167216e+01, -1.618409e-01
6.902000e+08, 8.422350e-02, 9.533292e-01, -1.337608e+00, -2.381743e+00, 6.572077e-10, 5.430161e-10, 4.157709e+01, -1.635838e-01
6.940000e+08, 8.479846e-02, 9.533200e-01, -1.353300e+00, -2.394708e+00, 6.541752e-10, 5.431773e-10, 4.148081e+01, -1.652791e-01
6.978000e+08, 8.536691e-02, 9.533274e-01, -1.368919e+00, -2.407677e+00, 6.512863e-10, 5.434493e-10, 4.138335e+01, -1.669265e-01
7.016000e+08, 8.592891e-02, 9.533505e-01, -1.384469e+00, -2.420652e+00, 6.485531e-10, 5.438235e-10, 4.128476e+01, -1.685257e-01
7.054000e+08, 8.648449e-02, 9.533879e-01, -1.399954e+00, -2.433636e+00, 6.459855e-10, 5.442890e-10, 4.118509e+01, -1.700763e-01
7.092000e+08, 8.703367e-02, 9.534379e-01, -1.415377e+00, -2.446632e+00, 6.435911e-10, 5.448329e-10, 4.108437e+01, -1.715781e-01
7.130000e+08, 8.757643e-02, 9.534988e-01, -1.430744e+00, -2.459640e+00, 6.413751e-10, 5.454406e-10, 4.098264e+01, -1.730306e-01
7.168000e+08, 8.811274e-02, 9.535681e-01, -1.446057e+00, -2.472663e+00, 6.393401e-10, 5.460960e-10, 4.087993e+01, -1.744335e-01
7.206000e+08, 8.864250e-02, 9.536437e-01, -1.461322e+00, -2.485702e+00, 6.374861e-10, 5.467823e-10, 4.077626e+01, -1.757861e-01
7.244000e+08, 8.916561e-02, 9.537230e-01, -1.476543e+00, -2.498757e+00, 6.358107e-10, 5.474820e-10, 4.067168e+01, -1.770878e-01
7.282000e+08, 8.968191e-02, 9.538034e-01, -1.491724e+00, -2.511829e+00, 6.343087e-10, 5.481775e-10, 4.056620e+01, -1.783381e-01
7.320000e+08, 9.019121e-02, 9.538824e-01, -1.506869e+00, -2.524917e+00, 6.329728e-10, 5.488515e-10, 4.045987e+01, -1.795361e-01
7.358000e+08, 9.069329e-02, 9.539574e-01, -1.521981e+00, -2.538022e+00, 6.317934e-10, 5.494875e-10, 4.035270e+01, -1.806809e-01
7.396000e+08, 9.118788e-02, 9.540262e-01, -1.537066e+00, -2.551141e+00, 6.307589e-10, 5.500700e-10, 4.024474e+01, -1.817716e-01
7.434000e+08, 9.167470e-02, 9.540864e-01, -1.552126e+00, -2.564275e+00, 6.298560e-10, 5.505850e-10, 4.013601e+01, -1.828072e-01
7.472000e+08, 9.215342e-02, 9.541362e-01, -1.567165e+00, -2.577421e+00, 6.290700e-10, 5.510202e-10, 4.002656e+01, -1.837866e-01
7.510000e+08, 9.262369e-02, 9.541737e-01, -1.582185e+00, -2.590577e+00, 6.283850e-10, 5.513652e-10, 3.991642e+01, -1.847086e-01
7.548000e+08, 9.308514e-02, 9.541975e-01, -1.597188e+00, -2.603741e+00, 6.277843e-10, 5.516122e-10, 3.980565e+01, -1.855722e-01
7.586000e+08, 9.353738e-02, 9.542067e-01, -1.612177e+00, -2.616912e+00, 6.272505e-10, 5.517554e-10, 3.969429e+01, -1.863760e-01
7.624000e+08, 9.398002e-02, 9.542004e-01, -1.627153e+00, -2.630085e+00, 6.267663e-10, 5.517918e-10, 3.958240e+01, -1.871190e-01
7.662000e+08, 9.441265e-02, 9.541784e-01, -1.642118e+00, -2.643260e+00, 6.263143e-10, 5.517208e-10, 3.947003e+01, -1.877998e-01
7.700000e+08, 9.483486e-02, 9.541406e-01, -1.657072e+00, -2.656433e+00, 6.258777e-10, 5.515442e-10, 3.935725e+01, -1.884174e-01
7.738000e+08, 9.524625e-02, 9.540875e-01, -1.672015e+00, -2.669602e+00, 6.254403e-10, 5.512665e-10, 3.924412e+01, -1.889705e-01
7.776000e+08, 9.564642e-02, 9.540198e-01, -1.686949e+00, -2.682764e+00, 6.249869e-10, 5.508944e-10, 3.913072e+01, -1.894583e-01
7.814000e+08, 9.603499e-02, 9.539387e-01, -1.701871e+00, -2.695917e+00, 6.245036e-10, 5.504366e-10, 3.901711e+01, -1.898796e-01
7.852000e+08, 9.641160e-02, 9.538456e-01, -1.716782e+00, -2.709059e+00, 6.239777e-10, 5.499040e-10, 3.890338e+01, -1.902336e-01
7.890000e+08, 9.677590e-02, 9.537421e-01, -1.731680e+00, -2.722189e+00, 6.233983e-10, 5.493089e-10, 3.878961e+01, -1.905194e-01
7.928000e+08, 9.712760e-02, 9.536302e-01, -1.746564e+00, -2.735304e+00, 6.227563e-10, 5.486648e-10, 3.867587e+01, -1.907365e-01
7.966000e+08, 9.746640e-02, 9.535119e-01, -1.761433e+00, -2.748404e+00, 6.220443e-10, 5.479863e-10, 3.856226e+01, -1.908843e-01
8.004000e+08, 9.779205e-02, 9.533895e-01, -1.776285e+00, -2.761488e+00, 6.212568e-10, 5.472888e-10, 3.844885e+01, -1.909624e-01
8.042000e+08, 9.810435e-02, 9.532653e-01, -1.791118e+00, -2.774555e+00, 6.203905e-10, 5.465876e-10, 3.833573e+01, -1.909705e-01
8.080000e+08, 9.840312e-02, 9.531416e-01, -1.805931e+00, -2.787606e+00, 6.194438e-10, 5.458982e-10, 3.822299e+01, -1.909085e-01
8.118000e+08, 9.868821e-02, 9.530208e-01, -1.820721e+00, -2.800639e+00, 6.184172e-10, 5.452353e-10, 3.811071e+01, -1.907764e-01
8.156000e+08, 9.895954e-02, 9.529050e-01, -1.835486e+00, -2.813658e+00, 6.173130e-10, 5.446132e-10, 3.799897e+01, -1.905744e-01
8.194000e+08, 9.921703e-02, 9.527964e-01, -1.850225e+00, -2.826661e+00, 6.161355e-10, 5.440446e-10, 3.788785e+01, -1.903027e-01
8.232000e+08, 9.946067e-02, 9.526968e-01, -1.864936e+00, -2.839650e+00, 6.148905e-10, 5.435411e-10, 3.777742e+01, -1.899617e-01
8.270000e+08, 9.969046e-02, 9.526080e-01, -1.879617e+00, -2.852628e+00, 6.135853e-10, 5.431126e-10, 3.766776e+01, -1.895521e-01
8.308000e+08, 9.990644e-02, 9.525314e-01, -1.894267e+00, -2.865596e+00, 6.122289e-10, 5.427672e-10, 3.755895e+01, -1.890744e-01
8.346000e+08, 1.001087e-01, 9.524681e-01, -1.908885e+00, -2.878555e+00, 6.108313e-10, 5.425107e-10, 3.745104e+01, -1.885294e-01
8.384000e+08, 1.002973e-01, 9.524191e-01, -1.923469e+00, -2.891508e+00, 6.094035e-10, 5.423472e-10, 3.734409e+01, -1.879179e-01
8.422000e+08, 1.004724e-01, 9.523849e-01, -1.938019e+00, -2.904457e+00, 6.079576e-10, 5.422782e-10, 3.723817e+01, -1.872407e-01
8.460000e+08, 1.006342e-01, 9.523656e-01, -1.952535e+00, -2.917404e+00, 6.065060e-10, 5.423032e-10, 3.713333e+01, -1.864989e-01
8.498000e+08, 1.007828e-01, 9.523613e-01, -1.967016e+00, -2.930352e+00, 6.050618e-10, 5.424197e-10, 3.702961e+01, -1.856934e-01
8.536000e+08, 1.009183e-01, 9.523714e-01, -1.981462e+00, -2.943303e+00, 6.036381e-10, 5.426229e-10, 3.692707e+01, -1.848253e-01
8.574000e+08, 1.010410e-01, 9.523954e-01, -1.995875e+00, -2.956259e+00, 6.022482e-10, 5.429063e-10, 3.682573e+01, -1.838955e-01
8.612000e+08, 1.011510e-01, 9.524321e-01, -2.010254e+00, -2.969222e+00, 6.009051e-10, 5.432616e-10, 3.672563e+01, -1.829050e-01
8.650000e+08, 1.012486e-01, 9.524803e-01, -2.024602e+00, -2.982192e+00, 5.996214e-10, 5.436791e-10, 3.662681e+01, -1.818549e-01
8.688000e+08, 1.013338e-01, 9.525386e-01, -2.038918e+00, -2.995173e+00, 5.984090e-10, 5.441478e-10, 3.652930e+01, -1.807462e-01
8.726000e+08, 1.014069e-01, 9.526054e-01, -2.053206e+00, -3.008166e+00, 5.972793e-10, 5.446557e-10, 3.643311e+01, -1.795798e-01
8.764000e+08, 1.014680e-01, 9.526789e-01, -2.067467e+00, -3.021170e+00, 5.962427e-10, 5.451902e-10, 3.633828e+01, -1.783566e-01
8.802000e+08, 1.015173e-01, 9.527572e-01, -2.081703e+00, -3.034187e+00, 5.953083e-10, 5.457383e-10, 3.624482e+01, -1.770774e-01
8.840000e+08, 1.015549e-01, 9.528384e-01, -2.095916e+00, -3.047217e+00, 5.944845e-10, 5.462872e-10, 3.615276e+01, -1.757430e-01
8.878000e+08, 1.015808e-01, 9.529205e-01, -2.110110e+00, -3.060260e+00, 5.937782e-10, 5.468239e-10, 3.606210e+01, -1.743542e-01
8.916000e+08, 1.015952e-01, 9.530018e-01, -2.124287e+00, -3.073316e+00, 5.931949e-10, 5.473365e-10, 3.597287e+01, -1.729117e-01
8.954000e+08, 1.015981e-01, 9.530805e-01, -2.138450e+00, -3.086384e+00, 5.927390e-10, 5.478135e-10, 3.588508e+01, -1.714159e-01
8.992000e+08, 1.015895e-01, 9.531548e-01, -2.152603e+00, -3.099464e+00, 5.924132e-10, 5.482446e-10, 3.579875e+01, -1.698675e-01
9.030000e+08, 1.015695e-01, 9.532232e-01, -2.166747e+00, -3.112554e+00, 5.922191e-10, 5.486210e-10, 3.571389e+01, -1.682670e-01
9.068000e+08, 1.015379e-01, 9.532846e-01, -2.180887e+00, -3.125653e+00, 5.921568e-10, 5.489352e-10, 3.563053e+01, -1.666148e-01
9.106000e+08, 1.014947e-01, 9.533377e-01, -2.195026e+00, -3.138759e+00, 5.922251e-10, 5.491813e-10, 3.554869e+01, -1.649113e-01
9.144000e+08, 1.014398e-01, 9.533818e-01, -2.209166e+00, 3.131314e+00, 5.924215e-10, 5.493554e-10, 3.546837e+01, -1.631569e-01
9.182000e+08, 1.013732e-01, 9.534163e-01, -2.223310e+00, 3.118197e+00, 5.927422e-10, 5.494552e-10, 3.538962e+01, -1.613519e-01
9.220000e+08, 1.012946e-01, 9.534408e-01, -2.237463e+00, 3.105078e+00, 5.931825e-10, 5.494802e-10, 3.531244e+01, -1.594965e-01
9.258000e+08, 1.012040e-01, 9.534553e-01, -2.251626e+00, 3.091959e+00, 5.937365e-10, 5.494319e-10, 3.523687e+01, -1.575912e-01
9.296000e+08, 1.011010e-01, 9.534600e-01, -2.265802e+00, 3.078841e+00, 5.943976e-10, 5.493134e-10, 3.516294e+01, -1.556362e-01
9.334000e+08, 1.009856e-01, 9.534555e-01, -2.279994e+00, 3.065725e+00, 5.951582e-10, 5.491293e-10, 3.509067e+01, -1.536319e-01
9.372000e+08, 1.008575e-01, 9.534423e-01, -2.294204e+00, 3.052614e+00, 5.960103e-10, 5.488861e-10, 3.502011e+01, -1.515785e-01
9.410000e+08, 1.007164e-01, 9.534214e-01, -2.308434e+00, 3.039509e+00, 5.969451e-10, 5.485911e-10, 3.495128e+01, -1.494766e-01
9.448000e+08, 1.005622e-01, 9.533940e-01, -2.322687e+00, 3.026411e+00, 5.979538e-10, 5.482531e-10, 3.488423e+01, -1.473266e-01
9.486000e+08, 1.003946e-01, 9.533613e-01, -2.336964e+00, 3.013320e+00, 5.990272e-10, 5.478815e-10, 3.481899e+01, -1.451289e-01
9.524000e+08, 1.002132e-01, 9.533246e-01, -2.351266e+00, 3.000239e+00, 6.001560e-10, 5.474865e-10, 3.475561e+01, -1.428841e-01
9.562000e+08, 1.000180e-01, 9.532855e-01, -2.365595e+00, 2.987167e+00, 6.013309e-10, 5.470787e-10, 3.469412e+01, -1.405929e-01
9.600000e+08, 9.980858e-02, 9.532456e-01, -2.379953e+00, 2.974105e+00, 6.025431e-10, 5.466685e-10, 3.463458e+01, -1.382561e-01
9.638000e+08, 9.958474e-02, 9.532062e-01, -2.394339e+00, 2.961053e+00, 6.037838e-10, 5.462666e-10, 3.457703e+01, -1.358743e-01
9.676000e+08, 9.934625e-02, 9.531691e-01, -2.408755e+00, 2.948010e+00, 6.050448e-10, 5.458830e-10, 3.452151e+01, -1.334487e-01
9.714000e+08, 9.909287e-02, 9.531355e-01, -2.423201e+00, 2.934977e+00, 6.063187e-10, 5.455272e-10, 3.446808e+01, -1.309801e-01
9.752000e+08, 9.882440e-02, 9.531070e-01, -2.437678e+00, 2.921952e+00, 6.075983e-10, 5.452078e-10, 3.441676e+01, -1.284698e-01
9.790000e+08, 9.854065e-02, 9.530847e-01, -2.452185e+00, 2.908934e+00, 6.088775e-10, 5.449324e-10, 3.436762e+01, -1.259190e-01
9.828000e+08, 9.824144e-02, 9.530697e-01, -2.466723e+00, 2.895923e+00, 6.101512e-10, 5.447074e-10, 3.432070e+01, -1.233290e-01
9.866000e+08, 9.792661e-02, 9.530630e-01, -2.481291e+00, 2.882918e+00, 6.114148e-10, 5.445380e-10, 3.427603e+01, -1.207012e-01
9.904000e+08, 9.759602e-02, 9.530653e-01, -2.495889e+00, 2.869916e+00, 6.126651e-10, 5.444277e-10, 3.423367e+01, -1.180372e-01
9.942000e+08, 9.724958e-02, 9.530771e-01, -2.510517e+00, 2.856917e+00, 6.138997e-10, 5.443789e-10, 3.419365e+01, -1.153387e-01
9.980000e+08, 9.688719e-02, 9.530986e-01, -2.525174e+00, 2.843920e+00, 6.151174e-10, 5.443921e-10, 3.415601e+01, -1.126073e-01
1.001800e+09, 9.650878e-02, 9.531301e-01, -2.539861e+00, 2.830922e+00, 6.163180e-10, 5.444667e-10, 3.412078e+01, -1.098449e-01
1.005600e+09, 9.611432e-02, 9.531713e-01, -2.554576e+00, 2.817922e+00, 6.175027e-10, 5.446004e-10, 3.408801e+01, -1.070534e-01
1.009400e+09, 9.570380e-02, 9.532219e-01, -2.569320e+00, 2.804919e+00, 6.186733e-10, 5.447897e-10, 3.405771e+01, -1.042347e-01
1.013200e+09, 9.527721e-02, 9.532814e-01, -2.584091e+00, 2.791912e+00, 6.198332e-10, 5.450298e-10, 3.402993e+01, -1.013909e-01
1.017000e+09, 9.483460e-02, 9.533491e-01, -2.598890e+00, 2.778899e+00, 6.209866e-10, 5.453148e-10, 3.400467e+01, -9.852393e-02
1.020800e+09, 9.437602e-02, 9.534241e-01, -2.613717e+00, 2.765879e+00, 6.221387e-10, 5.456379e-10, 3.398198e+01, -9.563601e-02
1.024600e+09, 9.390154e-02, 9.535054e-01, -2.628571e+00, 2.752851e+00, 6.232958e-10, 5.459916e-10, 3.396186e+01, -9.272925e-02
1.028400e+09, 9.341126e-02, 9.535919e-01, -2.643453e+00, 2.739815e+00, 6.244650e-10, 5.463678e-10, 3.394433e+01, -8.980578e-02
1.032200e+09, 9.290528e-02, 9.536825e-01, -2.658363e+00, 2.726770e+00, 6.256545e-10, 5.467581e-10, 3.392940e+01, -8.686778e-02
1.036000e+09, 9.238374e-02, 9.537759e-01, -2.673301e+00, 2.713715e+00, 6.268729e-10, 5.471540e-10, 3.391709e+01, -8.391741e-02
1.039800e+09, 9.184677e-02, 9.538708e-01, -2.688269e+00, 2.700651e+00, 6.281298e-10, 5.475470e-10, 3.390740e+01, -8.095683e-02
1.043600e+09, 9.129452e-02, 9.539660e-01, -2.703266e+00, 2.687578e+00, 6.294352e-10, 5.479290e-10, 3.390034e+01, -7.798818e-02
1.047400e+09, 9.072715e-02, 9.540603e-01, -2.718294e+00, 2.674495e+00, 6.307999e-10, 5.482924e-10, 3.389590e+01, -7.501357e-02
1.051200e+09, 9.014484e-02, 9.541527e-01, -2.733355e+00, 2.661404e+00, 6.322349e-10, 5.486302e-10, 3.389410e+01, -7.203509e-02
1.055000e+09, 8.954775e-02, 9.542420e-01, -2.748451e+00, 2.648305e+00, 6.337516e-10, 5.489361e-10, 3.389493e+01, -6.905479e-02
1.058800e+09, 8.893605e-02, 9.543274e-01, -2.763582e+00, 2.635199e+00, 6.353615e-10, 5.492051e-10, 3.389838e+01, -6.607469e-02
1.062600e+09, 8.830992e-02, 9.544080e-01, -2.778752e+00, 2.622086e+00, 6.370766e-10, 5.494329e-10, 3.390446e+01, -6.309674e-02
1.066400e+09, 8.766953e-02, 9.544834e-01, -2.793963e+00, 2.608968e+00, 6.389086e-10, 5.496166e-10, 3.391315e+01, -6.012289e-02
1.070200e+09, 8.701505e-02, 9.545529e-01, -2.809218e+00, 2.595845e+00, 6.408693e-10, 5.497542e-10, 3.392444e+01, -5.715499e-02
1.074000e+09, 8.634663e-02, 9.546164e-01, -2.824519e+00, 2.582719e+00, 6.429706e-10, 5.498452e-10, 3.393834e+01, -5.419489e-02
1.077800e+09, 8.566444e-02, 9.546737e-01, -2.839871e+00, 2.569591e+00, 6.452239e-10, 5.498901e-10, 3.395483e+01, -5.124437e-02
1.081600e+09, 8.496862e-02, 9.547249e-01, -2.855276e+00, 2.556462e+00, 6.476406e-10, 5.498905e-10, 3.397391e+01, -4.830517e-02
1.085400e+09, 8.425931e-02, 9.547701e-01, -2.870739e+00, 2.543332e+00, 6.502317e-10, 5.498494e-10, 3.399556e+01, -4.537899e-02
1.089200e+09, 8.353663e-02, 9.548098e-01, -2.886264e+00, 2.530204e+00, 6.530080e-10, 5.497704e-10, 3.401978e+01, -4.246751e-02
1.093000e+09, 8.280070e-02, 9.548445e-01, -2.901856e+00, 2.517078e+00, 6.559799e-10, 5.496581e-10, 3.404656e+01, -3.957235e-02
1.096800e+09, 8.205163e-02, 9.548747e-01, -2.917518e+00, 2.503954e+00, 6.591574e-10, 5.495179e-10, 3.407589e+01, -3.669513e-02
1.100600e+09, 8.128950e-02, 9.549013e-01, -2.933256e+00, 2.490834e+00, 6.625505e-10, 5.493557e-10, 3.410776e+01, -3.383742e-02
1.104400e+09, 8.051440e-02, 9.549251e-01, -2.949075e+00, 2.477717e+00, 6.661685e-10, 5.491778e-10, 3.414217e+01, -3.100081e-02
1.108200e+09, 7.972641e-02, 9.549469e-01, -2.964981e+00, 2.464605e+00, 6.700208e-10, 5.489910e-10, 3.417911e+01, -2.818685e-02
1.112000e+09, 7.892559e-02, 9.549677e-01, -2.980978e+00, 2.451497e+00, 6.741166e-10, 5.488018e-10, 3.421858e+01, -2.539710e-02
1.115800e+09, 7.811199e-02, 9.549883e-01, -2.997073e+00, 2.438394e+00, 6.784648e-10, 5.486169e-10, 3.426056e+01, -2.263311e-02
1.119600e+09, 7.728567e-02, 9.550098e-01, -3.013273e+00, 2.425295e+00, 6.830746e-10, 5.484426e-10, 3.430506e+01, -1.989645e-02
1.123400e+09, 7.644667e-02, 9.550330e-01, -3.029582e+00, 2.412200e+00, 6.879554e-10, 5.482850e-10, 3.435207e+01, -1.718871e-02
1.127200e+09, 7.559503e-02, 9.550586e-01, -3.046007e+00, 2.399109e+00, 6.931168e-10, 5.481494e-10, 3.440158e+01, -1.451146e-02
1.131000e+09, 7.473079e-02, 9.550875e-01, -3.062556e+00, 2.386022e+00, 6.985690e-10, 5.480407e-10, 3.445359e+01, -1.186631e-02
1.134800e+09, 7.385400e-02, 9.551204e-01, -3.079235e+00, 2.372937e+00, 7.043230e-10, 5.479629e-10, 3.450809e+01, -9.254907e-03
1.138600e+09, 7.296469e-02, 9.551577e-01, -3.096052e+00, 2.359853e+00, 7.103904e-10, 5.479192e-10, 3.456508e+01, -6.678890e-03
1.142400e+09, 7.206292e-02, 9.551998e-01, -3.113013e+00, 2.346771e+00, 7.167845e-10, 5.479120e-10, 3.462456e+01, -4.139939e-03
1.146200e+09, 7.114875e-02, 9.552472e-01, -3.130127e+00, 2.333689e+00, 7.235194e-10, 5.479424e-10, 3.468650e+01, -1.639753e-03
1.150000e+09, 7.022224e-02, 9.552998e-01, 3.135783e+00, 2.320607e+00, 7.306114e-10, 5.480111e-10, 3.475091e+01, 8.199484e-04
1.153800e+09, 6.928346e-02, 9.553578e-01, 3.118339e+00, 2.307522e+00, 7.380785e-10, 5.481174e-10, 3.481778e+01, 3.237424e-03
1.157600e+09, 6.833253e-02, 9.554210e-01, 3.100717e+00, 2.294435e+00, 7.459410e-10, 5.482600e-10, 3.488709e+01, 5.610916e-03
1.161400e+09, 6.736953e-02, 9.554892e-01, 3.082906e+00, 2.281345e+00, 7.542218e-10, 5.484366e-10, 3.495883e+01, 7.938656e-03
1.165200e+09, 6.639460e-02, 9.555620e-01, 3.064899e+00, 2.268250e+00, 7.629468e-10, 5.486441e-10, 3.503299e+01, 1.021886e-02
1.169000e+09, 6.540790e-02, 9.556389e-01, 3.046682e+00, 2.255151e+00, 7.721452e-10, 5.488789e-10, 3.510954e+01, 1.244976e-02
1.172800e+09, 6.440957e-02, 9.557193e-01, 3.028247e+00, 2.242046e+00, 7.818500e-10, 5.491366e-10, 3.518847e+01, 1.462956e-02
1.176600e+09, 6.339983e-02, 9.558027e-01, 3.009579e+00, 2.228935e+00, 7.920982e-10, 5.494125e-10, 3.526976e+01, 1.675650e-02
1.180400e+09, 6.237888e-02, 9.558882e-01, 2.990667e+00, 2.215817e+00, 8.029314e-10, 5.497015e-10, 3.535338e+01, 1.882882e-02
1.184200e+09, 6.134697e-02, 9.559751e-01, 2.971496e+00, 2.202692e+00, 8.143965e-10, 5.499983e-10, 3.543931e+01, 2.084479e-02
1.188000e+09, 6.030436e-02, 9.560625e-01, 2.952051e+00, 2.189560e+00, 8.265458e-10, 5.502977e-10, 3.552751e+01, 2.280270e-02
1.191800e+09, 5.925137e-02, 9.561497e-01, 2.932317e+00, 2.176421e+00, 8.394380e-10, 5.505942e-10, 3.561796e+01, 2.470087e-02
1.195600e+09, 5.818832e-02, 9.562359e-01, 2.912274e+00, 2.163275e+00, 8.531385e-10, 5.508829e-10, 3.571061e+01, 2.653768e-02
1.199400e+09, 5.711557e-02, 9.563202e-01, 2.891904e+00, 2.150122e+00, 8.677204e-10, 5.511588e-10, 3.580543e+01, 2.831154e-02
1.203200e+09, 5.603352e-02, 9.564019e-01, 2.871187e+00, 2.136963e+00, 8.832651e-10, 5.514177e-10, 3.590239e+01, 3.002091e-02
1.207000e+09, 5.494259e-02, 9.564804e-01, 2.850098e+00, 2.123797e+00, 8.998632e-10, 5.516557e-10, 3.600144e+01, 3.166431e-02
1.210800e+09, 5.384324e-02, 9.565551e-01, 2.828613e+00, 2.110626e+00, 9.176157e-10, 5.518695e-10, 3.610253e+01, 3.324032e-02
1.214600e+09, 5.273599e-02, 9.566253e-01, 2.806703e+00, 2.097449e+00, 9.366346e-10, 5.520565e-10, 3.620562e+01, 3.474759e-02
1.218400e+09, 5.162137e-02, 9.566908e-01, 2.784340e+00, 2.084268e+00, 9.570446e-10, 5.522147e-10, 3.631066e+01, 3.618480e-02
1.222200e+09, 5.049997e-02, 9.567511e-01, 2.761490e+00, 2.071084e+00, 9.789843e-10, 5.523429e-10, 3.641761e+01, 3.755075e-02
1.226000e+09, 4.937241e-02, 9.568061e-01, 2.738115e+00, 2.057896e+00, 1.002607e-09, 5.524407e-10, 3.652641e+01, 3.884425e-02
1.229800e+09, 4.823938e-02, 9.568557e-01, 2.714177e+00, 2.044706e+00, 1.028085e-09, 5.525083e-10, 3.663700e+01, 4.006423e-02
1.233600e+09, 4.710160e-02, 9.568997e-01, 2.689630e+00, 2.031514e+00, 1.055607e-09, 5.525466e-10, 3.674934e+01, 4.120965e-02
1.237400e+09, 4.595988e-02, 9.569384e-01, 2.664427e+00, 2.018321e+00, 1.085384e-09, 5.525572e-10, 3.686336e+01, 4.227955e-02
1.241200e+09, 4.481506e-02, 9.569719e-01, 2.638512e+00, 2.005128e+00, 1.117650e-09, 5.525423e-10, 3.697902e+01, 4.327302e-02
1.245000e+09, 4.366808e-02, 9.570005e-01, 2.611827e+00, 1.991936e+00, 1.152664e-09, 5.525046e-10, 3.709625e+01, 4.418924e-02
1.248800e+09, 4.251996e-02, 9.570245e-01, 2.584306e+00, 1.978744e+00, 1.190715e-09, 5.524473e-10, 3.721500e+01, 4.502741e-02
1.252600e+09, 4.137181e-02, 9.570443e-01, 2.555876e+00, 1.965554e+00, 1.232120e-09, 5.523739e-10, 3.733520e+01, 4.578681e-02
1.256400e+09, 4.022484e-02, 9.570605e-01, 2.526458e+00, 1.952365e+00, 1.277230e-09, 5.522880e-10, 3.745680e+01, 4.646676e-02
1.260200e+09, 3.908039e-02, 9.570735e-01, 2.495962e+00, 1.939179e+00, 1.326431e-09, 5.521937e-10, 3.757974e+01, 4.706664e-02
1.264000e+09, 3.793993e-02, 9.570838e-01, 2.464292e+00, 1.925994e+00, 1.380145e-09, 5.520949e-10, 3.770395e+01, 4.758585e-02
1.267800e+09, 3.680510e-02, 9.570921e-01, 2.431340e+00, 1.912813e+00, 1.438830e-09, 5.519954e-10, 3.782938e+01, 4.802387e-02
1.271600e+09, 3.567773e-02, 9.570988e-01, 2.396986e+00, 1.899633e+00, 1.502981e-09, 5.518992e-10, 3.795596e+01, 4.838018e-02
1.275400e+09, 3.455983e-02, 9.571045e-01, 2.361101e+00, 1.886456e+00, 1.573123e-09, 5.518098e-10, 3.808363e+01, 4.865432e-02
1.279200e+09, 3.345369e-02, 9.571096e-01, 2.323541e+00, 1.873281e+00, 1.649805e-09, 5.517304e-10, 3.821232e+01, 4.884585e-02
1.283000e+09, 3.236183e-02, 9.571147e-01, 2.284150e+00, 1.860108e+00, 1.733583e-09, 5.516640e-10, 3.834197e+01, 4.895436e-02
1.286800e+09, 3.128712e-02, 9.571200e-01, 2.242759e+00, 1.846936e+00, 1.825005e-09, 5.516128e-10, 3.847251e+01, 4.897948e-02
1.290600e+09, 3.023277e-02, 9.571260e-01, 2.199185e+00, 1.833766e+00, 1.924571e-09, 5.515790e-10, 3.860388e+01, 4.892085e-02
1.294400e+09, 2.920239e-02, 9.571329e-01, 2.153234e+00, 1.820596e+00, 2.032692e-09, 5.515638e-10, 3.873601e+01, 4.877817e-02
1.298200e+09, 2.820004e-02, 9.571408e-01, 2.104701e+00, 1.807427e+00, 2.149626e-09, 5.515683e-10, 3.886882e+01, 4.855114e-02
1.302000e+09, 2.723025e-02, 9.571500e-01, 2.053376e+00, 1.794258e+00, 2.275388e-09, 5.515927e-10, 3.900226e+01, 4.823949e-02
1.305800e+09, 2.629812e-02, 9.571604e-01, 1.999049e+00, 1.781088e+00, 2.409643e-09, 5.516368e-10, 3.913624e+01, 4.784300e-02
1.309600e+09, 2.540928e-02, 9.571720e-01, 1.941516e+00, 1.767917e+00, 2.551577e-09, 5.517000e-10, 3.927069e+01, 4.736145e-02
1.313400e+09, 2.456995e-02, 9.571846e-01, 1.880594e+00, 1.754744e+00, 2.699738e-09, 5.517809e-10, 3.940553e+01, 4.679469e-02
1.317200e+09, 2.378691e-02, 9.571982e-01, 1.816135e+00, 1.741570e+00, 2.851889e-09, 5.518778e-10, 3.954070e+01, 4.614257e-02
1.321000e+09, 2.306743e-02, 9.572124e-01, 1.748043e+00, 1.728393e+00, 3.004876e-09, 5.519888e-10, 3.967610e+01, 4.540500e-02
1.324800e+09, 2.241918e-02, 9.572269e-01, 1.676298e+00, 1.715214e+00, 3.154557e-09, 5.521115e-10, 3.981167e+01, 4.458192e-02
1.328600e+09, 2.185008e-02, 9.572413e-01, 1.600980e+00, 1.702032e+00, 3.295857e-09, 5.522430e-10, 3.994731e+01, 4.367332e-02
1.332400e+09, 2.136797e-02, 9.572554e-01, 1.522287e+00, 1.688846e+00, 3.422973e-09, 5.523807e-10, 4.008294e+01, 4.267923e-02
1.336200e+09, 2.098038e-02, 9.572686e-01, 1.440560e+00, 1.675658e+00, 3.529792e-09, 5.525215e-10, 4.021848e+01, 4.159972e-02
1.340000e+09, 2.069414e-02, 9.572805e-01, 1.356282e+00, 1.662466e+00, 3.610484e-09, 5.526623e-10, 4.035383e+01, 4.043493e-02
1.343800e+09, 2.051492e-02, 9.572907e-01, 1.270078e+00, 1.649270e+00, 3.660205e-09, 5.528003e-10, 4.048892e+01, 3.918503e-02
1.347600e+09, 2.044697e-02, 9.572987e-01, 1.182687e+00, 1.636071e+00, 3.675779e-09, 5.529325e-10, 4.062364e+01, 3.785025e-02
1.351400e+09, 2.049274e-02, 9.573041e-01, 1.094923e+00, 1.622870e+00, 3.656181e-09, 5.530561e-10, 4.075791e+01, 3.643090e-02
1.355200e+09, 2.065276e-02, 9.573066e-01, 1.007628e+00, 1.609665e+00, 3.602706e-09, 5.531689e-10, 4.089163e+01, 3.492731e-02
1.359000e+09, 2.092560e-02, 9.573056e-01, 9.216095e-01, 1.596457e+00, 3.518759e-09, 5.532685e-10, 4.102470e+01, 3.333989e-02
1.362800e+09, 2.130806e-02, 9.573010e-01, 8.375952e-01, 1.583247e+00, 3.409335e-09, 5.533532e-10, 4.115705e+01, 3.166909e-02
1.366600e+09, 2.179541e-02, 9.572925e-01, 7.561936e-01, 1.570035e+00, 3.280332e-09, 5.534215e-10, 4.128855e+01, 2.991545e-02
1.370400e+09, 2.238175e-02, 9.572798e-01, 6.778721e-01, 1.556822e+00, 3.137852e-09, 5.534723e-10, 4.141913e+01, 2.807953e-02
1.374200e+09, 2.306040e-02, 9.572628e-01, 6.029524e-01, 1.543607e+00, 2.987625e-09, 5.535050e-10, 4.154867e+01, 2.616197e-02
1.378000e+09, 2.382425e-02, 9.572413e-01, 5.316195e-01, 1.530392e+00, 2.834621e-09, 5.535193e-10, 4.167709e+01, 2.416346e-02
1.381800e+09, 2.466608e-02, 9.572154e-01, 4.639398e-01, 1.517176e+00, 2.682861e-09, 5.535155e-10, 4.180428e+01, 2.208475e-02
1.385600e+09, 2.557882e-02, 9.571850e-01, 3.998836e-01, 1.503960e+00, 2.535383e-09, 5.534942e-10, 4.193015e+01, 1.992664e-02
1.389400e+09, 2.655569e-02, 9.571502e-01, 3.393485e-01, 1.490745e+00, 2.394321e-09, 5.534563e-10, 4.205459e+01, 1.768997e-02
1.393200e+09, 2.759036e-02, 9.571113e-01, 2.821814e-01, 1.477530e+00, 2.261041e-09, 5.534031e-10, 4.217751e+01, 1.537565e-02
1.397000e+09, 2.867698e-02, 9.570682e-01, 2.281966e-01, 1.464317e+00, 2.136295e-09, 5.533363e-10, 4.229880e+01, 1.298463e-02
1.400800e+09, 2.981019e-02, 9.570214e-01, 1.771902e-01, 1.451106e+00, 2.020366e-09, 5.532577e-10, 4.241837e+01, 1.051791e-02
1.404600e+09, 3.098516e-02, 9.569709e-01, 1.289517e-01, 1.437896e+00, 1.913206e-09, 5.531693e-10, 4.253612e+01, 7.976540e-03
1.408400e+09, 3.219755e-02, 9.569172e-01, 8.327181e-02, 1.424688e+00, 1.814537e-09, 5.530735e-10, 4.265195e+01, 5.361609e-03
1.412200e+09, 3.344346e-02, 9.568606e-01, 3.994775e-02, 1.411483e+00, 1.723934e-09, 5.529724e-10, 4.276576e+01, 2.674256e-03
1.416000e+09, 3.471940e-02, 9.568012e-01, -1.213091e-03, 1.398280e+00, 1.640892e-09, 5.528683e-10, 4.287745e+01, -8.433721e-05
1.419800e+09, 3.602224e-02, 9.567396e-01, -4.039121e-02, 1.385080e+00, 1.564863e-09, 5.527636e-10, 4.298693e+01, -2.912944e-03
1.423600e+09, 3.734920e-02, 9.566760e-01, -7.775405e-02, 1.371882e+00, 1.495292e-09, 5.526605e-10, 4.309410e+01, -5.810292e-03
1.427400e+09, 3.869778e-02, 9.566107e-01, -1.134558e-01, 1.358687e+00, 1.431636e-09, 5.525609e-10, 4.319885e+01, -8.775065e-03
1.431200e+09, 4.006575e-02, 9.565441e-01, -1.476377e-01, 1.345494e+00, 1.373375e-09, 5.524668e-10, 4.330110e+01, -1.180590e-02
1.435000e+09, 4.145108e-02, 9.564763e-01, -1.804285e-01, 1.332303e+00, 1.320022e-09, 5.523798e-10, 4.340074e+01, -1.490139e-02
1.438800e+09, 4.285197e-02, 9.564076e-01, -2.119455e-01, 1.319114e+00, 1.271126e-09, 5.523012e-10, 4.349769e+01, -1.806008e-02
1.442600e+09, 4.426676e-02, 9.563382e-01, -2.422950e-01, 1.305928e+00, 1.226274e-09, 5.522320e-10, 4.359185e+01, -2.128045e-02
1.446400e+09, 4.569396e-02, 9.562683e-01, -2.715737e-01, 1.292742e+00, 1.185085e-09, 5.521731e-10, 4.368312e+01, -2.456096e-02
1.450200e+09, 4.713221e-02, 9.561980e-01, -2.998689e-01, 1.279559e+00, 1.147217e-09, 5.521248e-10, 4.377141e+01, -2.789999e-02
1.454000e+09, 4.858024e-02, 9.561273e-01, -3.272600e-01, 1.266376e+00, 1.112359e-09, 5.520872e-10, 4.385662e+01, -3.129587e-02
1.457800e+09, 5.003692e-02, 9.560562e-01, -3.538188e-01, 1.253194e+00, 1.080229e-09, 5.520600e-10, 4.393868e+01, -3.474688e-02
1.461600e+09, 5.150116e-02, 9.559847e-01, -3.796104e-01, 1.240013e+00, 1.050574e-09, 5.520427e-10, 4.401749e+01, -3.825124e-02
1.465400e+09, 5.297197e-02, 9.559127e-01, -4.046940e-01, 1.226833e+00, 1.023165e-09, 5.520343e-10, 4.409296e+01, -4.180711e-02
1.469200e+09, 5.444844e-02, 9.558401e-01, -4.291232e-01, 1.213652e+00, 9.977956e-10, 5.520338e-10, 4.416501e+01, -4.541260e-02
1.473000e+09, 5.592968e-02, 9.557668e-01, -4.529467e-01, 1.200472e+00, 9.742808e-10, 5.520397e-10, 4.423355e+01, -4.906575e-02
1.476800e+09, 5.741487e-02, 9.556926e-01, -4.762087e-01, 1.187291e+00, 9.524530e-10, 5.520504e-10, 4.429850e+01, -5.276452e-02
1.480600e+09, 5.890324e-02, 9.556171e-01, -4.989496e-01, 1.174110e+00, 9.321611e-10, 5.520642e-10, 4.435979e+01, -5.650686e-02
1.484400e+09, 6.039406e-02, 9.555403e-01, -5.212060e-01, 1.160929e+00, 9.132688e-10, 5.520793e-10, 4.441734e+01, -6.029060e-02
1.488200e+09, 6.188662e-02, 9.554619e-01, -5.430113e-01, 1.147748e+00, 8.956532e-10, 5.520937e-10, 4.447109e+01, -6.411357e-02
1.492000e+09, 6.338026e-02, 9.553816e-01, -5.643960e-01, 1.134566e+00, 8.792031e-10, 5.521054e-10, 4.452095e+01, -6.797350e-02
1.495800e+09, 6.487433e-02, 9.552991e-01, -5.853879e-01, 1.121384e+00, 8.638180e-10, 5.521125e-10, 4.456687e+01, -7.186809e-02
1.499600e+09, 6.636822e-02, 9.552142e-01, -6.060125e-01, 1.108202e+00, 8.494071e-10, 5.521132e-10, 4.460878e+01, -7.579498e-02
1.503400e+09, 6.786134e-02, 9.551266e-01, -6.262931e-01, 1.095019e+00, 8.358880e-10, 5.521058e-10, 4.464664e+01, -7.975176e-02
1.507200e+09, 6.935314e-02, 9.550363e-01, -6.462508e-01, 1.081837e+00, 8.231865e-10, 5.520887e-10, 4.468038e+01, -8.373601e-02
1.511000e+09, 7.084306e-02, 9.549428e-01, -6.659053e-01, 1.068655e+00, 8.112351e-10, 5.520605e-10, 4.470997e+01, -8.774523e-02
1.514800e+09, 7.233058e-02, 9.548462e-01, -6.852744e-01, 1.055474e+00, 7.999730e-10, 5.520201e-10, 4.473536e+01, -9.177691e-02
1.518600e+09, 7.381521e-02, 9.547463e-01, -7.043747e-01, 1.042294e+00, 7.893448e-10, 5.519665e-10, 4.475652e+01, -9.582850e-02
1.522400e+09, 7.529646e-02, 9.546429e-01, -7.232211e-01, 1.029115e+00, 7.793007e-10, 5.518993e-10, 4.477341e+01, -9.989746e-02
1.526200e+09, 7.677387e-02, 9.545361e-01, -7.418278e-01, 1.015938e+00, 7.697956e-10, 5.518179e-10, 4.478600e+01, -1.039812e-01
1.530000e+09, 7.824699e-02, 9.544259e-01, -7.602075e-01, 1.002763e+00, 7.607885e-10, 5.517223e-10, 4.479428e+01, -1.080771e-01
1.533800e+09, 7.971540e-02, 9.543122e-01, -7.783722e-01, 9.895900e-01, 7.522428e-10, 5.516129e-10, 4.479823e+01, -1.121826e-01
1.537600e+09, 8.117870e-02, 9.541952e-01, -7.963328e-01, 9.764196e-01, 7.441251e-10, 5.514899e-10, 4.479784e+01, -1.162952e-01
1.541400e+09, 8.263648e-02, 9.540751e-01, -8.140996e-01, 9.632522e-01, 7.364053e-10, 5.513542e-10, 4.479311e+01, -1.204122e-01
1.545200e+09, 8.408838e-02, 9.539519e-01, -8.316821e-01, 9.500880e-01, 7.290565e-10, 5.512068e-10, 4.478403e+01, -1.245310e-01
1.549000e+09, 8.553404e-02, 9.538259e-01, -8.490892e-01, 9.369273e-01, 7.220542e-10, 5.510489e-10, 4.477062e+01, -1.286492e-01
1.552800e+09, 8.697312e-02, 9.536973e-01, -8.663290e-01, 9.237704e-01, 7.153766e-10, 5.508818e-10, 4.475287e+01, -1.327641e-01
1.556600e+09, 8.840529e-02, 9.535663e-01, -8.834094e-01, 9.106175e-01, 7.090038e-10, 5.507071e-10, 4.473081e+01, -1.368733e-01
1.560400e+09, 8.983023e-02, 9.534333e-01, -9.003376e-01, 8.974688e-01, 7.029182e-10, 5.505265e-10, 4.470445e+01, -1.409744e-01
1.564200e+09, 9.124765e-02, 9.532986e-01, -9.171206e-01, 8.843243e-01, 6.971037e-10, 5.503415e-10, 4.467382e+01, -1.450648e-01
1.568000e+09, 9.265727e-02, 9.531625e-01, -9.337647e-01, 8.711843e-01, 6.915459e-10, 5.501541e-10, 4.463895e+01, -1.491421e-01
1.571800e+09, 9.405880e-02, 9.530252e-01, -9.502761e-01, 8.580488e-01, 6.862318e-10, 5.499658e-10, 4.459986e+01, -1.532041e-01
1.575600e+09, 9.545198e-02, 9.528871e-01, -9.666607e-01, 8.449177e-01, 6.811496e-10, 5.497786e-10, 4.455659e+01, -1.572483e-01
1.579400e+09, 9.683656e-02, 9.527486e-01, -9.829239e-01, 8.317912e-01, 6.762887e-10, 5.495939e-10, 4.450918e+01, -1.612724e-01
1.583200e+09, 9.821228e-02, 9.526098e-01, -9.990710e-01, 8.186690e-01, 6.716393e-10, 5.494133e-10, 4.445768e+01, -1.652743e-01
1.587000e+09, 9.957892e-02, 9.524712e-01, -1.015107e+00, 8.055512e-01, 6.671924e-10, 5.492381e-10, 4.440212e+01, -1.692516e-01
1.590800e+09, 1.009362e-01, 9.523329e-01, -1.031037e+00, 7.924375e-01, 6.629399e-10, 5.490696e-10, 4.434255e+01, -1.732022e-01
1.594600e+09, 1.022840e-01, 9.521952e-01, -1.046866e+00, 7.793278e-01, 6.588741e-10, 5.489089e-10, 4.427903e+01, -1.771239e-01
1.598400e+09, 1.036220e-01, 9.520583e-01, -1.062597e+00, 7.662220e-01, 6.549879e-10, 5.487566e-10, 4.421160e+01, -1.810147e-01
1.602200e+09, 1.049499e-01, 9.519224e-01, -1.078235e+00, 7.531199e-01, 6.512746e-10, 5.486133e-10, 4.414032e+01, -1.848724e-01
1.606000e+09, 1.062677e-01, 9.517876e-01, -1.093785e+00, 7.400211e-01, 6.477277e-10, 5.484796e-10, 4.406525e+01, -1.886949e-01
1.609800e+09, 1.075749e-01, 9.516540e-01, -1.109251e+00, 7.269256e-01, 6.443412e-10, 5.483554e-10, 4.398644e+01, -1.924803e-01
1.613600e+09, 1.088715e-01, 9.515217e-01, -1.124635e+00, 7.138330e-01, 6.411090e-10, 5.482406e-10, 4.390396e+01, -1.962265e-01
1.617400e+09, 1.101572e-01, 9.513907e-01, -1.139942e+00, 7.007431e-01, 6.380254e-10, 5.481350e-10, 4.381787e+01, -1.999315e-01
1.621200e+09, 1.114318e-01, 9.512611e-01, -1.155176e+00, 6.876558e-01, 6.350846e-10, 5.480381e-10, 4.372823e+01, -2.035934e-01
1.625000e+09, 1.126950e-01, 9.511329e-01, -1.170339e+00, 6.745708e-01, 6.322812e-10, 5.479491e-10, 4.363511e+01, -2.072103e-01
1.628800e+09, 1.139466e-01, 9.510059e-01, -1.185435e+00, 6.614879e-01, 6.296094e-10, 5.478672e-10, 4.353858e+01, -2.107801e-01
1.632600e+09, 1.151863e-01, 9.508800e-01, -1.200468e+00, 6.484070e-01, 6.270639e-10, 5.477913e-10, 4.343871e+01, -2.143010e-01
1.636400e+09, 1.164140e-01, 9.507553e-01, -1.215440e+00, 6.353278e-01, 6.246390e-10, 5.477204e-10, 4.333557e+01, -2.177712e-01
1.640200e+09, 1.176293e-01, 9.506316e-01, -1.230354e+00, 6.222504e-01, 6.223293e-10, 5.476532e-10, 4.322923e+01, -2.211886e-01
1.644000e+09, 1.188320e-01, 9.505088e-01, -1.245213e+00, 6.091746e-01, 6.201293e-10, 5.475885e-10, 4.311976e+01, -2.245515e-01
1.647800e+09, 1.200218e-01, 9.503867e-01, -1.260019e+00, 5.961003e-01, 6.180335e-10, 5.475250e-10, 4.300726e+01, -2.278579e-01
1.651600e+09, 1.211985e-01, 9.502652e-01, -1.274775e+00, 5.830275e-01, 6.160365e-10, 5.474614e-10, 4.289178e+01, -2.311061e-01
1.655400e+09, 1.223618e-01, 9.501441e-01, -1.289484e+00, 5.699563e-01, 6.141329e-10, 5.473966e-10, 4.277342e+01, -2.342942e-01
1.659200e+09, 1.235115e-01, 9.500234e-01, -1.304147e+00, 5.568866e-01, 6.123173e-10, 5.473293e-10, 4.265226e+01, -2.374205e-01
1.663000e+09, 1.246471e-01, 9.499029e-01, -1.318767e+00, 5.438185e-01, 6.105844e-10, 5.472584e-10, 4.252838e+01, -2.404830e-01
1.666800e+09, 1.257685e-01, 9.497824e-01, -1.333345e+00, 5.307521e-01, 6.089291e-10, 5.471829e-10, 4.240186e+01, -2.434801e-01
1.670600e+09, 1.268754e-01, 9.496620e-01, -1.347884e+00, 5.176875e-01, 6.073461e-10, 5.471022e-10, 4.227280e+01, -2.464100e-01
1.674400e+09, 1.279675e-01, 9.495415e-01, -1.362385e+00, 5.046248e-01, 6.058305e-10, 5.470154e-10, 4.214129e+01, -2.492710e-01
1.678200e+09, 1.290445e-01, 9.494209e-01, -1.376850e+00, 4.915642e-01, 6.043775e-10, 5.469220e-10, 4.200741e+01, -2.520613e-01
1.682000e+09, 1.301061e-01, 9.493002e-01, -1.391280e+00, 4.785059e-01, 6.029823e-10, 5.468216e-10, 4.187126e+01, -2.547794e-01
1.685800e+09, 1.311520e-01, 9.491793e-01, -1.405677e+00, 4.654499e-01, 6.016404e-10, 5.467141e-10, 4.173294e+01, -2.574236e-01
1.689600e+09, 1.321819e-01, 9.490583e-01, -1.420042e+00, 4.523965e-01, 6.003476e-10, 5.465995e-10, 4.159254e+01, -2.599922e-01
1.693400e+09, 1.331956e-01, 9.489373e-01, -1.434376e+00, 4.393458e-01, 5.990997e-10, 5.464779e-10, 4.145016e+01, -2.624838e-01
1.697200e+09, 1.341927e-01, 9.488162e-01, -1.448680e+00, 4.262981e-01, 5.978928e-10, 5.463496e-10, 4.130589e+01, -2.648968e-01
1.701000e+09, 1.351731e-01, 9.486953e-01, -1.462955e+00, 4.132534e-01, 5.967233e-10, 5.462150e-10, 4.115984e+01, -2.672298e-01
1.704800e+09, 1.361363e-01, 9.485746e-01, -1.477202e+00, 4.002119e-01, 5.955879e-10, 5.460748e-10, 4.101211e+01, -2.694813e-01
1.708600e+09, 1.370822e-01, 9.484543e-01, -1.491423e+00, 3.871738e-01, 5.944834e-10, 5.459298e-10, 4.086281e+01, -2.716500e-01
1.712400e+09, 1.380105e-01, 9.483345e-01, -1.505617e+00, 3.741391e-01, 5.934069e-10, 5.457806e-10, 4.071202e+01, -2.737345e-01
1.716200e+09, 1.389209e-01, 9.482155e-01, -1.519785e+00, 3.611080e-01, 5.923560e-10, 5.456283e-10, 4.055987e+01, -2.757337e-01
1.720000e+09, 1.398132e-01, 9.480974e-01, -1.533928e+00, 3.480805e-01, 5.913284e-10, 5.454737e-10, 4.040644e+01, -2.776462e-01
1.723800e+09, 1.406872e-01, 9.479804e-01, -1.548047e+00, 3.350567e-01, 5.903219e-10, 5.453179e-10, 4.025185e+01, -2.794710e-01
1.727600e+09, 1.415425e-01, 9.478648e-01, -1.562141e+00, 3.220366e-01, 5.893351e-10, 5.451620e-10, 4.009619e+01, -2.812070e-01
1.731400e+09, 1.423791e-01, 9.477507e-01, -1.576212e+00, 3.090203e-01, 5.883664e-10, 5.450069e-10, 3.993958e+01, -2.828532e-01
1.735200e+09, 1.431967e-01, 9.476384e-01, -1.590260e+00, 2.960076e-01, 5.874148e-10, 5.448536e-10, 3.978211e+01, -2.844086e-01
1.739000e+09, 1.439951e-01, 9.475281e-01, -1.604285e+00, 2.829987e-01, 5.864793e-10, 5.447032e-10, 3.962389e+01, -2.858723e-01
1.742800e+09, 1.447740e-01, 9.474200e-01, -1.618288e+00, 2.699933e-01, 5.855595e-10, 5.445565e-10, 3.946502e+01, -2.872436e-01
1.746600e+09, 1.455335e-01, 9.473143e-01, -1.632269e+00, 2.569914e-01, 5.846549e-10, 5.444143e-10, 3.930560e+01, -2.885216e-01
1.750400e+09, 1.462731e-01, 9.472112e-01, -1.646228e+00, 2.439929e-01, 5.837655e-10, 5.442774e-10, 3.914573e+01, -2.897057e-01
1.754200e+09, 1.469929e-01, 9.471109e-01, -1.660166e+00, 2.309977e-01, 5.828915e-10, 5.441465e-10, 3.898551e+01, -2.907952e-01
1.758000e+09, 1.476926e-01, 9.470135e-01, -1.674084e+00, 2.180056e-01, 5.820333e-10, 5.440220e-10, 3.882504e+01, -2.917897e-01
1.761800e+09, 1.483721e-01, 9.469191e-01, -1.687980e+00, 2.050164e-01, 5.811913e-10, 5.439046e-10, 3.866441e+01, -2.926885e-01
1.765600e+09, 1.490314e-01, 9.468280e-01, -1.701857e+00, 1.920301e-01, 5.803665e-10, 5.437944e-10, 3.850372e+01, -2.934912e-01
1.769400e+09, 1.496701e-01, 9.467402e-01, -1.715714e+00, 1.790464e-01, 5.795597e-10, 5.436917e-10, 3.834305e+01, -2.941975e-01
1.773200e+09, 1.502883e-01, 9.466558e-01, -1.729551e+00, 1.660652e-01, 5.787719e-10, 5.435967e-10, 3.818251e+01, -2.948070e-01
1.777000e+09, 1.508859e-01, 9.465749e-01, -1.743370e+00, 1.530862e-01, 5.780045e-10, 5.435093e-10, 3.802218e+01, -2.953194e-01
1.780800e+09, 1.514626e-01, 9.464976e-01, -1.757171e+00, 1.401093e-01, 5.772587e-10, 5.434296e-10, 3.786215e+01, -2.957345e-01
1.784600e+09, 1.520185e-01, 9.464239e-01, -1.770953e+00, 1.271344e-01, 5.765359e-10, 5.433574e-10, 3.770250e+01, -2.960521e-01
1.788400e+09, 1.525535e-01, 9.463538e-01, -1.784719e+00, 1.141611e-01, 5.758375e-10, 5.432923e-10, 3.754331e+01, -2.962721e-01
1.792200e+09, 1.530674e-01, 9.462874e-01, -1.798468e+00, 1.011894e-01, 5.751649e-10, 5.432343e-10, 3.738468e+01, -2.963944e-01
1.796000e+09, 1.535602e-01, 9.462246e-01, -1.812200e+00, 8.821908e-02, 5.745197e-10, 5.431829e-10, 3.722667e+01, -2.964189e-01
1.799800e+09, 1.540318e-01, 9.461655e-01, -1.825918e+00, 7.524998e-02, 5.739033e-10, 5.431377e-10, 3.706937e+01, -2.963456e-01
1.803600e+09, 1.544821e-01, 9.461100e-01, -1.839620e+00, 6.228197e-02, 5.733171e-10, 5.430985e-10, 3.691285e+01, -2.961746e-01
1.807400e+09, 1.549110e-01, 9.460582e-01, -1.853309e+00, 4.931489e-02, 5.727624e-10, 5.430647e-10, 3.675719e+01, -2.959057e-01
1.811200e+09, 1.553185e-01, 9.460100e-01, -1.866984e+00, 3.634863e-02, 5.722404e-10, 5.430360e-10, 3.660245e+01, -2.955393e-01
1.815000e+09, 1.557045e-01, 9.459653e-01, -1.880647e+00, 2.338304e-02, 5.717524e-10, 5.430119e-10, 3.644872e+01, -2.950752e-01
1.818800e+09, 1.560689e-01, 9.459241e-01, -1.894298e+00, 1.041803e-02, 5.712992e-10, 5.429921e-10, 3.629606e+01, -2.945137e-01
1.822600e+09, 1.564116e-01, 9.458864e-01, -1.907939e+00, -2.546502e-03, 5.708819e-10, 5.429762e-10, 3.614453e+01, -2.938550e-01
1.826400e+09, 1.567326e-01, 9.458522e-01, -1.921569e+00, -1.551066e-02, 5.705010e-10, 5.429640e-10, 3.599421e+01, -2.930991e-01
1.830200e+09, 1.570317e-01, 9.458213e-01, -1.935190e+00, -2.847452e-02, 5.701571e-10, 5.429550e-10, 3.584516e+01, -2.922464e-01
1.834000e+09, 1.573089e-01, 9.457938e-01, -1.948804e+00, -4.143817e-02, 5.698505e-10, 5.429490e-10, 3.569744e+01, -2.912970e-01
1.837800e+09, 1.575640e-01, 9.457697e-01, -1.962409e+00, -5.440168e-02, 5.695815e-10, 5.429458e-10, 3.555113e+01, -2.902512e-01
1.841600e+09, 1.577970e-01, 9.457488e-01, -1.976009e+00, -6.736511e-02, 5.693499e-10, 5.429452e-10, 3.540627e+01, -2.891093e-01
1.845400e+09, 1.580077e-01, 9.457312e-01, -1.989603e+00, -8.032853e-02, 5.691555e-10, 5.429471e-10, 3.526294e+01, -2.878715e-01
1.849200e+09, 1.581961e-01, 9.457169e-01, -2.003192e+00, -9.329199e-02, 5.689979e-10, 5.429514e-10, 3.512119e+01, -2.865383e-01
1.853000e+09, 1.583620e-01, 9.457057e-01, -2.016777e+00, -1.062556e-01, 5.688764e-10, 5.429579e-10, 3.498109e+01, -2.851099e-01
1.856800e+09, 1.585053e-01, 9.456977e-01, -2.030360e+00, -1.192193e-01, 5.687903e-10, 5.429665e-10, 3.484269e+01, -2.835868e-01
1.860600e+09, 1.586259e-01, 9.456929e-01, -2.043940e+00, -1.321832e-01, 5.687386e-10, 5.429774e-10, 3.470605e+01, -2.819693e-01
1.864400e+09, 1.587237e-01, 9.456913e-01, -2.057520e+00, -1.451474e-01, 5.687201e-10, 5.429903e-10, 3.457125e+01, -2.802580e-01
1.868200e+09, 1.587985e-01, 9.456927e-01, -2.071098e+00, -1.581119e-01, 5.687335e-10, 5.430053e-10, 3.443832e+01, -2.784534e-01
1.872000e+09, 1.588502e-01, 9.456973e-01, -2.084678e+00, -1.710767e-01, 5.687776e-10, 5.430224e-10, 3.430734e+01, -2.765559e-01
1.875800e+09, 1.588786e-01, 9.457050e-01, -2.098258e+00, -1.840420e-01, 5.688508e-10, 5.430416e-10, 3.417836e+01, -2.745663e-01
1.879600e+09, 1.588837e-01, 9.457157e-01, -2.111840e+00, -1.970077e-01, 5.689515e-10, 5.430629e-10, 3.405144e+01, -2.724850e-01
1.883400e+09, 1.588653e-01, 9.457296e-01, -2.125424e+00, -2.099739e-01, 5.690783e-10, 5.430862e-10, 3.392663e+01, -2.703130e-01
1.887200e+09, 1.588233e-01, 9.457464e-01, -2.139011e+00, -2.229407e-01, 5.692293e-10, 5.431114e-10, 3.380400e+01, -2.680508e-01
1.891000e+09, 1.587575e-01, 9.457664e-01, -2.152602e+00, -2.359081e-01, 5.694031e-10, 5.431387e-10, 3.368361e+01, -2.656994e-01
1.894800e+09, 1.586678e-01, 9.457894e-01, -2.166197e+00, -2.488761e-01, 5.695981e-10, 5.431679e-10, 3.356551e+01, -2.632595e-01
1.898600e+09, 1.585541e-01, 9.458154e-01, -2.179797e+00, -2.618449e-01, 5.698127e-10, 5.431989e-10, 3.344975e+01, -2.607323e-01
1.902400e+09, 1.584162e-01, 9.458444e-01, -2.193402e+00, -2.748143e-01, 5.700455e-10, 5.432318e-10, 3.333640e+01, -2.581186e-01
1.906200e+09, 1.582541e-01, 9.458764e-01, -2.207013e+00, -2.877846e-01, 5.702952e-10, 5.432665e-10, 3.322551e+01, -2.554196e-01
1.910000e+09, 1.580676e-01, 9.459115e-01, -2.220629e+00, -3.007557e-01, 5.705607e-10, 5.433029e-10, 3.311713e+01, -2.526365e-01
1.913800e+09, 1.578567e-01, 9.459495e-01, -2.234252e+00, -3.137276e-01, 5.708408e-10, 5.433409e-10, 3.301133e+01, -2.497705e-01
1.917600e+09, 1.576212e-01, 9.459905e-01, -2.247881e+00, -3.267005e-01, 5.711348e-10, 5.433807e-10, 3.290814e+01, -2.468229e-01
1.921400e+09, 1.573610e-01, 9.460345e-01, -2.261518e+00, -3.396743e-01, 5.714420e-10, 5.434221e-10, 3.280764e+01, -2.437952e-01
1.925200e+09, 1.570761e-01, 9.460816e-01, -2.275162e+00, -3.526491e-01, 5.717619e-10, 5.434651e-10, 3.270986e+01, -2.406889e-01
1.929000e+09, 1.567664e-01, 9.461316e-01, -2.288813e+00, -3.656250e-01, 5.720944e-10, 5.435099e-10, 3.261487e+01, -2.375055e-01
1.932800e+09, 1.564318e-01, 9.461847e-01, -2.302472e+00, -3.786019e-01, 5.724392e-10, 5.435565e-10, 3.252270e+01, -2.342466e-01
1.936600e+09, 1.560723e-01, 9.462408e-01, -2.316140e+00, -3.915799e-01, 5.727968e-10, 5.436051e-10, 3.243342e+01, -2.309141e-01
1.940400e+09, 1.556878e-01, 9.462999e-01, -2.329816e+00, -4.045590e-01, 5.731675e-10, 5.436558e-10, 3.234706e+01, -2.275097e-01
1.944200e+09, 1.552783e-01, 9.463621e-01, -2.343501e+00, -4.175394e-01, 5.735518e-10, 5.437088e-10, 3.226368e+01, -2.240353e-01
1.948000e+09, 1.548438e-01, 9.464275e-01, -2.357195e+00, -4.305211e-01, 5.739508e-10, 5.437643e-10, 3.218331e+01, -2.204929e-01
1.951800e+09, 1.543843e-01, 9.464960e-01, -2.370899e+00, -4.435040e-01, 5.743655e-10, 5.438228e-10, 3.210600e+01, -2.168844e-01
1.955600e+09, 1.538997e-01, 9.465676e-01, -2.384613e+00, -4.564884e-01, 5.747970e-10, 5.438845e-10, 3.203180e+01, -2.132120e-01
1.959400e+09, 1.533900e-01, 9.466425e-01, -2.398337e+00, -4.694743e-01, 5.752468e-10, 5.439498e-10, 3.196074e+01, -2.094779e-01
1.963200e+09, 1.528553e-01, 9.467206e-01, -2.412071e+00, -4.824617e-01, 5.757166e-10, 5.440191e-10, 3.189286e+01, -2.056843e-01
1.967000e+09, 1.522956e-01, 9.468021e-01, -2.425817e+00, -4.954507e-01, 5.762078e-10, 5.440929e-10, 3.182820e+01, -2.018335e-01
1.970800e+09, 1.517109e-01, 9.468868e-01, -2.439575e+00, -5.084415e-01, 5.767225e-10, 5.441714e-10, 3.176680e+01, -1.979278e-01
1.974600e+09, 1.511012e-01, 9.469749e-01, -2.453345e+00, -5.214342e-01, 5.772625e-10, 5.442553e-10, 3.170869e+01, -1.939696e-01
1.978400e+09, 1.504665e-01, 9.470664e-01, -2.467127e+00, -5.344289e-01, 5.778297e-10, 5.443450e-10, 3.165391e+01, -1.899614e-01
1.982200e+09, 1.498069e-01, 9.471612e-01, -2.480924e+00, -5.474258e-01, 5.784262e-10, 5.444407e-10, 3.160248e+01, -1.859057e-01
1.986000e+09, 1.491224e-01, 9.472595e-01, -2.494734e+00, -5.604249e-01, 5.790541e-10, 5.445430e-10, 3.155443e+01, -1.818051e-01
1.989800e+09, 1.484131e-01, 9.473612e-01, -2.508560e+00, -5.734264e-01, 5.797154e-10, 5.446521e-10, 3.150980e+01, -1.776620e-01
1.993600e+09, 1.476790e-01, 9.474664e-01, -2.522401e+00, -5.864306e-01, 5.804122e-10, 5.447682e-10, 3.146862e+01, -1.734793e-01
1.997400e+09, 1.469201e-01, 9.475749e-01, -2.536259e+00, -5.994376e-01, 5.811464e-10, 5.448917e-10, 3.143090e+01, -1.692595e-01
2.001200e+09, 1.461366e-01, 9.476867e-01, -2.550135e+00, -6.124475e-01, 5.819200e-10, 5.450226e-10, 3.139668e+01, -1.650054e-01
2.005000e+09, 1.453283e-01, 9.478019e-01, -2.564029e+00, -6.254605e-01, 5.827351e-10, 5.451610e-10, 3.136598e+01, -1.607198e-01
2.008800e+09, 1.444955e-01, 9.479204e-01, -2.577942e+00, -6.384768e-01, 5.835934e-10, 5.453067e-10, 3.133882e+01, -1.564053e-01
2.012600e+09, 1.436381e-01, 9.480420e-01, -2.591876e+00, -6.514966e-01, 5.844968e-10, 5.454597e-10, 3.131523e+01, -1.520649e-01
2.016400e+09, 1.427562e-01, 9.481666e-01, -2.605832e+00, -6.645200e-01, 5.854471e-10, 5.456198e-10, 3.129522e+01, -1.477014e-01
2.020200e+09, 1.418498e-01, 9.482943e-01, -2.619810e+00, -6.775473e-01, 5.864459e-10, 5.457865e-10, 3.127881e+01, -1.433177e-01
2.024000e+09, 1.409190e-01, 9.484247e-01, -2.633812e+00, -6.905786e-01, 5.874949e-10, 5.459594e-10, 3.126603e+01, -1.389167e-01
2.027800e+09, 1.399639e-01, 9.485579e-01, -2.647839e+00, -7.036140e-01, 5.885958e-10, 5.461380e-10, 3.125689e+01, -1.345014e-01
2.031600e+09, 1.389845e-01, 9.486936e-01, -2.661892e+00, -7.166536e-01, 5.897502e-10, 5.463218e-10, 3.125141e+01, -1.300747e-01
2.035400e+09, 1.379808e-01, 9.488317e-01, -2.675973e+00, -7.296976e-01, 5.909597e-10, 5.465100e-10, 3.124960e+01, -1.256396e-01
2.039200e+09, 1.369529e-01, 9.489720e-01, -2.690083e+00, -7.427462e-01, 5.922260e-10, 5.467020e-10, 3.125149e+01, -1.211993e-01
2.043000e+09, 1.359009e-01, 9.491143e-01, -2.704223e+00, -7.557993e-01, 5.935508e-10, 5.468970e-10, 3.125707e+01, -1.167566e-01
2.046800e+09, 1.348248e-01, 9.492584e-01, -2.718395e+00, -7.688571e-01, 5.949360e-10, 5.470941e-10, 3.126637e+01, -1.123149e-01
2.050600e+09, 1.337247e-01, 9.494042e-01, -2.732599e+00, -7.819195e-01, 5.963835e-10, 5.472927e-10, 3.127939e+01, -1.078770e-01
2.054400e+09, 1.326007e-01, 9.495515e-01, -2.746839e+00, -7.949867e-01, 5.978955e-10, 5.474919e-10, 3.129615e+01, -1.034463e-01
2.058200e+09, 1.314529e-01, 9.497000e-01, -2.761114e+00, -8.080587e-01, 5.994742e-10, 5.476910e-10, 3.131665e+01, -9.902573e-02
2.062000e+09, 1.302812e-01, 9.498497e-01, -2.775427e+00, -8.211354e-01, 6.011223e-10, 5.478894e-10, 3.134089e+01, -9.461857e-02
2.065800e+09, 1.290859e-01, 9.500002e-01, -2.789780e+00, -8.342169e-01, 6.028425e-10, 5.480863e-10, 3.136890e+01, -9.022797e-02
2.069600e+09, 1.278669e-01, 9.501516e-01, -2.804173e+00, -8.473031e-01, 6.046382e-10, 5.482812e-10, 3.140066e+01, -8.585712e-02
2.073400e+09, 1.266245e-01, 9.503035e-01, -2.818610e+00, -8.603939e-01, 6.065128e-10, 5.484737e-10, 3.143618e+01, -8.150920e-02
2.077200e+09, 1.253586e-01, 9.504559e-01, -2.833091e+00, -8.734893e-01, 6.084704e-10, 5.486635e-10, 3.147547e+01, -7.718741e-02
2.081000e+09, 1.240695e-01, 9.506087e-01, -2.847619e+00, -8.865893e-01, 6.105155e-10, 5.488502e-10, 3.151851e+01, -7.289494e-02
2.084800e+09, 1.227572e-01, 9.507617e-01, -2.862196e+00, -8.996937e-01, 6.126529e-10, 5.490338e-10, 3.156532e+01, -6.863498e-02
2.088600e+09, 1.214219e-01, 9.509148e-01, -2.876823e+00, -9.128024e-01, 6.148884e-10, 5.492143e-10, 3.161587e+01, -6.441070e-02
2.092400e+09, 1.200636e-01, 9.510681e-01, -2.891504e+00, -9.259155e-01, 6.172280e-10, 5.493918e-10, 3.167017e+01, -6.022527e-02
2.096200e+09, 1.186827e-01, 9.512213e-01, -2.906241e+00, -9.390329e-01, 6.196786e-10, 5.495665e-10, 3.172821e+01, -5.608183e-02
2.100000e+09, 1.172791e-01, 9.513745e-01, -2.921037e+00, -9.521544e-01, 6.222479e-10, 5.497388e-10, 3.178997e+01, -5.198350e-02
2.103800e+09, 1.158530e-01, 9.515276e-01, -2.935894e+00, -9.652800e-01, 6.249441e-10, 5.499093e-10, 3.185545e+01, -4.793338e-02
2.107600e+09, 1.144047e-01, 9.516807e-01, -2.950815e+00, -9.784097e-01, 6.277766e-10, 5.500783e-10, 3.192462e+01, -4.393453e-02
2.111400e+09, 1.129343e-01, 9.518336e-01, -2.965804e+00, -9.915434e-01, 6.307555e-10, 5.502465e-10, 3.199748e+01, -3.998998e-02
2.115200e+09, 1.114420e-01, 9.519865e-01, -2.980864e+00, -1.004681e+00, 6.338918e-10, 5.504146e-10, 3.207400e+01, -3.610272e-02
2.119000e+09, 1.099280e-01, 9.521392e-01, -2.995999e+00, -1.017823e+00, 6.371980e-10, 5.505832e-10, 3.215417e+01, -3.227569e-02
2.122800e+09, 1.083925e-01, 9.522918e-01, -3.011213e+00, -1.030969e+00, 6.406873e-10, 5.507531e-10, 3.223796e+01, -2.851179e-02
2.126600e+09, 1.068357e-01, 9.524444e-01, -3.026510e+00, -1.044119e+00, 6.443744e-10, 5.509250e-10, 3.232535e+01, -2.481389e-02
2.130400e+09, 1.052578e-01, 9.525968e-01, -3.041895e+00, -1.057272e+00, 6.482755e-10, 5.510994e-10, 3.241631e+01, -2.118478e-02
2.134200e+09, 1.036590e-01, 9.527491e-01, -3.057373e+00, -1.070431e+00, 6.524083e-10, 5.512770e-10, 3.251082e+01, -1.762721e-02
2.138000e+09, 1.020396e-01, 9.529012e-01, -3.072950e+00, -1.083593e+00, 6.567920e-10, 5.514583e-10, 3.260883e+01, -1.414387e-02
2.141800e+09, 1.003999e-01, 9.530532e-01, -3.088632e+00, -1.096760e+00, 6.614479e-10, 5.516437e-10, 3.271034e+01, -1.073740e-02
2.145600e+09, 9.873993e-02, 9.532049e-01, -3.104424e+00, -1.109931e+00, 6.663994e-10, 5.518335e-10, 3.281529e+01, -7.410389e-03
2.149400e+09, 9.706010e-02, 9.533563e-01, -3.120336e+00, -1.123106e+00, 6.716724e-10, 5.520280e-10, 3.292365e+01, -4.165348e-03
2.153200e+09, 9.536064e-02, 9.535074e-01, -3.136372e+00, -1.136287e+00, 6.772951e-10, 5.522271e-10, 3.303539e+01, -1.004740e-03
2.157000e+09, 9.364180e-02, 9.536579e-01, 3.130642e+00, -1.149472e+00, 6.832992e-10, 5.524307e-10, 3.315048e+01, 2.069031e-03
2.160800e+09, 9.190386e-02, 9.538078e-01, 3.114327e+00, -1.162662e+00, 6.897195e-10, 5.526386e-10, 3.326885e+01, 5.053624e-03
2.164600e+09, 9.014711e-02, 9.539569e-01, 3.097859e+00, -1.175856e+00, 6.965949e-10, 5.528505e-10, 3.339049e+01, 7.946758e-03
2.168400e+09, 8.837184e-02, 9.541052e-01, 3.081227e+00, -1.189056e+00, 7.039686e-10, 5.530658e-10, 3.351533e+01, 1.074621e-02
2.172200e+09, 8.657835e-02, 9.542522e-01, 3.064419e+00, -1.202261e+00, 7.118892e-10, 5.532837e-10, 3.364334e+01, 1.344982e-02
2.176000e+09, 8.476695e-02, 9.543980e-01, 3.047422e+00, -1.215472e+00, 7.204112e-10, 5.535037e-10, 3.377447e+01, 1.605549e-02
2.179800e+09, 8.293796e-02, 9.545422e-01, 3.030222e+00, -1.228687e+00, 7.295957e-10, 5.537247e-10, 3.390866e+01, 1.856117e-02
2.183600e+09, 8.109173e-02, 9.546847e-01, 3.012802e+00, -1.241908e+00, 7.395121e-10, 5.539459e-10, 3.404587e+01, 2.096487e-02
2.187400e+09, 7.922862e-02, 9.548252e-01, 2.995145e+00, -1.255134e+00, 7.502389e-10, 5.541662e-10, 3.418604e+01, 2.326469e-02
2.191200e+09, 7.734899e-02, 9.549634e-01, 2.977232e+00, -1.268365e+00, 7.618655e-10, 5.543845e-10, 3.432911e+01, 2.545874e-02
2.195000e+09, 7.545324e-02, 9.550991e-01, 2.959042e+00, -1.281602e+00, 7.744939e-10, 5.545997e-10, 3.447503e+01, 2.754523e-02
2.198800e+09, 7.354179e-02, 9.552321e-01, 2.940550e+00, -1.294844e+00, 7.882412e-10, 5.548109e-10, 3.462374e+01, 2.952242e-02
2.202600e+09, 7.161507e-02, 9.553622e-01, 2.921730e+00, -1.308090e+00, 8.032419e-10, 5.550169e-10, 3.477516e+01, 3.138860e-02
2.206400e+09, 6.967356e-02, 9.554890e-01, 2.902552e+00, -1.321342e+00, 8.196515e-10, 5.552167e-10, 3.492924e+01, 3.314217e-02
2.210200e+09, 6.771776e-02, 9.556125e-01, 2.882981e+00, -1.334598e+00, 8.376503e-10, 5.554096e-10, 3.508591e+01, 3.478156e-02
2.214000e+09, 6.574822e-02, 9.557323e-01, 2.862982e+00, -1.347859e+00, 8.574482e-10, 5.555947e-10, 3.524510e+01, 3.630526e-02
2.217800e+09, 6.376552e-02, 9.558484e-01, 2.842509e+00, -1.361125e+00, 8.792908e-10, 5.557713e-10, 3.540673e+01, 3.771185e-02
2.221600e+09, 6.177031e-02, 9.559604e-01, 2.821515e+00, -1.374394e+00, 9.034663e-10, 5.559390e-10, 3.557074e+01, 3.899994e-02
2.225400e+09, 5.976328e-02, 9.560684e-01, 2.799944e+00, -1.387668e+00, 9.303153e-10, 5.560973e-10, 3.573703e+01, 4.016823e-02
2.229200e+09, 5.774520e-02, 9.561722e-01, 2.777732e+00, -1.400946e+00, 9.602412e-10, 5.562461e-10, 3.590552e+01, 4.121548e-02
2.233000e+09, 5.571693e-02, 9.562716e-01, 2.754805e+00, -1.414227e+00, 9.937251e-10, 5.563853e-10, 3.607614e+01, 4.214052e-02
2.236800e+09, 5.367941e-02, 9.563667e-01, 2.731078e+00, -1.427511e+00, 1.031343e-09, 5.565151e-10, 3.624880e+01, 4.294225e-02
2.240600e+09, 5.163371e-02, 9.564574e-01, 2.706454e+00, -1.440798e+00, 1.073790e-09, 5.566357e-10, 3.642340e+01, 4.361963e-02
2.244400e+09, 4.958104e-02, 9.565436e-01, 2.680816e+00, -1.454089e+00, 1.121907e-09, 5.567477e-10, 3.659985e+01, 4.417172e-02
2.248200e+09, 4.752277e-02, 9.566254e-01, 2.654029e+00, -1.467382e+00, 1.176718e-09, 5.568516e-10, 3.677805e+01, 4.459761e-02
2.252000e+09, 4.546048e-02, 9.567028e-01, 2.625934e+00, -1.480677e+00, 1.239480e-09, 5.569481e-10, 3.695791e+01, 4.489652e-02
2.255800e+09, 4.339600e-02, 9.567759e-01, 2.596340e+00, -1.493975e+00, 1.311741e-09, 5.570381e-10, 3.713932e+01, 4.506770e-02
2.259600e+09, 4.133149e-02, 9.568446e-01, 2.565021e+00, -1.507275e+00, 1.395423e-09, 5.571225e-10, 3.732217e+01, 4.511050e-02
2.263400e+09, 3.926950e-02, 9.569091e-01, 2.531703e+00, -1.520577e+00, 1.492918e-09, 5.572023e-10, 3.750636e+01, 4.502435e-02
2.267200e+09, 3.721308e-02, 9.569694e-01, 2.496058e+00, -1.533880e+00, 1.607227e-09, 5.572784e-10, 3.769177e+01, 4.480875e-02
2.271000e+09, 3.516593e-02, 9.570257e-01, 2.457684e+00, -1.547186e+00, 1.742120e-09, 5.573520e-10, 3.787829e+01, 4.446330e-02
2.274800e+09, 3.313256e-02, 9.570779e-01, 2.416089e+00, -1.560493e+00, 1.902346e-09, 5.574239e-10, 3.806579e+01, 4.398765e-02
2.278600e+09, 3.111859e-02, 9.571262e-01, 2.370668e+00, -1.573802e+00, 2.093872e-09, 5.574952e-10, 3.825416e+01, 4.338157e-02
2.282400e+09, 2.913104e-02, 9.571707e-01, 2.320675e+00, -1.587113e+00, 2.324144e-09, 5.575667e-10, 3.844327e+01, 4.264488e-02
2.286200e+09, 2.717885e-02, 9.572113e-01, 2.265183e+00, -1.600426e+00, 2.602296e-09, 5.576392e-10, 3.863300e+01, 4.177752e-02
2.290000e+09, 2.527344e-02, 9.572482e-01, 2.203051e+00, -1.613740e+00, 2.939155e-09, 5.577133e-10, 3.882321e+01, 4.077947e-02
2.293800e+09, 2.342959e-02, 9.572813e-01, 2.132875e+00, -1.627056e+00, 3.346698e-09, 5.577895e-10, 3.901377e+01, 3.965083e-02
2.297600e+09, 2.166652e-02, 9.573106e-01, 2.052969e+00, -1.640374e+00, 3.836294e-09, 5.578682e-10, 3.920453e+01, 3.839177e-02
2.301400e+09, 2.000922e-02, 9.573362e-01, 1.961373e+00, -1.653694e+00, 4.414574e-09, 5.579495e-10, 3.939538e+01, 3.700256e-02
2.305200e+09, 1.848991e-02, 9.573580e-01, 1.855970e+00, -1.667015e+00, 5.075398e-09, 5.580334e-10, 3.958615e+01, 3.548354e-02
2.309000e+09, 1.714914e-02, 9.573758e-01, 1.734790e+00, -1.680339e+00, 5.787209e-09, 5.581197e-10, 3.977671e+01, 3.383514e-02
2.312800e+09, 1.603565e-02, 9.573897e-01, 1.596614e+00, -1.693665e+00, 6.479262e-09, 5.582079e-10, 3.996691e+01, 3.205788e-02
2.316600e+09, 1.520337e-02, 9.573994e-01, 1.441914e+00, -1.706993e+00, 7.039246e-09, 5.582976e-10, 4.015659e+01, 3.015237e-02
2.320400e+09, 1.470387e-02, 9.574049e-01, 1.273844e+00, -1.720323e+00, 7.340721e-09, 5.583879e-10, 4.034562e+01, 2.811931e-02
2.324200e+09, 1.457498e-02, 9.574060e-01, 1.098577e+00, -1.733655e+00, 7.301418e-09, 5.584780e-10, 4.053382e+01, 2.595949e-02
2.328000e+09, 1.482958e-02, 9.574024e-01, 9.242471e-01, -1.746989e+00, 6.932666e-09, 5.585669e-10, 4.072105e+01, 2.367377e-02
2.331800e+09, 1.545161e-02, 9.573940e-01, 7.587221e-01, -1.760325e+00, 6.332126e-09, 5.586532e-10, 4.090715e+01, 2.126311e-02
2.335600e+09, 1.640175e-02, 9.573807e-01, 6.075356e-01, -1.773664e+00, 5.627372e-09, 5.587360e-10, 4.109195e+01, 1.872859e-02
2.339400e+09, 1.762911e-02, 9.573620e-01, 4.731758e-01, -1.787004e+00, 4.922515e-09, 5.588137e-10, 4.127530e+01, 1.607132e-02
2.343200e+09, 1.908197e-02, 9.573380e-01, 3.556454e-01, -1.800347e+00, 4.278654e-09, 5.588851e-10, 4.145703e+01, 1.329256e-02
2.347000e+09, 2.071432e-02, 9.573082e-01, 2.534878e-01, -1.813691e+00, 3.720402e-09, 5.589488e-10, 4.163697e+01, 1.039363e-02
2.350800e+09, 2.248821e-02, 9.572726e-01, 1.646591e-01, -1.827036e+00, 3.250104e-09, 5.590036e-10, 4.181496e+01, 7.375952e-03
2.354600e+09, 2.437361e-02, 9.572309e-01, 8.705922e-02, -1.840383e+00, 2.859540e-09, 5.590481e-10, 4.199083e+01, 4.241029e-03
2.358400e+09, 2.634721e-02, 9.571829e-01, 1.878455e-02, -1.853731e+00, 2.536951e-09, 5.590813e-10, 4.216442e+01, 9.904702e-04
2.362200e+09, 2.839108e-02, 9.571284e-01, -4.178796e-02, -1.867079e+00, 2.270523e-09, 5.591019e-10, 4.233555e+01, -2.374029e-03
2.366000e+09, 3.049137e-02, 9.570674e-01, -9.599921e-02, -1.880429e+00, 2.049788e-09, 5.591093e-10, 4.250406e+01, -5.850679e-03
2.369800e+09, 3.263732e-02, 9.569997e-01, -1.449402e-01, -1.893778e+00, 1.865999e-09, 5.591025e-10, 4.266977e+01, -9.437599e-03
2.373600e+09, 3.482050e-02, 9.569251e-01, -1.894929e-01, -1.907127e+00, 1.712062e-09, 5.590811e-10, 4.283252e+01, -1.313281e-02
2.377400e+09, 3.703423e-02, 9.568437e-01, -2.303703e-01, -1.920476e+00, 1.582305e-09, 5.590447e-10, 4.299214e+01, -1.693426e-02
2.381200e+09, 3.927314e-02, 9.567554e-01, -2.681496e-01, -1.933824e+00, 1.472216e-09, 5.589931e-10, 4.314846e+01, -2.083978e-02
2.385000e+09, 4.153286e-02, 9.566603e-01, -3.033004e-01, -1.947170e+00, 1.378215e-09, 5.589264e-10, 4.330132e+01, -2.484712e-02
2.388800e+09, 4.380980e-02, 9.565584e-01, -3.362068e-01, -1.960515e+00, 1.297449e-09, 5.588449e-10, 4.345054e+01, -2.895395e-02
2.392600e+09, 4.610097e-02, 9.564497e-01, -3.671848e-01, -1.973858e+00, 1.227639e-09, 5.587490e-10, 4.359598e+01, -3.315785e-02
2.396400e+09, 4.840385e-02, 9.563344e-01, -3.964960e-01, -1.987199e+00, 1.166958e-09, 5.586395e-10, 4.373746e+01, -3.745630e-02
2.400200e+09, 5.071628e-02, 9.562126e-01, -4.243584e-01, -2.000537e+00, 1.113926e-09, 5.585171e-10, 4.387482e+01, -4.184671e-02
2.404000e+09, 5.303639e-02, 9.560845e-01, -4.509546e-01, -2.013872e+00, 1.067344e-09, 5.583830e-10, 4.400792e+01, -4.632639e-02
2.407800e+09, 5.536255e-02, 9.559504e-01, -4.764387e-01, -2.027204e+00, 1.026231e-09, 5.582382e-10, 4.413660e+01, -5.089259e-02
2.411600e+09, 5.769334e-02, 9.558103e-01, -5.009411e-01, -2.040533e+00, 9.897821e-10, 5.580840e-10, 4.426070e+01, -5.554247e-02
2.415400e+09, 6.002746e-02, 9.556646e-01, -5.245732e-01, -2.053858e+00, 9.573306e-10, 5.579219e-10, 4.438009e+01, -6.027310e-02
2.419200e+09, 6.236377e-02, 9.555135e-01, -5.474305e-01, -2.067179e+00, 9.283227e-10, 5.577533e-10, 4.449461e+01, -6.508149e-02
2.423000e+09, 6.470121e-02, 9.553573e-01, -5.695952e-01, -2.080496e+00, 9.022957e-10, 5.575795e-10, 4.460413e+01, -6.996457e-02
2.426800e+09, 6.703882e-02, 9.551963e-01, -5.911386e-01, -2.093809e+00, 8.788605e-10, 5.574021e-10, 4.470852e+01, -7.491922e-02
2.430600e+09, 6.937571e-02, 9.550307e-01, -6.121223e-01, -2.107117e+00, 8.576886e-10, 5.572223e-10, 4.480764e+01, -7.994221e-02
2.434400e+09, 7.171107e-02, 9.548607e-01, -6.326006e-01, -2.120421e+00, 8.385013e-10, 5.570416e-10, 4.490138e+01, -8.503029e-02
2.438200e+09, 7.404411e-02, 9.546866e-01, -6.526207e-01, -2.133721e+00, 8.210609e-10, 5.568612e-10, 4.498962e+01, -9.018013e-02
2.442000e+09, 7.637411e-02, 9.545087e-01, -6.722245e-01, -2.147017e+00, 8.051639e-10, 5.566821e-10, 4.507224e+01, -9.538833e-02
2.445800e+09, 7.870038e-02, 9.543271e-01, -6.914486e-01, -2.160309e+00, 7.906351e-10, 5.565052e-10, 4.514913e+01, -1.006514e-01
2.449600e+09, 8.102226e-02, 9.541421e-01, -7.103259e-01, -2.173596e+00, 7.773235e-10, 5.563313e-10, 4.522019e+01, -1.059660e-01
2.453400e+09, 8.333912e-02, 9.539537e-01, -7.288854e-01, -2.186879e+00, 7.650980e-10, 5.561609e-10, 4.528534e+01, -1.113283e-01
2.457200e+09, 8.565035e-02, 9.537622e-01, -7.471529e-01, -2.200158e+00, 7.538444e-10, 5.559944e-10, 4.534447e+01, -1.167350e-01
2.461000e+09, 8.795538e-02, 9.535677e-01, -7.651518e-01, -2.213433e+00, 7.434630e-10, 5.558318e-10, 4.539752e+01, -1.221823e-01
2.464800e+09, 9.025363e-02, 9.533702e-01, -7.829028e-01, -2.226704e+00, 7.338665e-10, 5.556732e-10, 4.544441e+01, -1.276665e-01
2.468600e+09, 9.254456e-02, 9.531698e-01, -8.004247e-01, -2.239971e+00, 7.249781e-10, 5.555182e-10, 4.548507e+01, -1.331839e-01
2.472400e+09, 9.482763e-02, 9.529664e-01, -8.177343e-01, -2.253235e+00, 7.167298e-10, 5.553663e-10, 4.551943e+01, -1.387308e-01
2.476200e+09, 9.710233e-02, 9.527602e-01, -8.348470e-01, -2.266495e+00, 7.090617e-10, 5.552169e-10, 4.554746e+01, -1.443034e-01
2.480000e+09, 9.936813e-02, 9.525511e-01, -8.517767e-01, -2.279751e+00, 7.019204e-10, 5.550689e-10, 4.556911e+01, -1.498979e-01
2.483800e+09, 1.016245e-01, 9.523389e-01, -8.685358e-01, -2.293004e+00, 6.952585e-10, 5.549216e-10, 4.558433e+01, -1.555104e-01
2.487600e+09, 1.038711e-01, 9.521237e-01, -8.851359e-01, -2.306253e+00, 6.890335e-10, 5.547736e-10, 4.559311e+01, -1.611371e-01
2.491400e+09, 1.061072e-01, 9.519054e-01, -9.015873e-01, -2.319499e+00, 6.832075e-10, 5.546238e-10, 4.559542e+01, -1.667742e-01
2.495200e+09, 1.083326e-01, 9.516839e-01, -9.178996e-01, -2.332741e+00, 6.777465e-10, 5.544709e-10, 4.559126e+01, -1.724177e-01
2.499000e+09, 1.105466e-01, 9.514591e-01, -9.340816e-01, -2.345980e+00, 6.726199e-10, 5.543136e-10, 4.558061e+01, -1.780639e-01
2.502800e+09, 1.127488e-01, 9.512309e-01, -9.501411e-01, -2.359215e+00, 6.678001e-10, 5.541507e-10, 4.556349e+01, -1.837089e-01
2.506600e+09, 1.149389e-01, 9.509992e-01, -9.660856e-01, -2.372446e+00, 6.632624e-10, 5.539807e-10, 4.553991e+01, -1.893487e-01
2.510400e+09, 1.171162e-01, 9.507640e-01, -9.819217e-01, -2.385673e+00, 6.589841e-10, 5.538026e-10, 4.550988e+01, -1.949796e-01
2.514200e+09, 1.192805e-01, 9.505252e-01, -9.976557e-01, -2.398895e+00, 6.549450e-10, 5.536152e-10, 4.547344e+01, -2.005977e-01
2.518000e+09, 1.214312e-01, 9.502827e-01, -1.013293e+00, -2.412114e+00, 6.511268e-10, 5.534176e-10, 4.543063e+01, -2.061993e-01
2.521800e+09, 1.235680e-01, 9.500366e-01, -1.028840e+00, -2.425327e+00, 6.475128e-10, 5.532091e-10, 4.538149e+01, -2.117805e-01
2.525600e+09, 1.256903e-01, 9.497868e-01, -1.044300e+00, -2.438535e+00, 6.440877e-10, 5.529890e-10, 4.532608e+01, -2.173376e-01
2.529400e+09, 1.277979e-01, 9.495334e-01, -1.059678e+00, -2.451739e+00, 6.408381e-10, 5.527569e-10, 4.526445e+01, -2.228669e-01
2.533200e+09, 1.298903e-01, 9.492765e-01, -1.074979e+00, -2.464936e+00, 6.377514e-10, 5.525127e-10, 4.519668e+01, -2.283647e-01
2.537000e+09, 1.319671e-01, 9.490162e-01, -1.090206e+00, -2.478128e+00, 6.348163e-10, 5.522564e-10, 4.512283e+01, -2.338274e-01
2.540800e+09, 1.340278e-01, 9.487526e-01, -1.105363e+00, -2.491314e+00, 6.320227e-10, 5.519883e-10, 4.504300e+01, -2.392515e-01
2.544600e+09, 1.360723e-01, 9.484860e-01, -1.120453e+00, -2.504493e+00, 6.293612e-10, 5.517089e-10, 4.495726e+01, -2.446334e-01
2.548400e+09, 1.380999e-01, 9.482165e-01, -1.135480e+00, -2.517666e+00, 6.268235e-10, 5.514189e-10, 4.486572e+01, -2.499697e-01
2.552200e+09, 1.401105e-01, 9.479443e-01, -1.150446e+00, -2.530832e+00, 6.244020e-10, 5.511192e-10, 4.476848e+01, -2.552570e-01
2.556000e+09, 1.421035e-01, 9.476698e-01, -1.165354e+00, -2.543990e+00, 6.220897e-10, 5.508110e-10, 4.466564e+01, -2.604919e-01
2.559800e+09, 1.440787e-01, 9.473933e-01, -1.180207e+00, -2.557142e+00, 6.198803e-10, 5.504955e-10, 4.455731e+01, -2.656712e-01
2.563600e+09, 1.460358e-01, 9.471150e-01, -1.195007e+00, -2.570285e+00, 6.177682e-10, 5.501742e-10, 4.444361e+01, -2.707918e-01
2.567400e+09, 1.479742e-01, 9.468354e-01, -1.209757e+00, -2.583421e+00, 6.157482e-10, 5.498485e-10, 4.432467e+01, -2.758504e-01
2.571200e+09, 1.498939e-01, 9.465547e-01, -1.224459e+00, -2.596549e+00, 6.138156e-10, 5.495201e-10, 4.420060e+01, -2.808441e-01
2.575000e+09, 1.517943e-01, 9.462734e-01, -1.239114e+00, -2.609670e+00, 6.119661e-10, 5.491907e-10, 4.407153e+01, -2.857698e-01
2.578800e+09, 1.536752e-01, 9.459917e-01, -1.253726e+00, -2.622782e+00, 6.101957e-10, 5.488618e-10, 4.393761e+01, -2.906247e-01
2.582600e+09, 1.555362e-01, 9.457102e-01, -1.268295e+00, -2.635887e+00, 6.085008e-10, 5.485351e-10, 4.379896e+01, -2.954059e-01
2.586400e+09, 1.573771e-01, 9.454291e-01, -1.282824e+00, -2.648984e+00, 6.068781e-10, 5.482122e-10, 4.365572e+01, -3.001108e-01
2.590200e+09, 1.591975e-01, 9.451488e-01, -1.297313e+00, -2.662073e+00, 6.053245e-10, 5.478945e-10, 4.350803e+01, -3.047366e-01
2.594000e+09, 1.609971e-01, 9.448696e-01, -1.311766e+00, -2.675155e+00, 6.038371e-10, 5.475834e-10, 4.335605e+01, -3.092806e-01
2.597800e+09, 1.627757e-01, 9.445918e-01, -1.326184e+00, -2.688229e+00, 6.024130e-10, 5.472799e-10, 4.319990e+01, -3.137405e-01
2.601600e+09, 1.645328e-01, 9.443157e-01, -1.340567e+00, -2.701296e+00, 6.010499e-10, 5.469852e-10, 4.303974e+01, -3.181137e-01
2.605400e+09, 1.662682e-01, 9.440416e-01, -1.354918e+00, -2.714356e+00, 5.997452e-10, 5.466999e-10, 4.287573e+01, -3.223979e-01
2.609200e+09, 1.679817e-01, 9.437697e-01, -1.369237e+00, -2.727409e+00, 5.984965e-10, 5.464246e-10, 4.270799e+01, -3.265906e-01
2.613000e+09, 1.696729e-01, 9.435001e-01, -1.383527e+00, -2.740455e+00, 5.973017e-10, 5.461596e-10, 4.253670e+01, -3.306898e-01
2.616800e+09, 1.713415e-01, 9.432331e-01, -1.397788e+00, -2.753495e+00, 5.961585e-10, 5.459051e-10, 4.236199e+01, -3.346932e-01
2.620600e+09, 1.729872e-01, 9.429687e-01, -1.412022e+00, -2.766529e+00, 5.950648e-10, 5.456608e-10, 4.218402e+01, -3.385987e-01
2.624400e+09, 1.746098e-01, 9.427070e-01, -1.426230e+00, -2.779558e+00, 5.940186e-10, 5.454265e-10, 4.200294e+01, -3.424042e-01
2.628200e+09, 1.762090e-01, 9.424482e-01, -1.440413e+00, -2.792580e+00, 5.930179e-10, 5.452015e-10, 4.181890e+01, -3.461078e-01
2.632000e+09, 1.777844e-01, 9.421921e-01, -1.454572e+00, -2.805598e+00, 5.920607e-10, 5.449850e-10, 4.163205e+01, -3.497076e-01
2.635800e+09, 1.793359e-01, 9.419389e-01, -1.468708e+00, -2.818610e+00, 5.911451e-10, 5.447761e-10, 4.144255e+01, -3.532016e-01
2.639600e+09, 1.808631e-01, 9.416884e-01, -1.482822e+00, -2.831617e+00, 5.902693e-10, 5.445736e-10, 4.125053e+01, -3.565883e-01
2.643400e+09, 1.823657e-01, 9.414407e-01, -1.496915e+00, -2.844619e+00, 5.894316e-10, 5.443763e-10, 4.105617e+01, -3.598657e-01
2.647200e+09, 1.838435e-01, 9.411957e-01, -1.510989e+00, -2.857617e+00, 5.886303e-10, 5.441829e-10, 4.085959e+01, -3.630322e-01
2.651000e+09, 1.852963e-01, 9.409533e-01, -1.525043e+00, -2.870610e+00, 5.878637e-10, 5.439921e-10, 4.066095e+01, -3.660864e-01
2.654800e+09, 1.867237e-01, 9.407134e-01, -1.539079e+00, -2.883598e+00, 5.871304e-10, 5.438023e-10, 4.046040e+01, -3.690265e-01
2.658600e+09, 1.881255e-01, 9.404759e-01, -1.553097e+00, -2.896582e+00, 5.864290e-10, 5.436123e-10, 4.025809e+01, -3.718512e-01
2.662400e+09, 1.895014e-01, 9.402409e-01, -1.567099e+00, -2.909561e+00, 5.857581e-10, 5.434208e-10, 4.005415e+01, -3.745590e-01
2.666200e+09, 1.908512e-01, 9.400081e-01, -1.581084e+00, -2.922536e+00, 5.851167e-10, 5.432265e-10, 3.984873e+01, -3.771486e-01
2.670000e+09, 1.921747e-01, 9.397777e-01, -1.595055e+00, -2.935506e+00, 5.845035e-10, 5.430284e-10, 3.964197e+01, -3.796187e-01
2.673800e+09, 1.934715e-01, 9.395495e-01, -1.609010e+00, -2.948472e+00, 5.839178e-10, 5.428255e-10, 3.943402e+01, -3.819680e-01
2.677600e+09, 1.947415e-01, 9.393235e-01, -1.622952e+00, -2.961432e+00, 5.833586e-10, 5.426172e-10, 3.922500e+01, -3.841955e-01
2.681400e+09, 1.959845e-01, 9.390999e-01, -1.636880e+00, -2.974388e+00, 5.828254e-10, 5.424028e-10, 3.901506e+01, -3.862999e-01
2.685200e+09, 1.972002e-01, 9.388786e-01, -1.650796e+00, -2.987338e+00, 5.823177e-10, 5.421822e-10, 3.880432e+01, -3.882803e-01
2.689000e+09, 1.983885e-01, 9.386597e-01, -1.664700e+00, -3.000283e+00, 5.818350e-10, 5.419552e-10, 3.859293e+01, -3.901355e-01
2.692800e+09, 1.995490e-01, 9.384434e-01, -1.678591e+00, -3.013223e+00, 5.813771e-10, 5.417220e-10, 3.838101e+01, -3.918648e-01
2.696600e+09, 2.006816e-01, 9.382298e-01, -1.692472e+00, -3.026157e+00, 5.809438e-10, 5.414832e-10, 3.816868e+01, -3.934672e-01
2.700400e+09, 2.017862e-01, 9.380191e-01, -1.706343e+00, -3.039086e+00, 5.805352e-10, 5.412393e-10, 3.795607e+01, -3.949418e-01
2.704200e+09, 2.028624e-01, 9.378116e-01, -1.720204e+00, -3.052009e+00, 5.801514e-10, 5.409913e-10, 3.774331e+01, -3.962879e-01
2.708000e+09, 2.039103e-01, 9.376075e-01, -1.734056e+00, -3.064925e+00, 5.797924e-10, 5.407402e-10, 3.753051e+01, -3.975047e-01
2.711800e+09, 2.049294e-01, 9.374070e-01, -1.747899e+00, -3.077836e+00, 5.794588e-10, 5.404875e-10, 3.731779e+01, -3.985915e-01
2.715600e+09, 2.059198e-01, 9.372105e-01, -1.761734e+00, -3.090741e+00, 5.791506e-10, 5.402346e-10, 3.710527e+01, -3.995478e-01
2.719400e+09, 2.068812e-01, 9.370183e-01, -1.775562e+00, -3.103640e+00, 5.788684e-10, 5.399830e-10, 3.689305e+01, -4.003728e-01
2.723200e+09, 2.078135e-01, 9.368308e-01, -1.789383e+00, -3.116532e+00, 5.786126e-10, 5.397345e-10, 3.668125e+01, -4.010660e-01
2.727000e+09, 2.087165e-01, 9.366482e-01, -1.803198e+00, -3.129419e+00, 5.783835e-10, 5.394908e-10, 3.646998e+01, -4.016269e-01
2.730800e+09, 2.095900e-01, 9.364709e-01, -1.817008e+00, 3.140885e+00, 5.781818e-10, 5.392538e-10, 3.625934e+01, -4.020550e-01
2.734600e+09, 2.104340e-01, 9.362993e-01, -1.830812e+00, 3.128010e+00, 5.780076e-10, 5.390251e-10, 3.604943e+01, -4.023498e-01
2.738400e+09, 2.112481e-01, 9.361337e-01, -1.844613e+00, 3.115140e+00, 5.778616e-10, 5.388064e-10, 3.584035e+01, -4.025110e-01
2.742200e+09, 2.120324e-01, 9.359743e-01, -1.858410e+00, 3.102276e+00, 5.777439e-10, 5.385994e-10, 3.563221e+01, -4.025381e-01
2.746000e+09, 2.127866e-01, 9.358216e-01, -1.872204e+00, 3.089416e+00, 5.776549e-10, 5.384056e-10, 3.542509e+01, -4.024307e-01
2.749800e+09, 2.135107e-01, 9.356758e-01, -1.885997e+00, 3.076561e+00, 5.775949e-10, 5.382261e-10, 3.521910e+01, -4.021885e-01
2.753600e+09, 2.142043e-01, 9.355371e-01, -1.899787e+00, 3.063710e+00, 5.775639e-10, 5.380621e-10, 3.501432e+01, -4.018112e-01
2.757400e+09, 2.148675e-01, 9.354057e-01, -1.913577e+00, 3.050863e+00, 5.775621e-10, 5.379144e-10, 3.481085e+01, -4.012986e-01
2.761200e+09, 2.155000e-01, 9.352819e-01, -1.927367e+00, 3.038020e+00, 5.775893e-10, 5.377838e-10, 3.460877e+01, -4.006504e-01
2.765000e+09, 2.161018e-01, 9.351656e-01, -1.941158e+00, 3.025180e+00, 5.776456e-10, 5.376705e-10, 3.440817e+01, -3.998664e-01
2.768800e+09, 2.166726e-01, 9.350571e-01, -1.954950e+00, 3.012342e+00, 5.777307e-10, 5.375747e-10, 3.420914e+01, -3.989464e-01
2.772600e+09, 2.172123e-01, 9.349564e-01, -1.968744e+00, 2.999507e+00, 5.778444e-10, 5.374961e-10, 3.401176e+01, -3.978903e-01
2.776400e+09, 2.177208e-01, 9.348635e-01, -1.982540e+00, 2.986674e+00, 5.779862e-10, 5.374344e-10, 3.381612e+01, -3.966979e-01
2.780200e+09, 2.181978e-01, 9.347784e-01, -1.996340e+00, 2.973842e+00, 5.781559e-10, 5.373889e-10, 3.362230e+01, -3.953693e-01
2.784000e+09, 2.186434e-01, 9.347009e-01, -2.010145e+00, 2.961011e+00, 5.783530e-10, 5.373587e-10, 3.343038e+01, -3.939043e-01
2.787800e+09, 2.190572e-01, 9.346311e-01, -2.023953e+00, 2.948181e+00, 5.785769e-10, 5.373425e-10, 3.324044e+01, -3.923030e-01
2.791600e+09, 2.194393e-01, 9.345688e-01, -2.037767e+00, 2.935352e+00, 5.788272e-10, 5.373392e-10, 3.305256e+01, -3.905654e-01
2.795400e+09, 2.197893e-01, 9.345137e-01, -2.051588e+00, 2.922522e+00, 5.791034e-10, 5.373473e-10, 3.286681e+01, -3.886917e-01
2.799200e+09, 2.201073e-01, 9.344659e-01, -2.065414e+00, 2.909692e+00, 5.794049e-10, 5.373652e-10, 3.268328e+01, -3.866821e-01
2.803000e+09, 2.203930e-01, 9.344249e-01, -2.079248e+00, 2.896862e+00, 5.797314e-10, 5.373911e-10, 3.250204e+01, -3.845368e-01
2.806800e+09, 2.206463e-01, 9.343908e-01, -2.093090e+00, 2.884031e+00, 5.800823e-10, 5.374236e-10, 3.232317e+01, -3.822561e-01
2.810600e+09, 2.208671e-01, 9.343631e-01, -2.106940e+00, 2.871200e+00, 5.804574e-10, 5.374609e-10, 3.214674e+01, -3.798403e-01
2.814400e+09, 2.210553e-01, 9.343418e-01, -2.120799e+00, 2.858367e+00, 5.808564e-10, 5.375013e-10, 3.197283e+01, -3.772899e-01
2.818200e+09, 2.212108e-01, 9.343267e-01, -2.134668e+00, 2.845534e+00, 5.812791e-10, 5.375434e-10, 3.180150e+01, -3.746053e-01
2.822000e+09, 2.213334e-01, 9.343175e-01, -2.148546e+00, 2.832699e+00, 5.817254e-10, 5.375858e-10, 3.163284e+01, -3.717873e-01
2.825800e+09, 2.214230e-01, 9.343141e-01, -2.162436e+00, 2.819864e+00, 5.821956e-10, 5.376272e-10, 3.146691e+01, -3.688363e-01
2.829600e+09, 2.214796e-01, 9.343163e-01, -2.176336e+00, 2.807027e+00, 5.826896e-10, 5.376667e-10, 3.130378e+01, -3.657532e-01
2.833400e+09, 2.215031e-01, 9.343241e-01, -2.190249e+00, 2.794190e+00, 5.832080e-10, 5.377035e-10, 3.114352e+01, -3.625388e-01
2.837200e+09, 2.214934e-01, 9.343374e-01, -2.204173e+00, 2.781352e+00, 5.837513e-10, 5.377371e-10, 3.098620e+01, -3.591940e-01
2.841000e+09, 2.214503e-01, 9.343561e-01, -2.218111e+00, 2.768513e+00, 5.843200e-10, 5.377672e-10, 3.083190e+01, -3.557198e-01
2.844800e+09, 2.213739e-01, 9.343803e-01, -2.232062e+00, 2.755673e+00, 5.849150e-10, 5.377938e-10, 3.068066e+01, -3.521174e-01
2.848600e+09, 2.212642e-01, 9.344098e-01, -2.246028e+00, 2.742833e+00, 5.855372e-10, 5.378173e-10, 3.053257e+01, -3.483877e-01
2.852400e+09, 2.211209e-01, 9.344449e-01, -2.260008e+00, 2.729992e+00, 5.861878e-10, 5.378383e-10, 3.038768e+01, -3.445323e-01
2.856200e+09, 2.209442e-01, 9.344855e-01, -2.274004e+00, 2.717150e+00, 5.868680e-10, 5.378576e-10, 3.024606e+01, -3.405523e-01
2.860000e+09, 2.207340e-01, 9.345319e-01, -2.288016e+00, 2.704308e+00, 5.875791e-10, 5.378763e-10, 3.010777e+01, -3.364494e-01
2.863800e+09, 2.204902e-01, 9.345842e-01, -2.302045e+00, 2.691466e+00, 5.883226e-10, 5.378957e-10, 2.997287e+01, -3.322250e-01
2.867600e+09, 2.202128e-01, 9.346425e-01, -2.316092e+00, 2.678623e+00, 5.891001e-10, 5.379173e-10, 2.984142e+01, -3.278808e-01
2.871400e+09, 2.199019e-01, 9.347071e-01, -2.330158e+00, 2.665779e+00, 5.899131e-10, 5.379428e-10, 2.971348e+01, -3.234185e-01
2.875200e+09, 2.195573e-01, 9.347782e-01, -2.344242e+00, 2.652936e+00, 5.907635e-10, 5.379740e-10, 2.958911e+01, -3.188400e-01
2.879000e+09, 2.191792e-01, 9.348560e-01, -2.358348e+00, 2.640091e+00, 5.916530e-10, 5.380127e-10, 2.946837e+01, -3.141472e-01
2.882800e+09, 2.187674e-01, 9.349407e-01, -2.372474e+00, 2.627245e+00, 5.925833e-10, 5.380607e-10, 2.935131e+01, -3.093423e-01
2.886600e+09, 2.183221e-01, 9.350326e-01, -2.386623e+00, 2.614398e+00, 5.935563e-10, 5.381200e-10, 2.923799e+01, -3.044272e-01
2.890400e+09, 2.178432e-01, 9.351318e-01, -2.400794e+00, 2.601550e+00, 5.945739e-10, 5.381921e-10, 2.912846e+01, -2.994042e-01
2.894200e+09, 2.173307e-01, 9.352386e-01, -2.414990e+00, 2.588700e+00, 5.956378e-10, 5.382789e-10, 2.902278e+01, -2.942757e-01
2.898000e+09, 2.167846e-01, 9.353530e-01, -2.429212e+00, 2.575848e+00, 5.967498e-10, 5.383817e-10, 2.892100e+01, -2.890442e-01
2.901800e+09, 2.162049e-01, 9.354754e-01, -2.443460e+00, 2.562994e+00, 5.979116e-10, 5.385019e-10, 2.882317e+01, -2.837120e-01
2.905600e+09, 2.155916e-01, 9.356056e-01, -2.457736e+00, 2.550136e+00, 5.991251e-10, 5.386404e-10, 2.872935e+01, -2.782819e-01
2.909400e+09, 2.149448e-01, 9.357439e-01, -2.472041e+00, 2.537276e+00, 6.003919e-10, 5.387981e-10, 2.863958e+01, -2.727567e-01
2.913200e+09, 2.142644e-01, 9.358902e-01, -2.486376e+00, 2.524411e+00, 6.017135e-10, 5.389753e-10, 2.855392e+01, -2.671391e-01
2.917000e+09, 2.135505e-01, 9.360445e-01, -2.500742e+00, 2.511543e+00, 6.030917e-10, 5.391724e-10, 2.847242e+01, -2.614321e-01
2.920800e+09, 2.128030e-01, 9.362067e-01, -2.515142e+00, 2.498669e+00, 6.045280e-10, 5.393891e-10, 2.839513e+01, -2.556387e-01
2.924600e+09, 2.120220e-01, 9.363768e-01, -2.529575e+00, 2.485791e+00, 6.060239e-10, 5.396249e-10, 2.832209e+01, -2.497623e-01
2.928400e+09, 2.112075e-01, 9.365544e-01, -2.544045e+00, 2.472907e+00, 6.075809e-10, 5.398791e-10, 2.825336e+01, -2.438059e-01
2.932200e+09, 2.103594e-01, 9.367394e-01, -2.558552e+00, 2.460017e+00, 6.092005e-10, 5.401506e-10, 2.818898e+01, -2.377731e-01
2.936000e+09, 2.094778e-01, 9.369316e-01, -2.573097e+00, 2.447120e+00, 6.108842e-10, 5.404381e-10, 2.812900e+01, -2.316672e-01
2.939800e+09, 2.085628e-01, 9.371306e-01, -2.587682e+00, 2.434216e+00, 6.126336e-10, 5.407399e-10, 2.807346e+01, -2.254921e-01
2.943600e+09, 2.076142e-01, 9.373360e-01, -2.602310e+00, 2.421306e+00, 6.144501e-10, 5.410542e-10, 2.802242e+01, -2.192513e-01
2.947400e+09, 2.066322e-01, 9.375477e-01, -2.616980e+00, 2.408387e+00, 6.163356e-10, 5.413792e-10, 2.797592e+01, -2.129487e-01
2.951200e+09, 2.056168e-01, 9.377650e-01, -2.631696e+00, 2.395461e+00, 6.182917e-10, 5.417127e-10, 2.793400e+01, -2.065883e-01
2.955000e+09, 2.045679e-01, 9.379878e-01, -2.646459e+00, 2.382527e+00, 6.203203e-10, 5.420525e-10, 2.789671e+01, -2.001742e-01
2.958800e+09, 2.034857e-01, 9.382154e-01, -2.661269e+00, 2.369585e+00, 6.224234e-10, 5.423964e-10, 2.786409e+01, -1.937104e-01
2.962600e+09, 2.023701e-01, 9.384476e-01, -2.676130e+00, 2.356635e+00, 6.246031e-10, 5.427424e-10, 2.783617e+01, -1.872014e-01
2.966400e+09, 2.012211e-01, 9.386838e-01, -2.691044e+00, 2.343676e+00, 6.268619e-10, 5.430883e-10, 2.781301e+01, -1.806515e-01
2.970200e+09, 2.000390e-01, 9.389238e-01, -2.706011e+00, 2.330709e+00, 6.292023e-10, 5.434323e-10, 2.779463e+01, -1.740652e-01
2.974000e+09, 1.988236e-01, 9.391671e-01, -2.721033e+00, 2.317734e+00, 6.316271e-10, 5.437726e-10, 2.778109e+01, -1.674470e-01
2.977800e+09, 1.975751e-01, 9.394134e-01, -2.736114e+00, 2.304751e+00, 6.341395e-10, 5.441076e-10, 2.777240e+01, -1.608016e-01
2.981600e+09, 1.962936e-01, 9.396624e-01, -2.751255e+00, 2.291760e+00, 6.367428e-10, 5.444362e-10, 2.776861e+01, -1.541338e-01
2.985400e+09, 1.949790e-01, 9.399138e-01, -2.766458e+00, 2.278761e+00, 6.394408e-10, 5.447572e-10, 2.776975e+01, -1.474484e-01
2.989200e+09, 1.936316e-01, 9.401673e-01, -2.781725e+00, 2.265754e+00, 6.422376e-10, 5.450702e-10, 2.777585e+01, -1.407502e-01
2.993000e+09, 1.922515e-01, 9.404227e-01, -2.797059e+00, 2.252740e+00, 6.451375e-10, 5.453746e-10, 2.778695e+01, -1.340443e-01
2.996800e+09, 1.908387e-01, 9.406800e-01, -2.812463e+00, 2.239719e+00, 6.481453e-10, 5.456706e-10, 2.780306e+01, -1.273356e-01
3.000600e+09, 1.893934e-01, 9.409389e-01, -2.827938e+00, 2.226690e+00, 6.512664e-10, 5.459585e-10, 2.782421e+01, -1.206293e-01
3.004400e+09, 1.879156e-01, 9.411994e-01, -2.843488e+00, 2.213655e+00, 6.545062e-10, 5.462388e-10, 2.785043e+01, -1.139303e-01
3.008200e+09, 1.864057e-01, 9.414616e-01, -2.859115e+00, 2.200613e+00, 6.578710e-10, 5.465126e-10, 2.788174e+01, -1.072437e-01
3.012000e+09, 1.848637e-01, 9.417253e-01, -2.874822e+00, 2.187564e+00, 6.613671e-10, 5.467810e-10, 2.791816e+01, -1.005749e-01
3.015800e+09, 1.832898e-01, 9.419907e-01, -2.890613e+00, 2.174509e+00, 6.650018e-10, 5.470455e-10, 2.795970e+01, -9.392879e-02
3.019600e+09, 1.816842e-01, 9.422578e-01, -2.906491e+00, 2.161448e+00, 6.687825e-10, 5.473078e-10, 2.800639e+01, -8.731065e-02
3.023400e+09, 1.800470e-01, 9.425267e-01, -2.922459e+00, 2.148380e+00, 6.727172e-10, 5.475697e-10, 2.805823e+01, -8.072561e-02
3.027200e+09, 1.783786e-01, 9.427975e-01, -2.938520e+00, 2.135307e+00, 6.768148e-10, 5.478330e-10, 2.811524e+01, -7.417881e-02
3.031000e+09, 1.766790e-01, 9.430704e-01, -2.954680e+00, 2.122226e+00, 6.810845e-10, 5.480998e-10, 2.817742e+01, -6.767537e-02
3.034800e+09, 1.749486e-01, 9.433455e-01, -2.970942e+00, 2.109140e+00, 6.855362e-10, 5.483719e-10, 2.824479e+01, -6.122039e-02
3.038600e+09, 1.731876e-01, 9.436228e-01, -2.987310e+00, 2.096047e+00, 6.901805e-10, 5.486513e-10, 2.831734e+01, -5.481894e-02
3.042400e+09, 1.713963e-01, 9.439026e-01, -3.003789e+00, 2.082947e+00, 6.950288e-10, 5.489398e-10, 2.839509e+01, -4.847602e-02
3.046200e+09, 1.695748e-01, 9.441848e-01, -3.020383e+00, 2.069841e+00, 7.000935e-10, 5.492389e-10, 2.847803e+01, -4.219663e-02
3.050000e+09, 1.677236e-01, 9.444695e-01, -3.037099e+00, 2.056727e+00, 7.053874e-10, 5.495502e-10, 2.856616e+01, -3.598568e-02
3.053800e+09, 1.658428e-01, 9.447568e-01, -3.053941e+00, 2.043606e+00, 7.109248e-10, 5.498748e-10, 2.865949e+01, -2.984804e-02
3.057600e+09, 1.639329e-01, 9.450467e-01, -3.070915e+00, 2.030477e+00, 7.167208e-10, 5.502136e-10, 2.875799e+01, -2.378853e-02
3.061400e+09, 1.619941e-01, 9.453390e-01, -3.088027e+00, 2.017340e+00, 7.227916e-10, 5.505671e-10, 2.886167e+01, -1.781187e-02
3.065200e+09, 1.600268e-01, 9.456336e-01, -3.105285e+00, 2.004195e+00, 7.291549e-10, 5.509357e-10, 2.897052e+01, -1.192274e-02
3.069000e+09, 1.580313e-01, 9.459305e-01, -3.122694e+00, 1.991041e+00, 7.358297e-10, 5.513193e-10, 2.908453e+01, -6.125713e-03
3.072800e+09, 1.560081e-01, 9.462293e-01, -3.140263e+00, 1.977877e+00, 7.428366e-10, 5.517175e-10, 2.920367e+01, -4.253042e-04
3.076600e+09, 1.539575e-01, 9.465299e-01, 3.125187e+00, 1.964704e+00, 7.501980e-10, 5.521296e-10, 2.932795e+01, 5.174066e-03
3.080400e+09, 1.518800e-01, 9.468319e-01, 3.107275e+00, 1.951522e+00, 7.579382e-10, 5.525544e-10, 2.945732e+01, 1.066806e-02
3.084200e+09, 1.497760e-01, 9.471350e-01, 3.089178e+00, 1.938329e+00, 7.660836e-10, 5.529907e-10, 2.959179e+01, 1.605245e-02
3.088000e+09, 1.476460e-01, 9.474388e-01, 3.070887e+00, 1.925126e+00, 7.746631e-10, 5.534367e-10, 2.973132e+01, 2.132308e-02
3.091800e+09, 1.454904e-01, 9.477428e-01, 3.052391e+00, 1.911912e+00, 7.837081e-10, 5.538908e-10, 2.987588e+01, 2.647592e-02
3.095600e+09, 1.433099e-01, 9.480467e-01, 3.033679e+00, 1.898687e+00, 7.932530e-10, 5.543507e-10, 3.002546e+01, 3.150701e-02
3.099400e+09, 1.411050e-01, 9.483498e-01, 3.014739e+00, 1.885451e+00, 8.033355e-10, 5.548143e-10, 3.018001e+01, 3.641254e-02
3.103200e+09, 1.388762e-01, 9.486517e-01, 2.995559e+00, 1.872204e+00, 8.139970e-10, 5.552793e-10, 3.033951e+01, 4.118875e-02
3.107000e+09, 1.366242e-01, 9.489518e-01, 2.976124e+00, 1.858946e+00, 8.252826e-10, 5.557434e-10, 3.050392e+01, 4.583206e-02
3.110800e+09, 1.343497e-01, 9.492497e-01, 2.956419e+00, 1.845677e+00, 8.372422e-10, 5.562042e-10, 3.067321e+01, 5.033894e-02
3.114600e+09, 1.320534e-01, 9.495448e-01, 2.936429e+00, 1.832397e+00, 8.499304e-10, 5.566595e-10, 3.084732e+01, 5.470602e-02
3.118400e+09, 1.297360e-01, 9.498366e-01, 2.916136e+00, 1.819107e+00, 8.634075e-10, 5.571070e-10, 3.102622e+01, 5.893002e-02
3.122200e+09, 1.273983e-01, 9.501246e-01, 2.895521e+00, 1.805805e+00, 8.777397e-10, 5.575448e-10, 3.120986e+01, 6.300779e-02
3.126000e+09, 1.250412e-01, 9.504083e-01, 2.874564e+00, 1.792493e+00, 8.930002e-10, 5.579710e-10, 3.139819e+01, 6.693630e-02
3.129800e+09, 1.226656e-01, 9.506874e-01, 2.853243e+00, 1.779171e+00, 9.092695e-10, 5.583840e-10, 3.159116e+01, 7.071264e-02
3.133600e+09, 1.202725e-01, 9.509613e-01, 2.831533e+00, 1.765839e+00, 9.266366e-10, 5.587825e-10, 3.178872e+01, 7.433401e-02
3.137400e+09, 1.178629e-01, 9.512297e-01, 2.809409e+00, 1.752497e+00, 9.452000e-10, 5.591655e-10, 3.199080e+01, 7.779773e-02
3.141200e+09, 1.154378e-01, 9.514923e-01, 2.786841e+00, 1.739147e+00, 9.650681e-10, 5.595323e-10, 3.219734e+01, 8.110124e-02
3.145000e+09, 1.129986e-01, 9.517489e-01, 2.763799e+00, 1.725787e+00, 9.863614e-10, 5.598824e-10, 3.240829e+01, 8.424212e-02
3.148800e+09, 1.105465e-01, 9.519992e-01, 2.740248e+00, 1.712419e+00, 1.009213e-09, 5.602158e-10, 3.262358e+01, 8.721802e-02
3.152600e+09, 1.080827e-01, 9.522430e-01, 2.716152e+00, 1.699044e+00, 1.033770e-09, 5.605327e-10, 3.284313e+01, 9.002674e-02
3.156400e+09, 1.056089e-01, 9.524801e-01, 2.691470e+00, 1.685660e+00, 1.060195e-09, 5.608336e-10, 3.306687e+01, 9.266617e-02
3.160200e+09, 1.031267e-01, 9.527106e-01, 2.666157e+00, 1.672270e+00, 1.088669e-09, 5.611193e-10, 3.329473e+01, 9.513431e-02
3.164000e+09, 1.006376e-01, 9.529343e-01, 2.640163e+00, 1.658872e+00, 1.119392e-09, 5.613909e-10, 3.352663e+01, 9.742928e-02
3.167800e+09, 9.814374e-02, 9.531513e-01, 2.613437e+00, 1.645469e+00, 1.152585e-09, 5.616498e-10, 3.376249e+01, 9.954928e-02
3.171600e+09, 9.564702e-02, 9.533615e-01, 2.585918e+00, 1.632059e+00, 1.188493e-09, 5.618972e-10, 3.400222e+01, 1.014926e-01
3.175400e+09, 9.314972e-02, 9.535651e-01, 2.557541e+00, 1.618643e+00, 1.227385e-09, 5.621350e-10, 3.424573e+01, 1.032577e-01
3.179200e+09, 9.065429e-02, 9.537620e-01, 2.528236e+00, 1.605221e+00, 1.269557e-09, 5.623647e-10, 3.449293e+01, 1.048430e-01
3.183000e+09, 8.816341e-02, 9.539524e-01, 2.497924e+00, 1.591794e+00, 1.315336e-09, 5.625882e-10, 3.474372e+01, 1.062471e-01
3.186800e+09, 8.568006e-02, 9.541363e-01, 2.466519e+00, 1.578362e+00, 1.365078e-09, 5.628071e-10, 3.499801e+01, 1.074687e-01
3.190600e+09, 8.320750e-02, 9.543139e-01, 2.433926e+00, 1.564924e+00, 1.419168e-09, 5.630232e-10, 3.525569e+01, 1.085065e-01
3.194400e+09, 8.074938e-02, 9.544851e-01, 2.400042e+00, 1.551481e+00, 1.478023e-09, 5.632382e-10, 3.551664e+01, 1.093594e-01
3.198200e+09, 7.830970e-02, 9.546501e-01, 2.364752e+00, 1.538033e+00, 1.542085e-09, 5.634533e-10, 3.578077e+01, 1.100262e-01
3.202000e+09, 7.589297e-02, 9.548090e-01, 2.327933e+00, 1.524580e+00, 1.611818e-09, 5.636701e-10, 3.604794e+01, 1.105059e-01
3.205800e+09, 7.350416e-02, 9.549617e-01, 2.289449e+00, 1.511122e+00, 1.687698e-09, 5.638895e-10, 3.631804e+01, 1.107976e-01
3.209600e+09, 7.114888e-02, 9.551082e-01, 2.249154e+00, 1.497658e+00, 1.770197e-09, 5.641123e-10, 3.659093e+01, 1.109005e-01
3.213400e+09, 6.883334e-02, 9.552485e-01, 2.206888e+00, 1.484190e+00, 1.859760e-09, 5.643391e-10, 3.686649e+01, 1.108137e-01
3.217200e+09, 6.656451e-02, 9.553824e-01, 2.162484e+00, 1.470715e+00, 1.956778e-09, 5.645701e-10, 3.714456e+01, 1.105365e-01
3.221000e+09, 6.435020e-02, 9.555100e-01, 2.115764e+00, 1.457236e+00, 2.061534e-09, 5.648053e-10, 3.742502e+01, 1.100683e-01
3.224800e+09, 6.219906e-02, 9.556309e-01, 2.066543e+00, 1.443750e+00, 2.174150e-09, 5.650443e-10, 3.770770e+01, 1.094086e-01
3.228600e+09, 6.012078e-02, 9.557450e-01, 2.014633e+00, 1.430259e+00, 2.294509e-09, 5.652865e-10, 3.799245e+01, 1.085569e-01
3.232400e+09, 5.812603e-02, 9.558520e-01, 1.959849e+00, 1.416762e+00, 2.422154e-09, 5.655309e-10, 3.827909e+01, 1.075129e-01
3.236200e+09, 5.622659e-02, 9.559517e-01, 1.902017e+00, 1.403260e+00, 2.556180e-09, 5.657762e-10, 3.856746e+01, 1.062762e-01
3.240000e+09, 5.443531e-02, 9.560437e-01, 1.840985e+00, 1.389751e+00, 2.695107e-09, 5.660210e-10, 3.885738e+01, 1.048468e-01
3.243800e+09, 5.276603e-02, 9.561276e-01, 1.776637e+00, 1.376237e+00, 2.836766e-09, 5.662636e-10, 3.914867e+01, 1.032245e-01
3.247600e+09, 5.123350e-02, 9.562032e-01, 1.708906e+00, 1.362717e+00, 2.978205e-09, 5.665019e-10, 3.944111e+01, 1.014094e-01
3.251400e+09, 4.985307e-02, 9.562699e-01, 1.637798e+00, 1.349191e+00, 3.115656e-09, 5.667341e-10, 3.973452e+01, 9.940160e-02
3.255200e+09, 4.864037e-02, 9.563274e-01, 1.563408e+00, 1.335659e+00, 3.244607e-09, 5.669578e-10, 4.002869e+01, 9.720150e-02
3.259000e+09, 4.761081e-02, 9.563753e-01, 1.485940e+00, 1.322123e+00, 3.360002e-09, 5.671708e-10, 4.032340e+01, 9.480946e-02
3.262800e+09, 4.677896e-02, 9.564130e-01, 1.405716e+00, 1.308581e+00, 3.456597e-09, 5.673710e-10, 4.061842e+01, 9.222603e-02
3.266600e+09, 4.615785e-02, 9.564403e-01, 1.323186e+00, 1.295034e+00, 3.529451e-09, 5.675560e-10, 4.091352e+01, 8.945189e-02
3.270400e+09, 4.575827e-02, 9.564567e-01, 1.238916e+00, 1.281483e+00, 3.574491e-09, 5.677238e-10, 4.120848e+01, 8.648786e-02
3.274200e+09, 4.558807e-02, 9.564619e-01, 1.153571e+00, 1.267928e+00, 3.589047e-09, 5.678724e-10, 4.150303e+01, 8.333492e-02
3.278000e+09, 4.565168e-02, 9.564555e-01, 1.067879e+00, 1.254369e+00, 3.572234e-09, 5.679998e-10, 4.179693e+01, 7.999419e-02
3.281800e+09, 4.594978e-02, 9.564371e-01, 9.825878e-01, 1.240808e+00, 3.525081e-09, 5.681045e-10, 4.208993e+01, 7.646694e-02
3.285600e+09, 4.647933e-02, 9.564066e-01, 8.984226e-01, 1.227244e+00, 3.450379e-09, 5.681850e-10, 4.238175e+01, 7.275459e-02
3.289400e+09, 4.723380e-02, 9.563636e-01, 8.160410e-01, 1.213678e+00, 3.352286e-09, 5.682402e-10, 4.267213e+01, 6.885874e-02
3.293200e+09, 4.820370e-02, 9.563081e-01, 7.360015e-01, 1.200110e+00, 3.235786e-09, 5.682694e-10, 4.296080e+01, 6.478112e-02
3.297000e+09, 4.937718e-02, 9.562399e-01, 6.587435e-01, 1.186542e+00, 3.106122e-09, 5.682719e-10, 4.324748e+01, 6.052363e-02
3.300800e+09, 5.074080e-02, 9.561589e-01, 5.845814e-01, 1.172974e+00, 2.968320e-09, 5.682476e-10, 4.353187e+01, 5.608833e-02
3.304600e+09, 5.228017e-02, 9.560652e-01, 5.137095e-01, 1.159407e+00, 2.826839e-09, 5.681965e-10, 4.381370e+01, 5.147744e-02
3.308400e+09, 5.398056e-02, 9.559587e-01, 4.462156e-01, 1.145840e+00, 2.685384e-09, 5.681192e-10, 4.409268e+01, 4.669333e-02
3.312200e+09, 5.582740e-02, 9.558397e-01, 3.820991e-01, 1.132276e+00, 2.546845e-09, 5.680163e-10, 4.436850e+01, 4.173852e-02
3.316000e+09, 5.780668e-02, 9.557082e-01, 3.212904e-01, 1.118714e+00, 2.413336e-09, 5.678889e-10, 4.464089e+01, 3.661571e-02
3.319800e+09, 5.990511e-02, 9.555644e-01, 2.636693e-01, 1.105155e+00, 2.286287e-09, 5.677384e-10, 4.490952e+01, 3.132772e-02
3.323600e+09, 6.211035e-02, 9.554087e-01, 2.090817e-01, 1.091599e+00, 2.166566e-09, 5.675662e-10, 4.517412e+01, 2.587752e-02
3.327400e+09, 6.441105e-02, 9.552413e-01, 1.573525e-01, 1.078048e+00, 2.054598e-09, 5.673742e-10, 4.543438e+01, 2.026826e-02
3.331200e+09, 6.679686e-02, 9.550625e-01, 1.082967e-01, 1.064502e+00, 1.950483e-09, 5.671643e-10, 4.568999e+01, 1.450319e-02
3.335000e+09, 6.925838e-02, 9.548728e-01, 6.172678e-02, 1.050960e+00, 1.854083e-09, 5.669385e-10, 4.594067e+01, 8.585739e-03
3.338800e+09, 7.178717e-02, 9.546725e-01, 1.745851e-02, 1.037424e+00, 1.765103e-09, 5.666991e-10, 4.618610e+01, 2.519445e-03
3.342600e+09, 7.437559e-02, 9.544620e-01, -2.468528e-02, 1.023893e+00, 1.683152e-09, 5.664481e-10, 4.642600e+01, -3.691998e-03
3.346400e+09, 7.701680e-02, 9.542418e-01, -6.487240e-02, 1.010368e+00, 1.607781e-09, 5.661879e-10, 4.666008e+01, -1.004477e-02
3.350200e+09, 7.970467e-02, 9.540122e-01, -1.032599e-01, 9.968501e-01, 1.538517e-09, 5.659205e-10, 4.688802e+01, -1.653491e-02
3.354000e+09, 8.243366e-02, 9.537737e-01, -1.399937e-01, 9.833381e-01, 1.474886e-09, 5.656480e-10, 4.710956e+01, -2.315833e-02
3.357800e+09, 8.519881e-02, 9.535267e-01, -1.752083e-01, 9.698326e-01, 1.416428e-09, 5.653724e-10, 4.732441e+01, -2.991082e-02
3.361600e+09, 8.799565e-02, 9.532716e-01, -2.090271e-01, 9.563337e-01, 1.362702e-09, 5.650955e-10, 4.753227e+01, -3.678803e-02
3.365400e+09, 9.082012e-02, 9.530087e-01, -2.415631e-01, 9.428414e-01, 1.313296e-09, 5.648187e-10, 4.773289e+01, -4.378547e-02
3.369200e+09, 9.366857e-02, 9.527384e-01, -2.729195e-01, 9.293558e-01, 1.267826e-09, 5.645436e-10, 4.792598e+01, -5.089856e-02
3.373000e+09, 9.653767e-02, 9.524610e-01, -3.031902e-01, 9.158767e-01, 1.225941e-09, 5.642711e-10, 4.811129e+01, -5.812256e-02
3.376800e+09, 9.942438e-02, 9.521767e-01, -3.324609e-01, 9.024041e-01, 1.187317e-09, 5.640022e-10, 4.828856e+01, -6.545261e-02
3.380600e+09, 1.023259e-01, 9.518859e-01, -3.608094e-01, 8.889379e-01, 1.151661e-09, 5.637373e-10, 4.845755e+01, -7.288375e-02
3.384400e+09, 1.052398e-01, 9.515886e-01, -3.883066e-01, 8.754780e-01, 1.118706e-09, 5.634768e-10, 4.861801e+01, -8.041088e-02
3.388200e+09, 1.081636e-01, 9.512851e-01, -4.150169e-01, 8.620244e-01, 1.088208e-09, 5.632207e-10, 4.876972e+01, -8.802878e-02
3.392000e+09, 1.110952e-01, 9.509754e-01, -4.409991e-01, 8.485769e-01, 1.059950e-09, 5.629687e-10, 4.891246e+01, -9.573212e-02
3.395800e+09, 1.140326e-01, 9.506597e-01, -4.663066e-01, 8.351354e-01, 1.033732e-09, 5.627202e-10, 4.904602e+01, -1.035154e-01
3.399600e+09, 1.169739e-01, 9.503379e-01, -4.909880e-01, 8.216998e-01, 1.009376e-09, 5.624745e-10, 4.917020e+01, -1.113732e-01
3.403400e+09, 1.199173e-01, 9.500101e-01, -5.150880e-01, 8.082701e-01, 9.867186e-10, 5.622305e-10, 4.928483e+01, -1.192998e-01
3.407200e+09, 1.228612e-01, 9.496763e-01, -5.386470e-01, 7.948463e-01, 9.656143e-10, 5.619872e-10, 4.938973e+01, -1.272894e-01
3.411000e+09, 1.258040e-01, 9.493364e-01, -5.617021e-01, 7.814282e-01, 9.459300e-10, 5.617430e-10, 4.948475e+01, -1.353361e-01
3.414800e+09, 1.287444e-01, 9.489902e-01, -5.842872e-01, 7.680160e-01, 9.275459e-10, 5.614967e-10, 4.956975e+01, -1.434342e-01
3.418600e+09, 1.316808e-01, 9.486379e-01, -6.064334e-01, 7.546096e-01, 9.103530e-10, 5.612464e-10, 4.964461e+01, -1.515774e-01
3.422400e+09, 1.346120e-01, 9.482791e-01, -6.281691e-01, 7.412092e-01, 8.942530e-10, 5.609908e-10, 4.970921e+01, -1.597599e-01
3.426200e+09, 1.375367e-01, 9.479140e-01, -6.495204e-01, 7.278150e-01, 8.791565e-10, 5.607281e-10, 4.976348e+01, -1.679754e-01
3.430000e+09, 1.404537e-01, 9.475422e-01, -6.705112e-01, 7.144270e-01, 8.649823e-10, 5.604567e-10, 4.980733e+01, -1.762179e-01
3.433800e+09, 1.433619e-01, 9.471638e-01, -6.911636e-01, 7.010454e-01, 8.516568e-10, 5.601750e-10, 4.984071e+01, -1.844810e-01
3.437600e+09, 1.462602e-01, 9.467787e-01, -7.114979e-01, 6.876706e-01, 8.391131e-10, 5.598816e-10, 4.986358e+01, -1.927586e-01
3.441400e+09, 1.491474e-01, 9.463868e-01, -7.315326e-01, 6.743028e-01, 8.272902e-10, 5.595752e-10, 4.987593e+01, -2.010445e-01
3.445200e+09, 1.520227e-01, 9.459881e-01, -7.512851e-01, 6.609424e-01, 8.161328e-10, 5.592545e-10, 4.987775e+01, -2.093324e-01
3.449000e+09, 1.548850e-01, 9.455825e-01, -7.707712e-01, 6.475895e-01, 8.055903e-10, 5.589187e-10, 4.986906e+01, -2.176162e-01
3.452800e+09, 1.577334e-01, 9.451701e-01, -7.900055e-01, 6.342447e-01, 7.956168e-10, 5.585668e-10, 4.984989e+01, -2.258896e-01
3.456600e+09, 1.605670e-01, 9.447509e-01, -8.090017e-01, 6.209083e-01, 7.861704e-10, 5.581982e-10, 4.982030e+01, -2.341467e-01
3.460400e+09, 1.633849e-01, 9.443251e-01, -8.277724e-01, 6.075808e-01, 7.772128e-10, 5.578126e-10, 4.978036e+01, -2.423812e-01
3.464200e+09, 1.661863e-01, 9.438928e-01, -8.463292e-01, 5.942624e-01, 7.687090e-10, 5.574099e-10, 4.973016e+01, -2.505872e-01
3.468000e+09, 1.689704e-01, 9.434540e-01, -8.646830e-01, 5.809536e-01, 7.606273e-10, 5.569901e-10, 4.966980e+01, -2.587588e-01
3.471800e+09, 1.717364e-01, 9.430091e-01, -8.828438e-01, 5.676548e-01, 7.529383e-10, 5.565536e-10, 4.959941e+01, -2.668902e-01
3.475600e+09, 1.744835e-01, 9.425583e-01, -9.008211e-01, 5.543665e-01, 7.456155e-10, 5.561008e-10, 4.951913e+01, -2.749757e-01
3.479400e+09, 1.772110e-01, 9.421019e-01, -9.186235e-01, 5.410890e-01, 7.386343e-10, 5.556325e-10, 4.942909e+01, -2.830096e-01
3.483200e+09, 1.799183e-01, 9.416401e-01, -9.362592e-01, 5.278226e-01, 7.319724e-10, 5.551496e-10, 4.932948e+01, -2.909866e-01
3.487000e+09, 1.826045e-01, 9.411733e-01, -9.537358e-01, 5.145678e-01, 7.256092e-10, 5.546532e-10, 4.922048e+01, -2.989013e-01
3.490800e+09, 1.852692e-01, 9.407019e-01, -9.710605e-01, 5.013249e-01, 7.195258e-10, 5.541445e-10, 4.910227e+01, -3.067484e-01
3.494600e+09, 1.879116e-01, 9.402264e-01, -9.882400e-01, 4.880940e-01, 7.137048e-10, 5.536249e-10, 4.897505e+01, -3.145230e-01
3.498400e+09, 1.905310e-01, 9.397471e-01, -1.005281e+00, 4.748756e-01, 7.081301e-10, 5.530957e-10, 4.883905e+01, -3.222200e-01
3.502200e+09, 1.931271e-01, 9.392644e-01, -1.022188e+00, 4.616699e-01, 7.027869e-10, 5.525585e-10, 4.869449e+01, -3.298349e-01
3.506000e+09, 1.956990e-01, 9.387789e-01, -1.038968e+00, 4.484769e-01, 6.976616e-10, 5.520148e-10, 4.854160e+01, -3.373629e-01
3.509800e+09, 1.982463e-01, 9.382909e-01, -1.055625e+00, 4.352970e-01, 6.927415e-10, 5.514661e-10, 4.838063e+01, -3.447996e-01
3.513600e+09, 2.007685e-01, 9.378011e-01, -1.072165e+00, 4.221301e-01, 6.880148e-10, 5.509141e-10, 4.821181e+01, -3.521408e-01
3.517400e+09, 2.032650e-01, 9.373097e-01, -1.088592e+00, 4.089764e-01, 6.834706e-10, 5.503601e-10, 4.803542e+01, -3.593824e-01
3.521200e+09, 2.057352e-01, 9.368174e-01, -1.104911e+00, 3.958360e-01, 6.790989e-10, 5.498057e-10, 4.785170e+01, -3.665204e-01
3.525000e+09, 2.081788e-01, 9.363246e-01, -1.121125e+00, 3.827087e-01, 6.748901e-10, 5.492522e-10, 4.766092e+01, -3.735511e-01
3.528800e+09, 2.105952e-01, 9.358316e-01, -1.137239e+00, 3.695947e-01, 6.708355e-10, 5.487008e-10, 4.746335e+01, -3.804709e-01
3.532600e+09, 2.129839e-01, 9.353390e-01, -1.153256e+00, 3.564939e-01, 6.669269e-10, 5.481527e-10, 4.725926e+01, -3.872762e-01
3.536400e+09, 2.153445e-01, 9.348472e-01, -1.169179e+00, 3.434062e-01, 6.631566e-10, 5.476089e-10, 4.704892e+01, -3.939640e-01
3.540200e+09, 2.176765e-01, 9.343566e-01, -1.185013e+00, 3.303314e-01, 6.595177e-10, 5.470702e-10, 4.683261e+01, -4.005309e-01
3.544000e+09, 2.199796e-01, 9.338676e-01, -1.200760e+00, 3.172695e-01, 6.560035e-10, 5.465376e-10, 4.661060e+01, -4.069742e-01
3.547800e+09, 2.222533e-01, 9.333805e-01, -1.216422e+00, 3.042203e-01, 6.526079e-10, 5.460115e-10, 4.638316e+01, -4.132910e-01
3.551600e+09, 2.244972e-01, 9.328957e-01, -1.232004e+00, 2.911837e-01, 6.493252e-10, 5.454924e-10, 4.615058e+01, -4.194786e-01
3.555400e+09, 2.267109e-01, 9.324134e-01, -1.247508e+00, 2.781594e-01, 6.461503e-10, 5.449808e-10, 4.591311e+01, -4.255347e-01
3.559200e+09, 2.288941e-01, 9.319341e-01, -1.262935e+00, 2.651474e-01, 6.430782e-10, 5.444768e-10, 4.567104e+01, -4.314568e-01
3.563000e+09, 2.310463e-01, 9.314580e-01, -1.278289e+00, 2.521474e-01, 6.401046e-10, 5.439805e-10, 4.542462e+01, -4.372428e-01
3.566800e+09, 2.331673e-01, 9.309853e-01, -1.293573e+00, 2.391593e-01, 6.372253e-10, 5.434920e-10, 4.517412e+01, -4.428907e-01
3.570600e+09, 2.352568e-01, 9.305164e-01, -1.308787e+00, 2.261828e-01, 6.344368e-10, 5.430112e-10, 4.491981e+01, -4.483985e-01
3.574400e+09, 2.373143e-01, 9.300513e-01, -1.323935e+00, 2.132178e-01, 6.317356e-10, 5.425379e-10, 4.466193e+01, -4.537645e-01
3.578200e+09, 2.393396e-01, 9.295904e-01, -1.339018e+00, 2.002641e-01, 6.291187e-10, 5.420719e-10, 4.440074e+01, -4.589871e-01
3.582000e+09, 2.413324e-01, 9.291338e-01, -1.354039e+00, 1.873216e-01, 6.265834e-10, 5.416130e-10, 4.413648e+01, -4.640647e-01
3.585800e+09, 2.432924e-01, 9.286818e-01, -1.369000e+00, 1.743900e-01, 6.241272e-10, 5.411608e-10, 4.386940e+01, -4.689960e-01
3.589600e+09, 2.452193e-01, 9.282344e-01, -1.383901e+00, 1.614692e-01, 6.217479e-10, 5.407150e-10, 4.359973e+01, -4.737796e-01
3.593400e+09, 2.471129e-01, 9.277919e-01, -1.398746e+00, 1.485590e-01, 6.194435e-10, 5.402754e-10, 4.332771e+01, -4.784143e-01
3.597200e+09, 2.489729e-01, 9.273544e-01, -1.413536e+00, 1.356593e-01, 6.172122e-10, 5.398415e-10, 4.305355e+01, -4.828992e-01
3.601000e+09, 2.507991e-01, 9.269221e-01, -1.428273e+00, 1.227700e-01, 6.150524e-10, 5.394131e-10, 4.277747e+01, -4.872331e-01
3.604800e+09, 2.525912e-01, 9.264952e-01, -1.442958e+00, 1.098909e-01, 6.129625e-10, 5.389900e-10, 4.249969e+01, -4.914152e-01
3.608600e+09, 2.543489e-01, 9.260737e-01, -1.457593e+00, 9.702194e-02, 6.109411e-10, 5.385718e-10, 4.222041e+01, -4.954447e-01
3.612400e+09, 2.560721e-01, 9.256579e-01, -1.472180e+00, 8.416294e-02, 6.089870e-10, 5.381585e-10, 4.193983e+01, -4.993206e-01
3.616200e+09, 2.577605e-01, 9.252479e-01, -1.486720e+00, 7.131382e-02, 6.070988e-10, 5.377497e-10, 4.165814e+01, -5.030425e-01
3.620000e+09, 2.594139e-01, 9.248439e-01, -1.501215e+00, 5.847445e-02, 6.052753e-10, 5.373454e-10, 4.137552e+01, -5.066095e-01
3.623800e+09, 2.610321e-01, 9.244461e-01, -1.515667e+00, 4.564473e-02, 6.035151e-10, 5.369456e-10, 4.109217e+01, -5.100211e-01
3.627600e+09, 2.626148e-01, 9.240545e-01, -1.530076e+00, 3.282456e-02, 6.018169e-10, 5.365502e-10, 4.080824e+01, -5.132766e-01
3.631400e+09, 2.641618e-01, 9.236694e-01, -1.544445e+00, 2.001383e-02, 6.001793e-10, 5.361592e-10, 4.052392e+01, -5.163757e-01
3.635200e+09, 2.656729e-01, 9.232909e-01, -1.558775e+00, 7.212442e-03, 5.986009e-10, 5.357727e-10, 4.023936e+01, -5.193177e-01
3.639000e+09, 2.671479e-01, 9.229193e-01, -1.573068e+00, -5.579723e-03, 5.970800e-10, 5.353908e-10, 3.995472e+01, -5.221021e-01
3.642800e+09, 2.685865e-01, 9.225547e-01, -1.587324e+00, -1.836277e-02, 5.956150e-10, 5.350136e-10, 3.967015e+01, -5.247286e-01
3.646600e+09, 2.699885e-01, 9.221972e-01, -1.601545e+00, -3.113681e-02, 5.942042e-10, 5.346412e-10, 3.938580e+01, -5.271966e-01
3.650400e+09, 2.713536e-01, 9.218472e-01, -1.615732e+00, -4.390196e-02, 5.928456e-10, 5.342740e-10, 3.910181e+01, -5.295057e-01
3.654200e+09, 2.726816e-01, 9.215047e-01, -1.629887e+00, -5.665834e-02, 5.915372e-10, 5.339120e-10, 3.881833e+01, -5.316554e-01
3.658000e+09, 2.739723e-01, 9.211700e-01, -1.644010e+00, -6.940608e-02, 5.902770e-10, 5.335556e-10, 3.853548e+01, -5.336455e-01
3.661800e+09, 2.752255e-01, 9.208432e-01, -1.658104e+00, -8.214531e-02, 5.890629e-10, 5.332049e-10, 3.825339e+01, -5.354755e-01
3.665600e+09, 2.764408e-01, 9.205247e-01, -1.672168e+00, -9.487616e-02, 5.878926e-10, 5.328603e-10, 3.797219e+01, -5.371449e-01
3.669400e+09, 2.776180e-01, 9.202145e-01, -1.686205e+00, -1.075988e-01, 5.867640e-10, 5.325221e-10, 3.769200e+01, -5.386534e-01
3.673200e+09, 2.787570e-01, 9.199129e-01, -1.700215e+00, -1.203133e-01, 5.856748e-10, 5.321905e-10, 3.741294e+01, -5.400007e-01
3.677000e+09, 2.798574e-01, 9.196201e-01, -1.714198e+00, -1.330200e-01, 5.846228e-10, 5.318660e-10, 3.713513e+01, -5.411864e-01
3.680800e+09, 2.809190e-01, 9.193363e-01, -1.728157e+00, -1.457189e-01, 5.836059e-10, 5.315488e-10, 3.685867e+01, -5.422101e-01
3.684600e+09, 2.819416e-01, 9.190617e-01, -1.742091e+00, -1.584102e-01, 5.826220e-10, 5.312394e-10, 3.658369e+01, -5.430716e-01
3.688400e+09, 2.829250e-01, 9.187966e-01, -1.756002e+00, -1.710941e-01, 5.816693e-10, 5.309382e-10, 3.631028e+01, -5.437705e-01
3.692200e+09, 2.838690e-01, 9.185411e-01, -1.769890e+00, -1.837708e-01, 5.807460e-10, 5.306456e-10, 3.603854e+01, -5.443067e-01
3.696000e+09, 2.847733e-01, 9.182955e-01, -1.783756e+00, -1.964406e-01, 5.798506e-10, 5.303622e-10, 3.576859e+01, -5.446798e-01
3.699800e+09, 2.856377e-01, 9.180600e-01, -1.797600e+00, -2.091036e-01, 5.789817e-10, 5.300884e-10, 3.550051e+01, -5.448897e-01
3.703600e+09, 2.864622e-01, 9.178349e-01, -1.811424e+00, -2.217600e-01, 5.781382e-10, 5.298248e-10, 3.523440e+01, -5.449362e-01
3.707400e+09, 2.872465e-01, 9.176203e-01, -1.825228e+00, -2.344102e-01, 5.773195e-10, 5.295720e-10, 3.497036e+01, -5.448191e-01
3.711200e+09, 2.879904e-01, 9.174164e-01, -1.839012e+00, -2.470543e-01, 5.765249e-10, 5.293306e-10, 3.470847e+01, -5.445385e-01
3.715000e+09, 2.886939e-01, 9.172236e-01, -1.852777e+00, -2.596926e-01, 5.757543e-10, 5.291014e-10, 3.444882e+01, -5.440941e-01
3.718800e+09, 2.893569e-01, 9.170419e-01, -1.866524e+00, -2.723255e-01, 5.750078e-10, 5.288850e-10, 3.419149e+01, -5.434861e-01
3.722600e+09, 2.899791e-01, 9.168717e-01, -1.880253e+00, -2.849532e-01, 5.742857e-10, 5.286823e-10, 3.393657e+01, -5.427143e-01
3.726400e+09, 2.905606e-01, 9.167131e-01, -1.893964e+00, -2.975761e-01, 5.735887e-10, 5.284939e-10, 3.368414e+01, -5.417790e-01
3.730200e+09, 2.911012e-01, 9.165664e-01, -1.907660e+00, -3.101945e-01, 5.729178e-10, 5.283206e-10, 3.343426e+01, -5.406801e-01
3.734000e+09, 2.916010e-01, 9.164317e-01, -1.921339e+00, -3.228087e-01, 5.722743e-10, 5.281633e-10, 3.318702e+01, -5.394177e-01
3.737800e+09, 2.920598e-01, 9.163092e-01, -1.935002e+00, -3.354192e-01, 5.716595e-10, 5.280228e-10, 3.294247e+01, -5.379921e-01
3.741600e+09, 2.924776e-01, 9.161990e-01, -1.948651e+00, -3.480263e-01, 5.710751e-10, 5.278997e-10, 3.270070e+01, -5.364034e-01
3.745400e+09, 2.928544e-01, 9.161014e-01, -1.962286e+00, -3.606305e-01, 5.705228e-10, 5.277948e-10, 3.246176e+01, -5.346517e-01
3.749200e+09, 2.931902e-01, 9.160165e-01, -1.975908e+00, -3.732322e-01, 5.700046e-10, 5.277087e-10, 3.222572e+01, -5.327373e-01
3.753000e+09, 2.934849e-01, 9.159443e-01, -1.989518e+00, -3.858318e-01, 5.695223e-10, 5.276421e-10, 3.199263e+01, -5.306605e-01
3.756800e+09, 2.937385e-01, 9.158851e-01, -2.003116e+00, -3.984299e-01, 5.690779e-10, 5.275954e-10, 3.176256e+01, -5.284214e-01
3.760600e+09, 2.939510e-01, 9.158387e-01, -2.016703e+00, -4.110268e-01, 5.686732e-10, 5.275689e-10, 3.153557e+01, -5.260203e-01
3.764400e+09, 2.941224e-01, 9.158054e-01, -2.030281e+00, -4.236231e-01, 5.683101e-10, 5.275630e-10, 3.131169e+01, -5.234575e-01
3.768200e+09, 2.942526e-01, 9.157850e-01, -2.043850e+00, -4.362192e-01, 5.679900e-10, 5.275776e-10, 3.109100e+01, -5.207331e-01
3.772000e+09, 2.943417e-01, 9.157776e-01, -2.057411e+00, -4.488157e-01, 5.677145e-10, 5.276127e-10, 3.087355e+01, -5.178476e-01
3.775800e+09, 2.943894e-01, 9.157832e-01, -2.070966e+00, -4.614131e-01, 5.674846e-10, 5.276681e-10, 3.065938e+01, -5.148010e-01
3.779600e+09, 2.943959e-01, 9.158016e-01, -2.084515e+00, -4.740117e-01, 5.673013e-10, 5.277434e-10, 3.044854e+01, -5.115937e-01
3.783400e+09, 2.943610e-01, 9.158328e-01, -2.098060e+00, -4.866122e-01, 5.671651e-10, 5.278379e-10, 3.024110e+01, -5.082259e-01
3.787200e+09, 2.942846e-01, 9.158766e-01, -2.111602e+00, -4.992149e-01, 5.670761e-10, 5.279508e-10, 3.003709e+01, -5.046980e-01
3.791000e+09, 2.941667e-01, 9.159328e-01, -2.125141e+00, -5.118203e-01, 5.670343e-10, 5.280811e-10, 2.983658e+01, -5.010103e-01
3.794800e+09, 2.940070e-01, 9.160013e-01, -2.138680e+00, -5.244288e-01, 5.670390e-10, 5.282278e-10, 2.963961e+01, -4.971630e-01
3.798600e+09, 2.938054e-01, 9.160818e-01, -2.152219e+00, -5.370408e-01, 5.670894e-10, 5.283894e-10, 2.944625e+01, -4.931565e-01
3.802400e+09, 2.935619e-01, 9.161742e-01, -2.165759e+00, -5.496567e-01, 5.671841e-10, 5.285646e-10, 2.925653e+01, -4.889913e-01
3.806200e+09, 2.932762e-01, 9.162780e-01, -2.179301e+00, -5.622768e-01, 5.673216e-10, 5.287517e-10, 2.907053e+01, -4.846677e-01
3.810000e+09, 2.929481e-01, 9.163932e-01, -2.192846e+00, -5.749013e-01, 5.674999e-10, 5.289491e-10, 2.888830e+01, -4.801865e-01
3.813800e+09, 2.925775e-01, 9.165193e-01, -2.206396e+00, -5.875306e-01, 5.677169e-10, 5.291551e-10, 2.870990e+01, -4.755481e-01
3.817600e+09, 2.921641e-01, 9.166562e-01, -2.219951e+00, -6.001647e-01, 5.679701e-10, 5.293680e-10, 2.853539e+01, -4.707533e-01
3.821400e+09, 2.917078e-01, 9.168036e-01, -2.233512e+00, -6.128040e-01, 5.682568e-10, 5.295860e-10, 2.836483e+01, -4.658028e-01
3.825200e+09, 2.912083e-01, 9.169611e-01, -2.247079e+00, -6.254484e-01, 5.685745e-10, 5.298076e-10, 2.819829e+01, -4.606978e-01
3.829000e+09, 2.906654e-01, 9.171286e-01, -2.260655e+00, -6.380982e-01, 5.689202e-10, 5.300311e-10, 2.803583e+01, -4.554393e-01
3.832800e+09, 2.900789e-01, 9.173058e-01, -2.274238e+00, -6.507532e-01, 5.692913e-10, 5.302553e-10, 2.787752e+01, -4.500285e-01
3.836600e+09, 2.894487e-01, 9.174926e-01, -2.287831e+00, -6.634137e-01, 5.696851e-10, 5.304788e-10, 2.772343e+01, -4.444668e-01
3.840400e+09, 2.887746e-01, 9.176887e-01, -2.301433e+00, -6.760794e-01, 5.700991e-10, 5.307009e-10, 2.757363e+01, -4.387560e-01
3.844200e+09, 2.880562e-01, 9.178940e-01, -2.315044e+00, -6.887505e-01, 5.705311e-10, 5.309209e-10, 2.742819e+01, -4.328978e-01
3.848000e+09, 2.872937e-01, 9.181085e-01, -2.328666e+00, -7.014268e-01, 5.709791e-10, 5.311383e-10, 2.728718e+01, -4.268943e-01
3.851800e+09, 2.864866e-01, 9.183321e-01, -2.342299e+00, -7.141083e-01, 5.714416e-10, 5.313533e-10, 2.715066e+01, -4.207477e-01
3.855600e+09, 2.856351e-01, 9.185648e-01, -2.355943e+00, -7.267950e-01, 5.719173e-10, 5.315661e-10, 2.701872e+01, -4.144604e-01
3.859400e+09, 2.847389e-01, 9.188067e-01, -2.369598e+00, -7.394867e-01, 5.724057e-10, 5.317775e-10, 2.689141e+01, -4.080352e-01
3.863200e+09, 2.837981e-01, 9.190578e-01, -2.383265e+00, -7.521835e-01, 5.729064e-10, 5.319887e-10, 2.676882e+01, -4.014751e-01
3.867000e+09, 2.828125e-01, 9.193183e-01, -2.396944e+00, -7.648853e-01, 5.734200e-10, 5.322011e-10, 2.665100e+01, -3.947831e-01
3.870800e+09, 2.817822e-01, 9.195883e-01, -2.410635e+00, -7.775922e-01, 5.739472e-10, 5.324167e-10, 2.653802e+01, -3.879628e-01
3.874600e+09, 2.807072e-01, 9.198682e-01, -2.424338e+00, -7.903042e-01, 5.744897e-10, 5.326375e-10, 2.642996e+01, -3.810176e-01
3.878400e+09, 2.795876e-01, 9.201581e-01, -2.438055e+00, -8.030215e-01, 5.750495e-10, 5.328661e-10, 2.632686e+01, -3.739515e-01
3.882200e+09, 2.784233e-01, 9.204583e-01, -2.451785e+00, -8.157443e-01, 5.756291e-10, 5.331053e-10, 2.622880e+01, -3.667685e-01
3.886000e+09, 2.772146e-01, 9.207691e-01, -2.465529e+00, -8.284728e-01, 5.762318e-10, 5.333579e-10, 2.613582e+01, -3.594729e-01
3.889800e+09, 2.759615e-01, 9.210908e-01, -2.479287e+00, -8.412073e-01, 5.768612e-10, 5.336270e-10, 2.604800e+01, -3.520691e-01
3.893600e+09, 2.746641e-01, 9.214237e-01, -2.493060e+00, -8.539482e-01, 5.775211e-10, 5.339158e-10, 2.596538e+01, -3.445617e-01
3.897400e+09, 2.733226e-01, 9.217681e-01, -2.506849e+00, -8.666961e-01, 5.782161e-10, 5.342273e-10, 2.588801e+01, -3.369556e-01
3.901200e+09, 2.719371e-01, 9.221241e-01, -2.520655e+00, -8.794513e-01, 5.789508e-10, 5.345645e-10, 2.581594e+01, -3.292556e-01
3.905000e+09, 2.705079e-01, 9.224921e-01, -2.534478e+00, -8.922146e-01, 5.797300e-10, 5.349302e-10, 2.574923e+01, -3.214669e-01
3.908800e+09, 2.690350e-01, 9.228722e-01, -2.548319e+00, -9.049867e-01, 5.805588e-10, 5.353268e-10, 2.568792e+01, -3.135946e-01
3.912600e+09, 2.675187e-01, 9.232645e-01, -2.562181e+00, -9.177682e-01, 5.814421e-10, 5.357565e-10, 2.563205e+01, -3.056442e-01
3.916400e+09, 2.659591e-01, 9.236690e-01, -2.576063e+00, -9.305600e-01, 5.823849e-10, 5.362209e-10, 2.558166e+01, -2.976210e-01
3.920200e+09, 2.643563e-01, 9.240857e-01, -2.589968e+00, -9.433629e-01, 5.833921e-10, 5.367213e-10, 2.553680e+01, -2.895306e-01
3.924000e+09, 2.627105e-01, 9.245144e-01, -2.603898e+00, -9.561777e-01, 5.844681e-10, 5.372582e-10, 2.549751e+01, -2.813786e-01
3.927800e+09, 2.610218e-01, 9.249550e-01, -2.617852e+00, -9.690053e-01, 5.856174e-10, 5.378317e-10, 2.546382e+01, -2.731707e-01
3.931600e+09, 2.592904e-01, 9.254070e-01, -2.631835e+00, -9.818466e-01, 5.868436e-10, 5.384410e-10, 2.543578e+01, -2.649128e-01
3.935400e+09, 2.575162e-01, 9.258702e-01, -2.645846e+00, -9.947025e-01, 5.881504e-10, 5.390849e-10, 2.541342e+01, -2.566106e-01
3.939200e+09, 2.556994e-01, 9.263438e-01, -2.659889e+00, -1.007574e+00, 5.895407e-10, 5.397613e-10, 2.539678e+01, -2.482702e-01
3.943000e+09, 2.538400e-01, 9.268275e-01, -2.673965e+00, -1.020461e+00, 5.910168e-10, 5.404676e-10, 2.538590e+01, -2.398976e-01
3.946800e+09, 2.519380e-01, 9.273204e-01, -2.688076e+00, -1.033365e+00, 5.925807e-10, 5.412005e-10, 2.538082e+01, -2.314988e-01
3.950600e+09, 2.499934e-01, 9.278217e-01, -2.702225e+00, -1.046287e+00, 5.942336e-10, 5.419562e-10, 2.538158e+01, -2.230802e-01
3.954400e+09, 2.480061e-01, 9.283307e-01, -2.716413e+00, -1.059227e+00, 5.959763e-10, 5.427303e-10, 2.538822e+01, -2.146480e-01
3.958200e+09, 2.459763e-01, 9.288464e-01, -2.730642e+00, -1.072185e+00, 5.978090e-10, 5.435181e-10, 2.540078e+01, -2.062086e-01
3.962000e+09, 2.439036e-01, 9.293679e-01, -2.744916e+00, -1.085162e+00, 5.997314e-10, 5.443146e-10, 2.541929e+01, -1.977686e-01
3.965800e+09, 2.417882e-01, 9.298941e-01, -2.759235e+00, -1.098158e+00, 6.017429e-10, 5.451145e-10, 2.544380e+01, -1.893344e-01
3.969600e+09, 2.396299e-01, 9.304240e-01, -2.773602e+00, -1.111174e+00, 6.038425e-10, 5.459125e-10, 2.547435e+01, -1.809130e-01
3.973400e+09, 2.374287e-01, 9.309567e-01, -2.788019e+00, -1.124208e+00, 6.060288e-10, 5.467033e-10, 2.551097e+01, -1.725109e-01
3.977200e+09, 2.351844e-01, 9.314913e-01, -2.802489e+00, -1.137261e+00, 6.083005e-10, 5.474819e-10, 2.555371e+01, -1.641353e-01
3.981000e+09, 2.328969e-01, 9.320266e-01, -2.817013e+00, -1.150333e+00, 6.106561e-10, 5.482435e-10, 2.560260e+01, -1.557931e-01
3.984800e+09, 2.305662e-01, 9.325620e-01, -2.831593e+00, -1.163423e+00, 6.130944e-10, 5.489837e-10, 2.565768e+01, -1.474915e-01
3.988600e+09, 2.281923e-01, 9.330965e-01, -2.846231e+00, -1.176530e+00, 6.156143e-10, 5.496990e-10, 2.571898e+01, -1.392377e-01
3.992400e+09, 2.257750e-01, 9.336295e-01, -2.860930e+00, -1.189655e+00, 6.182151e-10, 5.503861e-10, 2.578653e+01, -1.310389e-01
3.996200e+09, 2.233145e-01, 9.341604e-01, -2.875690e+00, -1.202796e+00, 6.208969e-10, 5.510428e-10, 2.586037e+01, -1.229027e-01
4.000000e+09, 2.208107e-01, 9.346886e-01, -2.890515e+00, -1.215953e+00, 6.208969e-10, 5.510428e-10, 2.594051e+01, -1.148363e-01
