Frequency [Hz], |S00| [-], |S10| [-], Arg(S00) [-], Arg(S10) [-], Delay 0>0 [s], Delay 0>1 [s], |Z0| [Ohm] , Arg(Z0) [-]
2.000000e+08, 3.954073e-02, 9.539342e-01, 2.166633e+00, -6.759583e-01, 9.633064e-10, 5.339993e-10, 3.826513e+01, 6.546290e-02
2.038000e+08, 3.925167e-02, 9.539810e-01, 2.143633e+00, -6.887081e-01, 9.772807e-10, 5.340961e-10, 3.833522e+01, 6.597751e-02
2.076000e+08, 3.896216e-02, 9.540357e-01, 2.120299e+00, -7.014603e-01, 9.915739e-10, 5.342150e-10, 3.840631e+01, 6.645565e-02
2.114000e+08, 3.867253e-02, 9.540978e-01, 2.096624e+00, -7.142152e-01, 1.006184e-09, 5.343548e-10, 3.847837e+01, 6.689663e-02
2.152000e+08, 3.838315e-02, 9.541672e-01, 2.072601e+00, -7.269736e-01, 1.021109e-09, 5.345146e-10, 3.855138e+01, 6.729976e-02
2.190000e+08, 3.809441e-02, 9.542434e-01, 2.048220e+00, -7.397357e-01, 1.036342e-09, 5.346932e-10, 3.862531e+01, 6.766438e-02
2.228000e+08, 3.780670e-02, 9.543262e-01, 2.023477e+00, -7.525021e-01, 1.051878e-09, 5.348893e-10, 3.870013e+01, 6.798984e-02
2.266000e+08, 3.752043e-02, 9.544151e-01, 1.998362e+00, -7.652731e-01, 1.067706e-09, 5.351017e-10, 3.877583e+01, 6.827551e-02
2.304000e+08, 3.723603e-02, 9.545098e-01, 1.972869e+00, -7.780493e-01, 1.083815e-09, 5.353291e-10, 3.885235e+01, 6.852077e-02
2.342000e+08, 3.695394e-02, 9.546098e-01, 1.946992e+00, -7.908309e-01, 1.100191e-09, 5.355702e-10, 3.892969e+01, 6.872502e-02
2.380000e+08, 3.667460e-02, 9.547148e-01, 1.920724e+00, -8.036182e-01, 1.116817e-09, 5.358235e-10, 3.900780e+01, 6.888770e-02
2.418000e+08, 3.639850e-02, 9.548242e-01, 1.894058e+00, -8.164116e-01, 1.133674e-09, 5.360877e-10, 3.908666e+01, 6.900824e-02
2.456000e+08, 3.612611e-02, 9.549377e-01, 1.866991e+00, -8.292113e-01, 1.150738e-09, 5.363615e-10, 3.916622e+01, 6.908612e-02
2.494000e+08, 3.585792e-02, 9.550547e-01, 1.839516e+00, -8.420175e-01, 1.167984e-09, 5.366433e-10, 3.924646e+01, 6.912082e-02
2.532000e+08, 3.559446e-02, 9.551748e-01, 1.811629e+00, -8.548304e-01, 1.185380e-09, 5.369317e-10, 3.932734e+01, 6.911184e-02
2.570000e+08, 3.533623e-02, 9.552975e-01, 1.783326e+00, -8.676503e-01, 1.202895e-09, 5.372254e-10, 3.940882e+01, 6.905874e-02
2.608000e+08, 3.508379e-02, 9.554223e-01, 1.754606e+00, -8.804771e-01, 1.220490e-09, 5.375228e-10, 3.949087e+01, 6.896106e-02
2.646000e+08, 3.483766e-02, 9.555487e-01, 1.725465e+00, -8.933111e-01, 1.238125e-09, 5.378226e-10, 3.957345e+01, 6.881839e-02
2.684000e+08, 3.459842e-02, 9.556763e-01, 1.695904e+00, -9.061522e-01, 1.255753e-09, 5.381233e-10, 3.965651e+01, 6.863035e-02
2.722000e+08, 3.436663e-02, 9.558045e-01, 1.665921e+00, -9.190005e-01, 1.273326e-09, 5.384236e-10, 3.974002e+01, 6.839656e-02
2.760000e+08, 3.414285e-02, 9.559328e-01, 1.635519e+00, -9.318559e-01, 1.290790e-09, 5.387222e-10, 3.982393e+01, 6.811671e-02
2.798000e+08, 3.392768e-02, 9.560609e-01, 1.604700e+00, -9.447185e-01, 1.308087e-09, 5.390177e-10, 3.990821e+01, 6.779048e-02
2.836000e+08, 3.372169e-02, 9.561882e-01, 1.573468e+00, -9.575881e-01, 1.325157e-09, 5.393088e-10, 3.999280e+01, 6.741760e-02
2.874000e+08, 3.352548e-02, 9.563142e-01, 1.541829e+00, -9.704647e-01, 1.341935e-09, 5.395943e-10, 4.007767e+01, 6.699781e-02
2.912000e+08, 3.333962e-02, 9.564386e-01, 1.509788e+00, -9.833481e-01, 1.358353e-09, 5.398730e-10, 4.016277e+01, 6.653092e-02
2.950000e+08, 3.316472e-02, 9.565608e-01, 1.477356e+00, -9.962382e-01, 1.374340e-09, 5.401438e-10, 4.024805e+01, 6.601673e-02
2.988000e+08, 3.300135e-02, 9.566805e-01, 1.444542e+00, -1.009135e+00, 1.389823e-09, 5.404056e-10, 4.033347e+01, 6.545510e-02
3.026000e+08, 3.285008e-02, 9.567972e-01, 1.411359e+00, -1.022038e+00, 1.404727e-09, 5.406572e-10, 4.041897e+01, 6.484590e-02
3.064000e+08, 3.271148e-02, 9.569106e-01, 1.377819e+00, -1.034946e+00, 1.418977e-09, 5.408979e-10, 4.050452e+01, 6.418904e-02
3.102000e+08, 3.258612e-02, 9.570202e-01, 1.343940e+00, -1.047861e+00, 1.432497e-09, 5.411266e-10, 4.059006e+01, 6.348448e-02
3.140000e+08, 3.247451e-02, 9.571259e-01, 1.309737e+00, -1.060781e+00, 1.445212e-09, 5.413425e-10, 4.067554e+01, 6.273220e-02
3.178000e+08, 3.237720e-02, 9.572271e-01, 1.275231e+00, -1.073706e+00, 1.457049e-09, 5.415449e-10, 4.076091e+01, 6.193220e-02
3.216000e+08, 3.229467e-02, 9.573236e-01, 1.240443e+00, -1.086636e+00, 1.467935e-09, 5.417331e-10, 4.084613e+01, 6.108454e-02
3.254000e+08, 3.222740e-02, 9.574152e-01, 1.205394e+00, -1.099570e+00, 1.477805e-09, 5.419064e-10, 4.093113e+01, 6.018931e-02
3.292000e+08, 3.217584e-02, 9.575016e-01, 1.170110e+00, -1.112509e+00, 1.486595e-09, 5.420644e-10, 4.101587e+01, 5.924660e-02
3.330000e+08, 3.214041e-02, 9.575825e-01, 1.134616e+00, -1.125451e+00, 1.494247e-09, 5.422064e-10, 4.110030e+01, 5.825659e-02
3.368000e+08, 3.212150e-02, 9.576578e-01, 1.098939e+00, -1.138397e+00, 1.500712e-09, 5.423322e-10, 4.118437e+01, 5.721945e-02
3.406000e+08, 3.211944e-02, 9.577272e-01, 1.063108e+00, -1.151346e+00, 1.505946e-09, 5.424415e-10, 4.126801e+01, 5.613540e-02
3.444000e+08, 3.213456e-02, 9.577906e-01, 1.027152e+00, -1.164297e+00, 1.509914e-09, 5.425339e-10, 4.135119e+01, 5.500471e-02
3.482000e+08, 3.216713e-02, 9.578479e-01, 9.911008e-01, -1.177251e+00, 1.512588e-09, 5.426093e-10, 4.143384e+01, 5.382764e-02
3.520000e+08, 3.221738e-02, 9.578990e-01, 9.549861e-01, -1.190206e+00, 1.513952e-09, 5.426676e-10, 4.151591e+01, 5.260454e-02
3.558000e+08, 3.228550e-02, 9.579438e-01, 9.188388e-01, -1.203163e+00, 1.513999e-09, 5.427089e-10, 4.159736e+01, 5.133575e-02
3.596000e+08, 3.237164e-02, 9.579822e-01, 8.826904e-01, -1.216121e+00, 1.512729e-09, 5.427332e-10, 4.167812e+01, 5.002166e-02
3.634000e+08, 3.247589e-02, 9.580143e-01, 8.465724e-01, -1.229079e+00, 1.510155e-09, 5.427406e-10, 4.175815e+01, 4.866270e-02
3.672000e+08, 3.259832e-02, 9.580399e-01, 8.105158e-01, -1.242038e+00, 1.506297e-09, 5.427313e-10, 4.183740e+01, 4.725932e-02
3.710000e+08, 3.273894e-02, 9.580593e-01, 7.745512e-01, -1.254996e+00, 1.501186e-09, 5.427056e-10, 4.191580e+01, 4.581199e-02
3.748000e+08, 3.289772e-02, 9.580723e-01, 7.387088e-01, -1.267954e+00, 1.494860e-09, 5.426638e-10, 4.199331e+01, 4.432125e-02
3.786000e+08, 3.307458e-02, 9.580791e-01, 7.030173e-01, -1.280911e+00, 1.487366e-09, 5.426063e-10, 4.206988e+01, 4.278763e-02
3.824000e+08, 3.326942e-02, 9.580798e-01, 6.675048e-01, -1.293866e+00, 1.478757e-09, 5.425336e-10, 4.214545e+01, 4.121172e-02
3.862000e+08, 3.348207e-02, 9.580745e-01, 6.321979e-01, -1.306819e+00, 1.469093e-09, 5.424462e-10, 4.221998e+01, 3.959411e-02
3.900000e+08, 3.371235e-02, 9.580633e-01, 5.971217e-01, -1.319771e+00, 1.458438e-09, 5.423447e-10, 4.229341e+01, 3.793545e-02
3.938000e+08, 3.396003e-02, 9.580464e-01, 5.622998e-01, -1.332720e+00, 1.446862e-09, 5.422296e-10, 4.236569e+01, 3.623639e-02
3.976000e+08, 3.422485e-02, 9.580241e-01, 5.277544e-01, -1.345666e+00, 1.434437e-09, 5.421017e-10, 4.243678e+01, 3.449763e-02
4.014000e+08, 3.450651e-02, 9.579963e-01, 4.935057e-01, -1.358610e+00, 1.421238e-09, 5.419616e-10, 4.250663e+01, 3.271988e-02
4.052000e+08, 3.480470e-02, 9.579635e-01, 4.595720e-01, -1.371550e+00, 1.407339e-09, 5.418100e-10, 4.257519e+01, 3.090387e-02
4.090000e+08, 3.511907e-02, 9.579258e-01, 4.259703e-01, -1.384486e+00, 1.392818e-09, 5.416478e-10, 4.264241e+01, 2.905038e-02
4.128000e+08, 3.544925e-02, 9.578834e-01, 3.927152e-01, -1.397418e+00, 1.377750e-09, 5.414758e-10, 4.270825e+01, 2.716020e-02
4.166000e+08, 3.579485e-02, 9.578367e-01, 3.598199e-01, -1.410347e+00, 1.362209e-09, 5.412947e-10, 4.277265e+01, 2.523412e-02
4.204000e+08, 3.615547e-02, 9.577858e-01, 3.272957e-01, -1.423271e+00, 1.346267e-09, 5.411054e-10, 4.283559e+01, 2.327299e-02
4.242000e+08, 3.653067e-02, 9.577311e-01, 2.951520e-01, -1.436190e+00, 1.329995e-09, 5.409088e-10, 4.289701e+01, 2.127766e-02
4.280000e+08, 3.692004e-02, 9.576729e-01, 2.633969e-01, -1.449105e+00, 1.313459e-09, 5.407058e-10, 4.295687e+01, 1.924900e-02
4.318000e+08, 3.732311e-02, 9.576114e-01, 2.320366e-01, -1.462015e+00, 1.296724e-09, 5.404972e-10, 4.301512e+01, 1.718790e-02
4.356000e+08, 3.773944e-02, 9.575469e-01, 2.010759e-01, -1.474920e+00, 1.279848e-09, 5.402839e-10, 4.307174e+01, 1.509528e-02
4.394000e+08, 3.816858e-02, 9.574798e-01, 1.705181e-01, -1.487820e+00, 1.262889e-09, 5.400669e-10, 4.312668e+01, 1.297205e-02
4.432000e+08, 3.861004e-02, 9.574104e-01, 1.403653e-01, -1.500714e+00, 1.245897e-09, 5.398470e-10, 4.317990e+01, 1.081917e-02
4.470000e+08, 3.906338e-02, 9.573389e-01, 1.106181e-01, -1.513604e+00, 1.228922e-09, 5.396251e-10, 4.323137e+01, 8.637587e-03
4.508000e+08, 3.952813e-02, 9.572657e-01, 8.127624e-02, -1.526488e+00, 1.212007e-09, 5.394020e-10, 4.328104e+01, 6.428279e-03
4.546000e+08, 4.000381e-02, 9.571910e-01, 5.233825e-02, -1.539367e+00, 1.195191e-09, 5.391787e-10, 4.332889e+01, 4.192232e-03
4.584000e+08, 4.048998e-02, 9.571153e-01, 2.380174e-02, -1.552240e+00, 1.178512e-09, 5.389560e-10, 4.337489e+01, 1.930444e-03
4.622000e+08, 4.098616e-02, 9.570387e-01, -4.336538e-03, -1.565108e+00, 1.162001e-09, 5.387346e-10, 4.341899e+01, -3.560731e-04
4.660000e+08, 4.149191e-02, 9.569616e-01, -3.208059e-02, -1.577971e+00, 1.145687e-09, 5.385155e-10, 4.346118e+01, -2.666297e-03
4.698000e+08, 4.200677e-02, 9.568843e-01, -5.943512e-02, -1.590829e+00, 1.129594e-09, 5.382993e-10, 4.350141e+01, -4.999195e-03
4.736000e+08, 4.253030e-02, 9.568071e-01, -8.640543e-02, -1.603682e+00, 1.113745e-09, 5.380868e-10, 4.353966e+01, -7.353725e-03
4.774000e+08, 4.306207e-02, 9.567301e-01, -1.129973e-01, -1.616529e+00, 1.098159e-09, 5.378787e-10, 4.357592e+01, -9.728836e-03
4.812000e+08, 4.360165e-02, 9.566539e-01, -1.392171e-01, -1.629371e+00, 1.082852e-09, 5.376757e-10, 4.361014e+01, -1.212347e-02
4.850000e+08, 4.414861e-02, 9.565784e-01, -1.650714e-01, -1.642209e+00, 1.067836e-09, 5.374784e-10, 4.364230e+01, -1.453655e-02
4.888000e+08, 4.470255e-02, 9.565041e-01, -1.905672e-01, -1.655042e+00, 1.053124e-09, 5.372874e-10, 4.367239e+01, -1.696702e-02
4.926000e+08, 4.526305e-02, 9.564312e-01, -2.157116e-01, -1.667870e+00, 1.038722e-09, 5.371033e-10, 4.370039e+01, -1.941379e-02
4.964000e+08, 4.582973e-02, 9.563598e-01, -2.405123e-01, -1.680694e+00, 1.024640e-09, 5.369267e-10, 4.372626e+01, -2.187577e-02
5.002000e+08, 4.640219e-02, 9.562903e-01, -2.649767e-01, -1.693514e+00, 1.010880e-09, 5.367579e-10, 4.375000e+01, -2.435187e-02
5.040000e+08, 4.698006e-02, 9.562227e-01, -2.891126e-01, -1.706330e+00, 9.974467e-10, 5.365974e-10, 4.377158e+01, -2.684100e-02
5.078000e+08, 4.756296e-02, 9.561573e-01, -3.129277e-01, -1.719141e+00, 9.843417e-10, 5.364457e-10, 4.379099e+01, -2.934206e-02
5.116000e+08, 4.815054e-02, 9.560942e-01, -3.364299e-01, -1.731950e+00, 9.715655e-10, 5.363030e-10, 4.380822e+01, -3.185394e-02
5.154000e+08, 4.874244e-02, 9.560337e-01, -3.596271e-01, -1.744754e+00, 9.591174e-10, 5.361697e-10, 4.382325e+01, -3.437554e-02
5.192000e+08, 4.933831e-02, 9.559758e-01, -3.825271e-01, -1.757556e+00, 9.469957e-10, 5.360460e-10, 4.383607e+01, -3.690575e-02
5.230000e+08, 4.993782e-02, 9.559207e-01, -4.051377e-01, -1.770355e+00, 9.351978e-10, 5.359321e-10, 4.384667e+01, -3.944346e-02
5.268000e+08, 5.054064e-02, 9.558685e-01, -4.274666e-01, -1.783151e+00, 9.237204e-10, 5.358283e-10, 4.385504e+01, -4.198756e-02
5.306000e+08, 5.114646e-02, 9.558193e-01, -4.495214e-01, -1.795944e+00, 9.125595e-10, 5.357346e-10, 4.386118e+01, -4.453692e-02
5.344000e+08, 5.175495e-02, 9.557731e-01, -4.713098e-01, -1.808736e+00, 9.017105e-10, 5.356511e-10, 4.386507e+01, -4.709043e-02
5.382000e+08, 5.236581e-02, 9.557301e-01, -4.928391e-01, -1.821525e+00, 8.911683e-10, 5.355778e-10, 4.386672e+01, -4.964699e-02
5.420000e+08, 5.297874e-02, 9.556902e-01, -5.141167e-01, -1.834312e+00, 8.809276e-10, 5.355148e-10, 4.386612e+01, -5.220546e-02
5.458000e+08, 5.359345e-02, 9.556536e-01, -5.351499e-01, -1.847098e+00, 8.709823e-10, 5.354619e-10, 4.386326e+01, -5.476474e-02
5.496000e+08, 5.420966e-02, 9.556202e-01, -5.559455e-01, -1.859883e+00, 8.613266e-10, 5.354191e-10, 4.385815e+01, -5.732371e-02
5.534000e+08, 5.482709e-02, 9.555900e-01, -5.765107e-01, -1.872667e+00, 8.519542e-10, 5.353863e-10, 4.385079e+01, -5.988124e-02
5.572000e+08, 5.544546e-02, 9.555631e-01, -5.968520e-01, -1.885450e+00, 8.428584e-10, 5.353633e-10, 4.384117e+01, -6.243624e-02
5.610000e+08, 5.606451e-02, 9.555394e-01, -6.169762e-01, -1.898232e+00, 8.340330e-10, 5.353499e-10, 4.382931e+01, -6.498757e-02
5.648000e+08, 5.668397e-02, 9.555189e-01, -6.368896e-01, -1.911014e+00, 8.254710e-10, 5.353459e-10, 4.381520e+01, -6.753413e-02
5.686000e+08, 5.730360e-02, 9.555015e-01, -6.565987e-01, -1.923796e+00, 8.171660e-10, 5.353509e-10, 4.379886e+01, -7.007480e-02
5.724000e+08, 5.792314e-02, 9.554872e-01, -6.761094e-01, -1.936578e+00, 8.091112e-10, 5.353647e-10, 4.378028e+01, -7.260849e-02
5.762000e+08, 5.854234e-02, 9.554758e-01, -6.954278e-01, -1.949361e+00, 8.012999e-10, 5.353870e-10, 4.375949e+01, -7.513408e-02
5.800000e+08, 5.916097e-02, 9.554674e-01, -7.145598e-01, -1.962144e+00, 7.937254e-10, 5.354173e-10, 4.373648e+01, -7.765046e-02
5.838000e+08, 5.977878e-02, 9.554618e-01, -7.335108e-01, -1.974927e+00, 7.863812e-10, 5.354553e-10, 4.371128e+01, -8.015654e-02
5.876000e+08, 6.039555e-02, 9.554589e-01, -7.522865e-01, -1.987712e+00, 7.792607e-10, 5.355006e-10, 4.368388e+01, -8.265122e-02
5.914000e+08, 6.101104e-02, 9.554586e-01, -7.708923e-01, -2.000498e+00, 7.723575e-10, 5.355528e-10, 4.365431e+01, -8.513340e-02
5.952000e+08, 6.162504e-02, 9.554608e-01, -7.893331e-01, -2.013284e+00, 7.656652e-10, 5.356114e-10, 4.362258e+01, -8.760199e-02
5.990000e+08, 6.223732e-02, 9.554652e-01, -8.076142e-01, -2.026073e+00, 7.591777e-10, 5.356760e-10, 4.358871e+01, -9.005591e-02
6.028000e+08, 6.284767e-02, 9.554719e-01, -8.257404e-01, -2.038863e+00, 7.528887e-10, 5.357460e-10, 4.355271e+01, -9.249407e-02
6.066000e+08, 6.345587e-02, 9.554807e-01, -8.437165e-01, -2.051654e+00, 7.467923e-10, 5.358210e-10, 4.351461e+01, -9.491540e-02
6.104000e+08, 6.406171e-02, 9.554913e-01, -8.615470e-01, -2.064447e+00, 7.408827e-10, 5.359005e-10, 4.347442e+01, -9.731883e-02
6.142000e+08, 6.466498e-02, 9.555037e-01, -8.792364e-01, -2.077243e+00, 7.351540e-10, 5.359839e-10, 4.343216e+01, -9.970328e-02
6.180000e+08, 6.526548e-02, 9.555177e-01, -8.967890e-01, -2.090040e+00, 7.296007e-10, 5.360708e-10, 4.338787e+01, -1.020677e-01
6.218000e+08, 6.586300e-02, 9.555330e-01, -9.142090e-01, -2.102839e+00, 7.242174e-10, 5.361606e-10, 4.334155e+01, -1.044110e-01
6.256000e+08, 6.645735e-02, 9.555497e-01, -9.315005e-01, -2.115641e+00, 7.189987e-10, 5.362528e-10, 4.329323e+01, -1.067322e-01
6.294000e+08, 6.704833e-02, 9.555674e-01, -9.486674e-01, -2.128444e+00, 7.139394e-10, 5.363469e-10, 4.324295e+01, -1.090303e-01
6.332000e+08, 6.763575e-02, 9.555860e-01, -9.657135e-01, -2.141250e+00, 7.090344e-10, 5.364423e-10, 4.319073e+01, -1.113041e-01
6.370000e+08, 6.821941e-02, 9.556054e-01, -9.826425e-01, -2.154058e+00, 7.042790e-10, 5.365386e-10, 4.313659e+01, -1.135527e-01
6.408000e+08, 6.879912e-02, 9.556253e-01, -9.994579e-01, -2.166869e+00, 6.996683e-10, 5.366353e-10, 4.308057e+01, -1.157750e-01
6.446000e+08, 6.937470e-02, 9.556456e-01, -1.016163e+00, -2.179681e+00, 6.951977e-10, 5.367318e-10, 4.302270e+01, -1.179701e-01
6.484000e+08, 6.994595e-02, 9.556662e-01, -1.032762e+00, -2.192497e+00, 6.908628e-10, 5.368277e-10, 4.296300e+01, -1.201369e-01
6.522000e+08, 7.051270e-02, 9.556869e-01, -1.049257e+00, -2.205314e+00, 6.866591e-10, 5.369225e-10, 4.290151e+01, -1.222745e-01
6.560000e+08, 7.107476e-02, 9.557074e-01, -1.065652e+00, -2.218133e+00, 6.825824e-10, 5.370158e-10, 4.283827e+01, -1.243819e-01
6.598000e+08, 7.163195e-02, 9.557277e-01, -1.081949e+00, -2.230955e+00, 6.786288e-10, 5.371070e-10, 4.277330e+01, -1.264580e-01
6.636000e+08, 7.218410e-02, 9.557476e-01, -1.098152e+00, -2.243779e+00, 6.747942e-10, 5.371958e-10, 4.270665e+01, -1.285020e-01
6.674000e+08, 7.273102e-02, 9.557669e-01, -1.114264e+00, -2.256606e+00, 6.710748e-10, 5.372818e-10, 4.263835e+01, -1.305130e-01
6.712000e+08, 7.327254e-02, 9.557856e-01, -1.130286e+00, -2.269434e+00, 6.674669e-10, 5.373645e-10, 4.256843e+01, -1.324899e-01
6.750000e+08, 7.380849e-02, 9.558034e-01, -1.146223e+00, -2.282264e+00, 6.639669e-10, 5.374436e-10, 4.249694e+01, -1.344318e-01
6.788000e+08, 7.433870e-02, 9.558203e-01, -1.162076e+00, -2.295096e+00, 6.605714e-10, 5.375188e-10, 4.242391e+01, -1.363379e-01
6.826000e+08, 7.486299e-02, 9.558361e-01, -1.177848e+00, -2.307930e+00, 6.572771e-10, 5.375897e-10, 4.234939e+01, -1.382073e-01
6.864000e+08, 7.538120e-02, 9.558506e-01, -1.193541e+00, -2.320765e+00, 6.540806e-10, 5.376561e-10, 4.227341e+01, -1.400390e-01
6.902000e+08, 7.589316e-02, 9.558639e-01, -1.209158e+00, -2.333602e+00, 6.509790e-10, 5.377176e-10, 4.219602e+01, -1.418322e-01
6.940000e+08, 7.639870e-02, 9.558758e-01, -1.224701e+00, -2.346441e+00, 6.479692e-10, 5.377741e-10, 4.211725e+01, -1.435861e-01
6.978000e+08, 7.689766e-02, 9.558862e-01, -1.240172e+00, -2.359281e+00, 6.450483e-10, 5.378252e-10, 4.203716e+01, -1.452998e-01
7.016000e+08, 7.738987e-02, 9.558949e-01, -1.255573e+00, -2.372122e+00, 6.422135e-10, 5.378709e-10, 4.195578e+01, -1.469725e-01
7.054000e+08, 7.787518e-02, 9.559021e-01, -1.270906e+00, -2.384964e+00, 6.394622e-10, 5.379109e-10, 4.187316e+01, -1.486034e-01
7.092000e+08, 7.835343e-02, 9.559075e-01, -1.286174e+00, -2.397808e+00, 6.367918e-10, 5.379451e-10, 4.178934e+01, -1.501917e-01
7.130000e+08, 7.882445e-02, 9.559112e-01, -1.301378e+00, -2.410652e+00, 6.341997e-10, 5.379734e-10, 4.170437e+01, -1.517366e-01
7.168000e+08, 7.928809e-02, 9.559131e-01, -1.316520e+00, -2.423496e+00, 6.316835e-10, 5.379957e-10, 4.161830e+01, -1.532374e-01
7.206000e+08, 7.974419e-02, 9.559131e-01, -1.331603e+00, -2.436342e+00, 6.292411e-10, 5.380119e-10, 4.153117e+01, -1.546934e-01
7.244000e+08, 8.019261e-02, 9.559112e-01, -1.346626e+00, -2.449187e+00, 6.268701e-10, 5.380221e-10, 4.144303e+01, -1.561038e-01
7.282000e+08, 8.063318e-02, 9.559075e-01, -1.361594e+00, -2.462033e+00, 6.245684e-10, 5.380261e-10, 4.135392e+01, -1.574680e-01
7.320000e+08, 8.106576e-02, 9.559018e-01, -1.376506e+00, -2.474879e+00, 6.223340e-10, 5.380241e-10, 4.126389e+01, -1.587853e-01
7.358000e+08, 8.149019e-02, 9.558943e-01, -1.391365e+00, -2.487725e+00, 6.201650e-10, 5.380161e-10, 4.117300e+01, -1.600549e-01
7.396000e+08, 8.190634e-02, 9.558849e-01, -1.406172e+00, -2.500571e+00, 6.180593e-10, 5.380021e-10, 4.108129e+01, -1.612764e-01
7.434000e+08, 8.231404e-02, 9.558736e-01, -1.420929e+00, -2.513416e+00, 6.160154e-10, 5.379823e-10, 4.098881e+01, -1.624490e-01
7.472000e+08, 8.271316e-02, 9.558605e-01, -1.435637e+00, -2.526261e+00, 6.140313e-10, 5.379568e-10, 4.089560e+01, -1.635722e-01
7.510000e+08, 8.310355e-02, 9.558457e-01, -1.450298e+00, -2.539105e+00, 6.121055e-10, 5.379257e-10, 4.080172e+01, -1.646453e-01
7.548000e+08, 8.348508e-02, 9.558290e-01, -1.464912e+00, -2.551949e+00, 6.102363e-10, 5.378892e-10, 4.070722e+01, -1.656679e-01
7.586000e+08, 8.385759e-02, 9.558108e-01, -1.479482e+00, -2.564792e+00, 6.084223e-10, 5.378475e-10, 4.061215e+01, -1.666394e-01
7.624000e+08, 8.422095e-02, 9.557908e-01, -1.494009e+00, -2.577633e+00, 6.066620e-10, 5.378008e-10, 4.051655e+01, -1.675594e-01
7.662000e+08, 8.457502e-02, 9.557694e-01, -1.508494e+00, -2.590474e+00, 6.049540e-10, 5.377492e-10, 4.042048e+01, -1.684272e-01
7.700000e+08, 8.491966e-02, 9.557465e-01, -1.522938e+00, -2.603313e+00, 6.032970e-10, 5.376932e-10, 4.032399e+01, -1.692425e-01
7.738000e+08, 8.525475e-02, 9.557222e-01, -1.537342e+00, -2.616151e+00, 6.016897e-10, 5.376329e-10, 4.022713e+01, -1.700048e-01
7.776000e+08, 8.558014e-02, 9.556966e-01, -1.551708e+00, -2.628988e+00, 6.001309e-10, 5.375686e-10, 4.012994e+01, -1.707137e-01
7.814000e+08, 8.589570e-02, 9.556698e-01, -1.566037e+00, -2.641823e+00, 5.986195e-10, 5.375006e-10, 4.003248e+01, -1.713689e-01
7.852000e+08, 8.620131e-02, 9.556419e-01, -1.580330e+00, -2.654656e+00, 5.971543e-10, 5.374292e-10, 3.993480e+01, -1.719698e-01
7.890000e+08, 8.649683e-02, 9.556131e-01, -1.594587e+00, -2.667488e+00, 5.957343e-10, 5.373547e-10, 3.983694e+01, -1.725163e-01
7.928000e+08, 8.678213e-02, 9.555834e-01, -1.608811e+00, -2.680318e+00, 5.943585e-10, 5.372775e-10, 3.973897e+01, -1.730079e-01
7.966000e+08, 8.705709e-02, 9.555530e-01, -1.623002e+00, -2.693146e+00, 5.930260e-10, 5.371978e-10, 3.964092e+01, -1.734444e-01
8.004000e+08, 8.732159e-02, 9.555219e-01, -1.637161e+00, -2.705972e+00, 5.917358e-10, 5.371161e-10, 3.954285e+01, -1.738255e-01
8.042000e+08, 8.757550e-02, 9.554903e-01, -1.651290e+00, -2.718797e+00, 5.904871e-10, 5.370327e-10, 3.944481e+01, -1.741510e-01
8.080000e+08, 8.781869e-02, 9.554584e-01, -1.665388e+00, -2.731619e+00, 5.892791e-10, 5.369479e-10, 3.934685e+01, -1.744206e-01
8.118000e+08, 8.805105e-02, 9.554262e-01, -1.679458e+00, -2.744439e+00, 5.881110e-10, 5.368620e-10, 3.924901e+01, -1.746341e-01
8.156000e+08, 8.827246e-02, 9.553939e-01, -1.693500e+00, -2.757257e+00, 5.869820e-10, 5.367755e-10, 3.915135e+01, -1.747915e-01
8.194000e+08, 8.848281e-02, 9.553616e-01, -1.707514e+00, -2.770073e+00, 5.858915e-10, 5.366887e-10, 3.905392e+01, -1.748924e-01
8.232000e+08, 8.868196e-02, 9.553295e-01, -1.721503e+00, -2.782887e+00, 5.848388e-10, 5.366020e-10, 3.895676e+01, -1.749369e-01
8.270000e+08, 8.886982e-02, 9.552976e-01, -1.735467e+00, -2.795699e+00, 5.838234e-10, 5.365156e-10, 3.885992e+01, -1.749248e-01
8.308000e+08, 8.904626e-02, 9.552662e-01, -1.749406e+00, -2.808509e+00, 5.828445e-10, 5.364300e-10, 3.876345e+01, -1.748560e-01
8.346000e+08, 8.921118e-02, 9.552353e-01, -1.763322e+00, -2.821317e+00, 5.819017e-10, 5.363455e-10, 3.866740e+01, -1.747306e-01
8.384000e+08, 8.936446e-02, 9.552050e-01, -1.777216e+00, -2.834123e+00, 5.809945e-10, 5.362624e-10, 3.857182e+01, -1.745484e-01
8.422000e+08, 8.950599e-02, 9.551756e-01, -1.791088e+00, -2.846927e+00, 5.801223e-10, 5.361811e-10, 3.847675e+01, -1.743096e-01
8.460000e+08, 8.963567e-02, 9.551471e-01, -1.804939e+00, -2.859729e+00, 5.792847e-10, 5.361019e-10, 3.838224e+01, -1.740141e-01
8.498000e+08, 8.975340e-02, 9.551196e-01, -1.818770e+00, -2.872529e+00, 5.784812e-10, 5.360251e-10, 3.828834e+01, -1.736621e-01
8.536000e+08, 8.985906e-02, 9.550934e-01, -1.832582e+00, -2.885327e+00, 5.777116e-10, 5.359510e-10, 3.819510e+01, -1.732536e-01
8.574000e+08, 8.995255e-02, 9.550684e-01, -1.846375e+00, -2.898123e+00, 5.769754e-10, 5.358798e-10, 3.810255e+01, -1.727887e-01
8.612000e+08, 9.003378e-02, 9.550447e-01, -1.860151e+00, -2.910918e+00, 5.762722e-10, 5.358119e-10, 3.801075e+01, -1.722677e-01
8.650000e+08, 9.010264e-02, 9.550226e-01, -1.873910e+00, -2.923711e+00, 5.756018e-10, 5.357475e-10, 3.791974e+01, -1.716906e-01
8.688000e+08, 9.015902e-02, 9.550021e-01, -1.887654e+00, -2.936503e+00, 5.749639e-10, 5.356869e-10, 3.782956e+01, -1.710577e-01
8.726000e+08, 9.020285e-02, 9.549833e-01, -1.901381e+00, -2.949293e+00, 5.743583e-10, 5.356303e-10, 3.774026e+01, -1.703693e-01
8.764000e+08, 9.023401e-02, 9.549663e-01, -1.915095e+00, -2.962082e+00, 5.737846e-10, 5.355779e-10, 3.765189e+01, -1.696255e-01
8.802000e+08, 9.025242e-02, 9.549511e-01, -1.928795e+00, -2.974869e+00, 5.732427e-10, 5.355299e-10, 3.756448e+01, -1.688268e-01
8.840000e+08, 9.025799e-02, 9.549379e-01, -1.942481e+00, -2.987655e+00, 5.727325e-10, 5.354865e-10, 3.747809e+01, -1.679733e-01
8.878000e+08, 9.025061e-02, 9.549268e-01, -1.956156e+00, -3.000441e+00, 5.722537e-10, 5.354479e-10, 3.739274e+01, -1.670656e-01
8.916000e+08, 9.023021e-02, 9.549177e-01, -1.969819e+00, -3.013225e+00, 5.718063e-10, 5.354141e-10, 3.730850e+01, -1.661039e-01
8.954000e+08, 9.019669e-02, 9.549108e-01, -1.983472e+00, -3.026009e+00, 5.713901e-10, 5.353854e-10, 3.722538e+01, -1.650886e-01
8.992000e+08, 9.014997e-02, 9.549061e-01, -1.997114e+00, -3.038792e+00, 5.710052e-10, 5.353619e-10, 3.714345e+01, -1.640203e-01
9.030000e+08, 9.008996e-02, 9.549037e-01, -2.010748e+00, -3.051574e+00, 5.706514e-10, 5.353436e-10, 3.706273e+01, -1.628994e-01
9.068000e+08, 9.001658e-02, 9.549036e-01, -2.024373e+00, -3.064356e+00, 5.703287e-10, 5.353305e-10, 3.698327e+01, -1.617263e-01
9.106000e+08, 8.992975e-02, 9.549058e-01, -2.037990e+00, -3.077138e+00, 5.700372e-10, 5.353229e-10, 3.690511e+01, -1.605017e-01
9.144000e+08, 8.982938e-02, 9.549104e-01, -2.051600e+00, -3.089919e+00, 5.697770e-10, 5.353206e-10, 3.682829e+01, -1.592261e-01
9.182000e+08, 8.971541e-02, 9.549174e-01, -2.065204e+00, -3.102700e+00, 5.695480e-10, 5.353238e-10, 3.675285e+01, -1.579000e-01
9.220000e+08, 8.958775e-02, 9.549268e-01, -2.078803e+00, -3.115482e+00, 5.693505e-10, 5.353324e-10, 3.667882e+01, -1.565242e-01
9.258000e+08, 8.944633e-02, 9.549386e-01, -2.092397e+00, -3.128264e+00, 5.691845e-10, 5.353464e-10, 3.660624e+01, -1.550992e-01
9.296000e+08, 8.929108e-02, 9.549528e-01, -2.105987e+00, -3.141045e+00, 5.690503e-10, 5.353658e-10, 3.653516e+01, -1.536258e-01
9.334000e+08, 8.912192e-02, 9.549694e-01, -2.119573e+00, 3.129357e+00, 5.689480e-10, 5.353904e-10, 3.646560e+01, -1.521046e-01
9.372000e+08, 8.893879e-02, 9.549884e-01, -2.133158e+00, 3.116574e+00, 5.688779e-10, 5.354203e-10, 3.639760e+01, -1.505365e-01
9.410000e+08, 8.874162e-02, 9.550098e-01, -2.146740e+00, 3.103791e+00, 5.688404e-10, 5.354554e-10, 3.633120e+01, -1.489221e-01
9.448000e+08, 8.853034e-02, 9.550335e-01, -2.160322e+00, 3.091006e+00, 5.688357e-10, 5.354955e-10, 3.626644e+01, -1.472624e-01
9.486000e+08, 8.830489e-02, 9.550595e-01, -2.173903e+00, 3.078220e+00, 5.688643e-10, 5.355406e-10, 3.620334e+01, -1.455581e-01
9.524000e+08, 8.806521e-02, 9.550878e-01, -2.187486e+00, 3.065434e+00, 5.689265e-10, 5.355905e-10, 3.614195e+01, -1.438102e-01
9.562000e+08, 8.781124e-02, 9.551184e-01, -2.201069e+00, 3.052646e+00, 5.690229e-10, 5.356450e-10, 3.608229e+01, -1.420195e-01
9.600000e+08, 8.754293e-02, 9.551511e-01, -2.214655e+00, 3.039857e+00, 5.691540e-10, 5.357041e-10, 3.602440e+01, -1.401869e-01
9.638000e+08, 8.726021e-02, 9.551860e-01, -2.228245e+00, 3.027066e+00, 5.693203e-10, 5.357675e-10, 3.596831e+01, -1.383135e-01
9.676000e+08, 8.696304e-02, 9.552229e-01, -2.241838e+00, 3.014274e+00, 5.695225e-10, 5.358350e-10, 3.591405e+01, -1.364002e-01
9.714000e+08, 8.665136e-02, 9.552618e-01, -2.255436e+00, 3.001481e+00, 5.697613e-10, 5.359066e-10, 3.586165e+01, -1.344481e-01
9.752000e+08, 8.632512e-02, 9.553027e-01, -2.269039e+00, 2.988685e+00, 5.700375e-10, 5.359819e-10, 3.581115e+01, -1.324581e-01
9.790000e+08, 8.598428e-02, 9.553454e-01, -2.282650e+00, 2.975888e+00, 5.703519e-10, 5.360608e-10, 3.576257e+01, -1.304315e-01
9.828000e+08, 8.562880e-02, 9.553899e-01, -2.296267e+00, 2.963089e+00, 5.707055e-10, 5.361431e-10, 3.571594e+01, -1.283693e-01
9.866000e+08, 8.525864e-02, 9.554362e-01, -2.309894e+00, 2.950288e+00, 5.710991e-10, 5.362285e-10, 3.567129e+01, -1.262727e-01
9.904000e+08, 8.487374e-02, 9.554840e-01, -2.323529e+00, 2.937485e+00, 5.715340e-10, 5.363168e-10, 3.562865e+01, -1.241428e-01
9.942000e+08, 8.447408e-02, 9.555334e-01, -2.337175e+00, 2.924680e+00, 5.720112e-10, 5.364078e-10, 3.558804e+01, -1.219809e-01
9.980000e+08, 8.405963e-02, 9.555843e-01, -2.350833e+00, 2.911873e+00, 5.725320e-10, 5.365013e-10, 3.554949e+01, -1.197882e-01
1.001800e+09, 8.363034e-02, 9.556365e-01, -2.364503e+00, 2.899063e+00, 5.730978e-10, 5.365970e-10, 3.551303e+01, -1.175659e-01
1.005600e+09, 8.318620e-02, 9.556900e-01, -2.378186e+00, 2.886251e+00, 5.737100e-10, 5.366947e-10, 3.547868e+01, -1.153153e-01
1.009400e+09, 8.272717e-02, 9.557446e-01, -2.391884e+00, 2.873437e+00, 5.743703e-10, 5.367941e-10, 3.544647e+01, -1.130378e-01
1.013200e+09, 8.225323e-02, 9.558004e-01, -2.405598e+00, 2.860620e+00, 5.750803e-10, 5.368950e-10, 3.541641e+01, -1.107347e-01
1.017000e+09, 8.176436e-02, 9.558571e-01, -2.419328e+00, 2.847801e+00, 5.758419e-10, 5.369972e-10, 3.538854e+01, -1.084074e-01
1.020800e+09, 8.126054e-02, 9.559148e-01, -2.433077e+00, 2.834980e+00, 5.766572e-10, 5.371005e-10, 3.536287e+01, -1.060572e-01
1.024600e+09, 8.074176e-02, 9.559732e-01, -2.446845e+00, 2.822156e+00, 5.775282e-10, 5.372046e-10, 3.533942e+01, -1.036855e-01
1.028400e+09, 8.020799e-02, 9.560324e-01, -2.460635e+00, 2.809330e+00, 5.784572e-10, 5.373093e-10, 3.531821e+01, -1.012939e-01
1.032200e+09, 7.965924e-02, 9.560921e-01, -2.474446e+00, 2.796501e+00, 5.794468e-10, 5.374144e-10, 3.529927e+01, -9.888381e-02
1.036000e+09, 7.909549e-02, 9.561524e-01, -2.488281e+00, 2.783670e+00, 5.804997e-10, 5.375197e-10, 3.528261e+01, -9.645664e-02
1.039800e+09, 7.851674e-02, 9.562131e-01, -2.502141e+00, 2.770836e+00, 5.816188e-10, 5.376249e-10, 3.526826e+01, -9.401394e-02
1.043600e+09, 7.792298e-02, 9.562741e-01, -2.516028e+00, 2.757999e+00, 5.828072e-10, 5.377298e-10, 3.525621e+01, -9.155724e-02
1.047400e+09, 7.731423e-02, 9.563353e-01, -2.529943e+00, 2.745160e+00, 5.840683e-10, 5.378344e-10, 3.524651e+01, -8.908809e-02
1.051200e+09, 7.669047e-02, 9.563968e-01, -2.543888e+00, 2.732319e+00, 5.854057e-10, 5.379384e-10, 3.523915e+01, -8.660804e-02
1.055000e+09, 7.605173e-02, 9.564582e-01, -2.557865e+00, 2.719475e+00, 5.868235e-10, 5.380415e-10, 3.523415e+01, -8.411870e-02
1.058800e+09, 7.539801e-02, 9.565197e-01, -2.571876e+00, 2.706629e+00, 5.883259e-10, 5.381438e-10, 3.523153e+01, -8.162164e-02
1.062600e+09, 7.472933e-02, 9.565811e-01, -2.585923e+00, 2.693780e+00, 5.899174e-10, 5.382449e-10, 3.523130e+01, -7.911850e-02
1.066400e+09, 7.404570e-02, 9.566423e-01, -2.600008e+00, 2.680929e+00, 5.916032e-10, 5.383448e-10, 3.523347e+01, -7.661090e-02
1.070200e+09, 7.334715e-02, 9.567032e-01, -2.614133e+00, 2.668075e+00, 5.933885e-10, 5.384434e-10, 3.523805e+01, -7.410049e-02
1.074000e+09, 7.263369e-02, 9.567638e-01, -2.628301e+00, 2.655219e+00, 5.952793e-10, 5.385404e-10, 3.524505e+01, -7.158891e-02
1.077800e+09, 7.190536e-02, 9.568241e-01, -2.642514e+00, 2.642361e+00, 5.972819e-10, 5.386359e-10, 3.525448e+01, -6.907784e-02
1.081600e+09, 7.116218e-02, 9.568838e-01, -2.656775e+00, 2.629501e+00, 5.994032e-10, 5.387297e-10, 3.526635e+01, -6.656896e-02
1.085400e+09, 7.040420e-02, 9.569431e-01, -2.671086e+00, 2.616638e+00, 6.016507e-10, 5.388217e-10, 3.528066e+01, -6.406394e-02
1.089200e+09, 6.963145e-02, 9.570018e-01, -2.685451e+00, 2.603773e+00, 6.040324e-10, 5.389118e-10, 3.529743e+01, -6.156449e-02
1.093000e+09, 6.884397e-02, 9.570598e-01, -2.699873e+00, 2.590906e+00, 6.065574e-10, 5.390001e-10, 3.531665e+01, -5.907231e-02
1.096800e+09, 6.804181e-02, 9.571172e-01, -2.714356e+00, 2.578037e+00, 6.092353e-10, 5.390864e-10, 3.533833e+01, -5.658909e-02
1.100600e+09, 6.722502e-02, 9.571738e-01, -2.728902e+00, 2.565165e+00, 6.120766e-10, 5.391707e-10, 3.536248e+01, -5.411656e-02
1.104400e+09, 6.639365e-02, 9.572297e-01, -2.743516e+00, 2.552292e+00, 6.150928e-10, 5.392529e-10, 3.538909e+01, -5.165642e-02
1.108200e+09, 6.554776e-02, 9.572847e-01, -2.758202e+00, 2.539417e+00, 6.182966e-10, 5.393331e-10, 3.541816e+01, -4.921039e-02
1.112000e+09, 6.468741e-02, 9.573389e-01, -2.772964e+00, 2.526540e+00, 6.217017e-10, 5.394113e-10, 3.544970e+01, -4.678018e-02
1.115800e+09, 6.381268e-02, 9.573922e-01, -2.787808e+00, 2.513661e+00, 6.253234e-10, 5.394874e-10, 3.548371e+01, -4.436751e-02
1.119600e+09, 6.292362e-02, 9.574445e-01, -2.802738e+00, 2.500780e+00, 6.291784e-10, 5.395615e-10, 3.552018e+01, -4.197409e-02
1.123400e+09, 6.202032e-02, 9.574960e-01, -2.817761e+00, 2.487897e+00, 6.332849e-10, 5.396336e-10, 3.555911e+01, -3.960163e-02
1.127200e+09, 6.110287e-02, 9.575464e-01, -2.832881e+00, 2.475013e+00, 6.376632e-10, 5.397037e-10, 3.560049e+01, -3.725184e-02
1.131000e+09, 6.017134e-02, 9.575959e-01, -2.848106e+00, 2.462127e+00, 6.423358e-10, 5.397718e-10, 3.564433e+01, -3.492641e-02
1.134800e+09, 5.922582e-02, 9.576443e-01, -2.863443e+00, 2.449239e+00, 6.473273e-10, 5.398381e-10, 3.569060e+01, -3.262705e-02
1.138600e+09, 5.826643e-02, 9.576917e-01, -2.878898e+00, 2.436350e+00, 6.526652e-10, 5.399026e-10, 3.573931e+01, -3.035543e-02
1.142400e+09, 5.729325e-02, 9.577380e-01, -2.894481e+00, 2.423459e+00, 6.583800e-10, 5.399653e-10, 3.579045e+01, -2.811323e-02
1.146200e+09, 5.630640e-02, 9.577833e-01, -2.910201e+00, 2.410567e+00, 6.645058e-10, 5.400263e-10, 3.584401e+01, -2.590212e-02
1.150000e+09, 5.530600e-02, 9.578276e-01, -2.926067e+00, 2.397673e+00, 6.710803e-10, 5.400856e-10, 3.589997e+01, -2.372376e-02
1.153800e+09, 5.429217e-02, 9.578707e-01, -2.942089e+00, 2.384778e+00, 6.781461e-10, 5.401435e-10, 3.595832e+01, -2.157978e-02
1.157600e+09, 5.326504e-02, 9.579128e-01, -2.958281e+00, 2.371881e+00, 6.857507e-10, 5.401999e-10, 3.601906e+01, -1.947182e-02
1.161400e+09, 5.222476e-02, 9.579538e-01, -2.974654e+00, 2.358983e+00, 6.939477e-10, 5.402549e-10, 3.608216e+01, -1.740150e-02
1.165200e+09, 5.117148e-02, 9.579938e-01, -2.991223e+00, 2.346084e+00, 7.027972e-10, 5.403086e-10, 3.614761e+01, -1.537042e-02
1.169000e+09, 5.010535e-02, 9.580326e-01, -3.008003e+00, 2.333184e+00, 7.123674e-10, 5.403612e-10, 3.621540e+01, -1.338015e-02
1.172800e+09, 4.902654e-02, 9.580704e-01, -3.025011e+00, 2.320282e+00, 7.227356e-10, 5.404127e-10, 3.628549e+01, -1.143226e-02
1.176600e+09, 4.793524e-02, 9.581070e-01, -3.042267e+00, 2.307379e+00, 7.339895e-10, 5.404632e-10, 3.635789e+01, -9.528314e-03
1.180400e+09, 4.683165e-02, 9.581427e-01, -3.059792e+00, 2.294475e+00, 7.462292e-10, 5.405128e-10, 3.643256e+01, -7.669826e-03
1.184200e+09, 4.571598e-02, 9.581772e-01, -3.077609e+00, 2.281570e+00, 7.595694e-10, 5.405616e-10, 3.650948e+01, -5.858310e-03
1.188000e+09, 4.458845e-02, 9.582107e-01, -3.095745e+00, 2.268663e+00, 7.741416e-10, 5.406097e-10, 3.658863e+01, -4.095251e-03
1.191800e+09, 4.344931e-02, 9.582431e-01, -3.114228e+00, 2.255756e+00, 7.900972e-10, 5.406571e-10, 3.666999e+01, -2.382117e-03
1.195600e+09, 4.229883e-02, 9.582744e-01, -3.133093e+00, 2.242847e+00, 8.076117e-10, 5.407041e-10, 3.675353e+01, -7.203495e-04
1.199400e+09, 4.113730e-02, 9.583047e-01, 3.130810e+00, 2.229937e+00, 8.268883e-10, 5.407507e-10, 3.683923e+01, 8.886326e-04
1.203200e+09, 3.996505e-02, 9.583339e-01, 3.111067e+00, 2.217026e+00, 8.481645e-10, 5.407969e-10, 3.692704e+01, 2.443435e-03
1.207000e+09, 3.878242e-02, 9.583620e-01, 3.090816e+00, 2.204114e+00, 8.717178e-10, 5.408428e-10, 3.701696e+01, 3.942687e-03
1.210800e+09, 3.758981e-02, 9.583891e-01, 3.070003e+00, 2.191200e+00, 8.978751e-10, 5.408886e-10, 3.710894e+01, 5.385048e-03
1.214600e+09, 3.638764e-02, 9.584151e-01, 3.048565e+00, 2.178286e+00, 9.270221e-10, 5.409342e-10, 3.720295e+01, 6.769199e-03
1.218400e+09, 3.517641e-02, 9.584401e-01, 3.026432e+00, 2.165371e+00, 9.596172e-10, 5.409798e-10, 3.729896e+01, 8.093853e-03
1.222200e+09, 3.395665e-02, 9.584640e-01, 3.003520e+00, 2.152454e+00, 9.962071e-10, 5.410255e-10, 3.739693e+01, 9.357748e-03
1.226000e+09, 3.272898e-02, 9.584869e-01, 2.979734e+00, 2.139537e+00, 1.037448e-09, 5.410712e-10, 3.749683e+01, 1.055965e-02
1.229800e+09, 3.149411e-02, 9.585087e-01, 2.954964e+00, 2.126618e+00, 1.084130e-09, 5.411170e-10, 3.759862e+01, 1.169836e-02
1.233600e+09, 3.025284e-02, 9.585294e-01, 2.929079e+00, 2.113698e+00, 1.137213e-09, 5.411630e-10, 3.770226e+01, 1.277271e-02
1.237400e+09, 2.900611e-02, 9.585490e-01, 2.901927e+00, 2.100777e+00, 1.197867e-09, 5.412092e-10, 3.780771e+01, 1.378155e-02
1.241200e+09, 2.775502e-02, 9.585675e-01, 2.873326e+00, 2.087855e+00, 1.267526e-09, 5.412556e-10, 3.791493e+01, 1.472378e-02
1.245000e+09, 2.650085e-02, 9.585850e-01, 2.843063e+00, 2.074932e+00, 1.347958e-09, 5.413023e-10, 3.802388e+01, 1.559831e-02
1.248800e+09, 2.524514e-02, 9.586013e-01, 2.810879e+00, 2.062008e+00, 1.441353e-09, 5.413493e-10, 3.813450e+01, 1.640410e-02
1.252600e+09, 2.398973e-02, 9.586164e-01, 2.776465e+00, 2.049083e+00, 1.550437e-09, 5.413965e-10, 3.824675e+01, 1.714014e-02
1.256400e+09, 2.273684e-02, 9.586304e-01, 2.739447e+00, 2.036156e+00, 1.678611e-09, 5.414440e-10, 3.836059e+01, 1.780545e-02
1.260200e+09, 2.148922e-02, 9.586432e-01, 2.699368e+00, 2.023229e+00, 1.830127e-09, 5.414918e-10, 3.847597e+01, 1.839910e-02
1.264000e+09, 2.025024e-02, 9.586548e-01, 2.655672e+00, 2.010300e+00, 2.010284e-09, 5.415399e-10, 3.859283e+01, 1.892016e-02
1.267800e+09, 1.902414e-02, 9.586652e-01, 2.607674e+00, 1.997370e+00, 2.225643e-09, 5.415882e-10, 3.871112e+01, 1.936776e-02
1.271600e+09, 1.781627e-02, 9.586744e-01, 2.554534e+00, 1.984439e+00, 2.484195e-09, 5.416367e-10, 3.883079e+01, 1.974108e-02
1.275400e+09, 1.663345e-02, 9.586822e-01, 2.495221e+00, 1.971507e+00, 2.795366e-09, 5.416853e-10, 3.895178e+01, 2.003931e-02
1.279200e+09, 1.548444e-02, 9.586888e-01, 2.428479e+00, 1.958574e+00, 3.169599e-09, 5.417341e-10, 3.907403e+01, 2.026168e-02
1.283000e+09, 1.438057e-02, 9.586940e-01, 2.352801e+00, 1.945639e+00, 3.617007e-09, 5.417830e-10, 3.919749e+01, 2.040748e-02
1.286800e+09, 1.333647e-02, 9.586978e-01, 2.266441e+00, 1.932704e+00, 4.144249e-09, 5.418319e-10, 3.932210e+01, 2.047601e-02
1.290600e+09, 1.237091e-02, 9.587002e-01, 2.167493e+00, 1.919767e+00, 4.748446e-09, 5.418808e-10, 3.944779e+01, 2.046662e-02
1.294400e+09, 1.150754e-02, 9.587012e-01, 2.054118e+00, 1.906829e+00, 5.407370e-09, 5.419296e-10, 3.957449e+01, 2.037872e-02
1.298200e+09, 1.077498e-02, 9.587006e-01, 1.925011e+00, 1.893890e+00, 6.067728e-09, 5.419781e-10, 3.970216e+01, 2.021172e-02
1.302000e+09, 1.020565e-02, 9.586986e-01, 1.780138e+00, 1.880949e+00, 6.639586e-09, 5.420264e-10, 3.983070e+01, 1.996510e-02
1.305800e+09, 9.832196e-03, 9.586949e-01, 1.621610e+00, 1.868008e+00, 7.011230e-09, 5.420744e-10, 3.996007e+01, 1.963838e-02
1.309600e+09, 9.681564e-03, 9.586897e-01, 1.454209e+00, 1.855065e+00, 7.091649e-09, 5.421219e-10, 4.009019e+01, 1.923111e-02
1.313400e+09, 9.768175e-03, 9.586827e-01, 1.284888e+00, 1.842121e+00, 6.859138e-09, 5.421689e-10, 4.022098e+01, 1.874288e-02
1.317200e+09, 1.008980e-02, 9.586741e-01, 1.121119e+00, 1.829176e+00, 6.374442e-09, 5.422152e-10, 4.035238e+01, 1.817334e-02
1.321000e+09, 1.062871e-02, 9.586637e-01, 9.689219e-01, 1.816230e+00, 5.745424e-09, 5.422608e-10, 4.048431e+01, 1.752217e-02
1.324800e+09, 1.135729e-02, 9.586514e-01, 8.317436e-01, 1.803283e+00, 5.076699e-09, 5.423056e-10, 4.061668e+01, 1.678909e-02
1.328600e+09, 1.224466e-02, 9.586373e-01, 7.105318e-01, 1.790335e+00, 4.440296e-09, 5.423494e-10, 4.074944e+01, 1.597387e-02
1.332400e+09, 1.326162e-02, 9.586213e-01, 6.045148e-01, 1.777386e+00, 3.872778e-09, 5.423921e-10, 4.088249e+01, 1.507634e-02
1.336200e+09, 1.438307e-02, 9.586034e-01, 5.120480e-01, 1.764436e+00, 3.385359e-09, 5.424336e-10, 4.101575e+01, 1.409635e-02
1.340000e+09, 1.558858e-02, 9.585834e-01, 4.312188e-01, 1.751485e+00, 2.975208e-09, 5.424738e-10, 4.114915e+01, 1.303380e-02
1.343800e+09, 1.686199e-02, 9.585614e-01, 3.601824e-01, 1.738533e+00, 2.633410e-09, 5.425126e-10, 4.128259e+01, 1.188866e-02
1.347600e+09, 1.819072e-02, 9.585372e-01, 2.973068e-01, 1.725579e+00, 2.349432e-09, 5.425499e-10, 4.141600e+01, 1.066093e-02
1.351400e+09, 1.956499e-02, 9.585109e-01, 2.412116e-01, 1.712625e+00, 2.113241e-09, 5.425855e-10, 4.154929e+01, 9.350646e-03
1.355200e+09, 2.097717e-02, 9.584824e-01, 1.907556e-01, 1.699671e+00, 1.916102e-09, 5.426193e-10, 4.168236e+01, 7.957912e-03
1.359000e+09, 2.242129e-02, 9.584516e-01, 1.450065e-01, 1.686715e+00, 1.750747e-09, 5.426511e-10, 4.181513e+01, 6.482872e-03
1.362800e+09, 2.389261e-02, 9.584184e-01, 1.032055e-01, 1.673759e+00, 1.611263e-09, 5.426810e-10, 4.194751e+01, 4.925720e-03
1.366600e+09, 2.538733e-02, 9.583830e-01, 6.473484e-02, 1.660801e+00, 1.492897e-09, 5.427087e-10, 4.207941e+01, 3.286701e-03
1.370400e+09, 2.690238e-02, 9.583451e-01, 2.909029e-02, 1.647844e+00, 1.391840e-09, 5.427341e-10, 4.221073e+01, 1.566108e-03
1.374200e+09, 2.843526e-02, 9.583047e-01, -4.141422e-03, 1.634885e+00, 1.305045e-09, 5.427572e-10, 4.234138e+01, -2.357147e-04
1.378000e+09, 2.998387e-02, 9.582619e-01, -3.530081e-02, 1.621926e+00, 1.230066e-09, 5.427777e-10, 4.247126e+01, -2.118371e-03
1.381800e+09, 3.154646e-02, 9.582165e-01, -6.467000e-02, 1.608967e+00, 1.164936e-09, 5.427957e-10, 4.260029e+01, -4.081415e-03
1.385600e+09, 3.312155e-02, 9.581685e-01, -9.248413e-02, 1.596007e+00, 1.108059e-09, 5.428109e-10, 4.272836e+01, -6.124348e-03
1.389400e+09, 3.470787e-02, 9.581178e-01, -1.189403e-01, 1.583047e+00, 1.058140e-09, 5.428233e-10, 4.285537e+01, -8.246619e-03
1.393200e+09, 3.630430e-02, 9.580645e-01, -1.442045e-01, 1.570086e+00, 1.014120e-09, 5.428328e-10, 4.298122e+01, -1.044763e-02
1.397000e+09, 3.790987e-02, 9.580085e-01, -1.684178e-01, 1.557126e+00, 9.751267e-10, 5.428393e-10, 4.310583e+01, -1.272672e-02
1.400800e+09, 3.952374e-02, 9.579498e-01, -1.917000e-01, 1.544165e+00, 9.404395e-10, 5.428426e-10, 4.322908e+01, -1.508318e-02
1.404600e+09, 4.114511e-02, 9.578883e-01, -2.141540e-01, 1.531204e+00, 9.094594e-10, 5.428428e-10, 4.335088e+01, -1.751625e-02
1.408400e+09, 4.277329e-02, 9.578239e-01, -2.358684e-01, 1.518243e+00, 8.816855e-10, 5.428396e-10, 4.347113e+01, -2.002512e-02
1.412200e+09, 4.440765e-02, 9.577568e-01, -2.569196e-01, 1.505282e+00, 8.566969e-10, 5.428331e-10, 4.358973e+01, -2.260892e-02
1.416000e+09, 4.604759e-02, 9.576867e-01, -2.773742e-01, 1.492321e+00, 8.341384e-10, 5.428231e-10, 4.370657e+01, -2.526673e-02
1.419800e+09, 4.769257e-02, 9.576138e-01, -2.972901e-01, 1.479361e+00, 8.137087e-10, 5.428096e-10, 4.382156e+01, -2.799758e-02
1.423600e+09, 4.934208e-02, 9.575380e-01, -3.167183e-01, 1.466401e+00, 7.951507e-10, 5.427925e-10, 4.393459e+01, -3.080043e-02
1.427400e+09, 5.099565e-02, 9.574593e-01, -3.357034e-01, 1.453441e+00, 7.782447e-10, 5.427717e-10, 4.404557e+01, -3.367421e-02
1.431200e+09, 5.265281e-02, 9.573777e-01, -3.542849e-01, 1.440482e+00, 7.628015e-10, 5.427473e-10, 4.415439e+01, -3.661778e-02
1.435000e+09, 5.431313e-02, 9.572931e-01, -3.724976e-01, 1.427523e+00, 7.486582e-10, 5.427191e-10, 4.426096e+01, -3.962997e-02
1.438800e+09, 5.597621e-02, 9.572055e-01, -3.903727e-01, 1.414565e+00, 7.356734e-10, 5.426871e-10, 4.436517e+01, -4.270951e-02
1.442600e+09, 5.764164e-02, 9.571150e-01, -4.079377e-01, 1.401608e+00, 7.237241e-10, 5.426513e-10, 4.446694e+01, -4.585514e-02
1.446400e+09, 5.930903e-02, 9.570215e-01, -4.252174e-01, 1.388651e+00, 7.127033e-10, 5.426116e-10, 4.456616e+01, -4.906550e-02
1.450200e+09, 6.097801e-02, 9.569251e-01, -4.422340e-01, 1.375696e+00, 7.025170e-10, 5.425681e-10, 4.466273e+01, -5.233919e-02
1.454000e+09, 6.264823e-02, 9.568257e-01, -4.590073e-01, 1.362741e+00, 6.930827e-10, 5.425206e-10, 4.475656e+01, -5.567479e-02
1.457800e+09, 6.431932e-02, 9.567233e-01, -4.755554e-01, 1.349788e+00, 6.843280e-10, 5.424693e-10, 4.484757e+01, -5.907078e-02
1.461600e+09, 6.599094e-02, 9.566180e-01, -4.918945e-01, 1.336836e+00, 6.761886e-10, 5.424140e-10, 4.493564e+01, -6.252563e-02
1.465400e+09, 6.766275e-02, 9.565098e-01, -5.080393e-01, 1.323885e+00, 6.686076e-10, 5.423548e-10, 4.502071e+01, -6.603775e-02
1.469200e+09, 6.933442e-02, 9.563987e-01, -5.240030e-01, 1.310936e+00, 6.615346e-10, 5.422917e-10, 4.510266e+01, -6.960548e-02
1.473000e+09, 7.100562e-02, 9.562847e-01, -5.397979e-01, 1.297988e+00, 6.549245e-10, 5.422247e-10, 4.518143e+01, -7.322716e-02
1.476800e+09, 7.267602e-02, 9.561678e-01, -5.554349e-01, 1.285042e+00, 6.487373e-10, 5.421538e-10, 4.525693e+01, -7.690104e-02
1.480600e+09, 7.434532e-02, 9.560481e-01, -5.709243e-01, 1.272097e+00, 6.429369e-10, 5.420791e-10, 4.532906e+01, -8.062534e-02
1.484400e+09, 7.601318e-02, 9.559256e-01, -5.862751e-01, 1.259155e+00, 6.374910e-10, 5.420005e-10, 4.539776e+01, -8.439826e-02
1.488200e+09, 7.767931e-02, 9.558003e-01, -6.014959e-01, 1.246214e+00, 6.323708e-10, 5.419181e-10, 4.546295e+01, -8.821792e-02
1.492000e+09, 7.934339e-02, 9.556722e-01, -6.165944e-01, 1.233275e+00, 6.275500e-10, 5.418320e-10, 4.552454e+01, -9.208242e-02
1.495800e+09, 8.100511e-02, 9.555415e-01, -6.315779e-01, 1.220338e+00, 6.230052e-10, 5.417422e-10, 4.558247e+01, -9.598981e-02
1.499600e+09, 8.266418e-02, 9.554081e-01, -6.464528e-01, 1.207403e+00, 6.187149e-10, 5.416487e-10, 4.563667e+01, -9.993813e-02
1.503400e+09, 8.432029e-02, 9.552720e-01, -6.612253e-01, 1.194471e+00, 6.146599e-10, 5.415516e-10, 4.568707e+01, -1.039253e-01
1.507200e+09, 8.597314e-02, 9.551334e-01, -6.759010e-01, 1.181541e+00, 6.108226e-10, 5.414510e-10, 4.573361e+01, -1.079494e-01
1.511000e+09, 8.762244e-02, 9.549923e-01, -6.904851e-01, 1.168613e+00, 6.071871e-10, 5.413469e-10, 4.577623e+01, -1.120082e-01
1.514800e+09, 8.926790e-02, 9.548487e-01, -7.049823e-01, 1.155688e+00, 6.037389e-10, 5.412394e-10, 4.581487e+01, -1.160997e-01
1.518600e+09, 9.090922e-02, 9.547027e-01, -7.193973e-01, 1.142765e+00, 6.004646e-10, 5.411286e-10, 4.584949e+01, -1.202217e-01
1.522400e+09, 9.254610e-02, 9.545543e-01, -7.337340e-01, 1.129845e+00, 5.973522e-10, 5.410145e-10, 4.588002e+01, -1.243720e-01
1.526200e+09, 9.417827e-02, 9.544036e-01, -7.479965e-01, 1.116928e+00, 5.943906e-10, 5.408973e-10, 4.590643e+01, -1.285484e-01
1.530000e+09, 9.580543e-02, 9.542507e-01, -7.621882e-01, 1.104013e+00, 5.915697e-10, 5.407769e-10, 4.592867e+01, -1.327488e-01
1.533800e+09, 9.742730e-02, 9.540957e-01, -7.763126e-01, 1.091102e+00, 5.888802e-10, 5.406536e-10, 4.594670e+01, -1.369708e-01
1.537600e+09, 9.904359e-02, 9.539385e-01, -7.903727e-01, 1.078193e+00, 5.863134e-10, 5.405273e-10, 4.596050e+01, -1.412122e-01
1.541400e+09, 1.006540e-01, 9.537793e-01, -8.043716e-01, 1.065287e+00, 5.838616e-10, 5.403983e-10, 4.597003e+01, -1.454707e-01
1.545200e+09, 1.022583e-01, 9.536181e-01, -8.183120e-01, 1.052385e+00, 5.815175e-10, 5.402665e-10, 4.597526e+01, -1.497440e-01
1.549000e+09, 1.038562e-01, 9.534551e-01, -8.321963e-01, 1.039485e+00, 5.792743e-10, 5.401321e-10, 4.597617e+01, -1.540298e-01
1.552800e+09, 1.054474e-01, 9.532902e-01, -8.460271e-01, 1.026589e+00, 5.771260e-10, 5.399952e-10, 4.597275e+01, -1.583258e-01
1.556600e+09, 1.070315e-01, 9.531236e-01, -8.598067e-01, 1.013696e+00, 5.750668e-10, 5.398558e-10, 4.596498e+01, -1.626297e-01
1.560400e+09, 1.086085e-01, 9.529553e-01, -8.735370e-01, 1.000806e+00, 5.730914e-10, 5.397142e-10, 4.595285e+01, -1.669390e-01
1.564200e+09, 1.101779e-01, 9.527855e-01, -8.872202e-01, 9.879199e-01, 5.711950e-10, 5.395704e-10, 4.593636e+01, -1.712515e-01
1.568000e+09, 1.117395e-01, 9.526141e-01, -9.008581e-01, 9.750371e-01, 5.693729e-10, 5.394244e-10, 4.591550e+01, -1.755648e-01
1.571800e+09, 1.132931e-01, 9.524414e-01, -9.144525e-01, 9.621577e-01, 5.676212e-10, 5.392765e-10, 4.589028e+01, -1.798766e-01
1.575600e+09, 1.148383e-01, 9.522673e-01, -9.280051e-01, 9.492819e-01, 5.659357e-10, 5.391267e-10, 4.586071e+01, -1.841845e-01
1.579400e+09, 1.163749e-01, 9.520920e-01, -9.415175e-01, 9.364096e-01, 5.643129e-10, 5.389752e-10, 4.582679e+01, -1.884861e-01
1.583200e+09, 1.179026e-01, 9.519155e-01, -9.549910e-01, 9.235410e-01, 5.627494e-10, 5.388219e-10, 4.578854e+01, -1.927792e-01
1.587000e+09, 1.194212e-01, 9.517379e-01, -9.684273e-01, 9.106760e-01, 5.612420e-10, 5.386672e-10, 4.574599e+01, -1.970614e-01
1.590800e+09, 1.209304e-01, 9.515593e-01, -9.818276e-01, 8.978148e-01, 5.597879e-10, 5.385110e-10, 4.569915e+01, -2.013303e-01
1.594600e+09, 1.224300e-01, 9.513799e-01, -9.951931e-01, 8.849572e-01, 5.583842e-10, 5.383535e-10, 4.564806e+01, -2.055837e-01
1.598400e+09, 1.239196e-01, 9.511996e-01, -1.008525e+00, 8.721034e-01, 5.570285e-10, 5.381947e-10, 4.559274e+01, -2.098193e-01
1.602200e+09, 1.253990e-01, 9.510186e-01, -1.021825e+00, 8.592534e-01, 5.557183e-10, 5.380349e-10, 4.553323e+01, -2.140348e-01
1.606000e+09, 1.268680e-01, 9.508370e-01, -1.035093e+00, 8.464073e-01, 5.544515e-10, 5.378741e-10, 4.546957e+01, -2.182278e-01
1.609800e+09, 1.283262e-01, 9.506548e-01, -1.048331e+00, 8.335649e-01, 5.532259e-10, 5.377124e-10, 4.540181e+01, -2.223963e-01
1.613600e+09, 1.297736e-01, 9.504722e-01, -1.061540e+00, 8.207265e-01, 5.520396e-10, 5.375499e-10, 4.532998e+01, -2.265378e-01
1.617400e+09, 1.312097e-01, 9.502892e-01, -1.074721e+00, 8.078919e-01, 5.508907e-10, 5.373868e-10, 4.525414e+01, -2.306504e-01
1.621200e+09, 1.326344e-01, 9.501060e-01, -1.087874e+00, 7.950612e-01, 5.497775e-10, 5.372230e-10, 4.517434e+01, -2.347316e-01
1.625000e+09, 1.340474e-01, 9.499226e-01, -1.101000e+00, 7.822344e-01, 5.486985e-10, 5.370589e-10, 4.509063e+01, -2.387795e-01
1.628800e+09, 1.354484e-01, 9.497391e-01, -1.114101e+00, 7.694115e-01, 5.476522e-10, 5.368944e-10, 4.500309e+01, -2.427919e-01
1.632600e+09, 1.368372e-01, 9.495556e-01, -1.127177e+00, 7.565925e-01, 5.466370e-10, 5.367296e-10, 4.491176e+01, -2.467666e-01
1.636400e+09, 1.382136e-01, 9.493721e-01, -1.140229e+00, 7.437775e-01, 5.456517e-10, 5.365647e-10, 4.481672e+01, -2.507016e-01
1.640200e+09, 1.395773e-01, 9.491889e-01, -1.153257e+00, 7.309665e-01, 5.446951e-10, 5.363997e-10, 4.471803e+01, -2.545949e-01
1.644000e+09, 1.409281e-01, 9.490059e-01, -1.166262e+00, 7.181593e-01, 5.437659e-10, 5.362348e-10, 4.461576e+01, -2.584445e-01
1.647800e+09, 1.422657e-01, 9.488233e-01, -1.179245e+00, 7.053561e-01, 5.428631e-10, 5.360700e-10, 4.450999e+01, -2.622483e-01
1.651600e+09, 1.435899e-01, 9.486412e-01, -1.192206e+00, 6.925569e-01, 5.419856e-10, 5.359055e-10, 4.440079e+01, -2.660045e-01
1.655400e+09, 1.449005e-01, 9.484596e-01, -1.205147e+00, 6.797615e-01, 5.411324e-10, 5.357413e-10, 4.428824e+01, -2.697111e-01
1.659200e+09, 1.461972e-01, 9.482786e-01, -1.218067e+00, 6.669701e-01, 5.403027e-10, 5.355775e-10, 4.417242e+01, -2.733662e-01
1.663000e+09, 1.474799e-01, 9.480984e-01, -1.230967e+00, 6.541826e-01, 5.394955e-10, 5.354142e-10, 4.405342e+01, -2.769681e-01
1.666800e+09, 1.487482e-01, 9.479189e-01, -1.243848e+00, 6.413990e-01, 5.387100e-10, 5.352516e-10, 4.393130e+01, -2.805149e-01
1.670600e+09, 1.500019e-01, 9.477403e-01, -1.256711e+00, 6.286193e-01, 5.379456e-10, 5.350896e-10, 4.380617e+01, -2.840048e-01
1.674400e+09, 1.512409e-01, 9.475628e-01, -1.269555e+00, 6.158434e-01, 5.372013e-10, 5.349284e-10, 4.367810e+01, -2.874361e-01
1.678200e+09, 1.524649e-01, 9.473862e-01, -1.282381e+00, 6.030714e-01, 5.364767e-10, 5.347680e-10, 4.354719e+01, -2.908072e-01
1.682000e+09, 1.536737e-01, 9.472109e-01, -1.295190e+00, 5.903032e-01, 5.357709e-10, 5.346086e-10, 4.341352e+01, -2.941164e-01
1.685800e+09, 1.548670e-01, 9.470367e-01, -1.307982e+00, 5.775389e-01, 5.350835e-10, 5.344502e-10, 4.327719e+01, -2.973621e-01
1.689600e+09, 1.560446e-01, 9.468639e-01, -1.320758e+00, 5.647783e-01, 5.344138e-10, 5.342928e-10, 4.313828e+01, -3.005427e-01
1.693400e+09, 1.572064e-01, 9.466925e-01, -1.333517e+00, 5.520215e-01, 5.337613e-10, 5.341367e-10, 4.299689e+01, -3.036567e-01
1.697200e+09, 1.583521e-01, 9.465225e-01, -1.346262e+00, 5.392683e-01, 5.331255e-10, 5.339818e-10, 4.285312e+01, -3.067025e-01
1.701000e+09, 1.594815e-01, 9.463541e-01, -1.358991e+00, 5.265189e-01, 5.325059e-10, 5.338282e-10, 4.270705e+01, -3.096788e-01
1.704800e+09, 1.605944e-01, 9.461874e-01, -1.371705e+00, 5.137732e-01, 5.319021e-10, 5.336760e-10, 4.255877e+01, -3.125842e-01
1.708600e+09, 1.616906e-01, 9.460224e-01, -1.384404e+00, 5.010311e-01, 5.313136e-10, 5.335253e-10, 4.240840e+01, -3.154172e-01
1.712400e+09, 1.627698e-01, 9.458592e-01, -1.397090e+00, 4.882926e-01, 5.307400e-10, 5.333761e-10, 4.225601e+01, -3.181765e-01
1.716200e+09, 1.638320e-01, 9.456978e-01, -1.409762e+00, 4.755577e-01, 5.301810e-10, 5.332285e-10, 4.210170e+01, -3.208608e-01
1.720000e+09, 1.648768e-01, 9.455385e-01, -1.422421e+00, 4.628262e-01, 5.296362e-10, 5.330825e-10, 4.194558e+01, -3.234690e-01
1.723800e+09, 1.659041e-01, 9.453811e-01, -1.435067e+00, 4.500983e-01, 5.291052e-10, 5.329383e-10, 4.178773e+01, -3.259997e-01
1.727600e+09, 1.669136e-01, 9.452259e-01, -1.447699e+00, 4.373738e-01, 5.285878e-10, 5.327959e-10, 4.162825e+01, -3.284518e-01
1.731400e+09, 1.679053e-01, 9.450728e-01, -1.460320e+00, 4.246527e-01, 5.280837e-10, 5.326554e-10, 4.146723e+01, -3.308241e-01
1.735200e+09, 1.688789e-01, 9.449220e-01, -1.472929e+00, 4.119350e-01, 5.275925e-10, 5.325168e-10, 4.130478e+01, -3.331156e-01
1.739000e+09, 1.698341e-01, 9.447735e-01, -1.485526e+00, 3.992206e-01, 5.271140e-10, 5.323802e-10, 4.114097e+01, -3.353252e-01
1.742800e+09, 1.707709e-01, 9.446274e-01, -1.498111e+00, 3.865094e-01, 5.266480e-10, 5.322456e-10, 4.097592e+01, -3.374518e-01
1.746600e+09, 1.716890e-01, 9.444838e-01, -1.510685e+00, 3.738014e-01, 5.261942e-10, 5.321132e-10, 4.080970e+01, -3.394945e-01
1.750400e+09, 1.725883e-01, 9.443427e-01, -1.523249e+00, 3.610967e-01, 5.257524e-10, 5.319829e-10, 4.064242e+01, -3.414524e-01
1.754200e+09, 1.734685e-01, 9.442043e-01, -1.535802e+00, 3.483950e-01, 5.253224e-10, 5.318549e-10, 4.047417e+01, -3.433245e-01
1.758000e+09, 1.743296e-01, 9.440685e-01, -1.548344e+00, 3.356964e-01, 5.249040e-10, 5.317291e-10, 4.030503e+01, -3.451099e-01
1.761800e+09, 1.751712e-01, 9.439355e-01, -1.560877e+00, 3.230007e-01, 5.244971e-10, 5.316058e-10, 4.013509e+01, -3.468078e-01
1.765600e+09, 1.759933e-01, 9.438053e-01, -1.573400e+00, 3.103081e-01, 5.241015e-10, 5.314848e-10, 3.996446e+01, -3.484174e-01
1.769400e+09, 1.767956e-01, 9.436779e-01, -1.585913e+00, 2.976183e-01, 5.237170e-10, 5.313664e-10, 3.979321e+01, -3.499380e-01
1.773200e+09, 1.775780e-01, 9.435535e-01, -1.598418e+00, 2.849313e-01, 5.233435e-10, 5.312505e-10, 3.962144e+01, -3.513687e-01
1.777000e+09, 1.783404e-01, 9.434321e-01, -1.610913e+00, 2.722471e-01, 5.229808e-10, 5.311372e-10, 3.944923e+01, -3.527089e-01
1.780800e+09, 1.790825e-01, 9.433138e-01, -1.623400e+00, 2.595656e-01, 5.226288e-10, 5.310265e-10, 3.927666e+01, -3.539579e-01
1.784600e+09, 1.798042e-01, 9.431986e-01, -1.635878e+00, 2.468868e-01, 5.222875e-10, 5.309186e-10, 3.910383e+01, -3.551152e-01
1.788400e+09, 1.805054e-01, 9.430866e-01, -1.648348e+00, 2.342105e-01, 5.219567e-10, 5.308135e-10, 3.893082e+01, -3.561800e-01
1.792200e+09, 1.811858e-01, 9.429778e-01, -1.660811e+00, 2.215368e-01, 5.216362e-10, 5.307112e-10, 3.875771e+01, -3.571518e-01
1.796000e+09, 1.818454e-01, 9.428724e-01, -1.673265e+00, 2.088654e-01, 5.213261e-10, 5.306118e-10, 3.858458e+01, -3.580302e-01
1.799800e+09, 1.824839e-01, 9.427703e-01, -1.685713e+00, 1.961965e-01, 5.210263e-10, 5.305153e-10, 3.841152e+01, -3.588145e-01
1.803600e+09, 1.831013e-01, 9.426717e-01, -1.698153e+00, 1.835299e-01, 5.207365e-10, 5.304219e-10, 3.823860e+01, -3.595043e-01
1.807400e+09, 1.836973e-01, 9.425765e-01, -1.710586e+00, 1.708655e-01, 5.204569e-10, 5.303316e-10, 3.806591e+01, -3.600992e-01
1.811200e+09, 1.842718e-01, 9.424849e-01, -1.723012e+00, 1.582032e-01, 5.201874e-10, 5.302444e-10, 3.789352e+01, -3.605988e-01
1.815000e+09, 1.848247e-01, 9.423968e-01, -1.735432e+00, 1.455430e-01, 5.199277e-10, 5.301604e-10, 3.772151e+01, -3.610027e-01
1.818800e+09, 1.853558e-01, 9.423124e-01, -1.747846e+00, 1.328849e-01, 5.196781e-10, 5.300797e-10, 3.754995e+01, -3.613106e-01
1.822600e+09, 1.858650e-01, 9.422317e-01, -1.760254e+00, 1.202286e-01, 5.194383e-10, 5.300023e-10, 3.737892e+01, -3.615221e-01
1.826400e+09, 1.863521e-01, 9.421548e-01, -1.772656e+00, 1.075742e-01, 5.192083e-10, 5.299283e-10, 3.720850e+01, -3.616370e-01
1.830200e+09, 1.868171e-01, 9.420816e-01, -1.785053e+00, 9.492162e-02, 5.189882e-10, 5.298578e-10, 3.703875e+01, -3.616551e-01
1.834000e+09, 1.872597e-01, 9.420123e-01, -1.797444e+00, 8.227068e-02, 5.187778e-10, 5.297907e-10, 3.686975e+01, -3.615760e-01
1.837800e+09, 1.876799e-01, 9.419468e-01, -1.809831e+00, 6.962134e-02, 5.185772e-10, 5.297272e-10, 3.670157e+01, -3.613998e-01
1.841600e+09, 1.880775e-01, 9.418853e-01, -1.822212e+00, 5.697352e-02, 5.183863e-10, 5.296674e-10, 3.653428e+01, -3.611261e-01
1.845400e+09, 1.884523e-01, 9.418278e-01, -1.834589e+00, 4.432712e-02, 5.182051e-10, 5.296112e-10, 3.636794e+01, -3.607549e-01
1.849200e+09, 1.888043e-01, 9.417742e-01, -1.846962e+00, 3.168207e-02, 5.180336e-10, 5.295588e-10, 3.620263e+01, -3.602862e-01
1.853000e+09, 1.891334e-01, 9.417248e-01, -1.859331e+00, 1.903827e-02, 5.178718e-10, 5.295101e-10, 3.603841e+01, -3.597198e-01
1.856800e+09, 1.894394e-01, 9.416794e-01, -1.871695e+00, 6.395631e-03, 5.177196e-10, 5.294653e-10, 3.587535e+01, -3.590558e-01
1.860600e+09, 1.897221e-01, 9.416381e-01, -1.884057e+00, -6.245938e-03, 5.175771e-10, 5.294245e-10, 3.571350e+01, -3.582941e-01
1.864400e+09, 1.899815e-01, 9.416011e-01, -1.896414e+00, -1.888653e-02, 5.174443e-10, 5.293876e-10, 3.555294e+01, -3.574349e-01
1.868200e+09, 1.902175e-01, 9.415682e-01, -1.908769e+00, -3.152625e-02, 5.173211e-10, 5.293547e-10, 3.539373e+01, -3.564782e-01
1.872000e+09, 1.904300e-01, 9.415396e-01, -1.921120e+00, -4.416517e-02, 5.172076e-10, 5.293260e-10, 3.523593e+01, -3.554242e-01
1.875800e+09, 1.906187e-01, 9.415152e-01, -1.933469e+00, -5.680342e-02, 5.171037e-10, 5.293013e-10, 3.507959e+01, -3.542730e-01
1.879600e+09, 1.907837e-01, 9.414952e-01, -1.945816e+00, -6.944107e-02, 5.170095e-10, 5.292809e-10, 3.492479e+01, -3.530248e-01
1.883400e+09, 1.909249e-01, 9.414794e-01, -1.958160e+00, -8.207824e-02, 5.169250e-10, 5.292647e-10, 3.477157e+01, -3.516798e-01
1.887200e+09, 1.910420e-01, 9.414681e-01, -1.970502e+00, -9.471501e-02, 5.168501e-10, 5.292528e-10, 3.462001e+01, -3.502385e-01
1.891000e+09, 1.911351e-01, 9.414611e-01, -1.982843e+00, -1.073515e-01, 5.167849e-10, 5.292452e-10, 3.447014e+01, -3.487009e-01
1.894800e+09, 1.912039e-01, 9.414584e-01, -1.995181e+00, -1.199878e-01, 5.167294e-10, 5.292420e-10, 3.432204e+01, -3.470676e-01
1.898600e+09, 1.912485e-01, 9.414603e-01, -2.007519e+00, -1.326241e-01, 5.166836e-10, 5.292432e-10, 3.417575e+01, -3.453390e-01
1.902400e+09, 1.912687e-01, 9.414665e-01, -2.019855e+00, -1.452603e-01, 5.166474e-10, 5.292490e-10, 3.403134e+01, -3.435154e-01
1.906200e+09, 1.912645e-01, 9.414772e-01, -2.032191e+00, -1.578967e-01, 5.166210e-10, 5.292592e-10, 3.388886e+01, -3.415973e-01
1.910000e+09, 1.912356e-01, 9.414923e-01, -2.044526e+00, -1.705334e-01, 5.166044e-10, 5.292740e-10, 3.374835e+01, -3.395853e-01
1.913800e+09, 1.911822e-01, 9.415120e-01, -2.056860e+00, -1.831704e-01, 5.165975e-10, 5.292934e-10, 3.360988e+01, -3.374800e-01
1.917600e+09, 1.911040e-01, 9.415361e-01, -2.069194e+00, -1.958078e-01, 5.166003e-10, 5.293174e-10, 3.347349e+01, -3.352820e-01
1.921400e+09, 1.910010e-01, 9.415647e-01, -2.081529e+00, -2.084459e-01, 5.166129e-10, 5.293460e-10, 3.333924e+01, -3.329919e-01
1.925200e+09, 1.908730e-01, 9.415978e-01, -2.093864e+00, -2.210846e-01, 5.166353e-10, 5.293794e-10, 3.320718e+01, -3.306105e-01
1.929000e+09, 1.907201e-01, 9.416354e-01, -2.106199e+00, -2.337241e-01, 5.166676e-10, 5.294175e-10, 3.307735e+01, -3.281385e-01
1.932800e+09, 1.905422e-01, 9.416775e-01, -2.118535e+00, -2.463645e-01, 5.167096e-10, 5.294603e-10, 3.294981e+01, -3.255767e-01
1.936600e+09, 1.903391e-01, 9.417241e-01, -2.130872e+00, -2.590060e-01, 5.167615e-10, 5.295078e-10, 3.282461e+01, -3.229260e-01
1.940400e+09, 1.901108e-01, 9.417752e-01, -2.143210e+00, -2.716486e-01, 5.168233e-10, 5.295602e-10, 3.270180e+01, -3.201874e-01
1.944200e+09, 1.898572e-01, 9.418307e-01, -2.155550e+00, -2.842924e-01, 5.168949e-10, 5.296173e-10, 3.258141e+01, -3.173617e-01
1.948000e+09, 1.895783e-01, 9.418908e-01, -2.167891e+00, -2.969376e-01, 5.169765e-10, 5.296792e-10, 3.246350e+01, -3.144501e-01
1.951800e+09, 1.892740e-01, 9.419553e-01, -2.180235e+00, -3.095843e-01, 5.170680e-10, 5.297460e-10, 3.234812e+01, -3.114536e-01
1.955600e+09, 1.889443e-01, 9.420242e-01, -2.192580e+00, -3.222326e-01, 5.171694e-10, 5.298175e-10, 3.223531e+01, -3.083733e-01
1.959400e+09, 1.885890e-01, 9.420976e-01, -2.204928e+00, -3.348825e-01, 5.172809e-10, 5.298939e-10, 3.212511e+01, -3.052105e-01
1.963200e+09, 1.882081e-01, 9.421753e-01, -2.217279e+00, -3.475343e-01, 5.174023e-10, 5.299751e-10, 3.201758e+01, -3.019663e-01
1.967000e+09, 1.878016e-01, 9.422574e-01, -2.229632e+00, -3.601881e-01, 5.175339e-10, 5.300611e-10, 3.191275e+01, -2.986422e-01
1.970800e+09, 1.873694e-01, 9.423439e-01, -2.241989e+00, -3.728439e-01, 5.176755e-10, 5.301519e-10, 3.181066e+01, -2.952394e-01
1.974600e+09, 1.869115e-01, 9.424347e-01, -2.254349e+00, -3.855018e-01, 5.178272e-10, 5.302475e-10, 3.171137e+01, -2.917594e-01
1.978400e+09, 1.864278e-01, 9.425298e-01, -2.266713e+00, -3.981621e-01, 5.179891e-10, 5.303478e-10, 3.161490e+01, -2.882037e-01
1.982200e+09, 1.859182e-01, 9.426292e-01, -2.279080e+00, -4.108247e-01, 5.181612e-10, 5.304529e-10, 3.152131e+01, -2.845739e-01
1.986000e+09, 1.853828e-01, 9.427328e-01, -2.291452e+00, -4.234899e-01, 5.183435e-10, 5.305627e-10, 3.143063e+01, -2.808715e-01
1.989800e+09, 1.848215e-01, 9.428405e-01, -2.303828e+00, -4.361576e-01, 5.185362e-10, 5.306772e-10, 3.134291e+01, -2.770983e-01
1.993600e+09, 1.842343e-01, 9.429524e-01, -2.316209e+00, -4.488281e-01, 5.187392e-10, 5.307964e-10, 3.125818e+01, -2.732559e-01
1.997400e+09, 1.836211e-01, 9.430684e-01, -2.328594e+00, -4.615015e-01, 5.189526e-10, 5.309201e-10, 3.117647e+01, -2.693463e-01
2.001200e+09, 1.829819e-01, 9.431884e-01, -2.340985e+00, -4.741778e-01, 5.191765e-10, 5.310485e-10, 3.109784e+01, -2.653712e-01
2.005000e+09, 1.823167e-01, 9.433124e-01, -2.353381e+00, -4.868572e-01, 5.194110e-10, 5.311814e-10, 3.102232e+01, -2.613327e-01
2.008800e+09, 1.816254e-01, 9.434403e-01, -2.365782e+00, -4.995397e-01, 5.196561e-10, 5.313187e-10, 3.094993e+01, -2.572326e-01
2.012600e+09, 1.809081e-01, 9.435721e-01, -2.378190e+00, -5.122255e-01, 5.199120e-10, 5.314606e-10, 3.088072e+01, -2.530731e-01
2.016400e+09, 1.801647e-01, 9.437078e-01, -2.390603e+00, -5.249147e-01, 5.201787e-10, 5.316068e-10, 3.081473e+01, -2.488562e-01
2.020200e+09, 1.793952e-01, 9.438472e-01, -2.403023e+00, -5.376074e-01, 5.204563e-10, 5.317573e-10, 3.075199e+01, -2.445842e-01
2.024000e+09, 1.785996e-01, 9.439902e-01, -2.415449e+00, -5.503037e-01, 5.207449e-10, 5.319120e-10, 3.069252e+01, -2.402594e-01
2.027800e+09, 1.777779e-01, 9.441369e-01, -2.427883e+00, -5.630037e-01, 5.210448e-10, 5.320710e-10, 3.063637e+01, -2.358839e-01
2.031600e+09, 1.769300e-01, 9.442872e-01, -2.440323e+00, -5.757075e-01, 5.213559e-10, 5.322341e-10, 3.058356e+01, -2.314603e-01
2.035400e+09, 1.760561e-01, 9.444409e-01, -2.452771e+00, -5.884152e-01, 5.216785e-10, 5.324012e-10, 3.053413e+01, -2.269909e-01
2.039200e+09, 1.751561e-01, 9.445981e-01, -2.465227e+00, -6.011268e-01, 5.220126e-10, 5.325724e-10, 3.048810e+01, -2.224781e-01
2.043000e+09, 1.742300e-01, 9.447586e-01, -2.477690e+00, -6.138426e-01, 5.223586e-10, 5.327474e-10, 3.044551e+01, -2.179247e-01
2.046800e+09, 1.732778e-01, 9.449223e-01, -2.490162e+00, -6.265625e-01, 5.227166e-10, 5.329262e-10, 3.040638e+01, -2.133331e-01
2.050600e+09, 1.722995e-01, 9.450892e-01, -2.502643e+00, -6.392867e-01, 5.230867e-10, 5.331088e-10, 3.037074e+01, -2.087060e-01
2.054400e+09, 1.712952e-01, 9.452591e-01, -2.515132e+00, -6.520153e-01, 5.234693e-10, 5.332950e-10, 3.033862e+01, -2.040462e-01
2.058200e+09, 1.702649e-01, 9.454321e-01, -2.527630e+00, -6.647483e-01, 5.238645e-10, 5.334848e-10, 3.031003e+01, -1.993563e-01
2.062000e+09, 1.692086e-01, 9.456080e-01, -2.540138e+00, -6.774858e-01, 5.242726e-10, 5.336780e-10, 3.028501e+01, -1.946392e-01
2.065800e+09, 1.681263e-01, 9.457867e-01, -2.552656e+00, -6.902280e-01, 5.246940e-10, 5.338746e-10, 3.026358e+01, -1.898978e-01
2.069600e+09, 1.670181e-01, 9.459681e-01, -2.565184e+00, -7.029748e-01, 5.251289e-10, 5.340745e-10, 3.024576e+01, -1.851349e-01
2.073400e+09, 1.658840e-01, 9.461522e-01, -2.577722e+00, -7.157264e-01, 5.255776e-10, 5.342775e-10, 3.023157e+01, -1.803535e-01
2.077200e+09, 1.647240e-01, 9.463387e-01, -2.590270e+00, -7.284829e-01, 5.260407e-10, 5.344837e-10, 3.022103e+01, -1.755566e-01
2.081000e+09, 1.635383e-01, 9.465278e-01, -2.602830e+00, -7.412443e-01, 5.265183e-10, 5.346928e-10, 3.021416e+01, -1.707471e-01
2.084800e+09, 1.623268e-01, 9.467191e-01, -2.615401e+00, -7.540107e-01, 5.270111e-10, 5.349048e-10, 3.021097e+01, -1.659282e-01
2.088600e+09, 1.610897e-01, 9.469127e-01, -2.627984e+00, -7.667821e-01, 5.275195e-10, 5.351195e-10, 3.021149e+01, -1.611030e-01
2.092400e+09, 1.598269e-01, 9.471084e-01, -2.640579e+00, -7.795587e-01, 5.280439e-10, 5.353370e-10, 3.021572e+01, -1.562744e-01
2.096200e+09, 1.585385e-01, 9.473061e-01, -2.653187e+00, -7.923405e-01, 5.285850e-10, 5.355569e-10, 3.022368e+01, -1.514458e-01
2.100000e+09, 1.572247e-01, 9.475058e-01, -2.665808e+00, -8.051275e-01, 5.291434e-10, 5.357794e-10, 3.023539e+01, -1.466201e-01
2.103800e+09, 1.558855e-01, 9.477072e-01, -2.678441e+00, -8.179198e-01, 5.297197e-10, 5.360042e-10, 3.025084e+01, -1.418007e-01
2.107600e+09, 1.545209e-01, 9.479103e-01, -2.691089e+00, -8.307175e-01, 5.303146e-10, 5.362312e-10, 3.027006e+01, -1.369907e-01
2.111400e+09, 1.531311e-01, 9.481151e-01, -2.703751e+00, -8.435206e-01, 5.309289e-10, 5.364603e-10, 3.029305e+01, -1.321933e-01
2.115200e+09, 1.517161e-01, 9.483212e-01, -2.716427e+00, -8.563292e-01, 5.315635e-10, 5.366915e-10, 3.031982e+01, -1.274118e-01
2.119000e+09, 1.502761e-01, 9.485288e-01, -2.729119e+00, -8.691433e-01, 5.322193e-10, 5.369245e-10, 3.035037e+01, -1.226493e-01
2.122800e+09, 1.488110e-01, 9.487376e-01, -2.741826e+00, -8.819629e-01, 5.328972e-10, 5.371594e-10, 3.038470e+01, -1.179092e-01
2.126600e+09, 1.473212e-01, 9.489475e-01, -2.754550e+00, -8.947882e-01, 5.335984e-10, 5.373959e-10, 3.042283e+01, -1.131945e-01
2.130400e+09, 1.458066e-01, 9.491584e-01, -2.767290e+00, -9.076191e-01, 5.343240e-10, 5.376340e-10, 3.046474e+01, -1.085086e-01
2.134200e+09, 1.442673e-01, 9.493702e-01, -2.780048e+00, -9.204557e-01, 5.350753e-10, 5.378735e-10, 3.051045e+01, -1.038547e-01
2.138000e+09, 1.427035e-01, 9.495827e-01, -2.792823e+00, -9.332981e-01, 5.358537e-10, 5.381144e-10, 3.055993e+01, -9.923591e-02
2.141800e+09, 1.411153e-01, 9.497959e-01, -2.805617e+00, -9.461461e-01, 5.366607e-10, 5.383565e-10, 3.061321e+01, -9.465550e-02
2.145600e+09, 1.395029e-01, 9.500096e-01, -2.818431e+00, -9.590000e-01, 5.374980e-10, 5.385997e-10, 3.067026e+01, -9.011662e-02
2.149400e+09, 1.378663e-01, 9.502237e-01, -2.831264e+00, -9.718597e-01, 5.383673e-10, 5.388439e-10, 3.073108e+01, -8.562244e-02
2.153200e+09, 1.362057e-01, 9.504381e-01, -2.844118e+00, -9.847252e-01, 5.392706e-10, 5.390890e-10, 3.079566e+01, -8.117607e-02
2.157000e+09, 1.345213e-01, 9.506527e-01, -2.856994e+00, -9.975965e-01, 5.402100e-10, 5.393348e-10, 3.086400e+01, -7.678063e-02
2.160800e+09, 1.328131e-01, 9.508672e-01, -2.869892e+00, -1.010474e+00, 5.411880e-10, 5.395812e-10, 3.093607e+01, -7.243919e-02
2.164600e+09, 1.310815e-01, 9.510817e-01, -2.882813e+00, -1.023357e+00, 5.422069e-10, 5.398282e-10, 3.101188e+01, -6.815479e-02
2.168400e+09, 1.293264e-01, 9.512959e-01, -2.895759e+00, -1.036246e+00, 5.432697e-10, 5.400756e-10, 3.109139e+01, -6.393045e-02
2.172200e+09, 1.275481e-01, 9.515098e-01, -2.908730e+00, -1.049141e+00, 5.443794e-10, 5.403233e-10, 3.117460e+01, -5.976913e-02
2.176000e+09, 1.257468e-01, 9.517231e-01, -2.921728e+00, -1.062042e+00, 5.455395e-10, 5.405711e-10, 3.126148e+01, -5.567376e-02
2.179800e+09, 1.239226e-01, 9.519359e-01, -2.934753e+00, -1.074948e+00, 5.467535e-10, 5.408190e-10, 3.135203e+01, -5.164723e-02
2.183600e+09, 1.220757e-01, 9.521479e-01, -2.947808e+00, -1.087861e+00, 5.480256e-10, 5.410668e-10, 3.144620e+01, -4.769238e-02
2.187400e+09, 1.202064e-01, 9.523590e-01, -2.960893e+00, -1.100779e+00, 5.493603e-10, 5.413145e-10, 3.154398e+01, -4.381200e-02
2.191200e+09, 1.183147e-01, 9.525691e-01, -2.974009e+00, -1.113704e+00, 5.507625e-10, 5.415617e-10, 3.164535e+01, -4.000883e-02
2.195000e+09, 1.164009e-01, 9.527780e-01, -2.987159e+00, -1.126634e+00, 5.522378e-10, 5.418086e-10, 3.175028e+01, -3.628558e-02
2.198800e+09, 1.144652e-01, 9.529857e-01, -3.000344e+00, -1.139571e+00, 5.537923e-10, 5.420548e-10, 3.185873e+01, -3.264487e-02
2.202600e+09, 1.125079e-01, 9.531920e-01, -3.013567e+00, -1.152513e+00, 5.554327e-10, 5.423004e-10, 3.197068e+01, -2.908929e-02
2.206400e+09, 1.105290e-01, 9.533967e-01, -3.026828e+00, -1.165461e+00, 5.571666e-10, 5.425452e-10, 3.208609e+01, -2.562137e-02
2.210200e+09, 1.085289e-01, 9.535998e-01, -3.040131e+00, -1.178415e+00, 5.590024e-10, 5.427889e-10, 3.220493e+01, -2.224357e-02
2.214000e+09, 1.065078e-01, 9.538011e-01, -3.053478e+00, -1.191374e+00, 5.609493e-10, 5.430316e-10, 3.232716e+01, -1.895830e-02
2.217800e+09, 1.044659e-01, 9.540004e-01, -3.066871e+00, -1.204340e+00, 5.630180e-10, 5.432731e-10, 3.245274e+01, -1.576790e-02
2.221600e+09, 1.024035e-01, 9.541976e-01, -3.080314e+00, -1.217311e+00, 5.652202e-10, 5.435132e-10, 3.258163e+01, -1.267466e-02
2.225400e+09, 1.003208e-01, 9.543927e-01, -3.093809e+00, -1.230288e+00, 5.675692e-10, 5.437519e-10, 3.271379e+01, -9.680790e-03
2.229200e+09, 9.821803e-02, 9.545853e-01, -3.107361e+00, -1.243271e+00, 5.700798e-10, 5.439889e-10, 3.284917e+01, -6.788451e-03
2.233000e+09, 9.609548e-02, 9.547755e-01, -3.120972e+00, -1.256259e+00, 5.727690e-10, 5.442241e-10, 3.298773e+01, -3.999730e-03
2.236800e+09, 9.395342e-02, 9.549631e-01, -3.134648e+00, -1.269253e+00, 5.756560e-10, 5.444575e-10, 3.312941e+01, -1.316649e-03
2.240600e+09, 9.179211e-02, 9.551480e-01, 3.134793e+00, -1.282253e+00, 5.787626e-10, 5.446888e-10, 3.327417e+01, 1.258839e-03
2.244400e+09, 8.961184e-02, 9.553300e-01, 3.120975e+00, -1.295258e+00, 5.821137e-10, 5.449179e-10, 3.342195e+01, 3.724846e-03
2.248200e+09, 8.741288e-02, 9.555089e-01, 3.107076e+00, -1.308268e+00, 5.857379e-10, 5.451447e-10, 3.357269e+01, 6.079554e-03
2.252000e+09, 8.519554e-02, 9.556848e-01, 3.093091e+00, -1.321284e+00, 5.896680e-10, 5.453690e-10, 3.372634e+01, 8.321214e-03
2.255800e+09, 8.296012e-02, 9.558573e-01, 3.079012e+00, -1.334305e+00, 5.939419e-10, 5.455908e-10, 3.388284e+01, 1.044814e-02
2.259600e+09, 8.070691e-02, 9.560264e-01, 3.064831e+00, -1.347332e+00, 5.986035e-10, 5.458097e-10, 3.404212e+01, 1.245873e-02
2.263400e+09, 7.843624e-02, 9.561920e-01, 3.050539e+00, -1.360364e+00, 6.037041e-10, 5.460258e-10, 3.420412e+01, 1.435144e-02
2.267200e+09, 7.614843e-02, 9.563539e-01, 3.036125e+00, -1.373401e+00, 6.093035e-10, 5.462388e-10, 3.436877e+01, 1.612480e-02
2.271000e+09, 7.384381e-02, 9.565121e-01, 3.021577e+00, -1.386443e+00, 6.154720e-10, 5.464486e-10, 3.453600e+01, 1.777741e-02
2.274800e+09, 7.152273e-02, 9.566662e-01, 3.006882e+00, -1.399490e+00, 6.222929e-10, 5.466550e-10, 3.470574e+01, 1.930794e-02
2.278600e+09, 6.918553e-02, 9.568164e-01, 2.992024e+00, -1.412542e+00, 6.298650e-10, 5.468579e-10, 3.487792e+01, 2.071513e-02
2.282400e+09, 6.683258e-02, 9.569623e-01, 2.976985e+00, -1.425599e+00, 6.383066e-10, 5.470572e-10, 3.505245e+01, 2.199779e-02
2.286200e+09, 6.446425e-02, 9.571040e-01, 2.961745e+00, -1.438660e+00, 6.477600e-10, 5.472527e-10, 3.522926e+01, 2.315481e-02
2.290000e+09, 6.208092e-02, 9.572412e-01, 2.946279e+00, -1.451726e+00, 6.583979e-10, 5.474442e-10, 3.540826e+01, 2.418515e-02
2.293800e+09, 5.968301e-02, 9.573738e-01, 2.930559e+00, -1.464797e+00, 6.704311e-10, 5.476316e-10, 3.558938e+01, 2.508783e-02
2.297600e+09, 5.727093e-02, 9.575018e-01, 2.914552e+00, -1.477873e+00, 6.841193e-10, 5.478147e-10, 3.577251e+01, 2.586194e-02
2.301400e+09, 5.484512e-02, 9.576249e-01, 2.898217e+00, -1.490952e+00, 6.997854e-10, 5.479934e-10, 3.595757e+01, 2.650666e-02
2.305200e+09, 5.240604e-02, 9.577432e-01, 2.881509e+00, -1.504036e+00, 7.178345e-10, 5.481676e-10, 3.614448e+01, 2.702124e-02
2.309000e+09, 4.995419e-02, 9.578564e-01, 2.864370e+00, -1.517124e+00, 7.387804e-10, 5.483370e-10, 3.633312e+01, 2.740498e-02
2.312800e+09, 4.749008e-02, 9.579644e-01, 2.846731e+00, -1.530217e+00, 7.632827e-10, 5.485015e-10, 3.652340e+01, 2.765728e-02
2.316600e+09, 4.501430e-02, 9.580672e-01, 2.828507e+00, -1.543313e+00, 7.921990e-10, 5.486611e-10, 3.671522e+01, 2.777759e-02
2.320400e+09, 4.252745e-02, 9.581646e-01, 2.809592e+00, -1.556412e+00, 8.266600e-10, 5.488154e-10, 3.690848e+01, 2.776545e-02
2.324200e+09, 4.003024e-02, 9.582566e-01, 2.789855e+00, -1.569516e+00, 8.681812e-10, 5.489645e-10, 3.710306e+01, 2.762047e-02
2.328000e+09, 3.752346e-02, 9.583429e-01, 2.769126e+00, -1.582623e+00, 9.188293e-10, 5.491081e-10, 3.729887e+01, 2.734232e-02
2.331800e+09, 3.500801e-02, 9.584236e-01, 2.747188e+00, -1.595734e+00, 9.814809e-10, 5.492461e-10, 3.749577e+01, 2.693076e-02
2.335600e+09, 3.248498e-02, 9.584985e-01, 2.723754e+00, -1.608848e+00, 1.060231e-09, 5.493783e-10, 3.769366e+01, 2.638562e-02
2.339400e+09, 2.995570e-02, 9.585675e-01, 2.698440e+00, -1.621965e+00, 1.161062e-09, 5.495047e-10, 3.789242e+01, 2.570681e-02
2.343200e+09, 2.742187e-02, 9.586305e-01, 2.670718e+00, -1.635085e+00, 1.292980e-09, 5.496251e-10, 3.809192e+01, 2.489431e-02
2.347000e+09, 2.488571e-02, 9.586875e-01, 2.639847e+00, -1.648208e+00, 1.470015e-09, 5.497393e-10, 3.829204e+01, 2.394816e-02
2.350800e+09, 2.235030e-02, 9.587383e-01, 2.604749e+00, -1.661333e+00, 1.714929e-09, 5.498472e-10, 3.849265e+01, 2.286852e-02
2.354600e+09, 1.982011e-02, 9.587829e-01, 2.563803e+00, -1.674461e+00, 2.066427e-09, 5.499487e-10, 3.869362e+01, 2.165558e-02
2.358400e+09, 1.730197e-02, 9.588211e-01, 2.514465e+00, -1.687592e+00, 2.594060e-09, 5.500437e-10, 3.889482e+01, 2.030964e-02
2.362200e+09, 1.480710e-02, 9.588529e-01, 2.452528e+00, -1.700725e+00, 3.430931e-09, 5.501320e-10, 3.909611e+01, 1.883106e-02
2.366000e+09, 1.235534e-02, 9.588783e-01, 2.370611e+00, -1.713860e+00, 4.849026e-09, 5.502136e-10, 3.929735e+01, 1.722030e-02
2.369800e+09, 9.985187e-03, 9.588971e-01, 2.254835e+00, -1.726997e+00, 7.427546e-09, 5.502882e-10, 3.949840e+01, 1.547788e-02
2.373600e+09, 7.779723e-03, 9.589093e-01, 2.077495e+00, -1.740136e+00, 1.226425e-08, 5.503559e-10, 3.969911e+01, 1.360441e-02
2.377400e+09, 5.935587e-03, 9.589149e-01, 1.784672e+00, -1.753276e+00, 1.964898e-08, 5.504165e-10, 3.989934e+01, 1.160059e-02
2.381200e+09, 4.892140e-03, 9.589137e-01, 1.315531e+00, -1.766418e+00, 2.280901e-08, 5.504698e-10, 4.009894e+01, 9.467176e-03
2.385000e+09, 5.169968e-03, 9.589058e-01, 7.709404e-01, -1.779561e+00, 1.667857e-08, 5.505159e-10, 4.029776e+01, 7.205039e-03
2.388800e+09, 6.611189e-03, 9.588910e-01, 3.727211e-01, -1.792705e+00, 1.003494e-08, 5.505546e-10, 4.049563e+01, 4.815115e-03
2.392600e+09, 8.657467e-03, 9.588693e-01, 1.331259e-01, -1.805850e+00, 6.231622e-09, 5.505859e-10, 4.069241e+01, 2.298431e-03
2.396400e+09, 1.097871e-02, 9.588408e-01, -1.566098e-02, -1.818996e+00, 4.202640e-09, 5.506095e-10, 4.088794e+01, -3.439021e-04
2.400200e+09, 1.343545e-02, 9.588052e-01, -1.160036e-01, -1.832142e+00, 3.056703e-09, 5.506256e-10, 4.108205e+01, -3.110688e-03
2.404000e+09, 1.596693e-02, 9.587627e-01, -1.889858e-01, -1.845289e+00, 2.362034e-09, 5.506340e-10, 4.127459e+01, -6.000642e-03
2.407800e+09, 1.854373e-02, 9.587132e-01, -2.453820e-01, -1.858436e+00, 1.914010e-09, 5.506346e-10, 4.146539e+01, -9.012394e-03
2.411600e+09, 2.115010e-02, 9.586567e-01, -2.910811e-01, -1.871583e+00, 1.609970e-09, 5.506275e-10, 4.165429e+01, -1.214448e-02
2.415400e+09, 2.377684e-02, 9.585931e-01, -3.295209e-01, -1.884730e+00, 1.394899e-09, 5.506124e-10, 4.184112e+01, -1.539537e-02
2.419200e+09, 2.641814e-02, 9.585225e-01, -3.628256e-01, -1.897877e+00, 1.237487e-09, 5.505895e-10, 4.202571e+01, -1.876341e-02
2.423000e+09, 2.907013e-02, 9.584449e-01, -3.923720e-01, -1.911022e+00, 1.118967e-09, 5.505587e-10, 4.220791e+01, -2.224688e-02
2.426800e+09, 3.173006e-02, 9.583601e-01, -4.190886e-01, -1.924168e+00, 1.027577e-09, 5.505199e-10, 4.238753e+01, -2.584397e-02
2.430600e+09, 3.439586e-02, 9.582683e-01, -4.436231e-01, -1.937312e+00, 9.556616e-10, 5.504731e-10, 4.256442e+01, -2.955278e-02
2.434400e+09, 3.706595e-02, 9.581695e-01, -4.664406e-01, -1.950455e+00, 8.980742e-10, 5.504184e-10, 4.273841e+01, -3.337132e-02
2.438200e+09, 3.973902e-02, 9.580637e-01, -4.878831e-01, -1.963597e+00, 8.512541e-10, 5.503556e-10, 4.290932e+01, -3.729751e-02
2.442000e+09, 4.241400e-02, 9.579508e-01, -5.082077e-01, -1.976737e+00, 8.126771e-10, 5.502848e-10, 4.307699e+01, -4.132919e-02
2.445800e+09, 4.508994e-02, 9.578310e-01, -5.276113e-01, -1.989876e+00, 7.805148e-10, 5.502060e-10, 4.324126e+01, -4.546409e-02
2.449600e+09, 4.776601e-02, 9.577042e-01, -5.462469e-01, -2.003013e+00, 7.534172e-10, 5.501193e-10, 4.340196e+01, -4.969988e-02
2.453400e+09, 5.044146e-02, 9.575705e-01, -5.642356e-01, -2.016147e+00, 7.303701e-10, 5.500245e-10, 4.355893e+01, -5.403413e-02
2.457200e+09, 5.311560e-02, 9.574299e-01, -5.816740e-01, -2.029280e+00, 7.106003e-10, 5.499219e-10, 4.371201e+01, -5.846434e-02
2.461000e+09, 5.578778e-02, 9.572825e-01, -5.986403e-01, -2.042410e+00, 6.935097e-10, 5.498113e-10, 4.386103e+01, -6.298789e-02
2.464800e+09, 5.845738e-02, 9.571284e-01, -6.151987e-01, -2.055537e+00, 6.786303e-10, 5.496929e-10, 4.400585e+01, -6.760213e-02
2.468600e+09, 6.112381e-02, 9.569675e-01, -6.314017e-01, -2.068662e+00, 6.655914e-10, 5.495667e-10, 4.414630e+01, -7.230428e-02
2.472400e+09, 6.378652e-02, 9.567999e-01, -6.472934e-01, -2.081783e+00, 6.540965e-10, 5.494327e-10, 4.428224e+01, -7.709151e-02
2.476200e+09, 6.644496e-02, 9.566258e-01, -6.629107e-01, -2.094902e+00, 6.439063e-10, 5.492910e-10, 4.441352e+01, -8.196091e-02
2.480000e+09, 6.909858e-02, 9.564452e-01, -6.782847e-01, -2.108016e+00, 6.348257e-10, 5.491417e-10, 4.454000e+01, -8.690949e-02
2.483800e+09, 7.174689e-02, 9.562582e-01, -6.934418e-01, -2.121128e+00, 6.266946e-10, 5.489849e-10, 4.466153e+01, -9.193418e-02
2.487600e+09, 7.438936e-02, 9.560648e-01, -7.084049e-01, -2.134235e+00, 6.193805e-10, 5.488207e-10, 4.477799e+01, -9.703186e-02
2.491400e+09, 7.702549e-02, 9.558651e-01, -7.231933e-01, -2.147339e+00, 6.127731e-10, 5.486491e-10, 4.488924e+01, -1.021993e-01
2.495200e+09, 7.965480e-02, 9.556593e-01, -7.378239e-01, -2.160439e+00, 6.067798e-10, 5.484702e-10, 4.499516e+01, -1.074333e-01
2.499000e+09, 8.227679e-02, 9.554474e-01, -7.523114e-01, -2.173534e+00, 6.013228e-10, 5.482842e-10, 4.509563e+01, -1.127305e-01
2.502800e+09, 8.489098e-02, 9.552295e-01, -7.666687e-01, -2.186625e+00, 5.963358e-10, 5.480912e-10, 4.519054e+01, -1.180875e-01
2.506600e+09, 8.749691e-02, 9.550058e-01, -7.809069e-01, -2.199711e+00, 5.917625e-10, 5.478912e-10, 4.527977e+01, -1.235009e-01
2.510400e+09, 9.009411e-02, 9.547764e-01, -7.950358e-01, -2.212793e+00, 5.875547e-10, 5.476845e-10, 4.536323e+01, -1.289672e-01
2.514200e+09, 9.268210e-02, 9.545413e-01, -8.090644e-01, -2.225869e+00, 5.836708e-10, 5.474711e-10, 4.544081e+01, -1.344828e-01
2.518000e+09, 9.526043e-02, 9.543007e-01, -8.230001e-01, -2.238941e+00, 5.800749e-10, 5.472512e-10, 4.551244e+01, -1.400443e-01
2.521800e+09, 9.782864e-02, 9.540548e-01, -8.368501e-01, -2.252007e+00, 5.767358e-10, 5.470250e-10, 4.557804e+01, -1.456479e-01
2.525600e+09, 1.003863e-01, 9.538036e-01, -8.506203e-01, -2.265068e+00, 5.736265e-10, 5.467925e-10, 4.563752e+01, -1.512901e-01
2.529400e+09, 1.029329e-01, 9.535473e-01, -8.643162e-01, -2.278123e+00, 5.707233e-10, 5.465540e-10, 4.569082e+01, -1.569671e-01
2.533200e+09, 1.054681e-01, 9.532860e-01, -8.779429e-01, -2.291173e+00, 5.680053e-10, 5.463096e-10, 4.573788e+01, -1.626752e-01
2.537000e+09, 1.079914e-01, 9.530199e-01, -8.915046e-01, -2.304216e+00, 5.654543e-10, 5.460595e-10, 4.577865e+01, -1.684108e-01
2.540800e+09, 1.105023e-01, 9.527490e-01, -9.050055e-01, -2.317254e+00, 5.630541e-10, 5.458038e-10, 4.581309e+01, -1.741701e-01
2.544600e+09, 1.130005e-01, 9.524737e-01, -9.184490e-01, -2.330286e+00, 5.607906e-10, 5.455427e-10, 4.584115e+01, -1.799493e-01
2.548400e+09, 1.154855e-01, 9.521940e-01, -9.318385e-01, -2.343311e+00, 5.586509e-10, 5.452765e-10, 4.586282e+01, -1.857446e-01
2.552200e+09, 1.179569e-01, 9.519100e-01, -9.451769e-01, -2.356330e+00, 5.566238e-10, 5.450052e-10, 4.587808e+01, -1.915524e-01
2.556000e+09, 1.204143e-01, 9.516220e-01, -9.584669e-01, -2.369343e+00, 5.546993e-10, 5.447291e-10, 4.588690e+01, -1.973689e-01
2.559800e+09, 1.228572e-01, 9.513300e-01, -9.717110e-01, -2.382349e+00, 5.528684e-10, 5.444484e-10, 4.588929e+01, -2.031902e-01
2.563600e+09, 1.252852e-01, 9.510343e-01, -9.849113e-01, -2.395348e+00, 5.511230e-10, 5.441633e-10, 4.588525e+01, -2.090126e-01
2.567400e+09, 1.276980e-01, 9.507350e-01, -9.980700e-01, -2.408341e+00, 5.494560e-10, 5.438739e-10, 4.587479e+01, -2.148325e-01
2.571200e+09, 1.300951e-01, 9.504323e-01, -1.011189e+00, -2.421326e+00, 5.478608e-10, 5.435805e-10, 4.585793e+01, -2.206461e-01
2.575000e+09, 1.324762e-01, 9.501264e-01, -1.024270e+00, -2.434305e+00, 5.463315e-10, 5.432833e-10, 4.583471e+01, -2.264498e-01
2.578800e+09, 1.348408e-01, 9.498174e-01, -1.037314e+00, -2.447277e+00, 5.448629e-10, 5.429825e-10, 4.580515e+01, -2.322398e-01
2.582600e+09, 1.371886e-01, 9.495055e-01, -1.050323e+00, -2.460241e+00, 5.434503e-10, 5.426783e-10, 4.576930e+01, -2.380126e-01
2.586400e+09, 1.395191e-01, 9.491909e-01, -1.063299e+00, -2.473198e+00, 5.420892e-10, 5.423709e-10, 4.572721e+01, -2.437646e-01
2.590200e+09, 1.418320e-01, 9.488738e-01, -1.076242e+00, -2.486148e+00, 5.407759e-10, 5.420605e-10, 4.567893e+01, -2.494922e-01
2.594000e+09, 1.441269e-01, 9.485543e-01, -1.089153e+00, -2.499090e+00, 5.395066e-10, 5.417474e-10, 4.562453e+01, -2.551920e-01
2.597800e+09, 1.464035e-01, 9.482327e-01, -1.102035e+00, -2.512025e+00, 5.382783e-10, 5.414317e-10, 4.556409e+01, -2.608604e-01
2.601600e+09, 1.486613e-01, 9.479091e-01, -1.114887e+00, -2.524952e+00, 5.370879e-10, 5.411137e-10, 4.549768e+01, -2.664941e-01
2.605400e+09, 1.509000e-01, 9.475836e-01, -1.127710e+00, -2.537872e+00, 5.359327e-10, 5.407935e-10, 4.542537e+01, -2.720898e-01
2.609200e+09, 1.531193e-01, 9.472566e-01, -1.140506e+00, -2.550784e+00, 5.348104e-10, 5.404715e-10, 4.534728e+01, -2.776442e-01
2.613000e+09, 1.553187e-01, 9.469281e-01, -1.153275e+00, -2.563688e+00, 5.337187e-10, 5.401478e-10, 4.526347e+01, -2.831539e-01
2.616800e+09, 1.574980e-01, 9.465984e-01, -1.166018e+00, -2.576585e+00, 5.326555e-10, 5.398226e-10, 4.517407e+01, -2.886160e-01
2.620600e+09, 1.596568e-01, 9.462676e-01, -1.178736e+00, -2.589474e+00, 5.316190e-10, 5.394962e-10, 4.507918e+01, -2.940272e-01
2.624400e+09, 1.617948e-01, 9.459359e-01, -1.191429e+00, -2.602355e+00, 5.306074e-10, 5.391687e-10, 4.497890e+01, -2.993846e-01
2.628200e+09, 1.639116e-01, 9.456036e-01, -1.204098e+00, -2.615228e+00, 5.296193e-10, 5.388405e-10, 4.487336e+01, -3.046852e-01
2.632000e+09, 1.660068e-01, 9.452707e-01, -1.216743e+00, -2.628093e+00, 5.286532e-10, 5.385116e-10, 4.476266e+01, -3.099260e-01
2.635800e+09, 1.680802e-01, 9.449376e-01, -1.229365e+00, -2.640951e+00, 5.277077e-10, 5.381823e-10, 4.464695e+01, -3.151044e-01
2.639600e+09, 1.701315e-01, 9.446043e-01, -1.241965e+00, -2.653800e+00, 5.267817e-10, 5.378528e-10, 4.452633e+01, -3.202174e-01
2.643400e+09, 1.721602e-01, 9.442711e-01, -1.254542e+00, -2.666642e+00, 5.258740e-10, 5.375234e-10, 4.440095e+01, -3.252625e-01
2.647200e+09, 1.741662e-01, 9.439381e-01, -1.267098e+00, -2.679476e+00, 5.249836e-10, 5.371942e-10, 4.427094e+01, -3.302371e-01
2.651000e+09, 1.761491e-01, 9.436056e-01, -1.279633e+00, -2.692302e+00, 5.241096e-10, 5.368654e-10, 4.413643e+01, -3.351386e-01
2.654800e+09, 1.781085e-01, 9.432737e-01, -1.292147e+00, -2.705121e+00, 5.232512e-10, 5.365373e-10, 4.399756e+01, -3.399647e-01
2.658600e+09, 1.800443e-01, 9.429426e-01, -1.304640e+00, -2.717931e+00, 5.224075e-10, 5.362100e-10, 4.385447e+01, -3.447128e-01
2.662400e+09, 1.819560e-01, 9.426124e-01, -1.317113e+00, -2.730734e+00, 5.215778e-10, 5.358837e-10, 4.370731e+01, -3.493808e-01
2.666200e+09, 1.838435e-01, 9.422835e-01, -1.329566e+00, -2.743528e+00, 5.207614e-10, 5.355586e-10, 4.355622e+01, -3.539664e-01
2.670000e+09, 1.857063e-01, 9.419558e-01, -1.342000e+00, -2.756316e+00, 5.199577e-10, 5.352350e-10, 4.340134e+01, -3.584676e-01
2.673800e+09, 1.875443e-01, 9.416297e-01, -1.354414e+00, -2.769095e+00, 5.191662e-10, 5.349129e-10, 4.324282e+01, -3.628821e-01
2.677600e+09, 1.893572e-01, 9.413053e-01, -1.366810e+00, -2.781867e+00, 5.183864e-10, 5.345926e-10, 4.308081e+01, -3.672081e-01
2.681400e+09, 1.911447e-01, 9.409827e-01, -1.379187e+00, -2.794630e+00, 5.176176e-10, 5.342743e-10, 4.291545e+01, -3.714436e-01
2.685200e+09, 1.929065e-01, 9.406622e-01, -1.391546e+00, -2.807387e+00, 5.168596e-10, 5.339581e-10, 4.274689e+01, -3.755868e-01
2.689000e+09, 1.946423e-01, 9.403439e-01, -1.403886e+00, -2.820136e+00, 5.161118e-10, 5.336442e-10, 4.257528e+01, -3.796359e-01
2.692800e+09, 1.963519e-01, 9.400280e-01, -1.416209e+00, -2.832877e+00, 5.153739e-10, 5.333328e-10, 4.240076e+01, -3.835893e-01
2.696600e+09, 1.980351e-01, 9.397146e-01, -1.428514e+00, -2.845611e+00, 5.146456e-10, 5.330241e-10, 4.222348e+01, -3.874453e-01
2.700400e+09, 1.996916e-01, 9.394039e-01, -1.440802e+00, -2.858338e+00, 5.139265e-10, 5.327181e-10, 4.204358e+01, -3.912023e-01
2.704200e+09, 2.013211e-01, 9.390962e-01, -1.453073e+00, -2.871057e+00, 5.132162e-10, 5.324152e-10, 4.186122e+01, -3.948589e-01
2.708000e+09, 2.029234e-01, 9.387914e-01, -1.465326e+00, -2.883769e+00, 5.125147e-10, 5.321153e-10, 4.167653e+01, -3.984136e-01
2.711800e+09, 2.044983e-01, 9.384899e-01, -1.477563e+00, -2.896474e+00, 5.118215e-10, 5.318188e-10, 4.148966e+01, -4.018651e-01
2.715600e+09, 2.060456e-01, 9.381917e-01, -1.489783e+00, -2.909171e+00, 5.111364e-10, 5.315257e-10, 4.130074e+01, -4.052120e-01
2.719400e+09, 2.075649e-01, 9.378971e-01, -1.501987e+00, -2.921862e+00, 5.104593e-10, 5.312362e-10, 4.110992e+01, -4.084533e-01
2.723200e+09, 2.090561e-01, 9.376061e-01, -1.514175e+00, -2.934546e+00, 5.097898e-10, 5.309503e-10, 4.091734e+01, -4.115876e-01
2.727000e+09, 2.105189e-01, 9.373189e-01, -1.526347e+00, -2.947223e+00, 5.091278e-10, 5.306684e-10, 4.072313e+01, -4.146138e-01
2.730800e+09, 2.119532e-01, 9.370357e-01, -1.538503e+00, -2.959893e+00, 5.084732e-10, 5.303905e-10, 4.052742e+01, -4.175310e-01
2.734600e+09, 2.133587e-01, 9.367566e-01, -1.550643e+00, -2.972557e+00, 5.078257e-10, 5.301166e-10, 4.033035e+01, -4.203380e-01
2.738400e+09, 2.147352e-01, 9.364818e-01, -1.562768e+00, -2.985214e+00, 5.071852e-10, 5.298471e-10, 4.013205e+01, -4.230341e-01
2.742200e+09, 2.160825e-01, 9.362114e-01, -1.574878e+00, -2.997865e+00, 5.065515e-10, 5.295819e-10, 3.993265e+01, -4.256181e-01
2.746000e+09, 2.174004e-01, 9.359455e-01, -1.586972e+00, -3.010509e+00, 5.059246e-10, 5.293213e-10, 3.973227e+01, -4.280894e-01
2.749800e+09, 2.186888e-01, 9.356843e-01, -1.599052e+00, -3.023147e+00, 5.053041e-10, 5.290653e-10, 3.953104e+01, -4.304471e-01
2.753600e+09, 2.199473e-01, 9.354279e-01, -1.611116e+00, -3.035779e+00, 5.046901e-10, 5.288141e-10, 3.932908e+01, -4.326904e-01
2.757400e+09, 2.211758e-01, 9.351764e-01, -1.623166e+00, -3.048405e+00, 5.040824e-10, 5.285677e-10, 3.912652e+01, -4.348187e-01
2.761200e+09, 2.223742e-01, 9.349300e-01, -1.635202e+00, -3.061025e+00, 5.034808e-10, 5.283264e-10, 3.892345e+01, -4.368313e-01
2.765000e+09, 2.235421e-01, 9.346888e-01, -1.647223e+00, -3.073640e+00, 5.028853e-10, 5.280901e-10, 3.872002e+01, -4.387276e-01
2.768800e+09, 2.246796e-01, 9.344530e-01, -1.659230e+00, -3.086249e+00, 5.022957e-10, 5.278591e-10, 3.851631e+01, -4.405069e-01
2.772600e+09, 2.257863e-01, 9.342226e-01, -1.671223e+00, -3.098852e+00, 5.017119e-10, 5.276334e-10, 3.831246e+01, -4.421688e-01
2.776400e+09, 2.268621e-01, 9.339977e-01, -1.683202e+00, -3.111450e+00, 5.011338e-10, 5.274131e-10, 3.810856e+01, -4.437127e-01
2.780200e+09, 2.279069e-01, 9.337786e-01, -1.695167e+00, -3.124042e+00, 5.005613e-10, 5.271984e-10, 3.790472e+01, -4.451383e-01
2.784000e+09, 2.289204e-01, 9.335652e-01, -1.707118e+00, -3.136630e+00, 4.999943e-10, 5.269893e-10, 3.770105e+01, -4.464450e-01
2.787800e+09, 2.299025e-01, 9.333578e-01, -1.719056e+00, 3.133973e+00, 4.994326e-10, 5.267860e-10, 3.749765e+01, -4.476326e-01
2.791600e+09, 2.308530e-01, 9.331564e-01, -1.730981e+00, 3.121396e+00, 4.988762e-10, 5.265885e-10, 3.729462e+01, -4.487005e-01
2.795400e+09, 2.317718e-01, 9.329611e-01, -1.742892e+00, 3.108823e+00, 4.983249e-10, 5.263969e-10, 3.709205e+01, -4.496486e-01
2.799200e+09, 2.326588e-01, 9.327721e-01, -1.754790e+00, 3.096254e+00, 4.977787e-10, 5.262114e-10, 3.689004e+01, -4.504766e-01
2.803000e+09, 2.335136e-01, 9.325894e-01, -1.766675e+00, 3.083691e+00, 4.972373e-10, 5.260321e-10, 3.668868e+01, -4.511841e-01
2.806800e+09, 2.343363e-01, 9.324132e-01, -1.778547e+00, 3.071131e+00, 4.967007e-10, 5.258589e-10, 3.648807e+01, -4.517711e-01
2.810600e+09, 2.351267e-01, 9.322435e-01, -1.790406e+00, 3.058576e+00, 4.961687e-10, 5.256922e-10, 3.628830e+01, -4.522372e-01
2.814400e+09, 2.358846e-01, 9.320805e-01, -1.802253e+00, 3.046024e+00, 4.956413e-10, 5.255318e-10, 3.608945e+01, -4.525823e-01
2.818200e+09, 2.366098e-01, 9.319242e-01, -1.814087e+00, 3.033476e+00, 4.951182e-10, 5.253780e-10, 3.589160e+01, -4.528064e-01
2.822000e+09, 2.373023e-01, 9.317747e-01, -1.825908e+00, 3.020932e+00, 4.945994e-10, 5.252308e-10, 3.569485e+01, -4.529094e-01
2.825800e+09, 2.379619e-01, 9.316322e-01, -1.837718e+00, 3.008392e+00, 4.940846e-10, 5.250903e-10, 3.549927e+01, -4.528911e-01
2.829600e+09, 2.385884e-01, 9.314966e-01, -1.849514e+00, 2.995855e+00, 4.935738e-10, 5.249567e-10, 3.530494e+01, -4.527515e-01
2.833400e+09, 2.391818e-01, 9.313682e-01, -1.861299e+00, 2.983321e+00, 4.930668e-10, 5.248299e-10, 3.511194e+01, -4.524907e-01
2.837200e+09, 2.397419e-01, 9.312469e-01, -1.873072e+00, 2.970790e+00, 4.925633e-10, 5.247102e-10, 3.492035e+01, -4.521088e-01
2.841000e+09, 2.402685e-01, 9.311328e-01, -1.884832e+00, 2.958262e+00, 4.920633e-10, 5.245975e-10, 3.473025e+01, -4.516057e-01
2.844800e+09, 2.407617e-01, 9.310261e-01, -1.896581e+00, 2.945737e+00, 4.915665e-10, 5.244921e-10, 3.454170e+01, -4.509816e-01
2.848600e+09, 2.412211e-01, 9.309268e-01, -1.908317e+00, 2.933214e+00, 4.910728e-10, 5.243939e-10, 3.435478e+01, -4.502366e-01
2.852400e+09, 2.416467e-01, 9.308350e-01, -1.920042e+00, 2.920693e+00, 4.905819e-10, 5.243031e-10, 3.416956e+01, -4.493709e-01
2.856200e+09, 2.420385e-01, 9.307507e-01, -1.931755e+00, 2.908175e+00, 4.900937e-10, 5.242197e-10, 3.398611e+01, -4.483847e-01
2.860000e+09, 2.423962e-01, 9.306740e-01, -1.943457e+00, 2.895659e+00, 4.896079e-10, 5.241439e-10, 3.380449e+01, -4.472782e-01
2.863800e+09, 2.427198e-01, 9.306050e-01, -1.955147e+00, 2.883144e+00, 4.891242e-10, 5.240758e-10, 3.362479e+01, -4.460518e-01
2.867600e+09, 2.430092e-01, 9.305437e-01, -1.966825e+00, 2.870631e+00, 4.886425e-10, 5.240154e-10, 3.344705e+01, -4.447057e-01
2.871400e+09, 2.432642e-01, 9.304902e-01, -1.978492e+00, 2.858120e+00, 4.881624e-10, 5.239629e-10, 3.327134e+01, -4.432404e-01
2.875200e+09, 2.434847e-01, 9.304445e-01, -1.990148e+00, 2.845610e+00, 4.876837e-10, 5.239183e-10, 3.309774e+01, -4.416562e-01
2.879000e+09, 2.436707e-01, 9.304068e-01, -2.001791e+00, 2.833101e+00, 4.872061e-10, 5.238818e-10, 3.292629e+01, -4.399535e-01
2.882800e+09, 2.438221e-01, 9.303770e-01, -2.013424e+00, 2.820592e+00, 4.867294e-10, 5.238533e-10, 3.275707e+01, -4.381329e-01
2.886600e+09, 2.439387e-01, 9.303552e-01, -2.025045e+00, 2.808085e+00, 4.862531e-10, 5.238331e-10, 3.259012e+01, -4.361948e-01
2.890400e+09, 2.440204e-01, 9.303414e-01, -2.036655e+00, 2.795578e+00, 4.857770e-10, 5.238211e-10, 3.242552e+01, -4.341400e-01
2.894200e+09, 2.440672e-01, 9.303357e-01, -2.048254e+00, 2.783071e+00, 4.853007e-10, 5.238175e-10, 3.226332e+01, -4.319689e-01
2.898000e+09, 2.440790e-01, 9.303381e-01, -2.059841e+00, 2.770564e+00, 4.848238e-10, 5.238225e-10, 3.210358e+01, -4.296822e-01
2.901800e+09, 2.440557e-01, 9.303487e-01, -2.071416e+00, 2.758057e+00, 4.843459e-10, 5.238359e-10, 3.194635e+01, -4.272808e-01
2.905600e+09, 2.439971e-01, 9.303674e-01, -2.082981e+00, 2.745550e+00, 4.838667e-10, 5.238580e-10, 3.179170e+01, -4.247654e-01
2.909400e+09, 2.439033e-01, 9.303944e-01, -2.094534e+00, 2.733042e+00, 4.833857e-10, 5.238889e-10, 3.163967e+01, -4.221367e-01
2.913200e+09, 2.437741e-01, 9.304295e-01, -2.106075e+00, 2.720534e+00, 4.829025e-10, 5.239285e-10, 3.149032e+01, -4.193958e-01
2.917000e+09, 2.436095e-01, 9.304729e-01, -2.117605e+00, 2.708025e+00, 4.824166e-10, 5.239771e-10, 3.134371e+01, -4.165436e-01
2.920800e+09, 2.434093e-01, 9.305246e-01, -2.129123e+00, 2.695514e+00, 4.819274e-10, 5.240346e-10, 3.119988e+01, -4.135811e-01
2.924600e+09, 2.431736e-01, 9.305845e-01, -2.140629e+00, 2.683002e+00, 4.814346e-10, 5.241011e-10, 3.105890e+01, -4.105094e-01
2.928400e+09, 2.429022e-01, 9.306527e-01, -2.152124e+00, 2.670489e+00, 4.809374e-10, 5.241767e-10, 3.092081e+01, -4.073296e-01
2.932200e+09, 2.425950e-01, 9.307291e-01, -2.163607e+00, 2.657973e+00, 4.804355e-10, 5.242615e-10, 3.078567e+01, -4.040430e-01
2.936000e+09, 2.422521e-01, 9.308138e-01, -2.175078e+00, 2.645456e+00, 4.799280e-10, 5.243556e-10, 3.065353e+01, -4.006508e-01
2.939800e+09, 2.418732e-01, 9.309068e-01, -2.186537e+00, 2.632936e+00, 4.794145e-10, 5.244589e-10, 3.052444e+01, -3.971544e-01
2.943600e+09, 2.414585e-01, 9.310081e-01, -2.197983e+00, 2.620414e+00, 4.788943e-10, 5.245715e-10, 3.039844e+01, -3.935553e-01
2.947400e+09, 2.410078e-01, 9.311175e-01, -2.209418e+00, 2.607890e+00, 4.783666e-10, 5.246936e-10, 3.027559e+01, -3.898549e-01
2.951200e+09, 2.405211e-01, 9.312352e-01, -2.220839e+00, 2.595362e+00, 4.778307e-10, 5.248251e-10, 3.015593e+01, -3.860549e-01
2.955000e+09, 2.399982e-01, 9.313611e-01, -2.232248e+00, 2.582831e+00, 4.772859e-10, 5.249660e-10, 3.003952e+01, -3.821569e-01
2.958800e+09, 2.394393e-01, 9.314951e-01, -2.243644e+00, 2.570297e+00, 4.767313e-10, 5.251165e-10, 2.992641e+01, -3.781627e-01
2.962600e+09, 2.388441e-01, 9.316372e-01, -2.255026e+00, 2.557759e+00, 4.761661e-10, 5.252765e-10, 2.981663e+01, -3.740741e-01
2.966400e+09, 2.382128e-01, 9.317874e-01, -2.266395e+00, 2.545218e+00, 4.755893e-10, 5.254460e-10, 2.971024e+01, -3.698930e-01
2.970200e+09, 2.375452e-01, 9.319456e-01, -2.277750e+00, 2.532672e+00, 4.750002e-10, 5.256251e-10, 2.960728e+01, -3.656215e-01
2.974000e+09, 2.368413e-01, 9.321119e-01, -2.289091e+00, 2.520122e+00, 4.743975e-10, 5.258138e-10, 2.950781e+01, -3.612616e-01
2.977800e+09, 2.361010e-01, 9.322860e-01, -2.300418e+00, 2.507568e+00, 4.737804e-10, 5.260121e-10, 2.941185e+01, -3.568155e-01
2.981600e+09, 2.353244e-01, 9.324680e-01, -2.311730e+00, 2.495009e+00, 4.731478e-10, 5.262199e-10, 2.931946e+01, -3.522856e-01
2.985400e+09, 2.345115e-01, 9.326577e-01, -2.323027e+00, 2.482445e+00, 4.724984e-10, 5.264372e-10, 2.923069e+01, -3.476741e-01
2.989200e+09, 2.336621e-01, 9.328552e-01, -2.334309e+00, 2.469876e+00, 4.718311e-10, 5.266641e-10, 2.914557e+01, -3.429835e-01
2.993000e+09, 2.327763e-01, 9.330603e-01, -2.345574e+00, 2.457301e+00, 4.711445e-10, 5.269005e-10, 2.906415e+01, -3.382165e-01
2.996800e+09, 2.318541e-01, 9.332730e-01, -2.356823e+00, 2.444721e+00, 4.704375e-10, 5.271463e-10, 2.898647e+01, -3.333755e-01
3.000600e+09, 2.308954e-01, 9.334931e-01, -2.368055e+00, 2.432134e+00, 4.697084e-10, 5.274014e-10, 2.891257e+01, -3.284635e-01
3.004400e+09, 2.299003e-01, 9.337205e-01, -2.379270e+00, 2.419542e+00, 4.689560e-10, 5.276659e-10, 2.884249e+01, -3.234831e-01
3.008200e+09, 2.288687e-01, 9.339552e-01, -2.390467e+00, 2.406943e+00, 4.681785e-10, 5.279396e-10, 2.877627e+01, -3.184374e-01
3.012000e+09, 2.278007e-01, 9.341970e-01, -2.401645e+00, 2.394338e+00, 4.673743e-10, 5.282225e-10, 2.871395e+01, -3.133293e-01
3.015800e+09, 2.266963e-01, 9.344458e-01, -2.412804e+00, 2.381726e+00, 4.665418e-10, 5.285145e-10, 2.865557e+01, -3.081619e-01
3.019600e+09, 2.255554e-01, 9.347015e-01, -2.423944e+00, 2.369108e+00, 4.656790e-10, 5.288155e-10, 2.860116e+01, -3.029385e-01
3.023400e+09, 2.243781e-01, 9.349640e-01, -2.435062e+00, 2.356481e+00, 4.647840e-10, 5.291253e-10, 2.855076e+01, -2.976624e-01
3.027200e+09, 2.231645e-01, 9.352331e-01, -2.446159e+00, 2.343848e+00, 4.638548e-10, 5.294438e-10, 2.850441e+01, -2.923369e-01
3.031000e+09, 2.219144e-01, 9.355086e-01, -2.457234e+00, 2.331207e+00, 4.628891e-10, 5.297709e-10, 2.846214e+01, -2.869654e-01
3.034800e+09, 2.206281e-01, 9.357905e-01, -2.468286e+00, 2.318558e+00, 4.618848e-10, 5.301065e-10, 2.842398e+01, -2.815516e-01
3.038600e+09, 2.193055e-01, 9.360786e-01, -2.479314e+00, 2.305901e+00, 4.608394e-10, 5.304504e-10, 2.838997e+01, -2.760990e-01
3.042400e+09, 2.179466e-01, 9.363726e-01, -2.490318e+00, 2.293236e+00, 4.597502e-10, 5.308024e-10, 2.836013e+01, -2.706113e-01
3.046200e+09, 2.165516e-01, 9.366725e-01, -2.501295e+00, 2.280563e+00, 4.586147e-10, 5.311623e-10, 2.833449e+01, -2.650924e-01
3.050000e+09, 2.151204e-01, 9.369781e-01, -2.512244e+00, 2.267881e+00, 4.574298e-10, 5.315301e-10, 2.831309e+01, -2.595461e-01
3.053800e+09, 2.136531e-01, 9.372891e-01, -2.523166e+00, 2.255190e+00, 4.561926e-10, 5.319054e-10, 2.829595e+01, -2.539762e-01
3.057600e+09, 2.121499e-01, 9.376055e-01, -2.534058e+00, 2.242490e+00, 4.548999e-10, 5.322881e-10, 2.828309e+01, -2.483869e-01
3.061400e+09, 2.106107e-01, 9.379269e-01, -2.544919e+00, 2.229781e+00, 4.535480e-10, 5.326779e-10, 2.827454e+01, -2.427820e-01
3.065200e+09, 2.090357e-01, 9.382533e-01, -2.555748e+00, 2.217063e+00, 4.521334e-10, 5.330747e-10, 2.827032e+01, -2.371658e-01
3.069000e+09, 2.074249e-01, 9.385844e-01, -2.566544e+00, 2.204335e+00, 4.506522e-10, 5.334781e-10, 2.827046e+01, -2.315424e-01
3.072800e+09, 2.057785e-01, 9.389199e-01, -2.577303e+00, 2.191597e+00, 4.491002e-10, 5.338880e-10, 2.827497e+01, -2.259159e-01
3.076600e+09, 2.040965e-01, 9.392598e-01, -2.588026e+00, 2.178850e+00, 4.474730e-10, 5.343041e-10, 2.828388e+01, -2.202907e-01
3.080400e+09, 2.023791e-01, 9.396037e-01, -2.598710e+00, 2.166093e+00, 4.457659e-10, 5.347261e-10, 2.829719e+01, -2.146710e-01
3.084200e+09, 2.006264e-01, 9.399514e-01, -2.609353e+00, 2.153326e+00, 4.439737e-10, 5.351538e-10, 2.831492e+01, -2.090611e-01
3.088000e+09, 1.988384e-01, 9.403028e-01, -2.619954e+00, 2.140549e+00, 4.420911e-10, 5.355869e-10, 2.833709e+01, -2.034654e-01
3.091800e+09, 1.970155e-01, 9.406575e-01, -2.630509e+00, 2.127761e+00, 4.401124e-10, 5.360250e-10, 2.836370e+01, -1.978882e-01
3.095600e+09, 1.951576e-01, 9.410154e-01, -2.641017e+00, 2.114963e+00, 4.380313e-10, 5.364680e-10, 2.839478e+01, -1.923339e-01
3.099400e+09, 1.932650e-01, 9.413762e-01, -2.651476e+00, 2.102154e+00, 4.358412e-10, 5.369156e-10, 2.843031e+01, -1.868069e-01
3.103200e+09, 1.913378e-01, 9.417396e-01, -2.661882e+00, 2.089335e+00, 4.335349e-10, 5.373673e-10, 2.847032e+01, -1.813117e-01
3.107000e+09, 1.893762e-01, 9.421055e-01, -2.672233e+00, 2.076504e+00, 4.311048e-10, 5.378230e-10, 2.851480e+01, -1.758526e-01
3.110800e+09, 1.873804e-01, 9.424734e-01, -2.682526e+00, 2.063663e+00, 4.285428e-10, 5.382822e-10, 2.856376e+01, -1.704339e-01
3.114600e+09, 1.853505e-01, 9.428433e-01, -2.692758e+00, 2.050811e+00, 4.258398e-10, 5.387448e-10, 2.861719e+01, -1.650602e-01
3.118400e+09, 1.832868e-01, 9.432148e-01, -2.702925e+00, 2.037948e+00, 4.229864e-10, 5.392103e-10, 2.867510e+01, -1.597357e-01
3.122200e+09, 1.811896e-01, 9.435877e-01, -2.713025e+00, 2.025074e+00, 4.199722e-10, 5.396785e-10, 2.873748e+01, -1.544649e-01
3.126000e+09, 1.790589e-01, 9.439616e-01, -2.723052e+00, 2.012188e+00, 4.167860e-10, 5.401490e-10, 2.880432e+01, -1.492519e-01
3.129800e+09, 1.768952e-01, 9.443364e-01, -2.733003e+00, 1.999292e+00, 4.134158e-10, 5.406215e-10, 2.887561e+01, -1.441012e-01
3.133600e+09, 1.746986e-01, 9.447118e-01, -2.742874e+00, 1.986384e+00, 4.098485e-10, 5.410957e-10, 2.895135e+01, -1.390169e-01
3.137400e+09, 1.724693e-01, 9.450874e-01, -2.752660e+00, 1.973464e+00, 4.060697e-10, 5.415711e-10, 2.903151e+01, -1.340034e-01
3.141200e+09, 1.702078e-01, 9.454631e-01, -2.762355e+00, 1.960534e+00, 4.020642e-10, 5.420476e-10, 2.911610e+01, -1.290646e-01
3.145000e+09, 1.679142e-01, 9.458384e-01, -2.771955e+00, 1.947592e+00, 3.978150e-10, 5.425248e-10, 2.920508e+01, -1.242048e-01
3.148800e+09, 1.655889e-01, 9.462133e-01, -2.781453e+00, 1.934638e+00, 3.933039e-10, 5.430023e-10, 2.929844e+01, -1.194280e-01
3.152600e+09, 1.632322e-01, 9.465873e-01, -2.790844e+00, 1.921674e+00, 3.885107e-10, 5.434798e-10, 2.939615e+01, -1.147381e-01
3.156400e+09, 1.608445e-01, 9.469602e-01, -2.800120e+00, 1.908698e+00, 3.834136e-10, 5.439569e-10, 2.949819e+01, -1.101392e-01
3.160200e+09, 1.584261e-01, 9.473317e-01, -2.809274e+00, 1.895710e+00, 3.779885e-10, 5.444334e-10, 2.960454e+01, -1.056350e-01
3.164000e+09, 1.559774e-01, 9.477016e-01, -2.818299e+00, 1.882711e+00, 3.722092e-10, 5.449089e-10, 2.971516e+01, -1.012294e-01
3.167800e+09, 1.534989e-01, 9.480695e-01, -2.827186e+00, 1.869701e+00, 3.660467e-10, 5.453830e-10, 2.983002e+01, -9.692605e-02
3.171600e+09, 1.509908e-01, 9.484352e-01, -2.835926e+00, 1.856679e+00, 3.594692e-10, 5.458555e-10, 2.994909e+01, -9.272855e-02
3.175400e+09, 1.484537e-01, 9.487983e-01, -2.844508e+00, 1.843646e+00, 3.524415e-10, 5.463260e-10, 3.007233e+01, -8.864048e-02
3.179200e+09, 1.458880e-01, 9.491587e-01, -2.852923e+00, 1.830602e+00, 3.449247e-10, 5.467942e-10, 3.019969e+01, -8.466530e-02
3.183000e+09, 1.432943e-01, 9.495160e-01, -2.861159e+00, 1.817547e+00, 3.368759e-10, 5.472598e-10, 3.033115e+01, -8.080636e-02
3.186800e+09, 1.406730e-01, 9.498700e-01, -2.869202e+00, 1.804480e+00, 3.282472e-10, 5.477224e-10, 3.046664e+01, -7.706697e-02
3.190600e+09, 1.380246e-01, 9.502203e-01, -2.877039e+00, 1.791403e+00, 3.189858e-10, 5.481817e-10, 3.060612e+01, -7.345030e-02
3.194400e+09, 1.353499e-01, 9.505667e-01, -2.884655e+00, 1.778314e+00, 3.090324e-10, 5.486375e-10, 3.074954e+01, -6.995944e-02
3.198200e+09, 1.326493e-01, 9.509089e-01, -2.892034e+00, 1.765215e+00, 2.983210e-10, 5.490893e-10, 3.089685e+01, -6.659741e-02
3.202000e+09, 1.299235e-01, 9.512467e-01, -2.899157e+00, 1.752105e+00, 2.867779e-10, 5.495369e-10, 3.104799e+01, -6.336709e-02
3.205800e+09, 1.271732e-01, 9.515797e-01, -2.906004e+00, 1.738984e+00, 2.743201e-10, 5.499800e-10, 3.120290e+01, -6.027128e-02
3.209600e+09, 1.243992e-01, 9.519078e-01, -2.912553e+00, 1.725853e+00, 2.608545e-10, 5.504183e-10, 3.136151e+01, -5.731270e-02
3.213400e+09, 1.216021e-01, 9.522305e-01, -2.918782e+00, 1.712711e+00, 2.462762e-10, 5.508515e-10, 3.152376e+01, -5.449393e-02
3.217200e+09, 1.187830e-01, 9.525477e-01, -2.924662e+00, 1.699559e+00, 2.304665e-10, 5.512793e-10, 3.168959e+01, -5.181747e-02
3.221000e+09, 1.159425e-01, 9.528592e-01, -2.930164e+00, 1.686396e+00, 2.132911e-10, 5.517013e-10, 3.185890e+01, -4.928572e-02
3.224800e+09, 1.130818e-01, 9.531645e-01, -2.935257e+00, 1.673224e+00, 1.945975e-10, 5.521174e-10, 3.203164e+01, -4.690097e-02
3.228600e+09, 1.102018e-01, 9.534635e-01, -2.939903e+00, 1.660041e+00, 1.742118e-10, 5.525272e-10, 3.220772e+01, -4.466539e-02
3.232400e+09, 1.073037e-01, 9.537560e-01, -2.944063e+00, 1.646849e+00, 1.519358e-10, 5.529304e-10, 3.238706e+01, -4.258108e-02
3.236200e+09, 1.043886e-01, 9.540416e-01, -2.947690e+00, 1.633647e+00, 1.275422e-10, 5.533268e-10, 3.256957e+01, -4.065000e-02
3.240000e+09, 1.014580e-01, 9.543201e-01, -2.950736e+00, 1.620436e+00, 1.007702e-10, 5.537161e-10, 3.275516e+01, -3.887402e-02
3.243800e+09, 9.851314e-02, 9.545914e-01, -2.953142e+00, 1.607216e+00, 7.131954e-11, 5.540980e-10, 3.294373e+01, -3.725491e-02
3.247600e+09, 9.555572e-02, 9.548550e-01, -2.954844e+00, 1.593986e+00, 3.884347e-11, 5.544723e-10, 3.313520e+01, -3.579432e-02
3.251400e+09, 9.258749e-02, 9.551109e-01, -2.955772e+00, 1.580747e+00, 2.940556e-12, 5.548387e-10, 3.332946e+01, -3.449381e-02
3.255200e+09, 8.961038e-02, 9.553587e-01, -2.955842e+00, 1.567500e+00, -3.685513e-11, 5.551970e-10, 3.352640e+01, -3.335482e-02
3.259000e+09, 8.662656e-02, 9.555982e-01, -2.954962e+00, 1.554244e+00, -8.108574e-11, 5.555468e-10, 3.372591e+01, -3.237869e-02
3.262800e+09, 8.363845e-02, 9.558293e-01, -2.953026e+00, 1.540980e+00, -1.303835e-10, 5.558880e-10, 3.392789e+01, -3.156664e-02
3.266600e+09, 8.064880e-02, 9.560517e-01, -2.949913e+00, 1.527707e+00, -1.854868e-10, 5.562203e-10, 3.413222e+01, -3.091980e-02
3.270400e+09, 7.766070e-02, 9.562651e-01, -2.945484e+00, 1.514427e+00, -2.472597e-10, 5.565435e-10, 3.433876e+01, -3.043919e-02
3.274200e+09, 7.467770e-02, 9.564694e-01, -2.939581e+00, 1.501139e+00, -3.167131e-10, 5.568573e-10, 3.454741e+01, -3.012572e-02
3.278000e+09, 7.170384e-02, 9.566643e-01, -2.932019e+00, 1.487843e+00, -3.950294e-10, 5.571615e-10, 3.475802e+01, -2.998017e-02
3.281800e+09, 6.874382e-02, 9.568497e-01, -2.922587e+00, 1.474540e+00, -4.835889e-10, 5.574559e-10, 3.497047e+01, -3.000326e-02
3.285600e+09, 6.580306e-02, 9.570254e-01, -2.911041e+00, 1.461230e+00, -5.839963e-10, 5.577403e-10, 3.518462e+01, -3.019555e-02
3.289400e+09, 6.288791e-02, 9.571911e-01, -2.897097e+00, 1.447914e+00, -6.981031e-10, 5.580145e-10, 3.540032e+01, -3.055752e-02
3.293200e+09, 6.000584e-02, 9.573467e-01, -2.880429e+00, 1.434590e+00, -8.280210e-10, 5.582782e-10, 3.561743e+01, -3.108953e-02
3.297000e+09, 5.716563e-02, 9.574920e-01, -2.860659e+00, 1.421261e+00, -9.761127e-10, 5.585312e-10, 3.583580e+01, -3.179183e-02
3.300800e+09, 5.437773e-02, 9.576269e-01, -2.837354e+00, 1.407925e+00, -1.144943e-09, 5.587734e-10, 3.605527e+01, -3.266457e-02
3.304600e+09, 5.165455e-02, 9.577511e-01, -2.810017e+00, 1.394584e+00, -1.337156e-09, 5.590046e-10, 3.627568e+01, -3.370776e-02
3.308400e+09, 4.901093e-02, 9.578645e-01, -2.778091e+00, 1.381237e+00, -1.555240e-09, 5.592245e-10, 3.649686e+01, -3.492133e-02
3.312200e+09, 4.646452e-02, 9.579670e-01, -2.740958e+00, 1.367885e+00, -1.801100e-09, 5.594330e-10, 3.671866e+01, -3.630507e-02
3.316000e+09, 4.403637e-02, 9.580584e-01, -2.697954e+00, 1.354528e+00, -2.075380e-09, 5.596299e-10, 3.694089e+01, -3.785866e-02
3.319800e+09, 4.175129e-02, 9.581385e-01, -2.648402e+00, 1.341166e+00, -2.376437e-09, 5.598151e-10, 3.716338e+01, -3.958167e-02
3.323600e+09, 3.963830e-02, 9.582072e-01, -2.591662e+00, 1.327800e+00, -2.698976e-09, 5.599883e-10, 3.738594e+01, -4.147355e-02
3.327400e+09, 3.773053e-02, 9.582645e-01, -2.527221e+00, 1.314430e+00, -3.032492e-09, 5.601495e-10, 3.760839e+01, -4.353363e-02
3.331200e+09, 3.606478e-02, 9.583101e-01, -2.454817e+00, 1.301056e+00, -3.359990e-09, 5.602985e-10, 3.783054e+01, -4.576111e-02
3.335000e+09, 3.468007e-02, 9.583439e-01, -2.374594e+00, 1.287678e+00, -3.657864e-09, 5.604350e-10, 3.805220e+01, -4.815509e-02
3.338800e+09, 3.361517e-02, 9.583660e-01, -2.287258e+00, 1.274297e+00, -3.898003e-09, 5.605591e-10, 3.827317e+01, -5.071452e-02
3.342600e+09, 3.290497e-02, 9.583760e-01, -2.194189e+00, 1.260913e+00, -4.052732e-09, 5.606705e-10, 3.849324e+01, -5.343824e-02
3.346400e+09, 3.257628e-02, 9.583740e-01, -2.097426e+00, 1.247526e+00, -4.101694e-09, 5.607691e-10, 3.871222e+01, -5.632498e-02
3.350200e+09, 3.264393e-02, 9.583599e-01, -1.999493e+00, 1.234137e+00, -4.038016e-09, 5.608548e-10, 3.892989e+01, -5.937331e-02
3.354000e+09, 3.310847e-02, 9.583335e-01, -1.903081e+00, 1.220746e+00, -3.870570e-09, 5.609275e-10, 3.914605e+01, -6.258170e-02
3.357800e+09, 3.395626e-02, 9.582949e-01, -1.810667e+00, 1.207353e+00, -3.621068e-09, 5.609871e-10, 3.936048e+01, -6.594848e-02
3.361600e+09, 3.516187e-02, 9.582439e-01, -1.724210e+00, 1.193959e+00, -3.317611e-09, 5.610335e-10, 3.957296e+01, -6.947184e-02
3.365400e+09, 3.669194e-02, 9.581805e-01, -1.644998e+00, 1.180564e+00, -2.987944e-09, 5.610666e-10, 3.978327e+01, -7.314986e-02
3.369200e+09, 3.850941e-02, 9.581047e-01, -1.573658e+00, 1.167168e+00, -2.654871e-09, 5.610862e-10, 3.999120e+01, -7.698046e-02
3.373000e+09, 4.057692e-02, 9.580163e-01, -1.510270e+00, 1.153771e+00, -2.334496e-09, 5.610924e-10, 4.019652e+01, -8.096146e-02
3.376800e+09, 4.285925e-02, 9.579154e-01, -1.454531e+00, 1.140375e+00, -2.036560e-09, 5.610851e-10, 4.039901e+01, -8.509053e-02
3.380600e+09, 4.532466e-02, 9.578020e-01, -1.405906e+00, 1.126978e+00, -1.765793e-09, 5.610642e-10, 4.059844e+01, -8.936520e-02
3.384400e+09, 4.794533e-02, 9.576760e-01, -1.363746e+00, 1.113582e+00, -1.523468e-09, 5.610296e-10, 4.079459e+01, -9.378287e-02
3.388200e+09, 5.069740e-02, 9.575375e-01, -1.327371e+00, 1.100187e+00, -1.308728e-09, 5.609813e-10, 4.098723e+01, -9.834083e-02
3.392000e+09, 5.356064e-02, 9.573863e-01, -1.296124e+00, 1.086793e+00, -1.119558e-09, 5.609192e-10, 4.117615e+01, -1.030362e-01
3.395800e+09, 5.651797e-02, 9.572226e-01, -1.269393e+00, 1.073400e+00, -9.534311e-10, 5.608434e-10, 4.136111e+01, -1.078660e-01
3.399600e+09, 5.955505e-02, 9.570463e-01, -1.246629e+00, 1.060009e+00, -8.077035e-10, 5.607538e-10, 4.154189e+01, -1.128271e-01
3.403400e+09, 6.265979e-02, 9.568575e-01, -1.227344e+00, 1.046621e+00, -6.798320e-10, 5.606504e-10, 4.171827e+01, -1.179162e-01
3.407200e+09, 6.582200e-02, 9.566562e-01, -1.211113e+00, 1.033235e+00, -5.674850e-10, 5.605331e-10, 4.189004e+01, -1.231300e-01
3.411000e+09, 6.903305e-02, 9.564425e-01, -1.197563e+00, 1.019851e+00, -4.685855e-10, 5.604021e-10, 4.205698e+01, -1.284649e-01
3.414800e+09, 7.228557e-02, 9.562163e-01, -1.186375e+00, 1.006471e+00, -3.813153e-10, 5.602573e-10, 4.221888e+01, -1.339173e-01
3.418600e+09, 7.557328e-02, 9.559779e-01, -1.177271e+00, 9.930944e-01, -3.041008e-10, 5.600986e-10, 4.237552e+01, -1.394835e-01
3.422400e+09, 7.889073e-02, 9.557271e-01, -1.170010e+00, 9.797214e-01, -2.355893e-10, 5.599263e-10, 4.252671e+01, -1.451596e-01
3.426200e+09, 8.223320e-02, 9.554641e-01, -1.164385e+00, 9.663525e-01, -1.746224e-10, 5.597402e-10, 4.267225e+01, -1.509415e-01
3.430000e+09, 8.559658e-02, 9.551891e-01, -1.160216e+00, 9.529881e-01, -1.202100e-10, 5.595404e-10, 4.281194e+01, -1.568253e-01
3.433800e+09, 8.897723e-02, 9.549020e-01, -1.157346e+00, 9.396285e-01, -7.150605e-11, 5.593271e-10, 4.294560e+01, -1.628066e-01
3.437600e+09, 9.237193e-02, 9.546029e-01, -1.155639e+00, 9.262739e-01, -2.778706e-11, 5.591002e-10, 4.307305e+01, -1.688811e-01
3.441400e+09, 9.577782e-02, 9.542921e-01, -1.154975e+00, 9.129248e-01, 1.156628e-11, 5.588599e-10, 4.319411e+01, -1.750446e-01
3.445200e+09, 9.919231e-02, 9.539696e-01, -1.155251e+00, 8.995814e-01, 4.708520e-11, 5.586062e-10, 4.330862e+01, -1.812923e-01
3.449000e+09, 1.026131e-01, 9.536355e-01, -1.156375e+00, 8.862441e-01, 7.922640e-11, 5.583392e-10, 4.341642e+01, -1.876198e-01
3.452800e+09, 1.060380e-01, 9.532899e-01, -1.158267e+00, 8.729131e-01, 1.083834e-10, 5.580591e-10, 4.351737e+01, -1.940224e-01
3.456600e+09, 1.094651e-01, 9.529331e-01, -1.160855e+00, 8.595888e-01, 1.348963e-10, 5.577659e-10, 4.361132e+01, -2.004953e-01
3.460400e+09, 1.128927e-01, 9.525651e-01, -1.164076e+00, 8.462715e-01, 1.590596e-10, 5.574598e-10, 4.369815e+01, -2.070338e-01
3.464200e+09, 1.163190e-01, 9.521862e-01, -1.167873e+00, 8.329616e-01, 1.811293e-10, 5.571409e-10, 4.377773e+01, -2.136329e-01
3.468000e+09, 1.197425e-01, 9.517964e-01, -1.172198e+00, 8.196592e-01, 2.013283e-10, 5.568093e-10, 4.384996e+01, -2.202876e-01
3.471800e+09, 1.231618e-01, 9.513960e-01, -1.177005e+00, 8.063648e-01, 2.198514e-10, 5.564652e-10, 4.391474e+01, -2.269932e-01
3.475600e+09, 1.265756e-01, 9.509851e-01, -1.182254e+00, 7.930786e-01, 2.368693e-10, 5.561089e-10, 4.397198e+01, -2.337444e-01
3.479400e+09, 1.299825e-01, 9.505640e-01, -1.187910e+00, 7.798009e-01, 2.525318e-10, 5.557403e-10, 4.402161e+01, -2.405363e-01
3.483200e+09, 1.333814e-01, 9.501328e-01, -1.193939e+00, 7.665319e-01, 2.669709e-10, 5.553598e-10, 4.406355e+01, -2.473638e-01
3.487000e+09, 1.367711e-01, 9.496918e-01, -1.200313e+00, 7.532721e-01, 2.803033e-10, 5.549675e-10, 4.409776e+01, -2.542217e-01
3.490800e+09, 1.401505e-01, 9.492411e-01, -1.207006e+00, 7.400216e-01, 2.926320e-10, 5.545637e-10, 4.412420e+01, -2.611051e-01
3.494600e+09, 1.435186e-01, 9.487809e-01, -1.213993e+00, 7.267808e-01, 3.040488e-10, 5.541485e-10, 4.414283e+01, -2.680087e-01
3.498400e+09, 1.468744e-01, 9.483116e-01, -1.221252e+00, 7.135499e-01, 3.146350e-10, 5.537222e-10, 4.415364e+01, -2.749276e-01
3.502200e+09, 1.502170e-01, 9.478333e-01, -1.228765e+00, 7.003292e-01, 3.244634e-10, 5.532849e-10, 4.415662e+01, -2.818566e-01
3.506000e+09, 1.535454e-01, 9.473463e-01, -1.236512e+00, 6.871189e-01, 3.335988e-10, 5.528370e-10, 4.415177e+01, -2.887907e-01
3.509800e+09, 1.568587e-01, 9.468508e-01, -1.244477e+00, 6.739193e-01, 3.420996e-10, 5.523787e-10, 4.413912e+01, -2.957248e-01
3.513600e+09, 1.601561e-01, 9.463471e-01, -1.252645e+00, 6.607307e-01, 3.500180e-10, 5.519103e-10, 4.411869e+01, -3.026540e-01
3.517400e+09, 1.634368e-01, 9.458354e-01, -1.261002e+00, 6.475532e-01, 3.574008e-10, 5.514320e-10, 4.409053e+01, -3.095733e-01
3.521200e+09, 1.667000e-01, 9.453160e-01, -1.269535e+00, 6.343871e-01, 3.642907e-10, 5.509441e-10, 4.405468e+01, -3.164779e-01
3.525000e+09, 1.699448e-01, 9.447892e-01, -1.278233e+00, 6.212327e-01, 3.707258e-10, 5.504469e-10, 4.401121e+01, -3.233629e-01
3.528800e+09, 1.731706e-01, 9.442553e-01, -1.287084e+00, 6.080902e-01, 3.767407e-10, 5.499407e-10, 4.396019e+01, -3.302236e-01
3.532600e+09, 1.763766e-01, 9.437145e-01, -1.296079e+00, 5.949598e-01, 3.823671e-10, 5.494257e-10, 4.390171e+01, -3.370552e-01
3.536400e+09, 1.795622e-01, 9.431671e-01, -1.305209e+00, 5.818416e-01, 3.876333e-10, 5.489024e-10, 4.383584e+01, -3.438533e-01
3.540200e+09, 1.827266e-01, 9.426135e-01, -1.314464e+00, 5.687360e-01, 3.925655e-10, 5.483711e-10, 4.376271e+01, -3.506132e-01
3.544000e+09, 1.858691e-01, 9.420539e-01, -1.323837e+00, 5.556430e-01, 3.971873e-10, 5.478319e-10, 4.368242e+01, -3.573306e-01
3.547800e+09, 1.889892e-01, 9.414886e-01, -1.333320e+00, 5.425629e-01, 4.015204e-10, 5.472854e-10, 4.359509e+01, -3.640011e-01
3.551600e+09, 1.920862e-01, 9.409179e-01, -1.342907e+00, 5.294959e-01, 4.055846e-10, 5.467318e-10, 4.350084e+01, -3.706205e-01
3.555400e+09, 1.951595e-01, 9.403422e-01, -1.352591e+00, 5.164421e-01, 4.093981e-10, 5.461715e-10, 4.339982e+01, -3.771847e-01
3.559200e+09, 1.982085e-01, 9.397618e-01, -1.362366e+00, 5.034016e-01, 4.129777e-10, 5.456049e-10, 4.329217e+01, -3.836895e-01
3.563000e+09, 2.012326e-01, 9.391770e-01, -1.372226e+00, 4.903747e-01, 4.163386e-10, 5.450322e-10, 4.317803e+01, -3.901312e-01
3.566800e+09, 2.042312e-01, 9.385881e-01, -1.382166e+00, 4.773614e-01, 4.194950e-10, 5.444540e-10, 4.305756e+01, -3.965058e-01
3.570600e+09, 2.072039e-01, 9.379954e-01, -1.392182e+00, 4.643620e-01, 4.224600e-10, 5.438704e-10, 4.293092e+01, -4.028098e-01
3.574400e+09, 2.101500e-01, 9.373993e-01, -1.402269e+00, 4.513765e-01, 4.252456e-10, 5.432821e-10, 4.279828e+01, -4.090396e-01
3.578200e+09, 2.130691e-01, 9.368000e-01, -1.412422e+00, 4.384050e-01, 4.278629e-10, 5.426892e-10, 4.265980e+01, -4.151916e-01
3.582000e+09, 2.159606e-01, 9.361980e-01, -1.422638e+00, 4.254477e-01, 4.303223e-10, 5.420922e-10, 4.251567e+01, -4.212626e-01
3.585800e+09, 2.188241e-01, 9.355936e-01, -1.432912e+00, 4.125047e-01, 4.326333e-10, 5.414915e-10, 4.236606e+01, -4.272493e-01
3.589600e+09, 2.216591e-01, 9.349871e-01, -1.443242e+00, 3.995760e-01, 4.348050e-10, 5.408875e-10, 4.221114e+01, -4.331486e-01
3.593400e+09, 2.244651e-01, 9.343788e-01, -1.453623e+00, 3.866617e-01, 4.368456e-10, 5.402806e-10, 4.205111e+01, -4.389577e-01
3.597200e+09, 2.272416e-01, 9.337692e-01, -1.464054e+00, 3.737619e-01, 4.387628e-10, 5.396711e-10, 4.188615e+01, -4.446735e-01
3.601000e+09, 2.299883e-01, 9.331584e-01, -1.474530e+00, 3.608766e-01, 4.405639e-10, 5.390596e-10, 4.171643e+01, -4.502934e-01
3.604800e+09, 2.327047e-01, 9.325469e-01, -1.485049e+00, 3.480060e-01, 4.422555e-10, 5.384463e-10, 4.154216e+01, -4.558148e-01
3.608600e+09, 2.353903e-01, 9.319351e-01, -1.495608e+00, 3.351500e-01, 4.438440e-10, 5.378318e-10, 4.136352e+01, -4.612351e-01
3.612400e+09, 2.380449e-01, 9.313232e-01, -1.506205e+00, 3.223087e-01, 4.453353e-10, 5.372164e-10, 4.118069e+01, -4.665519e-01
3.616200e+09, 2.406679e-01, 9.307116e-01, -1.516838e+00, 3.094820e-01, 4.467350e-10, 5.366004e-10, 4.099387e+01, -4.717630e-01
3.620000e+09, 2.432591e-01, 9.301006e-01, -1.527504e+00, 2.966701e-01, 4.480483e-10, 5.359844e-10, 4.080324e+01, -4.768662e-01
3.623800e+09, 2.458180e-01, 9.294906e-01, -1.538202e+00, 2.838729e-01, 4.492800e-10, 5.353688e-10, 4.060899e+01, -4.818594e-01
3.627600e+09, 2.483443e-01, 9.288820e-01, -1.548929e+00, 2.710904e-01, 4.504347e-10, 5.347538e-10, 4.041129e+01, -4.867406e-01
3.631400e+09, 2.508376e-01, 9.282750e-01, -1.559684e+00, 2.583225e-01, 4.515169e-10, 5.341400e-10, 4.021035e+01, -4.915081e-01
3.635200e+09, 2.532977e-01, 9.276700e-01, -1.570464e+00, 2.455693e-01, 4.525305e-10, 5.335278e-10, 4.000633e+01, -4.961599e-01
3.639000e+09, 2.557241e-01, 9.270674e-01, -1.581269e+00, 2.328308e-01, 4.534795e-10, 5.329175e-10, 3.979941e+01, -5.006945e-01
3.642800e+09, 2.581166e-01, 9.264674e-01, -1.592096e+00, 2.201068e-01, 4.543676e-10, 5.323096e-10, 3.958978e+01, -5.051102e-01
3.646600e+09, 2.604749e-01, 9.258704e-01, -1.602945e+00, 2.073973e-01, 4.551981e-10, 5.317044e-10, 3.937761e+01, -5.094056e-01
3.650400e+09, 2.627986e-01, 9.252767e-01, -1.613813e+00, 1.947023e-01, 4.559743e-10, 5.311023e-10, 3.916306e+01, -5.135793e-01
3.654200e+09, 2.650876e-01, 9.246868e-01, -1.624700e+00, 1.820216e-01, 4.566995e-10, 5.305038e-10, 3.894631e+01, -5.176298e-01
3.658000e+09, 2.673414e-01, 9.241007e-01, -1.635604e+00, 1.693553e-01, 4.573764e-10, 5.299091e-10, 3.872753e+01, -5.215561e-01
3.661800e+09, 2.695598e-01, 9.235190e-01, -1.646524e+00, 1.567031e-01, 4.580080e-10, 5.293188e-10, 3.850687e+01, -5.253568e-01
3.665600e+09, 2.717426e-01, 9.229419e-01, -1.657460e+00, 1.440650e-01, 4.585968e-10, 5.287331e-10, 3.828449e+01, -5.290310e-01
3.669400e+09, 2.738896e-01, 9.223698e-01, -1.668409e+00, 1.314409e-01, 4.591454e-10, 5.281524e-10, 3.806055e+01, -5.325774e-01
3.673200e+09, 2.760004e-01, 9.218028e-01, -1.679372e+00, 1.188307e-01, 4.596562e-10, 5.275772e-10, 3.783520e+01, -5.359953e-01
3.677000e+09, 2.780749e-01, 9.212415e-01, -1.690347e+00, 1.062342e-01, 4.601315e-10, 5.270077e-10, 3.760860e+01, -5.392835e-01
3.680800e+09, 2.801127e-01, 9.206859e-01, -1.701333e+00, 9.365134e-02, 4.605735e-10, 5.264442e-10, 3.738087e+01, -5.424414e-01
3.684600e+09, 2.821138e-01, 9.201365e-01, -1.712330e+00, 8.108190e-02, 4.609843e-10, 5.258872e-10, 3.715217e+01, -5.454680e-01
3.688400e+09, 2.840778e-01, 9.195936e-01, -1.723336e+00, 6.852576e-02, 4.613658e-10, 5.253370e-10, 3.692264e+01, -5.483626e-01
3.692200e+09, 2.860046e-01, 9.190573e-01, -1.734352e+00, 5.598276e-02, 4.617199e-10, 5.247939e-10, 3.669240e+01, -5.511245e-01
3.696000e+09, 2.878940e-01, 9.185281e-01, -1.745376e+00, 4.345273e-02, 4.620485e-10, 5.242583e-10, 3.646159e+01, -5.537529e-01
3.699800e+09, 2.897457e-01, 9.180061e-01, -1.756408e+00, 3.093548e-02, 4.623533e-10, 5.237303e-10, 3.623033e+01, -5.562474e-01
3.703600e+09, 2.915597e-01, 9.174917e-01, -1.767447e+00, 1.843084e-02, 4.626359e-10, 5.232104e-10, 3.599875e+01, -5.586071e-01
3.707400e+09, 2.933356e-01, 9.169851e-01, -1.778493e+00, 5.938617e-03, 4.628979e-10, 5.226989e-10, 3.576696e+01, -5.608317e-01
3.711200e+09, 2.950733e-01, 9.164865e-01, -1.789545e+00, -6.541396e-03, 4.631407e-10, 5.221959e-10, 3.553509e+01, -5.629205e-01
3.715000e+09, 2.967726e-01, 9.159963e-01, -1.800603e+00, -1.900940e-02, 4.633660e-10, 5.217019e-10, 3.530324e+01, -5.648731e-01
3.718800e+09, 2.984335e-01, 9.155147e-01, -1.811666e+00, -3.146561e-02, 4.635749e-10, 5.212170e-10, 3.507152e+01, -5.666889e-01
3.722600e+09, 3.000556e-01, 9.150419e-01, -1.822735e+00, -4.391024e-02, 4.637688e-10, 5.207416e-10, 3.484004e+01, -5.683675e-01
3.726400e+09, 3.016389e-01, 9.145782e-01, -1.833808e+00, -5.634352e-02, 4.639491e-10, 5.202758e-10, 3.460891e+01, -5.699084e-01
3.730200e+09, 3.031832e-01, 9.141237e-01, -1.844885e+00, -6.876568e-02, 4.641168e-10, 5.198200e-10, 3.437822e+01, -5.713113e-01
3.734000e+09, 3.046883e-01, 9.136788e-01, -1.855966e+00, -8.117696e-02, 4.642731e-10, 5.193743e-10, 3.414807e+01, -5.725756e-01
3.737800e+09, 3.061541e-01, 9.132436e-01, -1.867051e+00, -9.357759e-02, 4.644191e-10, 5.189390e-10, 3.391855e+01, -5.737011e-01
3.741600e+09, 3.075804e-01, 9.128184e-01, -1.878140e+00, -1.059678e-01, 4.645559e-10, 5.185143e-10, 3.368975e+01, -5.746873e-01
3.745400e+09, 3.089672e-01, 9.124034e-01, -1.889232e+00, -1.183479e-01, 4.646844e-10, 5.181003e-10, 3.346177e+01, -5.755339e-01
3.749200e+09, 3.103142e-01, 9.119987e-01, -1.900327e+00, -1.307181e-01, 4.648057e-10, 5.176974e-10, 3.323468e+01, -5.762404e-01
3.753000e+09, 3.116213e-01, 9.116045e-01, -1.911424e+00, -1.430787e-01, 4.649205e-10, 5.173056e-10, 3.300858e+01, -5.768067e-01
3.756800e+09, 3.128884e-01, 9.112211e-01, -1.922525e+00, -1.554300e-01, 4.650297e-10, 5.169251e-10, 3.278354e+01, -5.772322e-01
3.760600e+09, 3.141154e-01, 9.108487e-01, -1.933628e+00, -1.677721e-01, 4.651342e-10, 5.165562e-10, 3.255963e+01, -5.775167e-01
3.764400e+09, 3.153021e-01, 9.104873e-01, -1.944734e+00, -1.801055e-01, 4.652348e-10, 5.161989e-10, 3.233695e+01, -5.776599e-01
3.768200e+09, 3.164484e-01, 9.101372e-01, -1.955842e+00, -1.924303e-01, 4.653322e-10, 5.158534e-10, 3.211555e+01, -5.776613e-01
3.772000e+09, 3.175541e-01, 9.097986e-01, -1.966952e+00, -2.047469e-01, 4.654270e-10, 5.155198e-10, 3.189552e+01, -5.775208e-01
3.775800e+09, 3.186192e-01, 9.094716e-01, -1.978064e+00, -2.170555e-01, 4.655199e-10, 5.151984e-10, 3.167692e+01, -5.772379e-01
3.779600e+09, 3.196435e-01, 9.091563e-01, -1.989179e+00, -2.293564e-01, 4.656117e-10, 5.148891e-10, 3.145983e+01, -5.768124e-01
3.783400e+09, 3.206270e-01, 9.088529e-01, -2.000296e+00, -2.416500e-01, 4.657027e-10, 5.145921e-10, 3.124430e+01, -5.762440e-01
3.787200e+09, 3.215694e-01, 9.085616e-01, -2.011415e+00, -2.539364e-01, 4.657937e-10, 5.143075e-10, 3.103041e+01, -5.755324e-01
3.791000e+09, 3.224706e-01, 9.082824e-01, -2.022537e+00, -2.662161e-01, 4.658851e-10, 5.140354e-10, 3.081822e+01, -5.746772e-01
3.794800e+09, 3.233306e-01, 9.080156e-01, -2.033660e+00, -2.784892e-01, 4.659775e-10, 5.137759e-10, 3.060779e+01, -5.736782e-01
3.798600e+09, 3.241492e-01, 9.077612e-01, -2.044786e+00, -2.907562e-01, 4.660712e-10, 5.135291e-10, 3.039918e+01, -5.725352e-01
3.802400e+09, 3.249263e-01, 9.075193e-01, -2.055914e+00, -3.030173e-01, 4.661668e-10, 5.132950e-10, 3.019246e+01, -5.712477e-01
3.806200e+09, 3.256618e-01, 9.072901e-01, -2.067044e+00, -3.152728e-01, 4.662646e-10, 5.130737e-10, 2.998768e+01, -5.698157e-01
3.810000e+09, 3.263555e-01, 9.070736e-01, -2.078177e+00, -3.275230e-01, 4.663649e-10, 5.128653e-10, 2.978490e+01, -5.682388e-01
3.813800e+09, 3.270074e-01, 9.068701e-01, -2.089312e+00, -3.397682e-01, 4.664682e-10, 5.126698e-10, 2.958418e+01, -5.665168e-01
3.817600e+09, 3.276173e-01, 9.066794e-01, -2.100449e+00, -3.520087e-01, 4.665748e-10, 5.124873e-10, 2.938558e+01, -5.646496e-01
3.821400e+09, 3.281851e-01, 9.065019e-01, -2.111589e+00, -3.642449e-01, 4.666849e-10, 5.123178e-10, 2.918914e+01, -5.626368e-01
3.825200e+09, 3.287107e-01, 9.063375e-01, -2.122732e+00, -3.764771e-01, 4.667987e-10, 5.121613e-10, 2.899494e+01, -5.604783e-01
3.829000e+09, 3.291939e-01, 9.061863e-01, -2.133877e+00, -3.887055e-01, 4.669167e-10, 5.120179e-10, 2.880302e+01, -5.581740e-01
3.832800e+09, 3.296347e-01, 9.060484e-01, -2.145025e+00, -4.009305e-01, 4.670388e-10, 5.118877e-10, 2.861343e+01, -5.557237e-01
3.836600e+09, 3.300329e-01, 9.059239e-01, -2.156176e+00, -4.131524e-01, 4.671654e-10, 5.117707e-10, 2.842624e+01, -5.531274e-01
3.840400e+09, 3.303885e-01, 9.058128e-01, -2.167330e+00, -4.253715e-01, 4.672966e-10, 5.116668e-10, 2.824149e+01, -5.503849e-01
3.844200e+09, 3.307012e-01, 9.057153e-01, -2.178488e+00, -4.375881e-01, 4.674325e-10, 5.115761e-10, 2.805924e+01, -5.474962e-01
3.848000e+09, 3.309710e-01, 9.056313e-01, -2.189648e+00, -4.498025e-01, 4.675733e-10, 5.114987e-10, 2.787955e+01, -5.444614e-01
3.851800e+09, 3.311978e-01, 9.055609e-01, -2.200812e+00, -4.620151e-01, 4.677191e-10, 5.114345e-10, 2.770246e+01, -5.412804e-01
3.855600e+09, 3.313814e-01, 9.055042e-01, -2.211979e+00, -4.742262e-01, 4.678698e-10, 5.113837e-10, 2.752803e+01, -5.379534e-01
3.859400e+09, 3.315217e-01, 9.054612e-01, -2.223150e+00, -4.864360e-01, 4.680257e-10, 5.113461e-10, 2.735631e+01, -5.344805e-01
3.863200e+09, 3.316186e-01, 9.054320e-01, -2.234325e+00, -4.986450e-01, 4.681866e-10, 5.113219e-10, 2.718735e+01, -5.308619e-01
3.867000e+09, 3.316720e-01, 9.054166e-01, -2.245503e+00, -5.108534e-01, 4.683527e-10, 5.113111e-10, 2.702122e+01, -5.270979e-01
3.870800e+09, 3.316818e-01, 9.054150e-01, -2.256686e+00, -5.230615e-01, 4.685238e-10, 5.113137e-10, 2.685796e+01, -5.231887e-01
3.874600e+09, 3.316478e-01, 9.054273e-01, -2.267872e+00, -5.352697e-01, 4.687000e-10, 5.113297e-10, 2.669763e+01, -5.191349e-01
3.878400e+09, 3.315699e-01, 9.054535e-01, -2.279063e+00, -5.474782e-01, 4.688812e-10, 5.113592e-10, 2.654027e+01, -5.149367e-01
3.882200e+09, 3.314480e-01, 9.054936e-01, -2.290258e+00, -5.596875e-01, 4.690674e-10, 5.114023e-10, 2.638595e+01, -5.105948e-01
3.886000e+09, 3.312820e-01, 9.055477e-01, -2.301458e+00, -5.718978e-01, 4.692584e-10, 5.114589e-10, 2.623473e+01, -5.061098e-01
3.889800e+09, 3.310717e-01, 9.056158e-01, -2.312662e+00, -5.841094e-01, 4.694542e-10, 5.115292e-10, 2.608664e+01, -5.014825e-01
3.893600e+09, 3.308171e-01, 9.056979e-01, -2.323870e+00, -5.963228e-01, 4.696545e-10, 5.116131e-10, 2.594175e+01, -4.967135e-01
3.897400e+09, 3.305180e-01, 9.057940e-01, -2.335084e+00, -6.085381e-01, 4.698593e-10, 5.117108e-10, 2.580012e+01, -4.918040e-01
3.901200e+09, 3.301743e-01, 9.059041e-01, -2.346302e+00, -6.207558e-01, 4.700684e-10, 5.118224e-10, 2.566180e+01, -4.867547e-01
3.905000e+09, 3.297859e-01, 9.060282e-01, -2.357526e+00, -6.329761e-01, 4.702815e-10, 5.119478e-10, 2.552685e+01, -4.815670e-01
3.908800e+09, 3.293526e-01, 9.061664e-01, -2.368754e+00, -6.451994e-01, 4.704986e-10, 5.120873e-10, 2.539531e+01, -4.762420e-01
3.912600e+09, 3.288744e-01, 9.063186e-01, -2.379988e+00, -6.574260e-01, 4.707193e-10, 5.122408e-10, 2.526726e+01, -4.707811e-01
3.916400e+09, 3.283512e-01, 9.064848e-01, -2.391227e+00, -6.696564e-01, 4.709433e-10, 5.124086e-10, 2.514274e+01, -4.651859e-01
3.920200e+09, 3.277827e-01, 9.066651e-01, -2.402471e+00, -6.818907e-01, 4.711705e-10, 5.125907e-10, 2.502182e+01, -4.594579e-01
3.924000e+09, 3.271690e-01, 9.068594e-01, -2.413721e+00, -6.941294e-01, 4.714005e-10, 5.127872e-10, 2.490454e+01, -4.535989e-01
3.927800e+09, 3.265099e-01, 9.070677e-01, -2.424976e+00, -7.063727e-01, 4.716330e-10, 5.129983e-10, 2.479097e+01, -4.476109e-01
3.931600e+09, 3.258052e-01, 9.072900e-01, -2.436237e+00, -7.186211e-01, 4.718677e-10, 5.132241e-10, 2.468117e+01, -4.414959e-01
3.935400e+09, 3.250550e-01, 9.075262e-01, -2.447503e+00, -7.308749e-01, 4.721042e-10, 5.134647e-10, 2.457519e+01, -4.352562e-01
3.939200e+09, 3.242590e-01, 9.077764e-01, -2.458775e+00, -7.431344e-01, 4.723421e-10, 5.137203e-10, 2.447309e+01, -4.288942e-01
3.943000e+09, 3.234171e-01, 9.080406e-01, -2.470053e+00, -7.554001e-01, 4.725810e-10, 5.139910e-10, 2.437492e+01, -4.224124e-01
3.946800e+09, 3.225294e-01, 9.083186e-01, -2.481336e+00, -7.676722e-01, 4.728206e-10, 5.142771e-10, 2.428076e+01, -4.158135e-01
3.950600e+09, 3.215955e-01, 9.086104e-01, -2.492625e+00, -7.799511e-01, 4.730602e-10, 5.145786e-10, 2.419065e+01, -4.091005e-01
3.954400e+09, 3.206156e-01, 9.089161e-01, -2.503920e+00, -7.922372e-01, 4.732995e-10, 5.148958e-10, 2.410465e+01, -4.022763e-01
3.958200e+09, 3.195894e-01, 9.092355e-01, -2.515221e+00, -8.045310e-01, 4.735380e-10, 5.152288e-10, 2.402283e+01, -3.953444e-01
3.962000e+09, 3.185168e-01, 9.095686e-01, -2.526527e+00, -8.168326e-01, 4.737750e-10, 5.155777e-10, 2.394523e+01, -3.883080e-01
3.965800e+09, 3.173979e-01, 9.099154e-01, -2.537839e+00, -8.291426e-01, 4.740101e-10, 5.159428e-10, 2.387191e+01, -3.811709e-01
3.969600e+09, 3.162324e-01, 9.102757e-01, -2.549156e+00, -8.414613e-01, 4.742426e-10, 5.163242e-10, 2.380294e+01, -3.739368e-01
3.973400e+09, 3.150203e-01, 9.106495e-01, -2.560479e+00, -8.537891e-01, 4.744719e-10, 5.167221e-10, 2.373836e+01, -3.666097e-01
3.977200e+09, 3.137615e-01, 9.110366e-01, -2.571808e+00, -8.661264e-01, 4.746973e-10, 5.171366e-10, 2.367824e+01, -3.591937e-01
3.981000e+09, 3.124560e-01, 9.114371e-01, -2.583142e+00, -8.784736e-01, 4.749181e-10, 5.175679e-10, 2.362263e+01, -3.516934e-01
3.984800e+09, 3.111036e-01, 9.118508e-01, -2.594481e+00, -8.908311e-01, 4.751336e-10, 5.180161e-10, 2.357158e+01, -3.441130e-01
3.988600e+09, 3.097043e-01, 9.122775e-01, -2.605825e+00, -9.031993e-01, 4.753430e-10, 5.184813e-10, 2.352514e+01, -3.364575e-01
3.992400e+09, 3.082580e-01, 9.127172e-01, -2.617175e+00, -9.155787e-01, 4.755455e-10, 5.189637e-10, 2.348338e+01, -3.287317e-01
3.996200e+09, 3.067647e-01, 9.131697e-01, -2.628529e+00, -9.279695e-01, 4.757401e-10, 5.194633e-10, 2.344633e+01, -3.209407e-01
4.000000e+09, 3.052243e-01, 9.136348e-01, -2.639888e+00, -9.403722e-01, 4.757401e-10, 5.194633e-10, 2.341406e+01, -3.130896e-01
