Frequency [Hz], |S00| [-], |S10| [-], Arg(S00) [-], Arg(S10) [-], Delay 0>0 [s], Delay 0>1 [s], |Z0| [Ohm] , Arg(Z0) [-]
2.000000e+08, 4.015875e-02, 9.540243e-01, 2.016783e+00, -7.757422e-01, 1.101311e-09, 6.237530e-10, 3.863956e+01, 7.245132e-02
2.038000e+08, 3.948879e-02, 9.540055e-01, 1.990488e+00, -7.906350e-01, 1.101245e-09, 6.226545e-10, 3.873474e+01, 7.211089e-02
2.076000e+08, 3.881606e-02, 9.539891e-01, 1.964194e+00, -8.055016e-01, 1.101770e-09, 6.216256e-10, 3.882859e+01, 7.168709e-02
2.114000e+08, 3.814277e-02, 9.539801e-01, 1.937888e+00, -8.203436e-01, 1.103078e-09, 6.207024e-10, 3.892098e+01, 7.118627e-02
2.152000e+08, 3.747102e-02, 9.539827e-01, 1.911551e+00, -8.351635e-01, 1.105357e-09, 6.199163e-10, 3.901179e+01, 7.061479e-02
2.190000e+08, 3.680277e-02, 9.540006e-01, 1.885159e+00, -8.499647e-01, 1.108786e-09, 6.192935e-10, 3.910095e+01, 6.997888e-02
2.228000e+08, 3.613982e-02, 9.540371e-01, 1.858686e+00, -8.647510e-01, 1.113540e-09, 6.188542e-10, 3.918841e+01, 6.928455e-02
2.266000e+08, 3.548381e-02, 9.540945e-01, 1.832099e+00, -8.795268e-01, 1.119780e-09, 6.186124e-10, 3.927416e+01, 6.853749e-02
2.304000e+08, 3.483623e-02, 9.541742e-01, 1.805363e+00, -8.942969e-01, 1.127655e-09, 6.185759e-10, 3.935820e+01, 6.774301e-02
2.342000e+08, 3.419841e-02, 9.542770e-01, 1.778439e+00, -9.090661e-01, 1.137298e-09, 6.187461e-10, 3.944056e+01, 6.690599e-02
2.380000e+08, 3.357152e-02, 9.544027e-01, 1.751285e+00, -9.238393e-01, 1.148822e-09, 6.191179e-10, 3.952129e+01, 6.603077e-02
2.418000e+08, 3.295657e-02, 9.545505e-01, 1.723855e+00, -9.386214e-01, 1.162323e-09, 6.196808e-10, 3.960046e+01, 6.512119e-02
2.456000e+08, 3.235443e-02, 9.547185e-01, 1.696103e+00, -9.534170e-01, 1.177869e-09, 6.204183e-10, 3.967814e+01, 6.418050e-02
2.494000e+08, 3.176583e-02, 9.549042e-01, 1.667981e+00, -9.682302e-01, 1.195509e-09, 6.213095e-10, 3.975442e+01, 6.321141e-02
2.532000e+08, 3.119137e-02, 9.551045e-01, 1.639436e+00, -9.830646e-01, 1.215263e-09, 6.223288e-10, 3.982939e+01, 6.221606e-02
2.570000e+08, 3.063156e-02, 9.553158e-01, 1.610421e+00, -9.979234e-01, 1.237126e-09, 6.234473e-10, 3.990313e+01, 6.119601e-02
2.608000e+08, 3.008678e-02, 9.555338e-01, 1.580883e+00, -1.012809e+00, 1.261066e-09, 6.246331e-10, 3.997575e+01, 6.015235e-02
2.646000e+08, 2.955734e-02, 9.557541e-01, 1.550774e+00, -1.027723e+00, 1.287024e-09, 6.258525e-10, 4.004733e+01, 5.908566e-02
2.684000e+08, 2.904350e-02, 9.559718e-01, 1.520044e+00, -1.042666e+00, 1.314913e-09, 6.270706e-10, 4.011794e+01, 5.799606e-02
2.722000e+08, 2.854545e-02, 9.561822e-01, 1.488649e+00, -1.057638e+00, 1.344622e-09, 6.282524e-10, 4.018767e+01, 5.688334e-02
2.760000e+08, 2.806335e-02, 9.563805e-01, 1.456545e+00, -1.072638e+00, 1.376013e-09, 6.293635e-10, 4.025657e+01, 5.574691e-02
2.798000e+08, 2.759737e-02, 9.565619e-01, 1.423691e+00, -1.087665e+00, 1.408923e-09, 6.303709e-10, 4.032468e+01, 5.458594e-02
2.836000e+08, 2.714764e-02, 9.567222e-01, 1.390052e+00, -1.102715e+00, 1.443167e-09, 6.312444e-10, 4.039204e+01, 5.339940e-02
2.874000e+08, 2.671433e-02, 9.568573e-01, 1.355594e+00, -1.117787e+00, 1.478539e-09, 6.319564e-10, 4.045868e+01, 5.218609e-02
2.912000e+08, 2.629762e-02, 9.569639e-01, 1.320293e+00, -1.132876e+00, 1.514808e-09, 6.324837e-10, 4.052460e+01, 5.094477e-02
2.950000e+08, 2.589773e-02, 9.570391e-01, 1.284125e+00, -1.147977e+00, 1.551728e-09, 6.328073e-10, 4.058978e+01, 4.967416e-02
2.988000e+08, 2.551492e-02, 9.570808e-01, 1.247076e+00, -1.163086e+00, 1.589032e-09, 6.329134e-10, 4.065422e+01, 4.837303e-02
3.026000e+08, 2.514949e-02, 9.570876e-01, 1.209136e+00, -1.178197e+00, 1.626438e-09, 6.327934e-10, 4.071788e+01, 4.704022e-02
3.064000e+08, 2.480179e-02, 9.570588e-01, 1.170303e+00, -1.193306e+00, 1.663648e-09, 6.324445e-10, 4.078071e+01, 4.567471e-02
3.102000e+08, 2.447222e-02, 9.569948e-01, 1.130581e+00, -1.208406e+00, 1.700353e-09, 6.318699e-10, 4.084265e+01, 4.427566e-02
3.140000e+08, 2.416122e-02, 9.568966e-01, 1.089984e+00, -1.223493e+00, 1.736233e-09, 6.310781e-10, 4.090365e+01, 4.284241e-02
3.178000e+08, 2.386929e-02, 9.567661e-01, 1.048529e+00, -1.238561e+00, 1.770960e-09, 6.300834e-10, 4.096363e+01, 4.137453e-02
3.216000e+08, 2.359693e-02, 9.566059e-01, 1.006246e+00, -1.253605e+00, 1.804205e-09, 6.289052e-10, 4.102252e+01, 3.987182e-02
3.254000e+08, 2.334470e-02, 9.564193e-01, 9.631682e-01, -1.268620e+00, 1.835638e-09, 6.275675e-10, 4.108024e+01, 3.833432e-02
3.292000e+08, 2.311315e-02, 9.562103e-01, 9.193403e-01, -1.283604e+00, 1.864936e-09, 6.260986e-10, 4.113671e+01, 3.676231e-02
3.330000e+08, 2.290284e-02, 9.559834e-01, 8.748129e-01, -1.298553e+00, 1.891787e-09, 6.245296e-10, 4.119185e+01, 3.515631e-02
3.368000e+08, 2.271431e-02, 9.557434e-01, 8.296444e-01, -1.313464e+00, 1.915897e-09, 6.228945e-10, 4.124558e+01, 3.351705e-02
3.406000e+08, 2.254811e-02, 9.554957e-01, 7.839002e-01, -1.328337e+00, 1.936997e-09, 6.212288e-10, 4.129782e+01, 3.184546e-02
3.444000e+08, 2.240471e-02, 9.552454e-01, 7.376523e-01, -1.343169e+00, 1.954847e-09, 6.195684e-10, 4.134850e+01, 3.014268e-02
3.482000e+08, 2.228456e-02, 9.549981e-01, 6.909781e-01, -1.357962e+00, 1.969246e-09, 6.179494e-10, 4.139756e+01, 2.840998e-02
3.520000e+08, 2.218804e-02, 9.547590e-01, 6.439602e-01, -1.372716e+00, 1.980037e-09, 6.164062e-10, 4.144493e+01, 2.664876e-02
3.558000e+08, 2.211546e-02, 9.545332e-01, 5.966846e-01, -1.387434e+00, 1.987108e-09, 6.149715e-10, 4.149056e+01, 2.486053e-02
3.596000e+08, 2.206705e-02, 9.543254e-01, 5.492403e-01, -1.402117e+00, 1.990401e-09, 6.136752e-10, 4.153439e+01, 2.304688e-02
3.634000e+08, 2.204296e-02, 9.541401e-01, 5.017172e-01, -1.416769e+00, 1.989912e-09, 6.125434e-10, 4.157640e+01, 2.120945e-02
3.672000e+08, 2.204323e-02, 9.539808e-01, 4.542059e-01, -1.431394e+00, 1.985690e-09, 6.115985e-10, 4.161653e+01, 1.934987e-02
3.710000e+08, 2.206783e-02, 9.538508e-01, 4.067954e-01, -1.445997e+00, 1.977838e-09, 6.108578e-10, 4.165477e+01, 1.746981e-02
3.748000e+08, 2.211662e-02, 9.537525e-01, 3.595723e-01, -1.460582e+00, 1.966508e-09, 6.103343e-10, 4.169108e+01, 1.557088e-02
3.786000e+08, 2.218936e-02, 9.536877e-01, 3.126198e-01, -1.475154e+00, 1.951896e-09, 6.100352e-10, 4.172546e+01, 1.365466e-02
3.824000e+08, 2.228574e-02, 9.536573e-01, 2.660161e-01, -1.489719e+00, 1.934241e-09, 6.099629e-10, 4.175789e+01, 1.172267e-02
3.862000e+08, 2.240534e-02, 9.536615e-01, 2.198339e-01, -1.504283e+00, 1.913808e-09, 6.101144e-10, 4.178835e+01, 9.776352e-03
3.900000e+08, 2.254768e-02, 9.536997e-01, 1.741396e-01, -1.518850e+00, 1.890891e-09, 6.104819e-10, 4.181685e+01, 7.817075e-03
3.938000e+08, 2.271219e-02, 9.537706e-01, 1.289925e-01, -1.533426e+00, 1.865798e-09, 6.110526e-10, 4.184338e+01, 5.846119e-03
3.976000e+08, 2.289824e-02, 9.538723e-01, 8.444456e-02, -1.548015e+00, 1.838843e-09, 6.118094e-10, 4.186795e+01, 3.864677e-03
4.014000e+08, 2.310516e-02, 9.540019e-01, 4.054015e-02, -1.562623e+00, 1.810345e-09, 6.127314e-10, 4.189054e+01, 1.873858e-03
4.052000e+08, 2.333218e-02, 9.541564e-01, -2.683831e-03, -1.577253e+00, 1.780613e-09, 6.137942e-10, 4.191116e+01, -1.253073e-04
4.090000e+08, 2.357854e-02, 9.543319e-01, -4.519792e-02, -1.591908e+00, 1.749946e-09, 6.149707e-10, 4.192981e+01, -2.131859e-03
4.128000e+08, 2.384342e-02, 9.545245e-01, -8.697981e-02, -1.606591e+00, 1.718625e-09, 6.162317e-10, 4.194649e+01, -4.144897e-03
4.166000e+08, 2.412597e-02, 9.547295e-01, -1.280139e-01, -1.621304e+00, 1.686911e-09, 6.175467e-10, 4.196119e+01, -6.163569e-03
4.204000e+08, 2.442531e-02, 9.549425e-01, -1.682907e-01, -1.636049e+00, 1.655041e-09, 6.188845e-10, 4.197392e+01, -8.187056e-03
4.242000e+08, 2.474056e-02, 9.551587e-01, -2.078067e-01, -1.650825e+00, 1.623228e-09, 6.202137e-10, 4.198466e+01, -1.021456e-02
4.280000e+08, 2.507081e-02, 9.553734e-01, -2.465630e-01, -1.665634e+00, 1.591656e-09, 6.215040e-10, 4.199340e+01, -1.224527e-02
4.318000e+08, 2.541516e-02, 9.555821e-01, -2.845656e-01, -1.680473e+00, 1.560488e-09, 6.227262e-10, 4.200013e+01, -1.427838e-02
4.356000e+08, 2.577268e-02, 9.557803e-01, -3.218239e-01, -1.695341e+00, 1.529855e-09, 6.238534e-10, 4.200485e+01, -1.631305e-02
4.394000e+08, 2.614247e-02, 9.559642e-01, -3.583509e-01, -1.710236e+00, 1.499870e-09, 6.248612e-10, 4.200752e+01, -1.834840e-02
4.432000e+08, 2.652360e-02, 9.561300e-01, -3.941620e-01, -1.725155e+00, 1.470620e-09, 6.257284e-10, 4.200815e+01, -2.038347e-02
4.470000e+08, 2.691515e-02, 9.562746e-01, -4.292746e-01, -1.740095e+00, 1.442170e-09, 6.264374e-10, 4.200671e+01, -2.241727e-02
4.508000e+08, 2.731623e-02, 9.563954e-01, -4.637080e-01, -1.755052e+00, 1.414570e-09, 6.269746e-10, 4.200317e+01, -2.444871e-02
4.546000e+08, 2.772593e-02, 9.564905e-01, -4.974824e-01, -1.770022e+00, 1.387849e-09, 6.273307e-10, 4.199753e+01, -2.647661e-02
4.584000e+08, 2.814335e-02, 9.565585e-01, -5.306189e-01, -1.785000e+00, 1.362026e-09, 6.275007e-10, 4.198977e+01, -2.849971e-02
4.622000e+08, 2.856762e-02, 9.565987e-01, -5.631387e-01, -1.799982e+00, 1.337103e-09, 6.274840e-10, 4.197987e+01, -3.051667e-02
4.660000e+08, 2.899787e-02, 9.566112e-01, -5.950636e-01, -1.814964e+00, 1.313075e-09, 6.272845e-10, 4.196781e+01, -3.252605e-02
4.698000e+08, 2.943324e-02, 9.565964e-01, -6.264147e-01, -1.829941e+00, 1.289926e-09, 6.269104e-10, 4.195359e+01, -3.452632e-02
4.736000e+08, 2.987291e-02, 9.565556e-01, -6.572131e-01, -1.844910e+00, 1.267635e-09, 6.263736e-10, 4.193720e+01, -3.651585e-02
4.774000e+08, 3.031606e-02, 9.564907e-01, -6.874793e-01, -1.859865e+00, 1.246175e-09, 6.256898e-10, 4.191862e+01, -3.849297e-02
4.812000e+08, 3.076188e-02, 9.564040e-01, -7.172331e-01, -1.874804e+00, 1.225514e-09, 6.248780e-10, 4.189786e+01, -4.045590e-02
4.850000e+08, 3.120960e-02, 9.562984e-01, -7.464936e-01, -1.889724e+00, 1.205618e-09, 6.239597e-10, 4.187493e+01, -4.240283e-02
4.888000e+08, 3.165846e-02, 9.561770e-01, -7.752790e-01, -1.904621e+00, 1.186452e-09, 6.229585e-10, 4.184982e+01, -4.433188e-02
4.926000e+08, 3.210774e-02, 9.560433e-01, -8.036069e-01, -1.919495e+00, 1.167980e-09, 6.218996e-10, 4.182256e+01, -4.624115e-02
4.964000e+08, 3.255673e-02, 9.559010e-01, -8.314937e-01, -1.934344e+00, 1.150165e-09, 6.208091e-10, 4.179316e+01, -4.812870e-02
5.002000e+08, 3.300475e-02, 9.557540e-01, -8.589551e-01, -1.949166e+00, 1.132970e-09, 6.197132e-10, 4.176165e+01, -4.999259e-02
5.040000e+08, 3.345114e-02, 9.556061e-01, -8.860061e-01, -1.963963e+00, 1.116361e-09, 6.186377e-10, 4.172806e+01, -5.183086e-02
5.078000e+08, 3.389529e-02, 9.554610e-01, -9.126604e-01, -1.978733e+00, 1.100304e-09, 6.176075e-10, 4.169242e+01, -5.364160e-02
5.116000e+08, 3.433661e-02, 9.553224e-01, -9.389314e-01, -1.993479e+00, 1.084766e-09, 6.166456e-10, 4.165476e+01, -5.542289e-02
5.154000e+08, 3.477451e-02, 9.551937e-01, -9.648314e-01, -2.008202e+00, 1.069718e-09, 6.157733e-10, 4.161515e+01, -5.717286e-02
5.192000e+08, 3.520848e-02, 9.550780e-01, -9.903721e-01, -2.022905e+00, 1.055131e-09, 6.150088e-10, 4.157363e+01, -5.888970e-02
5.230000e+08, 3.563801e-02, 9.549778e-01, -1.015564e+00, -2.037589e+00, 1.040980e-09, 6.143678e-10, 4.153024e+01, -6.057166e-02
5.268000e+08, 3.606263e-02, 9.548954e-01, -1.040419e+00, -2.052257e+00, 1.027240e-09, 6.138625e-10, 4.148506e+01, -6.221703e-02
5.306000e+08, 3.648188e-02, 9.548327e-01, -1.064946e+00, -2.066914e+00, 1.013890e-09, 6.135015e-10, 4.143815e+01, -6.382423e-02
5.344000e+08, 3.689537e-02, 9.547908e-01, -1.089153e+00, -2.081562e+00, 1.000910e-09, 6.132899e-10, 4.138956e+01, -6.539171e-02
5.382000e+08, 3.730271e-02, 9.547706e-01, -1.113051e+00, -2.096205e+00, 9.882832e-10, 6.132292e-10, 4.133938e+01, -6.691807e-02
5.420000e+08, 3.770354e-02, 9.547720e-01, -1.136647e+00, -2.110846e+00, 9.759946e-10, 6.133172e-10, 4.128768e+01, -6.840196e-02
5.458000e+08, 3.809756e-02, 9.547949e-01, -1.159950e+00, -2.125490e+00, 9.640310e-10, 6.135482e-10, 4.123453e+01, -6.984216e-02
5.496000e+08, 3.848445e-02, 9.548384e-01, -1.182968e+00, -2.140139e+00, 9.523816e-10, 6.139132e-10, 4.118000e+01, -7.123755e-02
5.534000e+08, 3.886397e-02, 9.549012e-01, -1.205707e+00, -2.154797e+00, 9.410372e-10, 6.144003e-10, 4.112417e+01, -7.258711e-02
5.572000e+08, 3.923587e-02, 9.549814e-01, -1.228175e+00, -2.169467e+00, 9.299904e-10, 6.149948e-10, 4.106713e+01, -7.388994e-02
5.610000e+08, 3.959993e-02, 9.550770e-01, -1.250380e+00, -2.184150e+00, 9.192356e-10, 6.156800e-10, 4.100896e+01, -7.514523e-02
5.648000e+08, 3.995598e-02, 9.551854e-01, -1.272327e+00, -2.198850e+00, 9.087687e-10, 6.164372e-10, 4.094972e+01, -7.635230e-02
5.686000e+08, 4.030384e-02, 9.553041e-01, -1.294025e+00, -2.213568e+00, 8.985870e-10, 6.172464e-10, 4.088950e+01, -7.751054e-02
5.724000e+08, 4.064337e-02, 9.554299e-01, -1.315480e+00, -2.228306e+00, 8.886890e-10, 6.180868e-10, 4.082839e+01, -7.861946e-02
5.762000e+08, 4.097445e-02, 9.555600e-01, -1.336699e+00, -2.243063e+00, 8.790745e-10, 6.189373e-10, 4.076644e+01, -7.967867e-02
5.800000e+08, 4.129696e-02, 9.556911e-01, -1.357687e+00, -2.257841e+00, 8.697440e-10, 6.197768e-10, 4.070374e+01, -8.068784e-02
5.838000e+08, 4.161083e-02, 9.558204e-01, -1.378453e+00, -2.272639e+00, 8.606991e-10, 6.205853e-10, 4.064037e+01, -8.164675e-02
5.876000e+08, 4.191596e-02, 9.559447e-01, -1.399004e+00, -2.287456e+00, 8.519419e-10, 6.213435e-10, 4.057639e+01, -8.255523e-02
5.914000e+08, 4.221230e-02, 9.560615e-01, -1.419345e+00, -2.302291e+00, 8.434753e-10, 6.220338e-10, 4.051187e+01, -8.341319e-02
5.952000e+08, 4.249979e-02, 9.561680e-01, -1.439484e+00, -2.317143e+00, 8.353022e-10, 6.226407e-10, 4.044687e+01, -8.422060e-02
5.990000e+08, 4.277838e-02, 9.562621e-01, -1.459427e+00, -2.332009e+00, 8.274259e-10, 6.231509e-10, 4.038147e+01, -8.497747e-02
6.028000e+08, 4.304803e-02, 9.563419e-01, -1.479183e+00, -2.346888e+00, 8.198500e-10, 6.235537e-10, 4.031572e+01, -8.568387e-02
6.066000e+08, 4.330869e-02, 9.564059e-01, -1.498758e+00, -2.361776e+00, 8.125777e-10, 6.238411e-10, 4.024969e+01, -8.633989e-02
6.104000e+08, 4.356033e-02, 9.564529e-01, -1.518159e+00, -2.376671e+00, 8.056120e-10, 6.240082e-10, 4.018342e+01, -8.694565e-02
6.142000e+08, 4.380291e-02, 9.564823e-01, -1.537394e+00, -2.391570e+00, 7.989556e-10, 6.240529e-10, 4.011697e+01, -8.750127e-02
6.180000e+08, 4.403639e-02, 9.564938e-01, -1.556470e+00, -2.406470e+00, 7.926107e-10, 6.239763e-10, 4.005040e+01, -8.800692e-02
6.218000e+08, 4.426070e-02, 9.564877e-01, -1.575394e+00, -2.421368e+00, 7.865786e-10, 6.237822e-10, 3.998375e+01, -8.846273e-02
6.256000e+08, 4.447580e-02, 9.564645e-01, -1.594175e+00, -2.436261e+00, 7.808599e-10, 6.234773e-10, 3.991708e+01, -8.886886e-02
6.294000e+08, 4.468162e-02, 9.564254e-01, -1.612819e+00, -2.451147e+00, 7.754540e-10, 6.230709e-10, 3.985041e+01, -8.922543e-02
6.332000e+08, 4.487809e-02, 9.563716e-01, -1.631333e+00, -2.466024e+00, 7.703593e-10, 6.225744e-10, 3.978381e+01, -8.953256e-02
6.370000e+08, 4.506510e-02, 9.563049e-01, -1.649727e+00, -2.480889e+00, 7.655730e-10, 6.220014e-10, 3.971731e+01, -8.979035e-02
6.408000e+08, 4.524256e-02, 9.562274e-01, -1.668006e+00, -2.495740e+00, 7.610906e-10, 6.213669e-10, 3.965095e+01, -8.999887e-02
6.446000e+08, 4.541035e-02, 9.561412e-01, -1.686177e+00, -2.510575e+00, 7.569065e-10, 6.206872e-10, 3.958479e+01, -9.015817e-02
6.484000e+08, 4.556833e-02, 9.560487e-01, -1.704249e+00, -2.525395e+00, 7.530131e-10, 6.199795e-10, 3.951884e+01, -9.026827e-02
6.522000e+08, 4.571634e-02, 9.559525e-01, -1.722228e+00, -2.540198e+00, 7.494015e-10, 6.192611e-10, 3.945317e+01, -9.032916e-02
6.560000e+08, 4.585423e-02, 9.558551e-01, -1.740121e+00, -2.554983e+00, 7.460610e-10, 6.185494e-10, 3.938780e+01, -9.034081e-02
6.598000e+08, 4.598180e-02, 9.557591e-01, -1.757934e+00, -2.569752e+00, 7.429793e-10, 6.178613e-10, 3.932279e+01, -9.030317e-02
6.636000e+08, 4.609885e-02, 9.556668e-01, -1.775674e+00, -2.584504e+00, 7.401425e-10, 6.172128e-10, 3.925817e+01, -9.021615e-02
6.674000e+08, 4.620516e-02, 9.555807e-01, -1.793345e+00, -2.599241e+00, 7.375351e-10, 6.166187e-10, 3.919400e+01, -9.007969e-02
6.712000e+08, 4.630050e-02, 9.555029e-01, -1.810955e+00, -2.613963e+00, 7.351402e-10, 6.160921e-10, 3.913031e+01, -8.989367e-02
6.750000e+08, 4.638461e-02, 9.554352e-01, -1.828507e+00, -2.628673e+00, 7.329393e-10, 6.156442e-10, 3.906715e+01, -8.965801e-02
6.788000e+08, 4.645725e-02, 9.553793e-01, -1.846007e+00, -2.643372e+00, 7.309131e-10, 6.152842e-10, 3.900458e+01, -8.937263e-02
6.826000e+08, 4.651813e-02, 9.553365e-01, -1.863458e+00, -2.658063e+00, 7.290410e-10, 6.150191e-10, 3.894264e+01, -8.903745e-02
6.864000e+08, 4.656699e-02, 9.553078e-01, -1.880865e+00, -2.672747e+00, 7.273017e-10, 6.148532e-10, 3.888140e+01, -8.865244e-02
6.902000e+08, 4.660354e-02, 9.552938e-01, -1.898230e+00, -2.687427e+00, 7.256733e-10, 6.147886e-10, 3.882090e+01, -8.821759e-02
6.940000e+08, 4.662749e-02, 9.552948e-01, -1.915556e+00, -2.702106e+00, 7.241334e-10, 6.148249e-10, 3.876121e+01, -8.773298e-02
6.978000e+08, 4.663855e-02, 9.553107e-01, -1.932846e+00, -2.716786e+00, 7.226597e-10, 6.149591e-10, 3.870239e+01, -8.719869e-02
7.016000e+08, 4.663645e-02, 9.553410e-01, -1.950100e+00, -2.731468e+00, 7.212298e-10, 6.151862e-10, 3.864449e+01, -8.661492e-02
7.054000e+08, 4.662091e-02, 9.553851e-01, -1.967320e+00, -2.746157e+00, 7.198218e-10, 6.154989e-10, 3.858759e+01, -8.598192e-02
7.092000e+08, 4.659165e-02, 9.554417e-01, -1.984507e+00, -2.760852e+00, 7.184143e-10, 6.158879e-10, 3.853175e+01, -8.530006e-02
7.130000e+08, 4.654842e-02, 9.555097e-01, -2.001660e+00, -2.775557e+00, 7.169870e-10, 6.163426e-10, 3.847704e+01, -8.456978e-02
7.168000e+08, 4.649097e-02, 9.555873e-01, -2.018779e+00, -2.790273e+00, 7.155206e-10, 6.168508e-10, 3.842352e+01, -8.379163e-02
7.206000e+08, 4.641908e-02, 9.556729e-01, -2.035862e+00, -2.805001e+00, 7.139969e-10, 6.173993e-10, 3.837126e+01, -8.296630e-02
7.244000e+08, 4.633255e-02, 9.557645e-01, -2.052910e+00, -2.819742e+00, 7.123997e-10, 6.179743e-10, 3.832034e+01, -8.209456e-02
7.282000e+08, 4.623119e-02, 9.558601e-01, -2.069919e+00, -2.834497e+00, 7.107140e-10, 6.185616e-10, 3.827081e+01, -8.117732e-02
7.320000e+08, 4.611483e-02, 9.559577e-01, -2.086888e+00, -2.849266e+00, 7.089271e-10, 6.191470e-10, 3.822275e+01, -8.021560e-02
7.358000e+08, 4.598334e-02, 9.560551e-01, -2.103815e+00, -2.864049e+00, 7.070281e-10, 6.197166e-10, 3.817622e+01, -7.921056e-02
7.396000e+08, 4.583661e-02, 9.561504e-01, -2.120696e+00, -2.878845e+00, 7.050082e-10, 6.202574e-10, 3.813128e+01, -7.816346e-02
7.434000e+08, 4.567455e-02, 9.562418e-01, -2.137529e+00, -2.893655e+00, 7.028610e-10, 6.207572e-10, 3.808799e+01, -7.707569e-02
7.472000e+08, 4.549712e-02, 9.563273e-01, -2.154310e+00, -2.908476e+00, 7.005822e-10, 6.212050e-10, 3.804642e+01, -7.594873e-02
7.510000e+08, 4.530428e-02, 9.564056e-01, -2.171037e+00, -2.923308e+00, 6.981698e-10, 6.215916e-10, 3.800662e+01, -7.478419e-02
7.548000e+08, 4.509604e-02, 9.564752e-01, -2.187707e+00, -2.938149e+00, 6.956242e-10, 6.219093e-10, 3.796864e+01, -7.358375e-02
7.586000e+08, 4.487242e-02, 9.565351e-01, -2.204316e+00, -2.952998e+00, 6.929479e-10, 6.221522e-10, 3.793252e+01, -7.234920e-02
7.624000e+08, 4.463347e-02, 9.565844e-01, -2.220861e+00, -2.967852e+00, 6.901457e-10, 6.223166e-10, 3.789832e+01, -7.108238e-02
7.662000e+08, 4.437928e-02, 9.566226e-01, -2.237339e+00, -2.982711e+00, 6.872244e-10, 6.224005e-10, 3.786607e+01, -6.978521e-02
7.700000e+08, 4.410995e-02, 9.566495e-01, -2.253747e+00, -2.997571e+00, 6.841928e-10, 6.224044e-10, 3.783581e+01, -6.845967e-02
7.738000e+08, 4.382559e-02, 9.566650e-01, -2.270083e+00, -3.012432e+00, 6.810615e-10, 6.223303e-10, 3.780757e+01, -6.710776e-02
7.776000e+08, 4.352635e-02, 9.566697e-01, -2.286344e+00, -3.027291e+00, 6.778425e-10, 6.221824e-10, 3.778138e+01, -6.573152e-02
7.814000e+08, 4.321238e-02, 9.566640e-01, -2.302528e+00, -3.042146e+00, 6.745495e-10, 6.219666e-10, 3.775725e+01, -6.433301e-02
7.852000e+08, 4.288385e-02, 9.566488e-01, -2.318634e+00, -3.056996e+00, 6.711971e-10, 6.216903e-10, 3.773522e+01, -6.291427e-02
7.890000e+08, 4.254093e-02, 9.566252e-01, -2.334659e+00, -3.071840e+00, 6.678010e-10, 6.213624e-10, 3.771529e+01, -6.147735e-02
7.928000e+08, 4.218382e-02, 9.565946e-01, -2.350604e+00, -3.086675e+00, 6.643775e-10, 6.209928e-10, 3.769747e+01, -6.002428e-02
7.966000e+08, 4.181271e-02, 9.565583e-01, -2.366467e+00, -3.101502e+00, 6.609430e-10, 6.205925e-10, 3.768177e+01, -5.855705e-02
8.004000e+08, 4.142777e-02, 9.565179e-01, -2.382247e+00, -3.116320e+00, 6.575144e-10, 6.201726e-10, 3.766820e+01, -5.707763e-02
8.042000e+08, 4.102920e-02, 9.564750e-01, -2.397946e+00, -3.131127e+00, 6.541081e-10, 6.197451e-10, 3.765675e+01, -5.558794e-02
8.080000e+08, 4.061719e-02, 9.564314e-01, -2.413564e+00, 3.137261e+00, 6.507399e-10, 6.193215e-10, 3.764743e+01, -5.408983e-02
8.118000e+08, 4.019190e-02, 9.563886e-01, -2.429101e+00, 3.122474e+00, 6.474249e-10, 6.189132e-10, 3.764023e+01, -5.258512e-02
8.156000e+08, 3.975351e-02, 9.563483e-01, -2.444559e+00, 3.107697e+00, 6.441772e-10, 6.185312e-10, 3.763515e+01, -5.107556e-02
8.194000e+08, 3.930217e-02, 9.563121e-01, -2.459939e+00, 3.092929e+00, 6.410093e-10, 6.181853e-10, 3.763217e+01, -4.956284e-02
8.232000e+08, 3.883801e-02, 9.562813e-01, -2.475244e+00, 3.078169e+00, 6.379321e-10, 6.178847e-10, 3.763129e+01, -4.804861e-02
8.270000e+08, 3.836117e-02, 9.562572e-01, -2.490475e+00, 3.063416e+00, 6.349549e-10, 6.176368e-10, 3.763250e+01, -4.653443e-02
8.308000e+08, 3.787174e-02, 9.562408e-01, -2.505636e+00, 3.048670e+00, 6.320845e-10, 6.174482e-10, 3.763579e+01, -4.502184e-02
8.346000e+08, 3.736982e-02, 9.562331e-01, -2.520727e+00, 3.033927e+00, 6.293257e-10, 6.173236e-10, 3.764116e+01, -4.351230e-02
8.384000e+08, 3.685549e-02, 9.562346e-01, -2.535753e+00, 3.019188e+00, 6.266809e-10, 6.172659e-10, 3.764859e+01, -4.200726e-02
8.422000e+08, 3.632879e-02, 9.562458e-01, -2.550716e+00, 3.004450e+00, 6.241498e-10, 6.172768e-10, 3.765807e+01, -4.050809e-02
8.460000e+08, 3.578977e-02, 9.562667e-01, -2.565618e+00, 2.989712e+00, 6.217294e-10, 6.173560e-10, 3.766959e+01, -3.901615e-02
8.498000e+08, 3.523844e-02, 9.562973e-01, -2.580463e+00, 2.974972e+00, 6.194141e-10, 6.175015e-10, 3.768316e+01, -3.753279e-02
8.536000e+08, 3.467481e-02, 9.563373e-01, -2.595252e+00, 2.960228e+00, 6.171952e-10, 6.177099e-10, 3.769875e+01, -3.605932e-02
8.574000e+08, 3.409887e-02, 9.563861e-01, -2.609988e+00, 2.945480e+00, 6.150615e-10, 6.179764e-10, 3.771636e+01, -3.459704e-02
8.612000e+08, 3.351059e-02, 9.564430e-01, -2.624673e+00, 2.930725e+00, 6.129986e-10, 6.182946e-10, 3.773599e+01, -3.314725e-02
8.650000e+08, 3.290994e-02, 9.565068e-01, -2.639309e+00, 2.915963e+00, 6.109893e-10, 6.186571e-10, 3.775764e+01, -3.171126e-02
8.688000e+08, 3.229688e-02, 9.565767e-01, -2.653897e+00, 2.901191e+00, 6.090133e-10, 6.190557e-10, 3.778129e+01, -3.029040e-02
8.726000e+08, 3.167136e-02, 9.566512e-01, -2.668438e+00, 2.886411e+00, 6.070474e-10, 6.194812e-10, 3.780694e+01, -2.888599e-02
8.764000e+08, 3.103331e-02, 9.567291e-01, -2.682932e+00, 2.871620e+00, 6.050652e-10, 6.199242e-10, 3.783459e+01, -2.749939e-02
8.802000e+08, 3.038268e-02, 9.568088e-01, -2.697379e+00, 2.856819e+00, 6.030373e-10, 6.203748e-10, 3.786424e+01, -2.613198e-02
8.840000e+08, 2.971941e-02, 9.568890e-01, -2.711777e+00, 2.842007e+00, 6.009305e-10, 6.208232e-10, 3.789587e+01, -2.478517e-02
8.878000e+08, 2.904344e-02, 9.569682e-01, -2.726125e+00, 2.827184e+00, 5.987082e-10, 6.212597e-10, 3.792949e+01, -2.346039e-02
8.916000e+08, 2.835471e-02, 9.570450e-01, -2.740420e+00, 2.812350e+00, 5.963298e-10, 6.216753e-10, 3.796509e+01, -2.215914e-02
8.954000e+08, 2.765319e-02, 9.571179e-01, -2.754658e+00, 2.797507e+00, 5.937499e-10, 6.220614e-10, 3.800266e+01, -2.088290e-02
8.992000e+08, 2.693883e-02, 9.571858e-01, -2.768834e+00, 2.782655e+00, 5.909180e-10, 6.224104e-10, 3.804220e+01, -1.963321e-02
9.030000e+08, 2.621159e-02, 9.572476e-01, -2.782943e+00, 2.767794e+00, 5.877773e-10, 6.227156e-10, 3.808369e+01, -1.841164e-02
9.068000e+08, 2.547146e-02, 9.573021e-01, -2.796977e+00, 2.752926e+00, 5.842633e-10, 6.229715e-10, 3.812713e+01, -1.721978e-02
9.106000e+08, 2.471843e-02, 9.573488e-01, -2.810927e+00, 2.738052e+00, 5.803026e-10, 6.231740e-10, 3.817250e+01, -1.605924e-02
9.144000e+08, 2.395251e-02, 9.573868e-01, -2.824782e+00, 2.723173e+00, 5.758101e-10, 6.233200e-10, 3.821978e+01, -1.493166e-02
9.182000e+08, 2.317371e-02, 9.574158e-01, -2.838530e+00, 2.708291e+00, 5.706863e-10, 6.234082e-10, 3.826896e+01, -1.383868e-02
9.220000e+08, 2.238207e-02, 9.574356e-01, -2.852156e+00, 2.693406e+00, 5.648135e-10, 6.234384e-10, 3.832002e+01, -1.278195e-02
9.258000e+08, 2.157765e-02, 9.574462e-01, -2.865641e+00, 2.678521e+00, 5.580504e-10, 6.234118e-10, 3.837293e+01, -1.176312e-02
9.296000e+08, 2.076050e-02, 9.574477e-01, -2.878966e+00, 2.663636e+00, 5.502251e-10, 6.233310e-10, 3.842768e+01, -1.078385e-02
9.334000e+08, 1.993072e-02, 9.574406e-01, -2.892103e+00, 2.648753e+00, 5.411256e-10, 6.231997e-10, 3.848422e+01, -9.845768e-03
9.372000e+08, 1.908840e-02, 9.574253e-01, -2.905023e+00, 2.633874e+00, 5.304865e-10, 6.230227e-10, 3.854254e+01, -8.950499e-03
9.410000e+08, 1.823367e-02, 9.574026e-01, -2.917689e+00, 2.618998e+00, 5.179711e-10, 6.228060e-10, 3.860259e+01, -8.099642e-03
9.448000e+08, 1.736664e-02, 9.573734e-01, -2.930056e+00, 2.604128e+00, 5.031450e-10, 6.225559e-10, 3.866433e+01, -7.294765e-03
9.486000e+08, 1.648748e-02, 9.573386e-01, -2.942069e+00, 2.589264e+00, 4.854392e-10, 6.222799e-10, 3.872774e+01, -6.537404e-03
9.524000e+08, 1.559636e-02, 9.572993e-01, -2.953659e+00, 2.574406e+00, 4.640953e-10, 6.219856e-10, 3.879277e+01, -5.829054e-03
9.562000e+08, 1.469345e-02, 9.572565e-01, -2.964740e+00, 2.559556e+00, 4.380830e-10, 6.216808e-10, 3.885936e+01, -5.171168e-03
9.600000e+08, 1.377898e-02, 9.572116e-01, -2.975200e+00, 2.544712e+00, 4.059735e-10, 6.213736e-10, 3.892749e+01, -4.565150e-03
9.638000e+08, 1.285318e-02, 9.571656e-01, -2.984893e+00, 2.529877e+00, 3.657383e-10, 6.210718e-10, 3.899708e+01, -4.012354e-03
9.676000e+08, 1.191631e-02, 9.571197e-01, -2.993625e+00, 2.515048e+00, 3.144201e-10, 6.207829e-10, 3.906810e+01, -3.514079e-03
9.714000e+08, 1.096870e-02, 9.570750e-01, -3.001132e+00, 2.500226e+00, 2.475720e-10, 6.205139e-10, 3.914048e+01, -3.071568e-03
9.752000e+08, 1.001071e-02, 9.570326e-01, -3.007044e+00, 2.485410e+00, 1.582615e-10, 6.202713e-10, 3.921418e+01, -2.686006e-03
9.790000e+08, 9.042813e-03, 9.569933e-01, -3.010822e+00, 2.470601e+00, 3.520483e-11, 6.200606e-10, 3.928913e+01, -2.358519e-03
9.828000e+08, 8.065626e-03, 9.569580e-01, -3.011663e+00, 2.455796e+00, -1.409519e-10, 6.198867e-10, 3.936527e+01, -2.090172e-03
9.866000e+08, 7.080017e-03, 9.569274e-01, -3.008297e+00, 2.440996e+00, -4.056270e-10, 6.197532e-10, 3.944254e+01, -1.881973e-03
9.904000e+08, 6.087316e-03, 9.569020e-01, -2.998613e+00, 2.426198e+00, -8.291924e-10, 6.196629e-10, 3.952087e+01, -1.734867e-03
9.942000e+08, 5.089780e-03, 9.568823e-01, -2.978815e+00, 2.411403e+00, -1.567285e-09, 6.196175e-10, 3.960021e+01, -1.649741e-03
9.980000e+08, 4.091737e-03, 9.568684e-01, -2.941394e+00, 2.396609e+00, -3.017138e-09, 6.196173e-10, 3.968048e+01, -1.627424e-03
1.001800e+09, 3.102938e-03, 9.568604e-01, -2.869357e+00, 2.381815e+00, -6.404229e-09, 6.196620e-10, 3.976162e+01, -1.668687e-03
1.005600e+09, 2.150842e-03, 9.568583e-01, -2.716448e+00, 2.367020e+00, -1.617767e-08, 6.197500e-10, 3.984356e+01, -1.774245e-03
1.009400e+09, 1.340742e-03, 9.568618e-01, -2.330189e+00, 2.352223e+00, -3.636923e-08, 6.198786e-10, 3.992622e+01, -1.944760e-03
1.013200e+09, 1.096925e-03, 9.568706e-01, -1.461833e+00, 2.337422e+00, -2.703156e-08, 6.200445e-10, 4.000954e+01, -2.180838e-03
1.017000e+09, 1.703736e-03, 9.568841e-01, -8.164249e-01, 2.322618e+00, -1.026772e-08, 6.202434e-10, 4.009345e+01, -2.483035e-03
1.020800e+09, 2.637166e-03, 9.569016e-01, -5.712718e-01, 2.307809e+00, -4.433743e-09, 6.204705e-10, 4.017787e+01, -2.851856e-03
1.024600e+09, 3.662874e-03, 9.569225e-01, -4.654113e-01, 2.292995e+00, -2.211735e-09, 6.207202e-10, 4.026272e+01, -3.287758e-03
1.028400e+09, 4.727083e-03, 9.569459e-01, -4.126037e-01, 2.278174e+00, -1.172909e-09, 6.209868e-10, 4.034794e+01, -3.791148e-03
1.032200e+09, 5.813446e-03, 9.569710e-01, -3.845992e-01, 2.263348e+00, -6.110907e-10, 6.212642e-10, 4.043344e+01, -4.362387e-03
1.036000e+09, 6.915463e-03, 9.569969e-01, -3.700088e-01, 2.248514e+00, -2.748168e-10, 6.215462e-10, 4.051914e+01, -5.001787e-03
1.039800e+09, 8.030010e-03, 9.570226e-01, -3.634472e-01, 2.233674e+00, -5.819310e-11, 6.218268e-10, 4.060497e+01, -5.709618e-03
1.043600e+09, 9.155361e-03, 9.570472e-01, -3.620578e-01, 2.218827e+00, 8.930416e-11, 6.220999e-10, 4.069085e+01, -6.486099e-03
1.047400e+09, 1.029045e-02, 9.570698e-01, -3.641900e-01, 2.203974e+00, 1.941678e-10, 6.223601e-10, 4.077670e+01, -7.331408e-03
1.051200e+09, 1.143455e-02, 9.570896e-01, -3.688260e-01, 2.189115e+00, 2.713479e-10, 6.226021e-10, 4.086243e+01, -8.245671e-03
1.055000e+09, 1.258712e-02, 9.571058e-01, -3.753047e-01, 2.174249e+00, 3.297897e-10, 6.228215e-10, 4.094796e+01, -9.228972e-03
1.058800e+09, 1.374775e-02, 9.571177e-01, -3.831788e-01, 2.159379e+00, 3.751068e-10, 6.230142e-10, 4.103321e+01, -1.028134e-02
1.062600e+09, 1.491609e-02, 9.571246e-01, -3.921349e-01, 2.144504e+00, 4.109646e-10, 6.231771e-10, 4.111809e+01, -1.140277e-02
1.066400e+09, 1.609181e-02, 9.571261e-01, -4.019472e-01, 2.129625e+00, 4.398373e-10, 6.233077e-10, 4.120251e+01, -1.259319e-02
1.070200e+09, 1.727465e-02, 9.571218e-01, -4.124488e-01, 2.114742e+00, 4.634432e-10, 6.234045e-10, 4.128638e+01, -1.385247e-02
1.074000e+09, 1.846434e-02, 9.571114e-01, -4.235140e-01, 2.099858e+00, 4.830055e-10, 6.234667e-10, 4.136962e+01, -1.518046e-02
1.077800e+09, 1.966061e-02, 9.570947e-01, -4.350463e-01, 2.084972e+00, 4.994133e-10, 6.234942e-10, 4.145213e+01, -1.657691e-02
1.081600e+09, 2.086322e-02, 9.570717e-01, -4.469703e-01, 2.070085e+00, 5.133249e-10, 6.234880e-10, 4.153382e+01, -1.804154e-02
1.085400e+09, 2.207192e-02, 9.570425e-01, -4.592265e-01, 2.055199e+00, 5.252363e-10, 6.234496e-10, 4.161460e+01, -1.957401e-02
1.089200e+09, 2.328646e-02, 9.570074e-01, -4.717671e-01, 2.040313e+00, 5.355259e-10, 6.233812e-10, 4.169438e+01, -2.117390e-02
1.093000e+09, 2.450659e-02, 9.569664e-01, -4.845534e-01, 2.025429e+00, 5.444866e-10, 6.232857e-10, 4.177306e+01, -2.284074e-02
1.096800e+09, 2.573206e-02, 9.569202e-01, -4.975536e-01, 2.010548e+00, 5.523474e-10, 6.231664e-10, 4.185053e+01, -2.457398e-02
1.100600e+09, 2.696260e-02, 9.568690e-01, -5.107415e-01, 1.995669e+00, 5.592894e-10, 6.230273e-10, 4.192672e+01, -2.637300e-02
1.104400e+09, 2.819794e-02, 9.568135e-01, -5.240951e-01, 1.980794e+00, 5.654567e-10, 6.228723e-10, 4.200151e+01, -2.823713e-02
1.108200e+09, 2.943782e-02, 9.567542e-01, -5.375961e-01, 1.965922e+00, 5.709652e-10, 6.227058e-10, 4.207482e+01, -3.016560e-02
1.112000e+09, 3.068195e-02, 9.566917e-01, -5.512285e-01, 1.951054e+00, 5.759087e-10, 6.225321e-10, 4.214654e+01, -3.215757e-02
1.115800e+09, 3.193006e-02, 9.566267e-01, -5.649789e-01, 1.936190e+00, 5.803634e-10, 6.223556e-10, 4.221658e+01, -3.421212e-02
1.119600e+09, 3.318185e-02, 9.565597e-01, -5.788357e-01, 1.921331e+00, 5.843917e-10, 6.221807e-10, 4.228483e+01, -3.632827e-02
1.123400e+09, 3.443702e-02, 9.564913e-01, -5.927887e-01, 1.906476e+00, 5.880451e-10, 6.220111e-10, 4.235121e+01, -3.850493e-02
1.127200e+09, 3.569527e-02, 9.564222e-01, -6.068290e-01, 1.891624e+00, 5.913661e-10, 6.218507e-10, 4.241561e+01, -4.074094e-02
1.131000e+09, 3.695629e-02, 9.563529e-01, -6.209485e-01, 1.876777e+00, 5.943899e-10, 6.217028e-10, 4.247794e+01, -4.303507e-02
1.134800e+09, 3.821977e-02, 9.562838e-01, -6.351402e-01, 1.861933e+00, 5.971460e-10, 6.215701e-10, 4.253810e+01, -4.538599e-02
1.138600e+09, 3.948538e-02, 9.562153e-01, -6.493977e-01, 1.847093e+00, 5.996592e-10, 6.214548e-10, 4.259600e+01, -4.779231e-02
1.142400e+09, 4.075281e-02, 9.561478e-01, -6.637153e-01, 1.832255e+00, 6.019505e-10, 6.213588e-10, 4.265155e+01, -5.025253e-02
1.146200e+09, 4.202174e-02, 9.560816e-01, -6.780875e-01, 1.817419e+00, 6.040376e-10, 6.212831e-10, 4.270466e+01, -5.276511e-02
1.150000e+09, 4.329183e-02, 9.560169e-01, -6.925095e-01, 1.802585e+00, 6.059359e-10, 6.212282e-10, 4.275525e+01, -5.532840e-02
1.153800e+09, 4.456276e-02, 9.559536e-01, -7.069769e-01, 1.787753e+00, 6.076586e-10, 6.211940e-10, 4.280322e+01, -5.794070e-02
1.157600e+09, 4.583421e-02, 9.558919e-01, -7.214855e-01, 1.772921e+00, 6.092176e-10, 6.211799e-10, 4.284849e+01, -6.060023e-02
1.161400e+09, 4.710584e-02, 9.558316e-01, -7.360312e-01, 1.758090e+00, 6.106232e-10, 6.211845e-10, 4.289099e+01, -6.330514e-02
1.165200e+09, 4.837734e-02, 9.557726e-01, -7.506105e-01, 1.743258e+00, 6.118849e-10, 6.212062e-10, 4.293064e+01, -6.605353e-02
1.169000e+09, 4.964839e-02, 9.557147e-01, -7.652199e-01, 1.728426e+00, 6.130114e-10, 6.212428e-10, 4.296737e+01, -6.884345e-02
1.172800e+09, 5.091867e-02, 9.556577e-01, -7.798563e-01, 1.713593e+00, 6.140111e-10, 6.212917e-10, 4.300111e+01, -7.167287e-02
1.176600e+09, 5.218788e-02, 9.556010e-01, -7.945164e-01, 1.698759e+00, 6.148917e-10, 6.213501e-10, 4.303180e+01, -7.453973e-02
1.180400e+09, 5.345570e-02, 9.555445e-01, -8.091977e-01, 1.683924e+00, 6.156610e-10, 6.214149e-10, 4.305936e+01, -7.744194e-02
1.184200e+09, 5.472185e-02, 9.554877e-01, -8.238973e-01, 1.669087e+00, 6.163263e-10, 6.214829e-10, 4.308376e+01, -8.037735e-02
1.188000e+09, 5.598604e-02, 9.554302e-01, -8.386127e-01, 1.654248e+00, 6.168952e-10, 6.215508e-10, 4.310493e+01, -8.334381e-02
1.191800e+09, 5.724799e-02, 9.553715e-01, -8.533418e-01, 1.639408e+00, 6.173752e-10, 6.216154e-10, 4.312282e+01, -8.633912e-02
1.195600e+09, 5.850743e-02, 9.553113e-01, -8.680823e-01, 1.624566e+00, 6.177738e-10, 6.216736e-10, 4.313740e+01, -8.936106e-02
1.199400e+09, 5.976410e-02, 9.552491e-01, -8.828323e-01, 1.609723e+00, 6.180988e-10, 6.217225e-10, 4.314861e+01, -9.240743e-02
1.203200e+09, 6.101775e-02, 9.551845e-01, -8.975901e-01, 1.594879e+00, 6.183577e-10, 6.217594e-10, 4.315644e+01, -9.547599e-02
1.207000e+09, 6.226814e-02, 9.551172e-01, -9.123541e-01, 1.580034e+00, 6.185586e-10, 6.217821e-10, 4.316083e+01, -9.856450e-02
1.210800e+09, 6.351504e-02, 9.550470e-01, -9.271229e-01, 1.565188e+00, 6.187092e-10, 6.217885e-10, 4.316177e+01, -1.016707e-01
1.214600e+09, 6.475824e-02, 9.549735e-01, -9.418952e-01, 1.550342e+00, 6.188175e-10, 6.217772e-10, 4.315923e+01, -1.047925e-01
1.218400e+09, 6.599751e-02, 9.548967e-01, -9.566702e-01, 1.535496e+00, 6.188914e-10, 6.217471e-10, 4.315319e+01, -1.079274e-01
1.222200e+09, 6.723265e-02, 9.548164e-01, -9.714469e-01, 1.520652e+00, 6.189388e-10, 6.216976e-10, 4.314363e+01, -1.110735e-01
1.226000e+09, 6.846347e-02, 9.547326e-01, -9.862247e-01, 1.505808e+00, 6.189675e-10, 6.216286e-10, 4.313054e+01, -1.142284e-01
1.229800e+09, 6.968978e-02, 9.546453e-01, -1.001003e+00, 1.490966e+00, 6.189849e-10, 6.215404e-10, 4.311390e+01, -1.173899e-01
1.233600e+09, 7.091139e-02, 9.545546e-01, -1.015782e+00, 1.476126e+00, 6.189985e-10, 6.214340e-10, 4.309372e+01, -1.205559e-01
1.237400e+09, 7.212813e-02, 9.544606e-01, -1.030561e+00, 1.461288e+00, 6.190153e-10, 6.213104e-10, 4.306998e+01, -1.237242e-01
1.241200e+09, 7.333980e-02, 9.543637e-01, -1.045341e+00, 1.446454e+00, 6.190418e-10, 6.211713e-10, 4.304269e+01, -1.268926e-01
1.245000e+09, 7.454625e-02, 9.542640e-01, -1.060121e+00, 1.431623e+00, 6.190843e-10, 6.210187e-10, 4.301184e+01, -1.300591e-01
1.248800e+09, 7.574730e-02, 9.541619e-01, -1.074903e+00, 1.416795e+00, 6.191486e-10, 6.208549e-10, 4.297743e+01, -1.332213e-01
1.252600e+09, 7.694276e-02, 9.540577e-01, -1.089686e+00, 1.401972e+00, 6.192396e-10, 6.206822e-10, 4.293948e+01, -1.363773e-01
1.256400e+09, 7.813245e-02, 9.539518e-01, -1.104471e+00, 1.387152e+00, 6.193621e-10, 6.205033e-10, 4.289798e+01, -1.395248e-01
1.260200e+09, 7.931620e-02, 9.538448e-01, -1.119259e+00, 1.372337e+00, 6.195198e-10, 6.203209e-10, 4.285296e+01, -1.426617e-01
1.264000e+09, 8.049381e-02, 9.537369e-01, -1.134050e+00, 1.357526e+00, 6.197161e-10, 6.201378e-10, 4.280442e+01, -1.457858e-01
1.267800e+09, 8.166509e-02, 9.536286e-01, -1.148847e+00, 1.342720e+00, 6.199534e-10, 6.199565e-10, 4.275237e+01, -1.488951e-01
1.271600e+09, 8.282984e-02, 9.535203e-01, -1.163649e+00, 1.327918e+00, 6.202336e-10, 6.197798e-10, 4.269683e+01, -1.519873e-01
1.275400e+09, 8.398784e-02, 9.534125e-01, -1.178458e+00, 1.313120e+00, 6.205578e-10, 6.196100e-10, 4.263783e+01, -1.550603e-01
1.279200e+09, 8.513887e-02, 9.533055e-01, -1.193274e+00, 1.298326e+00, 6.209264e-10, 6.194493e-10, 4.257538e+01, -1.581118e-01
1.283000e+09, 8.628270e-02, 9.531996e-01, -1.208099e+00, 1.283536e+00, 6.213392e-10, 6.192996e-10, 4.250950e+01, -1.611396e-01
1.286800e+09, 8.741909e-02, 9.530952e-01, -1.222935e+00, 1.268749e+00, 6.217952e-10, 6.191624e-10, 4.244024e+01, -1.641416e-01
1.290600e+09, 8.854778e-02, 9.529926e-01, -1.237781e+00, 1.253966e+00, 6.222929e-10, 6.190391e-10, 4.236760e+01, -1.671154e-01
1.294400e+09, 8.966852e-02, 9.528918e-01, -1.252639e+00, 1.239186e+00, 6.228304e-10, 6.189306e-10, 4.229163e+01, -1.700588e-01
1.298200e+09, 9.078103e-02, 9.527932e-01, -1.267509e+00, 1.224408e+00, 6.234050e-10, 6.188372e-10, 4.221237e+01, -1.729695e-01
1.302000e+09, 9.188502e-02, 9.526968e-01, -1.282394e+00, 1.209633e+00, 6.240139e-10, 6.187591e-10, 4.212985e+01, -1.758452e-01
1.305800e+09, 9.298022e-02, 9.526025e-01, -1.297293e+00, 1.194859e+00, 6.246536e-10, 6.186960e-10, 4.204411e+01, -1.786835e-01
1.309600e+09, 9.406630e-02, 9.525106e-01, -1.312207e+00, 1.180087e+00, 6.253206e-10, 6.186474e-10, 4.195520e+01, -1.814822e-01
1.313400e+09, 9.514297e-02, 9.524208e-01, -1.327137e+00, 1.165316e+00, 6.260111e-10, 6.186121e-10, 4.186317e+01, -1.842388e-01
1.317200e+09, 9.620992e-02, 9.523330e-01, -1.342084e+00, 1.150546e+00, 6.267211e-10, 6.185889e-10, 4.176808e+01, -1.869511e-01
1.321000e+09, 9.726682e-02, 9.522471e-01, -1.357048e+00, 1.135777e+00, 6.274468e-10, 6.185763e-10, 4.166998e+01, -1.896166e-01
1.324800e+09, 9.831334e-02, 9.521630e-01, -1.372029e+00, 1.121007e+00, 6.281842e-10, 6.185724e-10, 4.156893e+01, -1.922331e-01
1.328600e+09, 9.934918e-02, 9.520803e-01, -1.387027e+00, 1.106238e+00, 6.289295e-10, 6.185752e-10, 4.146499e+01, -1.947981e-01
1.332400e+09, 1.003740e-01, 9.519989e-01, -1.402044e+00, 1.091469e+00, 6.296791e-10, 6.185827e-10, 4.135824e+01, -1.973095e-01
1.336200e+09, 1.013875e-01, 9.519184e-01, -1.417078e+00, 1.076700e+00, 6.304298e-10, 6.185927e-10, 4.124875e+01, -1.997648e-01
1.340000e+09, 1.023893e-01, 9.518386e-01, -1.432130e+00, 1.061930e+00, 6.311784e-10, 6.186029e-10, 4.113659e+01, -2.021618e-01
1.343800e+09, 1.033791e-01, 9.517593e-01, -1.447200e+00, 1.047160e+00, 6.319223e-10, 6.186112e-10, 4.102185e+01, -2.044983e-01
1.347600e+09, 1.043566e-01, 9.516800e-01, -1.462288e+00, 1.032390e+00, 6.326593e-10, 6.186156e-10, 4.090459e+01, -2.067720e-01
1.351400e+09, 1.053215e-01, 9.516007e-01, -1.477394e+00, 1.017620e+00, 6.333875e-10, 6.186140e-10, 4.078492e+01, -2.089809e-01
1.355200e+09, 1.062735e-01, 9.515210e-01, -1.492516e+00, 1.002850e+00, 6.341057e-10, 6.186049e-10, 4.066292e+01, -2.111229e-01
1.359000e+09, 1.072123e-01, 9.514407e-01, -1.507656e+00, 9.880803e-01, 6.348129e-10, 6.185865e-10, 4.053867e+01, -2.131958e-01
1.362800e+09, 1.081376e-01, 9.513597e-01, -1.522813e+00, 9.733109e-01, 6.355089e-10, 6.185578e-10, 4.041227e+01, -2.151977e-01
1.366600e+09, 1.090492e-01, 9.512778e-01, -1.537987e+00, 9.585422e-01, 6.361938e-10, 6.185177e-10, 4.028382e+01, -2.171267e-01
1.370400e+09, 1.099467e-01, 9.511949e-01, -1.553176e+00, 9.437744e-01, 6.368681e-10, 6.184656e-10, 4.015341e+01, -2.189809e-01
1.374200e+09, 1.108300e-01, 9.511110e-01, -1.568382e+00, 9.290078e-01, 6.375328e-10, 6.184010e-10, 4.002115e+01, -2.207585e-01
1.378000e+09, 1.116988e-01, 9.510261e-01, -1.583604e+00, 9.142428e-01, 6.381896e-10, 6.183240e-10, 3.988712e+01, -2.224577e-01
1.381800e+09, 1.125528e-01, 9.509402e-01, -1.598842e+00, 8.994796e-01, 6.388401e-10, 6.182348e-10, 3.975144e+01, -2.240770e-01
1.385600e+09, 1.133919e-01, 9.508534e-01, -1.614095e+00, 8.847186e-01, 6.394865e-10, 6.181340e-10, 3.961419e+01, -2.256147e-01
1.389400e+09, 1.142158e-01, 9.507658e-01, -1.629363e+00, 8.699600e-01, 6.401314e-10, 6.180224e-10, 3.947549e+01, -2.270693e-01
1.393200e+09, 1.150243e-01, 9.506776e-01, -1.644647e+00, 8.552040e-01, 6.407773e-10, 6.179011e-10, 3.933543e+01, -2.284393e-01
1.397000e+09, 1.158173e-01, 9.505890e-01, -1.659946e+00, 8.404509e-01, 6.414272e-10, 6.177715e-10, 3.919412e+01, -2.297233e-01
1.400800e+09, 1.165945e-01, 9.505002e-01, -1.675261e+00, 8.257010e-01, 6.420841e-10, 6.176351e-10, 3.905165e+01, -2.309200e-01
1.404600e+09, 1.173558e-01, 9.504115e-01, -1.690591e+00, 8.109542e-01, 6.427510e-10, 6.174936e-10, 3.890813e+01, -2.320282e-01
1.408400e+09, 1.181011e-01, 9.503232e-01, -1.705938e+00, 7.962109e-01, 6.434310e-10, 6.173486e-10, 3.876366e+01, -2.330465e-01
1.412200e+09, 1.188300e-01, 9.502356e-01, -1.721301e+00, 7.814710e-01, 6.441270e-10, 6.172021e-10, 3.861834e+01, -2.339738e-01
1.416000e+09, 1.195426e-01, 9.501490e-01, -1.736680e+00, 7.667346e-01, 6.448422e-10, 6.170560e-10, 3.847226e+01, -2.348090e-01
1.419800e+09, 1.202385e-01, 9.500637e-01, -1.752076e+00, 7.520017e-01, 6.455791e-10, 6.169119e-10, 3.832552e+01, -2.355510e-01
1.423600e+09, 1.209177e-01, 9.499800e-01, -1.767490e+00, 7.372723e-01, 6.463406e-10, 6.167717e-10, 3.817823e+01, -2.361988e-01
1.427400e+09, 1.215800e-01, 9.498983e-01, -1.782922e+00, 7.225462e-01, 6.471290e-10, 6.166371e-10, 3.803047e+01, -2.367514e-01
1.431200e+09, 1.222253e-01, 9.498187e-01, -1.798373e+00, 7.078233e-01, 6.479465e-10, 6.165095e-10, 3.788235e+01, -2.372079e-01
1.435000e+09, 1.228534e-01, 9.497416e-01, -1.813843e+00, 6.931034e-01, 6.487950e-10, 6.163903e-10, 3.773396e+01, -2.375673e-01
1.438800e+09, 1.234641e-01, 9.496672e-01, -1.829334e+00, 6.783864e-01, 6.496762e-10, 6.162806e-10, 3.758540e+01, -2.378288e-01
1.442600e+09, 1.240572e-01, 9.495957e-01, -1.844846e+00, 6.636721e-01, 6.505915e-10, 6.161814e-10, 3.743675e+01, -2.379916e-01
1.446400e+09, 1.246327e-01, 9.495273e-01, -1.860379e+00, 6.489601e-01, 6.515421e-10, 6.160933e-10, 3.728811e+01, -2.380549e-01
1.450200e+09, 1.251904e-01, 9.494621e-01, -1.875936e+00, 6.342501e-01, 6.525287e-10, 6.160169e-10, 3.713959e+01, -2.380179e-01
1.454000e+09, 1.257300e-01, 9.494003e-01, -1.891516e+00, 6.195421e-01, 6.535521e-10, 6.159523e-10, 3.699125e+01, -2.378799e-01
1.457800e+09, 1.262515e-01, 9.493419e-01, -1.907120e+00, 6.048355e-01, 6.546126e-10, 6.158995e-10, 3.684321e+01, -2.376403e-01
1.461600e+09, 1.267546e-01, 9.492870e-01, -1.922749e+00, 5.901302e-01, 6.557103e-10, 6.158582e-10, 3.669555e+01, -2.372984e-01
1.465400e+09, 1.272392e-01, 9.492355e-01, -1.938405e+00, 5.754259e-01, 6.568454e-10, 6.158281e-10, 3.654837e+01, -2.368536e-01
1.469200e+09, 1.277051e-01, 9.491875e-01, -1.954088e+00, 5.607224e-01, 6.580176e-10, 6.158084e-10, 3.640175e+01, -2.363055e-01
1.473000e+09, 1.281522e-01, 9.491428e-01, -1.969799e+00, 5.460193e-01, 6.592269e-10, 6.157983e-10, 3.625579e+01, -2.356535e-01
1.476800e+09, 1.285802e-01, 9.491014e-01, -1.985539e+00, 5.313164e-01, 6.604728e-10, 6.157968e-10, 3.611057e+01, -2.348972e-01
1.480600e+09, 1.289891e-01, 9.490633e-01, -2.001308e+00, 5.166136e-01, 6.617551e-10, 6.158030e-10, 3.596619e+01, -2.340362e-01
1.484400e+09, 1.293786e-01, 9.490282e-01, -2.017109e+00, 5.019106e-01, 6.630735e-10, 6.158156e-10, 3.582273e+01, -2.330702e-01
1.488200e+09, 1.297486e-01, 9.489960e-01, -2.032940e+00, 4.872073e-01, 6.644279e-10, 6.158335e-10, 3.568029e+01, -2.319989e-01
1.492000e+09, 1.300989e-01, 9.489667e-01, -2.048804e+00, 4.725036e-01, 6.658180e-10, 6.158554e-10, 3.553896e+01, -2.308222e-01
1.495800e+09, 1.304294e-01, 9.489400e-01, -2.064701e+00, 4.577994e-01, 6.672439e-10, 6.158802e-10, 3.539882e+01, -2.295400e-01
1.499600e+09, 1.307400e-01, 9.489158e-01, -2.080632e+00, 4.430946e-01, 6.687057e-10, 6.159067e-10, 3.525997e+01, -2.281521e-01
1.503400e+09, 1.310304e-01, 9.488939e-01, -2.096598e+00, 4.283891e-01, 6.702037e-10, 6.159340e-10, 3.512248e+01, -2.266586e-01
1.507200e+09, 1.313005e-01, 9.488743e-01, -2.112600e+00, 4.136830e-01, 6.717385e-10, 6.159610e-10, 3.498645e+01, -2.250597e-01
1.511000e+09, 1.315503e-01, 9.488568e-01, -2.128639e+00, 3.989763e-01, 6.733109e-10, 6.159870e-10, 3.485196e+01, -2.233553e-01
1.514800e+09, 1.317796e-01, 9.488413e-01, -2.144715e+00, 3.842689e-01, 6.749218e-10, 6.160112e-10, 3.471910e+01, -2.215459e-01
1.518600e+09, 1.319882e-01, 9.488276e-01, -2.160829e+00, 3.695609e-01, 6.765725e-10, 6.160332e-10, 3.458795e+01, -2.196318e-01
1.522400e+09, 1.321761e-01, 9.488158e-01, -2.176983e+00, 3.548525e-01, 6.782645e-10, 6.160526e-10, 3.445859e+01, -2.176133e-01
1.526200e+09, 1.323432e-01, 9.488058e-01, -2.193178e+00, 3.401435e-01, 6.799994e-10, 6.160692e-10, 3.433111e+01, -2.154908e-01
1.530000e+09, 1.324894e-01, 9.487975e-01, -2.209413e+00, 3.254342e-01, 6.817792e-10, 6.160830e-10, 3.420559e+01, -2.132651e-01
1.533800e+09, 1.326145e-01, 9.487910e-01, -2.225692e+00, 3.107245e-01, 6.836061e-10, 6.160941e-10, 3.408211e+01, -2.109367e-01
1.537600e+09, 1.327186e-01, 9.487862e-01, -2.242013e+00, 2.960146e-01, 6.854824e-10, 6.161028e-10, 3.396074e+01, -2.085064e-01
1.541400e+09, 1.328015e-01, 9.487831e-01, -2.258380e+00, 2.813045e-01, 6.874107e-10, 6.161095e-10, 3.384156e+01, -2.059749e-01
1.545200e+09, 1.328632e-01, 9.487819e-01, -2.274793e+00, 2.665942e-01, 6.893937e-10, 6.161148e-10, 3.372465e+01, -2.033431e-01
1.549000e+09, 1.329037e-01, 9.487825e-01, -2.291253e+00, 2.518838e-01, 6.914341e-10, 6.161191e-10, 3.361008e+01, -2.006120e-01
1.552800e+09, 1.329228e-01, 9.487851e-01, -2.307762e+00, 2.371732e-01, 6.935350e-10, 6.161233e-10, 3.349793e+01, -1.977826e-01
1.556600e+09, 1.329206e-01, 9.487897e-01, -2.324320e+00, 2.224626e-01, 6.956994e-10, 6.161279e-10, 3.338827e+01, -1.948559e-01
1.560400e+09, 1.328969e-01, 9.487964e-01, -2.340931e+00, 2.077519e-01, 6.979303e-10, 6.161339e-10, 3.328117e+01, -1.918332e-01
1.564200e+09, 1.328518e-01, 9.488053e-01, -2.357595e+00, 1.930410e-01, 7.002309e-10, 6.161418e-10, 3.317670e+01, -1.887158e-01
1.568000e+09, 1.327853e-01, 9.488164e-01, -2.374314e+00, 1.783299e-01, 7.026044e-10, 6.161525e-10, 3.307494e+01, -1.855049e-01
1.571800e+09, 1.326973e-01, 9.488299e-01, -2.391089e+00, 1.636186e-01, 7.050538e-10, 6.161666e-10, 3.297593e+01, -1.822019e-01
1.575600e+09, 1.325878e-01, 9.488458e-01, -2.407923e+00, 1.489070e-01, 7.075823e-10, 6.161846e-10, 3.287977e+01, -1.788084e-01
1.579400e+09, 1.324567e-01, 9.488643e-01, -2.424817e+00, 1.341949e-01, 7.101931e-10, 6.162072e-10, 3.278650e+01, -1.753258e-01
1.583200e+09, 1.323041e-01, 9.488853e-01, -2.441774e+00, 1.194822e-01, 7.128891e-10, 6.162347e-10, 3.269620e+01, -1.717558e-01
1.587000e+09, 1.321299e-01, 9.489089e-01, -2.458795e+00, 1.047690e-01, 7.156733e-10, 6.162675e-10, 3.260893e+01, -1.681002e-01
1.590800e+09, 1.319342e-01, 9.489351e-01, -2.475883e+00, 9.005489e-02, 7.185488e-10, 6.163058e-10, 3.252476e+01, -1.643606e-01
1.594600e+09, 1.317169e-01, 9.489640e-01, -2.493039e+00, 7.533991e-02, 7.215184e-10, 6.163497e-10, 3.244374e+01, -1.605390e-01
1.598400e+09, 1.314780e-01, 9.489956e-01, -2.510266e+00, 6.062388e-02, 7.245851e-10, 6.163991e-10, 3.236594e+01, -1.566373e-01
1.602200e+09, 1.312175e-01, 9.490299e-01, -2.527566e+00, 4.590667e-02, 7.277517e-10, 6.164540e-10, 3.229142e+01, -1.526575e-01
1.606000e+09, 1.309355e-01, 9.490668e-01, -2.544942e+00, 3.118815e-02, 7.310211e-10, 6.165142e-10, 3.222024e+01, -1.486017e-01
1.609800e+09, 1.306319e-01, 9.491063e-01, -2.562396e+00, 1.646819e-02, 7.343962e-10, 6.165794e-10, 3.215245e+01, -1.444723e-01
1.613600e+09, 1.303067e-01, 9.491484e-01, -2.579930e+00, 1.746678e-03, 7.378800e-10, 6.166492e-10, 3.208813e+01, -1.402713e-01
1.617400e+09, 1.299600e-01, 9.491930e-01, -2.597548e+00, -1.297650e-02, 7.414754e-10, 6.167233e-10, 3.202733e+01, -1.360014e-01
1.621200e+09, 1.295918e-01, 9.492401e-01, -2.615252e+00, -2.770145e-02, 7.451857e-10, 6.168011e-10, 3.197009e+01, -1.316648e-01
1.625000e+09, 1.292022e-01, 9.492896e-01, -2.633044e+00, -4.242826e-02, 7.490141e-10, 6.168824e-10, 3.191649e+01, -1.272642e-01
1.628800e+09, 1.287911e-01, 9.493414e-01, -2.650927e+00, -5.715701e-02, 7.529640e-10, 6.169666e-10, 3.186657e+01, -1.228022e-01
1.632600e+09, 1.283586e-01, 9.493955e-01, -2.668905e+00, -7.188777e-02, 7.570390e-10, 6.170533e-10, 3.182040e+01, -1.182816e-01
1.636400e+09, 1.279048e-01, 9.494519e-01, -2.686980e+00, -8.662060e-02, 7.612431e-10, 6.171423e-10, 3.177801e+01, -1.137052e-01
1.640200e+09, 1.274297e-01, 9.495103e-01, -2.705156e+00, -1.013555e-01, 7.655805e-10, 6.172331e-10, 3.173947e+01, -1.090760e-01
1.644000e+09, 1.269335e-01, 9.495709e-01, -2.723435e+00, -1.160927e-01, 7.700555e-10, 6.173257e-10, 3.170482e+01, -1.043970e-01
1.647800e+09, 1.264162e-01, 9.496335e-01, -2.741821e+00, -1.308320e-01, 7.746730e-10, 6.174198e-10, 3.167411e+01, -9.967121e-02
1.651600e+09, 1.258779e-01, 9.496981e-01, -2.760317e+00, -1.455736e-01, 7.794381e-10, 6.175153e-10, 3.164739e+01, -9.490190e-02
1.655400e+09, 1.253188e-01, 9.497646e-01, -2.778927e+00, -1.603174e-01, 7.843566e-10, 6.176124e-10, 3.162471e+01, -9.009232e-02
1.659200e+09, 1.247389e-01, 9.498331e-01, -2.797654e+00, -1.750636e-01, 7.894343e-10, 6.177112e-10, 3.160611e+01, -8.524582e-02
1.663000e+09, 1.241385e-01, 9.499036e-01, -2.816503e+00, -1.898122e-01, 7.946779e-10, 6.178119e-10, 3.159163e+01, -8.036580e-02
1.666800e+09, 1.235176e-01, 9.499759e-01, -2.835477e+00, -2.045631e-01, 8.000941e-10, 6.179149e-10, 3.158131e+01, -7.545577e-02
1.670600e+09, 1.228765e-01, 9.500501e-01, -2.854580e+00, -2.193165e-01, 8.056905e-10, 6.180204e-10, 3.157519e+01, -7.051926e-02
1.674400e+09, 1.222154e-01, 9.501263e-01, -2.873817e+00, -2.340724e-01, 8.114751e-10, 6.181290e-10, 3.157331e+01, -6.555989e-02
1.678200e+09, 1.215345e-01, 9.502043e-01, -2.893191e+00, -2.488309e-01, 8.174563e-10, 6.182412e-10, 3.157571e+01, -6.058131e-02
1.682000e+09, 1.208339e-01, 9.502842e-01, -2.912709e+00, -2.635921e-01, 8.236431e-10, 6.183573e-10, 3.158241e+01, -5.558724e-02
1.685800e+09, 1.201140e-01, 9.503660e-01, -2.932374e+00, -2.783561e-01, 8.300451e-10, 6.184781e-10, 3.159345e+01, -5.058141e-02
1.689600e+09, 1.193750e-01, 9.504497e-01, -2.952193e+00, -2.931229e-01, 8.366724e-10, 6.186038e-10, 3.160885e+01, -4.556762e-02
1.693400e+09, 1.186172e-01, 9.505353e-01, -2.972169e+00, -3.078928e-01, 8.435357e-10, 6.187350e-10, 3.162865e+01, -4.054968e-02
1.697200e+09, 1.178409e-01, 9.506227e-01, -2.992310e+00, -3.226658e-01, 8.506463e-10, 6.188721e-10, 3.165287e+01, -3.553144e-02
1.701000e+09, 1.170464e-01, 9.507118e-01, -3.012620e+00, -3.374420e-01, 8.580159e-10, 6.190153e-10, 3.168153e+01, -3.051675e-02
1.704800e+09, 1.162341e-01, 9.508028e-01, -3.033106e+00, -3.522217e-01, 8.656568e-10, 6.191649e-10, 3.171465e+01, -2.550949e-02
1.708600e+09, 1.154042e-01, 9.508954e-01, -3.053774e+00, -3.670049e-01, 8.735821e-10, 6.193209e-10, 3.175225e+01, -2.051355e-02
1.712400e+09, 1.145573e-01, 9.509895e-01, -3.074632e+00, -3.817919e-01, 8.818053e-10, 6.194834e-10, 3.179436e+01, -1.553280e-02
1.716200e+09, 1.136936e-01, 9.510852e-01, -3.095686e+00, -3.965828e-01, 8.903403e-10, 6.196522e-10, 3.184097e+01, -1.057115e-02
1.720000e+09, 1.128136e-01, 9.511822e-01, -3.116944e+00, -4.113776e-01, 8.992018e-10, 6.198269e-10, 3.189212e+01, -5.632480e-03
1.723800e+09, 1.119177e-01, 9.512804e-01, -3.138413e+00, -4.261767e-01, 9.084051e-10, 6.200072e-10, 3.194781e+01, -7.206596e-04
1.727600e+09, 1.110064e-01, 9.513796e-01, 3.123083e+00, -4.409801e-01, 9.179659e-10, 6.201925e-10, 3.200805e+01, 4.160445e-03
1.731400e+09, 1.100803e-01, 9.514798e-01, 3.101165e+00, -4.557878e-01, 9.279005e-10, 6.203821e-10, 3.207284e+01, 9.006985e-03
1.735200e+09, 1.091397e-01, 9.515806e-01, 3.079011e+00, -4.706001e-01, 9.382258e-10, 6.205753e-10, 3.214221e+01, 1.381513e-02
1.739000e+09, 1.081852e-01, 9.516818e-01, 3.056609e+00, -4.854171e-01, 9.489593e-10, 6.207711e-10, 3.221614e+01, 1.858108e-02
1.742800e+09, 1.072174e-01, 9.517833e-01, 3.033952e+00, -5.002387e-01, 9.601190e-10, 6.209686e-10, 3.229465e+01, 2.330105e-02
1.746600e+09, 1.062370e-01, 9.518848e-01, 3.011028e+00, -5.150650e-01, 9.717233e-10, 6.211668e-10, 3.237773e+01, 2.797128e-02
1.750400e+09, 1.052444e-01, 9.519862e-01, 2.987827e+00, -5.298960e-01, 9.837914e-10, 6.213646e-10, 3.246539e+01, 3.258806e-02
1.754200e+09, 1.042404e-01, 9.520870e-01, 2.964338e+00, -5.447318e-01, 9.963428e-10, 6.215611e-10, 3.255762e+01, 3.714770e-02
1.758000e+09, 1.032256e-01, 9.521872e-01, 2.940549e+00, -5.595722e-01, 1.009397e-09, 6.217552e-10, 3.265441e+01, 4.164654e-02
1.761800e+09, 1.022008e-01, 9.522865e-01, 2.916449e+00, -5.744173e-01, 1.022976e-09, 6.219459e-10, 3.275577e+01, 4.608097e-02
1.765600e+09, 1.011667e-01, 9.523848e-01, 2.892024e+00, -5.892670e-01, 1.037098e-09, 6.221323e-10, 3.286169e+01, 5.044741e-02
1.769400e+09, 1.001241e-01, 9.524817e-01, 2.867262e+00, -6.041211e-01, 1.051786e-09, 6.223137e-10, 3.297215e+01, 5.474233e-02
1.773200e+09, 9.907394e-02, 9.525771e-01, 2.842150e+00, -6.189795e-01, 1.067061e-09, 6.224894e-10, 3.308715e+01, 5.896225e-02
1.777000e+09, 9.801699e-02, 9.526709e-01, 2.816672e+00, -6.338421e-01, 1.082944e-09, 6.226588e-10, 3.320666e+01, 6.310372e-02
1.780800e+09, 9.695421e-02, 9.527629e-01, 2.790816e+00, -6.487088e-01, 1.099455e-09, 6.228215e-10, 3.333068e+01, 6.716335e-02
1.784600e+09, 9.588659e-02, 9.528530e-01, 2.764565e+00, -6.635793e-01, 1.116617e-09, 6.229773e-10, 3.345920e+01, 7.113781e-02
1.788400e+09, 9.481516e-02, 9.529410e-01, 2.737905e+00, -6.784536e-01, 1.134448e-09, 6.231262e-10, 3.359218e+01, 7.502380e-02
1.792200e+09, 9.374102e-02, 9.530270e-01, 2.710819e+00, -6.933314e-01, 1.152970e-09, 6.232682e-10, 3.372960e+01, 7.881810e-02
1.796000e+09, 9.266530e-02, 9.531109e-01, 2.683290e+00, -7.082126e-01, 1.172200e-09, 6.234037e-10, 3.387146e+01, 8.251753e-02
1.799800e+09, 9.158921e-02, 9.531925e-01, 2.655303e+00, -7.230971e-01, 1.192155e-09, 6.235330e-10, 3.401771e+01, 8.611898e-02
1.803600e+09, 9.051404e-02, 9.532720e-01, 2.626839e+00, -7.379846e-01, 1.212851e-09, 6.236567e-10, 3.416833e+01, 8.961939e-02
1.807400e+09, 8.944111e-02, 9.533493e-01, 2.597880e+00, -7.528751e-01, 1.234301e-09, 6.237756e-10, 3.432328e+01, 9.301578e-02
1.811200e+09, 8.837184e-02, 9.534245e-01, 2.568410e+00, -7.677685e-01, 1.256514e-09, 6.238905e-10, 3.448255e+01, 9.630523e-02
1.815000e+09, 8.730771e-02, 9.534976e-01, 2.538409e+00, -7.826645e-01, 1.279497e-09, 6.240022e-10, 3.464608e+01, 9.948487e-02
1.818800e+09, 8.625028e-02, 9.535687e-01, 2.507860e+00, -7.975633e-01, 1.303252e-09, 6.241118e-10, 3.481385e+01, 1.025519e-01
1.822600e+09, 8.520119e-02, 9.536378e-01, 2.476743e+00, -8.124646e-01, 1.327776e-09, 6.242203e-10, 3.498581e+01, 1.055036e-01
1.826400e+09, 8.416215e-02, 9.537049e-01, 2.445041e+00, -8.273686e-01, 1.353061e-09, 6.243286e-10, 3.516191e+01, 1.083374e-01
1.830200e+09, 8.313496e-02, 9.537702e-01, 2.412736e+00, -8.422751e-01, 1.379089e-09, 6.244378e-10, 3.534212e+01, 1.110506e-01
1.834000e+09, 8.212152e-02, 9.538336e-01, 2.379808e+00, -8.571843e-01, 1.405836e-09, 6.245488e-10, 3.552638e+01, 1.136408e-01
1.837800e+09, 8.112378e-02, 9.538953e-01, 2.346242e+00, -8.720961e-01, 1.433271e-09, 6.246624e-10, 3.571464e+01, 1.161054e-01
1.841600e+09, 8.014380e-02, 9.539552e-01, 2.312021e+00, -8.870106e-01, 1.461349e-09, 6.247794e-10, 3.590684e+01, 1.184422e-01
1.845400e+09, 7.918374e-02, 9.540134e-01, 2.277130e+00, -9.019279e-01, 1.490015e-09, 6.249004e-10, 3.610293e+01, 1.206489e-01
1.849200e+09, 7.824580e-02, 9.540699e-01, 2.241554e+00, -9.168480e-01, 1.519201e-09, 6.250259e-10, 3.630286e+01, 1.227231e-01
1.853000e+09, 7.733231e-02, 9.541246e-01, 2.205282e+00, -9.317712e-01, 1.548826e-09, 6.251562e-10, 3.650654e+01, 1.246629e-01
1.856800e+09, 7.644565e-02, 9.541775e-01, 2.168302e+00, -9.466975e-01, 1.578792e-09, 6.252913e-10, 3.671392e+01, 1.264661e-01
1.860600e+09, 7.558828e-02, 9.542284e-01, 2.130606e+00, -9.616270e-01, 1.608987e-09, 6.254312e-10, 3.692492e+01, 1.281307e-01
1.864400e+09, 7.476273e-02, 9.542774e-01, 2.092190e+00, -9.765599e-01, 1.639282e-09, 6.255758e-10, 3.713948e+01, 1.296548e-01
1.868200e+09, 7.397160e-02, 9.543242e-01, 2.053050e+00, -9.914962e-01, 1.669529e-09, 6.257245e-10, 3.735751e+01, 1.310365e-01
1.872000e+09, 7.321751e-02, 9.543687e-01, 2.013189e+00, -1.006436e+00, 1.699564e-09, 6.258767e-10, 3.757893e+01, 1.322741e-01
1.875800e+09, 7.250316e-02, 9.544108e-01, 1.972610e+00, -1.021380e+00, 1.729208e-09, 6.260316e-10, 3.780366e+01, 1.333659e-01
1.879600e+09, 7.183124e-02, 9.544502e-01, 1.931323e+00, -1.036327e+00, 1.758262e-09, 6.261884e-10, 3.803160e+01, 1.343103e-01
1.883400e+09, 7.120446e-02, 9.544867e-01, 1.889342e+00, -1.051278e+00, 1.786517e-09, 6.263460e-10, 3.826267e+01, 1.351057e-01
1.887200e+09, 7.062553e-02, 9.545201e-01, 1.846687e+00, -1.066232e+00, 1.813748e-09, 6.265032e-10, 3.849677e+01, 1.357506e-01
1.891000e+09, 7.009712e-02, 9.545501e-01, 1.803382e+00, -1.081191e+00, 1.839724e-09, 6.266588e-10, 3.873379e+01, 1.362436e-01
1.894800e+09, 6.962186e-02, 9.545765e-01, 1.759457e+00, -1.096153e+00, 1.864207e-09, 6.268114e-10, 3.897363e+01, 1.365835e-01
1.898600e+09, 6.920228e-02, 9.545990e-01, 1.714947e+00, -1.111119e+00, 1.886956e-09, 6.269599e-10, 3.921619e+01, 1.367690e-01
1.902400e+09, 6.884086e-02, 9.546175e-01, 1.669893e+00, -1.126088e+00, 1.907736e-09, 6.271028e-10, 3.946133e+01, 1.367988e-01
1.906200e+09, 6.853990e-02, 9.546315e-01, 1.624344e+00, -1.141061e+00, 1.926320e-09, 6.272389e-10, 3.970896e+01, 1.366720e-01
1.910000e+09, 6.830160e-02, 9.546409e-01, 1.578351e+00, -1.156037e+00, 1.942495e-09, 6.273671e-10, 3.995893e+01, 1.363875e-01
1.913800e+09, 6.812796e-02, 9.546455e-01, 1.531972e+00, -1.171016e+00, 1.956071e-09, 6.274862e-10, 4.021113e+01, 1.359444e-01
1.917600e+09, 6.802080e-02, 9.546450e-01, 1.485269e+00, -1.185998e+00, 1.966879e-09, 6.275953e-10, 4.046541e+01, 1.353419e-01
1.921400e+09, 6.798171e-02, 9.546393e-01, 1.438307e+00, -1.200983e+00, 1.974784e-09, 6.276936e-10, 4.072164e+01, 1.345792e-01
1.925200e+09, 6.801205e-02, 9.546282e-01, 1.391157e+00, -1.215969e+00, 1.979685e-09, 6.277804e-10, 4.097968e+01, 1.336556e-01
1.929000e+09, 6.811294e-02, 9.546116e-01, 1.343890e+00, -1.230958e+00, 1.981519e-09, 6.278553e-10, 4.123937e+01, 1.325705e-01
1.932800e+09, 6.828521e-02, 9.545893e-01, 1.296579e+00, -1.245949e+00, 1.980262e-09, 6.279179e-10, 4.150056e+01, 1.313235e-01
1.936600e+09, 6.852944e-02, 9.545614e-01, 1.249298e+00, -1.260941e+00, 1.975932e-09, 6.279682e-10, 4.176308e+01, 1.299141e-01
1.940400e+09, 6.884593e-02, 9.545276e-01, 1.202120e+00, -1.275935e+00, 1.968588e-09, 6.280062e-10, 4.202678e+01, 1.283420e-01
1.944200e+09, 6.923470e-02, 9.544882e-01, 1.155118e+00, -1.290929e+00, 1.958325e-09, 6.280324e-10, 4.229148e+01, 1.266070e-01
1.948000e+09, 6.969551e-02, 9.544429e-01, 1.108361e+00, -1.305924e+00, 1.945275e-09, 6.280472e-10, 4.255700e+01, 1.247090e-01
1.951800e+09, 7.022784e-02, 9.543920e-01, 1.061915e+00, -1.320919e+00, 1.929601e-09, 6.280512e-10, 4.282317e+01, 1.226478e-01
1.955600e+09, 7.083094e-02, 9.543353e-01, 1.015844e+00, -1.335915e+00, 1.911492e-09, 6.280452e-10, 4.308978e+01, 1.204236e-01
1.959400e+09, 7.150381e-02, 9.542732e-01, 9.702051e-01, -1.350910e+00, 1.891158e-09, 6.280303e-10, 4.335666e+01, 1.180366e-01
1.963200e+09, 7.224525e-02, 9.542056e-01, 9.250516e-01, -1.365905e+00, 1.868825e-09, 6.280073e-10, 4.362359e+01, 1.154869e-01
1.967000e+09, 7.305386e-02, 9.541326e-01, 8.804314e-01, -1.380899e+00, 1.844727e-09, 6.279775e-10, 4.389038e+01, 1.127749e-01
1.970800e+09, 7.392806e-02, 9.540545e-01, 8.363865e-01, -1.395893e+00, 1.819103e-09, 6.279420e-10, 4.415682e+01, 1.099012e-01
1.974600e+09, 7.486612e-02, 9.539712e-01, 7.929534e-01, -1.410886e+00, 1.792193e-09, 6.279020e-10, 4.442269e+01, 1.068662e-01
1.978400e+09, 7.586620e-02, 9.538831e-01, 7.501628e-01, -1.425878e+00, 1.764229e-09, 6.278587e-10, 4.468776e+01, 1.036706e-01
1.982200e+09, 7.692633e-02, 9.537902e-01, 7.080399e-01, -1.440869e+00, 1.735436e-09, 6.278130e-10, 4.495182e+01, 1.003152e-01
1.986000e+09, 7.804447e-02, 9.536926e-01, 6.666044e-01, -1.455858e+00, 1.706027e-09, 6.277662e-10, 4.521463e+01, 9.680101e-02
1.989800e+09, 7.921850e-02, 9.535906e-01, 6.258711e-01, -1.470847e+00, 1.676200e-09, 6.277191e-10, 4.547596e+01, 9.312891e-02
1.993600e+09, 8.044629e-02, 9.534840e-01, 5.858500e-01, -1.485834e+00, 1.646138e-09, 6.276725e-10, 4.573556e+01, 8.930008e-02
1.997400e+09, 8.172562e-02, 9.533732e-01, 5.465466e-01, -1.500821e+00, 1.616007e-09, 6.276270e-10, 4.599320e+01, 8.531577e-02
2.001200e+09, 8.305432e-02, 9.532581e-01, 5.079627e-01, -1.515806e+00, 1.585956e-09, 6.275832e-10, 4.624861e+01, 8.117735e-02
2.005000e+09, 8.443018e-02, 9.531387e-01, 4.700962e-01, -1.530790e+00, 1.556116e-09, 6.275412e-10, 4.650155e+01, 7.688633e-02
2.008800e+09, 8.585101e-02, 9.530152e-01, 4.329422e-01, -1.545773e+00, 1.526602e-09, 6.275013e-10, 4.675175e+01, 7.244433e-02
2.012600e+09, 8.731465e-02, 9.528874e-01, 3.964929e-01, -1.560756e+00, 1.497512e-09, 6.274631e-10, 4.699896e+01, 6.785312e-02
2.016400e+09, 8.881896e-02, 9.527554e-01, 3.607382e-01, -1.575737e+00, 1.468930e-09, 6.274265e-10, 4.724292e+01, 6.311459e-02
2.020200e+09, 9.036185e-02, 9.526190e-01, 3.256659e-01, -1.590718e+00, 1.440924e-09, 6.273909e-10, 4.748334e+01, 5.823079e-02
2.024000e+09, 9.194125e-02, 9.524783e-01, 2.912622e-01, -1.605697e+00, 1.413550e-09, 6.273556e-10, 4.771998e+01, 5.320388e-02
2.027800e+09, 9.355516e-02, 9.523331e-01, 2.575121e-01, -1.620676e+00, 1.386854e-09, 6.273197e-10, 4.795254e+01, 4.803620e-02
2.031600e+09, 9.520162e-02, 9.521832e-01, 2.243995e-01, -1.635654e+00, 1.360869e-09, 6.272822e-10, 4.818077e+01, 4.273019e-02
2.035400e+09, 9.687873e-02, 9.520286e-01, 1.919072e-01, -1.650631e+00, 1.335619e-09, 6.272420e-10, 4.840438e+01, 3.728848e-02
2.039200e+09, 9.858464e-02, 9.518691e-01, 1.600178e-01, -1.665607e+00, 1.311120e-09, 6.271978e-10, 4.862311e+01, 3.171382e-02
2.043000e+09, 1.003175e-01, 9.517045e-01, 1.287134e-01, -1.680582e+00, 1.287381e-09, 6.271483e-10, 4.883668e+01, 2.600912e-02
2.046800e+09, 1.020757e-01, 9.515347e-01, 9.797577e-02, -1.695556e+00, 1.264406e-09, 6.270921e-10, 4.904481e+01, 2.017744e-02
2.050600e+09, 1.038575e-01, 9.513595e-01, 6.778669e-02, -1.710529e+00, 1.242191e-09, 6.270279e-10, 4.924724e+01, 1.422198e-02
2.054400e+09, 1.056612e-01, 9.511787e-01, 3.812799e-02, -1.725500e+00, 1.220731e-09, 6.269543e-10, 4.944370e+01, 8.146113e-03
2.058200e+09, 1.074853e-01, 9.509922e-01, 8.981684e-03, -1.740469e+00, 1.200015e-09, 6.268701e-10, 4.963393e+01, 1.953336e-03
2.062000e+09, 1.093283e-01, 9.507999e-01, -1.967001e-02, -1.755436e+00, 1.180030e-09, 6.267741e-10, 4.981766e+01, -4.352696e-03
2.065800e+09, 1.111886e-01, 9.506017e-01, -4.784452e-02, -1.770401e+00, 1.160759e-09, 6.266653e-10, 4.999464e+01, -1.076819e-02
2.069600e+09, 1.130650e-01, 9.503975e-01, -7.555893e-02, -1.785363e+00, 1.142186e-09, 6.265426e-10, 5.016463e+01, -1.728920e-02
2.073400e+09, 1.149560e-01, 9.501872e-01, -1.028299e-01, -1.800323e+00, 1.124292e-09, 6.264055e-10, 5.032736e+01, -2.391167e-02
2.077200e+09, 1.168603e-01, 9.499708e-01, -1.296736e-01, -1.815279e+00, 1.107056e-09, 6.262534e-10, 5.048262e+01, -3.063138e-02
2.081000e+09, 1.187766e-01, 9.497483e-01, -1.561058e-01, -1.830231e+00, 1.090458e-09, 6.260860e-10, 5.063017e+01, -3.744400e-02
2.084800e+09, 1.207038e-01, 9.495198e-01, -1.821417e-01, -1.845180e+00, 1.074477e-09, 6.259031e-10, 5.076980e+01, -4.434508e-02
2.088600e+09, 1.226406e-01, 9.492854e-01, -2.077960e-01, -1.860124e+00, 1.059092e-09, 6.257050e-10, 5.090129e+01, -5.133005e-02
2.092400e+09, 1.245860e-01, 9.490451e-01, -2.330830e-01, -1.875063e+00, 1.044282e-09, 6.254920e-10, 5.102445e+01, -5.839423e-02
2.096200e+09, 1.265387e-01, 9.487991e-01, -2.580164e-01, -1.889998e+00, 1.030026e-09, 6.252647e-10, 5.113908e+01, -6.553286e-02
2.100000e+09, 1.284978e-01, 9.485477e-01, -2.826094e-01, -1.904927e+00, 1.016303e-09, 6.250239e-10, 5.124501e+01, -7.274105e-02
2.103800e+09, 1.304622e-01, 9.482910e-01, -3.068747e-01, -1.919850e+00, 1.003093e-09, 6.247707e-10, 5.134208e+01, -8.001386e-02
2.107600e+09, 1.324310e-01, 9.480293e-01, -3.308247e-01, -1.934767e+00, 9.903765e-10, 6.245061e-10, 5.143013e+01, -8.734626e-02
2.111400e+09, 1.344032e-01, 9.477629e-01, -3.544710e-01, -1.949678e+00, 9.781342e-10, 6.242316e-10, 5.150902e+01, -9.473315e-02
2.115200e+09, 1.363778e-01, 9.474921e-01, -3.778251e-01, -1.964582e+00, 9.663475e-10, 6.239485e-10, 5.157863e+01, -1.021694e-01
2.119000e+09, 1.383540e-01, 9.472172e-01, -4.008977e-01, -1.979479e+00, 9.549985e-10, 6.236586e-10, 5.163884e+01, -1.096497e-01
2.122800e+09, 1.403310e-01, 9.469385e-01, -4.236993e-01, -1.994370e+00, 9.440698e-10, 6.233634e-10, 5.168956e+01, -1.171689e-01
2.126600e+09, 1.423078e-01, 9.466565e-01, -4.462400e-01, -2.009253e+00, 9.335448e-10, 6.230646e-10, 5.173071e+01, -1.247217e-01
2.130400e+09, 1.442837e-01, 9.463713e-01, -4.685294e-01, -2.024130e+00, 9.234073e-10, 6.227637e-10, 5.176221e+01, -1.323028e-01
2.134200e+09, 1.462579e-01, 9.460835e-01, -4.905768e-01, -2.038999e+00, 9.136417e-10, 6.224625e-10, 5.178401e+01, -1.399068e-01
2.138000e+09, 1.482296e-01, 9.457932e-01, -5.123910e-01, -2.053861e+00, 9.042332e-10, 6.221624e-10, 5.179608e+01, -1.475283e-01
2.141800e+09, 1.501980e-01, 9.455009e-01, -5.339806e-01, -2.068716e+00, 8.951672e-10, 6.218648e-10, 5.179837e+01, -1.551622e-01
2.145600e+09, 1.521625e-01, 9.452068e-01, -5.553537e-01, -2.083563e+00, 8.864298e-10, 6.215710e-10, 5.179090e+01, -1.628029e-01
2.149400e+09, 1.541224e-01, 9.449113e-01, -5.765182e-01, -2.098404e+00, 8.780077e-10, 6.212822e-10, 5.177366e+01, -1.704451e-01
2.153200e+09, 1.560769e-01, 9.446145e-01, -5.974816e-01, -2.113238e+00, 8.698880e-10, 6.209991e-10, 5.174666e+01, -1.780837e-01
2.157000e+09, 1.580253e-01, 9.443168e-01, -6.182511e-01, -2.128065e+00, 8.620580e-10, 6.207224e-10, 5.170995e+01, -1.857131e-01
2.160800e+09, 1.599670e-01, 9.440182e-01, -6.388337e-01, -2.142885e+00, 8.545057e-10, 6.204527e-10, 5.166358e+01, -1.933283e-01
2.164600e+09, 1.619014e-01, 9.437190e-01, -6.592360e-01, -2.157699e+00, 8.472194e-10, 6.201901e-10, 5.160760e+01, -2.009239e-01
2.168400e+09, 1.638277e-01, 9.434193e-01, -6.794643e-01, -2.172507e+00, 8.401878e-10, 6.199347e-10, 5.154209e+01, -2.084948e-01
2.172200e+09, 1.657454e-01, 9.431192e-01, -6.995247e-01, -2.187309e+00, 8.334000e-10, 6.196861e-10, 5.146715e+01, -2.160358e-01
2.176000e+09, 1.676539e-01, 9.428188e-01, -7.194230e-01, -2.202104e+00, 8.268454e-10, 6.194439e-10, 5.138287e+01, -2.235419e-01
2.179800e+09, 1.695525e-01, 9.425180e-01, -7.391649e-01, -2.216894e+00, 8.205137e-10, 6.192073e-10, 5.128937e+01, -2.310080e-01
2.183600e+09, 1.714406e-01, 9.422170e-01, -7.587555e-01, -2.231678e+00, 8.143951e-10, 6.189756e-10, 5.118678e+01, -2.384292e-01
2.187400e+09, 1.733177e-01, 9.419156e-01, -7.782001e-01, -2.246457e+00, 8.084799e-10, 6.187476e-10, 5.107525e+01, -2.458007e-01
2.191200e+09, 1.751831e-01, 9.416138e-01, -7.975035e-01, -2.261230e+00, 8.027589e-10, 6.185222e-10, 5.095492e+01, -2.531175e-01
2.195000e+09, 1.770363e-01, 9.413116e-01, -8.166702e-01, -2.275998e+00, 7.972232e-10, 6.182979e-10, 5.082596e+01, -2.603750e-01
2.198800e+09, 1.788767e-01, 9.410090e-01, -8.357048e-01, -2.290761e+00, 7.918643e-10, 6.180734e-10, 5.068854e+01, -2.675686e-01
2.202600e+09, 1.807038e-01, 9.407057e-01, -8.546115e-01, -2.305518e+00, 7.866740e-10, 6.178474e-10, 5.054285e+01, -2.746937e-01
2.206400e+09, 1.825170e-01, 9.404018e-01, -8.733942e-01, -2.320270e+00, 7.816444e-10, 6.176182e-10, 5.038908e+01, -2.817459e-01
2.210200e+09, 1.843159e-01, 9.400971e-01, -8.920568e-01, -2.335016e+00, 7.767680e-10, 6.173846e-10, 5.022744e+01, -2.887210e-01
2.214000e+09, 1.860998e-01, 9.397917e-01, -9.106030e-01, -2.349757e+00, 7.720377e-10, 6.171451e-10, 5.005814e+01, -2.956146e-01
2.217800e+09, 1.878682e-01, 9.394853e-01, -9.290362e-01, -2.364492e+00, 7.674468e-10, 6.168986e-10, 4.988139e+01, -3.024228e-01
2.221600e+09, 1.896208e-01, 9.391781e-01, -9.473599e-01, -2.379221e+00, 7.629889e-10, 6.166439e-10, 4.969743e+01, -3.091415e-01
2.225400e+09, 1.913569e-01, 9.388700e-01, -9.655771e-01, -2.393944e+00, 7.586580e-10, 6.163802e-10, 4.950649e+01, -3.157669e-01
2.229200e+09, 1.930761e-01, 9.385610e-01, -9.836909e-01, -2.408661e+00, 7.544486e-10, 6.161066e-10, 4.930880e+01, -3.222954e-01
2.233000e+09, 1.947780e-01, 9.382511e-01, -1.001704e+00, -2.423371e+00, 7.503554e-10, 6.158227e-10, 4.910461e+01, -3.287234e-01
2.236800e+09, 1.964622e-01, 9.379405e-01, -1.019620e+00, -2.438075e+00, 7.463736e-10, 6.155282e-10, 4.889416e+01, -3.350475e-01
2.240600e+09, 1.981281e-01, 9.376293e-01, -1.037440e+00, -2.452771e+00, 7.424989e-10, 6.152230e-10, 4.867771e+01, -3.412643e-01
2.244400e+09, 1.997753e-01, 9.373175e-01, -1.055168e+00, -2.467460e+00, 7.387271e-10, 6.149074e-10, 4.845551e+01, -3.473709e-01
2.248200e+09, 2.014035e-01, 9.370055e-01, -1.072806e+00, -2.482142e+00, 7.350545e-10, 6.145818e-10, 4.822781e+01, -3.533641e-01
2.252000e+09, 2.030124e-01, 9.366933e-01, -1.090356e+00, -2.496816e+00, 7.314779e-10, 6.142470e-10, 4.799487e+01, -3.592411e-01
2.255800e+09, 2.046014e-01, 9.363814e-01, -1.107821e+00, -2.511481e+00, 7.279942e-10, 6.139038e-10, 4.775694e+01, -3.649993e-01
2.259600e+09, 2.061702e-01, 9.360699e-01, -1.125203e+00, -2.526139e+00, 7.246006e-10, 6.135534e-10, 4.751427e+01, -3.706361e-01
2.263400e+09, 2.077186e-01, 9.357592e-01, -1.142504e+00, -2.540788e+00, 7.212947e-10, 6.131973e-10, 4.726713e+01, -3.761491e-01
2.267200e+09, 2.092461e-01, 9.354497e-01, -1.159725e+00, -2.555429e+00, 7.180744e-10, 6.128368e-10, 4.701576e+01, -3.815360e-01
2.271000e+09, 2.107524e-01, 9.351417e-01, -1.176870e+00, -2.570061e+00, 7.149377e-10, 6.124737e-10, 4.676042e+01, -3.867947e-01
2.274800e+09, 2.122373e-01, 9.348355e-01, -1.193940e+00, -2.584685e+00, 7.118829e-10, 6.121097e-10, 4.650134e+01, -3.919231e-01
2.278600e+09, 2.137004e-01, 9.345317e-01, -1.210937e+00, -2.599299e+00, 7.089084e-10, 6.117466e-10, 4.623878e+01, -3.969194e-01
2.282400e+09, 2.151414e-01, 9.342306e-01, -1.227863e+00, -2.613906e+00, 7.060127e-10, 6.113864e-10, 4.597297e+01, -4.017817e-01
2.286200e+09, 2.165601e-01, 9.339326e-01, -1.244720e+00, -2.628503e+00, 7.031945e-10, 6.110307e-10, 4.570415e+01, -4.065086e-01
2.290000e+09, 2.179561e-01, 9.336380e-01, -1.261509e+00, -2.643092e+00, 7.004525e-10, 6.106814e-10, 4.543256e+01, -4.110983e-01
2.293800e+09, 2.193292e-01, 9.333473e-01, -1.278233e+00, -2.657673e+00, 6.977857e-10, 6.103403e-10, 4.515841e+01, -4.155495e-01
2.297600e+09, 2.206791e-01, 9.330609e-01, -1.294894e+00, -2.672245e+00, 6.951926e-10, 6.100088e-10, 4.488193e+01, -4.198608e-01
2.301400e+09, 2.220056e-01, 9.327791e-01, -1.311492e+00, -2.686810e+00, 6.926722e-10, 6.096884e-10, 4.460334e+01, -4.240309e-01
2.305200e+09, 2.233084e-01, 9.325021e-01, -1.328031e+00, -2.701367e+00, 6.902233e-10, 6.093802e-10, 4.432284e+01, -4.280586e-01
2.309000e+09, 2.245872e-01, 9.322303e-01, -1.344510e+00, -2.715917e+00, 6.878445e-10, 6.090854e-10, 4.404065e+01, -4.319429e-01
2.312800e+09, 2.258418e-01, 9.319640e-01, -1.360933e+00, -2.730459e+00, 6.855344e-10, 6.088047e-10, 4.375696e+01, -4.356827e-01
2.316600e+09, 2.270720e-01, 9.317033e-01, -1.377301e+00, -2.744995e+00, 6.832918e-10, 6.085385e-10, 4.347197e+01, -4.392769e-01
2.320400e+09, 2.282774e-01, 9.314484e-01, -1.393616e+00, -2.759525e+00, 6.811149e-10, 6.082872e-10, 4.318588e+01, -4.427248e-01
2.324200e+09, 2.294578e-01, 9.311994e-01, -1.409878e+00, -2.774048e+00, 6.790023e-10, 6.080508e-10, 4.289886e+01, -4.460253e-01
2.328000e+09, 2.306129e-01, 9.309565e-01, -1.426090e+00, -2.788566e+00, 6.769521e-10, 6.078290e-10, 4.261110e+01, -4.491777e-01
2.331800e+09, 2.317425e-01, 9.307197e-01, -1.442253e+00, -2.803079e+00, 6.749627e-10, 6.076213e-10, 4.232277e+01, -4.521812e-01
2.335600e+09, 2.328464e-01, 9.304890e-01, -1.458368e+00, -2.817586e+00, 6.730319e-10, 6.074269e-10, 4.203404e+01, -4.550351e-01
2.339400e+09, 2.339242e-01, 9.302645e-01, -1.474438e+00, -2.832089e+00, 6.711580e-10, 6.072450e-10, 4.174508e+01, -4.577386e-01
2.343200e+09, 2.349757e-01, 9.300460e-01, -1.490463e+00, -2.846588e+00, 6.693387e-10, 6.070743e-10, 4.145605e+01, -4.602911e-01
2.347000e+09, 2.360007e-01, 9.298335e-01, -1.506444e+00, -2.861082e+00, 6.675720e-10, 6.069135e-10, 4.116711e+01, -4.626920e-01
2.350800e+09, 2.369988e-01, 9.296268e-01, -1.522383e+00, -2.875573e+00, 6.658557e-10, 6.067613e-10, 4.087840e+01, -4.649406e-01
2.354600e+09, 2.379698e-01, 9.294260e-01, -1.538281e+00, -2.890060e+00, 6.641876e-10, 6.066160e-10, 4.059009e+01, -4.670364e-01
2.358400e+09, 2.389135e-01, 9.292308e-01, -1.554139e+00, -2.904544e+00, 6.625656e-10, 6.064762e-10, 4.030231e+01, -4.689790e-01
2.362200e+09, 2.398297e-01, 9.290412e-01, -1.569958e+00, -2.919024e+00, 6.609875e-10, 6.063401e-10, 4.001520e+01, -4.707677e-01
2.366000e+09, 2.407179e-01, 9.288570e-01, -1.585740e+00, -2.933501e+00, 6.594512e-10, 6.062063e-10, 3.972891e+01, -4.724021e-01
2.369800e+09, 2.415781e-01, 9.286780e-01, -1.601485e+00, -2.947975e+00, 6.579547e-10, 6.060733e-10, 3.944356e+01, -4.738818e-01
2.373600e+09, 2.424099e-01, 9.285042e-01, -1.617195e+00, -2.962446e+00, 6.564961e-10, 6.059396e-10, 3.915928e+01, -4.752065e-01
2.377400e+09, 2.432131e-01, 9.283355e-01, -1.632869e+00, -2.976913e+00, 6.550736e-10, 6.058042e-10, 3.887621e+01, -4.763758e-01
2.381200e+09, 2.439876e-01, 9.281718e-01, -1.648510e+00, -2.991377e+00, 6.536855e-10, 6.056658e-10, 3.859445e+01, -4.773893e-01
2.385000e+09, 2.447330e-01, 9.280130e-01, -1.664117e+00, -3.005838e+00, 6.523302e-10, 6.055236e-10, 3.831414e+01, -4.782468e-01
2.388800e+09, 2.454492e-01, 9.278592e-01, -1.679693e+00, -3.020296e+00, 6.510065e-10, 6.053770e-10, 3.803539e+01, -4.789481e-01
2.392600e+09, 2.461360e-01, 9.277103e-01, -1.695236e+00, -3.034750e+00, 6.497131e-10, 6.052257e-10, 3.775831e+01, -4.794929e-01
2.396400e+09, 2.467932e-01, 9.275663e-01, -1.710749e+00, -3.049200e+00, 6.484491e-10, 6.050694e-10, 3.748301e+01, -4.798813e-01
2.400200e+09, 2.474205e-01, 9.274275e-01, -1.726231e+00, -3.063647e+00, 6.472136e-10, 6.049085e-10, 3.720959e+01, -4.801130e-01
2.404000e+09, 2.480180e-01, 9.272938e-01, -1.741684e+00, -3.078090e+00, 6.460061e-10, 6.047432e-10, 3.693816e+01, -4.801879e-01
2.407800e+09, 2.485853e-01, 9.271655e-01, -1.757108e+00, -3.092529e+00, 6.448262e-10, 6.045742e-10, 3.666882e+01, -4.801062e-01
2.411600e+09, 2.491223e-01, 9.270427e-01, -1.772504e+00, -3.106964e+00, 6.436735e-10, 6.044026e-10, 3.640167e+01, -4.798678e-01
2.415400e+09, 2.496290e-01, 9.269257e-01, -1.787872e+00, -3.121395e+00, 6.425482e-10, 6.042294e-10, 3.613678e+01, -4.794728e-01
2.419200e+09, 2.501051e-01, 9.268147e-01, -1.803214e+00, -3.135821e+00, 6.414502e-10, 6.040561e-10, 3.587427e+01, -4.789213e-01
2.423000e+09, 2.505506e-01, 9.267099e-01, -1.818529e+00, 3.132942e+00, 6.403799e-10, 6.038841e-10, 3.561420e+01, -4.782135e-01
2.426800e+09, 2.509654e-01, 9.266117e-01, -1.833819e+00, 3.118523e+00, 6.393377e-10, 6.037152e-10, 3.535667e+01, -4.773495e-01
2.430600e+09, 2.513493e-01, 9.265204e-01, -1.849084e+00, 3.104109e+00, 6.383240e-10, 6.035511e-10, 3.510176e+01, -4.763297e-01
2.434400e+09, 2.517023e-01, 9.264362e-01, -1.864325e+00, 3.089698e+00, 6.373394e-10, 6.033939e-10, 3.484954e+01, -4.751542e-01
2.438200e+09, 2.520244e-01, 9.263596e-01, -1.879542e+00, 3.075292e+00, 6.363846e-10, 6.032452e-10, 3.460009e+01, -4.738234e-01
2.442000e+09, 2.523153e-01, 9.262908e-01, -1.894736e+00, 3.060889e+00, 6.354603e-10, 6.031072e-10, 3.435349e+01, -4.723376e-01
2.445800e+09, 2.525751e-01, 9.262301e-01, -1.909909e+00, 3.046489e+00, 6.345673e-10, 6.029814e-10, 3.410979e+01, -4.706972e-01
2.449600e+09, 2.528037e-01, 9.261778e-01, -1.925060e+00, 3.032092e+00, 6.337061e-10, 6.028698e-10, 3.386907e+01, -4.689026e-01
2.453400e+09, 2.530010e-01, 9.261342e-01, -1.940190e+00, 3.017698e+00, 6.328776e-10, 6.027738e-10, 3.363140e+01, -4.669542e-01
2.457200e+09, 2.531669e-01, 9.260995e-01, -1.955301e+00, 3.003306e+00, 6.320823e-10, 6.026949e-10, 3.339683e+01, -4.648525e-01
2.461000e+09, 2.533015e-01, 9.260740e-01, -1.970392e+00, 2.988916e+00, 6.313208e-10, 6.026343e-10, 3.316544e+01, -4.625979e-01
2.464800e+09, 2.534046e-01, 9.260578e-01, -1.985466e+00, 2.974527e+00, 6.305936e-10, 6.025930e-10, 3.293728e+01, -4.601911e-01
2.468600e+09, 2.534761e-01, 9.260510e-01, -2.000522e+00, 2.960140e+00, 6.299010e-10, 6.025716e-10, 3.271241e+01, -4.576325e-01
2.472400e+09, 2.535161e-01, 9.260537e-01, -2.015562e+00, 2.945753e+00, 6.292433e-10, 6.025705e-10, 3.249088e+01, -4.549228e-01
2.476200e+09, 2.535244e-01, 9.260661e-01, -2.030585e+00, 2.931366e+00, 6.286206e-10, 6.025900e-10, 3.227276e+01, -4.520627e-01
2.480000e+09, 2.535009e-01, 9.260880e-01, -2.045594e+00, 2.916978e+00, 6.280329e-10, 6.026297e-10, 3.205810e+01, -4.490527e-01
2.483800e+09, 2.534456e-01, 9.261195e-01, -2.060589e+00, 2.902590e+00, 6.274800e-10, 6.026894e-10, 3.184695e+01, -4.458936e-01
2.487600e+09, 2.533585e-01, 9.261604e-01, -2.075571e+00, 2.888200e+00, 6.269616e-10, 6.027682e-10, 3.163938e+01, -4.425861e-01
2.491400e+09, 2.532394e-01, 9.262107e-01, -2.090541e+00, 2.873808e+00, 6.264773e-10, 6.028652e-10, 3.143542e+01, -4.391312e-01
2.495200e+09, 2.530883e-01, 9.262701e-01, -2.105498e+00, 2.859414e+00, 6.260266e-10, 6.029791e-10, 3.123514e+01, -4.355296e-01
2.499000e+09, 2.529050e-01, 9.263384e-01, -2.120445e+00, 2.845017e+00, 6.256087e-10, 6.031085e-10, 3.103860e+01, -4.317824e-01
2.502800e+09, 2.526895e-01, 9.264155e-01, -2.135383e+00, 2.830617e+00, 6.252230e-10, 6.032517e-10, 3.084583e+01, -4.278905e-01
2.506600e+09, 2.524418e-01, 9.265009e-01, -2.150310e+00, 2.816214e+00, 6.248684e-10, 6.034070e-10, 3.065690e+01, -4.238551e-01
2.510400e+09, 2.521616e-01, 9.265946e-01, -2.165230e+00, 2.801807e+00, 6.245441e-10, 6.035724e-10, 3.047185e+01, -4.196772e-01
2.514200e+09, 2.518490e-01, 9.266961e-01, -2.180142e+00, 2.787396e+00, 6.242491e-10, 6.037461e-10, 3.029075e+01, -4.153583e-01
2.518000e+09, 2.515038e-01, 9.268052e-01, -2.195046e+00, 2.772981e+00, 6.239823e-10, 6.039261e-10, 3.011364e+01, -4.108997e-01
2.521800e+09, 2.511260e-01, 9.269215e-01, -2.209944e+00, 2.758561e+00, 6.237426e-10, 6.041104e-10, 2.994058e+01, -4.063027e-01
2.525600e+09, 2.507155e-01, 9.270447e-01, -2.224837e+00, 2.744138e+00, 6.235291e-10, 6.042973e-10, 2.977161e+01, -4.015691e-01
2.529400e+09, 2.502722e-01, 9.271745e-01, -2.239724e+00, 2.729709e+00, 6.233406e-10, 6.044850e-10, 2.960680e+01, -3.967006e-01
2.533200e+09, 2.497961e-01, 9.273108e-01, -2.254607e+00, 2.715277e+00, 6.231762e-10, 6.046719e-10, 2.944619e+01, -3.916989e-01
2.537000e+09, 2.492870e-01, 9.274531e-01, -2.269486e+00, 2.700839e+00, 6.230349e-10, 6.048567e-10, 2.928983e+01, -3.865660e-01
2.540800e+09, 2.487449e-01, 9.276013e-01, -2.284362e+00, 2.686398e+00, 6.229160e-10, 6.050382e-10, 2.913778e+01, -3.813040e-01
2.544600e+09, 2.481698e-01, 9.277552e-01, -2.299235e+00, 2.671952e+00, 6.228187e-10, 6.052156e-10, 2.899009e+01, -3.759151e-01
2.548400e+09, 2.475617e-01, 9.279146e-01, -2.314105e+00, 2.657502e+00, 6.227425e-10, 6.053883e-10, 2.884681e+01, -3.704018e-01
2.552200e+09, 2.469204e-01, 9.280794e-01, -2.328974e+00, 2.643047e+00, 6.226867e-10, 6.055559e-10, 2.870798e+01, -3.647666e-01
2.556000e+09, 2.462460e-01, 9.282495e-01, -2.343841e+00, 2.628589e+00, 6.226512e-10, 6.057184e-10, 2.857367e+01, -3.590120e-01
2.559800e+09, 2.455385e-01, 9.284249e-01, -2.358708e+00, 2.614127e+00, 6.226356e-10, 6.058762e-10, 2.844390e+01, -3.531410e-01
2.563600e+09, 2.447979e-01, 9.286056e-01, -2.373574e+00, 2.599661e+00, 6.226401e-10, 6.060298e-10, 2.831874e+01, -3.471566e-01
2.567400e+09, 2.440241e-01, 9.287916e-01, -2.388440e+00, 2.585191e+00, 6.226646e-10, 6.061800e-10, 2.819824e+01, -3.410618e-01
2.571200e+09, 2.432171e-01, 9.289829e-01, -2.403307e+00, 2.570718e+00, 6.227094e-10, 6.063280e-10, 2.808242e+01, -3.348600e-01
2.575000e+09, 2.423771e-01, 9.291797e-01, -2.418175e+00, 2.556241e+00, 6.227751e-10, 6.064750e-10, 2.797135e+01, -3.285545e-01
2.578800e+09, 2.415041e-01, 9.293820e-01, -2.433044e+00, 2.541761e+00, 6.228622e-10, 6.066226e-10, 2.786505e+01, -3.221491e-01
2.582600e+09, 2.405980e-01, 9.295901e-01, -2.447916e+00, 2.527277e+00, 6.229713e-10, 6.067724e-10, 2.776358e+01, -3.156473e-01
2.586400e+09, 2.396590e-01, 9.298041e-01, -2.462790e+00, 2.512790e+00, 6.231034e-10, 6.069262e-10, 2.766698e+01, -3.090532e-01
2.590200e+09, 2.386871e-01, 9.300241e-01, -2.477667e+00, 2.498299e+00, 6.232594e-10, 6.070858e-10, 2.757527e+01, -3.023707e-01
2.594000e+09, 2.376824e-01, 9.302503e-01, -2.492548e+00, 2.483804e+00, 6.234404e-10, 6.072532e-10, 2.748850e+01, -2.956040e-01
2.597800e+09, 2.366450e-01, 9.304830e-01, -2.507434e+00, 2.469305e+00, 6.236476e-10, 6.074300e-10, 2.740670e+01, -2.887574e-01
2.601600e+09, 2.355749e-01, 9.307222e-01, -2.522324e+00, 2.454802e+00, 6.238822e-10, 6.076180e-10, 2.732991e+01, -2.818353e-01
2.605400e+09, 2.344723e-01, 9.309680e-01, -2.537220e+00, 2.440295e+00, 6.241455e-10, 6.078188e-10, 2.725816e+01, -2.748423e-01
2.609200e+09, 2.333372e-01, 9.312207e-01, -2.552122e+00, 2.425782e+00, 6.244389e-10, 6.080340e-10, 2.719147e+01, -2.677830e-01
2.613000e+09, 2.321698e-01, 9.314803e-01, -2.567031e+00, 2.411265e+00, 6.247638e-10, 6.082646e-10, 2.712988e+01, -2.606622e-01
2.616800e+09, 2.309702e-01, 9.317469e-01, -2.581948e+00, 2.396742e+00, 6.251215e-10, 6.085118e-10, 2.707341e+01, -2.534848e-01
2.620600e+09, 2.297384e-01, 9.320204e-01, -2.596873e+00, 2.382213e+00, 6.255136e-10, 6.087763e-10, 2.702209e+01, -2.462558e-01
2.624400e+09, 2.284747e-01, 9.323009e-01, -2.611808e+00, 2.367678e+00, 6.259413e-10, 6.090585e-10, 2.697594e+01, -2.389802e-01
2.628200e+09, 2.271790e-01, 9.325882e-01, -2.626753e+00, 2.353136e+00, 6.264061e-10, 6.093586e-10, 2.693498e+01, -2.316632e-01
2.632000e+09, 2.258516e-01, 9.328823e-01, -2.641709e+00, 2.338587e+00, 6.269093e-10, 6.096765e-10, 2.689923e+01, -2.243101e-01
2.635800e+09, 2.244925e-01, 9.331831e-01, -2.656678e+00, 2.324030e+00, 6.274523e-10, 6.100117e-10, 2.686871e+01, -2.169261e-01
2.639600e+09, 2.231019e-01, 9.334902e-01, -2.671659e+00, 2.309465e+00, 6.280361e-10, 6.103635e-10, 2.684344e+01, -2.095167e-01
2.643400e+09, 2.216799e-01, 9.338035e-01, -2.686654e+00, 2.294892e+00, 6.286622e-10, 6.107309e-10, 2.682342e+01, -2.020873e-01
2.647200e+09, 2.202266e-01, 9.341227e-01, -2.701664e+00, 2.280310e+00, 6.293315e-10, 6.111127e-10, 2.680868e+01, -1.946434e-01
2.651000e+09, 2.187422e-01, 9.344474e-01, -2.716690e+00, 2.265719e+00, 6.300453e-10, 6.115074e-10, 2.679923e+01, -1.871905e-01
2.654800e+09, 2.172267e-01, 9.347773e-01, -2.731733e+00, 2.251119e+00, 6.308044e-10, 6.119133e-10, 2.679507e+01, -1.797343e-01
2.658600e+09, 2.156803e-01, 9.351120e-01, -2.746794e+00, 2.236509e+00, 6.316100e-10, 6.123286e-10, 2.679620e+01, -1.722804e-01
2.662400e+09, 2.141031e-01, 9.354511e-01, -2.761874e+00, 2.221889e+00, 6.324629e-10, 6.127514e-10, 2.680265e+01, -1.648344e-01
2.666200e+09, 2.124953e-01, 9.357941e-01, -2.776975e+00, 2.207259e+00, 6.333640e-10, 6.131798e-10, 2.681441e+01, -1.574020e-01
2.670000e+09, 2.108569e-01, 9.361407e-01, -2.792097e+00, 2.192618e+00, 6.343142e-10, 6.136117e-10, 2.683148e+01, -1.499889e-01
2.673800e+09, 2.091881e-01, 9.364903e-01, -2.807242e+00, 2.177968e+00, 6.353144e-10, 6.140452e-10, 2.685386e+01, -1.426008e-01
2.677600e+09, 2.074891e-01, 9.368427e-01, -2.822411e+00, 2.163307e+00, 6.363654e-10, 6.144784e-10, 2.688155e+01, -1.352434e-01
2.681400e+09, 2.057600e-01, 9.371972e-01, -2.837605e+00, 2.148635e+00, 6.374680e-10, 6.149096e-10, 2.691455e+01, -1.279224e-01
2.685200e+09, 2.040009e-01, 9.375535e-01, -2.852825e+00, 2.133954e+00, 6.386231e-10, 6.153370e-10, 2.695285e+01, -1.206435e-01
2.689000e+09, 2.022120e-01, 9.379113e-01, -2.868073e+00, 2.119262e+00, 6.398318e-10, 6.157593e-10, 2.699645e+01, -1.134123e-01
2.692800e+09, 2.003934e-01, 9.382701e-01, -2.883350e+00, 2.104560e+00, 6.410950e-10, 6.161752e-10, 2.704532e+01, -1.062345e-01
2.696600e+09, 1.985454e-01, 9.386296e-01, -2.898657e+00, 2.089848e+00, 6.424138e-10, 6.165837e-10, 2.709947e+01, -9.911570e-02
2.700400e+09, 1.966680e-01, 9.389895e-01, -2.913995e+00, 2.075126e+00, 6.437895e-10, 6.169840e-10, 2.715887e+01, -9.206135e-02
2.704200e+09, 1.947615e-01, 9.393495e-01, -2.929366e+00, 2.060395e+00, 6.452234e-10, 6.173757e-10, 2.722350e+01, -8.507700e-02
2.708000e+09, 1.928260e-01, 9.397094e-01, -2.944772e+00, 2.045655e+00, 6.467171e-10, 6.177584e-10, 2.729335e+01, -7.816806e-02
2.711800e+09, 1.908618e-01, 9.400689e-01, -2.960213e+00, 2.030905e+00, 6.482724e-10, 6.181323e-10, 2.736840e+01, -7.133991e-02
2.715600e+09, 1.888690e-01, 9.404280e-01, -2.975691e+00, 2.016146e+00, 6.498912e-10, 6.184974e-10, 2.744861e+01, -6.459781e-02
2.719400e+09, 1.868479e-01, 9.407863e-01, -2.991208e+00, 2.001379e+00, 6.515759e-10, 6.188544e-10, 2.753395e+01, -5.794697e-02
2.723200e+09, 1.847988e-01, 9.411439e-01, -3.006765e+00, 1.986603e+00, 6.533290e-10, 6.192038e-10, 2.762441e+01, -5.139249e-02
2.727000e+09, 1.827218e-01, 9.415007e-01, -3.022364e+00, 1.971819e+00, 6.551534e-10, 6.195464e-10, 2.771994e+01, -4.493937e-02
2.730800e+09, 1.806172e-01, 9.418565e-01, -3.038006e+00, 1.957027e+00, 6.570524e-10, 6.198832e-10, 2.782050e+01, -3.859249e-02
2.734600e+09, 1.784854e-01, 9.422114e-01, -3.053694e+00, 1.942226e+00, 6.590298e-10, 6.202153e-10, 2.792606e+01, -3.235663e-02
2.738400e+09, 1.763265e-01, 9.425653e-01, -3.069429e+00, 1.927418e+00, 6.610899e-10, 6.205438e-10, 2.803657e+01, -2.623643e-02
2.742200e+09, 1.741410e-01, 9.429182e-01, -3.085214e+00, 1.912602e+00, 6.632373e-10, 6.208699e-10, 2.815198e+01, -2.023642e-02
2.746000e+09, 1.719291e-01, 9.432701e-01, -3.101049e+00, 1.897778e+00, 6.654774e-10, 6.211948e-10, 2.827225e+01, -1.436098e-02
2.749800e+09, 1.696912e-01, 9.436209e-01, -3.116938e+00, 1.882946e+00, 6.678163e-10, 6.215195e-10, 2.839731e+01, -8.614330e-03
2.753600e+09, 1.674277e-01, 9.439708e-01, -3.132883e+00, 1.868107e+00, 6.702606e-10, 6.218450e-10, 2.852712e+01, -3.000568e-03
2.757400e+09, 1.651388e-01, 9.443195e-01, 3.134299e+00, 1.853259e+00, 6.728180e-10, 6.221724e-10, 2.866162e+01, 2.476380e-03
2.761200e+09, 1.628251e-01, 9.446672e-01, 3.118235e+00, 1.838404e+00, 6.754967e-10, 6.225025e-10, 2.880073e+01, 7.812742e-03
2.765000e+09, 1.604869e-01, 9.450137e-01, 3.102107e+00, 1.823541e+00, 6.783061e-10, 6.228358e-10, 2.894441e+01, 1.300491e-02
2.768800e+09, 1.581246e-01, 9.453590e-01, 3.085911e+00, 1.808671e+00, 6.812566e-10, 6.231729e-10, 2.909256e+01, 1.804945e-02
2.772600e+09, 1.557388e-01, 9.457029e-01, 3.069646e+00, 1.793792e+00, 6.843597e-10, 6.235141e-10, 2.924513e+01, 2.294310e-02
2.776400e+09, 1.533297e-01, 9.460454e-01, 3.053306e+00, 1.778904e+00, 6.876282e-10, 6.238594e-10, 2.940203e+01, 2.768276e-02
2.780200e+09, 1.508980e-01, 9.463863e-01, 3.036888e+00, 1.764009e+00, 6.910764e-10, 6.242088e-10, 2.956320e+01, 3.226552e-02
2.784000e+09, 1.484441e-01, 9.467254e-01, 3.020388e+00, 1.749105e+00, 6.947200e-10, 6.245620e-10, 2.972853e+01, 3.668864e-02
2.787800e+09, 1.459685e-01, 9.470625e-01, 3.003800e+00, 1.734193e+00, 6.985764e-10, 6.249185e-10, 2.989795e+01, 4.094955e-02
2.791600e+09, 1.434718e-01, 9.473975e-01, 2.987121e+00, 1.719273e+00, 7.026648e-10, 6.252776e-10, 3.007138e+01, 4.504589e-02
2.795400e+09, 1.409544e-01, 9.477300e-01, 2.970344e+00, 1.704344e+00, 7.070066e-10, 6.256387e-10, 3.024871e+01, 4.897544e-02
2.799200e+09, 1.384169e-01, 9.480598e-01, 2.953464e+00, 1.689406e+00, 7.116256e-10, 6.260007e-10, 3.042986e+01, 5.273618e-02
2.803000e+09, 1.358600e-01, 9.483866e-01, 2.936473e+00, 1.674459e+00, 7.165477e-10, 6.263626e-10, 3.061472e+01, 5.632625e-02
2.806800e+09, 1.332841e-01, 9.487102e-01, 2.919365e+00, 1.659504e+00, 7.218021e-10, 6.267234e-10, 3.080320e+01, 5.974398e-02
2.810600e+09, 1.306899e-01, 9.490302e-01, 2.902131e+00, 1.644540e+00, 7.274208e-10, 6.270818e-10, 3.099519e+01, 6.298785e-02
2.814400e+09, 1.280779e-01, 9.493463e-01, 2.884763e+00, 1.629568e+00, 7.334397e-10, 6.274366e-10, 3.119060e+01, 6.605652e-02
2.818200e+09, 1.254488e-01, 9.496582e-01, 2.867251e+00, 1.614587e+00, 7.398983e-10, 6.277867e-10, 3.138930e+01, 6.894880e-02
2.822000e+09, 1.228032e-01, 9.499656e-01, 2.849585e+00, 1.599598e+00, 7.468409e-10, 6.281309e-10, 3.159120e+01, 7.166366e-02
2.825800e+09, 1.201417e-01, 9.502682e-01, 2.831753e+00, 1.584601e+00, 7.543166e-10, 6.284681e-10, 3.179617e+01, 7.420022e-02
2.829600e+09, 1.174650e-01, 9.505657e-01, 2.813743e+00, 1.569596e+00, 7.623807e-10, 6.287972e-10, 3.200411e+01, 7.655775e-02
2.833400e+09, 1.147738e-01, 9.508579e-01, 2.795541e+00, 1.554582e+00, 7.710946e-10, 6.291174e-10, 3.221490e+01, 7.873564e-02
2.837200e+09, 1.120686e-01, 9.511443e-01, 2.777130e+00, 1.539562e+00, 7.805278e-10, 6.294278e-10, 3.242842e+01, 8.073344e-02
2.841000e+09, 1.093503e-01, 9.514249e-01, 2.758494e+00, 1.524533e+00, 7.907581e-10, 6.297278e-10, 3.264455e+01, 8.255080e-02
2.844800e+09, 1.066195e-01, 9.516994e-01, 2.739614e+00, 1.509498e+00, 8.018737e-10, 6.300169e-10, 3.286315e+01, 8.418751e-02
2.848600e+09, 1.038769e-01, 9.519676e-01, 2.720468e+00, 1.494455e+00, 8.139744e-10, 6.302947e-10, 3.308412e+01, 8.564345e-02
2.852400e+09, 1.011233e-01, 9.522292e-01, 2.701034e+00, 1.479407e+00, 8.271738e-10, 6.305609e-10, 3.330732e+01, 8.691863e-02
2.856200e+09, 9.835947e-02, 9.524842e-01, 2.681284e+00, 1.464351e+00, 8.416013e-10, 6.308156e-10, 3.353262e+01, 8.801315e-02
2.860000e+09, 9.558615e-02, 9.527324e-01, 2.661190e+00, 1.449290e+00, 8.574053e-10, 6.310588e-10, 3.375989e+01, 8.892719e-02
2.863800e+09, 9.280420e-02, 9.529737e-01, 2.640718e+00, 1.434223e+00, 8.747566e-10, 6.312908e-10, 3.398899e+01, 8.966105e-02
2.867600e+09, 9.001447e-02, 9.532079e-01, 2.619832e+00, 1.419150e+00, 8.938524e-10, 6.315118e-10, 3.421978e+01, 9.021509e-02
2.871400e+09, 8.721789e-02, 9.534351e-01, 2.598491e+00, 1.404072e+00, 9.149213e-10, 6.317223e-10, 3.445214e+01, 9.058975e-02
2.875200e+09, 8.441541e-02, 9.536552e-01, 2.576646e+00, 1.388989e+00, 9.382297e-10, 6.319229e-10, 3.468590e+01, 9.078556e-02
2.879000e+09, 8.160806e-02, 9.538681e-01, 2.554245e+00, 1.373901e+00, 9.640898e-10, 6.321142e-10, 3.492093e+01, 9.080311e-02
2.882800e+09, 7.879696e-02, 9.540738e-01, 2.531226e+00, 1.358808e+00, 9.928683e-10, 6.322968e-10, 3.515709e+01, 9.064306e-02
2.886600e+09, 7.598330e-02, 9.542722e-01, 2.507520e+00, 1.343712e+00, 1.024999e-09, 6.324713e-10, 3.539420e+01, 9.030617e-02
2.890400e+09, 7.316840e-02, 9.544635e-01, 2.483047e+00, 1.328611e+00, 1.060997e-09, 6.326385e-10, 3.563213e+01, 8.979322e-02
2.894200e+09, 7.035371e-02, 9.546474e-01, 2.457715e+00, 1.313506e+00, 1.101477e-09, 6.327988e-10, 3.587071e+01, 8.910510e-02
2.898000e+09, 6.754083e-02, 9.548241e-01, 2.431416e+00, 1.298397e+00, 1.147178e-09, 6.329529e-10, 3.610978e+01, 8.824274e-02
2.901800e+09, 6.473158e-02, 9.549935e-01, 2.404026e+00, 1.283284e+00, 1.198989e-09, 6.331014e-10, 3.634918e+01, 8.720718e-02
2.905600e+09, 6.192801e-02, 9.551555e-01, 2.375398e+00, 1.268168e+00, 1.257992e-09, 6.332445e-10, 3.658872e+01, 8.599951e-02
2.909400e+09, 5.913247e-02, 9.553102e-01, 2.345362e+00, 1.253049e+00, 1.325502e-09, 6.333826e-10, 3.682824e+01, 8.462089e-02
2.913200e+09, 5.634767e-02, 9.554575e-01, 2.313715e+00, 1.237926e+00, 1.403131e-09, 6.335158e-10, 3.706756e+01, 8.307260e-02
2.917000e+09, 5.357680e-02, 9.555974e-01, 2.280213e+00, 1.222800e+00, 1.492864e-09, 6.336443e-10, 3.730650e+01, 8.135598e-02
2.920800e+09, 5.082358e-02, 9.557297e-01, 2.244570e+00, 1.207672e+00, 1.597149e-09, 6.337679e-10, 3.754487e+01, 7.947248e-02
2.924600e+09, 4.809248e-02, 9.558544e-01, 2.206436e+00, 1.192540e+00, 1.719019e-09, 6.338864e-10, 3.778247e+01, 7.742363e-02
2.928400e+09, 4.538887e-02, 9.559714e-01, 2.165392e+00, 1.177405e+00, 1.862228e-09, 6.339995e-10, 3.801911e+01, 7.521110e-02
2.932200e+09, 4.271931e-02, 9.560806e-01, 2.120930e+00, 1.162267e+00, 2.031413e-09, 6.341067e-10, 3.825460e+01, 7.283665e-02
2.936000e+09, 4.009185e-02, 9.561819e-01, 2.072427e+00, 1.147127e+00, 2.232258e-09, 6.342074e-10, 3.848873e+01, 7.030216e-02
2.939800e+09, 3.751649e-02, 9.562751e-01, 2.019130e+00, 1.131985e+00, 2.471617e-09, 6.343009e-10, 3.872129e+01, 6.760963e-02
2.943600e+09, 3.500580e-02, 9.563602e-01, 1.960117e+00, 1.116840e+00, 2.757506e-09, 6.343865e-10, 3.895208e+01, 6.476121e-02
2.947400e+09, 3.257565e-02, 9.564369e-01, 1.894279e+00, 1.101694e+00, 3.098768e-09, 6.344633e-10, 3.918088e+01, 6.175916e-02
2.951200e+09, 3.024621e-02, 9.565052e-01, 1.820292e+00, 1.086545e+00, 3.504041e-09, 6.345304e-10, 3.940747e+01, 5.860589e-02
2.955000e+09, 2.804316e-02, 9.565649e-01, 1.736629e+00, 1.071395e+00, 3.979418e-09, 6.345870e-10, 3.963165e+01, 5.530396e-02
2.958800e+09, 2.599893e-02, 9.566159e-01, 1.641616e+00, 1.056244e+00, 4.523968e-09, 6.346321e-10, 3.985319e+01, 5.185607e-02
2.962600e+09, 2.415391e-02, 9.566580e-01, 1.533602e+00, 1.041091e+00, 5.122436e-09, 6.346648e-10, 4.007188e+01, 4.826507e-02
2.966400e+09, 2.255667e-02, 9.566912e-01, 1.411298e+00, 1.025938e+00, 5.736007e-09, 6.346843e-10, 4.028749e+01, 4.453393e-02
2.970200e+09, 2.126241e-02, 9.567153e-01, 1.274344e+00, 1.010784e+00, 6.295935e-09, 6.346898e-10, 4.049981e+01, 4.066582e-02
2.974000e+09, 2.032792e-02, 9.567303e-01, 1.124022e+00, 9.956301e-01, 6.709902e-09, 6.346807e-10, 4.070861e+01, 3.666400e-02
2.977800e+09, 1.980257e-02, 9.567361e-01, 9.638156e-01, 9.804764e-01, 6.889526e-09, 6.346564e-10, 4.091369e+01, 3.253192e-02
2.981600e+09, 1.971709e-02, 9.567327e-01, 7.993205e-01, 9.653232e-01, 6.790718e-09, 6.346164e-10, 4.111483e+01, 2.827313e-02
2.985400e+09, 2.007470e-02, 9.567201e-01, 6.371846e-01, 9.501711e-01, 6.437932e-09, 6.345604e-10, 4.131182e+01, 2.389136e-02
2.989200e+09, 2.084993e-02, 9.566982e-01, 4.834719e-01, 9.350202e-01, 5.910403e-09, 6.344883e-10, 4.150445e+01, 1.939042e-02
2.993000e+09, 2.199577e-02, 9.566672e-01, 3.423545e-01, 9.198711e-01, 5.303131e-09, 6.344001e-10, 4.169252e+01, 1.477429e-02
2.996800e+09, 2.345491e-02, 9.566271e-01, 2.157364e-01, 9.047241e-01, 4.693498e-09, 6.342959e-10, 4.187583e+01, 1.004703e-02
3.000600e+09, 2.516978e-02, 9.565781e-01, 1.036739e-01, 8.895796e-01, 4.129005e-09, 6.341761e-10, 4.205418e+01, 5.212813e-03
3.004400e+09, 2.708866e-02, 9.565201e-01, 5.089393e-03, 8.744380e-01, 3.631008e-09, 6.340412e-10, 4.222740e+01, 2.759310e-04
3.008200e+09, 2.916809e-02, 9.564535e-01, -8.160494e-02, 8.592995e-01, 3.203851e-09, 6.338918e-10, 4.239530e+01, -4.759251e-03
3.012000e+09, 3.137293e-02, 9.563784e-01, -1.581004e-01, 8.441647e-01, 2.842960e-09, 6.337286e-10, 4.255771e+01, -9.888284e-03
3.015800e+09, 3.367538e-02, 9.562951e-01, -2.259792e-01, 8.290337e-01, 2.540134e-09, 6.335525e-10, 4.271447e+01, -1.510665e-02
3.019600e+09, 3.605356e-02, 9.562036e-01, -2.866277e-01, 8.139069e-01, 2.286440e-09, 6.333646e-10, 4.286541e+01, -2.040976e-02
3.023400e+09, 3.849031e-02, 9.561044e-01, -3.412190e-01, 7.987846e-01, 2.073556e-09, 6.331660e-10, 4.301039e+01, -2.579299e-02
3.027200e+09, 4.097209e-02, 9.559976e-01, -3.907274e-01, 7.836671e-01, 1.894265e-09, 6.329577e-10, 4.314927e+01, -3.125166e-02
3.031000e+09, 4.348817e-02, 9.558836e-01, -4.359551e-01, 7.685545e-01, 1.742542e-09, 6.327409e-10, 4.328191e+01, -3.678105e-02
3.034800e+09, 4.602994e-02, 9.557626e-01, -4.775602e-01, 7.534472e-01, 1.613451e-09, 6.325168e-10, 4.340820e+01, -4.237644e-02
3.038600e+09, 4.859042e-02, 9.556350e-01, -5.160832e-01, 7.383451e-01, 1.502990e-09, 6.322867e-10, 4.352802e+01, -4.803305e-02
3.042400e+09, 5.116394e-02, 9.555009e-01, -5.519687e-01, 7.232486e-01, 1.407925e-09, 6.320517e-10, 4.364127e+01, -5.374614e-02
3.046200e+09, 5.374579e-02, 9.553607e-01, -5.855845e-01, 7.081576e-01, 1.325644e-09, 6.318128e-10, 4.374785e+01, -5.951091e-02
3.050000e+09, 5.633205e-02, 9.552148e-01, -6.172357e-01, 6.930724e-01, 1.254033e-09, 6.315711e-10, 4.384767e+01, -6.532260e-02
3.053800e+09, 5.891942e-02, 9.550633e-01, -6.471771e-01, 6.779930e-01, 1.191378e-09, 6.313275e-10, 4.394067e+01, -7.117643e-02
3.057600e+09, 6.150507e-02, 9.549065e-01, -6.756225e-01, 6.629193e-01, 1.136278e-09, 6.310829e-10, 4.402677e+01, -7.706765e-02
3.061400e+09, 6.408659e-02, 9.547447e-01, -7.027524e-01, 6.478515e-01, 1.087587e-09, 6.308379e-10, 4.410591e+01, -8.299151e-02
3.065200e+09, 6.666186e-02, 9.545781e-01, -7.287198e-01, 6.327896e-01, 1.044363e-09, 6.305930e-10, 4.417805e+01, -8.894328e-02
3.069000e+09, 6.922904e-02, 9.544069e-01, -7.536551e-01, 6.177335e-01, 1.005822e-09, 6.303487e-10, 4.424316e+01, -9.491825e-02
3.072800e+09, 7.178649e-02, 9.542314e-01, -7.776702e-01, 6.026832e-01, 9.713145e-10, 6.301053e-10, 4.430119e+01, -1.009117e-01
3.076600e+09, 7.433274e-02, 9.540516e-01, -8.008614e-01, 5.876387e-01, 9.402968e-10, 6.298627e-10, 4.435213e+01, -1.069190e-01
3.080400e+09, 7.686649e-02, 9.538678e-01, -8.233120e-01, 5.726001e-01, 9.123111e-10, 6.296210e-10, 4.439598e+01, -1.129355e-01
3.084200e+09, 7.938652e-02, 9.536800e-01, -8.450945e-01, 5.575672e-01, 8.869706e-10, 6.293801e-10, 4.443272e+01, -1.189565e-01
3.088000e+09, 8.189173e-02, 9.534885e-01, -8.662719e-01, 5.425400e-01, 8.639468e-10, 6.291395e-10, 4.446237e+01, -1.249776e-01
3.091800e+09, 8.438111e-02, 9.532933e-01, -8.868995e-01, 5.275186e-01, 8.429591e-10, 6.288990e-10, 4.448495e+01, -1.309940e-01
3.095600e+09, 8.685370e-02, 9.530944e-01, -9.070261e-01, 5.125030e-01, 8.237670e-10, 6.286579e-10, 4.450048e+01, -1.370013e-01
3.099400e+09, 8.930861e-02, 9.528921e-01, -9.266945e-01, 4.974931e-01, 8.061633e-10, 6.284157e-10, 4.450899e+01, -1.429951e-01
3.103200e+09, 9.174501e-02, 9.526862e-01, -9.459425e-01, 4.824889e-01, 7.899686e-10, 6.281717e-10, 4.451054e+01, -1.489707e-01
3.107000e+09, 9.416210e-02, 9.524770e-01, -9.648039e-01, 4.674906e-01, 7.750270e-10, 6.279253e-10, 4.450517e+01, -1.549239e-01
3.110800e+09, 9.655911e-02, 9.522645e-01, -9.833085e-01, 4.524982e-01, 7.612027e-10, 6.276758e-10, 4.449296e+01, -1.608503e-01
3.114600e+09, 9.893533e-02, 9.520488e-01, -1.001483e+00, 4.375118e-01, 7.483764e-10, 6.274225e-10, 4.447396e+01, -1.667454e-01
3.118400e+09, 1.012900e-01, 9.518298e-01, -1.019351e+00, 4.225314e-01, 7.364436e-10, 6.271648e-10, 4.444827e+01, -1.726052e-01
3.122200e+09, 1.036226e-01, 9.516077e-01, -1.036935e+00, 4.075571e-01, 7.253121e-10, 6.269020e-10, 4.441598e+01, -1.784253e-01
3.126000e+09, 1.059323e-01, 9.513826e-01, -1.054252e+00, 3.925892e-01, 7.149002e-10, 6.266337e-10, 4.437717e+01, -1.842016e-01
3.129800e+09, 1.082186e-01, 9.511546e-01, -1.071321e+00, 3.776276e-01, 7.051358e-10, 6.263595e-10, 4.433197e+01, -1.899301e-01
3.133600e+09, 1.104808e-01, 9.509237e-01, -1.088157e+00, 3.626726e-01, 6.959545e-10, 6.260790e-10, 4.428048e+01, -1.956068e-01
3.137400e+09, 1.127184e-01, 9.506902e-01, -1.104774e+00, 3.477242e-01, 6.872991e-10, 6.257921e-10, 4.422283e+01, -2.012277e-01
3.141200e+09, 1.149308e-01, 9.504541e-01, -1.121184e+00, 3.327828e-01, 6.791186e-10, 6.254986e-10, 4.415914e+01, -2.067891e-01
3.145000e+09, 1.171174e-01, 9.502157e-01, -1.137399e+00, 3.178483e-01, 6.713673e-10, 6.251988e-10, 4.408957e+01, -2.122873e-01
3.148800e+09, 1.192777e-01, 9.499750e-01, -1.153428e+00, 3.029210e-01, 6.640047e-10, 6.248928e-10, 4.401424e+01, -2.177185e-01
3.152600e+09, 1.214113e-01, 9.497324e-01, -1.169282e+00, 2.880010e-01, 6.569941e-10, 6.245809e-10, 4.393332e+01, -2.230794e-01
3.156400e+09, 1.235176e-01, 9.494880e-01, -1.184969e+00, 2.730884e-01, 6.503029e-10, 6.242637e-10, 4.384696e+01, -2.283665e-01
3.160200e+09, 1.255962e-01, 9.492421e-01, -1.200495e+00, 2.581834e-01, 6.439017e-10, 6.239417e-10, 4.375533e+01, -2.335766e-01
3.164000e+09, 1.276466e-01, 9.489949e-01, -1.215869e+00, 2.432861e-01, 6.377645e-10, 6.236158e-10, 4.365858e+01, -2.387065e-01
3.167800e+09, 1.296684e-01, 9.487467e-01, -1.231097e+00, 2.283966e-01, 6.318676e-10, 6.232867e-10, 4.355690e+01, -2.437533e-01
3.171600e+09, 1.316611e-01, 9.484979e-01, -1.246183e+00, 2.135149e-01, 6.261901e-10, 6.229553e-10, 4.345045e+01, -2.487140e-01
3.175400e+09, 1.336245e-01, 9.482487e-01, -1.261134e+00, 1.986412e-01, 6.207130e-10, 6.226226e-10, 4.333943e+01, -2.535860e-01
3.179200e+09, 1.355581e-01, 9.479994e-01, -1.275954e+00, 1.837754e-01, 6.154193e-10, 6.222896e-10, 4.322401e+01, -2.583666e-01
3.183000e+09, 1.374616e-01, 9.477503e-01, -1.290648e+00, 1.689176e-01, 6.102941e-10, 6.219574e-10, 4.310437e+01, -2.630533e-01
3.186800e+09, 1.393346e-01, 9.475017e-01, -1.305220e+00, 1.540676e-01, 6.053236e-10, 6.216269e-10, 4.298070e+01, -2.676439e-01
3.190600e+09, 1.411769e-01, 9.472540e-01, -1.319672e+00, 1.392256e-01, 6.004957e-10, 6.212993e-10, 4.285319e+01, -2.721362e-01
3.194400e+09, 1.429881e-01, 9.470075e-01, -1.334010e+00, 1.243914e-01, 5.957993e-10, 6.209756e-10, 4.272203e+01, -2.765280e-01
3.198200e+09, 1.447680e-01, 9.467624e-01, -1.348235e+00, 1.095649e-01, 5.912247e-10, 6.206565e-10, 4.258739e+01, -2.808177e-01
3.202000e+09, 1.465164e-01, 9.465191e-01, -1.362351e+00, 9.474606e-02, 5.867629e-10, 6.203430e-10, 4.244949e+01, -2.850033e-01
3.205800e+09, 1.482329e-01, 9.462778e-01, -1.376361e+00, 7.993469e-02, 5.824058e-10, 6.200359e-10, 4.230848e+01, -2.890832e-01
3.209600e+09, 1.499174e-01, 9.460387e-01, -1.390267e+00, 6.513064e-02, 5.781460e-10, 6.197357e-10, 4.216457e+01, -2.930559e-01
3.213400e+09, 1.515697e-01, 9.458023e-01, -1.404070e+00, 5.033377e-02, 5.739769e-10, 6.194431e-10, 4.201794e+01, -2.969201e-01
3.217200e+09, 1.531895e-01, 9.455685e-01, -1.417775e+00, 3.554388e-02, 5.698923e-10, 6.191585e-10, 4.186877e+01, -3.006745e-01
3.221000e+09, 1.547766e-01, 9.453378e-01, -1.431382e+00, 2.076079e-02, 5.658863e-10, 6.188822e-10, 4.171724e+01, -3.043179e-01
3.224800e+09, 1.563310e-01, 9.451102e-01, -1.444893e+00, 5.984291e-03, 5.619537e-10, 6.186143e-10, 4.156352e+01, -3.078494e-01
3.228600e+09, 1.578524e-01, 9.448860e-01, -1.458310e+00, -8.785807e-03, 5.580893e-10, 6.183549e-10, 4.140780e+01, -3.112679e-01
3.232400e+09, 1.593406e-01, 9.446653e-01, -1.471635e+00, -2.354971e-02, 5.542884e-10, 6.181040e-10, 4.125025e+01, -3.145727e-01
3.236200e+09, 1.607956e-01, 9.444482e-01, -1.484869e+00, -3.830763e-02, 5.505463e-10, 6.178614e-10, 4.109103e+01, -3.177631e-01
3.240000e+09, 1.622171e-01, 9.442349e-01, -1.498014e+00, -5.305975e-02, 5.468586e-10, 6.176269e-10, 4.093031e+01, -3.208384e-01
3.243800e+09, 1.636052e-01, 9.440255e-01, -1.511071e+00, -6.780628e-02, 5.432210e-10, 6.174003e-10, 4.076826e+01, -3.237982e-01
3.247600e+09, 1.649595e-01, 9.438200e-01, -1.524041e+00, -8.254739e-02, 5.396293e-10, 6.171810e-10, 4.060503e+01, -3.266419e-01
3.251400e+09, 1.662800e-01, 9.436186e-01, -1.536925e+00, -9.728327e-02, 5.360793e-10, 6.169688e-10, 4.044079e+01, -3.293693e-01
3.255200e+09, 1.675666e-01, 9.434213e-01, -1.549725e+00, -1.120141e-01, 5.325670e-10, 6.167632e-10, 4.027569e+01, -3.319800e-01
3.259000e+09, 1.688192e-01, 9.432283e-01, -1.562440e+00, -1.267400e-01, 5.290883e-10, 6.165639e-10, 4.010987e+01, -3.344738e-01
3.262800e+09, 1.700377e-01, 9.430395e-01, -1.575073e+00, -1.414611e-01, 5.256392e-10, 6.163703e-10, 3.994350e+01, -3.368508e-01
3.266600e+09, 1.712220e-01, 9.428550e-01, -1.587623e+00, -1.561776e-01, 5.222159e-10, 6.161822e-10, 3.977671e+01, -3.391108e-01
3.270400e+09, 1.723720e-01, 9.426750e-01, -1.600092e+00, -1.708897e-01, 5.188144e-10, 6.159993e-10, 3.960964e+01, -3.412538e-01
3.274200e+09, 1.734876e-01, 9.424995e-01, -1.612479e+00, -1.855973e-01, 5.154308e-10, 6.158213e-10, 3.944244e+01, -3.432801e-01
3.278000e+09, 1.745687e-01, 9.423285e-01, -1.624785e+00, -2.003008e-01, 5.120614e-10, 6.156481e-10, 3.927523e+01, -3.451897e-01
3.281800e+09, 1.756153e-01, 9.421622e-01, -1.637011e+00, -2.150000e-01, 5.087025e-10, 6.154797e-10, 3.910816e+01, -3.469830e-01
3.285600e+09, 1.766273e-01, 9.420007e-01, -1.649157e+00, -2.296953e-01, 5.053503e-10, 6.153161e-10, 3.894135e+01, -3.486603e-01
3.289400e+09, 1.776046e-01, 9.418440e-01, -1.661223e+00, -2.443866e-01, 5.020013e-10, 6.151574e-10, 3.877492e+01, -3.502220e-01
3.293200e+09, 1.785473e-01, 9.416922e-01, -1.673209e+00, -2.590742e-01, 4.986520e-10, 6.150040e-10, 3.860900e+01, -3.516686e-01
3.297000e+09, 1.794552e-01, 9.415455e-01, -1.685115e+00, -2.737581e-01, 4.952989e-10, 6.148561e-10, 3.844371e+01, -3.530007e-01
3.300800e+09, 1.803284e-01, 9.414041e-01, -1.696941e+00, -2.884385e-01, 4.919388e-10, 6.147143e-10, 3.827917e+01, -3.542188e-01
3.304600e+09, 1.811667e-01, 9.412679e-01, -1.708686e+00, -3.031155e-01, 4.885684e-10, 6.145791e-10, 3.811549e+01, -3.553238e-01
3.308400e+09, 1.819704e-01, 9.411372e-01, -1.720351e+00, -3.177892e-01, 4.851846e-10, 6.144510e-10, 3.795278e+01, -3.563163e-01
3.312200e+09, 1.827392e-01, 9.410121e-01, -1.731936e+00, -3.324599e-01, 4.817845e-10, 6.143308e-10, 3.779115e+01, -3.571972e-01
3.316000e+09, 1.834733e-01, 9.408926e-01, -1.743439e+00, -3.471277e-01, 4.783650e-10, 6.142191e-10, 3.763070e+01, -3.579675e-01
3.319800e+09, 1.841726e-01, 9.407791e-01, -1.754860e+00, -3.617929e-01, 4.749234e-10, 6.141166e-10, 3.747154e+01, -3.586281e-01
3.323600e+09, 1.848372e-01, 9.406715e-01, -1.766199e+00, -3.764556e-01, 4.714571e-10, 6.140240e-10, 3.731376e+01, -3.591801e-01
3.327400e+09, 1.854672e-01, 9.405699e-01, -1.777456e+00, -3.911161e-01, 4.679633e-10, 6.139420e-10, 3.715746e+01, -3.596247e-01
3.331200e+09, 1.860626e-01, 9.404746e-01, -1.788629e+00, -4.057746e-01, 4.644396e-10, 6.138712e-10, 3.700273e+01, -3.599630e-01
3.335000e+09, 1.866235e-01, 9.403855e-01, -1.799718e+00, -4.204315e-01, 4.608836e-10, 6.138122e-10, 3.684967e+01, -3.601963e-01
3.338800e+09, 1.871500e-01, 9.403028e-01, -1.810722e+00, -4.350869e-01, 4.572928e-10, 6.137653e-10, 3.669835e+01, -3.603259e-01
3.342600e+09, 1.876422e-01, 9.402265e-01, -1.821641e+00, -4.497413e-01, 4.536649e-10, 6.137309e-10, 3.654886e+01, -3.603534e-01
3.346400e+09, 1.881001e-01, 9.401566e-01, -1.832472e+00, -4.643948e-01, 4.499977e-10, 6.137092e-10, 3.640128e+01, -3.602801e-01
3.350200e+09, 1.885240e-01, 9.400931e-01, -1.843217e+00, -4.790478e-01, 4.462889e-10, 6.137004e-10, 3.625569e+01, -3.601075e-01
3.354000e+09, 1.889139e-01, 9.400361e-01, -1.853872e+00, -4.937005e-01, 4.425362e-10, 6.137042e-10, 3.611216e+01, -3.598374e-01
3.357800e+09, 1.892701e-01, 9.399854e-01, -1.864438e+00, -5.083534e-01, 4.387374e-10, 6.137206e-10, 3.597077e+01, -3.594714e-01
3.361600e+09, 1.895926e-01, 9.399412e-01, -1.874914e+00, -5.230067e-01, 4.348904e-10, 6.137491e-10, 3.583159e+01, -3.590111e-01
3.365400e+09, 1.898816e-01, 9.399031e-01, -1.885297e+00, -5.376606e-01, 4.309927e-10, 6.137893e-10, 3.569467e+01, -3.584585e-01
3.369200e+09, 1.901374e-01, 9.398713e-01, -1.895588e+00, -5.523155e-01, 4.270421e-10, 6.138404e-10, 3.556008e+01, -3.578153e-01
3.373000e+09, 1.903601e-01, 9.398454e-01, -1.905784e+00, -5.669716e-01, 4.230364e-10, 6.139018e-10, 3.542789e+01, -3.570835e-01
3.376800e+09, 1.905499e-01, 9.398255e-01, -1.915884e+00, -5.816292e-01, 4.189730e-10, 6.139725e-10, 3.529815e+01, -3.562650e-01
3.380600e+09, 1.907071e-01, 9.398113e-01, -1.925888e+00, -5.962885e-01, 4.148496e-10, 6.140516e-10, 3.517091e+01, -3.553618e-01
3.384400e+09, 1.908318e-01, 9.398027e-01, -1.935793e+00, -6.109496e-01, 4.106636e-10, 6.141382e-10, 3.504623e+01, -3.543761e-01
3.388200e+09, 1.909244e-01, 9.397996e-01, -1.945598e+00, -6.256128e-01, 4.064124e-10, 6.142310e-10, 3.492416e+01, -3.533100e-01
3.392000e+09, 1.909851e-01, 9.398017e-01, -1.955301e+00, -6.402783e-01, 4.020935e-10, 6.143292e-10, 3.480475e+01, -3.521656e-01
3.395800e+09, 1.910142e-01, 9.398088e-01, -1.964902e+00, -6.549461e-01, 3.977039e-10, 6.144316e-10, 3.468803e+01, -3.509451e-01
3.399600e+09, 1.910119e-01, 9.398209e-01, -1.974397e+00, -6.696163e-01, 3.932410e-10, 6.145374e-10, 3.457406e+01, -3.496510e-01
3.403400e+09, 1.909785e-01, 9.398377e-01, -1.983786e+00, -6.842891e-01, 3.887017e-10, 6.146455e-10, 3.446288e+01, -3.482855e-01
3.407200e+09, 1.909144e-01, 9.398591e-01, -1.993067e+00, -6.989644e-01, 3.840831e-10, 6.147553e-10, 3.435451e+01, -3.468510e-01
3.411000e+09, 1.908198e-01, 9.398849e-01, -2.002237e+00, -7.136424e-01, 3.793821e-10, 6.148660e-10, 3.424901e+01, -3.453499e-01
3.414800e+09, 1.906952e-01, 9.399151e-01, -2.011295e+00, -7.283230e-01, 3.745955e-10, 6.149773e-10, 3.414639e+01, -3.437848e-01
3.418600e+09, 1.905408e-01, 9.399496e-01, -2.020239e+00, -7.430062e-01, 3.697200e-10, 6.150888e-10, 3.404670e+01, -3.421582e-01
3.422400e+09, 1.903570e-01, 9.399882e-01, -2.029067e+00, -7.576922e-01, 3.647523e-10, 6.152003e-10, 3.394996e+01, -3.404726e-01
3.426200e+09, 1.901442e-01, 9.400309e-01, -2.037776e+00, -7.723808e-01, 3.596890e-10, 6.153120e-10, 3.385620e+01, -3.387307e-01
3.430000e+09, 1.899027e-01, 9.400776e-01, -2.046364e+00, -7.870720e-01, 3.545266e-10, 6.154242e-10, 3.376544e+01, -3.369351e-01
3.433800e+09, 1.896331e-01, 9.401285e-01, -2.054828e+00, -8.017659e-01, 3.492615e-10, 6.155372e-10, 3.367771e+01, -3.350887e-01
3.437600e+09, 1.893357e-01, 9.401834e-01, -2.063167e+00, -8.164626e-01, 3.438901e-10, 6.156519e-10, 3.359302e+01, -3.331940e-01
3.441400e+09, 1.890109e-01, 9.402424e-01, -2.071378e+00, -8.311619e-01, 3.384087e-10, 6.157689e-10, 3.351140e+01, -3.312540e-01
3.445200e+09, 1.886592e-01, 9.403055e-01, -2.079458e+00, -8.458641e-01, 3.328135e-10, 6.158894e-10, 3.343286e+01, -3.292715e-01
3.449000e+09, 1.882812e-01, 9.403729e-01, -2.087404e+00, -8.605691e-01, 3.271009e-10, 6.160145e-10, 3.335742e+01, -3.272493e-01
3.452800e+09, 1.878772e-01, 9.404445e-01, -2.095214e+00, -8.752772e-01, 3.212670e-10, 6.161453e-10, 3.328508e+01, -3.251905e-01
3.456600e+09, 1.874478e-01, 9.405205e-01, -2.102885e+00, -8.899883e-01, 3.153079e-10, 6.162832e-10, 3.321586e+01, -3.230978e-01
3.460400e+09, 1.869936e-01, 9.406009e-01, -2.110413e+00, -9.047028e-01, 3.092200e-10, 6.164295e-10, 3.314976e+01, -3.209744e-01
3.464200e+09, 1.865151e-01, 9.406858e-01, -2.117796e+00, -9.194207e-01, 3.029993e-10, 6.165854e-10, 3.308679e+01, -3.188232e-01
3.468000e+09, 1.860129e-01, 9.407752e-01, -2.125031e+00, -9.341423e-01, 2.966420e-10, 6.167522e-10, 3.302696e+01, -3.166472e-01
3.471800e+09, 1.854875e-01, 9.408691e-01, -2.132113e+00, -9.488680e-01, 2.901445e-10, 6.169312e-10, 3.297026e+01, -3.144497e-01
3.475600e+09, 1.849397e-01, 9.409676e-01, -2.139041e+00, -9.635979e-01, 2.835031e-10, 6.171231e-10, 3.291669e+01, -3.122336e-01
3.479400e+09, 1.843700e-01, 9.410707e-01, -2.145810e+00, -9.783324e-01, 2.767143e-10, 6.173290e-10, 3.286624e+01, -3.100022e-01
3.483200e+09, 1.837793e-01, 9.411783e-01, -2.152417e+00, -9.930718e-01, 2.697744e-10, 6.175494e-10, 3.281892e+01, -3.077585e-01
3.487000e+09, 1.831680e-01, 9.412903e-01, -2.158858e+00, -1.007816e+00, 2.626804e-10, 6.177847e-10, 3.277472e+01, -3.055057e-01
3.490800e+09, 1.825371e-01, 9.414067e-01, -2.165130e+00, -1.022567e+00, 2.554291e-10, 6.180350e-10, 3.273361e+01, -3.032471e-01
3.494600e+09, 1.818872e-01, 9.415271e-01, -2.171228e+00, -1.037323e+00, 2.480175e-10, 6.183003e-10, 3.269559e+01, -3.009858e-01
3.498400e+09, 1.812191e-01, 9.416515e-01, -2.177150e+00, -1.052086e+00, 2.404431e-10, 6.185799e-10, 3.266064e+01, -2.987249e-01
3.502200e+09, 1.805337e-01, 9.417796e-01, -2.182891e+00, -1.066855e+00, 2.327034e-10, 6.188732e-10, 3.262875e+01, -2.964679e-01
3.506000e+09, 1.798318e-01, 9.419111e-01, -2.188447e+00, -1.081631e+00, 2.247966e-10, 6.191792e-10, 3.259989e+01, -2.942177e-01
3.509800e+09, 1.791143e-01, 9.420457e-01, -2.193814e+00, -1.096415e+00, 2.167210e-10, 6.194964e-10, 3.257403e+01, -2.919778e-01
3.513600e+09, 1.783821e-01, 9.421829e-01, -2.198988e+00, -1.111206e+00, 2.084753e-10, 6.198235e-10, 3.255116e+01, -2.897512e-01
3.517400e+09, 1.776362e-01, 9.423225e-01, -2.203966e+00, -1.126005e+00, 2.000588e-10, 6.201585e-10, 3.253123e+01, -2.875411e-01
3.521200e+09, 1.768775e-01, 9.424639e-01, -2.208743e+00, -1.140812e+00, 1.914713e-10, 6.204995e-10, 3.251423e+01, -2.853508e-01
3.525000e+09, 1.761071e-01, 9.426067e-01, -2.213314e+00, -1.155627e+00, 1.827130e-10, 6.208442e-10, 3.250010e+01, -2.831834e-01
3.528800e+09, 1.753260e-01, 9.427505e-01, -2.217677e+00, -1.170450e+00, 1.737851e-10, 6.211906e-10, 3.248883e+01, -2.810420e-01
3.532600e+09, 1.745352e-01, 9.428948e-01, -2.221826e+00, -1.185282e+00, 1.646889e-10, 6.215361e-10, 3.248035e+01, -2.789298e-01
3.536400e+09, 1.737359e-01, 9.430391e-01, -2.225758e+00, -1.200122e+00, 1.554267e-10, 6.218787e-10, 3.247464e+01, -2.768497e-01
3.540200e+09, 1.729293e-01, 9.431829e-01, -2.229469e+00, -1.214970e+00, 1.460016e-10, 6.222159e-10, 3.247163e+01, -2.748049e-01
3.544000e+09, 1.721165e-01, 9.433258e-01, -2.232955e+00, -1.229826e+00, 1.364174e-10, 6.225456e-10, 3.247129e+01, -2.727984e-01
3.547800e+09, 1.712987e-01, 9.434673e-01, -2.236212e+00, -1.244690e+00, 1.266786e-10, 6.228660e-10, 3.247356e+01, -2.708329e-01
3.551600e+09, 1.704772e-01, 9.436071e-01, -2.239237e+00, -1.259562e+00, 1.167906e-10, 6.231751e-10, 3.247839e+01, -2.689115e-01
3.555400e+09, 1.696533e-01, 9.437447e-01, -2.242025e+00, -1.274441e+00, 1.067598e-10, 6.234716e-10, 3.248571e+01, -2.670369e-01
3.559200e+09, 1.688282e-01, 9.438800e-01, -2.244574e+00, -1.289327e+00, 9.659348e-11, 6.237543e-10, 3.249546e+01, -2.652119e-01
3.563000e+09, 1.680033e-01, 9.440125e-01, -2.246881e+00, -1.304219e+00, 8.629985e-11, 6.240222e-10, 3.250758e+01, -2.634391e-01
3.566800e+09, 1.671800e-01, 9.441420e-01, -2.248941e+00, -1.319119e+00, 7.588814e-11, 6.242750e-10, 3.252201e+01, -2.617212e-01
3.570600e+09, 1.663596e-01, 9.442684e-01, -2.250753e+00, -1.334024e+00, 6.536860e-11, 6.245125e-10, 3.253866e+01, -2.600607e-01
3.574400e+09, 1.655436e-01, 9.443916e-01, -2.252314e+00, -1.348935e+00, 5.475252e-11, 6.247351e-10, 3.255748e+01, -2.584600e-01
3.578200e+09, 1.647334e-01, 9.445115e-01, -2.253621e+00, -1.363851e+00, 4.405232e-11, 6.249435e-10, 3.257838e+01, -2.569216e-01
3.582000e+09, 1.639305e-01, 9.446280e-01, -2.254673e+00, -1.378772e+00, 3.328150e-11, 6.251387e-10, 3.260129e+01, -2.554475e-01
3.585800e+09, 1.631364e-01, 9.447412e-01, -2.255467e+00, -1.393698e+00, 2.245472e-11, 6.253222e-10, 3.262613e+01, -2.540401e-01
3.589600e+09, 1.623525e-01, 9.448513e-01, -2.256004e+00, -1.408628e+00, 1.158781e-11, 6.254956e-10, 3.265282e+01, -2.527015e-01
3.593400e+09, 1.615805e-01, 9.449582e-01, -2.256280e+00, -1.423563e+00, 6.977917e-13, 6.256611e-10, 3.268126e+01, -2.514335e-01
3.597200e+09, 1.608217e-01, 9.450622e-01, -2.256297e+00, -1.438501e+00, -1.019707e-11, 6.258208e-10, 3.271139e+01, -2.502381e-01
3.601000e+09, 1.600779e-01, 9.451633e-01, -2.256053e+00, -1.453443e+00, -2.107730e-11, 6.259772e-10, 3.274310e+01, -2.491171e-01
3.604800e+09, 1.593505e-01, 9.452619e-01, -2.255550e+00, -1.468389e+00, -3.192212e-11, 6.261327e-10, 3.277630e+01, -2.480722e-01
3.608600e+09, 1.586412e-01, 9.453580e-01, -2.254788e+00, -1.483339e+00, -4.270952e-11, 6.262898e-10, 3.281091e+01, -2.471050e-01
3.612400e+09, 1.579515e-01, 9.454519e-01, -2.253768e+00, -1.498292e+00, -5.341618e-11, 6.264511e-10, 3.284683e+01, -2.462170e-01
3.616200e+09, 1.572830e-01, 9.455437e-01, -2.252493e+00, -1.513249e+00, -6.401751e-11, 6.266187e-10, 3.288396e+01, -2.454095e-01
3.620000e+09, 1.566373e-01, 9.456336e-01, -2.250964e+00, -1.528211e+00, -7.448768e-11, 6.267949e-10, 3.292220e+01, -2.446839e-01
3.623800e+09, 1.560160e-01, 9.457216e-01, -2.249186e+00, -1.543176e+00, -8.479962e-11, 6.269816e-10, 3.296146e+01, -2.440413e-01
3.627600e+09, 1.554207e-01, 9.458078e-01, -2.247161e+00, -1.558146e+00, -9.492505e-11, 6.271803e-10, 3.300163e+01, -2.434828e-01
3.631400e+09, 1.548530e-01, 9.458922e-01, -2.244895e+00, -1.573121e+00, -1.048346e-10, 6.273921e-10, 3.304261e+01, -2.430095e-01
3.635200e+09, 1.543145e-01, 9.459748e-01, -2.242392e+00, -1.588100e+00, -1.144979e-10, 6.276179e-10, 3.308429e+01, -2.426221e-01
3.639000e+09, 1.538067e-01, 9.460554e-01, -2.239658e+00, -1.603085e+00, -1.238837e-10, 6.278578e-10, 3.312657e+01, -2.423215e-01
3.642800e+09, 1.533311e-01, 9.461339e-01, -2.236700e+00, -1.618076e+00, -1.329598e-10, 6.281117e-10, 3.316934e+01, -2.421083e-01
3.646600e+09, 1.528893e-01, 9.462099e-01, -2.233526e+00, -1.633073e+00, -1.416936e-10, 6.283787e-10, 3.321249e+01, -2.419831e-01
3.650400e+09, 1.524828e-01, 9.462833e-01, -2.230143e+00, -1.648076e+00, -1.500520e-10, 6.286577e-10, 3.325590e+01, -2.419463e-01
3.654200e+09, 1.521130e-01, 9.463535e-01, -2.226560e+00, -1.663086e+00, -1.580019e-10, 6.289468e-10, 3.329947e+01, -2.419983e-01
3.658000e+09, 1.517814e-01, 9.464201e-01, -2.222787e+00, -1.678103e+00, -1.655100e-10, 6.292437e-10, 3.334308e+01, -2.421391e-01
3.661800e+09, 1.514893e-01, 9.464827e-01, -2.218836e+00, -1.693127e+00, -1.725438e-10, 6.295459e-10, 3.338661e+01, -2.423690e-01
3.665600e+09, 1.512381e-01, 9.465405e-01, -2.214716e+00, -1.708158e+00, -1.790713e-10, 6.298502e-10, 3.342994e+01, -2.426880e-01
3.669400e+09, 1.510289e-01, 9.465931e-01, -2.210440e+00, -1.723196e+00, -1.850616e-10, 6.301532e-10, 3.347297e+01, -2.430957e-01
3.673200e+09, 1.508631e-01, 9.466398e-01, -2.206022e+00, -1.738242e+00, -1.904853e-10, 6.304511e-10, 3.351556e+01, -2.435921e-01
3.677000e+09, 1.507417e-01, 9.466799e-01, -2.201474e+00, -1.753295e+00, -1.953147e-10, 6.307401e-10, 3.355761e+01, -2.441766e-01
3.680800e+09, 1.506659e-01, 9.467128e-01, -2.196811e+00, -1.768354e+00, -1.995243e-10, 6.310163e-10, 3.359898e+01, -2.448487e-01
3.684600e+09, 1.506364e-01, 9.467377e-01, -2.192047e+00, -1.783420e+00, -2.030914e-10, 6.312755e-10, 3.363957e+01, -2.456077e-01
3.688400e+09, 1.506544e-01, 9.467540e-01, -2.187198e+00, -1.798493e+00, -2.059957e-10, 6.315140e-10, 3.367924e+01, -2.464528e-01
3.692200e+09, 1.507204e-01, 9.467611e-01, -2.182279e+00, -1.813571e+00, -2.082207e-10, 6.317280e-10, 3.371788e+01, -2.473831e-01
3.696000e+09, 1.508352e-01, 9.467585e-01, -2.177308e+00, -1.828654e+00, -2.097530e-10, 6.319141e-10, 3.375537e+01, -2.483973e-01
3.699800e+09, 1.509994e-01, 9.467456e-01, -2.172300e+00, -1.843742e+00, -2.105831e-10, 6.320691e-10, 3.379159e+01, -2.494944e-01
3.703600e+09, 1.512134e-01, 9.467219e-01, -2.167272e+00, -1.858833e+00, -2.107055e-10, 6.321904e-10, 3.382641e+01, -2.506729e-01
3.707400e+09, 1.514775e-01, 9.466872e-01, -2.162241e+00, -1.873927e+00, -2.101187e-10, 6.322758e-10, 3.385974e+01, -2.519312e-01
3.711200e+09, 1.517921e-01, 9.466411e-01, -2.157224e+00, -1.889024e+00, -2.088255e-10, 6.323238e-10, 3.389144e+01, -2.532678e-01
3.715000e+09, 1.521571e-01, 9.465834e-01, -2.152238e+00, -1.904121e+00, -2.068327e-10, 6.323335e-10, 3.392141e+01, -2.546808e-01
3.718800e+09, 1.525726e-01, 9.465142e-01, -2.147300e+00, -1.919219e+00, -2.041514e-10, 6.323045e-10, 3.394954e+01, -2.561683e-01
3.722600e+09, 1.530384e-01, 9.464333e-01, -2.142425e+00, -1.934316e+00, -2.007965e-10, 6.322373e-10, 3.397571e+01, -2.577282e-01
3.726400e+09, 1.535544e-01, 9.463410e-01, -2.137631e+00, -1.949411e+00, -1.967867e-10, 6.321328e-10, 3.399983e+01, -2.593584e-01
3.730200e+09, 1.541201e-01, 9.462375e-01, -2.132933e+00, -1.964504e+00, -1.921444e-10, 6.319930e-10, 3.402180e+01, -2.610567e-01
3.734000e+09, 1.547350e-01, 9.461231e-01, -2.128345e+00, -1.979593e+00, -1.868949e-10, 6.318201e-10, 3.404152e+01, -2.628205e-01
3.737800e+09, 1.553987e-01, 9.459983e-01, -2.123883e+00, -1.994679e+00, -1.810665e-10, 6.316172e-10, 3.405888e+01, -2.646475e-01
3.741600e+09, 1.561104e-01, 9.458636e-01, -2.119560e+00, -2.009759e+00, -1.746899e-10, 6.313877e-10, 3.407382e+01, -2.665351e-01
3.745400e+09, 1.568693e-01, 9.457195e-01, -2.115389e+00, -2.024834e+00, -1.677977e-10, 6.311358e-10, 3.408623e+01, -2.684805e-01
3.749200e+09, 1.576747e-01, 9.455668e-01, -2.111382e+00, -2.039904e+00, -1.604242e-10, 6.308657e-10, 3.409605e+01, -2.704812e-01
3.753000e+09, 1.585255e-01, 9.454062e-01, -2.107552e+00, -2.054966e+00, -1.526045e-10, 6.305822e-10, 3.410319e+01, -2.725343e-01
3.756800e+09, 1.594208e-01, 9.452383e-01, -2.103908e+00, -2.070022e+00, -1.443747e-10, 6.302901e-10, 3.410759e+01, -2.746369e-01
3.760600e+09, 1.603594e-01, 9.450640e-01, -2.100461e+00, -2.085071e+00, -1.357710e-10, 6.299942e-10, 3.410917e+01, -2.767861e-01
3.764400e+09, 1.613404e-01, 9.448840e-01, -2.097220e+00, -2.100113e+00, -1.268291e-10, 6.296995e-10, 3.410788e+01, -2.789792e-01
3.768200e+09, 1.623624e-01, 9.446990e-01, -2.094191e+00, -2.115147e+00, -1.175845e-10, 6.294107e-10, 3.410366e+01, -2.812129e-01
3.772000e+09, 1.634243e-01, 9.445097e-01, -2.091384e+00, -2.130175e+00, -1.080717e-10, 6.291321e-10, 3.409646e+01, -2.834845e-01
3.775800e+09, 1.645249e-01, 9.443168e-01, -2.088804e+00, -2.145197e+00, -9.832390e-11, 6.288677e-10, 3.408622e+01, -2.857909e-01
3.779600e+09, 1.656628e-01, 9.441209e-01, -2.086456e+00, -2.160211e+00, -8.837286e-11, 6.286211e-10, 3.407292e+01, -2.881291e-01
3.783400e+09, 1.668368e-01, 9.439225e-01, -2.084346e+00, -2.175220e+00, -7.824875e-11, 6.283953e-10, 3.405650e+01, -2.904960e-01
3.787200e+09, 1.680456e-01, 9.437219e-01, -2.082478e+00, -2.190224e+00, -6.797989e-11, 6.281925e-10, 3.403693e+01, -2.928887e-01
3.791000e+09, 1.692879e-01, 9.435196e-01, -2.080855e+00, -2.205223e+00, -5.759272e-11, 6.280143e-10, 3.401418e+01, -2.953040e-01
3.794800e+09, 1.705623e-01, 9.433157e-01, -2.079480e+00, -2.220217e+00, -4.711170e-11, 6.278614e-10, 3.398822e+01, -2.977390e-01
3.798600e+09, 1.718675e-01, 9.431103e-01, -2.078355e+00, -2.235208e+00, -3.655932e-11, 6.277339e-10, 3.395903e+01, -3.001906e-01
3.802400e+09, 1.732022e-01, 9.429034e-01, -2.077482e+00, -2.250196e+00, -2.595613e-11, 6.276309e-10, 3.392659e+01, -3.026558e-01
3.806200e+09, 1.745651e-01, 9.426949e-01, -2.076862e+00, -2.265182e+00, -1.532076e-11, 6.275508e-10, 3.389087e+01, -3.051315e-01
3.810000e+09, 1.759550e-01, 9.424844e-01, -2.076496e+00, -2.280165e+00, -4.670060e-12, 6.274911e-10, 3.385188e+01, -3.076146e-01
3.813800e+09, 1.773704e-01, 9.422718e-01, -2.076385e+00, -2.295147e+00, 5.980816e-12, 6.274487e-10, 3.380958e+01, -3.101021e-01
3.817600e+09, 1.788101e-01, 9.420565e-01, -2.076528e+00, -2.310128e+00, 1.661828e-11, 6.274197e-10, 3.376398e+01, -3.125909e-01
3.821400e+09, 1.802728e-01, 9.418380e-01, -2.076924e+00, -2.325108e+00, 2.723015e-11, 6.273998e-10, 3.371507e+01, -3.150779e-01
3.825200e+09, 1.817572e-01, 9.416158e-01, -2.077575e+00, -2.340088e+00, 3.780552e-11, 6.273840e-10, 3.366285e+01, -3.175600e-01
3.829000e+09, 1.832621e-01, 9.413891e-01, -2.078477e+00, -2.355068e+00, 4.833459e-11, 6.273670e-10, 3.360732e+01, -3.200339e-01
3.832800e+09, 1.847861e-01, 9.411574e-01, -2.079631e+00, -2.370047e+00, 5.880852e-11, 6.273434e-10, 3.354848e+01, -3.224965e-01
3.836600e+09, 1.863280e-01, 9.409198e-01, -2.081035e+00, -2.385025e+00, 6.921926e-11, 6.273073e-10, 3.348635e+01, -3.249446e-01
3.840400e+09, 1.878865e-01, 9.406758e-01, -2.082688e+00, -2.400003e+00, 7.955945e-11, 6.272533e-10, 3.342092e+01, -3.273749e-01
3.844200e+09, 1.894604e-01, 9.404247e-01, -2.084588e+00, -2.414979e+00, 8.982225e-11, 6.271757e-10, 3.335222e+01, -3.297841e-01
3.848000e+09, 1.910482e-01, 9.401658e-01, -2.086732e+00, -2.429954e+00, 1.000012e-10, 6.270693e-10, 3.328027e+01, -3.321689e-01
3.851800e+09, 1.926489e-01, 9.398987e-01, -2.089120e+00, -2.444926e+00, 1.100904e-10, 6.269294e-10, 3.320508e+01, -3.345258e-01
3.855600e+09, 1.942609e-01, 9.396227e-01, -2.091748e+00, -2.459894e+00, 1.200837e-10, 6.267517e-10, 3.312668e+01, -3.368515e-01
3.859400e+09, 1.958831e-01, 9.393377e-01, -2.094616e+00, -2.474859e+00, 1.299756e-10, 6.265326e-10, 3.304510e+01, -3.391424e-01
3.863200e+09, 1.975141e-01, 9.390432e-01, -2.097719e+00, -2.489818e+00, 1.397606e-10, 6.262693e-10, 3.296037e+01, -3.413951e-01
3.867000e+09, 1.991527e-01, 9.387392e-01, -2.101056e+00, -2.504771e+00, 1.494330e-10, 6.259599e-10, 3.287254e+01, -3.436060e-01
3.870800e+09, 2.007973e-01, 9.384257e-01, -2.104624e+00, -2.519716e+00, 1.589876e-10, 6.256032e-10, 3.278164e+01, -3.457716e-01
3.874600e+09, 2.024468e-01, 9.381028e-01, -2.108420e+00, -2.534653e+00, 1.684188e-10, 6.251992e-10, 3.268773e+01, -3.478882e-01
3.878400e+09, 2.040998e-01, 9.377708e-01, -2.112441e+00, -2.549581e+00, 1.777215e-10, 6.247487e-10, 3.259086e+01, -3.499522e-01
3.882200e+09, 2.057549e-01, 9.374301e-01, -2.116684e+00, -2.564497e+00, 1.868903e-10, 6.242537e-10, 3.249107e+01, -3.519600e-01
3.886000e+09, 2.074107e-01, 9.370814e-01, -2.121146e+00, -2.579402e+00, 1.959203e-10, 6.237170e-10, 3.238845e+01, -3.539079e-01
3.889800e+09, 2.090659e-01, 9.367254e-01, -2.125824e+00, -2.594294e+00, 2.048063e-10, 6.231423e-10, 3.228305e+01, -3.557924e-01
3.893600e+09, 2.107192e-01, 9.363629e-01, -2.130714e+00, -2.609172e+00, 2.135436e-10, 6.225342e-10, 3.217494e+01, -3.576097e-01
3.897400e+09, 2.123691e-01, 9.359949e-01, -2.135813e+00, -2.624036e+00, 2.221276e-10, 6.218981e-10, 3.206421e+01, -3.593563e-01
3.901200e+09, 2.140143e-01, 9.356224e-01, -2.141116e+00, -2.638884e+00, 2.305540e-10, 6.212401e-10, 3.195093e+01, -3.610286e-01
3.905000e+09, 2.156535e-01, 9.352466e-01, -2.146621e+00, -2.653717e+00, 2.388188e-10, 6.205665e-10, 3.183520e+01, -3.626231e-01
3.908800e+09, 2.172854e-01, 9.348687e-01, -2.152323e+00, -2.668534e+00, 2.469183e-10, 6.198844e-10, 3.171709e+01, -3.641363e-01
3.912600e+09, 2.189086e-01, 9.344900e-01, -2.158219e+00, -2.683334e+00, 2.548493e-10, 6.192008e-10, 3.159671e+01, -3.655648e-01
3.916400e+09, 2.205218e-01, 9.341116e-01, -2.164303e+00, -2.698118e+00, 2.626091e-10, 6.185229e-10, 3.147416e+01, -3.669052e-01
3.920200e+09, 2.221238e-01, 9.337348e-01, -2.170573e+00, -2.712886e+00, 2.701952e-10, 6.178579e-10, 3.134953e+01, -3.681543e-01
3.924000e+09, 2.237132e-01, 9.333609e-01, -2.177025e+00, -2.727638e+00, 2.776058e-10, 6.172125e-10, 3.122293e+01, -3.693088e-01
3.927800e+09, 2.252889e-01, 9.329910e-01, -2.183653e+00, -2.742375e+00, 2.848397e-10, 6.165931e-10, 3.109448e+01, -3.703656e-01
3.931600e+09, 2.268498e-01, 9.326261e-01, -2.190454e+00, -2.757097e+00, 2.918962e-10, 6.160056e-10, 3.096427e+01, -3.713218e-01
3.935400e+09, 2.283945e-01, 9.322673e-01, -2.197423e+00, -2.771805e+00, 2.987749e-10, 6.154551e-10, 3.083242e+01, -3.721745e-01
3.939200e+09, 2.299220e-01, 9.319154e-01, -2.204557e+00, -2.786499e+00, 3.054765e-10, 6.149458e-10, 3.069906e+01, -3.729208e-01
3.943000e+09, 2.314312e-01, 9.315711e-01, -2.211850e+00, -2.801182e+00, 3.120017e-10, 6.144809e-10, 3.056429e+01, -3.735581e-01
3.946800e+09, 2.329211e-01, 9.312351e-01, -2.219300e+00, -2.815853e+00, 3.183522e-10, 6.140629e-10, 3.042823e+01, -3.740837e-01
3.950600e+09, 2.343906e-01, 9.309077e-01, -2.226901e+00, -2.830515e+00, 3.245301e-10, 6.136928e-10, 3.029099e+01, -3.744954e-01
3.954400e+09, 2.358389e-01, 9.305892e-01, -2.234649e+00, -2.845167e+00, 3.305380e-10, 6.133707e-10, 3.015271e+01, -3.747907e-01
3.958200e+09, 2.372648e-01, 9.302797e-01, -2.242541e+00, -2.859812e+00, 3.363792e-10, 6.130954e-10, 3.001349e+01, -3.749674e-01
3.962000e+09, 2.386677e-01, 9.299792e-01, -2.250572e+00, -2.874450e+00, 3.420573e-10, 6.128648e-10, 2.987346e+01, -3.750234e-01
3.965800e+09, 2.400466e-01, 9.296874e-01, -2.258739e+00, -2.889083e+00, 3.475767e-10, 6.126754e-10, 2.973272e+01, -3.749568e-01
3.969600e+09, 2.414008e-01, 9.294040e-01, -2.267038e+00, -2.903712e+00, 3.529419e-10, 6.125230e-10, 2.959141e+01, -3.747656e-01
3.973400e+09, 2.427295e-01, 9.291285e-01, -2.275465e+00, -2.918336e+00, 3.581581e-10, 6.124023e-10, 2.944963e+01, -3.744482e-01
3.977200e+09, 2.440321e-01, 9.288602e-01, -2.284017e+00, -2.932958e+00, 3.632308e-10, 6.123073e-10, 2.930750e+01, -3.740029e-01
3.981000e+09, 2.453077e-01, 9.285986e-01, -2.292689e+00, -2.947578e+00, 3.681659e-10, 6.122313e-10, 2.916513e+01, -3.734281e-01
3.984800e+09, 2.465559e-01, 9.283428e-01, -2.301479e+00, -2.962195e+00, 3.729695e-10, 6.121671e-10, 2.902263e+01, -3.727223e-01
3.988600e+09, 2.477761e-01, 9.280920e-01, -2.310384e+00, -2.976811e+00, 3.776481e-10, 6.121073e-10, 2.888012e+01, -3.718843e-01
3.992400e+09, 2.489676e-01, 9.278453e-01, -2.319401e+00, -2.991426e+00, 3.822085e-10, 6.120444e-10, 2.873769e+01, -3.709128e-01
3.996200e+09, 2.501301e-01, 9.276020e-01, -2.328527e+00, -3.006039e+00, 3.866575e-10, 6.119709e-10, 2.859546e+01, -3.698065e-01
4.000000e+09, 2.512629e-01, 9.273613e-01, -2.337759e+00, -3.020651e+00, 3.866575e-10, 6.119709e-10, 2.845352e+01, -3.685643e-01
