Frequency [Hz], |S00| [-], |S10| [-], Arg(S00) [-], Arg(S10) [-], Delay 0>0 [s], Delay 0>1 [s], |Z0| [Ohm] , Arg(Z0) [-]
2.000000e+08, 2.979914e-02, 9.442071e-01, 1.874848e+00, -1.013886e+00, 1.556769e-09, 8.046807e-10, 3.929316e+01, 5.685379e-02
2.038000e+08, 2.869607e-02, 9.438837e-01, 1.837678e+00, -1.033098e+00, 1.617488e-09, 8.022460e-10, 3.939957e+01, 5.534937e-02
2.076000e+08, 2.759698e-02, 9.435757e-01, 1.799059e+00, -1.052253e+00, 1.686553e-09, 8.000045e-10, 3.950387e+01, 5.375143e-02
2.114000e+08, 2.650395e-02, 9.432914e-01, 1.758791e+00, -1.071354e+00, 1.765155e-09, 7.980067e-10, 3.960596e+01, 5.206347e-02
2.152000e+08, 2.541924e-02, 9.430381e-01, 1.716646e+00, -1.090407e+00, 1.854647e-09, 7.962959e-10, 3.970573e+01, 5.028881e-02
2.190000e+08, 2.434537e-02, 9.428220e-01, 1.672364e+00, -1.109420e+00, 1.956550e-09, 7.949065e-10, 3.980313e+01, 4.843065e-02
2.228000e+08, 2.328516e-02, 9.426482e-01, 1.625649e+00, -1.128399e+00, 2.072556e-09, 7.938643e-10, 3.989806e+01, 4.649198e-02
2.266000e+08, 2.224182e-02, 9.425205e-01, 1.576164e+00, -1.147353e+00, 2.204504e-09, 7.931860e-10, 3.999045e+01, 4.447566e-02
2.304000e+08, 2.121903e-02, 9.424413e-01, 1.523529e+00, -1.166292e+00, 2.354328e-09, 7.928787e-10, 4.008025e+01, 4.238435e-02
2.342000e+08, 2.022108e-02, 9.424118e-01, 1.467317e+00, -1.185222e+00, 2.523950e-09, 7.929406e-10, 4.016738e+01, 4.022057e-02
2.380000e+08, 1.925296e-02, 9.424319e-01, 1.407055e+00, -1.204155e+00, 2.715087e-09, 7.933608e-10, 4.025177e+01, 3.798669e-02
2.418000e+08, 1.832054e-02, 9.425000e-01, 1.342229e+00, -1.223097e+00, 2.928936e-09, 7.941205e-10, 4.033337e+01, 3.568495e-02
2.456000e+08, 1.743065e-02, 9.426137e-01, 1.272298e+00, -1.242058e+00, 3.165691e-09, 7.951930e-10, 4.041209e+01, 3.331750e-02
2.494000e+08, 1.659127e-02, 9.427690e-01, 1.196714e+00, -1.261044e+00, 3.423859e-09, 7.965449e-10, 4.048786e+01, 3.088642e-02
2.532000e+08, 1.581158e-02, 9.429613e-01, 1.114965e+00, -1.280062e+00, 3.699370e-09, 7.981369e-10, 4.056062e+01, 2.839375e-02
2.570000e+08, 1.510196e-02, 9.431849e-01, 1.026639e+00, -1.299118e+00, 3.984590e-09, 7.999251e-10, 4.063028e+01, 2.584151e-02
2.608000e+08, 1.447387e-02, 9.434336e-01, 9.315021e-01, -1.318218e+00, 4.267496e-09, 8.018615e-10, 4.069677e+01, 2.323175e-02
2.646000e+08, 1.393950e-02, 9.437004e-01, 8.296109e-01, -1.337363e+00, 4.531473e-09, 8.038958e-10, 4.075999e+01, 2.056656e-02
2.684000e+08, 1.351107e-02, 9.439780e-01, 7.214170e-01, -1.356557e+00, 4.756342e-09, 8.059762e-10, 4.081986e+01, 1.784812e-02
2.722000e+08, 1.320000e-02, 9.442591e-01, 6.078541e-01, -1.375800e+00, 4.921049e-09, 8.080508e-10, 4.087629e+01, 1.507871e-02
2.760000e+08, 1.301569e-02, 9.445361e-01, 4.903586e-01, -1.395093e+00, 5.007777e-09, 8.100684e-10, 4.092919e+01, 1.226074e-02
2.798000e+08, 1.296447e-02, 9.448017e-01, 3.707924e-01, -1.414435e+00, 5.006327e-09, 8.119800e-10, 4.097847e+01, 9.396758e-03
2.836000e+08, 1.304866e-02, 9.450490e-01, 2.512608e-01, -1.433822e+00, 4.916942e-09, 8.137398e-10, 4.102405e+01, 6.489472e-03
2.874000e+08, 1.326633e-02, 9.452713e-01, 1.338634e-01, -1.453251e+00, 4.750227e-09, 8.153060e-10, 4.106582e+01, 3.541762e-03
2.912000e+08, 1.361152e-02, 9.454628e-01, 2.044644e-02, -1.472717e+00, 4.524196e-09, 8.166421e-10, 4.110371e+01, 5.566786e-04
2.950000e+08, 1.407514e-02, 9.456184e-01, -8.757374e-02, -1.492215e+00, 4.259870e-09, 8.177172e-10, 4.113765e+01, -2.462559e-03
2.988000e+08, 1.464605e-02, 9.457339e-01, -1.892828e-01, -1.511739e+00, 3.977216e-09, 8.185071e-10, 4.116754e+01, -5.512570e-03
3.026000e+08, 1.531217e-02, 9.458060e-01, -2.842433e-01, -1.531282e+00, 3.692551e-09, 8.189944e-10, 4.119334e+01, -8.589821e-03
3.064000e+08, 1.606142e-02, 9.458325e-01, -3.724070e-01, -1.550836e+00, 3.417594e-09, 8.191694e-10, 4.121497e+01, -1.169065e-02
3.102000e+08, 1.688233e-02, 9.458123e-01, -4.540058e-01, -1.570395e+00, 3.159716e-09, 8.190296e-10, 4.123240e+01, -1.481127e-02
3.140000e+08, 1.776444e-02, 9.457455e-01, -5.294475e-01, -1.589950e+00, 2.922785e-09, 8.185802e-10, 4.124558e+01, -1.794783e-02
3.178000e+08, 1.869842e-02, 9.456330e-01, -5.992323e-01, -1.609495e+00, 2.708156e-09, 8.178337e-10, 4.125448e+01, -2.109639e-02
3.216000e+08, 1.967612e-02, 9.454772e-01, -6.638925e-01, -1.629021e+00, 2.515547e-09, 8.168096e-10, 4.125908e+01, -2.425298e-02
3.254000e+08, 2.069049e-02, 9.452810e-01, -7.239539e-01, -1.648523e+00, 2.343718e-09, 8.155337e-10, 4.125938e+01, -2.741364e-02
3.292000e+08, 2.173546e-02, 9.450486e-01, -7.799128e-01, -1.667995e+00, 2.190938e-09, 8.140377e-10, 4.125538e+01, -3.057443e-02
3.330000e+08, 2.280585e-02, 9.447849e-01, -8.322239e-01, -1.687431e+00, 2.055298e-09, 8.123580e-10, 4.124708e+01, -3.373143e-02
3.368000e+08, 2.389723e-02, 9.444953e-01, -8.812964e-01, -1.706827e+00, 1.934895e-09, 8.105349e-10, 4.123453e+01, -3.688083e-02
3.406000e+08, 2.500579e-02, 9.441859e-01, -9.274941e-01, -1.726180e+00, 1.827935e-09, 8.086118e-10, 4.121774e+01, -4.001889e-02
3.444000e+08, 2.612829e-02, 9.438631e-01, -9.711381e-01, -1.745486e+00, 1.732784e-09, 8.066338e-10, 4.119675e+01, -4.314198e-02
3.482000e+08, 2.726193e-02, 9.435337e-01, -1.012510e+00, -1.764745e+00, 1.647986e-09, 8.046466e-10, 4.117162e+01, -4.624659e-02
3.520000e+08, 2.840433e-02, 9.432043e-01, -1.051858e+00, -1.783957e+00, 1.572262e-09, 8.026955e-10, 4.114239e+01, -4.932935e-02
3.558000e+08, 2.955340e-02, 9.428814e-01, -1.089397e+00, -1.803122e+00, 1.504498e-09, 8.008243e-10, 4.110912e+01, -5.238701e-02
3.596000e+08, 3.070736e-02, 9.425716e-01, -1.125319e+00, -1.822243e+00, 1.443731e-09, 7.990742e-10, 4.107188e+01, -5.541645e-02
3.634000e+08, 3.186463e-02, 9.422806e-01, -1.159789e+00, -1.841322e+00, 1.389128e-09, 7.974828e-10, 4.103072e+01, -5.841468e-02
3.672000e+08, 3.302387e-02, 9.420140e-01, -1.192956e+00, -1.860363e+00, 1.339972e-09, 7.960836e-10, 4.098572e+01, -6.137880e-02
3.710000e+08, 3.418385e-02, 9.417765e-01, -1.224950e+00, -1.879370e+00, 1.295646e-09, 7.949048e-10, 4.093694e+01, -6.430603e-02
3.748000e+08, 3.534352e-02, 9.415722e-01, -1.255885e+00, -1.898349e+00, 1.255617e-09, 7.939692e-10, 4.088445e+01, -6.719366e-02
3.786000e+08, 3.650189e-02, 9.414041e-01, -1.285864e+00, -1.917306e+00, 1.219421e-09, 7.932934e-10, 4.082832e+01, -7.003904e-02
3.824000e+08, 3.765810e-02, 9.412747e-01, -1.314979e+00, -1.936247e+00, 1.186656e-09, 7.928878e-10, 4.076861e+01, -7.283956e-02
3.862000e+08, 3.881134e-02, 9.411853e-01, -1.343312e+00, -1.955178e+00, 1.156974e-09, 7.927564e-10, 4.070541e+01, -7.559264e-02
3.900000e+08, 3.996085e-02, 9.411363e-01, -1.370936e+00, -1.974106e+00, 1.130064e-09, 7.928966e-10, 4.063877e+01, -7.829569e-02
3.938000e+08, 4.110589e-02, 9.411274e-01, -1.397917e+00, -1.993037e+00, 1.105655e-09, 7.933000e-10, 4.056877e+01, -8.094611e-02
3.976000e+08, 4.224576e-02, 9.411570e-01, -1.424316e+00, -2.011978e+00, 1.083505e-09, 7.939519e-10, 4.049548e+01, -8.354125e-02
4.014000e+08, 4.337978e-02, 9.412231e-01, -1.450186e+00, -2.030935e+00, 1.063398e-09, 7.948326e-10, 4.041896e+01, -8.607844e-02
4.052000e+08, 4.450725e-02, 9.413225e-01, -1.475576e+00, -2.049912e+00, 1.045139e-09, 7.959171e-10, 4.033930e+01, -8.855492e-02
4.090000e+08, 4.562746e-02, 9.414515e-01, -1.500529e+00, -2.068915e+00, 1.028550e-09, 7.971765e-10, 4.025657e+01, -9.096788e-02
4.128000e+08, 4.673972e-02, 9.416058e-01, -1.525087e+00, -2.087949e+00, 1.013471e-09, 7.985782e-10, 4.017085e+01, -9.331445e-02
4.166000e+08, 4.784328e-02, 9.417806e-01, -1.549285e+00, -2.107016e+00, 9.997525e-10, 8.000871e-10, 4.008222e+01, -9.559167e-02
4.204000e+08, 4.893742e-02, 9.419706e-01, -1.573155e+00, -2.126119e+00, 9.872595e-10, 8.016660e-10, 3.999079e+01, -9.779655e-02
4.242000e+08, 5.002135e-02, 9.421703e-01, -1.596727e+00, -2.145259e+00, 9.758653e-10, 8.032769e-10, 3.989664e+01, -9.992600e-02
4.280000e+08, 5.109429e-02, 9.423741e-01, -1.620027e+00, -2.164439e+00, 9.654529e-10, 8.048815e-10, 3.979987e+01, -1.019769e-01
4.318000e+08, 5.215543e-02, 9.425764e-01, -1.643078e+00, -2.183656e+00, 9.559137e-10, 8.064424e-10, 3.970061e+01, -1.039463e-01
4.356000e+08, 5.320395e-02, 9.427717e-01, -1.665902e+00, -2.202911e+00, 9.471465e-10, 8.079237e-10, 3.959896e+01, -1.058308e-01
4.394000e+08, 5.423899e-02, 9.429546e-01, -1.688516e+00, -2.222201e+00, 9.390575e-10, 8.092918e-10, 3.949506e+01, -1.076276e-01
4.432000e+08, 5.525972e-02, 9.431205e-01, -1.710937e+00, -2.241524e+00, 9.315600e-10, 8.105164e-10, 3.938904e+01, -1.093334e-01
4.470000e+08, 5.626527e-02, 9.432647e-01, -1.733179e+00, -2.260876e+00, 9.245734e-10, 8.115706e-10, 3.928104e+01, -1.109454e-01
4.508000e+08, 5.725478e-02, 9.433835e-01, -1.755254e+00, -2.280253e+00, 9.180240e-10, 8.124320e-10, 3.917122e+01, -1.124607e-01
4.546000e+08, 5.822742e-02, 9.434737e-01, -1.777173e+00, -2.299650e+00, 9.118441e-10, 8.130830e-10, 3.905974e+01, -1.138766e-01
4.584000e+08, 5.918234e-02, 9.435328e-01, -1.798944e+00, -2.319064e+00, 9.059721e-10, 8.135110e-10, 3.894676e+01, -1.151905e-01
4.622000e+08, 6.011871e-02, 9.435590e-01, -1.820575e+00, -2.338487e+00, 9.003529e-10, 8.137086e-10, 3.883245e+01, -1.164002e-01
4.660000e+08, 6.103576e-02, 9.435516e-01, -1.842072e+00, -2.357915e+00, 8.949369e-10, 8.136741e-10, 3.871701e+01, -1.175033e-01
4.698000e+08, 6.193272e-02, 9.435102e-01, -1.863440e+00, -2.377343e+00, 8.896804e-10, 8.134108e-10, 3.860060e+01, -1.184981e-01
4.736000e+08, 6.280886e-02, 9.434357e-01, -1.884682e+00, -2.396764e+00, 8.845457e-10, 8.129275e-10, 3.848341e+01, -1.193830e-01
4.774000e+08, 6.366350e-02, 9.433294e-01, -1.905801e+00, -2.416173e+00, 8.795003e-10, 8.122379e-10, 3.836565e+01, -1.201565e-01
4.812000e+08, 6.449599e-02, 9.431935e-01, -1.926801e+00, -2.435566e+00, 8.745170e-10, 8.113601e-10, 3.824749e+01, -1.208175e-01
4.850000e+08, 6.530577e-02, 9.430308e-01, -1.947681e+00, -2.454938e+00, 8.695738e-10, 8.103164e-10, 3.812913e+01, -1.213654e-01
4.888000e+08, 6.609228e-02, 9.428447e-01, -1.968443e+00, -2.474286e+00, 8.646535e-10, 8.091325e-10, 3.801077e+01, -1.217996e-01
4.926000e+08, 6.685504e-02, 9.426392e-01, -1.989087e+00, -2.493605e+00, 8.597434e-10, 8.078371e-10, 3.789258e+01, -1.221201e-01
4.964000e+08, 6.759365e-02, 9.424185e-01, -2.009614e+00, -2.512893e+00, 8.548349e-10, 8.064608e-10, 3.777476e+01, -1.223268e-01
5.002000e+08, 6.830772e-02, 9.421872e-01, -2.030025e+00, -2.532148e+00, 8.499232e-10, 8.050356e-10, 3.765749e+01, -1.224202e-01
5.040000e+08, 6.899696e-02, 9.419501e-01, -2.050317e+00, -2.551369e+00, 8.450072e-10, 8.035941e-10, 3.754094e+01, -1.224011e-01
5.078000e+08, 6.966109e-02, 9.417120e-01, -2.070493e+00, -2.570556e+00, 8.400887e-10, 8.021690e-10, 3.742528e+01, -1.222703e-01
5.116000e+08, 7.029993e-02, 9.414777e-01, -2.090551e+00, -2.589708e+00, 8.351723e-10, 8.007916e-10, 3.731067e+01, -1.220291e-01
5.154000e+08, 7.091332e-02, 9.412519e-01, -2.110492e+00, -2.608828e+00, 8.302647e-10, 7.994920e-10, 3.719727e+01, -1.216790e-01
5.192000e+08, 7.150115e-02, 9.410389e-01, -2.130315e+00, -2.627917e+00, 8.253749e-10, 7.982977e-10, 3.708524e+01, -1.212215e-01
5.230000e+08, 7.206337e-02, 9.408428e-01, -2.150022e+00, -2.646977e+00, 8.205132e-10, 7.972333e-10, 3.697470e+01, -1.206585e-01
5.268000e+08, 7.259995e-02, 9.406672e-01, -2.169613e+00, -2.666012e+00, 8.156910e-10, 7.963203e-10, 3.686578e+01, -1.199919e-01
5.306000e+08, 7.311091e-02, 9.405151e-01, -2.189088e+00, -2.685025e+00, 8.109207e-10, 7.955759e-10, 3.675863e+01, -1.192239e-01
5.344000e+08, 7.359628e-02, 9.403891e-01, -2.208450e+00, -2.704020e+00, 8.062152e-10, 7.950136e-10, 3.665333e+01, -1.183568e-01
5.382000e+08, 7.405614e-02, 9.402911e-01, -2.227699e+00, -2.723002e+00, 8.015872e-10, 7.946420e-10, 3.655002e+01, -1.173928e-01
5.420000e+08, 7.449057e-02, 9.402223e-01, -2.246838e+00, -2.741975e+00, 7.970497e-10, 7.944656e-10, 3.644878e+01, -1.163344e-01
5.458000e+08, 7.489966e-02, 9.401834e-01, -2.265868e+00, -2.760944e+00, 7.926148e-10, 7.944841e-10, 3.634970e+01, -1.151840e-01
5.496000e+08, 7.528353e-02, 9.401742e-01, -2.284793e+00, -2.779913e+00, 7.882941e-10, 7.946929e-10, 3.625288e+01, -1.139441e-01
5.534000e+08, 7.564230e-02, 9.401940e-01, -2.303614e+00, -2.798887e+00, 7.840984e-10, 7.950832e-10, 3.615839e+01, -1.126173e-01
5.572000e+08, 7.597607e-02, 9.402416e-01, -2.322335e+00, -2.817870e+00, 7.800372e-10, 7.956421e-10, 3.606631e+01, -1.112060e-01
5.610000e+08, 7.628496e-02, 9.403151e-01, -2.340960e+00, -2.836867e+00, 7.761187e-10, 7.963532e-10, 3.597670e+01, -1.097129e-01
5.648000e+08, 7.656907e-02, 9.404119e-01, -2.359490e+00, -2.855881e+00, 7.723498e-10, 7.971970e-10, 3.588963e+01, -1.081405e-01
5.686000e+08, 7.682848e-02, 9.405292e-01, -2.377931e+00, -2.874915e+00, 7.687360e-10, 7.981513e-10, 3.580516e+01, -1.064913e-01
5.724000e+08, 7.706329e-02, 9.406638e-01, -2.396285e+00, -2.893972e+00, 7.652808e-10, 7.991918e-10, 3.572334e+01, -1.047677e-01
5.762000e+08, 7.727355e-02, 9.408122e-01, -2.414557e+00, -2.913053e+00, 7.619866e-10, 8.002931e-10, 3.564423e+01, -1.029724e-01
5.800000e+08, 7.745929e-02, 9.409704e-01, -2.432751e+00, -2.932161e+00, 7.588539e-10, 8.014285e-10, 3.556787e+01, -1.011078e-01
5.838000e+08, 7.762056e-02, 9.411348e-01, -2.450869e+00, -2.951296e+00, 7.558817e-10, 8.025713e-10, 3.549432e+01, -9.917640e-02
5.876000e+08, 7.775735e-02, 9.413014e-01, -2.468917e+00, -2.970459e+00, 7.530673e-10, 8.036955e-10, 3.542363e+01, -9.718065e-02
5.914000e+08, 7.786965e-02, 9.414662e-01, -2.486897e+00, -2.989648e+00, 7.504069e-10, 8.047757e-10, 3.535584e+01, -9.512304e-02
5.952000e+08, 7.795742e-02, 9.416258e-01, -2.504814e+00, -3.008863e+00, 7.478949e-10, 8.057883e-10, 3.529100e+01, -9.300609e-02
5.990000e+08, 7.802060e-02, 9.417765e-01, -2.522671e+00, -3.028102e+00, 7.455247e-10, 8.067119e-10, 3.522914e+01, -9.083230e-02
6.028000e+08, 7.805914e-02, 9.419153e-01, -2.540471e+00, -3.047363e+00, 7.432885e-10, 8.075276e-10, 3.517033e+01, -8.860421e-02
6.066000e+08, 7.807292e-02, 9.420394e-01, -2.558218e+00, -3.066643e+00, 7.411773e-10, 8.082195e-10, 3.511458e+01, -8.632442e-02
6.104000e+08, 7.806186e-02, 9.421464e-01, -2.575914e+00, -3.085941e+00, 7.391815e-10, 8.087749e-10, 3.506197e+01, -8.399553e-02
6.142000e+08, 7.802583e-02, 9.422345e-01, -2.593563e+00, -3.105251e+00, 7.372904e-10, 8.091847e-10, 3.501251e+01, -8.162023e-02
6.180000e+08, 7.796471e-02, 9.423024e-01, -2.611166e+00, -3.124571e+00, 7.354927e-10, 8.094435e-10, 3.496626e+01, -7.920127e-02
6.218000e+08, 7.787834e-02, 9.423493e-01, -2.628727e+00, 3.139288e+00, 7.337766e-10, 8.095495e-10, 3.492325e+01, -7.674144e-02
6.256000e+08, 7.776660e-02, 9.423748e-01, -2.646247e+00, 3.119959e+00, 7.321298e-10, 8.095046e-10, 3.488354e+01, -7.424363e-02
6.294000e+08, 7.762932e-02, 9.423792e-01, -2.663727e+00, 3.100631e+00, 7.305397e-10, 8.093142e-10, 3.484715e+01, -7.171080e-02
6.332000e+08, 7.746635e-02, 9.423633e-01, -2.681170e+00, 3.081308e+00, 7.289933e-10, 8.089870e-10, 3.481412e+01, -6.914599e-02
6.370000e+08, 7.727754e-02, 9.423284e-01, -2.698575e+00, 3.061992e+00, 7.274774e-10, 8.085348e-10, 3.478450e+01, -6.655235e-02
6.408000e+08, 7.706275e-02, 9.422760e-01, -2.715945e+00, 3.042688e+00, 7.259787e-10, 8.079720e-10, 3.475831e+01, -6.393309e-02
6.446000e+08, 7.682182e-02, 9.422084e-01, -2.733278e+00, 3.023397e+00, 7.244837e-10, 8.073153e-10, 3.473559e+01, -6.129152e-02
6.484000e+08, 7.655462e-02, 9.421279e-01, -2.750576e+00, 3.004121e+00, 7.229789e-10, 8.065833e-10, 3.471636e+01, -5.863104e-02
6.522000e+08, 7.626101e-02, 9.420371e-01, -2.767838e+00, 2.984863e+00, 7.214506e-10, 8.057958e-10, 3.470067e+01, -5.595516e-02
6.560000e+08, 7.594089e-02, 9.419389e-01, -2.785063e+00, 2.965624e+00, 7.198853e-10, 8.049734e-10, 3.468852e+01, -5.326743e-02
6.598000e+08, 7.559413e-02, 9.418363e-01, -2.802251e+00, 2.946404e+00, 7.182693e-10, 8.041372e-10, 3.467995e+01, -5.057152e-02
6.636000e+08, 7.522066e-02, 9.417324e-01, -2.819401e+00, 2.927204e+00, 7.165890e-10, 8.033078e-10, 3.467497e+01, -4.787117e-02
6.674000e+08, 7.482040e-02, 9.416301e-01, -2.836510e+00, 2.908024e+00, 7.148307e-10, 8.025054e-10, 3.467360e+01, -4.517018e-02
6.712000e+08, 7.439329e-02, 9.415323e-01, -2.853578e+00, 2.888864e+00, 7.129806e-10, 8.017490e-10, 3.467584e+01, -4.247242e-02
6.750000e+08, 7.393929e-02, 9.414418e-01, -2.870601e+00, 2.869721e+00, 7.110252e-10, 8.010559e-10, 3.468170e+01, -3.978182e-02
6.788000e+08, 7.345840e-02, 9.413611e-01, -2.887577e+00, 2.850595e+00, 7.089508e-10, 8.004415e-10, 3.469118e+01, -3.710236e-02
6.826000e+08, 7.295062e-02, 9.412924e-01, -2.904504e+00, 2.831484e+00, 7.067436e-10, 7.999192e-10, 3.470429e+01, -3.443806e-02
6.864000e+08, 7.241598e-02, 9.412376e-01, -2.921378e+00, 2.812385e+00, 7.043898e-10, 7.994995e-10, 3.472100e+01, -3.179296e-02
6.902000e+08, 7.185454e-02, 9.411984e-01, -2.938197e+00, 2.793296e+00, 7.018758e-10, 7.991905e-10, 3.474132e+01, -2.917112e-02
6.940000e+08, 7.126638e-02, 9.411759e-01, -2.954955e+00, 2.774214e+00, 6.991875e-10, 7.989975e-10, 3.476521e+01, -2.657661e-02
6.978000e+08, 7.065161e-02, 9.411709e-01, -2.971649e+00, 2.755137e+00, 6.963111e-10, 7.989228e-10, 3.479265e+01, -2.401351e-02
7.016000e+08, 7.001037e-02, 9.411837e-01, -2.988274e+00, 2.736062e+00, 6.932323e-10, 7.989661e-10, 3.482361e+01, -2.148585e-02
7.054000e+08, 6.934283e-02, 9.412143e-01, -3.004825e+00, 2.716986e+00, 6.899369e-10, 7.991242e-10, 3.485806e+01, -1.899765e-02
7.092000e+08, 6.864916e-02, 9.412624e-01, -3.021298e+00, 2.697906e+00, 6.864103e-10, 7.993913e-10, 3.489596e+01, -1.655290e-02
7.130000e+08, 6.792960e-02, 9.413270e-01, -3.037687e+00, 2.678820e+00, 6.826374e-10, 7.997594e-10, 3.493725e+01, -1.415550e-02
7.168000e+08, 6.718438e-02, 9.414071e-01, -3.053986e+00, 2.659724e+00, 6.786031e-10, 8.002184e-10, 3.498188e+01, -1.180931e-02
7.206000e+08, 6.641380e-02, 9.415011e-01, -3.070188e+00, 2.640618e+00, 6.742913e-10, 8.007562e-10, 3.502980e+01, -9.518103e-03
7.244000e+08, 6.561813e-02, 9.416074e-01, -3.086288e+00, 2.621499e+00, 6.696854e-10, 8.013594e-10, 3.508093e+01, -7.285548e-03
7.282000e+08, 6.479773e-02, 9.417241e-01, -3.102277e+00, 2.602366e+00, 6.647680e-10, 8.020135e-10, 3.513520e+01, -5.115218e-03
7.320000e+08, 6.395293e-02, 9.418490e-01, -3.118149e+00, 2.583217e+00, 6.595204e-10, 8.027034e-10, 3.519255e+01, -3.010569e-03
7.358000e+08, 6.308411e-02, 9.419799e-01, -3.133896e+00, 2.564052e+00, 6.539230e-10, 8.034134e-10, 3.525288e+01, -9.749303e-04
7.396000e+08, 6.219169e-02, 9.421146e-01, 3.133676e+00, 2.544869e+00, 6.479541e-10, 8.041281e-10, 3.531611e+01, 9.885037e-04
7.434000e+08, 6.127607e-02, 9.422508e-01, 3.118205e+00, 2.525670e+00, 6.415903e-10, 8.048323e-10, 3.538215e+01, 2.876683e-03
7.472000e+08, 6.033771e-02, 9.423862e-01, 3.102887e+00, 2.506454e+00, 6.348061e-10, 8.055118e-10, 3.545090e+01, 4.686710e-03
7.510000e+08, 5.937707e-02, 9.425187e-01, 3.087730e+00, 2.487221e+00, 6.275727e-10, 8.061534e-10, 3.552226e+01, 6.415843e-03
7.548000e+08, 5.839463e-02, 9.426463e-01, 3.072746e+00, 2.467973e+00, 6.198585e-10, 8.067452e-10, 3.559612e+01, 8.061504e-03
7.586000e+08, 5.739088e-02, 9.427673e-01, 3.057946e+00, 2.448711e+00, 6.116277e-10, 8.072770e-10, 3.567238e+01, 9.621280e-03
7.624000e+08, 5.636635e-02, 9.428800e-01, 3.043343e+00, 2.429437e+00, 6.028399e-10, 8.077403e-10, 3.575092e+01, 1.109293e-02
7.662000e+08, 5.532154e-02, 9.429832e-01, 3.028950e+00, 2.410151e+00, 5.934491e-10, 8.081285e-10, 3.583163e+01, 1.247438e-02
7.700000e+08, 5.425702e-02, 9.430757e-01, 3.014780e+00, 2.390856e+00, 5.834031e-10, 8.084372e-10, 3.591438e+01, 1.376372e-02
7.738000e+08, 5.317331e-02, 9.431568e-01, 3.000851e+00, 2.371554e+00, 5.726419e-10, 8.086640e-10, 3.599906e+01, 1.495923e-02
7.776000e+08, 5.207098e-02, 9.432260e-01, 2.987178e+00, 2.352246e+00, 5.610967e-10, 8.088084e-10, 3.608554e+01, 1.605934e-02
7.814000e+08, 5.095061e-02, 9.432832e-01, 2.973782e+00, 2.332935e+00, 5.486882e-10, 8.088719e-10, 3.617370e+01, 1.706265e-02
7.852000e+08, 4.981276e-02, 9.433284e-01, 2.960681e+00, 2.313622e+00, 5.353251e-10, 8.088581e-10, 3.626341e+01, 1.796791e-02
7.890000e+08, 4.865804e-02, 9.433619e-01, 2.947900e+00, 2.294310e+00, 5.209014e-10, 8.087720e-10, 3.635453e+01, 1.877406e-02
7.928000e+08, 4.748704e-02, 9.433844e-01, 2.935463e+00, 2.274999e+00, 5.052946e-10, 8.086204e-10, 3.644695e+01, 1.948015e-02
7.966000e+08, 4.630038e-02, 9.433968e-01, 2.923398e+00, 2.255693e+00, 4.883621e-10, 8.084112e-10, 3.654052e+01, 2.008541e-02
8.004000e+08, 4.509868e-02, 9.434000e-01, 2.911738e+00, 2.236391e+00, 4.699382e-10, 8.081534e-10, 3.663511e+01, 2.058919e-02
8.042000e+08, 4.388258e-02, 9.433953e-01, 2.900518e+00, 2.217095e+00, 4.498293e-10, 8.078569e-10, 3.673059e+01, 2.099099e-02
8.080000e+08, 4.265276e-02, 9.433840e-01, 2.889777e+00, 2.197807e+00, 4.278090e-10, 8.075321e-10, 3.682683e+01, 2.129045e-02
8.118000e+08, 4.140991e-02, 9.433674e-01, 2.879563e+00, 2.178526e+00, 4.036119e-10, 8.071896e-10, 3.692368e+01, 2.148731e-02
8.156000e+08, 4.015474e-02, 9.433471e-01, 2.869926e+00, 2.159254e+00, 3.769258e-10, 8.068400e-10, 3.702101e+01, 2.158146e-02
8.194000e+08, 3.888803e-02, 9.433245e-01, 2.860927e+00, 2.139989e+00, 3.473821e-10, 8.064938e-10, 3.711869e+01, 2.157290e-02
8.232000e+08, 3.761057e-02, 9.433010e-01, 2.852633e+00, 2.120734e+00, 3.145446e-10, 8.061607e-10, 3.721657e+01, 2.146175e-02
8.270000e+08, 3.632324e-02, 9.432781e-01, 2.845123e+00, 2.101486e+00, 2.778947e-10, 8.058501e-10, 3.731451e+01, 2.124823e-02
8.308000e+08, 3.502698e-02, 9.432569e-01, 2.838488e+00, 2.082245e+00, 2.368133e-10, 8.055700e-10, 3.741237e+01, 2.093270e-02
8.346000e+08, 3.372280e-02, 9.432387e-01, 2.832833e+00, 2.063011e+00, 1.905586e-10, 8.053277e-10, 3.751001e+01, 2.051561e-02
8.384000e+08, 3.241183e-02, 9.432244e-01, 2.828284e+00, 2.043783e+00, 1.382374e-10, 8.051290e-10, 3.760730e+01, 1.999754e-02
8.422000e+08, 3.109535e-02, 9.432150e-01, 2.824983e+00, 2.024560e+00, 7.876952e-11, 8.049786e-10, 3.770408e+01, 1.937917e-02
8.460000e+08, 2.977477e-02, 9.432110e-01, 2.823102e+00, 2.005340e+00, 1.084283e-11, 8.048795e-10, 3.780021e+01, 1.866132e-02
8.498000e+08, 2.845170e-02, 9.432129e-01, 2.822843e+00, 1.986123e+00, -6.714362e-11, 8.048338e-10, 3.789554e+01, 1.784489e-02
8.536000e+08, 2.712803e-02, 9.432211e-01, 2.824447e+00, 1.966906e+00, -1.571506e-10, 8.048416e-10, 3.798994e+01, 1.693094e-02
8.574000e+08, 2.580591e-02, 9.432355e-01, 2.828199e+00, 1.947690e+00, -2.615867e-10, 8.049019e-10, 3.808326e+01, 1.592062e-02
8.612000e+08, 2.448792e-02, 9.432560e-01, 2.834444e+00, 1.928472e+00, -3.834161e-10, 8.050125e-10, 3.817534e+01, 1.481524e-02
8.650000e+08, 2.317709e-02, 9.432824e-01, 2.843599e+00, 1.909251e+00, -5.262852e-10, 8.051698e-10, 3.826605e+01, 1.361620e-02
8.688000e+08, 2.187709e-02, 9.433141e-01, 2.856164e+00, 1.890027e+00, -6.946621e-10, 8.053692e-10, 3.835523e+01, 1.232507e-02
8.726000e+08, 2.059240e-02, 9.433505e-01, 2.872750e+00, 1.870798e+00, -8.939722e-10, 8.056052e-10, 3.844275e+01, 1.094353e-02
8.764000e+08, 1.932850e-02, 9.433908e-01, 2.894095e+00, 1.851563e+00, -1.130684e-09, 8.058713e-10, 3.852845e+01, 9.473401e-03
8.802000e+08, 1.809222e-02, 9.434341e-01, 2.921091e+00, 1.832322e+00, -1.412248e-09, 8.061608e-10, 3.861219e+01, 7.916651e-03
8.840000e+08, 1.689209e-02, 9.434795e-01, 2.954810e+00, 1.813074e+00, -1.746710e-09, 8.064663e-10, 3.869383e+01, 6.275376e-03
8.878000e+08, 1.573886e-02, 9.435259e-01, 2.996515e+00, 1.793819e+00, -2.141649e-09, 8.067802e-10, 3.877323e+01, 4.551815e-03
8.916000e+08, 1.464605e-02, 9.435722e-01, 3.047649e+00, 1.774556e+00, -2.601905e-09, 8.070950e-10, 3.885025e+01, 2.748344e-03
8.954000e+08, 1.363060e-02, 9.436174e-01, 3.109772e+00, 1.755286e+00, -3.125389e-09, 8.074033e-10, 3.892475e+01, 8.674736e-04
8.992000e+08, 1.271335e-02, 9.436604e-01, -3.098791e+00, 1.736008e+00, -3.696525e-09, 8.076981e-10, 3.899661e+01, -1.088152e-03
9.030000e+08, 1.191917e-02, 9.437002e-01, -3.010532e+00, 1.716723e+00, -4.278292e-09, 8.079728e-10, 3.906569e+01, -3.115760e-03
9.068000e+08, 1.127609e-02, 9.437358e-01, -2.908383e+00, 1.697432e+00, -4.807210e-09, 8.082214e-10, 3.913186e+01, -5.212453e-03
9.106000e+08, 1.081284e-02, 9.437665e-01, -2.793606e+00, 1.678135e+00, -5.199590e-09, 8.084388e-10, 3.919502e+01, -7.375215e-03
9.144000e+08, 1.055455e-02, 9.437913e-01, -2.669460e+00, 1.658833e+00, -5.375692e-09, 8.086208e-10, 3.925503e+01, -9.600916e-03
9.182000e+08, 1.051743e-02, 9.438097e-01, -2.541109e+00, 1.639526e+00, -5.294542e-09, 8.087638e-10, 3.931179e+01, -1.188632e-02
9.220000e+08, 1.070450e-02, 9.438213e-01, -2.414696e+00, 1.620216e+00, -4.975450e-09, 8.088656e-10, 3.936520e+01, -1.422810e-02
9.258000e+08, 1.110479e-02, 9.438256e-01, -2.295902e+00, 1.600903e+00, -4.487579e-09, 8.089248e-10, 3.941516e+01, -1.662282e-02
9.296000e+08, 1.169646e-02, 9.438224e-01, -2.188756e+00, 1.581589e+00, -3.916909e-09, 8.089410e-10, 3.946157e+01, -1.906698e-02
9.334000e+08, 1.245198e-02, 9.438116e-01, -2.095235e+00, 1.562275e+00, -3.336133e-09, 8.089148e-10, 3.950434e+01, -2.155700e-02
9.372000e+08, 1.334303e-02, 9.437935e-01, -2.015582e+00, 1.542961e+00, -2.792011e-09, 8.088479e-10, 3.954341e+01, -2.408922e-02
9.410000e+08, 1.434364e-02, 9.437680e-01, -1.948919e+00, 1.523649e+00, -2.307247e-09, 8.087426e-10, 3.957868e+01, -2.665995e-02
9.448000e+08, 1.543158e-02, 9.437357e-01, -1.893831e+00, 1.504339e+00, -1.888100e-09, 8.086022e-10, 3.961010e+01, -2.926542e-02
9.486000e+08, 1.658863e-02, 9.436969e-01, -1.848751e+00, 1.485033e+00, -1.531712e-09, 8.084306e-10, 3.963760e+01, -3.190183e-02
9.524000e+08, 1.780014e-02, 9.436522e-01, -1.812179e+00, 1.465731e+00, -1.231178e-09, 8.082321e-10, 3.966114e+01, -3.456536e-02
9.562000e+08, 1.905445e-02, 9.436022e-01, -1.782784e+00, 1.446434e+00, -9.784518e-10, 8.080117e-10, 3.968066e+01, -3.725212e-02
9.600000e+08, 2.034230e-02, 9.435477e-01, -1.759422e+00, 1.427141e+00, -7.657867e-10, 8.077745e-10, 3.969613e+01, -3.995823e-02
9.638000e+08, 2.165628e-02, 9.434893e-01, -1.741138e+00, 1.407855e+00, -5.863271e-10, 8.075259e-10, 3.970751e+01, -4.267978e-02
9.676000e+08, 2.299044e-02, 9.434280e-01, -1.727139e+00, 1.388574e+00, -4.342631e-10, 8.072712e-10, 3.971479e+01, -4.541285e-02
9.714000e+08, 2.433997e-02, 9.433644e-01, -1.716770e+00, 1.369300e+00, -3.047842e-10, 8.070156e-10, 3.971793e+01, -4.815351e-02
9.752000e+08, 2.570089e-02, 9.432993e-01, -1.709493e+00, 1.350031e+00, -1.939556e-10, 8.067643e-10, 3.971693e+01, -5.089782e-02
9.790000e+08, 2.706991e-02, 9.432336e-01, -1.704862e+00, 1.330769e+00, -9.857670e-11, 8.065219e-10, 3.971179e+01, -5.364184e-02
9.828000e+08, 2.844426e-02, 9.431679e-01, -1.702509e+00, 1.311512e+00, -1.604834e-11, 8.062927e-10, 3.970250e+01, -5.638163e-02
9.866000e+08, 2.982159e-02, 9.431028e-01, -1.702126e+00, 1.292261e+00, 5.574214e-11, 8.060804e-10, 3.968907e+01, -5.911326e-02
9.904000e+08, 3.119986e-02, 9.430390e-01, -1.703456e+00, 1.273015e+00, 1.185164e-10, 8.058882e-10, 3.967152e+01, -6.183279e-02
9.942000e+08, 3.257730e-02, 9.429770e-01, -1.706286e+00, 1.253774e+00, 1.736822e-10, 8.057184e-10, 3.964987e+01, -6.453632e-02
9.980000e+08, 3.395234e-02, 9.429172e-01, -1.710433e+00, 1.234536e+00, 2.223955e-10, 8.055731e-10, 3.962415e+01, -6.721992e-02
1.001800e+09, 3.532359e-02, 9.428599e-01, -1.715743e+00, 1.215302e+00, 2.656097e-10, 8.054531e-10, 3.959439e+01, -6.987972e-02
1.005600e+09, 3.668978e-02, 9.428053e-01, -1.722085e+00, 1.196071e+00, 3.041144e-10, 8.053590e-10, 3.956064e+01, -7.251183e-02
1.009400e+09, 3.804975e-02, 9.427536e-01, -1.729346e+00, 1.176843e+00, 3.385668e-10, 8.052904e-10, 3.952294e+01, -7.511239e-02
1.013200e+09, 3.940244e-02, 9.427048e-01, -1.737429e+00, 1.157615e+00, 3.695164e-10, 8.052464e-10, 3.948134e+01, -7.767758e-02
1.017000e+09, 4.074686e-02, 9.426588e-01, -1.746252e+00, 1.138389e+00, 3.974243e-10, 8.052254e-10, 3.943591e+01, -8.020360e-02
1.020800e+09, 4.208208e-02, 9.426155e-01, -1.755741e+00, 1.119164e+00, 4.226797e-10, 8.052254e-10, 3.938671e+01, -8.268667e-02
1.024600e+09, 4.340722e-02, 9.425747e-01, -1.765833e+00, 1.099938e+00, 4.456118e-10, 8.052436e-10, 3.933382e+01, -8.512306e-02
1.028400e+09, 4.472144e-02, 9.425360e-01, -1.776472e+00, 1.080712e+00, 4.665007e-10, 8.052773e-10, 3.927731e+01, -8.750910e-02
1.032200e+09, 4.602394e-02, 9.424992e-01, -1.787611e+00, 1.061485e+00, 4.855855e-10, 8.053230e-10, 3.921728e+01, -8.984114e-02
1.036000e+09, 4.731396e-02, 9.424638e-01, -1.799205e+00, 1.042257e+00, 5.030710e-10, 8.053774e-10, 3.915381e+01, -9.211561e-02
1.039800e+09, 4.859076e-02, 9.424295e-01, -1.811216e+00, 1.023028e+00, 5.191336e-10, 8.054369e-10, 3.908700e+01, -9.432899e-02
1.043600e+09, 4.985362e-02, 9.423957e-01, -1.823611e+00, 1.003797e+00, 5.339255e-10, 8.054980e-10, 3.901696e+01, -9.647784e-02
1.047400e+09, 5.110185e-02, 9.423620e-01, -1.836359e+00, 9.845648e-01, 5.475787e-10, 8.055570e-10, 3.894379e+01, -9.855879e-02
1.051200e+09, 5.233478e-02, 9.423281e-01, -1.849433e+00, 9.653313e-01, 5.602083e-10, 8.056108e-10, 3.886761e+01, -1.005685e-01
1.055000e+09, 5.355176e-02, 9.422935e-01, -1.862808e+00, 9.460964e-01, 5.719148e-10, 8.056563e-10, 3.878855e+01, -1.025039e-01
1.058800e+09, 5.475216e-02, 9.422579e-01, -1.876464e+00, 9.268605e-01, 5.827864e-10, 8.056908e-10, 3.870671e+01, -1.043619e-01
1.062600e+09, 5.593537e-02, 9.422208e-01, -1.890378e+00, 9.076237e-01, 5.929011e-10, 8.057119e-10, 3.862224e+01, -1.061393e-01
1.066400e+09, 5.710079e-02, 9.421821e-01, -1.904534e+00, 8.883865e-01, 6.023278e-10, 8.057177e-10, 3.853527e+01, -1.078335e-01
1.070200e+09, 5.824784e-02, 9.421414e-01, -1.918916e+00, 8.691491e-01, 6.111279e-10, 8.057069e-10, 3.844593e+01, -1.094416e-01
1.074000e+09, 5.937598e-02, 9.420988e-01, -1.933507e+00, 8.499119e-01, 6.193565e-10, 8.056786e-10, 3.835437e+01, -1.109609e-01
1.077800e+09, 6.048466e-02, 9.420540e-01, -1.948295e+00, 8.306754e-01, 6.270629e-10, 8.056323e-10, 3.826072e+01, -1.123891e-01
1.081600e+09, 6.157335e-02, 9.420070e-01, -1.963267e+00, 8.114401e-01, 6.342916e-10, 8.055683e-10, 3.816515e+01, -1.137237e-01
1.085400e+09, 6.264157e-02, 9.419579e-01, -1.978411e+00, 7.922063e-01, 6.410832e-10, 8.054870e-10, 3.806778e+01, -1.149625e-01
1.089200e+09, 6.368882e-02, 9.419069e-01, -1.993718e+00, 7.729744e-01, 6.474745e-10, 8.053895e-10, 3.796879e+01, -1.161034e-01
1.093000e+09, 6.471464e-02, 9.418541e-01, -2.009177e+00, 7.537448e-01, 6.534992e-10, 8.052774e-10, 3.786831e+01, -1.171445e-01
1.096800e+09, 6.571859e-02, 9.417996e-01, -2.024780e+00, 7.345179e-01, 6.591884e-10, 8.051525e-10, 3.776650e+01, -1.180840e-01
1.100600e+09, 6.670024e-02, 9.417439e-01, -2.040519e+00, 7.152940e-01, 6.645706e-10, 8.050170e-10, 3.766352e+01, -1.189202e-01
1.104400e+09, 6.765917e-02, 9.416873e-01, -2.056386e+00, 6.960733e-01, 6.696722e-10, 8.048731e-10, 3.755953e+01, -1.196516e-01
1.108200e+09, 6.859500e-02, 9.416300e-01, -2.072375e+00, 6.768561e-01, 6.745178e-10, 8.047236e-10, 3.745467e+01, -1.202769e-01
1.112000e+09, 6.950735e-02, 9.415725e-01, -2.088480e+00, 6.576424e-01, 6.791300e-10, 8.045710e-10, 3.734910e+01, -1.207948e-01
1.115800e+09, 7.039586e-02, 9.415152e-01, -2.104695e+00, 6.384324e-01, 6.835300e-10, 8.044181e-10, 3.724299e+01, -1.212042e-01
1.119600e+09, 7.126018e-02, 9.414585e-01, -2.121015e+00, 6.192260e-01, 6.877375e-10, 8.042675e-10, 3.713647e+01, -1.215044e-01
1.123400e+09, 7.210000e-02, 9.414027e-01, -2.137436e+00, 6.000233e-01, 6.917710e-10, 8.041216e-10, 3.702971e+01, -1.216944e-01
1.127200e+09, 7.291499e-02, 9.413483e-01, -2.153952e+00, 5.808240e-01, 6.956475e-10, 8.039829e-10, 3.692285e+01, -1.217736e-01
1.131000e+09, 7.370485e-02, 9.412956e-01, -2.170562e+00, 5.616280e-01, 6.993830e-10, 8.038535e-10, 3.681606e+01, -1.217416e-01
1.134800e+09, 7.446930e-02, 9.412449e-01, -2.187260e+00, 5.424351e-01, 7.029923e-10, 8.037351e-10, 3.670947e+01, -1.215980e-01
1.138600e+09, 7.520805e-02, 9.411966e-01, -2.204045e+00, 5.232450e-01, 7.064893e-10, 8.036294e-10, 3.660324e+01, -1.213425e-01
1.142400e+09, 7.592086e-02, 9.411507e-01, -2.220913e+00, 5.040575e-01, 7.098867e-10, 8.035373e-10, 3.649750e+01, -1.209751e-01
1.146200e+09, 7.660745e-02, 9.411077e-01, -2.237862e+00, 4.848722e-01, 7.131966e-10, 8.034597e-10, 3.639242e+01, -1.204958e-01
1.150000e+09, 7.726760e-02, 9.410675e-01, -2.254891e+00, 4.656887e-01, 7.164300e-10, 8.033969e-10, 3.628812e+01, -1.199048e-01
1.153800e+09, 7.790105e-02, 9.410303e-01, -2.271996e+00, 4.465067e-01, 7.195972e-10, 8.033491e-10, 3.618476e+01, -1.192025e-01
1.157600e+09, 7.850760e-02, 9.409961e-01, -2.289178e+00, 4.273258e-01, 7.227076e-10, 8.033157e-10, 3.608246e+01, -1.183893e-01
1.161400e+09, 7.908703e-02, 9.409649e-01, -2.306433e+00, 4.081458e-01, 7.257700e-10, 8.032962e-10, 3.598137e+01, -1.174657e-01
1.165200e+09, 7.963911e-02, 9.409367e-01, -2.323762e+00, 3.889662e-01, 7.287925e-10, 8.032894e-10, 3.588161e+01, -1.164325e-01
1.169000e+09, 8.016367e-02, 9.409113e-01, -2.341162e+00, 3.697868e-01, 7.317826e-10, 8.032941e-10, 3.578333e+01, -1.152905e-01
1.172800e+09, 8.066050e-02, 9.408886e-01, -2.358634e+00, 3.506073e-01, 7.347474e-10, 8.033087e-10, 3.568666e+01, -1.140407e-01
1.176600e+09, 8.112942e-02, 9.408685e-01, -2.376177e+00, 3.314274e-01, 7.376932e-10, 8.033316e-10, 3.559171e+01, -1.126843e-01
1.180400e+09, 8.157025e-02, 9.408508e-01, -2.393791e+00, 3.122469e-01, 7.406261e-10, 8.033610e-10, 3.549862e+01, -1.112225e-01
1.184200e+09, 8.198284e-02, 9.408352e-01, -2.411474e+00, 2.930658e-01, 7.435517e-10, 8.033949e-10, 3.540751e+01, -1.096566e-01
1.188000e+09, 8.236702e-02, 9.408216e-01, -2.429227e+00, 2.738839e-01, 7.464752e-10, 8.034315e-10, 3.531851e+01, -1.079882e-01
1.191800e+09, 8.272263e-02, 9.408097e-01, -2.447050e+00, 2.547011e-01, 7.494019e-10, 8.034690e-10, 3.523172e+01, -1.062189e-01
1.195600e+09, 8.304954e-02, 9.407993e-01, -2.464943e+00, 2.355173e-01, 7.523363e-10, 8.035056e-10, 3.514727e+01, -1.043506e-01
1.199400e+09, 8.334761e-02, 9.407902e-01, -2.482906e+00, 2.163328e-01, 7.552830e-10, 8.035398e-10, 3.506527e+01, -1.023852e-01
1.203200e+09, 8.361673e-02, 9.407823e-01, -2.500939e+00, 1.971474e-01, 7.582467e-10, 8.035702e-10, 3.498583e+01, -1.003246e-01
1.207000e+09, 8.385677e-02, 9.407753e-01, -2.519043e+00, 1.779612e-01, 7.612315e-10, 8.035957e-10, 3.490907e+01, -9.817117e-02
1.210800e+09, 8.406763e-02, 9.407692e-01, -2.537218e+00, 1.587745e-01, 7.642417e-10, 8.036155e-10, 3.483508e+01, -9.592718e-02
1.214600e+09, 8.424922e-02, 9.407638e-01, -2.555465e+00, 1.395873e-01, 7.672818e-10, 8.036289e-10, 3.476396e+01, -9.359509e-02
1.218400e+09, 8.440145e-02, 9.407591e-01, -2.573785e+00, 1.203998e-01, 7.703558e-10, 8.036358e-10, 3.469583e+01, -9.117752e-02
1.222200e+09, 8.452426e-02, 9.407551e-01, -2.592178e+00, 1.012121e-01, 7.734681e-10, 8.036362e-10, 3.463077e+01, -8.867718e-02
1.226000e+09, 8.461758e-02, 9.407518e-01, -2.610645e+00, 8.202437e-02, 7.766232e-10, 8.036304e-10, 3.456888e+01, -8.609693e-02
1.229800e+09, 8.468135e-02, 9.407493e-01, -2.629188e+00, 6.283681e-02, 7.798253e-10, 8.036191e-10, 3.451024e+01, -8.343977e-02
1.233600e+09, 8.471556e-02, 9.407475e-01, -2.647807e+00, 4.364952e-02, 7.830793e-10, 8.036031e-10, 3.445496e+01, -8.070879e-02
1.237400e+09, 8.472016e-02, 9.407467e-01, -2.666504e+00, 2.446260e-02, 7.863896e-10, 8.035835e-10, 3.440310e+01, -7.790723e-02
1.241200e+09, 8.469514e-02, 9.407469e-01, -2.685280e+00, 5.276160e-03, 7.897611e-10, 8.035617e-10, 3.435476e+01, -7.503844e-02
1.245000e+09, 8.464051e-02, 9.407484e-01, -2.704136e+00, -1.390976e-02, 7.931989e-10, 8.035390e-10, 3.431000e+01, -7.210588e-02
1.248800e+09, 8.455628e-02, 9.407512e-01, -2.723075e+00, -3.309514e-02, 7.967081e-10, 8.035171e-10, 3.426891e+01, -6.911313e-02
1.252600e+09, 8.444247e-02, 9.407556e-01, -2.742097e+00, -5.228000e-02, 8.002941e-10, 8.034973e-10, 3.423155e+01, -6.606388e-02
1.256400e+09, 8.429911e-02, 9.407618e-01, -2.761205e+00, -7.146439e-02, 8.039624e-10, 8.034814e-10, 3.419798e+01, -6.296190e-02
1.260200e+09, 8.412627e-02, 9.407699e-01, -2.780401e+00, -9.064839e-02, 8.077188e-10, 8.034709e-10, 3.416828e+01, -5.981108e-02
1.264000e+09, 8.392400e-02, 9.407802e-01, -2.799686e+00, -1.098321e-01, 8.115695e-10, 8.034670e-10, 3.414250e+01, -5.661540e-02
1.267800e+09, 8.369239e-02, 9.407926e-01, -2.819063e+00, -1.290158e-01, 8.155206e-10, 8.034712e-10, 3.412069e+01, -5.337892e-02
1.271600e+09, 8.343152e-02, 9.408075e-01, -2.838534e+00, -1.481996e-01, 8.195789e-10, 8.034845e-10, 3.410291e+01, -5.010579e-02
1.275400e+09, 8.314152e-02, 9.408248e-01, -2.858103e+00, -1.673837e-01, 8.237514e-10, 8.035078e-10, 3.408920e+01, -4.680024e-02
1.279200e+09, 8.282249e-02, 9.408447e-01, -2.877771e+00, -1.865683e-01, 8.280454e-10, 8.035416e-10, 3.407961e+01, -4.346656e-02
1.283000e+09, 8.247459e-02, 9.408671e-01, -2.897541e+00, -2.057537e-01, 8.324687e-10, 8.035863e-10, 3.407417e+01, -4.010911e-02
1.286800e+09, 8.209796e-02, 9.408922e-01, -2.917417e+00, -2.249402e-01, 8.370296e-10, 8.036421e-10, 3.407292e+01, -3.673231e-02
1.290600e+09, 8.169278e-02, 9.409199e-01, -2.937402e+00, -2.441281e-01, 8.417370e-10, 8.037087e-10, 3.407589e+01, -3.334064e-02
1.294400e+09, 8.125922e-02, 9.409500e-01, -2.957500e+00, -2.633175e-01, 8.466001e-10, 8.037856e-10, 3.408310e+01, -2.993860e-02
1.298200e+09, 8.079751e-02, 9.409826e-01, -2.977713e+00, -2.825088e-01, 8.516291e-10, 8.038722e-10, 3.409459e+01, -2.653074e-02
1.302000e+09, 8.030785e-02, 9.410174e-01, -2.998047e+00, -3.017021e-01, 8.568348e-10, 8.039675e-10, 3.411035e+01, -2.312165e-02
1.305800e+09, 7.979049e-02, 9.410543e-01, -3.018505e+00, -3.208977e-01, 8.622287e-10, 8.040704e-10, 3.413042e+01, -1.971592e-02
1.309600e+09, 7.924569e-02, 9.410931e-01, -3.039091e+00, -3.400958e-01, 8.678235e-10, 8.041796e-10, 3.415478e+01, -1.631818e-02
1.313400e+09, 7.867372e-02, 9.411336e-01, -3.059812e+00, -3.592965e-01, 8.736325e-10, 8.042936e-10, 3.418346e+01, -1.293304e-02
1.317200e+09, 7.807488e-02, 9.411756e-01, -3.080671e+00, -3.784999e-01, 8.796705e-10, 8.044110e-10, 3.421644e+01, -9.565110e-03
1.321000e+09, 7.744949e-02, 9.412188e-01, -3.101674e+00, -3.977061e-01, 8.859533e-10, 8.045302e-10, 3.425372e+01, -6.219000e-03
1.324800e+09, 7.679788e-02, 9.412631e-01, -3.122827e+00, -4.169151e-01, 8.924980e-10, 8.046497e-10, 3.429530e+01, -2.899289e-03
1.328600e+09, 7.612041e-02, 9.413081e-01, 3.139049e+00, -4.361270e-01, 8.993232e-10, 8.047679e-10, 3.434114e+01, 3.894731e-04
1.332400e+09, 7.541746e-02, 9.413536e-01, 3.117577e+00, -4.553417e-01, 9.064491e-10, 8.048836e-10, 3.439124e+01, 3.642774e-03
1.336200e+09, 7.468943e-02, 9.413995e-01, 3.095934e+00, -4.745592e-01, 9.138977e-10, 8.049955e-10, 3.444556e+01, 6.856149e-03
1.340000e+09, 7.393675e-02, 9.414455e-01, 3.074114e+00, -4.937794e-01, 9.216927e-10, 8.051025e-10, 3.450408e+01, 1.002519e-02
1.343800e+09, 7.315985e-02, 9.414915e-01, 3.052108e+00, -5.130021e-01, 9.298599e-10, 8.052037e-10, 3.456677e+01, 1.314556e-02
1.347600e+09, 7.235921e-02, 9.415373e-01, 3.029906e+00, -5.322272e-01, 9.384273e-10, 8.052986e-10, 3.463357e+01, 1.621298e-02
1.351400e+09, 7.153531e-02, 9.415828e-01, 3.007500e+00, -5.514546e-01, 9.474255e-10, 8.053867e-10, 3.470445e+01, 1.922326e-02
1.355200e+09, 7.068868e-02, 9.416280e-01, 2.984879e+00, -5.706841e-01, 9.568873e-10, 8.054680e-10, 3.477936e+01, 2.217231e-02
1.359000e+09, 6.981984e-02, 9.416726e-01, 2.962033e+00, -5.899156e-01, 9.668486e-10, 8.055424e-10, 3.485824e+01, 2.505610e-02
1.362800e+09, 6.892936e-02, 9.417169e-01, 2.938948e+00, -6.091488e-01, 9.773484e-10, 8.056105e-10, 3.494104e+01, 2.787075e-02
1.366600e+09, 6.801783e-02, 9.417606e-01, 2.915613e+00, -6.283836e-01, 9.884288e-10, 8.056728e-10, 3.502769e+01, 3.061244e-02
1.370400e+09, 6.708586e-02, 9.418040e-01, 2.892013e+00, -6.476199e-01, 1.000136e-09, 8.057301e-10, 3.511812e+01, 3.327750e-02
1.374200e+09, 6.613409e-02, 9.418470e-01, 2.868134e+00, -6.668576e-01, 1.012519e-09, 8.057835e-10, 3.521226e+01, 3.586235e-02
1.378000e+09, 6.516319e-02, 9.418896e-01, 2.843959e+00, -6.860966e-01, 1.025632e-09, 8.058340e-10, 3.531004e+01, 3.836354e-02
1.381800e+09, 6.417385e-02, 9.419321e-01, 2.819471e+00, -7.053368e-01, 1.039534e-09, 8.058829e-10, 3.541138e+01, 4.077776e-02
1.385600e+09, 6.316680e-02, 9.419746e-01, 2.794651e+00, -7.245781e-01, 1.054288e-09, 8.059316e-10, 3.551618e+01, 4.310180e-02
1.389400e+09, 6.214280e-02, 9.420170e-01, 2.769478e+00, -7.438206e-01, 1.069964e-09, 8.059813e-10, 3.562436e+01, 4.533260e-02
1.393200e+09, 6.110262e-02, 9.420596e-01, 2.743932e+00, -7.630643e-01, 1.086637e-09, 8.060335e-10, 3.573584e+01, 4.746723e-02
1.397000e+09, 6.004710e-02, 9.421024e-01, 2.717987e+00, -7.823093e-01, 1.104389e-09, 8.060894e-10, 3.585050e+01, 4.950289e-02
1.400800e+09, 5.897710e-02, 9.421455e-01, 2.691619e+00, -8.015555e-01, 1.123308e-09, 8.061501e-10, 3.596826e+01, 5.143692e-02
1.404600e+09, 5.789351e-02, 9.421890e-01, 2.664798e+00, -8.208033e-01, 1.143492e-09, 8.062168e-10, 3.608900e+01, 5.326680e-02
1.408400e+09, 5.679729e-02, 9.422330e-01, 2.637496e+00, -8.400526e-01, 1.165045e-09, 8.062901e-10, 3.621262e+01, 5.499014e-02
1.412200e+09, 5.568943e-02, 9.422775e-01, 2.609679e+00, -8.593036e-01, 1.188082e-09, 8.063707e-10, 3.633901e+01, 5.660469e-02
1.416000e+09, 5.457097e-02, 9.423224e-01, 2.581313e+00, -8.785566e-01, 1.212729e-09, 8.064592e-10, 3.646806e+01, 5.810833e-02
1.419800e+09, 5.344301e-02, 9.423678e-01, 2.552357e+00, -8.978117e-01, 1.239118e-09, 8.065555e-10, 3.659963e+01, 5.949910e-02
1.423600e+09, 5.230671e-02, 9.424136e-01, 2.522772e+00, -9.170691e-01, 1.267399e-09, 8.066595e-10, 3.673361e+01, 6.077516e-02
1.427400e+09, 5.116331e-02, 9.424596e-01, 2.492512e+00, -9.363290e-01, 1.297729e-09, 8.067710e-10, 3.686988e+01, 6.193483e-02
1.431200e+09, 5.001412e-02, 9.425058e-01, 2.461527e+00, -9.555916e-01, 1.330282e-09, 8.068893e-10, 3.700830e+01, 6.297653e-02
1.435000e+09, 4.886053e-02, 9.425520e-01, 2.429765e+00, -9.748570e-01, 1.365241e-09, 8.070134e-10, 3.714874e+01, 6.389888e-02
1.438800e+09, 4.770402e-02, 9.425979e-01, 2.397168e+00, -9.941253e-01, 1.402807e-09, 8.071424e-10, 3.729106e+01, 6.470059e-02
1.442600e+09, 4.654617e-02, 9.426434e-01, 2.363675e+00, -1.013397e+00, 1.443191e-09, 8.072748e-10, 3.743512e+01, 6.538054e-02
1.446400e+09, 4.538871e-02, 9.426882e-01, 2.329217e+00, -1.032671e+00, 1.486621e-09, 8.074092e-10, 3.758077e+01, 6.593774e-02
1.450200e+09, 4.423344e-02, 9.427321e-01, 2.293722e+00, -1.051949e+00, 1.533331e-09, 8.075439e-10, 3.772787e+01, 6.637137e-02
1.454000e+09, 4.308235e-02, 9.427746e-01, 2.257112e+00, -1.071230e+00, 1.583569e-09, 8.076774e-10, 3.787627e+01, 6.668073e-02
1.457800e+09, 4.193755e-02, 9.428157e-01, 2.219303e+00, -1.090514e+00, 1.637584e-09, 8.078077e-10, 3.802580e+01, 6.686529e-02
1.461600e+09, 4.080134e-02, 9.428549e-01, 2.180204e+00, -1.109802e+00, 1.695629e-09, 8.079330e-10, 3.817632e+01, 6.692466e-02
1.465400e+09, 3.967622e-02, 9.428920e-01, 2.139719e+00, -1.129092e+00, 1.757945e-09, 8.080518e-10, 3.832765e+01, 6.685861e-02
1.469200e+09, 3.856486e-02, 9.429267e-01, 2.097746e+00, -1.148385e+00, 1.824755e-09, 8.081622e-10, 3.847964e+01, 6.666706e-02
1.473000e+09, 3.747019e-02, 9.429588e-01, 2.054178e+00, -1.167681e+00, 1.896246e-09, 8.082627e-10, 3.863211e+01, 6.635009e-02
1.476800e+09, 3.639536e-02, 9.429880e-01, 2.008903e+00, -1.186979e+00, 1.972554e-09, 8.083519e-10, 3.878489e+01, 6.590796e-02
1.480600e+09, 3.534381e-02, 9.430141e-01, 1.961806e+00, -1.206279e+00, 2.053733e-09, 8.084286e-10, 3.893782e+01, 6.534106e-02
1.484400e+09, 3.431924e-02, 9.430370e-01, 1.912771e+00, -1.225581e+00, 2.139730e-09, 8.084919e-10, 3.909071e+01, 6.464996e-02
1.488200e+09, 3.332563e-02, 9.430565e-01, 1.861682e+00, -1.244885e+00, 2.230347e-09, 8.085409e-10, 3.924338e+01, 6.383540e-02
1.492000e+09, 3.236728e-02, 9.430725e-01, 1.808430e+00, -1.264190e+00, 2.325194e-09, 8.085753e-10, 3.939565e+01, 6.289827e-02
1.495800e+09, 3.144877e-02, 9.430849e-01, 1.752914e+00, -1.283495e+00, 2.423648e-09, 8.085949e-10, 3.954735e+01, 6.183965e-02
1.499600e+09, 3.057496e-02, 9.430938e-01, 1.695046e+00, -1.302801e+00, 2.524802e-09, 8.085998e-10, 3.969829e+01, 6.066078e-02
1.503400e+09, 2.975098e-02, 9.430992e-01, 1.634764e+00, -1.322108e+00, 2.627420e-09, 8.085904e-10, 3.984828e+01, 5.936304e-02
1.507200e+09, 2.898215e-02, 9.431011e-01, 1.572031e+00, -1.341414e+00, 2.729906e-09, 8.085673e-10, 3.999714e+01, 5.794803e-02
1.511000e+09, 2.827390e-02, 9.430998e-01, 1.506852e+00, -1.360719e+00, 2.830294e-09, 8.085314e-10, 4.014468e+01, 5.641745e-02
1.514800e+09, 2.763174e-02, 9.430952e-01, 1.439275e+00, -1.380024e+00, 2.926267e-09, 8.084841e-10, 4.029073e+01, 5.477323e-02
1.518600e+09, 2.706105e-02, 9.430876e-01, 1.369408e+00, -1.399327e+00, 3.015223e-09, 8.084265e-10, 4.043509e+01, 5.301741e-02
1.522400e+09, 2.656697e-02, 9.430773e-01, 1.297416e+00, -1.418629e+00, 3.094391e-09, 8.083603e-10, 4.057759e+01, 5.115222e-02
1.526200e+09, 2.615422e-02, 9.430644e-01, 1.223534e+00, -1.437930e+00, 3.160996e-09, 8.082871e-10, 4.071803e+01, 4.918002e-02
1.530000e+09, 2.582692e-02, 9.430493e-01, 1.148062e+00, -1.457228e+00, 3.212464e-09, 8.082088e-10, 4.085625e+01, 4.710335e-02
1.533800e+09, 2.558839e-02, 9.430322e-01, 1.071360e+00, -1.476525e+00, 3.246646e-09, 8.081271e-10, 4.099206e+01, 4.492487e-02
1.537600e+09, 2.544100e-02, 9.430133e-01, 9.938432e-01, -1.495820e+00, 3.262025e-09, 8.080440e-10, 4.112529e+01, 4.264741e-02
1.541400e+09, 2.538605e-02, 9.429930e-01, 9.159588e-01, -1.515113e+00, 3.257877e-09, 8.079611e-10, 4.125578e+01, 4.027391e-02
1.545200e+09, 2.542365e-02, 9.429716e-01, 8.381734e-01, -1.534404e+00, 3.234347e-09, 8.078802e-10, 4.138334e+01, 3.780747e-02
1.549000e+09, 2.555278e-02, 9.429492e-01, 7.609497e-01, -1.553693e+00, 3.192436e-09, 8.078030e-10, 4.150782e+01, 3.525129e-02
1.552800e+09, 2.577124e-02, 9.429262e-01, 6.847268e-01, -1.572980e+00, 3.133891e-09, 8.077309e-10, 4.162906e+01, 3.260873e-02
1.556600e+09, 2.607584e-02, 9.429027e-01, 6.099017e-01, -1.592266e+00, 3.061027e-09, 8.076651e-10, 4.174691e+01, 2.988322e-02
1.560400e+09, 2.646250e-02, 9.428790e-01, 5.368163e-01, -1.611550e+00, 2.976510e-09, 8.076067e-10, 4.186121e+01, 2.707834e-02
1.564200e+09, 2.692646e-02, 9.428551e-01, 4.657489e-01, -1.630832e+00, 2.883135e-09, 8.075564e-10, 4.197182e+01, 2.419774e-02
1.568000e+09, 2.746244e-02, 9.428314e-01, 3.969108e-01, -1.650114e+00, 2.783636e-09, 8.075148e-10, 4.207861e+01, 2.124520e-02
1.571800e+09, 2.806483e-02, 9.428077e-01, 3.304484e-01, -1.669394e+00, 2.680530e-09, 8.074822e-10, 4.218144e+01, 1.822458e-02
1.575600e+09, 2.872789e-02, 9.427842e-01, 2.664478e-01, -1.688673e+00, 2.576025e-09, 8.074584e-10, 4.228020e+01, 1.513981e-02
1.579400e+09, 2.944584e-02, 9.427609e-01, 2.049424e-01, -1.707952e+00, 2.471963e-09, 8.074431e-10, 4.237475e+01, 1.199492e-02
1.583200e+09, 3.021302e-02, 9.427378e-01, 1.459215e-01, -1.727231e+00, 2.369821e-09, 8.074359e-10, 4.246499e+01, 8.794001e-03
1.587000e+09, 3.102394e-02, 9.427147e-01, 8.933943e-02, -1.746509e+00, 2.270719e-09, 8.074359e-10, 4.255082e+01, 5.541228e-03
1.590800e+09, 3.187339e-02, 9.426917e-01, 3.512352e-02, -1.765788e+00, 2.175464e-09, 8.074420e-10, 4.263214e+01, 2.240823e-03
1.594600e+09, 3.275642e-02, 9.426685e-01, -1.681808e-02, -1.785066e+00, 2.084595e-09, 8.074530e-10, 4.270886e+01, -1.102931e-03
1.598400e+09, 3.366838e-02, 9.426451e-01, -6.659009e-02, -1.804345e+00, 1.998431e-09, 8.074675e-10, 4.278091e+01, -4.485703e-03
1.602200e+09, 3.460498e-02, 9.426213e-01, -1.143048e-01, -1.823624e+00, 1.917116e-09, 8.074839e-10, 4.284821e+01, -7.903117e-03
1.606000e+09, 3.556218e-02, 9.425968e-01, -1.600781e-01, -1.842904e+00, 1.840660e-09, 8.075006e-10, 4.291069e+01, -1.135076e-02
1.609800e+09, 3.653628e-02, 9.425715e-01, -2.040259e-01, -1.862184e+00, 1.768975e-09, 8.075160e-10, 4.296832e+01, -1.482418e-02
1.613600e+09, 3.752384e-02, 9.425453e-01, -2.462621e-01, -1.881464e+00, 1.701902e-09, 8.075282e-10, 4.302103e+01, -1.831891e-02
1.617400e+09, 3.852170e-02, 9.425179e-01, -2.868969e-01, -1.900745e+00, 1.639236e-09, 8.075358e-10, 4.306879e+01, -2.183047e-02
1.621200e+09, 3.952692e-02, 9.424891e-01, -3.260355e-01, -1.920026e+00, 1.580743e-09, 8.075371e-10, 4.311158e+01, -2.535434e-02
1.625000e+09, 4.053681e-02, 9.424587e-01, -3.637775e-01, -1.939307e+00, 1.526170e-09, 8.075307e-10, 4.314938e+01, -2.888601e-02
1.628800e+09, 4.154887e-02, 9.424268e-01, -4.002165e-01, -1.958587e+00, 1.475264e-09, 8.075153e-10, 4.318218e+01, -3.242098e-02
1.632600e+09, 4.256078e-02, 9.423930e-01, -4.354400e-01, -1.977868e+00, 1.427768e-09, 8.074898e-10, 4.320997e+01, -3.595473e-02
1.636400e+09, 4.357040e-02, 9.423574e-01, -4.695296e-01, -1.997147e+00, 1.383436e-09, 8.074534e-10, 4.323277e+01, -3.948279e-02
1.640200e+09, 4.457574e-02, 9.423199e-01, -5.025606e-01, -2.016426e+00, 1.342028e-09, 8.074055e-10, 4.325060e+01, -4.300067e-02
1.644000e+09, 4.557495e-02, 9.422805e-01, -5.346031e-01, -2.035704e+00, 1.303320e-09, 8.073458e-10, 4.326349e+01, -4.650394e-02
1.647800e+09, 4.656628e-02, 9.422392e-01, -5.657213e-01, -2.054980e+00, 1.267099e-09, 8.072741e-10, 4.327147e+01, -4.998817e-02
1.651600e+09, 4.754812e-02, 9.421961e-01, -5.959746e-01, -2.074255e+00, 1.233165e-09, 8.071907e-10, 4.327460e+01, -5.344901e-02
1.655400e+09, 4.851897e-02, 9.421513e-01, -6.254178e-01, -2.093527e+00, 1.201335e-09, 8.070962e-10, 4.327291e+01, -5.688213e-02
1.659200e+09, 4.947739e-02, 9.421049e-01, -6.541010e-01, -2.112798e+00, 1.171436e-09, 8.069912e-10, 4.326650e+01, -6.028327e-02
1.663000e+09, 5.042204e-02, 9.420573e-01, -6.820703e-01, -2.132065e+00, 1.143309e-09, 8.068769e-10, 4.325541e+01, -6.364821e-02
1.666800e+09, 5.135167e-02, 9.420085e-01, -7.093681e-01, -2.151330e+00, 1.116809e-09, 8.067545e-10, 4.323975e+01, -6.697283e-02
1.670600e+09, 5.226508e-02, 9.419589e-01, -7.360331e-01, -2.170593e+00, 1.091800e-09, 8.066255e-10, 4.321959e+01, -7.025307e-02
1.674400e+09, 5.316115e-02, 9.419087e-01, -7.621011e-01, -2.189852e+00, 1.068158e-09, 8.064916e-10, 4.319504e+01, -7.348496e-02
1.678200e+09, 5.403880e-02, 9.418583e-01, -7.876045e-01, -2.209108e+00, 1.045769e-09, 8.063546e-10, 4.316621e+01, -7.666460e-02
1.682000e+09, 5.489704e-02, 9.418080e-01, -8.125734e-01, -2.228360e+00, 1.024528e-09, 8.062163e-10, 4.313321e+01, -7.978821e-02
1.685800e+09, 5.573489e-02, 9.417581e-01, -8.370352e-01, -2.247609e+00, 1.004337e-09, 8.060789e-10, 4.309616e+01, -8.285210e-02
1.689600e+09, 5.655144e-02, 9.417090e-01, -8.610148e-01, -2.266855e+00, 9.851066e-10, 8.059442e-10, 4.305518e+01, -8.585270e-02
1.693400e+09, 5.734582e-02, 9.416610e-01, -8.845353e-01, -2.286098e+00, 9.667554e-10, 8.058142e-10, 4.301043e+01, -8.878653e-02
1.697200e+09, 5.811721e-02, 9.416145e-01, -9.076177e-01, -2.305338e+00, 9.492069e-10, 8.056909e-10, 4.296203e+01, -9.165025e-02
1.701000e+09, 5.886482e-02, 9.415697e-01, -9.302810e-01, -2.324575e+00, 9.323906e-10, 8.055760e-10, 4.291013e+01, -9.444065e-02
1.704800e+09, 5.958790e-02, 9.415271e-01, -9.525429e-01, -2.343809e+00, 9.162413e-10, 8.054711e-10, 4.285490e+01, -9.715462e-02
1.708600e+09, 6.028573e-02, 9.414868e-01, -9.744191e-01, -2.363040e+00, 9.006984e-10, 8.053778e-10, 4.279647e+01, -9.978923e-02
1.712400e+09, 6.095763e-02, 9.414492e-01, -9.959243e-01, -2.382270e+00, 8.857057e-10, 8.052971e-10, 4.273503e+01, -1.023416e-01
1.716200e+09, 6.160295e-02, 9.414144e-01, -1.017072e+00, -2.401497e+00, 8.712105e-10, 8.052303e-10, 4.267073e+01, -1.048092e-01
1.720000e+09, 6.222107e-02, 9.413826e-01, -1.037873e+00, -2.420723e+00, 8.571636e-10, 8.051779e-10, 4.260375e+01, -1.071893e-01
1.723800e+09, 6.281141e-02, 9.413539e-01, -1.058338e+00, -2.439947e+00, 8.435189e-10, 8.051404e-10, 4.253427e+01, -1.094797e-01
1.727600e+09, 6.337341e-02, 9.413285e-01, -1.078478e+00, -2.459171e+00, 8.302329e-10, 8.051180e-10, 4.246245e+01, -1.116781e-01
1.731400e+09, 6.390654e-02, 9.413064e-01, -1.098301e+00, -2.478394e+00, 8.172646e-10, 8.051107e-10, 4.238849e+01, -1.137824e-01
1.735200e+09, 6.441029e-02, 9.412875e-01, -1.117814e+00, -2.497617e+00, 8.045751e-10, 8.051179e-10, 4.231255e+01, -1.157908e-01
1.739000e+09, 6.488420e-02, 9.412719e-01, -1.137024e+00, -2.516840e+00, 7.921273e-10, 8.051392e-10, 4.223484e+01, -1.177014e-01
1.742800e+09, 6.532782e-02, 9.412594e-01, -1.155937e+00, -2.536063e+00, 7.798858e-10, 8.051735e-10, 4.215554e+01, -1.195127e-01
1.746600e+09, 6.574072e-02, 9.412500e-01, -1.174558e+00, -2.555288e+00, 7.678165e-10, 8.052198e-10, 4.207482e+01, -1.212233e-01
1.750400e+09, 6.612252e-02, 9.412435e-01, -1.192890e+00, -2.574513e+00, 7.558867e-10, 8.052768e-10, 4.199290e+01, -1.228320e-01
1.754200e+09, 6.647285e-02, 9.412398e-01, -1.210938e+00, -2.593740e+00, 7.440645e-10, 8.053430e-10, 4.190994e+01, -1.243376e-01
1.758000e+09, 6.679137e-02, 9.412386e-01, -1.228703e+00, -2.612969e+00, 7.323189e-10, 8.054169e-10, 4.182615e+01, -1.257393e-01
1.761800e+09, 6.707778e-02, 9.412397e-01, -1.246188e+00, -2.632199e+00, 7.206197e-10, 8.054967e-10, 4.174171e+01, -1.270363e-01
1.765600e+09, 6.733178e-02, 9.412429e-01, -1.263394e+00, -2.651431e+00, 7.089370e-10, 8.055809e-10, 4.165681e+01, -1.282280e-01
1.769400e+09, 6.755312e-02, 9.412480e-01, -1.280320e+00, -2.670665e+00, 6.972413e-10, 8.056678e-10, 4.157164e+01, -1.293141e-01
1.773200e+09, 6.774157e-02, 9.412547e-01, -1.296968e+00, -2.689901e+00, 6.855032e-10, 8.057557e-10, 4.148639e+01, -1.302943e-01
1.777000e+09, 6.789693e-02, 9.412628e-01, -1.313335e+00, -2.709140e+00, 6.736934e-10, 8.058430e-10, 4.140125e+01, -1.311687e-01
1.780800e+09, 6.801903e-02, 9.412721e-01, -1.329420e+00, -2.728380e+00, 6.617823e-10, 8.059285e-10, 4.131640e+01, -1.319374e-01
1.784600e+09, 6.810772e-02, 9.412824e-01, -1.345221e+00, -2.747622e+00, 6.497403e-10, 8.060108e-10, 4.123201e+01, -1.326005e-01
1.788400e+09, 6.816290e-02, 9.412936e-01, -1.360734e+00, -2.766867e+00, 6.375371e-10, 8.060889e-10, 4.114829e+01, -1.331588e-01
1.792200e+09, 6.818448e-02, 9.413054e-01, -1.375956e+00, -2.786113e+00, 6.251417e-10, 8.061621e-10, 4.106539e+01, -1.336128e-01
1.796000e+09, 6.817241e-02, 9.413178e-01, -1.390882e+00, -2.805361e+00, 6.125224e-10, 8.062296e-10, 4.098350e+01, -1.339633e-01
1.799800e+09, 6.812668e-02, 9.413307e-01, -1.405507e+00, -2.824611e+00, 5.996467e-10, 8.062912e-10, 4.090280e+01, -1.342113e-01
1.803600e+09, 6.804730e-02, 9.413441e-01, -1.419824e+00, -2.843862e+00, 5.864807e-10, 8.063470e-10, 4.082344e+01, -1.343581e-01
1.807400e+09, 6.793431e-02, 9.413579e-01, -1.433827e+00, -2.863114e+00, 5.729891e-10, 8.063969e-10, 4.074561e+01, -1.344050e-01
1.811200e+09, 6.778781e-02, 9.413721e-01, -1.447508e+00, -2.882368e+00, 5.591354e-10, 8.064417e-10, 4.066946e+01, -1.343534e-01
1.815000e+09, 6.760790e-02, 9.413868e-01, -1.460858e+00, -2.901623e+00, 5.448810e-10, 8.064819e-10, 4.059515e+01, -1.342051e-01
1.818800e+09, 6.739477e-02, 9.414021e-01, -1.473867e+00, -2.920878e+00, 5.301855e-10, 8.065185e-10, 4.052284e+01, -1.339618e-01
1.822600e+09, 6.714859e-02, 9.414181e-01, -1.486526e+00, -2.940135e+00, 5.150061e-10, 8.065528e-10, 4.045269e+01, -1.336257e-01
1.826400e+09, 6.686961e-02, 9.414349e-01, -1.498822e+00, -2.959392e+00, 4.992978e-10, 8.065860e-10, 4.038484e+01, -1.331988e-01
1.830200e+09, 6.655813e-02, 9.414526e-01, -1.510744e+00, -2.978650e+00, 4.830127e-10, 8.066196e-10, 4.031943e+01, -1.326834e-01
1.834000e+09, 6.621445e-02, 9.414715e-01, -1.522276e+00, -2.997909e+00, 4.660999e-10, 8.066552e-10, 4.025662e+01, -1.320821e-01
1.837800e+09, 6.583897e-02, 9.414918e-01, -1.533405e+00, -3.017169e+00, 4.485054e-10, 8.066945e-10, 4.019653e+01, -1.313973e-01
1.841600e+09, 6.543211e-02, 9.415135e-01, -1.544113e+00, -3.036430e+00, 4.301716e-10, 8.067391e-10, 4.013931e+01, -1.306319e-01
1.845400e+09, 6.499435e-02, 9.415369e-01, -1.554384e+00, -3.055691e+00, 4.110369e-10, 8.067907e-10, 4.008506e+01, -1.297888e-01
1.849200e+09, 6.452623e-02, 9.415621e-01, -1.564198e+00, -3.074954e+00, 3.910357e-10, 8.068509e-10, 4.003393e+01, -1.288710e-01
1.853000e+09, 6.402836e-02, 9.415893e-01, -1.573534e+00, -3.094219e+00, 3.700981e-10, 8.069210e-10, 3.998603e+01, -1.278817e-01
1.856800e+09, 6.350140e-02, 9.416186e-01, -1.582371e+00, -3.113485e+00, 3.481494e-10, 8.070026e-10, 3.994148e+01, -1.268241e-01
1.860600e+09, 6.294608e-02, 9.416501e-01, -1.590683e+00, -3.132753e+00, 3.251099e-10, 8.070966e-10, 3.990038e+01, -1.257017e-01
1.864400e+09, 6.236323e-02, 9.416838e-01, -1.598446e+00, 3.131162e+00, 3.008947e-10, 8.072041e-10, 3.986284e+01, -1.245180e-01
1.868200e+09, 6.175373e-02, 9.417199e-01, -1.605630e+00, 3.111889e+00, 2.754137e-10, 8.073257e-10, 3.982897e+01, -1.232767e-01
1.872000e+09, 6.111857e-02, 9.417582e-01, -1.612206e+00, 3.092613e+00, 2.485711e-10, 8.074619e-10, 3.979885e+01, -1.219816e-01
1.875800e+09, 6.045882e-02, 9.417988e-01, -1.618141e+00, 3.073334e+00, 2.202658e-10, 8.076128e-10, 3.977258e+01, -1.206366e-01
1.879600e+09, 5.977567e-02, 9.418415e-01, -1.623400e+00, 3.054051e+00, 1.903911e-10, 8.077783e-10, 3.975024e+01, -1.192456e-01
1.883400e+09, 5.907041e-02, 9.418863e-01, -1.627946e+00, 3.034765e+00, 1.588353e-10, 8.079580e-10, 3.973192e+01, -1.178128e-01
1.887200e+09, 5.834446e-02, 9.419328e-01, -1.631738e+00, 3.015474e+00, 1.254819e-10, 8.081512e-10, 3.971769e+01, -1.163424e-01
1.891000e+09, 5.759937e-02, 9.419810e-01, -1.634734e+00, 2.996178e+00, 9.021048e-11, 8.083570e-10, 3.970762e+01, -1.148385e-01
1.894800e+09, 5.683684e-02, 9.420304e-01, -1.636888e+00, 2.976878e+00, 5.289799e-11, 8.085742e-10, 3.970178e+01, -1.133057e-01
1.898600e+09, 5.605871e-02, 9.420810e-01, -1.638151e+00, 2.957572e+00, 1.342002e-11, 8.088013e-10, 3.970023e+01, -1.117483e-01
1.902400e+09, 5.526701e-02, 9.421322e-01, -1.638471e+00, 2.938261e+00, -2.834690e-11, 8.090367e-10, 3.970303e+01, -1.101710e-01
1.906200e+09, 5.446394e-02, 9.421838e-01, -1.637794e+00, 2.918945e+00, -7.252246e-11, 8.092788e-10, 3.971021e+01, -1.085781e-01
1.910000e+09, 5.365192e-02, 9.422353e-01, -1.636063e+00, 2.899622e+00, -1.192190e-10, 8.095255e-10, 3.972184e+01, -1.069746e-01
1.913800e+09, 5.283357e-02, 9.422864e-01, -1.633216e+00, 2.880294e+00, -1.685365e-10, 8.097749e-10, 3.973793e+01, -1.053649e-01
1.917600e+09, 5.201174e-02, 9.423366e-01, -1.629192e+00, 2.860960e+00, -2.205573e-10, 8.100251e-10, 3.975854e+01, -1.037540e-01
1.921400e+09, 5.118956e-02, 9.423856e-01, -1.623926e+00, 2.841620e+00, -2.753379e-10, 8.102740e-10, 3.978368e+01, -1.021465e-01
1.925200e+09, 5.037040e-02, 9.424329e-01, -1.617352e+00, 2.822273e+00, -3.329012e-10, 8.105196e-10, 3.981337e+01, -1.005474e-01
1.929000e+09, 4.955792e-02, 9.424782e-01, -1.609404e+00, 2.802921e+00, -3.932250e-10, 8.107601e-10, 3.984764e+01, -9.896149e-02
1.932800e+09, 4.875608e-02, 9.425209e-01, -1.600015e+00, 2.783563e+00, -4.562305e-10, 8.109937e-10, 3.988648e+01, -9.739368e-02
1.936600e+09, 4.796917e-02, 9.425608e-01, -1.589122e+00, 2.764200e+00, -5.217682e-10, 8.112189e-10, 3.992990e+01, -9.584885e-02
1.940400e+09, 4.720177e-02, 9.425975e-01, -1.576664e+00, 2.744831e+00, -5.896027e-10, 8.114343e-10, 3.997790e+01, -9.433191e-02
1.944200e+09, 4.645882e-02, 9.426307e-01, -1.562587e+00, 2.725457e+00, -6.593968e-10, 8.116386e-10, 4.003046e+01, -9.284776e-02
1.948000e+09, 4.574555e-02, 9.426601e-01, -1.546843e+00, 2.706079e+00, -7.306959e-10, 8.118310e-10, 4.008756e+01, -9.140127e-02
1.951800e+09, 4.506752e-02, 9.426854e-01, -1.529397e+00, 2.686695e+00, -8.029137e-10, 8.120107e-10, 4.014919e+01, -8.999732e-02
1.955600e+09, 4.443056e-02, 9.427065e-01, -1.510227e+00, 2.667308e+00, -8.753210e-10, 8.121773e-10, 4.021532e+01, -8.864073e-02
1.959400e+09, 4.384078e-02, 9.427231e-01, -1.489327e+00, 2.647916e+00, -9.470407e-10, 8.123307e-10, 4.028589e+01, -8.733629e-02
1.963200e+09, 4.330445e-02, 9.427352e-01, -1.466716e+00, 2.628521e+00, -1.017051e-09, 8.124708e-10, 4.036088e+01, -8.608876e-02
1.967000e+09, 4.282802e-02, 9.427425e-01, -1.442432e+00, 2.609122e+00, -1.084197e-09, 8.125981e-10, 4.044022e+01, -8.490282e-02
1.970800e+09, 4.241793e-02, 9.427451e-01, -1.416546e+00, 2.589720e+00, -1.147220e-09, 8.127131e-10, 4.052386e+01, -8.378311e-02
1.974600e+09, 4.208061e-02, 9.427429e-01, -1.389155e+00, 2.570316e+00, -1.204796e-09, 8.128164e-10, 4.061173e+01, -8.273419e-02
1.978400e+09, 4.182228e-02, 9.427360e-01, -1.360389e+00, 2.550909e+00, -1.255593e-09, 8.129091e-10, 4.070376e+01, -8.176052e-02
1.982200e+09, 4.164889e-02, 9.427242e-01, -1.330410e+00, 2.531500e+00, -1.298333e-09, 8.129922e-10, 4.079988e+01, -8.086650e-02
1.986000e+09, 4.156593e-02, 9.427078e-01, -1.299411e+00, 2.512089e+00, -1.331869e-09, 8.130669e-10, 4.089998e+01, -8.005642e-02
1.989800e+09, 4.157832e-02, 9.426867e-01, -1.267611e+00, 2.492676e+00, -1.355257e-09, 8.131344e-10, 4.100398e+01, -7.933447e-02
1.993600e+09, 4.169028e-02, 9.426610e-01, -1.235253e+00, 2.473262e+00, -1.367821e-09, 8.131960e-10, 4.111177e+01, -7.870473e-02
1.997400e+09, 4.190526e-02, 9.426308e-01, -1.202595e+00, 2.453846e+00, -1.369205e-09, 8.132530e-10, 4.122324e+01, -7.817116e-02
2.001200e+09, 4.222579e-02, 9.425962e-01, -1.169904e+00, 2.434428e+00, -1.359396e-09, 8.133066e-10, 4.133829e+01, -7.773759e-02
2.005000e+09, 4.265351e-02, 9.425572e-01, -1.137447e+00, 2.415010e+00, -1.338730e-09, 8.133581e-10, 4.145677e+01, -7.740772e-02
2.008800e+09, 4.318908e-02, 9.425140e-01, -1.105483e+00, 2.395590e+00, -1.307862e-09, 8.134084e-10, 4.157856e+01, -7.718513e-02
2.012600e+09, 4.383226e-02, 9.424666e-01, -1.074256e+00, 2.376169e+00, -1.267723e-09, 8.134586e-10, 4.170353e+01, -7.707321e-02
2.016400e+09, 4.458197e-02, 9.424150e-01, -1.043988e+00, 2.356747e+00, -1.219447e-09, 8.135093e-10, 4.183151e+01, -7.707525e-02
2.020200e+09, 4.543629e-02, 9.423592e-01, -1.014872e+00, 2.337323e+00, -1.164307e-09, 8.135612e-10, 4.196237e+01, -7.719435e-02
2.024000e+09, 4.639265e-02, 9.422993e-01, -9.870732e-01, 2.317899e+00, -1.103636e-09, 8.136147e-10, 4.209593e+01, -7.743345e-02
2.027800e+09, 4.744790e-02, 9.422352e-01, -9.607227e-01, 2.298473e+00, -1.038761e-09, 8.136698e-10, 4.223204e+01, -7.779533e-02
2.031600e+09, 4.859842e-02, 9.421669e-01, -9.359212e-01, 2.279045e+00, -9.709484e-10, 8.137265e-10, 4.237050e+01, -7.828259e-02
2.035400e+09, 4.984025e-02, 9.420942e-01, -9.127387e-01, 2.259617e+00, -9.013629e-10, 8.137846e-10, 4.251114e+01, -7.889766e-02
2.039200e+09, 5.116917e-02, 9.420170e-01, -8.912177e-01, 2.240187e+00, -8.310380e-10, 8.138435e-10, 4.265378e+01, -7.964276e-02
2.043000e+09, 5.258084e-02, 9.419353e-01, -8.713757e-01, 2.220755e+00, -7.608630e-10, 8.139026e-10, 4.279820e+01, -8.051996e-02
2.046800e+09, 5.407083e-02, 9.418488e-01, -8.532093e-01, 2.201323e+00, -6.915791e-10, 8.139608e-10, 4.294421e+01, -8.153110e-02
2.050600e+09, 5.563470e-02, 9.417574e-01, -8.366971e-01, 2.181888e+00, -6.237848e-10, 8.140173e-10, 4.309160e+01, -8.267783e-02
2.054400e+09, 5.726811e-02, 9.416609e-01, -8.218035e-01, 2.162453e+00, -5.579460e-10, 8.140707e-10, 4.324015e+01, -8.396162e-02
2.058200e+09, 5.896675e-02, 9.415590e-01, -8.084819e-01, 2.143016e+00, -4.944100e-10, 8.141197e-10, 4.338964e+01, -8.538370e-02
2.062000e+09, 6.072650e-02, 9.414515e-01, -7.966773e-01, 2.123578e+00, -4.334217e-10, 8.141629e-10, 4.353984e+01, -8.694511e-02
2.065800e+09, 6.254334e-02, 9.413382e-01, -7.863289e-01, 2.104139e+00, -3.751392e-10, 8.141988e-10, 4.369051e+01, -8.864667e-02
2.069600e+09, 6.441344e-02, 9.412188e-01, -7.773721e-01, 2.084699e+00, -3.196489e-10, 8.142258e-10, 4.384141e+01, -9.048898e-02
2.073400e+09, 6.633311e-02, 9.410932e-01, -7.697401e-01, 2.065258e+00, -2.669797e-10, 8.142425e-10, 4.399230e+01, -9.247243e-02
2.077200e+09, 6.829885e-02, 9.409610e-01, -7.633656e-01, 2.045817e+00, -2.171151e-10, 8.142474e-10, 4.414293e+01, -9.459719e-02
2.081000e+09, 7.030731e-02, 9.408221e-01, -7.581818e-01, 2.026376e+00, -1.700039e-10, 8.142391e-10, 4.429304e+01, -9.686318e-02
2.084800e+09, 7.235532e-02, 9.406762e-01, -7.541228e-01, 2.006936e+00, -1.255690e-10, 8.142163e-10, 4.444237e+01, -9.927012e-02
2.088600e+09, 7.443986e-02, 9.405233e-01, -7.511247e-01, 1.987495e+00, -8.371495e-11, 8.141779e-10, 4.459067e+01, -1.018175e-01
2.092400e+09, 7.655804e-02, 9.403631e-01, -7.491259e-01, 1.968056e+00, -4.433371e-11, 8.141228e-10, 4.473767e+01, -1.045045e-01
2.096200e+09, 7.870714e-02, 9.401955e-01, -7.480673e-01, 1.948618e+00, -7.309589e-12, 8.140501e-10, 4.488309e+01, -1.073303e-01
2.100000e+09, 8.088454e-02, 9.400205e-01, -7.478928e-01, 1.929181e+00, 2.747713e-11, 8.139593e-10, 4.502668e+01, -1.102935e-01
2.103800e+09, 8.308777e-02, 9.398380e-01, -7.485489e-01, 1.909747e+00, 6.014726e-11, 8.138499e-10, 4.516815e+01, -1.133928e-01
2.107600e+09, 8.531446e-02, 9.396480e-01, -7.499850e-01, 1.890316e+00, 9.082056e-11, 8.137216e-10, 4.530725e+01, -1.166265e-01
2.111400e+09, 8.756235e-02, 9.394505e-01, -7.521534e-01, 1.870887e+00, 1.196141e-10, 8.135744e-10, 4.544368e+01, -1.199926e-01
2.115200e+09, 8.982926e-02, 9.392456e-01, -7.550093e-01, 1.851462e+00, 1.466412e-10, 8.134085e-10, 4.557719e+01, -1.234892e-01
2.119000e+09, 9.211312e-02, 9.390334e-01, -7.585105e-01, 1.832041e+00, 1.720105e-10, 8.132243e-10, 4.570751e+01, -1.271137e-01
2.122800e+09, 9.441195e-02, 9.388140e-01, -7.626175e-01, 1.812625e+00, 1.958257e-10, 8.130223e-10, 4.583435e+01, -1.308636e-01
2.126600e+09, 9.672381e-02, 9.385876e-01, -7.672930e-01, 1.793213e+00, 2.181849e-10, 8.128032e-10, 4.595746e+01, -1.347362e-01
2.130400e+09, 9.904687e-02, 9.383544e-01, -7.725024e-01, 1.773806e+00, 2.391808e-10, 8.125681e-10, 4.607658e+01, -1.387284e-01
2.134200e+09, 1.013793e-01, 9.381146e-01, -7.782131e-01, 1.754405e+00, 2.589007e-10, 8.123179e-10, 4.619143e+01, -1.428369e-01
2.138000e+09, 1.037195e-01, 9.378685e-01, -7.843947e-01, 1.735010e+00, 2.774262e-10, 8.120538e-10, 4.630178e+01, -1.470584e-01
2.141800e+09, 1.060657e-01, 9.376164e-01, -7.910185e-01, 1.715622e+00, 2.948340e-10, 8.117771e-10, 4.640736e+01, -1.513892e-01
2.145600e+09, 1.084163e-01, 9.373585e-01, -7.980580e-01, 1.696239e+00, 3.111955e-10, 8.114889e-10, 4.650793e+01, -1.558254e-01
2.149400e+09, 1.107697e-01, 9.370952e-01, -8.054882e-01, 1.676864e+00, 3.265773e-10, 8.111908e-10, 4.660326e+01, -1.603631e-01
2.153200e+09, 1.131244e-01, 9.368269e-01, -8.132856e-01, 1.657496e+00, 3.410414e-10, 8.108839e-10, 4.669312e+01, -1.649978e-01
2.157000e+09, 1.154790e-01, 9.365538e-01, -8.214283e-01, 1.638135e+00, 3.546456e-10, 8.105697e-10, 4.677729e+01, -1.697254e-01
2.160800e+09, 1.178319e-01, 9.362762e-01, -8.298958e-01, 1.618782e+00, 3.674436e-10, 8.102494e-10, 4.685555e+01, -1.745411e-01
2.164600e+09, 1.201817e-01, 9.359946e-01, -8.386690e-01, 1.599437e+00, 3.794851e-10, 8.099242e-10, 4.692771e+01, -1.794402e-01
2.168400e+09, 1.225272e-01, 9.357093e-01, -8.477296e-01, 1.580099e+00, 3.908164e-10, 8.095953e-10, 4.699356e+01, -1.844178e-01
2.172200e+09, 1.248668e-01, 9.354205e-01, -8.570608e-01, 1.560769e+00, 4.014804e-10, 8.092636e-10, 4.705294e+01, -1.894689e-01
2.176000e+09, 1.271994e-01, 9.351286e-01, -8.666466e-01, 1.541447e+00, 4.115170e-10, 8.089299e-10, 4.710567e+01, -1.945881e-01
2.179800e+09, 1.295236e-01, 9.348339e-01, -8.764720e-01, 1.522133e+00, 4.209629e-10, 8.085952e-10, 4.715159e+01, -1.997703e-01
2.183600e+09, 1.318380e-01, 9.345367e-01, -8.865229e-01, 1.502827e+00, 4.298526e-10, 8.082599e-10, 4.719056e+01, -2.050098e-01
2.187400e+09, 1.341416e-01, 9.342372e-01, -8.967861e-01, 1.483528e+00, 4.382178e-10, 8.079245e-10, 4.722246e+01, -2.103012e-01
2.191200e+09, 1.364330e-01, 9.339357e-01, -9.072491e-01, 1.464238e+00, 4.460878e-10, 8.075893e-10, 4.724717e+01, -2.156388e-01
2.195000e+09, 1.387111e-01, 9.336324e-01, -9.178999e-01, 1.444956e+00, 4.534901e-10, 8.072545e-10, 4.726458e+01, -2.210167e-01
2.198800e+09, 1.409746e-01, 9.333276e-01, -9.287275e-01, 1.425682e+00, 4.604501e-10, 8.069202e-10, 4.727461e+01, -2.264293e-01
2.202600e+09, 1.432225e-01, 9.330214e-01, -9.397212e-01, 1.406416e+00, 4.669913e-10, 8.065861e-10, 4.727720e+01, -2.318705e-01
2.206400e+09, 1.454535e-01, 9.327141e-01, -9.508712e-01, 1.387158e+00, 4.731356e-10, 8.062521e-10, 4.727227e+01, -2.373343e-01
2.210200e+09, 1.476666e-01, 9.324058e-01, -9.621678e-01, 1.367908e+00, 4.789033e-10, 8.059180e-10, 4.725980e+01, -2.428149e-01
2.214000e+09, 1.498606e-01, 9.320966e-01, -9.736022e-01, 1.348666e+00, 4.843135e-10, 8.055832e-10, 4.723976e+01, -2.483062e-01
2.217800e+09, 1.520345e-01, 9.317869e-01, -9.851657e-01, 1.329431e+00, 4.893838e-10, 8.052474e-10, 4.721214e+01, -2.538021e-01
2.221600e+09, 1.541873e-01, 9.314766e-01, -9.968503e-01, 1.310205e+00, 4.941306e-10, 8.049101e-10, 4.717694e+01, -2.592966e-01
2.225400e+09, 1.563178e-01, 9.311661e-01, -1.008648e+00, 1.290987e+00, 4.985692e-10, 8.045708e-10, 4.713420e+01, -2.647837e-01
2.229200e+09, 1.584251e-01, 9.308553e-01, -1.020552e+00, 1.271777e+00, 5.027142e-10, 8.042290e-10, 4.708395e+01, -2.702573e-01
2.233000e+09, 1.605081e-01, 9.305445e-01, -1.032555e+00, 1.252575e+00, 5.065788e-10, 8.038843e-10, 4.702625e+01, -2.757116e-01
2.236800e+09, 1.625659e-01, 9.302339e-01, -1.044650e+00, 1.233382e+00, 5.101757e-10, 8.035363e-10, 4.696115e+01, -2.811404e-01
2.240600e+09, 1.645976e-01, 9.299236e-01, -1.056831e+00, 1.214196e+00, 5.135166e-10, 8.031846e-10, 4.688876e+01, -2.865381e-01
2.244400e+09, 1.666022e-01, 9.296138e-01, -1.069092e+00, 1.195019e+00, 5.166127e-10, 8.028291e-10, 4.680916e+01, -2.918989e-01
2.248200e+09, 1.685787e-01, 9.293047e-01, -1.081427e+00, 1.175851e+00, 5.194743e-10, 8.024695e-10, 4.672246e+01, -2.972169e-01
2.252000e+09, 1.705264e-01, 9.289966e-01, -1.093830e+00, 1.156691e+00, 5.221113e-10, 8.021059e-10, 4.662880e+01, -3.024866e-01
2.255800e+09, 1.724442e-01, 9.286896e-01, -1.106296e+00, 1.137540e+00, 5.245328e-10, 8.017384e-10, 4.652831e+01, -3.077026e-01
2.259600e+09, 1.743314e-01, 9.283841e-01, -1.118819e+00, 1.118398e+00, 5.267476e-10, 8.013672e-10, 4.642114e+01, -3.128593e-01
2.263400e+09, 1.761871e-01, 9.280802e-01, -1.131396e+00, 1.099264e+00, 5.287638e-10, 8.009928e-10, 4.630745e+01, -3.179516e-01
2.267200e+09, 1.780105e-01, 9.277784e-01, -1.144021e+00, 1.080139e+00, 5.305890e-10, 8.006156e-10, 4.618741e+01, -3.229742e-01
2.271000e+09, 1.798009e-01, 9.274788e-01, -1.156689e+00, 1.061024e+00, 5.322306e-10, 8.002363e-10, 4.606120e+01, -3.279223e-01
2.274800e+09, 1.815573e-01, 9.271818e-01, -1.169397e+00, 1.041917e+00, 5.336954e-10, 7.998556e-10, 4.592902e+01, -3.327908e-01
2.278600e+09, 1.832792e-01, 9.268879e-01, -1.182139e+00, 1.022820e+00, 5.349897e-10, 7.994746e-10, 4.579106e+01, -3.375751e-01
2.282400e+09, 1.849657e-01, 9.265972e-01, -1.194913e+00, 1.003732e+00, 5.361196e-10, 7.990941e-10, 4.564753e+01, -3.422707e-01
2.286200e+09, 1.866161e-01, 9.263102e-01, -1.207713e+00, 9.846523e-01, 5.370906e-10, 7.987154e-10, 4.549864e+01, -3.468730e-01
2.290000e+09, 1.882298e-01, 9.260273e-01, -1.220537e+00, 9.655821e-01, 5.379080e-10, 7.983395e-10, 4.534462e+01, -3.513779e-01
2.293800e+09, 1.898060e-01, 9.257489e-01, -1.233380e+00, 9.465208e-01, 5.385766e-10, 7.979678e-10, 4.518568e+01, -3.557813e-01
2.297600e+09, 1.913441e-01, 9.254753e-01, -1.246239e+00, 9.274685e-01, 5.391010e-10, 7.976014e-10, 4.502207e+01, -3.600792e-01
2.301400e+09, 1.928435e-01, 9.252070e-01, -1.259111e+00, 9.084249e-01, 5.394852e-10, 7.972417e-10, 4.485401e+01, -3.642679e-01
2.305200e+09, 1.943035e-01, 9.249443e-01, -1.271992e+00, 8.893898e-01, 5.397330e-10, 7.968899e-10, 4.468174e+01, -3.683437e-01
2.309000e+09, 1.957236e-01, 9.246877e-01, -1.284878e+00, 8.703632e-01, 5.398480e-10, 7.965474e-10, 4.450550e+01, -3.723033e-01
2.312800e+09, 1.971031e-01, 9.244374e-01, -1.297768e+00, 8.513448e-01, 5.398331e-10, 7.962154e-10, 4.432553e+01, -3.761434e-01
2.316600e+09, 1.984414e-01, 9.241939e-01, -1.310657e+00, 8.323342e-01, 5.396911e-10, 7.958949e-10, 4.414209e+01, -3.798609e-01
2.320400e+09, 1.997381e-01, 9.239576e-01, -1.323543e+00, 8.133314e-01, 5.394245e-10, 7.955872e-10, 4.395541e+01, -3.834529e-01
2.324200e+09, 2.009925e-01, 9.237287e-01, -1.336422e+00, 7.943358e-01, 5.390354e-10, 7.952932e-10, 4.376574e+01, -3.869165e-01
2.328000e+09, 2.022041e-01, 9.235076e-01, -1.349292e+00, 7.753473e-01, 5.385255e-10, 7.950139e-10, 4.357332e+01, -3.902493e-01
2.331800e+09, 2.033725e-01, 9.232946e-01, -1.362150e+00, 7.563655e-01, 5.378963e-10, 7.947500e-10, 4.337841e+01, -3.934487e-01
2.335600e+09, 2.044972e-01, 9.230900e-01, -1.374993e+00, 7.373900e-01, 5.371491e-10, 7.945021e-10, 4.318124e+01, -3.965125e-01
2.339400e+09, 2.055776e-01, 9.228940e-01, -1.387818e+00, 7.184204e-01, 5.362846e-10, 7.942709e-10, 4.298207e+01, -3.994386e-01
2.343200e+09, 2.066134e-01, 9.227068e-01, -1.400622e+00, 6.994563e-01, 5.353035e-10, 7.940567e-10, 4.278112e+01, -4.022251e-01
2.347000e+09, 2.076040e-01, 9.225288e-01, -1.413403e+00, 6.804973e-01, 5.342061e-10, 7.938600e-10, 4.257865e+01, -4.048701e-01
2.350800e+09, 2.085490e-01, 9.223599e-01, -1.426158e+00, 6.615430e-01, 5.329924e-10, 7.936807e-10, 4.237488e+01, -4.073720e-01
2.354600e+09, 2.094481e-01, 9.222005e-01, -1.438884e+00, 6.425930e-01, 5.316622e-10, 7.935190e-10, 4.217007e+01, -4.097294e-01
2.358400e+09, 2.103009e-01, 9.220506e-01, -1.451578e+00, 6.236468e-01, 5.302150e-10, 7.933749e-10, 4.196443e+01, -4.119409e-01
2.362200e+09, 2.111070e-01, 9.219103e-01, -1.464237e+00, 6.047041e-01, 5.286502e-10, 7.932483e-10, 4.175819e+01, -4.140054e-01
2.366000e+09, 2.118660e-01, 9.217798e-01, -1.476859e+00, 5.857645e-01, 5.269668e-10, 7.931389e-10, 4.155160e+01, -4.159218e-01
2.369800e+09, 2.125775e-01, 9.216591e-01, -1.489441e+00, 5.668274e-01, 5.251636e-10, 7.930464e-10, 4.134486e+01, -4.176894e-01
2.373600e+09, 2.132414e-01, 9.215483e-01, -1.501980e+00, 5.478925e-01, 5.232392e-10, 7.929705e-10, 4.113820e+01, -4.193075e-01
2.377400e+09, 2.138573e-01, 9.214475e-01, -1.514473e+00, 5.289595e-01, 5.211920e-10, 7.929110e-10, 4.093183e+01, -4.207754e-01
2.381200e+09, 2.144249e-01, 9.213565e-01, -1.526917e+00, 5.100279e-01, 5.190201e-10, 7.928673e-10, 4.072597e+01, -4.220929e-01
2.385000e+09, 2.149440e-01, 9.212756e-01, -1.539309e+00, 4.910973e-01, 5.167216e-10, 7.928392e-10, 4.052083e+01, -4.232596e-01
2.388800e+09, 2.154144e-01, 9.212046e-01, -1.551647e+00, 4.721674e-01, 5.142941e-10, 7.928262e-10, 4.031661e+01, -4.242756e-01
2.392600e+09, 2.158357e-01, 9.211436e-01, -1.563926e+00, 4.532378e-01, 5.117351e-10, 7.928281e-10, 4.011351e+01, -4.251408e-01
2.396400e+09, 2.162080e-01, 9.210925e-01, -1.576144e+00, 4.343081e-01, 5.090420e-10, 7.928445e-10, 3.991173e+01, -4.258556e-01
2.400200e+09, 2.165309e-01, 9.210515e-01, -1.588298e+00, 4.153781e-01, 5.062117e-10, 7.928753e-10, 3.971146e+01, -4.264203e-01
2.404000e+09, 2.168044e-01, 9.210203e-01, -1.600384e+00, 3.964473e-01, 5.032412e-10, 7.929202e-10, 3.951289e+01, -4.268354e-01
2.407800e+09, 2.170284e-01, 9.209991e-01, -1.612400e+00, 3.775155e-01, 5.001271e-10, 7.929791e-10, 3.931620e+01, -4.271018e-01
2.411600e+09, 2.172027e-01, 9.209879e-01, -1.624341e+00, 3.585822e-01, 4.968656e-10, 7.930520e-10, 3.912158e+01, -4.272201e-01
2.415400e+09, 2.173273e-01, 9.209865e-01, -1.636204e+00, 3.396472e-01, 4.934529e-10, 7.931390e-10, 3.892920e+01, -4.271915e-01
2.419200e+09, 2.174023e-01, 9.209950e-01, -1.647986e+00, 3.207102e-01, 4.898847e-10, 7.932401e-10, 3.873922e+01, -4.270170e-01
2.423000e+09, 2.174274e-01, 9.210134e-01, -1.659682e+00, 3.017707e-01, 4.861566e-10, 7.933556e-10, 3.855183e+01, -4.266981e-01
2.426800e+09, 2.174029e-01, 9.210417e-01, -1.671290e+00, 2.828284e-01, 4.822637e-10, 7.934857e-10, 3.836718e+01, -4.262362e-01
2.430600e+09, 2.173287e-01, 9.210798e-01, -1.682805e+00, 2.638831e-01, 4.782011e-10, 7.936306e-10, 3.818542e+01, -4.256330e-01
2.434400e+09, 2.172049e-01, 9.211277e-01, -1.694222e+00, 2.449343e-01, 4.739631e-10, 7.937908e-10, 3.800672e+01, -4.248902e-01
2.438200e+09, 2.170317e-01, 9.211854e-01, -1.705539e+00, 2.259816e-01, 4.695441e-10, 7.939667e-10, 3.783123e+01, -4.240099e-01
2.442000e+09, 2.168091e-01, 9.212528e-01, -1.716749e+00, 2.070248e-01, 4.649380e-10, 7.941585e-10, 3.765909e+01, -4.229941e-01
2.445800e+09, 2.165374e-01, 9.213299e-01, -1.727850e+00, 1.880634e-01, 4.601381e-10, 7.943668e-10, 3.749044e+01, -4.218452e-01
2.449600e+09, 2.162167e-01, 9.214167e-01, -1.738837e+00, 1.690970e-01, 4.551376e-10, 7.945919e-10, 3.732542e+01, -4.205656e-01
2.453400e+09, 2.158472e-01, 9.215130e-01, -1.749704e+00, 1.501253e-01, 4.499293e-10, 7.948341e-10, 3.716417e+01, -4.191579e-01
2.457200e+09, 2.154294e-01, 9.216188e-01, -1.760446e+00, 1.311477e-01, 4.445053e-10, 7.950939e-10, 3.700681e+01, -4.176250e-01
2.461000e+09, 2.149634e-01, 9.217341e-01, -1.771059e+00, 1.121640e-01, 4.388575e-10, 7.953715e-10, 3.685348e+01, -4.159698e-01
2.464800e+09, 2.144497e-01, 9.218586e-01, -1.781537e+00, 9.317361e-02, 4.329775e-10, 7.956671e-10, 3.670429e+01, -4.141955e-01
2.468600e+09, 2.138885e-01, 9.219922e-01, -1.791875e+00, 7.417617e-02, 4.268563e-10, 7.959809e-10, 3.655937e+01, -4.123053e-01
2.472400e+09, 2.132804e-01, 9.221349e-01, -1.802067e+00, 5.517125e-02, 4.204843e-10, 7.963128e-10, 3.641882e+01, -4.103028e-01
2.476200e+09, 2.126259e-01, 9.222863e-01, -1.812106e+00, 3.615841e-02, 4.138519e-10, 7.966628e-10, 3.628275e+01, -4.081916e-01
2.480000e+09, 2.119254e-01, 9.224464e-01, -1.821988e+00, 1.713720e-02, 4.069488e-10, 7.970309e-10, 3.615128e+01, -4.059756e-01
2.483800e+09, 2.111795e-01, 9.226149e-01, -1.831704e+00, -1.892791e-03, 3.997642e-10, 7.974167e-10, 3.602451e+01, -4.036588e-01
2.487600e+09, 2.103889e-01, 9.227915e-01, -1.841249e+00, -2.093199e-02, 3.922871e-10, 7.978198e-10, 3.590253e+01, -4.012453e-01
2.491400e+09, 2.095542e-01, 9.229760e-01, -1.850615e+00, -3.998082e-02, 3.845060e-10, 7.982399e-10, 3.578543e+01, -3.987397e-01
2.495200e+09, 2.086762e-01, 9.231680e-01, -1.859795e+00, -5.903968e-02, 3.764090e-10, 7.986763e-10, 3.567331e+01, -3.961463e-01
2.499000e+09, 2.077557e-01, 9.233674e-01, -1.868783e+00, -7.810896e-02, 3.679839e-10, 7.991285e-10, 3.556625e+01, -3.934700e-01
2.502800e+09, 2.067934e-01, 9.235737e-01, -1.877569e+00, -9.718904e-02, 3.592182e-10, 7.995958e-10, 3.546433e+01, -3.907157e-01
2.506600e+09, 2.057904e-01, 9.237866e-01, -1.886145e+00, -1.162803e-01, 3.500989e-10, 8.000773e-10, 3.536763e+01, -3.878884e-01
2.510400e+09, 2.047477e-01, 9.240057e-01, -1.894504e+00, -1.353830e-01, 3.406130e-10, 8.005722e-10, 3.527621e+01, -3.849934e-01
2.514200e+09, 2.036662e-01, 9.242307e-01, -1.902637e+00, -1.544975e-01, 3.307470e-10, 8.010796e-10, 3.519015e+01, -3.820361e-01
2.518000e+09, 2.025471e-01, 9.244611e-01, -1.910534e+00, -1.736242e-01, 3.204875e-10, 8.015988e-10, 3.510950e+01, -3.790222e-01
2.521800e+09, 2.013916e-01, 9.246966e-01, -1.918186e+00, -1.927633e-01, 3.098206e-10, 8.021287e-10, 3.503432e+01, -3.759572e-01
2.525600e+09, 2.002010e-01, 9.249366e-01, -1.925583e+00, -2.119150e-01, 2.987328e-10, 8.026684e-10, 3.496466e+01, -3.728472e-01
2.529400e+09, 1.989767e-01, 9.251809e-01, -1.932716e+00, -2.310796e-01, 2.872103e-10, 8.032172e-10, 3.490057e+01, -3.696981e-01
2.533200e+09, 1.977201e-01, 9.254289e-01, -1.939573e+00, -2.502573e-01, 2.752395e-10, 8.037740e-10, 3.484208e+01, -3.665162e-01
2.537000e+09, 1.964328e-01, 9.256802e-01, -1.946145e+00, -2.694483e-01, 2.628069e-10, 8.043383e-10, 3.478922e+01, -3.633077e-01
2.540800e+09, 1.951164e-01, 9.259344e-01, -1.952420e+00, -2.886527e-01, 2.498997e-10, 8.049090e-10, 3.474204e+01, -3.600791e-01
2.544600e+09, 1.937726e-01, 9.261911e-01, -1.958386e+00, -3.078708e-01, 2.365050e-10, 8.054857e-10, 3.470053e+01, -3.568369e-01
2.548400e+09, 1.924034e-01, 9.264497e-01, -1.964033e+00, -3.271027e-01, 2.226110e-10, 8.060676e-10, 3.466473e+01, -3.535877e-01
2.552200e+09, 1.910106e-01, 9.267099e-01, -1.969348e+00, -3.463484e-01, 2.082065e-10, 8.066541e-10, 3.463463e+01, -3.503383e-01
2.556000e+09, 1.895962e-01, 9.269712e-01, -1.974319e+00, -3.656082e-01, 1.932812e-10, 8.072448e-10, 3.461025e+01, -3.470955e-01
2.559800e+09, 1.881626e-01, 9.272332e-01, -1.978934e+00, -3.848820e-01, 1.778261e-10, 8.078391e-10, 3.459156e+01, -3.438661e-01
2.563600e+09, 1.867118e-01, 9.274954e-01, -1.983180e+00, -4.041701e-01, 1.618337e-10, 8.084366e-10, 3.457857e+01, -3.406570e-01
2.567400e+09, 1.852464e-01, 9.277573e-01, -1.987044e+00, -4.234724e-01, 1.452981e-10, 8.090369e-10, 3.457124e+01, -3.374754e-01
2.571200e+09, 1.837688e-01, 9.280185e-01, -1.990513e+00, -4.427891e-01, 1.282157e-10, 8.096397e-10, 3.456955e+01, -3.343280e-01
2.575000e+09, 1.822817e-01, 9.282787e-01, -1.993574e+00, -4.621201e-01, 1.105851e-10, 8.102446e-10, 3.457347e+01, -3.312220e-01
2.578800e+09, 1.807878e-01, 9.285372e-01, -1.996215e+00, -4.814656e-01, 9.240786e-11, 8.108512e-10, 3.458295e+01, -3.281643e-01
2.582600e+09, 1.792900e-01, 9.287936e-01, -1.998421e+00, -5.008255e-01, 7.368862e-11, 8.114592e-10, 3.459795e+01, -3.251619e-01
2.586400e+09, 1.777915e-01, 9.290475e-01, -2.000180e+00, -5.202000e-01, 5.443586e-11, 8.120681e-10, 3.461839e+01, -3.222219e-01
2.590200e+09, 1.762952e-01, 9.292984e-01, -2.001480e+00, -5.395891e-01, 3.466218e-11, 8.126774e-10, 3.464422e+01, -3.193510e-01
2.594000e+09, 1.748046e-01, 9.295458e-01, -2.002308e+00, -5.589926e-01, 1.438493e-11, 8.132867e-10, 3.467535e+01, -3.165562e-01
2.597800e+09, 1.733231e-01, 9.297892e-01, -2.002651e+00, -5.784107e-01, -6.373234e-12, 8.138953e-10, 3.471172e+01, -3.138442e-01
2.601600e+09, 1.718542e-01, 9.300281e-01, -2.002499e+00, -5.978434e-01, -2.758380e-11, 8.145026e-10, 3.475321e+01, -3.112217e-01
2.605400e+09, 1.704017e-01, 9.302619e-01, -2.001840e+00, -6.172905e-01, -4.921176e-11, 8.151077e-10, 3.479973e+01, -3.086953e-01
2.609200e+09, 1.689693e-01, 9.304901e-01, -2.000665e+00, -6.367521e-01, -7.121507e-11, 8.157098e-10, 3.485117e+01, -3.062715e-01
2.613000e+09, 1.675611e-01, 9.307123e-01, -1.998965e+00, -6.562281e-01, -9.354402e-11, 8.163078e-10, 3.490741e+01, -3.039567e-01
2.616800e+09, 1.661811e-01, 9.309277e-01, -1.996732e+00, -6.757184e-01, -1.161407e-10, 8.169007e-10, 3.496833e+01, -3.017570e-01
2.620600e+09, 1.648336e-01, 9.311360e-01, -1.993959e+00, -6.952228e-01, -1.389385e-10, 8.174873e-10, 3.503378e+01, -2.996785e-01
2.624400e+09, 1.635228e-01, 9.313363e-01, -1.990641e+00, -7.147412e-01, -1.618618e-10, 8.180663e-10, 3.510362e+01, -2.977270e-01
2.628200e+09, 1.622533e-01, 9.315283e-01, -1.986777e+00, -7.342734e-01, -1.848255e-10, 8.186364e-10, 3.517769e+01, -2.959082e-01
2.632000e+09, 1.610294e-01, 9.317113e-01, -1.982364e+00, -7.538193e-01, -2.077349e-10, 8.191960e-10, 3.525583e+01, -2.942277e-01
2.635800e+09, 1.598559e-01, 9.318847e-01, -1.977404e+00, -7.733785e-01, -2.304860e-10, 8.197438e-10, 3.533786e+01, -2.926907e-01
2.639600e+09, 1.587372e-01, 9.320480e-01, -1.971901e+00, -7.929508e-01, -2.529652e-10, 8.202782e-10, 3.542360e+01, -2.913023e-01
2.643400e+09, 1.576782e-01, 9.322005e-01, -1.965861e+00, -8.125358e-01, -2.750504e-10, 8.207976e-10, 3.551286e+01, -2.900673e-01
2.647200e+09, 1.566834e-01, 9.323417e-01, -1.959294e+00, -8.321333e-01, -2.966113e-10, 8.213006e-10, 3.560543e+01, -2.889903e-01
2.651000e+09, 1.557576e-01, 9.324710e-01, -1.952212e+00, -8.517427e-01, -3.175104e-10, 8.217857e-10, 3.570111e+01, -2.880756e-01
2.654800e+09, 1.549055e-01, 9.325878e-01, -1.944631e+00, -8.713638e-01, -3.376050e-10, 8.222513e-10, 3.579967e+01, -2.873272e-01
2.658600e+09, 1.541315e-01, 9.326917e-01, -1.936570e+00, -8.909959e-01, -3.567479e-10, 8.226961e-10, 3.590087e+01, -2.867491e-01
2.662400e+09, 1.534402e-01, 9.327821e-01, -1.928053e+00, -9.106387e-01, -3.747903e-10, 8.231187e-10, 3.600449e+01, -2.863445e-01
2.666200e+09, 1.528360e-01, 9.328585e-01, -1.919104e+00, -9.302916e-01, -3.915836e-10, 8.235180e-10, 3.611027e+01, -2.861169e-01
2.670000e+09, 1.523229e-01, 9.329205e-01, -1.909755e+00, -9.499540e-01, -4.069819e-10, 8.238929e-10, 3.621795e+01, -2.860689e-01
2.673800e+09, 1.519051e-01, 9.329677e-01, -1.900037e+00, -9.696253e-01, -4.208449e-10, 8.242424e-10, 3.632728e+01, -2.862033e-01
2.677600e+09, 1.515863e-01, 9.329996e-01, -1.889989e+00, -9.893050e-01, -4.330405e-10, 8.245656e-10, 3.643796e+01, -2.865222e-01
2.681400e+09, 1.513700e-01, 9.330158e-01, -1.879650e+00, -1.008992e+00, -4.434479e-10, 8.248619e-10, 3.654974e+01, -2.870276e-01
2.685200e+09, 1.512593e-01, 9.330161e-01, -1.869062e+00, -1.028687e+00, -4.519601e-10, 8.251308e-10, 3.666230e+01, -2.877209e-01
2.689000e+09, 1.512572e-01, 9.330001e-01, -1.858271e+00, -1.048388e+00, -4.584863e-10, 8.253718e-10, 3.677536e+01, -2.886035e-01
2.692800e+09, 1.513661e-01, 9.329675e-01, -1.847324e+00, -1.068094e+00, -4.629546e-10, 8.255848e-10, 3.688862e+01, -2.896762e-01
2.696600e+09, 1.515882e-01, 9.329182e-01, -1.836271e+00, -1.087806e+00, -4.653134e-10, 8.257694e-10, 3.700176e+01, -2.909395e-01
2.700400e+09, 1.519251e-01, 9.328519e-01, -1.825161e+00, -1.107522e+00, -4.655331e-10, 8.259259e-10, 3.711447e+01, -2.923935e-01
2.704200e+09, 1.523783e-01, 9.327684e-01, -1.814046e+00, -1.127242e+00, -4.636067e-10, 8.260542e-10, 3.722642e+01, -2.940380e-01
2.708000e+09, 1.529484e-01, 9.326676e-01, -1.802977e+00, -1.146965e+00, -4.595498e-10, 8.261546e-10, 3.733730e+01, -2.958724e-01
2.711800e+09, 1.536360e-01, 9.325493e-01, -1.792004e+00, -1.166691e+00, -4.534009e-10, 8.262273e-10, 3.744677e+01, -2.978956e-01
2.715600e+09, 1.544411e-01, 9.324136e-01, -1.781179e+00, -1.186418e+00, -4.452198e-10, 8.262727e-10, 3.755451e+01, -3.001063e-01
2.719400e+09, 1.553631e-01, 9.322602e-01, -1.770549e+00, -1.206146e+00, -4.350863e-10, 8.262910e-10, 3.766018e+01, -3.025028e-01
2.723200e+09, 1.564013e-01, 9.320892e-01, -1.760161e+00, -1.225874e+00, -4.230984e-10, 8.262827e-10, 3.776345e+01, -3.050828e-01
2.727000e+09, 1.575544e-01, 9.319006e-01, -1.750059e+00, -1.245603e+00, -4.093697e-10, 8.262482e-10, 3.786398e+01, -3.078440e-01
2.730800e+09, 1.588206e-01, 9.316942e-01, -1.740284e+00, -1.265330e+00, -3.940270e-10, 8.261876e-10, 3.796144e+01, -3.107834e-01
2.734600e+09, 1.601979e-01, 9.314702e-01, -1.730877e+00, -1.285057e+00, -3.772075e-10, 8.261014e-10, 3.805551e+01, -3.138977e-01
2.738400e+09, 1.616840e-01, 9.312285e-01, -1.721870e+00, -1.304781e+00, -3.590558e-10, 8.259897e-10, 3.814584e+01, -3.171834e-01
2.742200e+09, 1.632762e-01, 9.309691e-01, -1.713298e+00, -1.324502e+00, -3.397212e-10, 8.258527e-10, 3.823213e+01, -3.206364e-01
2.746000e+09, 1.649714e-01, 9.306920e-01, -1.705186e+00, -1.344220e+00, -3.193551e-10, 8.256904e-10, 3.831404e+01, -3.242523e-01
2.749800e+09, 1.667665e-01, 9.303974e-01, -1.697561e+00, -1.363935e+00, -2.981084e-10, 8.255028e-10, 3.839127e+01, -3.280267e-01
2.753600e+09, 1.686580e-01, 9.300852e-01, -1.690444e+00, -1.383644e+00, -2.761292e-10, 8.252898e-10, 3.846352e+01, -3.319543e-01
2.757400e+09, 1.706422e-01, 9.297555e-01, -1.683851e+00, -1.403349e+00, -2.535613e-10, 8.250510e-10, 3.853049e+01, -3.360298e-01
2.761200e+09, 1.727153e-01, 9.294083e-01, -1.677797e+00, -1.423048e+00, -2.305420e-10, 8.247862e-10, 3.859188e+01, -3.402477e-01
2.765000e+09, 1.748734e-01, 9.290437e-01, -1.672292e+00, -1.442741e+00, -2.072011e-10, 8.244950e-10, 3.864744e+01, -3.446019e-01
2.768800e+09, 1.771125e-01, 9.286618e-01, -1.667345e+00, -1.462426e+00, -1.836599e-10, 8.241768e-10, 3.869688e+01, -3.490862e-01
2.772600e+09, 1.794283e-01, 9.282627e-01, -1.662960e+00, -1.482105e+00, -1.600306e-10, 8.238312e-10, 3.873997e+01, -3.536941e-01
2.776400e+09, 1.818168e-01, 9.278464e-01, -1.659139e+00, -1.501774e+00, -1.364157e-10, 8.234574e-10, 3.877646e+01, -3.584189e-01
2.780200e+09, 1.842737e-01, 9.274131e-01, -1.655882e+00, -1.521435e+00, -1.129078e-10, 8.230549e-10, 3.880614e+01, -3.632535e-01
2.784000e+09, 1.867948e-01, 9.269628e-01, -1.653186e+00, -1.541087e+00, -8.958979e-11, 8.226230e-10, 3.882879e+01, -3.681908e-01
2.787800e+09, 1.893760e-01, 9.264959e-01, -1.651047e+00, -1.560728e+00, -6.653494e-11, 8.221611e-10, 3.884424e+01, -3.732234e-01
2.791600e+09, 1.920129e-01, 9.260123e-01, -1.649459e+00, -1.580358e+00, -4.380723e-11, 8.216686e-10, 3.885229e+01, -3.783436e-01
2.795400e+09, 1.947015e-01, 9.255124e-01, -1.648413e+00, -1.599976e+00, -2.146179e-11, 8.211450e-10, 3.885281e+01, -3.835438e-01
2.799200e+09, 1.974376e-01, 9.249964e-01, -1.647900e+00, -1.619582e+00, 4.545828e-13, 8.205898e-10, 3.884565e+01, -3.888161e-01
2.803000e+09, 2.002173e-01, 9.244646e-01, -1.647911e+00, -1.639174e+00, 2.190285e-11, 8.200027e-10, 3.883069e+01, -3.941525e-01
2.806800e+09, 2.030365e-01, 9.239172e-01, -1.648434e+00, -1.658753e+00, 4.285113e-11, 8.193836e-10, 3.880784e+01, -3.995449e-01
2.810600e+09, 2.058914e-01, 9.233545e-01, -1.649457e+00, -1.678316e+00, 6.327410e-11, 8.187323e-10, 3.877701e+01, -4.049851e-01
2.814400e+09, 2.087782e-01, 9.227771e-01, -1.650968e+00, -1.697865e+00, 8.315236e-11, 8.180491e-10, 3.873815e+01, -4.104650e-01
2.818200e+09, 2.116932e-01, 9.221853e-01, -1.652953e+00, -1.717396e+00, 1.024719e-10, 8.173341e-10, 3.869121e+01, -4.159764e-01
2.822000e+09, 2.146327e-01, 9.215796e-01, -1.655400e+00, -1.736911e+00, 1.212233e-10, 8.165880e-10, 3.863617e+01, -4.215108e-01
2.825800e+09, 2.175932e-01, 9.209604e-01, -1.658294e+00, -1.756408e+00, 1.394015e-10, 8.158115e-10, 3.857303e+01, -4.270601e-01
2.829600e+09, 2.205713e-01, 9.203285e-01, -1.661623e+00, -1.775886e+00, 1.570051e-10, 8.150053e-10, 3.850180e+01, -4.326161e-01
2.833400e+09, 2.235636e-01, 9.196843e-01, -1.665371e+00, -1.795346e+00, 1.740359e-10, 8.141708e-10, 3.842252e+01, -4.381704e-01
2.837200e+09, 2.265670e-01, 9.190284e-01, -1.669527e+00, -1.814785e+00, 1.904984e-10, 8.133091e-10, 3.833523e+01, -4.437151e-01
2.841000e+09, 2.295782e-01, 9.183617e-01, -1.674075e+00, -1.834204e+00, 2.063994e-10, 8.124218e-10, 3.824001e+01, -4.492420e-01
2.844800e+09, 2.325942e-01, 9.176848e-01, -1.679003e+00, -1.853601e+00, 2.217478e-10, 8.115105e-10, 3.813694e+01, -4.547430e-01
2.848600e+09, 2.356122e-01, 9.169984e-01, -1.684297e+00, -1.872977e+00, 2.365540e-10, 8.105772e-10, 3.802613e+01, -4.602103e-01
2.852400e+09, 2.386291e-01, 9.163034e-01, -1.689945e+00, -1.892330e+00, 2.508297e-10, 8.096236e-10, 3.790768e+01, -4.656362e-01
2.856200e+09, 2.416423e-01, 9.156005e-01, -1.695934e+00, -1.911661e+00, 2.645878e-10, 8.086520e-10, 3.778174e+01, -4.710128e-01
2.860000e+09, 2.446491e-01, 9.148906e-01, -1.702252e+00, -1.930968e+00, 2.778419e-10, 8.076646e-10, 3.764844e+01, -4.763326e-01
2.863800e+09, 2.476468e-01, 9.141746e-01, -1.708885e+00, -1.950252e+00, 2.906061e-10, 8.066634e-10, 3.750795e+01, -4.815883e-01
2.867600e+09, 2.506330e-01, 9.134532e-01, -1.715824e+00, -1.969512e+00, 3.028951e-10, 8.056509e-10, 3.736044e+01, -4.867725e-01
2.871400e+09, 2.536053e-01, 9.127273e-01, -1.723056e+00, -1.988748e+00, 3.147237e-10, 8.046292e-10, 3.720609e+01, -4.918781e-01
2.875200e+09, 2.565611e-01, 9.119979e-01, -1.730570e+00, -2.007959e+00, 3.261069e-10, 8.036007e-10, 3.704508e+01, -4.968982e-01
2.879000e+09, 2.594984e-01, 9.112658e-01, -1.738356e+00, -2.027146e+00, 3.370595e-10, 8.025674e-10, 3.687763e+01, -5.018258e-01
2.882800e+09, 2.624148e-01, 9.105319e-01, -1.746404e+00, -2.046308e+00, 3.475963e-10, 8.015316e-10, 3.670394e+01, -5.066544e-01
2.886600e+09, 2.653083e-01, 9.097969e-01, -1.754703e+00, -2.065446e+00, 3.577320e-10, 8.004950e-10, 3.652423e+01, -5.113774e-01
2.890400e+09, 2.681767e-01, 9.090618e-01, -1.763245e+00, -2.084558e+00, 3.674808e-10, 7.994597e-10, 3.633873e+01, -5.159885e-01
2.894200e+09, 2.710180e-01, 9.083273e-01, -1.772019e+00, -2.103646e+00, 3.768566e-10, 7.984274e-10, 3.614767e+01, -5.204815e-01
2.898000e+09, 2.738303e-01, 9.075943e-01, -1.781016e+00, -2.122710e+00, 3.858732e-10, 7.973994e-10, 3.595128e+01, -5.248505e-01
2.901800e+09, 2.766116e-01, 9.068635e-01, -1.790230e+00, -2.141749e+00, 3.945438e-10, 7.963772e-10, 3.574980e+01, -5.290896e-01
2.905600e+09, 2.793602e-01, 9.061357e-01, -1.799650e+00, -2.160763e+00, 4.028810e-10, 7.953619e-10, 3.554349e+01, -5.331932e-01
2.909400e+09, 2.820742e-01, 9.054115e-01, -1.809269e+00, -2.179753e+00, 4.108974e-10, 7.943545e-10, 3.533259e+01, -5.371557e-01
2.913200e+09, 2.847519e-01, 9.046917e-01, -1.819080e+00, -2.198719e+00, 4.186047e-10, 7.933557e-10, 3.511736e+01, -5.409718e-01
2.917000e+09, 2.873916e-01, 9.039769e-01, -1.829074e+00, -2.217661e+00, 4.260146e-10, 7.923661e-10, 3.489803e+01, -5.446365e-01
2.920800e+09, 2.899918e-01, 9.032678e-01, -1.839246e+00, -2.236580e+00, 4.331382e-10, 7.913861e-10, 3.467488e+01, -5.481446e-01
2.924600e+09, 2.925508e-01, 9.025649e-01, -1.849588e+00, -2.255475e+00, 4.399861e-10, 7.904159e-10, 3.444815e+01, -5.514913e-01
2.928400e+09, 2.950670e-01, 9.018689e-01, -1.860093e+00, -2.274347e+00, 4.465686e-10, 7.894556e-10, 3.421809e+01, -5.546721e-01
2.932200e+09, 2.975392e-01, 9.011802e-01, -1.870755e+00, -2.293196e+00, 4.528958e-10, 7.885052e-10, 3.398497e+01, -5.576823e-01
2.936000e+09, 2.999657e-01, 9.004995e-01, -1.881568e+00, -2.312023e+00, 4.589772e-10, 7.875645e-10, 3.374903e+01, -5.605176e-01
2.939800e+09, 3.023452e-01, 8.998273e-01, -1.892527e+00, -2.330827e+00, 4.648222e-10, 7.866332e-10, 3.351053e+01, -5.631738e-01
2.943600e+09, 3.046765e-01, 8.991640e-01, -1.903625e+00, -2.349609e+00, 4.704398e-10, 7.857113e-10, 3.326971e+01, -5.656468e-01
2.947400e+09, 3.069581e-01, 8.985103e-01, -1.914857e+00, -2.368368e+00, 4.758388e-10, 7.847983e-10, 3.302683e+01, -5.679328e-01
2.951200e+09, 3.091889e-01, 8.978665e-01, -1.926219e+00, -2.387106e+00, 4.810277e-10, 7.838940e-10, 3.278212e+01, -5.700280e-01
2.955000e+09, 3.113678e-01, 8.972333e-01, -1.937704e+00, -2.405823e+00, 4.860149e-10, 7.829983e-10, 3.253582e+01, -5.719287e-01
2.958800e+09, 3.134934e-01, 8.966110e-01, -1.949308e+00, -2.424518e+00, 4.908086e-10, 7.821110e-10, 3.228818e+01, -5.736315e-01
2.962600e+09, 3.155648e-01, 8.960003e-01, -1.961026e+00, -2.443191e+00, 4.954166e-10, 7.812321e-10, 3.203943e+01, -5.751329e-01
2.966400e+09, 3.175809e-01, 8.954016e-01, -1.972855e+00, -2.461844e+00, 4.998469e-10, 7.803617e-10, 3.178979e+01, -5.764298e-01
2.970200e+09, 3.195407e-01, 8.948155e-01, -1.984789e+00, -2.480476e+00, 5.041071e-10, 7.795001e-10, 3.153949e+01, -5.775191e-01
2.974000e+09, 3.214432e-01, 8.942426e-01, -1.996825e+00, -2.499088e+00, 5.082047e-10, 7.786479e-10, 3.128876e+01, -5.783977e-01
2.977800e+09, 3.232875e-01, 8.936833e-01, -2.008959e+00, -2.517679e+00, 5.121471e-10, 7.778055e-10, 3.103781e+01, -5.790627e-01
2.981600e+09, 3.250727e-01, 8.931383e-01, -2.021188e+00, -2.536250e+00, 5.159417e-10, 7.769740e-10, 3.078685e+01, -5.795113e-01
2.985400e+09, 3.267980e-01, 8.926082e-01, -2.033506e+00, -2.554801e+00, 5.195955e-10, 7.761543e-10, 3.053608e+01, -5.797410e-01
2.989200e+09, 3.284625e-01, 8.920937e-01, -2.045912e+00, -2.573332e+00, 5.231156e-10, 7.753476e-10, 3.028572e+01, -5.797489e-01
2.993000e+09, 3.300655e-01, 8.915952e-01, -2.058402e+00, -2.591844e+00, 5.265088e-10, 7.745556e-10, 3.003596e+01, -5.795328e-01
2.996800e+09, 3.316062e-01, 8.911136e-01, -2.070973e+00, -2.610338e+00, 5.297818e-10, 7.737799e-10, 2.978700e+01, -5.790900e-01
3.000600e+09, 3.330840e-01, 8.906495e-01, -2.083622e+00, -2.628813e+00, 5.329411e-10, 7.730222e-10, 2.953901e+01, -5.784183e-01
3.004400e+09, 3.344981e-01, 8.902036e-01, -2.096347e+00, -2.647269e+00, 5.359932e-10, 7.722847e-10, 2.929220e+01, -5.775154e-01
3.008200e+09, 3.358478e-01, 8.897764e-01, -2.109144e+00, -2.665709e+00, 5.389440e-10, 7.715695e-10, 2.904673e+01, -5.763791e-01
3.012000e+09, 3.371326e-01, 8.893689e-01, -2.122012e+00, -2.684131e+00, 5.417996e-10, 7.708788e-10, 2.880280e+01, -5.750073e-01
3.015800e+09, 3.383519e-01, 8.889815e-01, -2.134948e+00, -2.702536e+00, 5.445656e-10, 7.702150e-10, 2.856056e+01, -5.733978e-01
3.019600e+09, 3.395049e-01, 8.886150e-01, -2.147950e+00, -2.720926e+00, 5.472475e-10, 7.695804e-10, 2.832020e+01, -5.715486e-01
3.023400e+09, 3.405912e-01, 8.882701e-01, -2.161016e+00, -2.739301e+00, 5.498503e-10, 7.689775e-10, 2.808187e+01, -5.694579e-01
3.027200e+09, 3.416102e-01, 8.879473e-01, -2.174145e+00, -2.757661e+00, 5.523790e-10, 7.684086e-10, 2.784575e+01, -5.671237e-01
3.031000e+09, 3.425613e-01, 8.876474e-01, -2.187333e+00, -2.776007e+00, 5.548380e-10, 7.678761e-10, 2.761199e+01, -5.645443e-01
3.034800e+09, 3.434439e-01, 8.873709e-01, -2.200581e+00, -2.794341e+00, 5.572316e-10, 7.673819e-10, 2.738076e+01, -5.617179e-01
3.038600e+09, 3.442576e-01, 8.871184e-01, -2.213885e+00, -2.812663e+00, 5.595636e-10, 7.669283e-10, 2.715221e+01, -5.586428e-01
3.042400e+09, 3.450018e-01, 8.868904e-01, -2.227245e+00, -2.830975e+00, 5.618378e-10, 7.665171e-10, 2.692651e+01, -5.553175e-01
3.046200e+09, 3.456759e-01, 8.866873e-01, -2.240660e+00, -2.849276e+00, 5.640571e-10, 7.661498e-10, 2.670380e+01, -5.517406e-01
3.050000e+09, 3.462794e-01, 8.865095e-01, -2.254127e+00, -2.867569e+00, 5.662246e-10, 7.658280e-10, 2.648424e+01, -5.479106e-01
3.053800e+09, 3.468118e-01, 8.863576e-01, -2.267647e+00, -2.885854e+00, 5.683426e-10, 7.655526e-10, 2.626798e+01, -5.438264e-01
3.057600e+09, 3.472726e-01, 8.862316e-01, -2.281216e+00, -2.904132e+00, 5.704135e-10, 7.653246e-10, 2.605519e+01, -5.394869e-01
3.061400e+09, 3.476612e-01, 8.861320e-01, -2.294836e+00, -2.922405e+00, 5.724390e-10, 7.651444e-10, 2.584600e+01, -5.348912e-01
3.065200e+09, 3.479770e-01, 8.860589e-01, -2.308503e+00, -2.940674e+00, 5.744208e-10, 7.650124e-10, 2.564058e+01, -5.300385e-01
3.069000e+09, 3.482197e-01, 8.860125e-01, -2.322218e+00, -2.958939e+00, 5.763599e-10, 7.649283e-10, 2.543909e+01, -5.249283e-01
3.072800e+09, 3.483886e-01, 8.859927e-01, -2.335979e+00, -2.977203e+00, 5.782575e-10, 7.648918e-10, 2.524166e+01, -5.195602e-01
3.076600e+09, 3.484832e-01, 8.859997e-01, -2.349786e+00, -2.995465e+00, 5.801141e-10, 7.649022e-10, 2.504847e+01, -5.139342e-01
3.080400e+09, 3.485029e-01, 8.860334e-01, -2.363637e+00, -3.013728e+00, 5.819302e-10, 7.649585e-10, 2.485966e+01, -5.080504e-01
3.084200e+09, 3.484474e-01, 8.860937e-01, -2.377531e+00, -3.031993e+00, 5.837060e-10, 7.650594e-10, 2.467540e+01, -5.019095e-01
3.088000e+09, 3.483160e-01, 8.861804e-01, -2.391468e+00, -3.050259e+00, 5.854415e-10, 7.652035e-10, 2.449584e+01, -4.955121e-01
3.091800e+09, 3.481082e-01, 8.862935e-01, -2.405446e+00, -3.068529e+00, 5.871367e-10, 7.653891e-10, 2.432114e+01, -4.888595e-01
3.095600e+09, 3.478236e-01, 8.864326e-01, -2.419464e+00, -3.086804e+00, 5.887912e-10, 7.656144e-10, 2.415146e+01, -4.819532e-01
3.099400e+09, 3.474616e-01, 8.865976e-01, -2.433522e+00, -3.105084e+00, 5.904045e-10, 7.658775e-10, 2.398696e+01, -4.747952e-01
3.103200e+09, 3.470218e-01, 8.867881e-01, -2.447619e+00, -3.123370e+00, 5.919762e-10, 7.661764e-10, 2.382780e+01, -4.673880e-01
3.107000e+09, 3.465036e-01, 8.870038e-01, -2.461753e+00, 3.141522e+00, 5.935057e-10, 7.665091e-10, 2.367414e+01, -4.597343e-01
3.110800e+09, 3.459067e-01, 8.872445e-01, -2.475924e+00, 3.123221e+00, 5.949923e-10, 7.668737e-10, 2.352615e+01, -4.518377e-01
3.114600e+09, 3.452306e-01, 8.875098e-01, -2.490130e+00, 3.104911e+00, 5.964353e-10, 7.672683e-10, 2.338398e+01, -4.437020e-01
3.118400e+09, 3.444748e-01, 8.877993e-01, -2.504370e+00, 3.086592e+00, 5.978339e-10, 7.676912e-10, 2.324780e+01, -4.353317e-01
3.122200e+09, 3.436390e-01, 8.881129e-01, -2.518644e+00, 3.068262e+00, 5.991874e-10, 7.681410e-10, 2.311778e+01, -4.267319e-01
3.126000e+09, 3.427228e-01, 8.884502e-01, -2.532950e+00, 3.049922e+00, 6.004950e-10, 7.686163e-10, 2.299406e+01, -4.179080e-01
3.129800e+09, 3.417257e-01, 8.888108e-01, -2.547288e+00, 3.031570e+00, 6.017560e-10, 7.691162e-10, 2.287681e+01, -4.088665e-01
3.133600e+09, 3.406474e-01, 8.891946e-01, -2.561655e+00, 3.013207e+00, 6.029693e-10, 7.696399e-10, 2.276620e+01, -3.996142e-01
3.137400e+09, 3.394877e-01, 8.896013e-01, -2.576052e+00, 2.994831e+00, 6.041342e-10, 7.701872e-10, 2.266237e+01, -3.901586e-01
3.141200e+09, 3.382461e-01, 8.900306e-01, -2.590476e+00, 2.976442e+00, 6.052498e-10, 7.707578e-10, 2.256548e+01, -3.805078e-01
3.145000e+09, 3.369223e-01, 8.904825e-01, -2.604927e+00, 2.958039e+00, 6.063151e-10, 7.713523e-10, 2.247568e+01, -3.706707e-01
3.148800e+09, 3.355162e-01, 8.909567e-01, -2.619404e+00, 2.939622e+00, 6.073290e-10, 7.719711e-10, 2.239314e+01, -3.606568e-01
3.152600e+09, 3.340273e-01, 8.914530e-01, -2.633905e+00, 2.921191e+00, 6.082904e-10, 7.726152e-10, 2.231798e+01, -3.504763e-01
3.156400e+09, 3.324556e-01, 8.919714e-01, -2.648428e+00, 2.902743e+00, 6.091979e-10, 7.732860e-10, 2.225036e+01, -3.401397e-01
3.160200e+09, 3.308007e-01, 8.925118e-01, -2.662973e+00, 2.884280e+00, 6.100501e-10, 7.739849e-10, 2.219041e+01, -3.296587e-01
3.164000e+09, 3.290624e-01, 8.930740e-01, -2.677539e+00, 2.865801e+00, 6.108453e-10, 7.747136e-10, 2.213828e+01, -3.190453e-01
3.167800e+09, 3.272406e-01, 8.936579e-01, -2.692124e+00, 2.847304e+00, 6.115816e-10, 7.754740e-10, 2.209409e+01, -3.083120e-01
3.171600e+09, 3.253351e-01, 8.942635e-01, -2.706726e+00, 2.828788e+00, 6.122566e-10, 7.762681e-10, 2.205797e+01, -2.974722e-01
3.175400e+09, 3.233457e-01, 8.948905e-01, -2.721344e+00, 2.810254e+00, 6.128679e-10, 7.770978e-10, 2.203005e+01, -2.865396e-01
3.179200e+09, 3.212722e-01, 8.955390e-01, -2.735977e+00, 2.791700e+00, 6.134126e-10, 7.779652e-10, 2.201044e+01, -2.755284e-01
3.183000e+09, 3.191146e-01, 8.962086e-01, -2.750623e+00, 2.773125e+00, 6.138872e-10, 7.788721e-10, 2.199925e+01, -2.644536e-01
3.186800e+09, 3.168727e-01, 8.968993e-01, -2.765280e+00, 2.754529e+00, 6.142880e-10, 7.798201e-10, 2.199659e+01, -2.533302e-01
3.190600e+09, 3.145465e-01, 8.976106e-01, -2.779947e+00, 2.735910e+00, 6.146105e-10, 7.808106e-10, 2.200255e+01, -2.421740e-01
3.194400e+09, 3.121357e-01, 8.983424e-01, -2.794621e+00, 2.717267e+00, 6.148497e-10, 7.818449e-10, 2.201724e+01, -2.310008e-01
3.198200e+09, 3.096404e-01, 8.990941e-01, -2.809302e+00, 2.698600e+00, 6.150002e-10, 7.829235e-10, 2.204073e+01, -2.198271e-01
3.202000e+09, 3.070605e-01, 8.998655e-01, -2.823985e+00, 2.679906e+00, 6.150555e-10, 7.840469e-10, 2.207310e+01, -2.086694e-01
3.205800e+09, 3.043959e-01, 9.006558e-01, -2.838671e+00, 2.661186e+00, 6.150086e-10, 7.852149e-10, 2.211443e+01, -1.975443e-01
3.209600e+09, 3.016467e-01, 9.014646e-01, -2.853355e+00, 2.642438e+00, 6.148516e-10, 7.864269e-10, 2.216478e+01, -1.864689e-01
3.213400e+09, 2.988128e-01, 9.022911e-01, -2.868035e+00, 2.623662e+00, 6.145757e-10, 7.876820e-10, 2.222421e+01, -1.754601e-01
3.217200e+09, 2.958942e-01, 9.031346e-01, -2.882709e+00, 2.604855e+00, 6.141711e-10, 7.889785e-10, 2.229276e+01, -1.645350e-01
3.221000e+09, 2.928910e-01, 9.039941e-01, -2.897373e+00, 2.586017e+00, 6.136271e-10, 7.903144e-10, 2.237047e+01, -1.537106e-01
3.224800e+09, 2.898032e-01, 9.048688e-01, -2.912024e+00, 2.567148e+00, 6.129317e-10, 7.916874e-10, 2.245738e+01, -1.430040e-01
3.228600e+09, 2.866309e-01, 9.057577e-01, -2.926658e+00, 2.548245e+00, 6.120717e-10, 7.930945e-10, 2.255352e+01, -1.324319e-01
3.232400e+09, 2.833742e-01, 9.066597e-01, -2.941272e+00, 2.529309e+00, 6.110327e-10, 7.945327e-10, 2.265888e+01, -1.220111e-01
3.236200e+09, 2.800333e-01, 9.075736e-01, -2.955861e+00, 2.510339e+00, 6.097986e-10, 7.959984e-10, 2.277349e+01, -1.117581e-01
3.240000e+09, 2.766084e-01, 9.084983e-01, -2.970421e+00, 2.491333e+00, 6.083520e-10, 7.974880e-10, 2.289733e+01, -1.016889e-01
3.243800e+09, 2.730997e-01, 9.094325e-01, -2.984946e+00, 2.472293e+00, 6.066736e-10, 7.989977e-10, 2.303040e+01, -9.181961e-02
3.247600e+09, 2.695074e-01, 9.103749e-01, -2.999431e+00, 2.453216e+00, 6.047422e-10, 8.005236e-10, 2.317266e+01, -8.216567e-02
3.251400e+09, 2.658319e-01, 9.113244e-01, -3.013870e+00, 2.434102e+00, 6.025344e-10, 8.020617e-10, 2.332410e+01, -7.274222e-02
3.255200e+09, 2.620735e-01, 9.122794e-01, -3.028256e+00, 2.414952e+00, 6.000247e-10, 8.036084e-10, 2.348466e+01, -6.356399e-02
3.259000e+09, 2.582327e-01, 9.132388e-01, -3.042582e+00, 2.395765e+00, 5.971848e-10, 8.051598e-10, 2.365429e+01, -5.464522e-02
3.262800e+09, 2.543099e-01, 9.142012e-01, -3.056840e+00, 2.376541e+00, 5.939835e-10, 8.067124e-10, 2.383293e+01, -4.599966e-02
3.266600e+09, 2.503057e-01, 9.151653e-01, -3.071022e+00, 2.357280e+00, 5.903864e-10, 8.082631e-10, 2.402050e+01, -3.764055e-02
3.270400e+09, 2.462206e-01, 9.161298e-01, -3.085119e+00, 2.337982e+00, 5.863553e-10, 8.098088e-10, 2.421692e+01, -2.958058e-02
3.274200e+09, 2.420553e-01, 9.170934e-01, -3.099118e+00, 2.318647e+00, 5.818478e-10, 8.113469e-10, 2.442210e+01, -2.183191e-02
3.278000e+09, 2.378107e-01, 9.180550e-01, -3.113011e+00, 2.299275e+00, 5.768170e-10, 8.128750e-10, 2.463592e+01, -1.440611e-02
3.281800e+09, 2.334874e-01, 9.190134e-01, -3.126783e+00, 2.279866e+00, 5.712101e-10, 8.143913e-10, 2.485826e+01, -7.314167e-03
3.285600e+09, 2.290865e-01, 9.199672e-01, -3.140421e+00, 2.260422e+00, 5.649685e-10, 8.158941e-10, 2.508900e+01, -5.664900e-04
3.289400e+09, 2.246089e-01, 9.209155e-01, 3.129275e+00, 2.240942e+00, 5.580262e-10, 8.173822e-10, 2.532799e+01, 5.827109e-03
3.293200e+09, 2.200557e-01, 9.218572e-01, 3.115951e+00, 2.221426e+00, 5.503090e-10, 8.188546e-10, 2.557506e+01, 1.185741e-02
3.297000e+09, 2.154281e-01, 9.227911e-01, 3.102812e+00, 2.201875e+00, 5.417333e-10, 8.203106e-10, 2.583006e+01, 1.751579e-02
3.300800e+09, 2.107274e-01, 9.237163e-01, 3.089878e+00, 2.182289e+00, 5.322043e-10, 8.217498e-10, 2.609278e+01, 2.279422e-02
3.304600e+09, 2.059551e-01, 9.246318e-01, 3.077171e+00, 2.162669e+00, 5.216140e-10, 8.231721e-10, 2.636305e+01, 2.768525e-02
3.308400e+09, 2.011127e-01, 9.255366e-01, 3.064717e+00, 2.143014e+00, 5.098398e-10, 8.245773e-10, 2.664063e+01, 3.218201e-02
3.312200e+09, 1.962019e-01, 9.264298e-01, 3.052544e+00, 2.123327e+00, 4.967408e-10, 8.259654e-10, 2.692530e+01, 3.627822e-02
3.316000e+09, 1.912244e-01, 9.273104e-01, 3.040683e+00, 2.103606e+00, 4.821554e-10, 8.273366e-10, 2.721681e+01, 3.996814e-02
3.319800e+09, 1.861824e-01, 9.281774e-01, 3.029171e+00, 2.083852e+00, 4.658971e-10, 8.286910e-10, 2.751491e+01, 4.324662e-02
3.323600e+09, 1.810778e-01, 9.290301e-01, 3.018048e+00, 2.064066e+00, 4.477496e-10, 8.300285e-10, 2.781930e+01, 4.610904e-02
3.327400e+09, 1.759131e-01, 9.298674e-01, 3.007357e+00, 2.044249e+00, 4.274617e-10, 8.313491e-10, 2.812969e+01, 4.855132e-02
3.331200e+09, 1.706909e-01, 9.306884e-01, 2.997151e+00, 2.024399e+00, 4.047394e-10, 8.326526e-10, 2.844577e+01, 5.056994e-02
3.335000e+09, 1.654138e-01, 9.314921e-01, 2.987487e+00, 2.004519e+00, 3.792379e-10, 8.339384e-10, 2.876720e+01, 5.216189e-02
3.338800e+09, 1.600849e-01, 9.322777e-01, 2.978433e+00, 1.984608e+00, 3.505503e-10, 8.352059e-10, 2.909362e+01, 5.332469e-02
3.342600e+09, 1.547076e-01, 9.330441e-01, 2.970063e+00, 1.964666e+00, 3.181944e-10, 8.364542e-10, 2.942465e+01, 5.405638e-02
3.346400e+09, 1.492854e-01, 9.337903e-01, 2.962466e+00, 1.944695e+00, 2.815957e-10, 8.376822e-10, 2.975990e+01, 5.435553e-02
3.350200e+09, 1.438226e-01, 9.345152e-01, 2.955742e+00, 1.924694e+00, 2.400667e-10, 8.388882e-10, 3.009894e+01, 5.422121e-02
3.354000e+09, 1.383235e-01, 9.352180e-01, 2.950010e+00, 1.904665e+00, 1.927796e-10, 8.400706e-10, 3.044133e+01, 5.365303e-02
3.357800e+09, 1.327932e-01, 9.358973e-01, 2.945408e+00, 1.884607e+00, 1.387329e-10, 8.412274e-10, 3.078661e+01, 5.265111e-02
3.361600e+09, 1.272375e-01, 9.365523e-01, 2.942095e+00, 1.864522e+00, 7.670853e-11, 8.423562e-10, 3.113429e+01, 5.121610e-02
3.365400e+09, 1.216628e-01, 9.371817e-01, 2.940264e+00, 1.844410e+00, 5.217513e-12, 8.434545e-10, 3.148385e+01, 4.934917e-02
3.369200e+09, 1.160766e-01, 9.377845e-01, 2.940139e+00, 1.824271e+00, -7.756909e-11, 8.445195e-10, 3.183476e+01, 4.705206e-02
3.373000e+09, 1.104874e-01, 9.383595e-01, 2.941991e+00, 1.804108e+00, -1.739071e-10, 8.455483e-10, 3.218645e+01, 4.432703e-02
3.376800e+09, 1.049054e-01, 9.389057e-01, 2.946143e+00, 1.783919e+00, -2.865876e-10, 8.465378e-10, 3.253835e+01, 4.117691e-02
3.380600e+09, 9.934245e-02, 9.394219e-01, 2.952986e+00, 1.763707e+00, -4.190698e-10, 8.474848e-10, 3.288984e+01, 3.760509e-02
3.384400e+09, 9.381288e-02, 9.399070e-01, 2.962992e+00, 1.743473e+00, -5.756367e-10, 8.483862e-10, 3.324030e+01, 3.361556e-02
3.388200e+09, 8.833395e-02, 9.403600e-01, 2.976736e+00, 1.723216e+00, -7.615648e-10, 8.492386e-10, 3.358908e+01, 2.921289e-02
3.392000e+09, 8.292687e-02, 9.407798e-01, 2.994919e+00, 1.702940e+00, -9.832790e-10, 8.500389e-10, 3.393549e+01, 2.440227e-02
3.395800e+09, 7.761787e-02, 9.411654e-01, 3.018396e+00, 1.682644e+00, -1.248424e-09, 8.507840e-10, 3.427885e+01, 1.918949e-02
3.399600e+09, 7.243984e-02, 9.415159e-01, 3.048203e+00, 1.662331e+00, -1.565708e-09, 8.514709e-10, 3.461845e+01, 1.358101e-02
3.403400e+09, 6.743425e-02, 9.418305e-01, 3.085586e+00, 1.642001e+00, -1.944224e-09, 8.520969e-10, 3.495356e+01, 7.583893e-03
3.407200e+09, 6.265368e-02, 9.421082e-01, 3.132007e+00, 1.621656e+00, -2.391748e-09, 8.526595e-10, 3.528343e+01, 1.205899e-03
3.411000e+09, 5.816472e-02, 9.423484e-01, -3.094073e+00, 1.601298e+00, -2.911217e-09, 8.531562e-10, 3.560732e+01, -5.544564e-03
3.414800e+09, 5.405086e-02, 9.425503e-01, -3.024564e+00, 1.580928e+00, -3.494530e-09, 8.535853e-10, 3.592445e+01, -1.265840e-02
3.418600e+09, 5.041432e-02, 9.427134e-01, -2.941129e+00, 1.560548e+00, -4.113611e-09, 8.539450e-10, 3.623406e+01, -2.012585e-02
3.422400e+09, 4.737476e-02, 9.428372e-01, -2.842912e+00, 1.540159e+00, -4.711641e-09, 8.542340e-10, 3.653536e+01, -2.793643e-02
3.426200e+09, 4.506182e-02, 9.429212e-01, -2.730416e+00, 1.519763e+00, -5.202596e-09, 8.544513e-10, 3.682759e+01, -3.607898e-02
3.430000e+09, 4.359874e-02, 9.429652e-01, -2.606198e+00, 1.499362e+00, -5.490048e-09, 8.545963e-10, 3.710997e+01, -4.454167e-02
3.433800e+09, 4.307815e-02, 9.429690e-01, -2.475117e+00, 1.478958e+00, -5.505810e-09, 8.546687e-10, 3.738174e+01, -5.331196e-02
3.437600e+09, 4.353822e-02, 9.429324e-01, -2.343660e+00, 1.458552e+00, -5.245715e-09, 8.546687e-10, 3.764214e+01, -6.237663e-02
3.441400e+09, 4.495154e-02, 9.428553e-01, -2.218413e+00, 1.438145e+00, -4.772006e-09, 8.545967e-10, 3.789043e+01, -7.172181e-02
3.445200e+09, 4.723373e-02, 9.427379e-01, -2.104476e+00, 1.417741e+00, -4.180065e-09, 8.544533e-10, 3.812589e+01, -8.133296e-02
3.449000e+09, 5.026627e-02, 9.425803e-01, -2.004672e+00, 1.397340e+00, -3.558509e-09, 8.542398e-10, 3.834783e+01, -9.119492e-02
3.452800e+09, 5.392114e-02, 9.423827e-01, -1.919709e+00, 1.376944e+00, -2.967765e-09, 8.539572e-10, 3.855559e+01, -1.012919e-01
3.456600e+09, 5.807835e-02, 9.421455e-01, -1.848850e+00, 1.356555e+00, -2.438825e-09, 8.536072e-10, 3.874852e+01, -1.116076e-01
3.460400e+09, 6.263443e-02, 9.418690e-01, -1.790621e+00, 1.336174e+00, -1.981590e-09, 8.531914e-10, 3.892605e+01, -1.221251e-01
3.464200e+09, 6.750439e-02, 9.415537e-01, -1.743308e+00, 1.315803e+00, -1.594019e-09, 8.527118e-10, 3.908760e+01, -1.328270e-01
3.468000e+09, 7.262018e-02, 9.412001e-01, -1.705249e+00, 1.295444e+00, -1.268668e-09, 8.521702e-10, 3.923268e+01, -1.436954e-01
3.471800e+09, 7.792798e-02, 9.408089e-01, -1.674958e+00, 1.275097e+00, -9.964802e-10, 8.515687e-10, 3.936082e+01, -1.547120e-01
3.475600e+09, 8.338523e-02, 9.403807e-01, -1.651166e+00, 1.254765e+00, -7.686569e-10, 8.509094e-10, 3.947163e+01, -1.658583e-01
3.479400e+09, 8.895816e-02, 9.399161e-01, -1.632814e+00, 1.234449e+00, -5.774165e-10, 8.501944e-10, 3.956476e+01, -1.771152e-01
3.483200e+09, 9.461976e-02, 9.394159e-01, -1.619027e+00, 1.214149e+00, -4.161957e-10, 8.494256e-10, 3.963991e+01, -1.884635e-01
3.487000e+09, 1.003482e-01, 9.388809e-01, -1.609090e+00, 1.193868e+00, -2.795945e-10, 8.486051e-10, 3.969687e+01, -1.998840e-01
3.490800e+09, 1.061255e-01, 9.383118e-01, -1.602414e+00, 1.173607e+00, -1.632265e-10, 8.477347e-10, 3.973547e+01, -2.113569e-01
3.494600e+09, 1.119369e-01, 9.377094e-01, -1.598517e+00, 1.153366e+00, -6.354832e-11, 8.468162e-10, 3.975561e+01, -2.228629e-01
3.498400e+09, 1.177699e-01, 9.370747e-01, -1.597000e+00, 1.133148e+00, 2.229798e-11, 8.458513e-10, 3.975726e+01, -2.343823e-01
3.502200e+09, 1.236140e-01, 9.364085e-01, -1.597532e+00, 1.112952e+00, 9.662078e-11, 8.448414e-10, 3.974046e+01, -2.458957e-01
3.506000e+09, 1.294599e-01, 9.357116e-01, -1.599839e+00, 1.092781e+00, 1.612900e-10, 8.437880e-10, 3.970530e+01, -2.573837e-01
3.509800e+09, 1.352996e-01, 9.349850e-01, -1.603690e+00, 1.072634e+00, 2.178267e-10, 8.426922e-10, 3.965194e+01, -2.688274e-01
3.513600e+09, 1.411263e-01, 9.342295e-01, -1.608891e+00, 1.052514e+00, 2.674733e-10, 8.415552e-10, 3.958061e+01, -2.802079e-01
3.517400e+09, 1.469336e-01, 9.334461e-01, -1.615277e+00, 1.032421e+00, 3.112506e-10, 8.403780e-10, 3.949159e+01, -2.915068e-01
3.521200e+09, 1.527159e-01, 9.326358e-01, -1.622709e+00, 1.012356e+00, 3.500009e-10, 8.391615e-10, 3.938523e+01, -3.027062e-01
3.525000e+09, 1.584681e-01, 9.317994e-01, -1.631065e+00, 9.923200e-01, 3.844234e-10, 8.379064e-10, 3.926192e+01, -3.137885e-01
3.528800e+09, 1.641855e-01, 9.309380e-01, -1.640244e+00, 9.723141e-01, 4.151014e-10, 8.366137e-10, 3.912211e+01, -3.247367e-01
3.532600e+09, 1.698640e-01, 9.300525e-01, -1.650155e+00, 9.523390e-01, 4.425241e-10, 8.352839e-10, 3.896628e+01, -3.355346e-01
3.536400e+09, 1.754995e-01, 9.291440e-01, -1.660721e+00, 9.323957e-01, 4.671043e-10, 8.339179e-10, 3.879498e+01, -3.461663e-01
3.540200e+09, 1.810885e-01, 9.282135e-01, -1.671873e+00, 9.124850e-01, 4.891916e-10, 8.325164e-10, 3.860878e+01, -3.566169e-01
3.544000e+09, 1.866276e-01, 9.272621e-01, -1.683553e+00, 8.926077e-01, 5.090841e-10, 8.310804e-10, 3.840827e+01, -3.668720e-01
3.547800e+09, 1.921137e-01, 9.262908e-01, -1.695708e+00, 8.727648e-01, 5.270372e-10, 8.296107e-10, 3.819409e+01, -3.769180e-01
3.551600e+09, 1.975439e-01, 9.253008e-01, -1.708292e+00, 8.529569e-01, 5.432707e-10, 8.281084e-10, 3.796688e+01, -3.867421e-01
3.555400e+09, 2.029155e-01, 9.242932e-01, -1.721263e+00, 8.331849e-01, 5.579750e-10, 8.265748e-10, 3.772733e+01, -3.963321e-01
3.559200e+09, 2.082260e-01, 9.232693e-01, -1.734585e+00, 8.134495e-01, 5.713157e-10, 8.250113e-10, 3.747611e+01, -4.056767e-01
3.563000e+09, 2.134732e-01, 9.222302e-01, -1.748226e+00, 7.937514e-01, 5.834377e-10, 8.234195e-10, 3.721391e+01, -4.147655e-01
3.566800e+09, 2.186547e-01, 9.211772e-01, -1.762156e+00, 7.740914e-01, 5.944684e-10, 8.218012e-10, 3.694142e+01, -4.235886e-01
3.570600e+09, 2.237688e-01, 9.201116e-01, -1.776350e+00, 7.544700e-01, 6.045203e-10, 8.201584e-10, 3.665935e+01, -4.321369e-01
3.574400e+09, 2.288134e-01, 9.190347e-01, -1.790783e+00, 7.348878e-01, 6.136933e-10, 8.184933e-10, 3.636837e+01, -4.404022e-01
3.578200e+09, 2.337871e-01, 9.179479e-01, -1.805436e+00, 7.153454e-01, 6.220765e-10, 8.168085e-10, 3.606916e+01, -4.483766e-01
3.582000e+09, 2.386881e-01, 9.168525e-01, -1.820289e+00, 6.958432e-01, 6.297497e-10, 8.151065e-10, 3.576240e+01, -4.560533e-01
3.585800e+09, 2.435152e-01, 9.157501e-01, -1.835325e+00, 6.763816e-01, 6.367848e-10, 8.133903e-10, 3.544874e+01, -4.634259e-01
3.589600e+09, 2.482670e-01, 9.146419e-01, -1.850529e+00, 6.569610e-01, 6.432464e-10, 8.116630e-10, 3.512881e+01, -4.704884e-01
3.593400e+09, 2.529423e-01, 9.135295e-01, -1.865887e+00, 6.375817e-01, 6.491932e-10, 8.099277e-10, 3.480323e+01, -4.772356e-01
3.597200e+09, 2.575401e-01, 9.124143e-01, -1.881387e+00, 6.182437e-01, 6.546785e-10, 8.081877e-10, 3.447261e+01, -4.836627e-01
3.601000e+09, 2.620595e-01, 9.112977e-01, -1.897018e+00, 5.989474e-01, 6.597507e-10, 8.064466e-10, 3.413751e+01, -4.897653e-01
3.604800e+09, 2.664995e-01, 9.101814e-01, -1.912771e+00, 5.796926e-01, 6.644538e-10, 8.047079e-10, 3.379850e+01, -4.955392e-01
3.608600e+09, 2.708593e-01, 9.090666e-01, -1.928635e+00, 5.604793e-01, 6.688281e-10, 8.029750e-10, 3.345610e+01, -5.009809e-01
3.612400e+09, 2.751382e-01, 9.079549e-01, -1.944604e+00, 5.413074e-01, 6.729100e-10, 8.012515e-10, 3.311083e+01, -5.060868e-01
3.616200e+09, 2.793356e-01, 9.068476e-01, -1.960671e+00, 5.221766e-01, 6.767328e-10, 7.995408e-10, 3.276317e+01, -5.108538e-01
3.620000e+09, 2.834508e-01, 9.057462e-01, -1.976828e+00, 5.030867e-01, 6.803268e-10, 7.978464e-10, 3.241358e+01, -5.152787e-01
3.623800e+09, 2.874832e-01, 9.046521e-01, -1.993072e+00, 4.840372e-01, 6.837192e-10, 7.961715e-10, 3.206250e+01, -5.193587e-01
3.627600e+09, 2.914324e-01, 9.035665e-01, -2.009396e+00, 4.650277e-01, 6.869349e-10, 7.945191e-10, 3.171035e+01, -5.230909e-01
3.631400e+09, 2.952976e-01, 9.024907e-01, -2.025798e+00, 4.460577e-01, 6.899959e-10, 7.928920e-10, 3.135754e+01, -5.264726e-01
3.635200e+09, 2.990786e-01, 9.014260e-01, -2.042272e+00, 4.271265e-01, 6.929221e-10, 7.912929e-10, 3.100444e+01, -5.295008e-01
3.639000e+09, 3.027746e-01, 9.003735e-01, -2.058816e+00, 4.082335e-01, 6.957310e-10, 7.897240e-10, 3.065141e+01, -5.321729e-01
3.642800e+09, 3.063853e-01, 8.993343e-01, -2.075428e+00, 3.893780e-01, 6.984381e-10, 7.881875e-10, 3.029881e+01, -5.344859e-01
3.646600e+09, 3.099102e-01, 8.983095e-01, -2.092104e+00, 3.705592e-01, 7.010569e-10, 7.866850e-10, 2.994695e+01, -5.364369e-01
3.650400e+09, 3.133487e-01, 8.973001e-01, -2.108842e+00, 3.517762e-01, 7.035992e-10, 7.852179e-10, 2.959615e+01, -5.380228e-01
3.654200e+09, 3.167002e-01, 8.963070e-01, -2.125641e+00, 3.330282e-01, 7.060748e-10, 7.837872e-10, 2.924672e+01, -5.392406e-01
3.658000e+09, 3.199644e-01, 8.953310e-01, -2.142500e+00, 3.143145e-01, 7.084922e-10, 7.823936e-10, 2.889895e+01, -5.400868e-01
3.661800e+09, 3.231406e-01, 8.943729e-01, -2.159416e+00, 2.956340e-01, 7.108583e-10, 7.810374e-10, 2.855311e+01, -5.405583e-01
3.665600e+09, 3.262282e-01, 8.934335e-01, -2.176388e+00, 2.769858e-01, 7.131788e-10, 7.797187e-10, 2.820948e+01, -5.406515e-01
3.669400e+09, 3.292268e-01, 8.925133e-01, -2.193416e+00, 2.583692e-01, 7.154582e-10, 7.784370e-10, 2.786831e+01, -5.403627e-01
3.673200e+09, 3.321356e-01, 8.916130e-01, -2.210499e+00, 2.397831e-01, 7.177001e-10, 7.771919e-10, 2.752988e+01, -5.396883e-01
3.677000e+09, 3.349542e-01, 8.907332e-01, -2.227635e+00, 2.212268e-01, 7.199072e-10, 7.759824e-10, 2.719441e+01, -5.386245e-01
3.680800e+09, 3.376819e-01, 8.898743e-01, -2.244823e+00, 2.026994e-01, 7.220814e-10, 7.748074e-10, 2.686217e+01, -5.371674e-01
3.684600e+09, 3.403181e-01, 8.890368e-01, -2.262064e+00, 1.842000e-01, 7.242243e-10, 7.736656e-10, 2.653337e+01, -5.353132e-01
3.688400e+09, 3.428624e-01, 8.882211e-01, -2.279355e+00, 1.657279e-01, 7.263369e-10, 7.725555e-10, 2.620827e+01, -5.330579e-01
3.692200e+09, 3.453140e-01, 8.874276e-01, -2.296697e+00, 1.472823e-01, 7.284202e-10, 7.714754e-10, 2.588710e+01, -5.303977e-01
3.696000e+09, 3.476725e-01, 8.866566e-01, -2.314089e+00, 1.288624e-01, 7.304747e-10, 7.704238e-10, 2.557007e+01, -5.273286e-01
3.699800e+09, 3.499374e-01, 8.859086e-01, -2.331530e+00, 1.104677e-01, 7.325014e-10, 7.693989e-10, 2.525741e+01, -5.238469e-01
3.703600e+09, 3.521081e-01, 8.851838e-01, -2.349019e+00, 9.209747e-02, 7.345011e-10, 7.683990e-10, 2.494936e+01, -5.199490e-01
3.707400e+09, 3.541843e-01, 8.844826e-01, -2.366556e+00, 7.375110e-02, 7.364749e-10, 7.674227e-10, 2.464613e+01, -5.156312e-01
3.711200e+09, 3.561655e-01, 8.838054e-01, -2.384141e+00, 5.542803e-02, 7.384244e-10, 7.664685e-10, 2.434793e+01, -5.108903e-01
3.715000e+09, 3.580514e-01, 8.831525e-01, -2.401771e+00, 3.712775e-02, 7.403515e-10, 7.655353e-10, 2.405499e+01, -5.057232e-01
3.718800e+09, 3.598417e-01, 8.825244e-01, -2.419448e+00, 1.884975e-02, 7.422585e-10, 7.646221e-10, 2.376752e+01, -5.001270e-01
3.722600e+09, 3.615361e-01, 8.819215e-01, -2.437170e+00, 5.935526e-04, 7.441484e-10, 7.637283e-10, 2.348574e+01, -4.940993e-01
3.726400e+09, 3.631345e-01, 8.813443e-01, -2.454938e+00, -1.764130e-02, 7.460246e-10, 7.628537e-10, 2.320985e+01, -4.876377e-01
3.730200e+09, 3.646368e-01, 8.807932e-01, -2.472750e+00, -3.585528e-02, 7.478912e-10, 7.619985e-10, 2.294007e+01, -4.807407e-01
3.734000e+09, 3.660428e-01, 8.802689e-01, -2.490606e+00, -5.404883e-02, 7.497529e-10, 7.611635e-10, 2.267661e+01, -4.734067e-01
3.737800e+09, 3.673526e-01, 8.797720e-01, -2.508508e+00, -7.222245e-02, 7.516148e-10, 7.603498e-10, 2.241967e+01, -4.656350e-01
3.741600e+09, 3.685663e-01, 8.793032e-01, -2.526453e+00, -9.037664e-02, 7.534826e-10, 7.595592e-10, 2.216946e+01, -4.574253e-01
3.745400e+09, 3.696839e-01, 8.788631e-01, -2.544443e+00, -1.085120e-01, 7.553626e-10, 7.587942e-10, 2.192619e+01, -4.487777e-01
3.749200e+09, 3.707056e-01, 8.784527e-01, -2.562479e+00, -1.266290e-01, 7.572614e-10, 7.580576e-10, 2.169006e+01, -4.396933e-01
3.753000e+09, 3.716316e-01, 8.780727e-01, -2.580559e+00, -1.447285e-01, 7.591861e-10, 7.573531e-10, 2.146127e+01, -4.301735e-01
3.756800e+09, 3.724622e-01, 8.777240e-01, -2.598685e+00, -1.628111e-01, 7.611440e-10, 7.566847e-10, 2.124002e+01, -4.202206e-01
3.760600e+09, 3.731977e-01, 8.774076e-01, -2.616859e+00, -1.808778e-01, 7.631428e-10, 7.560572e-10, 2.102652e+01, -4.098378e-01
3.764400e+09, 3.738384e-01, 8.771244e-01, -2.635079e+00, -1.989295e-01, 7.651902e-10, 7.554757e-10, 2.082097e+01, -3.990288e-01
3.768200e+09, 3.743846e-01, 8.768754e-01, -2.653349e+00, -2.169673e-01, 7.672940e-10, 7.549458e-10, 2.062357e+01, -3.877985e-01
3.772000e+09, 3.748367e-01, 8.766616e-01, -2.671669e+00, -2.349925e-01, 7.694623e-10, 7.544736e-10, 2.043451e+01, -3.761525e-01
3.775800e+09, 3.751952e-01, 8.764838e-01, -2.690041e+00, -2.530064e-01, 7.717029e-10, 7.540652e-10, 2.025399e+01, -3.640977e-01
3.779600e+09, 3.754603e-01, 8.763432e-01, -2.708466e+00, -2.710105e-01, 7.740234e-10, 7.537270e-10, 2.008222e+01, -3.516416e-01
3.783400e+09, 3.756325e-01, 8.762405e-01, -2.726947e+00, -2.890066e-01, 7.764314e-10, 7.534653e-10, 1.991939e+01, -3.387932e-01
3.787200e+09, 3.757123e-01, 8.761765e-01, -2.745485e+00, -3.069964e-01, 7.789343e-10, 7.532862e-10, 1.976570e+01, -3.255625e-01
3.791000e+09, 3.756999e-01, 8.761521e-01, -2.764083e+00, -3.249819e-01, 7.815390e-10, 7.531953e-10, 1.962134e+01, -3.119606e-01
3.794800e+09, 3.755957e-01, 8.761677e-01, -2.782743e+00, -3.429653e-01, 7.842524e-10, 7.531980e-10, 1.948652e+01, -2.979999e-01
3.798600e+09, 3.754001e-01, 8.762240e-01, -2.801468e+00, -3.609487e-01, 7.870809e-10, 7.532987e-10, 1.936142e+01, -2.836943e-01
3.802400e+09, 3.751135e-01, 8.763212e-01, -2.820260e+00, -3.789346e-01, 7.900305e-10, 7.535010e-10, 1.924625e+01, -2.690587e-01
3.806200e+09, 3.747361e-01, 8.764595e-01, -2.839123e+00, -3.969252e-01, 7.931071e-10, 7.538074e-10, 1.914118e+01, -2.541094e-01
3.810000e+09, 3.742682e-01, 8.766389e-01, -2.858060e+00, -4.149232e-01, 7.963160e-10, 7.542190e-10, 1.904642e+01, -2.388641e-01
3.813800e+09, 3.737102e-01, 8.768591e-01, -2.877072e+00, -4.329310e-01, 7.996623e-10, 7.547360e-10, 1.896215e+01, -2.233420e-01
3.817600e+09, 3.730622e-01, 8.771198e-01, -2.896165e+00, -4.509512e-01, 8.031511e-10, 7.553566e-10, 1.888856e+01, -2.075633e-01
3.821400e+09, 3.723245e-01, 8.774203e-01, -2.915341e+00, -4.689862e-01, 8.067869e-10, 7.560780e-10, 1.882581e+01, -1.915497e-01
3.825200e+09, 3.714972e-01, 8.777599e-01, -2.934604e+00, -4.870384e-01, 8.105742e-10, 7.568956e-10, 1.877409e+01, -1.753241e-01
3.829000e+09, 3.705807e-01, 8.781373e-01, -2.953958e+00, -5.051101e-01, 8.145174e-10, 7.578033e-10, 1.873356e+01, -1.589107e-01
3.832800e+09, 3.695749e-01, 8.785516e-01, -2.973405e+00, -5.232035e-01, 8.186208e-10, 7.587940e-10, 1.870438e+01, -1.423347e-01
3.836600e+09, 3.684802e-01, 8.790012e-01, -2.992951e+00, -5.413205e-01, 8.228888e-10, 7.598590e-10, 1.868671e+01, -1.256223e-01
3.840400e+09, 3.672966e-01, 8.794847e-01, -3.012598e+00, -5.594630e-01, 8.273258e-10, 7.609888e-10, 1.868070e+01, -1.088008e-01
3.844200e+09, 3.660242e-01, 8.800003e-01, -3.032351e+00, -5.776324e-01, 8.319365e-10, 7.621731e-10, 1.868648e+01, -9.189807e-02
3.848000e+09, 3.646633e-01, 8.805465e-01, -3.052215e+00, -5.958302e-01, 8.367256e-10, 7.634012e-10, 1.870418e+01, -7.494283e-02
3.851800e+09, 3.632139e-01, 8.811213e-01, -3.072193e+00, -6.140572e-01, 8.416984e-10, 7.646621e-10, 1.873391e+01, -5.796417e-02
3.855600e+09, 3.616761e-01, 8.817231e-01, -3.092289e+00, -6.323144e-01, 8.468604e-10, 7.659451e-10, 1.877579e+01, -4.099158e-02
3.859400e+09, 3.600502e-01, 8.823500e-01, -3.112509e+00, -6.506021e-01, 8.522174e-10, 7.672400e-10, 1.882990e+01, -2.405471e-02
3.863200e+09, 3.583363e-01, 8.830003e-01, -3.132856e+00, -6.689208e-01, 8.577759e-10, 7.685375e-10, 1.889634e+01, -7.183233e-03
3.867000e+09, 3.565345e-01, 8.836724e-01, 3.129849e+00, -6.872705e-01, 8.635430e-10, 7.698292e-10, 1.897518e+01, 9.593352e-03
3.870800e+09, 3.546450e-01, 8.843649e-01, 3.109231e+00, -7.056510e-01, 8.695260e-10, 7.711082e-10, 1.906648e+01, 2.624586e-02
3.874600e+09, 3.526681e-01, 8.850765e-01, 3.088470e+00, -7.240621e-01, 8.757332e-10, 7.723695e-10, 1.917030e+01, 4.274562e-02
3.878400e+09, 3.506039e-01, 8.858059e-01, 3.067561e+00, -7.425033e-01, 8.821734e-10, 7.736093e-10, 1.928667e+01, 5.906455e-02
3.882200e+09, 3.484528e-01, 8.865521e-01, 3.046498e+00, -7.609741e-01, 8.888560e-10, 7.748261e-10, 1.941562e+01, 7.517541e-02
3.886000e+09, 3.462149e-01, 8.873145e-01, 3.025275e+00, -7.794739e-01, 8.957911e-10, 7.760199e-10, 1.955717e+01, 9.105182e-02
3.889800e+09, 3.438906e-01, 8.880924e-01, 3.003887e+00, -7.980022e-01, 9.029896e-10, 7.771928e-10, 1.971135e+01, 1.066684e-01
3.893600e+09, 3.414801e-01, 8.888855e-01, 2.982327e+00, -8.165586e-01, 9.104630e-10, 7.783484e-10, 1.987814e+01, 1.220010e-01
3.897400e+09, 3.389840e-01, 8.896934e-01, 2.960589e+00, -8.351425e-01, 9.182235e-10, 7.794917e-10, 2.005755e+01, 1.370266e-01
3.901200e+09, 3.364024e-01, 8.905162e-01, 2.938665e+00, -8.537537e-01, 9.262840e-10, 7.806291e-10, 2.024956e+01, 1.517232e-01
3.905000e+09, 3.337359e-01, 8.913538e-01, 2.916549e+00, -8.723921e-01, 9.346582e-10, 7.817681e-10, 2.045416e+01, 1.660704e-01
3.908800e+09, 3.309849e-01, 8.922064e-01, 2.894233e+00, -8.910577e-01, 9.433605e-10, 7.829166e-10, 2.067133e+01, 1.800489e-01
3.912600e+09, 3.281498e-01, 8.930742e-01, 2.871710e+00, -9.097507e-01, 9.524059e-10, 7.840831e-10, 2.090103e+01, 1.936409e-01
3.916400e+09, 3.252313e-01, 8.939574e-01, 2.848970e+00, -9.284715e-01, 9.618106e-10, 7.852761e-10, 2.114324e+01, 2.068296e-01
3.920200e+09, 3.222299e-01, 8.948561e-01, 2.826006e+00, -9.472208e-01, 9.715912e-10, 7.865037e-10, 2.139791e+01, 2.195997e-01
3.924000e+09, 3.191462e-01, 8.957705e-01, 2.802808e+00, -9.659995e-01, 9.817654e-10, 7.877737e-10, 2.166502e+01, 2.319371e-01
3.927800e+09, 3.159809e-01, 8.967006e-01, 2.779367e+00, -9.848085e-01, 9.923520e-10, 7.890926e-10, 2.194452e+01, 2.438288e-01
3.931600e+09, 3.127347e-01, 8.976464e-01, 2.755674e+00, -1.003649e+00, 1.003371e-09, 7.904663e-10, 2.223636e+01, 2.552630e-01
3.935400e+09, 3.094084e-01, 8.986076e-01, 2.731717e+00, -1.022522e+00, 1.014843e-09, 7.918990e-10, 2.254050e+01, 2.662289e-01
3.939200e+09, 3.060030e-01, 8.995839e-01, 2.707487e+00, -1.041430e+00, 1.026791e-09, 7.933937e-10, 2.285690e+01, 2.767168e-01
3.943000e+09, 3.025195e-01, 9.005745e-01, 2.682971e+00, -1.060373e+00, 1.039238e-09, 7.949517e-10, 2.318549e+01, 2.867178e-01
3.946800e+09, 2.989588e-01, 9.015788e-01, 2.658158e+00, -1.079353e+00, 1.052212e-09, 7.965727e-10, 2.352623e+01, 2.962242e-01
3.950600e+09, 2.953222e-01, 9.025957e-01, 2.633035e+00, -1.098372e+00, 1.065739e-09, 7.982548e-10, 2.387905e+01, 3.052287e-01
3.954400e+09, 2.916110e-01, 9.036239e-01, 2.607589e+00, -1.117431e+00, 1.079850e-09, 7.999945e-10, 2.424390e+01, 3.137250e-01
3.958200e+09, 2.878267e-01, 9.046621e-01, 2.581807e+00, -1.136532e+00, 1.094578e-09, 8.017867e-10, 2.462070e+01, 3.217074e-01
3.962000e+09, 2.839708e-01, 9.057086e-01, 2.555673e+00, -1.155676e+00, 1.109960e-09, 8.036249e-10, 2.500938e+01, 3.291710e-01
3.965800e+09, 2.800450e-01, 9.067615e-01, 2.529171e+00, -1.174863e+00, 1.126034e-09, 8.055014e-10, 2.540987e+01, 3.361111e-01
3.969600e+09, 2.760515e-01, 9.078189e-01, 2.502286e+00, -1.194095e+00, 1.142844e-09, 8.074074e-10, 2.582206e+01, 3.425240e-01
3.973400e+09, 2.719921e-01, 9.088786e-01, 2.474999e+00, -1.213373e+00, 1.160437e-09, 8.093333e-10, 2.624587e+01, 3.484062e-01
3.977200e+09, 2.678694e-01, 9.099385e-01, 2.447292e+00, -1.232697e+00, 1.178867e-09, 8.112689e-10, 2.668118e+01, 3.537546e-01
3.981000e+09, 2.636857e-01, 9.109962e-01, 2.419146e+00, -1.252067e+00, 1.198191e-09, 8.132035e-10, 2.712788e+01, 3.585668e-01
3.984800e+09, 2.594441e-01, 9.120494e-01, 2.390537e+00, -1.271483e+00, 1.218471e-09, 8.151264e-10, 2.758582e+01, 3.628405e-01
3.988600e+09, 2.551473e-01, 9.130956e-01, 2.361445e+00, -1.290945e+00, 1.239777e-09, 8.170269e-10, 2.805487e+01, 3.665740e-01
3.992400e+09, 2.507989e-01, 9.141326e-01, 2.331844e+00, -1.310452e+00, 1.262187e-09, 8.188948e-10, 2.853485e+01, 3.697656e-01
3.996200e+09, 2.464023e-01, 9.151580e-01, 2.301708e+00, -1.330004e+00, 1.285782e-09, 8.207204e-10, 2.902559e+01, 3.724142e-01
4.000000e+09, 2.419614e-01, 9.161696e-01, 2.271008e+00, -1.349600e+00, 1.285782e-09, 8.207204e-10, 2.952689e+01, 3.745188e-01
