Frequency [Hz], |S00| [-], |S10| [-], Arg(S00) [-], Arg(S10) [-], Delay 0>0 [s], Delay 0>1 [s], |Z0| [Ohm] , Arg(Z0) [-]
2.000000e+08, 3.285305e-02, 9.747825e-01, 1.925498e+00, -5.064475e-01, 7.544945e-10, 4.072422e-10, 3.909833e+01, 6.160443e-02
2.038000e+08, 3.292149e-02, 9.746600e-01, 1.907484e+00, -5.161708e-01, 7.578682e-10, 4.070009e-10, 3.914010e+01, 6.213351e-02
2.076000e+08, 3.299206e-02, 9.745374e-01, 1.889389e+00, -5.258884e-01, 7.610320e-10, 4.067671e-10, 3.918252e+01, 6.264981e-02
2.114000e+08, 3.306476e-02, 9.744147e-01, 1.871218e+00, -5.356004e-01, 7.639985e-10, 4.065406e-10, 3.922558e+01, 6.315273e-02
2.152000e+08, 3.313956e-02, 9.742921e-01, 1.852977e+00, -5.453070e-01, 7.667796e-10, 4.063209e-10, 3.926926e+01, 6.364173e-02
2.190000e+08, 3.321644e-02, 9.741696e-01, 1.834669e+00, -5.550084e-01, 7.693858e-10, 4.061077e-10, 3.931357e+01, 6.411629e-02
2.228000e+08, 3.329541e-02, 9.740474e-01, 1.816299e+00, -5.647047e-01, 7.718270e-10, 4.059009e-10, 3.935848e+01, 6.457588e-02
2.266000e+08, 3.337644e-02, 9.739253e-01, 1.797871e+00, -5.743960e-01, 7.741119e-10, 4.057000e-10, 3.940399e+01, 6.502003e-02
2.304000e+08, 3.345954e-02, 9.738036e-01, 1.779388e+00, -5.840825e-01, 7.762487e-10, 4.055049e-10, 3.945009e+01, 6.544827e-02
2.342000e+08, 3.354469e-02, 9.736823e-01, 1.760855e+00, -5.937644e-01, 7.782448e-10, 4.053154e-10, 3.949676e+01, 6.586014e-02
2.380000e+08, 3.363190e-02, 9.735615e-01, 1.742273e+00, -6.034417e-01, 7.801069e-10, 4.051312e-10, 3.954401e+01, 6.625522e-02
2.418000e+08, 3.372116e-02, 9.734412e-01, 1.723647e+00, -6.131147e-01, 7.818412e-10, 4.049523e-10, 3.959181e+01, 6.663309e-02
2.456000e+08, 3.381247e-02, 9.733215e-01, 1.704980e+00, -6.227834e-01, 7.834534e-10, 4.047784e-10, 3.964015e+01, 6.699335e-02
2.494000e+08, 3.390583e-02, 9.732024e-01, 1.686274e+00, -6.324479e-01, 7.849487e-10, 4.046094e-10, 3.968903e+01, 6.733561e-02
2.532000e+08, 3.400126e-02, 9.730840e-01, 1.667533e+00, -6.421084e-01, 7.863319e-10, 4.044453e-10, 3.973844e+01, 6.765949e-02
2.570000e+08, 3.409874e-02, 9.729664e-01, 1.648758e+00, -6.517650e-01, 7.876073e-10, 4.042857e-10, 3.978835e+01, 6.796464e-02
2.608000e+08, 3.419829e-02, 9.728496e-01, 1.629953e+00, -6.614178e-01, 7.887789e-10, 4.041307e-10, 3.983876e+01, 6.825072e-02
2.646000e+08, 3.429992e-02, 9.727337e-01, 1.611120e+00, -6.710668e-01, 7.898505e-10, 4.039802e-10, 3.988966e+01, 6.851738e-02
2.684000e+08, 3.440362e-02, 9.726187e-01, 1.592262e+00, -6.807123e-01, 7.908254e-10, 4.038340e-10, 3.994104e+01, 6.876432e-02
2.722000e+08, 3.450941e-02, 9.725046e-01, 1.573380e+00, -6.903543e-01, 7.917068e-10, 4.036921e-10, 3.999288e+01, 6.899121e-02
2.760000e+08, 3.461729e-02, 9.723916e-01, 1.554477e+00, -6.999929e-01, 7.924975e-10, 4.035543e-10, 4.004516e+01, 6.919776e-02
2.798000e+08, 3.472728e-02, 9.722797e-01, 1.535555e+00, -7.096282e-01, 7.932002e-10, 4.034206e-10, 4.009789e+01, 6.938369e-02
2.836000e+08, 3.483938e-02, 9.721689e-01, 1.516617e+00, -7.192603e-01, 7.938173e-10, 4.032910e-10, 4.015104e+01, 6.954871e-02
2.874000e+08, 3.495360e-02, 9.720592e-01, 1.497663e+00, -7.288893e-01, 7.943512e-10, 4.031653e-10, 4.020459e+01, 6.969256e-02
2.912000e+08, 3.506995e-02, 9.719508e-01, 1.478697e+00, -7.385153e-01, 7.948040e-10, 4.030435e-10, 4.025855e+01, 6.981498e-02
2.950000e+08, 3.518844e-02, 9.718435e-01, 1.459720e+00, -7.481384e-01, 7.951775e-10, 4.029255e-10, 4.031288e+01, 6.991574e-02
2.988000e+08, 3.530908e-02, 9.717376e-01, 1.440735e+00, -7.577587e-01, 7.954737e-10, 4.028113e-10, 4.036759e+01, 6.999458e-02
3.026000e+08, 3.543188e-02, 9.716330e-01, 1.421742e+00, -7.673763e-01, 7.956942e-10, 4.027008e-10, 4.042264e+01, 7.005130e-02
3.064000e+08, 3.555686e-02, 9.715297e-01, 1.402744e+00, -7.769912e-01, 7.958406e-10, 4.025939e-10, 4.047804e+01, 7.008566e-02
3.102000e+08, 3.568401e-02, 9.714277e-01, 1.383742e+00, -7.866036e-01, 7.959144e-10, 4.024907e-10, 4.053376e+01, 7.009747e-02
3.140000e+08, 3.581336e-02, 9.713272e-01, 1.364739e+00, -7.962135e-01, 7.959171e-10, 4.023909e-10, 4.058980e+01, 7.008653e-02
3.178000e+08, 3.594491e-02, 9.712281e-01, 1.345736e+00, -8.058210e-01, 7.958499e-10, 4.022947e-10, 4.064612e+01, 7.005265e-02
3.216000e+08, 3.607868e-02, 9.711305e-01, 1.326734e+00, -8.154263e-01, 7.957141e-10, 4.022018e-10, 4.070273e+01, 6.999565e-02
3.254000e+08, 3.621467e-02, 9.710344e-01, 1.307735e+00, -8.250293e-01, 7.955109e-10, 4.021124e-10, 4.075960e+01, 6.991536e-02
3.292000e+08, 3.635289e-02, 9.709397e-01, 1.288741e+00, -8.346302e-01, 7.952415e-10, 4.020262e-10, 4.081672e+01, 6.981162e-02
3.330000e+08, 3.649335e-02, 9.708466e-01, 1.269754e+00, -8.442290e-01, 7.949070e-10, 4.019434e-10, 4.087406e+01, 6.968428e-02
3.368000e+08, 3.663606e-02, 9.707551e-01, 1.250775e+00, -8.538258e-01, 7.945083e-10, 4.018637e-10, 4.093163e+01, 6.953320e-02
3.406000e+08, 3.678103e-02, 9.706651e-01, 1.231805e+00, -8.634208e-01, 7.940467e-10, 4.017872e-10, 4.098939e+01, 6.935824e-02
3.444000e+08, 3.692827e-02, 9.705766e-01, 1.212846e+00, -8.730139e-01, 7.935229e-10, 4.017139e-10, 4.104734e+01, 6.915928e-02
3.482000e+08, 3.707778e-02, 9.704898e-01, 1.193900e+00, -8.826052e-01, 7.929381e-10, 4.016436e-10, 4.110545e+01, 6.893621e-02
3.520000e+08, 3.722958e-02, 9.704045e-01, 1.174968e+00, -8.921949e-01, 7.922932e-10, 4.015764e-10, 4.116371e+01, 6.868891e-02
3.558000e+08, 3.738367e-02, 9.703209e-01, 1.156051e+00, -9.017830e-01, 7.915891e-10, 4.015121e-10, 4.122210e+01, 6.841730e-02
3.596000e+08, 3.754005e-02, 9.702389e-01, 1.137151e+00, -9.113695e-01, 7.908268e-10, 4.014507e-10, 4.128060e+01, 6.812127e-02
3.634000e+08, 3.769874e-02, 9.701585e-01, 1.118269e+00, -9.209546e-01, 7.900072e-10, 4.013922e-10, 4.133921e+01, 6.780076e-02
3.672000e+08, 3.785973e-02, 9.700798e-01, 1.099407e+00, -9.305383e-01, 7.891311e-10, 4.013365e-10, 4.139789e+01, 6.745568e-02
3.710000e+08, 3.802303e-02, 9.700027e-01, 1.080565e+00, -9.401207e-01, 7.881996e-10, 4.012836e-10, 4.145663e+01, 6.708598e-02
3.748000e+08, 3.818864e-02, 9.699272e-01, 1.061746e+00, -9.497017e-01, 7.872135e-10, 4.012334e-10, 4.151541e+01, 6.669160e-02
3.786000e+08, 3.835658e-02, 9.698534e-01, 1.042951e+00, -9.592816e-01, 7.861738e-10, 4.011859e-10, 4.157422e+01, 6.627250e-02
3.824000e+08, 3.852683e-02, 9.697812e-01, 1.024180e+00, -9.688604e-01, 7.850814e-10, 4.011410e-10, 4.163303e+01, 6.582864e-02
3.862000e+08, 3.869941e-02, 9.697107e-01, 1.005435e+00, -9.784381e-01, 7.839373e-10, 4.010986e-10, 4.169183e+01, 6.535999e-02
3.900000e+08, 3.887431e-02, 9.696418e-01, 9.867179e-01, -9.880148e-01, 7.827423e-10, 4.010588e-10, 4.175060e+01, 6.486653e-02
3.938000e+08, 3.905152e-02, 9.695745e-01, 9.680290e-01, -9.975905e-01, 7.814974e-10, 4.010214e-10, 4.180932e+01, 6.434825e-02
3.976000e+08, 3.923106e-02, 9.695088e-01, 9.493699e-01, -1.007165e+00, 7.802037e-10, 4.009864e-10, 4.186798e+01, 6.380515e-02
4.014000e+08, 3.941292e-02, 9.694448e-01, 9.307417e-01, -1.016739e+00, 7.788619e-10, 4.009537e-10, 4.192654e+01, 6.323724e-02
4.052000e+08, 3.959710e-02, 9.693824e-01, 9.121455e-01, -1.026313e+00, 7.774733e-10, 4.009234e-10, 4.198499e+01, 6.264453e-02
4.090000e+08, 3.978359e-02, 9.693216e-01, 8.935825e-01, -1.035885e+00, 7.760386e-10, 4.008953e-10, 4.204332e+01, 6.202705e-02
4.128000e+08, 3.997239e-02, 9.692624e-01, 8.750537e-01, -1.045457e+00, 7.745591e-10, 4.008694e-10, 4.210150e+01, 6.138483e-02
4.166000e+08, 4.016349e-02, 9.692047e-01, 8.565602e-01, -1.055028e+00, 7.730355e-10, 4.008456e-10, 4.215952e+01, 6.071791e-02
4.204000e+08, 4.035689e-02, 9.691487e-01, 8.381032e-01, -1.064599e+00, 7.714691e-10, 4.008239e-10, 4.221735e+01, 6.002634e-02
4.242000e+08, 4.055258e-02, 9.690942e-01, 8.196835e-01, -1.074169e+00, 7.698608e-10, 4.008043e-10, 4.227498e+01, 5.931019e-02
4.280000e+08, 4.075055e-02, 9.690412e-01, 8.013022e-01, -1.083738e+00, 7.682117e-10, 4.007866e-10, 4.233238e+01, 5.856951e-02
4.318000e+08, 4.095079e-02, 9.689898e-01, 7.829603e-01, -1.093308e+00, 7.665229e-10, 4.007709e-10, 4.238953e+01, 5.780438e-02
4.356000e+08, 4.115330e-02, 9.689398e-01, 7.646587e-01, -1.102876e+00, 7.647953e-10, 4.007570e-10, 4.244642e+01, 5.701490e-02
4.394000e+08, 4.135805e-02, 9.688914e-01, 7.463984e-01, -1.112445e+00, 7.630302e-10, 4.007450e-10, 4.250303e+01, 5.620115e-02
4.432000e+08, 4.156505e-02, 9.688445e-01, 7.281802e-01, -1.122013e+00, 7.612285e-10, 4.007347e-10, 4.255933e+01, 5.536323e-02
4.470000e+08, 4.177428e-02, 9.687990e-01, 7.100050e-01, -1.131581e+00, 7.593915e-10, 4.007261e-10, 4.261530e+01, 5.450126e-02
4.508000e+08, 4.198571e-02, 9.687549e-01, 6.918737e-01, -1.141149e+00, 7.575201e-10, 4.007193e-10, 4.267093e+01, 5.361536e-02
4.546000e+08, 4.219935e-02, 9.687123e-01, 6.737871e-01, -1.150717e+00, 7.556156e-10, 4.007140e-10, 4.272619e+01, 5.270565e-02
4.584000e+08, 4.241517e-02, 9.686711e-01, 6.557459e-01, -1.160284e+00, 7.536789e-10, 4.007103e-10, 4.278107e+01, 5.177227e-02
4.622000e+08, 4.263315e-02, 9.686313e-01, 6.377510e-01, -1.169851e+00, 7.517113e-10, 4.007081e-10, 4.283554e+01, 5.081536e-02
4.660000e+08, 4.285328e-02, 9.685928e-01, 6.198031e-01, -1.179419e+00, 7.497139e-10, 4.007073e-10, 4.288958e+01, 4.983509e-02
4.698000e+08, 4.307554e-02, 9.685557e-01, 6.019028e-01, -1.188986e+00, 7.476878e-10, 4.007080e-10, 4.294318e+01, 4.883160e-02
4.736000e+08, 4.329991e-02, 9.685199e-01, 5.840510e-01, -1.198554e+00, 7.456341e-10, 4.007101e-10, 4.299631e+01, 4.780508e-02
4.774000e+08, 4.352637e-02, 9.684854e-01, 5.662481e-01, -1.208121e+00, 7.435539e-10, 4.007134e-10, 4.304895e+01, 4.675569e-02
4.812000e+08, 4.375490e-02, 9.684521e-01, 5.484950e-01, -1.217688e+00, 7.414483e-10, 4.007180e-10, 4.310109e+01, 4.568364e-02
4.850000e+08, 4.398547e-02, 9.684201e-01, 5.307921e-01, -1.227256e+00, 7.393186e-10, 4.007239e-10, 4.315270e+01, 4.458910e-02
4.888000e+08, 4.421806e-02, 9.683894e-01, 5.131400e-01, -1.236824e+00, 7.371657e-10, 4.007309e-10, 4.320375e+01, 4.347229e-02
4.926000e+08, 4.445265e-02, 9.683598e-01, 4.955394e-01, -1.246392e+00, 7.349909e-10, 4.007390e-10, 4.325425e+01, 4.233342e-02
4.964000e+08, 4.468921e-02, 9.683315e-01, 4.779907e-01, -1.255960e+00, 7.327951e-10, 4.007482e-10, 4.330415e+01, 4.117271e-02
5.002000e+08, 4.492772e-02, 9.683042e-01, 4.604944e-01, -1.265528e+00, 7.305796e-10, 4.007585e-10, 4.335345e+01, 3.999038e-02
5.040000e+08, 4.516814e-02, 9.682781e-01, 4.430510e-01, -1.275097e+00, 7.283454e-10, 4.007697e-10, 4.340212e+01, 3.878668e-02
5.078000e+08, 4.541046e-02, 9.682532e-01, 4.256609e-01, -1.284665e+00, 7.260935e-10, 4.007818e-10, 4.345014e+01, 3.756185e-02
5.116000e+08, 4.565463e-02, 9.682293e-01, 4.083246e-01, -1.294234e+00, 7.238251e-10, 4.007949e-10, 4.349750e+01, 3.631613e-02
5.154000e+08, 4.590064e-02, 9.682064e-01, 3.910425e-01, -1.303804e+00, 7.215413e-10, 4.008088e-10, 4.354417e+01, 3.504980e-02
5.192000e+08, 4.614845e-02, 9.681846e-01, 3.738149e-01, -1.313374e+00, 7.192430e-10, 4.008235e-10, 4.359013e+01, 3.376311e-02
5.230000e+08, 4.639803e-02, 9.681638e-01, 3.566422e-01, -1.322944e+00, 7.169313e-10, 4.008390e-10, 4.363538e+01, 3.245635e-02
5.268000e+08, 4.664934e-02, 9.681440e-01, 3.395247e-01, -1.332514e+00, 7.146072e-10, 4.008551e-10, 4.367988e+01, 3.112980e-02
5.306000e+08, 4.690237e-02, 9.681251e-01, 3.224626e-01, -1.342085e+00, 7.122717e-10, 4.008720e-10, 4.372361e+01, 2.978375e-02
5.344000e+08, 4.715706e-02, 9.681072e-01, 3.054564e-01, -1.351656e+00, 7.099259e-10, 4.008895e-10, 4.376657e+01, 2.841850e-02
5.382000e+08, 4.741338e-02, 9.680902e-01, 2.885061e-01, -1.361228e+00, 7.075707e-10, 4.009077e-10, 4.380873e+01, 2.703435e-02
5.420000e+08, 4.767131e-02, 9.680740e-01, 2.716121e-01, -1.370800e+00, 7.052071e-10, 4.009264e-10, 4.385007e+01, 2.563162e-02
5.458000e+08, 4.793081e-02, 9.680587e-01, 2.547745e-01, -1.380373e+00, 7.028360e-10, 4.009456e-10, 4.389058e+01, 2.421063e-02
5.496000e+08, 4.819183e-02, 9.680443e-01, 2.379935e-01, -1.389946e+00, 7.004583e-10, 4.009653e-10, 4.393023e+01, 2.277171e-02
5.534000e+08, 4.845434e-02, 9.680306e-01, 2.212693e-01, -1.399519e+00, 6.980750e-10, 4.009854e-10, 4.396902e+01, 2.131519e-02
5.572000e+08, 4.871830e-02, 9.680177e-01, 2.046020e-01, -1.409093e+00, 6.956869e-10, 4.010060e-10, 4.400692e+01, 1.984141e-02
5.610000e+08, 4.898368e-02, 9.680056e-01, 1.879917e-01, -1.418668e+00, 6.932949e-10, 4.010270e-10, 4.404391e+01, 1.835074e-02
5.648000e+08, 4.925043e-02, 9.679942e-01, 1.714385e-01, -1.428243e+00, 6.908999e-10, 4.010483e-10, 4.407998e+01, 1.684351e-02
5.686000e+08, 4.951852e-02, 9.679835e-01, 1.549425e-01, -1.437818e+00, 6.885027e-10, 4.010699e-10, 4.411512e+01, 1.532009e-02
5.724000e+08, 4.978790e-02, 9.679735e-01, 1.385037e-01, -1.447394e+00, 6.861042e-10, 4.010918e-10, 4.414930e+01, 1.378086e-02
5.762000e+08, 5.005853e-02, 9.679642e-01, 1.221222e-01, -1.456971e+00, 6.837050e-10, 4.011140e-10, 4.418251e+01, 1.222618e-02
5.800000e+08, 5.033037e-02, 9.679555e-01, 1.057980e-01, -1.466548e+00, 6.813060e-10, 4.011364e-10, 4.421474e+01, 1.065644e-02
5.838000e+08, 5.060337e-02, 9.679474e-01, 8.953108e-02, -1.476125e+00, 6.789079e-10, 4.011590e-10, 4.424597e+01, 9.072032e-03
5.876000e+08, 5.087751e-02, 9.679399e-01, 7.332141e-02, -1.485703e+00, 6.765115e-10, 4.011817e-10, 4.427618e+01, 7.473344e-03
5.914000e+08, 5.115272e-02, 9.679330e-01, 5.716895e-02, -1.495282e+00, 6.741175e-10, 4.012046e-10, 4.430537e+01, 5.860777e-03
5.952000e+08, 5.142897e-02, 9.679266e-01, 4.107365e-02, -1.504861e+00, 6.717266e-10, 4.012275e-10, 4.433351e+01, 4.234738e-03
5.990000e+08, 5.170621e-02, 9.679207e-01, 2.503543e-02, -1.514441e+00, 6.693394e-10, 4.012506e-10, 4.436059e+01, 2.595638e-03
6.028000e+08, 5.198440e-02, 9.679153e-01, 9.054216e-03, -1.524021e+00, 6.669566e-10, 4.012737e-10, 4.438661e+01, 9.438935e-04
6.066000e+08, 5.226348e-02, 9.679105e-01, -6.870109e-03, -1.533602e+00, 6.645788e-10, 4.012968e-10, 4.441154e+01, -7.200727e-04
6.104000e+08, 5.254343e-02, 9.679060e-01, -2.273766e-02, -1.543183e+00, 6.622066e-10, 4.013199e-10, 4.443537e+01, -2.395833e-03
6.142000e+08, 5.282418e-02, 9.679020e-01, -3.854857e-02, -1.552765e+00, 6.598406e-10, 4.013430e-10, 4.445810e+01, -4.082956e-03
6.180000e+08, 5.310570e-02, 9.678984e-01, -5.430300e-02, -1.562348e+00, 6.574814e-10, 4.013661e-10, 4.447970e+01, -5.781002e-03
6.218000e+08, 5.338793e-02, 9.678952e-01, -7.000109e-02, -1.571931e+00, 6.551295e-10, 4.013891e-10, 4.450018e+01, -7.489531e-03
6.256000e+08, 5.367082e-02, 9.678924e-01, -8.564303e-02, -1.581515e+00, 6.527855e-10, 4.014120e-10, 4.451951e+01, -9.208095e-03
6.294000e+08, 5.395434e-02, 9.678899e-01, -1.012290e-01, -1.591099e+00, 6.504498e-10, 4.014348e-10, 4.453769e+01, -1.093624e-02
6.332000e+08, 5.423842e-02, 9.678878e-01, -1.167592e-01, -1.600683e+00, 6.481230e-10, 4.014574e-10, 4.455471e+01, -1.267352e-02
6.370000e+08, 5.452303e-02, 9.678859e-01, -1.322339e-01, -1.610269e+00, 6.458054e-10, 4.014799e-10, 4.457055e+01, -1.441947e-02
6.408000e+08, 5.480811e-02, 9.678844e-01, -1.476532e-01, -1.619854e+00, 6.434977e-10, 4.015023e-10, 4.458521e+01, -1.617362e-02
6.446000e+08, 5.509362e-02, 9.678832e-01, -1.630174e-01, -1.629441e+00, 6.412001e-10, 4.015244e-10, 4.459869e+01, -1.793551e-02
6.484000e+08, 5.537950e-02, 9.678822e-01, -1.783268e-01, -1.639028e+00, 6.389131e-10, 4.015464e-10, 4.461096e+01, -1.970466e-02
6.522000e+08, 5.566570e-02, 9.678814e-01, -1.935815e-01, -1.648615e+00, 6.366371e-10, 4.015681e-10, 4.462203e+01, -2.148062e-02
6.560000e+08, 5.595218e-02, 9.678809e-01, -2.087819e-01, -1.658203e+00, 6.343724e-10, 4.015896e-10, 4.463188e+01, -2.326288e-02
6.598000e+08, 5.623888e-02, 9.678806e-01, -2.239283e-01, -1.667791e+00, 6.321195e-10, 4.016108e-10, 4.464052e+01, -2.505099e-02
6.636000e+08, 5.652576e-02, 9.678804e-01, -2.390208e-01, -1.677380e+00, 6.298786e-10, 4.016317e-10, 4.464792e+01, -2.684445e-02
6.674000e+08, 5.681276e-02, 9.678805e-01, -2.540599e-01, -1.686970e+00, 6.276501e-10, 4.016524e-10, 4.465410e+01, -2.864277e-02
6.712000e+08, 5.709982e-02, 9.678807e-01, -2.690457e-01, -1.696559e+00, 6.254343e-10, 4.016728e-10, 4.465904e+01, -3.044548e-02
6.750000e+08, 5.738692e-02, 9.678811e-01, -2.839786e-01, -1.706150e+00, 6.232315e-10, 4.016929e-10, 4.466273e+01, -3.225207e-02
6.788000e+08, 5.767397e-02, 9.678815e-01, -2.988590e-01, -1.715741e+00, 6.210419e-10, 4.017126e-10, 4.466518e+01, -3.406206e-02
6.826000e+08, 5.796095e-02, 9.678821e-01, -3.136870e-01, -1.725332e+00, 6.188658e-10, 4.017320e-10, 4.466638e+01, -3.587495e-02
6.864000e+08, 5.824779e-02, 9.678828e-01, -3.284631e-01, -1.734924e+00, 6.167035e-10, 4.017511e-10, 4.466633e+01, -3.769024e-02
6.902000e+08, 5.853445e-02, 9.678836e-01, -3.431876e-01, -1.744516e+00, 6.145552e-10, 4.017699e-10, 4.466502e+01, -3.950745e-02
6.940000e+08, 5.882087e-02, 9.678845e-01, -3.578608e-01, -1.754109e+00, 6.124211e-10, 4.017882e-10, 4.466245e+01, -4.132606e-02
6.978000e+08, 5.910700e-02, 9.678854e-01, -3.724830e-01, -1.763702e+00, 6.103014e-10, 4.018062e-10, 4.465862e+01, -4.314558e-02
7.016000e+08, 5.939279e-02, 9.678864e-01, -3.870547e-01, -1.773295e+00, 6.081962e-10, 4.018238e-10, 4.465353e+01, -4.496551e-02
7.054000e+08, 5.967819e-02, 9.678874e-01, -4.015760e-01, -1.782889e+00, 6.061058e-10, 4.018410e-10, 4.464718e+01, -4.678534e-02
7.092000e+08, 5.996314e-02, 9.678885e-01, -4.160475e-01, -1.792484e+00, 6.040304e-10, 4.018579e-10, 4.463957e+01, -4.860458e-02
7.130000e+08, 6.024759e-02, 9.678895e-01, -4.304694e-01, -1.802079e+00, 6.019700e-10, 4.018743e-10, 4.463070e+01, -5.042273e-02
7.168000e+08, 6.053149e-02, 9.678906e-01, -4.448420e-01, -1.811674e+00, 5.999248e-10, 4.018903e-10, 4.462056e+01, -5.223927e-02
7.206000e+08, 6.081479e-02, 9.678916e-01, -4.591659e-01, -1.821269e+00, 5.978950e-10, 4.019059e-10, 4.460917e+01, -5.405370e-02
7.244000e+08, 6.109744e-02, 9.678927e-01, -4.734413e-01, -1.830865e+00, 5.958806e-10, 4.019211e-10, 4.459653e+01, -5.586554e-02
7.282000e+08, 6.137937e-02, 9.678937e-01, -4.876686e-01, -1.840462e+00, 5.938818e-10, 4.019358e-10, 4.458263e+01, -5.767426e-02
7.320000e+08, 6.166055e-02, 9.678947e-01, -5.018482e-01, -1.850058e+00, 5.918986e-10, 4.019502e-10, 4.456748e+01, -5.947937e-02
7.358000e+08, 6.194092e-02, 9.678956e-01, -5.159804e-01, -1.859655e+00, 5.899312e-10, 4.019641e-10, 4.455108e+01, -6.128038e-02
7.396000e+08, 6.222042e-02, 9.678965e-01, -5.300657e-01, -1.869253e+00, 5.879795e-10, 4.019775e-10, 4.453344e+01, -6.307678e-02
7.434000e+08, 6.249900e-02, 9.678974e-01, -5.441044e-01, -1.878850e+00, 5.860438e-10, 4.019905e-10, 4.451456e+01, -6.486807e-02
7.472000e+08, 6.277662e-02, 9.678982e-01, -5.580968e-01, -1.888448e+00, 5.841239e-10, 4.020031e-10, 4.449445e+01, -6.665376e-02
7.510000e+08, 6.305322e-02, 9.678989e-01, -5.720434e-01, -1.898047e+00, 5.822201e-10, 4.020152e-10, 4.447311e+01, -6.843335e-02
7.548000e+08, 6.332874e-02, 9.678995e-01, -5.859446e-01, -1.907645e+00, 5.803322e-10, 4.020269e-10, 4.445055e+01, -7.020635e-02
7.586000e+08, 6.360314e-02, 9.679000e-01, -5.998006e-01, -1.917244e+00, 5.784604e-10, 4.020381e-10, 4.442678e+01, -7.197226e-02
7.624000e+08, 6.387636e-02, 9.679005e-01, -6.136120e-01, -1.926843e+00, 5.766046e-10, 4.020489e-10, 4.440180e+01, -7.373061e-02
7.662000e+08, 6.414835e-02, 9.679008e-01, -6.273791e-01, -1.936442e+00, 5.747650e-10, 4.020593e-10, 4.437562e+01, -7.548089e-02
7.700000e+08, 6.441906e-02, 9.679011e-01, -6.411022e-01, -1.946042e+00, 5.729414e-10, 4.020692e-10, 4.434824e+01, -7.722263e-02
7.738000e+08, 6.468844e-02, 9.679012e-01, -6.547818e-01, -1.955642e+00, 5.711339e-10, 4.020786e-10, 4.431969e+01, -7.895535e-02
7.776000e+08, 6.495644e-02, 9.679012e-01, -6.684183e-01, -1.965242e+00, 5.693425e-10, 4.020876e-10, 4.428996e+01, -8.067856e-02
7.814000e+08, 6.522300e-02, 9.679011e-01, -6.820120e-01, -1.974842e+00, 5.675671e-10, 4.020962e-10, 4.425907e+01, -8.239180e-02
7.852000e+08, 6.548808e-02, 9.679009e-01, -6.955633e-01, -1.984443e+00, 5.658078e-10, 4.021043e-10, 4.422703e+01, -8.409458e-02
7.890000e+08, 6.575161e-02, 9.679006e-01, -7.090725e-01, -1.994043e+00, 5.640646e-10, 4.021119e-10, 4.419384e+01, -8.578644e-02
7.928000e+08, 6.601356e-02, 9.679001e-01, -7.225402e-01, -2.003644e+00, 5.623373e-10, 4.021192e-10, 4.415952e+01, -8.746692e-02
7.966000e+08, 6.627387e-02, 9.678995e-01, -7.359666e-01, -2.013245e+00, 5.606260e-10, 4.021259e-10, 4.412408e+01, -8.913554e-02
8.004000e+08, 6.653249e-02, 9.678988e-01, -7.493522e-01, -2.022847e+00, 5.589307e-10, 4.021323e-10, 4.408753e+01, -9.079186e-02
8.042000e+08, 6.678936e-02, 9.678980e-01, -7.626973e-01, -2.032448e+00, 5.572512e-10, 4.021382e-10, 4.404988e+01, -9.243542e-02
8.080000e+08, 6.704445e-02, 9.678970e-01, -7.760023e-01, -2.042049e+00, 5.555876e-10, 4.021437e-10, 4.401115e+01, -9.406577e-02
8.118000e+08, 6.729770e-02, 9.678958e-01, -7.892675e-01, -2.051651e+00, 5.539398e-10, 4.021488e-10, 4.397134e+01, -9.568247e-02
8.156000e+08, 6.754905e-02, 9.678946e-01, -8.024935e-01, -2.061253e+00, 5.523077e-10, 4.021534e-10, 4.393048e+01, -9.728506e-02
8.194000e+08, 6.779846e-02, 9.678932e-01, -8.156804e-01, -2.070855e+00, 5.506913e-10, 4.021576e-10, 4.388857e+01, -9.887312e-02
8.232000e+08, 6.804588e-02, 9.678916e-01, -8.288288e-01, -2.080457e+00, 5.490905e-10, 4.021614e-10, 4.384564e+01, -1.004462e-01
8.270000e+08, 6.829127e-02, 9.678899e-01, -8.419389e-01, -2.090059e+00, 5.475052e-10, 4.021648e-10, 4.380168e+01, -1.020039e-01
8.308000e+08, 6.853456e-02, 9.678881e-01, -8.550112e-01, -2.099661e+00, 5.459354e-10, 4.021678e-10, 4.375673e+01, -1.035458e-01
8.346000e+08, 6.877571e-02, 9.678861e-01, -8.680460e-01, -2.109263e+00, 5.443810e-10, 4.021704e-10, 4.371079e+01, -1.050715e-01
8.384000e+08, 6.901468e-02, 9.678840e-01, -8.810437e-01, -2.118865e+00, 5.428420e-10, 4.021726e-10, 4.366388e+01, -1.065805e-01
8.422000e+08, 6.925141e-02, 9.678818e-01, -8.940047e-01, -2.128467e+00, 5.413182e-10, 4.021744e-10, 4.361602e+01, -1.080725e-01
8.460000e+08, 6.948586e-02, 9.678794e-01, -9.069293e-01, -2.138070e+00, 5.398096e-10, 4.021759e-10, 4.356722e+01, -1.095470e-01
8.498000e+08, 6.971797e-02, 9.678768e-01, -9.198178e-01, -2.147672e+00, 5.383161e-10, 4.021769e-10, 4.351750e+01, -1.110037e-01
8.536000e+08, 6.994771e-02, 9.678742e-01, -9.326707e-01, -2.157275e+00, 5.368376e-10, 4.021776e-10, 4.346687e+01, -1.124421e-01
8.574000e+08, 7.017502e-02, 9.678714e-01, -9.454883e-01, -2.166877e+00, 5.353740e-10, 4.021780e-10, 4.341536e+01, -1.138619e-01
8.612000e+08, 7.039985e-02, 9.678685e-01, -9.582709e-01, -2.176480e+00, 5.339252e-10, 4.021779e-10, 4.336297e+01, -1.152628e-01
8.650000e+08, 7.062217e-02, 9.678654e-01, -9.710190e-01, -2.186082e+00, 5.324912e-10, 4.021776e-10, 4.330973e+01, -1.166442e-01
8.688000e+08, 7.084191e-02, 9.678622e-01, -9.837328e-01, -2.195684e+00, 5.310719e-10, 4.021768e-10, 4.325566e+01, -1.180060e-01
8.726000e+08, 7.105904e-02, 9.678589e-01, -9.964127e-01, -2.205287e+00, 5.296671e-10, 4.021758e-10, 4.320078e+01, -1.193476e-01
8.764000e+08, 7.127351e-02, 9.678555e-01, -1.009059e+00, -2.214889e+00, 5.282768e-10, 4.021744e-10, 4.314509e+01, -1.206688e-01
8.802000e+08, 7.148527e-02, 9.678519e-01, -1.021672e+00, -2.224492e+00, 5.269009e-10, 4.021727e-10, 4.308862e+01, -1.219693e-01
8.840000e+08, 7.169428e-02, 9.678483e-01, -1.034253e+00, -2.234094e+00, 5.255392e-10, 4.021707e-10, 4.303140e+01, -1.232486e-01
8.878000e+08, 7.190050e-02, 9.678445e-01, -1.046800e+00, -2.243696e+00, 5.241917e-10, 4.021684e-10, 4.297343e+01, -1.245064e-01
8.916000e+08, 7.210387e-02, 9.678406e-01, -1.059316e+00, -2.253298e+00, 5.228584e-10, 4.021657e-10, 4.291474e+01, -1.257424e-01
8.954000e+08, 7.230435e-02, 9.678366e-01, -1.071800e+00, -2.262901e+00, 5.215390e-10, 4.021628e-10, 4.285534e+01, -1.269564e-01
8.992000e+08, 7.250190e-02, 9.678325e-01, -1.084252e+00, -2.272503e+00, 5.202335e-10, 4.021596e-10, 4.279526e+01, -1.281479e-01
9.030000e+08, 7.269647e-02, 9.678283e-01, -1.096673e+00, -2.282105e+00, 5.189419e-10, 4.021562e-10, 4.273452e+01, -1.293167e-01
9.068000e+08, 7.288803e-02, 9.678240e-01, -1.109064e+00, -2.291707e+00, 5.176639e-10, 4.021524e-10, 4.267314e+01, -1.304625e-01
9.106000e+08, 7.307652e-02, 9.678197e-01, -1.121424e+00, -2.301308e+00, 5.163995e-10, 4.021485e-10, 4.261112e+01, -1.315849e-01
9.144000e+08, 7.326190e-02, 9.678152e-01, -1.133753e+00, -2.310910e+00, 5.151486e-10, 4.021442e-10, 4.254851e+01, -1.326838e-01
9.182000e+08, 7.344413e-02, 9.678107e-01, -1.146053e+00, -2.320512e+00, 5.139112e-10, 4.021397e-10, 4.248531e+01, -1.337588e-01
9.220000e+08, 7.362317e-02, 9.678061e-01, -1.158323e+00, -2.330113e+00, 5.126870e-10, 4.021350e-10, 4.242155e+01, -1.348096e-01
9.258000e+08, 7.379898e-02, 9.678014e-01, -1.170564e+00, -2.339715e+00, 5.114761e-10, 4.021301e-10, 4.235724e+01, -1.358361e-01
9.296000e+08, 7.397151e-02, 9.677967e-01, -1.182776e+00, -2.349316e+00, 5.102782e-10, 4.021250e-10, 4.229241e+01, -1.368379e-01
9.334000e+08, 7.414072e-02, 9.677919e-01, -1.194960e+00, -2.358917e+00, 5.090934e-10, 4.021196e-10, 4.222708e+01, -1.378147e-01
9.372000e+08, 7.430657e-02, 9.677870e-01, -1.207115e+00, -2.368518e+00, 5.079215e-10, 4.021141e-10, 4.216127e+01, -1.387664e-01
9.410000e+08, 7.446903e-02, 9.677822e-01, -1.219242e+00, -2.378119e+00, 5.067624e-10, 4.021083e-10, 4.209499e+01, -1.396927e-01
9.448000e+08, 7.462804e-02, 9.677772e-01, -1.231341e+00, -2.387720e+00, 5.056160e-10, 4.021024e-10, 4.202828e+01, -1.405935e-01
9.486000e+08, 7.478357e-02, 9.677723e-01, -1.243414e+00, -2.397321e+00, 5.044823e-10, 4.020963e-10, 4.196115e+01, -1.414683e-01
9.524000e+08, 7.493558e-02, 9.677673e-01, -1.255459e+00, -2.406921e+00, 5.033611e-10, 4.020901e-10, 4.189362e+01, -1.423172e-01
9.562000e+08, 7.508403e-02, 9.677623e-01, -1.267477e+00, -2.416521e+00, 5.022523e-10, 4.020837e-10, 4.182571e+01, -1.431398e-01
9.600000e+08, 7.522888e-02, 9.677572e-01, -1.279469e+00, -2.426122e+00, 5.011559e-10, 4.020772e-10, 4.175745e+01, -1.439359e-01
9.638000e+08, 7.537009e-02, 9.677522e-01, -1.291434e+00, -2.435722e+00, 5.000717e-10, 4.020705e-10, 4.168885e+01, -1.447055e-01
9.676000e+08, 7.550763e-02, 9.677471e-01, -1.303374e+00, -2.445322e+00, 4.989997e-10, 4.020637e-10, 4.161994e+01, -1.454482e-01
9.714000e+08, 7.564145e-02, 9.677421e-01, -1.315288e+00, -2.454921e+00, 4.979397e-10, 4.020568e-10, 4.155073e+01, -1.461640e-01
9.752000e+08, 7.577151e-02, 9.677371e-01, -1.327177e+00, -2.464521e+00, 4.968917e-10, 4.020498e-10, 4.148125e+01, -1.468526e-01
9.790000e+08, 7.589779e-02, 9.677321e-01, -1.339041e+00, -2.474120e+00, 4.958556e-10, 4.020427e-10, 4.141152e+01, -1.475139e-01
9.828000e+08, 7.602024e-02, 9.677271e-01, -1.350880e+00, -2.483719e+00, 4.948312e-10, 4.020355e-10, 4.134155e+01, -1.481477e-01
9.866000e+08, 7.613883e-02, 9.677221e-01, -1.362695e+00, -2.493318e+00, 4.938186e-10, 4.020282e-10, 4.127138e+01, -1.487540e-01
9.904000e+08, 7.625352e-02, 9.677172e-01, -1.374485e+00, -2.502917e+00, 4.928176e-10, 4.020209e-10, 4.120102e+01, -1.493326e-01
9.942000e+08, 7.636427e-02, 9.677123e-01, -1.386252e+00, -2.512516e+00, 4.918282e-10, 4.020135e-10, 4.113049e+01, -1.498833e-01
9.980000e+08, 7.647105e-02, 9.677074e-01, -1.397995e+00, -2.522114e+00, 4.908502e-10, 4.020060e-10, 4.105981e+01, -1.504060e-01
1.001800e+09, 7.657383e-02, 9.677026e-01, -1.409714e+00, -2.531713e+00, 4.898835e-10, 4.019986e-10, 4.098901e+01, -1.509007e-01
1.005600e+09, 7.667256e-02, 9.676979e-01, -1.421411e+00, -2.541311e+00, 4.889282e-10, 4.019910e-10, 4.091810e+01, -1.513672e-01
1.009400e+09, 7.676722e-02, 9.676932e-01, -1.433085e+00, -2.550909e+00, 4.879840e-10, 4.019835e-10, 4.084710e+01, -1.518055e-01
1.013200e+09, 7.685777e-02, 9.676887e-01, -1.444736e+00, -2.560507e+00, 4.870510e-10, 4.019760e-10, 4.077603e+01, -1.522154e-01
1.017000e+09, 7.694418e-02, 9.676842e-01, -1.456365e+00, -2.570104e+00, 4.861290e-10, 4.019684e-10, 4.070493e+01, -1.525968e-01
1.020800e+09, 7.702641e-02, 9.676798e-01, -1.467971e+00, -2.579702e+00, 4.852180e-10, 4.019609e-10, 4.063379e+01, -1.529498e-01
1.024600e+09, 7.710443e-02, 9.676754e-01, -1.479557e+00, -2.589299e+00, 4.843178e-10, 4.019533e-10, 4.056265e+01, -1.532742e-01
1.028400e+09, 7.717821e-02, 9.676712e-01, -1.491120e+00, -2.598896e+00, 4.834285e-10, 4.019458e-10, 4.049153e+01, -1.535700e-01
1.032200e+09, 7.724772e-02, 9.676671e-01, -1.502663e+00, -2.608493e+00, 4.825500e-10, 4.019383e-10, 4.042044e+01, -1.538371e-01
1.036000e+09, 7.731292e-02, 9.676631e-01, -1.514184e+00, -2.618090e+00, 4.816821e-10, 4.019309e-10, 4.034941e+01, -1.540755e-01
1.039800e+09, 7.737379e-02, 9.676593e-01, -1.525685e+00, -2.627686e+00, 4.808248e-10, 4.019235e-10, 4.027845e+01, -1.542852e-01
1.043600e+09, 7.743029e-02, 9.676555e-01, -1.537165e+00, -2.637283e+00, 4.799781e-10, 4.019162e-10, 4.020759e+01, -1.544662e-01
1.047400e+09, 7.748240e-02, 9.676519e-01, -1.548625e+00, -2.646879e+00, 4.791418e-10, 4.019089e-10, 4.013683e+01, -1.546184e-01
1.051200e+09, 7.753007e-02, 9.676485e-01, -1.560065e+00, -2.656475e+00, 4.783159e-10, 4.019018e-10, 4.006622e+01, -1.547418e-01
1.055000e+09, 7.757329e-02, 9.676452e-01, -1.571485e+00, -2.666071e+00, 4.775004e-10, 4.018947e-10, 3.999575e+01, -1.548365e-01
1.058800e+09, 7.761203e-02, 9.676420e-01, -1.582886e+00, -2.675666e+00, 4.766952e-10, 4.018877e-10, 3.992546e+01, -1.549024e-01
1.062600e+09, 7.764625e-02, 9.676390e-01, -1.594268e+00, -2.685262e+00, 4.759002e-10, 4.018808e-10, 3.985535e+01, -1.549395e-01
1.066400e+09, 7.767593e-02, 9.676362e-01, -1.605630e+00, -2.694857e+00, 4.751154e-10, 4.018740e-10, 3.978546e+01, -1.549480e-01
1.070200e+09, 7.770103e-02, 9.676336e-01, -1.616974e+00, -2.704452e+00, 4.743406e-10, 4.018673e-10, 3.971579e+01, -1.549278e-01
1.074000e+09, 7.772154e-02, 9.676311e-01, -1.628300e+00, -2.714048e+00, 4.735760e-10, 4.018608e-10, 3.964637e+01, -1.548789e-01
1.077800e+09, 7.773743e-02, 9.676288e-01, -1.639607e+00, -2.723642e+00, 4.728213e-10, 4.018544e-10, 3.957721e+01, -1.548014e-01
1.081600e+09, 7.774866e-02, 9.676268e-01, -1.650896e+00, -2.733237e+00, 4.720766e-10, 4.018482e-10, 3.950833e+01, -1.546955e-01
1.085400e+09, 7.775521e-02, 9.676249e-01, -1.662167e+00, -2.742832e+00, 4.713417e-10, 4.018420e-10, 3.943976e+01, -1.545610e-01
1.089200e+09, 7.775706e-02, 9.676232e-01, -1.673421e+00, -2.752426e+00, 4.706168e-10, 4.018361e-10, 3.937150e+01, -1.543982e-01
1.093000e+09, 7.775418e-02, 9.676218e-01, -1.684658e+00, -2.762020e+00, 4.699016e-10, 4.018303e-10, 3.930358e+01, -1.542071e-01
1.096800e+09, 7.774654e-02, 9.676205e-01, -1.695877e+00, -2.771615e+00, 4.691963e-10, 4.018247e-10, 3.923602e+01, -1.539877e-01
1.100600e+09, 7.773412e-02, 9.676195e-01, -1.707080e+00, -2.781209e+00, 4.685006e-10, 4.018193e-10, 3.916882e+01, -1.537403e-01
1.104400e+09, 7.771691e-02, 9.676187e-01, -1.718266e+00, -2.790802e+00, 4.678146e-10, 4.018141e-10, 3.910201e+01, -1.534648e-01
1.108200e+09, 7.769486e-02, 9.676182e-01, -1.729435e+00, -2.800396e+00, 4.671383e-10, 4.018091e-10, 3.903561e+01, -1.531614e-01
1.112000e+09, 7.766796e-02, 9.676179e-01, -1.740589e+00, -2.809990e+00, 4.664716e-10, 4.018043e-10, 3.896963e+01, -1.528302e-01
1.115800e+09, 7.763619e-02, 9.676178e-01, -1.751726e+00, -2.819583e+00, 4.658145e-10, 4.017996e-10, 3.890409e+01, -1.524714e-01
1.119600e+09, 7.759952e-02, 9.676180e-01, -1.762848e+00, -2.829177e+00, 4.651670e-10, 4.017953e-10, 3.883900e+01, -1.520851e-01
1.123400e+09, 7.755794e-02, 9.676184e-01, -1.773954e+00, -2.838770e+00, 4.645290e-10, 4.017911e-10, 3.877438e+01, -1.516714e-01
1.127200e+09, 7.751142e-02, 9.676192e-01, -1.785046e+00, -2.848363e+00, 4.639004e-10, 4.017872e-10, 3.871026e+01, -1.512305e-01
1.131000e+09, 7.745993e-02, 9.676201e-01, -1.796122e+00, -2.857956e+00, 4.632814e-10, 4.017835e-10, 3.864663e+01, -1.507625e-01
1.134800e+09, 7.740346e-02, 9.676214e-01, -1.807183e+00, -2.867549e+00, 4.626718e-10, 4.017800e-10, 3.858352e+01, -1.502676e-01
1.138600e+09, 7.734199e-02, 9.676229e-01, -1.818230e+00, -2.877142e+00, 4.620717e-10, 4.017769e-10, 3.852095e+01, -1.497460e-01
1.142400e+09, 7.727550e-02, 9.676247e-01, -1.829262e+00, -2.886735e+00, 4.614810e-10, 4.017739e-10, 3.845893e+01, -1.491979e-01
1.146200e+09, 7.720397e-02, 9.676268e-01, -1.840281e+00, -2.896328e+00, 4.608997e-10, 4.017713e-10, 3.839747e+01, -1.486235e-01
1.150000e+09, 7.712737e-02, 9.676292e-01, -1.851285e+00, -2.905921e+00, 4.603278e-10, 4.017689e-10, 3.833659e+01, -1.480229e-01
1.153800e+09, 7.704570e-02, 9.676319e-01, -1.862276e+00, -2.915513e+00, 4.597653e-10, 4.017668e-10, 3.827631e+01, -1.473963e-01
1.157600e+09, 7.695893e-02, 9.676348e-01, -1.873253e+00, -2.925106e+00, 4.592121e-10, 4.017649e-10, 3.821663e+01, -1.467441e-01
1.161400e+09, 7.686704e-02, 9.676381e-01, -1.884218e+00, -2.934699e+00, 4.586684e-10, 4.017634e-10, 3.815758e+01, -1.460663e-01
1.165200e+09, 7.677002e-02, 9.676417e-01, -1.895169e+00, -2.944291e+00, 4.581341e-10, 4.017622e-10, 3.809917e+01, -1.453633e-01
1.169000e+09, 7.666786e-02, 9.676456e-01, -1.906107e+00, -2.953884e+00, 4.576092e-10, 4.017612e-10, 3.804140e+01, -1.446352e-01
1.172800e+09, 7.656052e-02, 9.676498e-01, -1.917033e+00, -2.963476e+00, 4.570936e-10, 4.017606e-10, 3.798430e+01, -1.438824e-01
1.176600e+09, 7.644801e-02, 9.676543e-01, -1.927947e+00, -2.973069e+00, 4.565875e-10, 4.017602e-10, 3.792788e+01, -1.431049e-01
1.180400e+09, 7.633029e-02, 9.676591e-01, -1.938848e+00, -2.982661e+00, 4.560908e-10, 4.017602e-10, 3.787216e+01, -1.423033e-01
1.184200e+09, 7.620737e-02, 9.676643e-01, -1.949738e+00, -2.992254e+00, 4.556036e-10, 4.017605e-10, 3.781713e+01, -1.414775e-01
1.188000e+09, 7.607922e-02, 9.676698e-01, -1.960616e+00, -3.001846e+00, 4.551258e-10, 4.017611e-10, 3.776283e+01, -1.406281e-01
1.191800e+09, 7.594582e-02, 9.676756e-01, -1.971483e+00, -3.011439e+00, 4.546575e-10, 4.017621e-10, 3.770925e+01, -1.397552e-01
1.195600e+09, 7.580717e-02, 9.676817e-01, -1.982338e+00, -3.021031e+00, 4.541987e-10, 4.017633e-10, 3.765642e+01, -1.388591e-01
1.199400e+09, 7.566325e-02, 9.676882e-01, -1.993183e+00, -3.030624e+00, 4.537495e-10, 4.017650e-10, 3.760435e+01, -1.379401e-01
1.203200e+09, 7.551405e-02, 9.676950e-01, -2.004016e+00, -3.040216e+00, 4.533099e-10, 4.017669e-10, 3.755304e+01, -1.369985e-01
1.207000e+09, 7.535956e-02, 9.677021e-01, -2.014840e+00, -3.049809e+00, 4.528799e-10, 4.017692e-10, 3.750251e+01, -1.360347e-01
1.210800e+09, 7.519976e-02, 9.677096e-01, -2.025653e+00, -3.059401e+00, 4.524595e-10, 4.017718e-10, 3.745277e+01, -1.350488e-01
1.214600e+09, 7.503464e-02, 9.677174e-01, -2.036456e+00, -3.068994e+00, 4.520489e-10, 4.017748e-10, 3.740384e+01, -1.340414e-01
1.218400e+09, 7.486419e-02, 9.677256e-01, -2.047249e+00, -3.078587e+00, 4.516481e-10, 4.017782e-10, 3.735571e+01, -1.330127e-01
1.222200e+09, 7.468841e-02, 9.677341e-01, -2.058032e+00, -3.088180e+00, 4.512571e-10, 4.017818e-10, 3.730842e+01, -1.319629e-01
1.226000e+09, 7.450727e-02, 9.677429e-01, -2.068807e+00, -3.097773e+00, 4.508760e-10, 4.017859e-10, 3.726195e+01, -1.308926e-01
1.229800e+09, 7.432077e-02, 9.677521e-01, -2.079572e+00, -3.107366e+00, 4.505048e-10, 4.017903e-10, 3.721634e+01, -1.298019e-01
1.233600e+09, 7.412891e-02, 9.677616e-01, -2.090328e+00, -3.116959e+00, 4.501437e-10, 4.017951e-10, 3.717158e+01, -1.286914e-01
1.237400e+09, 7.393167e-02, 9.677714e-01, -2.101076e+00, -3.126552e+00, 4.497928e-10, 4.018002e-10, 3.712768e+01, -1.275613e-01
1.241200e+09, 7.372904e-02, 9.677816e-01, -2.111815e+00, -3.136146e+00, 4.494520e-10, 4.018057e-10, 3.708467e+01, -1.264119e-01
1.245000e+09, 7.352101e-02, 9.677922e-01, -2.122546e+00, 3.137446e+00, 4.491215e-10, 4.018115e-10, 3.704254e+01, -1.252438e-01
1.248800e+09, 7.330759e-02, 9.678031e-01, -2.133270e+00, 3.127852e+00, 4.488013e-10, 4.018177e-10, 3.700130e+01, -1.240572e-01
1.252600e+09, 7.308875e-02, 9.678143e-01, -2.143985e+00, 3.118258e+00, 4.484917e-10, 4.018243e-10, 3.696097e+01, -1.228526e-01
1.256400e+09, 7.286450e-02, 9.678259e-01, -2.154693e+00, 3.108664e+00, 4.481927e-10, 4.018313e-10, 3.692156e+01, -1.216303e-01
1.260200e+09, 7.263483e-02, 9.678378e-01, -2.165394e+00, 3.099070e+00, 4.479044e-10, 4.018386e-10, 3.688306e+01, -1.203908e-01
1.264000e+09, 7.239973e-02, 9.678500e-01, -2.176089e+00, 3.089476e+00, 4.476269e-10, 4.018463e-10, 3.684550e+01, -1.191344e-01
1.267800e+09, 7.215920e-02, 9.678626e-01, -2.186776e+00, 3.079881e+00, 4.473604e-10, 4.018544e-10, 3.680888e+01, -1.178615e-01
1.271600e+09, 7.191323e-02, 9.678755e-01, -2.197457e+00, 3.070287e+00, 4.471050e-10, 4.018628e-10, 3.677321e+01, -1.165727e-01
1.275400e+09, 7.166181e-02, 9.678888e-01, -2.208133e+00, 3.060692e+00, 4.468608e-10, 4.018716e-10, 3.673849e+01, -1.152682e-01
1.279200e+09, 7.140495e-02, 9.679024e-01, -2.218802e+00, 3.051097e+00, 4.466281e-10, 4.018808e-10, 3.670474e+01, -1.139486e-01
1.283000e+09, 7.114264e-02, 9.679163e-01, -2.229466e+00, 3.041501e+00, 4.464069e-10, 4.018903e-10, 3.667196e+01, -1.126142e-01
1.286800e+09, 7.087488e-02, 9.679305e-01, -2.240124e+00, 3.031906e+00, 4.461975e-10, 4.019002e-10, 3.664015e+01, -1.112655e-01
1.290600e+09, 7.060166e-02, 9.679451e-01, -2.250778e+00, 3.022310e+00, 4.460000e-10, 4.019105e-10, 3.660934e+01, -1.099029e-01
1.294400e+09, 7.032299e-02, 9.679600e-01, -2.261426e+00, 3.012714e+00, 4.458146e-10, 4.019211e-10, 3.657951e+01, -1.085269e-01
1.298200e+09, 7.003885e-02, 9.679752e-01, -2.272071e+00, 3.003117e+00, 4.456415e-10, 4.019321e-10, 3.655069e+01, -1.071380e-01
1.302000e+09, 6.974926e-02, 9.679907e-01, -2.282711e+00, 2.993521e+00, 4.454810e-10, 4.019434e-10, 3.652287e+01, -1.057366e-01
1.305800e+09, 6.945420e-02, 9.680066e-01, -2.293347e+00, 2.983924e+00, 4.453333e-10, 4.019551e-10, 3.649606e+01, -1.043231e-01
1.309600e+09, 6.915369e-02, 9.680227e-01, -2.303980e+00, 2.974327e+00, 4.451985e-10, 4.019672e-10, 3.647027e+01, -1.028981e-01
1.313400e+09, 6.884771e-02, 9.680392e-01, -2.314610e+00, 2.964729e+00, 4.450770e-10, 4.019796e-10, 3.644551e+01, -1.014619e-01
1.317200e+09, 6.853627e-02, 9.680559e-01, -2.325236e+00, 2.955132e+00, 4.449690e-10, 4.019924e-10, 3.642177e+01, -1.000152e-01
1.321000e+09, 6.821937e-02, 9.680730e-01, -2.335860e+00, 2.945534e+00, 4.448748e-10, 4.020055e-10, 3.639907e+01, -9.855825e-02
1.324800e+09, 6.789702e-02, 9.680904e-01, -2.346482e+00, 2.935935e+00, 4.447947e-10, 4.020190e-10, 3.637740e+01, -9.709168e-02
1.328600e+09, 6.756921e-02, 9.681080e-01, -2.357102e+00, 2.926337e+00, 4.447290e-10, 4.020328e-10, 3.635679e+01, -9.561593e-02
1.332400e+09, 6.723594e-02, 9.681259e-01, -2.367721e+00, 2.916738e+00, 4.446780e-10, 4.020469e-10, 3.633722e+01, -9.413150e-02
1.336200e+09, 6.689723e-02, 9.681441e-01, -2.378338e+00, 2.907138e+00, 4.446421e-10, 4.020614e-10, 3.631870e+01, -9.263888e-02
1.340000e+09, 6.655307e-02, 9.681626e-01, -2.388954e+00, 2.897539e+00, 4.446216e-10, 4.020762e-10, 3.630124e+01, -9.113858e-02
1.343800e+09, 6.620346e-02, 9.681813e-01, -2.399570e+00, 2.887939e+00, 4.446169e-10, 4.020914e-10, 3.628485e+01, -8.963108e-02
1.347600e+09, 6.584842e-02, 9.682003e-01, -2.410186e+00, 2.878338e+00, 4.446285e-10, 4.021068e-10, 3.626951e+01, -8.811691e-02
1.351400e+09, 6.548794e-02, 9.682196e-01, -2.420802e+00, 2.868738e+00, 4.446567e-10, 4.021226e-10, 3.625525e+01, -8.659655e-02
1.355200e+09, 6.512204e-02, 9.682391e-01, -2.431418e+00, 2.859137e+00, 4.447019e-10, 4.021387e-10, 3.624206e+01, -8.507053e-02
1.359000e+09, 6.475071e-02, 9.682589e-01, -2.442036e+00, 2.849535e+00, 4.447647e-10, 4.021551e-10, 3.622994e+01, -8.353936e-02
1.362800e+09, 6.437397e-02, 9.682789e-01, -2.452655e+00, 2.839933e+00, 4.448455e-10, 4.021718e-10, 3.621890e+01, -8.200356e-02
1.366600e+09, 6.399182e-02, 9.682991e-01, -2.463277e+00, 2.830331e+00, 4.449449e-10, 4.021888e-10, 3.620894e+01, -8.046363e-02
1.370400e+09, 6.360426e-02, 9.683195e-01, -2.473900e+00, 2.820728e+00, 4.450635e-10, 4.022061e-10, 3.620007e+01, -7.892010e-02
1.374200e+09, 6.321131e-02, 9.683402e-01, -2.484526e+00, 2.811125e+00, 4.452017e-10, 4.022236e-10, 3.619227e+01, -7.737350e-02
1.378000e+09, 6.281297e-02, 9.683611e-01, -2.495156e+00, 2.801522e+00, 4.453602e-10, 4.022415e-10, 3.618557e+01, -7.582434e-02
1.381800e+09, 6.240926e-02, 9.683822e-01, -2.505790e+00, 2.791918e+00, 4.455396e-10, 4.022596e-10, 3.617995e+01, -7.427315e-02
1.385600e+09, 6.200018e-02, 9.684035e-01, -2.516427e+00, 2.782313e+00, 4.457407e-10, 4.022780e-10, 3.617542e+01, -7.272046e-02
1.389400e+09, 6.158574e-02, 9.684250e-01, -2.527070e+00, 2.772708e+00, 4.459642e-10, 4.022967e-10, 3.617198e+01, -7.116680e-02
1.393200e+09, 6.116595e-02, 9.684466e-01, -2.537718e+00, 2.763103e+00, 4.462107e-10, 4.023156e-10, 3.616963e+01, -6.961268e-02
1.397000e+09, 6.074082e-02, 9.684684e-01, -2.548372e+00, 2.753497e+00, 4.464812e-10, 4.023347e-10, 3.616837e+01, -6.805866e-02
1.400800e+09, 6.031037e-02, 9.684905e-01, -2.559032e+00, 2.743891e+00, 4.467765e-10, 4.023542e-10, 3.616820e+01, -6.650524e-02
1.404600e+09, 5.987460e-02, 9.685126e-01, -2.569699e+00, 2.734285e+00, 4.470974e-10, 4.023738e-10, 3.616913e+01, -6.495297e-02
1.408400e+09, 5.943352e-02, 9.685349e-01, -2.580374e+00, 2.724677e+00, 4.474449e-10, 4.023937e-10, 3.617115e+01, -6.340238e-02
1.412200e+09, 5.898716e-02, 9.685574e-01, -2.591057e+00, 2.715070e+00, 4.478200e-10, 4.024138e-10, 3.617426e+01, -6.185400e-02
1.416000e+09, 5.853552e-02, 9.685800e-01, -2.601749e+00, 2.705462e+00, 4.482239e-10, 4.024341e-10, 3.617846e+01, -6.030836e-02
1.419800e+09, 5.807862e-02, 9.686027e-01, -2.612451e+00, 2.695853e+00, 4.486575e-10, 4.024546e-10, 3.618375e+01, -5.876599e-02
1.423600e+09, 5.761646e-02, 9.686255e-01, -2.623164e+00, 2.686244e+00, 4.491222e-10, 4.024753e-10, 3.619013e+01, -5.722742e-02
1.427400e+09, 5.714908e-02, 9.686485e-01, -2.633887e+00, 2.676635e+00, 4.496191e-10, 4.024962e-10, 3.619760e+01, -5.569319e-02
1.431200e+09, 5.667647e-02, 9.686715e-01, -2.644622e+00, 2.667025e+00, 4.501497e-10, 4.025173e-10, 3.620616e+01, -5.416383e-02
1.435000e+09, 5.619866e-02, 9.686946e-01, -2.655370e+00, 2.657414e+00, 4.507154e-10, 4.025385e-10, 3.621580e+01, -5.263986e-02
1.438800e+09, 5.571566e-02, 9.687178e-01, -2.666131e+00, 2.647803e+00, 4.513176e-10, 4.025600e-10, 3.622652e+01, -5.112181e-02
1.442600e+09, 5.522749e-02, 9.687411e-01, -2.676907e+00, 2.638191e+00, 4.519580e-10, 4.025816e-10, 3.623832e+01, -4.961021e-02
1.446400e+09, 5.473417e-02, 9.687645e-01, -2.687698e+00, 2.628579e+00, 4.526384e-10, 4.026033e-10, 3.625121e+01, -4.810559e-02
1.450200e+09, 5.423571e-02, 9.687879e-01, -2.698505e+00, 2.618967e+00, 4.533605e-10, 4.026252e-10, 3.626516e+01, -4.660848e-02
1.454000e+09, 5.373214e-02, 9.688113e-01, -2.709330e+00, 2.609354e+00, 4.541263e-10, 4.026472e-10, 3.628019e+01, -4.511938e-02
1.457800e+09, 5.322347e-02, 9.688348e-01, -2.720172e+00, 2.599740e+00, 4.549378e-10, 4.026693e-10, 3.629629e+01, -4.363883e-02
1.461600e+09, 5.270972e-02, 9.688583e-01, -2.731034e+00, 2.590126e+00, 4.557974e-10, 4.026916e-10, 3.631345e+01, -4.216735e-02
1.465400e+09, 5.219091e-02, 9.688818e-01, -2.741917e+00, 2.580511e+00, 4.567074e-10, 4.027140e-10, 3.633167e+01, -4.070544e-02
1.469200e+09, 5.166706e-02, 9.689054e-01, -2.752822e+00, 2.570896e+00, 4.576702e-10, 4.027365e-10, 3.635095e+01, -3.925363e-02
1.473000e+09, 5.113820e-02, 9.689289e-01, -2.763749e+00, 2.561280e+00, 4.586887e-10, 4.027590e-10, 3.637129e+01, -3.781242e-02
1.476800e+09, 5.060435e-02, 9.689524e-01, -2.774701e+00, 2.551664e+00, 4.597656e-10, 4.027817e-10, 3.639267e+01, -3.638234e-02
1.480600e+09, 5.006552e-02, 9.689759e-01, -2.785678e+00, 2.542047e+00, 4.609042e-10, 4.028044e-10, 3.641510e+01, -3.496387e-02
1.484400e+09, 4.952175e-02, 9.689993e-01, -2.796683e+00, 2.532429e+00, 4.621076e-10, 4.028272e-10, 3.643857e+01, -3.355752e-02
1.488200e+09, 4.897305e-02, 9.690227e-01, -2.807716e+00, 2.522812e+00, 4.633796e-10, 4.028501e-10, 3.646307e+01, -3.216381e-02
1.492000e+09, 4.841946e-02, 9.690461e-01, -2.818780e+00, 2.513193e+00, 4.647238e-10, 4.028730e-10, 3.648859e+01, -3.078321e-02
1.495800e+09, 4.786098e-02, 9.690694e-01, -2.829875e+00, 2.503574e+00, 4.661445e-10, 4.028959e-10, 3.651514e+01, -2.941623e-02
1.499600e+09, 4.729767e-02, 9.690926e-01, -2.841005e+00, 2.493954e+00, 4.676460e-10, 4.029189e-10, 3.654271e+01, -2.806335e-02
1.503400e+09, 4.672952e-02, 9.691157e-01, -2.852171e+00, 2.484334e+00, 4.692332e-10, 4.029419e-10, 3.657129e+01, -2.672506e-02
1.507200e+09, 4.615659e-02, 9.691388e-01, -2.863374e+00, 2.474714e+00, 4.709111e-10, 4.029649e-10, 3.660087e+01, -2.540184e-02
1.511000e+09, 4.557889e-02, 9.691617e-01, -2.874618e+00, 2.465092e+00, 4.726854e-10, 4.029879e-10, 3.663145e+01, -2.409417e-02
1.514800e+09, 4.499645e-02, 9.691845e-01, -2.885904e+00, 2.455471e+00, 4.745619e-10, 4.030110e-10, 3.666302e+01, -2.280252e-02
1.518600e+09, 4.440930e-02, 9.692072e-01, -2.897234e+00, 2.445848e+00, 4.765472e-10, 4.030340e-10, 3.669557e+01, -2.152736e-02
1.522400e+09, 4.381748e-02, 9.692297e-01, -2.908612e+00, 2.436225e+00, 4.786484e-10, 4.030570e-10, 3.672909e+01, -2.026916e-02
1.526200e+09, 4.322101e-02, 9.692522e-01, -2.920041e+00, 2.426602e+00, 4.808730e-10, 4.030799e-10, 3.676359e+01, -1.902837e-02
1.530000e+09, 4.261993e-02, 9.692744e-01, -2.931522e+00, 2.416978e+00, 4.832293e-10, 4.031029e-10, 3.679904e+01, -1.780545e-02
1.533800e+09, 4.201427e-02, 9.692965e-01, -2.943060e+00, 2.407353e+00, 4.857263e-10, 4.031257e-10, 3.683544e+01, -1.660085e-02
1.537600e+09, 4.140406e-02, 9.693184e-01, -2.954657e+00, 2.397728e+00, 4.883738e-10, 4.031486e-10, 3.687279e+01, -1.541501e-02
1.541400e+09, 4.078935e-02, 9.693401e-01, -2.966317e+00, 2.388103e+00, 4.911825e-10, 4.031713e-10, 3.691107e+01, -1.424837e-02
1.545200e+09, 4.017016e-02, 9.693616e-01, -2.978045e+00, 2.378477e+00, 4.941640e-10, 4.031940e-10, 3.695027e+01, -1.310138e-02
1.549000e+09, 3.954653e-02, 9.693830e-01, -2.989844e+00, 2.368850e+00, 4.973311e-10, 4.032166e-10, 3.699039e+01, -1.197444e-02
1.552800e+09, 3.891851e-02, 9.694041e-01, -3.001718e+00, 2.359223e+00, 5.006977e-10, 4.032391e-10, 3.703142e+01, -1.086800e-02
1.556600e+09, 3.828613e-02, 9.694249e-01, -3.013673e+00, 2.349595e+00, 5.042791e-10, 4.032616e-10, 3.707334e+01, -9.782463e-03
1.560400e+09, 3.764943e-02, 9.694456e-01, -3.025713e+00, 2.339967e+00, 5.080922e-10, 4.032839e-10, 3.711615e+01, -8.718242e-03
1.564200e+09, 3.700847e-02, 9.694660e-01, -3.037844e+00, 2.330338e+00, 5.121555e-10, 4.033061e-10, 3.715983e+01, -7.675744e-03
1.568000e+09, 3.636327e-02, 9.694861e-01, -3.050072e+00, 2.320708e+00, 5.164893e-10, 4.033282e-10, 3.720438e+01, -6.655369e-03
1.571800e+09, 3.571390e-02, 9.695060e-01, -3.062404e+00, 2.311078e+00, 5.211163e-10, 4.033502e-10, 3.724978e+01, -5.657508e-03
1.575600e+09, 3.506039e-02, 9.695255e-01, -3.074846e+00, 2.301448e+00, 5.260613e-10, 4.033720e-10, 3.729602e+01, -4.682550e-03
1.579400e+09, 3.440280e-02, 9.695448e-01, -3.087407e+00, 2.291817e+00, 5.313521e-10, 4.033937e-10, 3.734310e+01, -3.730875e-03
1.583200e+09, 3.374117e-02, 9.695638e-01, -3.100093e+00, 2.282186e+00, 5.370195e-10, 4.034152e-10, 3.739099e+01, -2.802857e-03
1.587000e+09, 3.307558e-02, 9.695825e-01, -3.112915e+00, 2.272554e+00, 5.430976e-10, 4.034366e-10, 3.743969e+01, -1.898862e-03
1.590800e+09, 3.240606e-02, 9.696009e-01, -3.125882e+00, 2.262921e+00, 5.496247e-10, 4.034578e-10, 3.748919e+01, -1.019253e-03
1.594600e+09, 3.173269e-02, 9.696190e-01, -3.139005e+00, 2.253288e+00, 5.566437e-10, 4.034788e-10, 3.753947e+01, -1.643828e-04
1.598400e+09, 3.105553e-02, 9.696367e-01, 3.130890e+00, 2.243655e+00, 5.642025e-10, 4.034996e-10, 3.759052e+01, 6.654018e-04
1.602200e+09, 3.037463e-02, 9.696541e-01, 3.117419e+00, 2.234021e+00, 5.723551e-10, 4.035203e-10, 3.764233e+01, 1.469760e-03
1.606000e+09, 2.969009e-02, 9.696711e-01, 3.103753e+00, 2.224386e+00, 5.811622e-10, 4.035408e-10, 3.769489e+01, 2.248360e-03
1.609800e+09, 2.900196e-02, 9.696878e-01, 3.089877e+00, 2.214751e+00, 5.906929e-10, 4.035610e-10, 3.774817e+01, 3.000875e-03
1.613600e+09, 2.831033e-02, 9.697040e-01, 3.075774e+00, 2.205116e+00, 6.010249e-10, 4.035811e-10, 3.780217e+01, 3.726987e-03
1.617400e+09, 2.761528e-02, 9.697199e-01, 3.061424e+00, 2.195480e+00, 6.122470e-10, 4.036009e-10, 3.785688e+01, 4.426385e-03
1.621200e+09, 2.691691e-02, 9.697355e-01, 3.046806e+00, 2.185843e+00, 6.244605e-10, 4.036205e-10, 3.791227e+01, 5.098763e-03
1.625000e+09, 2.621532e-02, 9.697506e-01, 3.031896e+00, 2.176206e+00, 6.377812e-10, 4.036398e-10, 3.796834e+01, 5.743828e-03
1.628800e+09, 2.551061e-02, 9.697653e-01, 3.016668e+00, 2.166569e+00, 6.523422e-10, 4.036590e-10, 3.802506e+01, 6.361289e-03
1.632600e+09, 2.480290e-02, 9.697796e-01, 3.001093e+00, 2.156931e+00, 6.682968e-10, 4.036779e-10, 3.808244e+01, 6.950865e-03
1.636400e+09, 2.409231e-02, 9.697934e-01, 2.985136e+00, 2.147293e+00, 6.858225e-10, 4.036965e-10, 3.814044e+01, 7.512283e-03
1.640200e+09, 2.337898e-02, 9.698069e-01, 2.968762e+00, 2.137654e+00, 7.051256e-10, 4.037149e-10, 3.819905e+01, 8.045277e-03
1.644000e+09, 2.266307e-02, 9.698199e-01, 2.951926e+00, 2.128015e+00, 7.264464e-10, 4.037330e-10, 3.825826e+01, 8.549589e-03
1.647800e+09, 2.194474e-02, 9.698324e-01, 2.934581e+00, 2.118376e+00, 7.500668e-10, 4.037508e-10, 3.831806e+01, 9.024970e-03
1.651600e+09, 2.122419e-02, 9.698445e-01, 2.916673e+00, 2.108736e+00, 7.763183e-10, 4.037684e-10, 3.837842e+01, 9.471177e-03
1.655400e+09, 2.050162e-02, 9.698561e-01, 2.898137e+00, 2.099095e+00, 8.055929e-10, 4.037856e-10, 3.843933e+01, 9.887977e-03
1.659200e+09, 1.977727e-02, 9.698672e-01, 2.878903e+00, 2.089454e+00, 8.383564e-10, 4.038026e-10, 3.850077e+01, 1.027514e-02
1.663000e+09, 1.905141e-02, 9.698779e-01, 2.858886e+00, 2.079813e+00, 8.751649e-10, 4.038193e-10, 3.856272e+01, 1.063246e-02
1.666800e+09, 1.832434e-02, 9.698880e-01, 2.837991e+00, 2.070171e+00, 9.166863e-10, 4.038357e-10, 3.862518e+01, 1.095971e-02
1.670600e+09, 1.759643e-02, 9.698977e-01, 2.816104e+00, 2.060529e+00, 9.637264e-10, 4.038518e-10, 3.868811e+01, 1.125671e-02
1.674400e+09, 1.686808e-02, 9.699069e-01, 2.793094e+00, 2.050887e+00, 1.017263e-09, 4.038676e-10, 3.875151e+01, 1.152325e-02
1.678200e+09, 1.613978e-02, 9.699155e-01, 2.768805e+00, 2.041244e+00, 1.078492e-09, 4.038830e-10, 3.881535e+01, 1.175915e-02
1.682000e+09, 1.541208e-02, 9.699237e-01, 2.743055e+00, 2.031601e+00, 1.148876e-09, 4.038982e-10, 3.887962e+01, 1.196423e-02
1.685800e+09, 1.468567e-02, 9.699313e-01, 2.715624e+00, 2.021958e+00, 1.230226e-09, 4.039130e-10, 3.894429e+01, 1.213834e-02
1.689600e+09, 1.396134e-02, 9.699383e-01, 2.686251e+00, 2.012314e+00, 1.324784e-09, 4.039274e-10, 3.900935e+01, 1.228130e-02
1.693400e+09, 1.324007e-02, 9.699448e-01, 2.654621e+00, 2.002670e+00, 1.435345e-09, 4.039416e-10, 3.907478e+01, 1.239297e-02
1.697200e+09, 1.252304e-02, 9.699508e-01, 2.620350e+00, 1.993025e+00, 1.565399e-09, 4.039554e-10, 3.914057e+01, 1.247320e-02
1.701000e+09, 1.181173e-02, 9.699562e-01, 2.582975e+00, 1.983380e+00, 1.719314e-09, 4.039688e-10, 3.920668e+01, 1.252187e-02
1.704800e+09, 1.110795e-02, 9.699611e-01, 2.541924e+00, 1.973735e+00, 1.902539e-09, 4.039819e-10, 3.927310e+01, 1.253885e-02
1.708600e+09, 1.041400e-02, 9.699654e-01, 2.496499e+00, 1.964089e+00, 2.121823e-09, 4.039947e-10, 3.933982e+01, 1.252402e-02
1.712400e+09, 9.732787e-03, 9.699691e-01, 2.445838e+00, 1.954444e+00, 2.385384e-09, 4.040071e-10, 3.940681e+01, 1.247728e-02
1.716200e+09, 9.068038e-03, 9.699723e-01, 2.388884e+00, 1.944797e+00, 2.702899e-09, 4.040191e-10, 3.947404e+01, 1.239853e-02
1.720000e+09, 8.424557e-03, 9.699748e-01, 2.324350e+00, 1.935151e+00, 3.085035e-09, 4.040307e-10, 3.954151e+01, 1.228767e-02
1.723800e+09, 7.808571e-03, 9.699768e-01, 2.250691e+00, 1.925504e+00, 3.541986e-09, 4.040420e-10, 3.960919e+01, 1.214464e-02
1.727600e+09, 7.228137e-03, 9.699782e-01, 2.166122e+00, 1.915857e+00, 4.080087e-09, 4.040529e-10, 3.967705e+01, 1.196935e-02
1.731400e+09, 6.693601e-03, 9.699789e-01, 2.068706e+00, 1.906210e+00, 4.695307e-09, 4.040634e-10, 3.974508e+01, 1.176175e-02
1.735200e+09, 6.217968e-03, 9.699791e-01, 1.956600e+00, 1.896563e+00, 5.362898e-09, 4.040736e-10, 3.981326e+01, 1.152178e-02
1.739000e+09, 5.816918e-03, 9.699786e-01, 1.828555e+00, 1.886915e+00, 6.025461e-09, 4.040833e-10, 3.988155e+01, 1.124940e-02
1.742800e+09, 5.508027e-03, 9.699776e-01, 1.684690e+00, 1.877267e+00, 6.588407e-09, 4.040927e-10, 3.994995e+01, 1.094458e-02
1.746600e+09, 5.308690e-03, 9.699759e-01, 1.527385e+00, 1.867619e+00, 6.937774e-09, 4.041016e-10, 4.001843e+01, 1.060728e-02
1.750400e+09, 5.232717e-03, 9.699736e-01, 1.361738e+00, 1.857971e+00, 6.985921e-09, 4.041102e-10, 4.008697e+01, 1.023749e-02
1.754200e+09, 5.286664e-03, 9.699706e-01, 1.194941e+00, 1.848322e+00, 6.719669e-09, 4.041184e-10, 4.015554e+01, 9.835205e-03
1.758000e+09, 5.467854e-03, 9.699670e-01, 1.034502e+00, 1.838673e+00, 6.208367e-09, 4.041261e-10, 4.022413e+01, 9.400425e-03
1.761800e+09, 5.765383e-03, 9.699628e-01, 8.862702e-01, 1.829024e+00, 5.563822e-09, 4.041335e-10, 4.029270e+01, 8.933161e-03
1.765600e+09, 6.163414e-03, 9.699579e-01, 7.534278e-01, 1.819375e+00, 4.889643e-09, 4.041404e-10, 4.036124e+01, 8.433432e-03
1.769400e+09, 6.644805e-03, 9.699524e-01, 6.366822e-01, 1.809726e+00, 4.254578e-09, 4.041470e-10, 4.042972e+01, 7.901269e-03
1.773200e+09, 7.193645e-03, 9.699462e-01, 5.350994e-01, 1.800076e+00, 3.691966e-09, 4.041531e-10, 4.049812e+01, 7.336710e-03
1.777000e+09, 7.796429e-03, 9.699394e-01, 4.469497e-01, 1.790427e+00, 3.210782e-09, 4.041588e-10, 4.056642e+01, 6.739803e-03
1.780800e+09, 8.442259e-03, 9.699319e-01, 3.702887e-01, 1.780777e+00, 2.806933e-09, 4.041640e-10, 4.063459e+01, 6.110606e-03
1.784600e+09, 9.122585e-03, 9.699237e-01, 3.032701e-01, 1.771127e+00, 2.470905e-09, 4.041689e-10, 4.070261e+01, 5.449186e-03
1.788400e+09, 9.830775e-03, 9.699149e-01, 2.442745e-01, 1.761477e+00, 2.191955e-09, 4.041733e-10, 4.077046e+01, 4.755617e-03
1.792200e+09, 1.056170e-02, 9.699054e-01, 1.919391e-01, 1.751827e+00, 1.960029e-09, 4.041773e-10, 4.083811e+01, 4.029987e-03
1.796000e+09, 1.131139e-02, 9.698952e-01, 1.451413e-01, 1.742177e+00, 1.766458e-09, 4.041808e-10, 4.090553e+01, 3.272390e-03
1.799800e+09, 1.207674e-02, 9.698844e-01, 1.029651e-01, 1.732527e+00, 1.604067e-09, 4.041840e-10, 4.097271e+01, 2.482931e-03
1.803600e+09, 1.285530e-02, 9.698729e-01, 6.466627e-02, 1.722876e+00, 1.467041e-09, 4.041867e-10, 4.103961e+01, 1.661723e-03
1.807400e+09, 1.364513e-02, 9.698607e-01, 2.963905e-02, 1.713226e+00, 1.350712e-09, 4.041889e-10, 4.110622e+01, 8.088894e-04
1.811200e+09, 1.444468e-02, 9.698478e-01, -2.610694e-03, 1.703575e+00, 1.251347e-09, 4.041907e-10, 4.117251e+01, -7.543693e-05
1.815000e+09, 1.525268e-02, 9.698342e-01, -3.248799e-02, 1.693925e+00, 1.165961e-09, 4.041921e-10, 4.123845e+01, -9.911138e-04
1.818800e+09, 1.606810e-02, 9.698199e-01, -6.032660e-02, 1.684274e+00, 1.092159e-09, 4.041930e-10, 4.130402e+01, -1.937990e-03
1.822600e+09, 1.689008e-02, 9.698050e-01, -8.640311e-02, 1.674624e+00, 1.028014e-09, 4.041935e-10, 4.136920e+01, -2.915904e-03
1.826400e+09, 1.771790e-02, 9.697894e-01, -1.109481e-01, 1.664973e+00, 9.719661e-10, 4.041936e-10, 4.143396e+01, -3.924685e-03
1.830200e+09, 1.855096e-02, 9.697730e-01, -1.341549e-01, 1.655323e+00, 9.227458e-10, 4.041932e-10, 4.149828e+01, -4.964155e-03
1.834000e+09, 1.938876e-02, 9.697560e-01, -1.561864e-01, 1.645672e+00, 8.793160e-10, 4.041923e-10, 4.156212e+01, -6.034122e-03
1.837800e+09, 2.023083e-02, 9.697383e-01, -1.771811e-01, 1.636022e+00, 8.408231e-10, 4.041910e-10, 4.162548e+01, -7.134389e-03
1.841600e+09, 2.107681e-02, 9.697199e-01, -1.972567e-01, 1.626371e+00, 8.065610e-10, 4.041892e-10, 4.168831e+01, -8.264748e-03
1.845400e+09, 2.192637e-02, 9.697008e-01, -2.165142e-01, 1.616721e+00, 7.759428e-10, 4.041870e-10, 4.175060e+01, -9.424981e-03
1.849200e+09, 2.277919e-02, 9.696810e-01, -2.350407e-01, 1.607070e+00, 7.484775e-10, 4.041844e-10, 4.181233e+01, -1.061486e-02
1.853000e+09, 2.363503e-02, 9.696604e-01, -2.529114e-01, 1.597420e+00, 7.237525e-10, 4.041813e-10, 4.187346e+01, -1.183415e-02
1.856800e+09, 2.449365e-02, 9.696392e-01, -2.701918e-01, 1.587770e+00, 7.014195e-10, 4.041777e-10, 4.193397e+01, -1.308261e-02
1.860600e+09, 2.535483e-02, 9.696173e-01, -2.869390e-01, 1.578119e+00, 6.811828e-10, 4.041737e-10, 4.199384e+01, -1.435998e-02
1.864400e+09, 2.621840e-02, 9.695947e-01, -3.032029e-01, 1.568469e+00, 6.627902e-10, 4.041692e-10, 4.205304e+01, -1.566599e-02
1.868200e+09, 2.708416e-02, 9.695714e-01, -3.190278e-01, 1.558819e+00, 6.460261e-10, 4.041643e-10, 4.211155e+01, -1.700038e-02
1.872000e+09, 2.795196e-02, 9.695474e-01, -3.344524e-01, 1.549169e+00, 6.307047e-10, 4.041589e-10, 4.216935e+01, -1.836286e-02
1.875800e+09, 2.882166e-02, 9.695227e-01, -3.495112e-01, 1.539520e+00, 6.166660e-10, 4.041531e-10, 4.222640e+01, -1.975313e-02
1.879600e+09, 2.969310e-02, 9.694973e-01, -3.642347e-01, 1.529870e+00, 6.037710e-10, 4.041468e-10, 4.228269e+01, -2.117091e-02
1.883400e+09, 3.056617e-02, 9.694712e-01, -3.786504e-01, 1.520221e+00, 5.918991e-10, 4.041400e-10, 4.233819e+01, -2.261588e-02
1.887200e+09, 3.144074e-02, 9.694444e-01, -3.927827e-01, 1.510571e+00, 5.809449e-10, 4.041328e-10, 4.239287e+01, -2.408771e-02
1.891000e+09, 3.231669e-02, 9.694170e-01, -4.066534e-01, 1.500922e+00, 5.708161e-10, 4.041252e-10, 4.244672e+01, -2.558609e-02
1.894800e+09, 3.319391e-02, 9.693888e-01, -4.202822e-01, 1.491273e+00, 5.614316e-10, 4.041171e-10, 4.249971e+01, -2.711067e-02
1.898600e+09, 3.407231e-02, 9.693599e-01, -4.336870e-01, 1.481625e+00, 5.527200e-10, 4.041085e-10, 4.255181e+01, -2.866112e-02
1.902400e+09, 3.495177e-02, 9.693303e-01, -4.468838e-01, 1.471976e+00, 5.446181e-10, 4.040994e-10, 4.260301e+01, -3.023707e-02
1.906200e+09, 3.583221e-02, 9.693001e-01, -4.598872e-01, 1.462328e+00, 5.370700e-10, 4.040900e-10, 4.265327e+01, -3.183817e-02
1.910000e+09, 3.671352e-02, 9.692692e-01, -4.727103e-01, 1.452680e+00, 5.300260e-10, 4.040800e-10, 4.270258e+01, -3.346404e-02
1.913800e+09, 3.759562e-02, 9.692375e-01, -4.853653e-01, 1.443032e+00, 5.234417e-10, 4.040696e-10, 4.275091e+01, -3.511430e-02
1.917600e+09, 3.847843e-02, 9.692052e-01, -4.978631e-01, 1.433384e+00, 5.172776e-10, 4.040588e-10, 4.279824e+01, -3.678856e-02
1.921400e+09, 3.936185e-02, 9.691722e-01, -5.102136e-01, 1.423737e+00, 5.114983e-10, 4.040475e-10, 4.284455e+01, -3.848644e-02
1.925200e+09, 4.024580e-02, 9.691386e-01, -5.224262e-01, 1.414090e+00, 5.060719e-10, 4.040358e-10, 4.288982e+01, -4.020751e-02
1.929000e+09, 4.113020e-02, 9.691042e-01, -5.345092e-01, 1.404443e+00, 5.009698e-10, 4.040236e-10, 4.293402e+01, -4.195138e-02
1.932800e+09, 4.201498e-02, 9.690692e-01, -5.464704e-01, 1.394796e+00, 4.961664e-10, 4.040109e-10, 4.297713e+01, -4.371762e-02
1.936600e+09, 4.290005e-02, 9.690335e-01, -5.583170e-01, 1.385150e+00, 4.916382e-10, 4.039978e-10, 4.301914e+01, -4.550579e-02
1.940400e+09, 4.378535e-02, 9.689972e-01, -5.700554e-01, 1.375504e+00, 4.873643e-10, 4.039843e-10, 4.306002e+01, -4.731547e-02
1.944200e+09, 4.467078e-02, 9.689602e-01, -5.816917e-01, 1.365859e+00, 4.833255e-10, 4.039703e-10, 4.309974e+01, -4.914621e-02
1.948000e+09, 4.555628e-02, 9.689225e-01, -5.932317e-01, 1.356214e+00, 4.795045e-10, 4.039559e-10, 4.313830e+01, -5.099755e-02
1.951800e+09, 4.644178e-02, 9.688842e-01, -6.046804e-01, 1.346569e+00, 4.758856e-10, 4.039410e-10, 4.317567e+01, -5.286904e-02
1.955600e+09, 4.732720e-02, 9.688452e-01, -6.160427e-01, 1.336924e+00, 4.724542e-10, 4.039257e-10, 4.321183e+01, -5.476022e-02
1.959400e+09, 4.821247e-02, 9.688056e-01, -6.273230e-01, 1.327280e+00, 4.691974e-10, 4.039100e-10, 4.324676e+01, -5.667059e-02
1.963200e+09, 4.909752e-02, 9.687653e-01, -6.385256e-01, 1.317636e+00, 4.661031e-10, 4.038938e-10, 4.328044e+01, -5.859970e-02
1.967000e+09, 4.998228e-02, 9.687244e-01, -6.496544e-01, 1.307993e+00, 4.631603e-10, 4.038772e-10, 4.331286e+01, -6.054703e-02
1.970800e+09, 5.086668e-02, 9.686828e-01, -6.607128e-01, 1.298350e+00, 4.603589e-10, 4.038601e-10, 4.334400e+01, -6.251212e-02
1.974600e+09, 5.175066e-02, 9.686406e-01, -6.717044e-01, 1.288707e+00, 4.576897e-10, 4.038426e-10, 4.337384e+01, -6.449444e-02
1.978400e+09, 5.263413e-02, 9.685978e-01, -6.826322e-01, 1.279065e+00, 4.551441e-10, 4.038247e-10, 4.340236e+01, -6.649349e-02
1.982200e+09, 5.351704e-02, 9.685544e-01, -6.934993e-01, 1.269423e+00, 4.527144e-10, 4.038064e-10, 4.342955e+01, -6.850876e-02
1.986000e+09, 5.439932e-02, 9.685103e-01, -7.043084e-01, 1.259782e+00, 4.503932e-10, 4.037876e-10, 4.345539e+01, -7.053973e-02
1.989800e+09, 5.528089e-02, 9.684657e-01, -7.150620e-01, 1.250141e+00, 4.481738e-10, 4.037684e-10, 4.347987e+01, -7.258587e-02
1.993600e+09, 5.616170e-02, 9.684204e-01, -7.257626e-01, 1.240501e+00, 4.460502e-10, 4.037488e-10, 4.350297e+01, -7.464665e-02
1.997400e+09, 5.704167e-02, 9.683746e-01, -7.364126e-01, 1.230861e+00, 4.440166e-10, 4.037288e-10, 4.352467e+01, -7.672153e-02
2.001200e+09, 5.792074e-02, 9.683281e-01, -7.470140e-01, 1.221221e+00, 4.420676e-10, 4.037084e-10, 4.354497e+01, -7.880997e-02
2.005000e+09, 5.879885e-02, 9.682810e-01, -7.575688e-01, 1.211582e+00, 4.401984e-10, 4.036876e-10, 4.356384e+01, -8.091142e-02
2.008800e+09, 5.967592e-02, 9.682334e-01, -7.680790e-01, 1.201944e+00, 4.384045e-10, 4.036663e-10, 4.358128e+01, -8.302533e-02
2.012600e+09, 6.055189e-02, 9.681852e-01, -7.785464e-01, 1.192306e+00, 4.366815e-10, 4.036447e-10, 4.359728e+01, -8.515113e-02
2.016400e+09, 6.142670e-02, 9.681364e-01, -7.889727e-01, 1.182668e+00, 4.350255e-10, 4.036226e-10, 4.361182e+01, -8.728826e-02
2.020200e+09, 6.230027e-02, 9.680871e-01, -7.993594e-01, 1.173031e+00, 4.334328e-10, 4.036002e-10, 4.362489e+01, -8.943617e-02
2.024000e+09, 6.317256e-02, 9.680372e-01, -8.097081e-01, 1.163395e+00, 4.319001e-10, 4.035773e-10, 4.363648e+01, -9.159427e-02
2.027800e+09, 6.404348e-02, 9.679867e-01, -8.200202e-01, 1.153759e+00, 4.304240e-10, 4.035541e-10, 4.364658e+01, -9.376198e-02
2.031600e+09, 6.491298e-02, 9.679357e-01, -8.302970e-01, 1.144124e+00, 4.290016e-10, 4.035305e-10, 4.365518e+01, -9.593874e-02
2.035400e+09, 6.578099e-02, 9.678842e-01, -8.405399e-01, 1.134489e+00, 4.276302e-10, 4.035065e-10, 4.366228e+01, -9.812395e-02
2.039200e+09, 6.664745e-02, 9.678321e-01, -8.507501e-01, 1.124855e+00, 4.263070e-10, 4.034821e-10, 4.366786e+01, -1.003170e-01
2.043000e+09, 6.751229e-02, 9.677795e-01, -8.609286e-01, 1.115221e+00, 4.250297e-10, 4.034574e-10, 4.367192e+01, -1.025174e-01
2.046800e+09, 6.837545e-02, 9.677264e-01, -8.710767e-01, 1.105588e+00, 4.237958e-10, 4.034322e-10, 4.367445e+01, -1.047244e-01
2.050600e+09, 6.923686e-02, 9.676728e-01, -8.811953e-01, 1.095956e+00, 4.226034e-10, 4.034067e-10, 4.367544e+01, -1.069375e-01
2.054400e+09, 7.009646e-02, 9.676187e-01, -8.912854e-01, 1.086324e+00, 4.214503e-10, 4.033809e-10, 4.367489e+01, -1.091562e-01
2.058200e+09, 7.095420e-02, 9.675641e-01, -9.013480e-01, 1.076693e+00, 4.203346e-10, 4.033547e-10, 4.367279e+01, -1.113797e-01
2.062000e+09, 7.180999e-02, 9.675090e-01, -9.113839e-01, 1.067062e+00, 4.192545e-10, 4.033281e-10, 4.366915e+01, -1.136075e-01
2.065800e+09, 7.266379e-02, 9.674534e-01, -9.213941e-01, 1.057432e+00, 4.182084e-10, 4.033012e-10, 4.366394e+01, -1.158389e-01
2.069600e+09, 7.351552e-02, 9.673974e-01, -9.313793e-01, 1.047803e+00, 4.171947e-10, 4.032739e-10, 4.365718e+01, -1.180735e-01
2.073400e+09, 7.436513e-02, 9.673409e-01, -9.413403e-01, 1.038175e+00, 4.162118e-10, 4.032463e-10, 4.364886e+01, -1.203105e-01
2.077200e+09, 7.521254e-02, 9.672840e-01, -9.512778e-01, 1.028547e+00, 4.152584e-10, 4.032183e-10, 4.363898e+01, -1.225493e-01
2.081000e+09, 7.605771e-02, 9.672266e-01, -9.611925e-01, 1.018919e+00, 4.143331e-10, 4.031900e-10, 4.362754e+01, -1.247894e-01
2.084800e+09, 7.690056e-02, 9.671688e-01, -9.710852e-01, 1.009293e+00, 4.134346e-10, 4.031614e-10, 4.361453e+01, -1.270302e-01
2.088600e+09, 7.774103e-02, 9.671105e-01, -9.809564e-01, 9.996669e-01, 4.125618e-10, 4.031325e-10, 4.359995e+01, -1.292709e-01
2.092400e+09, 7.857907e-02, 9.670519e-01, -9.908068e-01, 9.900416e-01, 4.117135e-10, 4.031032e-10, 4.358382e+01, -1.315111e-01
2.096200e+09, 7.941460e-02, 9.669928e-01, -1.000637e+00, 9.804171e-01, 4.108887e-10, 4.030737e-10, 4.356612e+01, -1.337501e-01
2.100000e+09, 8.024757e-02, 9.669333e-01, -1.010447e+00, 9.707933e-01, 4.100863e-10, 4.030438e-10, 4.354687e+01, -1.359872e-01
2.103800e+09, 8.107791e-02, 9.668735e-01, -1.020239e+00, 9.611701e-01, 4.093054e-10, 4.030136e-10, 4.352605e+01, -1.382219e-01
2.107600e+09, 8.190556e-02, 9.668133e-01, -1.030011e+00, 9.515478e-01, 4.085451e-10, 4.029831e-10, 4.350369e+01, -1.404536e-01
2.111400e+09, 8.273046e-02, 9.667527e-01, -1.039766e+00, 9.419261e-01, 4.078046e-10, 4.029524e-10, 4.347978e+01, -1.426816e-01
2.115200e+09, 8.355256e-02, 9.666917e-01, -1.049502e+00, 9.323052e-01, 4.070830e-10, 4.029213e-10, 4.345432e+01, -1.449054e-01
2.119000e+09, 8.437177e-02, 9.666304e-01, -1.059222e+00, 9.226850e-01, 4.063795e-10, 4.028900e-10, 4.342732e+01, -1.471243e-01
2.122800e+09, 8.518806e-02, 9.665687e-01, -1.068925e+00, 9.130655e-01, 4.056934e-10, 4.028584e-10, 4.339879e+01, -1.493377e-01
2.126600e+09, 8.600134e-02, 9.665068e-01, -1.078611e+00, 9.034468e-01, 4.050239e-10, 4.028265e-10, 4.336874e+01, -1.515450e-01
2.130400e+09, 8.681158e-02, 9.664445e-01, -1.088282e+00, 8.938289e-01, 4.043706e-10, 4.027944e-10, 4.333716e+01, -1.537457e-01
2.134200e+09, 8.761869e-02, 9.663819e-01, -1.097936e+00, 8.842117e-01, 4.037326e-10, 4.027620e-10, 4.330408e+01, -1.559390e-01
2.138000e+09, 8.842262e-02, 9.663190e-01, -1.107576e+00, 8.745954e-01, 4.031094e-10, 4.027293e-10, 4.326949e+01, -1.581245e-01
2.141800e+09, 8.922332e-02, 9.662558e-01, -1.117201e+00, 8.649797e-01, 4.025005e-10, 4.026964e-10, 4.323341e+01, -1.603015e-01
2.145600e+09, 9.002071e-02, 9.661923e-01, -1.126811e+00, 8.553649e-01, 4.019052e-10, 4.026633e-10, 4.319584e+01, -1.624694e-01
2.149400e+09, 9.081474e-02, 9.661286e-01, -1.136407e+00, 8.457509e-01, 4.013230e-10, 4.026299e-10, 4.315680e+01, -1.646276e-01
2.153200e+09, 9.160536e-02, 9.660646e-01, -1.145989e+00, 8.361377e-01, 4.007535e-10, 4.025963e-10, 4.311629e+01, -1.667756e-01
2.157000e+09, 9.239249e-02, 9.660004e-01, -1.155557e+00, 8.265252e-01, 4.001962e-10, 4.025625e-10, 4.307434e+01, -1.689127e-01
2.160800e+09, 9.317609e-02, 9.659359e-01, -1.165112e+00, 8.169136e-01, 3.996505e-10, 4.025285e-10, 4.303094e+01, -1.710384e-01
2.164600e+09, 9.395608e-02, 9.658712e-01, -1.174654e+00, 8.073028e-01, 3.991162e-10, 4.024943e-10, 4.298612e+01, -1.731521e-01
2.168400e+09, 9.473241e-02, 9.658063e-01, -1.184184e+00, 7.976928e-01, 3.985927e-10, 4.024598e-10, 4.293988e+01, -1.752532e-01
2.172200e+09, 9.550503e-02, 9.657412e-01, -1.193700e+00, 7.880836e-01, 3.980797e-10, 4.024252e-10, 4.289224e+01, -1.773412e-01
2.176000e+09, 9.627387e-02, 9.656759e-01, -1.203205e+00, 7.784753e-01, 3.975768e-10, 4.023904e-10, 4.284322e+01, -1.794155e-01
2.179800e+09, 9.703887e-02, 9.656105e-01, -1.212698e+00, 7.688678e-01, 3.970836e-10, 4.023554e-10, 4.279282e+01, -1.814755e-01
2.183600e+09, 9.779998e-02, 9.655449e-01, -1.222178e+00, 7.592611e-01, 3.965998e-10, 4.023202e-10, 4.274106e+01, -1.835207e-01
2.187400e+09, 9.855713e-02, 9.654791e-01, -1.231648e+00, 7.496552e-01, 3.961250e-10, 4.022849e-10, 4.268796e+01, -1.855504e-01
2.191200e+09, 9.931028e-02, 9.654132e-01, -1.241106e+00, 7.400502e-01, 3.956590e-10, 4.022494e-10, 4.263354e+01, -1.875643e-01
2.195000e+09, 1.000593e-01, 9.653471e-01, -1.250552e+00, 7.304461e-01, 3.952014e-10, 4.022138e-10, 4.257780e+01, -1.895617e-01
2.198800e+09, 1.008043e-01, 9.652810e-01, -1.259988e+00, 7.208428e-01, 3.947518e-10, 4.021780e-10, 4.252077e+01, -1.915420e-01
2.202600e+09, 1.015451e-01, 9.652147e-01, -1.269413e+00, 7.112404e-01, 3.943102e-10, 4.021421e-10, 4.246247e+01, -1.935049e-01
2.206400e+09, 1.022816e-01, 9.651483e-01, -1.278828e+00, 7.016388e-01, 3.938761e-10, 4.021060e-10, 4.240291e+01, -1.954496e-01
2.210200e+09, 1.030138e-01, 9.650819e-01, -1.288232e+00, 6.920380e-01, 3.934493e-10, 4.020698e-10, 4.234211e+01, -1.973758e-01
2.214000e+09, 1.037416e-01, 9.650154e-01, -1.297626e+00, 6.824382e-01, 3.930296e-10, 4.020335e-10, 4.228008e+01, -1.992828e-01
2.217800e+09, 1.044651e-01, 9.649488e-01, -1.307010e+00, 6.728392e-01, 3.926167e-10, 4.019971e-10, 4.221686e+01, -2.011703e-01
2.221600e+09, 1.051841e-01, 9.648822e-01, -1.316384e+00, 6.632411e-01, 3.922104e-10, 4.019606e-10, 4.215245e+01, -2.030376e-01
2.225400e+09, 1.058985e-01, 9.648155e-01, -1.325749e+00, 6.536438e-01, 3.918105e-10, 4.019240e-10, 4.208687e+01, -2.048843e-01
2.229200e+09, 1.066084e-01, 9.647488e-01, -1.335104e+00, 6.440474e-01, 3.914168e-10, 4.018873e-10, 4.202015e+01, -2.067099e-01
2.233000e+09, 1.073136e-01, 9.646822e-01, -1.344449e+00, 6.344519e-01, 3.910290e-10, 4.018506e-10, 4.195231e+01, -2.085139e-01
2.236800e+09, 1.080141e-01, 9.646155e-01, -1.353786e+00, 6.248573e-01, 3.906470e-10, 4.018138e-10, 4.188337e+01, -2.102959e-01
2.240600e+09, 1.087099e-01, 9.645488e-01, -1.363113e+00, 6.152636e-01, 3.902705e-10, 4.017769e-10, 4.181334e+01, -2.120553e-01
2.244400e+09, 1.094009e-01, 9.644822e-01, -1.372431e+00, 6.056707e-01, 3.898994e-10, 4.017399e-10, 4.174226e+01, -2.137917e-01
2.248200e+09, 1.100870e-01, 9.644156e-01, -1.381740e+00, 5.960787e-01, 3.895336e-10, 4.017029e-10, 4.167013e+01, -2.155046e-01
2.252000e+09, 1.107682e-01, 9.643491e-01, -1.391041e+00, 5.864876e-01, 3.891728e-10, 4.016659e-10, 4.159698e+01, -2.171936e-01
2.255800e+09, 1.114445e-01, 9.642826e-01, -1.400333e+00, 5.768974e-01, 3.888168e-10, 4.016288e-10, 4.152284e+01, -2.188582e-01
2.259600e+09, 1.121157e-01, 9.642163e-01, -1.409616e+00, 5.673081e-01, 3.884656e-10, 4.015917e-10, 4.144773e+01, -2.204981e-01
2.263400e+09, 1.127818e-01, 9.641500e-01, -1.418891e+00, 5.577196e-01, 3.881190e-10, 4.015546e-10, 4.137166e+01, -2.221127e-01
2.267200e+09, 1.134428e-01, 9.640838e-01, -1.428158e+00, 5.481320e-01, 3.877767e-10, 4.015175e-10, 4.129467e+01, -2.237016e-01
2.271000e+09, 1.140987e-01, 9.640177e-01, -1.437416e+00, 5.385454e-01, 3.874388e-10, 4.014804e-10, 4.121677e+01, -2.252645e-01
2.274800e+09, 1.147493e-01, 9.639518e-01, -1.446667e+00, 5.289596e-01, 3.871050e-10, 4.014433e-10, 4.113799e+01, -2.268009e-01
2.278600e+09, 1.153946e-01, 9.638860e-01, -1.455910e+00, 5.193747e-01, 3.867752e-10, 4.014062e-10, 4.105834e+01, -2.283104e-01
2.282400e+09, 1.160345e-01, 9.638204e-01, -1.465144e+00, 5.097907e-01, 3.864493e-10, 4.013692e-10, 4.097786e+01, -2.297926e-01
2.286200e+09, 1.166691e-01, 9.637550e-01, -1.474371e+00, 5.002075e-01, 3.861272e-10, 4.013321e-10, 4.089657e+01, -2.312472e-01
2.290000e+09, 1.172982e-01, 9.636897e-01, -1.483590e+00, 4.906253e-01, 3.858087e-10, 4.012951e-10, 4.081449e+01, -2.326737e-01
2.293800e+09, 1.179219e-01, 9.636246e-01, -1.492802e+00, 4.810439e-01, 3.854937e-10, 4.012582e-10, 4.073164e+01, -2.340718e-01
2.297600e+09, 1.185400e-01, 9.635598e-01, -1.502006e+00, 4.714634e-01, 3.851822e-10, 4.012213e-10, 4.064805e+01, -2.354411e-01
2.301400e+09, 1.191525e-01, 9.634951e-01, -1.511203e+00, 4.618838e-01, 3.848739e-10, 4.011845e-10, 4.056375e+01, -2.367812e-01
2.305200e+09, 1.197593e-01, 9.634307e-01, -1.520392e+00, 4.523051e-01, 3.845689e-10, 4.011478e-10, 4.047875e+01, -2.380919e-01
2.309000e+09, 1.203605e-01, 9.633666e-01, -1.529574e+00, 4.427273e-01, 3.842669e-10, 4.011111e-10, 4.039308e+01, -2.393727e-01
2.312800e+09, 1.209559e-01, 9.633027e-01, -1.538749e+00, 4.331503e-01, 3.839680e-10, 4.010746e-10, 4.030676e+01, -2.406233e-01
2.316600e+09, 1.215455e-01, 9.632391e-01, -1.547916e+00, 4.235742e-01, 3.836719e-10, 4.010381e-10, 4.021982e+01, -2.418435e-01
2.320400e+09, 1.221292e-01, 9.631757e-01, -1.557077e+00, 4.139990e-01, 3.833787e-10, 4.010017e-10, 4.013229e+01, -2.430328e-01
2.324200e+09, 1.227071e-01, 9.631127e-01, -1.566231e+00, 4.044246e-01, 3.830882e-10, 4.009655e-10, 4.004418e+01, -2.441910e-01
2.328000e+09, 1.232790e-01, 9.630500e-01, -1.575377e+00, 3.948511e-01, 3.828003e-10, 4.009294e-10, 3.995552e+01, -2.453178e-01
2.331800e+09, 1.238450e-01, 9.629876e-01, -1.584517e+00, 3.852785e-01, 3.825150e-10, 4.008934e-10, 3.986634e+01, -2.464128e-01
2.335600e+09, 1.244048e-01, 9.629256e-01, -1.593650e+00, 3.757067e-01, 3.822322e-10, 4.008576e-10, 3.977666e+01, -2.474759e-01
2.339400e+09, 1.249587e-01, 9.628639e-01, -1.602776e+00, 3.661358e-01, 3.819517e-10, 4.008219e-10, 3.968650e+01, -2.485066e-01
2.343200e+09, 1.255063e-01, 9.628025e-01, -1.611896e+00, 3.565657e-01, 3.816735e-10, 4.007863e-10, 3.959590e+01, -2.495048e-01
2.347000e+09, 1.260478e-01, 9.627416e-01, -1.621009e+00, 3.469965e-01, 3.813976e-10, 4.007510e-10, 3.950486e+01, -2.504701e-01
2.350800e+09, 1.265831e-01, 9.626810e-01, -1.630115e+00, 3.374281e-01, 3.811238e-10, 4.007158e-10, 3.941342e+01, -2.514024e-01
2.354600e+09, 1.271121e-01, 9.626209e-01, -1.639215e+00, 3.278606e-01, 3.808522e-10, 4.006808e-10, 3.932160e+01, -2.523013e-01
2.358400e+09, 1.276348e-01, 9.625611e-01, -1.648308e+00, 3.182939e-01, 3.805825e-10, 4.006459e-10, 3.922943e+01, -2.531666e-01
2.362200e+09, 1.281511e-01, 9.625018e-01, -1.657395e+00, 3.087281e-01, 3.803148e-10, 4.006113e-10, 3.913693e+01, -2.539981e-01
2.366000e+09, 1.286610e-01, 9.624430e-01, -1.666475e+00, 2.991630e-01, 3.800490e-10, 4.005769e-10, 3.904412e+01, -2.547956e-01
2.369800e+09, 1.291644e-01, 9.623846e-01, -1.675549e+00, 2.895988e-01, 3.797850e-10, 4.005427e-10, 3.895103e+01, -2.555589e-01
2.373600e+09, 1.296614e-01, 9.623266e-01, -1.684617e+00, 2.800354e-01, 3.795227e-10, 4.005087e-10, 3.885768e+01, -2.562877e-01
2.377400e+09, 1.301518e-01, 9.622691e-01, -1.693679e+00, 2.704728e-01, 3.792622e-10, 4.004750e-10, 3.876409e+01, -2.569818e-01
2.381200e+09, 1.306356e-01, 9.622122e-01, -1.702734e+00, 2.609110e-01, 3.790032e-10, 4.004415e-10, 3.867029e+01, -2.576411e-01
2.385000e+09, 1.311128e-01, 9.621557e-01, -1.711783e+00, 2.513500e-01, 3.787459e-10, 4.004082e-10, 3.857631e+01, -2.582653e-01
2.388800e+09, 1.315834e-01, 9.620997e-01, -1.720826e+00, 2.417899e-01, 3.784901e-10, 4.003752e-10, 3.848216e+01, -2.588544e-01
2.392600e+09, 1.320472e-01, 9.620443e-01, -1.729863e+00, 2.322305e-01, 3.782357e-10, 4.003425e-10, 3.838787e+01, -2.594080e-01
2.396400e+09, 1.325043e-01, 9.619894e-01, -1.738894e+00, 2.226718e-01, 3.779827e-10, 4.003100e-10, 3.829346e+01, -2.599261e-01
2.400200e+09, 1.329545e-01, 9.619351e-01, -1.747918e+00, 2.131140e-01, 3.777311e-10, 4.002778e-10, 3.819896e+01, -2.604085e-01
2.404000e+09, 1.333980e-01, 9.618813e-01, -1.756937e+00, 2.035569e-01, 3.774808e-10, 4.002459e-10, 3.810438e+01, -2.608551e-01
2.407800e+09, 1.338345e-01, 9.618282e-01, -1.765950e+00, 1.940006e-01, 3.772317e-10, 4.002143e-10, 3.800976e+01, -2.612657e-01
2.411600e+09, 1.342642e-01, 9.617756e-01, -1.774957e+00, 1.844451e-01, 3.769838e-10, 4.001830e-10, 3.791511e+01, -2.616402e-01
2.415400e+09, 1.346868e-01, 9.617236e-01, -1.783958e+00, 1.748902e-01, 3.767370e-10, 4.001520e-10, 3.782045e+01, -2.619785e-01
2.419200e+09, 1.351025e-01, 9.616722e-01, -1.792953e+00, 1.653362e-01, 3.764914e-10, 4.001213e-10, 3.772582e+01, -2.622805e-01
2.423000e+09, 1.355112e-01, 9.616214e-01, -1.801942e+00, 1.557828e-01, 3.762468e-10, 4.000910e-10, 3.763122e+01, -2.625460e-01
2.426800e+09, 1.359128e-01, 9.615713e-01, -1.810925e+00, 1.462302e-01, 3.760032e-10, 4.000610e-10, 3.753669e+01, -2.627750e-01
2.430600e+09, 1.363072e-01, 9.615218e-01, -1.819903e+00, 1.366783e-01, 3.757605e-10, 4.000313e-10, 3.744224e+01, -2.629673e-01
2.434400e+09, 1.366945e-01, 9.614730e-01, -1.828874e+00, 1.271271e-01, 3.755187e-10, 4.000020e-10, 3.734790e+01, -2.631230e-01
2.438200e+09, 1.370747e-01, 9.614249e-01, -1.837840e+00, 1.175766e-01, 3.752778e-10, 3.999731e-10, 3.725369e+01, -2.632419e-01
2.442000e+09, 1.374476e-01, 9.613774e-01, -1.846800e+00, 1.080268e-01, 3.750377e-10, 3.999445e-10, 3.715963e+01, -2.633239e-01
2.445800e+09, 1.378132e-01, 9.613306e-01, -1.855755e+00, 9.847772e-02, 3.747984e-10, 3.999162e-10, 3.706574e+01, -2.633691e-01
2.449600e+09, 1.381716e-01, 9.612846e-01, -1.864704e+00, 8.892928e-02, 3.745598e-10, 3.998884e-10, 3.697204e+01, -2.633773e-01
2.453400e+09, 1.385226e-01, 9.612392e-01, -1.873647e+00, 7.938150e-02, 3.743219e-10, 3.998609e-10, 3.687856e+01, -2.633486e-01
2.457200e+09, 1.388662e-01, 9.611946e-01, -1.882584e+00, 6.983438e-02, 3.740846e-10, 3.998339e-10, 3.678531e+01, -2.632829e-01
2.461000e+09, 1.392025e-01, 9.611507e-01, -1.891516e+00, 6.028791e-02, 3.738479e-10, 3.998072e-10, 3.669231e+01, -2.631801e-01
2.464800e+09, 1.395313e-01, 9.611075e-01, -1.900442e+00, 5.074207e-02, 3.736118e-10, 3.997810e-10, 3.659959e+01, -2.630403e-01
2.468600e+09, 1.398526e-01, 9.610652e-01, -1.909362e+00, 4.119686e-02, 3.733761e-10, 3.997551e-10, 3.650716e+01, -2.628634e-01
2.472400e+09, 1.401664e-01, 9.610235e-01, -1.918277e+00, 3.165226e-02, 3.731410e-10, 3.997297e-10, 3.641505e+01, -2.626496e-01
2.476200e+09, 1.404727e-01, 9.609827e-01, -1.927186e+00, 2.210827e-02, 3.729062e-10, 3.997048e-10, 3.632327e+01, -2.623986e-01
2.480000e+09, 1.407715e-01, 9.609426e-01, -1.936090e+00, 1.256488e-02, 3.726719e-10, 3.996802e-10, 3.623185e+01, -2.621107e-01
2.483800e+09, 1.410626e-01, 9.609034e-01, -1.944988e+00, 3.022072e-03, 3.724378e-10, 3.996561e-10, 3.614080e+01, -2.617858e-01
2.487600e+09, 1.413461e-01, 9.608649e-01, -1.953880e+00, -6.520158e-03, 3.722041e-10, 3.996325e-10, 3.605014e+01, -2.614240e-01
2.491400e+09, 1.416219e-01, 9.608273e-01, -1.962767e+00, -1.606182e-02, 3.719707e-10, 3.996093e-10, 3.595990e+01, -2.610252e-01
2.495200e+09, 1.418900e-01, 9.607905e-01, -1.971648e+00, -2.560294e-02, 3.717374e-10, 3.995865e-10, 3.587009e+01, -2.605896e-01
2.499000e+09, 1.421504e-01, 9.607546e-01, -1.980524e+00, -3.514351e-02, 3.715044e-10, 3.995643e-10, 3.578073e+01, -2.601173e-01
2.502800e+09, 1.424031e-01, 9.607194e-01, -1.989394e+00, -4.468354e-02, 3.712715e-10, 3.995425e-10, 3.569183e+01, -2.596082e-01
2.506600e+09, 1.426479e-01, 9.606852e-01, -1.998258e+00, -5.422306e-02, 3.710386e-10, 3.995212e-10, 3.560343e+01, -2.590625e-01
2.510400e+09, 1.428850e-01, 9.606518e-01, -2.007117e+00, -6.376207e-02, 3.708059e-10, 3.995004e-10, 3.551552e+01, -2.584802e-01
2.514200e+09, 1.431142e-01, 9.606193e-01, -2.015970e+00, -7.330058e-02, 3.705731e-10, 3.994801e-10, 3.542814e+01, -2.578615e-01
2.518000e+09, 1.433355e-01, 9.605876e-01, -2.024818e+00, -8.283861e-02, 3.703404e-10, 3.994602e-10, 3.534130e+01, -2.572065e-01
2.521800e+09, 1.435490e-01, 9.605569e-01, -2.033661e+00, -9.237617e-02, 3.701075e-10, 3.994409e-10, 3.525502e+01, -2.565152e-01
2.525600e+09, 1.437545e-01, 9.605270e-01, -2.042497e+00, -1.019133e-01, 3.698746e-10, 3.994221e-10, 3.516931e+01, -2.557879e-01
2.529400e+09, 1.439520e-01, 9.604981e-01, -2.051328e+00, -1.114499e-01, 3.696415e-10, 3.994039e-10, 3.508420e+01, -2.550245e-01
2.533200e+09, 1.441416e-01, 9.604701e-01, -2.060154e+00, -1.209861e-01, 3.694082e-10, 3.993861e-10, 3.499969e+01, -2.542254e-01
2.537000e+09, 1.443232e-01, 9.604430e-01, -2.068974e+00, -1.305219e-01, 3.691747e-10, 3.993689e-10, 3.491581e+01, -2.533905e-01
2.540800e+09, 1.444968e-01, 9.604168e-01, -2.077789e+00, -1.400573e-01, 3.689409e-10, 3.993522e-10, 3.483257e+01, -2.525202e-01
2.544600e+09, 1.446623e-01, 9.603916e-01, -2.086597e+00, -1.495922e-01, 3.687068e-10, 3.993361e-10, 3.474999e+01, -2.516145e-01
2.548400e+09, 1.448197e-01, 9.603673e-01, -2.095401e+00, -1.591268e-01, 3.684723e-10, 3.993205e-10, 3.466809e+01, -2.506736e-01
2.552200e+09, 1.449690e-01, 9.603440e-01, -2.104198e+00, -1.686611e-01, 3.682375e-10, 3.993055e-10, 3.458687e+01, -2.496978e-01
2.556000e+09, 1.451102e-01, 9.603217e-01, -2.112990e+00, -1.781949e-01, 3.680022e-10, 3.992910e-10, 3.450636e+01, -2.486871e-01
2.559800e+09, 1.452433e-01, 9.603003e-01, -2.121777e+00, -1.877284e-01, 3.677663e-10, 3.992771e-10, 3.442658e+01, -2.476419e-01
2.563600e+09, 1.453682e-01, 9.602799e-01, -2.130558e+00, -1.972616e-01, 3.675300e-10, 3.992637e-10, 3.434753e+01, -2.465623e-01
2.567400e+09, 1.454849e-01, 9.602605e-01, -2.139333e+00, -2.067945e-01, 3.672931e-10, 3.992510e-10, 3.426923e+01, -2.454485e-01
2.571200e+09, 1.455934e-01, 9.602420e-01, -2.148102e+00, -2.163270e-01, 3.670556e-10, 3.992388e-10, 3.419169e+01, -2.443008e-01
2.575000e+09, 1.456936e-01, 9.602246e-01, -2.156866e+00, -2.258593e-01, 3.668173e-10, 3.992272e-10, 3.411494e+01, -2.431195e-01
2.578800e+09, 1.457856e-01, 9.602082e-01, -2.165624e+00, -2.353913e-01, 3.665784e-10, 3.992162e-10, 3.403899e+01, -2.419047e-01
2.582600e+09, 1.458694e-01, 9.601928e-01, -2.174377e+00, -2.449230e-01, 3.663387e-10, 3.992057e-10, 3.396385e+01, -2.406567e-01
2.586400e+09, 1.459448e-01, 9.601784e-01, -2.183124e+00, -2.544545e-01, 3.660982e-10, 3.991959e-10, 3.388952e+01, -2.393759e-01
2.590200e+09, 1.460119e-01, 9.601650e-01, -2.191865e+00, -2.639857e-01, 3.658568e-10, 3.991867e-10, 3.381604e+01, -2.380624e-01
2.594000e+09, 1.460708e-01, 9.601527e-01, -2.200600e+00, -2.735168e-01, 3.656145e-10, 3.991781e-10, 3.374341e+01, -2.367166e-01
2.597800e+09, 1.461212e-01, 9.601414e-01, -2.209329e+00, -2.830476e-01, 3.653713e-10, 3.991701e-10, 3.367165e+01, -2.353387e-01
2.601600e+09, 1.461633e-01, 9.601311e-01, -2.218053e+00, -2.925782e-01, 3.651270e-10, 3.991628e-10, 3.360076e+01, -2.339291e-01
2.605400e+09, 1.461970e-01, 9.601219e-01, -2.226771e+00, -3.021087e-01, 3.648816e-10, 3.991560e-10, 3.353076e+01, -2.324881e-01
2.609200e+09, 1.462224e-01, 9.601137e-01, -2.235483e+00, -3.116389e-01, 3.646352e-10, 3.991499e-10, 3.346167e+01, -2.310160e-01
2.613000e+09, 1.462393e-01, 9.601066e-01, -2.244189e+00, -3.211691e-01, 3.643875e-10, 3.991444e-10, 3.339350e+01, -2.295132e-01
2.616800e+09, 1.462478e-01, 9.601006e-01, -2.252889e+00, -3.306991e-01, 3.641387e-10, 3.991396e-10, 3.332625e+01, -2.279799e-01
2.620600e+09, 1.462478e-01, 9.600956e-01, -2.261583e+00, -3.402290e-01, 3.638885e-10, 3.991354e-10, 3.325995e+01, -2.264166e-01
2.624400e+09, 1.462394e-01, 9.600917e-01, -2.270271e+00, -3.497588e-01, 3.636370e-10, 3.991318e-10, 3.319460e+01, -2.248236e-01
2.628200e+09, 1.462225e-01, 9.600888e-01, -2.278954e+00, -3.592885e-01, 3.633841e-10, 3.991289e-10, 3.313022e+01, -2.232012e-01
2.632000e+09, 1.461972e-01, 9.600870e-01, -2.287630e+00, -3.688181e-01, 3.631297e-10, 3.991266e-10, 3.306681e+01, -2.215500e-01
2.635800e+09, 1.461633e-01, 9.600864e-01, -2.296300e+00, -3.783477e-01, 3.628738e-10, 3.991250e-10, 3.300439e+01, -2.198701e-01
2.639600e+09, 1.461209e-01, 9.600867e-01, -2.304964e+00, -3.878773e-01, 3.626163e-10, 3.991240e-10, 3.294297e+01, -2.181621e-01
2.643400e+09, 1.460701e-01, 9.600882e-01, -2.313622e+00, -3.974068e-01, 3.623572e-10, 3.991238e-10, 3.288256e+01, -2.164264e-01
2.647200e+09, 1.460107e-01, 9.600908e-01, -2.322274e+00, -4.069363e-01, 3.620963e-10, 3.991241e-10, 3.282318e+01, -2.146633e-01
2.651000e+09, 1.459427e-01, 9.600945e-01, -2.330919e+00, -4.164659e-01, 3.618337e-10, 3.991252e-10, 3.276482e+01, -2.128734e-01
2.654800e+09, 1.458662e-01, 9.600993e-01, -2.339558e+00, -4.259954e-01, 3.615692e-10, 3.991269e-10, 3.270751e+01, -2.110569e-01
2.658600e+09, 1.457812e-01, 9.601051e-01, -2.348191e+00, -4.355250e-01, 3.613027e-10, 3.991293e-10, 3.265125e+01, -2.092145e-01
2.662400e+09, 1.456875e-01, 9.601121e-01, -2.356818e+00, -4.450547e-01, 3.610343e-10, 3.991324e-10, 3.259605e+01, -2.073465e-01
2.666200e+09, 1.455853e-01, 9.601202e-01, -2.365438e+00, -4.545844e-01, 3.607638e-10, 3.991362e-10, 3.254192e+01, -2.054534e-01
2.670000e+09, 1.454746e-01, 9.601294e-01, -2.374051e+00, -4.641142e-01, 3.604912e-10, 3.991406e-10, 3.248888e+01, -2.035357e-01
2.673800e+09, 1.453552e-01, 9.601397e-01, -2.382658e+00, -4.736441e-01, 3.602163e-10, 3.991458e-10, 3.243693e+01, -2.015938e-01
2.677600e+09, 1.452272e-01, 9.601511e-01, -2.391259e+00, -4.831742e-01, 3.599392e-10, 3.991516e-10, 3.238607e+01, -1.996283e-01
2.681400e+09, 1.450907e-01, 9.601636e-01, -2.399853e+00, -4.927044e-01, 3.596596e-10, 3.991582e-10, 3.233633e+01, -1.976396e-01
2.685200e+09, 1.449455e-01, 9.601772e-01, -2.408440e+00, -5.022347e-01, 3.593776e-10, 3.991654e-10, 3.228770e+01, -1.956283e-01
2.689000e+09, 1.447917e-01, 9.601920e-01, -2.417021e+00, -5.117652e-01, 3.590931e-10, 3.991733e-10, 3.224020e+01, -1.935949e-01
2.692800e+09, 1.446293e-01, 9.602079e-01, -2.425594e+00, -5.212959e-01, 3.588059e-10, 3.991820e-10, 3.219384e+01, -1.915399e-01
2.696600e+09, 1.444582e-01, 9.602248e-01, -2.434161e+00, -5.308268e-01, 3.585160e-10, 3.991914e-10, 3.214861e+01, -1.894638e-01
2.700400e+09, 1.442786e-01, 9.602429e-01, -2.442721e+00, -5.403580e-01, 3.582232e-10, 3.992014e-10, 3.210454e+01, -1.873671e-01
2.704200e+09, 1.440903e-01, 9.602622e-01, -2.451274e+00, -5.498894e-01, 3.579276e-10, 3.992122e-10, 3.206162e+01, -1.852505e-01
2.708000e+09, 1.438934e-01, 9.602825e-01, -2.459820e+00, -5.594210e-01, 3.576289e-10, 3.992237e-10, 3.201987e+01, -1.831145e-01
2.711800e+09, 1.436878e-01, 9.603039e-01, -2.468359e+00, -5.689529e-01, 3.573271e-10, 3.992359e-10, 3.197929e+01, -1.809596e-01
2.715600e+09, 1.434736e-01, 9.603265e-01, -2.476891e+00, -5.784851e-01, 3.570221e-10, 3.992488e-10, 3.193989e+01, -1.787865e-01
2.719400e+09, 1.432508e-01, 9.603502e-01, -2.485415e+00, -5.880176e-01, 3.567138e-10, 3.992625e-10, 3.190168e+01, -1.765956e-01
2.723200e+09, 1.430193e-01, 9.603750e-01, -2.493932e+00, -5.975504e-01, 3.564020e-10, 3.992769e-10, 3.186466e+01, -1.743876e-01
2.727000e+09, 1.427792e-01, 9.604009e-01, -2.502441e+00, -6.070836e-01, 3.560867e-10, 3.992920e-10, 3.182884e+01, -1.721632e-01
2.730800e+09, 1.425305e-01, 9.604279e-01, -2.510943e+00, -6.166171e-01, 3.557678e-10, 3.993078e-10, 3.179422e+01, -1.699228e-01
2.734600e+09, 1.422731e-01, 9.604561e-01, -2.519438e+00, -6.261511e-01, 3.554450e-10, 3.993244e-10, 3.176081e+01, -1.676671e-01
2.738400e+09, 1.420071e-01, 9.604853e-01, -2.527924e+00, -6.356854e-01, 3.551184e-10, 3.993417e-10, 3.172861e+01, -1.653967e-01
2.742200e+09, 1.417325e-01, 9.605157e-01, -2.536403e+00, -6.452201e-01, 3.547877e-10, 3.993597e-10, 3.169764e+01, -1.631122e-01
2.746000e+09, 1.414493e-01, 9.605471e-01, -2.544874e+00, -6.547552e-01, 3.544529e-10, 3.993785e-10, 3.166790e+01, -1.608143e-01
2.749800e+09, 1.411574e-01, 9.605797e-01, -2.553337e+00, -6.642908e-01, 3.541138e-10, 3.993980e-10, 3.163938e+01, -1.585036e-01
2.753600e+09, 1.408569e-01, 9.606134e-01, -2.561792e+00, -6.738269e-01, 3.537702e-10, 3.994182e-10, 3.161210e+01, -1.561808e-01
2.757400e+09, 1.405478e-01, 9.606481e-01, -2.570239e+00, -6.833635e-01, 3.534221e-10, 3.994392e-10, 3.158606e+01, -1.538464e-01
2.761200e+09, 1.402301e-01, 9.606840e-01, -2.578677e+00, -6.929005e-01, 3.530693e-10, 3.994609e-10, 3.156126e+01, -1.515012e-01
2.765000e+09, 1.399038e-01, 9.607210e-01, -2.587107e+00, -7.024381e-01, 3.527116e-10, 3.994833e-10, 3.153772e+01, -1.491457e-01
2.768800e+09, 1.395689e-01, 9.607590e-01, -2.595528e+00, -7.119762e-01, 3.523489e-10, 3.995065e-10, 3.151542e+01, -1.467808e-01
2.772600e+09, 1.392254e-01, 9.607981e-01, -2.603941e+00, -7.215148e-01, 3.519810e-10, 3.995305e-10, 3.149438e+01, -1.444069e-01
2.776400e+09, 1.388734e-01, 9.608383e-01, -2.612345e+00, -7.310541e-01, 3.516078e-10, 3.995552e-10, 3.147460e+01, -1.420249e-01
2.780200e+09, 1.385128e-01, 9.608796e-01, -2.620740e+00, -7.405939e-01, 3.512290e-10, 3.995806e-10, 3.145607e+01, -1.396353e-01
2.784000e+09, 1.381436e-01, 9.609219e-01, -2.629126e+00, -7.501343e-01, 3.508446e-10, 3.996068e-10, 3.143881e+01, -1.372389e-01
2.787800e+09, 1.377658e-01, 9.609654e-01, -2.637503e+00, -7.596754e-01, 3.504542e-10, 3.996337e-10, 3.142282e+01, -1.348364e-01
2.791600e+09, 1.373796e-01, 9.610098e-01, -2.645870e+00, -7.692171e-01, 3.500578e-10, 3.996613e-10, 3.140810e+01, -1.324284e-01
2.795400e+09, 1.369847e-01, 9.610554e-01, -2.654228e+00, -7.787594e-01, 3.496552e-10, 3.996897e-10, 3.139464e+01, -1.300156e-01
2.799200e+09, 1.365814e-01, 9.611019e-01, -2.662577e+00, -7.883025e-01, 3.492461e-10, 3.997188e-10, 3.138246e+01, -1.275987e-01
2.803000e+09, 1.361696e-01, 9.611495e-01, -2.670915e+00, -7.978462e-01, 3.488303e-10, 3.997487e-10, 3.137155e+01, -1.251785e-01
2.806800e+09, 1.357493e-01, 9.611982e-01, -2.679244e+00, -8.073906e-01, 3.484076e-10, 3.997793e-10, 3.136192e+01, -1.227555e-01
2.810600e+09, 1.353204e-01, 9.612479e-01, -2.687562e+00, -8.169358e-01, 3.479778e-10, 3.998107e-10, 3.135356e+01, -1.203306e-01
2.814400e+09, 1.348832e-01, 9.612986e-01, -2.695871e+00, -8.264817e-01, 3.475407e-10, 3.998428e-10, 3.134647e+01, -1.179045e-01
2.818200e+09, 1.344374e-01, 9.613503e-01, -2.704169e+00, -8.360284e-01, 3.470961e-10, 3.998756e-10, 3.134067e+01, -1.154777e-01
2.822000e+09, 1.339833e-01, 9.614031e-01, -2.712456e+00, -8.455759e-01, 3.466436e-10, 3.999092e-10, 3.133614e+01, -1.130511e-01
2.825800e+09, 1.335207e-01, 9.614568e-01, -2.720733e+00, -8.551242e-01, 3.461830e-10, 3.999435e-10, 3.133288e+01, -1.106254e-01
2.829600e+09, 1.330497e-01, 9.615115e-01, -2.728998e+00, -8.646733e-01, 3.457141e-10, 3.999785e-10, 3.133091e+01, -1.082012e-01
2.833400e+09, 1.325703e-01, 9.615672e-01, -2.737252e+00, -8.742232e-01, 3.452366e-10, 4.000143e-10, 3.133020e+01, -1.057793e-01
2.837200e+09, 1.320826e-01, 9.616239e-01, -2.745495e+00, -8.837740e-01, 3.447502e-10, 4.000508e-10, 3.133078e+01, -1.033604e-01
2.841000e+09, 1.315865e-01, 9.616816e-01, -2.753727e+00, -8.933256e-01, 3.442546e-10, 4.000880e-10, 3.133262e+01, -1.009452e-01
2.844800e+09, 1.310820e-01, 9.617402e-01, -2.761946e+00, -9.028782e-01, 3.437496e-10, 4.001259e-10, 3.133574e+01, -9.853440e-02
2.848600e+09, 1.305693e-01, 9.617998e-01, -2.770153e+00, -9.124316e-01, 3.432347e-10, 4.001646e-10, 3.134013e+01, -9.612873e-02
2.852400e+09, 1.300482e-01, 9.618603e-01, -2.778349e+00, -9.219860e-01, 3.427098e-10, 4.002040e-10, 3.134579e+01, -9.372889e-02
2.856200e+09, 1.295189e-01, 9.619217e-01, -2.786531e+00, -9.315413e-01, 3.421743e-10, 4.002441e-10, 3.135271e+01, -9.133560e-02
2.860000e+09, 1.289813e-01, 9.619841e-01, -2.794701e+00, -9.410976e-01, 3.416281e-10, 4.002849e-10, 3.136090e+01, -8.894955e-02
2.863800e+09, 1.284355e-01, 9.620473e-01, -2.802858e+00, -9.506548e-01, 3.410707e-10, 4.003264e-10, 3.137034e+01, -8.657147e-02
2.867600e+09, 1.278815e-01, 9.621115e-01, -2.811001e+00, -9.602130e-01, 3.405017e-10, 4.003686e-10, 3.138105e+01, -8.420205e-02
2.871400e+09, 1.273193e-01, 9.621766e-01, -2.819131e+00, -9.697723e-01, 3.399208e-10, 4.004115e-10, 3.139301e+01, -8.184199e-02
2.875200e+09, 1.267489e-01, 9.622425e-01, -2.827247e+00, -9.793325e-01, 3.393275e-10, 4.004550e-10, 3.140622e+01, -7.949200e-02
2.879000e+09, 1.261704e-01, 9.623093e-01, -2.835349e+00, -9.888939e-01, 3.387215e-10, 4.004993e-10, 3.142068e+01, -7.715276e-02
2.882800e+09, 1.255838e-01, 9.623769e-01, -2.843436e+00, -9.984562e-01, 3.381022e-10, 4.005443e-10, 3.143639e+01, -7.482499e-02
2.886600e+09, 1.249891e-01, 9.624454e-01, -2.851509e+00, -1.008020e+00, 3.374693e-10, 4.005899e-10, 3.145333e+01, -7.250936e-02
2.890400e+09, 1.243864e-01, 9.625147e-01, -2.859566e+00, -1.017584e+00, 3.368222e-10, 4.006362e-10, 3.147150e+01, -7.020657e-02
2.894200e+09, 1.237756e-01, 9.625848e-01, -2.867608e+00, -1.027150e+00, 3.361605e-10, 4.006832e-10, 3.149091e+01, -6.791729e-02
2.898000e+09, 1.231568e-01, 9.626557e-01, -2.875634e+00, -1.036717e+00, 3.354837e-10, 4.007309e-10, 3.151154e+01, -6.564221e-02
2.901800e+09, 1.225300e-01, 9.627274e-01, -2.883644e+00, -1.046284e+00, 3.347911e-10, 4.007791e-10, 3.153339e+01, -6.338201e-02
2.905600e+09, 1.218953e-01, 9.627999e-01, -2.891638e+00, -1.055854e+00, 3.340823e-10, 4.008281e-10, 3.155645e+01, -6.113734e-02
2.909400e+09, 1.212527e-01, 9.628731e-01, -2.899614e+00, -1.065424e+00, 3.333567e-10, 4.008776e-10, 3.158072e+01, -5.890888e-02
2.913200e+09, 1.206022e-01, 9.629471e-01, -2.907574e+00, -1.074995e+00, 3.326136e-10, 4.009279e-10, 3.160619e+01, -5.669729e-02
2.917000e+09, 1.199438e-01, 9.630218e-01, -2.915515e+00, -1.084568e+00, 3.318525e-10, 4.009787e-10, 3.163285e+01, -5.450322e-02
2.920800e+09, 1.192776e-01, 9.630973e-01, -2.923439e+00, -1.094142e+00, 3.310727e-10, 4.010301e-10, 3.166070e+01, -5.232733e-02
2.924600e+09, 1.186036e-01, 9.631734e-01, -2.931343e+00, -1.103717e+00, 3.302735e-10, 4.010822e-10, 3.168974e+01, -5.017025e-02
2.928400e+09, 1.179219e-01, 9.632502e-01, -2.939229e+00, -1.113293e+00, 3.294542e-10, 4.011348e-10, 3.171994e+01, -4.803262e-02
2.932200e+09, 1.172325e-01, 9.633277e-01, -2.947095e+00, -1.122870e+00, 3.286140e-10, 4.011881e-10, 3.175131e+01, -4.591508e-02
2.936000e+09, 1.165353e-01, 9.634058e-01, -2.954941e+00, -1.132449e+00, 3.277522e-10, 4.012419e-10, 3.178384e+01, -4.381824e-02
2.939800e+09, 1.158305e-01, 9.634845e-01, -2.962766e+00, -1.142029e+00, 3.268679e-10, 4.012963e-10, 3.181751e+01, -4.174273e-02
2.943600e+09, 1.151181e-01, 9.635639e-01, -2.970571e+00, -1.151611e+00, 3.259603e-10, 4.013513e-10, 3.185233e+01, -3.968916e-02
2.947400e+09, 1.143982e-01, 9.636439e-01, -2.978353e+00, -1.161193e+00, 3.250285e-10, 4.014068e-10, 3.188828e+01, -3.765812e-02
2.951200e+09, 1.136707e-01, 9.637244e-01, -2.986114e+00, -1.170777e+00, 3.240717e-10, 4.014629e-10, 3.192535e+01, -3.565023e-02
2.955000e+09, 1.129356e-01, 9.638056e-01, -2.993851e+00, -1.180363e+00, 3.230887e-10, 4.015195e-10, 3.196354e+01, -3.366605e-02
2.958800e+09, 1.121932e-01, 9.638872e-01, -3.001566e+00, -1.189949e+00, 3.220786e-10, 4.015766e-10, 3.200283e+01, -3.170619e-02
2.962600e+09, 1.114433e-01, 9.639694e-01, -3.009256e+00, -1.199538e+00, 3.210404e-10, 4.016343e-10, 3.204321e+01, -2.977120e-02
2.966400e+09, 1.106860e-01, 9.640521e-01, -3.016921e+00, -1.209127e+00, 3.199729e-10, 4.016924e-10, 3.208468e+01, -2.786166e-02
2.970200e+09, 1.099214e-01, 9.641353e-01, -3.024560e+00, -1.218718e+00, 3.188750e-10, 4.017511e-10, 3.212722e+01, -2.597811e-02
2.974000e+09, 1.091495e-01, 9.642190e-01, -3.032174e+00, -1.228310e+00, 3.177454e-10, 4.018102e-10, 3.217082e+01, -2.412111e-02
2.977800e+09, 1.083704e-01, 9.643031e-01, -3.039760e+00, -1.237904e+00, 3.165828e-10, 4.018697e-10, 3.221548e+01, -2.229120e-02
2.981600e+09, 1.075840e-01, 9.643877e-01, -3.047319e+00, -1.247499e+00, 3.153860e-10, 4.019298e-10, 3.226117e+01, -2.048891e-02
2.985400e+09, 1.067905e-01, 9.644726e-01, -3.054849e+00, -1.257095e+00, 3.141534e-10, 4.019903e-10, 3.230790e+01, -1.871476e-02
2.989200e+09, 1.059899e-01, 9.645580e-01, -3.062350e+00, -1.266693e+00, 3.128837e-10, 4.020512e-10, 3.235564e+01, -1.696925e-02
2.993000e+09, 1.051823e-01, 9.646437e-01, -3.069821e+00, -1.276293e+00, 3.115752e-10, 4.021125e-10, 3.240439e+01, -1.525291e-02
2.996800e+09, 1.043676e-01, 9.647298e-01, -3.077260e+00, -1.285894e+00, 3.102263e-10, 4.021742e-10, 3.245413e+01, -1.356621e-02
3.000600e+09, 1.035459e-01, 9.648162e-01, -3.084667e+00, -1.295496e+00, 3.088353e-10, 4.022364e-10, 3.250484e+01, -1.190964e-02
3.004400e+09, 1.027173e-01, 9.649029e-01, -3.092041e+00, -1.305100e+00, 3.074005e-10, 4.022989e-10, 3.255653e+01, -1.028369e-02
3.008200e+09, 1.018819e-01, 9.649900e-01, -3.099380e+00, -1.314705e+00, 3.059198e-10, 4.023617e-10, 3.260917e+01, -8.688804e-03
3.012000e+09, 1.010397e-01, 9.650772e-01, -3.106684e+00, -1.324312e+00, 3.043912e-10, 4.024249e-10, 3.266275e+01, -7.125448e-03
3.015800e+09, 1.001907e-01, 9.651647e-01, -3.113952e+00, -1.333920e+00, 3.028128e-10, 4.024885e-10, 3.271725e+01, -5.594066e-03
3.019600e+09, 9.933494e-02, 9.652525e-01, -3.121182e+00, -1.343530e+00, 3.011821e-10, 4.025523e-10, 3.277267e+01, -4.095093e-03
3.023400e+09, 9.847258e-02, 9.653404e-01, -3.128373e+00, -1.353142e+00, 2.994970e-10, 4.026165e-10, 3.282898e+01, -2.628953e-03
3.027200e+09, 9.760363e-02, 9.654285e-01, -3.135524e+00, -1.362755e+00, 2.977548e-10, 4.026810e-10, 3.288618e+01, -1.196062e-03
3.031000e+09, 9.672814e-02, 9.655168e-01, 3.140552e+00, -1.372369e+00, 2.959530e-10, 4.027457e-10, 3.294424e+01, 2.031756e-04
3.034800e+09, 9.584618e-02, 9.656052e-01, 3.133486e+00, -1.381985e+00, 2.940889e-10, 4.028107e-10, 3.300316e+01, 1.568366e-03
3.038600e+09, 9.495780e-02, 9.656937e-01, 3.126464e+00, -1.391603e+00, 2.921594e-10, 4.028759e-10, 3.306291e+01, 2.899127e-03
3.042400e+09, 9.406306e-02, 9.657823e-01, 3.119489e+00, -1.401222e+00, 2.901614e-10, 4.029414e-10, 3.312349e+01, 4.195084e-03
3.046200e+09, 9.316204e-02, 9.658710e-01, 3.112561e+00, -1.410842e+00, 2.880918e-10, 4.030071e-10, 3.318487e+01, 5.455875e-03
3.050000e+09, 9.225478e-02, 9.659597e-01, 3.105682e+00, -1.420465e+00, 2.859470e-10, 4.030730e-10, 3.324704e+01, 6.681148e-03
3.053800e+09, 9.134136e-02, 9.660484e-01, 3.098855e+00, -1.430088e+00, 2.837234e-10, 4.031390e-10, 3.330998e+01, 7.870564e-03
3.057600e+09, 9.042185e-02, 9.661371e-01, 3.092081e+00, -1.439714e+00, 2.814170e-10, 4.032052e-10, 3.337368e+01, 9.023792e-03
3.061400e+09, 8.949630e-02, 9.662257e-01, 3.085362e+00, -1.449341e+00, 2.790237e-10, 4.032716e-10, 3.343812e+01, 1.014051e-02
3.065200e+09, 8.856480e-02, 9.663143e-01, 3.078700e+00, -1.458969e+00, 2.765392e-10, 4.033381e-10, 3.350327e+01, 1.122042e-02
3.069000e+09, 8.762741e-02, 9.664028e-01, 3.072097e+00, -1.468599e+00, 2.739587e-10, 4.034047e-10, 3.356913e+01, 1.226321e-02
3.072800e+09, 8.668420e-02, 9.664912e-01, 3.065556e+00, -1.478231e+00, 2.712772e-10, 4.034713e-10, 3.363567e+01, 1.326860e-02
3.076600e+09, 8.573525e-02, 9.665795e-01, 3.059079e+00, -1.487864e+00, 2.684896e-10, 4.035381e-10, 3.370288e+01, 1.423633e-02
3.080400e+09, 8.478064e-02, 9.666676e-01, 3.052668e+00, -1.497499e+00, 2.655901e-10, 4.036049e-10, 3.377074e+01, 1.516611e-02
3.084200e+09, 8.382044e-02, 9.667556e-01, 3.046327e+00, -1.507136e+00, 2.625728e-10, 4.036718e-10, 3.383922e+01, 1.605771e-02
3.088000e+09, 8.285473e-02, 9.668433e-01, 3.040058e+00, -1.516774e+00, 2.594312e-10, 4.037387e-10, 3.390832e+01, 1.691087e-02
3.091800e+09, 8.188360e-02, 9.669307e-01, 3.033864e+00, -1.526414e+00, 2.561586e-10, 4.038056e-10, 3.397800e+01, 1.772537e-02
3.095600e+09, 8.090712e-02, 9.670180e-01, 3.027748e+00, -1.536055e+00, 2.527476e-10, 4.038725e-10, 3.404826e+01, 1.850099e-02
3.099400e+09, 7.992539e-02, 9.671049e-01, 3.021713e+00, -1.545698e+00, 2.491905e-10, 4.039393e-10, 3.411906e+01, 1.923753e-02
3.103200e+09, 7.893850e-02, 9.671915e-01, 3.015763e+00, -1.555342e+00, 2.454788e-10, 4.040061e-10, 3.419040e+01, 1.993478e-02
3.107000e+09, 7.794652e-02, 9.672778e-01, 3.009902e+00, -1.564988e+00, 2.416038e-10, 4.040728e-10, 3.426224e+01, 2.059256e-02
3.110800e+09, 7.694957e-02, 9.673637e-01, 3.004134e+00, -1.574636e+00, 2.375558e-10, 4.041395e-10, 3.433457e+01, 2.121070e-02
3.114600e+09, 7.594773e-02, 9.674493e-01, 2.998462e+00, -1.584285e+00, 2.333246e-10, 4.042060e-10, 3.440738e+01, 2.178903e-02
3.118400e+09, 7.494110e-02, 9.675344e-01, 2.992891e+00, -1.593936e+00, 2.288991e-10, 4.042724e-10, 3.448062e+01, 2.232741e-02
3.122200e+09, 7.392978e-02, 9.676191e-01, 2.987426e+00, -1.603589e+00, 2.242675e-10, 4.043387e-10, 3.455429e+01, 2.282569e-02
3.126000e+09, 7.291389e-02, 9.677033e-01, 2.982071e+00, -1.613243e+00, 2.194172e-10, 4.044047e-10, 3.462837e+01, 2.328375e-02
3.129800e+09, 7.189352e-02, 9.677870e-01, 2.976832e+00, -1.622898e+00, 2.143343e-10, 4.044707e-10, 3.470282e+01, 2.370147e-02
3.133600e+09, 7.086880e-02, 9.678702e-01, 2.971715e+00, -1.632556e+00, 2.090041e-10, 4.045364e-10, 3.477763e+01, 2.407875e-02
3.137400e+09, 6.983984e-02, 9.679528e-01, 2.966725e+00, -1.642214e+00, 2.034108e-10, 4.046019e-10, 3.485278e+01, 2.441549e-02
3.141200e+09, 6.880675e-02, 9.680349e-01, 2.961868e+00, -1.651875e+00, 1.975371e-10, 4.046671e-10, 3.492824e+01, 2.471161e-02
3.145000e+09, 6.776967e-02, 9.681164e-01, 2.957151e+00, -1.661537e+00, 1.913645e-10, 4.047321e-10, 3.500399e+01, 2.496705e-02
3.148800e+09, 6.672872e-02, 9.681973e-01, 2.952582e+00, -1.671200e+00, 1.848728e-10, 4.047968e-10, 3.508001e+01, 2.518173e-02
3.152600e+09, 6.568404e-02, 9.682775e-01, 2.948168e+00, -1.680865e+00, 1.780404e-10, 4.048612e-10, 3.515627e+01, 2.535562e-02
3.156400e+09, 6.463577e-02, 9.683570e-01, 2.943917e+00, -1.690531e+00, 1.708437e-10, 4.049253e-10, 3.523274e+01, 2.548867e-02
3.160200e+09, 6.358406e-02, 9.684358e-01, 2.939838e+00, -1.700199e+00, 1.632571e-10, 4.049890e-10, 3.530941e+01, 2.558088e-02
3.164000e+09, 6.252906e-02, 9.685139e-01, 2.935940e+00, -1.709869e+00, 1.552528e-10, 4.050524e-10, 3.538625e+01, 2.563221e-02
3.167800e+09, 6.147093e-02, 9.685913e-01, 2.932234e+00, -1.719540e+00, 1.468006e-10, 4.051154e-10, 3.546324e+01, 2.564267e-02
3.171600e+09, 6.040984e-02, 9.686678e-01, 2.928729e+00, -1.729213e+00, 1.378675e-10, 4.051781e-10, 3.554034e+01, 2.561228e-02
3.175400e+09, 5.934597e-02, 9.687436e-01, 2.925437e+00, -1.738887e+00, 1.284179e-10, 4.052403e-10, 3.561755e+01, 2.554105e-02
3.179200e+09, 5.827949e-02, 9.688185e-01, 2.922371e+00, -1.748562e+00, 1.184124e-10, 4.053020e-10, 3.569482e+01, 2.542902e-02
3.183000e+09, 5.721061e-02, 9.688926e-01, 2.919543e+00, -1.758239e+00, 1.078085e-10, 4.053633e-10, 3.577213e+01, 2.527623e-02
3.186800e+09, 5.613953e-02, 9.689657e-01, 2.916969e+00, -1.767918e+00, 9.655935e-11, 4.054242e-10, 3.584947e+01, 2.508274e-02
3.190600e+09, 5.506647e-02, 9.690380e-01, 2.914664e+00, -1.777598e+00, 8.461384e-11, 4.054845e-10, 3.592680e+01, 2.484862e-02
3.194400e+09, 5.399166e-02, 9.691093e-01, 2.912644e+00, -1.787279e+00, 7.191590e-11, 4.055443e-10, 3.600410e+01, 2.457395e-02
3.198200e+09, 5.291535e-02, 9.691797e-01, 2.910927e+00, -1.796962e+00, 5.840403e-11, 4.056036e-10, 3.608133e+01, 2.425882e-02
3.202000e+09, 5.183779e-02, 9.692491e-01, 2.909532e+00, -1.806646e+00, 4.401065e-11, 4.056623e-10, 3.615848e+01, 2.390334e-02
3.205800e+09, 5.075927e-02, 9.693175e-01, 2.908481e+00, -1.816332e+00, 2.866149e-11, 4.057205e-10, 3.623552e+01, 2.350761e-02
3.209600e+09, 4.968008e-02, 9.693848e-01, 2.907797e+00, -1.826019e+00, 1.227479e-11, 4.057781e-10, 3.631243e+01, 2.307178e-02
3.213400e+09, 4.860053e-02, 9.694511e-01, 2.907504e+00, -1.835707e+00, -5.239527e-12, 4.058350e-10, 3.638916e+01, 2.259596e-02
3.217200e+09, 4.752098e-02, 9.695163e-01, 2.907629e+00, -1.845397e+00, -2.398077e-11, 4.058913e-10, 3.646571e+01, 2.208033e-02
3.221000e+09, 4.644178e-02, 9.695804e-01, 2.908202e+00, -1.855088e+00, -4.405854e-11, 4.059470e-10, 3.654203e+01, 2.152502e-02
3.224800e+09, 4.536334e-02, 9.696433e-01, 2.909254e+00, -1.864781e+00, -6.559384e-11, 4.060020e-10, 3.661811e+01, 2.093023e-02
3.228600e+09, 4.428608e-02, 9.697051e-01, 2.910820e+00, -1.874474e+00, -8.872038e-11, 4.060563e-10, 3.669391e+01, 2.029614e-02
3.232400e+09, 4.321047e-02, 9.697657e-01, 2.912938e+00, -1.884169e+00, -1.135859e-10, 4.061099e-10, 3.676941e+01, 1.962293e-02
3.236200e+09, 4.213701e-02, 9.698251e-01, 2.915650e+00, -1.893866e+00, -1.403538e-10, 4.061628e-10, 3.684458e+01, 1.891083e-02
3.240000e+09, 4.106625e-02, 9.698833e-01, 2.919001e+00, -1.903563e+00, -1.692046e-10, 4.062149e-10, 3.691939e+01, 1.816004e-02
3.243800e+09, 3.999881e-02, 9.699402e-01, 2.923041e+00, -1.913262e+00, -2.003376e-10, 4.062663e-10, 3.699382e+01, 1.737080e-02
3.247600e+09, 3.893532e-02, 9.699958e-01, 2.927824e+00, -1.922962e+00, -2.339730e-10, 4.063169e-10, 3.706784e+01, 1.654336e-02
3.251400e+09, 3.787652e-02, 9.700502e-01, 2.933411e+00, -1.932663e+00, -2.703533e-10, 4.063666e-10, 3.714141e+01, 1.567796e-02
3.255200e+09, 3.682321e-02, 9.701032e-01, 2.939866e+00, -1.942366e+00, -3.097453e-10, 4.064156e-10, 3.721452e+01, 1.477487e-02
3.259000e+09, 3.577626e-02, 9.701549e-01, 2.947261e+00, -1.952070e+00, -3.524414e-10, 4.064637e-10, 3.728713e+01, 1.383438e-02
3.262800e+09, 3.473665e-02, 9.702052e-01, 2.955676e+00, -1.961774e+00, -3.987610e-10, 4.065110e-10, 3.735922e+01, 1.285676e-02
3.266600e+09, 3.370545e-02, 9.702541e-01, 2.965197e+00, -1.971480e+00, -4.490511e-10, 4.065574e-10, 3.743075e+01, 1.184232e-02
3.270400e+09, 3.268387e-02, 9.703016e-01, 2.975919e+00, -1.981187e+00, -5.036855e-10, 4.066028e-10, 3.750170e+01, 1.079138e-02
3.274200e+09, 3.167323e-02, 9.703476e-01, 2.987945e+00, -1.990895e+00, -5.630632e-10, 4.066474e-10, 3.757204e+01, 9.704241e-03
3.278000e+09, 3.067503e-02, 9.703922e-01, 3.001388e+00, -2.000604e+00, -6.276045e-10, 4.066911e-10, 3.764175e+01, 8.581253e-03
3.281800e+09, 2.969092e-02, 9.704354e-01, 3.016373e+00, -2.010315e+00, -6.977433e-10, 4.067338e-10, 3.771079e+01, 7.422757e-03
3.285600e+09, 2.872277e-02, 9.704770e-01, 3.033033e+00, -2.020026e+00, -7.739164e-10, 4.067755e-10, 3.777914e+01, 6.229111e-03
3.289400e+09, 2.777264e-02, 9.705171e-01, 3.051511e+00, -2.029738e+00, -8.565458e-10, 4.068163e-10, 3.784677e+01, 5.000683e-03
3.293200e+09, 2.684287e-02, 9.705557e-01, 3.071962e+00, -2.039451e+00, -9.460140e-10, 4.068560e-10, 3.791365e+01, 3.737850e-03
3.297000e+09, 2.593605e-02, 9.705928e-01, 3.094549e+00, -2.049165e+00, -1.042630e-09, 4.068948e-10, 3.797975e+01, 2.441004e-03
3.300800e+09, 2.505508e-02, 9.706282e-01, 3.119443e+00, -2.058880e+00, -1.146580e-09, 4.069325e-10, 3.804506e+01, 1.110546e-03
3.304600e+09, 2.420320e-02, 9.706621e-01, -3.136367e+00, -2.068596e+00, -1.257872e-09, 4.069692e-10, 3.810953e+01, -2.531126e-04
3.308400e+09, 2.338398e-02, 9.706943e-01, -3.106334e+00, -2.078313e+00, -1.376251e-09, 4.070048e-10, 3.817314e+01, -1.649548e-03
3.312200e+09, 2.260140e-02, 9.707249e-01, -3.073474e+00, -2.088031e+00, -1.501115e-09, 4.070393e-10, 3.823587e+01, -3.078327e-03
3.316000e+09, 2.185976e-02, 9.707539e-01, -3.037633e+00, -2.097749e+00, -1.631402e-09, 4.070727e-10, 3.829768e+01, -4.539005e-03
3.319800e+09, 2.116379e-02, 9.707812e-01, -2.998682e+00, -2.107469e+00, -1.765490e-09, 4.071050e-10, 3.835856e+01, -6.031126e-03
3.323600e+09, 2.051850e-02, 9.708068e-01, -2.956529e+00, -2.117189e+00, -1.901095e-09, 4.071362e-10, 3.841847e+01, -7.554224e-03
3.327400e+09, 1.992920e-02, 9.708307e-01, -2.911138e+00, -2.126910e+00, -2.035211e-09, 4.071663e-10, 3.847739e+01, -9.107824e-03
3.331200e+09, 1.940136e-02, 9.708529e-01, -2.862545e+00, -2.136631e+00, -2.164113e-09, 4.071952e-10, 3.853529e+01, -1.069144e-02
3.335000e+09, 1.894046e-02, 9.708734e-01, -2.810875e+00, -2.146353e+00, -2.283460e-09, 4.072229e-10, 3.859215e+01, -1.230457e-02
3.338800e+09, 1.855184e-02, 9.708921e-01, -2.756354e+00, -2.156076e+00, -2.388519e-09, 4.072494e-10, 3.864794e+01, -1.394671e-02
3.342600e+09, 1.824044e-02, 9.709091e-01, -2.699326e+00, -2.165800e+00, -2.474518e-09, 4.072747e-10, 3.870263e+01, -1.561735e-02
3.346400e+09, 1.801056e-02, 9.709243e-01, -2.640244e+00, -2.175524e+00, -2.537112e-09, 4.072988e-10, 3.875621e+01, -1.731595e-02
3.350200e+09, 1.786564e-02, 9.709376e-01, -2.579668e+00, -2.185249e+00, -2.572880e-09, 4.073217e-10, 3.880864e+01, -1.904198e-02
3.354000e+09, 1.780800e-02, 9.709492e-01, -2.518237e+00, -2.194974e+00, -2.579763e-09, 4.073433e-10, 3.885991e+01, -2.079489e-02
3.357800e+09, 1.783872e-02, 9.709590e-01, -2.456643e+00, -2.204700e+00, -2.557356e-09, 4.073637e-10, 3.890998e+01, -2.257413e-02
3.361600e+09, 1.795757e-02, 9.709669e-01, -2.395583e+00, -2.214426e+00, -2.506965e-09, 4.073828e-10, 3.895884e+01, -2.437912e-02
3.365400e+09, 1.816298e-02, 9.709730e-01, -2.335726e+00, -2.224153e+00, -2.431420e-09, 4.074007e-10, 3.900646e+01, -2.620931e-02
3.369200e+09, 1.845222e-02, 9.709772e-01, -2.277674e+00, -2.233880e+00, -2.334693e-09, 4.074172e-10, 3.905282e+01, -2.806409e-02
3.373000e+09, 1.882156e-02, 9.709795e-01, -2.221930e+00, -2.243607e+00, -2.221417e-09, 4.074324e-10, 3.909789e+01, -2.994288e-02
3.376800e+09, 1.926649e-02, 9.709800e-01, -2.168891e+00, -2.253335e+00, -2.096395e-09, 4.074463e-10, 3.914166e+01, -3.184508e-02
3.380600e+09, 1.978199e-02, 9.709786e-01, -2.118838e+00, -2.263064e+00, -1.964189e-09, 4.074589e-10, 3.918410e+01, -3.377008e-02
3.384400e+09, 2.036275e-02, 9.709753e-01, -2.071941e+00, -2.272792e+00, -1.828833e-09, 4.074701e-10, 3.922520e+01, -3.571725e-02
3.388200e+09, 2.100340e-02, 9.709700e-01, -2.028275e+00, -2.282521e+00, -1.693675e-09, 4.074800e-10, 3.926493e+01, -3.768597e-02
3.392000e+09, 2.169863e-02, 9.709629e-01, -1.987837e+00, -2.292250e+00, -1.561333e-09, 4.074885e-10, 3.930326e+01, -3.967561e-02
3.395800e+09, 2.244336e-02, 9.709538e-01, -1.950558e+00, -2.301979e+00, -1.433731e-09, 4.074956e-10, 3.934020e+01, -4.168552e-02
3.399600e+09, 2.323281e-02, 9.709428e-01, -1.916326e+00, -2.311709e+00, -1.312179e-09, 4.075014e-10, 3.937570e+01, -4.371506e-02
3.403400e+09, 2.406252e-02, 9.709298e-01, -1.884997e+00, -2.321438e+00, -1.197481e-09, 4.075058e-10, 3.940977e+01, -4.576356e-02
3.407200e+09, 2.492840e-02, 9.709149e-01, -1.856405e+00, -2.331168e+00, -1.090044e-09, 4.075087e-10, 3.944237e+01, -4.783036e-02
3.411000e+09, 2.582675e-02, 9.708981e-01, -1.830379e+00, -2.340897e+00, -9.899712e-10, 4.075103e-10, 3.947349e+01, -4.991478e-02
3.414800e+09, 2.675419e-02, 9.708792e-01, -1.806743e+00, -2.350627e+00, -8.971531e-10, 4.075104e-10, 3.950311e+01, -5.201616e-02
3.418600e+09, 2.770770e-02, 9.708584e-01, -1.785322e+00, -2.360357e+00, -8.113307e-10, 4.075091e-10, 3.953123e+01, -5.413379e-02
3.422400e+09, 2.868455e-02, 9.708357e-01, -1.765951e+00, -2.370087e+00, -7.321512e-10, 4.075063e-10, 3.955781e+01, -5.626700e-02
3.426200e+09, 2.968232e-02, 9.708109e-01, -1.748470e+00, -2.379816e+00, -6.592075e-10, 4.075021e-10, 3.958286e+01, -5.841508e-02
3.430000e+09, 3.069881e-02, 9.707842e-01, -1.732731e+00, -2.389546e+00, -5.920673e-10, 4.074965e-10, 3.960635e+01, -6.057733e-02
3.433800e+09, 3.173209e-02, 9.707555e-01, -1.718594e+00, -2.399275e+00, -5.302935e-10, 4.074893e-10, 3.962827e+01, -6.275304e-02
3.437600e+09, 3.278040e-02, 9.707248e-01, -1.705933e+00, -2.409005e+00, -4.734585e-10, 4.074808e-10, 3.964861e+01, -6.494150e-02
3.441400e+09, 3.384217e-02, 9.706921e-01, -1.694629e+00, -2.418734e+00, -4.211525e-10, 4.074707e-10, 3.966736e+01, -6.714199e-02
3.445200e+09, 3.491600e-02, 9.706574e-01, -1.684573e+00, -2.428462e+00, -3.729896e-10, 4.074592e-10, 3.968450e+01, -6.935377e-02
3.449000e+09, 3.600063e-02, 9.706207e-01, -1.675668e+00, -2.438191e+00, -3.286102e-10, 4.074462e-10, 3.970003e+01, -7.157614e-02
3.452800e+09, 3.709492e-02, 9.705821e-01, -1.667822e+00, -2.447919e+00, -2.876819e-10, 4.074317e-10, 3.971394e+01, -7.380834e-02
3.456600e+09, 3.819785e-02, 9.705414e-01, -1.660953e+00, -2.457647e+00, -2.498998e-10, 4.074156e-10, 3.972621e+01, -7.604964e-02
3.460400e+09, 3.930847e-02, 9.704988e-01, -1.654986e+00, -2.467375e+00, -2.149852e-10, 4.073981e-10, 3.973684e+01, -7.829931e-02
3.464200e+09, 4.042595e-02, 9.704542e-01, -1.649853e+00, -2.477102e+00, -1.826846e-10, 4.073791e-10, 3.974581e+01, -8.055660e-02
3.468000e+09, 4.154953e-02, 9.704076e-01, -1.645492e+00, -2.486828e+00, -1.527674e-10, 4.073586e-10, 3.975314e+01, -8.282076e-02
3.471800e+09, 4.267849e-02, 9.703590e-01, -1.641844e+00, -2.496554e+00, -1.250249e-10, 4.073366e-10, 3.975880e+01, -8.509104e-02
3.475600e+09, 4.381221e-02, 9.703084e-01, -1.638859e+00, -2.506280e+00, -9.926793e-11, 4.073131e-10, 3.976279e+01, -8.736669e-02
3.479400e+09, 4.495009e-02, 9.702559e-01, -1.636489e+00, -2.516005e+00, -7.532524e-11, 4.072880e-10, 3.976510e+01, -8.964696e-02
3.483200e+09, 4.609160e-02, 9.702013e-01, -1.634690e+00, -2.525730e+00, -5.304201e-11, 4.072614e-10, 3.976575e+01, -9.193108e-02
3.487000e+09, 4.723623e-02, 9.701449e-01, -1.633424e+00, -2.535453e+00, -3.227814e-11, 4.072333e-10, 3.976471e+01, -9.421831e-02
3.490800e+09, 4.838353e-02, 9.700864e-01, -1.632653e+00, -2.545177e+00, -1.290686e-11, 4.072037e-10, 3.976199e+01, -9.650787e-02
3.494600e+09, 4.953307e-02, 9.700260e-01, -1.632345e+00, -2.554899e+00, 5.186632e-12, 4.071726e-10, 3.975759e+01, -9.879902e-02
3.498400e+09, 5.068445e-02, 9.699637e-01, -1.632469e+00, -2.564621e+00, 2.210631e-11, 4.071400e-10, 3.975150e+01, -1.010910e-01
3.502200e+09, 5.183730e-02, 9.698994e-01, -1.632997e+00, -2.574342e+00, 3.794643e-11, 4.071058e-10, 3.974373e+01, -1.033830e-01
3.506000e+09, 5.299127e-02, 9.698332e-01, -1.633903e+00, -2.584062e+00, 5.279253e-11, 4.070701e-10, 3.973428e+01, -1.056743e-01
3.509800e+09, 5.414605e-02, 9.697651e-01, -1.635163e+00, -2.593781e+00, 6.672229e-11, 4.070329e-10, 3.972315e+01, -1.079641e-01
3.513600e+09, 5.530132e-02, 9.696951e-01, -1.636756e+00, -2.603499e+00, 7.980631e-11, 4.069942e-10, 3.971034e+01, -1.102518e-01
3.517400e+09, 5.645679e-02, 9.696231e-01, -1.638662e+00, -2.613217e+00, 9.210883e-11, 4.069540e-10, 3.969585e+01, -1.125364e-01
3.521200e+09, 5.761220e-02, 9.695493e-01, -1.640861e+00, -2.622933e+00, 1.036884e-10, 4.069122e-10, 3.967969e+01, -1.148173e-01
3.525000e+09, 5.876729e-02, 9.694737e-01, -1.643337e+00, -2.632649e+00, 1.145984e-10, 4.068690e-10, 3.966186e+01, -1.170936e-01
3.528800e+09, 5.992181e-02, 9.693961e-01, -1.646073e+00, -2.642363e+00, 1.248875e-10, 4.068242e-10, 3.964237e+01, -1.193647e-01
3.532600e+09, 6.107553e-02, 9.693167e-01, -1.649055e+00, -2.652077e+00, 1.346003e-10, 4.067780e-10, 3.962123e+01, -1.216298e-01
3.536400e+09, 6.222823e-02, 9.692355e-01, -1.652268e+00, -2.661789e+00, 1.437775e-10, 4.067302e-10, 3.959844e+01, -1.238881e-01
3.540200e+09, 6.337969e-02, 9.691524e-01, -1.655701e+00, -2.671500e+00, 1.524564e-10, 4.066810e-10, 3.957401e+01, -1.261389e-01
3.544000e+09, 6.452972e-02, 9.690676e-01, -1.659341e+00, -2.681210e+00, 1.606713e-10, 4.066303e-10, 3.954794e+01, -1.283814e-01
3.547800e+09, 6.567811e-02, 9.689809e-01, -1.663177e+00, -2.690919e+00, 1.684536e-10, 4.065781e-10, 3.952026e+01, -1.306149e-01
3.551600e+09, 6.682469e-02, 9.688925e-01, -1.667199e+00, -2.700626e+00, 1.758321e-10, 4.065244e-10, 3.949096e+01, -1.328386e-01
3.555400e+09, 6.796927e-02, 9.688023e-01, -1.671398e+00, -2.710332e+00, 1.828335e-10, 4.064693e-10, 3.946005e+01, -1.350518e-01
3.559200e+09, 6.911167e-02, 9.687104e-01, -1.675763e+00, -2.720037e+00, 1.894822e-10, 4.064127e-10, 3.942756e+01, -1.372539e-01
3.563000e+09, 7.025173e-02, 9.686168e-01, -1.680287e+00, -2.729741e+00, 1.958007e-10, 4.063547e-10, 3.939349e+01, -1.394439e-01
3.566800e+09, 7.138929e-02, 9.685215e-01, -1.684962e+00, -2.739443e+00, 2.018100e-10, 4.062952e-10, 3.935785e+01, -1.416213e-01
3.570600e+09, 7.252419e-02, 9.684245e-01, -1.689781e+00, -2.749144e+00, 2.075292e-10, 4.062343e-10, 3.932066e+01, -1.437852e-01
3.574400e+09, 7.365628e-02, 9.683258e-01, -1.694736e+00, -2.758843e+00, 2.129761e-10, 4.061719e-10, 3.928193e+01, -1.459351e-01
3.578200e+09, 7.478540e-02, 9.682255e-01, -1.699821e+00, -2.768541e+00, 2.181672e-10, 4.061082e-10, 3.924168e+01, -1.480701e-01
3.582000e+09, 7.591142e-02, 9.681236e-01, -1.705030e+00, -2.778237e+00, 2.231178e-10, 4.060431e-10, 3.919992e+01, -1.501896e-01
3.585800e+09, 7.703419e-02, 9.680201e-01, -1.710357e+00, -2.787932e+00, 2.278421e-10, 4.059766e-10, 3.915666e+01, -1.522928e-01
3.589600e+09, 7.815357e-02, 9.679150e-01, -1.715797e+00, -2.797625e+00, 2.323531e-10, 4.059087e-10, 3.911193e+01, -1.543791e-01
3.593400e+09, 7.926944e-02, 9.678084e-01, -1.721344e+00, -2.807316e+00, 2.366632e-10, 4.058394e-10, 3.906574e+01, -1.564478e-01
3.597200e+09, 8.038166e-02, 9.677002e-01, -1.726995e+00, -2.817006e+00, 2.407837e-10, 4.057688e-10, 3.901811e+01, -1.584982e-01
3.601000e+09, 8.149009e-02, 9.675906e-01, -1.732744e+00, -2.826695e+00, 2.447252e-10, 4.056968e-10, 3.896905e+01, -1.605296e-01
3.604800e+09, 8.259463e-02, 9.674795e-01, -1.738587e+00, -2.836381e+00, 2.484976e-10, 4.056236e-10, 3.891860e+01, -1.625413e-01
3.608600e+09, 8.369514e-02, 9.673669e-01, -1.744520e+00, -2.846066e+00, 2.521100e-10, 4.055490e-10, 3.886675e+01, -1.645328e-01
3.612400e+09, 8.479150e-02, 9.672529e-01, -1.750540e+00, -2.855749e+00, 2.555711e-10, 4.054731e-10, 3.881354e+01, -1.665033e-01
3.616200e+09, 8.588359e-02, 9.671376e-01, -1.756642e+00, -2.865430e+00, 2.588889e-10, 4.053960e-10, 3.875899e+01, -1.684522e-01
3.620000e+09, 8.697130e-02, 9.670208e-01, -1.762823e+00, -2.875109e+00, 2.620708e-10, 4.053176e-10, 3.870311e+01, -1.703788e-01
3.623800e+09, 8.805452e-02, 9.669028e-01, -1.769080e+00, -2.884786e+00, 2.651240e-10, 4.052379e-10, 3.864593e+01, -1.722826e-01
3.627600e+09, 8.913313e-02, 9.667834e-01, -1.775410e+00, -2.894462e+00, 2.680550e-10, 4.051570e-10, 3.858747e+01, -1.741628e-01
3.631400e+09, 9.020702e-02, 9.666628e-01, -1.781810e+00, -2.904135e+00, 2.708700e-10, 4.050750e-10, 3.852776e+01, -1.760189e-01
3.635200e+09, 9.127609e-02, 9.665410e-01, -1.788278e+00, -2.913807e+00, 2.735747e-10, 4.049917e-10, 3.846680e+01, -1.778503e-01
3.639000e+09, 9.234021e-02, 9.664179e-01, -1.794810e+00, -2.923477e+00, 2.761746e-10, 4.049073e-10, 3.840463e+01, -1.796564e-01
3.642800e+09, 9.339930e-02, 9.662936e-01, -1.801404e+00, -2.933144e+00, 2.786748e-10, 4.048217e-10, 3.834128e+01, -1.814365e-01
3.646600e+09, 9.445325e-02, 9.661683e-01, -1.808057e+00, -2.942810e+00, 2.810800e-10, 4.047349e-10, 3.827676e+01, -1.831901e-01
3.650400e+09, 9.550195e-02, 9.660418e-01, -1.814768e+00, -2.952473e+00, 2.833948e-10, 4.046471e-10, 3.821109e+01, -1.849167e-01
3.654200e+09, 9.654530e-02, 9.659142e-01, -1.821535e+00, -2.962135e+00, 2.856235e-10, 4.045582e-10, 3.814431e+01, -1.866155e-01
3.658000e+09, 9.758320e-02, 9.657856e-01, -1.828354e+00, -2.971794e+00, 2.877700e-10, 4.044682e-10, 3.807644e+01, -1.882862e-01
3.661800e+09, 9.861555e-02, 9.656560e-01, -1.835225e+00, -2.981451e+00, 2.898380e-10, 4.043772e-10, 3.800750e+01, -1.899282e-01
3.665600e+09, 9.964227e-02, 9.655254e-01, -1.842145e+00, -2.991106e+00, 2.918313e-10, 4.042851e-10, 3.793752e+01, -1.915408e-01
3.669400e+09, 1.006632e-01, 9.653939e-01, -1.849113e+00, -3.000759e+00, 2.937530e-10, 4.041921e-10, 3.786653e+01, -1.931236e-01
3.673200e+09, 1.016784e-01, 9.652614e-01, -1.856127e+00, -3.010409e+00, 2.956064e-10, 4.040981e-10, 3.779454e+01, -1.946761e-01
3.677000e+09, 1.026876e-01, 9.651282e-01, -1.863185e+00, -3.020058e+00, 2.973944e-10, 4.040031e-10, 3.772159e+01, -1.961977e-01
3.680800e+09, 1.036908e-01, 9.649941e-01, -1.870285e+00, -3.029704e+00, 2.991199e-10, 4.039073e-10, 3.764771e+01, -1.976879e-01
3.684600e+09, 1.046878e-01, 9.648592e-01, -1.877427e+00, -3.039347e+00, 3.007856e-10, 4.038105e-10, 3.757291e+01, -1.991463e-01
3.688400e+09, 1.056787e-01, 9.647236e-01, -1.884609e+00, -3.048989e+00, 3.023940e-10, 4.037128e-10, 3.749723e+01, -2.005724e-01
3.692200e+09, 1.066633e-01, 9.645873e-01, -1.891829e+00, -3.058628e+00, 3.039475e-10, 4.036144e-10, 3.742069e+01, -2.019657e-01
3.696000e+09, 1.076415e-01, 9.644503e-01, -1.899086e+00, -3.068265e+00, 3.054484e-10, 4.035151e-10, 3.734332e+01, -2.033257e-01
3.699800e+09, 1.086132e-01, 9.643127e-01, -1.906379e+00, -3.077899e+00, 3.068988e-10, 4.034150e-10, 3.726515e+01, -2.046520e-01
3.703600e+09, 1.095784e-01, 9.641746e-01, -1.913706e+00, -3.087531e+00, 3.083007e-10, 4.033142e-10, 3.718620e+01, -2.059441e-01
3.707400e+09, 1.105369e-01, 9.640358e-01, -1.921067e+00, -3.097161e+00, 3.096562e-10, 4.032126e-10, 3.710651e+01, -2.072017e-01
3.711200e+09, 1.114887e-01, 9.638966e-01, -1.928461e+00, -3.106788e+00, 3.109670e-10, 4.031104e-10, 3.702609e+01, -2.084242e-01
3.715000e+09, 1.124337e-01, 9.637570e-01, -1.935885e+00, -3.116412e+00, 3.122349e-10, 4.030074e-10, 3.694499e+01, -2.096113e-01
3.718800e+09, 1.133718e-01, 9.636169e-01, -1.943340e+00, -3.126035e+00, 3.134616e-10, 4.029039e-10, 3.686322e+01, -2.107626e-01
3.722600e+09, 1.143029e-01, 9.634765e-01, -1.950825e+00, -3.135655e+00, 3.146487e-10, 4.027997e-10, 3.678081e+01, -2.118776e-01
3.726400e+09, 1.152270e-01, 9.633357e-01, -1.958337e+00, 3.137914e+00, 3.157976e-10, 4.026950e-10, 3.669779e+01, -2.129561e-01
3.730200e+09, 1.161439e-01, 9.631947e-01, -1.965877e+00, 3.128299e+00, 3.169097e-10, 4.025898e-10, 3.661419e+01, -2.139976e-01
3.734000e+09, 1.170536e-01, 9.630535e-01, -1.973444e+00, 3.118686e+00, 3.179866e-10, 4.024840e-10, 3.653004e+01, -2.150017e-01
3.737800e+09, 1.179560e-01, 9.629120e-01, -1.981036e+00, 3.109077e+00, 3.190293e-10, 4.023778e-10, 3.644536e+01, -2.159682e-01
3.741600e+09, 1.188511e-01, 9.627704e-01, -1.988653e+00, 3.099469e+00, 3.200393e-10, 4.022711e-10, 3.636019e+01, -2.168967e-01
3.745400e+09, 1.197386e-01, 9.626288e-01, -1.996294e+00, 3.089865e+00, 3.210176e-10, 4.021640e-10, 3.627455e+01, -2.177868e-01
3.749200e+09, 1.206187e-01, 9.624870e-01, -2.003959e+00, 3.080263e+00, 3.219655e-10, 4.020566e-10, 3.618846e+01, -2.186382e-01
3.753000e+09, 1.214911e-01, 9.623453e-01, -2.011646e+00, 3.070663e+00, 3.228838e-10, 4.019489e-10, 3.610196e+01, -2.194507e-01
3.756800e+09, 1.223559e-01, 9.622036e-01, -2.019356e+00, 3.061066e+00, 3.237738e-10, 4.018408e-10, 3.601508e+01, -2.202239e-01
3.760600e+09, 1.232129e-01, 9.620621e-01, -2.027086e+00, 3.051472e+00, 3.246364e-10, 4.017325e-10, 3.592783e+01, -2.209575e-01
3.764400e+09, 1.240621e-01, 9.619206e-01, -2.034837e+00, 3.041880e+00, 3.254724e-10, 4.016240e-10, 3.584026e+01, -2.216513e-01
3.768200e+09, 1.249034e-01, 9.617794e-01, -2.042608e+00, 3.032291e+00, 3.262829e-10, 4.015153e-10, 3.575238e+01, -2.223050e-01
3.772000e+09, 1.257368e-01, 9.616384e-01, -2.050398e+00, 3.022704e+00, 3.270686e-10, 4.014065e-10, 3.566423e+01, -2.229184e-01
3.775800e+09, 1.265620e-01, 9.614977e-01, -2.058208e+00, 3.013120e+00, 3.278304e-10, 4.012975e-10, 3.557583e+01, -2.234911e-01
3.779600e+09, 1.273792e-01, 9.613573e-01, -2.066035e+00, 3.003539e+00, 3.285691e-10, 4.011885e-10, 3.548720e+01, -2.240231e-01
3.783400e+09, 1.281882e-01, 9.612173e-01, -2.073880e+00, 2.993960e+00, 3.292854e-10, 4.010795e-10, 3.539839e+01, -2.245140e-01
3.787200e+09, 1.289890e-01, 9.610778e-01, -2.081742e+00, 2.984384e+00, 3.299800e-10, 4.009705e-10, 3.530941e+01, -2.249636e-01
3.791000e+09, 1.297814e-01, 9.609387e-01, -2.089621e+00, 2.974810e+00, 3.306536e-10, 4.008615e-10, 3.522029e+01, -2.253717e-01
3.794800e+09, 1.305654e-01, 9.608002e-01, -2.097515e+00, 2.965239e+00, 3.313068e-10, 4.007527e-10, 3.513105e+01, -2.257383e-01
3.798600e+09, 1.313410e-01, 9.606623e-01, -2.105426e+00, 2.955671e+00, 3.319404e-10, 4.006440e-10, 3.504173e+01, -2.260630e-01
3.802400e+09, 1.321081e-01, 9.605250e-01, -2.113351e+00, 2.946105e+00, 3.325549e-10, 4.005355e-10, 3.495235e+01, -2.263456e-01
3.806200e+09, 1.328666e-01, 9.603884e-01, -2.121291e+00, 2.936542e+00, 3.331508e-10, 4.004272e-10, 3.486293e+01, -2.265862e-01
3.810000e+09, 1.336165e-01, 9.602525e-01, -2.129246e+00, 2.926981e+00, 3.337288e-10, 4.003191e-10, 3.477351e+01, -2.267844e-01
3.813800e+09, 1.343576e-01, 9.601175e-01, -2.137214e+00, 2.917423e+00, 3.342894e-10, 4.002114e-10, 3.468411e+01, -2.269403e-01
3.817600e+09, 1.350900e-01, 9.599832e-01, -2.145195e+00, 2.907867e+00, 3.348330e-10, 4.001041e-10, 3.459475e+01, -2.270536e-01
3.821400e+09, 1.358135e-01, 9.598499e-01, -2.153190e+00, 2.898314e+00, 3.353602e-10, 3.999971e-10, 3.450547e+01, -2.271242e-01
3.825200e+09, 1.365282e-01, 9.597175e-01, -2.161197e+00, 2.888764e+00, 3.358715e-10, 3.998906e-10, 3.441627e+01, -2.271520e-01
3.829000e+09, 1.372339e-01, 9.595861e-01, -2.169216e+00, 2.879216e+00, 3.363672e-10, 3.997845e-10, 3.432720e+01, -2.271370e-01
3.832800e+09, 1.379306e-01, 9.594558e-01, -2.177247e+00, 2.869671e+00, 3.368479e-10, 3.996790e-10, 3.423828e+01, -2.270791e-01
3.836600e+09, 1.386182e-01, 9.593265e-01, -2.185290e+00, 2.860128e+00, 3.373139e-10, 3.995741e-10, 3.414953e+01, -2.269782e-01
3.840400e+09, 1.392966e-01, 9.591984e-01, -2.193344e+00, 2.850588e+00, 3.377656e-10, 3.994698e-10, 3.406097e+01, -2.268342e-01
3.844200e+09, 1.399659e-01, 9.590716e-01, -2.201408e+00, 2.841050e+00, 3.382035e-10, 3.993662e-10, 3.397263e+01, -2.266472e-01
3.848000e+09, 1.406260e-01, 9.589459e-01, -2.209483e+00, 2.831515e+00, 3.386279e-10, 3.992633e-10, 3.388454e+01, -2.264170e-01
3.851800e+09, 1.412767e-01, 9.588216e-01, -2.217568e+00, 2.821982e+00, 3.390391e-10, 3.991611e-10, 3.379672e+01, -2.261436e-01
3.855600e+09, 1.419181e-01, 9.586986e-01, -2.225663e+00, 2.812452e+00, 3.394376e-10, 3.990597e-10, 3.370919e+01, -2.258272e-01
3.859400e+09, 1.425501e-01, 9.585770e-01, -2.233768e+00, 2.802924e+00, 3.398236e-10, 3.989592e-10, 3.362197e+01, -2.254675e-01
3.863200e+09, 1.431726e-01, 9.584569e-01, -2.241881e+00, 2.793398e+00, 3.401974e-10, 3.988596e-10, 3.353510e+01, -2.250648e-01
3.867000e+09, 1.437856e-01, 9.583383e-01, -2.250004e+00, 2.783875e+00, 3.405593e-10, 3.987609e-10, 3.344859e+01, -2.246189e-01
3.870800e+09, 1.443890e-01, 9.582212e-01, -2.258135e+00, 2.774354e+00, 3.409098e-10, 3.986632e-10, 3.336246e+01, -2.241299e-01
3.874600e+09, 1.449829e-01, 9.581058e-01, -2.266275e+00, 2.764835e+00, 3.412489e-10, 3.985666e-10, 3.327674e+01, -2.235979e-01
3.878400e+09, 1.455670e-01, 9.579920e-01, -2.274422e+00, 2.755319e+00, 3.415770e-10, 3.984710e-10, 3.319146e+01, -2.230230e-01
3.882200e+09, 1.461414e-01, 9.578799e-01, -2.282578e+00, 2.745805e+00, 3.418944e-10, 3.983766e-10, 3.310662e+01, -2.224052e-01
3.886000e+09, 1.467060e-01, 9.577695e-01, -2.290741e+00, 2.736294e+00, 3.422013e-10, 3.982833e-10, 3.302227e+01, -2.217446e-01
3.889800e+09, 1.472609e-01, 9.576610e-01, -2.298911e+00, 2.726784e+00, 3.424980e-10, 3.981913e-10, 3.293841e+01, -2.210412e-01
3.893600e+09, 1.478058e-01, 9.575543e-01, -2.307089e+00, 2.717277e+00, 3.427846e-10, 3.981005e-10, 3.285507e+01, -2.202953e-01
3.897400e+09, 1.483409e-01, 9.574496e-01, -2.315273e+00, 2.707772e+00, 3.430615e-10, 3.980110e-10, 3.277227e+01, -2.195069e-01
3.901200e+09, 1.488660e-01, 9.573467e-01, -2.323464e+00, 2.698269e+00, 3.433287e-10, 3.979229e-10, 3.269003e+01, -2.186761e-01
3.905000e+09, 1.493810e-01, 9.572459e-01, -2.331662e+00, 2.688768e+00, 3.435867e-10, 3.978362e-10, 3.260837e+01, -2.178032e-01
3.908800e+09, 1.498861e-01, 9.571471e-01, -2.339865e+00, 2.679269e+00, 3.438354e-10, 3.977510e-10, 3.252732e+01, -2.168882e-01
3.912600e+09, 1.503810e-01, 9.570505e-01, -2.348075e+00, 2.669772e+00, 3.440751e-10, 3.976672e-10, 3.244689e+01, -2.159314e-01
3.916400e+09, 1.508658e-01, 9.569559e-01, -2.356290e+00, 2.660278e+00, 3.443061e-10, 3.975850e-10, 3.236711e+01, -2.149328e-01
3.920200e+09, 1.513404e-01, 9.568635e-01, -2.364510e+00, 2.650785e+00, 3.445285e-10, 3.975044e-10, 3.228798e+01, -2.138928e-01
3.924000e+09, 1.518048e-01, 9.567734e-01, -2.372736e+00, 2.641294e+00, 3.447424e-10, 3.974254e-10, 3.220955e+01, -2.128115e-01
3.927800e+09, 1.522589e-01, 9.566856e-01, -2.380968e+00, 2.631805e+00, 3.449480e-10, 3.973480e-10, 3.213181e+01, -2.116892e-01
3.931600e+09, 1.527027e-01, 9.566000e-01, -2.389204e+00, 2.622318e+00, 3.451455e-10, 3.972724e-10, 3.205479e+01, -2.105260e-01
3.935400e+09, 1.531362e-01, 9.565168e-01, -2.397444e+00, 2.612833e+00, 3.453351e-10, 3.971986e-10, 3.197852e+01, -2.093222e-01
3.939200e+09, 1.535593e-01, 9.564361e-01, -2.405690e+00, 2.603349e+00, 3.455168e-10, 3.971266e-10, 3.190301e+01, -2.080782e-01
3.943000e+09, 1.539720e-01, 9.563578e-01, -2.413939e+00, 2.593867e+00, 3.456909e-10, 3.970564e-10, 3.182827e+01, -2.067941e-01
3.946800e+09, 1.543742e-01, 9.562819e-01, -2.422193e+00, 2.584387e+00, 3.458574e-10, 3.969881e-10, 3.175433e+01, -2.054702e-01
3.950600e+09, 1.547659e-01, 9.562087e-01, -2.430451e+00, 2.574909e+00, 3.460165e-10, 3.969217e-10, 3.168120e+01, -2.041068e-01
3.954400e+09, 1.551471e-01, 9.561379e-01, -2.438712e+00, 2.565432e+00, 3.461683e-10, 3.968573e-10, 3.160890e+01, -2.027043e-01
3.958200e+09, 1.555178e-01, 9.560698e-01, -2.446977e+00, 2.555956e+00, 3.463130e-10, 3.967950e-10, 3.153746e+01, -2.012630e-01
3.962000e+09, 1.558778e-01, 9.560044e-01, -2.455246e+00, 2.546482e+00, 3.464506e-10, 3.967346e-10, 3.146688e+01, -1.997831e-01
3.965800e+09, 1.562272e-01, 9.559416e-01, -2.463518e+00, 2.537010e+00, 3.465812e-10, 3.966764e-10, 3.139718e+01, -1.982652e-01
3.969600e+09, 1.565659e-01, 9.558816e-01, -2.471793e+00, 2.527539e+00, 3.467050e-10, 3.966203e-10, 3.132838e+01, -1.967094e-01
3.973400e+09, 1.568940e-01, 9.558243e-01, -2.480071e+00, 2.518069e+00, 3.468221e-10, 3.965664e-10, 3.126050e+01, -1.951162e-01
3.977200e+09, 1.572113e-01, 9.557699e-01, -2.488352e+00, 2.508601e+00, 3.469325e-10, 3.965147e-10, 3.119355e+01, -1.934860e-01
3.981000e+09, 1.575178e-01, 9.557183e-01, -2.496635e+00, 2.499133e+00, 3.470364e-10, 3.964652e-10, 3.112754e+01, -1.918192e-01
3.984800e+09, 1.578136e-01, 9.556695e-01, -2.504921e+00, 2.489667e+00, 3.471339e-10, 3.964181e-10, 3.106250e+01, -1.901161e-01
3.988600e+09, 1.580985e-01, 9.556237e-01, -2.513209e+00, 2.480202e+00, 3.472249e-10, 3.963732e-10, 3.099844e+01, -1.883773e-01
3.992400e+09, 1.583726e-01, 9.555808e-01, -2.521499e+00, 2.470738e+00, 3.473097e-10, 3.963307e-10, 3.093538e+01, -1.866032e-01
3.996200e+09, 1.586359e-01, 9.555408e-01, -2.529792e+00, 2.461276e+00, 3.473882e-10, 3.962906e-10, 3.087332e+01, -1.847941e-01
4.000000e+09, 1.588882e-01, 9.555039e-01, -2.538086e+00, 2.451814e+00, 3.473882e-10, 3.962906e-10, 3.081229e+01, -1.829506e-01
