Frequency [Hz], |S00| [-], |S10| [-], Arg(S00) [-], Arg(S10) [-], Delay 0>0 [s], Delay 0>1 [s], |Z0| [Ohm] , Arg(Z0) [-]
2.000000e+08, 4.619824e-02, 9.447743e-01, 2.358702e+00, -5.772954e-01, 8.522644e-10, 4.542150e-10, 3.746577e+01, 6.521690e-02
2.038000e+08, 4.584711e-02, 9.449321e-01, 2.338353e+00, -5.881403e-01, 8.556619e-10, 4.545269e-10, 3.753436e+01, 6.602687e-02
2.076000e+08, 4.549445e-02, 9.450895e-01, 2.317923e+00, -5.989926e-01, 8.593807e-10, 4.548272e-10, 3.760356e+01, 6.679241e-02
2.114000e+08, 4.514046e-02, 9.452463e-01, 2.297405e+00, -6.098521e-01, 8.634145e-10, 4.551163e-10, 3.767334e+01, 6.751384e-02
2.152000e+08, 4.478534e-02, 9.454024e-01, 2.276790e+00, -6.207186e-01, 8.677579e-10, 4.553948e-10, 3.774368e+01, 6.819146e-02
2.190000e+08, 4.442931e-02, 9.455576e-01, 2.256071e+00, -6.315916e-01, 8.724060e-10, 4.556632e-10, 3.781455e+01, 6.882554e-02
2.228000e+08, 4.407257e-02, 9.457119e-01, 2.235242e+00, -6.424711e-01, 8.773544e-10, 4.559217e-10, 3.788591e+01, 6.941639e-02
2.266000e+08, 4.371535e-02, 9.458652e-01, 2.214294e+00, -6.533567e-01, 8.825989e-10, 4.561708e-10, 3.795774e+01, 6.996429e-02
2.304000e+08, 4.335787e-02, 9.460173e-01, 2.193221e+00, -6.642483e-01, 8.881357e-10, 4.564108e-10, 3.803001e+01, 7.046952e-02
2.342000e+08, 4.300036e-02, 9.461682e-01, 2.172015e+00, -6.751456e-01, 8.939613e-10, 4.566421e-10, 3.810269e+01, 7.093238e-02
2.380000e+08, 4.264306e-02, 9.463178e-01, 2.150671e+00, -6.860484e-01, 9.000721e-10, 4.568648e-10, 3.817575e+01, 7.135314e-02
2.418000e+08, 4.228621e-02, 9.464661e-01, 2.129181e+00, -6.969566e-01, 9.064646e-10, 4.570793e-10, 3.824916e+01, 7.173209e-02
2.456000e+08, 4.193005e-02, 9.466128e-01, 2.107538e+00, -7.078699e-01, 9.131353e-10, 4.572857e-10, 3.832290e+01, 7.206952e-02
2.494000e+08, 4.157482e-02, 9.467581e-01, 2.085736e+00, -7.187881e-01, 9.200805e-10, 4.574845e-10, 3.839693e+01, 7.236572e-02
2.532000e+08, 4.122080e-02, 9.469017e-01, 2.063768e+00, -7.297110e-01, 9.272962e-10, 4.576757e-10, 3.847123e+01, 7.262098e-02
2.570000e+08, 4.086822e-02, 9.470436e-01, 2.041628e+00, -7.406385e-01, 9.347783e-10, 4.578595e-10, 3.854577e+01, 7.283561e-02
2.608000e+08, 4.051736e-02, 9.471837e-01, 2.019309e+00, -7.515704e-01, 9.425221e-10, 4.580362e-10, 3.862053e+01, 7.300989e-02
2.646000e+08, 4.016847e-02, 9.473221e-01, 1.996805e+00, -7.625065e-01, 9.505225e-10, 4.582060e-10, 3.869546e+01, 7.314412e-02
2.684000e+08, 3.982185e-02, 9.474586e-01, 1.974110e+00, -7.734467e-01, 9.587738e-10, 4.583691e-10, 3.877056e+01, 7.323863e-02
2.722000e+08, 3.947774e-02, 9.475931e-01, 1.951219e+00, -7.843908e-01, 9.672697e-10, 4.585255e-10, 3.884578e+01, 7.329370e-02
2.760000e+08, 3.913645e-02, 9.477257e-01, 1.928124e+00, -7.953386e-01, 9.760032e-10, 4.586755e-10, 3.892111e+01, 7.330966e-02
2.798000e+08, 3.879825e-02, 9.478562e-01, 1.904821e+00, -8.062900e-01, 9.849663e-10, 4.588192e-10, 3.899652e+01, 7.328681e-02
2.836000e+08, 3.846343e-02, 9.479847e-01, 1.881304e+00, -8.172448e-01, 9.941503e-10, 4.589568e-10, 3.907198e+01, 7.322548e-02
2.874000e+08, 3.813228e-02, 9.481110e-01, 1.857567e+00, -8.282029e-01, 1.003545e-09, 4.590885e-10, 3.914746e+01, 7.312598e-02
2.912000e+08, 3.780510e-02, 9.482352e-01, 1.833607e+00, -8.391641e-01, 1.013140e-09, 4.592143e-10, 3.922294e+01, 7.298864e-02
2.950000e+08, 3.748219e-02, 9.483572e-01, 1.809417e+00, -8.501284e-01, 1.022924e-09, 4.593344e-10, 3.929840e+01, 7.281379e-02
2.988000e+08, 3.716385e-02, 9.484770e-01, 1.784993e+00, -8.610955e-01, 1.032881e-09, 4.594491e-10, 3.937380e+01, 7.260174e-02
3.026000e+08, 3.685039e-02, 9.485946e-01, 1.760332e+00, -8.720653e-01, 1.042999e-09, 4.595583e-10, 3.944913e+01, 7.235285e-02
3.064000e+08, 3.654213e-02, 9.487099e-01, 1.735429e+00, -8.830378e-01, 1.053261e-09, 4.596622e-10, 3.952435e+01, 7.206742e-02
3.102000e+08, 3.623936e-02, 9.488228e-01, 1.710282e+00, -8.940127e-01, 1.063648e-09, 4.597610e-10, 3.959946e+01, 7.174582e-02
3.140000e+08, 3.594242e-02, 9.489335e-01, 1.684886e+00, -9.049901e-01, 1.074143e-09, 4.598548e-10, 3.967441e+01, 7.138836e-02
3.178000e+08, 3.565161e-02, 9.490418e-01, 1.659239e+00, -9.159696e-01, 1.084723e-09, 4.599437e-10, 3.974918e+01, 7.099540e-02
3.216000e+08, 3.536726e-02, 9.491478e-01, 1.633340e+00, -9.269513e-01, 1.095367e-09, 4.600279e-10, 3.982376e+01, 7.056727e-02
3.254000e+08, 3.508969e-02, 9.492514e-01, 1.607187e+00, -9.379349e-01, 1.106050e-09, 4.601074e-10, 3.989812e+01, 7.010431e-02
3.292000e+08, 3.481923e-02, 9.493527e-01, 1.580779e+00, -9.489205e-01, 1.116747e-09, 4.601824e-10, 3.997224e+01, 6.960688e-02
3.330000e+08, 3.455619e-02, 9.494516e-01, 1.554116e+00, -9.599079e-01, 1.127430e-09, 4.602530e-10, 4.004608e+01, 6.907531e-02
3.368000e+08, 3.430090e-02, 9.495481e-01, 1.527197e+00, -9.708969e-01, 1.138070e-09, 4.603193e-10, 4.011964e+01, 6.850996e-02
3.406000e+08, 3.405369e-02, 9.496422e-01, 1.500024e+00, -9.818875e-01, 1.148635e-09, 4.603815e-10, 4.019288e+01, 6.791117e-02
3.444000e+08, 3.381487e-02, 9.497340e-01, 1.472599e+00, -9.928797e-01, 1.159093e-09, 4.604397e-10, 4.026579e+01, 6.727929e-02
3.482000e+08, 3.358477e-02, 9.498233e-01, 1.444925e+00, -1.003873e+00, 1.169412e-09, 4.604939e-10, 4.033835e+01, 6.661467e-02
3.520000e+08, 3.336369e-02, 9.499103e-01, 1.417004e+00, -1.014868e+00, 1.179554e-09, 4.605443e-10, 4.041052e+01, 6.591766e-02
3.558000e+08, 3.315196e-02, 9.499949e-01, 1.388841e+00, -1.025864e+00, 1.189484e-09, 4.605910e-10, 4.048230e+01, 6.518861e-02
3.596000e+08, 3.294988e-02, 9.500772e-01, 1.360440e+00, -1.036861e+00, 1.199165e-09, 4.606341e-10, 4.055365e+01, 6.442787e-02
3.634000e+08, 3.275776e-02, 9.501571e-01, 1.331809e+00, -1.047859e+00, 1.208559e-09, 4.606737e-10, 4.062456e+01, 6.363580e-02
3.672000e+08, 3.257589e-02, 9.502347e-01, 1.302953e+00, -1.058858e+00, 1.217626e-09, 4.607100e-10, 4.069501e+01, 6.281274e-02
3.710000e+08, 3.240456e-02, 9.503099e-01, 1.273881e+00, -1.069858e+00, 1.226328e-09, 4.607429e-10, 4.076497e+01, 6.195905e-02
3.748000e+08, 3.224405e-02, 9.503828e-01, 1.244601e+00, -1.080859e+00, 1.234626e-09, 4.607728e-10, 4.083443e+01, 6.107507e-02
3.786000e+08, 3.209464e-02, 9.504535e-01, 1.215123e+00, -1.091860e+00, 1.242482e-09, 4.607995e-10, 4.090336e+01, 6.016117e-02
3.824000e+08, 3.195657e-02, 9.505218e-01, 1.185457e+00, -1.102863e+00, 1.249857e-09, 4.608234e-10, 4.097175e+01, 5.921769e-02
3.862000e+08, 3.183011e-02, 9.505879e-01, 1.155616e+00, -1.113865e+00, 1.256715e-09, 4.608443e-10, 4.103957e+01, 5.824499e-02
3.900000e+08, 3.171548e-02, 9.506518e-01, 1.125610e+00, -1.124868e+00, 1.263020e-09, 4.608625e-10, 4.110681e+01, 5.724341e-02
3.938000e+08, 3.161291e-02, 9.507134e-01, 1.095454e+00, -1.135872e+00, 1.268739e-09, 4.608781e-10, 4.117344e+01, 5.621332e-02
3.976000e+08, 3.152260e-02, 9.507728e-01, 1.065162e+00, -1.146876e+00, 1.273840e-09, 4.608911e-10, 4.123945e+01, 5.515505e-02
4.014000e+08, 3.144475e-02, 9.508301e-01, 1.034747e+00, -1.157880e+00, 1.278294e-09, 4.609016e-10, 4.130482e+01, 5.406897e-02
4.052000e+08, 3.137954e-02, 9.508852e-01, 1.004227e+00, -1.168885e+00, 1.282074e-09, 4.609098e-10, 4.136952e+01, 5.295543e-02
4.090000e+08, 3.132711e-02, 9.509382e-01, 9.736158e-01, -1.179890e+00, 1.285158e-09, 4.609156e-10, 4.143354e+01, 5.181478e-02
4.128000e+08, 3.128761e-02, 9.509891e-01, 9.429312e-01, -1.190894e+00, 1.287526e-09, 4.609193e-10, 4.149686e+01, 5.064737e-02
4.166000e+08, 3.126117e-02, 9.510380e-01, 9.121901e-01, -1.201899e+00, 1.289162e-09, 4.609209e-10, 4.155947e+01, 4.945355e-02
4.204000e+08, 3.124787e-02, 9.510848e-01, 8.814100e-01, -1.212904e+00, 1.290053e-09, 4.609204e-10, 4.162133e+01, 4.823368e-02
4.242000e+08, 3.124780e-02, 9.511295e-01, 8.506085e-01, -1.223909e+00, 1.290191e-09, 4.609181e-10, 4.168244e+01, 4.698812e-02
4.280000e+08, 3.126104e-02, 9.511723e-01, 8.198038e-01, -1.234914e+00, 1.289573e-09, 4.609139e-10, 4.174278e+01, 4.571721e-02
4.318000e+08, 3.128760e-02, 9.512132e-01, 7.890138e-01, -1.245919e+00, 1.288197e-09, 4.609079e-10, 4.180232e+01, 4.442132e-02
4.356000e+08, 3.132753e-02, 9.512521e-01, 7.582567e-01, -1.256924e+00, 1.286069e-09, 4.609002e-10, 4.186106e+01, 4.310079e-02
4.394000e+08, 3.138081e-02, 9.512891e-01, 7.275504e-01, -1.267928e+00, 1.283197e-09, 4.608909e-10, 4.191896e+01, 4.175598e-02
4.432000e+08, 3.144743e-02, 9.513242e-01, 6.969126e-01, -1.278933e+00, 1.279592e-09, 4.608801e-10, 4.197603e+01, 4.038726e-02
4.470000e+08, 3.152735e-02, 9.513575e-01, 6.663610e-01, -1.289937e+00, 1.275270e-09, 4.608678e-10, 4.203222e+01, 3.899497e-02
4.508000e+08, 3.162051e-02, 9.513890e-01, 6.359125e-01, -1.300940e+00, 1.270252e-09, 4.608541e-10, 4.208754e+01, 3.757949e-02
4.546000e+08, 3.172684e-02, 9.514188e-01, 6.055838e-01, -1.311944e+00, 1.264561e-09, 4.608391e-10, 4.214196e+01, 3.614116e-02
4.584000e+08, 3.184624e-02, 9.514468e-01, 5.753910e-01, -1.322947e+00, 1.258222e-09, 4.608229e-10, 4.219547e+01, 3.468036e-02
4.622000e+08, 3.197859e-02, 9.514730e-01, 5.453496e-01, -1.333949e+00, 1.251264e-09, 4.608054e-10, 4.224804e+01, 3.319744e-02
4.660000e+08, 3.212377e-02, 9.514976e-01, 5.154743e-01, -1.344952e+00, 1.243718e-09, 4.607869e-10, 4.229966e+01, 3.169277e-02
4.698000e+08, 3.228164e-02, 9.515206e-01, 4.857791e-01, -1.355953e+00, 1.235618e-09, 4.607672e-10, 4.235032e+01, 3.016672e-02
4.736000e+08, 3.245202e-02, 9.515419e-01, 4.562774e-01, -1.366955e+00, 1.226999e-09, 4.607466e-10, 4.240000e+01, 2.861966e-02
4.774000e+08, 3.263476e-02, 9.515617e-01, 4.269814e-01, -1.377956e+00, 1.217896e-09, 4.607250e-10, 4.244867e+01, 2.705196e-02
4.812000e+08, 3.282965e-02, 9.515799e-01, 3.979028e-01, -1.388956e+00, 1.208347e-09, 4.607026e-10, 4.249634e+01, 2.546400e-02
4.850000e+08, 3.303651e-02, 9.515965e-01, 3.690522e-01, -1.399956e+00, 1.198389e-09, 4.606793e-10, 4.254297e+01, 2.385614e-02
4.888000e+08, 3.325513e-02, 9.516117e-01, 3.404393e-01, -1.410955e+00, 1.188062e-09, 4.606552e-10, 4.258855e+01, 2.222878e-02
4.926000e+08, 3.348528e-02, 9.516254e-01, 3.120731e-01, -1.421954e+00, 1.177402e-09, 4.606304e-10, 4.263306e+01, 2.058229e-02
4.964000e+08, 3.372674e-02, 9.516377e-01, 2.839613e-01, -1.432952e+00, 1.166447e-09, 4.606050e-10, 4.267650e+01, 1.891706e-02
5.002000e+08, 3.397927e-02, 9.516486e-01, 2.561111e-01, -1.443949e+00, 1.155235e-09, 4.605789e-10, 4.271885e+01, 1.723348e-02
5.040000e+08, 3.424263e-02, 9.516581e-01, 2.285286e-01, -1.454946e+00, 1.143801e-09, 4.605522e-10, 4.276008e+01, 1.553193e-02
5.078000e+08, 3.451658e-02, 9.516663e-01, 2.012190e-01, -1.465942e+00, 1.132182e-09, 4.605249e-10, 4.280018e+01, 1.381282e-02
5.116000e+08, 3.480086e-02, 9.516732e-01, 1.741869e-01, -1.476938e+00, 1.120410e-09, 4.604972e-10, 4.283915e+01, 1.207654e-02
5.154000e+08, 3.509522e-02, 9.516788e-01, 1.474359e-01, -1.487933e+00, 1.108519e-09, 4.604690e-10, 4.287695e+01, 1.032349e-02
5.192000e+08, 3.539941e-02, 9.516831e-01, 1.209688e-01, -1.498927e+00, 1.096539e-09, 4.604404e-10, 4.291359e+01, 8.554087e-03
5.230000e+08, 3.571315e-02, 9.516862e-01, 9.478774e-02, -1.509920e+00, 1.084499e-09, 4.604114e-10, 4.294904e+01, 6.768734e-03
5.268000e+08, 3.603619e-02, 9.516882e-01, 6.889412e-02, -1.520913e+00, 1.072429e-09, 4.603821e-10, 4.298329e+01, 4.967847e-03
5.306000e+08, 3.636827e-02, 9.516889e-01, 4.328870e-02, -1.531905e+00, 1.060353e-09, 4.603525e-10, 4.301632e+01, 3.151845e-03
5.344000e+08, 3.670912e-02, 9.516886e-01, 1.797161e-02, -1.542897e+00, 1.048296e-09, 4.603225e-10, 4.304813e+01, 1.321152e-03
5.382000e+08, 3.705849e-02, 9.516871e-01, -7.057618e-03, -1.553887e+00, 1.036281e-09, 4.602924e-10, 4.307869e+01, -5.238043e-04
5.420000e+08, 3.741611e-02, 9.516845e-01, -3.179996e-02, -1.564877e+00, 1.024328e-09, 4.602620e-10, 4.310800e+01, -2.382592e-03
5.458000e+08, 3.778172e-02, 9.516809e-01, -5.625691e-02, -1.575867e+00, 1.012456e-09, 4.602314e-10, 4.313604e+01, -4.254772e-03
5.496000e+08, 3.815508e-02, 9.516762e-01, -8.043041e-02, -1.586855e+00, 1.000683e-09, 4.602007e-10, 4.316280e+01, -6.139904e-03
5.534000e+08, 3.853592e-02, 9.516706e-01, -1.043228e-01, -1.597843e+00, 9.890251e-10, 4.601698e-10, 4.318826e+01, -8.037540e-03
5.572000e+08, 3.892400e-02, 9.516640e-01, -1.279369e-01, -1.608830e+00, 9.774959e-10, 4.601388e-10, 4.321241e+01, -9.947227e-03
5.610000e+08, 3.931906e-02, 9.516564e-01, -1.512757e-01, -1.619816e+00, 9.661083e-10, 4.601077e-10, 4.323524e+01, -1.186851e-02
5.648000e+08, 3.972087e-02, 9.516479e-01, -1.743426e-01, -1.630802e+00, 9.548736e-10, 4.600765e-10, 4.325674e+01, -1.380092e-02
5.686000e+08, 4.012918e-02, 9.516385e-01, -1.971413e-01, -1.641787e+00, 9.438018e-10, 4.600453e-10, 4.327690e+01, -1.574400e-02
5.724000e+08, 4.054375e-02, 9.516282e-01, -2.196756e-01, -1.652771e+00, 9.329014e-10, 4.600141e-10, 4.329570e+01, -1.769727e-02
5.762000e+08, 4.096435e-02, 9.516170e-01, -2.419496e-01, -1.663754e+00, 9.221799e-10, 4.599829e-10, 4.331314e+01, -1.966025e-02
5.800000e+08, 4.139076e-02, 9.516051e-01, -2.639677e-01, -1.674737e+00, 9.116437e-10, 4.599516e-10, 4.332920e+01, -2.163245e-02
5.838000e+08, 4.182274e-02, 9.515923e-01, -2.857342e-01, -1.685719e+00, 9.012980e-10, 4.599204e-10, 4.334388e+01, -2.361340e-02
5.876000e+08, 4.226008e-02, 9.515787e-01, -3.072537e-01, -1.696700e+00, 8.911470e-10, 4.598892e-10, 4.335716e+01, -2.560259e-02
5.914000e+08, 4.270255e-02, 9.515644e-01, -3.285308e-01, -1.707680e+00, 8.811943e-10, 4.598581e-10, 4.336903e+01, -2.759952e-02
5.952000e+08, 4.314995e-02, 9.515493e-01, -3.495703e-01, -1.718660e+00, 8.714423e-10, 4.598271e-10, 4.337948e+01, -2.960369e-02
5.990000e+08, 4.360206e-02, 9.515335e-01, -3.703769e-01, -1.729639e+00, 8.618929e-10, 4.597961e-10, 4.338852e+01, -3.161459e-02
6.028000e+08, 4.405869e-02, 9.515170e-01, -3.909556e-01, -1.740617e+00, 8.525471e-10, 4.597652e-10, 4.339612e+01, -3.363169e-02
6.066000e+08, 4.451962e-02, 9.514998e-01, -4.113111e-01, -1.751594e+00, 8.434056e-10, 4.597344e-10, 4.340228e+01, -3.565448e-02
6.104000e+08, 4.498467e-02, 9.514820e-01, -4.314483e-01, -1.762571e+00, 8.344682e-10, 4.597037e-10, 4.340700e+01, -3.768244e-02
6.142000e+08, 4.545364e-02, 9.514635e-01, -4.513722e-01, -1.773547e+00, 8.257343e-10, 4.596732e-10, 4.341026e+01, -3.971502e-02
6.180000e+08, 4.592634e-02, 9.514444e-01, -4.710875e-01, -1.784522e+00, 8.172030e-10, 4.596428e-10, 4.341206e+01, -4.175169e-02
6.218000e+08, 4.640259e-02, 9.514247e-01, -4.905991e-01, -1.795496e+00, 8.088727e-10, 4.596125e-10, 4.341239e+01, -4.379191e-02
6.256000e+08, 4.688220e-02, 9.514044e-01, -5.099118e-01, -1.806470e+00, 8.007416e-10, 4.595824e-10, 4.341125e+01, -4.583512e-02
6.294000e+08, 4.736500e-02, 9.513835e-01, -5.290304e-01, -1.817443e+00, 7.928077e-10, 4.595524e-10, 4.340863e+01, -4.788078e-02
6.332000e+08, 4.785081e-02, 9.513621e-01, -5.479596e-01, -1.828416e+00, 7.850684e-10, 4.595226e-10, 4.340453e+01, -4.992833e-02
6.370000e+08, 4.833947e-02, 9.513402e-01, -5.667040e-01, -1.839387e+00, 7.775212e-10, 4.594929e-10, 4.339895e+01, -5.197720e-02
6.408000e+08, 4.883080e-02, 9.513178e-01, -5.852681e-01, -1.850358e+00, 7.701632e-10, 4.594634e-10, 4.339188e+01, -5.402682e-02
6.446000e+08, 4.932464e-02, 9.512949e-01, -6.036566e-01, -1.861328e+00, 7.629913e-10, 4.594341e-10, 4.338331e+01, -5.607663e-02
6.484000e+08, 4.982082e-02, 9.512715e-01, -6.218739e-01, -1.872298e+00, 7.560023e-10, 4.594050e-10, 4.337325e+01, -5.812605e-02
6.522000e+08, 5.031920e-02, 9.512476e-01, -6.399243e-01, -1.883267e+00, 7.491930e-10, 4.593761e-10, 4.336170e+01, -6.017449e-02
6.560000e+08, 5.081961e-02, 9.512233e-01, -6.578121e-01, -1.894235e+00, 7.425598e-10, 4.593473e-10, 4.334864e+01, -6.222138e-02
6.598000e+08, 5.132191e-02, 9.511986e-01, -6.755415e-01, -1.905202e+00, 7.360993e-10, 4.593187e-10, 4.333409e+01, -6.426611e-02
6.636000e+08, 5.182593e-02, 9.511734e-01, -6.931167e-01, -1.916169e+00, 7.298079e-10, 4.592904e-10, 4.331804e+01, -6.630811e-02
6.674000e+08, 5.233154e-02, 9.511479e-01, -7.105417e-01, -1.927135e+00, 7.236820e-10, 4.592622e-10, 4.330049e+01, -6.834676e-02
6.712000e+08, 5.283860e-02, 9.511219e-01, -7.278204e-01, -1.938100e+00, 7.177179e-10, 4.592342e-10, 4.328145e+01, -7.038148e-02
6.750000e+08, 5.334695e-02, 9.510957e-01, -7.449567e-01, -1.949065e+00, 7.119121e-10, 4.592064e-10, 4.326091e+01, -7.241166e-02
6.788000e+08, 5.385645e-02, 9.510690e-01, -7.619544e-01, -1.960029e+00, 7.062607e-10, 4.591789e-10, 4.323888e+01, -7.443669e-02
6.826000e+08, 5.436698e-02, 9.510420e-01, -7.788171e-01, -1.970992e+00, 7.007601e-10, 4.591515e-10, 4.321536e+01, -7.645597e-02
6.864000e+08, 5.487839e-02, 9.510148e-01, -7.955486e-01, -1.981955e+00, 6.954068e-10, 4.591243e-10, 4.319035e+01, -7.846887e-02
6.902000e+08, 5.539055e-02, 9.509872e-01, -8.121522e-01, -1.992917e+00, 6.901971e-10, 4.590974e-10, 4.316386e+01, -8.047479e-02
6.940000e+08, 5.590332e-02, 9.509593e-01, -8.286314e-01, -2.003879e+00, 6.851274e-10, 4.590706e-10, 4.313589e+01, -8.247312e-02
6.978000e+08, 5.641659e-02, 9.509311e-01, -8.449896e-01, -2.014840e+00, 6.801942e-10, 4.590441e-10, 4.310646e+01, -8.446322e-02
7.016000e+08, 5.693022e-02, 9.509026e-01, -8.612299e-01, -2.025800e+00, 6.753940e-10, 4.590178e-10, 4.307555e+01, -8.644449e-02
7.054000e+08, 5.744408e-02, 9.508739e-01, -8.773557e-01, -2.036759e+00, 6.707232e-10, 4.589917e-10, 4.304319e+01, -8.841630e-02
7.092000e+08, 5.795805e-02, 9.508450e-01, -8.933700e-01, -2.047718e+00, 6.661787e-10, 4.589657e-10, 4.300938e+01, -9.037802e-02
7.130000e+08, 5.847200e-02, 9.508158e-01, -9.092757e-01, -2.058677e+00, 6.617569e-10, 4.589400e-10, 4.297412e+01, -9.232903e-02
7.168000e+08, 5.898582e-02, 9.507864e-01, -9.250759e-01, -2.069634e+00, 6.574547e-10, 4.589146e-10, 4.293743e+01, -9.426872e-02
7.206000e+08, 5.949938e-02, 9.507569e-01, -9.407734e-01, -2.080591e+00, 6.532687e-10, 4.588893e-10, 4.289931e+01, -9.619644e-02
7.244000e+08, 6.001257e-02, 9.507271e-01, -9.563709e-01, -2.091548e+00, 6.491960e-10, 4.588642e-10, 4.285978e+01, -9.811159e-02
7.282000e+08, 6.052527e-02, 9.506971e-01, -9.718711e-01, -2.102504e+00, 6.452334e-10, 4.588393e-10, 4.281884e+01, -1.000135e-01
7.320000e+08, 6.103735e-02, 9.506670e-01, -9.872768e-01, -2.113459e+00, 6.413779e-10, 4.588147e-10, 4.277651e+01, -1.019016e-01
7.358000e+08, 6.154872e-02, 9.506367e-01, -1.002590e+00, -2.124414e+00, 6.376266e-10, 4.587902e-10, 4.273280e+01, -1.037753e-01
7.396000e+08, 6.205925e-02, 9.506063e-01, -1.017814e+00, -2.135368e+00, 6.339765e-10, 4.587660e-10, 4.268772e+01, -1.056338e-01
7.434000e+08, 6.256882e-02, 9.505758e-01, -1.032951e+00, -2.146321e+00, 6.304249e-10, 4.587419e-10, 4.264128e+01, -1.074767e-01
7.472000e+08, 6.307734e-02, 9.505451e-01, -1.048003e+00, -2.157274e+00, 6.269692e-10, 4.587181e-10, 4.259350e+01, -1.093032e-01
7.510000e+08, 6.358468e-02, 9.505143e-01, -1.062973e+00, -2.168227e+00, 6.236065e-10, 4.586945e-10, 4.254439e+01, -1.111128e-01
7.548000e+08, 6.409075e-02, 9.504834e-01, -1.077862e+00, -2.179179e+00, 6.203343e-10, 4.586710e-10, 4.249396e+01, -1.129048e-01
7.586000e+08, 6.459542e-02, 9.504525e-01, -1.092673e+00, -2.190130e+00, 6.171501e-10, 4.586478e-10, 4.244224e+01, -1.146786e-01
7.624000e+08, 6.509860e-02, 9.504214e-01, -1.107409e+00, -2.201081e+00, 6.140515e-10, 4.586248e-10, 4.238924e+01, -1.164337e-01
7.662000e+08, 6.560017e-02, 9.503903e-01, -1.122070e+00, -2.212031e+00, 6.110360e-10, 4.586020e-10, 4.233497e+01, -1.181693e-01
7.700000e+08, 6.610003e-02, 9.503592e-01, -1.136659e+00, -2.222980e+00, 6.081014e-10, 4.585794e-10, 4.227946e+01, -1.198849e-01
7.738000e+08, 6.659808e-02, 9.503280e-01, -1.151178e+00, -2.233930e+00, 6.052454e-10, 4.585570e-10, 4.222271e+01, -1.215800e-01
7.776000e+08, 6.709421e-02, 9.502968e-01, -1.165629e+00, -2.244878e+00, 6.024657e-10, 4.585347e-10, 4.216475e+01, -1.232538e-01
7.814000e+08, 6.758832e-02, 9.502655e-01, -1.180013e+00, -2.255826e+00, 5.997603e-10, 4.585127e-10, 4.210560e+01, -1.249057e-01
7.852000e+08, 6.808030e-02, 9.502342e-01, -1.194333e+00, -2.266774e+00, 5.971271e-10, 4.584909e-10, 4.204527e+01, -1.265353e-01
7.890000e+08, 6.857006e-02, 9.502030e-01, -1.208590e+00, -2.277721e+00, 5.945640e-10, 4.584693e-10, 4.198380e+01, -1.281419e-01
7.928000e+08, 6.905748e-02, 9.501717e-01, -1.222786e+00, -2.288667e+00, 5.920692e-10, 4.584479e-10, 4.192119e+01, -1.297249e-01
7.966000e+08, 6.954249e-02, 9.501404e-01, -1.236923e+00, -2.299613e+00, 5.896408e-10, 4.584266e-10, 4.185746e+01, -1.312838e-01
8.004000e+08, 7.002496e-02, 9.501092e-01, -1.251001e+00, -2.310558e+00, 5.872769e-10, 4.584056e-10, 4.179265e+01, -1.328179e-01
8.042000e+08, 7.050481e-02, 9.500780e-01, -1.265023e+00, -2.321503e+00, 5.849757e-10, 4.583847e-10, 4.172677e+01, -1.343268e-01
8.080000e+08, 7.098193e-02, 9.500469e-01, -1.278990e+00, -2.332448e+00, 5.827356e-10, 4.583641e-10, 4.165984e+01, -1.358098e-01
8.118000e+08, 7.145623e-02, 9.500158e-01, -1.292903e+00, -2.343392e+00, 5.805548e-10, 4.583436e-10, 4.159189e+01, -1.372663e-01
8.156000e+08, 7.192761e-02, 9.499848e-01, -1.306765e+00, -2.354335e+00, 5.784317e-10, 4.583233e-10, 4.152295e+01, -1.386960e-01
8.194000e+08, 7.239597e-02, 9.499539e-01, -1.320575e+00, -2.365278e+00, 5.763648e-10, 4.583033e-10, 4.145302e+01, -1.400981e-01
8.232000e+08, 7.286122e-02, 9.499230e-01, -1.334337e+00, -2.376221e+00, 5.743526e-10, 4.582834e-10, 4.138215e+01, -1.414721e-01
8.270000e+08, 7.332327e-02, 9.498922e-01, -1.348050e+00, -2.387163e+00, 5.723935e-10, 4.582637e-10, 4.131034e+01, -1.428176e-01
8.308000e+08, 7.378201e-02, 9.498616e-01, -1.361717e+00, -2.398104e+00, 5.704862e-10, 4.582442e-10, 4.123764e+01, -1.441341e-01
8.346000e+08, 7.423736e-02, 9.498310e-01, -1.375337e+00, -2.409045e+00, 5.686292e-10, 4.582248e-10, 4.116406e+01, -1.454209e-01
8.384000e+08, 7.468921e-02, 9.498006e-01, -1.388914e+00, -2.419986e+00, 5.668213e-10, 4.582057e-10, 4.108963e+01, -1.466776e-01
8.422000e+08, 7.513749e-02, 9.497703e-01, -1.402448e+00, -2.430926e+00, 5.650611e-10, 4.581868e-10, 4.101437e+01, -1.479037e-01
8.460000e+08, 7.558209e-02, 9.497401e-01, -1.415939e+00, -2.441866e+00, 5.633474e-10, 4.581680e-10, 4.093832e+01, -1.490986e-01
8.498000e+08, 7.602293e-02, 9.497101e-01, -1.429390e+00, -2.452805e+00, 5.616790e-10, 4.581494e-10, 4.086150e+01, -1.502621e-01
8.536000e+08, 7.645990e-02, 9.496803e-01, -1.442800e+00, -2.463744e+00, 5.600547e-10, 4.581311e-10, 4.078393e+01, -1.513934e-01
8.574000e+08, 7.689293e-02, 9.496506e-01, -1.456172e+00, -2.474682e+00, 5.584734e-10, 4.581129e-10, 4.070565e+01, -1.524923e-01
8.612000e+08, 7.732193e-02, 9.496211e-01, -1.469506e+00, -2.485620e+00, 5.569339e-10, 4.580949e-10, 4.062667e+01, -1.535581e-01
8.650000e+08, 7.774679e-02, 9.495918e-01, -1.482804e+00, -2.496558e+00, 5.554352e-10, 4.580771e-10, 4.054704e+01, -1.545906e-01
8.688000e+08, 7.816744e-02, 9.495626e-01, -1.496065e+00, -2.507495e+00, 5.539764e-10, 4.580594e-10, 4.046677e+01, -1.555892e-01
8.726000e+08, 7.858379e-02, 9.495337e-01, -1.509292e+00, -2.518432e+00, 5.525563e-10, 4.580420e-10, 4.038590e+01, -1.565535e-01
8.764000e+08, 7.899574e-02, 9.495050e-01, -1.522485e+00, -2.529368e+00, 5.511741e-10, 4.580248e-10, 4.030446e+01, -1.574831e-01
8.802000e+08, 7.940322e-02, 9.494765e-01, -1.535645e+00, -2.540304e+00, 5.498288e-10, 4.580077e-10, 4.022246e+01, -1.583777e-01
8.840000e+08, 7.980613e-02, 9.494482e-01, -1.548773e+00, -2.551239e+00, 5.485195e-10, 4.579909e-10, 4.013995e+01, -1.592367e-01
8.878000e+08, 8.020439e-02, 9.494201e-01, -1.561869e+00, -2.562174e+00, 5.472453e-10, 4.579742e-10, 4.005695e+01, -1.600599e-01
8.916000e+08, 8.059791e-02, 9.493924e-01, -1.574935e+00, -2.573109e+00, 5.460055e-10, 4.579577e-10, 3.997349e+01, -1.608468e-01
8.954000e+08, 8.098661e-02, 9.493648e-01, -1.587972e+00, -2.584043e+00, 5.447992e-10, 4.579415e-10, 3.988960e+01, -1.615971e-01
8.992000e+08, 8.137041e-02, 9.493375e-01, -1.600980e+00, -2.594977e+00, 5.436256e-10, 4.579254e-10, 3.980531e+01, -1.623104e-01
9.030000e+08, 8.174922e-02, 9.493105e-01, -1.613959e+00, -2.605910e+00, 5.424840e-10, 4.579095e-10, 3.972065e+01, -1.629864e-01
9.068000e+08, 8.212295e-02, 9.492838e-01, -1.626912e+00, -2.616843e+00, 5.413737e-10, 4.578938e-10, 3.963565e+01, -1.636248e-01
9.106000e+08, 8.249154e-02, 9.492574e-01, -1.639838e+00, -2.627776e+00, 5.402939e-10, 4.578784e-10, 3.955034e+01, -1.642252e-01
9.144000e+08, 8.285488e-02, 9.492312e-01, -1.652738e+00, -2.638709e+00, 5.392440e-10, 4.578631e-10, 3.946475e+01, -1.647874e-01
9.182000e+08, 8.321292e-02, 9.492054e-01, -1.665613e+00, -2.649641e+00, 5.382233e-10, 4.578481e-10, 3.937891e+01, -1.653110e-01
9.220000e+08, 8.356555e-02, 9.491799e-01, -1.678463e+00, -2.660572e+00, 5.372313e-10, 4.578332e-10, 3.929284e+01, -1.657958e-01
9.258000e+08, 8.391271e-02, 9.491547e-01, -1.691290e+00, -2.671503e+00, 5.362672e-10, 4.578186e-10, 3.920659e+01, -1.662415e-01
9.296000e+08, 8.425432e-02, 9.491299e-01, -1.704094e+00, -2.682434e+00, 5.353306e-10, 4.578042e-10, 3.912017e+01, -1.666478e-01
9.334000e+08, 8.459029e-02, 9.491053e-01, -1.716876e+00, -2.693365e+00, 5.344209e-10, 4.577900e-10, 3.903363e+01, -1.670146e-01
9.372000e+08, 8.492055e-02, 9.490812e-01, -1.729636e+00, -2.704295e+00, 5.335375e-10, 4.577760e-10, 3.894698e+01, -1.673415e-01
9.410000e+08, 8.524503e-02, 9.490574e-01, -1.742375e+00, -2.715225e+00, 5.326799e-10, 4.577623e-10, 3.886027e+01, -1.676284e-01
9.448000e+08, 8.556364e-02, 9.490339e-01, -1.755093e+00, -2.726155e+00, 5.318476e-10, 4.577488e-10, 3.877351e+01, -1.678750e-01
9.486000e+08, 8.587631e-02, 9.490108e-01, -1.767791e+00, -2.737084e+00, 5.310402e-10, 4.577355e-10, 3.868675e+01, -1.680812e-01
9.524000e+08, 8.618297e-02, 9.489882e-01, -1.780471e+00, -2.748013e+00, 5.302572e-10, 4.577225e-10, 3.860001e+01, -1.682468e-01
9.562000e+08, 8.648353e-02, 9.489659e-01, -1.793131e+00, -2.758941e+00, 5.294981e-10, 4.577097e-10, 3.851331e+01, -1.683716e-01
9.600000e+08, 8.677794e-02, 9.489440e-01, -1.805773e+00, -2.769870e+00, 5.287626e-10, 4.576971e-10, 3.842670e+01, -1.684555e-01
9.638000e+08, 8.706611e-02, 9.489225e-01, -1.818398e+00, -2.780798e+00, 5.280502e-10, 4.576848e-10, 3.834020e+01, -1.684983e-01
9.676000e+08, 8.734798e-02, 9.489015e-01, -1.831006e+00, -2.791726e+00, 5.273605e-10, 4.576728e-10, 3.825384e+01, -1.684999e-01
9.714000e+08, 8.762347e-02, 9.488808e-01, -1.843597e+00, -2.802653e+00, 5.266932e-10, 4.576611e-10, 3.816764e+01, -1.684602e-01
9.752000e+08, 8.789251e-02, 9.488606e-01, -1.856173e+00, -2.813580e+00, 5.260480e-10, 4.576496e-10, 3.808165e+01, -1.683792e-01
9.790000e+08, 8.815504e-02, 9.488409e-01, -1.868733e+00, -2.824507e+00, 5.254245e-10, 4.576384e-10, 3.799588e+01, -1.682567e-01
9.828000e+08, 8.841098e-02, 9.488216e-01, -1.881278e+00, -2.835434e+00, 5.248224e-10, 4.576274e-10, 3.791038e+01, -1.680927e-01
9.866000e+08, 8.866027e-02, 9.488028e-01, -1.893808e+00, -2.846360e+00, 5.242413e-10, 4.576168e-10, 3.782516e+01, -1.678870e-01
9.904000e+08, 8.890283e-02, 9.487844e-01, -1.906325e+00, -2.857286e+00, 5.236811e-10, 4.576064e-10, 3.774025e+01, -1.676398e-01
9.942000e+08, 8.913861e-02, 9.487665e-01, -1.918829e+00, -2.868212e+00, 5.231414e-10, 4.575964e-10, 3.765569e+01, -1.673510e-01
9.980000e+08, 8.936754e-02, 9.487491e-01, -1.931319e+00, -2.879138e+00, 5.226219e-10, 4.575867e-10, 3.757151e+01, -1.670205e-01
1.001800e+09, 8.958955e-02, 9.487322e-01, -1.943797e+00, -2.890063e+00, 5.221225e-10, 4.575773e-10, 3.748772e+01, -1.666484e-01
1.005600e+09, 8.980458e-02, 9.487159e-01, -1.956264e+00, -2.900988e+00, 5.216430e-10, 4.575682e-10, 3.740437e+01, -1.662347e-01
1.009400e+09, 9.001256e-02, 9.487000e-01, -1.968719e+00, -2.911913e+00, 5.211830e-10, 4.575594e-10, 3.732148e+01, -1.657795e-01
1.013200e+09, 9.021344e-02, 9.486846e-01, -1.981162e+00, -2.922838e+00, 5.207425e-10, 4.575510e-10, 3.723907e+01, -1.652827e-01
1.017000e+09, 9.040716e-02, 9.486698e-01, -1.993596e+00, -2.933762e+00, 5.203211e-10, 4.575430e-10, 3.715717e+01, -1.647446e-01
1.020800e+09, 9.059364e-02, 9.486556e-01, -2.006019e+00, -2.944687e+00, 5.199189e-10, 4.575353e-10, 3.707582e+01, -1.641651e-01
1.024600e+09, 9.077284e-02, 9.486418e-01, -2.018433e+00, -2.955611e+00, 5.195355e-10, 4.575280e-10, 3.699504e+01, -1.635443e-01
1.028400e+09, 9.094470e-02, 9.486287e-01, -2.030837e+00, -2.966535e+00, 5.191710e-10, 4.575210e-10, 3.691485e+01, -1.628825e-01
1.032200e+09, 9.110915e-02, 9.486161e-01, -2.043233e+00, -2.977459e+00, 5.188250e-10, 4.575144e-10, 3.683528e+01, -1.621797e-01
1.036000e+09, 9.126615e-02, 9.486040e-01, -2.055620e+00, -2.988382e+00, 5.184976e-10, 4.575083e-10, 3.675637e+01, -1.614360e-01
1.039800e+09, 9.141562e-02, 9.485926e-01, -2.068000e+00, -2.999306e+00, 5.181886e-10, 4.575025e-10, 3.667813e+01, -1.606517e-01
1.043600e+09, 9.155754e-02, 9.485817e-01, -2.080372e+00, -3.010229e+00, 5.178980e-10, 4.574972e-10, 3.660059e+01, -1.598269e-01
1.047400e+09, 9.169182e-02, 9.485715e-01, -2.092738e+00, -3.021153e+00, 5.176256e-10, 4.574923e-10, 3.652378e+01, -1.589619e-01
1.051200e+09, 9.181843e-02, 9.485618e-01, -2.105097e+00, -3.032076e+00, 5.173714e-10, 4.574878e-10, 3.644772e+01, -1.580568e-01
1.055000e+09, 9.193732e-02, 9.485528e-01, -2.117449e+00, -3.042999e+00, 5.171354e-10, 4.574838e-10, 3.637245e+01, -1.571118e-01
1.058800e+09, 9.204842e-02, 9.485444e-01, -2.129797e+00, -3.053922e+00, 5.169175e-10, 4.574802e-10, 3.629797e+01, -1.561273e-01
1.062600e+09, 9.215170e-02, 9.485366e-01, -2.142139e+00, -3.064844e+00, 5.167177e-10, 4.574771e-10, 3.622432e+01, -1.551035e-01
1.066400e+09, 9.224710e-02, 9.485294e-01, -2.154476e+00, -3.075767e+00, 5.165359e-10, 4.574745e-10, 3.615153e+01, -1.540407e-01
1.070200e+09, 9.233458e-02, 9.485229e-01, -2.166809e+00, -3.086690e+00, 5.163723e-10, 4.574724e-10, 3.607962e+01, -1.529391e-01
1.074000e+09, 9.241408e-02, 9.485171e-01, -2.179138e+00, -3.097613e+00, 5.162268e-10, 4.574708e-10, 3.600860e+01, -1.517991e-01
1.077800e+09, 9.248557e-02, 9.485119e-01, -2.191463e+00, -3.108535e+00, 5.160995e-10, 4.574697e-10, 3.593851e+01, -1.506211e-01
1.081600e+09, 9.254900e-02, 9.485073e-01, -2.203786e+00, -3.119458e+00, 5.159903e-10, 4.574691e-10, 3.586937e+01, -1.494053e-01
1.085400e+09, 9.260432e-02, 9.485035e-01, -2.216105e+00, -3.130380e+00, 5.158994e-10, 4.574691e-10, 3.580120e+01, -1.481521e-01
1.089200e+09, 9.265149e-02, 9.485003e-01, -2.228423e+00, -3.141303e+00, 5.158268e-10, 4.574696e-10, 3.573402e+01, -1.468619e-01
1.093000e+09, 9.269048e-02, 9.484978e-01, -2.240739e+00, 3.130960e+00, 5.157726e-10, 4.574706e-10, 3.566786e+01, -1.455352e-01
1.096800e+09, 9.272123e-02, 9.484960e-01, -2.253054e+00, 3.120037e+00, 5.157369e-10, 4.574723e-10, 3.560273e+01, -1.441723e-01
1.100600e+09, 9.274372e-02, 9.484949e-01, -2.265367e+00, 3.109114e+00, 5.157198e-10, 4.574745e-10, 3.553867e+01, -1.427736e-01
1.104400e+09, 9.275789e-02, 9.484945e-01, -2.277681e+00, 3.098192e+00, 5.157215e-10, 4.574773e-10, 3.547569e+01, -1.413397e-01
1.108200e+09, 9.276373e-02, 9.484948e-01, -2.289994e+00, 3.087269e+00, 5.157420e-10, 4.574807e-10, 3.541381e+01, -1.398709e-01
1.112000e+09, 9.276118e-02, 9.484958e-01, -2.302308e+00, 3.076346e+00, 5.157816e-10, 4.574847e-10, 3.535305e+01, -1.383677e-01
1.115800e+09, 9.275022e-02, 9.484975e-01, -2.314623e+00, 3.065423e+00, 5.158404e-10, 4.574894e-10, 3.529343e+01, -1.368307e-01
1.119600e+09, 9.273081e-02, 9.485000e-01, -2.326939e+00, 3.054500e+00, 5.159185e-10, 4.574947e-10, 3.523498e+01, -1.352604e-01
1.123400e+09, 9.270291e-02, 9.485032e-01, -2.339257e+00, 3.043577e+00, 5.160163e-10, 4.575006e-10, 3.517772e+01, -1.336572e-01
1.127200e+09, 9.266651e-02, 9.485071e-01, -2.351578e+00, 3.032654e+00, 5.161339e-10, 4.575072e-10, 3.512165e+01, -1.320217e-01
1.131000e+09, 9.262156e-02, 9.485117e-01, -2.363901e+00, 3.021730e+00, 5.162715e-10, 4.575144e-10, 3.506681e+01, -1.303546e-01
1.134800e+09, 9.256804e-02, 9.485171e-01, -2.376228e+00, 3.010806e+00, 5.164295e-10, 4.575224e-10, 3.501320e+01, -1.286563e-01
1.138600e+09, 9.250592e-02, 9.485233e-01, -2.388558e+00, 2.999883e+00, 5.166080e-10, 4.575310e-10, 3.496086e+01, -1.269274e-01
1.142400e+09, 9.243517e-02, 9.485302e-01, -2.400893e+00, 2.988959e+00, 5.168073e-10, 4.575403e-10, 3.490979e+01, -1.251687e-01
1.146200e+09, 9.235577e-02, 9.485378e-01, -2.413232e+00, 2.978034e+00, 5.170278e-10, 4.575503e-10, 3.486001e+01, -1.233806e-01
1.150000e+09, 9.226769e-02, 9.485462e-01, -2.425577e+00, 2.967110e+00, 5.172697e-10, 4.575611e-10, 3.481155e+01, -1.215638e-01
1.153800e+09, 9.217091e-02, 9.485553e-01, -2.437927e+00, 2.956185e+00, 5.175335e-10, 4.575725e-10, 3.476441e+01, -1.197190e-01
1.157600e+09, 9.206541e-02, 9.485652e-01, -2.450284e+00, 2.945260e+00, 5.178194e-10, 4.575847e-10, 3.471862e+01, -1.178468e-01
1.161400e+09, 9.195116e-02, 9.485758e-01, -2.462647e+00, 2.934335e+00, 5.181279e-10, 4.575976e-10, 3.467419e+01, -1.159480e-01
1.165200e+09, 9.182816e-02, 9.485872e-01, -2.475018e+00, 2.923409e+00, 5.184593e-10, 4.576112e-10, 3.463113e+01, -1.140232e-01
1.169000e+09, 9.169637e-02, 9.485993e-01, -2.487397e+00, 2.912483e+00, 5.188141e-10, 4.576256e-10, 3.458947e+01, -1.120731e-01
1.172800e+09, 9.155578e-02, 9.486122e-01, -2.499784e+00, 2.901557e+00, 5.191926e-10, 4.576408e-10, 3.454921e+01, -1.100985e-01
1.176600e+09, 9.140638e-02, 9.486258e-01, -2.512180e+00, 2.890630e+00, 5.195955e-10, 4.576567e-10, 3.451037e+01, -1.081000e-01
1.180400e+09, 9.124816e-02, 9.486402e-01, -2.524586e+00, 2.879703e+00, 5.200231e-10, 4.576733e-10, 3.447297e+01, -1.060785e-01
1.184200e+09, 9.108109e-02, 9.486554e-01, -2.537002e+00, 2.868775e+00, 5.204760e-10, 4.576908e-10, 3.443701e+01, -1.040348e-01
1.188000e+09, 9.090517e-02, 9.486713e-01, -2.549429e+00, 2.857848e+00, 5.209546e-10, 4.577090e-10, 3.440252e+01, -1.019695e-01
1.191800e+09, 9.072038e-02, 9.486879e-01, -2.561868e+00, 2.846919e+00, 5.214597e-10, 4.577279e-10, 3.436950e+01, -9.988344e-02
1.195600e+09, 9.052672e-02, 9.487053e-01, -2.574318e+00, 2.835991e+00, 5.219917e-10, 4.577477e-10, 3.433797e+01, -9.777750e-02
1.199400e+09, 9.032418e-02, 9.487234e-01, -2.586781e+00, 2.825061e+00, 5.225513e-10, 4.577682e-10, 3.430793e+01, -9.565246e-02
1.203200e+09, 9.011275e-02, 9.487423e-01, -2.599258e+00, 2.814132e+00, 5.231391e-10, 4.577895e-10, 3.427941e+01, -9.350914e-02
1.207000e+09, 8.989243e-02, 9.487618e-01, -2.611748e+00, 2.803201e+00, 5.237559e-10, 4.578116e-10, 3.425241e+01, -9.134838e-02
1.210800e+09, 8.966321e-02, 9.487822e-01, -2.624253e+00, 2.792271e+00, 5.244022e-10, 4.578345e-10, 3.422694e+01, -8.917103e-02
1.214600e+09, 8.942509e-02, 9.488032e-01, -2.636774e+00, 2.781339e+00, 5.250789e-10, 4.578581e-10, 3.420301e+01, -8.697794e-02
1.218400e+09, 8.917807e-02, 9.488249e-01, -2.649311e+00, 2.770407e+00, 5.257868e-10, 4.578825e-10, 3.418064e+01, -8.476999e-02
1.222200e+09, 8.892214e-02, 9.488474e-01, -2.661865e+00, 2.759475e+00, 5.265266e-10, 4.579077e-10, 3.415983e+01, -8.254806e-02
1.226000e+09, 8.865732e-02, 9.488705e-01, -2.674436e+00, 2.748542e+00, 5.272993e-10, 4.579336e-10, 3.414059e+01, -8.031303e-02
1.229800e+09, 8.838360e-02, 9.488943e-01, -2.687026e+00, 2.737608e+00, 5.281056e-10, 4.579603e-10, 3.412293e+01, -7.806580e-02
1.233600e+09, 8.810098e-02, 9.489189e-01, -2.699635e+00, 2.726674e+00, 5.289466e-10, 4.579878e-10, 3.410686e+01, -7.580728e-02
1.237400e+09, 8.780948e-02, 9.489441e-01, -2.712264e+00, 2.715739e+00, 5.298232e-10, 4.580160e-10, 3.409238e+01, -7.353838e-02
1.241200e+09, 8.750910e-02, 9.489699e-01, -2.724914e+00, 2.704803e+00, 5.307364e-10, 4.580450e-10, 3.407951e+01, -7.126002e-02
1.245000e+09, 8.719984e-02, 9.489964e-01, -2.737586e+00, 2.693867e+00, 5.316874e-10, 4.580747e-10, 3.406825e+01, -6.897315e-02
1.248800e+09, 8.688172e-02, 9.490236e-01, -2.750281e+00, 2.682930e+00, 5.326771e-10, 4.581051e-10, 3.405860e+01, -6.667868e-02
1.252600e+09, 8.655475e-02, 9.490514e-01, -2.762999e+00, 2.671992e+00, 5.337069e-10, 4.581362e-10, 3.405058e+01, -6.437756e-02
1.256400e+09, 8.621895e-02, 9.490798e-01, -2.775742e+00, 2.661054e+00, 5.347779e-10, 4.581681e-10, 3.404419e+01, -6.207075e-02
1.260200e+09, 8.587432e-02, 9.491088e-01, -2.788510e+00, 2.650114e+00, 5.358914e-10, 4.582007e-10, 3.403943e+01, -5.975920e-02
1.264000e+09, 8.552088e-02, 9.491385e-01, -2.801305e+00, 2.639174e+00, 5.370487e-10, 4.582339e-10, 3.403630e+01, -5.744386e-02
1.267800e+09, 8.515866e-02, 9.491687e-01, -2.814128e+00, 2.628234e+00, 5.382513e-10, 4.582679e-10, 3.403482e+01, -5.512571e-02
1.271600e+09, 8.478766e-02, 9.491995e-01, -2.826979e+00, 2.617292e+00, 5.395006e-10, 4.583025e-10, 3.403499e+01, -5.280570e-02
1.275400e+09, 8.440791e-02, 9.492309e-01, -2.839861e+00, 2.606349e+00, 5.407982e-10, 4.583377e-10, 3.403681e+01, -5.048481e-02
1.279200e+09, 8.401944e-02, 9.492628e-01, -2.852773e+00, 2.595406e+00, 5.421456e-10, 4.583737e-10, 3.404028e+01, -4.816402e-02
1.283000e+09, 8.362226e-02, 9.492952e-01, -2.865717e+00, 2.584462e+00, 5.435447e-10, 4.584102e-10, 3.404540e+01, -4.584431e-02
1.286800e+09, 8.321640e-02, 9.493282e-01, -2.878695e+00, 2.573517e+00, 5.449970e-10, 4.584473e-10, 3.405218e+01, -4.352665e-02
1.290600e+09, 8.280189e-02, 9.493616e-01, -2.891707e+00, 2.562571e+00, 5.465046e-10, 4.584851e-10, 3.406061e+01, -4.121202e-02
1.294400e+09, 8.237876e-02, 9.493956e-01, -2.904756e+00, 2.551624e+00, 5.480693e-10, 4.585234e-10, 3.407071e+01, -3.890141e-02
1.298200e+09, 8.194704e-02, 9.494300e-01, -2.917841e+00, 2.540676e+00, 5.496932e-10, 4.585623e-10, 3.408246e+01, -3.659580e-02
1.302000e+09, 8.150676e-02, 9.494649e-01, -2.930966e+00, 2.529728e+00, 5.513785e-10, 4.586017e-10, 3.409588e+01, -3.429618e-02
1.305800e+09, 8.105795e-02, 9.495002e-01, -2.944131e+00, 2.518778e+00, 5.531274e-10, 4.586416e-10, 3.411095e+01, -3.200352e-02
1.309600e+09, 8.060066e-02, 9.495359e-01, -2.957337e+00, 2.507827e+00, 5.549422e-10, 4.586821e-10, 3.412768e+01, -2.971881e-02
1.313400e+09, 8.013491e-02, 9.495720e-01, -2.970587e+00, 2.496876e+00, 5.568254e-10, 4.587231e-10, 3.414607e+01, -2.744304e-02
1.317200e+09, 7.966075e-02, 9.496085e-01, -2.983882e+00, 2.485923e+00, 5.587798e-10, 4.587645e-10, 3.416611e+01, -2.517717e-02
1.321000e+09, 7.917823e-02, 9.496454e-01, -2.997223e+00, 2.474970e+00, 5.608079e-10, 4.588063e-10, 3.418781e+01, -2.292219e-02
1.324800e+09, 7.868737e-02, 9.496826e-01, -3.010613e+00, 2.464015e+00, 5.629126e-10, 4.588486e-10, 3.421115e+01, -2.067907e-02
1.328600e+09, 7.818824e-02, 9.497202e-01, -3.024053e+00, 2.453060e+00, 5.650971e-10, 4.588914e-10, 3.423614e+01, -1.844878e-02
1.332400e+09, 7.768087e-02, 9.497580e-01, -3.037546e+00, 2.442103e+00, 5.673645e-10, 4.589344e-10, 3.426278e+01, -1.623229e-02
1.336200e+09, 7.716532e-02, 9.497962e-01, -3.051092e+00, 2.431146e+00, 5.697181e-10, 4.589779e-10, 3.429105e+01, -1.403056e-02
1.340000e+09, 7.664164e-02, 9.498346e-01, -3.064695e+00, 2.420187e+00, 5.721616e-10, 4.590217e-10, 3.432095e+01, -1.184456e-02
1.343800e+09, 7.610988e-02, 9.498733e-01, -3.078356e+00, 2.409227e+00, 5.746985e-10, 4.590658e-10, 3.435248e+01, -9.675224e-03
1.347600e+09, 7.557011e-02, 9.499121e-01, -3.092077e+00, 2.398267e+00, 5.773329e-10, 4.591103e-10, 3.438564e+01, -7.523513e-03
1.351400e+09, 7.502237e-02, 9.499512e-01, -3.105862e+00, 2.387305e+00, 5.800688e-10, 4.591550e-10, 3.442041e+01, -5.390364e-03
1.355200e+09, 7.446673e-02, 9.499905e-01, -3.119712e+00, 2.376342e+00, 5.829107e-10, 4.591999e-10, 3.445679e+01, -3.276713e-03
1.359000e+09, 7.390326e-02, 9.500299e-01, -3.133629e+00, 2.365378e+00, 5.858631e-10, 4.592451e-10, 3.449477e+01, -1.183489e-03
1.362800e+09, 7.333201e-02, 9.500695e-01, 3.135568e+00, 2.354413e+00, 5.889309e-10, 4.592905e-10, 3.453435e+01, 8.883865e-04
1.366600e+09, 7.275307e-02, 9.501092e-01, 3.121507e+00, 2.343447e+00, 5.921192e-10, 4.593361e-10, 3.457551e+01, 2.938001e-03
1.370400e+09, 7.216649e-02, 9.501490e-01, 3.107369e+00, 2.332480e+00, 5.954334e-10, 4.593818e-10, 3.461825e+01, 4.964449e-03
1.374200e+09, 7.157237e-02, 9.501889e-01, 3.093152e+00, 2.321512e+00, 5.988793e-10, 4.594277e-10, 3.466256e+01, 6.966833e-03
1.378000e+09, 7.097076e-02, 9.502289e-01, 3.078853e+00, 2.310542e+00, 6.024630e-10, 4.594737e-10, 3.470842e+01, 8.944265e-03
1.381800e+09, 7.036176e-02, 9.502688e-01, 3.064469e+00, 2.299572e+00, 6.061907e-10, 4.595198e-10, 3.475584e+01, 1.089587e-02
1.385600e+09, 6.974545e-02, 9.503088e-01, 3.049996e+00, 2.288600e+00, 6.100694e-10, 4.595659e-10, 3.480479e+01, 1.282077e-02
1.389400e+09, 6.912191e-02, 9.503488e-01, 3.035429e+00, 2.277628e+00, 6.141061e-10, 4.596121e-10, 3.485527e+01, 1.471811e-02
1.393200e+09, 6.849124e-02, 9.503887e-01, 3.020767e+00, 2.266654e+00, 6.183086e-10, 4.596583e-10, 3.490726e+01, 1.658705e-02
1.397000e+09, 6.785352e-02, 9.504286e-01, 3.006004e+00, 2.255679e+00, 6.226848e-10, 4.597046e-10, 3.496076e+01, 1.842674e-02
1.400800e+09, 6.720886e-02, 9.504684e-01, 2.991137e+00, 2.244703e+00, 6.272433e-10, 4.597507e-10, 3.501574e+01, 2.023636e-02
1.404600e+09, 6.655736e-02, 9.505081e-01, 2.976161e+00, 2.233726e+00, 6.319931e-10, 4.597969e-10, 3.507220e+01, 2.201509e-02
1.408400e+09, 6.589913e-02, 9.505477e-01, 2.961071e+00, 2.222748e+00, 6.369440e-10, 4.598429e-10, 3.513013e+01, 2.376213e-02
1.412200e+09, 6.523427e-02, 9.505871e-01, 2.945864e+00, 2.211769e+00, 6.421060e-10, 4.598889e-10, 3.518950e+01, 2.547668e-02
1.416000e+09, 6.456290e-02, 9.506264e-01, 2.930533e+00, 2.200788e+00, 6.474901e-10, 4.599347e-10, 3.525030e+01, 2.715797e-02
1.419800e+09, 6.388514e-02, 9.506655e-01, 2.915073e+00, 2.189807e+00, 6.531077e-10, 4.599804e-10, 3.531253e+01, 2.880523e-02
1.423600e+09, 6.320111e-02, 9.507044e-01, 2.899479e+00, 2.178824e+00, 6.589712e-10, 4.600260e-10, 3.537615e+01, 3.041770e-02
1.427400e+09, 6.251095e-02, 9.507430e-01, 2.883746e+00, 2.167841e+00, 6.650936e-10, 4.600713e-10, 3.544117e+01, 3.199464e-02
1.431200e+09, 6.181478e-02, 9.507814e-01, 2.867866e+00, 2.156856e+00, 6.714888e-10, 4.601165e-10, 3.550755e+01, 3.353533e-02
1.435000e+09, 6.111275e-02, 9.508196e-01, 2.851833e+00, 2.145870e+00, 6.781714e-10, 4.601614e-10, 3.557528e+01, 3.503904e-02
1.438800e+09, 6.040501e-02, 9.508574e-01, 2.835641e+00, 2.134883e+00, 6.851573e-10, 4.602061e-10, 3.564434e+01, 3.650508e-02
1.442600e+09, 5.969170e-02, 9.508949e-01, 2.819282e+00, 2.123896e+00, 6.924632e-10, 4.602505e-10, 3.571472e+01, 3.793276e-02
1.446400e+09, 5.897300e-02, 9.509321e-01, 2.802749e+00, 2.112907e+00, 7.001070e-10, 4.602946e-10, 3.578640e+01, 3.932141e-02
1.450200e+09, 5.824907e-02, 9.509689e-01, 2.786033e+00, 2.101917e+00, 7.081077e-10, 4.603384e-10, 3.585935e+01, 4.067037e-02
1.454000e+09, 5.752008e-02, 9.510053e-01, 2.769126e+00, 2.090925e+00, 7.164856e-10, 4.603818e-10, 3.593356e+01, 4.197899e-02
1.457800e+09, 5.678622e-02, 9.510413e-01, 2.752019e+00, 2.079933e+00, 7.252623e-10, 4.604250e-10, 3.600901e+01, 4.324665e-02
1.461600e+09, 5.604768e-02, 9.510769e-01, 2.734703e+00, 2.068940e+00, 7.344610e-10, 4.604677e-10, 3.608567e+01, 4.447274e-02
1.465400e+09, 5.530466e-02, 9.511121e-01, 2.717167e+00, 2.057946e+00, 7.441063e-10, 4.605101e-10, 3.616352e+01, 4.565664e-02
1.469200e+09, 5.455739e-02, 9.511468e-01, 2.699401e+00, 2.046951e+00, 7.542245e-10, 4.605520e-10, 3.624255e+01, 4.679779e-02
1.473000e+09, 5.380607e-02, 9.511810e-01, 2.681393e+00, 2.035955e+00, 7.648436e-10, 4.605935e-10, 3.632272e+01, 4.789561e-02
1.476800e+09, 5.305095e-02, 9.512147e-01, 2.663131e+00, 2.024957e+00, 7.759937e-10, 4.606346e-10, 3.640401e+01, 4.894955e-02
1.480600e+09, 5.229228e-02, 9.512478e-01, 2.644603e+00, 2.013959e+00, 7.877066e-10, 4.606753e-10, 3.648641e+01, 4.995907e-02
1.484400e+09, 5.153031e-02, 9.512805e-01, 2.625796e+00, 2.002960e+00, 8.000164e-10, 4.607154e-10, 3.656988e+01, 5.092365e-02
1.488200e+09, 5.076532e-02, 9.513126e-01, 2.606695e+00, 1.991960e+00, 8.129596e-10, 4.607550e-10, 3.665441e+01, 5.184280e-02
1.492000e+09, 4.999760e-02, 9.513441e-01, 2.587284e+00, 1.980959e+00, 8.265749e-10, 4.607942e-10, 3.673995e+01, 5.271601e-02
1.495800e+09, 4.922746e-02, 9.513749e-01, 2.567549e+00, 1.969957e+00, 8.409036e-10, 4.608328e-10, 3.682650e+01, 5.354282e-02
1.499600e+09, 4.845523e-02, 9.514052e-01, 2.547472e+00, 1.958954e+00, 8.559897e-10, 4.608708e-10, 3.691402e+01, 5.432278e-02
1.503400e+09, 4.768125e-02, 9.514349e-01, 2.527034e+00, 1.947950e+00, 8.718799e-10, 4.609083e-10, 3.700249e+01, 5.505544e-02
1.507200e+09, 4.690588e-02, 9.514638e-01, 2.506217e+00, 1.936946e+00, 8.886239e-10, 4.609453e-10, 3.709187e+01, 5.574038e-02
1.511000e+09, 4.612952e-02, 9.514922e-01, 2.485000e+00, 1.925940e+00, 9.062743e-10, 4.609816e-10, 3.718215e+01, 5.637720e-02
1.514800e+09, 4.535257e-02, 9.515198e-01, 2.463362e+00, 1.914934e+00, 9.248871e-10, 4.610173e-10, 3.727328e+01, 5.696551e-02
1.518600e+09, 4.457548e-02, 9.515467e-01, 2.441279e+00, 1.903926e+00, 9.445211e-10, 4.610525e-10, 3.736524e+01, 5.750494e-02
1.522400e+09, 4.379872e-02, 9.515729e-01, 2.418727e+00, 1.892918e+00, 9.652385e-10, 4.610869e-10, 3.745801e+01, 5.799513e-02
1.526200e+09, 4.302277e-02, 9.515983e-01, 2.395681e+00, 1.881909e+00, 9.871044e-10, 4.611208e-10, 3.755154e+01, 5.843575e-02
1.530000e+09, 4.224817e-02, 9.516230e-01, 2.372113e+00, 1.870899e+00, 1.010187e-09, 4.611540e-10, 3.764582e+01, 5.882648e-02
1.533800e+09, 4.147550e-02, 9.516470e-01, 2.347994e+00, 1.859889e+00, 1.034558e-09, 4.611865e-10, 3.774080e+01, 5.916702e-02
1.537600e+09, 4.070535e-02, 9.516701e-01, 2.323293e+00, 1.848878e+00, 1.060290e-09, 4.612183e-10, 3.783645e+01, 5.945707e-02
1.541400e+09, 3.993838e-02, 9.516924e-01, 2.297977e+00, 1.837865e+00, 1.087459e-09, 4.612494e-10, 3.793275e+01, 5.969639e-02
1.545200e+09, 3.917529e-02, 9.517140e-01, 2.272013e+00, 1.826853e+00, 1.116143e-09, 4.612798e-10, 3.802966e+01, 5.988471e-02
1.549000e+09, 3.841680e-02, 9.517347e-01, 2.245363e+00, 1.815839e+00, 1.146418e-09, 4.613095e-10, 3.812714e+01, 6.002181e-02
1.552800e+09, 3.766373e-02, 9.517545e-01, 2.217992e+00, 1.804825e+00, 1.178362e-09, 4.613385e-10, 3.822516e+01, 6.010747e-02
1.556600e+09, 3.691693e-02, 9.517735e-01, 2.189857e+00, 1.793810e+00, 1.212050e-09, 4.613667e-10, 3.832368e+01, 6.014151e-02
1.560400e+09, 3.617730e-02, 9.517916e-01, 2.160918e+00, 1.782794e+00, 1.247553e-09, 4.613942e-10, 3.842268e+01, 6.012373e-02
1.564200e+09, 3.544585e-02, 9.518088e-01, 2.131131e+00, 1.771778e+00, 1.284936e-09, 4.614209e-10, 3.852210e+01, 6.005399e-02
1.568000e+09, 3.472362e-02, 9.518251e-01, 2.100452e+00, 1.760761e+00, 1.324256e-09, 4.614469e-10, 3.862192e+01, 5.993215e-02
1.571800e+09, 3.401173e-02, 9.518405e-01, 2.068834e+00, 1.749743e+00, 1.365557e-09, 4.614720e-10, 3.872211e+01, 5.975807e-02
1.575600e+09, 3.331141e-02, 9.518550e-01, 2.036230e+00, 1.738725e+00, 1.408866e-09, 4.614964e-10, 3.882261e+01, 5.953167e-02
1.579400e+09, 3.262393e-02, 9.518686e-01, 2.002591e+00, 1.727707e+00, 1.454191e-09, 4.615199e-10, 3.892339e+01, 5.925285e-02
1.583200e+09, 3.195069e-02, 9.518812e-01, 1.967871e+00, 1.716687e+00, 1.501511e-09, 4.615427e-10, 3.902442e+01, 5.892155e-02
1.587000e+09, 3.129315e-02, 9.518928e-01, 1.932021e+00, 1.705667e+00, 1.550772e-09, 4.615646e-10, 3.912565e+01, 5.853773e-02
1.590800e+09, 3.065289e-02, 9.519035e-01, 1.894994e+00, 1.694647e+00, 1.601882e-09, 4.615857e-10, 3.922705e+01, 5.810134e-02
1.594600e+09, 3.003157e-02, 9.519132e-01, 1.856748e+00, 1.683626e+00, 1.654699e-09, 4.616060e-10, 3.932856e+01, 5.761240e-02
1.598400e+09, 2.943095e-02, 9.519219e-01, 1.817240e+00, 1.672605e+00, 1.709026e-09, 4.616254e-10, 3.943017e+01, 5.707090e-02
1.602200e+09, 2.885287e-02, 9.519296e-01, 1.776435e+00, 1.661583e+00, 1.764601e-09, 4.616439e-10, 3.953181e+01, 5.647688e-02
1.606000e+09, 2.829929e-02, 9.519363e-01, 1.734303e+00, 1.650561e+00, 1.821091e-09, 4.616616e-10, 3.963345e+01, 5.583038e-02
1.609800e+09, 2.777222e-02, 9.519419e-01, 1.690823e+00, 1.639538e+00, 1.878084e-09, 4.616784e-10, 3.973505e+01, 5.513147e-02
1.613600e+09, 2.727376e-02, 9.519466e-01, 1.645981e+00, 1.628515e+00, 1.935084e-09, 4.616944e-10, 3.983656e+01, 5.438024e-02
1.617400e+09, 2.680605e-02, 9.519502e-01, 1.599779e+00, 1.617492e+00, 1.991511e-09, 4.617094e-10, 3.993795e+01, 5.357681e-02
1.621200e+09, 2.637129e-02, 9.519527e-01, 1.552229e+00, 1.606468e+00, 2.046702e-09, 4.617236e-10, 4.003916e+01, 5.272128e-02
1.625000e+09, 2.597165e-02, 9.519542e-01, 1.503362e+00, 1.595444e+00, 2.099920e-09, 4.617369e-10, 4.014016e+01, 5.181381e-02
1.628800e+09, 2.560934e-02, 9.519547e-01, 1.453224e+00, 1.584419e+00, 2.150363e-09, 4.617493e-10, 4.024089e+01, 5.085458e-02
1.632600e+09, 2.528647e-02, 9.519541e-01, 1.401882e+00, 1.573394e+00, 2.197189e-09, 4.617607e-10, 4.034132e+01, 4.984375e-02
1.636400e+09, 2.500509e-02, 9.519524e-01, 1.349422e+00, 1.562369e+00, 2.239542e-09, 4.617713e-10, 4.044139e+01, 4.878154e-02
1.640200e+09, 2.476712e-02, 9.519496e-01, 1.295950e+00, 1.551344e+00, 2.276581e-09, 4.617809e-10, 4.054107e+01, 4.766818e-02
1.644000e+09, 2.457431e-02, 9.519457e-01, 1.241594e+00, 1.540318e+00, 2.307516e-09, 4.617896e-10, 4.064031e+01, 4.650392e-02
1.647800e+09, 2.442821e-02, 9.519408e-01, 1.186500e+00, 1.529293e+00, 2.331652e-09, 4.617974e-10, 4.073905e+01, 4.528901e-02
1.651600e+09, 2.433013e-02, 9.519347e-01, 1.130829e+00, 1.518267e+00, 2.348420e-09, 4.618042e-10, 4.083727e+01, 4.402375e-02
1.655400e+09, 2.428110e-02, 9.519275e-01, 1.074758e+00, 1.507241e+00, 2.357413e-09, 4.618101e-10, 4.093490e+01, 4.270844e-02
1.659200e+09, 2.428183e-02, 9.519193e-01, 1.018472e+00, 1.496214e+00, 2.358405e-09, 4.618150e-10, 4.103190e+01, 4.134341e-02
1.663000e+09, 2.433273e-02, 9.519099e-01, 9.621625e-01, 1.485188e+00, 2.351373e-09, 4.618190e-10, 4.112822e+01, 3.992901e-02
1.666800e+09, 2.443387e-02, 9.518994e-01, 9.060208e-01, 1.474162e+00, 2.336490e-09, 4.618220e-10, 4.122382e+01, 3.846561e-02
1.670600e+09, 2.458501e-02, 9.518878e-01, 8.502346e-01, 1.463135e+00, 2.314120e-09, 4.618241e-10, 4.131865e+01, 3.695360e-02
1.674400e+09, 2.478557e-02, 9.518751e-01, 7.949824e-01, 1.452109e+00, 2.284795e-09, 4.618252e-10, 4.141266e+01, 3.539339e-02
1.678200e+09, 2.503469e-02, 9.518613e-01, 7.404304e-01, 1.441082e+00, 2.249182e-09, 4.618254e-10, 4.150580e+01, 3.378541e-02
1.682000e+09, 2.533123e-02, 9.518463e-01, 6.867287e-01, 1.430055e+00, 2.208049e-09, 4.618245e-10, 4.159803e+01, 3.213011e-02
1.685800e+09, 2.567382e-02, 9.518302e-01, 6.340091e-01, 1.419029e+00, 2.162228e-09, 4.618228e-10, 4.168930e+01, 3.042796e-02
1.689600e+09, 2.606090e-02, 9.518130e-01, 5.823835e-01, 1.408002e+00, 2.112576e-09, 4.618200e-10, 4.177956e+01, 2.867945e-02
1.693400e+09, 2.649076e-02, 9.517947e-01, 5.319434e-01, 1.396976e+00, 2.059940e-09, 4.618162e-10, 4.186875e+01, 2.688510e-02
1.697200e+09, 2.696154e-02, 9.517752e-01, 4.827601e-01, 1.385949e+00, 2.005134e-09, 4.618115e-10, 4.195685e+01, 2.504545e-02
1.701000e+09, 2.747134e-02, 9.517546e-01, 4.348853e-01, 1.374923e+00, 1.948913e-09, 4.618058e-10, 4.204379e+01, 2.316104e-02
1.704800e+09, 2.801818e-02, 9.517329e-01, 3.883528e-01, 1.363897e+00, 1.891959e-09, 4.617991e-10, 4.212952e+01, 2.123245e-02
1.708600e+09, 2.860007e-02, 9.517100e-01, 3.431802e-01, 1.352871e+00, 1.834875e-09, 4.617915e-10, 4.221401e+01, 1.926028e-02
1.712400e+09, 2.921505e-02, 9.516861e-01, 2.993706e-01, 1.341845e+00, 1.778176e-09, 4.617828e-10, 4.229721e+01, 1.724515e-02
1.716200e+09, 2.986117e-02, 9.516610e-01, 2.569147e-01, 1.330820e+00, 1.722295e-09, 4.617732e-10, 4.237906e+01, 1.518768e-02
1.720000e+09, 3.053652e-02, 9.516347e-01, 2.157930e-01, 1.319794e+00, 1.667585e-09, 4.617626e-10, 4.245952e+01, 1.308854e-02
1.723800e+09, 3.123927e-02, 9.516074e-01, 1.759776e-01, 1.308769e+00, 1.614324e-09, 4.617510e-10, 4.253855e+01, 1.094841e-02
1.727600e+09, 3.196765e-02, 9.515790e-01, 1.374338e-01, 1.297745e+00, 1.562726e-09, 4.617384e-10, 4.261609e+01, 8.767972e-03
1.731400e+09, 3.271998e-02, 9.515494e-01, 1.001220e-01, 1.286720e+00, 1.512945e-09, 4.617248e-10, 4.269211e+01, 6.547954e-03
1.735200e+09, 3.349465e-02, 9.515187e-01, 6.399874e-02, 1.275696e+00, 1.465085e-09, 4.617103e-10, 4.276655e+01, 4.289090e-03
1.739000e+09, 3.429012e-02, 9.514870e-01, 2.901821e-02, 1.264672e+00, 1.419210e-09, 4.616947e-10, 4.283937e+01, 1.992137e-03
1.742800e+09, 3.510497e-02, 9.514541e-01, -4.866988e-03, 1.253648e+00, 1.375346e-09, 4.616782e-10, 4.291054e+01, -3.421312e-04
1.746600e+09, 3.593782e-02, 9.514201e-01, -3.770489e-02, 1.242625e+00, 1.333494e-09, 4.616607e-10, 4.297999e+01, -2.712918e-03
1.750400e+09, 3.678739e-02, 9.513851e-01, -6.954353e-02, 1.231603e+00, 1.293629e-09, 4.616422e-10, 4.304770e+01, -5.119410e-03
1.754200e+09, 3.765250e-02, 9.513490e-01, -1.004304e-01, 1.220581e+00, 1.255713e-09, 4.616228e-10, 4.311362e+01, -7.560775e-03
1.758000e+09, 3.853199e-02, 9.513118e-01, -1.304119e-01, 1.209559e+00, 1.219691e-09, 4.616024e-10, 4.317771e+01, -1.003616e-02
1.761800e+09, 3.942482e-02, 9.512735e-01, -1.595334e-01, 1.198538e+00, 1.185500e-09, 4.615810e-10, 4.323992e+01, -1.254470e-02
1.765600e+09, 4.032998e-02, 9.512341e-01, -1.878385e-01, 1.187517e+00, 1.153070e-09, 4.615586e-10, 4.330022e+01, -1.508550e-02
1.769400e+09, 4.124654e-02, 9.511938e-01, -2.153693e-01, 1.176497e+00, 1.122327e-09, 4.615353e-10, 4.335856e+01, -1.765766e-02
1.773200e+09, 4.217364e-02, 9.511523e-01, -2.421661e-01, 1.165477e+00, 1.093193e-09, 4.615111e-10, 4.341491e+01, -2.026026e-02
1.777000e+09, 4.311043e-02, 9.511098e-01, -2.682673e-01, 1.154458e+00, 1.065591e-09, 4.614859e-10, 4.346923e+01, -2.289235e-02
1.780800e+09, 4.405616e-02, 9.510664e-01, -2.937095e-01, 1.143439e+00, 1.039445e-09, 4.614597e-10, 4.352149e+01, -2.555298e-02
1.784600e+09, 4.501009e-02, 9.510218e-01, -3.185274e-01, 1.132421e+00, 1.014677e-09, 4.614326e-10, 4.357164e+01, -2.824119e-02
1.788400e+09, 4.597153e-02, 9.509763e-01, -3.427539e-01, 1.121404e+00, 9.912135e-10, 4.614046e-10, 4.361966e+01, -3.095597e-02
1.792200e+09, 4.693986e-02, 9.509298e-01, -3.664202e-01, 1.110388e+00, 9.689831e-10, 4.613756e-10, 4.366550e+01, -3.369632e-02
1.796000e+09, 4.791445e-02, 9.508823e-01, -3.895557e-01, 1.099372e+00, 9.479165e-10, 4.613457e-10, 4.370914e+01, -3.646123e-02
1.799800e+09, 4.889473e-02, 9.508338e-01, -4.121883e-01, 1.088357e+00, 9.279477e-10, 4.613149e-10, 4.375055e+01, -3.924967e-02
1.803600e+09, 4.988016e-02, 9.507844e-01, -4.343441e-01, 1.077342e+00, 9.090138e-10, 4.612832e-10, 4.378969e+01, -4.206058e-02
1.807400e+09, 5.087023e-02, 9.507340e-01, -4.560478e-01, 1.066329e+00, 8.910549e-10, 4.612506e-10, 4.382654e+01, -4.489290e-02
1.811200e+09, 5.186445e-02, 9.506827e-01, -4.773227e-01, 1.055316e+00, 8.740144e-10, 4.612171e-10, 4.386107e+01, -4.774556e-02
1.815000e+09, 5.286235e-02, 9.506304e-01, -4.981908e-01, 1.044304e+00, 8.578389e-10, 4.611828e-10, 4.389325e+01, -5.061746e-02
1.818800e+09, 5.386349e-02, 9.505772e-01, -5.186726e-01, 1.033292e+00, 8.424779e-10, 4.611475e-10, 4.392306e+01, -5.350752e-02
1.822600e+09, 5.486747e-02, 9.505232e-01, -5.387877e-01, 1.022282e+00, 8.278839e-10, 4.611114e-10, 4.395046e+01, -5.641462e-02
1.826400e+09, 5.587386e-02, 9.504682e-01, -5.585543e-01, 1.011273e+00, 8.140122e-10, 4.610745e-10, 4.397545e+01, -5.933764e-02
1.830200e+09, 5.688230e-02, 9.504124e-01, -5.779898e-01, 1.000264e+00, 8.008208e-10, 4.610367e-10, 4.399800e+01, -6.227544e-02
1.834000e+09, 5.789242e-02, 9.503558e-01, -5.971103e-01, 9.892561e-01, 7.882702e-10, 4.609980e-10, 4.401809e+01, -6.522688e-02
1.837800e+09, 5.890386e-02, 9.502983e-01, -6.159311e-01, 9.782492e-01, 7.763236e-10, 4.609586e-10, 4.403571e+01, -6.819081e-02
1.841600e+09, 5.991630e-02, 9.502399e-01, -6.344667e-01, 9.672434e-01, 7.649461e-10, 4.609183e-10, 4.405082e+01, -7.116607e-02
1.845400e+09, 6.092940e-02, 9.501808e-01, -6.527306e-01, 9.562384e-01, 7.541054e-10, 4.608772e-10, 4.406343e+01, -7.415148e-02
1.849200e+09, 6.194285e-02, 9.501209e-01, -6.707357e-01, 9.452345e-01, 7.437709e-10, 4.608354e-10, 4.407352e+01, -7.714588e-02
1.853000e+09, 6.295636e-02, 9.500602e-01, -6.884941e-01, 9.342315e-01, 7.339141e-10, 4.607928e-10, 4.408107e+01, -8.014808e-02
1.856800e+09, 6.396963e-02, 9.499988e-01, -7.060171e-01, 9.232296e-01, 7.245083e-10, 4.607494e-10, 4.408607e+01, -8.315689e-02
1.860600e+09, 6.498239e-02, 9.499366e-01, -7.233155e-01, 9.122287e-01, 7.155283e-10, 4.607053e-10, 4.408852e+01, -8.617112e-02
1.864400e+09, 6.599436e-02, 9.498737e-01, -7.403995e-01, 9.012288e-01, 7.069506e-10, 4.606604e-10, 4.408841e+01, -8.918956e-02
1.868200e+09, 6.700528e-02, 9.498101e-01, -7.572788e-01, 8.902301e-01, 6.987533e-10, 4.606149e-10, 4.408573e+01, -9.221101e-02
1.872000e+09, 6.801489e-02, 9.497459e-01, -7.739623e-01, 8.792324e-01, 6.909156e-10, 4.605686e-10, 4.408048e+01, -9.523426e-02
1.875800e+09, 6.902295e-02, 9.496809e-01, -7.904586e-01, 8.682358e-01, 6.834183e-10, 4.605216e-10, 4.407266e+01, -9.825810e-02
1.879600e+09, 7.002922e-02, 9.496154e-01, -8.067760e-01, 8.572403e-01, 6.762431e-10, 4.604740e-10, 4.406226e+01, -1.012813e-01
1.883400e+09, 7.103347e-02, 9.495492e-01, -8.229221e-01, 8.462460e-01, 6.693730e-10, 4.604257e-10, 4.404929e+01, -1.043027e-01
1.887200e+09, 7.203545e-02, 9.494824e-01, -8.389041e-01, 8.352528e-01, 6.627921e-10, 4.603768e-10, 4.403375e+01, -1.073211e-01
1.891000e+09, 7.303496e-02, 9.494151e-01, -8.547290e-01, 8.242608e-01, 6.564852e-10, 4.603273e-10, 4.401565e+01, -1.103351e-01
1.894800e+09, 7.403176e-02, 9.493472e-01, -8.704033e-01, 8.132700e-01, 6.504383e-10, 4.602772e-10, 4.399498e+01, -1.133437e-01
1.898600e+09, 7.502566e-02, 9.492788e-01, -8.859332e-01, 8.022804e-01, 6.446381e-10, 4.602264e-10, 4.397175e+01, -1.163456e-01
1.902400e+09, 7.601644e-02, 9.492098e-01, -9.013247e-01, 7.912920e-01, 6.390721e-10, 4.601751e-10, 4.394599e+01, -1.193396e-01
1.906200e+09, 7.700389e-02, 9.491404e-01, -9.165832e-01, 7.803048e-01, 6.337287e-10, 4.601233e-10, 4.391769e+01, -1.223245e-01
1.910000e+09, 7.798782e-02, 9.490705e-01, -9.317142e-01, 7.693188e-01, 6.285968e-10, 4.600709e-10, 4.388686e+01, -1.252991e-01
1.913800e+09, 7.896804e-02, 9.490001e-01, -9.467226e-01, 7.583341e-01, 6.236660e-10, 4.600181e-10, 4.385353e+01, -1.282621e-01
1.917600e+09, 7.994434e-02, 9.489294e-01, -9.616133e-01, 7.473507e-01, 6.189265e-10, 4.599647e-10, 4.381771e+01, -1.312124e-01
1.921400e+09, 8.091654e-02, 9.488582e-01, -9.763909e-01, 7.363685e-01, 6.143691e-10, 4.599109e-10, 4.377941e+01, -1.341488e-01
1.925200e+09, 8.188445e-02, 9.487867e-01, -9.910596e-01, 7.253876e-01, 6.099852e-10, 4.598566e-10, 4.373865e+01, -1.370701e-01
1.929000e+09, 8.284790e-02, 9.487149e-01, -1.005624e+00, 7.144080e-01, 6.057666e-10, 4.598018e-10, 4.369546e+01, -1.399751e-01
1.932800e+09, 8.380670e-02, 9.486427e-01, -1.020087e+00, 7.034298e-01, 6.017054e-10, 4.597467e-10, 4.364984e+01, -1.428627e-01
1.936600e+09, 8.476067e-02, 9.485702e-01, -1.034453e+00, 6.924528e-01, 5.977945e-10, 4.596912e-10, 4.360184e+01, -1.457317e-01
1.940400e+09, 8.570964e-02, 9.484974e-01, -1.048726e+00, 6.814772e-01, 5.940270e-10, 4.596353e-10, 4.355146e+01, -1.485808e-01
1.944200e+09, 8.665345e-02, 9.484244e-01, -1.062909e+00, 6.705029e-01, 5.903963e-10, 4.595791e-10, 4.349874e+01, -1.514090e-01
1.948000e+09, 8.759191e-02, 9.483512e-01, -1.077006e+00, 6.595299e-01, 5.868963e-10, 4.595225e-10, 4.344370e+01, -1.542152e-01
1.951800e+09, 8.852487e-02, 9.482778e-01, -1.091019e+00, 6.485583e-01, 5.835212e-10, 4.594656e-10, 4.338637e+01, -1.569982e-01
1.955600e+09, 8.945215e-02, 9.482042e-01, -1.104951e+00, 6.375881e-01, 5.802654e-10, 4.594085e-10, 4.332678e+01, -1.597568e-01
1.959400e+09, 9.037360e-02, 9.481305e-01, -1.118805e+00, 6.266192e-01, 5.771239e-10, 4.593511e-10, 4.326497e+01, -1.624900e-01
1.963200e+09, 9.128906e-02, 9.480567e-01, -1.132585e+00, 6.156517e-01, 5.740916e-10, 4.592935e-10, 4.320095e+01, -1.651967e-01
1.967000e+09, 9.219836e-02, 9.479827e-01, -1.146292e+00, 6.046855e-01, 5.711638e-10, 4.592357e-10, 4.313477e+01, -1.678758e-01
1.970800e+09, 9.310136e-02, 9.479087e-01, -1.159929e+00, 5.937208e-01, 5.683363e-10, 4.591776e-10, 4.306647e+01, -1.705262e-01
1.974600e+09, 9.399789e-02, 9.478347e-01, -1.173499e+00, 5.827574e-01, 5.656047e-10, 4.591195e-10, 4.299606e+01, -1.731468e-01
1.978400e+09, 9.488781e-02, 9.477607e-01, -1.187003e+00, 5.717954e-01, 5.629651e-10, 4.590611e-10, 4.292360e+01, -1.757367e-01
1.982200e+09, 9.577096e-02, 9.476867e-01, -1.200445e+00, 5.608348e-01, 5.604137e-10, 4.590027e-10, 4.284912e+01, -1.782947e-01
1.986000e+09, 9.664720e-02, 9.476127e-01, -1.213825e+00, 5.498756e-01, 5.579469e-10, 4.589442e-10, 4.277265e+01, -1.808198e-01
1.989800e+09, 9.751638e-02, 9.475388e-01, -1.227147e+00, 5.389178e-01, 5.555614e-10, 4.588856e-10, 4.269425e+01, -1.833112e-01
1.993600e+09, 9.837834e-02, 9.474650e-01, -1.240411e+00, 5.279614e-01, 5.532539e-10, 4.588270e-10, 4.261394e+01, -1.857676e-01
1.997400e+09, 9.923295e-02, 9.473913e-01, -1.253621e+00, 5.170064e-01, 5.510213e-10, 4.587684e-10, 4.253176e+01, -1.881883e-01
2.001200e+09, 1.000801e-01, 9.473178e-01, -1.266777e+00, 5.060528e-01, 5.488607e-10, 4.587097e-10, 4.244777e+01, -1.905722e-01
2.005000e+09, 1.009196e-01, 9.472445e-01, -1.279882e+00, 4.951006e-01, 5.467693e-10, 4.586511e-10, 4.236200e+01, -1.929183e-01
2.008800e+09, 1.017513e-01, 9.471714e-01, -1.292936e+00, 4.841498e-01, 5.447446e-10, 4.585926e-10, 4.227450e+01, -1.952258e-01
2.012600e+09, 1.025750e-01, 9.470985e-01, -1.305943e+00, 4.732004e-01, 5.427839e-10, 4.585342e-10, 4.218531e+01, -1.974937e-01
2.016400e+09, 1.033908e-01, 9.470259e-01, -1.318902e+00, 4.622524e-01, 5.408849e-10, 4.584758e-10, 4.209448e+01, -1.997212e-01
2.020200e+09, 1.041983e-01, 9.469536e-01, -1.331817e+00, 4.513058e-01, 5.390453e-10, 4.584176e-10, 4.200204e+01, -2.019073e-01
2.024000e+09, 1.049976e-01, 9.468816e-01, -1.344687e+00, 4.403605e-01, 5.372630e-10, 4.583596e-10, 4.190806e+01, -2.040512e-01
2.027800e+09, 1.057883e-01, 9.468100e-01, -1.357515e+00, 4.294167e-01, 5.355358e-10, 4.583018e-10, 4.181257e+01, -2.061521e-01
2.031600e+09, 1.065705e-01, 9.467387e-01, -1.370301e+00, 4.184742e-01, 5.338619e-10, 4.582442e-10, 4.171561e+01, -2.082091e-01
2.035400e+09, 1.073440e-01, 9.466679e-01, -1.383048e+00, 4.075332e-01, 5.322392e-10, 4.581868e-10, 4.161725e+01, -2.102215e-01
2.039200e+09, 1.081087e-01, 9.465974e-01, -1.395756e+00, 3.965934e-01, 5.306661e-10, 4.581296e-10, 4.151752e+01, -2.121883e-01
2.043000e+09, 1.088643e-01, 9.465275e-01, -1.408426e+00, 3.856551e-01, 5.291408e-10, 4.580728e-10, 4.141648e+01, -2.141089e-01
2.046800e+09, 1.096109e-01, 9.464581e-01, -1.421060e+00, 3.747181e-01, 5.276617e-10, 4.580163e-10, 4.131417e+01, -2.159826e-01
2.050600e+09, 1.103483e-01, 9.463891e-01, -1.433658e+00, 3.637825e-01, 5.262272e-10, 4.579602e-10, 4.121064e+01, -2.178084e-01
2.054400e+09, 1.110763e-01, 9.463207e-01, -1.446222e+00, 3.528482e-01, 5.248359e-10, 4.579044e-10, 4.110594e+01, -2.195859e-01
2.058200e+09, 1.117948e-01, 9.462529e-01, -1.458753e+00, 3.419152e-01, 5.234863e-10, 4.578490e-10, 4.100013e+01, -2.213142e-01
2.062000e+09, 1.125038e-01, 9.461857e-01, -1.471252e+00, 3.309835e-01, 5.221770e-10, 4.577940e-10, 4.089324e+01, -2.229926e-01
2.065800e+09, 1.132030e-01, 9.461191e-01, -1.483720e+00, 3.200532e-01, 5.209068e-10, 4.577395e-10, 4.078533e+01, -2.246206e-01
2.069600e+09, 1.138925e-01, 9.460532e-01, -1.496157e+00, 3.091242e-01, 5.196744e-10, 4.576854e-10, 4.067646e+01, -2.261975e-01
2.073400e+09, 1.145719e-01, 9.459880e-01, -1.508565e+00, 2.981964e-01, 5.184787e-10, 4.576319e-10, 4.056666e+01, -2.277226e-01
2.077200e+09, 1.152414e-01, 9.459235e-01, -1.520944e+00, 2.872699e-01, 5.173185e-10, 4.575788e-10, 4.045599e+01, -2.291953e-01
2.081000e+09, 1.159006e-01, 9.458597e-01, -1.533296e+00, 2.763447e-01, 5.161927e-10, 4.575264e-10, 4.034450e+01, -2.306151e-01
2.084800e+09, 1.165496e-01, 9.457967e-01, -1.545620e+00, 2.654208e-01, 5.151003e-10, 4.574745e-10, 4.023224e+01, -2.319814e-01
2.088600e+09, 1.171882e-01, 9.457344e-01, -1.557919e+00, 2.544981e-01, 5.140403e-10, 4.574232e-10, 4.011927e+01, -2.332936e-01
2.092400e+09, 1.178163e-01, 9.456730e-01, -1.570192e+00, 2.435766e-01, 5.130118e-10, 4.573725e-10, 4.000562e+01, -2.345513e-01
2.096200e+09, 1.184338e-01, 9.456125e-01, -1.582441e+00, 2.326563e-01, 5.120139e-10, 4.573224e-10, 3.989135e+01, -2.357539e-01
2.100000e+09, 1.190405e-01, 9.455528e-01, -1.594666e+00, 2.217373e-01, 5.110456e-10, 4.572731e-10, 3.977651e+01, -2.369009e-01
2.103800e+09, 1.196364e-01, 9.454940e-01, -1.606867e+00, 2.108194e-01, 5.101062e-10, 4.572244e-10, 3.966115e+01, -2.379918e-01
2.107600e+09, 1.202214e-01, 9.454361e-01, -1.619047e+00, 1.999026e-01, 5.091948e-10, 4.571765e-10, 3.954531e+01, -2.390263e-01
2.111400e+09, 1.207953e-01, 9.453792e-01, -1.631204e+00, 1.889870e-01, 5.083108e-10, 4.571293e-10, 3.942906e+01, -2.400039e-01
2.115200e+09, 1.213581e-01, 9.453232e-01, -1.643341e+00, 1.780726e-01, 5.074533e-10, 4.570829e-10, 3.931243e+01, -2.409241e-01
2.119000e+09, 1.219097e-01, 9.452683e-01, -1.655457e+00, 1.671592e-01, 5.066218e-10, 4.570373e-10, 3.919548e+01, -2.417867e-01
2.122800e+09, 1.224499e-01, 9.452143e-01, -1.667553e+00, 1.562469e-01, 5.058155e-10, 4.569925e-10, 3.907825e+01, -2.425911e-01
2.126600e+09, 1.229786e-01, 9.451614e-01, -1.679630e+00, 1.453357e-01, 5.050338e-10, 4.569486e-10, 3.896079e+01, -2.433371e-01
2.130400e+09, 1.234958e-01, 9.451096e-01, -1.691688e+00, 1.344256e-01, 5.042760e-10, 4.569055e-10, 3.884316e+01, -2.440244e-01
2.134200e+09, 1.240014e-01, 9.450588e-01, -1.703728e+00, 1.235165e-01, 5.035417e-10, 4.568633e-10, 3.872539e+01, -2.446526e-01
2.138000e+09, 1.244952e-01, 9.450092e-01, -1.715751e+00, 1.126083e-01, 5.028303e-10, 4.568220e-10, 3.860754e+01, -2.452214e-01
2.141800e+09, 1.249772e-01, 9.449607e-01, -1.727757e+00, 1.017012e-01, 5.021411e-10, 4.567816e-10, 3.848965e+01, -2.457306e-01
2.145600e+09, 1.254473e-01, 9.449134e-01, -1.739746e+00, 9.079504e-02, 5.014738e-10, 4.567422e-10, 3.837177e+01, -2.461800e-01
2.149400e+09, 1.259054e-01, 9.448672e-01, -1.751719e+00, 7.988982e-02, 5.008279e-10, 4.567038e-10, 3.825395e+01, -2.465692e-01
2.153200e+09, 1.263514e-01, 9.448223e-01, -1.763677e+00, 6.898551e-02, 5.002028e-10, 4.566664e-10, 3.813623e+01, -2.468981e-01
2.157000e+09, 1.267851e-01, 9.447786e-01, -1.775620e+00, 5.808209e-02, 4.995981e-10, 4.566300e-10, 3.801866e+01, -2.471665e-01
2.160800e+09, 1.272066e-01, 9.447361e-01, -1.787548e+00, 4.717955e-02, 4.990135e-10, 4.565946e-10, 3.790128e+01, -2.473743e-01
2.164600e+09, 1.276158e-01, 9.446949e-01, -1.799463e+00, 3.627785e-02, 4.984485e-10, 4.565604e-10, 3.778414e+01, -2.475212e-01
2.168400e+09, 1.280124e-01, 9.446549e-01, -1.811364e+00, 2.537697e-02, 4.979027e-10, 4.565271e-10, 3.766728e+01, -2.476072e-01
2.172200e+09, 1.283966e-01, 9.446163e-01, -1.823252e+00, 1.447688e-02, 4.973758e-10, 4.564950e-10, 3.755075e+01, -2.476322e-01
2.176000e+09, 1.287681e-01, 9.445790e-01, -1.835127e+00, 3.577552e-03, 4.968674e-10, 4.564641e-10, 3.743459e+01, -2.475960e-01
2.179800e+09, 1.291269e-01, 9.445431e-01, -1.846990e+00, -7.321031e-03, 4.963772e-10, 4.564342e-10, 3.731885e+01, -2.474986e-01
2.183600e+09, 1.294729e-01, 9.445085e-01, -1.858842e+00, -1.821890e-02, 4.959049e-10, 4.564055e-10, 3.720356e+01, -2.473400e-01
2.187400e+09, 1.298061e-01, 9.444753e-01, -1.870682e+00, -2.911609e-02, 4.954502e-10, 4.563780e-10, 3.708878e+01, -2.471201e-01
2.191200e+09, 1.301263e-01, 9.444435e-01, -1.882512e+00, -4.001262e-02, 4.950129e-10, 4.563518e-10, 3.697453e+01, -2.468390e-01
2.195000e+09, 1.304336e-01, 9.444131e-01, -1.894331e+00, -5.090852e-02, 4.945925e-10, 4.563267e-10, 3.686087e+01, -2.464966e-01
2.198800e+09, 1.307277e-01, 9.443841e-01, -1.906140e+00, -6.180382e-02, 4.941890e-10, 4.563028e-10, 3.674783e+01, -2.460930e-01
2.202600e+09, 1.310087e-01, 9.443566e-01, -1.917939e+00, -7.269856e-02, 4.938021e-10, 4.562802e-10, 3.663546e+01, -2.456283e-01
2.206400e+09, 1.312764e-01, 9.443305e-01, -1.929729e+00, -8.359275e-02, 4.934315e-10, 4.562589e-10, 3.652380e+01, -2.451025e-01
2.210200e+09, 1.315309e-01, 9.443059e-01, -1.941510e+00, -9.448644e-02, 4.930770e-10, 4.562389e-10, 3.641288e+01, -2.445158e-01
2.214000e+09, 1.317719e-01, 9.442828e-01, -1.953283e+00, -1.053796e-01, 4.927385e-10, 4.562202e-10, 3.630274e+01, -2.438683e-01
2.217800e+09, 1.319996e-01, 9.442613e-01, -1.965048e+00, -1.162724e-01, 4.924157e-10, 4.562028e-10, 3.619343e+01, -2.431601e-01
2.221600e+09, 1.322137e-01, 9.442412e-01, -1.976805e+00, -1.271647e-01, 4.921086e-10, 4.561867e-10, 3.608498e+01, -2.423914e-01
2.225400e+09, 1.324142e-01, 9.442227e-01, -1.988554e+00, -1.380567e-01, 4.918169e-10, 4.561720e-10, 3.597742e+01, -2.415624e-01
2.229200e+09, 1.326012e-01, 9.442057e-01, -2.000297e+00, -1.489483e-01, 4.915405e-10, 4.561586e-10, 3.587081e+01, -2.406733e-01
2.233000e+09, 1.327744e-01, 9.441903e-01, -2.012033e+00, -1.598396e-01, 4.912792e-10, 4.561466e-10, 3.576517e+01, -2.397244e-01
2.236800e+09, 1.329338e-01, 9.441764e-01, -2.023763e+00, -1.707306e-01, 4.910331e-10, 4.561360e-10, 3.566054e+01, -2.387159e-01
2.240600e+09, 1.330795e-01, 9.441641e-01, -2.035487e+00, -1.816214e-01, 4.908018e-10, 4.561269e-10, 3.555696e+01, -2.376481e-01
2.244400e+09, 1.332113e-01, 9.441535e-01, -2.047205e+00, -1.925119e-01, 4.905855e-10, 4.561191e-10, 3.545446e+01, -2.365214e-01
2.248200e+09, 1.333291e-01, 9.441444e-01, -2.058918e+00, -2.034022e-01, 4.903839e-10, 4.561128e-10, 3.535308e+01, -2.353360e-01
2.252000e+09, 1.334329e-01, 9.441369e-01, -2.070627e+00, -2.142924e-01, 4.901970e-10, 4.561079e-10, 3.525285e+01, -2.340924e-01
2.255800e+09, 1.335228e-01, 9.441310e-01, -2.082331e+00, -2.251825e-01, 4.900248e-10, 4.561045e-10, 3.515381e+01, -2.327908e-01
2.259600e+09, 1.335985e-01, 9.441268e-01, -2.094031e+00, -2.360725e-01, 4.898671e-10, 4.561026e-10, 3.505598e+01, -2.314317e-01
2.263400e+09, 1.336601e-01, 9.441242e-01, -2.105727e+00, -2.469625e-01, 4.897241e-10, 4.561021e-10, 3.495942e+01, -2.300156e-01
2.267200e+09, 1.337074e-01, 9.441233e-01, -2.117420e+00, -2.578524e-01, 4.895956e-10, 4.561032e-10, 3.486413e+01, -2.285429e-01
2.271000e+09, 1.337406e-01, 9.441240e-01, -2.129109e+00, -2.687424e-01, 4.894816e-10, 4.561057e-10, 3.477017e+01, -2.270140e-01
2.274800e+09, 1.337594e-01, 9.441263e-01, -2.140796e+00, -2.796324e-01, 4.893821e-10, 4.561098e-10, 3.467756e+01, -2.254295e-01
2.278600e+09, 1.337639e-01, 9.441303e-01, -2.152481e+00, -2.905225e-01, 4.892972e-10, 4.561154e-10, 3.458633e+01, -2.237899e-01
2.282400e+09, 1.337541e-01, 9.441360e-01, -2.164163e+00, -3.014128e-01, 4.892268e-10, 4.561225e-10, 3.449651e+01, -2.220958e-01
2.286200e+09, 1.337298e-01, 9.441433e-01, -2.175844e+00, -3.123032e-01, 4.891711e-10, 4.561311e-10, 3.440813e+01, -2.203477e-01
2.290000e+09, 1.336911e-01, 9.441523e-01, -2.187523e+00, -3.231939e-01, 4.891300e-10, 4.561413e-10, 3.432123e+01, -2.185462e-01
2.293800e+09, 1.336378e-01, 9.441630e-01, -2.199202e+00, -3.340847e-01, 4.891036e-10, 4.561531e-10, 3.423583e+01, -2.166919e-01
2.297600e+09, 1.335701e-01, 9.441753e-01, -2.210880e+00, -3.449759e-01, 4.890919e-10, 4.561664e-10, 3.415197e+01, -2.147856e-01
2.301400e+09, 1.334877e-01, 9.441893e-01, -2.222557e+00, -3.558674e-01, 4.890952e-10, 4.561813e-10, 3.406966e+01, -2.128279e-01
2.305200e+09, 1.333908e-01, 9.442050e-01, -2.234235e+00, -3.667592e-01, 4.891134e-10, 4.561978e-10, 3.398894e+01, -2.108195e-01
2.309000e+09, 1.332792e-01, 9.442224e-01, -2.245913e+00, -3.776514e-01, 4.891466e-10, 4.562159e-10, 3.390984e+01, -2.087611e-01
2.312800e+09, 1.331529e-01, 9.442414e-01, -2.257592e+00, -3.885441e-01, 4.891951e-10, 4.562355e-10, 3.383238e+01, -2.066534e-01
2.316600e+09, 1.330119e-01, 9.442621e-01, -2.269272e+00, -3.994372e-01, 4.892589e-10, 4.562568e-10, 3.375660e+01, -2.044974e-01
2.320400e+09, 1.328562e-01, 9.442845e-01, -2.280954e+00, -4.103308e-01, 4.893382e-10, 4.562796e-10, 3.368251e+01, -2.022937e-01
2.324200e+09, 1.326858e-01, 9.443085e-01, -2.292637e+00, -4.212250e-01, 4.894331e-10, 4.563041e-10, 3.361014e+01, -2.000431e-01
2.328000e+09, 1.325005e-01, 9.443342e-01, -2.304323e+00, -4.321198e-01, 4.895438e-10, 4.563301e-10, 3.353951e+01, -1.977467e-01
2.331800e+09, 1.323005e-01, 9.443616e-01, -2.316012e+00, -4.430152e-01, 4.896706e-10, 4.563578e-10, 3.347066e+01, -1.954052e-01
2.335600e+09, 1.320856e-01, 9.443906e-01, -2.327703e+00, -4.539112e-01, 4.898135e-10, 4.563871e-10, 3.340361e+01, -1.930195e-01
2.339400e+09, 1.318559e-01, 9.444213e-01, -2.339398e+00, -4.648080e-01, 4.899730e-10, 4.564180e-10, 3.333838e+01, -1.905906e-01
2.343200e+09, 1.316113e-01, 9.444536e-01, -2.351096e+00, -4.757055e-01, 4.901491e-10, 4.564505e-10, 3.327499e+01, -1.881194e-01
2.347000e+09, 1.313518e-01, 9.444875e-01, -2.362799e+00, -4.866037e-01, 4.903422e-10, 4.564846e-10, 3.321347e+01, -1.856070e-01
2.350800e+09, 1.310774e-01, 9.445231e-01, -2.374507e+00, -4.975028e-01, 4.905526e-10, 4.565203e-10, 3.315383e+01, -1.830543e-01
2.354600e+09, 1.307881e-01, 9.445603e-01, -2.386219e+00, -5.084027e-01, 4.907804e-10, 4.565576e-10, 3.309611e+01, -1.804623e-01
2.358400e+09, 1.304838e-01, 9.445991e-01, -2.397937e+00, -5.193035e-01, 4.910262e-10, 4.565966e-10, 3.304031e+01, -1.778321e-01
2.362200e+09, 1.301647e-01, 9.446395e-01, -2.409661e+00, -5.302053e-01, 4.912901e-10, 4.566372e-10, 3.298647e+01, -1.751649e-01
2.366000e+09, 1.298305e-01, 9.446814e-01, -2.421391e+00, -5.411080e-01, 4.915725e-10, 4.566793e-10, 3.293461e+01, -1.724616e-01
2.369800e+09, 1.294814e-01, 9.447250e-01, -2.433128e+00, -5.520117e-01, 4.918739e-10, 4.567231e-10, 3.288473e+01, -1.697235e-01
2.373600e+09, 1.291174e-01, 9.447701e-01, -2.444872e+00, -5.629165e-01, 4.921946e-10, 4.567685e-10, 3.283687e+01, -1.669516e-01
2.377400e+09, 1.287383e-01, 9.448168e-01, -2.456624e+00, -5.738223e-01, 4.925351e-10, 4.568154e-10, 3.279103e+01, -1.641473e-01
2.381200e+09, 1.283443e-01, 9.448650e-01, -2.468383e+00, -5.847293e-01, 4.928958e-10, 4.568640e-10, 3.274725e+01, -1.613115e-01
2.385000e+09, 1.279354e-01, 9.449147e-01, -2.480152e+00, -5.956374e-01, 4.932772e-10, 4.569141e-10, 3.270553e+01, -1.584456e-01
2.388800e+09, 1.275114e-01, 9.449659e-01, -2.491929e+00, -6.065468e-01, 4.936797e-10, 4.569658e-10, 3.266590e+01, -1.555509e-01
2.392600e+09, 1.270725e-01, 9.450186e-01, -2.503717e+00, -6.174573e-01, 4.941040e-10, 4.570191e-10, 3.262837e+01, -1.526285e-01
2.396400e+09, 1.266186e-01, 9.450728e-01, -2.515514e+00, -6.283692e-01, 4.945505e-10, 4.570739e-10, 3.259295e+01, -1.496797e-01
2.400200e+09, 1.261497e-01, 9.451284e-01, -2.527322e+00, -6.392823e-01, 4.950199e-10, 4.571303e-10, 3.255967e+01, -1.467059e-01
2.404000e+09, 1.256659e-01, 9.451855e-01, -2.539141e+00, -6.501968e-01, 4.955129e-10, 4.571883e-10, 3.252853e+01, -1.437084e-01
2.407800e+09, 1.251671e-01, 9.452440e-01, -2.550972e+00, -6.611127e-01, 4.960300e-10, 4.572477e-10, 3.249955e+01, -1.406885e-01
2.411600e+09, 1.246534e-01, 9.453039e-01, -2.562815e+00, -6.720300e-01, 4.965719e-10, 4.573087e-10, 3.247275e+01, -1.376476e-01
2.415400e+09, 1.241248e-01, 9.453652e-01, -2.574671e+00, -6.829487e-01, 4.971395e-10, 4.573712e-10, 3.244814e+01, -1.345870e-01
2.419200e+09, 1.235812e-01, 9.454278e-01, -2.586541e+00, -6.938690e-01, 4.977335e-10, 4.574351e-10, 3.242573e+01, -1.315081e-01
2.423000e+09, 1.230228e-01, 9.454917e-01, -2.598425e+00, -7.047907e-01, 4.983547e-10, 4.575006e-10, 3.240553e+01, -1.284124e-01
2.426800e+09, 1.224495e-01, 9.455570e-01, -2.610324e+00, -7.157141e-01, 4.990040e-10, 4.575675e-10, 3.238755e+01, -1.253013e-01
2.430600e+09, 1.218613e-01, 9.456235e-01, -2.622238e+00, -7.266390e-01, 4.996822e-10, 4.576358e-10, 3.237182e+01, -1.221762e-01
2.434400e+09, 1.212583e-01, 9.456913e-01, -2.634168e+00, -7.375656e-01, 5.003905e-10, 4.577056e-10, 3.235832e+01, -1.190386e-01
2.438200e+09, 1.206404e-01, 9.457603e-01, -2.646116e+00, -7.484938e-01, 5.011297e-10, 4.577768e-10, 3.234709e+01, -1.158899e-01
2.442000e+09, 1.200078e-01, 9.458305e-01, -2.658081e+00, -7.594237e-01, 5.019011e-10, 4.578494e-10, 3.233812e+01, -1.127316e-01
2.445800e+09, 1.193604e-01, 9.459019e-01, -2.670064e+00, -7.703554e-01, 5.027056e-10, 4.579233e-10, 3.233142e+01, -1.095652e-01
2.449600e+09, 1.186983e-01, 9.459745e-01, -2.682067e+00, -7.812888e-01, 5.035447e-10, 4.579987e-10, 3.232701e+01, -1.063923e-01
2.453400e+09, 1.180214e-01, 9.460481e-01, -2.694090e+00, -7.922240e-01, 5.044194e-10, 4.580753e-10, 3.232488e+01, -1.032142e-01
2.457200e+09, 1.173299e-01, 9.461229e-01, -2.706133e+00, -8.031611e-01, 5.053312e-10, 4.581533e-10, 3.232506e+01, -1.000326e-01
2.461000e+09, 1.166238e-01, 9.461987e-01, -2.718199e+00, -8.141000e-01, 5.062815e-10, 4.582325e-10, 3.232753e+01, -9.684889e-02
2.464800e+09, 1.159030e-01, 9.462756e-01, -2.730287e+00, -8.250408e-01, 5.072718e-10, 4.583130e-10, 3.233231e+01, -9.366472e-02
2.468600e+09, 1.151677e-01, 9.463534e-01, -2.742398e+00, -8.359835e-01, 5.083038e-10, 4.583948e-10, 3.233940e+01, -9.048158e-02
2.472400e+09, 1.144179e-01, 9.464323e-01, -2.754535e+00, -8.469282e-01, 5.093790e-10, 4.584777e-10, 3.234881e+01, -8.730103e-02
2.476200e+09, 1.136536e-01, 9.465120e-01, -2.766697e+00, -8.578749e-01, 5.104995e-10, 4.585619e-10, 3.236054e+01, -8.412460e-02
2.480000e+09, 1.128748e-01, 9.465927e-01, -2.778885e+00, -8.688235e-01, 5.116669e-10, 4.586472e-10, 3.237459e+01, -8.095387e-02
2.483800e+09, 1.120817e-01, 9.466742e-01, -2.791102e+00, -8.797742e-01, 5.128835e-10, 4.587336e-10, 3.239097e+01, -7.779037e-02
2.487600e+09, 1.112742e-01, 9.467565e-01, -2.803348e+00, -8.907270e-01, 5.141513e-10, 4.588212e-10, 3.240968e+01, -7.463567e-02
2.491400e+09, 1.104524e-01, 9.468396e-01, -2.815624e+00, -9.016819e-01, 5.154726e-10, 4.589098e-10, 3.243071e+01, -7.149132e-02
2.495200e+09, 1.096164e-01, 9.469235e-01, -2.827931e+00, -9.126389e-01, 5.168498e-10, 4.589995e-10, 3.245407e+01, -6.835889e-02
2.499000e+09, 1.087662e-01, 9.470081e-01, -2.840271e+00, -9.235980e-01, 5.182856e-10, 4.590902e-10, 3.247976e+01, -6.523992e-02
2.502800e+09, 1.079019e-01, 9.470934e-01, -2.852646e+00, -9.345593e-01, 5.197827e-10, 4.591818e-10, 3.250777e+01, -6.213598e-02
2.506600e+09, 1.070234e-01, 9.471793e-01, -2.865056e+00, -9.455227e-01, 5.213440e-10, 4.592744e-10, 3.253811e+01, -5.904860e-02
2.510400e+09, 1.061310e-01, 9.472658e-01, -2.877504e+00, -9.564884e-01, 5.229727e-10, 4.593679e-10, 3.257077e+01, -5.597933e-02
2.514200e+09, 1.052247e-01, 9.473529e-01, -2.889991e+00, -9.674563e-01, 5.246720e-10, 4.594623e-10, 3.260575e+01, -5.292972e-02
2.518000e+09, 1.043044e-01, 9.474405e-01, -2.902518e+00, -9.784265e-01, 5.264456e-10, 4.595576e-10, 3.264305e+01, -4.990130e-02
2.521800e+09, 1.033704e-01, 9.475286e-01, -2.915087e+00, -9.893990e-01, 5.282972e-10, 4.596536e-10, 3.268266e+01, -4.689559e-02
2.525600e+09, 1.024226e-01, 9.476171e-01, -2.927701e+00, -1.000374e+00, 5.302308e-10, 4.597505e-10, 3.272457e+01, -4.391412e-02
2.529400e+09, 1.014612e-01, 9.477060e-01, -2.940361e+00, -1.011351e+00, 5.322509e-10, 4.598480e-10, 3.276878e+01, -4.095838e-02
2.533200e+09, 1.004861e-01, 9.477953e-01, -2.953069e+00, -1.022330e+00, 5.343620e-10, 4.599463e-10, 3.281529e+01, -3.802988e-02
2.537000e+09, 9.949759e-02, 9.478848e-01, -2.965827e+00, -1.033312e+00, 5.365691e-10, 4.600452e-10, 3.286408e+01, -3.513012e-02
2.540800e+09, 9.849562e-02, 9.479747e-01, -2.978638e+00, -1.044296e+00, 5.388776e-10, 4.601447e-10, 3.291515e+01, -3.226056e-02
2.544600e+09, 9.748030e-02, 9.480647e-01, -2.991505e+00, -1.055282e+00, 5.412931e-10, 4.602448e-10, 3.296848e+01, -2.942267e-02
2.548400e+09, 9.645173e-02, 9.481549e-01, -3.004429e+00, -1.066271e+00, 5.438219e-10, 4.603455e-10, 3.302408e+01, -2.661790e-02
2.552200e+09, 9.540999e-02, 9.482453e-01, -3.017413e+00, -1.077263e+00, 5.464704e-10, 4.604466e-10, 3.308192e+01, -2.384770e-02
2.556000e+09, 9.435518e-02, 9.483357e-01, -3.030461e+00, -1.088256e+00, 5.492458e-10, 4.605482e-10, 3.314200e+01, -2.111348e-02
2.559800e+09, 9.328739e-02, 9.484262e-01, -3.043574e+00, -1.099252e+00, 5.521557e-10, 4.606502e-10, 3.320431e+01, -1.841666e-02
2.563600e+09, 9.220672e-02, 9.485167e-01, -3.056758e+00, -1.110251e+00, 5.552084e-10, 4.607526e-10, 3.326883e+01, -1.575861e-02
2.567400e+09, 9.111328e-02, 9.486071e-01, -3.070014e+00, -1.121252e+00, 5.584127e-10, 4.608553e-10, 3.333555e+01, -1.314073e-02
2.571200e+09, 9.000718e-02, 9.486974e-01, -3.083347e+00, -1.132255e+00, 5.617784e-10, 4.609583e-10, 3.340446e+01, -1.056437e-02
2.575000e+09, 8.888852e-02, 9.487875e-01, -3.096760e+00, -1.143261e+00, 5.653157e-10, 4.610615e-10, 3.347554e+01, -8.030859e-03
2.578800e+09, 8.775741e-02, 9.488775e-01, -3.110257e+00, -1.154269e+00, 5.690360e-10, 4.611649e-10, 3.354877e+01, -5.541529e-03
2.582600e+09, 8.661399e-02, 9.489672e-01, -3.123844e+00, -1.165280e+00, 5.729514e-10, 4.612685e-10, 3.362414e+01, -3.097678e-03
2.586400e+09, 8.545836e-02, 9.490566e-01, -3.137524e+00, -1.176294e+00, 5.770752e-10, 4.613722e-10, 3.370163e+01, -7.005883e-04
2.590200e+09, 8.429065e-02, 9.491457e-01, 3.131883e+00, -1.187309e+00, 5.814217e-10, 4.614760e-10, 3.378123e+01, 1.648479e-03
2.594000e+09, 8.311101e-02, 9.492344e-01, 3.118001e+00, -1.198328e+00, 5.860068e-10, 4.615797e-10, 3.386291e+01, 3.948284e-03
2.597800e+09, 8.191955e-02, 9.493226e-01, 3.104010e+00, -1.209348e+00, 5.908473e-10, 4.616835e-10, 3.394666e+01, 6.197606e-03
2.601600e+09, 8.071643e-02, 9.494104e-01, 3.089903e+00, -1.220372e+00, 5.959620e-10, 4.617871e-10, 3.403245e+01, 8.395250e-03
2.605400e+09, 7.950180e-02, 9.494976e-01, 3.075673e+00, -1.231397e+00, 6.013713e-10, 4.618907e-10, 3.412027e+01, 1.054004e-02
2.609200e+09, 7.827580e-02, 9.495842e-01, 3.061315e+00, -1.242425e+00, 6.070973e-10, 4.619940e-10, 3.421008e+01, 1.263082e-02
2.613000e+09, 7.703859e-02, 9.496702e-01, 3.046820e+00, -1.253456e+00, 6.131646e-10, 4.620972e-10, 3.430188e+01, 1.466647e-02
2.616800e+09, 7.579035e-02, 9.497554e-01, 3.032180e+00, -1.264489e+00, 6.196000e-10, 4.622001e-10, 3.439563e+01, 1.664588e-02
2.620600e+09, 7.453124e-02, 9.498400e-01, 3.017386e+00, -1.275525e+00, 6.264328e-10, 4.623027e-10, 3.449131e+01, 1.856797e-02
2.624400e+09, 7.326144e-02, 9.499237e-01, 3.002429e+00, -1.286563e+00, 6.336956e-10, 4.624049e-10, 3.458890e+01, 2.043167e-02
2.628200e+09, 7.198116e-02, 9.500067e-01, 2.987299e+00, -1.297603e+00, 6.414241e-10, 4.625068e-10, 3.468837e+01, 2.223596e-02
2.632000e+09, 7.069057e-02, 9.500887e-01, 2.971985e+00, -1.308646e+00, 6.496580e-10, 4.626081e-10, 3.478968e+01, 2.397983e-02
2.635800e+09, 6.938990e-02, 9.501698e-01, 2.956473e+00, -1.319691e+00, 6.584410e-10, 4.627090e-10, 3.489282e+01, 2.566230e-02
2.639600e+09, 6.807937e-02, 9.502499e-01, 2.940752e+00, -1.330739e+00, 6.678218e-10, 4.628094e-10, 3.499776e+01, 2.728241e-02
2.643400e+09, 6.675920e-02, 9.503290e-01, 2.924807e+00, -1.341789e+00, 6.778542e-10, 4.629092e-10, 3.510446e+01, 2.883922e-02
2.647200e+09, 6.542964e-02, 9.504070e-01, 2.908623e+00, -1.352841e+00, 6.885984e-10, 4.630083e-10, 3.521289e+01, 3.033183e-02
2.651000e+09, 6.409095e-02, 9.504838e-01, 2.892182e+00, -1.363896e+00, 7.001215e-10, 4.631067e-10, 3.532302e+01, 3.175936e-02
2.654800e+09, 6.274340e-02, 9.505595e-01, 2.875466e+00, -1.374953e+00, 7.124985e-10, 4.632044e-10, 3.543483e+01, 3.312095e-02
2.658600e+09, 6.138729e-02, 9.506339e-01, 2.858454e+00, -1.386013e+00, 7.258133e-10, 4.633014e-10, 3.554827e+01, 3.441578e-02
2.662400e+09, 6.002293e-02, 9.507071e-01, 2.841124e+00, -1.397075e+00, 7.401604e-10, 4.633975e-10, 3.566331e+01, 3.564305e-02
2.666200e+09, 5.865065e-02, 9.507789e-01, 2.823452e+00, -1.408139e+00, 7.556459e-10, 4.634928e-10, 3.577992e+01, 3.680198e-02
2.670000e+09, 5.727080e-02, 9.508493e-01, 2.805410e+00, -1.419205e+00, 7.723895e-10, 4.635871e-10, 3.589805e+01, 3.789183e-02
2.673800e+09, 5.588379e-02, 9.509183e-01, 2.786969e+00, -1.430274e+00, 7.905268e-10, 4.636805e-10, 3.601768e+01, 3.891186e-02
2.677600e+09, 5.449001e-02, 9.509859e-01, 2.768094e+00, -1.441345e+00, 8.102113e-10, 4.637728e-10, 3.613876e+01, 3.986140e-02
2.681400e+09, 5.308993e-02, 9.510519e-01, 2.748749e+00, -1.452418e+00, 8.316174e-10, 4.638642e-10, 3.626126e+01, 4.073977e-02
2.685200e+09, 5.168404e-02, 9.511163e-01, 2.728893e+00, -1.463493e+00, 8.549439e-10, 4.639544e-10, 3.638512e+01, 4.154634e-02
2.689000e+09, 5.027287e-02, 9.511792e-01, 2.708481e+00, -1.474571e+00, 8.804178e-10, 4.640435e-10, 3.651032e+01, 4.228050e-02
2.692800e+09, 4.885701e-02, 9.512403e-01, 2.687460e+00, -1.485650e+00, 9.082987e-10, 4.641314e-10, 3.663681e+01, 4.294166e-02
2.696600e+09, 4.743712e-02, 9.512998e-01, 2.665773e+00, -1.496732e+00, 9.388850e-10, 4.642180e-10, 3.676455e+01, 4.352927e-02
2.700400e+09, 4.601390e-02, 9.513575e-01, 2.643356e+00, -1.507816e+00, 9.725196e-10, 4.643034e-10, 3.689348e+01, 4.404280e-02
2.704200e+09, 4.458817e-02, 9.514134e-01, 2.620136e+00, -1.518901e+00, 1.009598e-09, 4.643875e-10, 3.702357e+01, 4.448175e-02
2.708000e+09, 4.316081e-02, 9.514675e-01, 2.596031e+00, -1.529989e+00, 1.050577e-09, 4.644702e-10, 3.715477e+01, 4.484566e-02
2.711800e+09, 4.173283e-02, 9.515197e-01, 2.570947e+00, -1.541079e+00, 1.095986e-09, 4.645515e-10, 3.728703e+01, 4.513407e-02
2.715600e+09, 4.030535e-02, 9.515699e-01, 2.544779e+00, -1.552170e+00, 1.146438e-09, 4.646313e-10, 3.742030e+01, 4.534659e-02
2.719400e+09, 3.887966e-02, 9.516182e-01, 2.517407e+00, -1.563264e+00, 1.202646e-09, 4.647097e-10, 3.755454e+01, 4.548281e-02
2.723200e+09, 3.745722e-02, 9.516645e-01, 2.488692e+00, -1.574359e+00, 1.265435e-09, 4.647865e-10, 3.768968e+01, 4.554240e-02
2.727000e+09, 3.603969e-02, 9.517087e-01, 2.458479e+00, -1.585457e+00, 1.335764e-09, 4.648618e-10, 3.782568e+01, 4.552501e-02
2.730800e+09, 3.462902e-02, 9.517508e-01, 2.426586e+00, -1.596556e+00, 1.414747e-09, 4.649354e-10, 3.796249e+01, 4.543036e-02
2.734600e+09, 3.322742e-02, 9.517908e-01, 2.392807e+00, -1.607657e+00, 1.503664e-09, 4.650074e-10, 3.810005e+01, 4.525818e-02
2.738400e+09, 3.183749e-02, 9.518286e-01, 2.356906e+00, -1.618759e+00, 1.603989e-09, 4.650777e-10, 3.823830e+01, 4.500822e-02
2.742200e+09, 3.046226e-02, 9.518642e-01, 2.318609e+00, -1.629864e+00, 1.717391e-09, 4.651462e-10, 3.837719e+01, 4.468027e-02
2.746000e+09, 2.910529e-02, 9.518975e-01, 2.277604e+00, -1.640969e+00, 1.845743e-09, 4.652130e-10, 3.851666e+01, 4.427417e-02
2.749800e+09, 2.777078e-02, 9.519285e-01, 2.233535e+00, -1.652077e+00, 1.991085e-09, 4.652780e-10, 3.865666e+01, 4.378976e-02
2.753600e+09, 2.646367e-02, 9.519572e-01, 2.185996e+00, -1.663186e+00, 2.155563e-09, 4.653411e-10, 3.879711e+01, 4.322691e-02
2.757400e+09, 2.518986e-02, 9.519835e-01, 2.134529e+00, -1.674296e+00, 2.341290e-09, 4.654023e-10, 3.893797e+01, 4.258555e-02
2.761200e+09, 2.395629e-02, 9.520074e-01, 2.078628e+00, -1.685408e+00, 2.550095e-09, 4.654615e-10, 3.907917e+01, 4.186562e-02
2.765000e+09, 2.277122e-02, 9.520289e-01, 2.017742e+00, -1.696522e+00, 2.783127e-09, 4.655189e-10, 3.922064e+01, 4.106709e-02
2.768800e+09, 2.164437e-02, 9.520479e-01, 1.951292e+00, -1.707637e+00, 3.040235e-09, 4.655742e-10, 3.936232e+01, 4.018995e-02
2.772600e+09, 2.058709e-02, 9.520645e-01, 1.878703e+00, -1.718753e+00, 3.319107e-09, 4.656274e-10, 3.950415e+01, 3.923426e-02
2.776400e+09, 1.961247e-02, 9.520784e-01, 1.799455e+00, -1.729870e+00, 3.614185e-09, 4.656786e-10, 3.964606e+01, 3.820008e-02
2.780200e+09, 1.873529e-02, 9.520898e-01, 1.713163e+00, -1.740989e+00, 3.915526e-09, 4.657277e-10, 3.978797e+01, 3.708750e-02
2.784000e+09, 1.797171e-02, 9.520986e-01, 1.619675e+00, -1.752108e+00, 4.208011e-09, 4.657747e-10, 3.992984e+01, 3.589666e-02
2.787800e+09, 1.733865e-02, 9.521048e-01, 1.519204e+00, -1.763229e+00, 4.471548e-09, 4.658195e-10, 4.007157e+01, 3.462772e-02
2.791600e+09, 1.685272e-02, 9.521083e-01, 1.412441e+00, -1.774351e+00, 4.682974e-09, 4.658620e-10, 4.021311e+01, 3.328089e-02
2.795400e+09, 1.652878e-02, 9.521091e-01, 1.300630e+00, -1.785474e+00, 4.819956e-09, 4.659024e-10, 4.035439e+01, 3.185638e-02
2.799200e+09, 1.637826e-02, 9.521072e-01, 1.185548e+00, -1.796598e+00, 4.866136e-09, 4.659404e-10, 4.049532e+01, 3.035446e-02
2.803000e+09, 1.640768e-02, 9.521026e-01, 1.069364e+00, -1.807723e+00, 4.815653e-09, 4.659762e-10, 4.063583e+01, 2.877542e-02
2.806800e+09, 1.661774e-02, 9.520952e-01, 9.543847e-01, -1.818849e+00, 4.674902e-09, 4.660096e-10, 4.077586e+01, 2.711960e-02
2.810600e+09, 1.700330e-02, 9.520850e-01, 8.427663e-01, -1.829975e+00, 4.460618e-09, 4.660407e-10, 4.091533e+01, 2.538736e-02
2.814400e+09, 1.755424e-02, 9.520721e-01, 7.362641e-01, -1.841102e+00, 4.195278e-09, 4.660694e-10, 4.105416e+01, 2.357910e-02
2.818200e+09, 1.825691e-02, 9.520562e-01, 6.360972e-01, -1.852230e+00, 3.901976e-09, 4.660957e-10, 4.119227e+01, 2.169525e-02
2.822000e+09, 1.909576e-02, 9.520376e-01, 5.429332e-01, -1.863359e+00, 3.600609e-09, 4.661195e-10, 4.132959e+01, 1.973627e-02
2.825800e+09, 2.005478e-02, 9.520160e-01, 4.569647e-01, -1.874488e+00, 3.306056e-09, 4.661409e-10, 4.146604e+01, 1.770266e-02
2.829600e+09, 2.111857e-02, 9.519916e-01, 3.780290e-01, -1.885618e+00, 3.028044e-09, 4.661598e-10, 4.160153e+01, 1.559497e-02
2.833400e+09, 2.227298e-02, 9.519642e-01, 3.057311e-01, -1.896748e+00, 2.771959e-09, 4.661762e-10, 4.173600e+01, 1.341376e-02
2.837200e+09, 2.350543e-02, 9.519339e-01, 2.395475e-01, -1.907878e+00, 2.539995e-09, 4.661900e-10, 4.186937e+01, 1.115964e-02
2.841000e+09, 2.480494e-02, 9.519007e-01, 1.789023e-01, -1.919009e+00, 2.332228e-09, 4.662013e-10, 4.200154e+01, 8.833261e-03
2.844800e+09, 2.616211e-02, 9.518646e-01, 1.232178e-01, -1.930140e+00, 2.147468e-09, 4.662100e-10, 4.213244e+01, 6.435289e-03
2.848600e+09, 2.756892e-02, 9.518254e-01, 7.194463e-02, -1.941271e+00, 1.983864e-09, 4.662161e-10, 4.226200e+01, 3.966445e-03
2.852400e+09, 2.901859e-02, 9.517833e-01, 2.457769e-02, -1.952403e+00, 1.839299e-09, 4.662195e-10, 4.239012e+01, 1.427477e-03
2.856200e+09, 3.050538e-02, 9.517382e-01, -1.933760e-02, -1.963534e+00, 1.711628e-09, 4.662204e-10, 4.251673e+01, -1.180826e-03
2.860000e+09, 3.202441e-02, 9.516901e-01, -6.020462e-02, -1.974666e+00, 1.598818e-09, 4.662185e-10, 4.264175e+01, -3.857643e-03
2.863800e+09, 3.357157e-02, 9.516390e-01, -9.837815e-02, -1.985797e+00, 1.499005e-09, 4.662140e-10, 4.276509e+01, -6.602113e-03
2.867600e+09, 3.514333e-02, 9.515848e-01, -1.341686e-01, -1.996929e+00, 1.410528e-09, 4.662069e-10, 4.288667e+01, -9.413341e-03
2.871400e+09, 3.673669e-02, 9.515277e-01, -1.678465e-01, -2.008060e+00, 1.331923e-09, 4.661970e-10, 4.300641e+01, -1.229039e-02
2.875200e+09, 3.834908e-02, 9.514675e-01, -1.996476e-01, -2.019191e+00, 1.261916e-09, 4.661844e-10, 4.312424e+01, -1.523231e-02
2.879000e+09, 3.997824e-02, 9.514043e-01, -2.297773e-01, -2.030322e+00, 1.199402e-09, 4.661690e-10, 4.324006e+01, -1.823807e-02
2.882800e+09, 4.162225e-02, 9.513381e-01, -2.584143e-01, -2.041452e+00, 1.143429e-09, 4.661509e-10, 4.335380e+01, -2.130665e-02
2.886600e+09, 4.327941e-02, 9.512688e-01, -2.857149e-01, -2.052582e+00, 1.093175e-09, 4.661301e-10, 4.346537e+01, -2.443696e-02
2.890400e+09, 4.494823e-02, 9.511965e-01, -3.118157e-01, -2.063711e+00, 1.047932e-09, 4.661065e-10, 4.357471e+01, -2.762789e-02
2.894200e+09, 4.662739e-02, 9.511212e-01, -3.368362e-01, -2.074840e+00, 1.007092e-09, 4.660801e-10, 4.368172e+01, -3.087830e-02
2.898000e+09, 4.831572e-02, 9.510428e-01, -3.608817e-01, -2.085968e+00, 9.701294e-10, 4.660510e-10, 4.378633e+01, -3.418700e-02
2.901800e+09, 5.001216e-02, 9.509615e-01, -3.840446e-01, -2.097096e+00, 9.365893e-10, 4.660190e-10, 4.388847e+01, -3.755277e-02
2.905600e+09, 5.171578e-02, 9.508771e-01, -4.064067e-01, -2.108222e+00, 9.060789e-10, 4.659843e-10, 4.398805e+01, -4.097436e-02
2.909400e+09, 5.342571e-02, 9.507897e-01, -4.280403e-01, -2.119348e+00, 8.782575e-10, 4.659468e-10, 4.408500e+01, -4.445048e-02
2.913200e+09, 5.514119e-02, 9.506993e-01, -4.490097e-01, -2.130473e+00, 8.528286e-10, 4.659065e-10, 4.417924e+01, -4.797981e-02
2.917000e+09, 5.686149e-02, 9.506060e-01, -4.693719e-01, -2.141597e+00, 8.295339e-10, 4.658634e-10, 4.427071e+01, -5.156100e-02
2.920800e+09, 5.858595e-02, 9.505096e-01, -4.891780e-01, -2.152720e+00, 8.081478e-10, 4.658175e-10, 4.435933e+01, -5.519265e-02
2.924600e+09, 6.031398e-02, 9.504103e-01, -5.084734e-01, -2.163842e+00, 7.884725e-10, 4.657688e-10, 4.444502e+01, -5.887334e-02
2.928400e+09, 6.204501e-02, 9.503081e-01, -5.272990e-01, -2.174963e+00, 7.703346e-10, 4.657174e-10, 4.452773e+01, -6.260163e-02
2.932200e+09, 6.377851e-02, 9.502029e-01, -5.456916e-01, -2.186082e+00, 7.535814e-10, 4.656631e-10, 4.460738e+01, -6.637603e-02
2.936000e+09, 6.551398e-02, 9.500948e-01, -5.636842e-01, -2.197201e+00, 7.380780e-10, 4.656060e-10, 4.468391e+01, -7.019503e-02
2.939800e+09, 6.725097e-02, 9.499838e-01, -5.813066e-01, -2.208317e+00, 7.237053e-10, 4.655462e-10, 4.475725e+01, -7.405708e-02
2.943600e+09, 6.898902e-02, 9.498700e-01, -5.985859e-01, -2.219433e+00, 7.103576e-10, 4.654836e-10, 4.482734e+01, -7.796062e-02
2.947400e+09, 7.072771e-02, 9.497532e-01, -6.155465e-01, -2.230547e+00, 6.979409e-10, 4.654183e-10, 4.489412e+01, -8.190404e-02
2.951200e+09, 7.246666e-02, 9.496337e-01, -6.322106e-01, -2.241659e+00, 6.863717e-10, 4.653502e-10, 4.495754e+01, -8.588571e-02
2.955000e+09, 7.420548e-02, 9.495113e-01, -6.485985e-01, -2.252770e+00, 6.755752e-10, 4.652793e-10, 4.501754e+01, -8.990400e-02
2.958800e+09, 7.594379e-02, 9.493862e-01, -6.647286e-01, -2.263879e+00, 6.654847e-10, 4.652058e-10, 4.507406e+01, -9.395721e-02
2.962600e+09, 7.768125e-02, 9.492583e-01, -6.806177e-01, -2.274986e+00, 6.560403e-10, 4.651295e-10, 4.512705e+01, -9.804364e-02
2.966400e+09, 7.941752e-02, 9.491276e-01, -6.962814e-01, -2.286092e+00, 6.471882e-10, 4.650505e-10, 4.517647e+01, -1.021616e-01
2.970200e+09, 8.115227e-02, 9.489943e-01, -7.117338e-01, -2.297195e+00, 6.388799e-10, 4.649689e-10, 4.522226e+01, -1.063093e-01
2.974000e+09, 8.288517e-02, 9.488583e-01, -7.269877e-01, -2.308297e+00, 6.310719e-10, 4.648846e-10, 4.526440e+01, -1.104850e-01
2.977800e+09, 8.461592e-02, 9.487197e-01, -7.420553e-01, -2.319397e+00, 6.237246e-10, 4.647976e-10, 4.530283e+01, -1.146869e-01
2.981600e+09, 8.634421e-02, 9.485784e-01, -7.569474e-01, -2.330494e+00, 6.168024e-10, 4.647080e-10, 4.533751e+01, -1.189132e-01
2.985400e+09, 8.806975e-02, 9.484346e-01, -7.716742e-01, -2.341590e+00, 6.102729e-10, 4.646158e-10, 4.536842e+01, -1.231620e-01
2.989200e+09, 8.979225e-02, 9.482883e-01, -7.862452e-01, -2.352683e+00, 6.041067e-10, 4.645211e-10, 4.539552e+01, -1.274317e-01
2.993000e+09, 9.151144e-02, 9.481394e-01, -8.006689e-01, -2.363774e+00, 5.982771e-10, 4.644238e-10, 4.541878e+01, -1.317202e-01
2.996800e+09, 9.322702e-02, 9.479881e-01, -8.149534e-01, -2.374862e+00, 5.927597e-10, 4.643240e-10, 4.543818e+01, -1.360258e-01
3.000600e+09, 9.493873e-02, 9.478344e-01, -8.291062e-01, -2.385949e+00, 5.875322e-10, 4.642217e-10, 4.545369e+01, -1.403465e-01
3.004400e+09, 9.664630e-02, 9.476784e-01, -8.431342e-01, -2.397032e+00, 5.825743e-10, 4.641169e-10, 4.546529e+01, -1.446805e-01
3.008200e+09, 9.834948e-02, 9.475200e-01, -8.570438e-01, -2.408114e+00, 5.778674e-10, 4.640097e-10, 4.547297e+01, -1.490259e-01
3.012000e+09, 1.000480e-01, 9.473593e-01, -8.708410e-01, -2.419192e+00, 5.733944e-10, 4.639001e-10, 4.547671e+01, -1.533808e-01
3.015800e+09, 1.017416e-01, 9.471963e-01, -8.845314e-01, -2.430269e+00, 5.691398e-10, 4.637881e-10, 4.547650e+01, -1.577433e-01
3.019600e+09, 1.034301e-01, 9.470312e-01, -8.981203e-01, -2.441342e+00, 5.650890e-10, 4.636737e-10, 4.547233e+01, -1.621115e-01
3.023400e+09, 1.051131e-01, 9.468639e-01, -9.116124e-01, -2.452413e+00, 5.612289e-10, 4.635571e-10, 4.546420e+01, -1.664834e-01
3.027200e+09, 1.067905e-01, 9.466946e-01, -9.250123e-01, -2.463481e+00, 5.575472e-10, 4.634382e-10, 4.545211e+01, -1.708572e-01
3.031000e+09, 1.084620e-01, 9.465232e-01, -9.383244e-01, -2.474546e+00, 5.540327e-10, 4.633171e-10, 4.543607e+01, -1.752310e-01
3.034800e+09, 1.101273e-01, 9.463498e-01, -9.515525e-01, -2.485608e+00, 5.506750e-10, 4.631938e-10, 4.541606e+01, -1.796028e-01
3.038600e+09, 1.117863e-01, 9.461744e-01, -9.647005e-01, -2.496667e+00, 5.474644e-10, 4.630684e-10, 4.539212e+01, -1.839707e-01
3.042400e+09, 1.134387e-01, 9.459972e-01, -9.777718e-01, -2.507724e+00, 5.443921e-10, 4.629409e-10, 4.536423e+01, -1.883328e-01
3.046200e+09, 1.150842e-01, 9.458181e-01, -9.907698e-01, -2.518777e+00, 5.414497e-10, 4.628113e-10, 4.533243e+01, -1.926873e-01
3.050000e+09, 1.167227e-01, 9.456373e-01, -1.003697e+00, -2.529827e+00, 5.386297e-10, 4.626797e-10, 4.529673e+01, -1.970323e-01
3.053800e+09, 1.183539e-01, 9.454547e-01, -1.016558e+00, -2.540874e+00, 5.359249e-10, 4.625462e-10, 4.525715e+01, -2.013658e-01
3.057600e+09, 1.199775e-01, 9.452705e-01, -1.029354e+00, -2.551918e+00, 5.333288e-10, 4.624107e-10, 4.521371e+01, -2.056860e-01
3.061400e+09, 1.215935e-01, 9.450847e-01, -1.042087e+00, -2.562958e+00, 5.308350e-10, 4.622734e-10, 4.516644e+01, -2.099911e-01
3.065200e+09, 1.232014e-01, 9.448974e-01, -1.054762e+00, -2.573996e+00, 5.284380e-10, 4.621342e-10, 4.511537e+01, -2.142792e-01
3.069000e+09, 1.248012e-01, 9.447086e-01, -1.067379e+00, -2.585030e+00, 5.261324e-10, 4.619933e-10, 4.506053e+01, -2.185484e-01
3.072800e+09, 1.263926e-01, 9.445183e-01, -1.079941e+00, -2.596060e+00, 5.239131e-10, 4.618507e-10, 4.500196e+01, -2.227971e-01
3.076600e+09, 1.279754e-01, 9.443268e-01, -1.092450e+00, -2.607087e+00, 5.217755e-10, 4.617064e-10, 4.493970e+01, -2.270232e-01
3.080400e+09, 1.295494e-01, 9.441339e-01, -1.104908e+00, -2.618111e+00, 5.197154e-10, 4.615606e-10, 4.487379e+01, -2.312252e-01
3.084200e+09, 1.311144e-01, 9.439398e-01, -1.117317e+00, -2.629131e+00, 5.177285e-10, 4.614131e-10, 4.480426e+01, -2.354012e-01
3.088000e+09, 1.326701e-01, 9.437446e-01, -1.129678e+00, -2.640148e+00, 5.158110e-10, 4.612642e-10, 4.473117e+01, -2.395495e-01
3.091800e+09, 1.342163e-01, 9.435483e-01, -1.141993e+00, -2.651161e+00, 5.139595e-10, 4.611139e-10, 4.465456e+01, -2.436684e-01
3.095600e+09, 1.357529e-01, 9.433509e-01, -1.154265e+00, -2.662171e+00, 5.121705e-10, 4.609622e-10, 4.457449e+01, -2.477561e-01
3.099400e+09, 1.372797e-01, 9.431527e-01, -1.166493e+00, -2.673177e+00, 5.104409e-10, 4.608093e-10, 4.449101e+01, -2.518111e-01
3.103200e+09, 1.387964e-01, 9.429535e-01, -1.178681e+00, -2.684179e+00, 5.087678e-10, 4.606550e-10, 4.440416e+01, -2.558316e-01
3.107000e+09, 1.403028e-01, 9.427536e-01, -1.190828e+00, -2.695178e+00, 5.071483e-10, 4.604996e-10, 4.431402e+01, -2.598160e-01
3.110800e+09, 1.417987e-01, 9.425529e-01, -1.202937e+00, -2.706173e+00, 5.055799e-10, 4.603431e-10, 4.422063e+01, -2.637627e-01
3.114600e+09, 1.432841e-01, 9.423515e-01, -1.215008e+00, -2.717164e+00, 5.040601e-10, 4.601855e-10, 4.412406e+01, -2.676702e-01
3.118400e+09, 1.447585e-01, 9.421496e-01, -1.227043e+00, -2.728151e+00, 5.025866e-10, 4.600269e-10, 4.402437e+01, -2.715368e-01
3.122200e+09, 1.462219e-01, 9.419471e-01, -1.239043e+00, -2.739135e+00, 5.011572e-10, 4.598675e-10, 4.392162e+01, -2.753612e-01
3.126000e+09, 1.476741e-01, 9.417442e-01, -1.251009e+00, -2.750115e+00, 4.997699e-10, 4.597071e-10, 4.381588e+01, -2.791417e-01
3.129800e+09, 1.491148e-01, 9.415410e-01, -1.262941e+00, -2.761091e+00, 4.984226e-10, 4.595460e-10, 4.370722e+01, -2.828770e-01
3.133600e+09, 1.505440e-01, 9.413374e-01, -1.274842e+00, -2.772063e+00, 4.971137e-10, 4.593842e-10, 4.359571e+01, -2.865655e-01
3.137400e+09, 1.519613e-01, 9.411336e-01, -1.286711e+00, -2.783031e+00, 4.958413e-10, 4.592218e-10, 4.348140e+01, -2.902059e-01
3.141200e+09, 1.533666e-01, 9.409297e-01, -1.298549e+00, -2.793996e+00, 4.946038e-10, 4.590587e-10, 4.336439e+01, -2.937968e-01
3.145000e+09, 1.547598e-01, 9.407258e-01, -1.310359e+00, -2.804956e+00, 4.933998e-10, 4.588952e-10, 4.324473e+01, -2.973369e-01
3.148800e+09, 1.561406e-01, 9.405218e-01, -1.322139e+00, -2.815913e+00, 4.922276e-10, 4.587312e-10, 4.312250e+01, -3.008248e-01
3.152600e+09, 1.575089e-01, 9.403180e-01, -1.333892e+00, -2.826866e+00, 4.910860e-10, 4.585669e-10, 4.299777e+01, -3.042593e-01
3.156400e+09, 1.588644e-01, 9.401143e-01, -1.345617e+00, -2.837815e+00, 4.899737e-10, 4.584024e-10, 4.287062e+01, -3.076390e-01
3.160200e+09, 1.602071e-01, 9.399109e-01, -1.357316e+00, -2.848759e+00, 4.888894e-10, 4.582376e-10, 4.274112e+01, -3.109628e-01
3.164000e+09, 1.615367e-01, 9.397077e-01, -1.368988e+00, -2.859700e+00, 4.878318e-10, 4.580726e-10, 4.260935e+01, -3.142295e-01
3.167800e+09, 1.628531e-01, 9.395050e-01, -1.380636e+00, -2.870637e+00, 4.868000e-10, 4.579077e-10, 4.247539e+01, -3.174379e-01
3.171600e+09, 1.641560e-01, 9.393028e-01, -1.392259e+00, -2.881570e+00, 4.857929e-10, 4.577427e-10, 4.233930e+01, -3.205869e-01
3.175400e+09, 1.654454e-01, 9.391012e-01, -1.403858e+00, -2.892499e+00, 4.848094e-10, 4.575779e-10, 4.220117e+01, -3.236754e-01
3.179200e+09, 1.667210e-01, 9.389002e-01, -1.415433e+00, -2.903425e+00, 4.838487e-10, 4.574132e-10, 4.206108e+01, -3.267022e-01
3.183000e+09, 1.679827e-01, 9.386999e-01, -1.426985e+00, -2.914346e+00, 4.829098e-10, 4.572487e-10, 4.191910e+01, -3.296664e-01
3.186800e+09, 1.692303e-01, 9.385004e-01, -1.438515e+00, -2.925263e+00, 4.819918e-10, 4.570846e-10, 4.177530e+01, -3.325669e-01
3.190600e+09, 1.704637e-01, 9.383018e-01, -1.450023e+00, -2.936177e+00, 4.810939e-10, 4.569209e-10, 4.162977e+01, -3.354029e-01
3.194400e+09, 1.716827e-01, 9.381041e-01, -1.461510e+00, -2.947086e+00, 4.802155e-10, 4.567577e-10, 4.148259e+01, -3.381732e-01
3.198200e+09, 1.728871e-01, 9.379075e-01, -1.472976e+00, -2.957992e+00, 4.793556e-10, 4.565950e-10, 4.133382e+01, -3.408770e-01
3.202000e+09, 1.740768e-01, 9.377120e-01, -1.484421e+00, -2.968893e+00, 4.785137e-10, 4.564330e-10, 4.118355e+01, -3.435134e-01
3.205800e+09, 1.752516e-01, 9.375177e-01, -1.495846e+00, -2.979791e+00, 4.776891e-10, 4.562717e-10, 4.103185e+01, -3.460815e-01
3.209600e+09, 1.764114e-01, 9.373247e-01, -1.507251e+00, -2.990685e+00, 4.768811e-10, 4.561111e-10, 4.087880e+01, -3.485805e-01
3.213400e+09, 1.775560e-01, 9.371330e-01, -1.518637e+00, -3.001575e+00, 4.760891e-10, 4.559515e-10, 4.072448e+01, -3.510097e-01
3.217200e+09, 1.786853e-01, 9.369428e-01, -1.530005e+00, -3.012462e+00, 4.753126e-10, 4.557928e-10, 4.056896e+01, -3.533681e-01
3.221000e+09, 1.797991e-01, 9.367541e-01, -1.541353e+00, -3.023344e+00, 4.745510e-10, 4.556351e-10, 4.041231e+01, -3.556551e-01
3.224800e+09, 1.808972e-01, 9.365669e-01, -1.552684e+00, -3.034223e+00, 4.738038e-10, 4.554785e-10, 4.025461e+01, -3.578699e-01
3.228600e+09, 1.819796e-01, 9.363814e-01, -1.563996e+00, -3.045098e+00, 4.730705e-10, 4.553230e-10, 4.009594e+01, -3.600119e-01
3.232400e+09, 1.830461e-01, 9.361977e-01, -1.575291e+00, -3.055969e+00, 4.723506e-10, 4.551689e-10, 3.993636e+01, -3.620803e-01
3.236200e+09, 1.840965e-01, 9.360157e-01, -1.586569e+00, -3.066837e+00, 4.716437e-10, 4.550160e-10, 3.977595e+01, -3.640746e-01
3.240000e+09, 1.851307e-01, 9.358357e-01, -1.597830e+00, -3.077701e+00, 4.709493e-10, 4.548646e-10, 3.961479e+01, -3.659941e-01
3.243800e+09, 1.861485e-01, 9.356576e-01, -1.609075e+00, -3.088562e+00, 4.702670e-10, 4.547146e-10, 3.945293e+01, -3.678382e-01
3.247600e+09, 1.871499e-01, 9.354816e-01, -1.620303e+00, -3.099418e+00, 4.695964e-10, 4.545662e-10, 3.929046e+01, -3.696064e-01
3.251400e+09, 1.881347e-01, 9.353076e-01, -1.631515e+00, -3.110272e+00, 4.689372e-10, 4.544194e-10, 3.912744e+01, -3.712980e-01
3.255200e+09, 1.891028e-01, 9.351359e-01, -1.642711e+00, -3.121121e+00, 4.682890e-10, 4.542743e-10, 3.896394e+01, -3.729127e-01
3.259000e+09, 1.900540e-01, 9.349664e-01, -1.653892e+00, -3.131968e+00, 4.676515e-10, 4.541310e-10, 3.880002e+01, -3.744499e-01
3.262800e+09, 1.909881e-01, 9.347992e-01, -1.665058e+00, 3.140375e+00, 4.670242e-10, 4.539896e-10, 3.863577e+01, -3.759092e-01
3.266600e+09, 1.919052e-01, 9.346345e-01, -1.676209e+00, 3.129535e+00, 4.664070e-10, 4.538500e-10, 3.847123e+01, -3.772900e-01
3.270400e+09, 1.928050e-01, 9.344722e-01, -1.687345e+00, 3.118699e+00, 4.657995e-10, 4.537125e-10, 3.830648e+01, -3.785920e-01
3.274200e+09, 1.936875e-01, 9.343124e-01, -1.698466e+00, 3.107866e+00, 4.652014e-10, 4.535770e-10, 3.814159e+01, -3.798148e-01
3.278000e+09, 1.945524e-01, 9.341553e-01, -1.709573e+00, 3.097037e+00, 4.646125e-10, 4.534436e-10, 3.797660e+01, -3.809580e-01
3.281800e+09, 1.953997e-01, 9.340008e-01, -1.720666e+00, 3.086210e+00, 4.640324e-10, 4.533124e-10, 3.781160e+01, -3.820213e-01
3.285600e+09, 1.962293e-01, 9.338491e-01, -1.731746e+00, 3.075387e+00, 4.634610e-10, 4.531835e-10, 3.764664e+01, -3.830043e-01
3.289400e+09, 1.970411e-01, 9.337001e-01, -1.742811e+00, 3.064567e+00, 4.628979e-10, 4.530569e-10, 3.748177e+01, -3.839066e-01
3.293200e+09, 1.978349e-01, 9.335541e-01, -1.753863e+00, 3.053749e+00, 4.623431e-10, 4.529327e-10, 3.731707e+01, -3.847282e-01
3.297000e+09, 1.986106e-01, 9.334109e-01, -1.764902e+00, 3.042935e+00, 4.617961e-10, 4.528110e-10, 3.715259e+01, -3.854685e-01
3.300800e+09, 1.993682e-01, 9.332708e-01, -1.775928e+00, 3.032124e+00, 4.612569e-10, 4.526918e-10, 3.698838e+01, -3.861275e-01
3.304600e+09, 2.001074e-01, 9.331337e-01, -1.786941e+00, 3.021315e+00, 4.607252e-10, 4.525752e-10, 3.682451e+01, -3.867049e-01
3.308400e+09, 2.008283e-01, 9.329998e-01, -1.797942e+00, 3.010509e+00, 4.602009e-10, 4.524613e-10, 3.666102e+01, -3.872005e-01
3.312200e+09, 2.015306e-01, 9.328690e-01, -1.808929e+00, 2.999706e+00, 4.596837e-10, 4.523500e-10, 3.649799e+01, -3.876140e-01
3.316000e+09, 2.022144e-01, 9.327415e-01, -1.819905e+00, 2.988906e+00, 4.591734e-10, 4.522415e-10, 3.633545e+01, -3.879455e-01
3.319800e+09, 2.028794e-01, 9.326172e-01, -1.830868e+00, 2.978108e+00, 4.586699e-10, 4.521358e-10, 3.617347e+01, -3.881946e-01
3.323600e+09, 2.035257e-01, 9.324963e-01, -1.841819e+00, 2.967313e+00, 4.581730e-10, 4.520330e-10, 3.601209e+01, -3.883613e-01
3.327400e+09, 2.041530e-01, 9.323788e-01, -1.852759e+00, 2.956520e+00, 4.576826e-10, 4.519332e-10, 3.585137e+01, -3.884455e-01
3.331200e+09, 2.047613e-01, 9.322647e-01, -1.863687e+00, 2.945730e+00, 4.571985e-10, 4.518363e-10, 3.569137e+01, -3.884471e-01
3.335000e+09, 2.053506e-01, 9.321542e-01, -1.874603e+00, 2.934942e+00, 4.567206e-10, 4.517425e-10, 3.553212e+01, -3.883661e-01
3.338800e+09, 2.059206e-01, 9.320472e-01, -1.885507e+00, 2.924156e+00, 4.562486e-10, 4.516517e-10, 3.537368e+01, -3.882024e-01
3.342600e+09, 2.064714e-01, 9.319438e-01, -1.896401e+00, 2.913372e+00, 4.557825e-10, 4.515641e-10, 3.521609e+01, -3.879560e-01
3.346400e+09, 2.070029e-01, 9.318440e-01, -1.907283e+00, 2.902591e+00, 4.553221e-10, 4.514797e-10, 3.505941e+01, -3.876269e-01
3.350200e+09, 2.075148e-01, 9.317479e-01, -1.918154e+00, 2.891811e+00, 4.548673e-10, 4.513986e-10, 3.490368e+01, -3.872151e-01
3.354000e+09, 2.080073e-01, 9.316556e-01, -1.929015e+00, 2.881033e+00, 4.544180e-10, 4.513207e-10, 3.474895e+01, -3.867207e-01
3.357800e+09, 2.084801e-01, 9.315671e-01, -1.939865e+00, 2.870258e+00, 4.539741e-10, 4.512461e-10, 3.459526e+01, -3.861438e-01
3.361600e+09, 2.089333e-01, 9.314824e-01, -1.950704e+00, 2.859484e+00, 4.535353e-10, 4.511749e-10, 3.444266e+01, -3.854844e-01
3.365400e+09, 2.093666e-01, 9.314015e-01, -1.961532e+00, 2.848711e+00, 4.531017e-10, 4.511071e-10, 3.429119e+01, -3.847426e-01
3.369200e+09, 2.097801e-01, 9.313246e-01, -1.972351e+00, 2.837941e+00, 4.526731e-10, 4.510427e-10, 3.414089e+01, -3.839186e-01
3.373000e+09, 2.101737e-01, 9.312516e-01, -1.983159e+00, 2.827171e+00, 4.522493e-10, 4.509818e-10, 3.399180e+01, -3.830126e-01
3.376800e+09, 2.105472e-01, 9.311825e-01, -1.993957e+00, 2.816404e+00, 4.518303e-10, 4.509245e-10, 3.384398e+01, -3.820247e-01
3.380600e+09, 2.109007e-01, 9.311175e-01, -2.004745e+00, 2.805637e+00, 4.514160e-10, 4.508706e-10, 3.369745e+01, -3.809551e-01
3.384400e+09, 2.112340e-01, 9.310566e-01, -2.015523e+00, 2.794872e+00, 4.510063e-10, 4.508204e-10, 3.355226e+01, -3.798040e-01
3.388200e+09, 2.115472e-01, 9.309997e-01, -2.026291e+00, 2.784109e+00, 4.506010e-10, 4.507738e-10, 3.340844e+01, -3.785718e-01
3.392000e+09, 2.118400e-01, 9.309469e-01, -2.037050e+00, 2.773346e+00, 4.502002e-10, 4.507308e-10, 3.326605e+01, -3.772587e-01
3.395800e+09, 2.121125e-01, 9.308982e-01, -2.047799e+00, 2.762584e+00, 4.498035e-10, 4.506916e-10, 3.312510e+01, -3.758649e-01
3.399600e+09, 2.123645e-01, 9.308537e-01, -2.058538e+00, 2.751823e+00, 4.494111e-10, 4.506560e-10, 3.298565e+01, -3.743908e-01
3.403400e+09, 2.125961e-01, 9.308134e-01, -2.069268e+00, 2.741064e+00, 4.490227e-10, 4.506241e-10, 3.284773e+01, -3.728367e-01
3.407200e+09, 2.128072e-01, 9.307773e-01, -2.079989e+00, 2.730304e+00, 4.486383e-10, 4.505960e-10, 3.271138e+01, -3.712031e-01
3.411000e+09, 2.129976e-01, 9.307454e-01, -2.090701e+00, 2.719546e+00, 4.482578e-10, 4.505717e-10, 3.257662e+01, -3.694903e-01
3.414800e+09, 2.131674e-01, 9.307177e-01, -2.101404e+00, 2.708788e+00, 4.478811e-10, 4.505511e-10, 3.244351e+01, -3.676988e-01
3.418600e+09, 2.133165e-01, 9.306944e-01, -2.112097e+00, 2.698031e+00, 4.475081e-10, 4.505344e-10, 3.231206e+01, -3.658290e-01
3.422400e+09, 2.134448e-01, 9.306753e-01, -2.122782e+00, 2.687274e+00, 4.471387e-10, 4.505215e-10, 3.218232e+01, -3.638814e-01
3.426200e+09, 2.135523e-01, 9.306605e-01, -2.133458e+00, 2.676517e+00, 4.467729e-10, 4.505125e-10, 3.205432e+01, -3.618565e-01
3.430000e+09, 2.136390e-01, 9.306500e-01, -2.144125e+00, 2.665760e+00, 4.464104e-10, 4.505073e-10, 3.192809e+01, -3.597549e-01
3.433800e+09, 2.137047e-01, 9.306439e-01, -2.154784e+00, 2.655004e+00, 4.460513e-10, 4.505060e-10, 3.180367e+01, -3.575771e-01
3.437600e+09, 2.137495e-01, 9.306421e-01, -2.165434e+00, 2.644248e+00, 4.456955e-10, 4.505086e-10, 3.168108e+01, -3.553237e-01
3.441400e+09, 2.137732e-01, 9.306446e-01, -2.176075e+00, 2.633491e+00, 4.453428e-10, 4.505151e-10, 3.156036e+01, -3.529954e-01
3.445200e+09, 2.137759e-01, 9.306515e-01, -2.186708e+00, 2.622735e+00, 4.449932e-10, 4.505255e-10, 3.144154e+01, -3.505928e-01
3.449000e+09, 2.137575e-01, 9.306627e-01, -2.197333e+00, 2.611978e+00, 4.446465e-10, 4.505398e-10, 3.132465e+01, -3.481167e-01
3.452800e+09, 2.137180e-01, 9.306784e-01, -2.207949e+00, 2.601221e+00, 4.443028e-10, 4.505580e-10, 3.120973e+01, -3.455678e-01
3.456600e+09, 2.136574e-01, 9.306983e-01, -2.218558e+00, 2.590463e+00, 4.439618e-10, 4.505802e-10, 3.109679e+01, -3.429467e-01
3.460400e+09, 2.135755e-01, 9.307227e-01, -2.229158e+00, 2.579705e+00, 4.436234e-10, 4.506063e-10, 3.098587e+01, -3.402545e-01
3.464200e+09, 2.134723e-01, 9.307514e-01, -2.239750e+00, 2.568946e+00, 4.432877e-10, 4.506364e-10, 3.087701e+01, -3.374917e-01
3.468000e+09, 2.133479e-01, 9.307844e-01, -2.250334e+00, 2.558187e+00, 4.429544e-10, 4.506704e-10, 3.077021e+01, -3.346594e-01
3.471800e+09, 2.132022e-01, 9.308219e-01, -2.260910e+00, 2.547427e+00, 4.426236e-10, 4.507083e-10, 3.066553e+01, -3.317585e-01
3.475600e+09, 2.130351e-01, 9.308637e-01, -2.271478e+00, 2.536666e+00, 4.422950e-10, 4.507502e-10, 3.056297e+01, -3.287898e-01
3.479400e+09, 2.128467e-01, 9.309098e-01, -2.282038e+00, 2.525903e+00, 4.419685e-10, 4.507961e-10, 3.046258e+01, -3.257543e-01
3.483200e+09, 2.126369e-01, 9.309603e-01, -2.292591e+00, 2.515140e+00, 4.416442e-10, 4.508459e-10, 3.036437e+01, -3.226531e-01
3.487000e+09, 2.124057e-01, 9.310151e-01, -2.303135e+00, 2.504376e+00, 4.413217e-10, 4.508996e-10, 3.026837e+01, -3.194872e-01
3.490800e+09, 2.121530e-01, 9.310742e-01, -2.313672e+00, 2.493610e+00, 4.410011e-10, 4.509573e-10, 3.017461e+01, -3.162577e-01
3.494600e+09, 2.118788e-01, 9.311376e-01, -2.324202e+00, 2.482843e+00, 4.406822e-10, 4.510189e-10, 3.008311e+01, -3.129656e-01
3.498400e+09, 2.115832e-01, 9.312053e-01, -2.334724e+00, 2.472074e+00, 4.403650e-10, 4.510844e-10, 2.999390e+01, -3.096123e-01
3.502200e+09, 2.112660e-01, 9.312773e-01, -2.345238e+00, 2.461304e+00, 4.400492e-10, 4.511539e-10, 2.990700e+01, -3.061988e-01
3.506000e+09, 2.109274e-01, 9.313536e-01, -2.355744e+00, 2.450532e+00, 4.397347e-10, 4.512272e-10, 2.982244e+01, -3.027264e-01
3.509800e+09, 2.105671e-01, 9.314340e-01, -2.366244e+00, 2.439759e+00, 4.394214e-10, 4.513045e-10, 2.974024e+01, -2.991964e-01
3.513600e+09, 2.101854e-01, 9.315187e-01, -2.376735e+00, 2.428983e+00, 4.391092e-10, 4.513857e-10, 2.966042e+01, -2.956100e-01
3.517400e+09, 2.097820e-01, 9.316076e-01, -2.387219e+00, 2.418206e+00, 4.387980e-10, 4.514707e-10, 2.958300e+01, -2.919687e-01
3.521200e+09, 2.093571e-01, 9.317007e-01, -2.397696e+00, 2.407427e+00, 4.384876e-10, 4.515597e-10, 2.950801e+01, -2.882738e-01
3.525000e+09, 2.089106e-01, 9.317979e-01, -2.408166e+00, 2.396645e+00, 4.381777e-10, 4.516525e-10, 2.943547e+01, -2.845268e-01
3.528800e+09, 2.084426e-01, 9.318992e-01, -2.418628e+00, 2.385862e+00, 4.378684e-10, 4.517491e-10, 2.936540e+01, -2.807290e-01
3.532600e+09, 2.079529e-01, 9.320046e-01, -2.429082e+00, 2.375076e+00, 4.375594e-10, 4.518496e-10, 2.929782e+01, -2.768821e-01
3.536400e+09, 2.074416e-01, 9.321140e-01, -2.439529e+00, 2.364287e+00, 4.372506e-10, 4.519539e-10, 2.923275e+01, -2.729876e-01
3.540200e+09, 2.069087e-01, 9.322275e-01, -2.449969e+00, 2.353496e+00, 4.369417e-10, 4.520620e-10, 2.917022e+01, -2.690470e-01
3.544000e+09, 2.063542e-01, 9.323449e-01, -2.460402e+00, 2.342703e+00, 4.366327e-10, 4.521739e-10, 2.911023e+01, -2.650619e-01
3.547800e+09, 2.057781e-01, 9.324663e-01, -2.470827e+00, 2.331907e+00, 4.363233e-10, 4.522895e-10, 2.905281e+01, -2.610341e-01
3.551600e+09, 2.051804e-01, 9.325917e-01, -2.481244e+00, 2.321108e+00, 4.360133e-10, 4.524089e-10, 2.899797e+01, -2.569651e-01
3.555400e+09, 2.045611e-01, 9.327209e-01, -2.491655e+00, 2.310306e+00, 4.357025e-10, 4.525321e-10, 2.894574e+01, -2.528568e-01
3.559200e+09, 2.039202e-01, 9.328539e-01, -2.502058e+00, 2.299501e+00, 4.353908e-10, 4.526589e-10, 2.889613e+01, -2.487108e-01
3.563000e+09, 2.032577e-01, 9.329907e-01, -2.512453e+00, 2.288694e+00, 4.350779e-10, 4.527894e-10, 2.884916e+01, -2.445291e-01
3.566800e+09, 2.025736e-01, 9.331313e-01, -2.522841e+00, 2.277883e+00, 4.347635e-10, 4.529236e-10, 2.880484e+01, -2.403133e-01
3.570600e+09, 2.018680e-01, 9.332756e-01, -2.533221e+00, 2.267069e+00, 4.344475e-10, 4.530615e-10, 2.876319e+01, -2.360654e-01
3.574400e+09, 2.011408e-01, 9.334235e-01, -2.543594e+00, 2.256251e+00, 4.341296e-10, 4.532029e-10, 2.872423e+01, -2.317873e-01
3.578200e+09, 2.003921e-01, 9.335751e-01, -2.553960e+00, 2.245431e+00, 4.338096e-10, 4.533479e-10, 2.868796e+01, -2.274808e-01
3.582000e+09, 1.996219e-01, 9.337302e-01, -2.564317e+00, 2.234606e+00, 4.334871e-10, 4.534965e-10, 2.865441e+01, -2.231480e-01
3.585800e+09, 1.988301e-01, 9.338888e-01, -2.574667e+00, 2.223779e+00, 4.331619e-10, 4.536486e-10, 2.862358e+01, -2.187908e-01
3.589600e+09, 1.980169e-01, 9.340509e-01, -2.585010e+00, 2.212947e+00, 4.328338e-10, 4.538042e-10, 2.859548e+01, -2.144112e-01
3.593400e+09, 1.971822e-01, 9.342163e-01, -2.595344e+00, 2.202112e+00, 4.325023e-10, 4.539633e-10, 2.857014e+01, -2.100112e-01
3.597200e+09, 1.963261e-01, 9.343851e-01, -2.605670e+00, 2.191273e+00, 4.321672e-10, 4.541258e-10, 2.854756e+01, -2.055930e-01
3.601000e+09, 1.954486e-01, 9.345572e-01, -2.615989e+00, 2.180431e+00, 4.318282e-10, 4.542917e-10, 2.852775e+01, -2.011586e-01
3.604800e+09, 1.945496e-01, 9.347325e-01, -2.626299e+00, 2.169584e+00, 4.314849e-10, 4.544609e-10, 2.851071e+01, -1.967101e-01
3.608600e+09, 1.936293e-01, 9.349110e-01, -2.636601e+00, 2.158733e+00, 4.311370e-10, 4.546334e-10, 2.849647e+01, -1.922496e-01
3.612400e+09, 1.926877e-01, 9.350926e-01, -2.646895e+00, 2.147878e+00, 4.307840e-10, 4.548092e-10, 2.848503e+01, -1.877793e-01
3.616200e+09, 1.917248e-01, 9.352771e-01, -2.657181e+00, 2.137019e+00, 4.304255e-10, 4.549883e-10, 2.847640e+01, -1.833013e-01
3.620000e+09, 1.907406e-01, 9.354647e-01, -2.667458e+00, 2.126156e+00, 4.300613e-10, 4.551705e-10, 2.847058e+01, -1.788179e-01
3.623800e+09, 1.897353e-01, 9.356551e-01, -2.677726e+00, 2.115288e+00, 4.296907e-10, 4.553559e-10, 2.846758e+01, -1.743311e-01
3.627600e+09, 1.887087e-01, 9.358484e-01, -2.687985e+00, 2.104416e+00, 4.293134e-10, 4.555443e-10, 2.846740e+01, -1.698433e-01
3.631400e+09, 1.876609e-01, 9.360444e-01, -2.698236e+00, 2.093539e+00, 4.289288e-10, 4.557358e-10, 2.847006e+01, -1.653567e-01
3.635200e+09, 1.865921e-01, 9.362430e-01, -2.708477e+00, 2.082658e+00, 4.285365e-10, 4.559302e-10, 2.847555e+01, -1.608734e-01
3.639000e+09, 1.855022e-01, 9.364443e-01, -2.718708e+00, 2.071772e+00, 4.281359e-10, 4.561276e-10, 2.848389e+01, -1.563956e-01
3.642800e+09, 1.843913e-01, 9.366481e-01, -2.728931e+00, 2.060882e+00, 4.277264e-10, 4.563278e-10, 2.849506e+01, -1.519258e-01
3.646600e+09, 1.832594e-01, 9.368543e-01, -2.739143e+00, 2.049986e+00, 4.273076e-10, 4.565308e-10, 2.850908e+01, -1.474660e-01
3.650400e+09, 1.821065e-01, 9.370628e-01, -2.749346e+00, 2.039086e+00, 4.268786e-10, 4.567366e-10, 2.852594e+01, -1.430185e-01
3.654200e+09, 1.809329e-01, 9.372737e-01, -2.759538e+00, 2.028181e+00, 4.264390e-10, 4.569451e-10, 2.854566e+01, -1.385857e-01
3.658000e+09, 1.797383e-01, 9.374867e-01, -2.769719e+00, 2.017271e+00, 4.259879e-10, 4.571561e-10, 2.856821e+01, -1.341696e-01
3.661800e+09, 1.785231e-01, 9.377018e-01, -2.779890e+00, 2.006356e+00, 4.255247e-10, 4.573698e-10, 2.859362e+01, -1.297726e-01
3.665600e+09, 1.772871e-01, 9.379189e-01, -2.790050e+00, 1.995436e+00, 4.250486e-10, 4.575858e-10, 2.862186e+01, -1.253970e-01
3.669400e+09, 1.760305e-01, 9.381380e-01, -2.800199e+00, 1.984510e+00, 4.245587e-10, 4.578043e-10, 2.865295e+01, -1.210449e-01
3.673200e+09, 1.747533e-01, 9.383588e-01, -2.810336e+00, 1.973580e+00, 4.240542e-10, 4.580251e-10, 2.868688e+01, -1.167185e-01
3.677000e+09, 1.734555e-01, 9.385815e-01, -2.820460e+00, 1.962644e+00, 4.235343e-10, 4.582481e-10, 2.872364e+01, -1.124201e-01
3.680800e+09, 1.721374e-01, 9.388057e-01, -2.830573e+00, 1.951703e+00, 4.229978e-10, 4.584733e-10, 2.876322e+01, -1.081519e-01
3.684600e+09, 1.707988e-01, 9.390315e-01, -2.840672e+00, 1.940756e+00, 4.224438e-10, 4.587005e-10, 2.880564e+01, -1.039161e-01
3.688400e+09, 1.694399e-01, 9.392587e-01, -2.850759e+00, 1.929804e+00, 4.218713e-10, 4.589298e-10, 2.885086e+01, -9.971478e-02
3.692200e+09, 1.680608e-01, 9.394872e-01, -2.860831e+00, 1.918847e+00, 4.212790e-10, 4.591609e-10, 2.889890e+01, -9.555019e-02
3.696000e+09, 1.666615e-01, 9.397171e-01, -2.870890e+00, 1.907884e+00, 4.206658e-10, 4.593939e-10, 2.894974e+01, -9.142444e-02
3.699800e+09, 1.652421e-01, 9.399480e-01, -2.880934e+00, 1.896915e+00, 4.200302e-10, 4.596286e-10, 2.900337e+01, -8.733965e-02
3.703600e+09, 1.638026e-01, 9.401800e-01, -2.890962e+00, 1.885941e+00, 4.193710e-10, 4.598649e-10, 2.905978e+01, -8.329792e-02
3.707400e+09, 1.623433e-01, 9.404129e-01, -2.900975e+00, 1.874961e+00, 4.186867e-10, 4.601027e-10, 2.911897e+01, -7.930132e-02
3.711200e+09, 1.608641e-01, 9.406466e-01, -2.910972e+00, 1.863976e+00, 4.179757e-10, 4.603420e-10, 2.918091e+01, -7.535192e-02
3.715000e+09, 1.593651e-01, 9.408810e-01, -2.920951e+00, 1.852985e+00, 4.172364e-10, 4.605826e-10, 2.924560e+01, -7.145173e-02
3.718800e+09, 1.578464e-01, 9.411160e-01, -2.930913e+00, 1.841988e+00, 4.164668e-10, 4.608244e-10, 2.931303e+01, -6.760276e-02
3.722600e+09, 1.563082e-01, 9.413516e-01, -2.940857e+00, 1.830985e+00, 4.156652e-10, 4.610674e-10, 2.938317e+01, -6.380699e-02
3.726400e+09, 1.547504e-01, 9.415875e-01, -2.950781e+00, 1.819977e+00, 4.148295e-10, 4.613114e-10, 2.945602e+01, -6.006635e-02
3.730200e+09, 1.531733e-01, 9.418236e-01, -2.960686e+00, 1.808962e+00, 4.139575e-10, 4.615563e-10, 2.953156e+01, -5.638277e-02
3.734000e+09, 1.515768e-01, 9.420600e-01, -2.970570e+00, 1.797942e+00, 4.130469e-10, 4.618020e-10, 2.960977e+01, -5.275813e-02
3.737800e+09, 1.499612e-01, 9.422963e-01, -2.980432e+00, 1.786916e+00, 4.120951e-10, 4.620484e-10, 2.969064e+01, -4.919429e-02
3.741600e+09, 1.483264e-01, 9.425326e-01, -2.990271e+00, 1.775884e+00, 4.110994e-10, 4.622954e-10, 2.977414e+01, -4.569307e-02
3.745400e+09, 1.466726e-01, 9.427687e-01, -3.000086e+00, 1.764846e+00, 4.100571e-10, 4.625429e-10, 2.986026e+01, -4.225625e-02
3.749200e+09, 1.450000e-01, 9.430045e-01, -3.009877e+00, 1.753803e+00, 4.089649e-10, 4.627907e-10, 2.994898e+01, -3.888559e-02
3.753000e+09, 1.433086e-01, 9.432398e-01, -3.019641e+00, 1.742753e+00, 4.078195e-10, 4.630388e-10, 3.004027e+01, -3.558281e-02
3.756800e+09, 1.415985e-01, 9.434746e-01, -3.029379e+00, 1.731698e+00, 4.066173e-10, 4.632870e-10, 3.013411e+01, -3.234960e-02
3.760600e+09, 1.398698e-01, 9.437087e-01, -3.039087e+00, 1.720636e+00, 4.053543e-10, 4.635352e-10, 3.023048e+01, -2.918760e-02
3.764400e+09, 1.381227e-01, 9.439421e-01, -3.048765e+00, 1.709569e+00, 4.040264e-10, 4.637834e-10, 3.032936e+01, -2.609843e-02
3.768200e+09, 1.363573e-01, 9.441745e-01, -3.058412e+00, 1.698495e+00, 4.026289e-10, 4.640313e-10, 3.043071e+01, -2.308366e-02
3.772000e+09, 1.345737e-01, 9.444059e-01, -3.068025e+00, 1.687416e+00, 4.011570e-10, 4.642789e-10, 3.053452e+01, -2.014484e-02
3.775800e+09, 1.327721e-01, 9.446362e-01, -3.077603e+00, 1.676331e+00, 3.996053e-10, 4.645260e-10, 3.064076e+01, -1.728345e-02
3.779600e+09, 1.309525e-01, 9.448652e-01, -3.087144e+00, 1.665240e+00, 3.979678e-10, 4.647726e-10, 3.074940e+01, -1.450098e-02
3.783400e+09, 1.291152e-01, 9.450928e-01, -3.096646e+00, 1.654143e+00, 3.962383e-10, 4.650185e-10, 3.086040e+01, -1.179883e-02
3.787200e+09, 1.272601e-01, 9.453188e-01, -3.106107e+00, 1.643040e+00, 3.944098e-10, 4.652636e-10, 3.097374e+01, -9.178405e-03
3.791000e+09, 1.253876e-01, 9.455433e-01, -3.115524e+00, 1.631931e+00, 3.924747e-10, 4.655078e-10, 3.108940e+01, -6.641043e-03
3.794800e+09, 1.234977e-01, 9.457660e-01, -3.124894e+00, 1.620817e+00, 3.904248e-10, 4.657509e-10, 3.120732e+01, -4.188055e-03
3.798600e+09, 1.215905e-01, 9.459868e-01, -3.134216e+00, 1.609696e+00, 3.882510e-10, 4.659928e-10, 3.132749e+01, -1.820712e-03
3.802400e+09, 1.196663e-01, 9.462056e-01, 3.139699e+00, 1.598570e+00, 3.859434e-10, 4.662335e-10, 3.144987e+01, 4.597535e-04
3.806200e+09, 1.177252e-01, 9.464223e-01, 3.130484e+00, 1.587439e+00, 3.834911e-10, 4.664728e-10, 3.157442e+01, 2.652150e-03
3.810000e+09, 1.157673e-01, 9.466367e-01, 3.121328e+00, 1.576301e+00, 3.808820e-10, 4.667106e-10, 3.170111e+01, 4.755324e-03
3.813800e+09, 1.137928e-01, 9.468488e-01, 3.112234e+00, 1.565158e+00, 3.781029e-10, 4.669467e-10, 3.182989e+01, 6.768159e-03
3.817600e+09, 1.118018e-01, 9.470584e-01, 3.103206e+00, 1.554009e+00, 3.751390e-10, 4.671811e-10, 3.196074e+01, 8.689582e-03
3.821400e+09, 1.097946e-01, 9.472654e-01, 3.094250e+00, 1.542854e+00, 3.719743e-10, 4.674137e-10, 3.209360e+01, 1.051855e-02
3.825200e+09, 1.077713e-01, 9.474696e-01, 3.085368e+00, 1.531694e+00, 3.685906e-10, 4.676442e-10, 3.222844e+01, 1.225408e-02
3.829000e+09, 1.057321e-01, 9.476711e-01, 3.076568e+00, 1.520529e+00, 3.649679e-10, 4.678727e-10, 3.236521e+01, 1.389519e-02
3.832800e+09, 1.036772e-01, 9.478696e-01, 3.067854e+00, 1.509358e+00, 3.610838e-10, 4.680990e-10, 3.250387e+01, 1.544098e-02
3.836600e+09, 1.016067e-01, 9.480650e-01, 3.059233e+00, 1.498182e+00, 3.569135e-10, 4.683229e-10, 3.264438e+01, 1.689056e-02
3.840400e+09, 9.952093e-02, 9.482572e-01, 3.050711e+00, 1.487000e+00, 3.524288e-10, 4.685444e-10, 3.278669e+01, 1.824308e-02
3.844200e+09, 9.742000e-02, 9.484461e-01, 3.042296e+00, 1.475813e+00, 3.475984e-10, 4.687634e-10, 3.293075e+01, 1.949774e-02
3.848000e+09, 9.530415e-02, 9.486316e-01, 3.033997e+00, 1.464621e+00, 3.423868e-10, 4.689797e-10, 3.307651e+01, 2.065378e-02
3.851800e+09, 9.317359e-02, 9.488135e-01, 3.025822e+00, 1.453423e+00, 3.367540e-10, 4.691933e-10, 3.322393e+01, 2.171046e-02
3.855600e+09, 9.102855e-02, 9.489919e-01, 3.017782e+00, 1.442221e+00, 3.306548e-10, 4.694040e-10, 3.337294e+01, 2.266710e-02
3.859400e+09, 8.886926e-02, 9.491664e-01, 3.009887e+00, 1.431013e+00, 3.240376e-10, 4.696117e-10, 3.352350e+01, 2.352304e-02
3.863200e+09, 8.669597e-02, 9.493371e-01, 3.002150e+00, 1.419801e+00, 3.168435e-10, 4.698164e-10, 3.367555e+01, 2.427766e-02
3.867000e+09, 8.450892e-02, 9.495039e-01, 2.994585e+00, 1.408583e+00, 3.090055e-10, 4.700179e-10, 3.382904e+01, 2.493040e-02
3.870800e+09, 8.230838e-02, 9.496665e-01, 2.987207e+00, 1.397361e+00, 3.004462e-10, 4.702161e-10, 3.398390e+01, 2.548072e-02
3.874600e+09, 8.009463e-02, 9.498250e-01, 2.980034e+00, 1.386134e+00, 2.910766e-10, 4.704109e-10, 3.414009e+01, 2.592811e-02
3.878400e+09, 7.786795e-02, 9.499791e-01, 2.973084e+00, 1.374902e+00, 2.807937e-10, 4.706023e-10, 3.429753e+01, 2.627211e-02
3.882200e+09, 7.562866e-02, 9.501289e-01, 2.966380e+00, 1.363666e+00, 2.694774e-10, 4.707900e-10, 3.445616e+01, 2.651230e-02
3.886000e+09, 7.337708e-02, 9.502742e-01, 2.959946e+00, 1.352426e+00, 2.569879e-10, 4.709741e-10, 3.461593e+01, 2.664829e-02
3.889800e+09, 7.111354e-02, 9.504149e-01, 2.953810e+00, 1.341181e+00, 2.431609e-10, 4.711544e-10, 3.477677e+01, 2.667973e-02
3.893600e+09, 6.883844e-02, 9.505509e-01, 2.948004e+00, 1.329931e+00, 2.278025e-10, 4.713309e-10, 3.493860e+01, 2.660633e-02
3.897400e+09, 6.655215e-02, 9.506821e-01, 2.942565e+00, 1.318678e+00, 2.106828e-10, 4.715034e-10, 3.510136e+01, 2.642780e-02
3.901200e+09, 6.425511e-02, 9.508084e-01, 2.937535e+00, 1.307420e+00, 1.915279e-10, 4.716719e-10, 3.526499e+01, 2.614391e-02
3.905000e+09, 6.194779e-02, 9.509298e-01, 2.932962e+00, 1.296158e+00, 1.700085e-10, 4.718362e-10, 3.542940e+01, 2.575448e-02
3.908800e+09, 5.963070e-02, 9.510460e-01, 2.928903e+00, 1.284893e+00, 1.457274e-10, 4.719963e-10, 3.559452e+01, 2.525935e-02
3.912600e+09, 5.730441e-02, 9.511572e-01, 2.925423e+00, 1.273623e+00, 1.182011e-10, 4.721521e-10, 3.576028e+01, 2.465840e-02
3.916400e+09, 5.496956e-02, 9.512630e-01, 2.922601e+00, 1.262350e+00, 8.683709e-11, 4.723035e-10, 3.592661e+01, 2.395156e-02
3.920200e+09, 5.262686e-02, 9.513636e-01, 2.920528e+00, 1.251073e+00, 5.090362e-11, 4.724504e-10, 3.609342e+01, 2.313881e-02
3.924000e+09, 5.027713e-02, 9.514587e-01, 2.919312e+00, 1.239793e+00, 9.488871e-12, 4.725928e-10, 3.626063e+01, 2.222014e-02
3.927800e+09, 4.792130e-02, 9.515484e-01, 2.919086e+00, 1.228510e+00, -3.855356e-11, 4.727306e-10, 3.642815e+01, 2.119560e-02
3.931600e+09, 4.556048e-02, 9.516325e-01, 2.920006e+00, 1.217223e+00, -9.467932e-11, 4.728636e-10, 3.659592e+01, 2.006529e-02
3.935400e+09, 4.319596e-02, 9.517109e-01, 2.922267e+00, 1.205932e+00, -1.607562e-10, 4.729919e-10, 3.676383e+01, 1.882933e-02
3.939200e+09, 4.082928e-02, 9.517836e-01, 2.926105e+00, 1.194639e+00, -2.392079e-10, 4.731153e-10, 3.693181e+01, 1.748790e-02
3.943000e+09, 3.846234e-02, 9.518505e-01, 2.931817e+00, 1.183343e+00, -3.332172e-10, 4.732337e-10, 3.709976e+01, 1.604122e-02
3.946800e+09, 3.609745e-02, 9.519115e-01, 2.939772e+00, 1.172044e+00, -4.470169e-10, 4.733472e-10, 3.726759e+01, 1.448954e-02
3.950600e+09, 3.373755e-02, 9.519666e-01, 2.950445e+00, 1.160742e+00, -5.863104e-10, 4.734556e-10, 3.743521e+01, 1.283318e-02
3.954400e+09, 3.138636e-02, 9.520157e-01, 2.964444e+00, 1.149438e+00, -7.588857e-10, 4.735589e-10, 3.760253e+01, 1.107247e-02
3.958200e+09, 2.904877e-02, 9.520587e-01, 2.982564e+00, 1.138131e+00, -9.755161e-10, 4.736570e-10, 3.776945e+01, 9.207816e-03
3.962000e+09, 2.673125e-02, 9.520956e-01, 3.005855e+00, 1.126822e+00, -1.251274e-09, 4.737498e-10, 3.793587e+01, 7.239654e-03
3.965800e+09, 2.444262e-02, 9.521264e-01, 3.035731e+00, 1.115511e+00, -1.607404e-09, 4.738373e-10, 3.810169e+01, 5.168472e-03
3.969600e+09, 2.219512e-02, 9.521508e-01, 3.074109e+00, 1.104198e+00, -2.073818e-09, 4.739194e-10, 3.826682e+01, 2.994801e-03
3.973400e+09, 2.000620e-02, 9.521690e-01, 3.123624e+00, 1.092882e+00, -2.691811e-09, 4.739961e-10, 3.843114e+01, 7.192236e-04
3.977200e+09, 1.790121e-02, 9.521809e-01, -3.095291e+00, 1.081565e+00, -3.514978e-09, 4.740672e-10, 3.859457e+01, -1.657631e-03
3.981000e+09, 1.591769e-02, 9.521863e-01, -3.011368e+00, 1.070246e+00, -4.601472e-09, 4.741329e-10, 3.875699e+01, -4.135085e-03
3.984800e+09, 1.411153e-02, 9.521853e-01, -2.901502e+00, 1.058926e+00, -5.979857e-09, 4.741929e-10, 3.891830e+01, -6.712409e-03
3.988600e+09, 1.256438e-02, 9.521779e-01, -2.758727e+00, 1.047604e+00, -7.559415e-09, 4.742473e-10, 3.907839e+01, -9.388826e-03
3.992400e+09, 1.138758e-02, 9.521639e-01, -2.578237e+00, 1.036281e+00, -8.996142e-09, 4.742960e-10, 3.923715e+01, -1.216351e-02
3.996200e+09, 1.070926e-02, 9.521433e-01, -2.363444e+00, 1.024956e+00, -9.709353e-09, 4.743390e-10, 3.939447e+01, -1.503557e-02
4.000000e+09, 1.063041e-02, 9.521162e-01, -2.131623e+00, 1.013631e+00, -9.709353e-09, 4.743390e-10, 3.955025e+01, -1.800408e-02
