Frequency [Hz], |S00| [-], |S10| [-], Arg(S00) [-], Arg(S10) [-], Delay 0>0 [s], Delay 0>1 [s], |Z0| [Ohm] , Arg(Z0) [-]
2.000000e+08, 4.129483e-02, 9.415656e-01, 1.602516e+00, -9.770890e-01, 2.001586e-09, 7.880819e-10, 3.989554e+01, 8.250144e-02
2.038000e+08, 4.043544e-02, 9.419059e-01, 1.554726e+00, -9.959053e-01, 2.050690e-09, 7.886856e-10, 4.005193e+01, 8.081645e-02
2.076000e+08, 3.959933e-02, 9.422276e-01, 1.505763e+00, -1.014736e+00, 2.101703e-09, 7.892307e-10, 4.020608e+01, 7.899067e-02
2.114000e+08, 3.878941e-02, 9.425307e-01, 1.455583e+00, -1.033580e+00, 2.154370e-09, 7.897189e-10, 4.035780e+01, 7.702792e-02
2.152000e+08, 3.800867e-02, 9.428151e-01, 1.404145e+00, -1.052435e+00, 2.208358e-09, 7.901522e-10, 4.050688e+01, 7.493207e-02
2.190000e+08, 3.726020e-02, 9.430810e-01, 1.351418e+00, -1.071301e+00, 2.263252e-09, 7.905325e-10, 4.065313e+01, 7.270710e-02
2.228000e+08, 3.654722e-02, 9.433284e-01, 1.297380e+00, -1.090176e+00, 2.318546e-09, 7.908616e-10, 4.079636e+01, 7.035709e-02
2.266000e+08, 3.587296e-02, 9.435575e-01, 1.242022e+00, -1.109058e+00, 2.373635e-09, 7.911416e-10, 4.093639e+01, 6.788615e-02
2.304000e+08, 3.524073e-02, 9.437685e-01, 1.185349e+00, -1.127948e+00, 2.427823e-09, 7.913743e-10, 4.107304e+01, 6.529852e-02
2.342000e+08, 3.465383e-02, 9.439615e-01, 1.127382e+00, -1.146843e+00, 2.480323e-09, 7.915617e-10, 4.120614e+01, 6.259845e-02
2.380000e+08, 3.411550e-02, 9.441370e-01, 1.068162e+00, -1.165742e+00, 2.530270e-09, 7.917057e-10, 4.133553e+01, 5.979028e-02
2.418000e+08, 3.362892e-02, 9.442951e-01, 1.007749e+00, -1.184645e+00, 2.576742e-09, 7.918082e-10, 4.146104e+01, 5.687839e-02
2.456000e+08, 3.319711e-02, 9.444362e-01, 9.462263e-01, -1.203550e+00, 2.618789e-09, 7.918713e-10, 4.158253e+01, 5.386723e-02
2.494000e+08, 3.282289e-02, 9.445608e-01, 8.836998e-01, -1.222457e+00, 2.655467e-09, 7.918968e-10, 4.169985e+01, 5.076125e-02
2.532000e+08, 3.250882e-02, 9.446691e-01, 8.202976e-01, -1.241365e+00, 2.685876e-09, 7.918866e-10, 4.181286e+01, 4.756497e-02
2.570000e+08, 3.225712e-02, 9.447616e-01, 7.561694e-01, -1.260272e+00, 2.709210e-09, 7.918427e-10, 4.192143e+01, 4.428293e-02
2.608000e+08, 3.206965e-02, 9.448388e-01, 6.914840e-01, -1.279178e+00, 2.724797e-09, 7.917670e-10, 4.202545e+01, 4.091967e-02
2.646000e+08, 3.194783e-02, 9.449011e-01, 6.264264e-01, -1.298082e+00, 2.732140e-09, 7.916613e-10, 4.212479e+01, 3.747976e-02
2.684000e+08, 3.189260e-02, 9.449490e-01, 5.611936e-01, -1.316984e+00, 2.730945e-09, 7.915275e-10, 4.221936e+01, 3.396779e-02
2.722000e+08, 3.190441e-02, 9.449830e-01, 4.959892e-01, -1.335883e+00, 2.721143e-09, 7.913674e-10, 4.230905e+01, 3.038833e-02
2.760000e+08, 3.198321e-02, 9.450037e-01, 4.310190e-01, -1.354777e+00, 2.702893e-09, 7.911828e-10, 4.239377e+01, 2.674595e-02
2.798000e+08, 3.212843e-02, 9.450114e-01, 3.664844e-01, -1.373668e+00, 2.676570e-09, 7.909754e-10, 4.247345e+01, 2.304523e-02
2.836000e+08, 3.233903e-02, 9.450068e-01, 3.025783e-01, -1.392553e+00, 2.642744e-09, 7.907470e-10, 4.254801e+01, 1.929071e-02
2.874000e+08, 3.261349e-02, 9.449905e-01, 2.394799e-01, -1.411433e+00, 2.602145e-09, 7.904993e-10, 4.261739e+01, 1.548691e-02
2.912000e+08, 3.294992e-02, 9.449629e-01, 1.773508e-01, -1.430307e+00, 2.555618e-09, 7.902339e-10, 4.268153e+01, 1.163833e-02
2.950000e+08, 3.334607e-02, 9.449246e-01, 1.163326e-01, -1.449175e+00, 2.504082e-09, 7.899524e-10, 4.274038e+01, 7.749446e-03
2.988000e+08, 3.379939e-02, 9.448762e-01, 5.654492e-02, -1.468036e+00, 2.448486e-09, 7.896563e-10, 4.279390e+01, 3.824682e-03
3.026000e+08, 3.430711e-02, 9.448182e-01, -1.915382e-03, -1.486890e+00, 2.389770e-09, 7.893472e-10, 4.284207e+01, -1.315772e-04
3.064000e+08, 3.486631e-02, 9.447511e-01, -5.897377e-02, -1.505736e+00, 2.328830e-09, 7.890266e-10, 4.288485e+01, -4.114991e-03
3.102000e+08, 3.547394e-02, 9.446756e-01, -1.145772e-01, -1.524575e+00, 2.266498e-09, 7.886958e-10, 4.292224e+01, -8.121273e-03
3.140000e+08, 3.612691e-02, 9.445922e-01, -1.686923e-01, -1.543406e+00, 2.203521e-09, 7.883562e-10, 4.295423e+01, -1.214619e-02
3.178000e+08, 3.682211e-02, 9.445014e-01, -2.213038e-01, -1.562229e+00, 2.140554e-09, 7.880092e-10, 4.298082e+01, -1.618557e-02
3.216000e+08, 3.755647e-02, 9.444038e-01, -2.724119e-01, -1.581044e+00, 2.078155e-09, 7.876560e-10, 4.300201e+01, -2.023531e-02
3.254000e+08, 3.832698e-02, 9.442999e-01, -3.220301e-01, -1.599850e+00, 2.016786e-09, 7.872980e-10, 4.301782e+01, -2.429135e-02
3.292000e+08, 3.913073e-02, 9.441902e-01, -3.701831e-01, -1.618647e+00, 1.956821e-09, 7.869361e-10, 4.302827e+01, -2.834974e-02
3.330000e+08, 3.996490e-02, 9.440752e-01, -4.169044e-01, -1.637436e+00, 1.898553e-09, 7.865717e-10, 4.303339e+01, -3.240656e-02
3.368000e+08, 4.082680e-02, 9.439555e-01, -4.622344e-01, -1.656217e+00, 1.842199e-09, 7.862058e-10, 4.303322e+01, -3.645799e-02
3.406000e+08, 4.171386e-02, 9.438315e-01, -5.062190e-01, -1.674988e+00, 1.787915e-09, 7.858394e-10, 4.302780e+01, -4.050027e-02
3.444000e+08, 4.262366e-02, 9.437037e-01, -5.489074e-01, -1.693751e+00, 1.735802e-09, 7.854736e-10, 4.301718e+01, -4.452975e-02
3.482000e+08, 4.355390e-02, 9.435726e-01, -5.903516e-01, -1.712505e+00, 1.685916e-09, 7.851093e-10, 4.300141e+01, -4.854282e-02
3.520000e+08, 4.450242e-02, 9.434387e-01, -6.306047e-01, -1.731250e+00, 1.638278e-09, 7.847475e-10, 4.298054e+01, -5.253597e-02
3.558000e+08, 4.546720e-02, 9.433024e-01, -6.697204e-01, -1.749987e+00, 1.592876e-09, 7.843889e-10, 4.295465e+01, -5.650578e-02
3.596000e+08, 4.644634e-02, 9.431641e-01, -7.077521e-01, -1.768715e+00, 1.549677e-09, 7.840345e-10, 4.292380e+01, -6.044890e-02
3.634000e+08, 4.743805e-02, 9.430243e-01, -7.447523e-01, -1.787435e+00, 1.508632e-09, 7.836850e-10, 4.288807e+01, -6.436206e-02
3.672000e+08, 4.844067e-02, 9.428833e-01, -7.807726e-01, -1.806146e+00, 1.469676e-09, 7.833411e-10, 4.284754e+01, -6.824209e-02
3.710000e+08, 4.945265e-02, 9.427416e-01, -8.158627e-01, -1.824849e+00, 1.432736e-09, 7.830036e-10, 4.280228e+01, -7.208589e-02
3.748000e+08, 5.047253e-02, 9.425995e-01, -8.500709e-01, -1.843544e+00, 1.397733e-09, 7.826730e-10, 4.275238e+01, -7.589044e-02
3.786000e+08, 5.149896e-02, 9.424574e-01, -8.834433e-01, -1.862232e+00, 1.364583e-09, 7.823500e-10, 4.269794e+01, -7.965281e-02
3.824000e+08, 5.253066e-02, 9.423156e-01, -9.160242e-01, -1.880911e+00, 1.333203e-09, 7.820352e-10, 4.263904e+01, -8.337015e-02
3.862000e+08, 5.356645e-02, 9.421745e-01, -9.478559e-01, -1.899583e+00, 1.303507e-09, 7.817289e-10, 4.257578e+01, -8.703967e-02
3.900000e+08, 5.460522e-02, 9.420343e-01, -9.789786e-01, -1.918248e+00, 1.275411e-09, 7.814318e-10, 4.250826e+01, -9.065867e-02
3.938000e+08, 5.564592e-02, 9.418953e-01, -1.009430e+00, -1.936905e+00, 1.248835e-09, 7.811443e-10, 4.243658e+01, -9.422454e-02
3.976000e+08, 5.668759e-02, 9.417579e-01, -1.039248e+00, -1.955556e+00, 1.223697e-09, 7.808666e-10, 4.236085e+01, -9.773471e-02
4.014000e+08, 5.772929e-02, 9.416222e-01, -1.068465e+00, -1.974200e+00, 1.199923e-09, 7.805991e-10, 4.228115e+01, -1.011867e-01
4.052000e+08, 5.877017e-02, 9.414885e-01, -1.097114e+00, -1.992838e+00, 1.177438e-09, 7.803421e-10, 4.219762e+01, -1.045781e-01
4.090000e+08, 5.980941e-02, 9.413570e-01, -1.125227e+00, -2.011469e+00, 1.156173e-09, 7.800959e-10, 4.211034e+01, -1.079066e-01
4.128000e+08, 6.084625e-02, 9.412280e-01, -1.152832e+00, -2.030095e+00, 1.136061e-09, 7.798605e-10, 4.201943e+01, -1.111699e-01
4.166000e+08, 6.187995e-02, 9.411016e-01, -1.179957e+00, -2.048715e+00, 1.117041e-09, 7.796362e-10, 4.192500e+01, -1.143657e-01
4.204000e+08, 6.290984e-02, 9.409780e-01, -1.206627e+00, -2.067329e+00, 1.099053e-09, 7.794230e-10, 4.182717e+01, -1.174919e-01
4.242000e+08, 6.393524e-02, 9.408573e-01, -1.232868e+00, -2.085939e+00, 1.082041e-09, 7.792210e-10, 4.172603e+01, -1.205464e-01
4.280000e+08, 6.495553e-02, 9.407396e-01, -1.258703e+00, -2.104544e+00, 1.065952e-09, 7.790302e-10, 4.162172e+01, -1.235271e-01
4.318000e+08, 6.597011e-02, 9.406251e-01, -1.284154e+00, -2.123144e+00, 1.050738e-09, 7.788506e-10, 4.151433e+01, -1.264321e-01
4.356000e+08, 6.697841e-02, 9.405139e-01, -1.309242e+00, -2.141740e+00, 1.036351e-09, 7.786820e-10, 4.140399e+01, -1.292592e-01
4.394000e+08, 6.797988e-02, 9.404061e-01, -1.333986e+00, -2.160332e+00, 1.022748e-09, 7.785244e-10, 4.129081e+01, -1.320067e-01
4.432000e+08, 6.897398e-02, 9.403017e-01, -1.358405e+00, -2.178920e+00, 1.009887e-09, 7.783775e-10, 4.117491e+01, -1.346727e-01
4.470000e+08, 6.996020e-02, 9.402008e-01, -1.382517e+00, -2.197505e+00, 9.977314e-10, 7.782412e-10, 4.105639e+01, -1.372553e-01
4.508000e+08, 7.093802e-02, 9.401034e-01, -1.406339e+00, -2.216086e+00, 9.862436e-10, 7.781153e-10, 4.093538e+01, -1.397526e-01
4.546000e+08, 7.190698e-02, 9.400095e-01, -1.429887e+00, -2.234664e+00, 9.753897e-10, 7.779994e-10, 4.081200e+01, -1.421631e-01
4.584000e+08, 7.286658e-02, 9.399192e-01, -1.453175e+00, -2.253240e+00, 9.651380e-10, 7.778934e-10, 4.068635e+01, -1.444849e-01
4.622000e+08, 7.381636e-02, 9.398325e-01, -1.476219e+00, -2.271813e+00, 9.554583e-10, 7.777968e-10, 4.055855e+01, -1.467163e-01
4.660000e+08, 7.475586e-02, 9.397493e-01, -1.499031e+00, -2.290384e+00, 9.463223e-10, 7.777093e-10, 4.042873e+01, -1.488557e-01
4.698000e+08, 7.568464e-02, 9.396696e-01, -1.521626e+00, -2.308952e+00, 9.377034e-10, 7.776305e-10, 4.029700e+01, -1.509014e-01
4.736000e+08, 7.660224e-02, 9.395935e-01, -1.544015e+00, -2.327519e+00, 9.295763e-10, 7.775601e-10, 4.016348e+01, -1.528519e-01
4.774000e+08, 7.750822e-02, 9.395207e-01, -1.566209e+00, -2.346084e+00, 9.219175e-10, 7.774976e-10, 4.002828e+01, -1.547055e-01
4.812000e+08, 7.840215e-02, 9.394514e-01, -1.588221e+00, -2.364648e+00, 9.147044e-10, 7.774425e-10, 3.989153e+01, -1.564608e-01
4.850000e+08, 7.928360e-02, 9.393854e-01, -1.610061e+00, -2.383210e+00, 9.079160e-10, 7.773945e-10, 3.975334e+01, -1.581163e-01
4.888000e+08, 8.015212e-02, 9.393227e-01, -1.631738e+00, -2.401771e+00, 9.015322e-10, 7.773531e-10, 3.961383e+01, -1.596703e-01
4.926000e+08, 8.100728e-02, 9.392632e-01, -1.653263e+00, -2.420332e+00, 8.955341e-10, 7.773179e-10, 3.947312e+01, -1.611216e-01
4.964000e+08, 8.184867e-02, 9.392068e-01, -1.674645e+00, -2.438891e+00, 8.899037e-10, 7.772883e-10, 3.933134e+01, -1.624687e-01
5.002000e+08, 8.267583e-02, 9.391535e-01, -1.695893e+00, -2.457449e+00, 8.846240e-10, 7.772639e-10, 3.918859e+01, -1.637103e-01
5.040000e+08, 8.348836e-02, 9.391031e-01, -1.717014e+00, -2.476007e+00, 8.796789e-10, 7.772442e-10, 3.904501e+01, -1.648449e-01
5.078000e+08, 8.428580e-02, 9.390556e-01, -1.738017e+00, -2.494565e+00, 8.750529e-10, 7.772289e-10, 3.890072e+01, -1.658714e-01
5.116000e+08, 8.506774e-02, 9.390109e-01, -1.758910e+00, -2.513122e+00, 8.707316e-10, 7.772174e-10, 3.875583e+01, -1.667884e-01
5.154000e+08, 8.583373e-02, 9.389689e-01, -1.779700e+00, -2.531679e+00, 8.667010e-10, 7.772093e-10, 3.861047e+01, -1.675947e-01
5.192000e+08, 8.658335e-02, 9.389295e-01, -1.800393e+00, -2.550236e+00, 8.629480e-10, 7.772041e-10, 3.846476e+01, -1.682892e-01
5.230000e+08, 8.731616e-02, 9.388926e-01, -1.820997e+00, -2.568793e+00, 8.594599e-10, 7.772016e-10, 3.831884e+01, -1.688708e-01
5.268000e+08, 8.803172e-02, 9.388582e-01, -1.841518e+00, -2.587349e+00, 8.562247e-10, 7.772012e-10, 3.817281e+01, -1.693385e-01
5.306000e+08, 8.872959e-02, 9.388261e-01, -1.861961e+00, -2.605906e+00, 8.532312e-10, 7.772027e-10, 3.802681e+01, -1.696912e-01
5.344000e+08, 8.940935e-02, 9.387963e-01, -1.882333e+00, -2.624462e+00, 8.504682e-10, 7.772056e-10, 3.788096e+01, -1.699280e-01
5.382000e+08, 9.007054e-02, 9.387687e-01, -1.902639e+00, -2.643019e+00, 8.479256e-10, 7.772096e-10, 3.773540e+01, -1.700480e-01
5.420000e+08, 9.071272e-02, 9.387432e-01, -1.922884e+00, -2.661576e+00, 8.455934e-10, 7.772145e-10, 3.759023e+01, -1.700505e-01
5.458000e+08, 9.133547e-02, 9.387198e-01, -1.943073e+00, -2.680132e+00, 8.434621e-10, 7.772199e-10, 3.744560e+01, -1.699348e-01
5.496000e+08, 9.193834e-02, 9.386984e-01, -1.963212e+00, -2.698689e+00, 8.415227e-10, 7.772256e-10, 3.730163e+01, -1.697002e-01
5.534000e+08, 9.252088e-02, 9.386789e-01, -1.983304e+00, -2.717247e+00, 8.397667e-10, 7.772314e-10, 3.715845e+01, -1.693462e-01
5.572000e+08, 9.308267e-02, 9.386614e-01, -2.003354e+00, -2.735804e+00, 8.381859e-10, 7.772372e-10, 3.701619e+01, -1.688723e-01
5.610000e+08, 9.362327e-02, 9.386456e-01, -2.023367e+00, -2.754361e+00, 8.367726e-10, 7.772427e-10, 3.687497e+01, -1.682782e-01
5.648000e+08, 9.414223e-02, 9.386317e-01, -2.043346e+00, -2.772919e+00, 8.355192e-10, 7.772478e-10, 3.673492e+01, -1.675636e-01
5.686000e+08, 9.463913e-02, 9.386195e-01, -2.063295e+00, -2.791476e+00, 8.344187e-10, 7.772524e-10, 3.659618e+01, -1.667283e-01
5.724000e+08, 9.511353e-02, 9.386090e-01, -2.083218e+00, -2.810034e+00, 8.334645e-10, 7.772565e-10, 3.645887e+01, -1.657725e-01
5.762000e+08, 9.556501e-02, 9.386003e-01, -2.103117e+00, -2.828592e+00, 8.326502e-10, 7.772601e-10, 3.632312e+01, -1.646960e-01
5.800000e+08, 9.599315e-02, 9.385933e-01, -2.122998e+00, -2.847150e+00, 8.319698e-10, 7.772631e-10, 3.618906e+01, -1.634992e-01
5.838000e+08, 9.639752e-02, 9.385880e-01, -2.142862e+00, -2.865708e+00, 8.314176e-10, 7.772657e-10, 3.605682e+01, -1.621824e-01
5.876000e+08, 9.677772e-02, 9.385844e-01, -2.162713e+00, -2.884266e+00, 8.309881e-10, 7.772678e-10, 3.592652e+01, -1.607460e-01
5.914000e+08, 9.713332e-02, 9.385825e-01, -2.182554e+00, -2.902824e+00, 8.306764e-10, 7.772695e-10, 3.579829e+01, -1.591907e-01
5.952000e+08, 9.746393e-02, 9.385824e-01, -2.202387e+00, -2.921382e+00, 8.304776e-10, 7.772710e-10, 3.567226e+01, -1.575172e-01
5.990000e+08, 9.776916e-02, 9.385840e-01, -2.222216e+00, -2.939940e+00, 8.303874e-10, 7.772725e-10, 3.554856e+01, -1.557263e-01
6.028000e+08, 9.804860e-02, 9.385874e-01, -2.242042e+00, -2.958499e+00, 8.304015e-10, 7.772741e-10, 3.542731e+01, -1.538192e-01
6.066000e+08, 9.830189e-02, 9.385925e-01, -2.261869e+00, -2.977057e+00, 8.305160e-10, 7.772761e-10, 3.530863e+01, -1.517970e-01
6.104000e+08, 9.852864e-02, 9.385995e-01, -2.281698e+00, -2.995615e+00, 8.307274e-10, 7.772785e-10, 3.519265e+01, -1.496611e-01
6.142000e+08, 9.872849e-02, 9.386084e-01, -2.301533e+00, -3.014174e+00, 8.310323e-10, 7.772818e-10, 3.507948e+01, -1.474131e-01
6.180000e+08, 9.890110e-02, 9.386192e-01, -2.321375e+00, -3.032732e+00, 8.314278e-10, 7.772862e-10, 3.496926e+01, -1.450545e-01
6.218000e+08, 9.904610e-02, 9.386320e-01, -2.341226e+00, -3.051291e+00, 8.319111e-10, 7.772919e-10, 3.486209e+01, -1.425874e-01
6.256000e+08, 9.916317e-02, 9.386468e-01, -2.361089e+00, -3.069849e+00, 8.324798e-10, 7.772992e-10, 3.475810e+01, -1.400136e-01
6.294000e+08, 9.925199e-02, 9.386636e-01, -2.380965e+00, -3.088408e+00, 8.331316e-10, 7.773085e-10, 3.465739e+01, -1.373354e-01
6.332000e+08, 9.931223e-02, 9.386825e-01, -2.400857e+00, -3.106967e+00, 8.338648e-10, 7.773201e-10, 3.456008e+01, -1.345551e-01
6.370000e+08, 9.934362e-02, 9.387036e-01, -2.420767e+00, -3.125527e+00, 8.346776e-10, 7.773342e-10, 3.446628e+01, -1.316754e-01
6.408000e+08, 9.934584e-02, 9.387270e-01, -2.440695e+00, 3.139099e+00, 8.355689e-10, 7.773512e-10, 3.437611e+01, -1.286990e-01
6.446000e+08, 9.931865e-02, 9.387526e-01, -2.460646e+00, 3.120539e+00, 8.365376e-10, 7.773715e-10, 3.428965e+01, -1.256287e-01
6.484000e+08, 9.926176e-02, 9.387804e-01, -2.480619e+00, 3.101978e+00, 8.375830e-10, 7.773952e-10, 3.420702e+01, -1.224676e-01
6.522000e+08, 9.917494e-02, 9.388107e-01, -2.500617e+00, 3.083417e+00, 8.387047e-10, 7.774228e-10, 3.412832e+01, -1.192189e-01
6.560000e+08, 9.905796e-02, 9.388433e-01, -2.520642e+00, 3.064855e+00, 8.399025e-10, 7.774545e-10, 3.405364e+01, -1.158862e-01
6.598000e+08, 9.891060e-02, 9.388784e-01, -2.540696e+00, 3.046292e+00, 8.411767e-10, 7.774905e-10, 3.398308e+01, -1.124730e-01
6.636000e+08, 9.873267e-02, 9.389160e-01, -2.560780e+00, 3.027729e+00, 8.425279e-10, 7.775313e-10, 3.391673e+01, -1.089831e-01
6.674000e+08, 9.852396e-02, 9.389560e-01, -2.580896e+00, 3.009165e+00, 8.439568e-10, 7.775769e-10, 3.385467e+01, -1.054203e-01
6.712000e+08, 9.828433e-02, 9.389986e-01, -2.601046e+00, 2.990599e+00, 8.454648e-10, 7.776276e-10, 3.379698e+01, -1.017888e-01
6.750000e+08, 9.801361e-02, 9.390436e-01, -2.621233e+00, 2.972032e+00, 8.470534e-10, 7.776836e-10, 3.374376e+01, -9.809280e-02
6.788000e+08, 9.771167e-02, 9.390913e-01, -2.641457e+00, 2.953464e+00, 8.487244e-10, 7.777451e-10, 3.369506e+01, -9.433672e-02
6.826000e+08, 9.737840e-02, 9.391414e-01, -2.661721e+00, 2.934895e+00, 8.504804e-10, 7.778122e-10, 3.365096e+01, -9.052508e-02
6.864000e+08, 9.701368e-02, 9.391941e-01, -2.682027e+00, 2.916324e+00, 8.523240e-10, 7.778851e-10, 3.361154e+01, -8.666256e-02
6.902000e+08, 9.661745e-02, 9.392493e-01, -2.702378e+00, 2.897751e+00, 8.542583e-10, 7.779637e-10, 3.357685e+01, -8.275396e-02
6.940000e+08, 9.618963e-02, 9.393070e-01, -2.722774e+00, 2.879176e+00, 8.562871e-10, 7.780482e-10, 3.354694e+01, -7.880420e-02
6.978000e+08, 9.573018e-02, 9.393672e-01, -2.743219e+00, 2.860599e+00, 8.584143e-10, 7.781385e-10, 3.352189e+01, -7.481834e-02
7.016000e+08, 9.523908e-02, 9.394297e-01, -2.763714e+00, 2.842020e+00, 8.606446e-10, 7.782346e-10, 3.350172e+01, -7.080151e-02
7.054000e+08, 9.471630e-02, 9.394947e-01, -2.784263e+00, 2.823439e+00, 8.629831e-10, 7.783365e-10, 3.348649e+01, -6.675897e-02
7.092000e+08, 9.416186e-02, 9.395619e-01, -2.804868e+00, 2.804856e+00, 8.654355e-10, 7.784440e-10, 3.347624e+01, -6.269604e-02
7.130000e+08, 9.357579e-02, 9.396314e-01, -2.825531e+00, 2.786269e+00, 8.680082e-10, 7.785571e-10, 3.347101e+01, -5.861815e-02
7.168000e+08, 9.295813e-02, 9.397030e-01, -2.846256e+00, 2.767680e+00, 8.707081e-10, 7.786756e-10, 3.347081e+01, -5.453076e-02
7.206000e+08, 9.230896e-02, 9.397767e-01, -2.867045e+00, 2.749089e+00, 8.735428e-10, 7.787993e-10, 3.347567e+01, -5.043941e-02
7.244000e+08, 9.162836e-02, 9.398524e-01, -2.887902e+00, 2.730494e+00, 8.765209e-10, 7.789280e-10, 3.348562e+01, -4.634970e-02
7.282000e+08, 9.091642e-02, 9.399300e-01, -2.908830e+00, 2.711896e+00, 8.796517e-10, 7.790614e-10, 3.350067e+01, -4.226722e-02
7.320000e+08, 9.017329e-02, 9.400093e-01, -2.929832e+00, 2.693295e+00, 8.829452e-10, 7.791992e-10, 3.352082e+01, -3.819764e-02
7.358000e+08, 8.939909e-02, 9.400902e-01, -2.950914e+00, 2.674691e+00, 8.864127e-10, 7.793412e-10, 3.354608e+01, -3.414660e-02
7.396000e+08, 8.859400e-02, 9.401727e-01, -2.972078e+00, 2.656083e+00, 8.900664e-10, 7.794871e-10, 3.357644e+01, -3.011976e-02
7.434000e+08, 8.775821e-02, 9.402566e-01, -2.993329e+00, 2.637472e+00, 8.939196e-10, 7.796364e-10, 3.361191e+01, -2.612277e-02
7.472000e+08, 8.689190e-02, 9.403417e-01, -3.014672e+00, 2.618858e+00, 8.979872e-10, 7.797889e-10, 3.365245e+01, -2.216126e-02
7.510000e+08, 8.599531e-02, 9.404280e-01, -3.036113e+00, 2.600239e+00, 9.022852e-10, 7.799442e-10, 3.369806e+01, -1.824083e-02
7.548000e+08, 8.506869e-02, 9.405152e-01, -3.057656e+00, 2.581617e+00, 9.068313e-10, 7.801018e-10, 3.374870e+01, -1.436703e-02
7.586000e+08, 8.411229e-02, 9.406033e-01, -3.079307e+00, 2.562991e+00, 9.116449e-10, 7.802615e-10, 3.380436e+01, -1.054537e-02
7.624000e+08, 8.312640e-02, 9.406920e-01, -3.101074e+00, 2.544362e+00, 9.167473e-10, 7.804228e-10, 3.386498e+01, -6.781275e-03
7.662000e+08, 8.211133e-02, 9.407812e-01, -3.122962e+00, 2.525728e+00, 9.221619e-10, 7.805853e-10, 3.393053e+01, -3.080121e-03
7.700000e+08, 8.106740e-02, 9.408709e-01, 3.138205e+00, 2.507091e+00, 9.279147e-10, 7.807487e-10, 3.400097e+01, 5.528139e-04
7.738000e+08, 7.999497e-02, 9.409607e-01, 3.116050e+00, 2.488450e+00, 9.340340e-10, 7.809125e-10, 3.407623e+01, 4.112340e-03
7.776000e+08, 7.889440e-02, 9.410506e-01, 3.093749e+00, 2.469805e+00, 9.405513e-10, 7.810764e-10, 3.415626e+01, 7.593372e-03
7.814000e+08, 7.776608e-02, 9.411404e-01, 3.071293e+00, 2.451156e+00, 9.475013e-10, 7.812399e-10, 3.424100e+01, 1.099093e-02
7.852000e+08, 7.661044e-02, 9.412299e-01, 3.048670e+00, 2.432503e+00, 9.549225e-10, 7.814028e-10, 3.433037e+01, 1.430016e-02
7.890000e+08, 7.542790e-02, 9.413191e-01, 3.025870e+00, 2.413846e+00, 9.628577e-10, 7.815647e-10, 3.442430e+01, 1.751634e-02
7.928000e+08, 7.421892e-02, 9.414077e-01, 3.002881e+00, 2.395185e+00, 9.713541e-10, 7.817252e-10, 3.452271e+01, 2.063486e-02
7.966000e+08, 7.298400e-02, 9.414956e-01, 2.979689e+00, 2.376521e+00, 9.804647e-10, 7.818840e-10, 3.462551e+01, 2.365127e-02
8.004000e+08, 7.172365e-02, 9.415827e-01, 2.956279e+00, 2.357852e+00, 9.902483e-10, 7.820409e-10, 3.473260e+01, 2.656127e-02
8.042000e+08, 7.043839e-02, 9.416687e-01, 2.932636e+00, 2.339180e+00, 1.000771e-09, 7.821954e-10, 3.484390e+01, 2.936069e-02
8.080000e+08, 6.912880e-02, 9.417537e-01, 2.908741e+00, 2.320504e+00, 1.012106e-09, 7.823474e-10, 3.495929e+01, 3.204555e-02
8.118000e+08, 6.779547e-02, 9.418374e-01, 2.884576e+00, 2.301825e+00, 1.024337e-09, 7.824966e-10, 3.507867e+01, 3.461202e-02
8.156000e+08, 6.643903e-02, 9.419197e-01, 2.860119e+00, 2.283142e+00, 1.037556e-09, 7.826428e-10, 3.520192e+01, 3.705643e-02
8.194000e+08, 6.506013e-02, 9.420006e-01, 2.835346e+00, 2.264455e+00, 1.051869e-09, 7.827858e-10, 3.532892e+01, 3.937529e-02
8.232000e+08, 6.365946e-02, 9.420798e-01, 2.810232e+00, 2.245766e+00, 1.067395e-09, 7.829253e-10, 3.545956e+01, 4.156529e-02
8.270000e+08, 6.223777e-02, 9.421573e-01, 2.784746e+00, 2.227072e+00, 1.084269e-09, 7.830612e-10, 3.559369e+01, 4.362330e-02
8.308000e+08, 6.079582e-02, 9.422329e-01, 2.758858e+00, 2.208376e+00, 1.102643e-09, 7.831934e-10, 3.573119e+01, 4.554636e-02
8.346000e+08, 5.933443e-02, 9.423066e-01, 2.732531e+00, 2.189676e+00, 1.122694e-09, 7.833217e-10, 3.587191e+01, 4.733170e-02
8.384000e+08, 5.785448e-02, 9.423783e-01, 2.705726e+00, 2.170974e+00, 1.144619e-09, 7.834460e-10, 3.601571e+01, 4.897676e-02
8.422000e+08, 5.635689e-02, 9.424478e-01, 2.678397e+00, 2.152268e+00, 1.168649e-09, 7.835662e-10, 3.616244e+01, 5.047912e-02
8.460000e+08, 5.484265e-02, 9.425151e-01, 2.650494e+00, 2.133560e+00, 1.195046e-09, 7.836822e-10, 3.631194e+01, 5.183660e-02
8.498000e+08, 5.331282e-02, 9.425801e-01, 2.621961e+00, 2.114848e+00, 1.224114e-09, 7.837940e-10, 3.646406e+01, 5.304717e-02
8.536000e+08, 5.176855e-02, 9.426428e-01, 2.592734e+00, 2.096134e+00, 1.256203e-09, 7.839015e-10, 3.661862e+01, 5.410902e-02
8.574000e+08, 5.021107e-02, 9.427030e-01, 2.562741e+00, 2.077418e+00, 1.291721e-09, 7.840046e-10, 3.677547e+01, 5.502053e-02
8.612000e+08, 4.864173e-02, 9.427606e-01, 2.531899e+00, 2.058699e+00, 1.331141e-09, 7.841034e-10, 3.693442e+01, 5.578025e-02
8.650000e+08, 4.706199e-02, 9.428157e-01, 2.500117e+00, 2.039977e+00, 1.375012e-09, 7.841977e-10, 3.709530e+01, 5.638694e-02
8.688000e+08, 4.547348e-02, 9.428682e-01, 2.467287e+00, 2.021254e+00, 1.423981e-09, 7.842877e-10, 3.725792e+01, 5.683956e-02
8.726000e+08, 4.387797e-02, 9.429180e-01, 2.433288e+00, 2.002528e+00, 1.478800e-09, 7.843733e-10, 3.742210e+01, 5.713724e-02
8.764000e+08, 4.227745e-02, 9.429650e-01, 2.397980e+00, 1.983800e+00, 1.540354e-09, 7.844544e-10, 3.758765e+01, 5.727931e-02
8.802000e+08, 4.067415e-02, 9.430092e-01, 2.361202e+00, 1.965071e+00, 1.609681e-09, 7.845312e-10, 3.775438e+01, 5.726531e-02
8.840000e+08, 3.907058e-02, 9.430507e-01, 2.322769e+00, 1.946339e+00, 1.687997e-09, 7.846036e-10, 3.792208e+01, 5.709494e-02
8.878000e+08, 3.746962e-02, 9.430892e-01, 2.282467e+00, 1.927606e+00, 1.776730e-09, 7.846717e-10, 3.809055e+01, 5.676812e-02
8.916000e+08, 3.587453e-02, 9.431249e-01, 2.240045e+00, 1.908871e+00, 1.877542e-09, 7.847355e-10, 3.825960e+01, 5.628492e-02
8.954000e+08, 3.428911e-02, 9.431576e-01, 2.195217e+00, 1.890135e+00, 1.992364e-09, 7.847949e-10, 3.842900e+01, 5.564563e-02
8.992000e+08, 3.271775e-02, 9.431874e-01, 2.147647e+00, 1.871397e+00, 2.123407e-09, 7.848501e-10, 3.859855e+01, 5.485072e-02
9.030000e+08, 3.116562e-02, 9.432142e-01, 2.096948e+00, 1.852657e+00, 2.273161e-09, 7.849011e-10, 3.876804e+01, 5.390083e-02
9.068000e+08, 2.963878e-02, 9.432379e-01, 2.042674e+00, 1.833917e+00, 2.444351e-09, 7.849478e-10, 3.893725e+01, 5.279680e-02
9.106000e+08, 2.814443e-02, 9.432587e-01, 1.984312e+00, 1.815176e+00, 2.639815e-09, 7.849904e-10, 3.910596e+01, 5.153965e-02
9.144000e+08, 2.669110e-02, 9.432764e-01, 1.921284e+00, 1.796433e+00, 2.862265e-09, 7.850287e-10, 3.927395e+01, 5.013056e-02
9.182000e+08, 2.528897e-02, 9.432910e-01, 1.852944e+00, 1.777690e+00, 3.113842e-09, 7.850630e-10, 3.944099e+01, 4.857092e-02
9.220000e+08, 2.395010e-02, 9.433026e-01, 1.778598e+00, 1.758945e+00, 3.395395e-09, 7.850931e-10, 3.960687e+01, 4.686228e-02
9.258000e+08, 2.268875e-02, 9.433111e-01, 1.697529e+00, 1.740200e+00, 3.705381e-09, 7.851192e-10, 3.977135e+01, 4.500636e-02
9.296000e+08, 2.152158e-02, 9.433165e-01, 1.609059e+00, 1.721455e+00, 4.038368e-09, 7.851412e-10, 3.993422e+01, 4.300505e-02
9.334000e+08, 2.046764e-02, 9.433188e-01, 1.512638e+00, 1.702709e+00, 4.383311e-09, 7.851591e-10, 4.009525e+01, 4.086044e-02
9.372000e+08, 1.954810e-02, 9.433179e-01, 1.407982e+00, 1.683962e+00, 4.722110e-09, 7.851730e-10, 4.025420e+01, 3.857476e-02
9.410000e+08, 1.878542e-02, 9.433140e-01, 1.295236e+00, 1.665215e+00, 5.029443e-09, 7.851829e-10, 4.041087e+01, 3.615041e-02
9.448000e+08, 1.820185e-02, 9.433069e-01, 1.175153e+00, 1.646468e+00, 5.275117e-09, 7.851887e-10, 4.056501e+01, 3.358997e-02
9.486000e+08, 1.781732e-02, 9.432968e-01, 1.049204e+00, 1.627721e+00, 5.429599e-09, 7.851905e-10, 4.071640e+01, 3.089617e-02
9.524000e+08, 1.764690e-02, 9.432835e-01, 9.195660e-01, 1.608974e+00, 5.471681e-09, 7.851883e-10, 4.086484e+01, 2.807189e-02
9.562000e+08, 1.769854e-02, 9.432671e-01, 7.889236e-01, 1.590226e+00, 5.395153e-09, 7.851821e-10, 4.101008e+01, 2.512018e-02
9.600000e+08, 1.797179e-02, 9.432476e-01, 6.601084e-01, 1.571479e+00, 5.210927e-09, 7.851719e-10, 4.115192e+01, 2.204424e-02
9.638000e+08, 1.845797e-02, 9.432250e-01, 5.356917e-01, 1.552733e+00, 4.943358e-09, 7.851577e-10, 4.129015e+01, 1.884742e-02
9.676000e+08, 1.914172e-02, 9.431993e-01, 4.176636e-01, 1.533986e+00, 4.622893e-09, 7.851395e-10, 4.142454e+01, 1.553320e-02
9.714000e+08, 2.000335e-02, 9.431706e-01, 3.072869e-01, 1.515240e+00, 4.278775e-09, 7.851173e-10, 4.155490e+01, 1.210523e-02
9.752000e+08, 2.102130e-02, 9.431388e-01, 2.051264e-01, 1.496494e+00, 3.934392e-09, 7.850911e-10, 4.168101e+01, 8.567271e-03
9.790000e+08, 2.217409e-02, 9.431039e-01, 1.111885e-01, 1.477749e+00, 3.605758e-09, 7.850609e-10, 4.180269e+01, 4.923235e-03
9.828000e+08, 2.344170e-02, 9.430660e-01, 2.509703e-02, 1.459005e+00, 3.302163e-09, 7.850267e-10, 4.191973e+01, 1.177157e-03
9.866000e+08, 2.480616e-02, 9.430252e-01, -5.374576e-02, 1.440262e+00, 3.027768e-09, 7.849885e-10, 4.203196e+01, -2.666803e-03
9.904000e+08, 2.625185e-02, 9.429813e-01, -1.260371e-01, 1.421519e+00, 2.783309e-09, 7.849463e-10, 4.213918e+01, -6.604363e-03
9.942000e+08, 2.776541e-02, 9.429344e-01, -1.924916e-01, 1.402778e+00, 2.567476e-09, 7.849001e-10, 4.224122e+01, -1.063113e-02
9.980000e+08, 2.933553e-02, 9.428847e-01, -2.537930e-01, 1.384038e+00, 2.377911e-09, 7.848498e-10, 4.233793e+01, -1.474259e-02
1.001800e+09, 3.095267e-02, 9.428320e-01, -3.105682e-01, 1.365298e+00, 2.211832e-09, 7.847956e-10, 4.242913e+01, -1.893413e-02
1.005600e+09, 3.260881e-02, 9.427764e-01, -3.633781e-01, 1.346561e+00, 2.066416e-09, 7.847375e-10, 4.251467e+01, -2.320106e-02
1.009400e+09, 3.429718e-02, 9.427180e-01, -4.127161e-01, 1.327824e+00, 1.938998e-09, 7.846753e-10, 4.259441e+01, -2.753855e-02
1.013200e+09, 3.601204e-02, 9.426568e-01, -4.590118e-01, 1.309089e+00, 1.827164e-09, 7.846092e-10, 4.266822e+01, -3.194174e-02
1.017000e+09, 3.774853e-02, 9.425929e-01, -5.026374e-01, 1.290356e+00, 1.728786e-09, 7.845392e-10, 4.273597e+01, -3.640563e-02
1.020800e+09, 3.950244e-02, 9.425262e-01, -5.439141e-01, 1.271624e+00, 1.642012e-09, 7.844653e-10, 4.279754e+01, -4.092520e-02
1.024600e+09, 4.127017e-02, 9.424568e-01, -5.831189e-01, 1.252894e+00, 1.565248e-09, 7.843875e-10, 4.285283e+01, -4.549533e-02
1.028400e+09, 4.304859e-02, 9.423848e-01, -6.204909e-01, 1.234166e+00, 1.497133e-09, 7.843058e-10, 4.290173e+01, -5.011084e-02
1.032200e+09, 4.483493e-02, 9.423103e-01, -6.562366e-01, 1.215440e+00, 1.436503e-09, 7.842204e-10, 4.294417e+01, -5.476650e-02
1.036000e+09, 4.662677e-02, 9.422332e-01, -6.905347e-01, 1.196716e+00, 1.382367e-09, 7.841311e-10, 4.298007e+01, -5.945705e-02
1.039800e+09, 4.842195e-02, 9.421536e-01, -7.235403e-01, 1.177994e+00, 1.333881e-09, 7.840382e-10, 4.300937e+01, -6.417716e-02
1.043600e+09, 5.021851e-02, 9.420716e-01, -7.553881e-01, 1.159274e+00, 1.290326e-09, 7.839416e-10, 4.303200e+01, -6.892149e-02
1.047400e+09, 5.201472e-02, 9.419873e-01, -7.861961e-01, 1.140556e+00, 1.251085e-09, 7.838413e-10, 4.304793e+01, -7.368467e-02
1.051200e+09, 5.380897e-02, 9.419007e-01, -8.160671e-01, 1.121841e+00, 1.215632e-09, 7.837375e-10, 4.305712e+01, -7.846129e-02
1.055000e+09, 5.559980e-02, 9.418118e-01, -8.450917e-01, 1.103129e+00, 1.183514e-09, 7.836302e-10, 4.305956e+01, -8.324596e-02
1.058800e+09, 5.738585e-02, 9.417208e-01, -8.733494e-01, 1.084419e+00, 1.154342e-09, 7.835195e-10, 4.305523e+01, -8.803325e-02
1.062600e+09, 5.916587e-02, 9.416278e-01, -9.009106e-01, 1.065711e+00, 1.127781e-09, 7.834054e-10, 4.304414e+01, -9.281777e-02
1.066400e+09, 6.093870e-02, 9.415327e-01, -9.278376e-01, 1.047007e+00, 1.103539e-09, 7.832880e-10, 4.302631e+01, -9.759410e-02
1.070200e+09, 6.270322e-02, 9.414357e-01, -9.541858e-01, 1.028305e+00, 1.081365e-09, 7.831675e-10, 4.300174e+01, -1.023569e-01
1.074000e+09, 6.445841e-02, 9.413369e-01, -9.800046e-01, 1.009606e+00, 1.061039e-09, 7.830438e-10, 4.297049e+01, -1.071007e-01
1.077800e+09, 6.620327e-02, 9.412363e-01, -1.005338e+00, 9.909097e-01, 1.042369e-09, 7.829172e-10, 4.293260e+01, -1.118203e-01
1.081600e+09, 6.793687e-02, 9.411340e-01, -1.030226e+00, 9.722167e-01, 1.025188e-09, 7.827876e-10, 4.288813e+01, -1.165103e-01
1.085400e+09, 6.965831e-02, 9.410301e-01, -1.054703e+00, 9.535268e-01, 1.009348e-09, 7.826553e-10, 4.283713e+01, -1.211655e-01
1.089200e+09, 7.136672e-02, 9.409248e-01, -1.078803e+00, 9.348400e-01, 9.947194e-10, 7.825202e-10, 4.277970e+01, -1.257807e-01
1.093000e+09, 7.306129e-02, 9.408181e-01, -1.102553e+00, 9.161565e-01, 9.811881e-10, 7.823826e-10, 4.271592e+01, -1.303507e-01
1.096800e+09, 7.474120e-02, 9.407100e-01, -1.125980e+00, 8.974762e-01, 9.686529e-10, 7.822425e-10, 4.264588e+01, -1.348705e-01
1.100600e+09, 7.640568e-02, 9.406008e-01, -1.149107e+00, 8.787993e-01, 9.570239e-10, 7.821000e-10, 4.256970e+01, -1.393349e-01
1.104400e+09, 7.805397e-02, 9.404904e-01, -1.171957e+00, 8.601258e-01, 9.462214e-10, 7.819554e-10, 4.248749e+01, -1.437390e-01
1.108200e+09, 7.968534e-02, 9.403791e-01, -1.194549e+00, 8.414558e-01, 9.361742e-10, 7.818086e-10, 4.239938e+01, -1.480780e-01
1.112000e+09, 8.129908e-02, 9.402669e-01, -1.216902e+00, 8.227892e-01, 9.268186e-10, 7.816599e-10, 4.230550e+01, -1.523471e-01
1.115800e+09, 8.289447e-02, 9.401539e-01, -1.239030e+00, 8.041262e-01, 9.180978e-10, 7.815094e-10, 4.220599e+01, -1.565414e-01
1.119600e+09, 8.447085e-02, 9.400402e-01, -1.260951e+00, 7.854668e-01, 9.099607e-10, 7.813572e-10, 4.210100e+01, -1.606565e-01
1.123400e+09, 8.602753e-02, 9.399259e-01, -1.282677e+00, 7.668111e-01, 9.023612e-10, 7.812034e-10, 4.199068e+01, -1.646877e-01
1.127200e+09, 8.756385e-02, 9.398112e-01, -1.304222e+00, 7.481590e-01, 8.952580e-10, 7.810483e-10, 4.187521e+01, -1.686306e-01
1.131000e+09, 8.907917e-02, 9.396962e-01, -1.325597e+00, 7.295106e-01, 8.886135e-10, 7.808920e-10, 4.175475e+01, -1.724808e-01
1.134800e+09, 9.057285e-02, 9.395809e-01, -1.346814e+00, 7.108659e-01, 8.823941e-10, 7.807345e-10, 4.162947e+01, -1.762342e-01
1.138600e+09, 9.204426e-02, 9.394655e-01, -1.367882e+00, 6.922250e-01, 8.765689e-10, 7.805762e-10, 4.149956e+01, -1.798866e-01
1.142400e+09, 9.349278e-02, 9.393502e-01, -1.388811e+00, 6.735879e-01, 8.711101e-10, 7.804171e-10, 4.136520e+01, -1.834339e-01
1.146200e+09, 9.491780e-02, 9.392350e-01, -1.409610e+00, 6.549546e-01, 8.659922e-10, 7.802574e-10, 4.122658e+01, -1.868723e-01
1.150000e+09, 9.631871e-02, 9.391201e-01, -1.430286e+00, 6.363251e-01, 8.611921e-10, 7.800973e-10, 4.108390e+01, -1.901979e-01
1.153800e+09, 9.769493e-02, 9.390055e-01, -1.450848e+00, 6.176994e-01, 8.566886e-10, 7.799369e-10, 4.093736e+01, -1.934071e-01
1.157600e+09, 9.904586e-02, 9.388915e-01, -1.471303e+00, 5.990776e-01, 8.524625e-10, 7.797765e-10, 4.078715e+01, -1.964963e-01
1.161400e+09, 1.003709e-01, 9.387781e-01, -1.491656e+00, 5.804595e-01, 8.484959e-10, 7.796161e-10, 4.063349e+01, -1.994621e-01
1.165200e+09, 1.016695e-01, 9.386655e-01, -1.511915e+00, 5.618453e-01, 8.447726e-10, 7.794561e-10, 4.047658e+01, -2.023011e-01
1.169000e+09, 1.029412e-01, 9.385538e-01, -1.532085e+00, 5.432350e-01, 8.412776e-10, 7.792965e-10, 4.031663e+01, -2.050102e-01
1.172800e+09, 1.041852e-01, 9.384430e-01, -1.552171e+00, 5.246284e-01, 8.379972e-10, 7.791376e-10, 4.015386e+01, -2.075864e-01
1.176600e+09, 1.054011e-01, 9.383335e-01, -1.572179e+00, 5.060256e-01, 8.349186e-10, 7.789795e-10, 3.998847e+01, -2.100266e-01
1.180400e+09, 1.065884e-01, 9.382252e-01, -1.592114e+00, 4.874266e-01, 8.320301e-10, 7.788225e-10, 3.982068e+01, -2.123281e-01
1.184200e+09, 1.077464e-01, 9.381183e-01, -1.611980e+00, 4.688314e-01, 8.293208e-10, 7.786667e-10, 3.965071e+01, -2.144882e-01
1.188000e+09, 1.088747e-01, 9.380130e-01, -1.631781e+00, 4.502399e-01, 8.267808e-10, 7.785123e-10, 3.947877e+01, -2.165045e-01
1.191800e+09, 1.099728e-01, 9.379093e-01, -1.651521e+00, 4.316520e-01, 8.244006e-10, 7.783596e-10, 3.930508e+01, -2.183744e-01
1.195600e+09, 1.110400e-01, 9.378075e-01, -1.671204e+00, 4.130678e-01, 8.221717e-10, 7.782087e-10, 3.912986e+01, -2.200957e-01
1.199400e+09, 1.120759e-01, 9.377075e-01, -1.690835e+00, 3.944872e-01, 8.200861e-10, 7.780598e-10, 3.895332e+01, -2.216663e-01
1.203200e+09, 1.130800e-01, 9.376097e-01, -1.710415e+00, 3.759102e-01, 8.181363e-10, 7.779132e-10, 3.877568e+01, -2.230843e-01
1.207000e+09, 1.140518e-01, 9.375140e-01, -1.729949e+00, 3.573367e-01, 8.163153e-10, 7.777691e-10, 3.859714e+01, -2.243478e-01
1.210800e+09, 1.149908e-01, 9.374206e-01, -1.749439e+00, 3.387666e-01, 8.146167e-10, 7.776277e-10, 3.841794e+01, -2.254551e-01
1.214600e+09, 1.158965e-01, 9.373297e-01, -1.768889e+00, 3.201998e-01, 8.130345e-10, 7.774891e-10, 3.823827e+01, -2.264046e-01
1.218400e+09, 1.167684e-01, 9.372413e-01, -1.788301e+00, 3.016364e-01, 8.115631e-10, 7.773537e-10, 3.805835e+01, -2.271951e-01
1.222200e+09, 1.176061e-01, 9.371557e-01, -1.807678e+00, 2.830762e-01, 8.101971e-10, 7.772216e-10, 3.787839e+01, -2.278252e-01
1.226000e+09, 1.184090e-01, 9.370728e-01, -1.827023e+00, 2.645192e-01, 8.089318e-10, 7.770931e-10, 3.769859e+01, -2.282938e-01
1.229800e+09, 1.191768e-01, 9.369929e-01, -1.846337e+00, 2.459653e-01, 8.077626e-10, 7.769683e-10, 3.751917e+01, -2.286000e-01
1.233600e+09, 1.199090e-01, 9.369161e-01, -1.865623e+00, 2.274143e-01, 8.066852e-10, 7.768476e-10, 3.734033e+01, -2.287431e-01
1.237400e+09, 1.206051e-01, 9.368425e-01, -1.884884e+00, 2.088662e-01, 8.056956e-10, 7.767311e-10, 3.716226e+01, -2.287224e-01
1.241200e+09, 1.212648e-01, 9.367722e-01, -1.904120e+00, 1.903209e-01, 8.047901e-10, 7.766191e-10, 3.698517e+01, -2.285375e-01
1.245000e+09, 1.218876e-01, 9.367053e-01, -1.923336e+00, 1.717782e-01, 8.039654e-10, 7.765118e-10, 3.680926e+01, -2.281881e-01
1.248800e+09, 1.224730e-01, 9.366419e-01, -1.942531e+00, 1.532382e-01, 8.032181e-10, 7.764094e-10, 3.663472e+01, -2.276740e-01
1.252600e+09, 1.230208e-01, 9.365822e-01, -1.961709e+00, 1.347005e-01, 8.025453e-10, 7.763121e-10, 3.646174e+01, -2.269954e-01
1.256400e+09, 1.235305e-01, 9.365263e-01, -1.980871e+00, 1.161652e-01, 8.019441e-10, 7.762203e-10, 3.629051e+01, -2.261525e-01
1.260200e+09, 1.240017e-01, 9.364742e-01, -2.000018e+00, 9.763211e-02, 8.014122e-10, 7.761340e-10, 3.612121e+01, -2.251457e-01
1.264000e+09, 1.244341e-01, 9.364261e-01, -2.019153e+00, 7.910106e-02, 8.009470e-10, 7.760536e-10, 3.595404e+01, -2.239755e-01
1.267800e+09, 1.248273e-01, 9.363821e-01, -2.038276e+00, 6.057192e-02, 8.005463e-10, 7.759793e-10, 3.578917e+01, -2.226428e-01
1.271600e+09, 1.251810e-01, 9.363422e-01, -2.057390e+00, 4.204456e-02, 8.002083e-10, 7.759112e-10, 3.562677e+01, -2.211486e-01
1.275400e+09, 1.254948e-01, 9.363066e-01, -2.076496e+00, 2.351882e-02, 7.999309e-10, 7.758497e-10, 3.546704e+01, -2.194939e-01
1.279200e+09, 1.257684e-01, 9.362753e-01, -2.095595e+00, 4.994556e-03, 7.997126e-10, 7.757948e-10, 3.531012e+01, -2.176802e-01
1.283000e+09, 1.260015e-01, 9.362485e-01, -2.114689e+00, -1.352840e-02, 7.995519e-10, 7.757470e-10, 3.515620e+01, -2.157089e-01
1.286800e+09, 1.261939e-01, 9.362261e-01, -2.133779e+00, -3.205022e-02, 7.994474e-10, 7.757062e-10, 3.500544e+01, -2.135819e-01
1.290600e+09, 1.263452e-01, 9.362084e-01, -2.152867e+00, -5.057106e-02, 7.993979e-10, 7.756728e-10, 3.485800e+01, -2.113010e-01
1.294400e+09, 1.264551e-01, 9.361953e-01, -2.171953e+00, -6.909111e-02, 7.994025e-10, 7.756470e-10, 3.471403e+01, -2.088685e-01
1.298200e+09, 1.265235e-01, 9.361868e-01, -2.191040e+00, -8.761053e-02, 7.994602e-10, 7.756289e-10, 3.457370e+01, -2.062867e-01
1.302000e+09, 1.265500e-01, 9.361832e-01, -2.210128e+00, -1.061295e-01, 7.995703e-10, 7.756186e-10, 3.443716e+01, -2.035582e-01
1.305800e+09, 1.265344e-01, 9.361844e-01, -2.229219e+00, -1.246483e-01, 7.997323e-10, 7.756165e-10, 3.430454e+01, -2.006857e-01
1.309600e+09, 1.264766e-01, 9.361904e-01, -2.248313e+00, -1.431670e-01, 7.999458e-10, 7.756226e-10, 3.417600e+01, -1.976723e-01
1.313400e+09, 1.263764e-01, 9.362013e-01, -2.267413e+00, -1.616858e-01, 8.002106e-10, 7.756371e-10, 3.405167e+01, -1.945211e-01
1.317200e+09, 1.262335e-01, 9.362172e-01, -2.286519e+00, -1.802050e-01, 8.005265e-10, 7.756601e-10, 3.393170e+01, -1.912356e-01
1.321000e+09, 1.260477e-01, 9.362380e-01, -2.305632e+00, -1.987248e-01, 8.008937e-10, 7.756918e-10, 3.381621e+01, -1.878195e-01
1.324800e+09, 1.258190e-01, 9.362638e-01, -2.324754e+00, -2.172453e-01, 8.013124e-10, 7.757323e-10, 3.370534e+01, -1.842765e-01
1.328600e+09, 1.255472e-01, 9.362945e-01, -2.343887e+00, -2.357667e-01, 8.017830e-10, 7.757815e-10, 3.359920e+01, -1.806107e-01
1.332400e+09, 1.252322e-01, 9.363303e-01, -2.363030e+00, -2.542894e-01, 8.023062e-10, 7.758398e-10, 3.349792e+01, -1.768265e-01
1.336200e+09, 1.248739e-01, 9.363710e-01, -2.382186e+00, -2.728134e-01, 8.028828e-10, 7.759070e-10, 3.340162e+01, -1.729283e-01
1.340000e+09, 1.244722e-01, 9.364166e-01, -2.401356e+00, -2.913390e-01, 8.035136e-10, 7.759833e-10, 3.331040e+01, -1.689208e-01
1.343800e+09, 1.240270e-01, 9.364672e-01, -2.420540e+00, -3.098665e-01, 8.042001e-10, 7.760687e-10, 3.322438e+01, -1.648089e-01
1.347600e+09, 1.235382e-01, 9.365227e-01, -2.439742e+00, -3.283960e-01, 8.049435e-10, 7.761632e-10, 3.314365e+01, -1.605977e-01
1.351400e+09, 1.230059e-01, 9.365830e-01, -2.458961e+00, -3.469277e-01, 8.057455e-10, 7.762667e-10, 3.306832e+01, -1.562925e-01
1.355200e+09, 1.224300e-01, 9.366482e-01, -2.478199e+00, -3.654620e-01, 8.066080e-10, 7.763793e-10, 3.299848e+01, -1.518988e-01
1.359000e+09, 1.218106e-01, 9.367180e-01, -2.497457e+00, -3.839989e-01, 8.075332e-10, 7.765010e-10, 3.293422e+01, -1.474223e-01
1.362800e+09, 1.211475e-01, 9.367926e-01, -2.516738e+00, -4.025387e-01, 8.085235e-10, 7.766315e-10, 3.287563e+01, -1.428688e-01
1.366600e+09, 1.204410e-01, 9.368718e-01, -2.536042e+00, -4.210816e-01, 8.095816e-10, 7.767709e-10, 3.282277e+01, -1.382443e-01
1.370400e+09, 1.196909e-01, 9.369554e-01, -2.555372e+00, -4.396279e-01, 8.107105e-10, 7.769191e-10, 3.277574e+01, -1.335550e-01
1.374200e+09, 1.188975e-01, 9.370435e-01, -2.574729e+00, -4.581777e-01, 8.119138e-10, 7.770758e-10, 3.273459e+01, -1.288072e-01
1.378000e+09, 1.180607e-01, 9.371359e-01, -2.594114e+00, -4.767312e-01, 8.131951e-10, 7.772411e-10, 3.269940e+01, -1.240075e-01
1.381800e+09, 1.171807e-01, 9.372325e-01, -2.613530e+00, -4.952887e-01, 8.145586e-10, 7.774145e-10, 3.267022e+01, -1.191623e-01
1.385600e+09, 1.162576e-01, 9.373331e-01, -2.632978e+00, -5.138504e-01, 8.160091e-10, 7.775961e-10, 3.264710e+01, -1.142786e-01
1.389400e+09, 1.152916e-01, 9.374377e-01, -2.652462e+00, -5.324163e-01, 8.175515e-10, 7.777855e-10, 3.263009e+01, -1.093630e-01
1.393200e+09, 1.142828e-01, 9.375461e-01, -2.671981e+00, -5.509868e-01, 8.191916e-10, 7.779826e-10, 3.261924e+01, -1.044226e-01
1.397000e+09, 1.132314e-01, 9.376582e-01, -2.691541e+00, -5.695620e-01, 8.209357e-10, 7.781870e-10, 3.261459e+01, -9.946432e-02
1.400800e+09, 1.121376e-01, 9.377737e-01, -2.711141e+00, -5.881421e-01, 8.227907e-10, 7.783986e-10, 3.261616e+01, -9.449533e-02
1.404600e+09, 1.110016e-01, 9.378926e-01, -2.730786e+00, -6.067272e-01, 8.247642e-10, 7.786169e-10, 3.262398e+01, -8.952278e-02
1.408400e+09, 1.098237e-01, 9.380147e-01, -2.750479e+00, -6.253175e-01, 8.268646e-10, 7.788418e-10, 3.263807e+01, -8.455386e-02
1.412200e+09, 1.086041e-01, 9.381397e-01, -2.770221e+00, -6.439133e-01, 8.291014e-10, 7.790727e-10, 3.265844e+01, -7.959584e-02
1.416000e+09, 1.073430e-01, 9.382675e-01, -2.790017e+00, -6.625145e-01, 8.314849e-10, 7.793096e-10, 3.268511e+01, -7.465597e-02
1.419800e+09, 1.060409e-01, 9.383980e-01, -2.809869e+00, -6.811214e-01, 8.340265e-10, 7.795519e-10, 3.271807e+01, -6.974152e-02
1.423600e+09, 1.046979e-01, 9.385308e-01, -2.829782e+00, -6.997340e-01, 8.367389e-10, 7.797993e-10, 3.275733e+01, -6.485975e-02
1.427400e+09, 1.033145e-01, 9.386658e-01, -2.849761e+00, -7.183526e-01, 8.396363e-10, 7.800514e-10, 3.280286e+01, -6.001790e-02
1.431200e+09, 1.018909e-01, 9.388029e-01, -2.869808e+00, -7.369772e-01, 8.427345e-10, 7.803078e-10, 3.285465e+01, -5.522318e-02
1.435000e+09, 1.004276e-01, 9.389417e-01, -2.889929e+00, -7.556079e-01, 8.460508e-10, 7.805682e-10, 3.291269e+01, -5.048273e-02
1.438800e+09, 9.892494e-02, 9.390820e-01, -2.910129e+00, -7.742448e-01, 8.496050e-10, 7.808321e-10, 3.297694e+01, -4.580366e-02
1.442600e+09, 9.738332e-02, 9.392237e-01, -2.930415e+00, -7.928880e-01, 8.534189e-10, 7.810991e-10, 3.304736e+01, -4.119296e-02
1.446400e+09, 9.580318e-02, 9.393665e-01, -2.950791e+00, -8.115376e-01, 8.575169e-10, 7.813688e-10, 3.312392e+01, -3.665757e-02
1.450200e+09, 9.418497e-02, 9.395102e-01, -2.971265e+00, -8.301937e-01, 8.619268e-10, 7.816407e-10, 3.320656e+01, -3.220431e-02
1.454000e+09, 9.252917e-02, 9.396545e-01, -2.991845e+00, -8.488562e-01, 8.666795e-10, 7.819145e-10, 3.329524e+01, -2.783990e-02
1.457800e+09, 9.083627e-02, 9.397992e-01, -3.012538e+00, -8.675253e-01, 8.718102e-10, 7.821896e-10, 3.338989e+01, -2.357091e-02
1.461600e+09, 8.910678e-02, 9.399441e-01, -3.033353e+00, -8.862009e-01, 8.773585e-10, 7.824657e-10, 3.349044e+01, -1.940379e-02
1.465400e+09, 8.734123e-02, 9.400889e-01, -3.054301e+00, -9.048832e-01, 8.833695e-10, 7.827424e-10, 3.359681e+01, -1.534485e-02
1.469200e+09, 8.554019e-02, 9.402334e-01, -3.075392e+00, -9.235720e-01, 8.898946e-10, 7.830191e-10, 3.370894e+01, -1.140024e-02
1.473000e+09, 8.370423e-02, 9.403774e-01, -3.096639e+00, -9.422674e-01, 8.969926e-10, 7.832955e-10, 3.382672e+01, -7.575943e-03
1.476800e+09, 8.183395e-02, 9.405206e-01, -3.118056e+00, -9.609695e-01, 9.047308e-10, 7.835711e-10, 3.395007e+01, -3.877761e-03
1.480600e+09, 7.992999e-02, 9.406627e-01, -3.139658e+00, -9.796781e-01, 9.131866e-10, 7.838456e-10, 3.407889e+01, -3.113238e-04
1.484400e+09, 7.799299e-02, 9.408036e-01, 3.121724e+00, -9.983933e-01, 9.224498e-10, 7.841184e-10, 3.421306e+01, 3.117929e-03
1.488200e+09, 7.602364e-02, 9.409429e-01, 3.099700e+00, -1.017115e+00, 9.326241e-10, 7.843892e-10, 3.435247e+01, 6.404754e-03
1.492000e+09, 7.402263e-02, 9.410805e-01, 3.077432e+00, -1.035843e+00, 9.438307e-10, 7.846575e-10, 3.449701e+01, 9.544112e-03
1.495800e+09, 7.199072e-02, 9.412161e-01, 3.054897e+00, -1.054578e+00, 9.562113e-10, 7.849230e-10, 3.464653e+01, 1.253117e-02
1.499600e+09, 6.992867e-02, 9.413495e-01, 3.032067e+00, -1.073319e+00, 9.699328e-10, 7.851852e-10, 3.480092e+01, 1.536130e-02
1.503400e+09, 6.783729e-02, 9.414804e-01, 3.008909e+00, -1.092066e+00, 9.851922e-10, 7.854438e-10, 3.496002e+01, 1.803011e-02
1.507200e+09, 6.571742e-02, 9.416087e-01, 2.985386e+00, -1.110819e+00, 1.002224e-09, 7.856983e-10, 3.512369e+01, 2.053340e-02
1.511000e+09, 6.356995e-02, 9.417340e-01, 2.961457e+00, -1.129579e+00, 1.021309e-09, 7.859484e-10, 3.529176e+01, 2.286723e-02
1.514800e+09, 6.139583e-02, 9.418562e-01, 2.937072e+00, -1.148344e+00, 1.042785e-09, 7.861938e-10, 3.546409e+01, 2.502786e-02
1.518600e+09, 5.919604e-02, 9.419751e-01, 2.912174e+00, -1.167115e+00, 1.067060e-09, 7.864339e-10, 3.564049e+01, 2.701178e-02
1.522400e+09, 5.697166e-02, 9.420904e-01, 2.886697e+00, -1.185892e+00, 1.094635e-09, 7.866685e-10, 3.582080e+01, 2.881574e-02
1.526200e+09, 5.472382e-02, 9.422019e-01, 2.860561e+00, -1.204675e+00, 1.126123e-09, 7.868973e-10, 3.600482e+01, 3.043670e-02
1.530000e+09, 5.245376e-02, 9.423094e-01, 2.833674e+00, -1.223463e+00, 1.162288e-09, 7.871198e-10, 3.619236e+01, 3.187186e-02
1.533800e+09, 5.016281e-02, 9.424128e-01, 2.805923e+00, -1.242256e+00, 1.204082e-09, 7.873358e-10, 3.638323e+01, 3.311865e-02
1.537600e+09, 4.785246e-02, 9.425117e-01, 2.777174e+00, -1.261055e+00, 1.252711e-09, 7.875449e-10, 3.657723e+01, 3.417477e-02
1.541400e+09, 4.552437e-02, 9.426061e-01, 2.747264e+00, -1.279858e+00, 1.309715e-09, 7.877469e-10, 3.677413e+01, 3.503814e-02
1.545200e+09, 4.318040e-02, 9.426958e-01, 2.715994e+00, -1.298666e+00, 1.377078e-09, 7.879413e-10, 3.697371e+01, 3.570690e-02
1.549000e+09, 4.082269e-02, 9.427805e-01, 2.683114e+00, -1.317479e+00, 1.457398e-09, 7.881279e-10, 3.717576e+01, 3.617947e-02
1.552800e+09, 3.845375e-02, 9.428601e-01, 2.648317e+00, -1.336297e+00, 1.554107e-09, 7.883064e-10, 3.738004e+01, 3.645449e-02
1.556600e+09, 3.607656e-02, 9.429344e-01, 2.611211e+00, -1.355119e+00, 1.671813e-09, 7.884766e-10, 3.758631e+01, 3.653086e-02
1.560400e+09, 3.369476e-02, 9.430033e-01, 2.571295e+00, -1.373944e+00, 1.816781e-09, 7.886381e-10, 3.779431e+01, 3.640769e-02
1.564200e+09, 3.131286e-02, 9.430666e-01, 2.527917e+00, -1.392774e+00, 1.997662e-09, 7.887908e-10, 3.800380e+01, 3.608438e-02
1.568000e+09, 2.893663e-02, 9.431241e-01, 2.480221e+00, -1.411607e+00, 2.226568e-09, 7.889342e-10, 3.821451e+01, 3.556054e-02
1.571800e+09, 2.657362e-02, 9.431758e-01, 2.427059e+00, -1.430444e+00, 2.520683e-09, 7.890683e-10, 3.842618e+01, 3.483604e-02
1.575600e+09, 2.423401e-02, 9.432215e-01, 2.366875e+00, -1.449284e+00, 2.904597e-09, 7.891928e-10, 3.863852e+01, 3.391099e-02
1.579400e+09, 2.193191e-02, 9.432611e-01, 2.297525e+00, -1.468127e+00, 3.413495e-09, 7.893075e-10, 3.885127e+01, 3.278575e-02
1.583200e+09, 1.968746e-02, 9.432944e-01, 2.216024e+00, -1.486972e+00, 4.096708e-09, 7.894121e-10, 3.906414e+01, 3.146093e-02
1.587000e+09, 1.753019e-02, 9.433213e-01, 2.118210e+00, -1.505820e+00, 5.018798e-09, 7.895065e-10, 3.927683e+01, 2.993737e-02
1.590800e+09, 1.550430e-02, 9.433418e-01, 1.998381e+00, -1.524671e+00, 6.248226e-09, 7.895905e-10, 3.948905e+01, 2.821619e-02
1.594600e+09, 1.367654e-02, 9.433557e-01, 1.849198e+00, -1.543523e+00, 7.807253e-09, 7.896639e-10, 3.970049e+01, 2.629872e-02
1.598400e+09, 1.214522e-02, 9.433630e-01, 1.662791e+00, -1.562377e+00, 9.543552e-09, 7.897266e-10, 3.991086e+01, 2.418657e-02
1.602200e+09, 1.104297e-02, 9.433636e-01, 1.434928e+00, -1.581233e+00, 1.096811e-08, 7.897784e-10, 4.011983e+01, 2.188158e-02
1.606000e+09, 1.051380e-02, 9.433575e-01, 1.173052e+00, -1.600089e+00, 1.138699e-08, 7.898192e-10, 4.032709e+01, 1.938583e-02
1.609800e+09, 1.065059e-02, 9.433445e-01, 9.011751e-01, -1.618947e+00, 1.054320e-08, 7.898489e-10, 4.053234e+01, 1.670168e-02
1.613600e+09, 1.143523e-02, 9.433246e-01, 6.494447e-01, -1.637806e+00, 8.929276e-09, 7.898673e-10, 4.073524e+01, 1.383170e-02
1.617400e+09, 1.275305e-02, 9.432978e-01, 4.362483e-01, -1.656665e+00, 7.219084e-09, 7.898745e-10, 4.093548e+01, 1.077874e-02
1.621200e+09, 1.446221e-02, 9.432641e-01, 2.638847e-01, -1.675524e+00, 5.771707e-09, 7.898702e-10, 4.113273e+01, 7.545874e-03
1.625000e+09, 1.644334e-02, 9.432235e-01, 1.260789e-01, -1.694383e+00, 4.657382e-09, 7.898546e-10, 4.132666e+01, 4.136435e-03
1.628800e+09, 1.861121e-02, 9.431758e-01, 1.487872e-02, -1.713242e+00, 3.827557e-09, 7.898274e-10, 4.151696e+01, 5.539934e-04
1.632600e+09, 2.090861e-02, 9.431212e-01, -7.650843e-02, -1.732100e+00, 3.212235e-09, 7.897888e-10, 4.170330e+01, -3.197636e-03
1.636400e+09, 2.329752e-02, 9.430596e-01, -1.532041e-01, -1.750957e+00, 2.751945e-09, 7.897386e-10, 4.188536e+01, -7.114400e-03
1.640200e+09, 2.575235e-02, 9.429912e-01, -2.189098e-01, -1.769812e+00, 2.402731e-09, 7.896769e-10, 4.206281e+01, -1.119200e-02
1.644000e+09, 2.825543e-02, 9.429157e-01, -2.762777e-01, -1.788667e+00, 2.133572e-09, 7.896037e-10, 4.223535e+01, -1.542592e-02
1.647800e+09, 3.079422e-02, 9.428335e-01, -3.272191e-01, -1.807520e+00, 1.922827e-09, 7.895191e-10, 4.240265e+01, -1.981139e-02
1.651600e+09, 3.335954e-02, 9.427444e-01, -3.731287e-01, -1.826370e+00, 1.755334e-09, 7.894230e-10, 4.256441e+01, -2.434343e-02
1.655400e+09, 3.594448e-02, 9.426485e-01, -4.150392e-01, -1.845219e+00, 1.620360e-09, 7.893156e-10, 4.272033e+01, -2.901684e-02
1.659200e+09, 3.854368e-02, 9.425460e-01, -4.537271e-01, -1.864064e+00, 1.510203e-09, 7.891970e-10, 4.287012e+01, -3.382618e-02
1.663000e+09, 4.115285e-02, 9.424369e-01, -4.897849e-01, -1.882907e+00, 1.419253e-09, 7.890672e-10, 4.301348e+01, -3.876583e-02
1.666800e+09, 4.376852e-02, 9.423212e-01, -5.236711e-01, -1.901747e+00, 1.343366e-09, 7.889265e-10, 4.315013e+01, -4.382994e-02
1.670600e+09, 4.638776e-02, 9.421991e-01, -5.557454e-01, -1.920584e+00, 1.279437e-09, 7.887748e-10, 4.327982e+01, -4.901247e-02
1.674400e+09, 4.900807e-02, 9.420708e-01, -5.862934e-01, -1.939416e+00, 1.225109e-09, 7.886124e-10, 4.340227e+01, -5.430721e-02
1.678200e+09, 5.162725e-02, 9.419362e-01, -6.155442e-01, -1.958245e+00, 1.178571e-09, 7.884394e-10, 4.351725e+01, -5.970773e-02
1.682000e+09, 5.424338e-02, 9.417955e-01, -6.436839e-01, -1.977070e+00, 1.138412e-09, 7.882561e-10, 4.362452e+01, -6.520747e-02
1.685800e+09, 5.685469e-02, 9.416490e-01, -6.708647e-01, -1.995891e+00, 1.103526e-09, 7.880625e-10, 4.372385e+01, -7.079969e-02
1.689600e+09, 5.945959e-02, 9.414966e-01, -6.972126e-01, -2.014707e+00, 1.073032e-09, 7.878591e-10, 4.381504e+01, -7.647748e-02
1.693400e+09, 6.205659e-02, 9.413386e-01, -7.228325e-01, -2.033518e+00, 1.046225e-09, 7.876459e-10, 4.389789e+01, -8.223383e-02
1.697200e+09, 6.464430e-02, 9.411751e-01, -7.478122e-01, -2.052324e+00, 1.022535e-09, 7.874232e-10, 4.397224e+01, -8.806156e-02
1.701000e+09, 6.722140e-02, 9.410064e-01, -7.722264e-01, -2.071124e+00, 1.001498e-09, 7.871913e-10, 4.403791e+01, -9.395339e-02
1.704800e+09, 6.978664e-02, 9.408325e-01, -7.961383e-01, -2.089919e+00, 9.827310e-10, 7.869505e-10, 4.409477e+01, -9.990195e-02
1.708600e+09, 7.233883e-02, 9.406537e-01, -8.196020e-01, -2.108709e+00, 9.659190e-10, 7.867011e-10, 4.414270e+01, -1.058998e-01
1.712400e+09, 7.487682e-02, 9.404702e-01, -8.426644e-01, -2.127492e+00, 9.507991e-10, 7.864433e-10, 4.418157e+01, -1.119393e-01
1.716200e+09, 7.739949e-02, 9.402822e-01, -8.653658e-01, -2.146269e+00, 9.371511e-10, 7.861776e-10, 4.421130e+01, -1.180128e-01
1.720000e+09, 7.990576e-02, 9.400898e-01, -8.877413e-01, -2.165040e+00, 9.247894e-10, 7.859041e-10, 4.423183e+01, -1.241128e-01
1.723800e+09, 8.239458e-02, 9.398933e-01, -9.098217e-01, -2.183804e+00, 9.135569e-10, 7.856234e-10, 4.424310e+01, -1.302315e-01
1.727600e+09, 8.486493e-02, 9.396930e-01, -9.316339e-01, -2.202562e+00, 9.033199e-10, 7.853356e-10, 4.424507e+01, -1.363612e-01
1.731400e+09, 8.731581e-02, 9.394890e-01, -9.532016e-01, -2.221313e+00, 8.939639e-10, 7.850413e-10, 4.423774e+01, -1.424940e-01
1.735200e+09, 8.974621e-02, 9.392816e-01, -9.745460e-01, -2.240056e+00, 8.853904e-10, 7.847408e-10, 4.422111e+01, -1.486224e-01
1.739000e+09, 9.215520e-02, 9.390711e-01, -9.956857e-01, -2.258793e+00, 8.775147e-10, 7.844345e-10, 4.419520e+01, -1.547385e-01
1.742800e+09, 9.454180e-02, 9.388576e-01, -1.016637e+00, -2.277522e+00, 8.702631e-10, 7.841227e-10, 4.416006e+01, -1.608347e-01
1.746600e+09, 9.690510e-02, 9.386415e-01, -1.037416e+00, -2.296244e+00, 8.635717e-10, 7.838060e-10, 4.411575e+01, -1.669034e-01
1.750400e+09, 9.924417e-02, 9.384230e-01, -1.058035e+00, -2.314958e+00, 8.573845e-10, 7.834847e-10, 4.406236e+01, -1.729370e-01
1.754200e+09, 1.015581e-01, 9.382024e-01, -1.078506e+00, -2.333665e+00, 8.516527e-10, 7.831592e-10, 4.399997e+01, -1.789278e-01
1.758000e+09, 1.038460e-01, 9.379798e-01, -1.098840e+00, -2.352364e+00, 8.463332e-10, 7.828300e-10, 4.392872e+01, -1.848686e-01
1.761800e+09, 1.061070e-01, 9.377557e-01, -1.119047e+00, -2.371055e+00, 8.413882e-10, 7.824976e-10, 4.384872e+01, -1.907520e-01
1.765600e+09, 1.083403e-01, 9.375303e-01, -1.139136e+00, -2.389738e+00, 8.367840e-10, 7.821623e-10, 4.376014e+01, -1.965708e-01
1.769400e+09, 1.105449e-01, 9.373038e-01, -1.159115e+00, -2.408412e+00, 8.324909e-10, 7.818247e-10, 4.366314e+01, -2.023178e-01
1.773200e+09, 1.127200e-01, 9.370765e-01, -1.178992e+00, -2.427079e+00, 8.284826e-10, 7.814851e-10, 4.355789e+01, -2.079861e-01
1.777000e+09, 1.148648e-01, 9.368487e-01, -1.198773e+00, -2.445738e+00, 8.247355e-10, 7.811442e-10, 4.344460e+01, -2.135687e-01
1.780800e+09, 1.169785e-01, 9.366207e-01, -1.218464e+00, -2.464389e+00, 8.212284e-10, 7.808022e-10, 4.332346e+01, -2.190591e-01
1.784600e+09, 1.190603e-01, 9.363928e-01, -1.238072e+00, -2.483031e+00, 8.179426e-10, 7.804597e-10, 4.319471e+01, -2.244506e-01
1.788400e+09, 1.211093e-01, 9.361653e-01, -1.257601e+00, -2.501666e+00, 8.148611e-10, 7.801172e-10, 4.305857e+01, -2.297369e-01
1.792200e+09, 1.231247e-01, 9.359384e-01, -1.277057e+00, -2.520292e+00, 8.119687e-10, 7.797751e-10, 4.291529e+01, -2.349116e-01
1.796000e+09, 1.251059e-01, 9.357124e-01, -1.296443e+00, -2.538910e+00, 8.092516e-10, 7.794340e-10, 4.276511e+01, -2.399688e-01
1.799800e+09, 1.270519e-01, 9.354876e-01, -1.315765e+00, -2.557520e+00, 8.066974e-10, 7.790942e-10, 4.260830e+01, -2.449026e-01
1.803600e+09, 1.289621e-01, 9.352644e-01, -1.335026e+00, -2.576122e+00, 8.042950e-10, 7.787562e-10, 4.244514e+01, -2.497072e-01
1.807400e+09, 1.308356e-01, 9.350429e-01, -1.354229e+00, -2.594715e+00, 8.020340e-10, 7.784206e-10, 4.227589e+01, -2.543771e-01
1.811200e+09, 1.326718e-01, 9.348235e-01, -1.373379e+00, -2.613301e+00, 7.999054e-10, 7.780877e-10, 4.210084e+01, -2.589070e-01
1.815000e+09, 1.344699e-01, 9.346064e-01, -1.392478e+00, -2.631879e+00, 7.979005e-10, 7.777581e-10, 4.192028e+01, -2.632917e-01
1.818800e+09, 1.362292e-01, 9.343920e-01, -1.411528e+00, -2.650448e+00, 7.960118e-10, 7.774322e-10, 4.173451e+01, -2.675263e-01
1.822600e+09, 1.379489e-01, 9.341805e-01, -1.430534e+00, -2.669010e+00, 7.942323e-10, 7.771105e-10, 4.154381e+01, -2.716060e-01
1.826400e+09, 1.396284e-01, 9.339721e-01, -1.449497e+00, -2.687565e+00, 7.925555e-10, 7.767934e-10, 4.134850e+01, -2.755262e-01
1.830200e+09, 1.412670e-01, 9.337672e-01, -1.468420e+00, -2.706112e+00, 7.909756e-10, 7.764814e-10, 4.114886e+01, -2.792826e-01
1.834000e+09, 1.428640e-01, 9.335660e-01, -1.487306e+00, -2.724651e+00, 7.894872e-10, 7.761748e-10, 4.094522e+01, -2.828709e-01
1.837800e+09, 1.444186e-01, 9.333687e-01, -1.506156e+00, -2.743183e+00, 7.880853e-10, 7.758742e-10, 4.073786e+01, -2.862871e-01
1.841600e+09, 1.459304e-01, 9.331757e-01, -1.524972e+00, -2.761708e+00, 7.867654e-10, 7.755800e-10, 4.052711e+01, -2.895275e-01
1.845400e+09, 1.473985e-01, 9.329872e-01, -1.543757e+00, -2.780226e+00, 7.855234e-10, 7.752926e-10, 4.031325e+01, -2.925885e-01
1.849200e+09, 1.488224e-01, 9.328034e-01, -1.562512e+00, -2.798737e+00, 7.843553e-10, 7.750124e-10, 4.009661e+01, -2.954666e-01
1.853000e+09, 1.502014e-01, 9.326245e-01, -1.581239e+00, -2.817241e+00, 7.832575e-10, 7.747398e-10, 3.987747e+01, -2.981586e-01
1.856800e+09, 1.515350e-01, 9.324509e-01, -1.599941e+00, -2.835739e+00, 7.822269e-10, 7.744753e-10, 3.965615e+01, -3.006614e-01
1.860600e+09, 1.528224e-01, 9.322827e-01, -1.618617e+00, -2.854230e+00, 7.812603e-10, 7.742191e-10, 3.943293e+01, -3.029723e-01
1.864400e+09, 1.540631e-01, 9.321202e-01, -1.637271e+00, -2.872715e+00, 7.803550e-10, 7.739717e-10, 3.920812e+01, -3.050885e-01
1.868200e+09, 1.552566e-01, 9.319636e-01, -1.655902e+00, -2.891195e+00, 7.795083e-10, 7.737335e-10, 3.898201e+01, -3.070077e-01
1.872000e+09, 1.564022e-01, 9.318130e-01, -1.674514e+00, -2.909669e+00, 7.787178e-10, 7.735047e-10, 3.875489e+01, -3.087274e-01
1.875800e+09, 1.574994e-01, 9.316688e-01, -1.693107e+00, -2.928137e+00, 7.779813e-10, 7.732859e-10, 3.852705e+01, -3.102456e-01
1.879600e+09, 1.585476e-01, 9.315311e-01, -1.711682e+00, -2.946600e+00, 7.772967e-10, 7.730772e-10, 3.829876e+01, -3.115604e-01
1.883400e+09, 1.595463e-01, 9.314001e-01, -1.730241e+00, -2.965058e+00, 7.766620e-10, 7.728791e-10, 3.807030e+01, -3.126701e-01
1.887200e+09, 1.604950e-01, 9.312759e-01, -1.748784e+00, -2.983511e+00, 7.760756e-10, 7.726918e-10, 3.784196e+01, -3.135731e-01
1.891000e+09, 1.613931e-01, 9.311589e-01, -1.767314e+00, -3.001960e+00, 7.755357e-10, 7.725157e-10, 3.761400e+01, -3.142681e-01
1.894800e+09, 1.622402e-01, 9.310490e-01, -1.785831e+00, -3.020405e+00, 7.750407e-10, 7.723510e-10, 3.738668e+01, -3.147538e-01
1.898600e+09, 1.630357e-01, 9.309465e-01, -1.804336e+00, -3.038846e+00, 7.745894e-10, 7.721980e-10, 3.716027e+01, -3.150293e-01
1.902400e+09, 1.637793e-01, 9.308516e-01, -1.822830e+00, -3.057283e+00, 7.741803e-10, 7.720570e-10, 3.693503e+01, -3.150939e-01
1.906200e+09, 1.644703e-01, 9.307643e-01, -1.841314e+00, -3.075716e+00, 7.738122e-10, 7.719283e-10, 3.671119e+01, -3.149469e-01
1.910000e+09, 1.651084e-01, 9.306849e-01, -1.859790e+00, -3.094147e+00, 7.734840e-10, 7.718121e-10, 3.648902e+01, -3.145879e-01
1.913800e+09, 1.656932e-01, 9.306134e-01, -1.878258e+00, -3.112575e+00, 7.731947e-10, 7.717086e-10, 3.626876e+01, -3.140167e-01
1.917600e+09, 1.662241e-01, 9.305499e-01, -1.896719e+00, -3.131000e+00, 7.729434e-10, 7.716180e-10, 3.605063e+01, -3.132332e-01
1.921400e+09, 1.667009e-01, 9.304947e-01, -1.915174e+00, 3.133762e+00, 7.727291e-10, 7.715406e-10, 3.583488e+01, -3.122378e-01
1.925200e+09, 1.671231e-01, 9.304476e-01, -1.933623e+00, 3.115340e+00, 7.725512e-10, 7.714765e-10, 3.562174e+01, -3.110307e-01
1.929000e+09, 1.674903e-01, 9.304090e-01, -1.952069e+00, 3.096921e+00, 7.724088e-10, 7.714260e-10, 3.541142e+01, -3.096127e-01
1.932800e+09, 1.678022e-01, 9.303787e-01, -1.970511e+00, 3.078502e+00, 7.723013e-10, 7.713891e-10, 3.520415e+01, -3.079844e-01
1.936600e+09, 1.680584e-01, 9.303569e-01, -1.988950e+00, 3.060084e+00, 7.722283e-10, 7.713661e-10, 3.500014e+01, -3.061471e-01
1.940400e+09, 1.682586e-01, 9.303437e-01, -2.007388e+00, 3.041667e+00, 7.721891e-10, 7.713570e-10, 3.479960e+01, -3.041018e-01
1.944200e+09, 1.684025e-01, 9.303391e-01, -2.025825e+00, 3.023250e+00, 7.721834e-10, 7.713620e-10, 3.460275e+01, -3.018502e-01
1.948000e+09, 1.684897e-01, 9.303431e-01, -2.044262e+00, 3.004833e+00, 7.722109e-10, 7.713812e-10, 3.440977e+01, -2.993940e-01
1.951800e+09, 1.685200e-01, 9.303557e-01, -2.062699e+00, 2.986415e+00, 7.722712e-10, 7.714147e-10, 3.422087e+01, -2.967351e-01
1.955600e+09, 1.684931e-01, 9.303771e-01, -2.081138e+00, 2.967997e+00, 7.723642e-10, 7.714625e-10, 3.403624e+01, -2.938758e-01
1.959400e+09, 1.684088e-01, 9.304071e-01, -2.099579e+00, 2.949577e+00, 7.724896e-10, 7.715248e-10, 3.385607e+01, -2.908185e-01
1.963200e+09, 1.682668e-01, 9.304458e-01, -2.118023e+00, 2.931156e+00, 7.726475e-10, 7.716015e-10, 3.368054e+01, -2.875660e-01
1.967000e+09, 1.680668e-01, 9.304931e-01, -2.136471e+00, 2.912733e+00, 7.728379e-10, 7.716927e-10, 3.350984e+01, -2.841214e-01
1.970800e+09, 1.678088e-01, 9.305491e-01, -2.154923e+00, 2.894308e+00, 7.730607e-10, 7.717984e-10, 3.334414e+01, -2.804877e-01
1.974600e+09, 1.674924e-01, 9.306136e-01, -2.173381e+00, 2.875881e+00, 7.733163e-10, 7.719186e-10, 3.318361e+01, -2.766687e-01
1.978400e+09, 1.671176e-01, 9.306867e-01, -2.191845e+00, 2.857450e+00, 7.736048e-10, 7.720533e-10, 3.302843e+01, -2.726681e-01
1.982200e+09, 1.666842e-01, 9.307683e-01, -2.210315e+00, 2.839017e+00, 7.739266e-10, 7.722024e-10, 3.287875e+01, -2.684901e-01
1.986000e+09, 1.661920e-01, 9.308583e-01, -2.228794e+00, 2.820580e+00, 7.742820e-10, 7.723658e-10, 3.273473e+01, -2.641389e-01
1.989800e+09, 1.656409e-01, 9.309566e-01, -2.247281e+00, 2.802139e+00, 7.746716e-10, 7.725436e-10, 3.259654e+01, -2.596194e-01
1.993600e+09, 1.650308e-01, 9.310631e-01, -2.265777e+00, 2.783693e+00, 7.750961e-10, 7.727356e-10, 3.246433e+01, -2.549365e-01
1.997400e+09, 1.643617e-01, 9.311777e-01, -2.284283e+00, 2.765243e+00, 7.755560e-10, 7.729416e-10, 3.233823e+01, -2.500953e-01
2.001200e+09, 1.636335e-01, 9.313003e-01, -2.302800e+00, 2.746789e+00, 7.760523e-10, 7.731617e-10, 3.221839e+01, -2.451016e-01
2.005000e+09, 1.628462e-01, 9.314308e-01, -2.321329e+00, 2.728328e+00, 7.765859e-10, 7.733955e-10, 3.210496e+01, -2.399612e-01
2.008800e+09, 1.619996e-01, 9.315690e-01, -2.339871e+00, 2.709863e+00, 7.771579e-10, 7.736430e-10, 3.199807e+01, -2.346802e-01
2.012600e+09, 1.610939e-01, 9.317148e-01, -2.358427e+00, 2.691391e+00, 7.777695e-10, 7.739039e-10, 3.189784e+01, -2.292650e-01
2.016400e+09, 1.601290e-01, 9.318680e-01, -2.376997e+00, 2.672913e+00, 7.784221e-10, 7.741780e-10, 3.180440e+01, -2.237225e-01
2.020200e+09, 1.591050e-01, 9.320285e-01, -2.395583e+00, 2.654429e+00, 7.791172e-10, 7.744652e-10, 3.171787e+01, -2.180596e-01
2.024000e+09, 1.580219e-01, 9.321960e-01, -2.414185e+00, 2.635938e+00, 7.798565e-10, 7.747651e-10, 3.163837e+01, -2.122835e-01
2.027800e+09, 1.568799e-01, 9.323703e-01, -2.432805e+00, 2.617439e+00, 7.806420e-10, 7.750775e-10, 3.156600e+01, -2.064020e-01
2.031600e+09, 1.556789e-01, 9.325512e-01, -2.451443e+00, 2.598934e+00, 7.814757e-10, 7.754021e-10, 3.150088e+01, -2.004227e-01
2.035400e+09, 1.544192e-01, 9.327386e-01, -2.470102e+00, 2.580420e+00, 7.823602e-10, 7.757386e-10, 3.144310e+01, -1.943539e-01
2.039200e+09, 1.531008e-01, 9.329322e-01, -2.488782e+00, 2.561898e+00, 7.832980e-10, 7.760867e-10, 3.139275e+01, -1.882038e-01
2.043000e+09, 1.517240e-01, 9.331317e-01, -2.507484e+00, 2.543368e+00, 7.842920e-10, 7.764460e-10, 3.134993e+01, -1.819809e-01
2.046800e+09, 1.502888e-01, 9.333369e-01, -2.526210e+00, 2.524830e+00, 7.853454e-10, 7.768161e-10, 3.131472e+01, -1.756941e-01
2.050600e+09, 1.487956e-01, 9.335475e-01, -2.544961e+00, 2.506283e+00, 7.864620e-10, 7.771966e-10, 3.128719e+01, -1.693523e-01
2.054400e+09, 1.472445e-01, 9.337633e-01, -2.563738e+00, 2.487726e+00, 7.876457e-10, 7.775872e-10, 3.126742e+01, -1.629648e-01
2.058200e+09, 1.456357e-01, 9.339839e-01, -2.582544e+00, 2.469160e+00, 7.889010e-10, 7.779874e-10, 3.125548e+01, -1.565407e-01
2.062000e+09, 1.439697e-01, 9.342092e-01, -2.601380e+00, 2.450585e+00, 7.902328e-10, 7.783967e-10, 3.125142e+01, -1.500897e-01
2.065800e+09, 1.422465e-01, 9.344387e-01, -2.620248e+00, 2.432000e+00, 7.916467e-10, 7.788148e-10, 3.125529e+01, -1.436213e-01
2.069600e+09, 1.404666e-01, 9.346721e-01, -2.639149e+00, 2.413405e+00, 7.931487e-10, 7.792411e-10, 3.126715e+01, -1.371452e-01
2.073400e+09, 1.386302e-01, 9.349092e-01, -2.658087e+00, 2.394800e+00, 7.947458e-10, 7.796752e-10, 3.128703e+01, -1.306714e-01
2.077200e+09, 1.367378e-01, 9.351497e-01, -2.677062e+00, 2.376184e+00, 7.964456e-10, 7.801164e-10, 3.131497e+01, -1.242096e-01
2.081000e+09, 1.347897e-01, 9.353931e-01, -2.696078e+00, 2.357558e+00, 7.982568e-10, 7.805644e-10, 3.135100e+01, -1.177699e-01
2.084800e+09, 1.327864e-01, 9.356392e-01, -2.715137e+00, 2.338921e+00, 8.001889e-10, 7.810185e-10, 3.139512e+01, -1.113622e-01
2.088600e+09, 1.307281e-01, 9.358875e-01, -2.734243e+00, 2.320273e+00, 8.022529e-10, 7.814783e-10, 3.144737e+01, -1.049965e-01
2.092400e+09, 1.286154e-01, 9.361378e-01, -2.753397e+00, 2.301615e+00, 8.044608e-10, 7.819431e-10, 3.150773e+01, -9.868281e-02
2.096200e+09, 1.264488e-01, 9.363897e-01, -2.772605e+00, 2.282945e+00, 8.068266e-10, 7.824123e-10, 3.157622e+01, -9.243102e-02
2.100000e+09, 1.242288e-01, 9.366428e-01, -2.791869e+00, 2.264264e+00, 8.093658e-10, 7.828855e-10, 3.165281e+01, -8.625103e-02
2.103800e+09, 1.219558e-01, 9.368967e-01, -2.811193e+00, 2.245572e+00, 8.120960e-10, 7.833620e-10, 3.173750e+01, -8.015264e-02
2.107600e+09, 1.196304e-01, 9.371510e-01, -2.830583e+00, 2.226868e+00, 8.150375e-10, 7.838411e-10, 3.183026e+01, -7.414556e-02
2.111400e+09, 1.172533e-01, 9.374055e-01, -2.850043e+00, 2.208153e+00, 8.182133e-10, 7.843224e-10, 3.193106e+01, -6.823938e-02
2.115200e+09, 1.148248e-01, 9.376596e-01, -2.869579e+00, 2.189427e+00, 8.216496e-10, 7.848051e-10, 3.203985e+01, -6.244354e-02
2.119000e+09, 1.123458e-01, 9.379130e-01, -2.889196e+00, 2.170688e+00, 8.253768e-10, 7.852887e-10, 3.215660e+01, -5.676734e-02
2.122800e+09, 1.098168e-01, 9.381653e-01, -2.908903e+00, 2.151939e+00, 8.294297e-10, 7.857726e-10, 3.228124e+01, -5.121990e-02
2.126600e+09, 1.072384e-01, 9.384162e-01, -2.928707e+00, 2.133178e+00, 8.338488e-10, 7.862560e-10, 3.241371e+01, -4.581015e-02
2.130400e+09, 1.046115e-01, 9.386651e-01, -2.948616e+00, 2.114405e+00, 8.386811e-10, 7.867384e-10, 3.255394e+01, -4.054683e-02
2.134200e+09, 1.019367e-01, 9.389118e-01, -2.968640e+00, 2.095621e+00, 8.439814e-10, 7.872191e-10, 3.270185e+01, -3.543843e-02
2.138000e+09, 9.921465e-02, 9.391557e-01, -2.988791e+00, 2.076825e+00, 8.498142e-10, 7.876976e-10, 3.285735e+01, -3.049325e-02
2.141800e+09, 9.644625e-02, 9.393966e-01, -3.009081e+00, 2.058018e+00, 8.562553e-10, 7.881731e-10, 3.302035e+01, -2.571932e-02
2.145600e+09, 9.363227e-02, 9.396340e-01, -3.029525e+00, 2.039199e+00, 8.633949e-10, 7.886450e-10, 3.319073e+01, -2.112440e-02
2.149400e+09, 9.077354e-02, 9.398675e-01, -3.050140e+00, 2.020370e+00, 8.713403e-10, 7.891128e-10, 3.336838e+01, -1.671604e-02
2.153200e+09, 8.787090e-02, 9.400967e-01, -3.070944e+00, 2.001529e+00, 8.802203e-10, 7.895756e-10, 3.355319e+01, -1.250146e-02
2.157000e+09, 8.492526e-02, 9.403213e-01, -3.091960e+00, 1.982677e+00, 8.901907e-10, 7.900331e-10, 3.374501e+01, -8.487624e-03
2.160800e+09, 8.193754e-02, 9.405408e-01, -3.113215e+00, 1.963814e+00, 9.014409e-10, 7.904843e-10, 3.394371e+01, -4.681220e-03
2.164600e+09, 7.890870e-02, 9.407548e-01, -3.134738e+00, 1.944940e+00, 9.142033e-10, 7.909289e-10, 3.414913e+01, -1.088626e-03
2.168400e+09, 7.583975e-02, 9.409629e-01, 3.126620e+00, 1.926056e+00, 9.287655e-10, 7.913661e-10, 3.436111e+01, 2.284069e-03
2.172200e+09, 7.273174e-02, 9.411649e-01, 3.104445e+00, 1.907161e+00, 9.454864e-10, 7.917953e-10, 3.457949e+01, 5.431082e-03
2.176000e+09, 6.958575e-02, 9.413602e-01, 3.081870e+00, 1.888256e+00, 9.648188e-10, 7.922159e-10, 3.480407e+01, 8.346931e-03
2.179800e+09, 6.640296e-02, 9.415485e-01, 3.058834e+00, 1.869341e+00, 9.873401e-10, 7.926272e-10, 3.503468e+01, 1.102644e-02
2.183600e+09, 6.318457e-02, 9.417295e-01, 3.035260e+00, 1.850416e+00, 1.013796e-09, 7.930288e-10, 3.527110e+01, 1.346476e-02
2.187400e+09, 5.993190e-02, 9.419027e-01, 3.011055e+00, 1.831482e+00, 1.045162e-09, 7.934199e-10, 3.551313e+01, 1.565732e-02
2.191200e+09, 5.664635e-02, 9.420678e-01, 2.986100e+00, 1.812538e+00, 1.082735e-09, 7.938000e-10, 3.576054e+01, 1.759989e-02
2.195000e+09, 5.332945e-02, 9.422245e-01, 2.960249e+00, 1.793585e+00, 1.128264e-09, 7.941685e-10, 3.601310e+01, 1.928855e-02
2.198800e+09, 4.998289e-02, 9.423725e-01, 2.933310e+00, 1.774623e+00, 1.184160e-09, 7.945248e-10, 3.627057e+01, 2.071969e-02
2.202600e+09, 4.660859e-02, 9.425113e-01, 2.905037e+00, 1.755653e+00, 1.253811e-09, 7.948683e-10, 3.653267e+01, 2.189000e-02
2.206400e+09, 4.320875e-02, 9.426406e-01, 2.875101e+00, 1.736675e+00, 1.342097e-09, 7.951985e-10, 3.679916e+01, 2.279653e-02
2.210200e+09, 3.978601e-02, 9.427602e-01, 2.843057e+00, 1.717689e+00, 1.456240e-09, 7.955149e-10, 3.706973e+01, 2.343660e-02
2.214000e+09, 3.634363e-02, 9.428698e-01, 2.808288e+00, 1.698695e+00, 1.607284e-09, 7.958168e-10, 3.734411e+01, 2.380788e-02
2.217800e+09, 3.288580e-02, 9.429689e-01, 2.769912e+00, 1.679694e+00, 1.812743e-09, 7.961038e-10, 3.762198e+01, 2.390835e-02
2.221600e+09, 2.941824e-02, 9.430574e-01, 2.726631e+00, 1.660686e+00, 2.101628e-09, 7.963754e-10, 3.790302e+01, 2.373631e-02
2.225400e+09, 2.594916e-02, 9.431349e-01, 2.676452e+00, 1.641672e+00, 2.524486e-09, 7.966309e-10, 3.818691e+01, 2.329038e-02
2.229200e+09, 2.249120e-02, 9.432012e-01, 2.616177e+00, 1.622651e+00, 3.174736e-09, 7.968701e-10, 3.847330e+01, 2.256951e-02
2.233000e+09, 1.906538e-02, 9.432561e-01, 2.540377e+00, 1.603625e+00, 4.236649e-09, 7.970923e-10, 3.876183e+01, 2.157299e-02
2.236800e+09, 1.570997e-02, 9.432992e-01, 2.439222e+00, 1.584594e+00, 6.096132e-09, 7.972971e-10, 3.905213e+01, 2.030041e-02
2.240600e+09, 1.250220e-02, 9.433304e-01, 2.293670e+00, 1.565557e+00, 9.560176e-09, 7.974841e-10, 3.934383e+01, 1.875172e-02
2.244400e+09, 9.616096e-03, 9.433494e-01, 2.065411e+00, 1.546516e+00, 1.577565e-08, 7.976528e-10, 3.963651e+01, 1.692720e-02
2.248200e+09, 7.465734e-03, 9.433561e-01, 1.688750e+00, 1.527472e+00, 2.254125e-08, 7.978029e-10, 3.992978e+01, 1.482746e-02
2.252000e+09, 6.820190e-03, 9.433502e-01, 1.150552e+00, 1.508423e+00, 2.085093e-08, 7.979339e-10, 4.022321e+01, 1.245346e-02
2.255800e+09, 8.073004e-03, 9.433315e-01, 6.527133e-01, 1.489372e+00, 1.345867e-08, 7.980455e-10, 4.051638e+01, 9.806510e-03
2.259600e+09, 1.058521e-02, 9.433000e-01, 3.313728e-01, 1.470317e+00, 8.201717e-09, 7.981373e-10, 4.080883e+01, 6.888275e-03
2.263400e+09, 1.369056e-02, 9.432554e-01, 1.355477e-01, 1.451261e+00, 5.375068e-09, 7.982090e-10, 4.110012e+01, 3.700770e-03
2.267200e+09, 1.707591e-02, 9.431977e-01, 7.212056e-03, 1.432203e+00, 3.832927e-09, 7.982603e-10, 4.138977e+01, 2.463745e-04
2.271000e+09, 2.060905e-02, 9.431267e-01, -8.430330e-02, 1.413144e+00, 2.931690e-09, 7.982910e-10, 4.167731e+01, -3.472168e-03
2.274800e+09, 2.422913e-02, 9.430423e-01, -1.543006e-01, 1.394083e+00, 2.368302e-09, 7.983006e-10, 4.196225e+01, -7.451743e-03
2.278600e+09, 2.790487e-02, 9.429444e-01, -2.108465e-01, 1.375023e+00, 1.995593e-09, 7.982891e-10, 4.224411e+01, -1.168886e-02
2.282400e+09, 3.161847e-02, 9.428330e-01, -2.584935e-01, 1.355963e+00, 1.737354e-09, 7.982562e-10, 4.252238e+01, -1.617967e-02
2.286200e+09, 3.535885e-02, 9.427081e-01, -2.999747e-01, 1.336904e+00, 1.551526e-09, 7.982017e-10, 4.279655e+01, -2.091990e-02
2.290000e+09, 3.911858e-02, 9.425695e-01, -3.370191e-01, 1.317846e+00, 1.413554e-09, 7.981255e-10, 4.306612e+01, -2.590495e-02
2.293800e+09, 4.289233e-02, 9.424174e-01, -3.707692e-01, 1.298790e+00, 1.308397e-09, 7.980274e-10, 4.333056e+01, -3.112980e-02
2.297600e+09, 4.667602e-02, 9.422516e-01, -4.020087e-01, 1.279736e+00, 1.226450e-09, 7.979073e-10, 4.358937e+01, -3.658905e-02
2.301400e+09, 5.046639e-02, 9.420723e-01, -4.312915e-01, 1.260685e+00, 1.161363e-09, 7.977653e-10, 4.384203e+01, -4.227692e-02
2.305200e+09, 5.426070e-02, 9.418795e-01, -4.590203e-01, 1.241638e+00, 1.108808e-09, 7.976011e-10, 4.408801e+01, -4.818724e-02
2.309000e+09, 5.805656e-02, 9.416732e-01, -4.854944e-01, 1.222594e+00, 1.065752e-09, 7.974149e-10, 4.432681e+01, -5.431346e-02
2.312800e+09, 6.185185e-02, 9.414536e-01, -5.109404e-01, 1.203555e+00, 1.030026e-09, 7.972067e-10, 4.455793e+01, -6.064867e-02
2.316600e+09, 6.564462e-02, 9.412207e-01, -5.355334e-01, 1.184521e+00, 1.000042e-09, 7.969764e-10, 4.478085e+01, -6.718555e-02
2.320400e+09, 6.943304e-02, 9.409746e-01, -5.594105e-01, 1.165492e+00, 9.746177e-10, 7.967242e-10, 4.499509e+01, -7.391646e-02
2.324200e+09, 7.321540e-02, 9.407155e-01, -5.826805e-01, 1.146469e+00, 9.528602e-10, 7.964502e-10, 4.520017e+01, -8.083335e-02
2.328000e+09, 7.699005e-02, 9.404436e-01, -6.054311e-01, 1.127453e+00, 9.340827e-10, 7.961546e-10, 4.539562e+01, -8.792787e-02
2.331800e+09, 8.075542e-02, 9.401590e-01, -6.277334e-01, 1.108444e+00, 9.177514e-10, 7.958375e-10, 4.558099e+01, -9.519131e-02
2.335600e+09, 8.450996e-02, 9.398620e-01, -6.496457e-01, 1.089443e+00, 9.034462e-10, 7.954991e-10, 4.575584e+01, -1.026146e-01
2.339400e+09, 8.825218e-02, 9.395527e-01, -6.712165e-01, 1.070449e+00, 8.908331e-10, 7.951397e-10, 4.591976e+01, -1.101885e-01
2.343200e+09, 9.198062e-02, 9.392313e-01, -6.924861e-01, 1.051464e+00, 8.796433e-10, 7.947596e-10, 4.607235e+01, -1.179033e-01
2.347000e+09, 9.569384e-02, 9.388982e-01, -7.134886e-01, 1.032488e+00, 8.696594e-10, 7.943590e-10, 4.621325e+01, -1.257491e-01
2.350800e+09, 9.939044e-02, 9.385537e-01, -7.342526e-01, 1.013522e+00, 8.607032e-10, 7.939384e-10, 4.634210e+01, -1.337158e-01
2.354600e+09, 1.030690e-01, 9.381979e-01, -7.548029e-01, 9.945661e-01, 8.526283e-10, 7.934980e-10, 4.645859e+01, -1.417930e-01
2.358400e+09, 1.067282e-01, 9.378312e-01, -7.751603e-01, 9.756205e-01, 8.453131e-10, 7.930384e-10, 4.656243e+01, -1.499701e-01
2.362200e+09, 1.103667e-01, 9.374540e-01, -7.953431e-01, 9.566858e-01, 8.386559e-10, 7.925599e-10, 4.665336e+01, -1.582363e-01
2.366000e+09, 1.139832e-01, 9.370665e-01, -8.153669e-01, 9.377626e-01, 8.325716e-10, 7.920631e-10, 4.673115e+01, -1.665807e-01
2.369800e+09, 1.175763e-01, 9.366692e-01, -8.352455e-01, 9.188512e-01, 8.269881e-10, 7.915483e-10, 4.679561e+01, -1.749922e-01
2.373600e+09, 1.211447e-01, 9.362623e-01, -8.549908e-01, 8.999521e-01, 8.218440e-10, 7.910162e-10, 4.684658e+01, -1.834598e-01
2.377400e+09, 1.246872e-01, 9.358464e-01, -8.746132e-01, 8.810657e-01, 8.170873e-10, 7.904674e-10, 4.688392e+01, -1.919721e-01
2.381200e+09, 1.282025e-01, 9.354218e-01, -8.941221e-01, 8.621924e-01, 8.126732e-10, 7.899024e-10, 4.690756e+01, -2.005178e-01
2.385000e+09, 1.316894e-01, 9.349889e-01, -9.135255e-01, 8.433327e-01, 8.085630e-10, 7.893218e-10, 4.691742e+01, -2.090857e-01
2.388800e+09, 1.351466e-01, 9.345481e-01, -9.328309e-01, 8.244867e-01, 8.047235e-10, 7.887263e-10, 4.691350e+01, -2.176646e-01
2.392600e+09, 1.385729e-01, 9.341000e-01, -9.520445e-01, 8.056550e-01, 8.011257e-10, 7.881165e-10, 4.689581e+01, -2.262430e-01
2.396400e+09, 1.419671e-01, 9.336450e-01, -9.711723e-01, 7.868379e-01, 7.977445e-10, 7.874933e-10, 4.686439e+01, -2.348099e-01
2.400200e+09, 1.453281e-01, 9.331834e-01, -9.902193e-01, 7.680356e-01, 7.945579e-10, 7.868573e-10, 4.681934e+01, -2.433543e-01
2.404000e+09, 1.486547e-01, 9.327160e-01, -1.009190e+00, 7.492485e-01, 7.915465e-10, 7.862092e-10, 4.676077e+01, -2.518650e-01
2.407800e+09, 1.519457e-01, 9.322430e-01, -1.028089e+00, 7.304769e-01, 7.886936e-10, 7.855499e-10, 4.668883e+01, -2.603314e-01
2.411600e+09, 1.552001e-01, 9.317651e-01, -1.046920e+00, 7.117210e-01, 7.859841e-10, 7.848802e-10, 4.660371e+01, -2.687427e-01
2.415400e+09, 1.584166e-01, 9.312828e-01, -1.065686e+00, 6.929811e-01, 7.834049e-10, 7.842008e-10, 4.650562e+01, -2.770886e-01
2.419200e+09, 1.615942e-01, 9.307966e-01, -1.084391e+00, 6.742575e-01, 7.809443e-10, 7.835126e-10, 4.639481e+01, -2.853589e-01
2.423000e+09, 1.647319e-01, 9.303069e-01, -1.103037e+00, 6.555503e-01, 7.785920e-10, 7.828165e-10, 4.627154e+01, -2.935434e-01
2.426800e+09, 1.678286e-01, 9.298145e-01, -1.121627e+00, 6.368596e-01, 7.763387e-10, 7.821134e-10, 4.613612e+01, -3.016325e-01
2.430600e+09, 1.708831e-01, 9.293197e-01, -1.140163e+00, 6.181858e-01, 7.741764e-10, 7.814041e-10, 4.598885e+01, -3.096168e-01
2.434400e+09, 1.738946e-01, 9.288233e-01, -1.158647e+00, 5.995289e-01, 7.720976e-10, 7.806895e-10, 4.583009e+01, -3.174870e-01
2.438200e+09, 1.768620e-01, 9.283257e-01, -1.177082e+00, 5.808891e-01, 7.700958e-10, 7.799707e-10, 4.566020e+01, -3.252342e-01
2.442000e+09, 1.797843e-01, 9.278274e-01, -1.195469e+00, 5.622665e-01, 7.681653e-10, 7.792485e-10, 4.547955e+01, -3.328500e-01
2.445800e+09, 1.826605e-01, 9.273292e-01, -1.213809e+00, 5.436610e-01, 7.663006e-10, 7.785238e-10, 4.528855e+01, -3.403259e-01
2.449600e+09, 1.854897e-01, 9.268315e-01, -1.232106e+00, 5.250729e-01, 7.644971e-10, 7.777977e-10, 4.508760e+01, -3.476540e-01
2.453400e+09, 1.882710e-01, 9.263349e-01, -1.250359e+00, 5.065021e-01, 7.627506e-10, 7.770710e-10, 4.487712e+01, -3.548267e-01
2.457200e+09, 1.910033e-01, 9.258401e-01, -1.268570e+00, 4.879487e-01, 7.610572e-10, 7.763448e-10, 4.465755e+01, -3.618368e-01
2.461000e+09, 1.936860e-01, 9.253475e-01, -1.286741e+00, 4.694126e-01, 7.594135e-10, 7.756200e-10, 4.442932e+01, -3.686772e-01
2.464800e+09, 1.963180e-01, 9.248578e-01, -1.304873e+00, 4.508938e-01, 7.578164e-10, 7.748976e-10, 4.419288e+01, -3.753413e-01
2.468600e+09, 1.988984e-01, 9.243715e-01, -1.322967e+00, 4.323923e-01, 7.562630e-10, 7.741786e-10, 4.394869e+01, -3.818227e-01
2.472400e+09, 2.014266e-01, 9.238892e-01, -1.341024e+00, 4.139079e-01, 7.547508e-10, 7.734640e-10, 4.369719e+01, -3.881155e-01
2.476200e+09, 2.039015e-01, 9.234115e-01, -1.359044e+00, 3.954406e-01, 7.532774e-10, 7.727546e-10, 4.343884e+01, -3.942140e-01
2.480000e+09, 2.063225e-01, 9.229389e-01, -1.377029e+00, 3.769903e-01, 7.518407e-10, 7.720516e-10, 4.317410e+01, -4.001128e-01
2.483800e+09, 2.086886e-01, 9.224720e-01, -1.394981e+00, 3.585567e-01, 7.504389e-10, 7.713558e-10, 4.290341e+01, -4.058068e-01
2.487600e+09, 2.109992e-01, 9.220114e-01, -1.412898e+00, 3.401397e-01, 7.490701e-10, 7.706683e-10, 4.262722e+01, -4.112912e-01
2.491400e+09, 2.132535e-01, 9.215576e-01, -1.430783e+00, 3.217391e-01, 7.477327e-10, 7.699899e-10, 4.234599e+01, -4.165617e-01
2.495200e+09, 2.154507e-01, 9.211112e-01, -1.448636e+00, 3.033548e-01, 7.464253e-10, 7.693216e-10, 4.206015e+01, -4.216139e-01
2.499000e+09, 2.175902e-01, 9.206727e-01, -1.466458e+00, 2.849864e-01, 7.451464e-10, 7.686644e-10, 4.177013e+01, -4.264439e-01
2.502800e+09, 2.196712e-01, 9.202426e-01, -1.484249e+00, 2.666337e-01, 7.438948e-10, 7.680191e-10, 4.147636e+01, -4.310480e-01
2.506600e+09, 2.216929e-01, 9.198215e-01, -1.502010e+00, 2.482964e-01, 7.426694e-10, 7.673868e-10, 4.117926e+01, -4.354229e-01
2.510400e+09, 2.236549e-01, 9.194098e-01, -1.519742e+00, 2.299742e-01, 7.414691e-10, 7.667682e-10, 4.087925e+01, -4.395652e-01
2.514200e+09, 2.255563e-01, 9.190081e-01, -1.537446e+00, 2.116667e-01, 7.402928e-10, 7.661642e-10, 4.057671e+01, -4.434721e-01
2.518000e+09, 2.273966e-01, 9.186169e-01, -1.555121e+00, 1.933737e-01, 7.391395e-10, 7.655757e-10, 4.027206e+01, -4.471408e-01
2.521800e+09, 2.291751e-01, 9.182365e-01, -1.572769e+00, 1.750947e-01, 7.380084e-10, 7.650035e-10, 3.996566e+01, -4.505688e-01
2.525600e+09, 2.308912e-01, 9.178676e-01, -1.590389e+00, 1.568294e-01, 7.368987e-10, 7.644485e-10, 3.965789e+01, -4.537537e-01
2.529400e+09, 2.325444e-01, 9.175106e-01, -1.607984e+00, 1.385774e-01, 7.358094e-10, 7.639115e-10, 3.934912e+01, -4.566933e-01
2.533200e+09, 2.341340e-01, 9.171658e-01, -1.625552e+00, 1.203382e-01, 7.347398e-10, 7.633931e-10, 3.903970e+01, -4.593858e-01
2.537000e+09, 2.356595e-01, 9.168337e-01, -1.643095e+00, 1.021113e-01, 7.336892e-10, 7.628942e-10, 3.872997e+01, -4.618293e-01
2.540800e+09, 2.371203e-01, 9.165148e-01, -1.660612e+00, 8.389636e-02, 7.326567e-10, 7.624155e-10, 3.842026e+01, -4.640223e-01
2.544600e+09, 2.385160e-01, 9.162094e-01, -1.678105e+00, 6.569285e-02, 7.316418e-10, 7.619577e-10, 3.811090e+01, -4.659632e-01
2.548400e+09, 2.398459e-01, 9.159180e-01, -1.695574e+00, 4.750027e-02, 7.306436e-10, 7.615214e-10, 3.780220e+01, -4.676507e-01
2.552200e+09, 2.411097e-01, 9.156407e-01, -1.713019e+00, 2.931810e-02, 7.296614e-10, 7.611073e-10, 3.749446e+01, -4.690837e-01
2.556000e+09, 2.423068e-01, 9.153782e-01, -1.730440e+00, 1.114582e-02, 7.286945e-10, 7.607161e-10, 3.718797e+01, -4.702612e-01
2.559800e+09, 2.434367e-01, 9.151305e-01, -1.747839e+00, -7.017112e-03, 7.277423e-10, 7.603482e-10, 3.688303e+01, -4.711823e-01
2.563600e+09, 2.444991e-01, 9.148982e-01, -1.765214e+00, -2.517126e-02, 7.268039e-10, 7.600043e-10, 3.657990e+01, -4.718462e-01
2.567400e+09, 2.454934e-01, 9.146814e-01, -1.782568e+00, -4.331721e-02, 7.258787e-10, 7.596848e-10, 3.627885e+01, -4.722524e-01
2.571200e+09, 2.464192e-01, 9.144804e-01, -1.799899e+00, -6.145552e-02, 7.249660e-10, 7.593903e-10, 3.598014e+01, -4.724004e-01
2.575000e+09, 2.472762e-01, 9.142956e-01, -1.817208e+00, -7.958680e-02, 7.240649e-10, 7.591213e-10, 3.568402e+01, -4.722899e-01
2.578800e+09, 2.480639e-01, 9.141271e-01, -1.834496e+00, -9.771166e-02, 7.231746e-10, 7.588781e-10, 3.539073e+01, -4.719207e-01
2.582600e+09, 2.487819e-01, 9.139752e-01, -1.851763e+00, -1.158307e-01, 7.222945e-10, 7.586612e-10, 3.510051e+01, -4.712927e-01
2.586400e+09, 2.494299e-01, 9.138400e-01, -1.869008e+00, -1.339446e-01, 7.214235e-10, 7.584708e-10, 3.481358e+01, -4.704061e-01
2.590200e+09, 2.500076e-01, 9.137218e-01, -1.886233e+00, -1.520539e-01, 7.205609e-10, 7.583075e-10, 3.453017e+01, -4.692610e-01
2.594000e+09, 2.505145e-01, 9.136208e-01, -1.903437e+00, -1.701593e-01, 7.197058e-10, 7.581713e-10, 3.425049e+01, -4.678579e-01
2.597800e+09, 2.509504e-01, 9.135370e-01, -1.920621e+00, -1.882615e-01, 7.188571e-10, 7.580627e-10, 3.397474e+01, -4.661973e-01
2.601600e+09, 2.513150e-01, 9.134706e-01, -1.937785e+00, -2.063611e-01, 7.180140e-10, 7.579818e-10, 3.370314e+01, -4.642798e-01
2.605400e+09, 2.516079e-01, 9.134217e-01, -1.954928e+00, -2.244588e-01, 7.171754e-10, 7.579289e-10, 3.343588e+01, -4.621065e-01
2.609200e+09, 2.518290e-01, 9.133904e-01, -1.972051e+00, -2.425552e-01, 7.163402e-10, 7.579040e-10, 3.317315e+01, -4.596783e-01
2.613000e+09, 2.519779e-01, 9.133767e-01, -1.989155e+00, -2.606509e-01, 7.155073e-10, 7.579074e-10, 3.291514e+01, -4.569964e-01
2.616800e+09, 2.520543e-01, 9.133807e-01, -2.006238e+00, -2.787468e-01, 7.146755e-10, 7.579390e-10, 3.266203e+01, -4.540623e-01
2.620600e+09, 2.520581e-01, 9.134025e-01, -2.023302e+00, -2.968435e-01, 7.138435e-10, 7.579990e-10, 3.241400e+01, -4.508777e-01
2.624400e+09, 2.519891e-01, 9.134419e-01, -2.040346e+00, -3.149415e-01, 7.130100e-10, 7.580874e-10, 3.217124e+01, -4.474445e-01
2.628200e+09, 2.518469e-01, 9.134991e-01, -2.057370e+00, -3.330417e-01, 7.121737e-10, 7.582042e-10, 3.193390e+01, -4.437646e-01
2.632000e+09, 2.516315e-01, 9.135739e-01, -2.074373e+00, -3.511446e-01, 7.113330e-10, 7.583492e-10, 3.170217e+01, -4.398405e-01
2.635800e+09, 2.513427e-01, 9.136663e-01, -2.091357e+00, -3.692511e-01, 7.104865e-10, 7.585226e-10, 3.147620e+01, -4.356748e-01
2.639600e+09, 2.509803e-01, 9.137763e-01, -2.108321e+00, -3.873616e-01, 7.096324e-10, 7.587240e-10, 3.125615e+01, -4.312703e-01
2.643400e+09, 2.505441e-01, 9.139037e-01, -2.125264e+00, -4.054770e-01, 7.087690e-10, 7.589535e-10, 3.104219e+01, -4.266301e-01
2.647200e+09, 2.500341e-01, 9.140483e-01, -2.142187e+00, -4.235979e-01, 7.078945e-10, 7.592107e-10, 3.083447e+01, -4.217579e-01
2.651000e+09, 2.494502e-01, 9.142102e-01, -2.159089e+00, -4.417249e-01, 7.070070e-10, 7.594956e-10, 3.063314e+01, -4.166572e-01
2.654800e+09, 2.487922e-01, 9.143890e-01, -2.175969e+00, -4.598587e-01, 7.061044e-10, 7.598077e-10, 3.043836e+01, -4.113322e-01
2.658600e+09, 2.480601e-01, 9.145847e-01, -2.192828e+00, -4.779999e-01, 7.051845e-10, 7.601470e-10, 3.025027e+01, -4.057873e-01
2.662400e+09, 2.472538e-01, 9.147969e-01, -2.209665e+00, -4.961493e-01, 7.042449e-10, 7.605130e-10, 3.006902e+01, -4.000273e-01
2.666200e+09, 2.463733e-01, 9.150256e-01, -2.226480e+00, -5.143073e-01, 7.032833e-10, 7.609054e-10, 2.989475e+01, -3.940572e-01
2.670000e+09, 2.454185e-01, 9.152704e-01, -2.243272e+00, -5.324748e-01, 7.022969e-10, 7.613238e-10, 2.972760e+01, -3.878827e-01
2.673800e+09, 2.443895e-01, 9.155311e-01, -2.260040e+00, -5.506522e-01, 7.012830e-10, 7.617678e-10, 2.956770e+01, -3.815096e-01
2.677600e+09, 2.432863e-01, 9.158074e-01, -2.276784e+00, -5.688403e-01, 7.002386e-10, 7.622370e-10, 2.941520e+01, -3.749442e-01
2.681400e+09, 2.421089e-01, 9.160991e-01, -2.293503e+00, -5.870395e-01, 6.991604e-10, 7.627310e-10, 2.927022e+01, -3.681931e-01
2.685200e+09, 2.408574e-01, 9.164057e-01, -2.310196e+00, -6.052506e-01, 6.980452e-10, 7.632491e-10, 2.913289e+01, -3.612634e-01
2.689000e+09, 2.395318e-01, 9.167270e-01, -2.326862e+00, -6.234740e-01, 6.968892e-10, 7.637910e-10, 2.900333e+01, -3.541626e-01
2.692800e+09, 2.381322e-01, 9.170625e-01, -2.343501e+00, -6.417104e-01, 6.956885e-10, 7.643559e-10, 2.888168e+01, -3.468986e-01
2.696600e+09, 2.366588e-01, 9.174120e-01, -2.360112e+00, -6.599602e-01, 6.944390e-10, 7.649434e-10, 2.876803e+01, -3.394797e-01
2.700400e+09, 2.351117e-01, 9.177751e-01, -2.376692e+00, -6.782241e-01, 6.931361e-10, 7.655528e-10, 2.866252e+01, -3.319146e-01
2.704200e+09, 2.334910e-01, 9.181512e-01, -2.393242e+00, -6.965025e-01, 6.917751e-10, 7.661834e-10, 2.856525e+01, -3.242125e-01
2.708000e+09, 2.317969e-01, 9.185401e-01, -2.409759e+00, -7.147960e-01, 6.903508e-10, 7.668347e-10, 2.847632e+01, -3.163828e-01
2.711800e+09, 2.300296e-01, 9.189412e-01, -2.426241e+00, -7.331050e-01, 6.888577e-10, 7.675058e-10, 2.839585e+01, -3.084355e-01
2.715600e+09, 2.281894e-01, 9.193541e-01, -2.442689e+00, -7.514300e-01, 6.872896e-10, 7.681961e-10, 2.832391e+01, -3.003808e-01
2.719400e+09, 2.262764e-01, 9.197783e-01, -2.459098e+00, -7.697716e-01, 6.856401e-10, 7.689049e-10, 2.826062e+01, -2.922294e-01
2.723200e+09, 2.242910e-01, 9.202134e-01, -2.475469e+00, -7.881300e-01, 6.839022e-10, 7.696312e-10, 2.820604e+01, -2.839923e-01
2.727000e+09, 2.222335e-01, 9.206587e-01, -2.491798e+00, -8.065058e-01, 6.820683e-10, 7.703744e-10, 2.816028e+01, -2.756808e-01
2.730800e+09, 2.201041e-01, 9.211139e-01, -2.508083e+00, -8.248993e-01, 6.801302e-10, 7.711337e-10, 2.812339e+01, -2.673066e-01
2.734600e+09, 2.179032e-01, 9.215783e-01, -2.524322e+00, -8.433110e-01, 6.780789e-10, 7.719080e-10, 2.809545e+01, -2.588815e-01
2.738400e+09, 2.156312e-01, 9.220514e-01, -2.540512e+00, -8.617412e-01, 6.759047e-10, 7.726967e-10, 2.807653e+01, -2.504177e-01
2.742200e+09, 2.132884e-01, 9.225327e-01, -2.556650e+00, -8.801902e-01, 6.735969e-10, 7.734989e-10, 2.806668e+01, -2.419277e-01
2.746000e+09, 2.108754e-01, 9.230216e-01, -2.572733e+00, -8.986583e-01, 6.711441e-10, 7.743135e-10, 2.806595e+01, -2.334241e-01
2.749800e+09, 2.083925e-01, 9.235174e-01, -2.588757e+00, -9.171459e-01, 6.685336e-10, 7.751398e-10, 2.807438e+01, -2.249196e-01
2.753600e+09, 2.058402e-01, 9.240196e-01, -2.604719e+00, -9.356532e-01, 6.657515e-10, 7.759767e-10, 2.809202e+01, -2.164271e-01
2.757400e+09, 2.032191e-01, 9.245277e-01, -2.620614e+00, -9.541805e-01, 6.627826e-10, 7.768233e-10, 2.811888e+01, -2.079596e-01
2.761200e+09, 2.005296e-01, 9.250408e-01, -2.636439e+00, -9.727280e-01, 6.596103e-10, 7.776787e-10, 2.815499e+01, -1.995303e-01
2.765000e+09, 1.977724e-01, 9.255586e-01, -2.652188e+00, -9.912960e-01, 6.562161e-10, 7.785419e-10, 2.820036e+01, -1.911522e-01
2.768800e+09, 1.949480e-01, 9.260802e-01, -2.667856e+00, -1.009885e+00, 6.525797e-10, 7.794118e-10, 2.825500e+01, -1.828385e-01
2.772600e+09, 1.920571e-01, 9.266051e-01, -2.683437e+00, -1.028494e+00, 6.486787e-10, 7.802876e-10, 2.831890e+01, -1.746021e-01
2.776400e+09, 1.891003e-01, 9.271326e-01, -2.698925e+00, -1.047124e+00, 6.444881e-10, 7.811681e-10, 2.839206e+01, -1.664562e-01
2.780200e+09, 1.860784e-01, 9.276620e-01, -2.714313e+00, -1.065775e+00, 6.399801e-10, 7.820524e-10, 2.847444e+01, -1.584135e-01
2.784000e+09, 1.829921e-01, 9.281927e-01, -2.729593e+00, -1.084448e+00, 6.351241e-10, 7.829395e-10, 2.856603e+01, -1.504869e-01
2.787800e+09, 1.798422e-01, 9.287240e-01, -2.744757e+00, -1.103141e+00, 6.298855e-10, 7.838283e-10, 2.866678e+01, -1.426889e-01
2.791600e+09, 1.766295e-01, 9.292553e-01, -2.759796e+00, -1.121856e+00, 6.242257e-10, 7.847178e-10, 2.877665e+01, -1.350318e-01
2.795400e+09, 1.733548e-01, 9.297858e-01, -2.774700e+00, -1.140592e+00, 6.181013e-10, 7.856070e-10, 2.889558e+01, -1.275278e-01
2.799200e+09, 1.700190e-01, 9.303149e-01, -2.789458e+00, -1.159349e+00, 6.114637e-10, 7.864949e-10, 2.902351e+01, -1.201887e-01
2.803000e+09, 1.666231e-01, 9.308419e-01, -2.804058e+00, -1.178128e+00, 6.042576e-10, 7.873803e-10, 2.916036e+01, -1.130262e-01
2.806800e+09, 1.631682e-01, 9.313661e-01, -2.818485e+00, -1.196927e+00, 5.964206e-10, 7.882624e-10, 2.930605e+01, -1.060514e-01
2.810600e+09, 1.596551e-01, 9.318869e-01, -2.832725e+00, -1.215748e+00, 5.878818e-10, 7.891399e-10, 2.946048e+01, -9.927528e-02
2.814400e+09, 1.560850e-01, 9.324035e-01, -2.846762e+00, -1.234589e+00, 5.785602e-10, 7.900120e-10, 2.962354e+01, -9.270841e-02
2.818200e+09, 1.524591e-01, 9.329153e-01, -2.860575e+00, -1.253452e+00, 5.683632e-10, 7.908776e-10, 2.979514e+01, -8.636098e-02
2.822000e+09, 1.487786e-01, 9.334215e-01, -2.874146e+00, -1.272335e+00, 5.571844e-10, 7.917356e-10, 2.997514e+01, -8.024279e-02
2.825800e+09, 1.450447e-01, 9.339215e-01, -2.887449e+00, -1.291238e+00, 5.449010e-10, 7.925850e-10, 3.016341e+01, -7.436325e-02
2.829600e+09, 1.412587e-01, 9.344147e-01, -2.900459e+00, -1.310162e+00, 5.313711e-10, 7.934249e-10, 3.035980e+01, -6.873135e-02
2.833400e+09, 1.374221e-01, 9.349003e-01, -2.913146e+00, -1.329106e+00, 5.164293e-10, 7.942541e-10, 3.056416e+01, -6.335567e-02
2.837200e+09, 1.335365e-01, 9.353777e-01, -2.925477e+00, -1.348070e+00, 4.998826e-10, 7.950718e-10, 3.077633e+01, -5.824435e-02
2.841000e+09, 1.296032e-01, 9.358462e-01, -2.937412e+00, -1.367053e+00, 4.815046e-10, 7.958768e-10, 3.099613e+01, -5.340511e-02
2.844800e+09, 1.256242e-01, 9.363051e-01, -2.948908e+00, -1.386056e+00, 4.610279e-10, 7.966682e-10, 3.122336e+01, -4.884522e-02
2.848600e+09, 1.216011e-01, 9.367539e-01, -2.959916e+00, -1.405077e+00, 4.381358e-10, 7.974449e-10, 3.145784e+01, -4.457152e-02
2.852400e+09, 1.175359e-01, 9.371918e-01, -2.970377e+00, -1.424117e+00, 4.124503e-10, 7.982061e-10, 3.169935e+01, -4.059041e-02
2.856200e+09, 1.134307e-01, 9.376183e-01, -2.980224e+00, -1.443175e+00, 3.835182e-10, 7.989508e-10, 3.194766e+01, -3.690786e-02
2.860000e+09, 1.092877e-01, 9.380327e-01, -2.989381e+00, -1.462251e+00, 3.507926e-10, 7.996779e-10, 3.220255e+01, -3.352938e-02
2.863800e+09, 1.051095e-01, 9.384343e-01, -2.997757e+00, -1.481344e+00, 3.136090e-10, 8.003865e-10, 3.246376e+01, -3.046005e-02
2.867600e+09, 1.008987e-01, 9.388227e-01, -3.005245e+00, -1.500454e+00, 2.711545e-10, 8.010757e-10, 3.273102e+01, -2.770452e-02
2.871400e+09, 9.665837e-02, 9.391971e-01, -3.011719e+00, -1.519581e+00, 2.224277e-10, 8.017446e-10, 3.300408e+01, -2.526701e-02
2.875200e+09, 9.239188e-02, 9.395571e-01, -3.017029e+00, -1.538723e+00, 1.661853e-10, 8.023922e-10, 3.328263e+01, -2.315130e-02
2.879000e+09, 8.810304e-02, 9.399020e-01, -3.020997e+00, -1.557881e+00, 1.008714e-10, 8.030177e-10, 3.356638e+01, -2.136074e-02
2.882800e+09, 8.379621e-02, 9.402313e-01, -3.023406e+00, -1.577054e+00, 2.452323e-11, 8.036201e-10, 3.385501e+01, -1.989826e-02
2.886600e+09, 7.947647e-02, 9.405445e-01, -3.023991e+00, -1.596241e+00, -6.535682e-11, 8.041986e-10, 3.414818e+01, -1.876637e-02
2.890400e+09, 7.514975e-02, 9.408410e-01, -3.022431e+00, -1.615442e+00, -1.719730e-10, 8.047524e-10, 3.444555e+01, -1.796716e-02
2.894200e+09, 7.082317e-02, 9.411204e-01, -3.018325e+00, -1.634657e+00, -2.994703e-10, 8.052806e-10, 3.474677e+01, -1.750227e-02
2.898000e+09, 6.650533e-02, 9.413822e-01, -3.011175e+00, -1.653884e+00, -4.532500e-10, 8.057823e-10, 3.505144e+01, -1.737296e-02
2.901800e+09, 6.220685e-02, 9.416258e-01, -3.000353e+00, -1.673123e+00, -6.403920e-10, 8.062569e-10, 3.535918e+01, -1.758004e-02
2.905600e+09, 5.794107e-02, 9.418509e-01, -2.985063e+00, -1.692373e+00, -8.702037e-10, 8.067035e-10, 3.566958e+01, -1.812391e-02
2.909400e+09, 5.372503e-02, 9.420569e-01, -2.964286e+00, -1.711634e+00, -1.154892e-09, 8.071215e-10, 3.598221e+01, -1.900456e-02
2.913200e+09, 4.958088e-02, 9.422436e-01, -2.936711e+00, -1.730905e+00, -1.510271e-09, 8.075100e-10, 3.629664e+01, -2.022152e-02
2.917000e+09, 4.553797e-02, 9.424106e-01, -2.900652e+00, -1.750185e+00, -1.956200e-09, 8.078684e-10, 3.661240e+01, -2.177392e-02
2.920800e+09, 4.163573e-02, 9.425574e-01, -2.853945e+00, -1.769474e+00, -2.515907e-09, 8.081960e-10, 3.692903e+01, -2.366046e-02
2.924600e+09, 3.792771e-02, 9.426837e-01, -2.793875e+00, -1.788770e+00, -3.212213e-09, 8.084922e-10, 3.724603e+01, -2.587938e-02
2.928400e+09, 3.448684e-02, 9.427892e-01, -2.717180e+00, -1.808074e+00, -4.056718e-09, 8.087565e-10, 3.756291e+01, -2.842851e-02
2.932200e+09, 3.141128e-02, 9.428736e-01, -2.620322e+00, -1.827384e+00, -5.026431e-09, 8.089882e-10, 3.787913e+01, -3.130522e-02
2.936000e+09, 2.882820e-02, 9.429368e-01, -2.500310e+00, -1.846699e+00, -6.027165e-09, 8.091867e-10, 3.819418e+01, -3.450641e-02
2.939800e+09, 2.688942e-02, 9.429783e-01, -2.356405e+00, -1.866020e+00, -6.866802e-09, 8.093517e-10, 3.850751e+01, -3.802855e-02
2.943600e+09, 2.574952e-02, 9.429980e-01, -2.192452e+00, -1.885344e+00, -7.297976e-09, 8.094826e-10, 3.881855e+01, -4.186765e-02
2.947400e+09, 2.552308e-02, 9.429958e-01, -2.018205e+00, -1.904671e+00, -7.160500e-09, 8.095790e-10, 3.912674e+01, -4.601923e-02
2.951200e+09, 2.623950e-02, 9.429715e-01, -1.847240e+00, -1.924001e+00, -6.507935e-09, 8.096406e-10, 3.943150e+01, -5.047835e-02
2.955000e+09, 2.783019e-02, 9.429249e-01, -1.691856e+00, -1.943332e+00, -5.562762e-09, 8.096669e-10, 3.973223e+01, -5.523959e-02
2.958800e+09, 3.015974e-02, 9.428559e-01, -1.559039e+00, -1.962663e+00, -4.558685e-09, 8.096578e-10, 4.002835e+01, -6.029705e-02
2.962600e+09, 3.307367e-02, 9.427646e-01, -1.450195e+00, -1.981995e+00, -3.641229e-09, 8.096128e-10, 4.031925e+01, -6.564433e-02
2.966400e+09, 3.643218e-02, 9.426508e-01, -1.363257e+00, -2.001325e+00, -2.866203e-09, 8.095319e-10, 4.060432e+01, -7.127457e-02
2.970200e+09, 4.012300e-02, 9.425145e-01, -1.294823e+00, -2.020654e+00, -2.236459e-09, 8.094149e-10, 4.088296e+01, -7.718041e-02
2.974000e+09, 4.406115e-02, 9.423558e-01, -1.241425e+00, -2.039980e+00, -1.733111e-09, 8.092616e-10, 4.115457e+01, -8.335398e-02
2.977800e+09, 4.818383e-02, 9.421747e-01, -1.200045e+00, -2.059302e+00, -1.332350e-09, 8.090719e-10, 4.141852e+01, -8.978697e-02
2.981600e+09, 5.244481e-02, 9.419714e-01, -1.168234e+00, -2.078619e+00, -1.012317e-09, 8.088459e-10, 4.167423e+01, -9.647055e-02
2.985400e+09, 5.680982e-02, 9.417458e-01, -1.144064e+00, -2.097931e+00, -7.550649e-10, 8.085836e-10, 4.192111e+01, -1.033954e-01
2.989200e+09, 6.125307e-02, 9.414983e-01, -1.126036e+00, -2.117237e+00, -5.465589e-10, 8.082850e-10, 4.215857e+01, -1.105519e-01
2.993000e+09, 6.575484e-02, 9.412289e-01, -1.112986e+00, -2.136536e+00, -3.760443e-10, 8.079504e-10, 4.238605e+01, -1.179297e-01
2.996800e+09, 7.029976e-02, 9.409379e-01, -1.104008e+00, -2.155826e+00, -2.353378e-10, 8.075798e-10, 4.260299e+01, -1.255182e-01
3.000600e+09, 7.487562e-02, 9.406255e-01, -1.098389e+00, -2.175108e+00, -1.182090e-10, 8.071735e-10, 4.280886e+01, -1.333063e-01
3.004400e+09, 7.947251e-02, 9.402921e-01, -1.095566e+00, -2.194380e+00, -1.989326e-11, 8.067319e-10, 4.300315e+01, -1.412826e-01
3.008200e+09, 8.408225e-02, 9.399378e-01, -1.095091e+00, -2.213642e+00, 6.327802e-11, 8.062552e-10, 4.318537e+01, -1.494353e-01
3.012000e+09, 8.869800e-02, 9.395631e-01, -1.096602e+00, -2.232892e+00, 1.341514e-10, 8.057439e-10, 4.335507e+01, -1.577520e-01
3.015800e+09, 9.331386e-02, 9.391684e-01, -1.099805e+00, -2.252130e+00, 1.949541e-10, 8.051984e-10, 4.351181e+01, -1.662204e-01
3.019600e+09, 9.792473e-02, 9.387539e-01, -1.104460e+00, -2.271355e+00, 2.474436e-10, 8.046192e-10, 4.365520e+01, -1.748275e-01
3.023400e+09, 1.025261e-01, 9.383203e-01, -1.110368e+00, -2.290566e+00, 2.930181e-10, 8.040069e-10, 4.378488e+01, -1.835602e-01
3.027200e+09, 1.071140e-01, 9.378678e-01, -1.117364e+00, -2.309763e+00, 3.327990e-10, 8.033621e-10, 4.390051e+01, -1.924053e-01
3.031000e+09, 1.116847e-01, 9.373972e-01, -1.125310e+00, -2.328944e+00, 3.676929e-10, 8.026855e-10, 4.400181e+01, -2.013491e-01
3.034800e+09, 1.162350e-01, 9.369087e-01, -1.134089e+00, -2.348109e+00, 3.984379e-10, 8.019779e-10, 4.408854e+01, -2.103779e-01
3.038600e+09, 1.207618e-01, 9.364031e-01, -1.143602e+00, -2.367257e+00, 4.256395e-10, 8.012399e-10, 4.416049e+01, -2.194780e-01
3.042400e+09, 1.252621e-01, 9.358808e-01, -1.153765e+00, -2.386388e+00, 4.497976e-10, 8.004725e-10, 4.421750e+01, -2.286355e-01
3.046200e+09, 1.297335e-01, 9.353425e-01, -1.164504e+00, -2.405500e+00, 4.713275e-10, 7.996765e-10, 4.425945e+01, -2.378363e-01
3.050000e+09, 1.341733e-01, 9.347889e-01, -1.175758e+00, -2.424593e+00, 4.905765e-10, 7.988529e-10, 4.428628e+01, -2.470665e-01
3.053800e+09, 1.385791e-01, 9.342205e-01, -1.187471e+00, -2.443667e+00, 5.078365e-10, 7.980026e-10, 4.429794e+01, -2.563123e-01
3.057600e+09, 1.429488e-01, 9.336381e-01, -1.199596e+00, -2.462720e+00, 5.233544e-10, 7.971268e-10, 4.429446e+01, -2.655598e-01
3.061400e+09, 1.472801e-01, 9.330424e-01, -1.212092e+00, -2.481752e+00, 5.373397e-10, 7.962264e-10, 4.427590e+01, -2.747952e-01
3.065200e+09, 1.515710e-01, 9.324341e-01, -1.224921e+00, -2.500763e+00, 5.499717e-10, 7.953026e-10, 4.424236e+01, -2.840050e-01
3.069000e+09, 1.558194e-01, 9.318139e-01, -1.238052e+00, -2.519751e+00, 5.614039e-10, 7.943566e-10, 4.419398e+01, -2.931759e-01
3.072800e+09, 1.600235e-01, 9.311826e-01, -1.251457e+00, -2.538718e+00, 5.717687e-10, 7.933896e-10, 4.413096e+01, -3.022946e-01
3.076600e+09, 1.641815e-01, 9.305411e-01, -1.265108e+00, -2.557661e+00, 5.811808e-10, 7.924030e-10, 4.405351e+01, -3.113483e-01
3.080400e+09, 1.682915e-01, 9.298900e-01, -1.278985e+00, -2.576580e+00, 5.897396e-10, 7.913979e-10, 4.396189e+01, -3.203245e-01
3.084200e+09, 1.723519e-01, 9.292303e-01, -1.293065e+00, -2.595476e+00, 5.975320e-10, 7.903757e-10, 4.385642e+01, -3.292108e-01
3.088000e+09, 1.763609e-01, 9.285628e-01, -1.307332e+00, -2.614347e+00, 6.046341e-10, 7.893379e-10, 4.373740e+01, -3.379952e-01
3.091800e+09, 1.803170e-01, 9.278883e-01, -1.321768e+00, -2.633193e+00, 6.111126e-10, 7.882858e-10, 4.360521e+01, -3.466664e-01
3.095600e+09, 1.842186e-01, 9.272077e-01, -1.336359e+00, -2.652014e+00, 6.170265e-10, 7.872208e-10, 4.346024e+01, -3.552130e-01
3.099400e+09, 1.880642e-01, 9.265220e-01, -1.351091e+00, -2.670810e+00, 6.224278e-10, 7.861445e-10, 4.330289e+01, -3.636242e-01
3.103200e+09, 1.918524e-01, 9.258318e-01, -1.365953e+00, -2.689580e+00, 6.273627e-10, 7.850584e-10, 4.313360e+01, -3.718898e-01
3.107000e+09, 1.955817e-01, 9.251383e-01, -1.380932e+00, -2.708324e+00, 6.318725e-10, 7.839640e-10, 4.295283e+01, -3.799998e-01
3.110800e+09, 1.992508e-01, 9.244423e-01, -1.396018e+00, -2.727042e+00, 6.359938e-10, 7.828628e-10, 4.276105e+01, -3.879448e-01
3.114600e+09, 2.028583e-01, 9.237446e-01, -1.411203e+00, -2.745734e+00, 6.397595e-10, 7.817564e-10, 4.255875e+01, -3.957155e-01
3.118400e+09, 2.064031e-01, 9.230462e-01, -1.426478e+00, -2.764399e+00, 6.431990e-10, 7.806464e-10, 4.234643e+01, -4.033035e-01
3.122200e+09, 2.098837e-01, 9.223481e-01, -1.441835e+00, -2.783038e+00, 6.463391e-10, 7.795344e-10, 4.212459e+01, -4.107006e-01
3.126000e+09, 2.132991e-01, 9.216512e-01, -1.457267e+00, -2.801650e+00, 6.492036e-10, 7.784221e-10, 4.189375e+01, -4.178990e-01
3.129800e+09, 2.166481e-01, 9.209563e-01, -1.472768e+00, -2.820236e+00, 6.518141e-10, 7.773110e-10, 4.165443e+01, -4.248915e-01
3.133600e+09, 2.199295e-01, 9.202644e-01, -1.488331e+00, -2.838795e+00, 6.541904e-10, 7.762028e-10, 4.140716e+01, -4.316711e-01
3.137400e+09, 2.231423e-01, 9.195764e-01, -1.503950e+00, -2.857328e+00, 6.563502e-10, 7.750991e-10, 4.115245e+01, -4.382315e-01
3.141200e+09, 2.262855e-01, 9.188933e-01, -1.519621e+00, -2.875834e+00, 6.583099e-10, 7.740016e-10, 4.089082e+01, -4.445665e-01
3.145000e+09, 2.293581e-01, 9.182159e-01, -1.535339e+00, -2.894314e+00, 6.600842e-10, 7.729119e-10, 4.062280e+01, -4.506707e-01
3.148800e+09, 2.323590e-01, 9.175452e-01, -1.551099e+00, -2.912768e+00, 6.616867e-10, 7.718316e-10, 4.034888e+01, -4.565386e-01
3.152600e+09, 2.352873e-01, 9.168820e-01, -1.566898e+00, -2.931197e+00, 6.631298e-10, 7.707623e-10, 4.006959e+01, -4.621654e-01
3.156400e+09, 2.381422e-01, 9.162273e-01, -1.582731e+00, -2.949600e+00, 6.644249e-10, 7.697057e-10, 3.978541e+01, -4.675466e-01
3.160200e+09, 2.409228e-01, 9.155819e-01, -1.598595e+00, -2.967977e+00, 6.655824e-10, 7.686634e-10, 3.949684e+01, -4.726781e-01
3.164000e+09, 2.436283e-01, 9.149467e-01, -1.614486e+00, -2.986330e+00, 6.666121e-10, 7.676368e-10, 3.920435e+01, -4.775559e-01
3.167800e+09, 2.462578e-01, 9.143225e-01, -1.630402e+00, -3.004658e+00, 6.675227e-10, 7.666277e-10, 3.890841e+01, -4.821764e-01
3.171600e+09, 2.488107e-01, 9.137101e-01, -1.646340e+00, -3.022962e+00, 6.683226e-10, 7.656375e-10, 3.860947e+01, -4.865366e-01
3.175400e+09, 2.512861e-01, 9.131105e-01, -1.662297e+00, -3.041243e+00, 6.690192e-10, 7.646677e-10, 3.830799e+01, -4.906332e-01
3.179200e+09, 2.536834e-01, 9.125243e-01, -1.678271e+00, -3.059500e+00, 6.696195e-10, 7.637198e-10, 3.800438e+01, -4.944638e-01
3.183000e+09, 2.560019e-01, 9.119524e-01, -1.694259e+00, -3.077735e+00, 6.701302e-10, 7.627954e-10, 3.769908e+01, -4.980257e-01
3.186800e+09, 2.582410e-01, 9.113956e-01, -1.710259e+00, -3.095947e+00, 6.705571e-10, 7.618957e-10, 3.739248e+01, -5.013168e-01
3.190600e+09, 2.604000e-01, 9.108546e-01, -1.726269e+00, -3.114138e+00, 6.709059e-10, 7.610222e-10, 3.708498e+01, -5.043350e-01
3.194400e+09, 2.624784e-01, 9.103300e-01, -1.742288e+00, -3.132308e+00, 6.711817e-10, 7.601762e-10, 3.677696e+01, -5.070786e-01
3.198200e+09, 2.644756e-01, 9.098227e-01, -1.758313e+00, 3.132727e+00, 6.713893e-10, 7.593591e-10, 3.646879e+01, -5.095460e-01
3.202000e+09, 2.663911e-01, 9.093333e-01, -1.774343e+00, 3.114596e+00, 6.715332e-10, 7.585720e-10, 3.616081e+01, -5.117357e-01
3.205800e+09, 2.682244e-01, 9.088625e-01, -1.790377e+00, 3.096485e+00, 6.716176e-10, 7.578163e-10, 3.585338e+01, -5.136465e-01
3.209600e+09, 2.699750e-01, 9.084108e-01, -1.806412e+00, 3.078391e+00, 6.716462e-10, 7.570931e-10, 3.554681e+01, -5.152772e-01
3.213400e+09, 2.716424e-01, 9.079789e-01, -1.822448e+00, 3.060314e+00, 6.716226e-10, 7.564035e-10, 3.524144e+01, -5.166271e-01
3.217200e+09, 2.732262e-01, 9.075674e-01, -1.838484e+00, 3.042254e+00, 6.715502e-10, 7.557486e-10, 3.493755e+01, -5.176953e-01
3.221000e+09, 2.747260e-01, 9.071768e-01, -1.854518e+00, 3.024210e+00, 6.714318e-10, 7.551293e-10, 3.463545e+01, -5.184811e-01
3.224800e+09, 2.761415e-01, 9.068076e-01, -1.870549e+00, 3.006181e+00, 6.712703e-10, 7.545468e-10, 3.433542e+01, -5.189841e-01
3.228600e+09, 2.774721e-01, 9.064604e-01, -1.886577e+00, 2.988165e+00, 6.710684e-10, 7.540018e-10, 3.403774e+01, -5.192040e-01
3.232400e+09, 2.787177e-01, 9.061355e-01, -1.902599e+00, 2.970162e+00, 6.708282e-10, 7.534953e-10, 3.374266e+01, -5.191404e-01
3.236200e+09, 2.798779e-01, 9.058335e-01, -1.918616e+00, 2.952172e+00, 6.705521e-10, 7.530280e-10, 3.345044e+01, -5.187934e-01
3.240000e+09, 2.809523e-01, 9.055546e-01, -1.934626e+00, 2.934192e+00, 6.702419e-10, 7.526007e-10, 3.316133e+01, -5.181630e-01
3.243800e+09, 2.819407e-01, 9.052994e-01, -1.950629e+00, 2.916223e+00, 6.698993e-10, 7.522140e-10, 3.287556e+01, -5.172493e-01
3.247600e+09, 2.828428e-01, 9.050680e-01, -1.966623e+00, 2.898263e+00, 6.695261e-10, 7.518686e-10, 3.259337e+01, -5.160527e-01
3.251400e+09, 2.836584e-01, 9.048610e-01, -1.982609e+00, 2.880312e+00, 6.691234e-10, 7.515651e-10, 3.231496e+01, -5.145737e-01
3.255200e+09, 2.843872e-01, 9.046784e-01, -1.998585e+00, 2.862367e+00, 6.686927e-10, 7.513038e-10, 3.204057e+01, -5.128127e-01
3.259000e+09, 2.850290e-01, 9.045205e-01, -2.014551e+00, 2.844429e+00, 6.682348e-10, 7.510852e-10, 3.177039e+01, -5.107708e-01
3.262800e+09, 2.855836e-01, 9.043876e-01, -2.030506e+00, 2.826496e+00, 6.677506e-10, 7.509098e-10, 3.150463e+01, -5.084486e-01
3.266600e+09, 2.860509e-01, 9.042799e-01, -2.046449e+00, 2.808567e+00, 6.672409e-10, 7.507778e-10, 3.124348e+01, -5.058475e-01
3.270400e+09, 2.864305e-01, 9.041974e-01, -2.062380e+00, 2.790641e+00, 6.667062e-10, 7.506894e-10, 3.098714e+01, -5.029685e-01
3.274200e+09, 2.867225e-01, 9.041402e-01, -2.078299e+00, 2.772718e+00, 6.661468e-10, 7.506448e-10, 3.073579e+01, -4.998134e-01
3.278000e+09, 2.869266e-01, 9.041086e-01, -2.094204e+00, 2.754795e+00, 6.655629e-10, 7.506441e-10, 3.048962e+01, -4.963836e-01
3.281800e+09, 2.870428e-01, 9.041024e-01, -2.110095e+00, 2.736873e+00, 6.649545e-10, 7.506874e-10, 3.024880e+01, -4.926812e-01
3.285600e+09, 2.870708e-01, 9.041217e-01, -2.125971e+00, 2.718950e+00, 6.643215e-10, 7.507747e-10, 3.001351e+01, -4.887082e-01
3.289400e+09, 2.870106e-01, 9.041665e-01, -2.141833e+00, 2.701024e+00, 6.636634e-10, 7.509058e-10, 2.978393e+01, -4.844672e-01
3.293200e+09, 2.868622e-01, 9.042367e-01, -2.157678e+00, 2.683095e+00, 6.629799e-10, 7.510806e-10, 2.956021e+01, -4.799607e-01
3.297000e+09, 2.866254e-01, 9.043323e-01, -2.173508e+00, 2.665162e+00, 6.622701e-10, 7.512990e-10, 2.934252e+01, -4.751917e-01
3.300800e+09, 2.863002e-01, 9.044530e-01, -2.189320e+00, 2.647224e+00, 6.615331e-10, 7.515606e-10, 2.913104e+01, -4.701634e-01
3.304600e+09, 2.858865e-01, 9.045988e-01, -2.205115e+00, 2.629280e+00, 6.607680e-10, 7.518651e-10, 2.892591e+01, -4.648795e-01
3.308400e+09, 2.853844e-01, 9.047694e-01, -2.220891e+00, 2.611328e+00, 6.599733e-10, 7.522121e-10, 2.872730e+01, -4.593438e-01
3.312200e+09, 2.847937e-01, 9.049647e-01, -2.236649e+00, 2.593368e+00, 6.591476e-10, 7.526011e-10, 2.853535e+01, -4.535606e-01
3.316000e+09, 2.841144e-01, 9.051843e-01, -2.252387e+00, 2.575399e+00, 6.582891e-10, 7.530318e-10, 2.835024e+01, -4.475345e-01
3.319800e+09, 2.833467e-01, 9.054280e-01, -2.268104e+00, 2.557420e+00, 6.573959e-10, 7.535034e-10, 2.817210e+01, -4.412706e-01
3.323600e+09, 2.824904e-01, 9.056954e-01, -2.283800e+00, 2.539429e+00, 6.564657e-10, 7.540153e-10, 2.800109e+01, -4.347743e-01
3.327400e+09, 2.815457e-01, 9.059863e-01, -2.299474e+00, 2.521426e+00, 6.554961e-10, 7.545670e-10, 2.783736e+01, -4.280513e-01
3.331200e+09, 2.805125e-01, 9.063002e-01, -2.315125e+00, 2.503410e+00, 6.544843e-10, 7.551575e-10, 2.768105e+01, -4.211081e-01
3.335000e+09, 2.793910e-01, 9.066367e-01, -2.330751e+00, 2.485380e+00, 6.534273e-10, 7.557862e-10, 2.753230e+01, -4.139513e-01
3.338800e+09, 2.781812e-01, 9.069954e-01, -2.346353e+00, 2.467335e+00, 6.523218e-10, 7.564522e-10, 2.739126e+01, -4.065881e-01
3.342600e+09, 2.768832e-01, 9.073758e-01, -2.361928e+00, 2.449273e+00, 6.511641e-10, 7.571546e-10, 2.725807e+01, -3.990261e-01
3.346400e+09, 2.754970e-01, 9.077774e-01, -2.377475e+00, 2.431196e+00, 6.499501e-10, 7.578925e-10, 2.713286e+01, -3.912736e-01
3.350200e+09, 2.740229e-01, 9.081997e-01, -2.392993e+00, 2.413100e+00, 6.486755e-10, 7.586648e-10, 2.701577e+01, -3.833391e-01
3.354000e+09, 2.724609e-01, 9.086421e-01, -2.408481e+00, 2.394986e+00, 6.473355e-10, 7.594706e-10, 2.690693e+01, -3.752318e-01
3.357800e+09, 2.708113e-01, 9.091041e-01, -2.423937e+00, 2.376853e+00, 6.459248e-10, 7.603087e-10, 2.680647e+01, -3.669613e-01
3.361600e+09, 2.690741e-01, 9.095850e-01, -2.439359e+00, 2.358700e+00, 6.444377e-10, 7.611781e-10, 2.671450e+01, -3.585376e-01
3.365400e+09, 2.672495e-01, 9.100842e-01, -2.454746e+00, 2.340526e+00, 6.428680e-10, 7.620776e-10, 2.663117e+01, -3.499713e-01
3.369200e+09, 2.653379e-01, 9.106012e-01, -2.470095e+00, 2.322330e+00, 6.412089e-10, 7.630059e-10, 2.655657e+01, -3.412735e-01
3.373000e+09, 2.633393e-01, 9.111351e-01, -2.485404e+00, 2.304113e+00, 6.394531e-10, 7.639619e-10, 2.649084e+01, -3.324556e-01
3.376800e+09, 2.612541e-01, 9.116853e-01, -2.500672e+00, 2.285872e+00, 6.375924e-10, 7.649443e-10, 2.643407e+01, -3.235298e-01
3.380600e+09, 2.590825e-01, 9.122511e-01, -2.515895e+00, 2.267608e+00, 6.356181e-10, 7.659518e-10, 2.638636e+01, -3.145083e-01
3.384400e+09, 2.568247e-01, 9.128317e-01, -2.531071e+00, 2.249320e+00, 6.335206e-10, 7.669832e-10, 2.634783e+01, -3.054039e-01
3.388200e+09, 2.544812e-01, 9.134264e-01, -2.546197e+00, 2.231008e+00, 6.312895e-10, 7.680370e-10, 2.631857e+01, -2.962298e-01
3.392000e+09, 2.520523e-01, 9.140344e-01, -2.561270e+00, 2.212670e+00, 6.289135e-10, 7.691119e-10, 2.629865e+01, -2.869997e-01
3.395800e+09, 2.495382e-01, 9.146549e-01, -2.576286e+00, 2.194307e+00, 6.263799e-10, 7.702066e-10, 2.628818e+01, -2.777273e-01
3.399600e+09, 2.469395e-01, 9.152872e-01, -2.591242e+00, 2.175917e+00, 6.236753e-10, 7.713197e-10, 2.628721e+01, -2.684269e-01
3.403400e+09, 2.442565e-01, 9.159303e-01, -2.606133e+00, 2.157501e+00, 6.207847e-10, 7.724497e-10, 2.629583e+01, -2.591128e-01
3.407200e+09, 2.414896e-01, 9.165834e-01, -2.620954e+00, 2.139058e+00, 6.176917e-10, 7.735953e-10, 2.631409e+01, -2.497997e-01
3.411000e+09, 2.386394e-01, 9.172457e-01, -2.635703e+00, 2.120587e+00, 6.143783e-10, 7.747551e-10, 2.634206e+01, -2.405026e-01
3.414800e+09, 2.357064e-01, 9.179164e-01, -2.650372e+00, 2.102089e+00, 6.108248e-10, 7.759277e-10, 2.637977e+01, -2.312362e-01
3.418600e+09, 2.326911e-01, 9.185945e-01, -2.664956e+00, 2.083563e+00, 6.070094e-10, 7.771116e-10, 2.642728e+01, -2.220157e-01
3.422400e+09, 2.295940e-01, 9.192792e-01, -2.679449e+00, 2.065009e+00, 6.029080e-10, 7.783054e-10, 2.648460e+01, -2.128563e-01
3.426200e+09, 2.264159e-01, 9.199695e-01, -2.693844e+00, 2.046426e+00, 5.984940e-10, 7.795078e-10, 2.655178e+01, -2.037730e-01
3.430000e+09, 2.231573e-01, 9.206646e-01, -2.708133e+00, 2.027814e+00, 5.937381e-10, 7.807172e-10, 2.662882e+01, -1.947810e-01
3.433800e+09, 2.198190e-01, 9.213636e-01, -2.722310e+00, 2.009174e+00, 5.886076e-10, 7.819324e-10, 2.671573e+01, -1.858953e-01
3.437600e+09, 2.164018e-01, 9.220655e-01, -2.736363e+00, 1.990504e+00, 5.830662e-10, 7.831520e-10, 2.681251e+01, -1.771307e-01
3.441400e+09, 2.129063e-01, 9.227694e-01, -2.750285e+00, 1.971806e+00, 5.770732e-10, 7.843744e-10, 2.691915e+01, -1.685021e-01
3.445200e+09, 2.093335e-01, 9.234745e-01, -2.764063e+00, 1.953078e+00, 5.705836e-10, 7.855985e-10, 2.703563e+01, -1.600240e-01
3.449000e+09, 2.056842e-01, 9.241797e-01, -2.777686e+00, 1.934321e+00, 5.635467e-10, 7.868227e-10, 2.716192e+01, -1.517106e-01
3.452800e+09, 2.019595e-01, 9.248842e-01, -2.791141e+00, 1.915535e+00, 5.559056e-10, 7.880459e-10, 2.729798e+01, -1.435761e-01
3.456600e+09, 1.981603e-01, 9.255870e-01, -2.804414e+00, 1.896719e+00, 5.475962e-10, 7.892665e-10, 2.744377e+01, -1.356340e-01
3.460400e+09, 1.942877e-01, 9.262871e-01, -2.817489e+00, 1.877875e+00, 5.385462e-10, 7.904833e-10, 2.759922e+01, -1.278979e-01
3.464200e+09, 1.903429e-01, 9.269837e-01, -2.830347e+00, 1.859001e+00, 5.286739e-10, 7.916949e-10, 2.776427e+01, -1.203807e-01
3.468000e+09, 1.863270e-01, 9.276758e-01, -2.842970e+00, 1.840098e+00, 5.178863e-10, 7.929001e-10, 2.793883e+01, -1.130950e-01
3.471800e+09, 1.822415e-01, 9.283625e-01, -2.855335e+00, 1.821167e+00, 5.060775e-10, 7.940975e-10, 2.812282e+01, -1.060531e-01
3.475600e+09, 1.780877e-01, 9.290428e-01, -2.867418e+00, 1.802207e+00, 4.931264e-10, 7.952858e-10, 2.831614e+01, -9.926664e-02
3.479400e+09, 1.738671e-01, 9.297159e-01, -2.879192e+00, 1.783219e+00, 4.788944e-10, 7.964638e-10, 2.851868e+01, -9.274707e-02
3.483200e+09, 1.695812e-01, 9.303807e-01, -2.890626e+00, 1.764202e+00, 4.632215e-10, 7.976301e-10, 2.873030e+01, -8.650520e-02
3.487000e+09, 1.652320e-01, 9.310364e-01, -2.901686e+00, 1.745158e+00, 4.459232e-10, 7.987835e-10, 2.895088e+01, -8.055142e-02
3.490800e+09, 1.608211e-01, 9.316821e-01, -2.912333e+00, 1.726086e+00, 4.267854e-10, 7.999227e-10, 2.918027e+01, -7.489562e-02
3.494600e+09, 1.563506e-01, 9.323168e-01, -2.922523e+00, 1.706987e+00, 4.055585e-10, 8.010464e-10, 2.941832e+01, -6.954722e-02
3.498400e+09, 1.518226e-01, 9.329397e-01, -2.932206e+00, 1.687861e+00, 3.819507e-10, 8.021533e-10, 2.966484e+01, -6.451513e-02
3.502200e+09, 1.472396e-01, 9.335498e-01, -2.941326e+00, 1.668709e+00, 3.556193e-10, 8.032423e-10, 2.991965e+01, -5.980777e-02
3.506000e+09, 1.426041e-01, 9.341463e-01, -2.949816e+00, 1.649531e+00, 3.261596e-10, 8.043120e-10, 3.018256e+01, -5.543306e-02
3.509800e+09, 1.379189e-01, 9.347283e-01, -2.957604e+00, 1.630327e+00, 2.930915e-10, 8.053612e-10, 3.045335e+01, -5.139842e-02
3.513600e+09, 1.331871e-01, 9.352948e-01, -2.964602e+00, 1.611098e+00, 2.558430e-10, 8.063888e-10, 3.073179e+01, -4.771078e-02
3.517400e+09, 1.284122e-01, 9.358451e-01, -2.970710e+00, 1.591844e+00, 2.137287e-10, 8.073933e-10, 3.101765e+01, -4.437656e-02
3.521200e+09, 1.235980e-01, 9.363784e-01, -2.975813e+00, 1.572567e+00, 1.659233e-10, 8.083736e-10, 3.131065e+01, -4.140171e-02
3.525000e+09, 1.187489e-01, 9.368937e-01, -2.979775e+00, 1.553266e+00, 1.114275e-10, 8.093286e-10, 3.161053e+01, -3.879168e-02
3.528800e+09, 1.138698e-01, 9.373902e-01, -2.982435e+00, 1.533943e+00, 4.902549e-11, 8.102569e-10, 3.191700e+01, -3.655144e-02
3.532600e+09, 1.089662e-01, 9.378672e-01, -2.983606e+00, 1.514597e+00, -2.277004e-11, 8.111573e-10, 3.222973e+01, -3.468547e-02
3.536400e+09, 1.040446e-01, 9.383239e-01, -2.983062e+00, 1.495230e+00, -1.057871e-10, 8.120287e-10, 3.254841e+01, -3.319778e-02
3.540200e+09, 9.911260e-02, 9.387594e-01, -2.980536e+00, 1.475841e+00, -2.022819e-10, 8.128699e-10, 3.287269e+01, -3.209189e-02
3.544000e+09, 9.417895e-02, 9.391730e-01, -2.975707e+00, 1.456433e+00, -3.150486e-10, 8.136796e-10, 3.320219e+01, -3.137086e-02
3.547800e+09, 8.925419e-02, 9.395641e-01, -2.968185e+00, 1.437006e+00, -4.475538e-10, 8.144568e-10, 3.353654e+01, -3.103724e-02
3.551600e+09, 8.435097e-02, 9.399318e-01, -2.957499e+00, 1.417560e+00, -6.040951e-10, 8.152003e-10, 3.387531e+01, -3.109314e-02
3.555400e+09, 7.948469e-02, 9.402755e-01, -2.943075e+00, 1.398096e+00, -7.899759e-10, 8.159089e-10, 3.421809e+01, -3.154017e-02
3.559200e+09, 7.467429e-02, 9.405945e-01, -2.924214e+00, 1.378615e+00, -1.011668e-09, 8.165815e-10, 3.456441e+01, -3.237944e-02
3.563000e+09, 6.994333e-02, 9.408882e-01, -2.900059e+00, 1.359118e+00, -1.276895e-09, 8.172170e-10, 3.491381e+01, -3.361159e-02
3.566800e+09, 6.532143e-02, 9.411559e-01, -2.869572e+00, 1.339606e+00, -1.594494e-09, 8.178144e-10, 3.526577e+01, -3.523675e-02
3.570600e+09, 6.084608e-02, 9.413971e-01, -2.831502e+00, 1.320080e+00, -1.973759e-09, 8.183727e-10, 3.561980e+01, -3.725455e-02
3.574400e+09, 5.656499e-02, 9.416111e-01, -2.784376e+00, 1.300541e+00, -2.422766e-09, 8.188907e-10, 3.597532e+01, -3.966410e-02
3.578200e+09, 5.253875e-02, 9.417975e-01, -2.726530e+00, 1.280989e+00, -2.944858e-09, 8.193675e-10, 3.633179e+01, -4.246399e-02
3.582000e+09, 4.884364e-02, 9.419557e-01, -2.656218e+00, 1.261425e+00, -3.532391e-09, 8.198021e-10, 3.668861e+01, -4.565226e-02
3.585800e+09, 4.557346e-02, 9.420852e-01, -2.571878e+00, 1.241852e+00, -4.157616e-09, 8.201937e-10, 3.704515e+01, -4.922641e-02
3.589600e+09, 4.283853e-02, 9.421857e-01, -2.472610e+00, 1.222269e+00, -4.763530e-09, 8.205412e-10, 3.740080e+01, -5.318336e-02
3.593400e+09, 4.075912e-02, 9.422566e-01, -2.358876e+00, 1.202677e+00, -5.262983e-09, 8.208439e-10, 3.775488e+01, -5.751948e-02
3.597200e+09, 3.945054e-02, 9.422976e-01, -2.233216e+00, 1.183079e+00, -5.557467e-09, 8.211010e-10, 3.810672e+01, -6.223051e-02
3.601000e+09, 3.900075e-02, 9.423084e-01, -2.100526e+00, 1.163474e+00, -5.576630e-09, 8.213116e-10, 3.845562e+01, -6.731161e-02
3.604800e+09, 3.944795e-02, 9.422886e-01, -1.967378e+00, 1.143864e+00, -5.315432e-09, 8.214750e-10, 3.880086e+01, -7.275731e-02
3.608600e+09, 4.076980e-02, 9.422381e-01, -1.840466e+00, 1.124251e+00, -4.837049e-09, 8.215906e-10, 3.914172e+01, -7.856150e-02
3.612400e+09, 4.289101e-02, 9.421564e-01, -1.724976e+00, 1.104634e+00, -4.238788e-09, 8.216577e-10, 3.947744e+01, -8.471742e-02
3.616200e+09, 4.570433e-02, 9.420436e-01, -1.623770e+00, 1.085016e+00, -3.610986e-09, 8.216758e-10, 3.980727e+01, -9.121767e-02
3.620000e+09, 4.909339e-02, 9.418994e-01, -1.537554e+00, 1.065398e+00, -3.015016e-09, 8.216444e-10, 4.013043e+01, -9.805417e-02
3.623800e+09, 5.294892e-02, 9.417236e-01, -1.465567e+00, 1.045780e+00, -2.482137e-09, 8.215629e-10, 4.044616e+01, -1.052181e-01
3.627600e+09, 5.717668e-02, 9.415164e-01, -1.406303e+00, 1.026165e+00, -2.022140e-09, 8.214310e-10, 4.075368e+01, -1.127002e-01
3.631400e+09, 6.169925e-02, 9.412775e-01, -1.358022e+00, 1.006552e+00, -1.632742e-09, 8.212483e-10, 4.105221e+01, -1.204901e-01
3.635200e+09, 6.645468e-02, 9.410071e-01, -1.319039e+00, 9.869438e-01, -1.306253e-09, 8.210145e-10, 4.134099e+01, -1.285772e-01
3.639000e+09, 7.139394e-02, 9.407052e-01, -1.287851e+00, 9.673412e-01, -1.033417e-09, 8.207295e-10, 4.161923e+01, -1.369500e-01
3.642800e+09, 7.647828e-02, 9.403720e-01, -1.263177e+00, 9.477454e-01, -8.052821e-10, 8.203931e-10, 4.188621e+01, -1.455964e-01
3.646600e+09, 8.167689e-02, 9.400075e-01, -1.243950e+00, 9.281576e-01, -6.139601e-10, 8.200053e-10, 4.214117e+01, -1.545035e-01
3.650400e+09, 8.696511e-02, 9.396120e-01, -1.229291e+00, 9.085791e-01, -4.528130e-10, 8.195660e-10, 4.238341e+01, -1.636579e-01
3.654200e+09, 9.232294e-02, 9.391857e-01, -1.218479e+00, 8.890110e-01, -3.163895e-10, 8.190753e-10, 4.261224e+01, -1.730458e-01
3.658000e+09, 9.773398e-02, 9.387289e-01, -1.210925e+00, 8.694547e-01, -2.002675e-10, 8.185333e-10, 4.282701e+01, -1.826524e-01
3.661800e+09, 1.031846e-01, 9.382420e-01, -1.206144e+00, 8.499113e-01, -1.008793e-10, 8.179404e-10, 4.302708e+01, -1.924626e-01
3.665600e+09, 1.086633e-01, 9.377254e-01, -1.203735e+00, 8.303821e-01, -1.534982e-11, 8.172967e-10, 4.321188e+01, -2.024609e-01
3.669400e+09, 1.141601e-01, 9.371794e-01, -1.203368e+00, 8.108682e-01, 5.864171e-11, 8.166027e-10, 4.338086e+01, -2.126310e-01
3.673200e+09, 1.196667e-01, 9.366046e-01, -1.204769e+00, 7.913709e-01, 1.229741e-10, 8.158589e-10, 4.353353e+01, -2.229566e-01
3.677000e+09, 1.251756e-01, 9.360015e-01, -1.207705e+00, 7.718914e-01, 1.791749e-10, 8.150657e-10, 4.366944e+01, -2.334207e-01
3.680800e+09, 1.306801e-01, 9.353707e-01, -1.211983e+00, 7.524308e-01, 2.284918e-10, 8.142239e-10, 4.378822e+01, -2.440061e-01
3.684600e+09, 1.361743e-01, 9.347127e-01, -1.217438e+00, 7.329903e-01, 2.719493e-10, 8.133340e-10, 4.388951e+01, -2.546954e-01
3.688400e+09, 1.416528e-01, 9.340282e-01, -1.223931e+00, 7.135711e-01, 3.103926e-10, 8.123970e-10, 4.397306e+01, -2.654710e-01
3.692200e+09, 1.471107e-01, 9.333180e-01, -1.231342e+00, 6.941742e-01, 3.445233e-10, 8.114137e-10, 4.403864e+01, -2.763152e-01
3.696000e+09, 1.525435e-01, 9.325827e-01, -1.239568e+00, 6.748008e-01, 3.749262e-10, 8.103851e-10, 4.408610e+01, -2.872101e-01
3.699800e+09, 1.579470e-01, 9.318232e-01, -1.248520e+00, 6.554519e-01, 4.020915e-10, 8.093121e-10, 4.411536e+01, -2.981378e-01
3.703600e+09, 1.633173e-01, 9.310404e-01, -1.258120e+00, 6.361287e-01, 4.264323e-10, 8.081959e-10, 4.412640e+01, -3.090808e-01
3.707400e+09, 1.686507e-01, 9.302349e-01, -1.268302e+00, 6.168322e-01, 4.482982e-10, 8.070377e-10, 4.411924e+01, -3.200213e-01
3.711200e+09, 1.739437e-01, 9.294079e-01, -1.279005e+00, 5.975632e-01, 4.679863e-10, 8.058388e-10, 4.409400e+01, -3.309419e-01
3.715000e+09, 1.791930e-01, 9.285601e-01, -1.290179e+00, 5.783230e-01, 4.857507e-10, 8.046006e-10, 4.405083e+01, -3.418255e-01
3.718800e+09, 1.843956e-01, 9.276927e-01, -1.301777e+00, 5.591122e-01, 5.018093e-10, 8.033244e-10, 4.398995e+01, -3.526552e-01
3.722600e+09, 1.895484e-01, 9.268065e-01, -1.313758e+00, 5.399320e-01, 5.163496e-10, 8.020118e-10, 4.391165e+01, -3.634146e-01
3.726400e+09, 1.946486e-01, 9.259027e-01, -1.326087e+00, 5.207831e-01, 5.295341e-10, 8.006644e-10, 4.381625e+01, -3.740875e-01
3.730200e+09, 1.996936e-01, 9.249824e-01, -1.338730e+00, 5.016663e-01, 5.415037e-10, 7.992838e-10, 4.370413e+01, -3.846583e-01
3.734000e+09, 2.046807e-01, 9.240466e-01, -1.351659e+00, 4.825825e-01, 5.523814e-10, 7.978718e-10, 4.357571e+01, -3.951120e-01
3.737800e+09, 2.096074e-01, 9.230965e-01, -1.364848e+00, 4.635325e-01, 5.622746e-10, 7.964301e-10, 4.343148e+01, -4.054340e-01
3.741600e+09, 2.144714e-01, 9.221333e-01, -1.378272e+00, 4.445168e-01, 5.712776e-10, 7.949606e-10, 4.327194e+01, -4.156102e-01
3.745400e+09, 2.192704e-01, 9.211581e-01, -1.391912e+00, 4.255362e-01, 5.794737e-10, 7.934653e-10, 4.309763e+01, -4.256274e-01
3.749200e+09, 2.240021e-01, 9.201722e-01, -1.405748e+00, 4.065914e-01, 5.869363e-10, 7.919462e-10, 4.290914e+01, -4.354726e-01
3.753000e+09, 2.286646e-01, 9.191768e-01, -1.419762e+00, 3.876828e-01, 5.937304e-10, 7.904051e-10, 4.270705e+01, -4.451339e-01
3.756800e+09, 2.332556e-01, 9.181732e-01, -1.433938e+00, 3.688110e-01, 5.999140e-10, 7.888444e-10, 4.249199e+01, -4.545996e-01
3.760600e+09, 2.377735e-01, 9.171626e-01, -1.448261e+00, 3.499765e-01, 6.055387e-10, 7.872660e-10, 4.226461e+01, -4.638591e-01
3.764400e+09, 2.422162e-01, 9.161464e-01, -1.462719e+00, 3.311796e-01, 6.106507e-10, 7.856723e-10, 4.202556e+01, -4.729020e-01
3.768200e+09, 2.465820e-01, 9.151258e-01, -1.477299e+00, 3.124208e-01, 6.152915e-10, 7.840654e-10, 4.177550e+01, -4.817188e-01
3.772000e+09, 2.508692e-01, 9.141021e-01, -1.491990e+00, 2.937004e-01, 6.194983e-10, 7.824476e-10, 4.151510e+01, -4.903007e-01
3.775800e+09, 2.550762e-01, 9.130767e-01, -1.506781e+00, 2.750186e-01, 6.233047e-10, 7.808212e-10, 4.124503e+01, -4.986395e-01
3.779600e+09, 2.592015e-01, 9.120509e-01, -1.521663e+00, 2.563756e-01, 6.267413e-10, 7.791886e-10, 4.096597e+01, -5.067274e-01
3.783400e+09, 2.632435e-01, 9.110261e-01, -1.536627e+00, 2.377716e-01, 6.298354e-10, 7.775522e-10, 4.067857e+01, -5.145574e-01
3.787200e+09, 2.672009e-01, 9.100035e-01, -1.551665e+00, 2.192067e-01, 6.326123e-10, 7.759142e-10, 4.038351e+01, -5.221232e-01
3.791000e+09, 2.710724e-01, 9.089845e-01, -1.566770e+00, 2.006809e-01, 6.350947e-10, 7.742773e-10, 4.008143e+01, -5.294187e-01
3.794800e+09, 2.748567e-01, 9.079706e-01, -1.581933e+00, 1.821942e-01, 6.373036e-10, 7.726437e-10, 3.977296e+01, -5.364387e-01
3.798600e+09, 2.785526e-01, 9.069628e-01, -1.597150e+00, 1.637465e-01, 6.392580e-10, 7.710159e-10, 3.945875e+01, -5.431783e-01
3.802400e+09, 2.821589e-01, 9.059628e-01, -1.612413e+00, 1.453376e-01, 6.409754e-10, 7.693964e-10, 3.913939e+01, -5.496332e-01
3.806200e+09, 2.856747e-01, 9.049716e-01, -1.627717e+00, 1.269674e-01, 6.424721e-10, 7.677876e-10, 3.881548e+01, -5.557994e-01
3.810000e+09, 2.890989e-01, 9.039907e-01, -1.643056e+00, 1.086356e-01, 6.437628e-10, 7.661920e-10, 3.848759e+01, -5.616735e-01
3.813800e+09, 2.924306e-01, 9.030214e-01, -1.658427e+00, 9.034197e-02, 6.448613e-10, 7.646120e-10, 3.815629e+01, -5.672524e-01
3.817600e+09, 2.956689e-01, 9.020649e-01, -1.673824e+00, 7.208601e-02, 6.457803e-10, 7.630500e-10, 3.782211e+01, -5.725335e-01
3.821400e+09, 2.988131e-01, 9.011225e-01, -1.689242e+00, 5.386735e-02, 6.465316e-10, 7.615084e-10, 3.748557e+01, -5.775144e-01
3.825200e+09, 3.018623e-01, 9.001955e-01, -1.704679e+00, 3.568550e-02, 6.471263e-10, 7.599897e-10, 3.714717e+01, -5.821931e-01
3.829000e+09, 3.048159e-01, 8.992851e-01, -1.720130e+00, 1.753990e-02, 6.475744e-10, 7.584962e-10, 3.680738e+01, -5.865679e-01
3.832800e+09, 3.076732e-01, 8.983925e-01, -1.735591e+00, -5.700329e-04, 6.478854e-10, 7.570302e-10, 3.646667e+01, -5.906373e-01
3.836600e+09, 3.104337e-01, 8.975188e-01, -1.751060e+00, -1.864496e-02, 6.480684e-10, 7.555940e-10, 3.612546e+01, -5.944003e-01
3.840400e+09, 3.130968e-01, 8.966654e-01, -1.766534e+00, -3.668561e-02, 6.481316e-10, 7.541899e-10, 3.578418e+01, -5.978559e-01
3.844200e+09, 3.156621e-01, 8.958333e-01, -1.782009e+00, -5.469272e-02, 6.480827e-10, 7.528202e-10, 3.544322e+01, -6.010032e-01
3.848000e+09, 3.181291e-01, 8.950235e-01, -1.797482e+00, -7.266714e-02, 6.479292e-10, 7.514869e-10, 3.510297e+01, -6.038419e-01
3.851800e+09, 3.204975e-01, 8.942373e-01, -1.812952e+00, -9.060972e-02, 6.476778e-10, 7.501922e-10, 3.476377e+01, -6.063714e-01
3.855600e+09, 3.227668e-01, 8.934756e-01, -1.828416e+00, -1.085214e-01, 6.473351e-10, 7.489383e-10, 3.442598e+01, -6.085916e-01
3.859400e+09, 3.249369e-01, 8.927395e-01, -1.843872e+00, -1.264031e-01, 6.469070e-10, 7.477270e-10, 3.408992e+01, -6.105024e-01
3.863200e+09, 3.270074e-01, 8.920299e-01, -1.859318e+00, -1.442559e-01, 6.463994e-10, 7.465604e-10, 3.375590e+01, -6.121038e-01
3.867000e+09, 3.289782e-01, 8.913478e-01, -1.874751e+00, -1.620809e-01, 6.458176e-10, 7.454403e-10, 3.342420e+01, -6.133961e-01
3.870800e+09, 3.308491e-01, 8.906941e-01, -1.890171e+00, -1.798791e-01, 6.451666e-10, 7.443686e-10, 3.309511e+01, -6.143794e-01
3.874600e+09, 3.326199e-01, 8.900697e-01, -1.905575e+00, -1.976517e-01, 6.444513e-10, 7.433470e-10, 3.276890e+01, -6.150541e-01
3.878400e+09, 3.342906e-01, 8.894754e-01, -1.920962e+00, -2.153999e-01, 6.436762e-10, 7.423771e-10, 3.244580e+01, -6.154208e-01
3.882200e+09, 3.358611e-01, 8.889120e-01, -1.936330e+00, -2.331250e-01, 6.428455e-10, 7.414607e-10, 3.212606e+01, -6.154798e-01
3.886000e+09, 3.373313e-01, 8.883802e-01, -1.951679e+00, -2.508282e-01, 6.419633e-10, 7.405992e-10, 3.180990e+01, -6.152319e-01
3.889800e+09, 3.387012e-01, 8.878809e-01, -1.967007e+00, -2.685108e-01, 6.410332e-10, 7.397940e-10, 3.149755e+01, -6.146777e-01
3.893600e+09, 3.399709e-01, 8.874146e-01, -1.982312e+00, -2.861742e-01, 6.400589e-10, 7.390466e-10, 3.118919e+01, -6.138180e-01
3.897400e+09, 3.411404e-01, 8.869820e-01, -1.997594e+00, -3.038198e-01, 6.390437e-10, 7.383582e-10, 3.088503e+01, -6.126536e-01
3.901200e+09, 3.422098e-01, 8.865836e-01, -2.012852e+00, -3.214489e-01, 6.379905e-10, 7.377299e-10, 3.058524e+01, -6.111853e-01
3.905000e+09, 3.431792e-01, 8.862201e-01, -2.028085e+00, -3.390630e-01, 6.369025e-10, 7.371630e-10, 3.029002e+01, -6.094143e-01
3.908800e+09, 3.440486e-01, 8.858918e-01, -2.043292e+00, -3.566636e-01, 6.357821e-10, 7.366583e-10, 2.999953e+01, -6.073416e-01
3.912600e+09, 3.448182e-01, 8.855993e-01, -2.058472e+00, -3.742521e-01, 6.346320e-10, 7.362169e-10, 2.971393e+01, -6.049683e-01
3.916400e+09, 3.454881e-01, 8.853429e-01, -2.073624e+00, -3.918301e-01, 6.334544e-10, 7.358395e-10, 2.943338e+01, -6.022958e-01
3.920200e+09, 3.460585e-01, 8.851230e-01, -2.088748e+00, -4.093991e-01, 6.322513e-10, 7.355270e-10, 2.915804e+01, -5.993253e-01
3.924000e+09, 3.465296e-01, 8.849399e-01, -2.103844e+00, -4.269606e-01, 6.310248e-10, 7.352799e-10, 2.888804e+01, -5.960584e-01
3.927800e+09, 3.469016e-01, 8.847939e-01, -2.118911e+00, -4.445162e-01, 6.297764e-10, 7.350987e-10, 2.862354e+01, -5.924967e-01
3.931600e+09, 3.471745e-01, 8.846851e-01, -2.133947e+00, -4.620675e-01, 6.285077e-10, 7.349841e-10, 2.836466e+01, -5.886419e-01
3.935400e+09, 3.473487e-01, 8.846138e-01, -2.148953e+00, -4.796161e-01, 6.272199e-10, 7.349362e-10, 2.811156e+01, -5.844960e-01
3.939200e+09, 3.474243e-01, 8.845800e-01, -2.163929e+00, -4.971635e-01, 6.259142e-10, 7.349554e-10, 2.786435e+01, -5.800611e-01
3.943000e+09, 3.474015e-01, 8.845838e-01, -2.178873e+00, -5.147114e-01, 6.245914e-10, 7.350419e-10, 2.762317e+01, -5.753395e-01
3.946800e+09, 3.472806e-01, 8.846252e-01, -2.193786e+00, -5.322613e-01, 6.232522e-10, 7.351957e-10, 2.738815e+01, -5.703336e-01
3.950600e+09, 3.470618e-01, 8.847042e-01, -2.208667e+00, -5.498149e-01, 6.218970e-10, 7.354167e-10, 2.715941e+01, -5.650462e-01
3.954400e+09, 3.467452e-01, 8.848207e-01, -2.223516e+00, -5.673738e-01, 6.205260e-10, 7.357049e-10, 2.693709e+01, -5.594802e-01
3.958200e+09, 3.463310e-01, 8.849745e-01, -2.238331e+00, -5.849396e-01, 6.191393e-10, 7.360599e-10, 2.672129e+01, -5.536388e-01
3.962000e+09, 3.458196e-01, 8.851655e-01, -2.253114e+00, -6.025138e-01, 6.177364e-10, 7.364816e-10, 2.651215e+01, -5.475256e-01
3.965800e+09, 3.452111e-01, 8.853934e-01, -2.267863e+00, -6.200981e-01, 6.163170e-10, 7.369694e-10, 2.630979e+01, -5.411444e-01
3.969600e+09, 3.445057e-01, 8.856580e-01, -2.282578e+00, -6.376941e-01, 6.148803e-10, 7.375227e-10, 2.611434e+01, -5.344994e-01
3.973400e+09, 3.437036e-01, 8.859589e-01, -2.297259e+00, -6.553032e-01, 6.134251e-10, 7.381410e-10, 2.592590e+01, -5.275950e-01
3.977200e+09, 3.428050e-01, 8.862957e-01, -2.311905e+00, -6.729272e-01, 6.119502e-10, 7.388235e-10, 2.574461e+01, -5.204362e-01
3.981000e+09, 3.418101e-01, 8.866679e-01, -2.326516e+00, -6.905674e-01, 6.104539e-10, 7.395692e-10, 2.557058e+01, -5.130282e-01
3.984800e+09, 3.407191e-01, 8.870752e-01, -2.341092e+00, -7.082254e-01, 6.089341e-10, 7.403774e-10, 2.540395e+01, -5.053767e-01
3.988600e+09, 3.395322e-01, 8.875169e-01, -2.355631e+00, -7.259028e-01, 6.073888e-10, 7.412468e-10, 2.524482e+01, -4.974878e-01
3.992400e+09, 3.382495e-01, 8.879924e-01, -2.370133e+00, -7.436008e-01, 6.058150e-10, 7.421763e-10, 2.509332e+01, -4.893682e-01
3.996200e+09, 3.368712e-01, 8.885012e-01, -2.384597e+00, -7.613211e-01, 6.042099e-10, 7.431645e-10, 2.494958e+01, -4.810249e-01
4.000000e+09, 3.353976e-01, 8.890426e-01, -2.399023e+00, -7.790650e-01, 6.042099e-10, 7.431645e-10, 2.481371e+01, -4.724655e-01
