Frequency [Hz], |S00| [-], |S10| [-], Arg(S00) [-], Arg(S10) [-], Delay 0>0 [s], Delay 0>1 [s], |Z0| [Ohm] , Arg(Z0) [-]
2.000000e+08, 1.006444e-01, 9.573321e-01, 3.568382e-01, -6.132191e-01, -5.921744e-12, 4.871670e-10, 6.039806e+01, 7.091329e-02
2.038000e+08, 1.013512e-01, 9.570277e-01, 3.569796e-01, -6.248507e-01, -1.497509e-12, 4.866872e-10, 6.047791e+01, 7.144686e-02
2.076000e+08, 1.020653e-01, 9.567250e-01, 3.570153e-01, -6.364709e-01, 2.989424e-12, 4.862212e-10, 6.055916e+01, 7.196594e-02
2.114000e+08, 1.027865e-01, 9.564241e-01, 3.569439e-01, -6.480800e-01, 7.528579e-12, 4.857685e-10, 6.064181e+01, 7.246962e-02
2.152000e+08, 1.035144e-01, 9.561253e-01, 3.567642e-01, -6.596783e-01, 1.211035e-11, 4.853291e-10, 6.072584e+01, 7.295699e-02
2.190000e+08, 1.042487e-01, 9.558288e-01, 3.564750e-01, -6.712660e-01, 1.672591e-11, 4.849027e-10, 6.081125e+01, 7.342718e-02
2.228000e+08, 1.049892e-01, 9.555348e-01, 3.560757e-01, -6.828436e-01, 2.136717e-11, 4.844890e-10, 6.089801e+01, 7.387936e-02
2.266000e+08, 1.057356e-01, 9.552435e-01, 3.555655e-01, -6.944113e-01, 2.602671e-11, 4.840880e-10, 6.098611e+01, 7.431270e-02
2.304000e+08, 1.064875e-01, 9.549550e-01, 3.549441e-01, -7.059695e-01, 3.069771e-11, 4.836995e-10, 6.107553e+01, 7.472641e-02
2.342000e+08, 1.072446e-01, 9.546696e-01, 3.542112e-01, -7.175183e-01, 3.537390e-11, 4.833233e-10, 6.116626e+01, 7.511971e-02
2.380000e+08, 1.080068e-01, 9.543874e-01, 3.533666e-01, -7.290582e-01, 4.004955e-11, 4.829594e-10, 6.125828e+01, 7.549186e-02
2.418000e+08, 1.087736e-01, 9.541085e-01, 3.524103e-01, -7.405894e-01, 4.471938e-11, 4.826075e-10, 6.135157e+01, 7.584213e-02
2.456000e+08, 1.095449e-01, 9.538332e-01, 3.513426e-01, -7.521122e-01, 4.937858e-11, 4.822676e-10, 6.144612e+01, 7.616981e-02
2.494000e+08, 1.103203e-01, 9.535615e-01, 3.501637e-01, -7.636269e-01, 5.402271e-11, 4.819395e-10, 6.154189e+01, 7.647420e-02
2.532000e+08, 1.110995e-01, 9.532936e-01, 3.488738e-01, -7.751337e-01, 5.864773e-11, 4.816231e-10, 6.163887e+01, 7.675462e-02
2.570000e+08, 1.118824e-01, 9.530296e-01, 3.474735e-01, -7.866330e-01, 6.324993e-11, 4.813184e-10, 6.173704e+01, 7.701043e-02
2.608000e+08, 1.126685e-01, 9.527697e-01, 3.459634e-01, -7.981250e-01, 6.782593e-11, 4.810251e-10, 6.183638e+01, 7.724097e-02
2.646000e+08, 1.134577e-01, 9.525139e-01, 3.443439e-01, -8.096100e-01, 7.237264e-11, 4.807431e-10, 6.193685e+01, 7.744564e-02
2.684000e+08, 1.142496e-01, 9.522623e-01, 3.426160e-01, -8.210883e-01, 7.688726e-11, 4.804724e-10, 6.203844e+01, 7.762381e-02
2.722000e+08, 1.150441e-01, 9.520151e-01, 3.407802e-01, -8.325601e-01, 8.136722e-11, 4.802128e-10, 6.214112e+01, 7.777489e-02
2.760000e+08, 1.158408e-01, 9.517723e-01, 3.388375e-01, -8.440257e-01, 8.581021e-11, 4.799641e-10, 6.224486e+01, 7.789832e-02
2.798000e+08, 1.166394e-01, 9.515340e-01, 3.367886e-01, -8.554854e-01, 9.021412e-11, 4.797262e-10, 6.234963e+01, 7.799353e-02
2.836000e+08, 1.174398e-01, 9.513002e-01, 3.346347e-01, -8.669393e-01, 9.457707e-11, 4.794990e-10, 6.245540e+01, 7.805997e-02
2.874000e+08, 1.182415e-01, 9.510710e-01, 3.323766e-01, -8.783879e-01, 9.889735e-11, 4.792823e-10, 6.256215e+01, 7.809711e-02
2.912000e+08, 1.190445e-01, 9.508465e-01, 3.300153e-01, -8.898313e-01, 1.031734e-10, 4.790759e-10, 6.266984e+01, 7.810444e-02
2.950000e+08, 1.198484e-01, 9.506267e-01, 3.275519e-01, -9.012698e-01, 1.074039e-10, 4.788798e-10, 6.277845e+01, 7.808146e-02
2.988000e+08, 1.206530e-01, 9.504116e-01, 3.249875e-01, -9.127036e-01, 1.115876e-10, 4.786936e-10, 6.288793e+01, 7.802769e-02
3.026000e+08, 1.214580e-01, 9.502013e-01, 3.223232e-01, -9.241329e-01, 1.157235e-10, 4.785173e-10, 6.299825e+01, 7.794266e-02
3.064000e+08, 1.222631e-01, 9.499957e-01, 3.195602e-01, -9.355580e-01, 1.198106e-10, 4.783507e-10, 6.310939e+01, 7.782591e-02
3.102000e+08, 1.230682e-01, 9.497950e-01, 3.166996e-01, -9.469792e-01, 1.238480e-10, 4.781935e-10, 6.322130e+01, 7.767700e-02
3.140000e+08, 1.238730e-01, 9.495991e-01, 3.137426e-01, -9.583966e-01, 1.278351e-10, 4.780456e-10, 6.333394e+01, 7.749553e-02
3.178000e+08, 1.246772e-01, 9.494080e-01, 3.106904e-01, -9.698104e-01, 1.317713e-10, 4.779068e-10, 6.344728e+01, 7.728107e-02
3.216000e+08, 1.254805e-01, 9.492217e-01, 3.075442e-01, -9.812210e-01, 1.356561e-10, 4.777769e-10, 6.356128e+01, 7.703325e-02
3.254000e+08, 1.262828e-01, 9.490401e-01, 3.043053e-01, -9.926284e-01, 1.394890e-10, 4.776557e-10, 6.367590e+01, 7.675168e-02
3.292000e+08, 1.270838e-01, 9.488634e-01, 3.009748e-01, -1.004033e+00, 1.432697e-10, 4.775429e-10, 6.379109e+01, 7.643602e-02
3.330000e+08, 1.278833e-01, 9.486914e-01, 2.975541e-01, -1.015435e+00, 1.469980e-10, 4.774384e-10, 6.390682e+01, 7.608591e-02
3.368000e+08, 1.286810e-01, 9.485241e-01, 2.940443e-01, -1.026834e+00, 1.506736e-10, 4.773419e-10, 6.402305e+01, 7.570104e-02
3.406000e+08, 1.294768e-01, 9.483615e-01, 2.904468e-01, -1.038231e+00, 1.542966e-10, 4.772532e-10, 6.413972e+01, 7.528110e-02
3.444000e+08, 1.302703e-01, 9.482036e-01, 2.867628e-01, -1.049626e+00, 1.578667e-10, 4.771721e-10, 6.425679e+01, 7.482580e-02
3.482000e+08, 1.310613e-01, 9.480503e-01, 2.829936e-01, -1.061019e+00, 1.613841e-10, 4.770983e-10, 6.437423e+01, 7.433486e-02
3.520000e+08, 1.318497e-01, 9.479015e-01, 2.791404e-01, -1.072411e+00, 1.648487e-10, 4.770317e-10, 6.449197e+01, 7.380803e-02
3.558000e+08, 1.326351e-01, 9.477572e-01, 2.752044e-01, -1.083800e+00, 1.682608e-10, 4.769720e-10, 6.460998e+01, 7.324508e-02
3.596000e+08, 1.334174e-01, 9.476174e-01, 2.711870e-01, -1.095188e+00, 1.716203e-10, 4.769189e-10, 6.472821e+01, 7.264578e-02
3.634000e+08, 1.341964e-01, 9.474820e-01, 2.670894e-01, -1.106575e+00, 1.749276e-10, 4.768722e-10, 6.484660e+01, 7.200993e-02
3.672000e+08, 1.349718e-01, 9.473509e-01, 2.629128e-01, -1.117961e+00, 1.781828e-10, 4.768318e-10, 6.496510e+01, 7.133735e-02
3.710000e+08, 1.357434e-01, 9.472241e-01, 2.586585e-01, -1.129346e+00, 1.813862e-10, 4.767972e-10, 6.508367e+01, 7.062787e-02
3.748000e+08, 1.365111e-01, 9.471014e-01, 2.543277e-01, -1.140730e+00, 1.845381e-10, 4.767684e-10, 6.520225e+01, 6.988134e-02
3.786000e+08, 1.372745e-01, 9.469829e-01, 2.499216e-01, -1.152114e+00, 1.876389e-10, 4.767451e-10, 6.532080e+01, 6.909765e-02
3.824000e+08, 1.380335e-01, 9.468684e-01, 2.454416e-01, -1.163496e+00, 1.906888e-10, 4.767270e-10, 6.543924e+01, 6.827667e-02
3.862000e+08, 1.387879e-01, 9.467579e-01, 2.408887e-01, -1.174879e+00, 1.936883e-10, 4.767138e-10, 6.555754e+01, 6.741832e-02
3.900000e+08, 1.395375e-01, 9.466512e-01, 2.362641e-01, -1.186261e+00, 1.966377e-10, 4.767055e-10, 6.567564e+01, 6.652253e-02
3.938000e+08, 1.402820e-01, 9.465484e-01, 2.315692e-01, -1.197643e+00, 1.995375e-10, 4.767017e-10, 6.579347e+01, 6.558925e-02
3.976000e+08, 1.410213e-01, 9.464493e-01, 2.268050e-01, -1.209024e+00, 2.023880e-10, 4.767022e-10, 6.591099e+01, 6.461844e-02
4.014000e+08, 1.417552e-01, 9.463538e-01, 2.219728e-01, -1.220406e+00, 2.051898e-10, 4.767067e-10, 6.602814e+01, 6.361009e-02
4.052000e+08, 1.424835e-01, 9.462619e-01, 2.170736e-01, -1.231788e+00, 2.079433e-10, 4.767151e-10, 6.614486e+01, 6.256422e-02
4.090000e+08, 1.432060e-01, 9.461735e-01, 2.121088e-01, -1.243170e+00, 2.106489e-10, 4.767271e-10, 6.626109e+01, 6.148085e-02
4.128000e+08, 1.439225e-01, 9.460884e-01, 2.070793e-01, -1.254553e+00, 2.133072e-10, 4.767425e-10, 6.637677e+01, 6.036002e-02
4.166000e+08, 1.446328e-01, 9.460066e-01, 2.019863e-01, -1.265935e+00, 2.159187e-10, 4.767611e-10, 6.649184e+01, 5.920181e-02
4.204000e+08, 1.453367e-01, 9.459280e-01, 1.968310e-01, -1.277319e+00, 2.184838e-10, 4.767826e-10, 6.660624e+01, 5.800631e-02
4.242000e+08, 1.460341e-01, 9.458525e-01, 1.916145e-01, -1.288702e+00, 2.210030e-10, 4.768069e-10, 6.671992e+01, 5.677363e-02
4.280000e+08, 1.467247e-01, 9.457801e-01, 1.863378e-01, -1.300087e+00, 2.234770e-10, 4.768337e-10, 6.683281e+01, 5.550389e-02
4.318000e+08, 1.474084e-01, 9.457105e-01, 1.810021e-01, -1.311472e+00, 2.259061e-10, 4.768629e-10, 6.694485e+01, 5.419725e-02
4.356000e+08, 1.480850e-01, 9.456438e-01, 1.756083e-01, -1.322857e+00, 2.282909e-10, 4.768942e-10, 6.705598e+01, 5.285387e-02
4.394000e+08, 1.487544e-01, 9.455799e-01, 1.701576e-01, -1.334244e+00, 2.306320e-10, 4.769274e-10, 6.716614e+01, 5.147396e-02
4.432000e+08, 1.494163e-01, 9.455186e-01, 1.646510e-01, -1.345631e+00, 2.329298e-10, 4.769624e-10, 6.727526e+01, 5.005772e-02
4.470000e+08, 1.500707e-01, 9.454599e-01, 1.590896e-01, -1.357019e+00, 2.351849e-10, 4.769990e-10, 6.738329e+01, 4.860538e-02
4.508000e+08, 1.507172e-01, 9.454037e-01, 1.534743e-01, -1.368408e+00, 2.373979e-10, 4.770370e-10, 6.749015e+01, 4.711722e-02
4.546000e+08, 1.513558e-01, 9.453499e-01, 1.478061e-01, -1.379797e+00, 2.395692e-10, 4.770761e-10, 6.759580e+01, 4.559349e-02
4.584000e+08, 1.519863e-01, 9.452984e-01, 1.420861e-01, -1.391188e+00, 2.416993e-10, 4.771163e-10, 6.770016e+01, 4.403449e-02
4.622000e+08, 1.526086e-01, 9.452491e-01, 1.363153e-01, -1.402580e+00, 2.437889e-10, 4.771574e-10, 6.780317e+01, 4.244055e-02
4.660000e+08, 1.532225e-01, 9.452019e-01, 1.304946e-01, -1.413972e+00, 2.458384e-10, 4.771992e-10, 6.790477e+01, 4.081200e-02
4.698000e+08, 1.538277e-01, 9.451569e-01, 1.246249e-01, -1.425366e+00, 2.478483e-10, 4.772415e-10, 6.800490e+01, 3.914921e-02
4.736000e+08, 1.544243e-01, 9.451138e-01, 1.187073e-01, -1.436761e+00, 2.498192e-10, 4.772843e-10, 6.810350e+01, 3.745254e-02
4.774000e+08, 1.550120e-01, 9.450726e-01, 1.127425e-01, -1.448156e+00, 2.517516e-10, 4.773273e-10, 6.820050e+01, 3.572241e-02
4.812000e+08, 1.555906e-01, 9.450333e-01, 1.067317e-01, -1.459553e+00, 2.536460e-10, 4.773704e-10, 6.829584e+01, 3.395924e-02
4.850000e+08, 1.561601e-01, 9.449957e-01, 1.006756e-01, -1.470951e+00, 2.555028e-10, 4.774136e-10, 6.838946e+01, 3.216346e-02
4.888000e+08, 1.567203e-01, 9.449598e-01, 9.457521e-02, -1.482350e+00, 2.573226e-10, 4.774566e-10, 6.848130e+01, 3.033554e-02
4.926000e+08, 1.572711e-01, 9.449256e-01, 8.843134e-02, -1.493749e+00, 2.591059e-10, 4.774994e-10, 6.857129e+01, 2.847597e-02
4.964000e+08, 1.578122e-01, 9.448928e-01, 8.224490e-02, -1.505150e+00, 2.608532e-10, 4.775418e-10, 6.865939e+01, 2.658523e-02
5.002000e+08, 1.583436e-01, 9.448616e-01, 7.601675e-02, -1.516552e+00, 2.625649e-10, 4.775837e-10, 6.874552e+01, 2.466387e-02
5.040000e+08, 1.588652e-01, 9.448317e-01, 6.974772e-02, -1.527955e+00, 2.642415e-10, 4.776250e-10, 6.882963e+01, 2.271242e-02
5.078000e+08, 1.593768e-01, 9.448032e-01, 6.343866e-02, -1.539359e+00, 2.658836e-10, 4.776657e-10, 6.891166e+01, 2.073144e-02
5.116000e+08, 1.598783e-01, 9.447760e-01, 5.709040e-02, -1.550764e+00, 2.674914e-10, 4.777055e-10, 6.899155e+01, 1.872152e-02
5.154000e+08, 1.603695e-01, 9.447500e-01, 5.070374e-02, -1.562169e+00, 2.690656e-10, 4.777446e-10, 6.906924e+01, 1.668326e-02
5.192000e+08, 1.608503e-01, 9.447252e-01, 4.427951e-02, -1.573576e+00, 2.706066e-10, 4.777827e-10, 6.914468e+01, 1.461727e-02
5.230000e+08, 1.613207e-01, 9.447015e-01, 3.781847e-02, -1.584984e+00, 2.721147e-10, 4.778197e-10, 6.921781e+01, 1.252419e-02
5.268000e+08, 1.617804e-01, 9.446789e-01, 3.132144e-02, -1.596392e+00, 2.735905e-10, 4.778557e-10, 6.928859e+01, 1.040469e-02
5.306000e+08, 1.622295e-01, 9.446573e-01, 2.478916e-02, -1.607801e+00, 2.750343e-10, 4.778906e-10, 6.935694e+01, 8.259432e-03
5.344000e+08, 1.626676e-01, 9.446367e-01, 1.822241e-02, -1.619212e+00, 2.764467e-10, 4.779242e-10, 6.942283e+01, 6.089114e-03
5.382000e+08, 1.630948e-01, 9.446170e-01, 1.162194e-02, -1.630623e+00, 2.778279e-10, 4.779566e-10, 6.948619e+01, 3.894445e-03
5.420000e+08, 1.635110e-01, 9.445982e-01, 4.988496e-03, -1.642034e+00, 2.791784e-10, 4.779876e-10, 6.954699e+01, 1.676153e-03
5.458000e+08, 1.639159e-01, 9.445802e-01, -1.677196e-03, -1.653447e+00, 2.804986e-10, 4.780174e-10, 6.960517e+01, -5.650192e-04
5.496000e+08, 1.643096e-01, 9.445631e-01, -8.374409e-03, -1.664860e+00, 2.817888e-10, 4.780457e-10, 6.966067e+01, -2.828310e-03
5.534000e+08, 1.646919e-01, 9.445467e-01, -1.510243e-02, -1.676274e+00, 2.830496e-10, 4.780726e-10, 6.971347e+01, -5.112944e-03
5.572000e+08, 1.650627e-01, 9.445311e-01, -2.186055e-02, -1.687688e+00, 2.842811e-10, 4.780980e-10, 6.976350e+01, -7.418130e-03
5.610000e+08, 1.654220e-01, 9.445162e-01, -2.864808e-02, -1.699103e+00, 2.854839e-10, 4.781220e-10, 6.981074e+01, -9.743059e-03
5.648000e+08, 1.657695e-01, 9.445020e-01, -3.546432e-02, -1.710519e+00, 2.866582e-10, 4.781445e-10, 6.985512e+01, -1.208691e-02
5.686000e+08, 1.661052e-01, 9.444885e-01, -4.230860e-02, -1.721935e+00, 2.878044e-10, 4.781654e-10, 6.989663e+01, -1.444885e-02
5.724000e+08, 1.664291e-01, 9.444756e-01, -4.918025e-02, -1.733352e+00, 2.889228e-10, 4.781849e-10, 6.993520e+01, -1.682802e-02
5.762000e+08, 1.667410e-01, 9.444634e-01, -5.607860e-02, -1.744769e+00, 2.900137e-10, 4.782028e-10, 6.997082e+01, -1.922357e-02
5.800000e+08, 1.670409e-01, 9.444517e-01, -6.300300e-02, -1.756187e+00, 2.910776e-10, 4.782192e-10, 7.000343e+01, -2.163461e-02
5.838000e+08, 1.673286e-01, 9.444406e-01, -6.995279e-02, -1.767605e+00, 2.921146e-10, 4.782341e-10, 7.003302e+01, -2.406027e-02
5.876000e+08, 1.676041e-01, 9.444302e-01, -7.692735e-02, -1.779023e+00, 2.931251e-10, 4.782474e-10, 7.005954e+01, -2.649963e-02
5.914000e+08, 1.678673e-01, 9.444203e-01, -8.392604e-02, -1.790442e+00, 2.941094e-10, 4.782593e-10, 7.008296e+01, -2.895179e-02
5.952000e+08, 1.681181e-01, 9.444109e-01, -9.094823e-02, -1.801861e+00, 2.950678e-10, 4.782697e-10, 7.010326e+01, -3.141583e-02
5.990000e+08, 1.683564e-01, 9.444021e-01, -9.799330e-02, -1.813280e+00, 2.960005e-10, 4.782786e-10, 7.012041e+01, -3.389081e-02
6.028000e+08, 1.685822e-01, 9.443939e-01, -1.050606e-01, -1.824700e+00, 2.969078e-10, 4.782861e-10, 7.013438e+01, -3.637579e-02
6.066000e+08, 1.687954e-01, 9.443862e-01, -1.121496e-01, -1.836119e+00, 2.977900e-10, 4.782921e-10, 7.014515e+01, -3.886982e-02
6.104000e+08, 1.689959e-01, 9.443790e-01, -1.192597e-01, -1.847539e+00, 2.986472e-10, 4.782968e-10, 7.015271e+01, -4.137195e-02
6.142000e+08, 1.691837e-01, 9.443725e-01, -1.263902e-01, -1.858959e+00, 2.994799e-10, 4.783001e-10, 7.015702e+01, -4.388120e-02
6.180000e+08, 1.693586e-01, 9.443664e-01, -1.335406e-01, -1.870379e+00, 3.002881e-10, 4.783020e-10, 7.015808e+01, -4.639660e-02
6.218000e+08, 1.695207e-01, 9.443609e-01, -1.407104e-01, -1.881799e+00, 3.010721e-10, 4.783027e-10, 7.015587e+01, -4.891717e-02
6.256000e+08, 1.696698e-01, 9.443560e-01, -1.478988e-01, -1.893219e+00, 3.018321e-10, 4.783022e-10, 7.015037e+01, -5.144192e-02
6.294000e+08, 1.698059e-01, 9.443517e-01, -1.551054e-01, -1.904639e+00, 3.025683e-10, 4.783004e-10, 7.014158e+01, -5.396987e-02
6.332000e+08, 1.699289e-01, 9.443479e-01, -1.623295e-01, -1.916059e+00, 3.032810e-10, 4.782975e-10, 7.012948e+01, -5.650000e-02
6.370000e+08, 1.700388e-01, 9.443447e-01, -1.695707e-01, -1.927479e+00, 3.039702e-10, 4.782935e-10, 7.011407e+01, -5.903132e-02
6.408000e+08, 1.701355e-01, 9.443422e-01, -1.768283e-01, -1.938898e+00, 3.046361e-10, 4.782885e-10, 7.009535e+01, -6.156283e-02
6.446000e+08, 1.702190e-01, 9.443403e-01, -1.841018e-01, -1.950318e+00, 3.052790e-10, 4.782824e-10, 7.007331e+01, -6.409352e-02
6.484000e+08, 1.702892e-01, 9.443390e-01, -1.913907e-01, -1.961738e+00, 3.058989e-10, 4.782754e-10, 7.004795e+01, -6.662237e-02
6.522000e+08, 1.703461e-01, 9.443384e-01, -1.986944e-01, -1.973157e+00, 3.064961e-10, 4.782675e-10, 7.001928e+01, -6.914838e-02
6.560000e+08, 1.703895e-01, 9.443384e-01, -2.060123e-01, -1.984576e+00, 3.070706e-10, 4.782588e-10, 6.998729e+01, -7.167053e-02
6.598000e+08, 1.704196e-01, 9.443392e-01, -2.133440e-01, -1.995995e+00, 3.076225e-10, 4.782494e-10, 6.995200e+01, -7.418780e-02
6.636000e+08, 1.704362e-01, 9.443407e-01, -2.206888e-01, -2.007414e+00, 3.081520e-10, 4.782392e-10, 6.991340e+01, -7.669918e-02
6.674000e+08, 1.704393e-01, 9.443429e-01, -2.280463e-01, -2.018832e+00, 3.086592e-10, 4.782283e-10, 6.987152e+01, -7.920367e-02
6.712000e+08, 1.704288e-01, 9.443459e-01, -2.354158e-01, -2.030250e+00, 3.091442e-10, 4.782169e-10, 6.982637e+01, -8.170024e-02
6.750000e+08, 1.704048e-01, 9.443497e-01, -2.427970e-01, -2.041668e+00, 3.096069e-10, 4.782050e-10, 6.977795e+01, -8.418789e-02
6.788000e+08, 1.703671e-01, 9.443543e-01, -2.501892e-01, -2.053086e+00, 3.100476e-10, 4.781927e-10, 6.972628e+01, -8.666561e-02
6.826000e+08, 1.703158e-01, 9.443598e-01, -2.575919e-01, -2.064503e+00, 3.104662e-10, 4.781800e-10, 6.967139e+01, -8.913239e-02
6.864000e+08, 1.702508e-01, 9.443661e-01, -2.650047e-01, -2.075921e+00, 3.108629e-10, 4.781669e-10, 6.961329e+01, -9.158724e-02
6.902000e+08, 1.701721e-01, 9.443733e-01, -2.724268e-01, -2.087337e+00, 3.112375e-10, 4.781537e-10, 6.955201e+01, -9.402916e-02
6.940000e+08, 1.700796e-01, 9.443815e-01, -2.798580e-01, -2.098754e+00, 3.115902e-10, 4.781402e-10, 6.948756e+01, -9.645715e-02
6.978000e+08, 1.699734e-01, 9.443906e-01, -2.872975e-01, -2.110170e+00, 3.119210e-10, 4.781267e-10, 6.941999e+01, -9.887024e-02
7.016000e+08, 1.698534e-01, 9.444007e-01, -2.947450e-01, -2.121586e+00, 3.122298e-10, 4.781131e-10, 6.934930e+01, -1.012674e-01
7.054000e+08, 1.697196e-01, 9.444118e-01, -3.021998e-01, -2.133001e+00, 3.125166e-10, 4.780996e-10, 6.927554e+01, -1.036478e-01
7.092000e+08, 1.695719e-01, 9.444240e-01, -3.096615e-01, -2.144416e+00, 3.127815e-10, 4.780862e-10, 6.919874e+01, -1.060103e-01
7.130000e+08, 1.694104e-01, 9.444372e-01, -3.171295e-01, -2.155831e+00, 3.130243e-10, 4.780730e-10, 6.911893e+01, -1.083540e-01
7.168000e+08, 1.692350e-01, 9.444516e-01, -3.246033e-01, -2.167246e+00, 3.132450e-10, 4.780601e-10, 6.903614e+01, -1.106780e-01
7.206000e+08, 1.690458e-01, 9.444671e-01, -3.320824e-01, -2.178660e+00, 3.134435e-10, 4.780475e-10, 6.895041e+01, -1.129812e-01
7.244000e+08, 1.688426e-01, 9.444837e-01, -3.395662e-01, -2.190074e+00, 3.136198e-10, 4.780353e-10, 6.886178e+01, -1.152629e-01
7.282000e+08, 1.686256e-01, 9.445016e-01, -3.470542e-01, -2.201487e+00, 3.137737e-10, 4.780236e-10, 6.877030e+01, -1.175220e-01
7.320000e+08, 1.683946e-01, 9.445207e-01, -3.545459e-01, -2.212901e+00, 3.139052e-10, 4.780124e-10, 6.867600e+01, -1.197577e-01
7.358000e+08, 1.681497e-01, 9.445410e-01, -3.620407e-01, -2.224314e+00, 3.140140e-10, 4.780019e-10, 6.857892e+01, -1.219690e-01
7.396000e+08, 1.678909e-01, 9.445627e-01, -3.695382e-01, -2.235727e+00, 3.141002e-10, 4.779920e-10, 6.847912e+01, -1.241551e-01
7.434000e+08, 1.676181e-01, 9.445857e-01, -3.770377e-01, -2.247139e+00, 3.141634e-10, 4.779829e-10, 6.837663e+01, -1.263150e-01
7.472000e+08, 1.673315e-01, 9.446100e-01, -3.845387e-01, -2.258552e+00, 3.142035e-10, 4.779746e-10, 6.827151e+01, -1.284479e-01
7.510000e+08, 1.670308e-01, 9.446357e-01, -3.920406e-01, -2.269964e+00, 3.142203e-10, 4.779672e-10, 6.816381e+01, -1.305530e-01
7.548000e+08, 1.667163e-01, 9.446628e-01, -3.995430e-01, -2.281376e+00, 3.142137e-10, 4.779608e-10, 6.805356e+01, -1.326293e-01
7.586000e+08, 1.663878e-01, 9.446914e-01, -4.070452e-01, -2.292788e+00, 3.141833e-10, 4.779554e-10, 6.794084e+01, -1.346761e-01
7.624000e+08, 1.660455e-01, 9.447214e-01, -4.145466e-01, -2.304199e+00, 3.141290e-10, 4.779511e-10, 6.782569e+01, -1.366926e-01
7.662000e+08, 1.656892e-01, 9.447529e-01, -4.220468e-01, -2.315611e+00, 3.140504e-10, 4.779479e-10, 6.770816e+01, -1.386778e-01
7.700000e+08, 1.653189e-01, 9.447860e-01, -4.295451e-01, -2.327022e+00, 3.139473e-10, 4.779459e-10, 6.758830e+01, -1.406311e-01
7.738000e+08, 1.649348e-01, 9.448206e-01, -4.370410e-01, -2.338434e+00, 3.138194e-10, 4.779453e-10, 6.746619e+01, -1.425517e-01
7.776000e+08, 1.645369e-01, 9.448568e-01, -4.445337e-01, -2.349845e+00, 3.136663e-10, 4.779459e-10, 6.734186e+01, -1.444387e-01
7.814000e+08, 1.641250e-01, 9.448946e-01, -4.520229e-01, -2.361257e+00, 3.134877e-10, 4.779480e-10, 6.721539e+01, -1.462915e-01
7.852000e+08, 1.636993e-01, 9.449340e-01, -4.595077e-01, -2.372668e+00, 3.132832e-10, 4.779515e-10, 6.708682e+01, -1.481092e-01
7.890000e+08, 1.632598e-01, 9.449751e-01, -4.669877e-01, -2.384080e+00, 3.130525e-10, 4.779565e-10, 6.695622e+01, -1.498913e-01
7.928000e+08, 1.628065e-01, 9.450178e-01, -4.744622e-01, -2.395492e+00, 3.127951e-10, 4.779630e-10, 6.682365e+01, -1.516369e-01
7.966000e+08, 1.623393e-01, 9.450622e-01, -4.819305e-01, -2.406904e+00, 3.125105e-10, 4.779712e-10, 6.668917e+01, -1.533454e-01
8.004000e+08, 1.618584e-01, 9.451084e-01, -4.893921e-01, -2.418316e+00, 3.121984e-10, 4.779811e-10, 6.655284e+01, -1.550161e-01
8.042000e+08, 1.613638e-01, 9.451563e-01, -4.968461e-01, -2.429728e+00, 3.118581e-10, 4.779926e-10, 6.641473e+01, -1.566484e-01
8.080000e+08, 1.608554e-01, 9.452059e-01, -5.042921e-01, -2.441141e+00, 3.114893e-10, 4.780060e-10, 6.627489e+01, -1.582415e-01
8.118000e+08, 1.603334e-01, 9.452573e-01, -5.117292e-01, -2.452554e+00, 3.110912e-10, 4.780211e-10, 6.613339e+01, -1.597949e-01
8.156000e+08, 1.597977e-01, 9.453105e-01, -5.191569e-01, -2.463967e+00, 3.106635e-10, 4.780381e-10, 6.599030e+01, -1.613080e-01
8.194000e+08, 1.592484e-01, 9.453655e-01, -5.265743e-01, -2.475381e+00, 3.102053e-10, 4.780569e-10, 6.584568e+01, -1.627802e-01
8.232000e+08, 1.586855e-01, 9.454223e-01, -5.339808e-01, -2.486795e+00, 3.097162e-10, 4.780777e-10, 6.569959e+01, -1.642109e-01
8.270000e+08, 1.581090e-01, 9.454810e-01, -5.413756e-01, -2.498209e+00, 3.091954e-10, 4.781005e-10, 6.555210e+01, -1.655995e-01
8.308000e+08, 1.575191e-01, 9.455415e-01, -5.487580e-01, -2.509625e+00, 3.086422e-10, 4.781253e-10, 6.540327e+01, -1.669455e-01
8.346000e+08, 1.569156e-01, 9.456038e-01, -5.561272e-01, -2.521040e+00, 3.080559e-10, 4.781521e-10, 6.525317e+01, -1.682483e-01
8.384000e+08, 1.562988e-01, 9.456680e-01, -5.634824e-01, -2.532457e+00, 3.074357e-10, 4.781811e-10, 6.510187e+01, -1.695075e-01
8.422000e+08, 1.556685e-01, 9.457341e-01, -5.708227e-01, -2.543874e+00, 3.067807e-10, 4.782121e-10, 6.494944e+01, -1.707225e-01
8.460000e+08, 1.550249e-01, 9.458021e-01, -5.781475e-01, -2.555292e+00, 3.060902e-10, 4.782452e-10, 6.479592e+01, -1.718930e-01
8.498000e+08, 1.543680e-01, 9.458719e-01, -5.854557e-01, -2.566710e+00, 3.053632e-10, 4.782805e-10, 6.464141e+01, -1.730183e-01
8.536000e+08, 1.536979e-01, 9.459436e-01, -5.927466e-01, -2.578130e+00, 3.045987e-10, 4.783180e-10, 6.448595e+01, -1.740982e-01
8.574000e+08, 1.530146e-01, 9.460172e-01, -6.000192e-01, -2.589550e+00, 3.037958e-10, 4.783577e-10, 6.432962e+01, -1.751321e-01
8.612000e+08, 1.523182e-01, 9.460926e-01, -6.072727e-01, -2.600971e+00, 3.029534e-10, 4.783996e-10, 6.417248e+01, -1.761196e-01
8.650000e+08, 1.516086e-01, 9.461700e-01, -6.145060e-01, -2.612394e+00, 3.020704e-10, 4.784438e-10, 6.401461e+01, -1.770604e-01
8.688000e+08, 1.508861e-01, 9.462492e-01, -6.217183e-01, -2.623817e+00, 3.011457e-10, 4.784903e-10, 6.385605e+01, -1.779542e-01
8.726000e+08, 1.501506e-01, 9.463303e-01, -6.289085e-01, -2.635242e+00, 3.001781e-10, 4.785390e-10, 6.369689e+01, -1.788004e-01
8.764000e+08, 1.494022e-01, 9.464133e-01, -6.360756e-01, -2.646667e+00, 2.991663e-10, 4.785900e-10, 6.353718e+01, -1.795989e-01
8.802000e+08, 1.486410e-01, 9.464981e-01, -6.432185e-01, -2.658094e+00, 2.981090e-10, 4.786433e-10, 6.337700e+01, -1.803492e-01
8.840000e+08, 1.478670e-01, 9.465848e-01, -6.503362e-01, -2.669522e+00, 2.970048e-10, 4.786989e-10, 6.321640e+01, -1.810512e-01
8.878000e+08, 1.470803e-01, 9.466733e-01, -6.574275e-01, -2.680952e+00, 2.958523e-10, 4.787568e-10, 6.305545e+01, -1.817044e-01
8.916000e+08, 1.462809e-01, 9.467637e-01, -6.644913e-01, -2.692383e+00, 2.946500e-10, 4.788170e-10, 6.289422e+01, -1.823087e-01
8.954000e+08, 1.454691e-01, 9.468559e-01, -6.715264e-01, -2.703815e+00, 2.933962e-10, 4.788795e-10, 6.273277e+01, -1.828638e-01
8.992000e+08, 1.446447e-01, 9.469498e-01, -6.785315e-01, -2.715249e+00, 2.920893e-10, 4.789444e-10, 6.257117e+01, -1.833695e-01
9.030000e+08, 1.438080e-01, 9.470456e-01, -6.855055e-01, -2.726684e+00, 2.907276e-10, 4.790115e-10, 6.240948e+01, -1.838255e-01
9.068000e+08, 1.429589e-01, 9.471431e-01, -6.924469e-01, -2.738121e+00, 2.893091e-10, 4.790809e-10, 6.224775e+01, -1.842317e-01
9.106000e+08, 1.420977e-01, 9.472424e-01, -6.993545e-01, -2.749560e+00, 2.878321e-10, 4.791527e-10, 6.208607e+01, -1.845879e-01
9.144000e+08, 1.412242e-01, 9.473434e-01, -7.062268e-01, -2.761000e+00, 2.862944e-10, 4.792267e-10, 6.192448e+01, -1.848940e-01
9.182000e+08, 1.403387e-01, 9.474460e-01, -7.130624e-01, -2.772442e+00, 2.846940e-10, 4.793030e-10, 6.176305e+01, -1.851497e-01
9.220000e+08, 1.394413e-01, 9.475504e-01, -7.198598e-01, -2.783886e+00, 2.830287e-10, 4.793815e-10, 6.160184e+01, -1.853551e-01
9.258000e+08, 1.385320e-01, 9.476564e-01, -7.266174e-01, -2.795332e+00, 2.812960e-10, 4.794623e-10, 6.144091e+01, -1.855099e-01
9.296000e+08, 1.376109e-01, 9.477640e-01, -7.333337e-01, -2.806779e+00, 2.794937e-10, 4.795453e-10, 6.128033e+01, -1.856141e-01
9.334000e+08, 1.366781e-01, 9.478733e-01, -7.400069e-01, -2.818229e+00, 2.776190e-10, 4.796304e-10, 6.112015e+01, -1.856677e-01
9.372000e+08, 1.357337e-01, 9.479840e-01, -7.466353e-01, -2.829681e+00, 2.756694e-10, 4.797178e-10, 6.096043e+01, -1.856705e-01
9.410000e+08, 1.347779e-01, 9.480963e-01, -7.532173e-01, -2.841134e+00, 2.736419e-10, 4.798073e-10, 6.080123e+01, -1.856227e-01
9.448000e+08, 1.338107e-01, 9.482101e-01, -7.597508e-01, -2.852590e+00, 2.715337e-10, 4.798989e-10, 6.064261e+01, -1.855241e-01
9.486000e+08, 1.328323e-01, 9.483253e-01, -7.662339e-01, -2.864048e+00, 2.693415e-10, 4.799925e-10, 6.048464e+01, -1.853747e-01
9.524000e+08, 1.318427e-01, 9.484420e-01, -7.726648e-01, -2.875509e+00, 2.670622e-10, 4.800883e-10, 6.032736e+01, -1.851747e-01
9.562000e+08, 1.308421e-01, 9.485600e-01, -7.790412e-01, -2.886971e+00, 2.646922e-10, 4.801860e-10, 6.017083e+01, -1.849239e-01
9.600000e+08, 1.298307e-01, 9.486794e-01, -7.853610e-01, -2.898436e+00, 2.622280e-10, 4.802858e-10, 6.001511e+01, -1.846226e-01
9.638000e+08, 1.288084e-01, 9.488001e-01, -7.916220e-01, -2.909904e+00, 2.596657e-10, 4.803874e-10, 5.986025e+01, -1.842708e-01
9.676000e+08, 1.277755e-01, 9.489220e-01, -7.978218e-01, -2.921374e+00, 2.570013e-10, 4.804910e-10, 5.970631e+01, -1.838686e-01
9.714000e+08, 1.267321e-01, 9.490451e-01, -8.039580e-01, -2.932846e+00, 2.542306e-10, 4.805964e-10, 5.955335e+01, -1.834161e-01
9.752000e+08, 1.256783e-01, 9.491693e-01, -8.100280e-01, -2.944321e+00, 2.513491e-10, 4.807037e-10, 5.940141e+01, -1.829134e-01
9.790000e+08, 1.246143e-01, 9.492947e-01, -8.160292e-01, -2.955798e+00, 2.483521e-10, 4.808127e-10, 5.925056e+01, -1.823608e-01
9.828000e+08, 1.235402e-01, 9.494211e-01, -8.219589e-01, -2.967278e+00, 2.452347e-10, 4.809234e-10, 5.910084e+01, -1.817583e-01
9.866000e+08, 1.224562e-01, 9.495486e-01, -8.278142e-01, -2.978760e+00, 2.419918e-10, 4.810358e-10, 5.895230e+01, -1.811063e-01
9.904000e+08, 1.213623e-01, 9.496770e-01, -8.335920e-01, -2.990246e+00, 2.386177e-10, 4.811498e-10, 5.880500e+01, -1.804048e-01
9.942000e+08, 1.202589e-01, 9.498063e-01, -8.392892e-01, -3.001734e+00, 2.351068e-10, 4.812653e-10, 5.865899e+01, -1.796541e-01
9.980000e+08, 1.191459e-01, 9.499364e-01, -8.449027e-01, -3.013224e+00, 2.314528e-10, 4.813824e-10, 5.851432e+01, -1.788546e-01
1.001800e+09, 1.180237e-01, 9.500674e-01, -8.504289e-01, -3.024718e+00, 2.276494e-10, 4.815009e-10, 5.837103e+01, -1.780064e-01
1.005600e+09, 1.168923e-01, 9.501990e-01, -8.558642e-01, -3.036214e+00, 2.236898e-10, 4.816208e-10, 5.822918e+01, -1.771098e-01
1.009400e+09, 1.157520e-01, 9.503314e-01, -8.612051e-01, -3.047714e+00, 2.195667e-10, 4.817419e-10, 5.808881e+01, -1.761652e-01
1.013200e+09, 1.146029e-01, 9.504643e-01, -8.664475e-01, -3.059216e+00, 2.152725e-10, 4.818644e-10, 5.794997e+01, -1.751729e-01
1.017000e+09, 1.134452e-01, 9.505978e-01, -8.715874e-01, -3.070721e+00, 2.107994e-10, 4.819880e-10, 5.781271e+01, -1.741333e-01
1.020800e+09, 1.122791e-01, 9.507318e-01, -8.766204e-01, -3.082229e+00, 2.061386e-10, 4.821128e-10, 5.767707e+01, -1.730466e-01
1.024600e+09, 1.111049e-01, 9.508662e-01, -8.815422e-01, -3.093740e+00, 2.012814e-10, 4.822386e-10, 5.754310e+01, -1.719133e-01
1.028400e+09, 1.099227e-01, 9.510010e-01, -8.863480e-01, -3.105254e+00, 1.962181e-10, 4.823654e-10, 5.741084e+01, -1.707338e-01
1.032200e+09, 1.087327e-01, 9.511361e-01, -8.910329e-01, -3.116771e+00, 1.909388e-10, 4.824931e-10, 5.728034e+01, -1.695086e-01
1.036000e+09, 1.075352e-01, 9.512714e-01, -8.955918e-01, -3.128291e+00, 1.854327e-10, 4.826217e-10, 5.715164e+01, -1.682380e-01
1.039800e+09, 1.063303e-01, 9.514069e-01, -9.000192e-01, -3.139814e+00, 1.796887e-10, 4.827510e-10, 5.702479e+01, -1.669225e-01
1.043600e+09, 1.051184e-01, 9.515425e-01, -9.043095e-01, 3.131845e+00, 1.736949e-10, 4.828810e-10, 5.689982e+01, -1.655626e-01
1.047400e+09, 1.038997e-01, 9.516781e-01, -9.084567e-01, 3.120316e+00, 1.674385e-10, 4.830116e-10, 5.677677e+01, -1.641589e-01
1.051200e+09, 1.026744e-01, 9.518136e-01, -9.124544e-01, 3.108784e+00, 1.609062e-10, 4.831427e-10, 5.665570e+01, -1.627118e-01
1.055000e+09, 1.014428e-01, 9.519491e-01, -9.162962e-01, 3.097248e+00, 1.540839e-10, 4.832743e-10, 5.653663e+01, -1.612218e-01
1.058800e+09, 1.002052e-01, 9.520843e-01, -9.199752e-01, 3.085709e+00, 1.469564e-10, 4.834063e-10, 5.641960e+01, -1.596896e-01
1.062600e+09, 9.896183e-02, 9.522193e-01, -9.234839e-01, 3.074167e+00, 1.395079e-10, 4.835385e-10, 5.630466e+01, -1.581157e-01
1.066400e+09, 9.771304e-02, 9.523540e-01, -9.268148e-01, 3.062622e+00, 1.317214e-10, 4.836710e-10, 5.619185e+01, -1.565007e-01
1.070200e+09, 9.645912e-02, 9.524883e-01, -9.299598e-01, 3.051074e+00, 1.235791e-10, 4.838036e-10, 5.608119e+01, -1.548453e-01
1.074000e+09, 9.520040e-02, 9.526221e-01, -9.329104e-01, 3.039523e+00, 1.150619e-10, 4.839362e-10, 5.597272e+01, -1.531500e-01
1.077800e+09, 9.393721e-02, 9.527553e-01, -9.356576e-01, 3.027968e+00, 1.061497e-10, 4.840688e-10, 5.586649e+01, -1.514155e-01
1.081600e+09, 9.266990e-02, 9.528880e-01, -9.381921e-01, 3.016411e+00, 9.682114e-11, 4.842012e-10, 5.576253e+01, -1.496425e-01
1.085400e+09, 9.139884e-02, 9.530199e-01, -9.405038e-01, 3.004850e+00, 8.705359e-11, 4.843334e-10, 5.566087e+01, -1.478317e-01
1.089200e+09, 9.012442e-02, 9.531511e-01, -9.425823e-01, 2.993286e+00, 7.682307e-11, 4.844653e-10, 5.556154e+01, -1.459837e-01
1.093000e+09, 8.884703e-02, 9.532814e-01, -9.444165e-01, 2.981719e+00, 6.610418e-11, 4.845968e-10, 5.546458e+01, -1.440994e-01
1.096800e+09, 8.756709e-02, 9.534108e-01, -9.459948e-01, 2.970148e+00, 5.487003e-11, 4.847279e-10, 5.537002e+01, -1.421795e-01
1.100600e+09, 8.628505e-02, 9.535393e-01, -9.473049e-01, 2.958575e+00, 4.309216e-11, 4.848583e-10, 5.527789e+01, -1.402247e-01
1.104400e+09, 8.500135e-02, 9.536666e-01, -9.483338e-01, 2.946998e+00, 3.074048e-11, 4.849881e-10, 5.518822e+01, -1.382358e-01
1.108200e+09, 8.371649e-02, 9.537928e-01, -9.490678e-01, 2.935419e+00, 1.778320e-11, 4.851172e-10, 5.510104e+01, -1.362136e-01
1.112000e+09, 8.243097e-02, 9.539178e-01, -9.494923e-01, 2.923836e+00, 4.186788e-12, 4.852454e-10, 5.501639e+01, -1.341589e-01
1.115800e+09, 8.114533e-02, 9.540415e-01, -9.495923e-01, 2.912250e+00, -1.008411e-11, 4.853727e-10, 5.493428e+01, -1.320727e-01
1.119600e+09, 7.986013e-02, 9.541639e-01, -9.493515e-01, 2.900662e+00, -2.506669e-11, 4.854990e-10, 5.485475e+01, -1.299556e-01
1.123400e+09, 7.857595e-02, 9.542848e-01, -9.487530e-01, 2.889070e+00, -4.080002e-11, 4.856241e-10, 5.477783e+01, -1.278086e-01
1.127200e+09, 7.729342e-02, 9.544041e-01, -9.477789e-01, 2.877475e+00, -5.732503e-11, 4.857481e-10, 5.470354e+01, -1.256327e-01
1.131000e+09, 7.601321e-02, 9.545219e-01, -9.464102e-01, 2.865877e+00, -7.468451e-11, 4.858708e-10, 5.463190e+01, -1.234286e-01
1.134800e+09, 7.473599e-02, 9.546381e-01, -9.446270e-01, 2.854276e+00, -9.292305e-11, 4.859921e-10, 5.456295e+01, -1.211973e-01
1.138600e+09, 7.346251e-02, 9.547525e-01, -9.424084e-01, 2.842673e+00, -1.120869e-10, 4.861119e-10, 5.449671e+01, -1.189397e-01
1.142400e+09, 7.219355e-02, 9.548651e-01, -9.397322e-01, 2.831066e+00, -1.322240e-10, 4.862303e-10, 5.443319e+01, -1.166569e-01
1.146200e+09, 7.092992e-02, 9.549758e-01, -9.365752e-01, 2.819457e+00, -1.533833e-10, 4.863470e-10, 5.437243e+01, -1.143496e-01
1.150000e+09, 6.967249e-02, 9.550846e-01, -9.329130e-01, 2.807845e+00, -1.756152e-10, 4.864619e-10, 5.431444e+01, -1.120191e-01
1.153800e+09, 6.842220e-02, 9.551914e-01, -9.287200e-01, 2.796230e+00, -1.989705e-10, 4.865751e-10, 5.425924e+01, -1.096661e-01
1.157600e+09, 6.718001e-02, 9.552961e-01, -9.239693e-01, 2.784613e+00, -2.235002e-10, 4.866864e-10, 5.420686e+01, -1.072918e-01
1.161400e+09, 6.594696e-02, 9.553987e-01, -9.186330e-01, 2.772993e+00, -2.492549e-10, 4.867957e-10, 5.415732e+01, -1.048971e-01
1.165200e+09, 6.472417e-02, 9.554990e-01, -9.126818e-01, 2.761370e+00, -2.762839e-10, 4.869030e-10, 5.411063e+01, -1.024832e-01
1.169000e+09, 6.351279e-02, 9.555971e-01, -9.060852e-01, 2.749744e+00, -3.046341e-10, 4.870082e-10, 5.406682e+01, -1.000510e-01
1.172800e+09, 6.231408e-02, 9.556928e-01, -8.988117e-01, 2.738117e+00, -3.343493e-10, 4.871112e-10, 5.402589e+01, -9.760156e-02
1.176600e+09, 6.112934e-02, 9.557862e-01, -8.908288e-01, 2.726486e+00, -3.654681e-10, 4.872119e-10, 5.398787e+01, -9.513603e-02
1.180400e+09, 5.995999e-02, 9.558770e-01, -8.821028e-01, 2.714853e+00, -3.980226e-10, 4.873102e-10, 5.395277e+01, -9.265547e-02
1.184200e+09, 5.880751e-02, 9.559654e-01, -8.725996e-01, 2.703218e+00, -4.320364e-10, 4.874062e-10, 5.392061e+01, -9.016096e-02
1.188000e+09, 5.767347e-02, 9.560511e-01, -8.622843e-01, 2.691581e+00, -4.675218e-10, 4.874996e-10, 5.389140e+01, -8.765363e-02
1.191800e+09, 5.655955e-02, 9.561342e-01, -8.511217e-01, 2.679941e+00, -5.044775e-10, 4.875905e-10, 5.386516e+01, -8.513457e-02
1.195600e+09, 5.546751e-02, 9.562146e-01, -8.390767e-01, 2.668300e+00, -5.428854e-10, 4.876787e-10, 5.384189e+01, -8.260492e-02
1.199400e+09, 5.439922e-02, 9.562923e-01, -8.261147e-01, 2.656656e+00, -5.827068e-10, 4.877642e-10, 5.382161e+01, -8.006581e-02
1.203200e+09, 5.335665e-02, 9.563671e-01, -8.122019e-01, 2.645010e+00, -6.238789e-10, 4.878470e-10, 5.380434e+01, -7.751838e-02
1.207000e+09, 5.234187e-02, 9.564391e-01, -7.973061e-01, 2.633362e+00, -6.663105e-10, 4.879270e-10, 5.379007e+01, -7.496379e-02
1.210800e+09, 5.135705e-02, 9.565082e-01, -7.813972e-01, 2.621712e+00, -7.098775e-10, 4.880040e-10, 5.377882e+01, -7.240319e-02
1.214600e+09, 5.040448e-02, 9.565743e-01, -7.644481e-01, 2.610061e+00, -7.544191e-10, 4.880781e-10, 5.377060e+01, -6.983775e-02
1.218400e+09, 4.948651e-02, 9.566374e-01, -7.464355e-01, 2.598407e+00, -7.997329e-10, 4.881493e-10, 5.376541e+01, -6.726863e-02
1.222200e+09, 4.860561e-02, 9.566974e-01, -7.273410e-01, 2.586752e+00, -8.455716e-10, 4.882174e-10, 5.376326e+01, -6.469701e-02
1.226000e+09, 4.776431e-02, 9.567544e-01, -7.071521e-01, 2.575095e+00, -8.916395e-10, 4.882823e-10, 5.376417e+01, -6.212408e-02
1.229800e+09, 4.696520e-02, 9.568082e-01, -6.858632e-01, 2.563437e+00, -9.375911e-10, 4.883442e-10, 5.376812e+01, -5.955101e-02
1.233600e+09, 4.621093e-02, 9.568589e-01, -6.634772e-01, 2.551777e+00, -9.830308e-10, 4.884028e-10, 5.377514e+01, -5.697900e-02
1.237400e+09, 4.550417e-02, 9.569064e-01, -6.400062e-01, 2.540116e+00, -1.027514e-09, 4.884582e-10, 5.378521e+01, -5.440924e-02
1.241200e+09, 4.484758e-02, 9.569506e-01, -6.154732e-01, 2.528454e+00, -1.070554e-09, 4.885104e-10, 5.379834e+01, -5.184292e-02
1.245000e+09, 4.424380e-02, 9.569915e-01, -5.899125e-01, 2.516790e+00, -1.111624e-09, 4.885592e-10, 5.381454e+01, -4.928123e-02
1.248800e+09, 4.369540e-02, 9.570291e-01, -5.633713e-01, 2.505125e+00, -1.150175e-09, 4.886047e-10, 5.383381e+01, -4.672538e-02
1.252600e+09, 4.320485e-02, 9.570634e-01, -5.359096e-01, 2.493459e+00, -1.185642e-09, 4.886468e-10, 5.385614e+01, -4.417657e-02
1.256400e+09, 4.277448e-02, 9.570943e-01, -5.076011e-01, 2.481792e+00, -1.217466e-09, 4.886855e-10, 5.388153e+01, -4.163598e-02
1.260200e+09, 4.240644e-02, 9.571218e-01, -4.785327e-01, 2.470124e+00, -1.245111e-09, 4.887207e-10, 5.390999e+01, -3.910481e-02
1.264000e+09, 4.210265e-02, 9.571460e-01, -4.488043e-01, 2.458455e+00, -1.268082e-09, 4.887525e-10, 5.394150e+01, -3.658427e-02
1.267800e+09, 4.186478e-02, 9.571666e-01, -4.185275e-01, 2.446786e+00, -1.285949e-09, 4.887808e-10, 5.397607e+01, -3.407554e-02
1.271600e+09, 4.169419e-02, 9.571838e-01, -3.878240e-01, 2.435116e+00, -1.298363e-09, 4.888056e-10, 5.401369e+01, -3.157981e-02
1.275400e+09, 4.159193e-02, 9.571976e-01, -3.568242e-01, 2.423445e+00, -1.305075e-09, 4.888269e-10, 5.405436e+01, -2.909828e-02
1.279200e+09, 4.155868e-02, 9.572078e-01, -3.256640e-01, 2.411774e+00, -1.305946e-09, 4.888447e-10, 5.409806e+01, -2.663211e-02
1.283000e+09, 4.159477e-02, 9.572146e-01, -2.944832e-01, 2.400102e+00, -1.300954e-09, 4.888589e-10, 5.414480e+01, -2.418251e-02
1.286800e+09, 4.170015e-02, 9.572178e-01, -2.634214e-01, 2.388430e+00, -1.290196e-09, 4.888696e-10, 5.419455e+01, -2.175062e-02
1.290600e+09, 4.187438e-02, 9.572176e-01, -2.326166e-01, 2.376758e+00, -1.273885e-09, 4.888767e-10, 5.424732e+01, -1.933764e-02
1.294400e+09, 4.211670e-02, 9.572138e-01, -2.022012e-01, 2.365085e+00, -1.252334e-09, 4.888803e-10, 5.430310e+01, -1.694470e-02
1.298200e+09, 4.242596e-02, 9.572064e-01, -1.723003e-01, 2.353413e+00, -1.225947e-09, 4.888803e-10, 5.436186e+01, -1.457298e-02
1.302000e+09, 4.280075e-02, 9.571956e-01, -1.430295e-01, 2.341740e+00, -1.195198e-09, 4.888767e-10, 5.442361e+01, -1.222362e-02
1.305800e+09, 4.323934e-02, 9.571812e-01, -1.144928e-01, 2.330068e+00, -1.160609e-09, 4.888696e-10, 5.448832e+01, -9.897751e-03
1.309600e+09, 4.373978e-02, 9.571632e-01, -8.678197e-02, 2.318395e+00, -1.122735e-09, 4.888590e-10, 5.455598e+01, -7.596510e-03
1.313400e+09, 4.429989e-02, 9.571418e-01, -5.997543e-02, 2.306723e+00, -1.082140e-09, 4.888448e-10, 5.462658e+01, -5.321018e-03
1.317200e+09, 4.491737e-02, 9.571168e-01, -3.413815e-02, 2.295052e+00, -1.039381e-09, 4.888271e-10, 5.470010e+01, -3.072385e-03
1.321000e+09, 4.558976e-02, 9.570883e-01, -9.321778e-03, 2.283380e+00, -9.949933e-10, 4.888059e-10, 5.477653e+01, -8.517129e-04
1.324800e+09, 4.631453e-02, 9.570563e-01, 1.443479e-02, 2.271709e+00, -9.494793e-10, 4.887812e-10, 5.485584e+01, 1.339908e-03
1.328600e+09, 4.708911e-02, 9.570209e-01, 3.710465e-02, 2.260039e+00, -9.032993e-10, 4.887531e-10, 5.493802e+01, 3.501398e-03
1.332400e+09, 4.791088e-02, 9.569819e-01, 5.867192e-02, 2.248370e+00, -8.568668e-10, 4.887215e-10, 5.502305e+01, 5.631690e-03
1.336200e+09, 4.877727e-02, 9.569395e-01, 7.913056e-02, 2.236701e+00, -8.105453e-10, 4.886864e-10, 5.511090e+01, 7.729729e-03
1.340000e+09, 4.968571e-02, 9.568937e-01, 9.848323e-02, 2.225033e+00, -7.646481e-10, 4.886480e-10, 5.520156e+01, 9.794472e-03
1.343800e+09, 5.063369e-02, 9.568444e-01, 1.167400e-01, 2.213366e+00, -7.194394e-10, 4.886062e-10, 5.529500e+01, 1.182489e-02
1.347600e+09, 5.161878e-02, 9.567917e-01, 1.339175e-01, 2.201700e+00, -6.751374e-10, 4.885611e-10, 5.539120e+01, 1.381997e-02
1.351400e+09, 5.263861e-02, 9.567357e-01, 1.500371e-01, 2.190035e+00, -6.319172e-10, 4.885127e-10, 5.549013e+01, 1.577871e-02
1.355200e+09, 5.369091e-02, 9.566763e-01, 1.651248e-01, 2.178371e+00, -5.899157e-10, 4.884610e-10, 5.559177e+01, 1.770012e-02
1.359000e+09, 5.477350e-02, 9.566136e-01, 1.792097e-01, 2.166709e+00, -5.492352e-10, 4.884061e-10, 5.569608e+01, 1.958323e-02
1.362800e+09, 5.588428e-02, 9.565476e-01, 1.923233e-01, 2.155048e+00, -5.099481e-10, 4.883479e-10, 5.580305e+01, 2.142708e-02
1.366600e+09, 5.702128e-02, 9.564783e-01, 2.044989e-01, 2.143388e+00, -4.721013e-10, 4.882867e-10, 5.591264e+01, 2.323073e-02
1.370400e+09, 5.818261e-02, 9.564058e-01, 2.157708e-01, 2.131729e+00, -4.357199e-10, 4.882223e-10, 5.602482e+01, 2.499326e-02
1.374200e+09, 5.936647e-02, 9.563301e-01, 2.261741e-01, 2.120072e+00, -4.008107e-10, 4.881548e-10, 5.613956e+01, 2.671376e-02
1.378000e+09, 6.057117e-02, 9.562513e-01, 2.357439e-01, 2.108417e+00, -3.673660e-10, 4.880843e-10, 5.625683e+01, 2.839134e-02
1.381800e+09, 6.179511e-02, 9.561693e-01, 2.445152e-01, 2.096764e+00, -3.353660e-10, 4.880108e-10, 5.637659e+01, 3.002512e-02
1.385600e+09, 6.303677e-02, 9.560843e-01, 2.525224e-01, 2.085112e+00, -3.047812e-10, 4.879344e-10, 5.649881e+01, 3.161425e-02
1.389400e+09, 6.429472e-02, 9.559962e-01, 2.597994e-01, 2.073462e+00, -2.755751e-10, 4.878551e-10, 5.662346e+01, 3.315788e-02
1.393200e+09, 6.556761e-02, 9.559051e-01, 2.663791e-01, 2.061814e+00, -2.477057e-10, 4.877730e-10, 5.675049e+01, 3.465519e-02
1.397000e+09, 6.685416e-02, 9.558110e-01, 2.722933e-01, 2.050168e+00, -2.211269e-10, 4.876880e-10, 5.687987e+01, 3.610539e-02
1.400800e+09, 6.815318e-02, 9.557141e-01, 2.775730e-01, 2.038524e+00, -1.957902e-10, 4.876004e-10, 5.701156e+01, 3.750769e-02
1.404600e+09, 6.946353e-02, 9.556143e-01, 2.822477e-01, 2.026882e+00, -1.716452e-10, 4.875100e-10, 5.714553e+01, 3.886131e-02
1.408400e+09, 7.078413e-02, 9.555116e-01, 2.863459e-01, 2.015242e+00, -1.486411e-10, 4.874171e-10, 5.728172e+01, 4.016553e-02
1.412200e+09, 7.211398e-02, 9.554062e-01, 2.898949e-01, 2.003604e+00, -1.267268e-10, 4.873215e-10, 5.742009e+01, 4.141960e-02
1.416000e+09, 7.345213e-02, 9.552981e-01, 2.929206e-01, 1.991969e+00, -1.058519e-10, 4.872235e-10, 5.756061e+01, 4.262282e-02
1.419800e+09, 7.479765e-02, 9.551873e-01, 2.954479e-01, 1.980336e+00, -8.596661e-11, 4.871230e-10, 5.770323e+01, 4.377451e-02
1.423600e+09, 7.614972e-02, 9.550739e-01, 2.975005e-01, 1.968705e+00, -6.702271e-11, 4.870201e-10, 5.784789e+01, 4.487399e-02
1.427400e+09, 7.750750e-02, 9.549580e-01, 2.991007e-01, 1.957077e+00, -4.897328e-11, 4.869148e-10, 5.799457e+01, 4.592062e-02
1.431200e+09, 7.887024e-02, 9.548395e-01, 3.002700e-01, 1.945451e+00, -3.177310e-11, 4.868073e-10, 5.814319e+01, 4.691378e-02
1.435000e+09, 8.023721e-02, 9.547186e-01, 3.010286e-01, 1.933828e+00, -1.537869e-11, 4.866975e-10, 5.829373e+01, 4.785286e-02
1.438800e+09, 8.160771e-02, 9.545953e-01, 3.013958e-01, 1.922208e+00, 2.515654e-13, 4.865856e-10, 5.844612e+01, 4.873726e-02
1.442600e+09, 8.298109e-02, 9.544696e-01, 3.013898e-01, 1.910590e+00, 1.515744e-11, 4.864716e-10, 5.860031e+01, 4.956644e-02
1.446400e+09, 8.435673e-02, 9.543417e-01, 3.010279e-01, 1.898975e+00, 2.937681e-11, 4.863556e-10, 5.875626e+01, 5.033985e-02
1.450200e+09, 8.573403e-02, 9.542115e-01, 3.003265e-01, 1.887363e+00, 4.294573e-11, 4.862375e-10, 5.891390e+01, 5.105696e-02
1.454000e+09, 8.711241e-02, 9.540792e-01, 2.993011e-01, 1.875753e+00, 5.589839e-11, 4.861176e-10, 5.907318e+01, 5.171727e-02
1.457800e+09, 8.849135e-02, 9.539448e-01, 2.979665e-01, 1.864147e+00, 6.826722e-11, 4.859958e-10, 5.923405e+01, 5.232032e-02
1.461600e+09, 8.987032e-02, 9.538084e-01, 2.963365e-01, 1.852543e+00, 8.008296e-11, 4.858722e-10, 5.939645e+01, 5.286564e-02
1.465400e+09, 9.124882e-02, 9.536700e-01, 2.944245e-01, 1.840942e+00, 9.137465e-11, 4.857469e-10, 5.956031e+01, 5.335281e-02
1.469200e+09, 9.262639e-02, 9.535297e-01, 2.922428e-01, 1.829345e+00, 1.021698e-10, 4.856200e-10, 5.972557e+01, 5.378140e-02
1.473000e+09, 9.400256e-02, 9.533875e-01, 2.898034e-01, 1.817750e+00, 1.124943e-10, 4.854914e-10, 5.989218e+01, 5.415104e-02
1.476800e+09, 9.537690e-02, 9.532436e-01, 2.871175e-01, 1.806158e+00, 1.223727e-10, 4.853613e-10, 6.006008e+01, 5.446136e-02
1.480600e+09, 9.674900e-02, 9.530979e-01, 2.841957e-01, 1.794570e+00, 1.318281e-10, 4.852297e-10, 6.022919e+01, 5.471201e-02
1.484400e+09, 9.811844e-02, 9.529506e-01, 2.810481e-01, 1.782984e+00, 1.408823e-10, 4.850968e-10, 6.039945e+01, 5.490267e-02
1.488200e+09, 9.948485e-02, 9.528017e-01, 2.776844e-01, 1.771402e+00, 1.495561e-10, 4.849625e-10, 6.057080e+01, 5.503306e-02
1.492000e+09, 1.008478e-01, 9.526513e-01, 2.741136e-01, 1.759823e+00, 1.578687e-10, 4.848269e-10, 6.074317e+01, 5.510290e-02
1.495800e+09, 1.022071e-01, 9.524994e-01, 2.703443e-01, 1.748247e+00, 1.658385e-10, 4.846901e-10, 6.091648e+01, 5.511193e-02
1.499600e+09, 1.035621e-01, 9.523461e-01, 2.663847e-01, 1.736675e+00, 1.734827e-10, 4.845521e-10, 6.109068e+01, 5.505993e-02
1.503400e+09, 1.049128e-01, 9.521916e-01, 2.622426e-01, 1.725106e+00, 1.808178e-10, 4.844131e-10, 6.126568e+01, 5.494671e-02
1.507200e+09, 1.062586e-01, 9.520357e-01, 2.579254e-01, 1.713540e+00, 1.878590e-10, 4.842731e-10, 6.144141e+01, 5.477207e-02
1.511000e+09, 1.075994e-01, 9.518787e-01, 2.534401e-01, 1.701977e+00, 1.946210e-10, 4.841321e-10, 6.161780e+01, 5.453588e-02
1.514800e+09, 1.089347e-01, 9.517206e-01, 2.487933e-01, 1.690418e+00, 2.011173e-10, 4.839902e-10, 6.179478e+01, 5.423800e-02
1.518600e+09, 1.102644e-01, 9.515615e-01, 2.439914e-01, 1.678862e+00, 2.073609e-10, 4.838474e-10, 6.197227e+01, 5.387832e-02
1.522400e+09, 1.115880e-01, 9.514013e-01, 2.390404e-01, 1.667310e+00, 2.133640e-10, 4.837040e-10, 6.215019e+01, 5.345678e-02
1.526200e+09, 1.129054e-01, 9.512403e-01, 2.339461e-01, 1.655761e+00, 2.191381e-10, 4.835598e-10, 6.232846e+01, 5.297330e-02
1.530000e+09, 1.142162e-01, 9.510784e-01, 2.287139e-01, 1.644215e+00, 2.246942e-10, 4.834150e-10, 6.250700e+01, 5.242786e-02
1.533800e+09, 1.155203e-01, 9.509158e-01, 2.233491e-01, 1.632673e+00, 2.300425e-10, 4.832696e-10, 6.268573e+01, 5.182046e-02
1.537600e+09, 1.168173e-01, 9.507524e-01, 2.178566e-01, 1.621135e+00, 2.351927e-10, 4.831237e-10, 6.286458e+01, 5.115112e-02
1.541400e+09, 1.181069e-01, 9.505884e-01, 2.122411e-01, 1.609600e+00, 2.401539e-10, 4.829773e-10, 6.304345e+01, 5.041989e-02
1.545200e+09, 1.193890e-01, 9.504239e-01, 2.065072e-01, 1.598068e+00, 2.449350e-10, 4.828306e-10, 6.322226e+01, 4.962683e-02
1.549000e+09, 1.206634e-01, 9.502589e-01, 2.006591e-01, 1.586540e+00, 2.495441e-10, 4.826835e-10, 6.340092e+01, 4.877205e-02
1.552800e+09, 1.219296e-01, 9.500934e-01, 1.947009e-01, 1.575015e+00, 2.539890e-10, 4.825362e-10, 6.357936e+01, 4.785566e-02
1.556600e+09, 1.231877e-01, 9.499276e-01, 1.886367e-01, 1.563494e+00, 2.582771e-10, 4.823887e-10, 6.375748e+01, 4.687783e-02
1.560400e+09, 1.244373e-01, 9.497616e-01, 1.824700e-01, 1.551977e+00, 2.624153e-10, 4.822411e-10, 6.393520e+01, 4.583872e-02
1.564200e+09, 1.256781e-01, 9.495953e-01, 1.762046e-01, 1.540463e+00, 2.664103e-10, 4.820933e-10, 6.411242e+01, 4.473854e-02
1.568000e+09, 1.269101e-01, 9.494289e-01, 1.698437e-01, 1.528952e+00, 2.702683e-10, 4.819456e-10, 6.428906e+01, 4.357752e-02
1.571800e+09, 1.281330e-01, 9.492623e-01, 1.633908e-01, 1.517445e+00, 2.739952e-10, 4.817979e-10, 6.446502e+01, 4.235592e-02
1.575600e+09, 1.293466e-01, 9.490958e-01, 1.568488e-01, 1.505942e+00, 2.775967e-10, 4.816503e-10, 6.464022e+01, 4.107401e-02
1.579400e+09, 1.305506e-01, 9.489294e-01, 1.502209e-01, 1.494442e+00, 2.810782e-10, 4.815029e-10, 6.481455e+01, 3.973212e-02
1.583200e+09, 1.317450e-01, 9.487631e-01, 1.435099e-01, 1.482945e+00, 2.844446e-10, 4.813556e-10, 6.498794e+01, 3.833058e-02
1.587000e+09, 1.329294e-01, 9.485970e-01, 1.367184e-01, 1.471452e+00, 2.877009e-10, 4.812087e-10, 6.516028e+01, 3.686975e-02
1.590800e+09, 1.341038e-01, 9.484311e-01, 1.298493e-01, 1.459963e+00, 2.908515e-10, 4.810621e-10, 6.533148e+01, 3.535004e-02
1.594600e+09, 1.352679e-01, 9.482656e-01, 1.229049e-01, 1.448477e+00, 2.939009e-10, 4.809160e-10, 6.550145e+01, 3.377185e-02
1.598400e+09, 1.364216e-01, 9.481005e-01, 1.158876e-01, 1.436995e+00, 2.968531e-10, 4.807702e-10, 6.567008e+01, 3.213564e-02
1.602200e+09, 1.375646e-01, 9.479359e-01, 1.087999e-01, 1.425516e+00, 2.997122e-10, 4.806250e-10, 6.583729e+01, 3.044188e-02
1.606000e+09, 1.386969e-01, 9.477717e-01, 1.016440e-01, 1.414040e+00, 3.024818e-10, 4.804804e-10, 6.600298e+01, 2.869109e-02
1.609800e+09, 1.398182e-01, 9.476082e-01, 9.442190e-02, 1.402568e+00, 3.051654e-10, 4.803364e-10, 6.616705e+01, 2.688379e-02
1.613600e+09, 1.409284e-01, 9.474454e-01, 8.713574e-02, 1.391100e+00, 3.077665e-10, 4.801930e-10, 6.632941e+01, 2.502054e-02
1.617400e+09, 1.420273e-01, 9.472833e-01, 7.978747e-02, 1.379635e+00, 3.102884e-10, 4.800504e-10, 6.648996e+01, 2.310193e-02
1.621200e+09, 1.431147e-01, 9.471220e-01, 7.237900e-02, 1.368173e+00, 3.127339e-10, 4.799086e-10, 6.664860e+01, 2.112858e-02
1.625000e+09, 1.441905e-01, 9.469615e-01, 6.491213e-02, 1.356715e+00, 3.151062e-10, 4.797677e-10, 6.680523e+01, 1.910114e-02
1.628800e+09, 1.452545e-01, 9.468020e-01, 5.738862e-02, 1.345260e+00, 3.174079e-10, 4.796276e-10, 6.695977e+01, 1.702027e-02
1.632600e+09, 1.463067e-01, 9.466435e-01, 4.981016e-02, 1.333808e+00, 3.196418e-10, 4.794885e-10, 6.711210e+01, 1.488667e-02
1.636400e+09, 1.473467e-01, 9.464860e-01, 4.217836e-02, 1.322360e+00, 3.218103e-10, 4.793504e-10, 6.726215e+01, 1.270109e-02
1.640200e+09, 1.483746e-01, 9.463296e-01, 3.449478e-02, 1.310915e+00, 3.239159e-10, 4.792134e-10, 6.740980e+01, 1.046426e-02
1.644000e+09, 1.493901e-01, 9.461744e-01, 2.676093e-02, 1.299473e+00, 3.259608e-10, 4.790775e-10, 6.755497e+01, 8.176991e-03
1.647800e+09, 1.503930e-01, 9.460205e-01, 1.897826e-02, 1.288034e+00, 3.279474e-10, 4.789428e-10, 6.769756e+01, 5.840079e-03
1.651600e+09, 1.513834e-01, 9.458678e-01, 1.114815e-02, 1.276599e+00, 3.298776e-10, 4.788092e-10, 6.783747e+01, 3.454370e-03
1.655400e+09, 1.523609e-01, 9.457165e-01, 3.271959e-03, 1.265167e+00, 3.317535e-10, 4.786770e-10, 6.797462e+01, 1.020730e-03
1.659200e+09, 1.533256e-01, 9.455666e-01, -4.649022e-03, 1.253738e+00, 3.335771e-10, 4.785460e-10, 6.810891e+01, -1.459943e-03
1.663000e+09, 1.542771e-01, 9.454182e-01, -1.261354e-02, 1.242312e+00, 3.353500e-10, 4.784164e-10, 6.824024e+01, -3.986729e-03
1.666800e+09, 1.552155e-01, 9.452713e-01, -2.062039e-02, 1.230889e+00, 3.370742e-10, 4.782883e-10, 6.836854e+01, -6.558676e-03
1.670600e+09, 1.561406e-01, 9.451261e-01, -2.866841e-02, 1.219470e+00, 3.387512e-10, 4.781616e-10, 6.849370e+01, -9.174811e-03
1.674400e+09, 1.570523e-01, 9.449824e-01, -3.675647e-02, 1.208053e+00, 3.403827e-10, 4.780364e-10, 6.861563e+01, -1.183413e-02
1.678200e+09, 1.579503e-01, 9.448405e-01, -4.488349e-02, 1.196639e+00, 3.419702e-10, 4.779127e-10, 6.873426e+01, -1.453560e-02
1.682000e+09, 1.588347e-01, 9.447003e-01, -5.304840e-02, 1.185229e+00, 3.435151e-10, 4.777907e-10, 6.884950e+01, -1.727818e-02
1.685800e+09, 1.597053e-01, 9.445619e-01, -6.125020e-02, 1.173821e+00, 3.450189e-10, 4.776703e-10, 6.896126e+01, -2.006078e-02
1.689600e+09, 1.605619e-01, 9.444254e-01, -6.948791e-02, 1.162416e+00, 3.464829e-10, 4.775516e-10, 6.906945e+01, -2.288229e-02
1.693400e+09, 1.614045e-01, 9.442908e-01, -7.776057e-02, 1.151014e+00, 3.479084e-10, 4.774346e-10, 6.917400e+01, -2.574159e-02
1.697200e+09, 1.622330e-01, 9.441582e-01, -8.606727e-02, 1.139615e+00, 3.492966e-10, 4.773195e-10, 6.927484e+01, -2.863753e-02
1.701000e+09, 1.630471e-01, 9.440276e-01, -9.440711e-02, 1.128218e+00, 3.506486e-10, 4.772061e-10, 6.937187e+01, -3.156893e-02
1.704800e+09, 1.638469e-01, 9.438991e-01, -1.027792e-01, 1.116824e+00, 3.519657e-10, 4.770946e-10, 6.946503e+01, -3.453459e-02
1.708600e+09, 1.646322e-01, 9.437727e-01, -1.111828e-01, 1.105433e+00, 3.532488e-10, 4.769851e-10, 6.955424e+01, -3.753329e-02
1.712400e+09, 1.654028e-01, 9.436485e-01, -1.196170e-01, 1.094045e+00, 3.544991e-10, 4.768775e-10, 6.963944e+01, -4.056378e-02
1.716200e+09, 1.661588e-01, 9.435265e-01, -1.280811e-01, 1.082659e+00, 3.557174e-10, 4.767718e-10, 6.972055e+01, -4.362481e-02
1.720000e+09, 1.668999e-01, 9.434067e-01, -1.365742e-01, 1.071275e+00, 3.569048e-10, 4.766682e-10, 6.979750e+01, -4.671507e-02
1.723800e+09, 1.676261e-01, 9.432893e-01, -1.450957e-01, 1.059894e+00, 3.580621e-10, 4.765667e-10, 6.987024e+01, -4.983328e-02
1.727600e+09, 1.683373e-01, 9.431742e-01, -1.536448e-01, 1.048516e+00, 3.591902e-10, 4.764673e-10, 6.993871e+01, -5.297809e-02
1.731400e+09, 1.690334e-01, 9.430615e-01, -1.622209e-01, 1.037140e+00, 3.602900e-10, 4.763700e-10, 7.000284e+01, -5.614818e-02
1.735200e+09, 1.697143e-01, 9.429513e-01, -1.708232e-01, 1.025766e+00, 3.613621e-10, 4.762749e-10, 7.006258e+01, -5.934217e-02
1.739000e+09, 1.703798e-01, 9.428435e-01, -1.794511e-01, 1.014394e+00, 3.624075e-10, 4.761821e-10, 7.011787e+01, -6.255870e-02
1.742800e+09, 1.710299e-01, 9.427383e-01, -1.881040e-01, 1.003025e+00, 3.634268e-10, 4.760915e-10, 7.016868e+01, -6.579636e-02
1.746600e+09, 1.716646e-01, 9.426356e-01, -1.967812e-01, 9.916575e-01, 3.644207e-10, 4.760031e-10, 7.021494e+01, -6.905374e-02
1.750400e+09, 1.722836e-01, 9.425356e-01, -2.054822e-01, 9.802924e-01, 3.653898e-10, 4.759171e-10, 7.025662e+01, -7.232943e-02
1.754200e+09, 1.728869e-01, 9.424382e-01, -2.142063e-01, 9.689294e-01, 3.663349e-10, 4.758335e-10, 7.029368e+01, -7.562198e-02
1.758000e+09, 1.734745e-01, 9.423434e-01, -2.229529e-01, 9.575683e-01, 3.672564e-10, 4.757522e-10, 7.032608e+01, -7.892994e-02
1.761800e+09, 1.740462e-01, 9.422514e-01, -2.317216e-01, 9.462092e-01, 3.681551e-10, 4.756734e-10, 7.035378e+01, -8.225186e-02
1.765600e+09, 1.746020e-01, 9.421622e-01, -2.405117e-01, 9.348520e-01, 3.690314e-10, 4.755970e-10, 7.037676e+01, -8.558625e-02
1.769400e+09, 1.751418e-01, 9.420757e-01, -2.493227e-01, 9.234966e-01, 3.698858e-10, 4.755231e-10, 7.039499e+01, -8.893163e-02
1.773200e+09, 1.756655e-01, 9.419921e-01, -2.581541e-01, 9.121429e-01, 3.707190e-10, 4.754516e-10, 7.040844e+01, -9.228651e-02
1.777000e+09, 1.761729e-01, 9.419113e-01, -2.670055e-01, 9.007910e-01, 3.715313e-10, 4.753828e-10, 7.041709e+01, -9.564939e-02
1.780800e+09, 1.766641e-01, 9.418333e-01, -2.758762e-01, 8.894407e-01, 3.723232e-10, 4.753164e-10, 7.042093e+01, -9.901877e-02
1.784600e+09, 1.771390e-01, 9.417583e-01, -2.847658e-01, 8.780920e-01, 3.730952e-10, 4.752527e-10, 7.041994e+01, -1.023931e-01
1.788400e+09, 1.775975e-01, 9.416863e-01, -2.936739e-01, 8.667448e-01, 3.738476e-10, 4.751916e-10, 7.041412e+01, -1.057709e-01
1.792200e+09, 1.780394e-01, 9.416172e-01, -3.025999e-01, 8.553991e-01, 3.745809e-10, 4.751331e-10, 7.040345e+01, -1.091507e-01
1.796000e+09, 1.784648e-01, 9.415511e-01, -3.115434e-01, 8.440548e-01, 3.752955e-10, 4.750773e-10, 7.038794e+01, -1.125309e-01
1.799800e+09, 1.788736e-01, 9.414880e-01, -3.205040e-01, 8.327118e-01, 3.759916e-10, 4.750241e-10, 7.036759e+01, -1.159099e-01
1.803600e+09, 1.792657e-01, 9.414280e-01, -3.294812e-01, 8.213701e-01, 3.766697e-10, 4.749737e-10, 7.034239e+01, -1.192863e-01
1.807400e+09, 1.796410e-01, 9.413710e-01, -3.384746e-01, 8.100295e-01, 3.773301e-10, 4.749260e-10, 7.031236e+01, -1.226586e-01
1.811200e+09, 1.799995e-01, 9.413172e-01, -3.474838e-01, 7.986902e-01, 3.779729e-10, 4.748810e-10, 7.027751e+01, -1.260251e-01
1.815000e+09, 1.803411e-01, 9.412664e-01, -3.565083e-01, 7.873518e-01, 3.785987e-10, 4.748388e-10, 7.023786e+01, -1.293844e-01
1.818800e+09, 1.806658e-01, 9.412188e-01, -3.655478e-01, 7.760145e-01, 3.792075e-10, 4.747993e-10, 7.019342e+01, -1.327350e-01
1.822600e+09, 1.809734e-01, 9.411743e-01, -3.746018e-01, 7.646782e-01, 3.797997e-10, 4.747627e-10, 7.014422e+01, -1.360753e-01
1.826400e+09, 1.812640e-01, 9.411330e-01, -3.836699e-01, 7.533427e-01, 3.803754e-10, 4.747289e-10, 7.009028e+01, -1.394038e-01
1.830200e+09, 1.815374e-01, 9.410949e-01, -3.927518e-01, 7.420080e-01, 3.809350e-10, 4.746979e-10, 7.003162e+01, -1.427191e-01
1.834000e+09, 1.817937e-01, 9.410599e-01, -4.018471e-01, 7.306741e-01, 3.814786e-10, 4.746697e-10, 6.996829e+01, -1.460196e-01
1.837800e+09, 1.820327e-01, 9.410282e-01, -4.109553e-01, 7.193408e-01, 3.820063e-10, 4.746444e-10, 6.990032e+01, -1.493038e-01
1.841600e+09, 1.822544e-01, 9.409997e-01, -4.200761e-01, 7.080082e-01, 3.825185e-10, 4.746219e-10, 6.982775e+01, -1.525702e-01
1.845400e+09, 1.824588e-01, 9.409744e-01, -4.292092e-01, 6.966760e-01, 3.830151e-10, 4.746023e-10, 6.975062e+01, -1.558175e-01
1.849200e+09, 1.826458e-01, 9.409524e-01, -4.383541e-01, 6.853444e-01, 3.834965e-10, 4.745856e-10, 6.966897e+01, -1.590440e-01
1.853000e+09, 1.828153e-01, 9.409336e-01, -4.475105e-01, 6.740131e-01, 3.839626e-10, 4.745718e-10, 6.958286e+01, -1.622484e-01
1.856800e+09, 1.829674e-01, 9.409181e-01, -4.566780e-01, 6.626822e-01, 3.844137e-10, 4.745609e-10, 6.949233e+01, -1.654293e-01
1.860600e+09, 1.831019e-01, 9.409059e-01, -4.658563e-01, 6.513515e-01, 3.848497e-10, 4.745528e-10, 6.939744e+01, -1.685851e-01
1.864400e+09, 1.832189e-01, 9.408969e-01, -4.750450e-01, 6.400211e-01, 3.852709e-10, 4.745477e-10, 6.929825e+01, -1.717145e-01
1.868200e+09, 1.833183e-01, 9.408912e-01, -4.842438e-01, 6.286907e-01, 3.856772e-10, 4.745455e-10, 6.919481e+01, -1.748162e-01
1.872000e+09, 1.834000e-01, 9.408888e-01, -4.934523e-01, 6.173604e-01, 3.860688e-10, 4.745462e-10, 6.908720e+01, -1.778887e-01
1.875800e+09, 1.834640e-01, 9.408896e-01, -5.026701e-01, 6.060301e-01, 3.864456e-10, 4.745498e-10, 6.897547e+01, -1.809306e-01
1.879600e+09, 1.835103e-01, 9.408937e-01, -5.118969e-01, 5.946997e-01, 3.868078e-10, 4.745564e-10, 6.885970e+01, -1.839406e-01
1.883400e+09, 1.835389e-01, 9.409012e-01, -5.211324e-01, 5.833692e-01, 3.871553e-10, 4.745658e-10, 6.873995e+01, -1.869175e-01
1.887200e+09, 1.835496e-01, 9.409118e-01, -5.303761e-01, 5.720384e-01, 3.874882e-10, 4.745782e-10, 6.861629e+01, -1.898598e-01
1.891000e+09, 1.835426e-01, 9.409258e-01, -5.396278e-01, 5.607073e-01, 3.878064e-10, 4.745934e-10, 6.848881e+01, -1.927664e-01
1.894800e+09, 1.835177e-01, 9.409430e-01, -5.488871e-01, 5.493759e-01, 3.881099e-10, 4.746116e-10, 6.835757e+01, -1.956358e-01
1.898600e+09, 1.834749e-01, 9.409635e-01, -5.581537e-01, 5.380440e-01, 3.883986e-10, 4.746327e-10, 6.822267e+01, -1.984669e-01
1.902400e+09, 1.834143e-01, 9.409872e-01, -5.674271e-01, 5.267116e-01, 3.886727e-10, 4.746567e-10, 6.808417e+01, -2.012585e-01
1.906200e+09, 1.833357e-01, 9.410142e-01, -5.767071e-01, 5.153786e-01, 3.889319e-10, 4.746835e-10, 6.794217e+01, -2.040094e-01
1.910000e+09, 1.832392e-01, 9.410444e-01, -5.859933e-01, 5.040450e-01, 3.891762e-10, 4.747133e-10, 6.779674e+01, -2.067183e-01
1.913800e+09, 1.831247e-01, 9.410778e-01, -5.952853e-01, 4.927107e-01, 3.894055e-10, 4.747459e-10, 6.764797e+01, -2.093841e-01
1.917600e+09, 1.829923e-01, 9.411144e-01, -6.045828e-01, 4.813757e-01, 3.896197e-10, 4.747813e-10, 6.749596e+01, -2.120056e-01
1.921400e+09, 1.828418e-01, 9.411542e-01, -6.138854e-01, 4.700397e-01, 3.898187e-10, 4.748196e-10, 6.734079e+01, -2.145818e-01
1.925200e+09, 1.826734e-01, 9.411972e-01, -6.231927e-01, 4.587029e-01, 3.900024e-10, 4.748608e-10, 6.718254e+01, -2.171116e-01
1.929000e+09, 1.824869e-01, 9.412434e-01, -6.325045e-01, 4.473651e-01, 3.901707e-10, 4.749047e-10, 6.702132e+01, -2.195939e-01
1.932800e+09, 1.822825e-01, 9.412927e-01, -6.418202e-01, 4.360262e-01, 3.903233e-10, 4.749515e-10, 6.685722e+01, -2.220276e-01
1.936600e+09, 1.820599e-01, 9.413451e-01, -6.511396e-01, 4.246862e-01, 3.904601e-10, 4.750011e-10, 6.669032e+01, -2.244117e-01
1.940400e+09, 1.818194e-01, 9.414007e-01, -6.604623e-01, 4.133450e-01, 3.905808e-10, 4.750534e-10, 6.652073e+01, -2.267453e-01
1.944200e+09, 1.815608e-01, 9.414593e-01, -6.697878e-01, 4.020026e-01, 3.906854e-10, 4.751085e-10, 6.634855e+01, -2.290273e-01
1.948000e+09, 1.812841e-01, 9.415210e-01, -6.791159e-01, 3.906589e-01, 3.907736e-10, 4.751663e-10, 6.617385e+01, -2.312569e-01
1.951800e+09, 1.809895e-01, 9.415857e-01, -6.884460e-01, 3.793137e-01, 3.908452e-10, 4.752268e-10, 6.599676e+01, -2.334330e-01
1.955600e+09, 1.806767e-01, 9.416535e-01, -6.977779e-01, 3.679672e-01, 3.908998e-10, 4.752900e-10, 6.581735e+01, -2.355549e-01
1.959400e+09, 1.803460e-01, 9.417242e-01, -7.071111e-01, 3.566191e-01, 3.909372e-10, 4.753559e-10, 6.563574e+01, -2.376216e-01
1.963200e+09, 1.799971e-01, 9.417979e-01, -7.164451e-01, 3.452695e-01, 3.909572e-10, 4.754244e-10, 6.545201e+01, -2.396323e-01
1.967000e+09, 1.796303e-01, 9.418745e-01, -7.257797e-01, 3.339182e-01, 3.909594e-10, 4.754955e-10, 6.526628e+01, -2.415863e-01
1.970800e+09, 1.792455e-01, 9.419540e-01, -7.351142e-01, 3.225652e-01, 3.909436e-10, 4.755692e-10, 6.507863e+01, -2.434826e-01
1.974600e+09, 1.788426e-01, 9.420364e-01, -7.444485e-01, 3.112105e-01, 3.909093e-10, 4.756455e-10, 6.488917e+01, -2.453205e-01
1.978400e+09, 1.784218e-01, 9.421216e-01, -7.537818e-01, 2.998539e-01, 3.908562e-10, 4.757243e-10, 6.469799e+01, -2.470994e-01
1.982200e+09, 1.779830e-01, 9.422096e-01, -7.631140e-01, 2.884955e-01, 3.907840e-10, 4.758056e-10, 6.450520e+01, -2.488185e-01
1.986000e+09, 1.775263e-01, 9.423004e-01, -7.724444e-01, 2.771351e-01, 3.906921e-10, 4.758894e-10, 6.431090e+01, -2.504771e-01
1.989800e+09, 1.770516e-01, 9.423940e-01, -7.817726e-01, 2.657727e-01, 3.905803e-10, 4.759757e-10, 6.411518e+01, -2.520745e-01
1.993600e+09, 1.765590e-01, 9.424902e-01, -7.910981e-01, 2.544082e-01, 3.904481e-10, 4.760643e-10, 6.391815e+01, -2.536102e-01
1.997400e+09, 1.760485e-01, 9.425891e-01, -8.004205e-01, 2.430417e-01, 3.902949e-10, 4.761553e-10, 6.371989e+01, -2.550835e-01
2.001200e+09, 1.755202e-01, 9.426906e-01, -8.097392e-01, 2.316729e-01, 3.901203e-10, 4.762487e-10, 6.352052e+01, -2.564939e-01
2.005000e+09, 1.749740e-01, 9.427947e-01, -8.190538e-01, 2.203020e-01, 3.899238e-10, 4.763443e-10, 6.332013e+01, -2.578408e-01
2.008800e+09, 1.744101e-01, 9.429013e-01, -8.283636e-01, 2.089287e-01, 3.897048e-10, 4.764423e-10, 6.311881e+01, -2.591236e-01
2.012600e+09, 1.738284e-01, 9.430105e-01, -8.376683e-01, 1.975531e-01, 3.894628e-10, 4.765425e-10, 6.291667e+01, -2.603420e-01
2.016400e+09, 1.732290e-01, 9.431221e-01, -8.469671e-01, 1.861752e-01, 3.891972e-10, 4.766448e-10, 6.271380e+01, -2.614953e-01
2.020200e+09, 1.726119e-01, 9.432361e-01, -8.562596e-01, 1.747948e-01, 3.889073e-10, 4.767493e-10, 6.251029e+01, -2.625833e-01
2.024000e+09, 1.719772e-01, 9.433525e-01, -8.655452e-01, 1.634118e-01, 3.885925e-10, 4.768560e-10, 6.230625e+01, -2.636054e-01
2.027800e+09, 1.713248e-01, 9.434712e-01, -8.748233e-01, 1.520264e-01, 3.882521e-10, 4.769647e-10, 6.210176e+01, -2.645613e-01
2.031600e+09, 1.706550e-01, 9.435921e-01, -8.840932e-01, 1.406383e-01, 3.878853e-10, 4.770754e-10, 6.189692e+01, -2.654505e-01
2.035400e+09, 1.699676e-01, 9.437153e-01, -8.933544e-01, 1.292476e-01, 3.874914e-10, 4.771881e-10, 6.169182e+01, -2.662729e-01
2.039200e+09, 1.692628e-01, 9.438407e-01, -9.026062e-01, 1.178542e-01, 3.870697e-10, 4.773028e-10, 6.148656e+01, -2.670280e-01
2.043000e+09, 1.685405e-01, 9.439682e-01, -9.118479e-01, 1.064581e-01, 3.866192e-10, 4.774194e-10, 6.128123e+01, -2.677156e-01
2.046800e+09, 1.678010e-01, 9.440978e-01, -9.210789e-01, 9.505917e-02, 3.861392e-10, 4.775378e-10, 6.107591e+01, -2.683355e-01
2.050600e+09, 1.670441e-01, 9.442294e-01, -9.302984e-01, 8.365743e-02, 3.856286e-10, 4.776580e-10, 6.087070e+01, -2.688873e-01
2.054400e+09, 1.662701e-01, 9.443630e-01, -9.395057e-01, 7.225282e-02, 3.850866e-10, 4.777800e-10, 6.066569e+01, -2.693709e-01
2.058200e+09, 1.654789e-01, 9.444985e-01, -9.487001e-01, 6.084529e-02, 3.845121e-10, 4.779037e-10, 6.046096e+01, -2.697862e-01
2.062000e+09, 1.646706e-01, 9.446358e-01, -9.578807e-01, 4.943481e-02, 3.839041e-10, 4.780290e-10, 6.025660e+01, -2.701329e-01
2.065800e+09, 1.638453e-01, 9.447750e-01, -9.670469e-01, 3.802134e-02, 3.832614e-10, 4.781560e-10, 6.005269e+01, -2.704109e-01
2.069600e+09, 1.630030e-01, 9.449159e-01, -9.761976e-01, 2.660484e-02, 3.825830e-10, 4.782846e-10, 5.984933e+01, -2.706202e-01
2.073400e+09, 1.621439e-01, 9.450586e-01, -9.853322e-01, 1.518527e-02, 3.818676e-10, 4.784146e-10, 5.964660e+01, -2.707607e-01
2.077200e+09, 1.612680e-01, 9.452028e-01, -9.944497e-01, 3.762590e-03, 3.811139e-10, 4.785461e-10, 5.944457e+01, -2.708323e-01
2.081000e+09, 1.603754e-01, 9.453487e-01, -1.003549e+00, -7.663227e-03, 3.803206e-10, 4.786791e-10, 5.924334e+01, -2.708350e-01
2.084800e+09, 1.594662e-01, 9.454960e-01, -1.012630e+00, -1.909222e-02, 3.794863e-10, 4.788134e-10, 5.904297e+01, -2.707689e-01
2.088600e+09, 1.585404e-01, 9.456449e-01, -1.021690e+00, -3.052442e-02, 3.786096e-10, 4.789490e-10, 5.884356e+01, -2.706339e-01
2.092400e+09, 1.575981e-01, 9.457951e-01, -1.030730e+00, -4.195985e-02, 3.776888e-10, 4.790858e-10, 5.864517e+01, -2.704301e-01
2.096200e+09, 1.566395e-01, 9.459467e-01, -1.039748e+00, -5.339855e-02, 3.767223e-10, 4.792239e-10, 5.844790e+01, -2.701577e-01
2.100000e+09, 1.556647e-01, 9.460996e-01, -1.048743e+00, -6.484055e-02, 3.757085e-10, 4.793631e-10, 5.825181e+01, -2.698167e-01
2.103800e+09, 1.546736e-01, 9.462537e-01, -1.057713e+00, -7.628588e-02, 3.746456e-10, 4.795033e-10, 5.805697e+01, -2.694073e-01
2.107600e+09, 1.536665e-01, 9.464089e-01, -1.066658e+00, -8.773455e-02, 3.735316e-10, 4.796446e-10, 5.786348e+01, -2.689296e-01
2.111400e+09, 1.526435e-01, 9.465653e-01, -1.075577e+00, -9.918659e-02, 3.723646e-10, 4.797869e-10, 5.767139e+01, -2.683839e-01
2.115200e+09, 1.516046e-01, 9.467226e-01, -1.084467e+00, -1.106420e-01, 3.711425e-10, 4.799301e-10, 5.748078e+01, -2.677704e-01
2.119000e+09, 1.505499e-01, 9.468810e-01, -1.093329e+00, -1.221009e-01, 3.698631e-10, 4.800742e-10, 5.729172e+01, -2.670893e-01
2.122800e+09, 1.494796e-01, 9.470402e-01, -1.102160e+00, -1.335632e-01, 3.685241e-10, 4.802191e-10, 5.710428e+01, -2.663410e-01
2.126600e+09, 1.483938e-01, 9.472003e-01, -1.110958e+00, -1.450290e-01, 3.671230e-10, 4.803647e-10, 5.691853e+01, -2.655257e-01
2.130400e+09, 1.472926e-01, 9.473612e-01, -1.119724e+00, -1.564982e-01, 3.656573e-10, 4.805110e-10, 5.673454e+01, -2.646438e-01
2.134200e+09, 1.461761e-01, 9.475227e-01, -1.128454e+00, -1.679709e-01, 3.641243e-10, 4.806580e-10, 5.655237e+01, -2.636956e-01
2.138000e+09, 1.450445e-01, 9.476850e-01, -1.137148e+00, -1.794472e-01, 3.625210e-10, 4.808055e-10, 5.637209e+01, -2.626816e-01
2.141800e+09, 1.438978e-01, 9.478477e-01, -1.145804e+00, -1.909269e-01, 3.608446e-10, 4.809536e-10, 5.619377e+01, -2.616021e-01
2.145600e+09, 1.427363e-01, 9.480110e-01, -1.154419e+00, -2.024102e-01, 3.590917e-10, 4.811021e-10, 5.601747e+01, -2.604577e-01
2.149400e+09, 1.415600e-01, 9.481748e-01, -1.162993e+00, -2.138971e-01, 3.572591e-10, 4.812509e-10, 5.584325e+01, -2.592488e-01
2.153200e+09, 1.403692e-01, 9.483389e-01, -1.171523e+00, -2.253875e-01, 3.553430e-10, 4.814002e-10, 5.567117e+01, -2.579759e-01
2.157000e+09, 1.391638e-01, 9.485033e-01, -1.180007e+00, -2.368814e-01, 3.533399e-10, 4.815497e-10, 5.550129e+01, -2.566396e-01
2.160800e+09, 1.379442e-01, 9.486679e-01, -1.188444e+00, -2.483790e-01, 3.512457e-10, 4.816994e-10, 5.533367e+01, -2.552403e-01
2.164600e+09, 1.367104e-01, 9.488327e-01, -1.196830e+00, -2.598801e-01, 3.490561e-10, 4.818493e-10, 5.516838e+01, -2.537788e-01
2.168400e+09, 1.354626e-01, 9.489976e-01, -1.205164e+00, -2.713848e-01, 3.467667e-10, 4.819992e-10, 5.500546e+01, -2.522557e-01
2.172200e+09, 1.342009e-01, 9.491626e-01, -1.213444e+00, -2.828930e-01, 3.443727e-10, 4.821492e-10, 5.484498e+01, -2.506716e-01
2.176000e+09, 1.329256e-01, 9.493275e-01, -1.221666e+00, -2.944049e-01, 3.418690e-10, 4.822992e-10, 5.468698e+01, -2.490272e-01
2.179800e+09, 1.316368e-01, 9.494923e-01, -1.229828e+00, -3.059203e-01, 3.392504e-10, 4.824491e-10, 5.453153e+01, -2.473232e-01
2.183600e+09, 1.303346e-01, 9.496569e-01, -1.237928e+00, -3.174393e-01, 3.365111e-10, 4.825989e-10, 5.437867e+01, -2.455603e-01
2.187400e+09, 1.290193e-01, 9.498213e-01, -1.245963e+00, -3.289619e-01, 3.336451e-10, 4.827484e-10, 5.422845e+01, -2.437395e-01
2.191200e+09, 1.276910e-01, 9.499854e-01, -1.253929e+00, -3.404880e-01, 3.306459e-10, 4.828977e-10, 5.408094e+01, -2.418613e-01
2.195000e+09, 1.263499e-01, 9.501491e-01, -1.261824e+00, -3.520177e-01, 3.275067e-10, 4.830466e-10, 5.393617e+01, -2.399268e-01
2.198800e+09, 1.249962e-01, 9.503123e-01, -1.269643e+00, -3.635510e-01, 3.242202e-10, 4.831952e-10, 5.379420e+01, -2.379367e-01
2.202600e+09, 1.236302e-01, 9.504751e-01, -1.277384e+00, -3.750878e-01, 3.207786e-10, 4.833433e-10, 5.365507e+01, -2.358919e-01
2.206400e+09, 1.222519e-01, 9.506372e-01, -1.285043e+00, -3.866282e-01, 3.171736e-10, 4.834909e-10, 5.351883e+01, -2.337934e-01
2.210200e+09, 1.208616e-01, 9.507987e-01, -1.292616e+00, -3.981721e-01, 3.133964e-10, 4.836379e-10, 5.338553e+01, -2.316422e-01
2.214000e+09, 1.194596e-01, 9.509595e-01, -1.300099e+00, -4.097195e-01, 3.094374e-10, 4.837843e-10, 5.325520e+01, -2.294391e-01
2.217800e+09, 1.180460e-01, 9.511195e-01, -1.307487e+00, -4.212703e-01, 3.052866e-10, 4.839300e-10, 5.312790e+01, -2.271853e-01
2.221600e+09, 1.166212e-01, 9.512786e-01, -1.314776e+00, -4.328247e-01, 3.009331e-10, 4.840750e-10, 5.300367e+01, -2.248818e-01
2.225400e+09, 1.151852e-01, 9.514368e-01, -1.321961e+00, -4.443825e-01, 2.963653e-10, 4.842191e-10, 5.288254e+01, -2.225296e-01
2.229200e+09, 1.137383e-01, 9.515940e-01, -1.329037e+00, -4.559438e-01, 2.915709e-10, 4.843623e-10, 5.276456e+01, -2.201299e-01
2.233000e+09, 1.122809e-01, 9.517501e-01, -1.335999e+00, -4.675085e-01, 2.865364e-10, 4.845047e-10, 5.264977e+01, -2.176838e-01
2.236800e+09, 1.108131e-01, 9.519051e-01, -1.342840e+00, -4.790766e-01, 2.812475e-10, 4.846460e-10, 5.253820e+01, -2.151924e-01
2.240600e+09, 1.093352e-01, 9.520589e-01, -1.349555e+00, -4.906480e-01, 2.756890e-10, 4.847863e-10, 5.242989e+01, -2.126569e-01
2.244400e+09, 1.078475e-01, 9.522115e-01, -1.356138e+00, -5.022228e-01, 2.698442e-10, 4.849255e-10, 5.232489e+01, -2.100787e-01
2.248200e+09, 1.063503e-01, 9.523627e-01, -1.362580e+00, -5.138010e-01, 2.636954e-10, 4.850635e-10, 5.222321e+01, -2.074588e-01
2.252000e+09, 1.048438e-01, 9.525125e-01, -1.368876e+00, -5.253824e-01, 2.572234e-10, 4.852002e-10, 5.212490e+01, -2.047985e-01
2.255800e+09, 1.033284e-01, 9.526609e-01, -1.375018e+00, -5.369671e-01, 2.504076e-10, 4.853357e-10, 5.202999e+01, -2.020993e-01
2.259600e+09, 1.018043e-01, 9.528077e-01, -1.380997e+00, -5.485550e-01, 2.432257e-10, 4.854699e-10, 5.193851e+01, -1.993624e-01
2.263400e+09, 1.002719e-01, 9.529530e-01, -1.386804e+00, -5.601461e-01, 2.356537e-10, 4.856026e-10, 5.185049e+01, -1.965891e-01
2.267200e+09, 9.873158e-02, 9.530966e-01, -1.392430e+00, -5.717404e-01, 2.276656e-10, 4.857339e-10, 5.176597e+01, -1.937808e-01
2.271000e+09, 9.718358e-02, 9.532385e-01, -1.397866e+00, -5.833379e-01, 2.192332e-10, 4.858636e-10, 5.168496e+01, -1.909390e-01
2.274800e+09, 9.562830e-02, 9.533786e-01, -1.403101e+00, -5.949384e-01, 2.103263e-10, 4.859918e-10, 5.160750e+01, -1.880650e-01
2.278600e+09, 9.406613e-02, 9.535169e-01, -1.408122e+00, -6.065420e-01, 2.009118e-10, 4.861183e-10, 5.153362e+01, -1.851604e-01
2.282400e+09, 9.249744e-02, 9.536533e-01, -1.412919e+00, -6.181486e-01, 1.909541e-10, 4.862432e-10, 5.146333e+01, -1.822265e-01
2.286200e+09, 9.092265e-02, 9.537877e-01, -1.417479e+00, -6.297582e-01, 1.804142e-10, 4.863663e-10, 5.139666e+01, -1.792650e-01
2.290000e+09, 8.934218e-02, 9.539201e-01, -1.421786e+00, -6.413707e-01, 1.692503e-10, 4.864876e-10, 5.133364e+01, -1.762772e-01
2.293800e+09, 8.775649e-02, 9.540505e-01, -1.425827e+00, -6.529861e-01, 1.574164e-10, 4.866071e-10, 5.127429e+01, -1.732648e-01
2.297600e+09, 8.616603e-02, 9.541787e-01, -1.429586e+00, -6.646044e-01, 1.448629e-10, 4.867246e-10, 5.121862e+01, -1.702294e-01
2.301400e+09, 8.457130e-02, 9.543047e-01, -1.433045e+00, -6.762255e-01, 1.315355e-10, 4.868402e-10, 5.116666e+01, -1.671724e-01
2.305200e+09, 8.297283e-02, 9.544284e-01, -1.436185e+00, -6.878494e-01, 1.173754e-10, 4.869538e-10, 5.111843e+01, -1.640955e-01
2.309000e+09, 8.137116e-02, 9.545499e-01, -1.438988e+00, -6.994759e-01, 1.023182e-10, 4.870652e-10, 5.107394e+01, -1.610003e-01
2.312800e+09, 7.976686e-02, 9.546690e-01, -1.441431e+00, -7.111051e-01, 8.629383e-11, 4.871746e-10, 5.103320e+01, -1.578885e-01
2.316600e+09, 7.816055e-02, 9.547856e-01, -1.443491e+00, -7.227370e-01, 6.922598e-11, 4.872818e-10, 5.099624e+01, -1.547616e-01
2.320400e+09, 7.655288e-02, 9.548998e-01, -1.445144e+00, -7.343714e-01, 5.103123e-11, 4.873868e-10, 5.096306e+01, -1.516215e-01
2.324200e+09, 7.494454e-02, 9.550115e-01, -1.446362e+00, -7.460083e-01, 3.161865e-11, 4.874895e-10, 5.093368e+01, -1.484696e-01
2.328000e+09, 7.333626e-02, 9.551206e-01, -1.447117e+00, -7.576476e-01, 1.088902e-11, 4.875899e-10, 5.090811e+01, -1.453078e-01
2.331800e+09, 7.172883e-02, 9.552271e-01, -1.447377e+00, -7.692894e-01, -1.126588e-11, 4.876879e-10, 5.088636e+01, -1.421377e-01
2.335600e+09, 7.012309e-02, 9.553310e-01, -1.447108e+00, -7.809335e-01, -3.496405e-11, 4.877835e-10, 5.086844e+01, -1.389611e-01
2.339400e+09, 6.851995e-02, 9.554321e-01, -1.446273e+00, -7.925798e-01, -6.033399e-11, 4.878767e-10, 5.085435e+01, -1.357796e-01
2.343200e+09, 6.692036e-02, 9.555304e-01, -1.444833e+00, -8.042284e-01, -8.751554e-11, 4.879673e-10, 5.084410e+01, -1.325951e-01
2.347000e+09, 6.532538e-02, 9.556259e-01, -1.442743e+00, -8.158792e-01, -1.166606e-10, 4.880553e-10, 5.083770e+01, -1.294091e-01
2.350800e+09, 6.373614e-02, 9.557186e-01, -1.439958e+00, -8.275320e-01, -1.479338e-10, 4.881408e-10, 5.083515e+01, -1.262236e-01
2.354600e+09, 6.215384e-02, 9.558084e-01, -1.436426e+00, -8.391869e-01, -1.815130e-10, 4.882236e-10, 5.083644e+01, -1.230402e-01
2.358400e+09, 6.057982e-02, 9.558952e-01, -1.432092e+00, -8.508438e-01, -2.175898e-10, 4.883038e-10, 5.084160e+01, -1.198607e-01
2.362200e+09, 5.901550e-02, 9.559790e-01, -1.426897e+00, -8.625026e-01, -2.563694e-10, 4.883812e-10, 5.085060e+01, -1.166868e-01
2.366000e+09, 5.746247e-02, 9.560599e-01, -1.420776e+00, -8.741632e-01, -2.980703e-10, 4.884559e-10, 5.086345e+01, -1.135204e-01
2.369800e+09, 5.592241e-02, 9.561376e-01, -1.413659e+00, -8.858257e-01, -3.429231e-10, 4.885277e-10, 5.088016e+01, -1.103631e-01
2.373600e+09, 5.439721e-02, 9.562123e-01, -1.405471e+00, -8.974898e-01, -3.911690e-10, 4.885967e-10, 5.090070e+01, -1.072167e-01
2.377400e+09, 5.288888e-02, 9.562838e-01, -1.396132e+00, -9.091556e-01, -4.430559e-10, 4.886629e-10, 5.092508e+01, -1.040831e-01
2.381200e+09, 5.139968e-02, 9.563522e-01, -1.385553e+00, -9.208230e-01, -4.988346e-10, 4.887261e-10, 5.095330e+01, -1.009638e-01
2.385000e+09, 4.993205e-02, 9.564174e-01, -1.373643e+00, -9.324918e-01, -5.587512e-10, 4.887864e-10, 5.098534e+01, -9.786073e-02
2.388800e+09, 4.848868e-02, 9.564793e-01, -1.360302e+00, -9.441622e-01, -6.230384e-10, 4.888437e-10, 5.102119e+01, -9.477557e-02
2.392600e+09, 4.707253e-02, 9.565380e-01, -1.345426e+00, -9.558338e-01, -6.919022e-10, 4.888980e-10, 5.106084e+01, -9.171007e-02
2.396400e+09, 4.568682e-02, 9.565934e-01, -1.328906e+00, -9.675068e-01, -7.655054e-10, 4.889493e-10, 5.110428e+01, -8.866595e-02
2.400200e+09, 4.433511e-02, 9.566455e-01, -1.310629e+00, -9.791810e-01, -8.439457e-10, 4.889975e-10, 5.115150e+01, -8.564493e-02
2.404000e+09, 4.302127e-02, 9.566942e-01, -1.290479e+00, -9.908564e-01, -9.272284e-10, 4.890426e-10, 5.120249e+01, -8.264872e-02
2.407800e+09, 4.174954e-02, 9.567396e-01, -1.268340e+00, -1.002533e+00, -1.015234e-09, 4.890846e-10, 5.125721e+01, -7.967901e-02
2.411600e+09, 4.052453e-02, 9.567816e-01, -1.244101e+00, -1.014210e+00, -1.107676e-09, 4.891235e-10, 5.131567e+01, -7.673749e-02
2.415400e+09, 3.935120e-02, 9.568201e-01, -1.217654e+00, -1.025889e+00, -1.204062e-09, 4.891592e-10, 5.137783e+01, -7.382582e-02
2.419200e+09, 3.823491e-02, 9.568553e-01, -1.188905e+00, -1.037568e+00, -1.303641e-09, 4.891917e-10, 5.144368e+01, -7.094567e-02
2.423000e+09, 3.718135e-02, 9.568870e-01, -1.157779e+00, -1.049248e+00, -1.405360e-09, 4.892210e-10, 5.151319e+01, -6.809867e-02
2.426800e+09, 3.619652e-02, 9.569152e-01, -1.124225e+00, -1.060929e+00, -1.507828e-09, 4.892471e-10, 5.158635e+01, -6.528643e-02
2.430600e+09, 3.528669e-02, 9.569400e-01, -1.088224e+00, -1.072610e+00, -1.609287e-09, 4.892700e-10, 5.166312e+01, -6.251058e-02
2.434400e+09, 3.445825e-02, 9.569613e-01, -1.049800e+00, -1.084292e+00, -1.707622e-09, 4.892896e-10, 5.174348e+01, -5.977269e-02
2.438200e+09, 3.371760e-02, 9.569790e-01, -1.009029e+00, -1.095974e+00, -1.800398e-09, 4.893059e-10, 5.182741e+01, -5.707433e-02
2.442000e+09, 3.307103e-02, 9.569933e-01, -9.660425e-01, -1.107657e+00, -1.884947e-09, 4.893190e-10, 5.191487e+01, -5.441704e-02
2.445800e+09, 3.252447e-02, 9.570040e-01, -9.210373e-01, -1.119340e+00, -1.958511e-09, 4.893288e-10, 5.200584e+01, -5.180236e-02
2.449600e+09, 3.208331e-02, 9.570113e-01, -8.742757e-01, -1.131023e+00, -2.018418e-09, 4.893354e-10, 5.210027e+01, -4.923178e-02
2.453400e+09, 3.175217e-02, 9.570150e-01, -8.260838e-01, -1.142706e+00, -2.062300e-09, 4.893386e-10, 5.219814e+01, -4.670678e-02
2.457200e+09, 3.153468e-02, 9.570152e-01, -7.768441e-01, -1.154390e+00, -2.088308e-09, 4.893386e-10, 5.229942e+01, -4.422881e-02
2.461000e+09, 3.143332e-02, 9.570118e-01, -7.269834e-01, -1.166073e+00, -2.095297e-09, 4.893352e-10, 5.240406e+01, -4.179931e-02
2.464800e+09, 3.144928e-02, 9.570049e-01, -6.769559e-01, -1.177757e+00, -2.082949e-09, 4.893286e-10, 5.251202e+01, -3.941968e-02
2.468600e+09, 3.158237e-02, 9.569945e-01, -6.272232e-01, -1.189440e+00, -2.051805e-09, 4.893186e-10, 5.262328e+01, -3.709130e-02
2.472400e+09, 3.183110e-02, 9.569806e-01, -5.782341e-01, -1.201123e+00, -2.003210e-09, 4.893054e-10, 5.273778e+01, -3.481553e-02
2.476200e+09, 3.219266e-02, 9.569631e-01, -5.304052e-01, -1.212806e+00, -1.939169e-09, 4.892889e-10, 5.285548e+01, -3.259368e-02
2.480000e+09, 3.266317e-02, 9.569422e-01, -4.841054e-01, -1.224488e+00, -1.862149e-09, 4.892691e-10, 5.297635e+01, -3.042706e-02
2.483800e+09, 3.323780e-02, 9.569177e-01, -4.396446e-01, -1.236170e+00, -1.774865e-09, 4.892461e-10, 5.310033e+01, -2.831692e-02
2.487600e+09, 3.391100e-02, 9.568898e-01, -3.972677e-01, -1.247851e+00, -1.680069e-09, 4.892198e-10, 5.322737e+01, -2.626452e-02
2.491400e+09, 3.467675e-02, 9.568583e-01, -3.571542e-01, -1.259532e+00, -1.580377e-09, 4.891902e-10, 5.335743e+01, -2.427106e-02
2.495200e+09, 3.552872e-02, 9.568235e-01, -3.194210e-01, -1.271212e+00, -1.478147e-09, 4.891575e-10, 5.349046e+01, -2.233772e-02
2.499000e+09, 3.646050e-02, 9.567851e-01, -2.841286e-01, -1.282891e+00, -1.375403e-09, 4.891215e-10, 5.362641e+01, -2.046565e-02
2.502800e+09, 3.746574e-02, 9.567434e-01, -2.512893e-01, -1.294569e+00, -1.273805e-09, 4.890823e-10, 5.376521e+01, -1.865596e-02
2.506600e+09, 3.853823e-02, 9.566982e-01, -2.208758e-01, -1.306247e+00, -1.174654e-09, 4.890399e-10, 5.390682e+01, -1.690974e-02
2.510400e+09, 3.967207e-02, 9.566497e-01, -1.928296e-01, -1.317923e+00, -1.078919e-09, 4.889944e-10, 5.405118e+01, -1.522805e-02
2.514200e+09, 4.086166e-02, 9.565978e-01, -1.670692e-01, -1.329598e+00, -9.872782e-10, 4.889458e-10, 5.419824e+01, -1.361191e-02
2.518000e+09, 4.210174e-02, 9.565425e-01, -1.434969e-01, -1.341273e+00, -9.001659e-10, 4.888940e-10, 5.434792e+01, -1.206231e-02
2.521800e+09, 4.338744e-02, 9.564840e-01, -1.220044e-01, -1.352945e+00, -8.178199e-10, 4.888392e-10, 5.450017e+01, -1.058020e-02
2.525600e+09, 4.471428e-02, 9.564221e-01, -1.024781e-01, -1.364617e+00, -7.403239e-10, 4.887813e-10, 5.465492e+01, -9.166505e-03
2.529400e+09, 4.607811e-02, 9.563570e-01, -8.480202e-02, -1.376287e+00, -6.676451e-10, 4.887203e-10, 5.481212e+01, -7.822119e-03
2.533200e+09, 4.747516e-02, 9.562887e-01, -6.886125e-02, -1.387956e+00, -5.996664e-10, 4.886564e-10, 5.497168e+01, -6.547897e-03
2.537000e+09, 4.890197e-02, 9.562172e-01, -5.454355e-02, -1.399623e+00, -5.362117e-10, 4.885895e-10, 5.513356e+01, -5.344660e-03
2.540800e+09, 5.035538e-02, 9.561425e-01, -4.174091e-02, -1.411289e+00, -4.770664e-10, 4.885197e-10, 5.529766e+01, -4.213196e-03
2.544600e+09, 5.183252e-02, 9.560647e-01, -3.035042e-02, -1.422953e+00, -4.219931e-10, 4.884470e-10, 5.546393e+01, -3.154258e-03
2.548400e+09, 5.333078e-02, 9.559838e-01, -2.027487e-02, -1.434615e+00, -3.707436e-10, 4.883715e-10, 5.563229e+01, -2.168565e-03
2.552200e+09, 5.484776e-02, 9.558999e-01, -1.142296e-02, -1.446275e+00, -3.230672e-10, 4.882931e-10, 5.580266e+01, -1.256800e-03
2.556000e+09, 5.638130e-02, 9.558130e-01, -3.709370e-03, -1.457934e+00, -2.787171e-10, 4.882119e-10, 5.597496e+01, -4.196111e-04
2.559800e+09, 5.792940e-02, 9.557230e-01, 2.945308e-03, -1.469590e+00, -2.374547e-10, 4.881280e-10, 5.614913e+01, 3.423883e-04
2.563600e+09, 5.949026e-02, 9.556302e-01, 8.614802e-03, -1.481245e+00, -1.990524e-10, 4.880414e-10, 5.632507e+01, 1.028621e-03
2.567400e+09, 6.106221e-02, 9.555345e-01, 1.336740e-02, -1.492898e+00, -1.632948e-10, 4.879522e-10, 5.650271e+01, 1.638545e-03
2.571200e+09, 6.264373e-02, 9.554359e-01, 1.726624e-02, -1.504548e+00, -1.299803e-10, 4.878603e-10, 5.668195e+01, 2.171655e-03
2.575000e+09, 6.423342e-02, 9.553346e-01, 2.036966e-02, -1.516196e+00, -9.892073e-11, 4.877659e-10, 5.686272e+01, 2.627480e-03
2.578800e+09, 6.583000e-02, 9.552305e-01, 2.273151e-02, -1.527842e+00, -6.994166e-11, 4.876689e-10, 5.704493e+01, 3.005588e-03
2.582600e+09, 6.743227e-02, 9.551237e-01, 2.440144e-02, -1.539486e+00, -4.288175e-11, 4.875695e-10, 5.722849e+01, 3.305581e-03
2.586400e+09, 6.903914e-02, 9.550143e-01, 2.542529e-02, -1.551127e+00, -1.759222e-11, 4.874676e-10, 5.741330e+01, 3.527099e-03
2.590200e+09, 7.064959e-02, 9.549022e-01, 2.584532e-02, -1.562766e+00, 6.063813e-12, 4.873634e-10, 5.759928e+01, 3.669817e-03
2.594000e+09, 7.226268e-02, 9.547877e-01, 2.570054e-02, -1.574402e+00, 2.821213e-11, 4.872569e-10, 5.778633e+01, 3.733450e-03
2.597800e+09, 7.387753e-02, 9.546706e-01, 2.502695e-02, -1.586036e+00, 4.896818e-11, 4.871481e-10, 5.797435e+01, 3.717746e-03
2.601600e+09, 7.549332e-02, 9.545511e-01, 2.385778e-02, -1.597667e+00, 6.843785e-11, 4.870371e-10, 5.816325e+01, 3.622494e-03
2.605400e+09, 7.710928e-02, 9.544292e-01, 2.222375e-02, -1.609296e+00, 8.671822e-11, 4.869239e-10, 5.835293e+01, 3.447517e-03
2.609200e+09, 7.872471e-02, 9.543050e-01, 2.015326e-02, -1.620922e+00, 1.038983e-10, 4.868086e-10, 5.854328e+01, 3.192680e-03
2.613000e+09, 8.033892e-02, 9.541786e-01, 1.767257e-02, -1.632545e+00, 1.200596e-10, 4.866912e-10, 5.873421e+01, 2.857880e-03
2.616800e+09, 8.195128e-02, 9.540499e-01, 1.480601e-02, -1.644165e+00, 1.352770e-10, 4.865719e-10, 5.892560e+01, 2.443058e-03
2.620600e+09, 8.356119e-02, 9.539191e-01, 1.157613e-02, -1.655782e+00, 1.496190e-10, 4.864506e-10, 5.911736e+01, 1.948187e-03
2.624400e+09, 8.516810e-02, 9.537862e-01, 8.003808e-03, -1.667397e+00, 1.631485e-10, 4.863275e-10, 5.930937e+01, 1.373284e-03
2.628200e+09, 8.677146e-02, 9.536513e-01, 4.108457e-03, -1.679009e+00, 1.759234e-10, 4.862025e-10, 5.950153e+01, 7.184006e-04
2.632000e+09, 8.837078e-02, 9.535144e-01, -9.190824e-05, -1.690617e+00, 1.879966e-10, 4.860758e-10, 5.969372e+01, -1.637186e-05
2.635800e+09, 8.996556e-02, 9.533757e-01, -4.580535e-03, -1.702223e+00, 1.994170e-10, 4.859473e-10, 5.988584e+01, -8.309030e-04
2.639600e+09, 9.155536e-02, 9.532350e-01, -9.341837e-03, -1.713825e+00, 2.102294e-10, 4.858173e-10, 6.007776e+01, -1.725024e-03
2.643400e+09, 9.313973e-02, 9.530927e-01, -1.436130e-02, -1.725425e+00, 2.204750e-10, 4.856856e-10, 6.026938e+01, -2.698526e-03
2.647200e+09, 9.471826e-02, 9.529486e-01, -1.962538e-02, -1.737021e+00, 2.301920e-10, 4.855524e-10, 6.046058e+01, -3.751161e-03
2.651000e+09, 9.629054e-02, 9.528028e-01, -2.512147e-02, -1.748614e+00, 2.394152e-10, 4.854178e-10, 6.065124e+01, -4.882643e-03
2.654800e+09, 9.785620e-02, 9.526555e-01, -3.083777e-02, -1.760204e+00, 2.481772e-10, 4.852817e-10, 6.084125e+01, -6.092645e-03
2.658600e+09, 9.941487e-02, 9.525067e-01, -3.676328e-02, -1.771791e+00, 2.565078e-10, 4.851444e-10, 6.103047e+01, -7.380800e-03
2.662400e+09, 1.009662e-01, 9.523565e-01, -4.288768e-02, -1.783374e+00, 2.644346e-10, 4.850058e-10, 6.121880e+01, -8.746702e-03
2.666200e+09, 1.025098e-01, 9.522048e-01, -4.920135e-02, -1.794954e+00, 2.719831e-10, 4.848659e-10, 6.140611e+01, -1.018990e-02
2.670000e+09, 1.040454e-01, 9.520519e-01, -5.569525e-02, -1.806531e+00, 2.791769e-10, 4.847249e-10, 6.159227e+01, -1.170992e-02
2.673800e+09, 1.055727e-01, 9.518978e-01, -6.236090e-02, -1.818104e+00, 2.860380e-10, 4.845829e-10, 6.177717e+01, -1.330622e-02
2.677600e+09, 1.070914e-01, 9.517424e-01, -6.919038e-02, -1.829674e+00, 2.925868e-10, 4.844398e-10, 6.196067e+01, -1.497823e-02
2.681400e+09, 1.086011e-01, 9.515860e-01, -7.617621e-02, -1.841241e+00, 2.988419e-10, 4.842958e-10, 6.214266e+01, -1.672536e-02
2.685200e+09, 1.101016e-01, 9.514286e-01, -8.331139e-02, -1.852804e+00, 3.048211e-10, 4.841510e-10, 6.232300e+01, -1.854695e-02
2.689000e+09, 1.115926e-01, 9.512702e-01, -9.058933e-02, -1.864363e+00, 3.105405e-10, 4.840053e-10, 6.250157e+01, -2.044230e-02
2.692800e+09, 1.130738e-01, 9.511109e-01, -9.800383e-02, -1.875919e+00, 3.160154e-10, 4.838588e-10, 6.267825e+01, -2.241070e-02
2.696600e+09, 1.145450e-01, 9.509508e-01, -1.055490e-01, -1.887472e+00, 3.212598e-10, 4.837117e-10, 6.285290e+01, -2.445136e-02
2.700400e+09, 1.160059e-01, 9.507900e-01, -1.132195e-01, -1.899021e+00, 3.262870e-10, 4.835639e-10, 6.302540e+01, -2.656348e-02
2.704200e+09, 1.174563e-01, 9.506285e-01, -1.210099e-01, -1.910567e+00, 3.311091e-10, 4.834156e-10, 6.319562e+01, -2.874620e-02
2.708000e+09, 1.188959e-01, 9.504664e-01, -1.289155e-01, -1.922109e+00, 3.357378e-10, 4.832669e-10, 6.336344e+01, -3.099863e-02
2.711800e+09, 1.203245e-01, 9.503038e-01, -1.369316e-01, -1.933648e+00, 3.401836e-10, 4.831177e-10, 6.352872e+01, -3.331983e-02
2.715600e+09, 1.217418e-01, 9.501407e-01, -1.450539e-01, -1.945183e+00, 3.444566e-10, 4.829681e-10, 6.369133e+01, -3.570882e-02
2.719400e+09, 1.231477e-01, 9.499773e-01, -1.532782e-01, -1.956714e+00, 3.485662e-10, 4.828183e-10, 6.385117e+01, -3.816460e-02
2.723200e+09, 1.245420e-01, 9.498135e-01, -1.616006e-01, -1.968242e+00, 3.525212e-10, 4.826682e-10, 6.400808e+01, -4.068609e-02
2.727000e+09, 1.259243e-01, 9.496495e-01, -1.700174e-01, -1.979766e+00, 3.563297e-10, 4.825180e-10, 6.416196e+01, -4.327222e-02
2.730800e+09, 1.272945e-01, 9.494853e-01, -1.785252e-01, -1.991287e+00, 3.599997e-10, 4.823677e-10, 6.431267e+01, -4.592183e-02
2.734600e+09, 1.286524e-01, 9.493211e-01, -1.871206e-01, -2.002804e+00, 3.635381e-10, 4.822174e-10, 6.446010e+01, -4.863376e-02
2.738400e+09, 1.299978e-01, 9.491568e-01, -1.958005e-01, -2.014317e+00, 3.669520e-10, 4.820671e-10, 6.460412e+01, -5.140679e-02
2.742200e+09, 1.313305e-01, 9.489926e-01, -2.045618e-01, -2.025827e+00, 3.702477e-10, 4.819169e-10, 6.474460e+01, -5.423965e-02
2.746000e+09, 1.326503e-01, 9.488285e-01, -2.134019e-01, -2.037333e+00, 3.734312e-10, 4.817669e-10, 6.488143e+01, -5.713107e-02
2.749800e+09, 1.339570e-01, 9.486646e-01, -2.223180e-01, -2.048836e+00, 3.765082e-10, 4.816172e-10, 6.501449e+01, -6.007970e-02
2.753600e+09, 1.352505e-01, 9.485010e-01, -2.313075e-01, -2.060335e+00, 3.794841e-10, 4.814677e-10, 6.514367e+01, -6.308417e-02
2.757400e+09, 1.365305e-01, 9.483377e-01, -2.403681e-01, -2.071831e+00, 3.823638e-10, 4.813186e-10, 6.526884e+01, -6.614309e-02
2.761200e+09, 1.377969e-01, 9.481748e-01, -2.494975e-01, -2.083323e+00, 3.851522e-10, 4.811700e-10, 6.538991e+01, -6.925501e-02
2.765000e+09, 1.390495e-01, 9.480124e-01, -2.586934e-01, -2.094811e+00, 3.878536e-10, 4.810218e-10, 6.550674e+01, -7.241844e-02
2.768800e+09, 1.402882e-01, 9.478505e-01, -2.679539e-01, -2.106296e+00, 3.904725e-10, 4.808742e-10, 6.561925e+01, -7.563187e-02
2.772600e+09, 1.415127e-01, 9.476893e-01, -2.772768e-01, -2.117778e+00, 3.930127e-10, 4.807273e-10, 6.572731e+01, -7.889376e-02
2.776400e+09, 1.427229e-01, 9.475287e-01, -2.866604e-01, -2.129255e+00, 3.954780e-10, 4.805810e-10, 6.583084e+01, -8.220251e-02
2.780200e+09, 1.439186e-01, 9.473689e-01, -2.961029e-01, -2.140730e+00, 3.978721e-10, 4.804354e-10, 6.592972e+01, -8.555652e-02
2.784000e+09, 1.450998e-01, 9.472100e-01, -3.056025e-01, -2.152201e+00, 4.001983e-10, 4.802907e-10, 6.602386e+01, -8.895413e-02
2.787800e+09, 1.462661e-01, 9.470519e-01, -3.151577e-01, -2.163668e+00, 4.024598e-10, 4.801469e-10, 6.611318e+01, -9.239367e-02
2.791600e+09, 1.474176e-01, 9.468948e-01, -3.247669e-01, -2.175132e+00, 4.046598e-10, 4.800040e-10, 6.619757e+01, -9.587342e-02
2.795400e+09, 1.485540e-01, 9.467387e-01, -3.344286e-01, -2.186593e+00, 4.068011e-10, 4.798621e-10, 6.627695e+01, -9.939165e-02
2.799200e+09, 1.496751e-01, 9.465837e-01, -3.441414e-01, -2.198050e+00, 4.088864e-10, 4.797212e-10, 6.635123e+01, -1.029466e-01
2.803000e+09, 1.507809e-01, 9.464299e-01, -3.539040e-01, -2.209504e+00, 4.109184e-10, 4.795815e-10, 6.642034e+01, -1.065364e-01
2.806800e+09, 1.518712e-01, 9.462774e-01, -3.637152e-01, -2.220955e+00, 4.128995e-10, 4.794429e-10, 6.648420e+01, -1.101594e-01
2.810600e+09, 1.529459e-01, 9.461261e-01, -3.735736e-01, -2.232402e+00, 4.148321e-10, 4.793056e-10, 6.654274e+01, -1.138136e-01
2.814400e+09, 1.540048e-01, 9.459762e-01, -3.834782e-01, -2.243846e+00, 4.167184e-10, 4.791696e-10, 6.659589e+01, -1.174972e-01
2.818200e+09, 1.550477e-01, 9.458277e-01, -3.934278e-01, -2.255286e+00, 4.185606e-10, 4.790349e-10, 6.664358e+01, -1.212082e-01
2.822000e+09, 1.560746e-01, 9.456807e-01, -4.034214e-01, -2.266724e+00, 4.203608e-10, 4.789017e-10, 6.668576e+01, -1.249449e-01
2.825800e+09, 1.570854e-01, 9.455352e-01, -4.134580e-01, -2.278158e+00, 4.221208e-10, 4.787699e-10, 6.672237e+01, -1.287051e-01
2.829600e+09, 1.580798e-01, 9.453914e-01, -4.235366e-01, -2.289589e+00, 4.238425e-10, 4.786396e-10, 6.675336e+01, -1.324871e-01
2.833400e+09, 1.590578e-01, 9.452492e-01, -4.336563e-01, -2.301017e+00, 4.255276e-10, 4.785109e-10, 6.677868e+01, -1.362888e-01
2.837200e+09, 1.600193e-01, 9.451088e-01, -4.438162e-01, -2.312442e+00, 4.271779e-10, 4.783839e-10, 6.679830e+01, -1.401083e-01
2.841000e+09, 1.609641e-01, 9.449701e-01, -4.540156e-01, -2.323864e+00, 4.287950e-10, 4.782585e-10, 6.681217e+01, -1.439435e-01
2.844800e+09, 1.618920e-01, 9.448334e-01, -4.642535e-01, -2.335283e+00, 4.303804e-10, 4.781349e-10, 6.682026e+01, -1.477925e-01
2.848600e+09, 1.628031e-01, 9.446985e-01, -4.745293e-01, -2.346699e+00, 4.319356e-10, 4.780130e-10, 6.682255e+01, -1.516532e-01
2.852400e+09, 1.636972e-01, 9.445656e-01, -4.848423e-01, -2.358112e+00, 4.334620e-10, 4.778930e-10, 6.681901e+01, -1.555236e-01
2.856200e+09, 1.645741e-01, 9.444347e-01, -4.951916e-01, -2.369523e+00, 4.349608e-10, 4.777749e-10, 6.680963e+01, -1.594017e-01
2.860000e+09, 1.654338e-01, 9.443059e-01, -5.055768e-01, -2.380930e+00, 4.364336e-10, 4.776588e-10, 6.679439e+01, -1.632853e-01
2.863800e+09, 1.662761e-01, 9.441793e-01, -5.159971e-01, -2.392335e+00, 4.378813e-10, 4.775447e-10, 6.677330e+01, -1.671726e-01
2.867600e+09, 1.671009e-01, 9.440548e-01, -5.264520e-01, -2.403737e+00, 4.393054e-10, 4.774326e-10, 6.674633e+01, -1.710614e-01
2.871400e+09, 1.679082e-01, 9.439325e-01, -5.369409e-01, -2.415136e+00, 4.407068e-10, 4.773226e-10, 6.671351e+01, -1.749497e-01
2.875200e+09, 1.686978e-01, 9.438126e-01, -5.474633e-01, -2.426532e+00, 4.420867e-10, 4.772147e-10, 6.667483e+01, -1.788354e-01
2.879000e+09, 1.694697e-01, 9.436950e-01, -5.580186e-01, -2.437926e+00, 4.434461e-10, 4.771090e-10, 6.663031e+01, -1.827165e-01
2.882800e+09, 1.702237e-01, 9.435798e-01, -5.686064e-01, -2.449318e+00, 4.447860e-10, 4.770056e-10, 6.657996e+01, -1.865909e-01
2.886600e+09, 1.709597e-01, 9.434670e-01, -5.792261e-01, -2.460707e+00, 4.461075e-10, 4.769044e-10, 6.652381e+01, -1.904566e-01
2.890400e+09, 1.716776e-01, 9.433568e-01, -5.898774e-01, -2.472094e+00, 4.474114e-10, 4.768056e-10, 6.646189e+01, -1.943116e-01
2.894200e+09, 1.723774e-01, 9.432490e-01, -6.005599e-01, -2.483478e+00, 4.486987e-10, 4.767091e-10, 6.639422e+01, -1.981538e-01
2.898000e+09, 1.730589e-01, 9.431439e-01, -6.112731e-01, -2.494860e+00, 4.499701e-10, 4.766151e-10, 6.632086e+01, -2.019812e-01
2.901800e+09, 1.737222e-01, 9.430413e-01, -6.220166e-01, -2.506240e+00, 4.512267e-10, 4.765234e-10, 6.624182e+01, -2.057919e-01
2.905600e+09, 1.743669e-01, 9.429415e-01, -6.327901e-01, -2.517617e+00, 4.524690e-10, 4.764343e-10, 6.615717e+01, -2.095837e-01
2.909400e+09, 1.749932e-01, 9.428443e-01, -6.435933e-01, -2.528992e+00, 4.536980e-10, 4.763477e-10, 6.606695e+01, -2.133548e-01
2.913200e+09, 1.756009e-01, 9.427499e-01, -6.544259e-01, -2.540366e+00, 4.549144e-10, 4.762637e-10, 6.597122e+01, -2.171031e-01
2.917000e+09, 1.761899e-01, 9.426583e-01, -6.652874e-01, -2.551737e+00, 4.561189e-10, 4.761822e-10, 6.587003e+01, -2.208267e-01
2.920800e+09, 1.767602e-01, 9.425695e-01, -6.761778e-01, -2.563106e+00, 4.573122e-10, 4.761034e-10, 6.576346e+01, -2.245237e-01
2.924600e+09, 1.773116e-01, 9.424836e-01, -6.870966e-01, -2.574474e+00, 4.584950e-10, 4.760273e-10, 6.565156e+01, -2.281922e-01
2.928400e+09, 1.778441e-01, 9.424006e-01, -6.980437e-01, -2.585840e+00, 4.596679e-10, 4.759539e-10, 6.553442e+01, -2.318302e-01
2.932200e+09, 1.783577e-01, 9.423205e-01, -7.090188e-01, -2.597204e+00, 4.608316e-10, 4.758832e-10, 6.541209e+01, -2.354359e-01
2.936000e+09, 1.788522e-01, 9.422434e-01, -7.200216e-01, -2.608566e+00, 4.619868e-10, 4.758153e-10, 6.528467e+01, -2.390074e-01
2.939800e+09, 1.793275e-01, 9.421693e-01, -7.310521e-01, -2.619926e+00, 4.631339e-10, 4.757502e-10, 6.515224e+01, -2.425429e-01
2.943600e+09, 1.797837e-01, 9.420983e-01, -7.421099e-01, -2.631285e+00, 4.642737e-10, 4.756879e-10, 6.501487e+01, -2.460406e-01
2.947400e+09, 1.802206e-01, 9.420303e-01, -7.531950e-01, -2.642643e+00, 4.654067e-10, 4.756285e-10, 6.487267e+01, -2.494988e-01
2.951200e+09, 1.806382e-01, 9.419654e-01, -7.643071e-01, -2.653999e+00, 4.665333e-10, 4.755720e-10, 6.472572e+01, -2.529155e-01
2.955000e+09, 1.810364e-01, 9.419036e-01, -7.754461e-01, -2.665354e+00, 4.676543e-10, 4.755183e-10, 6.457412e+01, -2.562892e-01
2.958800e+09, 1.814151e-01, 9.418450e-01, -7.866118e-01, -2.676708e+00, 4.687700e-10, 4.754677e-10, 6.441796e+01, -2.596181e-01
2.962600e+09, 1.817744e-01, 9.417895e-01, -7.978042e-01, -2.688060e+00, 4.698811e-10, 4.754199e-10, 6.425735e+01, -2.629005e-01
2.966400e+09, 1.821140e-01, 9.417372e-01, -8.090232e-01, -2.699411e+00, 4.709880e-10, 4.753752e-10, 6.409238e+01, -2.661348e-01
2.970200e+09, 1.824341e-01, 9.416882e-01, -8.202685e-01, -2.710761e+00, 4.720912e-10, 4.753334e-10, 6.392318e+01, -2.693193e-01
2.974000e+09, 1.827345e-01, 9.416424e-01, -8.315402e-01, -2.722110e+00, 4.731912e-10, 4.752947e-10, 6.374983e+01, -2.724525e-01
2.977800e+09, 1.830152e-01, 9.415998e-01, -8.428382e-01, -2.733458e+00, 4.742885e-10, 4.752590e-10, 6.357245e+01, -2.755328e-01
2.981600e+09, 1.832760e-01, 9.415605e-01, -8.541623e-01, -2.744806e+00, 4.753835e-10, 4.752264e-10, 6.339116e+01, -2.785588e-01
2.985400e+09, 1.835171e-01, 9.415245e-01, -8.655126e-01, -2.756152e+00, 4.764768e-10, 4.751969e-10, 6.320606e+01, -2.815287e-01
2.989200e+09, 1.837383e-01, 9.414918e-01, -8.768891e-01, -2.767498e+00, 4.775687e-10, 4.751704e-10, 6.301728e+01, -2.844413e-01
2.993000e+09, 1.839396e-01, 9.414625e-01, -8.882915e-01, -2.778843e+00, 4.786597e-10, 4.751470e-10, 6.282492e+01, -2.872951e-01
2.996800e+09, 1.841210e-01, 9.414364e-01, -8.997201e-01, -2.790188e+00, 4.797503e-10, 4.751268e-10, 6.262911e+01, -2.900887e-01
3.000600e+09, 1.842823e-01, 9.414137e-01, -9.111746e-01, -2.801532e+00, 4.808409e-10, 4.751096e-10, 6.242996e+01, -2.928206e-01
3.004400e+09, 1.844237e-01, 9.413944e-01, -9.226552e-01, -2.812876e+00, 4.819318e-10, 4.750956e-10, 6.222759e+01, -2.954896e-01
3.008200e+09, 1.845449e-01, 9.413784e-01, -9.341619e-01, -2.824219e+00, 4.830237e-10, 4.750848e-10, 6.202213e+01, -2.980944e-01
3.012000e+09, 1.846461e-01, 9.413658e-01, -9.456946e-01, -2.835563e+00, 4.841168e-10, 4.750770e-10, 6.181369e+01, -3.006336e-01
3.015800e+09, 1.847272e-01, 9.413565e-01, -9.572534e-01, -2.846906e+00, 4.852116e-10, 4.750725e-10, 6.160240e+01, -3.031061e-01
3.019600e+09, 1.847881e-01, 9.413506e-01, -9.688384e-01, -2.858248e+00, 4.863085e-10, 4.750710e-10, 6.138837e+01, -3.055106e-01
3.023400e+09, 1.848288e-01, 9.413481e-01, -9.804496e-01, -2.869591e+00, 4.874079e-10, 4.750728e-10, 6.117174e+01, -3.078459e-01
3.027200e+09, 1.848493e-01, 9.413490e-01, -9.920870e-01, -2.880934e+00, 4.885104e-10, 4.750777e-10, 6.095262e+01, -3.101110e-01
3.031000e+09, 1.848496e-01, 9.413532e-01, -1.003751e+00, -2.892277e+00, 4.896162e-10, 4.750857e-10, 6.073114e+01, -3.123046e-01
3.034800e+09, 1.848297e-01, 9.413608e-01, -1.015441e+00, -2.903620e+00, 4.907258e-10, 4.750969e-10, 6.050742e+01, -3.144258e-01
3.038600e+09, 1.847895e-01, 9.413718e-01, -1.027157e+00, -2.914964e+00, 4.918396e-10, 4.751112e-10, 6.028158e+01, -3.164734e-01
3.042400e+09, 1.847290e-01, 9.413862e-01, -1.038901e+00, -2.926308e+00, 4.929581e-10, 4.751287e-10, 6.005375e+01, -3.184464e-01
3.046200e+09, 1.846482e-01, 9.414038e-01, -1.050671e+00, -2.937652e+00, 4.940817e-10, 4.751493e-10, 5.982405e+01, -3.203439e-01
3.050000e+09, 1.845471e-01, 9.414249e-01, -1.062467e+00, -2.948997e+00, 4.952107e-10, 4.751731e-10, 5.959259e+01, -3.221649e-01
3.053800e+09, 1.844257e-01, 9.414493e-01, -1.074291e+00, -2.960342e+00, 4.963457e-10, 4.751999e-10, 5.935951e+01, -3.239085e-01
3.057600e+09, 1.842840e-01, 9.414770e-01, -1.086142e+00, -2.971688e+00, 4.974872e-10, 4.752299e-10, 5.912491e+01, -3.255738e-01
3.061400e+09, 1.841219e-01, 9.415080e-01, -1.098020e+00, -2.983034e+00, 4.986354e-10, 4.752630e-10, 5.888894e+01, -3.271600e-01
3.065200e+09, 1.839396e-01, 9.415423e-01, -1.109925e+00, -2.994382e+00, 4.997909e-10, 4.752991e-10, 5.865169e+01, -3.286661e-01
3.069000e+09, 1.837369e-01, 9.415799e-01, -1.121858e+00, -3.005730e+00, 5.009542e-10, 4.753383e-10, 5.841329e+01, -3.300915e-01
3.072800e+09, 1.835139e-01, 9.416208e-01, -1.133819e+00, -3.017079e+00, 5.021257e-10, 4.753805e-10, 5.817386e+01, -3.314354e-01
3.076600e+09, 1.832706e-01, 9.416649e-01, -1.145808e+00, -3.028430e+00, 5.033059e-10, 4.754258e-10, 5.793352e+01, -3.326970e-01
3.080400e+09, 1.830070e-01, 9.417123e-01, -1.157825e+00, -3.039781e+00, 5.044952e-10, 4.754740e-10, 5.769237e+01, -3.338756e-01
3.084200e+09, 1.827231e-01, 9.417628e-01, -1.169870e+00, -3.051133e+00, 5.056943e-10, 4.755253e-10, 5.745054e+01, -3.349706e-01
3.088000e+09, 1.824189e-01, 9.418166e-01, -1.181944e+00, -3.062487e+00, 5.069035e-10, 4.755795e-10, 5.720815e+01, -3.359813e-01
3.091800e+09, 1.820944e-01, 9.418735e-01, -1.194047e+00, -3.073842e+00, 5.081234e-10, 4.756366e-10, 5.696529e+01, -3.369071e-01
3.095600e+09, 1.817497e-01, 9.419335e-01, -1.206179e+00, -3.085198e+00, 5.093545e-10, 4.756966e-10, 5.672209e+01, -3.377474e-01
3.099400e+09, 1.813848e-01, 9.419966e-01, -1.218341e+00, -3.096556e+00, 5.105974e-10, 4.757595e-10, 5.647866e+01, -3.385017e-01
3.103200e+09, 1.809996e-01, 9.420628e-01, -1.230532e+00, -3.107916e+00, 5.118526e-10, 4.758253e-10, 5.623509e+01, -3.391694e-01
3.107000e+09, 1.805943e-01, 9.421321e-01, -1.242753e+00, -3.119276e+00, 5.131208e-10, 4.758939e-10, 5.599152e+01, -3.397502e-01
3.110800e+09, 1.801689e-01, 9.422044e-01, -1.255004e+00, -3.130639e+00, 5.144024e-10, 4.759652e-10, 5.574802e+01, -3.402434e-01
3.114600e+09, 1.797233e-01, 9.422797e-01, -1.267286e+00, 3.141182e+00, 5.156982e-10, 4.760393e-10, 5.550473e+01, -3.406487e-01
3.118400e+09, 1.792576e-01, 9.423579e-01, -1.279599e+00, 3.129816e+00, 5.170087e-10, 4.761161e-10, 5.526173e+01, -3.409656e-01
3.122200e+09, 1.787719e-01, 9.424390e-01, -1.291943e+00, 3.118448e+00, 5.183346e-10, 4.761956e-10, 5.501913e+01, -3.411939e-01
3.126000e+09, 1.782662e-01, 9.425230e-01, -1.304319e+00, 3.107079e+00, 5.196765e-10, 4.762778e-10, 5.477704e+01, -3.413331e-01
3.129800e+09, 1.777406e-01, 9.426099e-01, -1.316727e+00, 3.095707e+00, 5.210352e-10, 4.763625e-10, 5.453555e+01, -3.413830e-01
3.133600e+09, 1.771950e-01, 9.426996e-01, -1.329167e+00, 3.084333e+00, 5.224115e-10, 4.764498e-10, 5.429476e+01, -3.413432e-01
3.137400e+09, 1.766296e-01, 9.427920e-01, -1.341640e+00, 3.072958e+00, 5.238059e-10, 4.765396e-10, 5.405477e+01, -3.412136e-01
3.141200e+09, 1.760443e-01, 9.428871e-01, -1.354147e+00, 3.061580e+00, 5.252193e-10, 4.766319e-10, 5.381568e+01, -3.409938e-01
3.145000e+09, 1.754393e-01, 9.429850e-01, -1.366687e+00, 3.050200e+00, 5.266526e-10, 4.767266e-10, 5.357757e+01, -3.406837e-01
3.148800e+09, 1.748146e-01, 9.430854e-01, -1.379261e+00, 3.038817e+00, 5.281064e-10, 4.768237e-10, 5.334055e+01, -3.402832e-01
3.152600e+09, 1.741702e-01, 9.431885e-01, -1.391870e+00, 3.027433e+00, 5.295818e-10, 4.769232e-10, 5.310471e+01, -3.397920e-01
3.156400e+09, 1.735063e-01, 9.432941e-01, -1.404515e+00, 3.016046e+00, 5.310796e-10, 4.770249e-10, 5.287013e+01, -3.392102e-01
3.160200e+09, 1.728228e-01, 9.434022e-01, -1.417195e+00, 3.004656e+00, 5.326008e-10, 4.771288e-10, 5.263691e+01, -3.385376e-01
3.164000e+09, 1.721199e-01, 9.435128e-01, -1.429911e+00, 2.993264e+00, 5.341462e-10, 4.772350e-10, 5.240514e+01, -3.377742e-01
3.167800e+09, 1.713976e-01, 9.436257e-01, -1.442665e+00, 2.981870e+00, 5.357170e-10, 4.773433e-10, 5.217490e+01, -3.369199e-01
3.171600e+09, 1.706560e-01, 9.437411e-01, -1.455455e+00, 2.970472e+00, 5.373142e-10, 4.774536e-10, 5.194627e+01, -3.359749e-01
3.175400e+09, 1.698952e-01, 9.438587e-01, -1.468284e+00, 2.959073e+00, 5.389389e-10, 4.775660e-10, 5.171935e+01, -3.349392e-01
3.179200e+09, 1.691153e-01, 9.439786e-01, -1.481152e+00, 2.947670e+00, 5.405923e-10, 4.776804e-10, 5.149421e+01, -3.338129e-01
3.183000e+09, 1.683163e-01, 9.441006e-01, -1.494059e+00, 2.936265e+00, 5.422756e-10, 4.777967e-10, 5.127094e+01, -3.325961e-01
3.186800e+09, 1.674984e-01, 9.442248e-01, -1.507007e+00, 2.924857e+00, 5.439900e-10, 4.779148e-10, 5.104962e+01, -3.312889e-01
3.190600e+09, 1.666616e-01, 9.443511e-01, -1.519995e+00, 2.913446e+00, 5.457368e-10, 4.780347e-10, 5.083032e+01, -3.298916e-01
3.194400e+09, 1.658060e-01, 9.444795e-01, -1.533025e+00, 2.902033e+00, 5.475175e-10, 4.781564e-10, 5.061312e+01, -3.284044e-01
3.198200e+09, 1.649317e-01, 9.446098e-01, -1.546098e+00, 2.890616e+00, 5.493335e-10, 4.782798e-10, 5.039811e+01, -3.268275e-01
3.202000e+09, 1.640389e-01, 9.447420e-01, -1.559214e+00, 2.879197e+00, 5.511862e-10, 4.784048e-10, 5.018536e+01, -3.251613e-01
3.205800e+09, 1.631275e-01, 9.448761e-01, -1.572374e+00, 2.867774e+00, 5.530774e-10, 4.785314e-10, 4.997494e+01, -3.234061e-01
3.209600e+09, 1.621979e-01, 9.450120e-01, -1.585579e+00, 2.856349e+00, 5.550085e-10, 4.786595e-10, 4.976692e+01, -3.215623e-01
3.213400e+09, 1.612499e-01, 9.451497e-01, -1.598831e+00, 2.844920e+00, 5.569815e-10, 4.787891e-10, 4.956138e+01, -3.196303e-01
3.217200e+09, 1.602839e-01, 9.452890e-01, -1.612129e+00, 2.833489e+00, 5.589981e-10, 4.789200e-10, 4.935839e+01, -3.176105e-01
3.221000e+09, 1.592998e-01, 9.454300e-01, -1.625476e+00, 2.822054e+00, 5.610603e-10, 4.790523e-10, 4.915802e+01, -3.155035e-01
3.224800e+09, 1.582978e-01, 9.455725e-01, -1.638872e+00, 2.810616e+00, 5.631700e-10, 4.791858e-10, 4.896034e+01, -3.133097e-01
3.228600e+09, 1.572781e-01, 9.457166e-01, -1.652318e+00, 2.799175e+00, 5.653295e-10, 4.793206e-10, 4.876541e+01, -3.110298e-01
3.232400e+09, 1.562407e-01, 9.458621e-01, -1.665816e+00, 2.787731e+00, 5.675408e-10, 4.794564e-10, 4.857331e+01, -3.086644e-01
3.236200e+09, 1.551859e-01, 9.460090e-01, -1.679367e+00, 2.776283e+00, 5.698065e-10, 4.795934e-10, 4.838409e+01, -3.062141e-01
3.240000e+09, 1.541136e-01, 9.461572e-01, -1.692972e+00, 2.764832e+00, 5.721289e-10, 4.797314e-10, 4.819783e+01, -3.036797e-01
3.243800e+09, 1.530242e-01, 9.463067e-01, -1.706632e+00, 2.753378e+00, 5.745106e-10, 4.798704e-10, 4.801458e+01, -3.010618e-01
3.247600e+09, 1.519176e-01, 9.464573e-01, -1.720349e+00, 2.741921e+00, 5.769545e-10, 4.800103e-10, 4.783441e+01, -2.983612e-01
3.251400e+09, 1.507942e-01, 9.466091e-01, -1.734124e+00, 2.730460e+00, 5.794634e-10, 4.801510e-10, 4.765738e+01, -2.955789e-01
3.255200e+09, 1.496540e-01, 9.467620e-01, -1.747960e+00, 2.718996e+00, 5.820404e-10, 4.802925e-10, 4.748355e+01, -2.927156e-01
3.259000e+09, 1.484971e-01, 9.469159e-01, -1.761856e+00, 2.707528e+00, 5.846887e-10, 4.804347e-10, 4.731298e+01, -2.897724e-01
3.262800e+09, 1.473238e-01, 9.470707e-01, -1.775816e+00, 2.696058e+00, 5.874117e-10, 4.805776e-10, 4.714572e+01, -2.867501e-01
3.266600e+09, 1.461342e-01, 9.472265e-01, -1.789842e+00, 2.684583e+00, 5.902130e-10, 4.807211e-10, 4.698185e+01, -2.836498e-01
3.270400e+09, 1.449285e-01, 9.473830e-01, -1.803934e+00, 2.673105e+00, 5.930964e-10, 4.808651e-10, 4.682140e+01, -2.804725e-01
3.274200e+09, 1.437069e-01, 9.475403e-01, -1.818094e+00, 2.661624e+00, 5.960659e-10, 4.810097e-10, 4.666444e+01, -2.772194e-01
3.278000e+09, 1.424695e-01, 9.476983e-01, -1.832326e+00, 2.650140e+00, 5.991259e-10, 4.811546e-10, 4.651102e+01, -2.738916e-01
3.281800e+09, 1.412165e-01, 9.478569e-01, -1.846631e+00, 2.638652e+00, 6.022807e-10, 4.813000e-10, 4.636120e+01, -2.704904e-01
3.285600e+09, 1.399481e-01, 9.480161e-01, -1.861011e+00, 2.627160e+00, 6.055353e-10, 4.814457e-10, 4.621502e+01, -2.670169e-01
3.289400e+09, 1.386645e-01, 9.481758e-01, -1.875469e+00, 2.615665e+00, 6.088947e-10, 4.815916e-10, 4.607254e+01, -2.634725e-01
3.293200e+09, 1.373659e-01, 9.483360e-01, -1.890007e+00, 2.604166e+00, 6.123642e-10, 4.817378e-10, 4.593380e+01, -2.598586e-01
3.297000e+09, 1.360525e-01, 9.484965e-01, -1.904628e+00, 2.592664e+00, 6.159495e-10, 4.818842e-10, 4.579887e+01, -2.561765e-01
3.300800e+09, 1.347246e-01, 9.486573e-01, -1.919334e+00, 2.581159e+00, 6.196569e-10, 4.820306e-10, 4.566777e+01, -2.524278e-01
3.304600e+09, 1.333822e-01, 9.488184e-01, -1.934129e+00, 2.569650e+00, 6.234925e-10, 4.821772e-10, 4.554057e+01, -2.486138e-01
3.308400e+09, 1.320257e-01, 9.489797e-01, -1.949016e+00, 2.558137e+00, 6.274635e-10, 4.823237e-10, 4.541730e+01, -2.447362e-01
3.312200e+09, 1.306553e-01, 9.491411e-01, -1.963997e+00, 2.546621e+00, 6.315769e-10, 4.824703e-10, 4.529802e+01, -2.407966e-01
3.316000e+09, 1.292711e-01, 9.493026e-01, -1.979077e+00, 2.535102e+00, 6.358407e-10, 4.826167e-10, 4.518276e+01, -2.367966e-01
3.319800e+09, 1.278735e-01, 9.494640e-01, -1.994258e+00, 2.523579e+00, 6.402630e-10, 4.827631e-10, 4.507156e+01, -2.327380e-01
3.323600e+09, 1.264627e-01, 9.496255e-01, -2.009545e+00, 2.512052e+00, 6.448528e-10, 4.829093e-10, 4.496448e+01, -2.286224e-01
3.327400e+09, 1.250389e-01, 9.497868e-01, -2.024942e+00, 2.500522e+00, 6.496194e-10, 4.830553e-10, 4.486155e+01, -2.244516e-01
3.331200e+09, 1.236024e-01, 9.499479e-01, -2.040452e+00, 2.488989e+00, 6.545728e-10, 4.832011e-10, 4.476280e+01, -2.202276e-01
3.335000e+09, 1.221534e-01, 9.501088e-01, -2.056081e+00, 2.477452e+00, 6.597239e-10, 4.833465e-10, 4.466828e+01, -2.159522e-01
3.338800e+09, 1.206922e-01, 9.502694e-01, -2.071832e+00, 2.465911e+00, 6.650841e-10, 4.834917e-10, 4.457802e+01, -2.116273e-01
3.342600e+09, 1.192191e-01, 9.504296e-01, -2.087712e+00, 2.454368e+00, 6.706656e-10, 4.836365e-10, 4.449207e+01, -2.072549e-01
3.346400e+09, 1.177344e-01, 9.505894e-01, -2.103725e+00, 2.442820e+00, 6.764817e-10, 4.837809e-10, 4.441044e+01, -2.028371e-01
3.350200e+09, 1.162383e-01, 9.507487e-01, -2.119877e+00, 2.431269e+00, 6.825465e-10, 4.839248e-10, 4.433318e+01, -1.983759e-01
3.354000e+09, 1.147312e-01, 9.509075e-01, -2.136173e+00, 2.419715e+00, 6.888750e-10, 4.840684e-10, 4.426032e+01, -1.938734e-01
3.357800e+09, 1.132134e-01, 9.510657e-01, -2.152621e+00, 2.408158e+00, 6.954835e-10, 4.842114e-10, 4.419189e+01, -1.893318e-01
3.361600e+09, 1.116852e-01, 9.512233e-01, -2.169226e+00, 2.396596e+00, 7.023894e-10, 4.843538e-10, 4.412791e+01, -1.847532e-01
3.365400e+09, 1.101469e-01, 9.513801e-01, -2.185997e+00, 2.385032e+00, 7.096114e-10, 4.844957e-10, 4.406843e+01, -1.801399e-01
3.369200e+09, 1.085989e-01, 9.515362e-01, -2.202939e+00, 2.373464e+00, 7.171696e-10, 4.846371e-10, 4.401345e+01, -1.754942e-01
3.373000e+09, 1.070414e-01, 9.516914e-01, -2.220063e+00, 2.361893e+00, 7.250857e-10, 4.847777e-10, 4.396302e+01, -1.708184e-01
3.376800e+09, 1.054750e-01, 9.518458e-01, -2.237375e+00, 2.350318e+00, 7.333829e-10, 4.849178e-10, 4.391715e+01, -1.661147e-01
3.380600e+09, 1.039000e-01, 9.519992e-01, -2.254885e+00, 2.338740e+00, 7.420865e-10, 4.850571e-10, 4.387586e+01, -1.613856e-01
3.384400e+09, 1.023167e-01, 9.521517e-01, -2.272603e+00, 2.327159e+00, 7.512236e-10, 4.851958e-10, 4.383918e+01, -1.566334e-01
3.388200e+09, 1.007256e-01, 9.523030e-01, -2.290540e+00, 2.315574e+00, 7.608233e-10, 4.853336e-10, 4.380713e+01, -1.518606e-01
3.392000e+09, 9.912702e-02, 9.524533e-01, -2.308705e+00, 2.303987e+00, 7.709174e-10, 4.854707e-10, 4.377973e+01, -1.470696e-01
3.395800e+09, 9.752150e-02, 9.526024e-01, -2.327112e+00, 2.292395e+00, 7.815398e-10, 4.856071e-10, 4.375699e+01, -1.422630e-01
3.399600e+09, 9.590947e-02, 9.527503e-01, -2.345772e+00, 2.280801e+00, 7.927277e-10, 4.857425e-10, 4.373892e+01, -1.374430e-01
3.403400e+09, 9.429140e-02, 9.528969e-01, -2.364699e+00, 2.269203e+00, 8.045208e-10, 4.858771e-10, 4.372556e+01, -1.326124e-01
3.407200e+09, 9.266779e-02, 9.530422e-01, -2.383908e+00, 2.257602e+00, 8.169625e-10, 4.860109e-10, 4.371690e+01, -1.277736e-01
3.411000e+09, 9.103917e-02, 9.531861e-01, -2.403414e+00, 2.245998e+00, 8.300997e-10, 4.861437e-10, 4.371296e+01, -1.229292e-01
3.414800e+09, 8.940608e-02, 9.533285e-01, -2.423233e+00, 2.234391e+00, 8.439830e-10, 4.862755e-10, 4.371375e+01, -1.180817e-01
3.418600e+09, 8.776910e-02, 9.534695e-01, -2.443384e+00, 2.222781e+00, 8.586677e-10, 4.864064e-10, 4.371927e+01, -1.132337e-01
3.422400e+09, 8.612883e-02, 9.536089e-01, -2.463886e+00, 2.211167e+00, 8.742133e-10, 4.865363e-10, 4.372954e+01, -1.083877e-01
3.426200e+09, 8.448592e-02, 9.537467e-01, -2.484759e+00, 2.199551e+00, 8.906848e-10, 4.866651e-10, 4.374457e+01, -1.035464e-01
3.430000e+09, 8.284103e-02, 9.538828e-01, -2.506025e+00, 2.187931e+00, 9.081523e-10, 4.867929e-10, 4.376434e+01, -9.871236e-02
3.433800e+09, 8.119488e-02, 9.540172e-01, -2.527708e+00, 2.176308e+00, 9.266920e-10, 4.869196e-10, 4.378888e+01, -9.388812e-02
3.437600e+09, 7.954822e-02, 9.541499e-01, -2.549834e+00, 2.164683e+00, 9.463867e-10, 4.870451e-10, 4.381817e+01, -8.907628e-02
3.441400e+09, 7.790186e-02, 9.542807e-01, -2.572430e+00, 2.153054e+00, 9.673260e-10, 4.871694e-10, 4.385222e+01, -8.427942e-02
3.445200e+09, 7.625665e-02, 9.544097e-01, -2.595526e+00, 2.141422e+00, 9.896069e-10, 4.872926e-10, 4.389103e+01, -7.950012e-02
3.449000e+09, 7.461349e-02, 9.545367e-01, -2.619154e+00, 2.129788e+00, 1.013335e-09, 4.874145e-10, 4.393459e+01, -7.474094e-02
3.452800e+09, 7.297336e-02, 9.546617e-01, -2.643348e+00, 2.118150e+00, 1.038623e-09, 4.875352e-10, 4.398291e+01, -7.000444e-02
3.456600e+09, 7.133730e-02, 9.547847e-01, -2.668146e+00, 2.106510e+00, 1.065593e-09, 4.876545e-10, 4.403596e+01, -6.529317e-02
3.460400e+09, 6.970642e-02, 9.549056e-01, -2.693589e+00, 2.094866e+00, 1.094379e-09, 4.877725e-10, 4.409375e+01, -6.060964e-02
3.464200e+09, 6.808193e-02, 9.550244e-01, -2.719718e+00, 2.083220e+00, 1.125121e-09, 4.878891e-10, 4.415626e+01, -5.595636e-02
3.468000e+09, 6.646511e-02, 9.551409e-01, -2.746582e+00, 2.071571e+00, 1.157970e-09, 4.880042e-10, 4.422349e+01, -5.133583e-02
3.471800e+09, 6.485736e-02, 9.552552e-01, -2.774229e+00, 2.059920e+00, 1.193088e-09, 4.881179e-10, 4.429541e+01, -4.675051e-02
3.475600e+09, 6.326019e-02, 9.553672e-01, -2.802716e+00, 2.048265e+00, 1.230644e-09, 4.882300e-10, 4.437203e+01, -4.220285e-02
3.479400e+09, 6.167523e-02, 9.554769e-01, -2.832099e+00, 2.036608e+00, 1.270819e-09, 4.883406e-10, 4.445331e+01, -3.769526e-02
3.483200e+09, 6.010424e-02, 9.555841e-01, -2.862441e+00, 2.024949e+00, 1.313796e-09, 4.884496e-10, 4.453925e+01, -3.323014e-02
3.487000e+09, 5.854915e-02, 9.556889e-01, -2.893809e+00, 2.013286e+00, 1.359766e-09, 4.885570e-10, 4.462983e+01, -2.880984e-02
3.490800e+09, 5.701205e-02, 9.557911e-01, -2.926275e+00, 2.001621e+00, 1.408921e-09, 4.886626e-10, 4.472502e+01, -2.443670e-02
3.494600e+09, 5.549521e-02, 9.558908e-01, -2.959915e+00, 1.989954e+00, 1.461448e-09, 4.887665e-10, 4.482481e+01, -2.011301e-02
3.498400e+09, 5.400110e-02, 9.559878e-01, -2.994808e+00, 1.978284e+00, 1.517527e-09, 4.888686e-10, 4.492916e+01, -1.584103e-02
3.502200e+09, 5.253243e-02, 9.560822e-01, -3.031041e+00, 1.966612e+00, 1.577317e-09, 4.889688e-10, 4.503806e+01, -1.162300e-02
3.506000e+09, 5.109212e-02, 9.561739e-01, -3.068701e+00, 1.954937e+00, 1.640950e-09, 4.890672e-10, 4.515149e+01, -7.461103e-03
3.509800e+09, 4.968338e-02, 9.562627e-01, -3.107881e+00, 1.943260e+00, 1.708515e-09, 4.891636e-10, 4.526940e+01, -3.357490e-03
3.513600e+09, 4.830967e-02, 9.563488e-01, 3.134512e+00, 1.931581e+00, 1.780039e-09, 4.892580e-10, 4.539177e+01, 6.857266e-04
3.517400e+09, 4.697476e-02, 9.564319e-01, 3.092012e+00, 1.919899e+00, 1.855472e-09, 4.893503e-10, 4.551858e+01, 4.666476e-03
3.521200e+09, 4.568273e-02, 9.565122e-01, 3.047710e+00, 1.908216e+00, 1.934654e-09, 4.894406e-10, 4.564978e+01, 8.582729e-03
3.525000e+09, 4.443797e-02, 9.565894e-01, 3.001518e+00, 1.896530e+00, 2.017294e-09, 4.895287e-10, 4.578535e+01, 1.243250e-02
3.528800e+09, 4.324518e-02, 9.566637e-01, 2.953353e+00, 1.884842e+00, 2.102934e-09, 4.896145e-10, 4.592524e+01, 1.621384e-02
3.532600e+09, 4.210938e-02, 9.567348e-01, 2.903143e+00, 1.873152e+00, 2.190922e-09, 4.896981e-10, 4.606943e+01, 1.992486e-02
3.536400e+09, 4.103587e-02, 9.568029e-01, 2.850832e+00, 1.861459e+00, 2.280378e-09, 4.897794e-10, 4.621787e+01, 2.356370e-02
3.540200e+09, 4.003019e-02, 9.568677e-01, 2.796386e+00, 1.849765e+00, 2.370173e-09, 4.898583e-10, 4.637052e+01, 2.712856e-02
3.544000e+09, 3.909808e-02, 9.569294e-01, 2.739795e+00, 1.838070e+00, 2.458919e-09, 4.899348e-10, 4.652734e+01, 3.061766e-02
3.547800e+09, 3.824538e-02, 9.569877e-01, 2.681086e+00, 1.826372e+00, 2.544971e-09, 4.900087e-10, 4.668829e+01, 3.402931e-02
3.551600e+09, 3.747794e-02, 9.570428e-01, 2.620322e+00, 1.814672e+00, 2.626459e-09, 4.900802e-10, 4.685333e+01, 3.736182e-02
3.555400e+09, 3.680146e-02, 9.570945e-01, 2.557612e+00, 1.802971e+00, 2.701349e-09, 4.901490e-10, 4.702239e+01, 4.061358e-02
3.559200e+09, 3.622137e-02, 9.571429e-01, 2.493115e+00, 1.791268e+00, 2.767533e-09, 4.902152e-10, 4.719545e+01, 4.378302e-02
3.563000e+09, 3.574265e-02, 9.571877e-01, 2.427037e+00, 1.779564e+00, 2.822947e-09, 4.902786e-10, 4.737244e+01, 4.686860e-02
3.566800e+09, 3.536964e-02, 9.572291e-01, 2.359636e+00, 1.767858e+00, 2.865715e-09, 4.903393e-10, 4.755332e+01, 4.986885e-02
3.570600e+09, 3.510590e-02, 9.572670e-01, 2.291214e+00, 1.756150e+00, 2.894297e-09, 4.903972e-10, 4.773803e+01, 5.278235e-02
3.574400e+09, 3.495402e-02, 9.573014e-01, 2.222109e+00, 1.744442e+00, 2.907614e-09, 4.904523e-10, 4.792652e+01, 5.560770e-02
3.578200e+09, 3.491554e-02, 9.573321e-01, 2.152687e+00, 1.732732e+00, 2.905154e-09, 4.905044e-10, 4.811873e+01, 5.834356e-02
3.582000e+09, 3.499085e-02, 9.573592e-01, 2.083323e+00, 1.721020e+00, 2.887018e-09, 4.905535e-10, 4.831460e+01, 6.098867e-02
3.585800e+09, 3.517918e-02, 9.573826e-01, 2.014392e+00, 1.709308e+00, 2.853911e-09, 4.905996e-10, 4.851408e+01, 6.354176e-02
3.589600e+09, 3.547865e-02, 9.574024e-01, 1.946252e+00, 1.697594e+00, 2.807075e-09, 4.906427e-10, 4.871710e+01, 6.600165e-02
3.593400e+09, 3.588633e-02, 9.574183e-01, 1.879230e+00, 1.685880e+00, 2.748177e-09, 4.906826e-10, 4.892360e+01, 6.836719e-02
3.597200e+09, 3.639840e-02, 9.574306e-01, 1.813614e+00, 1.674164e+00, 2.679168e-09, 4.907194e-10, 4.913351e+01, 7.063728e-02
3.601000e+09, 3.701030e-02, 9.574390e-01, 1.749646e+00, 1.662447e+00, 2.602143e-09, 4.907530e-10, 4.934676e+01, 7.281086e-02
3.604800e+09, 3.771688e-02, 9.574436e-01, 1.687517e+00, 1.650730e+00, 2.519197e-09, 4.907833e-10, 4.956330e+01, 7.488693e-02
3.608600e+09, 3.851263e-02, 9.574443e-01, 1.627368e+00, 1.639012e+00, 2.432321e-09, 4.908103e-10, 4.978304e+01, 7.686453e-02
3.612400e+09, 3.939176e-02, 9.574411e-01, 1.569294e+00, 1.627294e+00, 2.343314e-09, 4.908339e-10, 5.000591e+01, 7.874273e-02
3.616200e+09, 4.034845e-02, 9.574340e-01, 1.513345e+00, 1.615574e+00, 2.253742e-09, 4.908542e-10, 5.023184e+01, 8.052066e-02
3.620000e+09, 4.137688e-02, 9.574230e-01, 1.459534e+00, 1.603855e+00, 2.164907e-09, 4.908710e-10, 5.046076e+01, 8.219750e-02
3.623800e+09, 4.247139e-02, 9.574081e-01, 1.407845e+00, 1.592135e+00, 2.077856e-09, 4.908844e-10, 5.069258e+01, 8.377246e-02
3.627600e+09, 4.362650e-02, 9.573891e-01, 1.358234e+00, 1.580414e+00, 1.993391e-09, 4.908943e-10, 5.092722e+01, 8.524480e-02
3.631400e+09, 4.483704e-02, 9.573662e-01, 1.310639e+00, 1.568694e+00, 1.912099e-09, 4.909006e-10, 5.116460e+01, 8.661382e-02
3.635200e+09, 4.609809e-02, 9.573392e-01, 1.264986e+00, 1.556973e+00, 1.834378e-09, 4.909034e-10, 5.140464e+01, 8.787887e-02
3.639000e+09, 4.740506e-02, 9.573083e-01, 1.221188e+00, 1.545252e+00, 1.760474e-09, 4.909025e-10, 5.164724e+01, 8.903934e-02
3.642800e+09, 4.875369e-02, 9.572732e-01, 1.179155e+00, 1.533531e+00, 1.690509e-09, 4.908980e-10, 5.189233e+01, 9.009465e-02
3.646600e+09, 5.014003e-02, 9.572341e-01, 1.138792e+00, 1.521810e+00, 1.624506e-09, 4.908899e-10, 5.213981e+01, 9.104429e-02
3.650400e+09, 5.156041e-02, 9.571910e-01, 1.100005e+00, 1.510090e+00, 1.562414e-09, 4.908780e-10, 5.238958e+01, 9.188776e-02
3.654200e+09, 5.301149e-02, 9.571438e-01, 1.062701e+00, 1.498370e+00, 1.504130e-09, 4.908624e-10, 5.264154e+01, 9.262462e-02
3.658000e+09, 5.449018e-02, 9.570925e-01, 1.026788e+00, 1.486650e+00, 1.449512e-09, 4.908431e-10, 5.289561e+01, 9.325447e-02
3.661800e+09, 5.599363e-02, 9.570371e-01, 9.921792e-01, 1.474930e+00, 1.398392e-09, 4.908200e-10, 5.315168e+01, 9.377696e-02
3.665600e+09, 5.751926e-02, 9.569776e-01, 9.587910e-01, 1.463211e+00, 1.350589e-09, 4.907931e-10, 5.340965e+01, 9.419175e-02
3.669400e+09, 5.906467e-02, 9.569140e-01, 9.265442e-01, 1.451493e+00, 1.305912e-09, 4.907624e-10, 5.366940e+01, 9.449857e-02
3.673200e+09, 6.062768e-02, 9.568463e-01, 8.953641e-01, 1.439776e+00, 1.264170e-09, 4.907278e-10, 5.393084e+01, 9.469719e-02
3.677000e+09, 6.220629e-02, 9.567746e-01, 8.651807e-01, 1.428059e+00, 1.225175e-09, 4.906894e-10, 5.419386e+01, 9.478739e-02
3.680800e+09, 6.379864e-02, 9.566987e-01, 8.359283e-01, 1.416343e+00, 1.188743e-09, 4.906471e-10, 5.445833e+01, 9.476904e-02
3.684600e+09, 6.540305e-02, 9.566188e-01, 8.075457e-01, 1.404628e+00, 1.154698e-09, 4.906010e-10, 5.472416e+01, 9.464201e-02
3.688400e+09, 6.701795e-02, 9.565348e-01, 7.799760e-01, 1.392915e+00, 1.122873e-09, 4.905509e-10, 5.499120e+01, 9.440622e-02
3.692200e+09, 6.864190e-02, 9.564468e-01, 7.531662e-01, 1.381202e+00, 1.093111e-09, 4.904970e-10, 5.525936e+01, 9.406164e-02
3.696000e+09, 7.027356e-02, 9.563547e-01, 7.270670e-01, 1.369491e+00, 1.065264e-09, 4.904391e-10, 5.552850e+01, 9.360828e-02
3.699800e+09, 7.191172e-02, 9.562585e-01, 7.016326e-01, 1.357781e+00, 1.039192e-09, 4.903773e-10, 5.579850e+01, 9.304618e-02
3.703600e+09, 7.355522e-02, 9.561584e-01, 6.768207e-01, 1.346073e+00, 1.014769e-09, 4.903116e-10, 5.606922e+01, 9.237543e-02
3.707400e+09, 7.520300e-02, 9.560542e-01, 6.525920e-01, 1.334366e+00, 9.918732e-10, 4.902419e-10, 5.634055e+01, 9.159617e-02
3.711200e+09, 7.685408e-02, 9.559460e-01, 6.289100e-01, 1.322661e+00, 9.703954e-10, 4.901683e-10, 5.661234e+01, 9.070856e-02
3.715000e+09, 7.850754e-02, 9.558339e-01, 6.057407e-01, 1.310958e+00, 9.502331e-10, 4.900908e-10, 5.688446e+01, 8.971283e-02
3.718800e+09, 8.016252e-02, 9.557179e-01, 5.830528e-01, 1.299257e+00, 9.312918e-10, 4.900094e-10, 5.715677e+01, 8.860921e-02
3.722600e+09, 8.181821e-02, 9.555979e-01, 5.608172e-01, 1.287557e+00, 9.134842e-10, 4.899240e-10, 5.742913e+01, 8.739803e-02
3.726400e+09, 8.347386e-02, 9.554741e-01, 5.390068e-01, 1.275860e+00, 8.967302e-10, 4.898347e-10, 5.770139e+01, 8.607961e-02
3.730200e+09, 8.512876e-02, 9.553464e-01, 5.175963e-01, 1.264164e+00, 8.809555e-10, 4.897415e-10, 5.797342e+01, 8.465434e-02
3.734000e+09, 8.678225e-02, 9.552149e-01, 4.965626e-01, 1.252471e+00, 8.660918e-10, 4.896443e-10, 5.824505e+01, 8.312266e-02
3.737800e+09, 8.843369e-02, 9.550796e-01, 4.758837e-01, 1.240780e+00, 8.520764e-10, 4.895433e-10, 5.851614e+01, 8.148505e-02
3.741600e+09, 9.008248e-02, 9.549405e-01, 4.555394e-01, 1.229092e+00, 8.388510e-10, 4.894384e-10, 5.878653e+01, 7.974201e-02
3.745400e+09, 9.172807e-02, 9.547977e-01, 4.355109e-01, 1.217406e+00, 8.263624e-10, 4.893296e-10, 5.905607e+01, 7.789413e-02
3.749200e+09, 9.336992e-02, 9.546513e-01, 4.157806e-01, 1.205723e+00, 8.145610e-10, 4.892170e-10, 5.932459e+01, 7.594200e-02
3.753000e+09, 9.500752e-02, 9.545012e-01, 3.963320e-01, 1.194042e+00, 8.034014e-10, 4.891005e-10, 5.959195e+01, 7.388630e-02
3.756800e+09, 9.664039e-02, 9.543475e-01, 3.771499e-01, 1.182364e+00, 7.928417e-10, 4.889802e-10, 5.985796e+01, 7.172773e-02
3.760600e+09, 9.826807e-02, 9.541903e-01, 3.582200e-01, 1.170689e+00, 7.828429e-10, 4.888561e-10, 6.012248e+01, 6.946704e-02
3.764400e+09, 9.989012e-02, 9.540296e-01, 3.395287e-01, 1.159017e+00, 7.733693e-10, 4.887282e-10, 6.038533e+01, 6.710504e-02
3.768200e+09, 1.015061e-01, 9.538654e-01, 3.210637e-01, 1.147349e+00, 7.643876e-10, 4.885965e-10, 6.064634e+01, 6.464258e-02
3.772000e+09, 1.031156e-01, 9.536979e-01, 3.028131e-01, 1.135683e+00, 7.558672e-10, 4.884612e-10, 6.090534e+01, 6.208057e-02
3.775800e+09, 1.047183e-01, 9.535270e-01, 2.847659e-01, 1.124020e+00, 7.477797e-10, 4.883221e-10, 6.116215e+01, 5.941996e-02
3.779600e+09, 1.063138e-01, 9.533528e-01, 2.669119e-01, 1.112361e+00, 7.400987e-10, 4.881793e-10, 6.141661e+01, 5.666175e-02
3.783400e+09, 1.079017e-01, 9.531754e-01, 2.492412e-01, 1.100705e+00, 7.327999e-10, 4.880329e-10, 6.166854e+01, 5.380701e-02
3.787200e+09, 1.094816e-01, 9.529949e-01, 2.317448e-01, 1.089053e+00, 7.258607e-10, 4.878829e-10, 6.191776e+01, 5.085683e-02
3.791000e+09, 1.110534e-01, 9.528112e-01, 2.144141e-01, 1.077404e+00, 7.192599e-10, 4.877294e-10, 6.216410e+01, 4.781239e-02
3.794800e+09, 1.126165e-01, 9.526245e-01, 1.972409e-01, 1.065759e+00, 7.129781e-10, 4.875723e-10, 6.240736e+01, 4.467490e-02
3.798600e+09, 1.141708e-01, 9.524348e-01, 1.802178e-01, 1.054118e+00, 7.069971e-10, 4.874117e-10, 6.264738e+01, 4.144561e-02
3.802400e+09, 1.157158e-01, 9.522423e-01, 1.633375e-01, 1.042480e+00, 7.013001e-10, 4.872476e-10, 6.288398e+01, 3.812587e-02
3.806200e+09, 1.172514e-01, 9.520468e-01, 1.465931e-01, 1.030847e+00, 6.958712e-10, 4.870802e-10, 6.311697e+01, 3.471704e-02
3.810000e+09, 1.187772e-01, 9.518487e-01, 1.299785e-01, 1.019217e+00, 6.906959e-10, 4.869093e-10, 6.334617e+01, 3.122055e-02
3.813800e+09, 1.202930e-01, 9.516478e-01, 1.134873e-01, 1.007592e+00, 6.857604e-10, 4.867352e-10, 6.357141e+01, 2.763789e-02
3.817600e+09, 1.217985e-01, 9.514443e-01, 9.711404e-02, 9.959702e-01, 6.810520e-10, 4.865577e-10, 6.379250e+01, 2.397059e-02
3.821400e+09, 1.232934e-01, 9.512383e-01, 8.085317e-02, 9.843531e-01, 6.765588e-10, 4.863771e-10, 6.400926e+01, 2.022027e-02
3.825200e+09, 1.247775e-01, 9.510298e-01, 6.469959e-02, 9.727403e-01, 6.722697e-10, 4.861932e-10, 6.422151e+01, 1.638856e-02
3.829000e+09, 1.262505e-01, 9.508190e-01, 4.864840e-02, 9.611319e-01, 6.681742e-10, 4.860063e-10, 6.442909e+01, 1.247717e-02
3.832800e+09, 1.277122e-01, 9.506059e-01, 3.269501e-02, 9.495280e-01, 6.642627e-10, 4.858163e-10, 6.463180e+01, 8.487857e-03
3.836600e+09, 1.291624e-01, 9.503905e-01, 1.683500e-02, 9.379286e-01, 6.605259e-10, 4.856232e-10, 6.482948e+01, 4.422445e-03
3.840400e+09, 1.306008e-01, 9.501731e-01, 1.064217e-03, 9.263338e-01, 6.569555e-10, 4.854273e-10, 6.502195e+01, 2.827988e-04
3.844200e+09, 1.320272e-01, 9.499536e-01, -1.462132e-02, 9.147437e-01, 6.535433e-10, 4.852284e-10, 6.520905e+01, -3.929157e-03
3.848000e+09, 1.334414e-01, 9.497322e-01, -3.022539e-02, 9.031583e-01, 6.502818e-10, 4.850268e-10, 6.539060e+01, -8.211446e-03
3.851800e+09, 1.348432e-01, 9.495089e-01, -4.575158e-02, 8.915778e-01, 6.471641e-10, 4.848224e-10, 6.556644e+01, -1.256204e-02
3.855600e+09, 1.362323e-01, 9.492839e-01, -6.120334e-02, 8.800021e-01, 6.441835e-10, 4.846153e-10, 6.573640e+01, -1.697885e-02
3.859400e+09, 1.376086e-01, 9.490572e-01, -7.658393e-02, 8.684314e-01, 6.413337e-10, 4.844056e-10, 6.590034e+01, -2.145975e-02
3.863200e+09, 1.389718e-01, 9.488290e-01, -9.189648e-02, 8.568657e-01, 6.386089e-10, 4.841933e-10, 6.605809e+01, -2.600255e-02
3.867000e+09, 1.403218e-01, 9.485993e-01, -1.071440e-01, 8.453050e-01, 6.360037e-10, 4.839786e-10, 6.620950e+01, -3.060502e-02
3.870800e+09, 1.416584e-01, 9.483682e-01, -1.223293e-01, 8.337495e-01, 6.335127e-10, 4.837615e-10, 6.635442e+01, -3.526488e-02
3.874600e+09, 1.429813e-01, 9.481359e-01, -1.374551e-01, 8.221991e-01, 6.311313e-10, 4.835421e-10, 6.649271e+01, -3.997980e-02
3.878400e+09, 1.442904e-01, 9.479025e-01, -1.525240e-01, 8.106540e-01, 6.288547e-10, 4.833205e-10, 6.662424e+01, -4.474740e-02
3.882200e+09, 1.455855e-01, 9.476680e-01, -1.675386e-01, 7.991142e-01, 6.266786e-10, 4.830967e-10, 6.674887e+01, -4.956527e-02
3.886000e+09, 1.468664e-01, 9.474326e-01, -1.825013e-01, 7.875798e-01, 6.245989e-10, 4.828709e-10, 6.686648e+01, -5.443093e-02
3.889800e+09, 1.481329e-01, 9.471964e-01, -1.974143e-01, 7.760507e-01, 6.226118e-10, 4.826431e-10, 6.697693e+01, -5.934189e-02
3.893600e+09, 1.493850e-01, 9.469594e-01, -2.122798e-01, 7.645271e-01, 6.207136e-10, 4.824134e-10, 6.708013e+01, -6.429561e-02
3.897400e+09, 1.506223e-01, 9.467219e-01, -2.271000e-01, 7.530089e-01, 6.189009e-10, 4.821820e-10, 6.717595e+01, -6.928950e-02
3.901200e+09, 1.518447e-01, 9.464839e-01, -2.418770e-01, 7.414963e-01, 6.171705e-10, 4.819488e-10, 6.726429e+01, -7.432095e-02
3.905000e+09, 1.530521e-01, 9.462455e-01, -2.566126e-01, 7.299892e-01, 6.155192e-10, 4.817141e-10, 6.734506e+01, -7.938731e-02
3.908800e+09, 1.542443e-01, 9.460069e-01, -2.713088e-01, 7.184878e-01, 6.139441e-10, 4.814779e-10, 6.741816e+01, -8.448590e-02
3.912600e+09, 1.554211e-01, 9.457681e-01, -2.859674e-01, 7.069919e-01, 6.124426e-10, 4.812402e-10, 6.748352e+01, -8.961400e-02
3.916400e+09, 1.565824e-01, 9.455293e-01, -3.005901e-01, 6.955018e-01, 6.110119e-10, 4.810013e-10, 6.754106e+01, -9.476888e-02
3.920200e+09, 1.577280e-01, 9.452906e-01, -3.151787e-01, 6.840174e-01, 6.096497e-10, 4.807613e-10, 6.759071e+01, -9.994777e-02
3.924000e+09, 1.588578e-01, 9.450522e-01, -3.297348e-01, 6.725387e-01, 6.083535e-10, 4.805201e-10, 6.763241e+01, -1.051479e-01
3.927800e+09, 1.599716e-01, 9.448141e-01, -3.442599e-01, 6.610657e-01, 6.071213e-10, 4.802780e-10, 6.766610e+01, -1.103665e-01
3.931600e+09, 1.610693e-01, 9.445765e-01, -3.587556e-01, 6.495985e-01, 6.059507e-10, 4.800350e-10, 6.769175e+01, -1.156006e-01
3.935400e+09, 1.621506e-01, 9.443396e-01, -3.732233e-01, 6.381372e-01, 6.048400e-10, 4.797914e-10, 6.770931e+01, -1.208476e-01
3.939200e+09, 1.632156e-01, 9.441033e-01, -3.876646e-01, 6.266816e-01, 6.037872e-10, 4.795471e-10, 6.771876e+01, -1.261044e-01
3.943000e+09, 1.642639e-01, 9.438680e-01, -4.020806e-01, 6.152319e-01, 6.027905e-10, 4.793023e-10, 6.772007e+01, -1.313683e-01
3.946800e+09, 1.652956e-01, 9.436336e-01, -4.164729e-01, 6.037880e-01, 6.018481e-10, 4.790572e-10, 6.771324e+01, -1.366365e-01
3.950600e+09, 1.663104e-01, 9.434004e-01, -4.308427e-01, 5.923500e-01, 6.009586e-10, 4.788118e-10, 6.769825e+01, -1.419059e-01
3.954400e+09, 1.673082e-01, 9.431684e-01, -4.451913e-01, 5.809179e-01, 6.001204e-10, 4.785663e-10, 6.767511e+01, -1.471738e-01
3.958200e+09, 1.682889e-01, 9.429378e-01, -4.595198e-01, 5.694916e-01, 5.993319e-10, 4.783209e-10, 6.764383e+01, -1.524374e-01
3.962000e+09, 1.692523e-01, 9.427088e-01, -4.738295e-01, 5.580711e-01, 5.985919e-10, 4.780756e-10, 6.760444e+01, -1.576936e-01
3.965800e+09, 1.701983e-01, 9.424814e-01, -4.881216e-01, 5.466565e-01, 5.978990e-10, 4.778306e-10, 6.755695e+01, -1.629397e-01
3.969600e+09, 1.711269e-01, 9.422558e-01, -5.023971e-01, 5.352478e-01, 5.972520e-10, 4.775860e-10, 6.750141e+01, -1.681729e-01
3.973400e+09, 1.720377e-01, 9.420322e-01, -5.166571e-01, 5.238449e-01, 5.966497e-10, 4.773420e-10, 6.743786e+01, -1.733902e-01
3.977200e+09, 1.729308e-01, 9.418106e-01, -5.309028e-01, 5.124478e-01, 5.960910e-10, 4.770987e-10, 6.736635e+01, -1.785890e-01
3.981000e+09, 1.738060e-01, 9.415912e-01, -5.451351e-01, 5.010566e-01, 5.955747e-10, 4.768562e-10, 6.728694e+01, -1.837663e-01
3.984800e+09, 1.746632e-01, 9.413742e-01, -5.593551e-01, 4.896711e-01, 5.951000e-10, 4.766148e-10, 6.719969e+01, -1.889193e-01
3.988600e+09, 1.755022e-01, 9.411597e-01, -5.735638e-01, 4.782914e-01, 5.946659e-10, 4.763745e-10, 6.710469e+01, -1.940454e-01
3.992400e+09, 1.763230e-01, 9.409478e-01, -5.877621e-01, 4.669174e-01, 5.942713e-10, 4.761355e-10, 6.700200e+01, -1.991418e-01
3.996200e+09, 1.771254e-01, 9.407387e-01, -6.019510e-01, 4.555492e-01, 5.939156e-10, 4.758980e-10, 6.689173e+01, -2.042057e-01
4.000000e+09, 1.779093e-01, 9.405325e-01, -6.161314e-01, 4.441866e-01, 5.939156e-10, 4.758980e-10, 6.677396e+01, -2.092345e-01
