Frequency [Hz], |S00| [-], |S10| [-], Arg(S00) [-], Arg(S10) [-], Delay 0>0 [s], Delay 0>1 [s], |Z0| [Ohm] , Arg(Z0) [-]
2.000000e+08, 4.790965e-02, 9.509654e-01, 2.329823e+00, -5.997525e-01, 6.705282e-10, 4.833277e-10, 3.744941e+01, 6.956502e-02
2.038000e+08, 4.756079e-02, 9.511016e-01, 2.313813e+00, -6.112925e-01, 6.788027e-10, 4.833729e-10, 3.750916e+01, 7.009427e-02
2.076000e+08, 4.720910e-02, 9.512382e-01, 2.297606e+00, -6.228336e-01, 6.872050e-10, 4.834209e-10, 3.756967e+01, 7.059863e-02
2.114000e+08, 4.685478e-02, 9.513749e-01, 2.281198e+00, -6.343758e-01, 6.957450e-10, 4.834716e-10, 3.763092e+01, 7.107757e-02
2.152000e+08, 4.649801e-02, 9.515119e-01, 2.264586e+00, -6.459192e-01, 7.044322e-10, 4.835245e-10, 3.769288e+01, 7.153061e-02
2.190000e+08, 4.613899e-02, 9.516489e-01, 2.247767e+00, -6.574639e-01, 7.132756e-10, 4.835793e-10, 3.775553e+01, 7.195726e-02
2.228000e+08, 4.577793e-02, 9.517859e-01, 2.230737e+00, -6.690099e-01, 7.222836e-10, 4.836359e-10, 3.781886e+01, 7.235710e-02
2.266000e+08, 4.541503e-02, 9.519227e-01, 2.213492e+00, -6.805572e-01, 7.314644e-10, 4.836939e-10, 3.788285e+01, 7.272970e-02
2.304000e+08, 4.505051e-02, 9.520594e-01, 2.196027e+00, -6.921059e-01, 7.408257e-10, 4.837532e-10, 3.794747e+01, 7.307466e-02
2.342000e+08, 4.468459e-02, 9.521957e-01, 2.178339e+00, -7.036561e-01, 7.503748e-10, 4.838134e-10, 3.801271e+01, 7.339160e-02
2.380000e+08, 4.431750e-02, 9.523317e-01, 2.160423e+00, -7.152077e-01, 7.601185e-10, 4.838744e-10, 3.807854e+01, 7.368018e-02
2.418000e+08, 4.394946e-02, 9.524673e-01, 2.142275e+00, -7.267607e-01, 7.700633e-10, 4.839361e-10, 3.814494e+01, 7.394003e-02
2.456000e+08, 4.358072e-02, 9.526023e-01, 2.123888e+00, -7.383152e-01, 7.802150e-10, 4.839981e-10, 3.821189e+01, 7.417086e-02
2.494000e+08, 4.321152e-02, 9.527367e-01, 2.105260e+00, -7.498712e-01, 7.905792e-10, 4.840603e-10, 3.827937e+01, 7.437235e-02
2.532000e+08, 4.284210e-02, 9.528704e-01, 2.086384e+00, -7.614287e-01, 8.011607e-10, 4.841226e-10, 3.834736e+01, 7.454422e-02
2.570000e+08, 4.247273e-02, 9.530033e-01, 2.067255e+00, -7.729876e-01, 8.119640e-10, 4.841849e-10, 3.841583e+01, 7.468620e-02
2.608000e+08, 4.210367e-02, 9.531354e-01, 2.047869e+00, -7.845481e-01, 8.229926e-10, 4.842469e-10, 3.848476e+01, 7.479803e-02
2.646000e+08, 4.173518e-02, 9.532666e-01, 2.028219e+00, -7.961100e-01, 8.342498e-10, 4.843085e-10, 3.855413e+01, 7.487949e-02
2.684000e+08, 4.136754e-02, 9.533967e-01, 2.008300e+00, -8.076734e-01, 8.457378e-10, 4.843697e-10, 3.862392e+01, 7.493035e-02
2.722000e+08, 4.100104e-02, 9.535258e-01, 1.988107e+00, -8.192383e-01, 8.574582e-10, 4.844302e-10, 3.869411e+01, 7.495040e-02
2.760000e+08, 4.063596e-02, 9.536538e-01, 1.967635e+00, -8.308046e-01, 8.694115e-10, 4.844900e-10, 3.876466e+01, 7.493945e-02
2.798000e+08, 4.027259e-02, 9.537806e-01, 1.946876e+00, -8.423723e-01, 8.815974e-10, 4.845489e-10, 3.883556e+01, 7.489734e-02
2.836000e+08, 3.991125e-02, 9.539061e-01, 1.925827e+00, -8.539415e-01, 8.940146e-10, 4.846069e-10, 3.890678e+01, 7.482388e-02
2.874000e+08, 3.955223e-02, 9.540303e-01, 1.904482e+00, -8.655120e-01, 9.066604e-10, 4.846639e-10, 3.897831e+01, 7.471894e-02
2.912000e+08, 3.919587e-02, 9.541530e-01, 1.882834e+00, -8.770839e-01, 9.195312e-10, 4.847198e-10, 3.905011e+01, 7.458238e-02
2.950000e+08, 3.884247e-02, 9.542744e-01, 1.860879e+00, -8.886571e-01, 9.326217e-10, 4.847744e-10, 3.912215e+01, 7.441408e-02
2.988000e+08, 3.849237e-02, 9.543942e-01, 1.838612e+00, -9.002316e-01, 9.459253e-10, 4.848277e-10, 3.919443e+01, 7.421394e-02
3.026000e+08, 3.814591e-02, 9.545124e-01, 1.816027e+00, -9.118074e-01, 9.594337e-10, 4.848797e-10, 3.926691e+01, 7.398184e-02
3.064000e+08, 3.780343e-02, 9.546290e-01, 1.793120e+00, -9.233844e-01, 9.731370e-10, 4.849303e-10, 3.933956e+01, 7.371772e-02
3.102000e+08, 3.746528e-02, 9.547440e-01, 1.769885e+00, -9.349627e-01, 9.870234e-10, 4.849793e-10, 3.941237e+01, 7.342151e-02
3.140000e+08, 3.713183e-02, 9.548572e-01, 1.746319e+00, -9.465421e-01, 1.001079e-09, 4.850268e-10, 3.948530e+01, 7.309314e-02
3.178000e+08, 3.680343e-02, 9.549686e-01, 1.722417e+00, -9.581227e-01, 1.015288e-09, 4.850727e-10, 3.955834e+01, 7.273257e-02
3.216000e+08, 3.648045e-02, 9.550782e-01, 1.698176e+00, -9.697043e-01, 1.029633e-09, 4.851169e-10, 3.963145e+01, 7.233978e-02
3.254000e+08, 3.616328e-02, 9.551859e-01, 1.673592e+00, -9.812870e-01, 1.044093e-09, 4.851594e-10, 3.970461e+01, 7.191473e-02
3.292000e+08, 3.585228e-02, 9.552918e-01, 1.648663e+00, -9.928707e-01, 1.058646e-09, 4.852002e-10, 3.977779e+01, 7.145743e-02
3.330000e+08, 3.554786e-02, 9.553956e-01, 1.623387e+00, -1.004455e+00, 1.073266e-09, 4.852391e-10, 3.985098e+01, 7.096788e-02
3.368000e+08, 3.525040e-02, 9.554975e-01, 1.597761e+00, -1.016041e+00, 1.087925e-09, 4.852761e-10, 3.992413e+01, 7.044609e-02
3.406000e+08, 3.496029e-02, 9.555973e-01, 1.571786e+00, -1.027628e+00, 1.102594e-09, 4.853113e-10, 3.999724e+01, 6.989209e-02
3.444000e+08, 3.467794e-02, 9.556950e-01, 1.545460e+00, -1.039215e+00, 1.117239e-09, 4.853446e-10, 4.007026e+01, 6.930592e-02
3.482000e+08, 3.440374e-02, 9.557906e-01, 1.518785e+00, -1.050803e+00, 1.131824e-09, 4.853760e-10, 4.014317e+01, 6.868764e-02
3.520000e+08, 3.413810e-02, 9.558841e-01, 1.491761e+00, -1.062392e+00, 1.146312e-09, 4.854054e-10, 4.021596e+01, 6.803730e-02
3.558000e+08, 3.388141e-02, 9.559754e-01, 1.464392e+00, -1.073982e+00, 1.160662e-09, 4.854327e-10, 4.028858e+01, 6.735498e-02
3.596000e+08, 3.363409e-02, 9.560645e-01, 1.436680e+00, -1.085572e+00, 1.174830e-09, 4.854581e-10, 4.036101e+01, 6.664077e-02
3.634000e+08, 3.339653e-02, 9.561514e-01, 1.408629e+00, -1.097163e+00, 1.188772e-09, 4.854815e-10, 4.043323e+01, 6.589477e-02
3.672000e+08, 3.316912e-02, 9.562360e-01, 1.380246e+00, -1.108754e+00, 1.202440e-09, 4.855028e-10, 4.050521e+01, 6.511708e-02
3.710000e+08, 3.295226e-02, 9.563184e-01, 1.351537e+00, -1.120346e+00, 1.215785e-09, 4.855220e-10, 4.057693e+01, 6.430782e-02
3.748000e+08, 3.274635e-02, 9.563984e-01, 1.322508e+00, -1.131938e+00, 1.228755e-09, 4.855392e-10, 4.064834e+01, 6.346713e-02
3.786000e+08, 3.255175e-02, 9.564762e-01, 1.293170e+00, -1.143531e+00, 1.241301e-09, 4.855543e-10, 4.071944e+01, 6.259515e-02
3.824000e+08, 3.236885e-02, 9.565516e-01, 1.263533e+00, -1.155124e+00, 1.253368e-09, 4.855673e-10, 4.079018e+01, 6.169204e-02
3.862000e+08, 3.219800e-02, 9.566246e-01, 1.233608e+00, -1.166718e+00, 1.264905e-09, 4.855782e-10, 4.086055e+01, 6.075795e-02
3.900000e+08, 3.203955e-02, 9.566953e-01, 1.203407e+00, -1.178311e+00, 1.275859e-09, 4.855870e-10, 4.093052e+01, 5.979308e-02
3.938000e+08, 3.189385e-02, 9.567635e-01, 1.172944e+00, -1.189905e+00, 1.286178e-09, 4.855938e-10, 4.100005e+01, 5.879760e-02
3.976000e+08, 3.176120e-02, 9.568294e-01, 1.142235e+00, -1.201499e+00, 1.295812e-09, 4.855984e-10, 4.106912e+01, 5.777171e-02
4.014000e+08, 3.164192e-02, 9.568929e-01, 1.111296e+00, -1.213094e+00, 1.304712e-09, 4.856010e-10, 4.113771e+01, 5.671563e-02
4.052000e+08, 3.153629e-02, 9.569540e-01, 1.080145e+00, -1.224688e+00, 1.312833e-09, 4.856015e-10, 4.120578e+01, 5.562958e-02
4.090000e+08, 3.144457e-02, 9.570126e-01, 1.048799e+00, -1.236282e+00, 1.320131e-09, 4.855999e-10, 4.127331e+01, 5.451379e-02
4.128000e+08, 3.136702e-02, 9.570689e-01, 1.017280e+00, -1.247876e+00, 1.326568e-09, 4.855963e-10, 4.134027e+01, 5.336850e-02
4.166000e+08, 3.130384e-02, 9.571227e-01, 9.856065e-01, -1.259471e+00, 1.332108e-09, 4.855906e-10, 4.140664e+01, 5.219397e-02
4.204000e+08, 3.125525e-02, 9.571741e-01, 9.538009e-01, -1.271065e+00, 1.336722e-09, 4.855828e-10, 4.147238e+01, 5.099047e-02
4.242000e+08, 3.122140e-02, 9.572230e-01, 9.218852e-01, -1.282658e+00, 1.340383e-09, 4.855730e-10, 4.153747e+01, 4.975826e-02
4.280000e+08, 3.120245e-02, 9.572696e-01, 8.898821e-01, -1.294252e+00, 1.343072e-09, 4.855612e-10, 4.160189e+01, 4.849765e-02
4.318000e+08, 3.119851e-02, 9.573137e-01, 8.578148e-01, -1.305845e+00, 1.344775e-09, 4.855475e-10, 4.166560e+01, 4.720893e-02
4.356000e+08, 3.120967e-02, 9.573554e-01, 8.257068e-01, -1.317438e+00, 1.345485e-09, 4.855317e-10, 4.172858e+01, 4.589240e-02
4.394000e+08, 3.123600e-02, 9.573946e-01, 7.935818e-01, -1.329031e+00, 1.345199e-09, 4.855139e-10, 4.179080e+01, 4.454839e-02
4.432000e+08, 3.127751e-02, 9.574315e-01, 7.614637e-01, -1.340623e+00, 1.343922e-09, 4.854943e-10, 4.185223e+01, 4.317724e-02
4.470000e+08, 3.133423e-02, 9.574660e-01, 7.293761e-01, -1.352215e+00, 1.341665e-09, 4.854727e-10, 4.191285e+01, 4.177927e-02
4.508000e+08, 3.140612e-02, 9.574981e-01, 6.973424e-01, -1.363806e+00, 1.338443e-09, 4.854492e-10, 4.197264e+01, 4.035485e-02
4.546000e+08, 3.149314e-02, 9.575278e-01, 6.653856e-01, -1.375397e+00, 1.334280e-09, 4.854238e-10, 4.203156e+01, 3.890433e-02
4.584000e+08, 3.159520e-02, 9.575552e-01, 6.335281e-01, -1.386987e+00, 1.329202e-09, 4.853966e-10, 4.208959e+01, 3.742809e-02
4.622000e+08, 3.171219e-02, 9.575802e-01, 6.017920e-01, -1.398576e+00, 1.323242e-09, 4.853675e-10, 4.214671e+01, 3.592652e-02
4.660000e+08, 3.184398e-02, 9.576029e-01, 5.701981e-01, -1.410165e+00, 1.316437e-09, 4.853366e-10, 4.220289e+01, 3.440001e-02
4.698000e+08, 3.199043e-02, 9.576232e-01, 5.387667e-01, -1.421753e+00, 1.308827e-09, 4.853040e-10, 4.225809e+01, 3.284897e-02
4.736000e+08, 3.215133e-02, 9.576413e-01, 5.075171e-01, -1.433340e+00, 1.300458e-09, 4.852696e-10, 4.231231e+01, 3.127380e-02
4.774000e+08, 3.232650e-02, 9.576571e-01, 4.764672e-01, -1.444926e+00, 1.291375e-09, 4.852335e-10, 4.236551e+01, 2.967494e-02
4.812000e+08, 3.251571e-02, 9.576706e-01, 4.456342e-01, -1.456512e+00, 1.281629e-09, 4.851957e-10, 4.241767e+01, 2.805282e-02
4.850000e+08, 3.271872e-02, 9.576819e-01, 4.150339e-01, -1.468096e+00, 1.271271e-09, 4.851563e-10, 4.246877e+01, 2.640788e-02
4.888000e+08, 3.293526e-02, 9.576910e-01, 3.846809e-01, -1.479680e+00, 1.260351e-09, 4.851152e-10, 4.251877e+01, 2.474059e-02
4.926000e+08, 3.316507e-02, 9.576979e-01, 3.545886e-01, -1.491262e+00, 1.248924e-09, 4.850726e-10, 4.256767e+01, 2.305140e-02
4.964000e+08, 3.340784e-02, 9.577026e-01, 3.247692e-01, -1.502844e+00, 1.237042e-09, 4.850283e-10, 4.261542e+01, 2.134080e-02
5.002000e+08, 3.366329e-02, 9.577052e-01, 2.952334e-01, -1.514425e+00, 1.224757e-09, 4.849826e-10, 4.266203e+01, 1.960926e-02
5.040000e+08, 3.393108e-02, 9.577056e-01, 2.659910e-01, -1.526004e+00, 1.212120e-09, 4.849354e-10, 4.270745e+01, 1.785729e-02
5.078000e+08, 3.421091e-02, 9.577040e-01, 2.370503e-01, -1.537583e+00, 1.199181e-09, 4.848866e-10, 4.275166e+01, 1.608538e-02
5.116000e+08, 3.450244e-02, 9.577003e-01, 2.084185e-01, -1.549160e+00, 1.185989e-09, 4.848365e-10, 4.279466e+01, 1.429404e-02
5.154000e+08, 3.480533e-02, 9.576946e-01, 1.801017e-01, -1.560736e+00, 1.172591e-09, 4.847850e-10, 4.283640e+01, 1.248381e-02
5.192000e+08, 3.511923e-02, 9.576869e-01, 1.521048e-01, -1.572311e+00, 1.159030e-09, 4.847321e-10, 4.287689e+01, 1.065520e-02
5.230000e+08, 3.544381e-02, 9.576772e-01, 1.244317e-01, -1.583884e+00, 1.145350e-09, 4.846780e-10, 4.291608e+01, 8.808759e-03
5.268000e+08, 3.577871e-02, 9.576656e-01, 9.708519e-02, -1.595456e+00, 1.131589e-09, 4.846225e-10, 4.295397e+01, 6.945036e-03
5.306000e+08, 3.612358e-02, 9.576520e-01, 7.006726e-02, -1.607027e+00, 1.117785e-09, 4.845658e-10, 4.299054e+01, 5.064585e-03
5.344000e+08, 3.647807e-02, 9.576366e-01, 4.337892e-02, -1.618597e+00, 1.103972e-09, 4.845079e-10, 4.302576e+01, 3.167971e-03
5.382000e+08, 3.684183e-02, 9.576194e-01, 1.702036e-02, -1.630165e+00, 1.090183e-09, 4.844489e-10, 4.305962e+01, 1.255766e-03
5.420000e+08, 3.721451e-02, 9.576003e-01, -9.008970e-03, -1.641732e+00, 1.076447e-09, 4.843887e-10, 4.309211e+01, -6.714496e-04
5.458000e+08, 3.759577e-02, 9.575795e-01, -3.471034e-02, -1.653297e+00, 1.062791e-09, 4.843274e-10, 4.312319e+01, -2.613087e-03
5.496000e+08, 3.798526e-02, 9.575569e-01, -6.008566e-02, -1.664861e+00, 1.049239e-09, 4.842651e-10, 4.315287e+01, -4.568552e-03
5.534000e+08, 3.838263e-02, 9.575327e-01, -8.513741e-02, -1.676423e+00, 1.035814e-09, 4.842017e-10, 4.318111e+01, -6.537241e-03
5.572000e+08, 3.878756e-02, 9.575068e-01, -1.098686e-01, -1.687984e+00, 1.022534e-09, 4.841374e-10, 4.320791e+01, -8.518544e-03
5.610000e+08, 3.919971e-02, 9.574792e-01, -1.342827e-01, -1.699543e+00, 1.009417e-09, 4.840722e-10, 4.323326e+01, -1.051184e-02
5.648000e+08, 3.961876e-02, 9.574501e-01, -1.583837e-01, -1.711101e+00, 9.964791e-10, 4.840061e-10, 4.325713e+01, -1.251652e-02
5.686000e+08, 4.004439e-02, 9.574194e-01, -1.821757e-01, -1.722657e+00, 9.837329e-10, 4.839391e-10, 4.327952e+01, -1.453194e-02
5.724000e+08, 4.047627e-02, 9.573873e-01, -2.056634e-01, -1.734212e+00, 9.711900e-10, 4.838714e-10, 4.330041e+01, -1.655747e-02
5.762000e+08, 4.091410e-02, 9.573536e-01, -2.288517e-01, -1.745765e+00, 9.588602e-10, 4.838028e-10, 4.331979e+01, -1.859247e-02
5.800000e+08, 4.135758e-02, 9.573185e-01, -2.517455e-01, -1.757316e+00, 9.467516e-10, 4.837336e-10, 4.333765e+01, -2.063629e-02
5.838000e+08, 4.180640e-02, 9.572821e-01, -2.743502e-01, -1.768866e+00, 9.348710e-10, 4.836636e-10, 4.335398e+01, -2.268828e-02
5.876000e+08, 4.226029e-02, 9.572443e-01, -2.966713e-01, -1.780414e+00, 9.232235e-10, 4.835930e-10, 4.336876e+01, -2.474778e-02
5.914000e+08, 4.271894e-02, 9.572051e-01, -3.187143e-01, -1.791960e+00, 9.118133e-10, 4.835219e-10, 4.338200e+01, -2.681413e-02
5.952000e+08, 4.318209e-02, 9.571648e-01, -3.404848e-01, -1.803505e+00, 9.006432e-10, 4.834501e-10, 4.339368e+01, -2.888666e-02
5.990000e+08, 4.364946e-02, 9.571232e-01, -3.619887e-01, -1.815048e+00, 8.897152e-10, 4.833778e-10, 4.340379e+01, -3.096470e-02
6.028000e+08, 4.412079e-02, 9.570804e-01, -3.832316e-01, -1.826589e+00, 8.790302e-10, 4.833051e-10, 4.341233e+01, -3.304758e-02
6.066000e+08, 4.459581e-02, 9.570365e-01, -4.042194e-01, -1.838128e+00, 8.685883e-10, 4.832319e-10, 4.341929e+01, -3.513461e-02
6.104000e+08, 4.507427e-02, 9.569914e-01, -4.249580e-01, -1.849666e+00, 8.583890e-10, 4.831583e-10, 4.342466e+01, -3.722512e-02
6.142000e+08, 4.555593e-02, 9.569453e-01, -4.454529e-01, -1.861202e+00, 8.484309e-10, 4.830844e-10, 4.342845e+01, -3.931843e-02
6.180000e+08, 4.604053e-02, 9.568983e-01, -4.657102e-01, -1.872736e+00, 8.387122e-10, 4.830101e-10, 4.343065e+01, -4.141383e-02
6.218000e+08, 4.652785e-02, 9.568502e-01, -4.857353e-01, -1.884269e+00, 8.292306e-10, 4.829356e-10, 4.343125e+01, -4.351065e-02
6.256000e+08, 4.701766e-02, 9.568012e-01, -5.055341e-01, -1.895799e+00, 8.199832e-10, 4.828608e-10, 4.343025e+01, -4.560818e-02
6.294000e+08, 4.750972e-02, 9.567513e-01, -5.251121e-01, -1.907328e+00, 8.109667e-10, 4.827859e-10, 4.342765e+01, -4.770574e-02
6.332000e+08, 4.800383e-02, 9.567006e-01, -5.444749e-01, -1.918855e+00, 8.021778e-10, 4.827108e-10, 4.342345e+01, -4.980263e-02
6.370000e+08, 4.849976e-02, 9.566491e-01, -5.636278e-01, -1.930380e+00, 7.936126e-10, 4.826355e-10, 4.341765e+01, -5.189815e-02
6.408000e+08, 4.899731e-02, 9.565968e-01, -5.825761e-01, -1.941904e+00, 7.852671e-10, 4.825602e-10, 4.341026e+01, -5.399160e-02
6.446000e+08, 4.949627e-02, 9.565438e-01, -6.013253e-01, -1.953425e+00, 7.771369e-10, 4.824849e-10, 4.340126e+01, -5.608229e-02
6.484000e+08, 4.999645e-02, 9.564902e-01, -6.198803e-01, -1.964945e+00, 7.692178e-10, 4.824096e-10, 4.339068e+01, -5.816951e-02
6.522000e+08, 5.049765e-02, 9.564359e-01, -6.382462e-01, -1.976463e+00, 7.615053e-10, 4.823343e-10, 4.337850e+01, -6.025257e-02
6.560000e+08, 5.099967e-02, 9.563810e-01, -6.564280e-01, -1.987980e+00, 7.539946e-10, 4.822591e-10, 4.336474e+01, -6.233077e-02
6.598000e+08, 5.150234e-02, 9.563256e-01, -6.744304e-01, -1.999494e+00, 7.466812e-10, 4.821840e-10, 4.334939e+01, -6.440340e-02
6.636000e+08, 5.200546e-02, 9.562697e-01, -6.922582e-01, -2.011007e+00, 7.395603e-10, 4.821091e-10, 4.333247e+01, -6.646978e-02
6.674000e+08, 5.250888e-02, 9.562133e-01, -7.099161e-01, -2.022518e+00, 7.326272e-10, 4.820344e-10, 4.331397e+01, -6.852920e-02
6.712000e+08, 5.301240e-02, 9.561565e-01, -7.274083e-01, -2.034027e+00, 7.258772e-10, 4.819599e-10, 4.329392e+01, -7.058097e-02
6.750000e+08, 5.351586e-02, 9.560993e-01, -7.447395e-01, -2.045534e+00, 7.193055e-10, 4.818857e-10, 4.327231e+01, -7.262440e-02
6.788000e+08, 5.401910e-02, 9.560418e-01, -7.619137e-01, -2.057040e+00, 7.129075e-10, 4.818118e-10, 4.324916e+01, -7.465880e-02
6.826000e+08, 5.452195e-02, 9.559840e-01, -7.789351e-01, -2.068543e+00, 7.066784e-10, 4.817382e-10, 4.322447e+01, -7.668348e-02
6.864000e+08, 5.502425e-02, 9.559260e-01, -7.958079e-01, -2.080045e+00, 7.006138e-10, 4.816650e-10, 4.319826e+01, -7.869775e-02
6.902000e+08, 5.552585e-02, 9.558677e-01, -8.125358e-01, -2.091546e+00, 6.947091e-10, 4.815923e-10, 4.317053e+01, -8.070093e-02
6.940000e+08, 5.602660e-02, 9.558093e-01, -8.291227e-01, -2.103044e+00, 6.889597e-10, 4.815199e-10, 4.314130e+01, -8.269236e-02
6.978000e+08, 5.652634e-02, 9.557508e-01, -8.455724e-01, -2.114541e+00, 6.833614e-10, 4.814481e-10, 4.311058e+01, -8.467134e-02
7.016000e+08, 5.702492e-02, 9.556921e-01, -8.618884e-01, -2.126036e+00, 6.779098e-10, 4.813768e-10, 4.307839e+01, -8.663721e-02
7.054000e+08, 5.752221e-02, 9.556334e-01, -8.780743e-01, -2.137530e+00, 6.726006e-10, 4.813061e-10, 4.304473e+01, -8.858930e-02
7.092000e+08, 5.801807e-02, 9.555747e-01, -8.941333e-01, -2.149021e+00, 6.674298e-10, 4.812359e-10, 4.300962e+01, -9.052696e-02
7.130000e+08, 5.851235e-02, 9.555160e-01, -9.100690e-01, -2.160511e+00, 6.623932e-10, 4.811663e-10, 4.297309e+01, -9.244952e-02
7.168000e+08, 5.900492e-02, 9.554574e-01, -9.258843e-01, -2.172000e+00, 6.574870e-10, 4.810974e-10, 4.293513e+01, -9.435634e-02
7.206000e+08, 5.949564e-02, 9.553989e-01, -9.415826e-01, -2.183486e+00, 6.527072e-10, 4.810292e-10, 4.289578e+01, -9.624676e-02
7.244000e+08, 5.998439e-02, 9.553406e-01, -9.571667e-01, -2.194972e+00, 6.480502e-10, 4.809617e-10, 4.285505e+01, -9.812015e-02
7.282000e+08, 6.047103e-02, 9.552824e-01, -9.726396e-01, -2.206455e+00, 6.435122e-10, 4.808950e-10, 4.281295e+01, -9.997588e-02
7.320000e+08, 6.095544e-02, 9.552244e-01, -9.880041e-01, -2.217937e+00, 6.390897e-10, 4.808290e-10, 4.276951e+01, -1.018133e-01
7.358000e+08, 6.143750e-02, 9.551667e-01, -1.003263e+00, -2.229417e+00, 6.347792e-10, 4.807638e-10, 4.272474e+01, -1.036318e-01
7.396000e+08, 6.191708e-02, 9.551093e-01, -1.018419e+00, -2.240896e+00, 6.305774e-10, 4.806994e-10, 4.267867e+01, -1.054308e-01
7.434000e+08, 6.239405e-02, 9.550522e-01, -1.033475e+00, -2.252373e+00, 6.264809e-10, 4.806360e-10, 4.263131e+01, -1.072096e-01
7.472000e+08, 6.286832e-02, 9.549954e-01, -1.048433e+00, -2.263849e+00, 6.224867e-10, 4.805734e-10, 4.258269e+01, -1.089677e-01
7.510000e+08, 6.333974e-02, 9.549390e-01, -1.063295e+00, -2.275323e+00, 6.185915e-10, 4.805117e-10, 4.253282e+01, -1.107045e-01
7.548000e+08, 6.380822e-02, 9.548831e-01, -1.078065e+00, -2.286796e+00, 6.147924e-10, 4.804509e-10, 4.248173e+01, -1.124194e-01
7.586000e+08, 6.427364e-02, 9.548276e-01, -1.092744e+00, -2.298267e+00, 6.110865e-10, 4.803911e-10, 4.242945e+01, -1.141117e-01
7.624000e+08, 6.473588e-02, 9.547726e-01, -1.107334e+00, -2.309737e+00, 6.074710e-10, 4.803323e-10, 4.237599e+01, -1.157810e-01
7.662000e+08, 6.519483e-02, 9.547182e-01, -1.121838e+00, -2.321206e+00, 6.039431e-10, 4.802745e-10, 4.232138e+01, -1.174267e-01
7.700000e+08, 6.565040e-02, 9.546642e-01, -1.136258e+00, -2.332673e+00, 6.005002e-10, 4.802178e-10, 4.226564e+01, -1.190482e-01
7.738000e+08, 6.610246e-02, 9.546109e-01, -1.150596e+00, -2.344138e+00, 5.971396e-10, 4.801621e-10, 4.220880e+01, -1.206450e-01
7.776000e+08, 6.655092e-02, 9.545582e-01, -1.164853e+00, -2.355603e+00, 5.938591e-10, 4.801075e-10, 4.215088e+01, -1.222165e-01
7.814000e+08, 6.699567e-02, 9.545061e-01, -1.179032e+00, -2.367066e+00, 5.906560e-10, 4.800540e-10, 4.209191e+01, -1.237623e-01
7.852000e+08, 6.743661e-02, 9.544547e-01, -1.193135e+00, -2.378528e+00, 5.875281e-10, 4.800016e-10, 4.203191e+01, -1.252818e-01
7.890000e+08, 6.787364e-02, 9.544039e-01, -1.207162e+00, -2.389988e+00, 5.844731e-10, 4.799503e-10, 4.197091e+01, -1.267744e-01
7.928000e+08, 6.830665e-02, 9.543539e-01, -1.221117e+00, -2.401448e+00, 5.814889e-10, 4.799003e-10, 4.190893e+01, -1.282398e-01
7.966000e+08, 6.873555e-02, 9.543047e-01, -1.235001e+00, -2.412906e+00, 5.785733e-10, 4.798514e-10, 4.184601e+01, -1.296774e-01
8.004000e+08, 6.916024e-02, 9.542562e-01, -1.248815e+00, -2.424363e+00, 5.757242e-10, 4.798037e-10, 4.178217e+01, -1.310868e-01
8.042000e+08, 6.958063e-02, 9.542086e-01, -1.262561e+00, -2.435819e+00, 5.729397e-10, 4.797572e-10, 4.171744e+01, -1.324675e-01
8.080000e+08, 6.999661e-02, 9.541617e-01, -1.276241e+00, -2.447273e+00, 5.702179e-10, 4.797119e-10, 4.165184e+01, -1.338189e-01
8.118000e+08, 7.040810e-02, 9.541157e-01, -1.289855e+00, -2.458727e+00, 5.675568e-10, 4.796679e-10, 4.158540e+01, -1.351408e-01
8.156000e+08, 7.081500e-02, 9.540706e-01, -1.303406e+00, -2.470180e+00, 5.649548e-10, 4.796252e-10, 4.151815e+01, -1.364326e-01
8.194000e+08, 7.121722e-02, 9.540264e-01, -1.316895e+00, -2.481631e+00, 5.624100e-10, 4.795837e-10, 4.145013e+01, -1.376939e-01
8.232000e+08, 7.161468e-02, 9.539831e-01, -1.330323e+00, -2.493082e+00, 5.599208e-10, 4.795435e-10, 4.138135e+01, -1.389244e-01
8.270000e+08, 7.200727e-02, 9.539407e-01, -1.343692e+00, -2.504531e+00, 5.574856e-10, 4.795046e-10, 4.131184e+01, -1.401236e-01
8.308000e+08, 7.239491e-02, 9.538993e-01, -1.357003e+00, -2.515980e+00, 5.551027e-10, 4.794670e-10, 4.124165e+01, -1.412911e-01
8.346000e+08, 7.277752e-02, 9.538589e-01, -1.370256e+00, -2.527428e+00, 5.527706e-10, 4.794308e-10, 4.117079e+01, -1.424266e-01
8.384000e+08, 7.315500e-02, 9.538195e-01, -1.383455e+00, -2.538875e+00, 5.504879e-10, 4.793959e-10, 4.109930e+01, -1.435296e-01
8.422000e+08, 7.352728e-02, 9.537811e-01, -1.396598e+00, -2.550321e+00, 5.482531e-10, 4.793623e-10, 4.102719e+01, -1.445999e-01
8.460000e+08, 7.389426e-02, 9.537437e-01, -1.409688e+00, -2.561766e+00, 5.460649e-10, 4.793300e-10, 4.095452e+01, -1.456371e-01
8.498000e+08, 7.425586e-02, 9.537074e-01, -1.422726e+00, -2.573211e+00, 5.439219e-10, 4.792992e-10, 4.088130e+01, -1.466408e-01
8.536000e+08, 7.461201e-02, 9.536721e-01, -1.435713e+00, -2.584655e+00, 5.418227e-10, 4.792697e-10, 4.080756e+01, -1.476108e-01
8.574000e+08, 7.496261e-02, 9.536379e-01, -1.448649e+00, -2.596098e+00, 5.397662e-10, 4.792415e-10, 4.073333e+01, -1.485468e-01
8.612000e+08, 7.530759e-02, 9.536048e-01, -1.461537e+00, -2.607540e+00, 5.377512e-10, 4.792148e-10, 4.065865e+01, -1.494483e-01
8.650000e+08, 7.564686e-02, 9.535728e-01, -1.474376e+00, -2.618982e+00, 5.357764e-10, 4.791894e-10, 4.058355e+01, -1.503153e-01
8.688000e+08, 7.598035e-02, 9.535419e-01, -1.487169e+00, -2.630423e+00, 5.338407e-10, 4.791654e-10, 4.050804e+01, -1.511473e-01
8.726000e+08, 7.630798e-02, 9.535122e-01, -1.499915e+00, -2.641864e+00, 5.319430e-10, 4.791429e-10, 4.043218e+01, -1.519442e-01
8.764000e+08, 7.662967e-02, 9.534836e-01, -1.512615e+00, -2.653304e+00, 5.300822e-10, 4.791217e-10, 4.035597e+01, -1.527056e-01
8.802000e+08, 7.694535e-02, 9.534562e-01, -1.525272e+00, -2.664743e+00, 5.282573e-10, 4.791019e-10, 4.027946e+01, -1.534314e-01
8.840000e+08, 7.725493e-02, 9.534299e-01, -1.537884e+00, -2.676182e+00, 5.264673e-10, 4.790835e-10, 4.020268e+01, -1.541214e-01
8.878000e+08, 7.755834e-02, 9.534048e-01, -1.550454e+00, -2.687621e+00, 5.247112e-10, 4.790664e-10, 4.012565e+01, -1.547753e-01
8.916000e+08, 7.785551e-02, 9.533809e-01, -1.562982e+00, -2.699059e+00, 5.229881e-10, 4.790508e-10, 4.004840e+01, -1.553929e-01
8.954000e+08, 7.814637e-02, 9.533582e-01, -1.575469e+00, -2.710497e+00, 5.212970e-10, 4.790366e-10, 3.997097e+01, -1.559741e-01
8.992000e+08, 7.843084e-02, 9.533367e-01, -1.587916e+00, -2.721935e+00, 5.196370e-10, 4.790238e-10, 3.989339e+01, -1.565187e-01
9.030000e+08, 7.870884e-02, 9.533163e-01, -1.600323e+00, -2.733372e+00, 5.180073e-10, 4.790124e-10, 3.981568e+01, -1.570265e-01
9.068000e+08, 7.898032e-02, 9.532972e-01, -1.612691e+00, -2.744809e+00, 5.164071e-10, 4.790024e-10, 3.973787e+01, -1.574974e-01
9.106000e+08, 7.924520e-02, 9.532793e-01, -1.625021e+00, -2.756245e+00, 5.148356e-10, 4.789937e-10, 3.966000e+01, -1.579313e-01
9.144000e+08, 7.950340e-02, 9.532626e-01, -1.637313e+00, -2.767682e+00, 5.132919e-10, 4.789865e-10, 3.958209e+01, -1.583280e-01
9.182000e+08, 7.975486e-02, 9.532472e-01, -1.649568e+00, -2.779118e+00, 5.117752e-10, 4.789806e-10, 3.950417e+01, -1.586875e-01
9.220000e+08, 7.999952e-02, 9.532329e-01, -1.661787e+00, -2.790555e+00, 5.102849e-10, 4.789761e-10, 3.942628e+01, -1.590096e-01
9.258000e+08, 8.023730e-02, 9.532199e-01, -1.673971e+00, -2.801991e+00, 5.088202e-10, 4.789729e-10, 3.934843e+01, -1.592944e-01
9.296000e+08, 8.046814e-02, 9.532081e-01, -1.686120e+00, -2.813427e+00, 5.073805e-10, 4.789711e-10, 3.927067e+01, -1.595416e-01
9.334000e+08, 8.069197e-02, 9.531976e-01, -1.698234e+00, -2.824863e+00, 5.059649e-10, 4.789707e-10, 3.919302e+01, -1.597514e-01
9.372000e+08, 8.090872e-02, 9.531882e-01, -1.710314e+00, -2.836299e+00, 5.045729e-10, 4.789716e-10, 3.911550e+01, -1.599235e-01
9.410000e+08, 8.111835e-02, 9.531801e-01, -1.722362e+00, -2.847734e+00, 5.032039e-10, 4.789739e-10, 3.903815e+01, -1.600581e-01
9.448000e+08, 8.132077e-02, 9.531732e-01, -1.734376e+00, -2.859171e+00, 5.018571e-10, 4.789775e-10, 3.896099e+01, -1.601551e-01
9.486000e+08, 8.151592e-02, 9.531676e-01, -1.746359e+00, -2.870607e+00, 5.005320e-10, 4.789824e-10, 3.888406e+01, -1.602146e-01
9.524000e+08, 8.170376e-02, 9.531631e-01, -1.758309e+00, -2.882043e+00, 4.992280e-10, 4.789886e-10, 3.880738e+01, -1.602364e-01
9.562000e+08, 8.188421e-02, 9.531599e-01, -1.770229e+00, -2.893479e+00, 4.979444e-10, 4.789961e-10, 3.873098e+01, -1.602207e-01
9.600000e+08, 8.205721e-02, 9.531579e-01, -1.782118e+00, -2.904916e+00, 4.966809e-10, 4.790049e-10, 3.865488e+01, -1.601676e-01
9.638000e+08, 8.222271e-02, 9.531571e-01, -1.793977e+00, -2.916353e+00, 4.954366e-10, 4.790149e-10, 3.857911e+01, -1.600770e-01
9.676000e+08, 8.238064e-02, 9.531575e-01, -1.805806e+00, -2.927790e+00, 4.942113e-10, 4.790263e-10, 3.850371e+01, -1.599491e-01
9.714000e+08, 8.253095e-02, 9.531591e-01, -1.817606e+00, -2.939227e+00, 4.930042e-10, 4.790388e-10, 3.842869e+01, -1.597839e-01
9.752000e+08, 8.267358e-02, 9.531619e-01, -1.829377e+00, -2.950664e+00, 4.918150e-10, 4.790527e-10, 3.835409e+01, -1.595815e-01
9.790000e+08, 8.280848e-02, 9.531659e-01, -1.841119e+00, -2.962102e+00, 4.906430e-10, 4.790677e-10, 3.827992e+01, -1.593421e-01
9.828000e+08, 8.293559e-02, 9.531710e-01, -1.852834e+00, -2.973541e+00, 4.894879e-10, 4.790839e-10, 3.820623e+01, -1.590658e-01
9.866000e+08, 8.305485e-02, 9.531774e-01, -1.864521e+00, -2.984979e+00, 4.883491e-10, 4.791014e-10, 3.813302e+01, -1.587527e-01
9.904000e+08, 8.316621e-02, 9.531848e-01, -1.876181e+00, -2.996418e+00, 4.872262e-10, 4.791200e-10, 3.806033e+01, -1.584030e-01
9.942000e+08, 8.326962e-02, 9.531935e-01, -1.887814e+00, -3.007858e+00, 4.861187e-10, 4.791398e-10, 3.798819e+01, -1.580169e-01
9.980000e+08, 8.336502e-02, 9.532032e-01, -1.899421e+00, -3.019298e+00, 4.850261e-10, 4.791607e-10, 3.791661e+01, -1.575945e-01
1.001800e+09, 8.345237e-02, 9.532142e-01, -1.911001e+00, -3.030738e+00, 4.839480e-10, 4.791828e-10, 3.784562e+01, -1.571360e-01
1.005600e+09, 8.353161e-02, 9.532262e-01, -1.922556e+00, -3.042179e+00, 4.828841e-10, 4.792059e-10, 3.777526e+01, -1.566417e-01
1.009400e+09, 8.360269e-02, 9.532393e-01, -1.934085e+00, -3.053621e+00, 4.818337e-10, 4.792302e-10, 3.770553e+01, -1.561118e-01
1.013200e+09, 8.366556e-02, 9.532535e-01, -1.945590e+00, -3.065063e+00, 4.807967e-10, 4.792556e-10, 3.763647e+01, -1.555465e-01
1.017000e+09, 8.372019e-02, 9.532688e-01, -1.957069e+00, -3.076506e+00, 4.797724e-10, 4.792820e-10, 3.756809e+01, -1.549461e-01
1.020800e+09, 8.376650e-02, 9.532852e-01, -1.968524e+00, -3.087949e+00, 4.787606e-10, 4.793094e-10, 3.750043e+01, -1.543108e-01
1.024600e+09, 8.380448e-02, 9.533027e-01, -1.979955e+00, -3.099393e+00, 4.777608e-10, 4.793379e-10, 3.743351e+01, -1.536410e-01
1.028400e+09, 8.383405e-02, 9.533211e-01, -1.991362e+00, -3.110838e+00, 4.767727e-10, 4.793674e-10, 3.736734e+01, -1.529369e-01
1.032200e+09, 8.385519e-02, 9.533407e-01, -2.002746e+00, -3.122283e+00, 4.757958e-10, 4.793979e-10, 3.730196e+01, -1.521988e-01
1.036000e+09, 8.386784e-02, 9.533612e-01, -2.014106e+00, -3.133730e+00, 4.748298e-10, 4.794293e-10, 3.723737e+01, -1.514271e-01
1.039800e+09, 8.387197e-02, 9.533827e-01, -2.025443e+00, 3.138009e+00, 4.738743e-10, 4.794617e-10, 3.717361e+01, -1.506220e-01
1.043600e+09, 8.386753e-02, 9.534052e-01, -2.036757e+00, 3.126561e+00, 4.729289e-10, 4.794950e-10, 3.711070e+01, -1.497841e-01
1.047400e+09, 8.385448e-02, 9.534287e-01, -2.048049e+00, 3.115113e+00, 4.719932e-10, 4.795293e-10, 3.704866e+01, -1.489135e-01
1.051200e+09, 8.383278e-02, 9.534531e-01, -2.059318e+00, 3.103663e+00, 4.710670e-10, 4.795644e-10, 3.698750e+01, -1.480108e-01
1.055000e+09, 8.380238e-02, 9.534785e-01, -2.070566e+00, 3.092213e+00, 4.701497e-10, 4.796004e-10, 3.692725e+01, -1.470762e-01
1.058800e+09, 8.376326e-02, 9.535048e-01, -2.081791e+00, 3.080762e+00, 4.692412e-10, 4.796372e-10, 3.686793e+01, -1.461103e-01
1.062600e+09, 8.371537e-02, 9.535320e-01, -2.092995e+00, 3.069310e+00, 4.683409e-10, 4.796749e-10, 3.680956e+01, -1.451133e-01
1.066400e+09, 8.365868e-02, 9.535600e-01, -2.104177e+00, 3.057858e+00, 4.674487e-10, 4.797133e-10, 3.675215e+01, -1.440858e-01
1.070200e+09, 8.359315e-02, 9.535890e-01, -2.115338e+00, 3.046404e+00, 4.665640e-10, 4.797526e-10, 3.669574e+01, -1.430283e-01
1.074000e+09, 8.351874e-02, 9.536187e-01, -2.126477e+00, 3.034949e+00, 4.656865e-10, 4.797926e-10, 3.664033e+01, -1.419411e-01
1.077800e+09, 8.343542e-02, 9.536494e-01, -2.137596e+00, 3.023494e+00, 4.648159e-10, 4.798334e-10, 3.658594e+01, -1.408247e-01
1.081600e+09, 8.334316e-02, 9.536808e-01, -2.148694e+00, 3.012037e+00, 4.639519e-10, 4.798748e-10, 3.653260e+01, -1.396796e-01
1.085400e+09, 8.324192e-02, 9.537130e-01, -2.159771e+00, 3.000580e+00, 4.630941e-10, 4.799170e-10, 3.648032e+01, -1.385064e-01
1.089200e+09, 8.313167e-02, 9.537459e-01, -2.170828e+00, 2.989121e+00, 4.622421e-10, 4.799598e-10, 3.642912e+01, -1.373055e-01
1.093000e+09, 8.301239e-02, 9.537797e-01, -2.181865e+00, 2.977662e+00, 4.613955e-10, 4.800033e-10, 3.637901e+01, -1.360775e-01
1.096800e+09, 8.288404e-02, 9.538141e-01, -2.192881e+00, 2.966201e+00, 4.605541e-10, 4.800475e-10, 3.633002e+01, -1.348229e-01
1.100600e+09, 8.274659e-02, 9.538493e-01, -2.203877e+00, 2.954739e+00, 4.597174e-10, 4.800922e-10, 3.628215e+01, -1.335423e-01
1.104400e+09, 8.260002e-02, 9.538851e-01, -2.214854e+00, 2.943277e+00, 4.588851e-10, 4.801376e-10, 3.623543e+01, -1.322362e-01
1.108200e+09, 8.244430e-02, 9.539217e-01, -2.225810e+00, 2.931813e+00, 4.580569e-10, 4.801834e-10, 3.618987e+01, -1.309052e-01
1.112000e+09, 8.227940e-02, 9.539588e-01, -2.236747e+00, 2.920348e+00, 4.572323e-10, 4.802299e-10, 3.614549e+01, -1.295498e-01
1.115800e+09, 8.210530e-02, 9.539966e-01, -2.247664e+00, 2.908882e+00, 4.564109e-10, 4.802768e-10, 3.610230e+01, -1.281708e-01
1.119600e+09, 8.192198e-02, 9.540350e-01, -2.258561e+00, 2.897415e+00, 4.555925e-10, 4.803243e-10, 3.606031e+01, -1.267687e-01
1.123400e+09, 8.172941e-02, 9.540740e-01, -2.269439e+00, 2.885946e+00, 4.547766e-10, 4.803722e-10, 3.601954e+01, -1.253441e-01
1.127200e+09, 8.152757e-02, 9.541135e-01, -2.280297e+00, 2.874477e+00, 4.539628e-10, 4.804206e-10, 3.598001e+01, -1.238977e-01
1.131000e+09, 8.131644e-02, 9.541536e-01, -2.291136e+00, 2.863006e+00, 4.531507e-10, 4.804694e-10, 3.594172e+01, -1.224301e-01
1.134800e+09, 8.109600e-02, 9.541942e-01, -2.301955e+00, 2.851535e+00, 4.523399e-10, 4.805186e-10, 3.590469e+01, -1.209420e-01
1.138600e+09, 8.086623e-02, 9.542353e-01, -2.312755e+00, 2.840062e+00, 4.515301e-10, 4.805683e-10, 3.586894e+01, -1.194341e-01
1.142400e+09, 8.062711e-02, 9.542769e-01, -2.323536e+00, 2.828588e+00, 4.507207e-10, 4.806182e-10, 3.583447e+01, -1.179069e-01
1.146200e+09, 8.037863e-02, 9.543189e-01, -2.334298e+00, 2.817112e+00, 4.499113e-10, 4.806686e-10, 3.580130e+01, -1.163613e-01
1.150000e+09, 8.012077e-02, 9.543613e-01, -2.345040e+00, 2.805636e+00, 4.491016e-10, 4.807192e-10, 3.576944e+01, -1.147979e-01
1.153800e+09, 7.985352e-02, 9.544042e-01, -2.355763e+00, 2.794158e+00, 4.482910e-10, 4.807701e-10, 3.573889e+01, -1.132175e-01
1.157600e+09, 7.957687e-02, 9.544474e-01, -2.366466e+00, 2.782679e+00, 4.474791e-10, 4.808213e-10, 3.570968e+01, -1.116207e-01
1.161400e+09, 7.929079e-02, 9.544910e-01, -2.377150e+00, 2.771199e+00, 4.466654e-10, 4.808728e-10, 3.568181e+01, -1.100083e-01
1.165200e+09, 7.899528e-02, 9.545349e-01, -2.387815e+00, 2.759718e+00, 4.458494e-10, 4.809245e-10, 3.565529e+01, -1.083811e-01
1.169000e+09, 7.869034e-02, 9.545791e-01, -2.398460e+00, 2.748235e+00, 4.450306e-10, 4.809764e-10, 3.563013e+01, -1.067397e-01
1.172800e+09, 7.837594e-02, 9.546237e-01, -2.409086e+00, 2.736751e+00, 4.442085e-10, 4.810285e-10, 3.560634e+01, -1.050850e-01
1.176600e+09, 7.805208e-02, 9.546685e-01, -2.419691e+00, 2.725266e+00, 4.433825e-10, 4.810808e-10, 3.558393e+01, -1.034176e-01
1.180400e+09, 7.771876e-02, 9.547135e-01, -2.430278e+00, 2.713780e+00, 4.425520e-10, 4.811332e-10, 3.556290e+01, -1.017385e-01
1.184200e+09, 7.737597e-02, 9.547588e-01, -2.440844e+00, 2.702292e+00, 4.417166e-10, 4.811857e-10, 3.554327e+01, -1.000483e-01
1.188000e+09, 7.702371e-02, 9.548042e-01, -2.451391e+00, 2.690803e+00, 4.408755e-10, 4.812384e-10, 3.552504e+01, -9.834795e-02
1.191800e+09, 7.666196e-02, 9.548499e-01, -2.461917e+00, 2.679313e+00, 4.400282e-10, 4.812911e-10, 3.550822e+01, -9.663810e-02
1.195600e+09, 7.629074e-02, 9.548957e-01, -2.472423e+00, 2.667822e+00, 4.391739e-10, 4.813439e-10, 3.549282e+01, -9.491962e-02
1.199400e+09, 7.591003e-02, 9.549416e-01, -2.482909e+00, 2.656329e+00, 4.383121e-10, 4.813967e-10, 3.547884e+01, -9.319332e-02
1.203200e+09, 7.551984e-02, 9.549876e-01, -2.493374e+00, 2.644835e+00, 4.374420e-10, 4.814496e-10, 3.546628e+01, -9.146001e-02
1.207000e+09, 7.512016e-02, 9.550337e-01, -2.503819e+00, 2.633340e+00, 4.365628e-10, 4.815024e-10, 3.545516e+01, -8.972052e-02
1.210800e+09, 7.471101e-02, 9.550799e-01, -2.514242e+00, 2.621844e+00, 4.356739e-10, 4.815553e-10, 3.544548e+01, -8.797568e-02
1.214600e+09, 7.429238e-02, 9.551261e-01, -2.524644e+00, 2.610346e+00, 4.347743e-10, 4.816081e-10, 3.543724e+01, -8.622632e-02
1.218400e+09, 7.386428e-02, 9.551724e-01, -2.535025e+00, 2.598847e+00, 4.338632e-10, 4.816608e-10, 3.543044e+01, -8.447328e-02
1.222200e+09, 7.342671e-02, 9.552186e-01, -2.545384e+00, 2.587347e+00, 4.329399e-10, 4.817135e-10, 3.542510e+01, -8.271740e-02
1.226000e+09, 7.297969e-02, 9.552648e-01, -2.555721e+00, 2.575846e+00, 4.320032e-10, 4.817661e-10, 3.542120e+01, -8.095954e-02
1.229800e+09, 7.252321e-02, 9.553109e-01, -2.566035e+00, 2.564343e+00, 4.310523e-10, 4.818185e-10, 3.541877e+01, -7.920054e-02
1.233600e+09, 7.205729e-02, 9.553570e-01, -2.576327e+00, 2.552839e+00, 4.300861e-10, 4.818709e-10, 3.541779e+01, -7.744126e-02
1.237400e+09, 7.158194e-02, 9.554030e-01, -2.586596e+00, 2.541334e+00, 4.291036e-10, 4.819230e-10, 3.541827e+01, -7.568256e-02
1.241200e+09, 7.109717e-02, 9.554488e-01, -2.596841e+00, 2.529827e+00, 4.281035e-10, 4.819750e-10, 3.542022e+01, -7.392529e-02
1.245000e+09, 7.060300e-02, 9.554945e-01, -2.607063e+00, 2.518320e+00, 4.270848e-10, 4.820268e-10, 3.542362e+01, -7.217033e-02
1.248800e+09, 7.009943e-02, 9.555401e-01, -2.617260e+00, 2.506811e+00, 4.260461e-10, 4.820785e-10, 3.542849e+01, -7.041852e-02
1.252600e+09, 6.958649e-02, 9.555855e-01, -2.627432e+00, 2.495301e+00, 4.249861e-10, 4.821298e-10, 3.543482e+01, -6.867074e-02
1.256400e+09, 6.906419e-02, 9.556306e-01, -2.637579e+00, 2.483789e+00, 4.239034e-10, 4.821810e-10, 3.544261e+01, -6.692786e-02
1.260200e+09, 6.853255e-02, 9.556755e-01, -2.647700e+00, 2.472277e+00, 4.227964e-10, 4.822318e-10, 3.545186e+01, -6.519074e-02
1.264000e+09, 6.799159e-02, 9.557202e-01, -2.657795e+00, 2.460763e+00, 4.216637e-10, 4.822824e-10, 3.546257e+01, -6.346024e-02
1.267800e+09, 6.744133e-02, 9.557647e-01, -2.667863e+00, 2.449248e+00, 4.205035e-10, 4.823327e-10, 3.547474e+01, -6.173723e-02
1.271600e+09, 6.688178e-02, 9.558088e-01, -2.677903e+00, 2.437732e+00, 4.193139e-10, 4.823827e-10, 3.548837e+01, -6.002258e-02
1.275400e+09, 6.631299e-02, 9.558526e-01, -2.687914e+00, 2.426214e+00, 4.180932e-10, 4.824324e-10, 3.550344e+01, -5.831715e-02
1.279200e+09, 6.573496e-02, 9.558961e-01, -2.697897e+00, 2.414696e+00, 4.168393e-10, 4.824817e-10, 3.551997e+01, -5.662181e-02
1.283000e+09, 6.514773e-02, 9.559392e-01, -2.707849e+00, 2.403176e+00, 4.155500e-10, 4.825307e-10, 3.553793e+01, -5.493741e-02
1.286800e+09, 6.455132e-02, 9.559820e-01, -2.717771e+00, 2.391655e+00, 4.142230e-10, 4.825793e-10, 3.555734e+01, -5.326481e-02
1.290600e+09, 6.394577e-02, 9.560243e-01, -2.727661e+00, 2.380133e+00, 4.128558e-10, 4.826274e-10, 3.557819e+01, -5.160487e-02
1.294400e+09, 6.333110e-02, 9.560663e-01, -2.737518e+00, 2.368609e+00, 4.114459e-10, 4.826752e-10, 3.560046e+01, -4.995843e-02
1.298200e+09, 6.270734e-02, 9.561078e-01, -2.747342e+00, 2.357085e+00, 4.099903e-10, 4.827226e-10, 3.562416e+01, -4.832635e-02
1.302000e+09, 6.207453e-02, 9.561489e-01, -2.757131e+00, 2.345560e+00, 4.084862e-10, 4.827695e-10, 3.564927e+01, -4.670947e-02
1.305800e+09, 6.143270e-02, 9.561895e-01, -2.766884e+00, 2.334033e+00, 4.069301e-10, 4.828160e-10, 3.567580e+01, -4.510863e-02
1.309600e+09, 6.078189e-02, 9.562296e-01, -2.776600e+00, 2.322505e+00, 4.053188e-10, 4.828620e-10, 3.570373e+01, -4.352466e-02
1.313400e+09, 6.012213e-02, 9.562691e-01, -2.786277e+00, 2.310976e+00, 4.036483e-10, 4.829075e-10, 3.573305e+01, -4.195840e-02
1.317200e+09, 5.945347e-02, 9.563082e-01, -2.795915e+00, 2.299446e+00, 4.019147e-10, 4.829526e-10, 3.576376e+01, -4.041066e-02
1.321000e+09, 5.877594e-02, 9.563467e-01, -2.805511e+00, 2.287915e+00, 4.001137e-10, 4.829971e-10, 3.579585e+01, -3.888226e-02
1.324800e+09, 5.808959e-02, 9.563847e-01, -2.815064e+00, 2.276383e+00, 3.982405e-10, 4.830411e-10, 3.582931e+01, -3.737402e-02
1.328600e+09, 5.739446e-02, 9.564220e-01, -2.824573e+00, 2.264850e+00, 3.962901e-10, 4.830846e-10, 3.586412e+01, -3.588673e-02
1.332400e+09, 5.669059e-02, 9.564588e-01, -2.834035e+00, 2.253316e+00, 3.942570e-10, 4.831275e-10, 3.590029e+01, -3.442120e-02
1.336200e+09, 5.597804e-02, 9.564949e-01, -2.843448e+00, 2.241781e+00, 3.921353e-10, 4.831698e-10, 3.593779e+01, -3.297821e-02
1.340000e+09, 5.525685e-02, 9.565305e-01, -2.852811e+00, 2.230244e+00, 3.899184e-10, 4.832116e-10, 3.597661e+01, -3.155855e-02
1.343800e+09, 5.452707e-02, 9.565653e-01, -2.862120e+00, 2.218707e+00, 3.875994e-10, 4.832528e-10, 3.601675e+01, -3.016298e-02
1.347600e+09, 5.378875e-02, 9.565995e-01, -2.871375e+00, 2.207169e+00, 3.851707e-10, 4.832934e-10, 3.605819e+01, -2.879227e-02
1.351400e+09, 5.304195e-02, 9.566330e-01, -2.880571e+00, 2.195630e+00, 3.826239e-10, 4.833334e-10, 3.610092e+01, -2.744717e-02
1.355200e+09, 5.228672e-02, 9.566658e-01, -2.889707e+00, 2.184090e+00, 3.799500e-10, 4.833728e-10, 3.614492e+01, -2.612844e-02
1.359000e+09, 5.152312e-02, 9.566979e-01, -2.898778e+00, 2.172549e+00, 3.771389e-10, 4.834115e-10, 3.619019e+01, -2.483679e-02
1.362800e+09, 5.075121e-02, 9.567292e-01, -2.907783e+00, 2.161007e+00, 3.741799e-10, 4.834496e-10, 3.623669e+01, -2.357297e-02
1.366600e+09, 4.997104e-02, 9.567598e-01, -2.916717e+00, 2.149464e+00, 3.710609e-10, 4.834871e-10, 3.628443e+01, -2.233768e-02
1.370400e+09, 4.918269e-02, 9.567896e-01, -2.925576e+00, 2.137920e+00, 3.677688e-10, 4.835238e-10, 3.633338e+01, -2.113163e-02
1.374200e+09, 4.838622e-02, 9.568187e-01, -2.934357e+00, 2.126375e+00, 3.642892e-10, 4.835599e-10, 3.638353e+01, -1.995551e-02
1.378000e+09, 4.758170e-02, 9.568469e-01, -2.943055e+00, 2.114830e+00, 3.606061e-10, 4.835953e-10, 3.643486e+01, -1.881000e-02
1.381800e+09, 4.676919e-02, 9.568744e-01, -2.951665e+00, 2.103283e+00, 3.567019e-10, 4.836300e-10, 3.648735e+01, -1.769578e-02
1.385600e+09, 4.594877e-02, 9.569010e-01, -2.960182e+00, 2.091736e+00, 3.525569e-10, 4.836640e-10, 3.654099e+01, -1.661349e-02
1.389400e+09, 4.512051e-02, 9.569268e-01, -2.968599e+00, 2.080188e+00, 3.481494e-10, 4.836973e-10, 3.659575e+01, -1.556378e-02
1.393200e+09, 4.428449e-02, 9.569517e-01, -2.976912e+00, 2.068639e+00, 3.434553e-10, 4.837299e-10, 3.665162e+01, -1.454729e-02
1.397000e+09, 4.344079e-02, 9.569758e-01, -2.985112e+00, 2.057090e+00, 3.384475e-10, 4.837617e-10, 3.670858e+01, -1.356463e-02
1.400800e+09, 4.258950e-02, 9.569990e-01, -2.993193e+00, 2.045540e+00, 3.330960e-10, 4.837928e-10, 3.676661e+01, -1.261641e-02
1.404600e+09, 4.173070e-02, 9.570213e-01, -3.001146e+00, 2.033988e+00, 3.273669e-10, 4.838231e-10, 3.682569e+01, -1.170323e-02
1.408400e+09, 4.086448e-02, 9.570427e-01, -3.008962e+00, 2.022437e+00, 3.212221e-10, 4.838527e-10, 3.688579e+01, -1.082565e-02
1.412200e+09, 3.999093e-02, 9.570632e-01, -3.016632e+00, 2.010884e+00, 3.146189e-10, 4.838815e-10, 3.694689e+01, -9.984252e-03
1.416000e+09, 3.911016e-02, 9.570827e-01, -3.024144e+00, 1.999331e+00, 3.075088e-10, 4.839095e-10, 3.700898e+01, -9.179578e-03
1.419800e+09, 3.822227e-02, 9.571014e-01, -3.031486e+00, 1.987777e+00, 2.998369e-10, 4.839367e-10, 3.707202e+01, -8.412166e-03
1.423600e+09, 3.732735e-02, 9.571190e-01, -3.038645e+00, 1.976222e+00, 2.915407e-10, 4.839631e-10, 3.713600e+01, -7.682536e-03
1.427400e+09, 3.642553e-02, 9.571358e-01, -3.045606e+00, 1.964667e+00, 2.825491e-10, 4.839888e-10, 3.720089e+01, -6.991194e-03
1.431200e+09, 3.551693e-02, 9.571515e-01, -3.052352e+00, 1.953112e+00, 2.727803e-10, 4.840136e-10, 3.726667e+01, -6.338630e-03
1.435000e+09, 3.460166e-02, 9.571663e-01, -3.058865e+00, 1.941555e+00, 2.621406e-10, 4.840376e-10, 3.733331e+01, -5.725319e-03
1.438800e+09, 3.367987e-02, 9.571801e-01, -3.065124e+00, 1.929998e+00, 2.505219e-10, 4.840608e-10, 3.740079e+01, -5.151720e-03
1.442600e+09, 3.275168e-02, 9.571928e-01, -3.071105e+00, 1.918441e+00, 2.377988e-10, 4.840831e-10, 3.746907e+01, -4.618276e-03
1.446400e+09, 3.181726e-02, 9.572046e-01, -3.076783e+00, 1.906883e+00, 2.238256e-10, 4.841046e-10, 3.753814e+01, -4.125415e-03
1.450200e+09, 3.087676e-02, 9.572154e-01, -3.082127e+00, 1.895324e+00, 2.084318e-10, 4.841253e-10, 3.760796e+01, -3.673547e-03
1.454000e+09, 2.993036e-02, 9.572251e-01, -3.087103e+00, 1.883765e+00, 1.914177e-10, 4.841451e-10, 3.767851e+01, -3.263066e-03
1.457800e+09, 2.897824e-02, 9.572338e-01, -3.091674e+00, 1.872206e+00, 1.725472e-10, 4.841641e-10, 3.774976e+01, -2.894350e-03
1.461600e+09, 2.802060e-02, 9.572415e-01, -3.095793e+00, 1.860646e+00, 1.515404e-10, 4.841822e-10, 3.782168e+01, -2.567758e-03
1.465400e+09, 2.705768e-02, 9.572481e-01, -3.099412e+00, 1.849085e+00, 1.280636e-10, 4.841995e-10, 3.789424e+01, -2.283634e-03
1.469200e+09, 2.608972e-02, 9.572536e-01, -3.102469e+00, 1.837525e+00, 1.017160e-10, 4.842159e-10, 3.796741e+01, -2.042303e-03
1.473000e+09, 2.511699e-02, 9.572581e-01, -3.104898e+00, 1.825963e+00, 7.201398e-11, 4.842314e-10, 3.804116e+01, -1.844074e-03
1.476800e+09, 2.413981e-02, 9.572616e-01, -3.106617e+00, 1.814402e+00, 3.836928e-11, 4.842460e-10, 3.811546e+01, -1.689237e-03
1.480600e+09, 2.315852e-02, 9.572639e-01, -3.107533e+00, 1.802840e+00, 6.176948e-14, 4.842597e-10, 3.819028e+01, -1.578065e-03
1.484400e+09, 2.217352e-02, 9.572652e-01, -3.107535e+00, 1.791278e+00, -4.379704e-11, 4.842726e-10, 3.826558e+01, -1.510813e-03
1.488200e+09, 2.118527e-02, 9.572654e-01, -3.106489e+00, 1.779715e+00, -9.431213e-11, 4.842845e-10, 3.834134e+01, -1.487716e-03
1.492000e+09, 2.019432e-02, 9.572645e-01, -3.104237e+00, 1.768152e+00, -1.528694e-10, 4.842956e-10, 3.841752e+01, -1.508994e-03
1.495800e+09, 1.920129e-02, 9.572625e-01, -3.100587e+00, 1.756589e+00, -2.212228e-10, 4.843058e-10, 3.849408e+01, -1.574845e-03
1.499600e+09, 1.820693e-02, 9.572594e-01, -3.095305e+00, 1.745026e+00, -3.016127e-10, 4.843150e-10, 3.857100e+01, -1.685451e-03
1.503400e+09, 1.721218e-02, 9.572552e-01, -3.088104e+00, 1.733462e+00, -3.969293e-10, 4.843234e-10, 3.864823e+01, -1.840973e-03
1.507200e+09, 1.621813e-02, 9.572498e-01, -3.078627e+00, 1.721899e+00, -5.109374e-10, 4.843308e-10, 3.872575e+01, -2.041556e-03
1.511000e+09, 1.522621e-02, 9.572434e-01, -3.066428e+00, 1.710335e+00, -6.485907e-10, 4.843374e-10, 3.880351e+01, -2.287322e-03
1.514800e+09, 1.423815e-02, 9.572359e-01, -3.050942e+00, 1.698771e+00, -8.164677e-10, 4.843430e-10, 3.888149e+01, -2.578378e-03
1.518600e+09, 1.325622e-02, 9.572272e-01, -3.031448e+00, 1.687206e+00, -1.023375e-09, 4.843477e-10, 3.895964e+01, -2.914808e-03
1.522400e+09, 1.228337e-02, 9.572174e-01, -3.007014e+00, 1.675642e+00, -1.281161e-09, 4.843515e-10, 3.903793e+01, -3.296680e-03
1.526200e+09, 1.132351e-02, 9.572065e-01, -2.976425e+00, 1.664078e+00, -1.605762e-09, 4.843543e-10, 3.911632e+01, -3.724039e-03
1.530000e+09, 1.038191e-02, 9.571945e-01, -2.938085e+00, 1.652513e+00, -2.018374e-09, 4.843563e-10, 3.919478e+01, -4.196913e-03
1.533800e+09, 9.465846e-03, 9.571813e-01, -2.889894e+00, 1.640949e+00, -2.546276e-09, 4.843573e-10, 3.927326e+01, -4.715309e-03
1.537600e+09, 8.585426e-03, 9.571671e-01, -2.829099e+00, 1.629384e+00, -3.221850e-09, 4.843574e-10, 3.935173e+01, -5.279215e-03
1.541400e+09, 7.754907e-03, 9.571516e-01, -2.752174e+00, 1.617819e+00, -4.076076e-09, 4.843566e-10, 3.943015e+01, -5.888598e-03
1.545200e+09, 6.994362e-03, 9.571351e-01, -2.654853e+00, 1.606255e+00, -5.118791e-09, 4.843548e-10, 3.950848e+01, -6.543405e-03
1.549000e+09, 6.331514e-03, 9.571175e-01, -2.532636e+00, 1.594690e+00, -6.295705e-09, 4.843522e-10, 3.958668e+01, -7.243564e-03
1.552800e+09, 5.802547e-03, 9.570987e-01, -2.382319e+00, 1.583126e+00, -7.428106e-09, 4.843486e-10, 3.966471e+01, -7.988982e-03
1.556600e+09, 5.449291e-03, 9.570788e-01, -2.204965e+00, 1.571562e+00, -8.200741e-09, 4.843441e-10, 3.974254e+01, -8.779545e-03
1.560400e+09, 5.309619e-03, 9.570577e-01, -2.009163e+00, 1.559997e+00, -8.308254e-09, 4.843386e-10, 3.982011e+01, -9.615121e-03
1.564200e+09, 5.402666e-03, 9.570356e-01, -1.810795e+00, 1.548433e+00, -7.702108e-09, 4.843322e-10, 3.989740e+01, -1.049556e-02
1.568000e+09, 5.719397e-03, 9.570123e-01, -1.626898e+00, 1.536869e+00, -6.636703e-09, 4.843249e-10, 3.997435e+01, -1.142067e-02
1.571800e+09, 6.227813e-03, 9.569879e-01, -1.468440e+00, 1.525305e+00, -5.447765e-09, 4.843167e-10, 4.005094e+01, -1.239028e-02
1.575600e+09, 6.887366e-03, 9.569624e-01, -1.338368e+00, 1.513742e+00, -4.356976e-09, 4.843076e-10, 4.012711e+01, -1.340416e-02
1.579400e+09, 7.660647e-03, 9.569358e-01, -1.234341e+00, 1.502178e+00, -3.448237e-09, 4.842975e-10, 4.020283e+01, -1.446208e-02
1.583200e+09, 8.518058e-03, 9.569081e-01, -1.152010e+00, 1.490615e+00, -2.724501e-09, 4.842865e-10, 4.027806e+01, -1.556378e-02
1.587000e+09, 9.437832e-03, 9.568792e-01, -1.086960e+00, 1.479052e+00, -2.157981e-09, 4.842746e-10, 4.035275e+01, -1.670899e-02
1.590800e+09, 1.040443e-02, 9.568493e-01, -1.035436e+00, 1.467490e+00, -1.715634e-09, 4.842618e-10, 4.042686e+01, -1.789740e-02
1.594600e+09, 1.140679e-02, 9.568183e-01, -9.944730e-01, 1.455928e+00, -1.368476e-09, 4.842481e-10, 4.050035e+01, -1.912870e-02
1.598400e+09, 1.243701e-02, 9.567862e-01, -9.617991e-01, 1.444366e+00, -1.093616e-09, 4.842335e-10, 4.057318e+01, -2.040255e-02
1.602200e+09, 1.348935e-02, 9.567530e-01, -9.356878e-01, 1.432804e+00, -8.737305e-10, 4.842180e-10, 4.064531e+01, -2.171859e-02
1.606000e+09, 1.455956e-02, 9.567187e-01, -9.148265e-01, 1.421243e+00, -6.959159e-10, 4.842015e-10, 4.071669e+01, -2.307644e-02
1.609800e+09, 1.564445e-02, 9.566833e-01, -8.982107e-01, 1.409682e+00, -5.505885e-10, 4.841842e-10, 4.078729e+01, -2.447570e-02
1.613600e+09, 1.674157e-02, 9.566469e-01, -8.850648e-01, 1.398121e+00, -4.306022e-10, 4.841660e-10, 4.085706e+01, -2.591595e-02
1.617400e+09, 1.784903e-02, 9.566094e-01, -8.747837e-01, 1.386561e+00, -3.305892e-10, 4.841469e-10, 4.092595e+01, -2.739674e-02
1.621200e+09, 1.896531e-02, 9.565709e-01, -8.668905e-01, 1.375002e+00, -2.464809e-10, 4.841269e-10, 4.099394e+01, -2.891762e-02
1.625000e+09, 2.008920e-02, 9.565313e-01, -8.610055e-01, 1.363443e+00, -1.751633e-10, 4.841060e-10, 4.106097e+01, -3.047811e-02
1.628800e+09, 2.121970e-02, 9.564906e-01, -8.568233e-01, 1.351884e+00, -1.142289e-10, 4.840842e-10, 4.112701e+01, -3.207770e-02
1.632600e+09, 2.235597e-02, 9.564490e-01, -8.540960e-01, 1.340326e+00, -6.179852e-11, 4.840616e-10, 4.119202e+01, -3.371587e-02
1.636400e+09, 2.349732e-02, 9.564063e-01, -8.526205e-01, 1.328769e+00, -1.639097e-11, 4.840381e-10, 4.125595e+01, -3.539207e-02
1.640200e+09, 2.464315e-02, 9.563626e-01, -8.522291e-01, 1.317212e+00, 2.317162e-11, 4.840138e-10, 4.131876e+01, -3.710576e-02
1.644000e+09, 2.579294e-02, 9.563179e-01, -8.527824e-01, 1.305655e+00, 5.783410e-11, 4.839885e-10, 4.138042e+01, -3.885634e-02
1.647800e+09, 2.694623e-02, 9.562722e-01, -8.541632e-01, 1.294100e+00, 8.836055e-11, 4.839625e-10, 4.144088e+01, -4.064321e-02
1.651600e+09, 2.810262e-02, 9.562255e-01, -8.562729e-01, 1.282545e+00, 1.153737e-10, 4.839356e-10, 4.150010e+01, -4.246576e-02
1.655400e+09, 2.926173e-02, 9.561779e-01, -8.590276e-01, 1.270990e+00, 1.393847e-10, 4.839079e-10, 4.155805e+01, -4.432335e-02
1.659200e+09, 3.042324e-02, 9.561293e-01, -8.623556e-01, 1.259436e+00, 1.608160e-10, 4.838793e-10, 4.161469e+01, -4.621532e-02
1.663000e+09, 3.158685e-02, 9.560797e-01, -8.661952e-01, 1.247883e+00, 1.800191e-10, 4.838499e-10, 4.166998e+01, -4.814099e-02
1.666800e+09, 3.275226e-02, 9.560292e-01, -8.704934e-01, 1.236331e+00, 1.972880e-10, 4.838197e-10, 4.172388e+01, -5.009966e-02
1.670600e+09, 3.391922e-02, 9.559778e-01, -8.752038e-01, 1.224779e+00, 2.128703e-10, 4.837887e-10, 4.177635e+01, -5.209063e-02
1.674400e+09, 3.508748e-02, 9.559254e-01, -8.802864e-01, 1.213228e+00, 2.269754e-10, 4.837569e-10, 4.182736e+01, -5.411317e-02
1.678200e+09, 3.625680e-02, 9.558721e-01, -8.857056e-01, 1.201678e+00, 2.397815e-10, 4.837243e-10, 4.187688e+01, -5.616652e-02
1.682000e+09, 3.742696e-02, 9.558180e-01, -8.914307e-01, 1.190128e+00, 2.514409e-10, 4.836909e-10, 4.192486e+01, -5.824992e-02
1.685800e+09, 3.859774e-02, 9.557630e-01, -8.974341e-01, 1.178580e+00, 2.620841e-10, 4.836568e-10, 4.197127e+01, -6.036259e-02
1.689600e+09, 3.976894e-02, 9.557071e-01, -9.036917e-01, 1.167032e+00, 2.718240e-10, 4.836219e-10, 4.201609e+01, -6.250372e-02
1.693400e+09, 4.094037e-02, 9.556503e-01, -9.101818e-01, 1.155485e+00, 2.807581e-10, 4.835862e-10, 4.205927e+01, -6.467251e-02
1.697200e+09, 4.211181e-02, 9.555927e-01, -9.168852e-01, 1.143939e+00, 2.889712e-10, 4.835498e-10, 4.210078e+01, -6.686812e-02
1.701000e+09, 4.328310e-02, 9.555343e-01, -9.237847e-01, 1.132393e+00, 2.965372e-10, 4.835127e-10, 4.214060e+01, -6.908969e-02
1.704800e+09, 4.445404e-02, 9.554751e-01, -9.308648e-01, 1.120849e+00, 3.035208e-10, 4.834748e-10, 4.217869e+01, -7.133638e-02
1.708600e+09, 4.562444e-02, 9.554150e-01, -9.381117e-01, 1.109305e+00, 3.099790e-10, 4.834362e-10, 4.221502e+01, -7.360730e-02
1.712400e+09, 4.679415e-02, 9.553542e-01, -9.455128e-01, 1.097763e+00, 3.159618e-10, 4.833970e-10, 4.224957e+01, -7.590156e-02
1.716200e+09, 4.796297e-02, 9.552927e-01, -9.530568e-01, 1.086221e+00, 3.215134e-10, 4.833570e-10, 4.228230e+01, -7.821825e-02
1.720000e+09, 4.913075e-02, 9.552304e-01, -9.607333e-01, 1.074680e+00, 3.266732e-10, 4.833163e-10, 4.231319e+01, -8.055645e-02
1.723800e+09, 5.029730e-02, 9.551673e-01, -9.685329e-01, 1.063141e+00, 3.314759e-10, 4.832750e-10, 4.234222e+01, -8.291524e-02
1.727600e+09, 5.146246e-02, 9.551036e-01, -9.764473e-01, 1.051602e+00, 3.359527e-10, 4.832330e-10, 4.236936e+01, -8.529366e-02
1.731400e+09, 5.262607e-02, 9.550391e-01, -9.844685e-01, 1.040064e+00, 3.401312e-10, 4.831904e-10, 4.239459e+01, -8.769075e-02
1.735200e+09, 5.378796e-02, 9.549740e-01, -9.925895e-01, 1.028528e+00, 3.440364e-10, 4.831471e-10, 4.241788e+01, -9.010556e-02
1.739000e+09, 5.494797e-02, 9.549082e-01, -1.000804e+00, 1.016992e+00, 3.476905e-10, 4.831033e-10, 4.243921e+01, -9.253709e-02
1.742800e+09, 5.610593e-02, 9.548417e-01, -1.009105e+00, 1.005457e+00, 3.511136e-10, 4.830588e-10, 4.245856e+01, -9.498436e-02
1.746600e+09, 5.726169e-02, 9.547746e-01, -1.017489e+00, 9.939238e-01, 3.543238e-10, 4.830137e-10, 4.247592e+01, -9.744636e-02
1.750400e+09, 5.841508e-02, 9.547070e-01, -1.025948e+00, 9.823913e-01, 3.573374e-10, 4.829680e-10, 4.249127e+01, -9.992209e-02
1.754200e+09, 5.956595e-02, 9.546387e-01, -1.034480e+00, 9.708599e-01, 3.601691e-10, 4.829218e-10, 4.250459e+01, -1.024105e-01
1.758000e+09, 6.071414e-02, 9.545698e-01, -1.043080e+00, 9.593296e-01, 3.628325e-10, 4.828750e-10, 4.251586e+01, -1.049106e-01
1.761800e+09, 6.185949e-02, 9.545004e-01, -1.051743e+00, 9.478004e-01, 3.653396e-10, 4.828276e-10, 4.252507e+01, -1.074214e-01
1.765600e+09, 6.300184e-02, 9.544305e-01, -1.060466e+00, 9.362724e-01, 3.677016e-10, 4.827798e-10, 4.253221e+01, -1.099417e-01
1.769400e+09, 6.414104e-02, 9.543600e-01, -1.069245e+00, 9.247455e-01, 3.699285e-10, 4.827314e-10, 4.253726e+01, -1.124706e-01
1.773200e+09, 6.527694e-02, 9.542891e-01, -1.078077e+00, 9.132197e-01, 3.720296e-10, 4.826826e-10, 4.254023e+01, -1.150070e-01
1.777000e+09, 6.640937e-02, 9.542177e-01, -1.086960e+00, 9.016951e-01, 3.740133e-10, 4.826332e-10, 4.254109e+01, -1.175498e-01
1.780800e+09, 6.753819e-02, 9.541458e-01, -1.095890e+00, 8.901717e-01, 3.758873e-10, 4.825834e-10, 4.253984e+01, -1.200979e-01
1.784600e+09, 6.866323e-02, 9.540735e-01, -1.104865e+00, 8.786495e-01, 3.776587e-10, 4.825331e-10, 4.253648e+01, -1.226504e-01
1.788400e+09, 6.978436e-02, 9.540008e-01, -1.113882e+00, 8.671285e-01, 3.793340e-10, 4.824824e-10, 4.253099e+01, -1.252060e-01
1.792200e+09, 7.090141e-02, 9.539277e-01, -1.122939e+00, 8.556087e-01, 3.809192e-10, 4.824313e-10, 4.252339e+01, -1.277638e-01
1.796000e+09, 7.201423e-02, 9.538542e-01, -1.132034e+00, 8.440901e-01, 3.824197e-10, 4.823798e-10, 4.251365e+01, -1.303226e-01
1.799800e+09, 7.312267e-02, 9.537803e-01, -1.141164e+00, 8.325728e-01, 3.838408e-10, 4.823279e-10, 4.250179e+01, -1.328815e-01
1.803600e+09, 7.422658e-02, 9.537062e-01, -1.150329e+00, 8.210567e-01, 3.851870e-10, 4.822756e-10, 4.248781e+01, -1.354391e-01
1.807400e+09, 7.532580e-02, 9.536317e-01, -1.159526e+00, 8.095418e-01, 3.864627e-10, 4.822230e-10, 4.247170e+01, -1.379946e-01
1.811200e+09, 7.642020e-02, 9.535570e-01, -1.168753e+00, 7.980282e-01, 3.876719e-10, 4.821700e-10, 4.245348e+01, -1.405469e-01
1.815000e+09, 7.750961e-02, 9.534820e-01, -1.178009e+00, 7.865159e-01, 3.888183e-10, 4.821167e-10, 4.243314e+01, -1.430947e-01
1.818800e+09, 7.859390e-02, 9.534067e-01, -1.187292e+00, 7.750048e-01, 3.899054e-10, 4.820631e-10, 4.241069e+01, -1.456371e-01
1.822600e+09, 7.967290e-02, 9.533313e-01, -1.196602e+00, 7.634950e-01, 3.909363e-10, 4.820093e-10, 4.238614e+01, -1.481730e-01
1.826400e+09, 8.074647e-02, 9.532556e-01, -1.205936e+00, 7.519865e-01, 3.919140e-10, 4.819551e-10, 4.235950e+01, -1.507012e-01
1.830200e+09, 8.181447e-02, 9.531798e-01, -1.215293e+00, 7.404793e-01, 3.928413e-10, 4.819008e-10, 4.233077e+01, -1.532208e-01
1.834000e+09, 8.287675e-02, 9.531039e-01, -1.224673e+00, 7.289734e-01, 3.937207e-10, 4.818462e-10, 4.229998e+01, -1.557306e-01
1.837800e+09, 8.393315e-02, 9.530278e-01, -1.234073e+00, 7.174688e-01, 3.945547e-10, 4.817913e-10, 4.226713e+01, -1.582296e-01
1.841600e+09, 8.498354e-02, 9.529516e-01, -1.243494e+00, 7.059655e-01, 3.953455e-10, 4.817363e-10, 4.223223e+01, -1.607166e-01
1.845400e+09, 8.602777e-02, 9.528753e-01, -1.252933e+00, 6.944635e-01, 3.960951e-10, 4.816812e-10, 4.219531e+01, -1.631908e-01
1.849200e+09, 8.706568e-02, 9.527990e-01, -1.262390e+00, 6.829628e-01, 3.968056e-10, 4.816258e-10, 4.215637e+01, -1.656509e-01
1.853000e+09, 8.809715e-02, 9.527227e-01, -1.271864e+00, 6.714635e-01, 3.974786e-10, 4.815704e-10, 4.211545e+01, -1.680960e-01
1.856800e+09, 8.912202e-02, 9.526463e-01, -1.281355e+00, 6.599654e-01, 3.981160e-10, 4.815148e-10, 4.207255e+01, -1.705251e-01
1.860600e+09, 9.014015e-02, 9.525700e-01, -1.290860e+00, 6.484687e-01, 3.987193e-10, 4.814591e-10, 4.202769e+01, -1.729370e-01
1.864400e+09, 9.115140e-02, 9.524937e-01, -1.300380e+00, 6.369734e-01, 3.992901e-10, 4.814034e-10, 4.198090e+01, -1.753308e-01
1.868200e+09, 9.215562e-02, 9.524175e-01, -1.309913e+00, 6.254793e-01, 3.998296e-10, 4.813476e-10, 4.193221e+01, -1.777054e-01
1.872000e+09, 9.315268e-02, 9.523414e-01, -1.319460e+00, 6.139866e-01, 4.003392e-10, 4.812918e-10, 4.188162e+01, -1.800599e-01
1.875800e+09, 9.414243e-02, 9.522654e-01, -1.329018e+00, 6.024953e-01, 4.008202e-10, 4.812359e-10, 4.182918e+01, -1.823932e-01
1.879600e+09, 9.512474e-02, 9.521895e-01, -1.338588e+00, 5.910052e-01, 4.012738e-10, 4.811801e-10, 4.177490e+01, -1.847044e-01
1.883400e+09, 9.609946e-02, 9.521138e-01, -1.348169e+00, 5.795165e-01, 4.017008e-10, 4.811243e-10, 4.171881e+01, -1.869925e-01
1.887200e+09, 9.706645e-02, 9.520383e-01, -1.357760e+00, 5.680291e-01, 4.021026e-10, 4.810685e-10, 4.166094e+01, -1.892565e-01
1.891000e+09, 9.802558e-02, 9.519631e-01, -1.367361e+00, 5.565431e-01, 4.024798e-10, 4.810128e-10, 4.160132e+01, -1.914956e-01
1.894800e+09, 9.897672e-02, 9.518880e-01, -1.376971e+00, 5.450584e-01, 4.028336e-10, 4.809572e-10, 4.153997e+01, -1.937086e-01
1.898600e+09, 9.991971e-02, 9.518132e-01, -1.386589e+00, 5.335750e-01, 4.031646e-10, 4.809017e-10, 4.147694e+01, -1.958948e-01
1.902400e+09, 1.008544e-01, 9.517387e-01, -1.396215e+00, 5.220929e-01, 4.034738e-10, 4.808464e-10, 4.141225e+01, -1.980532e-01
1.906200e+09, 1.017808e-01, 9.516646e-01, -1.405848e+00, 5.106122e-01, 4.037619e-10, 4.807912e-10, 4.134593e+01, -2.001829e-01
1.910000e+09, 1.026985e-01, 9.515907e-01, -1.415488e+00, 4.991328e-01, 4.040295e-10, 4.807361e-10, 4.127801e+01, -2.022830e-01
1.913800e+09, 1.036076e-01, 9.515173e-01, -1.425135e+00, 4.876547e-01, 4.042774e-10, 4.806813e-10, 4.120854e+01, -2.043526e-01
1.917600e+09, 1.045079e-01, 9.514442e-01, -1.434788e+00, 4.761779e-01, 4.045061e-10, 4.806267e-10, 4.113754e+01, -2.063910e-01
1.921400e+09, 1.053993e-01, 9.513715e-01, -1.444446e+00, 4.647024e-01, 4.047163e-10, 4.805723e-10, 4.106505e+01, -2.083972e-01
1.925200e+09, 1.062816e-01, 9.512993e-01, -1.454109e+00, 4.532282e-01, 4.049085e-10, 4.805182e-10, 4.099111e+01, -2.103704e-01
1.929000e+09, 1.071547e-01, 9.512275e-01, -1.463776e+00, 4.417553e-01, 4.050833e-10, 4.804643e-10, 4.091575e+01, -2.123098e-01
1.932800e+09, 1.080185e-01, 9.511563e-01, -1.473448e+00, 4.302837e-01, 4.052411e-10, 4.804108e-10, 4.083902e+01, -2.142146e-01
1.936600e+09, 1.088728e-01, 9.510855e-01, -1.483124e+00, 4.188133e-01, 4.053824e-10, 4.803576e-10, 4.076094e+01, -2.160840e-01
1.940400e+09, 1.097175e-01, 9.510153e-01, -1.492803e+00, 4.073443e-01, 4.055077e-10, 4.803047e-10, 4.068156e+01, -2.179173e-01
1.944200e+09, 1.105525e-01, 9.509456e-01, -1.502485e+00, 3.958765e-01, 4.056173e-10, 4.802522e-10, 4.060092e+01, -2.197136e-01
1.948000e+09, 1.113777e-01, 9.508765e-01, -1.512169e+00, 3.844099e-01, 4.057117e-10, 4.802001e-10, 4.051905e+01, -2.214724e-01
1.951800e+09, 1.121930e-01, 9.508081e-01, -1.521856e+00, 3.729446e-01, 4.057912e-10, 4.801484e-10, 4.043600e+01, -2.231928e-01
1.955600e+09, 1.129982e-01, 9.507402e-01, -1.531545e+00, 3.614805e-01, 4.058562e-10, 4.800972e-10, 4.035181e+01, -2.248742e-01
1.959400e+09, 1.137931e-01, 9.506731e-01, -1.541235e+00, 3.500177e-01, 4.059069e-10, 4.800464e-10, 4.026652e+01, -2.265159e-01
1.963200e+09, 1.145778e-01, 9.506066e-01, -1.550926e+00, 3.385560e-01, 4.059437e-10, 4.799960e-10, 4.018017e+01, -2.281171e-01
1.967000e+09, 1.153520e-01, 9.505408e-01, -1.560619e+00, 3.270956e-01, 4.059670e-10, 4.799462e-10, 4.009279e+01, -2.296774e-01
1.970800e+09, 1.161157e-01, 9.504757e-01, -1.570312e+00, 3.156364e-01, 4.059768e-10, 4.798969e-10, 4.000444e+01, -2.311960e-01
1.974600e+09, 1.168687e-01, 9.504114e-01, -1.580005e+00, 3.041783e-01, 4.059736e-10, 4.798481e-10, 3.991516e+01, -2.326723e-01
1.978400e+09, 1.176109e-01, 9.503479e-01, -1.589698e+00, 2.927214e-01, 4.059575e-10, 4.797999e-10, 3.982498e+01, -2.341058e-01
1.982200e+09, 1.183422e-01, 9.502852e-01, -1.599391e+00, 2.812656e-01, 4.059287e-10, 4.797523e-10, 3.973395e+01, -2.354958e-01
1.986000e+09, 1.190625e-01, 9.502233e-01, -1.609083e+00, 2.698110e-01, 4.058875e-10, 4.797053e-10, 3.964211e+01, -2.368419e-01
1.989800e+09, 1.197716e-01, 9.501622e-01, -1.618774e+00, 2.583575e-01, 4.058340e-10, 4.796589e-10, 3.954951e+01, -2.381435e-01
1.993600e+09, 1.204695e-01, 9.501020e-01, -1.628463e+00, 2.469051e-01, 4.057684e-10, 4.796131e-10, 3.945618e+01, -2.394000e-01
1.997400e+09, 1.211561e-01, 9.500427e-01, -1.638151e+00, 2.354539e-01, 4.056910e-10, 4.795680e-10, 3.936218e+01, -2.406110e-01
2.001200e+09, 1.218312e-01, 9.499844e-01, -1.647838e+00, 2.240036e-01, 4.056017e-10, 4.795237e-10, 3.926754e+01, -2.417760e-01
2.005000e+09, 1.224947e-01, 9.499269e-01, -1.657522e+00, 2.125545e-01, 4.055009e-10, 4.794800e-10, 3.917230e+01, -2.428945e-01
2.008800e+09, 1.231466e-01, 9.498704e-01, -1.667204e+00, 2.011064e-01, 4.053885e-10, 4.794370e-10, 3.907651e+01, -2.439662e-01
2.012600e+09, 1.237867e-01, 9.498149e-01, -1.676883e+00, 1.896593e-01, 4.052647e-10, 4.793948e-10, 3.898022e+01, -2.449905e-01
2.016400e+09, 1.244149e-01, 9.497604e-01, -1.686559e+00, 1.782132e-01, 4.051296e-10, 4.793534e-10, 3.888346e+01, -2.459671e-01
2.020200e+09, 1.250311e-01, 9.497069e-01, -1.696232e+00, 1.667681e-01, 4.049834e-10, 4.793128e-10, 3.878629e+01, -2.468955e-01
2.024000e+09, 1.256353e-01, 9.496544e-01, -1.705901e+00, 1.553240e-01, 4.048260e-10, 4.792730e-10, 3.868873e+01, -2.477756e-01
2.027800e+09, 1.262272e-01, 9.496030e-01, -1.715567e+00, 1.438808e-01, 4.046576e-10, 4.792340e-10, 3.859084e+01, -2.486068e-01
2.031600e+09, 1.268069e-01, 9.495527e-01, -1.725229e+00, 1.324386e-01, 4.044781e-10, 4.791958e-10, 3.849265e+01, -2.493889e-01
2.035400e+09, 1.273742e-01, 9.495034e-01, -1.734886e+00, 1.209972e-01, 4.042878e-10, 4.791586e-10, 3.839421e+01, -2.501215e-01
2.039200e+09, 1.279291e-01, 9.494553e-01, -1.744539e+00, 1.095568e-01, 4.040866e-10, 4.791222e-10, 3.829556e+01, -2.508045e-01
2.043000e+09, 1.284713e-01, 9.494084e-01, -1.754187e+00, 9.811723e-02, 4.038745e-10, 4.790867e-10, 3.819675e+01, -2.514375e-01
2.046800e+09, 1.290009e-01, 9.493626e-01, -1.763830e+00, 8.667851e-02, 4.036515e-10, 4.790522e-10, 3.809781e+01, -2.520202e-01
2.050600e+09, 1.295178e-01, 9.493179e-01, -1.773467e+00, 7.524061e-02, 4.034178e-10, 4.790186e-10, 3.799879e+01, -2.525526e-01
2.054400e+09, 1.300218e-01, 9.492745e-01, -1.783099e+00, 6.380351e-02, 4.031732e-10, 4.789859e-10, 3.789973e+01, -2.530343e-01
2.058200e+09, 1.305129e-01, 9.492323e-01, -1.792726e+00, 5.236719e-02, 4.029178e-10, 4.789543e-10, 3.780066e+01, -2.534652e-01
2.062000e+09, 1.309909e-01, 9.491913e-01, -1.802346e+00, 4.093163e-02, 4.026515e-10, 4.789236e-10, 3.770164e+01, -2.538451e-01
2.065800e+09, 1.314559e-01, 9.491515e-01, -1.811959e+00, 2.949680e-02, 4.023744e-10, 4.788940e-10, 3.760269e+01, -2.541739e-01
2.069600e+09, 1.319077e-01, 9.491130e-01, -1.821567e+00, 1.806268e-02, 4.020864e-10, 4.788654e-10, 3.750387e+01, -2.544515e-01
2.073400e+09, 1.323462e-01, 9.490758e-01, -1.831167e+00, 6.629239e-03, 4.017874e-10, 4.788378e-10, 3.740521e+01, -2.546778e-01
2.077200e+09, 1.327714e-01, 9.490399e-01, -1.840760e+00, -4.803543e-03, 4.014775e-10, 4.788114e-10, 3.730675e+01, -2.548526e-01
2.081000e+09, 1.331831e-01, 9.490053e-01, -1.850346e+00, -1.623569e-02, 4.011565e-10, 4.787860e-10, 3.720853e+01, -2.549760e-01
2.084800e+09, 1.335813e-01, 9.489720e-01, -1.859924e+00, -2.766724e-02, 4.008244e-10, 4.787617e-10, 3.711059e+01, -2.550479e-01
2.088600e+09, 1.339660e-01, 9.489400e-01, -1.869494e+00, -3.909820e-02, 4.004811e-10, 4.787385e-10, 3.701296e+01, -2.550683e-01
2.092400e+09, 1.343370e-01, 9.489094e-01, -1.879056e+00, -5.052861e-02, 4.001266e-10, 4.787165e-10, 3.691570e+01, -2.550372e-01
2.096200e+09, 1.346942e-01, 9.488802e-01, -1.888609e+00, -6.195850e-02, 3.997607e-10, 4.786956e-10, 3.681882e+01, -2.549546e-01
2.100000e+09, 1.350377e-01, 9.488523e-01, -1.898154e+00, -7.338788e-02, 3.993833e-10, 4.786758e-10, 3.672238e+01, -2.548205e-01
2.103800e+09, 1.353673e-01, 9.488259e-01, -1.907690e+00, -8.481680e-02, 3.989943e-10, 4.786573e-10, 3.662640e+01, -2.546351e-01
2.107600e+09, 1.356830e-01, 9.488008e-01, -1.917216e+00, -9.624527e-02, 3.985937e-10, 4.786399e-10, 3.653093e+01, -2.543984e-01
2.111400e+09, 1.359846e-01, 9.487772e-01, -1.926733e+00, -1.076733e-01, 3.981811e-10, 4.786238e-10, 3.643601e+01, -2.541106e-01
2.115200e+09, 1.362722e-01, 9.487550e-01, -1.936240e+00, -1.191010e-01, 3.977567e-10, 4.786088e-10, 3.634166e+01, -2.537717e-01
2.119000e+09, 1.365457e-01, 9.487342e-01, -1.945737e+00, -1.305283e-01, 3.973200e-10, 4.785951e-10, 3.624792e+01, -2.533819e-01
2.122800e+09, 1.368049e-01, 9.487149e-01, -1.955223e+00, -1.419553e-01, 3.968711e-10, 4.785826e-10, 3.615483e+01, -2.529415e-01
2.126600e+09, 1.370499e-01, 9.486970e-01, -1.964699e+00, -1.533820e-01, 3.964098e-10, 4.785714e-10, 3.606242e+01, -2.524505e-01
2.130400e+09, 1.372806e-01, 9.486806e-01, -1.974164e+00, -1.648084e-01, 3.959357e-10, 4.785615e-10, 3.597073e+01, -2.519092e-01
2.134200e+09, 1.374969e-01, 9.486657e-01, -1.983617e+00, -1.762346e-01, 3.954489e-10, 4.785528e-10, 3.587979e+01, -2.513179e-01
2.138000e+09, 1.376988e-01, 9.486522e-01, -1.993059e+00, -1.876606e-01, 3.949490e-10, 4.785454e-10, 3.578964e+01, -2.506768e-01
2.141800e+09, 1.378862e-01, 9.486403e-01, -2.002489e+00, -1.990864e-01, 3.944359e-10, 4.785393e-10, 3.570030e+01, -2.499861e-01
2.145600e+09, 1.380591e-01, 9.486298e-01, -2.011906e+00, -2.105120e-01, 3.939092e-10, 4.785345e-10, 3.561181e+01, -2.492463e-01
2.149400e+09, 1.382174e-01, 9.486209e-01, -2.021311e+00, -2.219376e-01, 3.933689e-10, 4.785311e-10, 3.552420e+01, -2.484576e-01
2.153200e+09, 1.383610e-01, 9.486135e-01, -2.030704e+00, -2.333630e-01, 3.928146e-10, 4.785290e-10, 3.543751e+01, -2.476203e-01
2.157000e+09, 1.384900e-01, 9.486075e-01, -2.040082e+00, -2.447884e-01, 3.922460e-10, 4.785282e-10, 3.535175e+01, -2.467349e-01
2.160800e+09, 1.386043e-01, 9.486032e-01, -2.049448e+00, -2.562138e-01, 3.916630e-10, 4.785287e-10, 3.526698e+01, -2.458017e-01
2.164600e+09, 1.387038e-01, 9.486003e-01, -2.058799e+00, -2.676392e-01, 3.910651e-10, 4.785306e-10, 3.518321e+01, -2.448211e-01
2.168400e+09, 1.387885e-01, 9.485990e-01, -2.068136e+00, -2.790647e-01, 3.904522e-10, 4.785339e-10, 3.510047e+01, -2.437936e-01
2.172200e+09, 1.388584e-01, 9.485992e-01, -2.077459e+00, -2.904902e-01, 3.898238e-10, 4.785386e-10, 3.501879e+01, -2.427196e-01
2.176000e+09, 1.389134e-01, 9.486009e-01, -2.086766e+00, -3.019158e-01, 3.891797e-10, 4.785446e-10, 3.493821e+01, -2.415996e-01
2.179800e+09, 1.389535e-01, 9.486042e-01, -2.096058e+00, -3.133416e-01, 3.885195e-10, 4.785520e-10, 3.485875e+01, -2.404342e-01
2.183600e+09, 1.389786e-01, 9.486090e-01, -2.105335e+00, -3.247676e-01, 3.878429e-10, 4.785607e-10, 3.478043e+01, -2.392237e-01
2.187400e+09, 1.389887e-01, 9.486154e-01, -2.114595e+00, -3.361937e-01, 3.871494e-10, 4.785709e-10, 3.470330e+01, -2.379688e-01
2.191200e+09, 1.389838e-01, 9.486233e-01, -2.123838e+00, -3.476201e-01, 3.864387e-10, 4.785825e-10, 3.462736e+01, -2.366700e-01
2.195000e+09, 1.389639e-01, 9.486328e-01, -2.133065e+00, -3.590468e-01, 3.857103e-10, 4.785954e-10, 3.455265e+01, -2.353279e-01
2.198800e+09, 1.389289e-01, 9.486438e-01, -2.142274e+00, -3.704738e-01, 3.849639e-10, 4.786098e-10, 3.447919e+01, -2.339432e-01
2.202600e+09, 1.388789e-01, 9.486563e-01, -2.151466e+00, -3.819012e-01, 3.841990e-10, 4.786256e-10, 3.440702e+01, -2.325163e-01
2.206400e+09, 1.388137e-01, 9.486704e-01, -2.160639e+00, -3.933289e-01, 3.834150e-10, 4.786428e-10, 3.433615e+01, -2.310481e-01
2.210200e+09, 1.387333e-01, 9.486860e-01, -2.169793e+00, -4.047570e-01, 3.826116e-10, 4.786613e-10, 3.426660e+01, -2.295392e-01
2.214000e+09, 1.386379e-01, 9.487031e-01, -2.178929e+00, -4.161856e-01, 3.817882e-10, 4.786813e-10, 3.419841e+01, -2.279902e-01
2.217800e+09, 1.385272e-01, 9.487218e-01, -2.188044e+00, -4.276146e-01, 3.809443e-10, 4.787028e-10, 3.413160e+01, -2.264019e-01
2.221600e+09, 1.384014e-01, 9.487420e-01, -2.197140e+00, -4.390442e-01, 3.800793e-10, 4.787256e-10, 3.406618e+01, -2.247750e-01
2.225400e+09, 1.382603e-01, 9.487637e-01, -2.206215e+00, -4.504743e-01, 3.791927e-10, 4.787498e-10, 3.400218e+01, -2.231103e-01
2.229200e+09, 1.381041e-01, 9.487869e-01, -2.215268e+00, -4.619049e-01, 3.782838e-10, 4.787755e-10, 3.393963e+01, -2.214085e-01
2.233000e+09, 1.379326e-01, 9.488116e-01, -2.224300e+00, -4.733362e-01, 3.773520e-10, 4.788025e-10, 3.387854e+01, -2.196704e-01
2.236800e+09, 1.377459e-01, 9.488379e-01, -2.233310e+00, -4.847682e-01, 3.763967e-10, 4.788310e-10, 3.381893e+01, -2.178969e-01
2.240600e+09, 1.375440e-01, 9.488656e-01, -2.242297e+00, -4.962008e-01, 3.754172e-10, 4.788609e-10, 3.376082e+01, -2.160888e-01
2.244400e+09, 1.373268e-01, 9.488948e-01, -2.251260e+00, -5.076341e-01, 3.744127e-10, 4.788922e-10, 3.370424e+01, -2.142470e-01
2.248200e+09, 1.370944e-01, 9.489255e-01, -2.260200e+00, -5.190682e-01, 3.733826e-10, 4.789248e-10, 3.364921e+01, -2.123723e-01
2.252000e+09, 1.368468e-01, 9.489577e-01, -2.269115e+00, -5.305031e-01, 3.723261e-10, 4.789589e-10, 3.359573e+01, -2.104656e-01
2.255800e+09, 1.365839e-01, 9.489913e-01, -2.278004e+00, -5.419387e-01, 3.712422e-10, 4.789944e-10, 3.354383e+01, -2.085279e-01
2.259600e+09, 1.363058e-01, 9.490263e-01, -2.286868e+00, -5.533753e-01, 3.701303e-10, 4.790313e-10, 3.349353e+01, -2.065600e-01
2.263400e+09, 1.360125e-01, 9.490628e-01, -2.295705e+00, -5.648127e-01, 3.689895e-10, 4.790695e-10, 3.344484e+01, -2.045630e-01
2.267200e+09, 1.357040e-01, 9.491007e-01, -2.304516e+00, -5.762510e-01, 3.678187e-10, 4.791091e-10, 3.339779e+01, -2.025378e-01
2.271000e+09, 1.353803e-01, 9.491400e-01, -2.313298e+00, -5.876902e-01, 3.666171e-10, 4.791501e-10, 3.335238e+01, -2.004853e-01
2.274800e+09, 1.350414e-01, 9.491807e-01, -2.322051e+00, -5.991305e-01, 3.653836e-10, 4.791924e-10, 3.330863e+01, -1.984067e-01
2.278600e+09, 1.346873e-01, 9.492228e-01, -2.330775e+00, -6.105717e-01, 3.641173e-10, 4.792361e-10, 3.326655e+01, -1.963029e-01
2.282400e+09, 1.343181e-01, 9.492663e-01, -2.339469e+00, -6.220140e-01, 3.628170e-10, 4.792812e-10, 3.322617e+01, -1.941750e-01
2.286200e+09, 1.339338e-01, 9.493111e-01, -2.348131e+00, -6.334574e-01, 3.614817e-10, 4.793276e-10, 3.318749e+01, -1.920241e-01
2.290000e+09, 1.335343e-01, 9.493573e-01, -2.356762e+00, -6.449019e-01, 3.601100e-10, 4.793753e-10, 3.315053e+01, -1.898511e-01
2.293800e+09, 1.331198e-01, 9.494047e-01, -2.365360e+00, -6.563475e-01, 3.587008e-10, 4.794243e-10, 3.311530e+01, -1.876572e-01
2.297600e+09, 1.326902e-01, 9.494535e-01, -2.373924e+00, -6.677943e-01, 3.572529e-10, 4.794747e-10, 3.308181e+01, -1.854435e-01
2.301400e+09, 1.322456e-01, 9.495036e-01, -2.382454e+00, -6.792422e-01, 3.557648e-10, 4.795263e-10, 3.305007e+01, -1.832111e-01
2.305200e+09, 1.317860e-01, 9.495549e-01, -2.390949e+00, -6.906915e-01, 3.542351e-10, 4.795792e-10, 3.302009e+01, -1.809612e-01
2.309000e+09, 1.313115e-01, 9.496075e-01, -2.399406e+00, -7.021419e-01, 3.526623e-10, 4.796334e-10, 3.299189e+01, -1.786949e-01
2.312800e+09, 1.308221e-01, 9.496613e-01, -2.407826e+00, -7.135937e-01, 3.510450e-10, 4.796889e-10, 3.296547e+01, -1.764133e-01
2.316600e+09, 1.303177e-01, 9.497163e-01, -2.416208e+00, -7.250468e-01, 3.493816e-10, 4.797456e-10, 3.294084e+01, -1.741177e-01
2.320400e+09, 1.297986e-01, 9.497725e-01, -2.424550e+00, -7.365013e-01, 3.476702e-10, 4.798035e-10, 3.291801e+01, -1.718092e-01
2.324200e+09, 1.292646e-01, 9.498298e-01, -2.432851e+00, -7.479571e-01, 3.459092e-10, 4.798626e-10, 3.289700e+01, -1.694889e-01
2.328000e+09, 1.287160e-01, 9.498883e-01, -2.441110e+00, -7.594144e-01, 3.440968e-10, 4.799230e-10, 3.287779e+01, -1.671582e-01
2.331800e+09, 1.281526e-01, 9.499480e-01, -2.449326e+00, -7.708731e-01, 3.422309e-10, 4.799845e-10, 3.286041e+01, -1.648183e-01
2.335600e+09, 1.275746e-01, 9.500087e-01, -2.457497e+00, -7.823332e-01, 3.403096e-10, 4.800472e-10, 3.284486e+01, -1.624703e-01
2.339400e+09, 1.269820e-01, 9.500705e-01, -2.465622e+00, -7.937949e-01, 3.383308e-10, 4.801111e-10, 3.283114e+01, -1.601154e-01
2.343200e+09, 1.263749e-01, 9.501333e-01, -2.473700e+00, -8.052581e-01, 3.362922e-10, 4.801761e-10, 3.281925e+01, -1.577550e-01
2.347000e+09, 1.257534e-01, 9.501972e-01, -2.481729e+00, -8.167228e-01, 3.341915e-10, 4.802422e-10, 3.280921e+01, -1.553903e-01
2.350800e+09, 1.251175e-01, 9.502621e-01, -2.489709e+00, -8.281891e-01, 3.320263e-10, 4.803094e-10, 3.280102e+01, -1.530225e-01
2.354600e+09, 1.244672e-01, 9.503279e-01, -2.497636e+00, -8.396570e-01, 3.297940e-10, 4.803777e-10, 3.279467e+01, -1.506529e-01
2.358400e+09, 1.238027e-01, 9.503947e-01, -2.505510e+00, -8.511266e-01, 3.274919e-10, 4.804471e-10, 3.279017e+01, -1.482827e-01
2.362200e+09, 1.231240e-01, 9.504624e-01, -2.513330e+00, -8.625978e-01, 3.251172e-10, 4.805175e-10, 3.278753e+01, -1.459133e-01
2.366000e+09, 1.224313e-01, 9.505310e-01, -2.521092e+00, -8.740707e-01, 3.226670e-10, 4.805889e-10, 3.278674e+01, -1.435459e-01
2.369800e+09, 1.217245e-01, 9.506005e-01, -2.528796e+00, -8.855452e-01, 3.201382e-10, 4.806613e-10, 3.278780e+01, -1.411818e-01
2.373600e+09, 1.210038e-01, 9.506707e-01, -2.536440e+00, -8.970216e-01, 3.175274e-10, 4.807347e-10, 3.279071e+01, -1.388222e-01
2.377400e+09, 1.202692e-01, 9.507418e-01, -2.544021e+00, -9.084996e-01, 3.148313e-10, 4.808091e-10, 3.279548e+01, -1.364685e-01
2.381200e+09, 1.195209e-01, 9.508137e-01, -2.551538e+00, -9.199795e-01, 3.120462e-10, 4.808844e-10, 3.280209e+01, -1.341219e-01
2.385000e+09, 1.187589e-01, 9.508863e-01, -2.558988e+00, -9.314611e-01, 3.091685e-10, 4.809606e-10, 3.281055e+01, -1.317837e-01
2.388800e+09, 1.179834e-01, 9.509596e-01, -2.566370e+00, -9.429446e-01, 3.061940e-10, 4.810377e-10, 3.282086e+01, -1.294552e-01
2.392600e+09, 1.171945e-01, 9.510336e-01, -2.573681e+00, -9.544299e-01, 3.031186e-10, 4.811156e-10, 3.283300e+01, -1.271376e-01
2.396400e+09, 1.163922e-01, 9.511083e-01, -2.580918e+00, -9.659171e-01, 2.999378e-10, 4.811944e-10, 3.284699e+01, -1.248323e-01
2.400200e+09, 1.155767e-01, 9.511836e-01, -2.588080e+00, -9.774061e-01, 2.966471e-10, 4.812740e-10, 3.286280e+01, -1.225405e-01
2.404000e+09, 1.147480e-01, 9.512594e-01, -2.595162e+00, -9.888971e-01, 2.932415e-10, 4.813544e-10, 3.288044e+01, -1.202635e-01
2.407800e+09, 1.139064e-01, 9.513358e-01, -2.602164e+00, -1.000390e+00, 2.897158e-10, 4.814355e-10, 3.289989e+01, -1.180025e-01
2.411600e+09, 1.130519e-01, 9.514127e-01, -2.609081e+00, -1.011885e+00, 2.860646e-10, 4.815174e-10, 3.292116e+01, -1.157589e-01
2.415400e+09, 1.121847e-01, 9.514901e-01, -2.615911e+00, -1.023381e+00, 2.822822e-10, 4.816000e-10, 3.294423e+01, -1.135338e-01
2.419200e+09, 1.113049e-01, 9.515679e-01, -2.622651e+00, -1.034880e+00, 2.783624e-10, 4.816832e-10, 3.296909e+01, -1.113286e-01
2.423000e+09, 1.104126e-01, 9.516462e-01, -2.629297e+00, -1.046381e+00, 2.742990e-10, 4.817671e-10, 3.299574e+01, -1.091443e-01
2.426800e+09, 1.095080e-01, 9.517248e-01, -2.635846e+00, -1.057884e+00, 2.700850e-10, 4.818516e-10, 3.302417e+01, -1.069824e-01
2.430600e+09, 1.085913e-01, 9.518038e-01, -2.642295e+00, -1.069388e+00, 2.657135e-10, 4.819367e-10, 3.305436e+01, -1.048440e-01
2.434400e+09, 1.076625e-01, 9.518830e-01, -2.648639e+00, -1.080895e+00, 2.611767e-10, 4.820224e-10, 3.308630e+01, -1.027303e-01
2.438200e+09, 1.067219e-01, 9.519625e-01, -2.654875e+00, -1.092404e+00, 2.564668e-10, 4.821086e-10, 3.311999e+01, -1.006425e-01
2.442000e+09, 1.057697e-01, 9.520423e-01, -2.660998e+00, -1.103915e+00, 2.515753e-10, 4.821953e-10, 3.315540e+01, -9.858180e-02
2.445800e+09, 1.048060e-01, 9.521222e-01, -2.667005e+00, -1.115428e+00, 2.464932e-10, 4.822825e-10, 3.319253e+01, -9.654941e-02
2.449600e+09, 1.038309e-01, 9.522023e-01, -2.672890e+00, -1.126943e+00, 2.412112e-10, 4.823701e-10, 3.323136e+01, -9.454648e-02
2.453400e+09, 1.028448e-01, 9.522825e-01, -2.678650e+00, -1.138460e+00, 2.357192e-10, 4.824581e-10, 3.327187e+01, -9.257415e-02
2.457200e+09, 1.018477e-01, 9.523627e-01, -2.684278e+00, -1.149979e+00, 2.300066e-10, 4.825464e-10, 3.331405e+01, -9.063357e-02
2.461000e+09, 1.008400e-01, 9.524430e-01, -2.689769e+00, -1.161501e+00, 2.240621e-10, 4.826351e-10, 3.335788e+01, -8.872587e-02
2.464800e+09, 9.982176e-02, 9.525233e-01, -2.695119e+00, -1.173024e+00, 2.178739e-10, 4.827241e-10, 3.340335e+01, -8.685215e-02
2.468600e+09, 9.879326e-02, 9.526036e-01, -2.700321e+00, -1.184550e+00, 2.114294e-10, 4.828134e-10, 3.345044e+01, -8.501350e-02
2.472400e+09, 9.775474e-02, 9.526837e-01, -2.705369e+00, -1.196077e+00, 2.047151e-10, 4.829029e-10, 3.349913e+01, -8.321102e-02
2.476200e+09, 9.670644e-02, 9.527637e-01, -2.710257e+00, -1.207607e+00, 1.977169e-10, 4.829926e-10, 3.354939e+01, -8.144575e-02
2.480000e+09, 9.564861e-02, 9.528436e-01, -2.714978e+00, -1.219139e+00, 1.904197e-10, 4.830825e-10, 3.360122e+01, -7.971875e-02
2.483800e+09, 9.458152e-02, 9.529232e-01, -2.719524e+00, -1.230673e+00, 1.828075e-10, 4.831725e-10, 3.365458e+01, -7.803103e-02
2.487600e+09, 9.350546e-02, 9.530026e-01, -2.723889e+00, -1.242209e+00, 1.748634e-10, 4.832626e-10, 3.370946e+01, -7.638361e-02
2.491400e+09, 9.242070e-02, 9.530817e-01, -2.728064e+00, -1.253748e+00, 1.665694e-10, 4.833528e-10, 3.376583e+01, -7.477747e-02
2.495200e+09, 9.132756e-02, 9.531605e-01, -2.732041e+00, -1.265288e+00, 1.579063e-10, 4.834430e-10, 3.382367e+01, -7.321359e-02
2.499000e+09, 9.022636e-02, 9.532389e-01, -2.735811e+00, -1.276831e+00, 1.488538e-10, 4.835332e-10, 3.388296e+01, -7.169291e-02
2.502800e+09, 8.911742e-02, 9.533169e-01, -2.739365e+00, -1.288376e+00, 1.393905e-10, 4.836233e-10, 3.394367e+01, -7.021637e-02
2.506600e+09, 8.800110e-02, 9.533944e-01, -2.742693e+00, -1.299923e+00, 1.294935e-10, 4.837133e-10, 3.400577e+01, -6.878486e-02
2.510400e+09, 8.687776e-02, 9.534714e-01, -2.745785e+00, -1.311472e+00, 1.191385e-10, 4.838032e-10, 3.406924e+01, -6.739928e-02
2.514200e+09, 8.574779e-02, 9.535479e-01, -2.748630e+00, -1.323024e+00, 1.082997e-10, 4.838930e-10, 3.413406e+01, -6.606050e-02
2.518000e+09, 8.461159e-02, 9.536238e-01, -2.751215e+00, -1.334577e+00, 9.694990e-11, 4.839825e-10, 3.420019e+01, -6.476935e-02
2.521800e+09, 8.346958e-02, 9.536991e-01, -2.753530e+00, -1.346133e+00, 8.506012e-11, 4.840718e-10, 3.426761e+01, -6.352666e-02
2.525600e+09, 8.232222e-02, 9.537736e-01, -2.755561e+00, -1.357691e+00, 7.259969e-11, 4.841608e-10, 3.433628e+01, -6.233322e-02
2.529400e+09, 8.116997e-02, 9.538475e-01, -2.757294e+00, -1.369250e+00, 5.953615e-11, 4.842495e-10, 3.440618e+01, -6.118981e-02
2.533200e+09, 8.001332e-02, 9.539206e-01, -2.758716e+00, -1.380812e+00, 4.583515e-11, 4.843379e-10, 3.447727e+01, -6.009718e-02
2.537000e+09, 7.885281e-02, 9.539929e-01, -2.759810e+00, -1.392376e+00, 3.146039e-11, 4.844258e-10, 3.454953e+01, -5.905605e-02
2.540800e+09, 7.768897e-02, 9.540644e-01, -2.760561e+00, -1.403943e+00, 1.637359e-11, 4.845134e-10, 3.462291e+01, -5.806713e-02
2.544600e+09, 7.652239e-02, 9.541350e-01, -2.760952e+00, -1.415511e+00, 5.343995e-13, 4.846004e-10, 3.469740e+01, -5.713109e-02
2.548400e+09, 7.535369e-02, 9.542047e-01, -2.760965e+00, -1.427081e+00, -1.609961e-11, 4.846869e-10, 3.477294e+01, -5.624859e-02
2.552200e+09, 7.418353e-02, 9.542734e-01, -2.760581e+00, -1.438654e+00, -3.357294e-11, 4.847729e-10, 3.484952e+01, -5.542026e-02
2.556000e+09, 7.301257e-02, 9.543410e-01, -2.759779e+00, -1.450228e+00, -5.193216e-11, 4.848583e-10, 3.492709e+01, -5.464669e-02
2.559800e+09, 7.184157e-02, 9.544077e-01, -2.758539e+00, -1.461805e+00, -7.122583e-11, 4.849431e-10, 3.500561e+01, -5.392846e-02
2.563600e+09, 7.067130e-02, 9.544732e-01, -2.756839e+00, -1.473383e+00, -9.150442e-11, 4.850272e-10, 3.508506e+01, -5.326613e-02
2.567400e+09, 6.950257e-02, 9.545376e-01, -2.754654e+00, -1.484964e+00, -1.128201e-10, 4.851106e-10, 3.516538e+01, -5.266021e-02
2.571200e+09, 6.833627e-02, 9.546008e-01, -2.751960e+00, -1.496546e+00, -1.352265e-10, 4.851932e-10, 3.524655e+01, -5.211120e-02
2.575000e+09, 6.717332e-02, 9.546627e-01, -2.748732e+00, -1.508131e+00, -1.587783e-10, 4.852750e-10, 3.532852e+01, -5.161957e-02
2.578800e+09, 6.601471e-02, 9.547235e-01, -2.744941e+00, -1.519717e+00, -1.835311e-10, 4.853560e-10, 3.541126e+01, -5.118578e-02
2.582600e+09, 6.486149e-02, 9.547829e-01, -2.740559e+00, -1.531306e+00, -2.095404e-10, 4.854362e-10, 3.549471e+01, -5.081022e-02
2.586400e+09, 6.371479e-02, 9.548409e-01, -2.735555e+00, -1.542896e+00, -2.368611e-10, 4.855154e-10, 3.557885e+01, -5.049329e-02
2.590200e+09, 6.257580e-02, 9.548976e-01, -2.729900e+00, -1.554488e+00, -2.655465e-10, 4.855937e-10, 3.566363e+01, -5.023536e-02
2.594000e+09, 6.144578e-02, 9.549528e-01, -2.723560e+00, -1.566082e+00, -2.956473e-10, 4.856710e-10, 3.574900e+01, -5.003674e-02
2.597800e+09, 6.032609e-02, 9.550066e-01, -2.716501e+00, -1.577678e+00, -3.272101e-10, 4.857473e-10, 3.583492e+01, -4.989776e-02
2.601600e+09, 5.921818e-02, 9.550589e-01, -2.708689e+00, -1.589276e+00, -3.602753e-10, 4.858225e-10, 3.592134e+01, -4.981868e-02
2.605400e+09, 5.812356e-02, 9.551096e-01, -2.700087e+00, -1.600876e+00, -3.948759e-10, 4.858966e-10, 3.600823e+01, -4.979976e-02
2.609200e+09, 5.704389e-02, 9.551587e-01, -2.690658e+00, -1.612477e+00, -4.310344e-10, 4.859695e-10, 3.609554e+01, -4.984120e-02
2.613000e+09, 5.598088e-02, 9.552062e-01, -2.680367e+00, -1.624080e+00, -4.687600e-10, 4.860413e-10, 3.618321e+01, -4.994321e-02
2.616800e+09, 5.493640e-02, 9.552520e-01, -2.669175e+00, -1.635685e+00, -5.080459e-10, 4.861118e-10, 3.627121e+01, -5.010595e-02
2.620600e+09, 5.391238e-02, 9.552962e-01, -2.657045e+00, -1.647291e+00, -5.488650e-10, 4.861811e-10, 3.635947e+01, -5.032954e-02
2.624400e+09, 5.291090e-02, 9.553385e-01, -2.643940e+00, -1.658899e+00, -5.911662e-10, 4.862491e-10, 3.644797e+01, -5.061410e-02
2.628200e+09, 5.193416e-02, 9.553792e-01, -2.629825e+00, -1.670509e+00, -6.348695e-10, 4.863158e-10, 3.653664e+01, -5.095969e-02
2.632000e+09, 5.098445e-02, 9.554179e-01, -2.614667e+00, -1.682120e+00, -6.798618e-10, 4.863811e-10, 3.662543e+01, -5.136637e-02
2.635800e+09, 5.006420e-02, 9.554549e-01, -2.598435e+00, -1.693733e+00, -7.259912e-10, 4.864449e-10, 3.671431e+01, -5.183414e-02
2.639600e+09, 4.917595e-02, 9.554899e-01, -2.581101e+00, -1.705348e+00, -7.730628e-10, 4.865074e-10, 3.680320e+01, -5.236299e-02
2.643400e+09, 4.832235e-02, 9.555231e-01, -2.562643e+00, -1.716964e+00, -8.208334e-10, 4.865683e-10, 3.689207e+01, -5.295289e-02
2.647200e+09, 4.750615e-02, 9.555542e-01, -2.543045e+00, -1.728581e+00, -8.690081e-10, 4.866277e-10, 3.698087e+01, -5.360374e-02
2.651000e+09, 4.673017e-02, 9.555834e-01, -2.522296e+00, -1.740200e+00, -9.172372e-10, 4.866856e-10, 3.706953e+01, -5.431546e-02
2.654800e+09, 4.599732e-02, 9.556106e-01, -2.500396e+00, -1.751820e+00, -9.651150e-10, 4.867419e-10, 3.715801e+01, -5.508791e-02
2.658600e+09, 4.531056e-02, 9.556357e-01, -2.477353e+00, -1.763441e+00, -1.012181e-09, 4.867965e-10, 3.724625e+01, -5.592092e-02
2.662400e+09, 4.467286e-02, 9.556587e-01, -2.453186e+00, -1.775064e+00, -1.057922e-09, 4.868495e-10, 3.733420e+01, -5.681430e-02
2.666200e+09, 4.408718e-02, 9.556796e-01, -2.427927e+00, -1.786688e+00, -1.101783e-09, 4.869008e-10, 3.742180e+01, -5.776782e-02
2.670000e+09, 4.355646e-02, 9.556983e-01, -2.401621e+00, -1.798314e+00, -1.143172e-09, 4.869503e-10, 3.750900e+01, -5.878124e-02
2.673800e+09, 4.308353e-02, 9.557149e-01, -2.374326e+00, -1.809940e+00, -1.181480e-09, 4.869981e-10, 3.759575e+01, -5.985426e-02
2.677600e+09, 4.267109e-02, 9.557292e-01, -2.346117e+00, -1.821568e+00, -1.216093e-09, 4.870442e-10, 3.768199e+01, -6.098656e-02
2.681400e+09, 4.232171e-02, 9.557413e-01, -2.317081e+00, -1.833196e+00, -1.246417e-09, 4.870883e-10, 3.776767e+01, -6.217781e-02
2.685200e+09, 4.203769e-02, 9.557512e-01, -2.287322e+00, -1.844826e+00, -1.271898e-09, 4.871307e-10, 3.785272e+01, -6.342763e-02
2.689000e+09, 4.182109e-02, 9.557587e-01, -2.256954e+00, -1.856457e+00, -1.292047e-09, 4.871711e-10, 3.793710e+01, -6.473560e-02
2.692800e+09, 4.167368e-02, 9.557639e-01, -2.226105e+00, -1.868089e+00, -1.306462e-09, 4.872096e-10, 3.802074e+01, -6.610130e-02
2.696600e+09, 4.159685e-02, 9.557668e-01, -2.194912e+00, -1.879721e+00, -1.314844e-09, 4.872462e-10, 3.810359e+01, -6.752425e-02
2.700400e+09, 4.159164e-02, 9.557673e-01, -2.163518e+00, -1.891355e+00, -1.317017e-09, 4.872808e-10, 3.818560e+01, -6.900396e-02
2.704200e+09, 4.165869e-02, 9.557654e-01, -2.132073e+00, -1.902989e+00, -1.312935e-09, 4.873134e-10, 3.826671e+01, -7.053990e-02
2.708000e+09, 4.179824e-02, 9.557611e-01, -2.100725e+00, -1.914624e+00, -1.302682e-09, 4.873439e-10, 3.834685e+01, -7.213151e-02
2.711800e+09, 4.201011e-02, 9.557544e-01, -2.069622e+00, -1.926260e+00, -1.286471e-09, 4.873724e-10, 3.842598e+01, -7.377820e-02
2.715600e+09, 4.229372e-02, 9.557452e-01, -2.038906e+00, -1.937897e+00, -1.264634e-09, 4.873988e-10, 3.850404e+01, -7.547936e-02
2.719400e+09, 4.264814e-02, 9.557335e-01, -2.008712e+00, -1.949534e+00, -1.237599e-09, 4.874231e-10, 3.858098e+01, -7.723433e-02
2.723200e+09, 4.307204e-02, 9.557193e-01, -1.979163e+00, -1.961172e+00, -1.205879e-09, 4.874453e-10, 3.865673e+01, -7.904244e-02
2.727000e+09, 4.356381e-02, 9.557026e-01, -1.950371e+00, -1.972810e+00, -1.170040e-09, 4.874653e-10, 3.873124e+01, -8.090298e-02
2.730800e+09, 4.412155e-02, 9.556834e-01, -1.922435e+00, -1.984449e+00, -1.130685e-09, 4.874831e-10, 3.880445e+01, -8.281521e-02
2.734600e+09, 4.474313e-02, 9.556616e-01, -1.895439e+00, -1.996088e+00, -1.088428e-09, 4.874987e-10, 3.887632e+01, -8.477836e-02
2.738400e+09, 4.542622e-02, 9.556372e-01, -1.869451e+00, -2.007728e+00, -1.043875e-09, 4.875121e-10, 3.894678e+01, -8.679165e-02
2.742200e+09, 4.616836e-02, 9.556103e-01, -1.844528e+00, -2.019368e+00, -9.976092e-10, 4.875232e-10, 3.901579e+01, -8.885425e-02
2.746000e+09, 4.696698e-02, 9.555807e-01, -1.820709e+00, -2.031008e+00, -9.501741e-10, 4.875320e-10, 3.908328e+01, -9.096530e-02
2.749800e+09, 4.781944e-02, 9.555486e-01, -1.798022e+00, -2.042648e+00, -9.020677e-10, 4.875386e-10, 3.914921e+01, -9.312392e-02
2.753600e+09, 4.872307e-02, 9.555138e-01, -1.776484e+00, -2.054289e+00, -8.537350e-10, 4.875429e-10, 3.921352e+01, -9.532922e-02
2.757400e+09, 4.967522e-02, 9.554765e-01, -1.756100e+00, -2.065929e+00, -8.055655e-10, 4.875448e-10, 3.927616e+01, -9.758024e-02
2.761200e+09, 5.067323e-02, 9.554364e-01, -1.736867e+00, -2.077570e+00, -7.578927e-10, 4.875444e-10, 3.933707e+01, -9.987603e-02
2.765000e+09, 5.171453e-02, 9.553938e-01, -1.718771e+00, -2.089211e+00, -7.109962e-10, 4.875416e-10, 3.939622e+01, -1.022156e-01
2.768800e+09, 5.279658e-02, 9.553484e-01, -1.701795e+00, -2.100851e+00, -6.651046e-10, 4.875365e-10, 3.945354e+01, -1.045979e-01
2.772600e+09, 5.391695e-02, 9.553005e-01, -1.685915e+00, -2.112492e+00, -6.203999e-10, 4.875290e-10, 3.950900e+01, -1.070220e-01
2.776400e+09, 5.507325e-02, 9.552498e-01, -1.671103e+00, -2.124132e+00, -5.770222e-10, 4.875191e-10, 3.956253e+01, -1.094867e-01
2.780200e+09, 5.626325e-02, 9.551965e-01, -1.657325e+00, -2.135772e+00, -5.350745e-10, 4.875067e-10, 3.961410e+01, -1.119909e-01
2.784000e+09, 5.748476e-02, 9.551405e-01, -1.644550e+00, -2.147412e+00, -4.946278e-10, 4.874920e-10, 3.966366e+01, -1.145337e-01
2.787800e+09, 5.873573e-02, 9.550819e-01, -1.632740e+00, -2.159051e+00, -4.557260e-10, 4.874748e-10, 3.971116e+01, -1.171137e-01
2.791600e+09, 6.001418e-02, 9.550206e-01, -1.621859e+00, -2.170690e+00, -4.183898e-10, 4.874552e-10, 3.975657e+01, -1.197298e-01
2.795400e+09, 6.131826e-02, 9.549566e-01, -1.611870e+00, -2.182329e+00, -3.826211e-10, 4.874331e-10, 3.979983e+01, -1.223809e-01
2.799200e+09, 6.264620e-02, 9.548900e-01, -1.602734e+00, -2.193967e+00, -3.484065e-10, 4.874086e-10, 3.984091e+01, -1.250657e-01
2.803000e+09, 6.399632e-02, 9.548207e-01, -1.594416e+00, -2.205604e+00, -3.157202e-10, 4.873816e-10, 3.987976e+01, -1.277831e-01
2.806800e+09, 6.536705e-02, 9.547487e-01, -1.586877e+00, -2.217241e+00, -2.845270e-10, 4.873522e-10, 3.991635e+01, -1.305317e-01
2.810600e+09, 6.675688e-02, 9.546741e-01, -1.580084e+00, -2.228877e+00, -2.547844e-10, 4.873203e-10, 3.995065e+01, -1.333103e-01
2.814400e+09, 6.816440e-02, 9.545968e-01, -1.574001e+00, -2.240512e+00, -2.264445e-10, 4.872859e-10, 3.998261e+01, -1.361175e-01
2.818200e+09, 6.958828e-02, 9.545169e-01, -1.568594e+00, -2.252147e+00, -1.994559e-10, 4.872491e-10, 4.001220e+01, -1.389522e-01
2.822000e+09, 7.102725e-02, 9.544344e-01, -1.563832e+00, -2.263780e+00, -1.737646e-10, 4.872098e-10, 4.003939e+01, -1.418129e-01
2.825800e+09, 7.248012e-02, 9.543492e-01, -1.559683e+00, -2.275413e+00, -1.493156e-10, 4.871680e-10, 4.006415e+01, -1.446984e-01
2.829600e+09, 7.394576e-02, 9.542615e-01, -1.556118e+00, -2.287045e+00, -1.260533e-10, 4.871238e-10, 4.008645e+01, -1.476072e-01
2.833400e+09, 7.542309e-02, 9.541712e-01, -1.553108e+00, -2.298675e+00, -1.039224e-10, 4.870770e-10, 4.010626e+01, -1.505379e-01
2.837200e+09, 7.691111e-02, 9.540783e-01, -1.550627e+00, -2.310305e+00, -8.286856e-11, 4.870279e-10, 4.012355e+01, -1.534893e-01
2.841000e+09, 7.840886e-02, 9.539828e-01, -1.548649e+00, -2.321933e+00, -6.283853e-11, 4.869763e-10, 4.013831e+01, -1.564598e-01
2.844800e+09, 7.991542e-02, 9.538848e-01, -1.547148e+00, -2.333560e+00, -4.378068e-11, 4.869222e-10, 4.015050e+01, -1.594480e-01
2.848600e+09, 8.142992e-02, 9.537842e-01, -1.546103e+00, -2.345186e+00, -2.564514e-11, 4.868657e-10, 4.016011e+01, -1.624526e-01
2.852400e+09, 8.295154e-02, 9.536812e-01, -1.545491e+00, -2.356811e+00, -8.383973e-12, 4.868067e-10, 4.016712e+01, -1.654721e-01
2.856200e+09, 8.447951e-02, 9.535757e-01, -1.545290e+00, -2.368434e+00, 8.048760e-12, 4.867454e-10, 4.017151e+01, -1.685050e-01
2.860000e+09, 8.601306e-02, 9.534677e-01, -1.545483e+00, -2.380055e+00, 2.369691e-11, 4.866816e-10, 4.017326e+01, -1.715498e-01
2.863800e+09, 8.755148e-02, 9.533572e-01, -1.546048e+00, -2.391675e+00, 3.860226e-11, 4.866154e-10, 4.017237e+01, -1.746052e-01
2.867600e+09, 8.909410e-02, 9.532444e-01, -1.546970e+00, -2.403294e+00, 5.280449e-11, 4.865469e-10, 4.016883e+01, -1.776696e-01
2.871400e+09, 9.064026e-02, 9.531292e-01, -1.548231e+00, -2.414911e+00, 6.634128e-11, 4.864760e-10, 4.016261e+01, -1.807415e-01
2.875200e+09, 9.218933e-02, 9.530116e-01, -1.549815e+00, -2.426526e+00, 7.924831e-11, 4.864027e-10, 4.015372e+01, -1.838194e-01
2.879000e+09, 9.374071e-02, 9.528916e-01, -1.551707e+00, -2.438139e+00, 9.155932e-11, 4.863271e-10, 4.014215e+01, -1.869019e-01
2.882800e+09, 9.529384e-02, 9.527694e-01, -1.553893e+00, -2.449751e+00, 1.033062e-10, 4.862492e-10, 4.012790e+01, -1.899874e-01
2.886600e+09, 9.684815e-02, 9.526449e-01, -1.556360e+00, -2.461360e+00, 1.145191e-10, 4.861689e-10, 4.011096e+01, -1.930745e-01
2.890400e+09, 9.840312e-02, 9.525181e-01, -1.559094e+00, -2.472968e+00, 1.252264e-10, 4.860864e-10, 4.009134e+01, -1.961616e-01
2.894200e+09, 9.995822e-02, 9.523891e-01, -1.562084e+00, -2.484574e+00, 1.354550e-10, 4.860017e-10, 4.006904e+01, -1.992472e-01
2.898000e+09, 1.015130e-01, 9.522580e-01, -1.565318e+00, -2.496178e+00, 1.452300e-10, 4.859147e-10, 4.004406e+01, -2.023299e-01
2.901800e+09, 1.030669e-01, 9.521247e-01, -1.568785e+00, -2.507780e+00, 1.545754e-10, 4.858255e-10, 4.001641e+01, -2.054080e-01
2.905600e+09, 1.046195e-01, 9.519893e-01, -1.572476e+00, -2.519379e+00, 1.635134e-10, 4.857341e-10, 3.998610e+01, -2.084803e-01
2.909400e+09, 1.061703e-01, 9.518518e-01, -1.576380e+00, -2.530977e+00, 1.720654e-10, 4.856406e-10, 3.995313e+01, -2.115450e-01
2.913200e+09, 1.077190e-01, 9.517123e-01, -1.580488e+00, -2.542572e+00, 1.802511e-10, 4.855450e-10, 3.991752e+01, -2.146007e-01
2.917000e+09, 1.092651e-01, 9.515708e-01, -1.584792e+00, -2.554165e+00, 1.880894e-10, 4.854472e-10, 3.987929e+01, -2.176460e-01
2.920800e+09, 1.108081e-01, 9.514274e-01, -1.589283e+00, -2.565755e+00, 1.955979e-10, 4.853474e-10, 3.983845e+01, -2.206794e-01
2.924600e+09, 1.123478e-01, 9.512820e-01, -1.593953e+00, -2.577344e+00, 2.027932e-10, 4.852455e-10, 3.979501e+01, -2.236993e-01
2.928400e+09, 1.138836e-01, 9.511348e-01, -1.598795e+00, -2.588929e+00, 2.096910e-10, 4.851416e-10, 3.974900e+01, -2.267043e-01
2.932200e+09, 1.154153e-01, 9.509857e-01, -1.603802e+00, -2.600513e+00, 2.163062e-10, 4.850358e-10, 3.970044e+01, -2.296929e-01
2.936000e+09, 1.169424e-01, 9.508349e-01, -1.608966e+00, -2.612093e+00, 2.226526e-10, 4.849280e-10, 3.964935e+01, -2.326637e-01
2.939800e+09, 1.184646e-01, 9.506824e-01, -1.614282e+00, -2.623672e+00, 2.287433e-10, 4.848183e-10, 3.959575e+01, -2.356153e-01
2.943600e+09, 1.199815e-01, 9.505282e-01, -1.619744e+00, -2.635247e+00, 2.345908e-10, 4.847068e-10, 3.953968e+01, -2.385462e-01
2.947400e+09, 1.214929e-01, 9.503723e-01, -1.625345e+00, -2.646820e+00, 2.402068e-10, 4.845934e-10, 3.948116e+01, -2.414549e-01
2.951200e+09, 1.229983e-01, 9.502149e-01, -1.631080e+00, -2.658390e+00, 2.456022e-10, 4.844783e-10, 3.942021e+01, -2.443401e-01
2.955000e+09, 1.244975e-01, 9.500559e-01, -1.636944e+00, -2.669958e+00, 2.507874e-10, 4.843613e-10, 3.935688e+01, -2.472004e-01
2.958800e+09, 1.259901e-01, 9.498954e-01, -1.642932e+00, -2.681522e+00, 2.557724e-10, 4.842427e-10, 3.929119e+01, -2.500344e-01
2.962600e+09, 1.274757e-01, 9.497335e-01, -1.649039e+00, -2.693084e+00, 2.605664e-10, 4.841224e-10, 3.922318e+01, -2.528407e-01
2.966400e+09, 1.289542e-01, 9.495702e-01, -1.655260e+00, -2.704643e+00, 2.651781e-10, 4.840005e-10, 3.915288e+01, -2.556179e-01
2.970200e+09, 1.304252e-01, 9.494056e-01, -1.661591e+00, -2.716199e+00, 2.696159e-10, 4.838770e-10, 3.908034e+01, -2.583648e-01
2.974000e+09, 1.318884e-01, 9.492398e-01, -1.668029e+00, -2.727752e+00, 2.738875e-10, 4.837520e-10, 3.900558e+01, -2.610800e-01
2.977800e+09, 1.333435e-01, 9.490727e-01, -1.674568e+00, -2.739303e+00, 2.780005e-10, 4.836255e-10, 3.892865e+01, -2.637621e-01
2.981600e+09, 1.347902e-01, 9.489044e-01, -1.681206e+00, -2.750850e+00, 2.819618e-10, 4.834975e-10, 3.884959e+01, -2.664100e-01
2.985400e+09, 1.362282e-01, 9.487351e-01, -1.687938e+00, -2.762394e+00, 2.857780e-10, 4.833682e-10, 3.876844e+01, -2.690223e-01
2.989200e+09, 1.376573e-01, 9.485647e-01, -1.694761e+00, -2.773935e+00, 2.894556e-10, 4.832375e-10, 3.868524e+01, -2.715977e-01
2.993000e+09, 1.390772e-01, 9.483933e-01, -1.701672e+00, -2.785472e+00, 2.930003e-10, 4.831055e-10, 3.860004e+01, -2.741351e-01
2.996800e+09, 1.404877e-01, 9.482210e-01, -1.708668e+00, -2.797007e+00, 2.964180e-10, 4.829722e-10, 3.851288e+01, -2.766332e-01
3.000600e+09, 1.418884e-01, 9.480479e-01, -1.715745e+00, -2.808539e+00, 2.997138e-10, 4.828378e-10, 3.842382e+01, -2.790908e-01
3.004400e+09, 1.432791e-01, 9.478739e-01, -1.722901e+00, -2.820067e+00, 3.028930e-10, 4.827022e-10, 3.833288e+01, -2.815068e-01
3.008200e+09, 1.446596e-01, 9.476992e-01, -1.730133e+00, -2.831592e+00, 3.059604e-10, 4.825656e-10, 3.824014e+01, -2.838800e-01
3.012000e+09, 1.460296e-01, 9.475238e-01, -1.737438e+00, -2.843114e+00, 3.089205e-10, 4.824279e-10, 3.814562e+01, -2.862092e-01
3.015800e+09, 1.473889e-01, 9.473478e-01, -1.744814e+00, -2.854632e+00, 3.117776e-10, 4.822892e-10, 3.804939e+01, -2.884933e-01
3.019600e+09, 1.487371e-01, 9.471713e-01, -1.752258e+00, -2.866147e+00, 3.145360e-10, 4.821496e-10, 3.795148e+01, -2.907313e-01
3.023400e+09, 1.500742e-01, 9.469943e-01, -1.759768e+00, -2.877659e+00, 3.171995e-10, 4.820092e-10, 3.785196e+01, -2.929220e-01
3.027200e+09, 1.513998e-01, 9.468168e-01, -1.767342e+00, -2.889168e+00, 3.197719e-10, 4.818679e-10, 3.775087e+01, -2.950644e-01
3.031000e+09, 1.527137e-01, 9.466390e-01, -1.774976e+00, -2.900673e+00, 3.222567e-10, 4.817259e-10, 3.764827e+01, -2.971575e-01
3.034800e+09, 1.540157e-01, 9.464610e-01, -1.782671e+00, -2.912175e+00, 3.246574e-10, 4.815832e-10, 3.754420e+01, -2.992003e-01
3.038600e+09, 1.553056e-01, 9.462826e-01, -1.790422e+00, -2.923673e+00, 3.269770e-10, 4.814398e-10, 3.743873e+01, -3.011918e-01
3.042400e+09, 1.565831e-01, 9.461042e-01, -1.798229e+00, -2.935168e+00, 3.292187e-10, 4.812959e-10, 3.733189e+01, -3.031310e-01
3.046200e+09, 1.578480e-01, 9.459256e-01, -1.806090e+00, -2.946659e+00, 3.313855e-10, 4.811515e-10, 3.722376e+01, -3.050170e-01
3.050000e+09, 1.591001e-01, 9.457470e-01, -1.814002e+00, -2.958147e+00, 3.334800e-10, 4.810066e-10, 3.711437e+01, -3.068488e-01
3.053800e+09, 1.603393e-01, 9.455685e-01, -1.821964e+00, -2.969632e+00, 3.355050e-10, 4.808613e-10, 3.700379e+01, -3.086257e-01
3.057600e+09, 1.615652e-01, 9.453901e-01, -1.829975e+00, -2.981113e+00, 3.374629e-10, 4.807157e-10, 3.689206e+01, -3.103466e-01
3.061400e+09, 1.627777e-01, 9.452119e-01, -1.838032e+00, -2.992591e+00, 3.393563e-10, 4.805698e-10, 3.677925e+01, -3.120107e-01
3.065200e+09, 1.639765e-01, 9.450339e-01, -1.846134e+00, -3.004065e+00, 3.411873e-10, 4.804238e-10, 3.666540e+01, -3.136173e-01
3.069000e+09, 1.651616e-01, 9.448563e-01, -1.854281e+00, -3.015535e+00, 3.429581e-10, 4.802775e-10, 3.655057e+01, -3.151655e-01
3.072800e+09, 1.663326e-01, 9.446790e-01, -1.862469e+00, -3.027003e+00, 3.446710e-10, 4.801312e-10, 3.643482e+01, -3.166545e-01
3.076600e+09, 1.674894e-01, 9.445022e-01, -1.870699e+00, -3.038466e+00, 3.463278e-10, 4.799849e-10, 3.631821e+01, -3.180837e-01
3.080400e+09, 1.686318e-01, 9.443259e-01, -1.878967e+00, -3.049926e+00, 3.479305e-10, 4.798387e-10, 3.620077e+01, -3.194521e-01
3.084200e+09, 1.697596e-01, 9.441503e-01, -1.887275e+00, -3.061383e+00, 3.494809e-10, 4.796925e-10, 3.608257e+01, -3.207592e-01
3.088000e+09, 1.708727e-01, 9.439753e-01, -1.895619e+00, -3.072836e+00, 3.509808e-10, 4.795466e-10, 3.596367e+01, -3.220043e-01
3.091800e+09, 1.719707e-01, 9.438011e-01, -1.903999e+00, -3.084286e+00, 3.524318e-10, 4.794009e-10, 3.584412e+01, -3.231866e-01
3.095600e+09, 1.730536e-01, 9.436276e-01, -1.912414e+00, -3.095732e+00, 3.538355e-10, 4.792555e-10, 3.572397e+01, -3.243056e-01
3.099400e+09, 1.741212e-01, 9.434551e-01, -1.920862e+00, -3.107175e+00, 3.551936e-10, 4.791104e-10, 3.560327e+01, -3.253607e-01
3.103200e+09, 1.751733e-01, 9.432835e-01, -1.929343e+00, -3.118614e+00, 3.565073e-10, 4.789659e-10, 3.548208e+01, -3.263512e-01
3.107000e+09, 1.762097e-01, 9.431130e-01, -1.937855e+00, -3.130050e+00, 3.577781e-10, 4.788218e-10, 3.536046e+01, -3.272765e-01
3.110800e+09, 1.772303e-01, 9.429435e-01, -1.946397e+00, -3.141482e+00, 3.590074e-10, 4.786783e-10, 3.523845e+01, -3.281362e-01
3.114600e+09, 1.782348e-01, 9.427752e-01, -1.954969e+00, 3.130274e+00, 3.601965e-10, 4.785355e-10, 3.511611e+01, -3.289297e-01
3.118400e+09, 1.792232e-01, 9.426081e-01, -1.963569e+00, 3.118848e+00, 3.613465e-10, 4.783933e-10, 3.499349e+01, -3.296565e-01
3.122200e+09, 1.801952e-01, 9.424424e-01, -1.972196e+00, 3.107426e+00, 3.624587e-10, 4.782520e-10, 3.487065e+01, -3.303162e-01
3.126000e+09, 1.811508e-01, 9.422780e-01, -1.980850e+00, 3.096007e+00, 3.635342e-10, 4.781115e-10, 3.474763e+01, -3.309082e-01
3.129800e+09, 1.820896e-01, 9.421150e-01, -1.989530e+00, 3.084592e+00, 3.645740e-10, 4.779719e-10, 3.462449e+01, -3.314322e-01
3.133600e+09, 1.830117e-01, 9.419536e-01, -1.998235e+00, 3.073180e+00, 3.655793e-10, 4.778333e-10, 3.450128e+01, -3.318878e-01
3.137400e+09, 1.839168e-01, 9.417938e-01, -2.006963e+00, 3.061771e+00, 3.665509e-10, 4.776957e-10, 3.437804e+01, -3.322745e-01
3.141200e+09, 1.848048e-01, 9.416356e-01, -2.015715e+00, 3.050365e+00, 3.674899e-10, 4.775592e-10, 3.425484e+01, -3.325921e-01
3.145000e+09, 1.856755e-01, 9.414791e-01, -2.024489e+00, 3.038963e+00, 3.683971e-10, 4.774240e-10, 3.413172e+01, -3.328402e-01
3.148800e+09, 1.865288e-01, 9.413244e-01, -2.033285e+00, 3.027564e+00, 3.692734e-10, 4.772899e-10, 3.400872e+01, -3.330184e-01
3.152600e+09, 1.873646e-01, 9.411716e-01, -2.042102e+00, 3.016168e+00, 3.701197e-10, 4.771572e-10, 3.388591e+01, -3.331266e-01
3.156400e+09, 1.881827e-01, 9.410206e-01, -2.050939e+00, 3.004776e+00, 3.709368e-10, 4.770258e-10, 3.376332e+01, -3.331644e-01
3.160200e+09, 1.889829e-01, 9.408717e-01, -2.059796e+00, 2.993386e+00, 3.717254e-10, 4.768959e-10, 3.364100e+01, -3.331317e-01
3.164000e+09, 1.897652e-01, 9.407248e-01, -2.068671e+00, 2.982000e+00, 3.724862e-10, 4.767675e-10, 3.351901e+01, -3.330282e-01
3.167800e+09, 1.905294e-01, 9.405800e-01, -2.077564e+00, 2.970616e+00, 3.732201e-10, 4.766406e-10, 3.339739e+01, -3.328537e-01
3.171600e+09, 1.912754e-01, 9.404375e-01, -2.086476e+00, 2.959236e+00, 3.739276e-10, 4.765154e-10, 3.327619e+01, -3.326080e-01
3.175400e+09, 1.920030e-01, 9.402971e-01, -2.095403e+00, 2.947859e+00, 3.746094e-10, 4.763919e-10, 3.315545e+01, -3.322912e-01
3.179200e+09, 1.927121e-01, 9.401591e-01, -2.104348e+00, 2.936484e+00, 3.752661e-10, 4.762701e-10, 3.303521e+01, -3.319029e-01
3.183000e+09, 1.934027e-01, 9.400234e-01, -2.113308e+00, 2.925113e+00, 3.758984e-10, 4.761502e-10, 3.291553e+01, -3.314432e-01
3.186800e+09, 1.940745e-01, 9.398902e-01, -2.122283e+00, 2.913744e+00, 3.765067e-10, 4.760321e-10, 3.279645e+01, -3.309120e-01
3.190600e+09, 1.947275e-01, 9.397595e-01, -2.131272e+00, 2.902379e+00, 3.770917e-10, 4.759160e-10, 3.267802e+01, -3.303093e-01
3.194400e+09, 1.953615e-01, 9.396313e-01, -2.140276e+00, 2.891015e+00, 3.776538e-10, 4.758019e-10, 3.256026e+01, -3.296351e-01
3.198200e+09, 1.959765e-01, 9.395058e-01, -2.149292e+00, 2.879655e+00, 3.781936e-10, 4.756899e-10, 3.244324e+01, -3.288893e-01
3.202000e+09, 1.965723e-01, 9.393829e-01, -2.158322e+00, 2.868298e+00, 3.787115e-10, 4.755800e-10, 3.232699e+01, -3.280721e-01
3.205800e+09, 1.971488e-01, 9.392628e-01, -2.167364e+00, 2.856943e+00, 3.792080e-10, 4.754723e-10, 3.221156e+01, -3.271835e-01
3.209600e+09, 1.977059e-01, 9.391454e-01, -2.176418e+00, 2.845590e+00, 3.796835e-10, 4.753668e-10, 3.209698e+01, -3.262237e-01
3.213400e+09, 1.982436e-01, 9.390309e-01, -2.185484e+00, 2.834240e+00, 3.801385e-10, 4.752636e-10, 3.198330e+01, -3.251926e-01
3.217200e+09, 1.987616e-01, 9.389193e-01, -2.194560e+00, 2.822893e+00, 3.805733e-10, 4.751628e-10, 3.187056e+01, -3.240907e-01
3.221000e+09, 1.992600e-01, 9.388106e-01, -2.203647e+00, 2.811548e+00, 3.809883e-10, 4.750645e-10, 3.175880e+01, -3.229179e-01
3.224800e+09, 1.997385e-01, 9.387050e-01, -2.212743e+00, 2.800205e+00, 3.813838e-10, 4.749685e-10, 3.164805e+01, -3.216746e-01
3.228600e+09, 2.001972e-01, 9.386024e-01, -2.221849e+00, 2.788865e+00, 3.817603e-10, 4.748751e-10, 3.153836e+01, -3.203609e-01
3.232400e+09, 2.006359e-01, 9.385030e-01, -2.230964e+00, 2.777527e+00, 3.821179e-10, 4.747843e-10, 3.142977e+01, -3.189772e-01
3.236200e+09, 2.010546e-01, 9.384067e-01, -2.240087e+00, 2.766191e+00, 3.824571e-10, 4.746962e-10, 3.132231e+01, -3.175238e-01
3.240000e+09, 2.014531e-01, 9.383136e-01, -2.249219e+00, 2.754857e+00, 3.827782e-10, 4.746107e-10, 3.121602e+01, -3.160009e-01
3.243800e+09, 2.018313e-01, 9.382238e-01, -2.258358e+00, 2.743525e+00, 3.830813e-10, 4.745279e-10, 3.111094e+01, -3.144091e-01
3.247600e+09, 2.021893e-01, 9.381373e-01, -2.267505e+00, 2.732195e+00, 3.833667e-10, 4.744480e-10, 3.100710e+01, -3.127486e-01
3.251400e+09, 2.025269e-01, 9.380541e-01, -2.276658e+00, 2.720867e+00, 3.836348e-10, 4.743708e-10, 3.090455e+01, -3.110199e-01
3.255200e+09, 2.028440e-01, 9.379744e-01, -2.285818e+00, 2.709541e+00, 3.838856e-10, 4.742966e-10, 3.080331e+01, -3.092234e-01
3.259000e+09, 2.031406e-01, 9.378981e-01, -2.294984e+00, 2.698216e+00, 3.841195e-10, 4.742253e-10, 3.070342e+01, -3.073597e-01
3.262800e+09, 2.034166e-01, 9.378253e-01, -2.304155e+00, 2.686894e+00, 3.843366e-10, 4.741569e-10, 3.060492e+01, -3.054293e-01
3.266600e+09, 2.036718e-01, 9.377560e-01, -2.313331e+00, 2.675573e+00, 3.845371e-10, 4.740916e-10, 3.050784e+01, -3.034327e-01
3.270400e+09, 2.039064e-01, 9.376903e-01, -2.322513e+00, 2.664253e+00, 3.847211e-10, 4.740294e-10, 3.041221e+01, -3.013705e-01
3.274200e+09, 2.041201e-01, 9.376282e-01, -2.331698e+00, 2.652935e+00, 3.848889e-10, 4.739702e-10, 3.031806e+01, -2.992434e-01
3.278000e+09, 2.043130e-01, 9.375697e-01, -2.340888e+00, 2.641619e+00, 3.850405e-10, 4.739143e-10, 3.022544e+01, -2.970519e-01
3.281800e+09, 2.044849e-01, 9.375150e-01, -2.350081e+00, 2.630304e+00, 3.851761e-10, 4.738615e-10, 3.013436e+01, -2.947969e-01
3.285600e+09, 2.046358e-01, 9.374639e-01, -2.359278e+00, 2.618990e+00, 3.852957e-10, 4.738119e-10, 3.004487e+01, -2.924790e-01
3.289400e+09, 2.047657e-01, 9.374166e-01, -2.368477e+00, 2.607677e+00, 3.853995e-10, 4.737656e-10, 2.995699e+01, -2.900990e-01
3.293200e+09, 2.048745e-01, 9.373730e-01, -2.377679e+00, 2.596365e+00, 3.854876e-10, 4.737226e-10, 2.987075e+01, -2.876576e-01
3.297000e+09, 2.049621e-01, 9.373333e-01, -2.386883e+00, 2.585054e+00, 3.855600e-10, 4.736829e-10, 2.978618e+01, -2.851557e-01
3.300800e+09, 2.050286e-01, 9.372975e-01, -2.396088e+00, 2.573745e+00, 3.856168e-10, 4.736467e-10, 2.970332e+01, -2.825942e-01
3.304600e+09, 2.050738e-01, 9.372654e-01, -2.405295e+00, 2.562436e+00, 3.856580e-10, 4.736138e-10, 2.962219e+01, -2.799740e-01
3.308400e+09, 2.050977e-01, 9.372373e-01, -2.414503e+00, 2.551128e+00, 3.856837e-10, 4.735843e-10, 2.954281e+01, -2.772960e-01
3.312200e+09, 2.051004e-01, 9.372131e-01, -2.423712e+00, 2.539821e+00, 3.856937e-10, 4.735584e-10, 2.946523e+01, -2.745611e-01
3.316000e+09, 2.050816e-01, 9.371929e-01, -2.432921e+00, 2.528514e+00, 3.856883e-10, 4.735359e-10, 2.938945e+01, -2.717704e-01
3.319800e+09, 2.050415e-01, 9.371766e-01, -2.442130e+00, 2.517208e+00, 3.856673e-10, 4.735169e-10, 2.931552e+01, -2.689249e-01
3.323600e+09, 2.049799e-01, 9.371643e-01, -2.451338e+00, 2.505902e+00, 3.856306e-10, 4.735015e-10, 2.924346e+01, -2.660257e-01
3.327400e+09, 2.048969e-01, 9.371560e-01, -2.460545e+00, 2.494596e+00, 3.855784e-10, 4.734897e-10, 2.917328e+01, -2.630739e-01
3.331200e+09, 2.047924e-01, 9.371518e-01, -2.469751e+00, 2.483291e+00, 3.855104e-10, 4.734815e-10, 2.910503e+01, -2.600707e-01
3.335000e+09, 2.046664e-01, 9.371515e-01, -2.478956e+00, 2.471986e+00, 3.854267e-10, 4.734769e-10, 2.903871e+01, -2.570171e-01
3.338800e+09, 2.045188e-01, 9.371554e-01, -2.488158e+00, 2.460682e+00, 3.853271e-10, 4.734759e-10, 2.897436e+01, -2.539146e-01
3.342600e+09, 2.043497e-01, 9.371633e-01, -2.497358e+00, 2.449377e+00, 3.852115e-10, 4.734786e-10, 2.891200e+01, -2.507642e-01
3.346400e+09, 2.041591e-01, 9.371752e-01, -2.506556e+00, 2.438072e+00, 3.850798e-10, 4.734850e-10, 2.885165e+01, -2.475673e-01
3.350200e+09, 2.039468e-01, 9.371913e-01, -2.515750e+00, 2.426767e+00, 3.849319e-10, 4.734951e-10, 2.879334e+01, -2.443252e-01
3.354000e+09, 2.037130e-01, 9.372114e-01, -2.524941e+00, 2.415462e+00, 3.847676e-10, 4.735089e-10, 2.873708e+01, -2.410393e-01
3.357800e+09, 2.034575e-01, 9.372357e-01, -2.534127e+00, 2.404156e+00, 3.845867e-10, 4.735264e-10, 2.868289e+01, -2.377109e-01
3.361600e+09, 2.031804e-01, 9.372641e-01, -2.543310e+00, 2.392850e+00, 3.843891e-10, 4.735476e-10, 2.863080e+01, -2.343415e-01
3.365400e+09, 2.028817e-01, 9.372965e-01, -2.552488e+00, 2.381544e+00, 3.841746e-10, 4.735726e-10, 2.858083e+01, -2.309325e-01
3.369200e+09, 2.025614e-01, 9.373331e-01, -2.561660e+00, 2.370237e+00, 3.839429e-10, 4.736013e-10, 2.853300e+01, -2.274854e-01
3.373000e+09, 2.022194e-01, 9.373738e-01, -2.570827e+00, 2.358929e+00, 3.836938e-10, 4.736339e-10, 2.848732e+01, -2.240018e-01
3.376800e+09, 2.018558e-01, 9.374186e-01, -2.579988e+00, 2.347621e+00, 3.834270e-10, 4.736701e-10, 2.844381e+01, -2.204831e-01
3.380600e+09, 2.014706e-01, 9.374675e-01, -2.589143e+00, 2.336311e+00, 3.831423e-10, 4.737102e-10, 2.840248e+01, -2.169310e-01
3.384400e+09, 2.010638e-01, 9.375205e-01, -2.598291e+00, 2.325001e+00, 3.828393e-10, 4.737540e-10, 2.836337e+01, -2.133471e-01
3.388200e+09, 2.006353e-01, 9.375776e-01, -2.607432e+00, 2.313689e+00, 3.825177e-10, 4.738016e-10, 2.832648e+01, -2.097329e-01
3.392000e+09, 2.001853e-01, 9.376388e-01, -2.616565e+00, 2.302377e+00, 3.821773e-10, 4.738530e-10, 2.829182e+01, -2.060903e-01
3.395800e+09, 1.997137e-01, 9.377041e-01, -2.625690e+00, 2.291063e+00, 3.818176e-10, 4.739082e-10, 2.825941e+01, -2.024208e-01
3.399600e+09, 1.992206e-01, 9.377734e-01, -2.634806e+00, 2.279748e+00, 3.814382e-10, 4.739672e-10, 2.822927e+01, -1.987262e-01
3.403400e+09, 1.987058e-01, 9.378467e-01, -2.643913e+00, 2.268432e+00, 3.810387e-10, 4.740299e-10, 2.820141e+01, -1.950082e-01
3.407200e+09, 1.981696e-01, 9.379241e-01, -2.653011e+00, 2.257114e+00, 3.806187e-10, 4.740964e-10, 2.817584e+01, -1.912686e-01
3.411000e+09, 1.976119e-01, 9.380056e-01, -2.662099e+00, 2.245794e+00, 3.801778e-10, 4.741666e-10, 2.815258e+01, -1.875091e-01
3.414800e+09, 1.970327e-01, 9.380910e-01, -2.671176e+00, 2.234473e+00, 3.797154e-10, 4.742406e-10, 2.813163e+01, -1.837317e-01
3.418600e+09, 1.964321e-01, 9.381804e-01, -2.680242e+00, 2.223150e+00, 3.792311e-10, 4.743184e-10, 2.811300e+01, -1.799381e-01
3.422400e+09, 1.958101e-01, 9.382737e-01, -2.689296e+00, 2.211825e+00, 3.787242e-10, 4.743999e-10, 2.809671e+01, -1.761301e-01
3.426200e+09, 1.951667e-01, 9.383710e-01, -2.698339e+00, 2.200498e+00, 3.781942e-10, 4.744850e-10, 2.808276e+01, -1.723097e-01
3.430000e+09, 1.945019e-01, 9.384722e-01, -2.707369e+00, 2.189169e+00, 3.776405e-10, 4.745739e-10, 2.807116e+01, -1.684787e-01
3.433800e+09, 1.938159e-01, 9.385773e-01, -2.716385e+00, 2.177838e+00, 3.770624e-10, 4.746665e-10, 2.806192e+01, -1.646391e-01
3.437600e+09, 1.931086e-01, 9.386862e-01, -2.725388e+00, 2.166505e+00, 3.764594e-10, 4.747628e-10, 2.805505e+01, -1.607926e-01
3.441400e+09, 1.923802e-01, 9.387990e-01, -2.734377e+00, 2.155170e+00, 3.758306e-10, 4.748626e-10, 2.805055e+01, -1.569414e-01
3.445200e+09, 1.916305e-01, 9.389155e-01, -2.743350e+00, 2.143832e+00, 3.751753e-10, 4.749662e-10, 2.804843e+01, -1.530872e-01
3.449000e+09, 1.908598e-01, 9.390358e-01, -2.752308e+00, 2.132491e+00, 3.744927e-10, 4.750733e-10, 2.804869e+01, -1.492320e-01
3.452800e+09, 1.900680e-01, 9.391598e-01, -2.761249e+00, 2.121148e+00, 3.737820e-10, 4.751840e-10, 2.805134e+01, -1.453778e-01
3.456600e+09, 1.892553e-01, 9.392875e-01, -2.770173e+00, 2.109803e+00, 3.730423e-10, 4.752983e-10, 2.805637e+01, -1.415266e-01
3.460400e+09, 1.884216e-01, 9.394189e-01, -2.779080e+00, 2.098455e+00, 3.722727e-10, 4.754161e-10, 2.806380e+01, -1.376803e-01
3.464200e+09, 1.875670e-01, 9.395538e-01, -2.787969e+00, 2.087104e+00, 3.714722e-10, 4.755373e-10, 2.807361e+01, -1.338409e-01
3.468000e+09, 1.866916e-01, 9.396923e-01, -2.796838e+00, 2.075750e+00, 3.706398e-10, 4.756621e-10, 2.808582e+01, -1.300103e-01
3.471800e+09, 1.857955e-01, 9.398344e-01, -2.805687e+00, 2.064393e+00, 3.697744e-10, 4.757903e-10, 2.810042e+01, -1.261905e-01
3.475600e+09, 1.848787e-01, 9.399798e-01, -2.814516e+00, 2.053033e+00, 3.688748e-10, 4.759219e-10, 2.811742e+01, -1.223835e-01
3.479400e+09, 1.839414e-01, 9.401288e-01, -2.823324e+00, 2.041669e+00, 3.679400e-10, 4.760569e-10, 2.813680e+01, -1.185913e-01
3.483200e+09, 1.829835e-01, 9.402811e-01, -2.832108e+00, 2.030303e+00, 3.669686e-10, 4.761952e-10, 2.815856e+01, -1.148158e-01
3.487000e+09, 1.820052e-01, 9.404367e-01, -2.840870e+00, 2.018933e+00, 3.659592e-10, 4.763368e-10, 2.818271e+01, -1.110589e-01
3.490800e+09, 1.810065e-01, 9.405955e-01, -2.849608e+00, 2.007560e+00, 3.649106e-10, 4.764817e-10, 2.820924e+01, -1.073226e-01
3.494600e+09, 1.799876e-01, 9.407577e-01, -2.858321e+00, 1.996184e+00, 3.638212e-10, 4.766298e-10, 2.823815e+01, -1.036088e-01
3.498400e+09, 1.789485e-01, 9.409229e-01, -2.867007e+00, 1.984804e+00, 3.626895e-10, 4.767811e-10, 2.826942e+01, -9.991954e-02
3.502200e+09, 1.778893e-01, 9.410913e-01, -2.875667e+00, 1.973420e+00, 3.615138e-10, 4.769355e-10, 2.830305e+01, -9.625663e-02
3.506000e+09, 1.768101e-01, 9.412627e-01, -2.884298e+00, 1.962033e+00, 3.602925e-10, 4.770930e-10, 2.833903e+01, -9.262199e-02
3.509800e+09, 1.757111e-01, 9.414371e-01, -2.892901e+00, 1.950642e+00, 3.590236e-10, 4.772535e-10, 2.837736e+01, -8.901752e-02
3.513600e+09, 1.745922e-01, 9.416144e-01, -2.901473e+00, 1.939247e+00, 3.577054e-10, 4.774171e-10, 2.841802e+01, -8.544508e-02
3.517400e+09, 1.734537e-01, 9.417946e-01, -2.910013e+00, 1.927848e+00, 3.563357e-10, 4.775836e-10, 2.846101e+01, -8.190652e-02
3.521200e+09, 1.722956e-01, 9.419776e-01, -2.918521e+00, 1.916445e+00, 3.549125e-10, 4.777529e-10, 2.850631e+01, -7.840368e-02
3.525000e+09, 1.711180e-01, 9.421633e-01, -2.926995e+00, 1.905038e+00, 3.534335e-10, 4.779252e-10, 2.855391e+01, -7.493836e-02
3.528800e+09, 1.699211e-01, 9.423517e-01, -2.935434e+00, 1.893627e+00, 3.518963e-10, 4.781002e-10, 2.860380e+01, -7.151236e-02
3.532600e+09, 1.687049e-01, 9.425426e-01, -2.943836e+00, 1.882212e+00, 3.502983e-10, 4.782779e-10, 2.865596e+01, -6.812744e-02
3.536400e+09, 1.674696e-01, 9.427361e-01, -2.952200e+00, 1.870792e+00, 3.486370e-10, 4.784583e-10, 2.871039e+01, -6.478536e-02
3.540200e+09, 1.662154e-01, 9.429321e-01, -2.960524e+00, 1.859369e+00, 3.469095e-10, 4.786414e-10, 2.876706e+01, -6.148782e-02
3.544000e+09, 1.649423e-01, 9.431304e-01, -2.968807e+00, 1.847941e+00, 3.451129e-10, 4.788270e-10, 2.882596e+01, -5.823653e-02
3.547800e+09, 1.636504e-01, 9.433310e-01, -2.977046e+00, 1.836508e+00, 3.432439e-10, 4.790151e-10, 2.888707e+01, -5.503315e-02
3.551600e+09, 1.623400e-01, 9.435338e-01, -2.985242e+00, 1.825071e+00, 3.412993e-10, 4.792056e-10, 2.895038e+01, -5.187931e-02
3.555400e+09, 1.610112e-01, 9.437387e-01, -2.993391e+00, 1.813630e+00, 3.392754e-10, 4.793985e-10, 2.901586e+01, -4.877663e-02
3.559200e+09, 1.596640e-01, 9.439458e-01, -3.001491e+00, 1.802183e+00, 3.371686e-10, 4.795937e-10, 2.908349e+01, -4.572670e-02
3.563000e+09, 1.582987e-01, 9.441548e-01, -3.009542e+00, 1.790733e+00, 3.349749e-10, 4.797911e-10, 2.915326e+01, -4.273105e-02
3.566800e+09, 1.569154e-01, 9.443657e-01, -3.017539e+00, 1.779277e+00, 3.326900e-10, 4.799908e-10, 2.922515e+01, -3.979120e-02
3.570600e+09, 1.555142e-01, 9.445784e-01, -3.025483e+00, 1.767817e+00, 3.303094e-10, 4.801925e-10, 2.929912e+01, -3.690865e-02
3.574400e+09, 1.540954e-01, 9.447928e-01, -3.033369e+00, 1.756352e+00, 3.278283e-10, 4.803963e-10, 2.937516e+01, -3.408485e-02
3.578200e+09, 1.526591e-01, 9.450089e-01, -3.041197e+00, 1.744882e+00, 3.252417e-10, 4.806020e-10, 2.945325e+01, -3.132121e-02
3.582000e+09, 1.512054e-01, 9.452265e-01, -3.048962e+00, 1.733407e+00, 3.225441e-10, 4.808096e-10, 2.953335e+01, -2.861913e-02
3.585800e+09, 1.497345e-01, 9.454456e-01, -3.056663e+00, 1.721927e+00, 3.197298e-10, 4.810190e-10, 2.961545e+01, -2.597996e-02
3.589600e+09, 1.482467e-01, 9.456661e-01, -3.064297e+00, 1.710442e+00, 3.167927e-10, 4.812302e-10, 2.969951e+01, -2.340501e-02
3.593400e+09, 1.467420e-01, 9.458879e-01, -3.071861e+00, 1.698952e+00, 3.137261e-10, 4.814430e-10, 2.978551e+01, -2.089557e-02
3.597200e+09, 1.452208e-01, 9.461108e-01, -3.079351e+00, 1.687457e+00, 3.105231e-10, 4.816574e-10, 2.987342e+01, -1.845289e-02
3.601000e+09, 1.436831e-01, 9.463349e-01, -3.086765e+00, 1.675957e+00, 3.071762e-10, 4.818733e-10, 2.996321e+01, -1.607816e-02
3.604800e+09, 1.421292e-01, 9.465600e-01, -3.094100e+00, 1.664452e+00, 3.036774e-10, 4.820907e-10, 3.005485e+01, -1.377258e-02
3.608600e+09, 1.405593e-01, 9.467859e-01, -3.101350e+00, 1.652941e+00, 3.000182e-10, 4.823094e-10, 3.014831e+01, -1.153727e-02
3.612400e+09, 1.389736e-01, 9.470127e-01, -3.108514e+00, 1.641426e+00, 2.961894e-10, 4.825293e-10, 3.024355e+01, -9.373340e-03
3.616200e+09, 1.373724e-01, 9.472402e-01, -3.115585e+00, 1.629905e+00, 2.921811e-10, 4.827505e-10, 3.034055e+01, -7.281848e-03
3.620000e+09, 1.357558e-01, 9.474683e-01, -3.122562e+00, 1.618378e+00, 2.879830e-10, 4.829727e-10, 3.043926e+01, -5.263823e-03
3.623800e+09, 1.341240e-01, 9.476969e-01, -3.129437e+00, 1.606847e+00, 2.835837e-10, 4.831959e-10, 3.053966e+01, -3.320252e-03
3.627600e+09, 1.324775e-01, 9.479259e-01, -3.136208e+00, 1.595310e+00, 2.789710e-10, 4.834201e-10, 3.064171e+01, -1.452086e-03
3.631400e+09, 1.308163e-01, 9.481553e-01, 3.140316e+00, 1.583768e+00, 2.741320e-10, 4.836451e-10, 3.074536e+01, 3.397603e-04
3.635200e+09, 1.291407e-01, 9.483848e-01, 3.133771e+00, 1.572220e+00, 2.690526e-10, 4.838709e-10, 3.085059e+01, 2.054412e-03
3.639000e+09, 1.274511e-01, 9.486145e-01, 3.127347e+00, 1.560667e+00, 2.637177e-10, 4.840973e-10, 3.095736e+01, 3.691032e-03
3.642800e+09, 1.257476e-01, 9.488441e-01, 3.121051e+00, 1.549109e+00, 2.581111e-10, 4.843242e-10, 3.106562e+01, 5.248820e-03
3.646600e+09, 1.240306e-01, 9.490737e-01, 3.114888e+00, 1.537545e+00, 2.522150e-10, 4.845517e-10, 3.117533e+01, 6.727014e-03
3.650400e+09, 1.223003e-01, 9.493030e-01, 3.108866e+00, 1.525976e+00, 2.460105e-10, 4.847796e-10, 3.128645e+01, 8.124890e-03
3.654200e+09, 1.205572e-01, 9.495321e-01, 3.102992e+00, 1.514401e+00, 2.394772e-10, 4.850077e-10, 3.139895e+01, 9.441762e-03
3.658000e+09, 1.188014e-01, 9.497607e-01, 3.097274e+00, 1.502821e+00, 2.325928e-10, 4.852360e-10, 3.151276e+01, 1.067698e-02
3.661800e+09, 1.170333e-01, 9.499888e-01, 3.091721e+00, 1.491236e+00, 2.253331e-10, 4.854645e-10, 3.162786e+01, 1.182994e-02
3.665600e+09, 1.152533e-01, 9.502162e-01, 3.086341e+00, 1.479645e+00, 2.176721e-10, 4.856930e-10, 3.174420e+01, 1.290006e-02
3.669400e+09, 1.134617e-01, 9.504429e-01, 3.081144e+00, 1.468048e+00, 2.095815e-10, 4.859213e-10, 3.186173e+01, 1.388681e-02
3.673200e+09, 1.116589e-01, 9.506688e-01, 3.076140e+00, 1.456446e+00, 2.010304e-10, 4.861495e-10, 3.198039e+01, 1.478969e-02
3.677000e+09, 1.098453e-01, 9.508936e-01, 3.071340e+00, 1.444839e+00, 1.919853e-10, 4.863775e-10, 3.210015e+01, 1.560824e-02
3.680800e+09, 1.080212e-01, 9.511175e-01, 3.066756e+00, 1.433226e+00, 1.824097e-10, 4.866050e-10, 3.222095e+01, 1.634204e-02
3.684600e+09, 1.061872e-01, 9.513401e-01, 3.062401e+00, 1.421608e+00, 1.722639e-10, 4.868321e-10, 3.234275e+01, 1.699070e-02
3.688400e+09, 1.043437e-01, 9.515614e-01, 3.058288e+00, 1.409984e+00, 1.615043e-10, 4.870587e-10, 3.246548e+01, 1.755389e-02
3.692200e+09, 1.024910e-01, 9.517814e-01, 3.054432e+00, 1.398355e+00, 1.500836e-10, 4.872845e-10, 3.258911e+01, 1.803128e-02
3.696000e+09, 1.006298e-01, 9.519998e-01, 3.050848e+00, 1.386721e+00, 1.379498e-10, 4.875096e-10, 3.271357e+01, 1.842260e-02
3.699800e+09, 9.876055e-02, 9.522166e-01, 3.047555e+00, 1.375081e+00, 1.250462e-10, 4.877339e-10, 3.283880e+01, 1.872762e-02
3.703600e+09, 9.688379e-02, 9.524317e-01, 3.044569e+00, 1.363436e+00, 1.113105e-10, 4.879572e-10, 3.296477e+01, 1.894614e-02
3.707400e+09, 9.500010e-02, 9.526449e-01, 3.041911e+00, 1.351785e+00, 9.667438e-11, 4.881794e-10, 3.309140e+01, 1.907800e-02
3.711200e+09, 9.311011e-02, 9.528561e-01, 3.039603e+00, 1.340129e+00, 8.106288e-11, 4.884005e-10, 3.321864e+01, 1.912307e-02
3.715000e+09, 9.121447e-02, 9.530653e-01, 3.037668e+00, 1.328468e+00, 6.439360e-11, 4.886203e-10, 3.334644e+01, 1.908127e-02
3.718800e+09, 8.931389e-02, 9.532724e-01, 3.036130e+00, 1.316802e+00, 4.657593e-11, 4.888387e-10, 3.347473e+01, 1.895255e-02
3.722600e+09, 8.740911e-02, 9.534771e-01, 3.035018e+00, 1.305130e+00, 2.751012e-11, 4.890557e-10, 3.360345e+01, 1.873689e-02
3.726400e+09, 8.550092e-02, 9.536794e-01, 3.034361e+00, 1.293454e+00, 7.086339e-12, 4.892711e-10, 3.373254e+01, 1.843432e-02
3.730200e+09, 8.359020e-02, 9.538792e-01, 3.034192e+00, 1.281772e+00, -1.481644e-11, 4.894849e-10, 3.386194e+01, 1.804490e-02
3.734000e+09, 8.167785e-02, 9.540764e-01, 3.034546e+00, 1.270085e+00, -3.833159e-11, 4.896969e-10, 3.399158e+01, 1.756873e-02
3.737800e+09, 7.976487e-02, 9.542709e-01, 3.035461e+00, 1.258393e+00, -6.360615e-11, 4.899070e-10, 3.412140e+01, 1.700594e-02
3.741600e+09, 7.785233e-02, 9.544625e-01, 3.036980e+00, 1.246696e+00, -9.080214e-11, 4.901152e-10, 3.425134e+01, 1.635670e-02
3.745400e+09, 7.594140e-02, 9.546512e-01, 3.039148e+00, 1.234994e+00, -1.200980e-10, 4.903213e-10, 3.438133e+01, 1.562124e-02
3.749200e+09, 7.403335e-02, 9.548369e-01, 3.042015e+00, 1.223287e+00, -1.516903e-10, 4.905252e-10, 3.451130e+01, 1.479978e-02
3.753000e+09, 7.212954e-02, 9.550193e-01, 3.045637e+00, 1.211575e+00, -1.857948e-10, 4.907269e-10, 3.464119e+01, 1.389262e-02
3.756800e+09, 7.023149e-02, 9.551985e-01, 3.050073e+00, 1.199858e+00, -2.226484e-10, 4.909262e-10, 3.477092e+01, 1.290009e-02
3.760600e+09, 6.834083e-02, 9.553744e-01, 3.055389e+00, 1.188137e+00, -2.625103e-10, 4.911230e-10, 3.490043e+01, 1.182253e-02
3.764400e+09, 6.645937e-02, 9.555467e-01, 3.061657e+00, 1.176411e+00, -3.056626e-10, 4.913173e-10, 3.502964e+01, 1.066034e-02
3.768200e+09, 6.458910e-02, 9.557154e-01, 3.068955e+00, 1.164680e+00, -3.524117e-10, 4.915089e-10, 3.515849e+01, 9.413969e-03
3.772000e+09, 6.273221e-02, 9.558805e-01, 3.077369e+00, 1.152945e+00, -4.030872e-10, 4.916977e-10, 3.528690e+01, 8.083876e-03
3.775800e+09, 6.089112e-02, 9.560418e-01, 3.086993e+00, 1.141205e+00, -4.580412e-10, 4.918837e-10, 3.541480e+01, 6.670575e-03
3.779600e+09, 5.906852e-02, 9.561991e-01, 3.097929e+00, 1.129461e+00, -5.176449e-10, 4.920667e-10, 3.554212e+01, 5.174612e-03
3.783400e+09, 5.726736e-02, 9.563525e-01, 3.110289e+00, 1.117712e+00, -5.822836e-10, 4.922466e-10, 3.566879e+01, 3.596574e-03
3.787200e+09, 5.549097e-02, 9.565017e-01, 3.124191e+00, 1.105959e+00, -6.523476e-10, 4.924234e-10, 3.579472e+01, 1.937084e-03
3.791000e+09, 5.374299e-02, 9.566468e-01, 3.139767e+00, 1.094202e+00, -7.282198e-10, 4.925970e-10, 3.591985e+01, 1.968038e-04
3.794800e+09, 5.202753e-02, 9.567875e-01, -3.126031e+00, 1.082441e+00, -8.102567e-10, 4.927672e-10, 3.604410e+01, -1.623567e-03
3.798600e+09, 5.034912e-02, 9.569239e-01, -3.106686e+00, 1.070675e+00, -8.987621e-10, 4.929339e-10, 3.616739e+01, -3.523291e-03
3.802400e+09, 4.871279e-02, 9.570557e-01, -3.085227e+00, 1.058906e+00, -9.939521e-10, 4.930971e-10, 3.628965e+01, -5.501591e-03
3.806200e+09, 4.712417e-02, 9.571830e-01, -3.061495e+00, 1.047133e+00, -1.095908e-09, 4.932566e-10, 3.641080e+01, -7.557653e-03
3.810000e+09, 4.558942e-02, 9.573056e-01, -3.035329e+00, 1.035356e+00, -1.204517e-09, 4.934124e-10, 3.653077e+01, -9.690625e-03
3.813800e+09, 4.411539e-02, 9.574234e-01, -3.006570e+00, 1.023575e+00, -1.319402e-09, 4.935644e-10, 3.664947e+01, -1.189961e-02
3.817600e+09, 4.270953e-02, 9.575364e-01, -2.975067e+00, 1.011790e+00, -1.439834e-09, 4.937125e-10, 3.676684e+01, -1.418369e-02
3.821400e+09, 4.137996e-02, 9.576443e-01, -2.940690e+00, 1.000002e+00, -1.564645e-09, 4.938566e-10, 3.688279e+01, -1.654190e-02
3.825200e+09, 4.013542e-02, 9.577473e-01, -2.903332e+00, 9.882111e-01, -1.692135e-09, 4.939965e-10, 3.699725e+01, -1.897321e-02
3.829000e+09, 3.898517e-02, 9.578451e-01, -2.862931e+00, 9.764164e-01, -1.820007e-09, 4.941323e-10, 3.711015e+01, -2.147661e-02
3.832800e+09, 3.793887e-02, 9.579377e-01, -2.819476e+00, 9.646184e-01, -1.945325e-09, 4.942638e-10, 3.722139e+01, -2.405099e-02
3.836600e+09, 3.700641e-02, 9.580250e-01, -2.773029e+00, 9.528174e-01, -2.064554e-09, 4.943909e-10, 3.733091e+01, -2.669524e-02
3.840400e+09, 3.619758e-02, 9.581069e-01, -2.723736e+00, 9.410132e-01, -2.173673e-09, 4.945136e-10, 3.743864e+01, -2.940821e-02
3.844200e+09, 3.552179e-02, 9.581834e-01, -2.671837e+00, 9.292062e-01, -2.268406e-09, 4.946317e-10, 3.754449e+01, -3.218870e-02
3.848000e+09, 3.498767e-02, 9.582543e-01, -2.617676e+00, 9.173963e-01, -2.344553e-09, 4.947452e-10, 3.764839e+01, -3.503548e-02
3.851800e+09, 3.460261e-02, 9.583196e-01, -2.561697e+00, 9.055837e-01, -2.398390e-09, 4.948540e-10, 3.775027e+01, -3.794728e-02
3.855600e+09, 3.437239e-02, 9.583792e-01, -2.504433e+00, 8.937685e-01, -2.427095e-09, 4.949580e-10, 3.785005e+01, -4.092280e-02
3.859400e+09, 3.430085e-02, 9.584331e-01, -2.446484e+00, 8.819508e-01, -2.429091e-09, 4.950572e-10, 3.794766e+01, -4.396069e-02
3.863200e+09, 3.438959e-02, 9.584811e-01, -2.388486e+00, 8.701308e-01, -2.404265e-09, 4.951513e-10, 3.804302e+01, -4.705957e-02
3.867000e+09, 3.463792e-02, 9.585232e-01, -2.331082e+00, 8.583085e-01, -2.353974e-09, 4.952405e-10, 3.813607e+01, -5.021804e-02
3.870800e+09, 3.504293e-02, 9.585594e-01, -2.274878e+00, 8.464841e-01, -2.280873e-09, 4.953245e-10, 3.822673e+01, -5.343464e-02
3.874600e+09, 3.559964e-02, 9.585896e-01, -2.220420e+00, 8.346577e-01, -2.188572e-09, 4.954034e-10, 3.831494e+01, -5.670790e-02
3.878400e+09, 3.630139e-02, 9.586136e-01, -2.168165e+00, 8.228294e-01, -2.081226e-09, 4.954769e-10, 3.840063e+01, -6.003629e-02
3.882200e+09, 3.714018e-02, 9.586315e-01, -2.118474e+00, 8.109993e-01, -1.963123e-09, 4.955452e-10, 3.848372e+01, -6.341827e-02
3.886000e+09, 3.810710e-02, 9.586432e-01, -2.071602e+00, 7.991676e-01, -1.838341e-09, 4.956080e-10, 3.856416e+01, -6.685226e-02
3.889800e+09, 3.919276e-02, 9.586487e-01, -2.027709e+00, 7.873345e-01, -1.710500e-09, 4.956654e-10, 3.864188e+01, -7.033663e-02
3.893600e+09, 4.038759e-02, 9.586478e-01, -1.986869e+00, 7.754999e-01, -1.582631e-09, 4.957172e-10, 3.871682e+01, -7.386975e-02
3.897400e+09, 4.168214e-02, 9.586406e-01, -1.949082e+00, 7.636641e-01, -1.457130e-09, 4.957634e-10, 3.878891e+01, -7.744994e-02
3.901200e+09, 4.306730e-02, 9.586269e-01, -1.914292e+00, 7.518272e-01, -1.335784e-09, 4.958040e-10, 3.885810e+01, -8.107549e-02
3.905000e+09, 4.453444e-02, 9.586068e-01, -1.882398e+00, 7.399893e-01, -1.219837e-09, 4.958388e-10, 3.892434e+01, -8.474467e-02
3.908800e+09, 4.607550e-02, 9.585803e-01, -1.853273e+00, 7.281506e-01, -1.110079e-09, 4.958678e-10, 3.898756e+01, -8.845572e-02
3.912600e+09, 4.768304e-02, 9.585472e-01, -1.826769e+00, 7.163112e-01, -1.006937e-09, 4.958909e-10, 3.904771e+01, -9.220685e-02
3.916400e+09, 4.935023e-02, 9.585075e-01, -1.802727e+00, 7.044713e-01, -9.105587e-10, 4.959081e-10, 3.910474e+01, -9.599624e-02
3.920200e+09, 5.107087e-02, 9.584612e-01, -1.780987e+00, 6.926309e-01, -8.208884e-10, 4.959193e-10, 3.915861e+01, -9.982206e-02
3.924000e+09, 5.283932e-02, 9.584083e-01, -1.761387e+00, 6.807903e-01, -7.377276e-10, 4.959245e-10, 3.920926e+01, -1.036824e-01
3.927800e+09, 5.465050e-02, 9.583487e-01, -1.743773e+00, 6.689496e-01, -6.607834e-10, 4.959237e-10, 3.925665e+01, -1.075755e-01
3.931600e+09, 5.649981e-02, 9.582824e-01, -1.727996e+00, 6.571088e-01, -5.897055e-10, 4.959167e-10, 3.930074e+01, -1.114993e-01
3.935400e+09, 5.838314e-02, 9.582095e-01, -1.713916e+00, 6.452683e-01, -5.241138e-10, 4.959035e-10, 3.934150e+01, -1.154520e-01
3.939200e+09, 6.029675e-02, 9.581298e-01, -1.701403e+00, 6.334280e-01, -4.636182e-10, 4.958840e-10, 3.937888e+01, -1.194316e-01
3.943000e+09, 6.223728e-02, 9.580433e-01, -1.690333e+00, 6.215883e-01, -4.078320e-10, 4.958583e-10, 3.941284e+01, -1.234361e-01
3.946800e+09, 6.420170e-02, 9.579501e-01, -1.680596e+00, 6.097491e-01, -3.563815e-10, 4.958263e-10, 3.944337e+01, -1.274636e-01
3.950600e+09, 6.618727e-02, 9.578501e-01, -1.672087e+00, 5.979107e-01, -3.089116e-10, 4.957880e-10, 3.947043e+01, -1.315121e-01
3.954400e+09, 6.819150e-02, 9.577434e-01, -1.664711e+00, 5.860732e-01, -2.650890e-10, 4.957432e-10, 3.949399e+01, -1.355795e-01
3.958200e+09, 7.021216e-02, 9.576298e-01, -1.658382e+00, 5.742368e-01, -2.246038e-10, 4.956920e-10, 3.951403e+01, -1.396638e-01
3.962000e+09, 7.224717e-02, 9.575095e-01, -1.653019e+00, 5.624016e-01, -1.871702e-10, 4.956344e-10, 3.953053e+01, -1.437631e-01
3.965800e+09, 7.429468e-02, 9.573824e-01, -1.648550e+00, 5.505678e-01, -1.525257e-10, 4.955702e-10, 3.954347e+01, -1.478753e-01
3.969600e+09, 7.635296e-02, 9.572485e-01, -1.644908e+00, 5.387355e-01, -1.204301e-10, 4.954996e-10, 3.955284e+01, -1.519983e-01
3.973400e+09, 7.842047e-02, 9.571079e-01, -1.642033e+00, 5.269049e-01, -9.066435e-11, 4.954224e-10, 3.955863e+01, -1.561301e-01
3.977200e+09, 8.049574e-02, 9.569605e-01, -1.639868e+00, 5.150762e-01, -6.302928e-11, 4.953386e-10, 3.956083e+01, -1.602686e-01
3.981000e+09, 8.257744e-02, 9.568064e-01, -1.638363e+00, 5.032494e-01, -3.734377e-11, 4.952483e-10, 3.955942e+01, -1.644118e-01
3.984800e+09, 8.466435e-02, 9.566455e-01, -1.637472e+00, 4.914248e-01, -1.344338e-11, 4.951513e-10, 3.955442e+01, -1.685576e-01
3.988600e+09, 8.675532e-02, 9.564780e-01, -1.637151e+00, 4.796025e-01, 8.821060e-12, 4.950477e-10, 3.954583e+01, -1.727039e-01
3.992400e+09, 8.884928e-02, 9.563037e-01, -1.637361e+00, 4.677827e-01, 2.958490e-11, 4.949375e-10, 3.953363e+01, -1.768488e-01
3.996200e+09, 9.094525e-02, 9.561229e-01, -1.638068e+00, 4.559655e-01, 4.897093e-11, 4.948207e-10, 3.951784e+01, -1.809901e-01
4.000000e+09, 9.304228e-02, 9.559354e-01, -1.639237e+00, 4.441511e-01, 4.897093e-11, 4.948207e-10, 3.949848e+01, -1.851258e-01
