Frequency [Hz], |S00| [-], |S10| [-], Arg(S00) [-], Arg(S10) [-], Delay 0>0 [s], Delay 0>1 [s], |Z0| [Ohm] , Arg(Z0) [-]
2.000000e+08, 7.761281e-02, 9.433966e-01, 4.612709e-01, -5.994085e-01, 2.090938e-11, 4.751415e-10, 5.745964e+01, 6.939591e-02
2.038000e+08, 7.871640e-02, 9.435334e-01, 4.607716e-01, -6.107530e-01, 3.409030e-11, 4.754091e-10, 5.757550e+01, 7.032113e-02
2.076000e+08, 7.981621e-02, 9.436688e-01, 4.599577e-01, -6.221039e-01, 4.657389e-11, 4.756668e-10, 5.769258e+01, 7.119625e-02
2.114000e+08, 8.091191e-02, 9.438027e-01, 4.588457e-01, -6.334610e-01, 5.840453e-11, 4.759150e-10, 5.781081e+01, 7.202149e-02
2.152000e+08, 8.200321e-02, 9.439350e-01, 4.574512e-01, -6.448240e-01, 6.962326e-11, 4.761538e-10, 5.793015e+01, 7.279706e-02
2.190000e+08, 8.308982e-02, 9.440655e-01, 4.557889e-01, -6.561927e-01, 8.026806e-11, 4.763835e-10, 5.805056e+01, 7.352317e-02
2.228000e+08, 8.417149e-02, 9.441941e-01, 4.538724e-01, -6.675669e-01, 9.037416e-11, 4.766042e-10, 5.817198e+01, 7.420003e-02
2.266000e+08, 8.524796e-02, 9.443206e-01, 4.517146e-01, -6.789463e-01, 9.997420e-11, 4.768162e-10, 5.829436e+01, 7.482781e-02
2.304000e+08, 8.631900e-02, 9.444450e-01, 4.493276e-01, -6.903308e-01, 1.090985e-10, 4.770197e-10, 5.841767e+01, 7.540671e-02
2.342000e+08, 8.738437e-02, 9.445672e-01, 4.467228e-01, -7.017202e-01, 1.177753e-10, 4.772146e-10, 5.854184e+01, 7.593691e-02
2.380000e+08, 8.844387e-02, 9.446869e-01, 4.439108e-01, -7.131142e-01, 1.260307e-10, 4.774013e-10, 5.866683e+01, 7.641860e-02
2.418000e+08, 8.949728e-02, 9.448042e-01, 4.409016e-01, -7.245127e-01, 1.338892e-10, 4.775798e-10, 5.879259e+01, 7.685196e-02
2.456000e+08, 9.054443e-02, 9.449189e-01, 4.377049e-01, -7.359155e-01, 1.413736e-10, 4.777502e-10, 5.891907e+01, 7.723717e-02
2.494000e+08, 9.158511e-02, 9.450309e-01, 4.343294e-01, -7.473223e-01, 1.485050e-10, 4.779127e-10, 5.904621e+01, 7.757444e-02
2.532000e+08, 9.261917e-02, 9.451402e-01, 4.307837e-01, -7.587330e-01, 1.553032e-10, 4.780673e-10, 5.917397e+01, 7.786394e-02
2.570000e+08, 9.364642e-02, 9.452466e-01, 4.270757e-01, -7.701474e-01, 1.617867e-10, 4.782141e-10, 5.930230e+01, 7.810588e-02
2.608000e+08, 9.466671e-02, 9.453501e-01, 4.232128e-01, -7.815652e-01, 1.679730e-10, 4.783534e-10, 5.943115e+01, 7.830045e-02
2.646000e+08, 9.567989e-02, 9.454506e-01, 4.192023e-01, -7.929865e-01, 1.738780e-10, 4.784850e-10, 5.956046e+01, 7.844786e-02
2.684000e+08, 9.668580e-02, 9.455480e-01, 4.150508e-01, -8.044108e-01, 1.795171e-10, 4.786092e-10, 5.969019e+01, 7.854832e-02
2.722000e+08, 9.768432e-02, 9.456423e-01, 4.107646e-01, -8.158381e-01, 1.849045e-10, 4.787260e-10, 5.982028e+01, 7.860205e-02
2.760000e+08, 9.867531e-02, 9.457334e-01, 4.063498e-01, -8.272683e-01, 1.900533e-10, 4.788356e-10, 5.995068e+01, 7.860927e-02
2.798000e+08, 9.965864e-02, 9.458212e-01, 4.018121e-01, -8.387010e-01, 1.949763e-10, 4.789379e-10, 6.008135e+01, 7.857022e-02
2.836000e+08, 1.006342e-01, 9.459058e-01, 3.971568e-01, -8.501362e-01, 1.996851e-10, 4.790332e-10, 6.021223e+01, 7.848512e-02
2.874000e+08, 1.016018e-01, 9.459870e-01, 3.923891e-01, -8.615736e-01, 2.041908e-10, 4.791214e-10, 6.034326e+01, 7.835423e-02
2.912000e+08, 1.025615e-01, 9.460648e-01, 3.875138e-01, -8.730132e-01, 2.085038e-10, 4.792028e-10, 6.047440e+01, 7.817779e-02
2.950000e+08, 1.035130e-01, 9.461392e-01, 3.825355e-01, -8.844546e-01, 2.126339e-10, 4.792773e-10, 6.060560e+01, 7.795607e-02
2.988000e+08, 1.044562e-01, 9.462102e-01, 3.774587e-01, -8.958979e-01, 2.165903e-10, 4.793451e-10, 6.073681e+01, 7.768933e-02
3.026000e+08, 1.053912e-01, 9.462777e-01, 3.722873e-01, -9.073428e-01, 2.203817e-10, 4.794063e-10, 6.086796e+01, 7.737784e-02
3.064000e+08, 1.063177e-01, 9.463417e-01, 3.670255e-01, -9.187892e-01, 2.240163e-10, 4.794609e-10, 6.099902e+01, 7.702190e-02
3.102000e+08, 1.072357e-01, 9.464022e-01, 3.616769e-01, -9.302368e-01, 2.275017e-10, 4.795092e-10, 6.112993e+01, 7.662179e-02
3.140000e+08, 1.081451e-01, 9.464592e-01, 3.562450e-01, -9.416856e-01, 2.308454e-10, 4.795511e-10, 6.126064e+01, 7.617781e-02
3.178000e+08, 1.090459e-01, 9.465126e-01, 3.507333e-01, -9.531355e-01, 2.340543e-10, 4.795868e-10, 6.139110e+01, 7.569027e-02
3.216000e+08, 1.099378e-01, 9.465625e-01, 3.451450e-01, -9.645861e-01, 2.371347e-10, 4.796164e-10, 6.152125e+01, 7.515949e-02
3.254000e+08, 1.108209e-01, 9.466089e-01, 3.394831e-01, -9.760375e-01, 2.400930e-10, 4.796399e-10, 6.165105e+01, 7.458578e-02
3.292000e+08, 1.116951e-01, 9.466517e-01, 3.337507e-01, -9.874894e-01, 2.429349e-10, 4.796576e-10, 6.178044e+01, 7.396948e-02
3.330000e+08, 1.125603e-01, 9.466911e-01, 3.279503e-01, -9.989418e-01, 2.456660e-10, 4.796695e-10, 6.190937e+01, 7.331093e-02
3.368000e+08, 1.134163e-01, 9.467269e-01, 3.220848e-01, -1.010394e+00, 2.482914e-10, 4.796757e-10, 6.203780e+01, 7.261049e-02
3.406000e+08, 1.142633e-01, 9.467592e-01, 3.161565e-01, -1.021847e+00, 2.508162e-10, 4.796764e-10, 6.216567e+01, 7.186850e-02
3.444000e+08, 1.151010e-01, 9.467880e-01, 3.101680e-01, -1.033300e+00, 2.532451e-10, 4.796716e-10, 6.229292e+01, 7.108533e-02
3.482000e+08, 1.159295e-01, 9.468134e-01, 3.041215e-01, -1.044753e+00, 2.555825e-10, 4.796615e-10, 6.241952e+01, 7.026136e-02
3.520000e+08, 1.167486e-01, 9.468353e-01, 2.980192e-01, -1.056205e+00, 2.578325e-10, 4.796462e-10, 6.254540e+01, 6.939697e-02
3.558000e+08, 1.175584e-01, 9.468539e-01, 2.918632e-01, -1.067657e+00, 2.599994e-10, 4.796258e-10, 6.267052e+01, 6.849254e-02
3.596000e+08, 1.183586e-01, 9.468690e-01, 2.856554e-01, -1.079109e+00, 2.620868e-10, 4.796004e-10, 6.279483e+01, 6.754848e-02
3.634000e+08, 1.191494e-01, 9.468809e-01, 2.793978e-01, -1.090560e+00, 2.640983e-10, 4.795702e-10, 6.291828e+01, 6.656519e-02
3.672000e+08, 1.199306e-01, 9.468894e-01, 2.730922e-01, -1.102010e+00, 2.660375e-10, 4.795353e-10, 6.304082e+01, 6.554309e-02
3.710000e+08, 1.207022e-01, 9.468947e-01, 2.667402e-01, -1.113460e+00, 2.679076e-10, 4.794958e-10, 6.316240e+01, 6.448260e-02
3.748000e+08, 1.214641e-01, 9.468968e-01, 2.603436e-01, -1.124908e+00, 2.697116e-10, 4.794518e-10, 6.328296e+01, 6.338415e-02
3.786000e+08, 1.222163e-01, 9.468957e-01, 2.539040e-01, -1.136355e+00, 2.714526e-10, 4.794035e-10, 6.340247e+01, 6.224817e-02
3.824000e+08, 1.229587e-01, 9.468915e-01, 2.474227e-01, -1.147802e+00, 2.731334e-10, 4.793510e-10, 6.352086e+01, 6.107512e-02
3.862000e+08, 1.236913e-01, 9.468843e-01, 2.409014e-01, -1.159247e+00, 2.747566e-10, 4.792945e-10, 6.363810e+01, 5.986544e-02
3.900000e+08, 1.244140e-01, 9.468740e-01, 2.343413e-01, -1.170690e+00, 2.763247e-10, 4.792339e-10, 6.375413e+01, 5.861961e-02
3.938000e+08, 1.251269e-01, 9.468608e-01, 2.277437e-01, -1.182133e+00, 2.778403e-10, 4.791696e-10, 6.386891e+01, 5.733809e-02
3.976000e+08, 1.258297e-01, 9.468447e-01, 2.211099e-01, -1.193573e+00, 2.793056e-10, 4.791016e-10, 6.398239e+01, 5.602136e-02
4.014000e+08, 1.265226e-01, 9.468258e-01, 2.144412e-01, -1.205012e+00, 2.807227e-10, 4.790300e-10, 6.409452e+01, 5.466990e-02
4.052000e+08, 1.272055e-01, 9.468042e-01, 2.077387e-01, -1.216450e+00, 2.820939e-10, 4.789550e-10, 6.420526e+01, 5.328422e-02
4.090000e+08, 1.278783e-01, 9.467798e-01, 2.010034e-01, -1.227885e+00, 2.834211e-10, 4.788766e-10, 6.431455e+01, 5.186480e-02
4.128000e+08, 1.285410e-01, 9.467528e-01, 1.942364e-01, -1.239319e+00, 2.847062e-10, 4.787952e-10, 6.442236e+01, 5.041216e-02
4.166000e+08, 1.291935e-01, 9.467232e-01, 1.874387e-01, -1.250751e+00, 2.859510e-10, 4.787107e-10, 6.452863e+01, 4.892682e-02
4.204000e+08, 1.298358e-01, 9.466911e-01, 1.806113e-01, -1.262181e+00, 2.871573e-10, 4.786232e-10, 6.463333e+01, 4.740930e-02
4.242000e+08, 1.304679e-01, 9.466566e-01, 1.737551e-01, -1.273608e+00, 2.883266e-10, 4.785331e-10, 6.473640e+01, 4.586014e-02
4.280000e+08, 1.310898e-01, 9.466198e-01, 1.668710e-01, -1.285034e+00, 2.894606e-10, 4.784402e-10, 6.483780e+01, 4.427986e-02
4.318000e+08, 1.317014e-01, 9.465807e-01, 1.599598e-01, -1.296457e+00, 2.905607e-10, 4.783449e-10, 6.493749e+01, 4.266903e-02
4.356000e+08, 1.323026e-01, 9.465394e-01, 1.530223e-01, -1.307878e+00, 2.916285e-10, 4.782472e-10, 6.503542e+01, 4.102819e-02
4.394000e+08, 1.328935e-01, 9.464959e-01, 1.460594e-01, -1.319297e+00, 2.926651e-10, 4.781472e-10, 6.513156e+01, 3.935790e-02
4.432000e+08, 1.334740e-01, 9.464504e-01, 1.390717e-01, -1.330713e+00, 2.936720e-10, 4.780450e-10, 6.522586e+01, 3.765874e-02
4.470000e+08, 1.340440e-01, 9.464030e-01, 1.320599e-01, -1.342127e+00, 2.946504e-10, 4.779409e-10, 6.531827e+01, 3.593128e-02
4.508000e+08, 1.346036e-01, 9.463537e-01, 1.250248e-01, -1.353538e+00, 2.956014e-10, 4.778349e-10, 6.540877e+01, 3.417611e-02
4.546000e+08, 1.351528e-01, 9.463025e-01, 1.179670e-01, -1.364947e+00, 2.965262e-10, 4.777272e-10, 6.549730e+01, 3.239381e-02
4.584000e+08, 1.356914e-01, 9.462497e-01, 1.108871e-01, -1.376353e+00, 2.974259e-10, 4.776178e-10, 6.558382e+01, 3.058499e-02
4.622000e+08, 1.362194e-01, 9.461951e-01, 1.037857e-01, -1.387757e+00, 2.983014e-10, 4.775069e-10, 6.566831e+01, 2.875024e-02
4.660000e+08, 1.367369e-01, 9.461391e-01, 9.666347e-02, -1.399158e+00, 2.991538e-10, 4.773946e-10, 6.575071e+01, 2.689019e-02
4.698000e+08, 1.372438e-01, 9.460815e-01, 8.952085e-02, -1.410556e+00, 2.999839e-10, 4.772811e-10, 6.583100e+01, 2.500544e-02
4.736000e+08, 1.377401e-01, 9.460226e-01, 8.235840e-02, -1.421952e+00, 3.007928e-10, 4.771664e-10, 6.590913e+01, 2.309663e-02
4.774000e+08, 1.382257e-01, 9.459623e-01, 7.517664e-02, -1.433345e+00, 3.015811e-10, 4.770507e-10, 6.598508e+01, 2.116438e-02
4.812000e+08, 1.387006e-01, 9.459008e-01, 6.797606e-02, -1.444735e+00, 3.023497e-10, 4.769340e-10, 6.605879e+01, 1.920935e-02
4.850000e+08, 1.391648e-01, 9.458382e-01, 6.075713e-02, -1.456122e+00, 3.030993e-10, 4.768166e-10, 6.613025e+01, 1.723216e-02
4.888000e+08, 1.396183e-01, 9.457745e-01, 5.352030e-02, -1.467507e+00, 3.038308e-10, 4.766985e-10, 6.619941e+01, 1.523348e-02
4.926000e+08, 1.400610e-01, 9.457098e-01, 4.626600e-02, -1.478889e+00, 3.045447e-10, 4.765798e-10, 6.626624e+01, 1.321396e-02
4.964000e+08, 1.404929e-01, 9.456442e-01, 3.899466e-02, -1.490267e+00, 3.052418e-10, 4.764607e-10, 6.633071e+01, 1.117427e-02
5.002000e+08, 1.409140e-01, 9.455778e-01, 3.170667e-02, -1.501643e+00, 3.059227e-10, 4.763412e-10, 6.639280e+01, 9.115080e-03
5.040000e+08, 1.413243e-01, 9.455107e-01, 2.440243e-02, -1.513017e+00, 3.065879e-10, 4.762214e-10, 6.645246e+01, 7.037062e-03
5.078000e+08, 1.417237e-01, 9.454429e-01, 1.708231e-02, -1.524387e+00, 3.072380e-10, 4.761015e-10, 6.650967e+01, 4.940902e-03
5.116000e+08, 1.421122e-01, 9.453746e-01, 9.746662e-03, -1.535754e+00, 3.078736e-10, 4.759816e-10, 6.656441e+01, 2.827288e-03
5.154000e+08, 1.424898e-01, 9.453057e-01, 2.395839e-03, -1.547119e+00, 3.084952e-10, 4.758618e-10, 6.661664e+01, 6.969143e-04
5.192000e+08, 1.428565e-01, 9.452365e-01, -4.969825e-03, -1.558481e+00, 3.091032e-10, 4.757421e-10, 6.666633e+01, -1.449519e-03
5.230000e+08, 1.432123e-01, 9.451670e-01, -1.235001e-02, -1.569840e+00, 3.096982e-10, 4.756227e-10, 6.671347e+01, -3.611307e-03
5.268000e+08, 1.435570e-01, 9.450972e-01, -1.974439e-02, -1.581196e+00, 3.102805e-10, 4.755036e-10, 6.675803e+01, -5.787739e-03
5.306000e+08, 1.438908e-01, 9.450273e-01, -2.715268e-02, -1.592549e+00, 3.108506e-10, 4.753851e-10, 6.679999e+01, -7.978100e-03
5.344000e+08, 1.442136e-01, 9.449572e-01, -3.457458e-02, -1.603899e+00, 3.114088e-10, 4.752670e-10, 6.683932e+01, -1.018167e-02
5.382000e+08, 1.445253e-01, 9.448872e-01, -4.200981e-02, -1.615247e+00, 3.119555e-10, 4.751496e-10, 6.687600e+01, -1.239772e-02
5.420000e+08, 1.448259e-01, 9.448173e-01, -4.945810e-02, -1.626591e+00, 3.124911e-10, 4.750330e-10, 6.691001e+01, -1.462553e-02
5.458000e+08, 1.451155e-01, 9.447475e-01, -5.691917e-02, -1.637933e+00, 3.130159e-10, 4.749172e-10, 6.694134e+01, -1.686436e-02
5.496000e+08, 1.453939e-01, 9.446779e-01, -6.439277e-02, -1.649272e+00, 3.135302e-10, 4.748023e-10, 6.696996e+01, -1.911347e-02
5.534000e+08, 1.456613e-01, 9.446087e-01, -7.187865e-02, -1.660609e+00, 3.140343e-10, 4.746883e-10, 6.699586e+01, -2.137212e-02
5.572000e+08, 1.459175e-01, 9.445398e-01, -7.937656e-02, -1.671943e+00, 3.145284e-10, 4.745755e-10, 6.701903e+01, -2.363956e-02
5.610000e+08, 1.461625e-01, 9.444714e-01, -8.688628e-02, -1.683274e+00, 3.150129e-10, 4.744638e-10, 6.703945e+01, -2.591505e-02
5.648000e+08, 1.463964e-01, 9.444035e-01, -9.440756e-02, -1.694602e+00, 3.154879e-10, 4.743534e-10, 6.705711e+01, -2.819782e-02
5.686000e+08, 1.466190e-01, 9.443362e-01, -1.019402e-01, -1.705928e+00, 3.159537e-10, 4.742443e-10, 6.707199e+01, -3.048714e-02
5.724000e+08, 1.468305e-01, 9.442696e-01, -1.094839e-01, -1.717251e+00, 3.164104e-10, 4.741365e-10, 6.708409e+01, -3.278222e-02
5.762000e+08, 1.470307e-01, 9.442037e-01, -1.170386e-01, -1.728571e+00, 3.168584e-10, 4.740302e-10, 6.709339e+01, -3.508233e-02
5.800000e+08, 1.472196e-01, 9.441387e-01, -1.246039e-01, -1.739889e+00, 3.172977e-10, 4.739255e-10, 6.709990e+01, -3.738668e-02
5.838000e+08, 1.473973e-01, 9.440745e-01, -1.321797e-01, -1.751205e+00, 3.177285e-10, 4.738224e-10, 6.710360e+01, -3.969451e-02
5.876000e+08, 1.475637e-01, 9.440112e-01, -1.397659e-01, -1.762518e+00, 3.181509e-10, 4.737209e-10, 6.710448e+01, -4.200506e-02
5.914000e+08, 1.477188e-01, 9.439490e-01, -1.473621e-01, -1.773828e+00, 3.185652e-10, 4.736212e-10, 6.710255e+01, -4.431755e-02
5.952000e+08, 1.478626e-01, 9.438878e-01, -1.549682e-01, -1.785137e+00, 3.189714e-10, 4.735232e-10, 6.709780e+01, -4.663122e-02
5.990000e+08, 1.479951e-01, 9.438277e-01, -1.625840e-01, -1.796443e+00, 3.193696e-10, 4.734272e-10, 6.709023e+01, -4.894528e-02
6.028000e+08, 1.481162e-01, 9.437689e-01, -1.702093e-01, -1.807746e+00, 3.197600e-10, 4.733330e-10, 6.707984e+01, -5.125896e-02
6.066000e+08, 1.482259e-01, 9.437113e-01, -1.778439e-01, -1.819047e+00, 3.201426e-10, 4.732408e-10, 6.706663e+01, -5.357149e-02
6.104000e+08, 1.483243e-01, 9.436550e-01, -1.854876e-01, -1.830347e+00, 3.205175e-10, 4.731507e-10, 6.705060e+01, -5.588210e-02
6.142000e+08, 1.484112e-01, 9.436001e-01, -1.931404e-01, -1.841644e+00, 3.208848e-10, 4.730627e-10, 6.703176e+01, -5.819000e-02
6.180000e+08, 1.484868e-01, 9.435465e-01, -2.008018e-01, -1.852938e+00, 3.212445e-10, 4.729768e-10, 6.701011e+01, -6.049442e-02
6.218000e+08, 1.485509e-01, 9.434945e-01, -2.084719e-01, -1.864231e+00, 3.215968e-10, 4.728931e-10, 6.698566e+01, -6.279459e-02
6.256000e+08, 1.486036e-01, 9.434440e-01, -2.161504e-01, -1.875522e+00, 3.219415e-10, 4.728116e-10, 6.695841e+01, -6.508973e-02
6.294000e+08, 1.486449e-01, 9.433951e-01, -2.238371e-01, -1.886811e+00, 3.222788e-10, 4.727324e-10, 6.692838e+01, -6.737906e-02
6.332000e+08, 1.486747e-01, 9.433478e-01, -2.315318e-01, -1.898098e+00, 3.226086e-10, 4.726556e-10, 6.689558e+01, -6.966181e-02
6.370000e+08, 1.486930e-01, 9.433022e-01, -2.392345e-01, -1.909383e+00, 3.229310e-10, 4.725811e-10, 6.686001e+01, -7.193721e-02
6.408000e+08, 1.486999e-01, 9.432584e-01, -2.469448e-01, -1.920667e+00, 3.232460e-10, 4.725091e-10, 6.682170e+01, -7.420449e-02
6.446000e+08, 1.486953e-01, 9.432163e-01, -2.546627e-01, -1.931948e+00, 3.235536e-10, 4.724395e-10, 6.678065e+01, -7.646289e-02
6.484000e+08, 1.486792e-01, 9.431760e-01, -2.623879e-01, -1.943228e+00, 3.238537e-10, 4.723724e-10, 6.673688e+01, -7.871163e-02
6.522000e+08, 1.486516e-01, 9.431376e-01, -2.701202e-01, -1.954507e+00, 3.241463e-10, 4.723078e-10, 6.669040e+01, -8.094994e-02
6.560000e+08, 1.486124e-01, 9.431011e-01, -2.778596e-01, -1.965784e+00, 3.244314e-10, 4.722458e-10, 6.664125e+01, -8.317708e-02
6.598000e+08, 1.485618e-01, 9.430665e-01, -2.856057e-01, -1.977059e+00, 3.247089e-10, 4.721864e-10, 6.658942e+01, -8.539229e-02
6.636000e+08, 1.484996e-01, 9.430339e-01, -2.933585e-01, -1.988333e+00, 3.249789e-10, 4.721297e-10, 6.653495e+01, -8.759480e-02
6.674000e+08, 1.484258e-01, 9.430033e-01, -3.011178e-01, -1.999606e+00, 3.252411e-10, 4.720756e-10, 6.647786e+01, -8.978386e-02
6.712000e+08, 1.483406e-01, 9.429748e-01, -3.088833e-01, -2.010877e+00, 3.254956e-10, 4.720241e-10, 6.641817e+01, -9.195874e-02
6.750000e+08, 1.482438e-01, 9.429483e-01, -3.166548e-01, -2.022147e+00, 3.257422e-10, 4.719754e-10, 6.635590e+01, -9.411868e-02
6.788000e+08, 1.481354e-01, 9.429240e-01, -3.244323e-01, -2.033416e+00, 3.259810e-10, 4.719294e-10, 6.629108e+01, -9.626295e-02
6.826000e+08, 1.480155e-01, 9.429018e-01, -3.322154e-01, -2.044684e+00, 3.262117e-10, 4.718862e-10, 6.622373e+01, -9.839082e-02
6.864000e+08, 1.478840e-01, 9.428818e-01, -3.400041e-01, -2.055951e+00, 3.264343e-10, 4.718457e-10, 6.615389e+01, -1.005016e-01
6.902000e+08, 1.477409e-01, 9.428639e-01, -3.477981e-01, -2.067216e+00, 3.266487e-10, 4.718080e-10, 6.608157e+01, -1.025944e-01
6.940000e+08, 1.475863e-01, 9.428483e-01, -3.555972e-01, -2.078481e+00, 3.268548e-10, 4.717731e-10, 6.600682e+01, -1.046687e-01
6.978000e+08, 1.474201e-01, 9.428350e-01, -3.634012e-01, -2.089745e+00, 3.270524e-10, 4.717411e-10, 6.592966e+01, -1.067237e-01
7.016000e+08, 1.472423e-01, 9.428239e-01, -3.712099e-01, -2.101009e+00, 3.272414e-10, 4.717119e-10, 6.585012e+01, -1.087587e-01
7.054000e+08, 1.470530e-01, 9.428151e-01, -3.790232e-01, -2.112271e+00, 3.274216e-10, 4.716855e-10, 6.576824e+01, -1.107730e-01
7.092000e+08, 1.468521e-01, 9.428087e-01, -3.868407e-01, -2.123533e+00, 3.275929e-10, 4.716620e-10, 6.568405e+01, -1.127660e-01
7.130000e+08, 1.466397e-01, 9.428045e-01, -3.946624e-01, -2.134795e+00, 3.277552e-10, 4.716413e-10, 6.559758e+01, -1.147368e-01
7.168000e+08, 1.464156e-01, 9.428027e-01, -4.024879e-01, -2.146056e+00, 3.279082e-10, 4.716236e-10, 6.550888e+01, -1.166849e-01
7.206000e+08, 1.461800e-01, 9.428033e-01, -4.103171e-01, -2.157316e+00, 3.280518e-10, 4.716087e-10, 6.541797e+01, -1.186096e-01
7.244000e+08, 1.459329e-01, 9.428062e-01, -4.181497e-01, -2.168577e+00, 3.281858e-10, 4.715966e-10, 6.532489e+01, -1.205101e-01
7.282000e+08, 1.456741e-01, 9.428116e-01, -4.259855e-01, -2.179836e+00, 3.283100e-10, 4.715875e-10, 6.522969e+01, -1.223859e-01
7.320000e+08, 1.454039e-01, 9.428193e-01, -4.338242e-01, -2.191096e+00, 3.284241e-10, 4.715812e-10, 6.513239e+01, -1.242363e-01
7.358000e+08, 1.451221e-01, 9.428294e-01, -4.416657e-01, -2.202356e+00, 3.285281e-10, 4.715779e-10, 6.503305e+01, -1.260607e-01
7.396000e+08, 1.448287e-01, 9.428419e-01, -4.495097e-01, -2.213615e+00, 3.286215e-10, 4.715774e-10, 6.493171e+01, -1.278584e-01
7.434000e+08, 1.445238e-01, 9.428569e-01, -4.573559e-01, -2.224875e+00, 3.287043e-10, 4.715797e-10, 6.482839e+01, -1.296287e-01
7.472000e+08, 1.442074e-01, 9.428742e-01, -4.652041e-01, -2.236134e+00, 3.287761e-10, 4.715849e-10, 6.472315e+01, -1.313712e-01
7.510000e+08, 1.438795e-01, 9.428940e-01, -4.730540e-01, -2.247394e+00, 3.288368e-10, 4.715930e-10, 6.461604e+01, -1.330851e-01
7.548000e+08, 1.435401e-01, 9.429162e-01, -4.809053e-01, -2.258653e+00, 3.288859e-10, 4.716040e-10, 6.450708e+01, -1.347699e-01
7.586000e+08, 1.431892e-01, 9.429408e-01, -4.887578e-01, -2.269914e+00, 3.289233e-10, 4.716177e-10, 6.439633e+01, -1.364250e-01
7.624000e+08, 1.428268e-01, 9.429678e-01, -4.966112e-01, -2.281174e+00, 3.289486e-10, 4.716343e-10, 6.428383e+01, -1.380498e-01
7.662000e+08, 1.424529e-01, 9.429972e-01, -5.044652e-01, -2.292435e+00, 3.289616e-10, 4.716537e-10, 6.416963e+01, -1.396437e-01
7.700000e+08, 1.420676e-01, 9.430290e-01, -5.123196e-01, -2.303696e+00, 3.289619e-10, 4.716759e-10, 6.405378e+01, -1.412062e-01
7.738000e+08, 1.416708e-01, 9.430633e-01, -5.201739e-01, -2.314958e+00, 3.289492e-10, 4.717009e-10, 6.393631e+01, -1.427367e-01
7.776000e+08, 1.412626e-01, 9.430999e-01, -5.280279e-01, -2.326220e+00, 3.289232e-10, 4.717286e-10, 6.381728e+01, -1.442347e-01
7.814000e+08, 1.408430e-01, 9.431389e-01, -5.358813e-01, -2.337483e+00, 3.288834e-10, 4.717591e-10, 6.369674e+01, -1.456996e-01
7.852000e+08, 1.404121e-01, 9.431802e-01, -5.437338e-01, -2.348747e+00, 3.288296e-10, 4.717922e-10, 6.357472e+01, -1.471310e-01
7.890000e+08, 1.399697e-01, 9.432239e-01, -5.515849e-01, -2.360011e+00, 3.287612e-10, 4.718281e-10, 6.345129e+01, -1.485284e-01
7.928000e+08, 1.395160e-01, 9.432700e-01, -5.594345e-01, -2.371277e+00, 3.286780e-10, 4.718667e-10, 6.332649e+01, -1.498911e-01
7.966000e+08, 1.390509e-01, 9.433184e-01, -5.672820e-01, -2.382543e+00, 3.285795e-10, 4.719078e-10, 6.320036e+01, -1.512188e-01
8.004000e+08, 1.385746e-01, 9.433690e-01, -5.751272e-01, -2.393811e+00, 3.284653e-10, 4.719517e-10, 6.307297e+01, -1.525110e-01
8.042000e+08, 1.380869e-01, 9.434220e-01, -5.829697e-01, -2.405079e+00, 3.283349e-10, 4.719981e-10, 6.294435e+01, -1.537671e-01
8.080000e+08, 1.375880e-01, 9.434772e-01, -5.908090e-01, -2.416348e+00, 3.281878e-10, 4.720470e-10, 6.281455e+01, -1.549869e-01
8.118000e+08, 1.370779e-01, 9.435347e-01, -5.986449e-01, -2.427619e+00, 3.280236e-10, 4.720985e-10, 6.268364e+01, -1.561697e-01
8.156000e+08, 1.365565e-01, 9.435944e-01, -6.064768e-01, -2.438891e+00, 3.278417e-10, 4.721525e-10, 6.255165e+01, -1.573152e-01
8.194000e+08, 1.360240e-01, 9.436563e-01, -6.143044e-01, -2.450164e+00, 3.276416e-10, 4.722089e-10, 6.241865e+01, -1.584230e-01
8.232000e+08, 1.354803e-01, 9.437204e-01, -6.221272e-01, -2.461439e+00, 3.274227e-10, 4.722678e-10, 6.228467e+01, -1.594926e-01
8.270000e+08, 1.349254e-01, 9.437866e-01, -6.299448e-01, -2.472715e+00, 3.271845e-10, 4.723291e-10, 6.214977e+01, -1.605237e-01
8.308000e+08, 1.343595e-01, 9.438549e-01, -6.377567e-01, -2.483992e+00, 3.269264e-10, 4.723927e-10, 6.201401e+01, -1.615159e-01
8.346000e+08, 1.337825e-01, 9.439253e-01, -6.455624e-01, -2.495271e+00, 3.266477e-10, 4.724587e-10, 6.187742e+01, -1.624688e-01
8.384000e+08, 1.331945e-01, 9.439978e-01, -6.533615e-01, -2.506551e+00, 3.263478e-10, 4.725269e-10, 6.174008e+01, -1.633821e-01
8.422000e+08, 1.325954e-01, 9.440723e-01, -6.611534e-01, -2.517833e+00, 3.260260e-10, 4.725974e-10, 6.160201e+01, -1.642553e-01
8.460000e+08, 1.319854e-01, 9.441488e-01, -6.689376e-01, -2.529117e+00, 3.256816e-10, 4.726701e-10, 6.146329e+01, -1.650883e-01
8.498000e+08, 1.313645e-01, 9.442273e-01, -6.767136e-01, -2.540403e+00, 3.253139e-10, 4.727449e-10, 6.132395e+01, -1.658806e-01
8.536000e+08, 1.307327e-01, 9.443076e-01, -6.844809e-01, -2.551690e+00, 3.249220e-10, 4.728218e-10, 6.118405e+01, -1.666319e-01
8.574000e+08, 1.300900e-01, 9.443899e-01, -6.922387e-01, -2.562979e+00, 3.245053e-10, 4.729008e-10, 6.104365e+01, -1.673421e-01
8.612000e+08, 1.294365e-01, 9.444740e-01, -6.999867e-01, -2.574270e+00, 3.240628e-10, 4.729819e-10, 6.090278e+01, -1.680106e-01
8.650000e+08, 1.287723e-01, 9.445600e-01, -7.077240e-01, -2.585563e+00, 3.235937e-10, 4.730649e-10, 6.076151e+01, -1.686375e-01
8.688000e+08, 1.280973e-01, 9.446477e-01, -7.154502e-01, -2.596858e+00, 3.230970e-10, 4.731498e-10, 6.061988e+01, -1.692222e-01
8.726000e+08, 1.274116e-01, 9.447371e-01, -7.231645e-01, -2.608155e+00, 3.225719e-10, 4.732366e-10, 6.047795e+01, -1.697647e-01
8.764000e+08, 1.267153e-01, 9.448283e-01, -7.308662e-01, -2.619454e+00, 3.220173e-10, 4.733252e-10, 6.033577e+01, -1.702647e-01
8.802000e+08, 1.260084e-01, 9.449210e-01, -7.385547e-01, -2.630755e+00, 3.214321e-10, 4.734157e-10, 6.019338e+01, -1.707219e-01
8.840000e+08, 1.252909e-01, 9.450154e-01, -7.462293e-01, -2.642059e+00, 3.208154e-10, 4.735078e-10, 6.005084e+01, -1.711362e-01
8.878000e+08, 1.245630e-01, 9.451114e-01, -7.538891e-01, -2.653364e+00, 3.201659e-10, 4.736016e-10, 5.990819e+01, -1.715074e-01
8.916000e+08, 1.238246e-01, 9.452089e-01, -7.615334e-01, -2.664672e+00, 3.194824e-10, 4.736971e-10, 5.976550e+01, -1.718354e-01
8.954000e+08, 1.230759e-01, 9.453078e-01, -7.691614e-01, -2.675982e+00, 3.187638e-10, 4.737941e-10, 5.962280e+01, -1.721198e-01
8.992000e+08, 1.223168e-01, 9.454082e-01, -7.767723e-01, -2.687294e+00, 3.180087e-10, 4.738926e-10, 5.948015e+01, -1.723607e-01
9.030000e+08, 1.215474e-01, 9.455099e-01, -7.843651e-01, -2.698609e+00, 3.172158e-10, 4.739926e-10, 5.933760e+01, -1.725578e-01
9.068000e+08, 1.207678e-01, 9.456130e-01, -7.919389e-01, -2.709926e+00, 3.163836e-10, 4.740939e-10, 5.919519e+01, -1.727112e-01
9.106000e+08, 1.199780e-01, 9.457173e-01, -7.994930e-01, -2.721246e+00, 3.155106e-10, 4.741967e-10, 5.905298e+01, -1.728205e-01
9.144000e+08, 1.191781e-01, 9.458229e-01, -8.070261e-01, -2.732568e+00, 3.145953e-10, 4.743007e-10, 5.891101e+01, -1.728858e-01
9.182000e+08, 1.183682e-01, 9.459297e-01, -8.145374e-01, -2.743892e+00, 3.136360e-10, 4.744059e-10, 5.876933e+01, -1.729071e-01
9.220000e+08, 1.175483e-01, 9.460375e-01, -8.220258e-01, -2.755219e+00, 3.126310e-10, 4.745124e-10, 5.862800e+01, -1.728841e-01
9.258000e+08, 1.167185e-01, 9.461465e-01, -8.294902e-01, -2.766548e+00, 3.115784e-10, 4.746199e-10, 5.848705e+01, -1.728169e-01
9.296000e+08, 1.158788e-01, 9.462565e-01, -8.369295e-01, -2.777881e+00, 3.104765e-10, 4.747285e-10, 5.834653e+01, -1.727055e-01
9.334000e+08, 1.150294e-01, 9.463674e-01, -8.443425e-01, -2.789215e+00, 3.093230e-10, 4.748381e-10, 5.820650e+01, -1.725499e-01
9.372000e+08, 1.141703e-01, 9.464793e-01, -8.517279e-01, -2.800552e+00, 3.081161e-10, 4.749486e-10, 5.806700e+01, -1.723499e-01
9.410000e+08, 1.133015e-01, 9.465921e-01, -8.590845e-01, -2.811892e+00, 3.068534e-10, 4.750600e-10, 5.792808e+01, -1.721057e-01
9.448000e+08, 1.124231e-01, 9.467056e-01, -8.664110e-01, -2.823235e+00, 3.055325e-10, 4.751722e-10, 5.778977e+01, -1.718173e-01
9.486000e+08, 1.115353e-01, 9.468199e-01, -8.737059e-01, -2.834580e+00, 3.041512e-10, 4.752852e-10, 5.765213e+01, -1.714847e-01
9.524000e+08, 1.106381e-01, 9.469349e-01, -8.809679e-01, -2.845928e+00, 3.027067e-10, 4.753989e-10, 5.751521e+01, -1.711080e-01
9.562000e+08, 1.097315e-01, 9.470506e-01, -8.881953e-01, -2.857279e+00, 3.011963e-10, 4.755132e-10, 5.737904e+01, -1.706872e-01
9.600000e+08, 1.088157e-01, 9.471668e-01, -8.953867e-01, -2.868632e+00, 2.996172e-10, 4.756280e-10, 5.724367e+01, -1.702225e-01
9.638000e+08, 1.078907e-01, 9.472836e-01, -9.025404e-01, -2.879988e+00, 2.979663e-10, 4.757434e-10, 5.710915e+01, -1.697140e-01
9.676000e+08, 1.069567e-01, 9.474008e-01, -9.096547e-01, -2.891347e+00, 2.962404e-10, 4.758592e-10, 5.697552e+01, -1.691616e-01
9.714000e+08, 1.060136e-01, 9.475185e-01, -9.167277e-01, -2.902709e+00, 2.944362e-10, 4.759754e-10, 5.684281e+01, -1.685657e-01
9.752000e+08, 1.050617e-01, 9.476365e-01, -9.237577e-01, -2.914073e+00, 2.925500e-10, 4.760920e-10, 5.671109e+01, -1.679264e-01
9.790000e+08, 1.041010e-01, 9.477548e-01, -9.307427e-01, -2.925441e+00, 2.905781e-10, 4.762088e-10, 5.658038e+01, -1.672438e-01
9.828000e+08, 1.031315e-01, 9.478734e-01, -9.376806e-01, -2.936811e+00, 2.885164e-10, 4.763258e-10, 5.645073e+01, -1.665181e-01
9.866000e+08, 1.021534e-01, 9.479921e-01, -9.445692e-01, -2.948183e+00, 2.863608e-10, 4.764429e-10, 5.632218e+01, -1.657494e-01
9.904000e+08, 1.011668e-01, 9.481110e-01, -9.514064e-01, -2.959559e+00, 2.841067e-10, 4.765601e-10, 5.619477e+01, -1.649381e-01
9.942000e+08, 1.001718e-01, 9.482300e-01, -9.581897e-01, -2.970937e+00, 2.817493e-10, 4.766773e-10, 5.606855e+01, -1.640844e-01
9.980000e+08, 9.916852e-02, 9.483490e-01, -9.649168e-01, -2.982319e+00, 2.792837e-10, 4.767945e-10, 5.594354e+01, -1.631884e-01
1.001800e+09, 9.815700e-02, 9.484679e-01, -9.715850e-01, -2.993703e+00, 2.767044e-10, 4.769115e-10, 5.581980e+01, -1.622505e-01
1.005600e+09, 9.713739e-02, 9.485868e-01, -9.781917e-01, -3.005089e+00, 2.740057e-10, 4.770284e-10, 5.569736e+01, -1.612709e-01
1.009400e+09, 9.610981e-02, 9.487055e-01, -9.847338e-01, -3.016479e+00, 2.711816e-10, 4.771451e-10, 5.557625e+01, -1.602500e-01
1.013200e+09, 9.507436e-02, 9.488240e-01, -9.912086e-01, -3.027871e+00, 2.682256e-10, 4.772614e-10, 5.545652e+01, -1.591880e-01
1.017000e+09, 9.403116e-02, 9.489422e-01, -9.976128e-01, -3.039267e+00, 2.651309e-10, 4.773775e-10, 5.533821e+01, -1.580853e-01
1.020800e+09, 9.298035e-02, 9.490601e-01, -1.003943e+00, -3.050664e+00, 2.618901e-10, 4.774931e-10, 5.522135e+01, -1.569422e-01
1.024600e+09, 9.192203e-02, 9.491776e-01, -1.010196e+00, -3.062065e+00, 2.584955e-10, 4.776082e-10, 5.510598e+01, -1.557591e-01
1.028400e+09, 9.085636e-02, 9.492947e-01, -1.016368e+00, -3.073469e+00, 2.549387e-10, 4.777228e-10, 5.499213e+01, -1.545363e-01
1.032200e+09, 8.978344e-02, 9.494113e-01, -1.022455e+00, -3.084875e+00, 2.512109e-10, 4.778368e-10, 5.487984e+01, -1.532743e-01
1.036000e+09, 8.870343e-02, 9.495273e-01, -1.028453e+00, -3.096284e+00, 2.473025e-10, 4.779502e-10, 5.476914e+01, -1.519734e-01
1.039800e+09, 8.761646e-02, 9.496428e-01, -1.034357e+00, -3.107695e+00, 2.432035e-10, 4.780629e-10, 5.466008e+01, -1.506341e-01
1.043600e+09, 8.652269e-02, 9.497576e-01, -1.040164e+00, -3.119109e+00, 2.389030e-10, 4.781748e-10, 5.455268e+01, -1.492568e-01
1.047400e+09, 8.542224e-02, 9.498716e-01, -1.045868e+00, -3.130526e+00, 2.343893e-10, 4.782860e-10, 5.444697e+01, -1.478421e-01
1.051200e+09, 8.431529e-02, 9.499850e-01, -1.051464e+00, 3.141239e+00, 2.296500e-10, 4.783962e-10, 5.434299e+01, -1.463902e-01
1.055000e+09, 8.320199e-02, 9.500974e-01, -1.056948e+00, 3.129817e+00, 2.246718e-10, 4.785056e-10, 5.424078e+01, -1.449019e-01
1.058800e+09, 8.208251e-02, 9.502091e-01, -1.062312e+00, 3.118392e+00, 2.194403e-10, 4.786139e-10, 5.414036e+01, -1.433775e-01
1.062600e+09, 8.095700e-02, 9.503198e-01, -1.067551e+00, 3.106965e+00, 2.139400e-10, 4.787213e-10, 5.404176e+01, -1.418176e-01
1.066400e+09, 7.982566e-02, 9.504295e-01, -1.072659e+00, 3.095535e+00, 2.081545e-10, 4.788275e-10, 5.394502e+01, -1.402227e-01
1.070200e+09, 7.868866e-02, 9.505382e-01, -1.077629e+00, 3.084102e+00, 2.020660e-10, 4.789327e-10, 5.385017e+01, -1.385934e-01
1.074000e+09, 7.754619e-02, 9.506458e-01, -1.082454e+00, 3.072667e+00, 1.956551e-10, 4.790367e-10, 5.375723e+01, -1.369302e-01
1.077800e+09, 7.639844e-02, 9.507523e-01, -1.087125e+00, 3.061230e+00, 1.889012e-10, 4.791394e-10, 5.366623e+01, -1.352338e-01
1.081600e+09, 7.524561e-02, 9.508576e-01, -1.091636e+00, 3.049790e+00, 1.817820e-10, 4.792409e-10, 5.357721e+01, -1.335048e-01
1.085400e+09, 7.408793e-02, 9.509617e-01, -1.095976e+00, 3.038347e+00, 1.742734e-10, 4.793410e-10, 5.349019e+01, -1.317437e-01
1.089200e+09, 7.292560e-02, 9.510646e-01, -1.100137e+00, 3.026902e+00, 1.663492e-10, 4.794398e-10, 5.340520e+01, -1.299512e-01
1.093000e+09, 7.175886e-02, 9.511661e-01, -1.104109e+00, 3.015455e+00, 1.579813e-10, 4.795372e-10, 5.332226e+01, -1.281280e-01
1.096800e+09, 7.058794e-02, 9.512662e-01, -1.107880e+00, 3.004006e+00, 1.491392e-10, 4.796331e-10, 5.324140e+01, -1.262748e-01
1.100600e+09, 6.941309e-02, 9.513650e-01, -1.111441e+00, 2.992554e+00, 1.397897e-10, 4.797276e-10, 5.316265e+01, -1.243921e-01
1.104400e+09, 6.823457e-02, 9.514623e-01, -1.114779e+00, 2.981100e+00, 1.298970e-10, 4.798205e-10, 5.308603e+01, -1.224808e-01
1.108200e+09, 6.705266e-02, 9.515581e-01, -1.117880e+00, 2.969644e+00, 1.194222e-10, 4.799118e-10, 5.301156e+01, -1.205415e-01
1.112000e+09, 6.586764e-02, 9.516523e-01, -1.120732e+00, 2.958185e+00, 1.083229e-10, 4.800015e-10, 5.293927e+01, -1.185750e-01
1.115800e+09, 6.467982e-02, 9.517450e-01, -1.123318e+00, 2.946725e+00, 9.655311e-11, 4.800895e-10, 5.286919e+01, -1.165819e-01
1.119600e+09, 6.348950e-02, 9.518361e-01, -1.125623e+00, 2.935262e+00, 8.406284e-11, 4.801759e-10, 5.280133e+01, -1.145631e-01
1.123400e+09, 6.229703e-02, 9.519254e-01, -1.127630e+00, 2.923797e+00, 7.079758e-11, 4.802605e-10, 5.273572e+01, -1.125194e-01
1.127200e+09, 6.110276e-02, 9.520131e-01, -1.129321e+00, 2.912331e+00, 5.669797e-11, 4.803434e-10, 5.267237e+01, -1.104514e-01
1.131000e+09, 5.990706e-02, 9.520991e-01, -1.130675e+00, 2.900862e+00, 4.169932e-11, 4.804245e-10, 5.261131e+01, -1.083601e-01
1.134800e+09, 5.871032e-02, 9.521833e-01, -1.131670e+00, 2.889391e+00, 2.573104e-11, 4.805037e-10, 5.255256e+01, -1.062462e-01
1.138600e+09, 5.751298e-02, 9.522657e-01, -1.132285e+00, 2.877919e+00, 8.716139e-12, 4.805811e-10, 5.249614e+01, -1.041106e-01
1.142400e+09, 5.631547e-02, 9.523462e-01, -1.132493e+00, 2.866444e+00, -9.429442e-12, 4.806566e-10, 5.244206e+01, -1.019540e-01
1.146200e+09, 5.511829e-02, 9.524248e-01, -1.132268e+00, 2.854968e+00, -2.879745e-11, 4.807302e-10, 5.239035e+01, -9.977739e-02
1.150000e+09, 5.392193e-02, 9.525016e-01, -1.131580e+00, 2.843490e+00, -4.948805e-11, 4.808018e-10, 5.234102e+01, -9.758159e-02
1.153800e+09, 5.272694e-02, 9.525764e-01, -1.130398e+00, 2.832010e+00, -7.161056e-11, 4.808715e-10, 5.229409e+01, -9.536746e-02
1.157600e+09, 5.153393e-02, 9.526492e-01, -1.128689e+00, 2.820529e+00, -9.528424e-11, 4.809392e-10, 5.224957e+01, -9.313590e-02
1.161400e+09, 5.034351e-02, 9.527200e-01, -1.126414e+00, 2.809046e+00, -1.206391e-10, 4.810048e-10, 5.220748e+01, -9.088781e-02
1.165200e+09, 4.915638e-02, 9.527888e-01, -1.123533e+00, 2.797562e+00, -1.478167e-10, 4.810684e-10, 5.216784e+01, -8.862409e-02
1.169000e+09, 4.797326e-02, 9.528555e-01, -1.120004e+00, 2.786076e+00, -1.769710e-10, 4.811300e-10, 5.213065e+01, -8.634566e-02
1.172800e+09, 4.679497e-02, 9.529201e-01, -1.115779e+00, 2.774588e+00, -2.082688e-10, 4.811895e-10, 5.209594e+01, -8.405346e-02
1.176600e+09, 4.562237e-02, 9.529826e-01, -1.110806e+00, 2.763099e+00, -2.418910e-10, 4.812468e-10, 5.206370e+01, -8.174841e-02
1.180400e+09, 4.445641e-02, 9.530430e-01, -1.105030e+00, 2.751609e+00, -2.780322e-10, 4.813021e-10, 5.203397e+01, -7.943147e-02
1.184200e+09, 4.329810e-02, 9.531012e-01, -1.098392e+00, 2.740117e+00, -3.169012e-10, 4.813552e-10, 5.200674e+01, -7.710360e-02
1.188000e+09, 4.214859e-02, 9.531573e-01, -1.090826e+00, 2.728624e+00, -3.587208e-10, 4.814062e-10, 5.198203e+01, -7.476575e-02
1.191800e+09, 4.100908e-02, 9.532111e-01, -1.082261e+00, 2.717130e+00, -4.037265e-10, 4.814550e-10, 5.195984e+01, -7.241891e-02
1.195600e+09, 3.988093e-02, 9.532627e-01, -1.072621e+00, 2.705635e+00, -4.521648e-10, 4.815016e-10, 5.194019e+01, -7.006405e-02
1.199400e+09, 3.876562e-02, 9.533121e-01, -1.061826e+00, 2.694139e+00, -5.042901e-10, 4.815461e-10, 5.192309e+01, -6.770215e-02
1.203200e+09, 3.766476e-02, 9.533592e-01, -1.049785e+00, 2.682641e+00, -5.603599e-10, 4.815883e-10, 5.190854e+01, -6.533421e-02
1.207000e+09, 3.658013e-02, 9.534040e-01, -1.036406e+00, 2.671143e+00, -6.206282e-10, 4.816284e-10, 5.189654e+01, -6.296124e-02
1.210800e+09, 3.551370e-02, 9.534466e-01, -1.021588e+00, 2.659643e+00, -6.853361e-10, 4.816662e-10, 5.188711e+01, -6.058422e-02
1.214600e+09, 3.446760e-02, 9.534868e-01, -1.005225e+00, 2.648143e+00, -7.546984e-10, 4.817018e-10, 5.188025e+01, -5.820418e-02
1.218400e+09, 3.344422e-02, 9.535247e-01, -9.872053e-01, 2.636642e+00, -8.288871e-10, 4.817352e-10, 5.187597e+01, -5.582213e-02
1.222200e+09, 3.244614e-02, 9.535603e-01, -9.674147e-01, 2.625140e+00, -9.080088e-10, 4.817663e-10, 5.187426e+01, -5.343908e-02
1.226000e+09, 3.147622e-02, 9.535935e-01, -9.457350e-01, 2.613637e+00, -9.920769e-10, 4.817952e-10, 5.187514e+01, -5.105606e-02
1.229800e+09, 3.053755e-02, 9.536244e-01, -9.220480e-01, 2.602134e+00, -1.080978e-09, 4.818219e-10, 5.187860e+01, -4.867408e-02
1.233600e+09, 2.963355e-02, 9.536529e-01, -8.962385e-01, 2.590630e+00, -1.174429e-09, 4.818463e-10, 5.188464e+01, -4.629418e-02
1.237400e+09, 2.876786e-02, 9.536791e-01, -8.681977e-01, 2.579125e+00, -1.271936e-09, 4.818685e-10, 5.189327e+01, -4.391739e-02
1.241200e+09, 2.794444e-02, 9.537029e-01, -8.378288e-01, 2.567620e+00, -1.372739e-09, 4.818884e-10, 5.190449e+01, -4.154472e-02
1.245000e+09, 2.716751e-02, 9.537243e-01, -8.050532e-01, 2.556114e+00, -1.475771e-09, 4.819061e-10, 5.191829e+01, -3.917722e-02
1.248800e+09, 2.644151e-02, 9.537433e-01, -7.698175e-01, 2.544608e+00, -1.579611e-09, 4.819215e-10, 5.193468e+01, -3.681591e-02
1.252600e+09, 2.577107e-02, 9.537599e-01, -7.321025e-01, 2.533102e+00, -1.682464e-09, 4.819347e-10, 5.195364e+01, -3.446182e-02
1.256400e+09, 2.516096e-02, 9.537742e-01, -6.919319e-01, 2.521595e+00, -1.782161e-09, 4.819457e-10, 5.197519e+01, -3.211598e-02
1.260200e+09, 2.461592e-02, 9.537860e-01, -6.493808e-01, 2.510088e+00, -1.876202e-09, 4.819545e-10, 5.199931e+01, -2.977941e-02
1.264000e+09, 2.414063e-02, 9.537954e-01, -6.045844e-01, 2.498581e+00, -1.961850e-09, 4.819610e-10, 5.202600e+01, -2.745315e-02
1.267800e+09, 2.373950e-02, 9.538025e-01, -5.577431e-01, 2.487074e+00, -2.036267e-09, 4.819653e-10, 5.205525e+01, -2.513821e-02
1.271600e+09, 2.341653e-02, 9.538072e-01, -5.091249e-01, 2.475566e+00, -2.096712e-09, 4.819674e-10, 5.208707e+01, -2.283561e-02
1.275400e+09, 2.317515e-02, 9.538094e-01, -4.590636e-01, 2.464059e+00, -2.140759e-09, 4.819673e-10, 5.212143e+01, -2.054637e-02
1.279200e+09, 2.301805e-02, 9.538093e-01, -4.079506e-01, 2.452551e+00, -2.166523e-09, 4.819649e-10, 5.215833e+01, -1.827150e-02
1.283000e+09, 2.294705e-02, 9.538068e-01, -3.562225e-01, 2.441044e+00, -2.172852e-09, 4.819605e-10, 5.219777e+01, -1.601200e-02
1.286800e+09, 2.296300e-02, 9.538020e-01, -3.043432e-01, 2.429536e+00, -2.159452e-09, 4.819538e-10, 5.223973e+01, -1.376888e-02
1.290600e+09, 2.306575e-02, 9.537948e-01, -2.527839e-01, 2.418029e+00, -2.126917e-09, 4.819450e-10, 5.228421e+01, -1.154314e-02
1.294400e+09, 2.325412e-02, 9.537852e-01, -2.020014e-01, 2.406522e+00, -2.076669e-09, 4.819340e-10, 5.233119e+01, -9.335749e-03
1.298200e+09, 2.352601e-02, 9.537733e-01, -1.524187e-01, 2.395016e+00, -2.010800e-09, 4.819208e-10, 5.238065e+01, -7.147705e-03
1.302000e+09, 2.387847e-02, 9.537590e-01, -1.044086e-01, 2.383509e+00, -1.931871e-09, 4.819056e-10, 5.243260e+01, -4.979979e-03
1.305800e+09, 2.430789e-02, 9.537424e-01, -5.828305e-02, 2.372003e+00, -1.842678e-09, 4.818882e-10, 5.248701e+01, -2.833538e-03
1.309600e+09, 2.481011e-02, 9.537235e-01, -1.428709e-02, 2.360498e+00, -1.746044e-09, 4.818688e-10, 5.254386e+01, -7.093407e-04
1.313400e+09, 2.538063e-02, 9.537022e-01, 2.740164e-02, 2.348992e+00, -1.644640e-09, 4.818472e-10, 5.260315e+01, 1.391663e-03
1.317200e+09, 2.601476e-02, 9.536787e-01, 6.666925e-02, 2.337488e+00, -1.540861e-09, 4.818236e-10, 5.266486e+01, 3.468534e-03
1.321000e+09, 2.670774e-02, 9.536529e-01, 1.034590e-01, 2.325984e+00, -1.436749e-09, 4.817979e-10, 5.272897e+01, 5.520339e-03
1.324800e+09, 2.745484e-02, 9.536249e-01, 1.377630e-01, 2.314480e+00, -1.333970e-09, 4.817702e-10, 5.279545e+01, 7.546160e-03
1.328600e+09, 2.825150e-02, 9.535946e-01, 1.696130e-01, 2.302977e+00, -1.233823e-09, 4.817405e-10, 5.286430e+01, 9.545085e-03
1.332400e+09, 2.909335e-02, 9.535621e-01, 1.990719e-01, 2.291475e+00, -1.137263e-09, 4.817088e-10, 5.293550e+01, 1.151622e-02
1.336200e+09, 2.997626e-02, 9.535274e-01, 2.262253e-01, 2.279974e+00, -1.044955e-09, 4.816751e-10, 5.300901e+01, 1.345867e-02
1.340000e+09, 3.089638e-02, 9.534904e-01, 2.511747e-01, 2.268473e+00, -9.573155e-10, 4.816394e-10, 5.308483e+01, 1.537156e-02
1.343800e+09, 3.185013e-02, 9.534514e-01, 2.740317e-01, 2.256974e+00, -8.745638e-10, 4.816018e-10, 5.316292e+01, 1.725403e-02
1.347600e+09, 3.283423e-02, 9.534101e-01, 2.949129e-01, 2.245475e+00, -7.967665e-10, 4.815623e-10, 5.324327e+01, 1.910524e-02
1.351400e+09, 3.384563e-02, 9.533668e-01, 3.139365e-01, 2.233977e+00, -7.238747e-10, 4.815209e-10, 5.332584e+01, 2.092433e-02
1.355200e+09, 3.488159e-02, 9.533213e-01, 3.312199e-01, 2.222480e+00, -6.557567e-10, 4.814776e-10, 5.341063e+01, 2.271050e-02
1.359000e+09, 3.593958e-02, 9.532737e-01, 3.468768e-01, 2.210985e+00, -5.922238e-10, 4.814324e-10, 5.349759e+01, 2.446292e-02
1.362800e+09, 3.701729e-02, 9.532241e-01, 3.610168e-01, 2.199490e+00, -5.330504e-10, 4.813854e-10, 5.358671e+01, 2.618081e-02
1.366600e+09, 3.811264e-02, 9.531725e-01, 3.737439e-01, 2.187996e+00, -4.779898e-10, 4.813366e-10, 5.367795e+01, 2.786339e-02
1.370400e+09, 3.922373e-02, 9.531188e-01, 3.851565e-01, 2.176504e+00, -4.267860e-10, 4.812860e-10, 5.377128e+01, 2.950988e-02
1.374200e+09, 4.034881e-02, 9.530632e-01, 3.953465e-01, 2.165013e+00, -3.791817e-10, 4.812337e-10, 5.386669e+01, 3.111954e-02
1.378000e+09, 4.148630e-02, 9.530056e-01, 4.043998e-01, 2.153523e+00, -3.349248e-10, 4.811796e-10, 5.396413e+01, 3.269162e-02
1.381800e+09, 4.263478e-02, 9.529460e-01, 4.123965e-01, 2.142034e+00, -2.937724e-10, 4.811238e-10, 5.406358e+01, 3.422543e-02
1.385600e+09, 4.379292e-02, 9.528846e-01, 4.194107e-01, 2.130547e+00, -2.554931e-10, 4.810663e-10, 5.416500e+01, 3.572024e-02
1.389400e+09, 4.495951e-02, 9.528213e-01, 4.255109e-01, 2.119061e+00, -2.198688e-10, 4.810072e-10, 5.426836e+01, 3.717537e-02
1.393200e+09, 4.613346e-02, 9.527562e-01, 4.307605e-01, 2.107576e+00, -1.866955e-10, 4.809464e-10, 5.437362e+01, 3.859016e-02
1.397000e+09, 4.731375e-02, 9.526892e-01, 4.352180e-01, 2.096093e+00, -1.557834e-10, 4.808841e-10, 5.448076e+01, 3.996395e-02
1.400800e+09, 4.849945e-02, 9.526205e-01, 4.389375e-01, 2.084611e+00, -1.269565e-10, 4.808201e-10, 5.458973e+01, 4.129610e-02
1.404600e+09, 4.968970e-02, 9.525501e-01, 4.419688e-01, 2.073131e+00, -1.000523e-10, 4.807546e-10, 5.470050e+01, 4.258600e-02
1.408400e+09, 5.088371e-02, 9.524779e-01, 4.443576e-01, 2.061653e+00, -7.492124e-11, 4.806876e-10, 5.481304e+01, 4.383304e-02
1.412200e+09, 5.208073e-02, 9.524040e-01, 4.461464e-01, 2.050176e+00, -5.142582e-11, 4.806191e-10, 5.492729e+01, 4.503665e-02
1.416000e+09, 5.328010e-02, 9.523285e-01, 4.473743e-01, 2.038700e+00, -2.943977e-11, 4.805492e-10, 5.504323e+01, 4.619625e-02
1.419800e+09, 5.448116e-02, 9.522514e-01, 4.480772e-01, 2.027227e+00, -8.847326e-12, 4.804778e-10, 5.516082e+01, 4.731131e-02
1.423600e+09, 5.568333e-02, 9.521727e-01, 4.482884e-01, 2.015755e+00, 1.045762e-11, 4.804050e-10, 5.528000e+01, 4.838130e-02
1.427400e+09, 5.688605e-02, 9.520925e-01, 4.480387e-01, 2.004284e+00, 2.857228e-11, 4.803308e-10, 5.540075e+01, 4.940570e-02
1.431200e+09, 5.808881e-02, 9.520107e-01, 4.473566e-01, 1.992816e+00, 4.558568e-11, 4.802554e-10, 5.552301e+01, 5.038403e-02
1.435000e+09, 5.929112e-02, 9.519275e-01, 4.462681e-01, 1.981349e+00, 6.157940e-11, 4.801786e-10, 5.564674e+01, 5.131581e-02
1.438800e+09, 6.049251e-02, 9.518429e-01, 4.447979e-01, 1.969885e+00, 7.662816e-11, 4.801005e-10, 5.577191e+01, 5.220061e-02
1.442600e+09, 6.169255e-02, 9.517569e-01, 4.429683e-01, 1.958422e+00, 9.080047e-11, 4.800213e-10, 5.589845e+01, 5.303797e-02
1.446400e+09, 6.289084e-02, 9.516695e-01, 4.408003e-01, 1.946961e+00, 1.041591e-10, 4.799408e-10, 5.602633e+01, 5.382750e-02
1.450200e+09, 6.408699e-02, 9.515808e-01, 4.383134e-01, 1.935502e+00, 1.167618e-10, 4.798592e-10, 5.615550e+01, 5.456881e-02
1.454000e+09, 6.528062e-02, 9.514909e-01, 4.355256e-01, 1.924044e+00, 1.286614e-10, 4.797764e-10, 5.628591e+01, 5.526151e-02
1.457800e+09, 6.647139e-02, 9.513997e-01, 4.324537e-01, 1.912589e+00, 1.399065e-10, 4.796925e-10, 5.641752e+01, 5.590525e-02
1.461600e+09, 6.765895e-02, 9.513073e-01, 4.291132e-01, 1.901136e+00, 1.505417e-10, 4.796076e-10, 5.655026e+01, 5.649971e-02
1.465400e+09, 6.884300e-02, 9.512138e-01, 4.255189e-01, 1.889685e+00, 1.606083e-10, 4.795217e-10, 5.668409e+01, 5.704457e-02
1.469200e+09, 7.002323e-02, 9.511191e-01, 4.216842e-01, 1.878236e+00, 1.701441e-10, 4.794347e-10, 5.681896e+01, 5.753955e-02
1.473000e+09, 7.119934e-02, 9.510234e-01, 4.176218e-01, 1.866789e+00, 1.791839e-10, 4.793469e-10, 5.695482e+01, 5.798437e-02
1.476800e+09, 7.237105e-02, 9.509267e-01, 4.133436e-01, 1.855344e+00, 1.877599e-10, 4.792581e-10, 5.709160e+01, 5.837878e-02
1.480600e+09, 7.353810e-02, 9.508290e-01, 4.088606e-01, 1.843901e+00, 1.959018e-10, 4.791684e-10, 5.722927e+01, 5.872256e-02
1.484400e+09, 7.470021e-02, 9.507303e-01, 4.041832e-01, 1.832460e+00, 2.036371e-10, 4.790780e-10, 5.736775e+01, 5.901549e-02
1.488200e+09, 7.585715e-02, 9.506308e-01, 3.993212e-01, 1.821022e+00, 2.109911e-10, 4.789867e-10, 5.750701e+01, 5.925739e-02
1.492000e+09, 7.700866e-02, 9.505304e-01, 3.942835e-01, 1.809585e+00, 2.179873e-10, 4.788946e-10, 5.764697e+01, 5.944810e-02
1.495800e+09, 7.815452e-02, 9.504292e-01, 3.890789e-01, 1.798151e+00, 2.246474e-10, 4.788019e-10, 5.778758e+01, 5.958746e-02
1.499600e+09, 7.929449e-02, 9.503272e-01, 3.837151e-01, 1.786719e+00, 2.309916e-10, 4.787085e-10, 5.792879e+01, 5.967537e-02
1.503400e+09, 8.042836e-02, 9.502245e-01, 3.782000e-01, 1.775290e+00, 2.370385e-10, 4.786144e-10, 5.807052e+01, 5.971171e-02
1.507200e+09, 8.155591e-02, 9.501212e-01, 3.725404e-01, 1.763862e+00, 2.428057e-10, 4.785198e-10, 5.821274e+01, 5.969641e-02
1.511000e+09, 8.267693e-02, 9.500172e-01, 3.667432e-01, 1.752437e+00, 2.483090e-10, 4.784245e-10, 5.835536e+01, 5.962941e-02
1.514800e+09, 8.379123e-02, 9.499127e-01, 3.608145e-01, 1.741014e+00, 2.535637e-10, 4.783288e-10, 5.849834e+01, 5.951067e-02
1.518600e+09, 8.489859e-02, 9.498076e-01, 3.547604e-01, 1.729593e+00, 2.585837e-10, 4.782326e-10, 5.864161e+01, 5.934018e-02
1.522400e+09, 8.599885e-02, 9.497020e-01, 3.485864e-01, 1.718175e+00, 2.633819e-10, 4.781360e-10, 5.878510e+01, 5.911795e-02
1.526200e+09, 8.709180e-02, 9.495960e-01, 3.422979e-01, 1.706759e+00, 2.679705e-10, 4.780390e-10, 5.892875e+01, 5.884400e-02
1.530000e+09, 8.817726e-02, 9.494896e-01, 3.358998e-01, 1.695345e+00, 2.723609e-10, 4.779417e-10, 5.907250e+01, 5.851839e-02
1.533800e+09, 8.925506e-02, 9.493829e-01, 3.293969e-01, 1.683934e+00, 2.765635e-10, 4.778440e-10, 5.921629e+01, 5.814120e-02
1.537600e+09, 9.032502e-02, 9.492758e-01, 3.227936e-01, 1.672525e+00, 2.805884e-10, 4.777461e-10, 5.936004e+01, 5.771251e-02
1.541400e+09, 9.138698e-02, 9.491685e-01, 3.160943e-01, 1.661118e+00, 2.844446e-10, 4.776480e-10, 5.950369e+01, 5.723244e-02
1.545200e+09, 9.244076e-02, 9.490610e-01, 3.093028e-01, 1.649714e+00, 2.881410e-10, 4.775497e-10, 5.964718e+01, 5.670114e-02
1.549000e+09, 9.348620e-02, 9.489534e-01, 3.024232e-01, 1.638312e+00, 2.916855e-10, 4.774513e-10, 5.979044e+01, 5.611877e-02
1.552800e+09, 9.452314e-02, 9.488456e-01, 2.954588e-01, 1.626912e+00, 2.950858e-10, 4.773528e-10, 5.993340e+01, 5.548552e-02
1.556600e+09, 9.555143e-02, 9.487378e-01, 2.884133e-01, 1.615515e+00, 2.983490e-10, 4.772542e-10, 6.007598e+01, 5.480158e-02
1.560400e+09, 9.657091e-02, 9.486300e-01, 2.812899e-01, 1.604120e+00, 3.014817e-10, 4.771557e-10, 6.021813e+01, 5.406720e-02
1.564200e+09, 9.758143e-02, 9.485222e-01, 2.740917e-01, 1.592727e+00, 3.044903e-10, 4.770572e-10, 6.035978e+01, 5.328262e-02
1.568000e+09, 9.858284e-02, 9.484144e-01, 2.668217e-01, 1.581337e+00, 3.073807e-10, 4.769587e-10, 6.050085e+01, 5.244811e-02
1.571800e+09, 9.957501e-02, 9.483068e-01, 2.594826e-01, 1.569949e+00, 3.101583e-10, 4.768605e-10, 6.064127e+01, 5.156399e-02
1.575600e+09, 1.005578e-01, 9.481994e-01, 2.520772e-01, 1.558564e+00, 3.128284e-10, 4.767624e-10, 6.078098e+01, 5.063056e-02
1.579400e+09, 1.015310e-01, 9.480922e-01, 2.446081e-01, 1.547180e+00, 3.153959e-10, 4.766645e-10, 6.091991e+01, 4.964816e-02
1.583200e+09, 1.024946e-01, 9.479853e-01, 2.370777e-01, 1.535799e+00, 3.178654e-10, 4.765669e-10, 6.105797e+01, 4.861717e-02
1.587000e+09, 1.034483e-01, 9.478787e-01, 2.294883e-01, 1.524421e+00, 3.202413e-10, 4.764696e-10, 6.119511e+01, 4.753798e-02
1.590800e+09, 1.043921e-01, 9.477724e-01, 2.218422e-01, 1.513045e+00, 3.225278e-10, 4.763726e-10, 6.133125e+01, 4.641098e-02
1.594600e+09, 1.053259e-01, 9.476666e-01, 2.141415e-01, 1.501671e+00, 3.247286e-10, 4.762760e-10, 6.146633e+01, 4.523661e-02
1.598400e+09, 1.062494e-01, 9.475612e-01, 2.063882e-01, 1.490299e+00, 3.268474e-10, 4.761799e-10, 6.160026e+01, 4.401533e-02
1.602200e+09, 1.071627e-01, 9.474563e-01, 1.985844e-01, 1.478930e+00, 3.288877e-10, 4.760843e-10, 6.173298e+01, 4.274762e-02
1.606000e+09, 1.080654e-01, 9.473520e-01, 1.907318e-01, 1.467563e+00, 3.308528e-10, 4.759892e-10, 6.186442e+01, 4.143397e-02
1.609800e+09, 1.089576e-01, 9.472483e-01, 1.828324e-01, 1.456198e+00, 3.327458e-10, 4.758946e-10, 6.199451e+01, 4.007491e-02
1.613600e+09, 1.098391e-01, 9.471452e-01, 1.748877e-01, 1.444835e+00, 3.345695e-10, 4.758007e-10, 6.212317e+01, 3.867098e-02
1.617400e+09, 1.107098e-01, 9.470428e-01, 1.668995e-01, 1.433475e+00, 3.363268e-10, 4.757074e-10, 6.225034e+01, 3.722274e-02
1.621200e+09, 1.115696e-01, 9.469411e-01, 1.588693e-01, 1.422117e+00, 3.380202e-10, 4.756149e-10, 6.237595e+01, 3.573078e-02
1.625000e+09, 1.124183e-01, 9.468402e-01, 1.507987e-01, 1.410761e+00, 3.396522e-10, 4.755231e-10, 6.249992e+01, 3.419572e-02
1.628800e+09, 1.132559e-01, 9.467402e-01, 1.426891e-01, 1.399408e+00, 3.412252e-10, 4.754320e-10, 6.262218e+01, 3.261818e-02
1.632600e+09, 1.140822e-01, 9.466410e-01, 1.345420e-01, 1.388056e+00, 3.427414e-10, 4.753418e-10, 6.274268e+01, 3.099881e-02
1.636400e+09, 1.148972e-01, 9.465427e-01, 1.263587e-01, 1.376707e+00, 3.442030e-10, 4.752524e-10, 6.286133e+01, 2.933829e-02
1.640200e+09, 1.157006e-01, 9.464453e-01, 1.181404e-01, 1.365360e+00, 3.456118e-10, 4.751640e-10, 6.297807e+01, 2.763732e-02
1.644000e+09, 1.164925e-01, 9.463490e-01, 1.098886e-01, 1.354015e+00, 3.469698e-10, 4.750765e-10, 6.309284e+01, 2.589661e-02
1.647800e+09, 1.172727e-01, 9.462537e-01, 1.016043e-01, 1.342672e+00, 3.482788e-10, 4.749900e-10, 6.320556e+01, 2.411689e-02
1.651600e+09, 1.180410e-01, 9.461595e-01, 9.328875e-02, 1.331331e+00, 3.495405e-10, 4.749045e-10, 6.331616e+01, 2.229893e-02
1.655400e+09, 1.187975e-01, 9.460664e-01, 8.494308e-02, 1.319992e+00, 3.507565e-10, 4.748201e-10, 6.342460e+01, 2.044351e-02
1.659200e+09, 1.195420e-01, 9.459744e-01, 7.656839e-02, 1.308655e+00, 3.519283e-10, 4.747368e-10, 6.353079e+01, 1.855141e-02
1.663000e+09, 1.202744e-01, 9.458837e-01, 6.816571e-02, 1.297320e+00, 3.530575e-10, 4.746547e-10, 6.363468e+01, 1.662345e-02
1.666800e+09, 1.209947e-01, 9.457942e-01, 5.973607e-02, 1.285987e+00, 3.541453e-10, 4.745737e-10, 6.373620e+01, 1.466049e-02
1.670600e+09, 1.217026e-01, 9.457060e-01, 5.128046e-02, 1.274656e+00, 3.551931e-10, 4.744940e-10, 6.383529e+01, 1.266336e-02
1.674400e+09, 1.223982e-01, 9.456191e-01, 4.279984e-02, 1.263327e+00, 3.562022e-10, 4.744155e-10, 6.393190e+01, 1.063294e-02
1.678200e+09, 1.230813e-01, 9.455336e-01, 3.429511e-02, 1.252000e+00, 3.571737e-10, 4.743383e-10, 6.402595e+01, 8.570140e-03
1.682000e+09, 1.237518e-01, 9.454494e-01, 2.576720e-02, 1.240675e+00, 3.581088e-10, 4.742625e-10, 6.411740e+01, 6.475854e-03
1.685800e+09, 1.244097e-01, 9.453667e-01, 1.721695e-02, 1.229351e+00, 3.590085e-10, 4.741880e-10, 6.420619e+01, 4.351018e-03
1.689600e+09, 1.250549e-01, 9.452855e-01, 8.645228e-03, 1.218029e+00, 3.598739e-10, 4.741150e-10, 6.429226e+01, 2.196577e-03
1.693400e+09, 1.256873e-01, 9.452058e-01, 5.284227e-05, 1.206709e+00, 3.607058e-10, 4.740434e-10, 6.437555e+01, 1.349641e-05
1.697200e+09, 1.263067e-01, 9.451276e-01, -8.559407e-03, 1.195391e+00, 3.615052e-10, 4.739732e-10, 6.445602e+01, -2.197245e-03
1.701000e+09, 1.269132e-01, 9.450510e-01, -1.719074e-02, 1.184074e+00, 3.622730e-10, 4.739046e-10, 6.453361e+01, -4.434651e-03
1.704800e+09, 1.275067e-01, 9.449760e-01, -2.584041e-02, 1.172759e+00, 3.630100e-10, 4.738375e-10, 6.460828e+01, -6.697708e-03
1.708600e+09, 1.280870e-01, 9.449027e-01, -3.450768e-02, 1.161446e+00, 3.637169e-10, 4.737719e-10, 6.467997e+01, -8.985391e-03
1.712400e+09, 1.286541e-01, 9.448310e-01, -4.319182e-02, 1.150134e+00, 3.643946e-10, 4.737080e-10, 6.474865e+01, -1.129666e-02
1.716200e+09, 1.292079e-01, 9.447610e-01, -5.189214e-02, 1.138824e+00, 3.650436e-10, 4.736457e-10, 6.481426e+01, -1.363045e-02
1.720000e+09, 1.297483e-01, 9.446928e-01, -6.060796e-02, 1.127515e+00, 3.656647e-10, 4.735851e-10, 6.487676e+01, -1.598571e-02
1.723800e+09, 1.302753e-01, 9.446264e-01, -6.933861e-02, 1.116208e+00, 3.662585e-10, 4.735262e-10, 6.493612e+01, -1.836133e-02
1.727600e+09, 1.307888e-01, 9.445617e-01, -7.808344e-02, 1.104902e+00, 3.668255e-10, 4.734690e-10, 6.499229e+01, -2.075625e-02
1.731400e+09, 1.312887e-01, 9.444988e-01, -8.684180e-02, 1.093597e+00, 3.673663e-10, 4.734135e-10, 6.504524e+01, -2.316933e-02
1.735200e+09, 1.317750e-01, 9.444379e-01, -9.561308e-02, 1.082294e+00, 3.678815e-10, 4.733598e-10, 6.509493e+01, -2.559947e-02
1.739000e+09, 1.322475e-01, 9.443788e-01, -1.043967e-01, 1.070992e+00, 3.683714e-10, 4.733080e-10, 6.514133e+01, -2.804554e-02
1.742800e+09, 1.327063e-01, 9.443216e-01, -1.131919e-01, 1.059691e+00, 3.688367e-10, 4.732579e-10, 6.518441e+01, -3.050640e-02
1.746600e+09, 1.331512e-01, 9.442663e-01, -1.219983e-01, 1.048392e+00, 3.692776e-10, 4.732097e-10, 6.522414e+01, -3.298090e-02
1.750400e+09, 1.335823e-01, 9.442130e-01, -1.308152e-01, 1.037093e+00, 3.696947e-10, 4.731634e-10, 6.526049e+01, -3.546788e-02
1.754200e+09, 1.339994e-01, 9.441616e-01, -1.396421e-01, 1.025796e+00, 3.700882e-10, 4.731190e-10, 6.529345e+01, -3.796618e-02
1.758000e+09, 1.344024e-01, 9.441123e-01, -1.484784e-01, 1.014500e+00, 3.704585e-10, 4.730765e-10, 6.532298e+01, -4.047463e-02
1.761800e+09, 1.347914e-01, 9.440650e-01, -1.573235e-01, 1.003204e+00, 3.708060e-10, 4.730360e-10, 6.534908e+01, -4.299205e-02
1.765600e+09, 1.351662e-01, 9.440197e-01, -1.661769e-01, 9.919102e-01, 3.711310e-10, 4.729974e-10, 6.537172e+01, -4.551724e-02
1.769400e+09, 1.355269e-01, 9.439765e-01, -1.750380e-01, 9.806168e-01, 3.714337e-10, 4.729608e-10, 6.539088e+01, -4.804903e-02
1.773200e+09, 1.358733e-01, 9.439353e-01, -1.839064e-01, 9.693244e-01, 3.717143e-10, 4.729262e-10, 6.540656e+01, -5.058621e-02
1.777000e+09, 1.362054e-01, 9.438963e-01, -1.927815e-01, 9.580327e-01, 3.719732e-10, 4.728936e-10, 6.541874e+01, -5.312759e-02
1.780800e+09, 1.365232e-01, 9.438594e-01, -2.016628e-01, 9.467419e-01, 3.722104e-10, 4.728631e-10, 6.542743e+01, -5.567196e-02
1.784600e+09, 1.368266e-01, 9.438246e-01, -2.105497e-01, 9.354517e-01, 3.724262e-10, 4.728346e-10, 6.543260e+01, -5.821812e-02
1.788400e+09, 1.371155e-01, 9.437919e-01, -2.194418e-01, 9.241623e-01, 3.726208e-10, 4.728082e-10, 6.543426e+01, -6.076486e-02
1.792200e+09, 1.373900e-01, 9.437614e-01, -2.283385e-01, 9.128735e-01, 3.727942e-10, 4.727838e-10, 6.543241e+01, -6.331097e-02
1.796000e+09, 1.376499e-01, 9.437331e-01, -2.372394e-01, 9.015852e-01, 3.729466e-10, 4.727616e-10, 6.542705e+01, -6.585525e-02
1.799800e+09, 1.378952e-01, 9.437070e-01, -2.461439e-01, 8.902975e-01, 3.730782e-10, 4.727415e-10, 6.541818e+01, -6.839648e-02
1.803600e+09, 1.381260e-01, 9.436830e-01, -2.550516e-01, 8.790103e-01, 3.731888e-10, 4.727235e-10, 6.540582e+01, -7.093346e-02
1.807400e+09, 1.383421e-01, 9.436613e-01, -2.639619e-01, 8.677235e-01, 3.732787e-10, 4.727076e-10, 6.538997e+01, -7.346498e-02
1.811200e+09, 1.385435e-01, 9.436418e-01, -2.728743e-01, 8.564371e-01, 3.733479e-10, 4.726939e-10, 6.537063e+01, -7.598985e-02
1.815000e+09, 1.387301e-01, 9.436245e-01, -2.817884e-01, 8.451510e-01, 3.733963e-10, 4.726823e-10, 6.534784e+01, -7.850685e-02
1.818800e+09, 1.389021e-01, 9.436094e-01, -2.907036e-01, 8.338652e-01, 3.734240e-10, 4.726728e-10, 6.532159e+01, -8.101480e-02
1.822600e+09, 1.390592e-01, 9.435966e-01, -2.996196e-01, 8.225796e-01, 3.734310e-10, 4.726655e-10, 6.529192e+01, -8.351251e-02
1.826400e+09, 1.392015e-01, 9.435860e-01, -3.085356e-01, 8.112942e-01, 3.734171e-10, 4.726604e-10, 6.525883e+01, -8.599878e-02
1.830200e+09, 1.393290e-01, 9.435776e-01, -3.174514e-01, 8.000089e-01, 3.733824e-10, 4.726575e-10, 6.522236e+01, -8.847245e-02
1.834000e+09, 1.394415e-01, 9.435715e-01, -3.263663e-01, 7.887237e-01, 3.733268e-10, 4.726567e-10, 6.518253e+01, -9.093234e-02
1.837800e+09, 1.395392e-01, 9.435677e-01, -3.352799e-01, 7.774385e-01, 3.732501e-10, 4.726582e-10, 6.513937e+01, -9.337727e-02
1.841600e+09, 1.396220e-01, 9.435661e-01, -3.441916e-01, 7.661533e-01, 3.731522e-10, 4.726617e-10, 6.509291e+01, -9.580611e-02
1.845400e+09, 1.396898e-01, 9.435667e-01, -3.531011e-01, 7.548679e-01, 3.730330e-10, 4.726675e-10, 6.504317e+01, -9.821769e-02
1.849200e+09, 1.397426e-01, 9.435696e-01, -3.620076e-01, 7.435825e-01, 3.728923e-10, 4.726755e-10, 6.499021e+01, -1.006109e-01
1.853000e+09, 1.397804e-01, 9.435748e-01, -3.709109e-01, 7.322968e-01, 3.727300e-10, 4.726856e-10, 6.493404e+01, -1.029846e-01
1.856800e+09, 1.398032e-01, 9.435821e-01, -3.798102e-01, 7.210109e-01, 3.725458e-10, 4.726979e-10, 6.487470e+01, -1.053376e-01
1.860600e+09, 1.398110e-01, 9.435918e-01, -3.887051e-01, 7.097248e-01, 3.723395e-10, 4.727124e-10, 6.481225e+01, -1.076689e-01
1.864400e+09, 1.398038e-01, 9.436036e-01, -3.975952e-01, 6.984382e-01, 3.721109e-10, 4.727291e-10, 6.474672e+01, -1.099773e-01
1.868200e+09, 1.397815e-01, 9.436177e-01, -4.064797e-01, 6.871513e-01, 3.718596e-10, 4.727479e-10, 6.467816e+01, -1.122619e-01
1.872000e+09, 1.397441e-01, 9.436340e-01, -4.153583e-01, 6.758639e-01, 3.715855e-10, 4.727688e-10, 6.460661e+01, -1.145214e-01
1.875800e+09, 1.396917e-01, 9.436525e-01, -4.242303e-01, 6.645760e-01, 3.712882e-10, 4.727920e-10, 6.453211e+01, -1.167549e-01
1.879600e+09, 1.396242e-01, 9.436732e-01, -4.330952e-01, 6.532876e-01, 3.709674e-10, 4.728172e-10, 6.445473e+01, -1.189613e-01
1.883400e+09, 1.395416e-01, 9.436961e-01, -4.419525e-01, 6.419986e-01, 3.706226e-10, 4.728446e-10, 6.437451e+01, -1.211396e-01
1.887200e+09, 1.394439e-01, 9.437212e-01, -4.508015e-01, 6.307089e-01, 3.702536e-10, 4.728741e-10, 6.429150e+01, -1.232888e-01
1.891000e+09, 1.393311e-01, 9.437484e-01, -4.596417e-01, 6.194185e-01, 3.698599e-10, 4.729057e-10, 6.420576e+01, -1.254079e-01
1.894800e+09, 1.392033e-01, 9.437778e-01, -4.684725e-01, 6.081274e-01, 3.694411e-10, 4.729395e-10, 6.411734e+01, -1.274959e-01
1.898600e+09, 1.390603e-01, 9.438094e-01, -4.772933e-01, 5.968354e-01, 3.689968e-10, 4.729753e-10, 6.402631e+01, -1.295518e-01
1.902400e+09, 1.389023e-01, 9.438430e-01, -4.861035e-01, 5.855426e-01, 3.685264e-10, 4.730132e-10, 6.393272e+01, -1.315747e-01
1.906200e+09, 1.387292e-01, 9.438788e-01, -4.949025e-01, 5.742489e-01, 3.680294e-10, 4.730531e-10, 6.383663e+01, -1.335637e-01
1.910000e+09, 1.385410e-01, 9.439167e-01, -5.036896e-01, 5.629542e-01, 3.675054e-10, 4.730951e-10, 6.373810e+01, -1.355178e-01
1.913800e+09, 1.383378e-01, 9.439566e-01, -5.124642e-01, 5.516585e-01, 3.669537e-10, 4.731391e-10, 6.363720e+01, -1.374363e-01
1.917600e+09, 1.381195e-01, 9.439986e-01, -5.212256e-01, 5.403618e-01, 3.663738e-10, 4.731851e-10, 6.353399e+01, -1.393181e-01
1.921400e+09, 1.378862e-01, 9.440426e-01, -5.299732e-01, 5.290640e-01, 3.657651e-10, 4.732331e-10, 6.342854e+01, -1.411624e-01
1.925200e+09, 1.376379e-01, 9.440886e-01, -5.387063e-01, 5.177651e-01, 3.651268e-10, 4.732830e-10, 6.332091e+01, -1.429685e-01
1.929000e+09, 1.373746e-01, 9.441366e-01, -5.474241e-01, 5.064649e-01, 3.644582e-10, 4.733350e-10, 6.321116e+01, -1.447355e-01
1.932800e+09, 1.370963e-01, 9.441866e-01, -5.561259e-01, 4.951635e-01, 3.637588e-10, 4.733888e-10, 6.309937e+01, -1.464625e-01
1.936600e+09, 1.368030e-01, 9.442385e-01, -5.648111e-01, 4.838608e-01, 3.630277e-10, 4.734445e-10, 6.298561e+01, -1.481489e-01
1.940400e+09, 1.364948e-01, 9.442924e-01, -5.734787e-01, 4.725568e-01, 3.622641e-10, 4.735022e-10, 6.286995e+01, -1.497939e-01
1.944200e+09, 1.361717e-01, 9.443481e-01, -5.821282e-01, 4.612514e-01, 3.614672e-10, 4.735616e-10, 6.275245e+01, -1.513968e-01
1.948000e+09, 1.358338e-01, 9.444057e-01, -5.907586e-01, 4.499446e-01, 3.606361e-10, 4.736230e-10, 6.263318e+01, -1.529567e-01
1.951800e+09, 1.354810e-01, 9.444651e-01, -5.993692e-01, 4.386363e-01, 3.597699e-10, 4.736861e-10, 6.251223e+01, -1.544732e-01
1.955600e+09, 1.351134e-01, 9.445263e-01, -6.079591e-01, 4.273266e-01, 3.588677e-10, 4.737510e-10, 6.238966e+01, -1.559454e-01
1.959400e+09, 1.347310e-01, 9.445893e-01, -6.165275e-01, 4.160152e-01, 3.579284e-10, 4.738176e-10, 6.226554e+01, -1.573727e-01
1.963200e+09, 1.343338e-01, 9.446541e-01, -6.250734e-01, 4.047023e-01, 3.569510e-10, 4.738860e-10, 6.213995e+01, -1.587546e-01
1.967000e+09, 1.339220e-01, 9.447205e-01, -6.335960e-01, 3.933878e-01, 3.559345e-10, 4.739561e-10, 6.201296e+01, -1.600903e-01
1.970800e+09, 1.334955e-01, 9.447887e-01, -6.420943e-01, 3.820715e-01, 3.548777e-10, 4.740278e-10, 6.188464e+01, -1.613795e-01
1.974600e+09, 1.330544e-01, 9.448585e-01, -6.505674e-01, 3.707536e-01, 3.537793e-10, 4.741012e-10, 6.175507e+01, -1.626214e-01
1.978400e+09, 1.325988e-01, 9.449299e-01, -6.590143e-01, 3.594339e-01, 3.526382e-10, 4.741762e-10, 6.162433e+01, -1.638155e-01
1.982200e+09, 1.321286e-01, 9.450029e-01, -6.674339e-01, 3.481124e-01, 3.514531e-10, 4.742527e-10, 6.149248e+01, -1.649615e-01
1.986000e+09, 1.316439e-01, 9.450774e-01, -6.758253e-01, 3.367891e-01, 3.502225e-10, 4.743308e-10, 6.135961e+01, -1.660586e-01
1.989800e+09, 1.311449e-01, 9.451534e-01, -6.841872e-01, 3.254640e-01, 3.489451e-10, 4.744104e-10, 6.122578e+01, -1.671066e-01
1.993600e+09, 1.306315e-01, 9.452310e-01, -6.925187e-01, 3.141369e-01, 3.476193e-10, 4.744914e-10, 6.109108e+01, -1.681050e-01
1.997400e+09, 1.301038e-01, 9.453099e-01, -7.008185e-01, 3.028079e-01, 3.462436e-10, 4.745739e-10, 6.095557e+01, -1.690533e-01
2.001200e+09, 1.295619e-01, 9.453903e-01, -7.090854e-01, 2.914769e-01, 3.448164e-10, 4.746578e-10, 6.081934e+01, -1.699511e-01
2.005000e+09, 1.290058e-01, 9.454720e-01, -7.173183e-01, 2.801439e-01, 3.433360e-10, 4.747431e-10, 6.068245e+01, -1.707982e-01
2.008800e+09, 1.284357e-01, 9.455550e-01, -7.255158e-01, 2.688089e-01, 3.418005e-10, 4.748297e-10, 6.054499e+01, -1.715941e-01
2.012600e+09, 1.278515e-01, 9.456393e-01, -7.336767e-01, 2.574718e-01, 3.402082e-10, 4.749176e-10, 6.040702e+01, -1.723385e-01
2.016400e+09, 1.272533e-01, 9.457249e-01, -7.417995e-01, 2.461326e-01, 3.385570e-10, 4.750067e-10, 6.026861e+01, -1.730312e-01
2.020200e+09, 1.266413e-01, 9.458116e-01, -7.498829e-01, 2.347913e-01, 3.368449e-10, 4.750971e-10, 6.012986e+01, -1.736719e-01
2.024000e+09, 1.260155e-01, 9.458995e-01, -7.579255e-01, 2.234479e-01, 3.350697e-10, 4.751886e-10, 5.999081e+01, -1.742602e-01
2.027800e+09, 1.253760e-01, 9.459885e-01, -7.659256e-01, 2.121022e-01, 3.332293e-10, 4.752812e-10, 5.985156e+01, -1.747961e-01
2.031600e+09, 1.247229e-01, 9.460786e-01, -7.738819e-01, 2.007544e-01, 3.313213e-10, 4.753750e-10, 5.971218e+01, -1.752793e-01
2.035400e+09, 1.240562e-01, 9.461697e-01, -7.817925e-01, 1.894043e-01, 3.293432e-10, 4.754698e-10, 5.957272e+01, -1.757097e-01
2.039200e+09, 1.233761e-01, 9.462618e-01, -7.896560e-01, 1.780519e-01, 3.272924e-10, 4.755656e-10, 5.943328e+01, -1.760870e-01
2.043000e+09, 1.226826e-01, 9.463548e-01, -7.974704e-01, 1.666972e-01, 3.251662e-10, 4.756624e-10, 5.929391e+01, -1.764112e-01
2.046800e+09, 1.219759e-01, 9.464487e-01, -8.052341e-01, 1.553403e-01, 3.229619e-10, 4.757601e-10, 5.915469e+01, -1.766821e-01
2.050600e+09, 1.212560e-01, 9.465434e-01, -8.129452e-01, 1.439810e-01, 3.206764e-10, 4.758586e-10, 5.901570e+01, -1.768998e-01
2.054400e+09, 1.205231e-01, 9.466390e-01, -8.206017e-01, 1.326193e-01, 3.183066e-10, 4.759581e-10, 5.887699e+01, -1.770641e-01
2.058200e+09, 1.197773e-01, 9.467353e-01, -8.282016e-01, 1.212553e-01, 3.158493e-10, 4.760583e-10, 5.873864e+01, -1.771751e-01
2.062000e+09, 1.190186e-01, 9.468322e-01, -8.357429e-01, 1.098889e-01, 3.133010e-10, 4.761593e-10, 5.860072e+01, -1.772327e-01
2.065800e+09, 1.182472e-01, 9.469299e-01, -8.432233e-01, 9.852005e-02, 3.106581e-10, 4.762609e-10, 5.846330e+01, -1.772369e-01
2.069600e+09, 1.174633e-01, 9.470281e-01, -8.506406e-01, 8.714880e-02, 3.079169e-10, 4.763633e-10, 5.832645e+01, -1.771878e-01
2.073400e+09, 1.166669e-01, 9.471269e-01, -8.579924e-01, 7.577510e-02, 3.050734e-10, 4.764662e-10, 5.819022e+01, -1.770856e-01
2.077200e+09, 1.158582e-01, 9.472262e-01, -8.652764e-01, 6.439894e-02, 3.021235e-10, 4.765697e-10, 5.805469e+01, -1.769302e-01
2.081000e+09, 1.150373e-01, 9.473260e-01, -8.724899e-01, 5.302031e-02, 2.990627e-10, 4.766738e-10, 5.791993e+01, -1.767218e-01
2.084800e+09, 1.142043e-01, 9.474261e-01, -8.796304e-01, 4.163920e-02, 2.958864e-10, 4.767783e-10, 5.778599e+01, -1.764606e-01
2.088600e+09, 1.133594e-01, 9.475266e-01, -8.866950e-01, 3.025559e-02, 2.925899e-10, 4.768833e-10, 5.765295e+01, -1.761468e-01
2.092400e+09, 1.125028e-01, 9.476275e-01, -8.936809e-01, 1.886948e-02, 2.891680e-10, 4.769886e-10, 5.752086e+01, -1.757805e-01
2.096200e+09, 1.116345e-01, 9.477286e-01, -9.005851e-01, 7.480846e-03, 2.856154e-10, 4.770942e-10, 5.738978e+01, -1.753619e-01
2.100000e+09, 1.107548e-01, 9.478298e-01, -9.074045e-01, -3.910306e-03, 2.819264e-10, 4.772002e-10, 5.725979e+01, -1.748914e-01
2.103800e+09, 1.098638e-01, 9.479313e-01, -9.141358e-01, -1.530399e-02, 2.780952e-10, 4.773064e-10, 5.713094e+01, -1.743693e-01
2.107600e+09, 1.089616e-01, 9.480328e-01, -9.207756e-01, -2.670020e-02, 2.741154e-10, 4.774128e-10, 5.700329e+01, -1.737957e-01
2.111400e+09, 1.080486e-01, 9.481344e-01, -9.273204e-01, -3.809896e-02, 2.699806e-10, 4.775193e-10, 5.687691e+01, -1.731710e-01
2.115200e+09, 1.071247e-01, 9.482360e-01, -9.337665e-01, -4.950026e-02, 2.656837e-10, 4.776259e-10, 5.675184e+01, -1.724957e-01
2.119000e+09, 1.061902e-01, 9.483376e-01, -9.401100e-01, -6.090411e-02, 2.612176e-10, 4.777326e-10, 5.662815e+01, -1.717700e-01
2.122800e+09, 1.052454e-01, 9.484390e-01, -9.463469e-01, -7.231050e-02, 2.565745e-10, 4.778392e-10, 5.650589e+01, -1.709945e-01
2.126600e+09, 1.042903e-01, 9.485403e-01, -9.524729e-01, -8.371944e-02, 2.517463e-10, 4.779458e-10, 5.638512e+01, -1.701694e-01
2.130400e+09, 1.033253e-01, 9.486414e-01, -9.584836e-01, -9.513092e-02, 2.467244e-10, 4.780523e-10, 5.626590e+01, -1.692953e-01
2.134200e+09, 1.023505e-01, 9.487422e-01, -9.643744e-01, -1.065450e-01, 2.414999e-10, 4.781587e-10, 5.614828e+01, -1.683726e-01
2.138000e+09, 1.013661e-01, 9.488427e-01, -9.701405e-01, -1.179615e-01, 2.360632e-10, 4.782649e-10, 5.603232e+01, -1.674018e-01
2.141800e+09, 1.003724e-01, 9.489428e-01, -9.757768e-01, -1.293806e-01, 2.304043e-10, 4.783708e-10, 5.591806e+01, -1.663836e-01
2.145600e+09, 9.936955e-02, 9.490425e-01, -9.812779e-01, -1.408023e-01, 2.245126e-10, 4.784764e-10, 5.580556e+01, -1.653184e-01
2.149400e+09, 9.835786e-02, 9.491418e-01, -9.866384e-01, -1.522264e-01, 2.183770e-10, 4.785816e-10, 5.569487e+01, -1.642067e-01
2.153200e+09, 9.733758e-02, 9.492405e-01, -9.918524e-01, -1.636531e-01, 2.119855e-10, 4.786865e-10, 5.558604e+01, -1.630493e-01
2.157000e+09, 9.630895e-02, 9.493387e-01, -9.969138e-01, -1.750822e-01, 2.053258e-10, 4.787909e-10, 5.547912e+01, -1.618467e-01
2.160800e+09, 9.527226e-02, 9.494362e-01, -1.001816e+00, -1.865139e-01, 1.983848e-10, 4.788949e-10, 5.537416e+01, -1.605997e-01
2.164600e+09, 9.422778e-02, 9.495331e-01, -1.006553e+00, -1.979480e-01, 1.911484e-10, 4.789983e-10, 5.527120e+01, -1.593087e-01
2.168400e+09, 9.317580e-02, 9.496293e-01, -1.011117e+00, -2.093847e-01, 1.836021e-10, 4.791011e-10, 5.517029e+01, -1.579747e-01
2.172200e+09, 9.211664e-02, 9.497246e-01, -1.015500e+00, -2.208237e-01, 1.757304e-10, 4.792032e-10, 5.507148e+01, -1.565982e-01
2.176000e+09, 9.105060e-02, 9.498192e-01, -1.019696e+00, -2.322652e-01, 1.675170e-10, 4.793047e-10, 5.497481e+01, -1.551801e-01
2.179800e+09, 8.997803e-02, 9.499129e-01, -1.023696e+00, -2.437092e-01, 1.589445e-10, 4.794055e-10, 5.488033e+01, -1.537211e-01
2.183600e+09, 8.889926e-02, 9.500056e-01, -1.027491e+00, -2.551555e-01, 1.499949e-10, 4.795054e-10, 5.478808e+01, -1.522220e-01
2.187400e+09, 8.781465e-02, 9.500974e-01, -1.031072e+00, -2.666042e-01, 1.406490e-10, 4.796046e-10, 5.469809e+01, -1.506836e-01
2.191200e+09, 8.672457e-02, 9.501881e-01, -1.034430e+00, -2.780553e-01, 1.308864e-10, 4.797028e-10, 5.461041e+01, -1.491068e-01
2.195000e+09, 8.562942e-02, 9.502778e-01, -1.037555e+00, -2.895087e-01, 1.206860e-10, 4.798002e-10, 5.452509e+01, -1.474924e-01
2.198800e+09, 8.452961e-02, 9.503663e-01, -1.040437e+00, -3.009645e-01, 1.100253e-10, 4.798965e-10, 5.444215e+01, -1.458414e-01
2.202600e+09, 8.342555e-02, 9.504537e-01, -1.043064e+00, -3.124226e-01, 9.888061e-11, 4.799919e-10, 5.436165e+01, -1.441546e-01
2.206400e+09, 8.231769e-02, 9.505399e-01, -1.045425e+00, -3.238829e-01, 8.722726e-11, 4.800861e-10, 5.428360e+01, -1.424329e-01
2.210200e+09, 8.120650e-02, 9.506248e-01, -1.047507e+00, -3.353455e-01, 7.503915e-11, 4.801793e-10, 5.420806e+01, -1.406774e-01
2.214000e+09, 8.009246e-02, 9.507083e-01, -1.049299e+00, -3.468103e-01, 6.228899e-11, 4.802713e-10, 5.413505e+01, -1.388889e-01
2.217800e+09, 7.897609e-02, 9.507905e-01, -1.050786e+00, -3.582773e-01, 4.894820e-11, 4.803622e-10, 5.406462e+01, -1.370686e-01
2.221600e+09, 7.785793e-02, 9.508714e-01, -1.051955e+00, -3.697465e-01, 3.498690e-11, 4.804517e-10, 5.399678e+01, -1.352173e-01
2.225400e+09, 7.673852e-02, 9.509507e-01, -1.052790e+00, -3.812178e-01, 2.037397e-11, 4.805400e-10, 5.393159e+01, -1.333362e-01
2.229200e+09, 7.561847e-02, 9.510286e-01, -1.053277e+00, -3.926912e-01, 5.077009e-12, 4.806270e-10, 5.386905e+01, -1.314262e-01
2.233000e+09, 7.449839e-02, 9.511049e-01, -1.053398e+00, -4.041667e-01, -1.093756e-11, 4.807126e-10, 5.380922e+01, -1.294885e-01
2.236800e+09, 7.337894e-02, 9.511797e-01, -1.053137e+00, -4.156443e-01, -2.770443e-11, 4.807968e-10, 5.375211e+01, -1.275242e-01
2.240600e+09, 7.226080e-02, 9.512528e-01, -1.052475e+00, -4.271238e-01, -4.525932e-11, 4.808795e-10, 5.369775e+01, -1.255344e-01
2.244400e+09, 7.114470e-02, 9.513242e-01, -1.051395e+00, -4.386053e-01, -6.363879e-11, 4.809607e-10, 5.364618e+01, -1.235201e-01
2.248200e+09, 7.003140e-02, 9.513940e-01, -1.049875e+00, -4.500888e-01, -8.288004e-11, 4.810404e-10, 5.359741e+01, -1.214826e-01
2.252000e+09, 6.892170e-02, 9.514619e-01, -1.047896e+00, -4.615742e-01, -1.030207e-10, 4.811186e-10, 5.355147e+01, -1.194230e-01
2.255800e+09, 6.781646e-02, 9.515281e-01, -1.045437e+00, -4.730614e-01, -1.240984e-10, 4.811951e-10, 5.350839e+01, -1.173425e-01
2.259600e+09, 6.671655e-02, 9.515925e-01, -1.042474e+00, -4.845505e-01, -1.461506e-10, 4.812699e-10, 5.346819e+01, -1.152423e-01
2.263400e+09, 6.562294e-02, 9.516550e-01, -1.038984e+00, -4.960413e-01, -1.692136e-10, 4.813431e-10, 5.343090e+01, -1.131237e-01
2.267200e+09, 6.453661e-02, 9.517156e-01, -1.034944e+00, -5.075339e-01, -1.933226e-10, 4.814145e-10, 5.339652e+01, -1.109877e-01
2.271000e+09, 6.345862e-02, 9.517743e-01, -1.030328e+00, -5.190282e-01, -2.185104e-10, 4.814842e-10, 5.336509e+01, -1.088357e-01
2.274800e+09, 6.239008e-02, 9.518309e-01, -1.025111e+00, -5.305242e-01, -2.448067e-10, 4.815521e-10, 5.333661e+01, -1.066689e-01
2.278600e+09, 6.133217e-02, 9.518856e-01, -1.019266e+00, -5.420218e-01, -2.722371e-10, 4.816181e-10, 5.331112e+01, -1.044887e-01
2.282400e+09, 6.028612e-02, 9.519382e-01, -1.012766e+00, -5.535210e-01, -3.008220e-10, 4.816823e-10, 5.328862e+01, -1.022962e-01
2.286200e+09, 5.925325e-02, 9.519887e-01, -1.005584e+00, -5.650216e-01, -3.305750e-10, 4.817446e-10, 5.326913e+01, -1.000927e-01
2.290000e+09, 5.823493e-02, 9.520371e-01, -9.976907e-01, -5.765238e-01, -3.615011e-10, 4.818049e-10, 5.325267e+01, -9.787965e-02
2.293800e+09, 5.723262e-02, 9.520834e-01, -9.890595e-01, -5.880275e-01, -3.935954e-10, 4.818633e-10, 5.323925e+01, -9.565825e-02
2.297600e+09, 5.624785e-02, 9.521275e-01, -9.796619e-01, -5.995325e-01, -4.268404e-10, 4.819197e-10, 5.322888e+01, -9.342984e-02
2.301400e+09, 5.528223e-02, 9.521694e-01, -9.694706e-01, -6.110388e-01, -4.612044e-10, 4.819741e-10, 5.322157e+01, -9.119576e-02
2.305200e+09, 5.433744e-02, 9.522091e-01, -9.584589e-01, -6.225465e-01, -4.966382e-10, 4.820265e-10, 5.321733e+01, -8.895734e-02
2.309000e+09, 5.341527e-02, 9.522465e-01, -9.466011e-01, -6.340554e-01, -5.330733e-10, 4.820768e-10, 5.321618e+01, -8.671593e-02
2.312800e+09, 5.251756e-02, 9.522816e-01, -9.338734e-01, -6.455655e-01, -5.704186e-10, 4.821249e-10, 5.321812e+01, -8.447288e-02
2.316600e+09, 5.164624e-02, 9.523144e-01, -9.202540e-01, -6.570768e-01, -6.085575e-10, 4.821710e-10, 5.322315e+01, -8.222954e-02
2.320400e+09, 5.080330e-02, 9.523448e-01, -9.057240e-01, -6.685892e-01, -6.473458e-10, 4.822149e-10, 5.323129e+01, -7.998727e-02
2.324200e+09, 4.999084e-02, 9.523729e-01, -8.902679e-01, -6.801026e-01, -6.866086e-10, 4.822566e-10, 5.324253e+01, -7.774745e-02
2.328000e+09, 4.921098e-02, 9.523986e-01, -8.738744e-01, -6.916170e-01, -7.261389e-10, 4.822962e-10, 5.325689e+01, -7.551144e-02
2.331800e+09, 4.846591e-02, 9.524220e-01, -8.565370e-01, -7.031323e-01, -7.656952e-10, 4.823335e-10, 5.327436e+01, -7.328060e-02
2.335600e+09, 4.775788e-02, 9.524428e-01, -8.382552e-01, -7.146486e-01, -8.050020e-10, 4.823686e-10, 5.329494e+01, -7.105632e-02
2.339400e+09, 4.708915e-02, 9.524613e-01, -8.190349e-01, -7.261657e-01, -8.437496e-10, 4.824015e-10, 5.331863e+01, -6.883997e-02
2.343200e+09, 4.646200e-02, 9.524773e-01, -7.988894e-01, -7.376835e-01, -8.815961e-10, 4.824321e-10, 5.334544e+01, -6.663292e-02
2.347000e+09, 4.587870e-02, 9.524908e-01, -7.778404e-01, -7.492021e-01, -9.181713e-10, 4.824604e-10, 5.337536e+01, -6.443655e-02
2.350800e+09, 4.534149e-02, 9.525018e-01, -7.559180e-01, -7.607214e-01, -9.530814e-10, 4.824864e-10, 5.340839e+01, -6.225222e-02
2.354600e+09, 4.485256e-02, 9.525103e-01, -7.331621e-01, -7.722413e-01, -9.859168e-10, 4.825102e-10, 5.344452e+01, -6.008131e-02
2.358400e+09, 4.441402e-02, 9.525163e-01, -7.096223e-01, -7.837618e-01, -1.016260e-09, 4.825315e-10, 5.348374e+01, -5.792518e-02
2.362200e+09, 4.402787e-02, 9.525197e-01, -6.853579e-01, -7.952827e-01, -1.043699e-09, 4.825506e-10, 5.352605e+01, -5.578520e-02
2.366000e+09, 4.369597e-02, 9.525206e-01, -6.604385e-01, -8.068042e-01, -1.067835e-09, 4.825673e-10, 5.357145e+01, -5.366273e-02
2.369800e+09, 4.342002e-02, 9.525190e-01, -6.349427e-01, -8.183260e-01, -1.088299e-09, 4.825817e-10, 5.361991e+01, -5.155911e-02
2.373600e+09, 4.320151e-02, 9.525148e-01, -6.089584e-01, -8.298482e-01, -1.104763e-09, 4.825937e-10, 5.367143e+01, -4.947569e-02
2.377400e+09, 4.304173e-02, 9.525080e-01, -5.825809e-01, -8.413706e-01, -1.116953e-09, 4.826033e-10, 5.372601e+01, -4.741383e-02
2.381200e+09, 4.294171e-02, 9.524987e-01, -5.559125e-01, -8.528933e-01, -1.124659e-09, 4.826106e-10, 5.378361e+01, -4.537483e-02
2.385000e+09, 4.290220e-02, 9.524868e-01, -5.290600e-01, -8.644162e-01, -1.127745e-09, 4.826155e-10, 5.384424e+01, -4.336004e-02
2.388800e+09, 4.292372e-02, 9.524723e-01, -5.021338e-01, -8.759392e-01, -1.126154e-09, 4.826180e-10, 5.390788e+01, -4.137077e-02
2.392600e+09, 4.300645e-02, 9.524552e-01, -4.752456e-01, -8.874622e-01, -1.119909e-09, 4.826181e-10, 5.397449e+01, -3.940831e-02
2.396400e+09, 4.315033e-02, 9.524355e-01, -4.485066e-01, -8.989852e-01, -1.109116e-09, 4.826159e-10, 5.404408e+01, -3.747397e-02
2.400200e+09, 4.335497e-02, 9.524132e-01, -4.220252e-01, -9.105082e-01, -1.093956e-09, 4.826112e-10, 5.411662e+01, -3.556903e-02
2.404000e+09, 4.361973e-02, 9.523884e-01, -3.959058e-01, -9.220311e-01, -1.074678e-09, 4.826042e-10, 5.419209e+01, -3.369476e-02
2.407800e+09, 4.394371e-02, 9.523609e-01, -3.702467e-01, -9.335538e-01, -1.051589e-09, 4.825948e-10, 5.427046e+01, -3.185241e-02
2.411600e+09, 4.432577e-02, 9.523309e-01, -3.451388e-01, -9.450763e-01, -1.025044e-09, 4.825831e-10, 5.435172e+01, -3.004324e-02
2.415400e+09, 4.476454e-02, 9.522983e-01, -3.206648e-01, -9.565985e-01, -9.954296e-10, 4.825690e-10, 5.443583e+01, -2.826847e-02
2.419200e+09, 4.525847e-02, 9.522632e-01, -2.968978e-01, -9.681204e-01, -9.631552e-10, 4.825525e-10, 5.452278e+01, -2.652932e-02
2.423000e+09, 4.580585e-02, 9.522254e-01, -2.739014e-01, -9.796418e-01, -9.286373e-10, 4.825336e-10, 5.461253e+01, -2.482700e-02
2.426800e+09, 4.640483e-02, 9.521852e-01, -2.517291e-01, -9.911629e-01, -8.922895e-10, 4.825125e-10, 5.470506e+01, -2.316268e-02
2.430600e+09, 4.705346e-02, 9.521424e-01, -2.304247e-01, -1.002683e+00, -8.545130e-10, 4.824889e-10, 5.480033e+01, -2.153754e-02
2.434400e+09, 4.774970e-02, 9.520970e-01, -2.100223e-01, -1.014203e+00, -8.156881e-10, 4.824631e-10, 5.489831e+01, -1.995273e-02
2.438200e+09, 4.849147e-02, 9.520491e-01, -1.905468e-01, -1.025723e+00, -7.761687e-10, 4.824350e-10, 5.499898e+01, -1.840938e-02
2.442000e+09, 4.927667e-02, 9.519987e-01, -1.720150e-01, -1.037241e+00, -7.362776e-10, 4.824045e-10, 5.510229e+01, -1.690862e-02
2.445800e+09, 5.010315e-02, 9.519459e-01, -1.544355e-01, -1.048759e+00, -6.963043e-10, 4.823718e-10, 5.520822e+01, -1.545153e-02
2.449600e+09, 5.096883e-02, 9.518905e-01, -1.378105e-01, -1.060276e+00, -6.565038e-10, 4.823368e-10, 5.531672e+01, -1.403920e-02
2.453400e+09, 5.187159e-02, 9.518327e-01, -1.221357e-01, -1.071793e+00, -6.170970e-10, 4.822995e-10, 5.542775e+01, -1.267269e-02
2.457200e+09, 5.280941e-02, 9.517724e-01, -1.074019e-01, -1.083308e+00, -5.782713e-10, 4.822600e-10, 5.554128e+01, -1.135304e-02
2.461000e+09, 5.378028e-02, 9.517097e-01, -9.359500e-02, -1.094823e+00, -5.401832e-10, 4.822183e-10, 5.565726e+01, -1.008126e-02
2.464800e+09, 5.478226e-02, 9.516446e-01, -8.069753e-02, -1.106336e+00, -5.029599e-10, 4.821744e-10, 5.577566e+01, -8.858347e-03
2.468600e+09, 5.581348e-02, 9.515771e-01, -6.868881e-02, -1.117849e+00, -4.667022e-10, 4.821283e-10, 5.589642e+01, -7.685284e-03
2.472400e+09, 5.687211e-02, 9.515072e-01, -5.754577e-02, -1.129360e+00, -4.314877e-10, 4.820800e-10, 5.601951e+01, -6.563021e-03
2.476200e+09, 5.795643e-02, 9.514350e-01, -4.724353e-02, -1.140870e+00, -3.973727e-10, 4.820297e-10, 5.614487e+01, -5.492490e-03
2.480000e+09, 5.906477e-02, 9.513605e-01, -3.775582e-02, -1.152379e+00, -3.643958e-10, 4.819772e-10, 5.627245e+01, -4.474599e-03
2.483800e+09, 6.019554e-02, 9.512837e-01, -2.905546e-02, -1.163887e+00, -3.325798e-10, 4.819226e-10, 5.640222e+01, -3.510232e-03
2.487600e+09, 6.134721e-02, 9.512046e-01, -2.111475e-02, -1.175393e+00, -3.019342e-10, 4.818659e-10, 5.653410e+01, -2.600250e-03
2.491400e+09, 6.251834e-02, 9.511233e-01, -1.390574e-02, -1.186898e+00, -2.724579e-10, 4.818072e-10, 5.666806e+01, -1.745492e-03
2.495200e+09, 6.370755e-02, 9.510397e-01, -7.400507e-03, -1.198402e+00, -2.441404e-10, 4.817465e-10, 5.680404e+01, -9.467700e-04
2.499000e+09, 6.491352e-02, 9.509540e-01, -1.571385e-03, -1.209904e+00, -2.169638e-10, 4.816838e-10, 5.694197e+01, -2.048715e-04
2.502800e+09, 6.613501e-02, 9.508661e-01, 3.608865e-03, -1.221405e+00, -1.909044e-10, 4.816192e-10, 5.708181e+01, 4.794406e-04
2.506600e+09, 6.737084e-02, 9.507761e-01, 8.166918e-03, -1.232904e+00, -1.659339e-10, 4.815526e-10, 5.722349e+01, 1.105429e-03
2.510400e+09, 6.861988e-02, 9.506840e-01, 1.212877e-02, -1.244402e+00, -1.420205e-10, 4.814841e-10, 5.736696e+01, 1.672382e-03
2.514200e+09, 6.988105e-02, 9.505899e-01, 1.551967e-02, -1.255898e+00, -1.191299e-10, 4.814138e-10, 5.751215e+01, 2.179615e-03
2.518000e+09, 7.115336e-02, 9.504937e-01, 1.836403e-02, -1.267392e+00, -9.722611e-11, 4.813416e-10, 5.765899e+01, 2.626469e-03
2.521800e+09, 7.243583e-02, 9.503955e-01, 2.068541e-02, -1.278885e+00, -7.627191e-11, 4.812676e-10, 5.780743e+01, 3.012312e-03
2.525600e+09, 7.372754e-02, 9.502953e-01, 2.250648e-02, -1.290375e+00, -5.622965e-11, 4.811919e-10, 5.795740e+01, 3.336540e-03
2.529400e+09, 7.502764e-02, 9.501933e-01, 2.384903e-02, -1.301864e+00, -3.706159e-11, 4.811144e-10, 5.810882e+01, 3.598575e-03
2.533200e+09, 7.633528e-02, 9.500893e-01, 2.473392e-02, -1.313352e+00, -1.873024e-11, 4.810352e-10, 5.826162e+01, 3.797868e-03
2.537000e+09, 7.764969e-02, 9.499835e-01, 2.518112e-02, -1.324837e+00, -1.198671e-12, 4.809543e-10, 5.841575e+01, 3.933898e-03
2.540800e+09, 7.897010e-02, 9.498759e-01, 2.520974e-02, -1.336320e+00, 1.556927e-11, 4.808718e-10, 5.857111e+01, 4.006172e-03
2.544600e+09, 8.029582e-02, 9.497665e-01, 2.483801e-02, -1.347801e+00, 3.160878e-11, 4.807877e-10, 5.872765e+01, 4.014226e-03
2.548400e+09, 8.162614e-02, 9.496554e-01, 2.408331e-02, -1.359281e+00, 4.695398e-11, 4.807021e-10, 5.888527e+01, 3.957624e-03
2.552200e+09, 8.296044e-02, 9.495426e-01, 2.296223e-02, -1.370758e+00, 6.163782e-11, 4.806149e-10, 5.904391e+01, 3.835961e-03
2.556000e+09, 8.429807e-02, 9.494281e-01, 2.149056e-02, -1.382233e+00, 7.569203e-11, 4.805262e-10, 5.920349e+01, 3.648860e-03
2.559800e+09, 8.563845e-02, 9.493121e-01, 1.968333e-02, -1.393706e+00, 8.914706e-11, 4.804360e-10, 5.936392e+01, 3.395975e-03
2.563600e+09, 8.698102e-02, 9.491944e-01, 1.755485e-02, -1.405177e+00, 1.020321e-10, 4.803445e-10, 5.952512e+01, 3.076990e-03
2.567400e+09, 8.832522e-02, 9.490753e-01, 1.511872e-02, -1.416646e+00, 1.143750e-10, 4.802516e-10, 5.968700e+01, 2.691618e-03
2.571200e+09, 8.967053e-02, 9.489546e-01, 1.238789e-02, -1.428113e+00, 1.262025e-10, 4.801573e-10, 5.984949e+01, 2.239605e-03
2.575000e+09, 9.101645e-02, 9.488326e-01, 9.374665e-03, -1.439577e+00, 1.375398e-10, 4.800618e-10, 6.001250e+01, 1.720725e-03
2.578800e+09, 9.236251e-02, 9.487091e-01, 6.090749e-03, -1.451039e+00, 1.484112e-10, 4.799650e-10, 6.017593e+01, 1.134787e-03
2.582600e+09, 9.370823e-02, 9.485843e-01, 2.547267e-03, -1.462499e+00, 1.588397e-10, 4.798669e-10, 6.033970e+01, 4.816285e-04
2.586400e+09, 9.505318e-02, 9.484582e-01, -1.245206e-03, -1.473956e+00, 1.688470e-10, 4.797678e-10, 6.050372e+01, -2.388798e-04
2.590200e+09, 9.639692e-02, 9.483308e-01, -5.276614e-03, -1.485411e+00, 1.784539e-10, 4.796674e-10, 6.066789e+01, -1.026835e-03
2.594000e+09, 9.773905e-02, 9.482023e-01, -9.537397e-03, -1.496864e+00, 1.876800e-10, 4.795660e-10, 6.083212e+01, -1.882303e-03
2.597800e+09, 9.907916e-02, 9.480725e-01, -1.401847e-02, -1.508314e+00, 1.965441e-10, 4.794636e-10, 6.099632e+01, -2.805316e-03
2.601600e+09, 1.004169e-01, 9.479417e-01, -1.871117e-02, -1.519761e+00, 2.050639e-10, 4.793601e-10, 6.116038e+01, -3.795873e-03
2.605400e+09, 1.017518e-01, 9.478098e-01, -2.360730e-02, -1.531207e+00, 2.132560e-10, 4.792557e-10, 6.132422e+01, -4.853942e-03
2.609200e+09, 1.030836e-01, 9.476769e-01, -2.869902e-02, -1.542649e+00, 2.211364e-10, 4.791504e-10, 6.148772e+01, -5.979454e-03
2.613000e+09, 1.044119e-01, 9.475430e-01, -3.397890e-02, -1.554090e+00, 2.287202e-10, 4.790442e-10, 6.165080e+01, -7.172309e-03
2.616800e+09, 1.057364e-01, 9.474082e-01, -3.943985e-02, -1.565527e+00, 2.360217e-10, 4.789371e-10, 6.181334e+01, -8.432372e-03
2.620600e+09, 1.070568e-01, 9.472725e-01, -4.507513e-02, -1.576963e+00, 2.430543e-10, 4.788293e-10, 6.197525e+01, -9.759476e-03
2.624400e+09, 1.083727e-01, 9.471361e-01, -5.087832e-02, -1.588395e+00, 2.498309e-10, 4.787207e-10, 6.213642e+01, -1.115342e-02
2.628200e+09, 1.096838e-01, 9.469988e-01, -5.684331e-02, -1.599825e+00, 2.563637e-10, 4.786115e-10, 6.229676e+01, -1.261395e-02
2.632000e+09, 1.109898e-01, 9.468609e-01, -6.296427e-02, -1.611253e+00, 2.626641e-10, 4.785015e-10, 6.245614e+01, -1.414082e-02
2.635800e+09, 1.122905e-01, 9.467223e-01, -6.923567e-02, -1.622677e+00, 2.687430e-10, 4.783910e-10, 6.261447e+01, -1.573370e-02
2.639600e+09, 1.135855e-01, 9.465830e-01, -7.565220e-02, -1.634099e+00, 2.746109e-10, 4.782799e-10, 6.277164e+01, -1.739226e-02
2.643400e+09, 1.148746e-01, 9.464432e-01, -8.220884e-02, -1.645519e+00, 2.802774e-10, 4.781683e-10, 6.292753e+01, -1.911612e-02
2.647200e+09, 1.161576e-01, 9.463029e-01, -8.890077e-02, -1.656936e+00, 2.857520e-10, 4.780562e-10, 6.308205e+01, -2.090486e-02
2.651000e+09, 1.174340e-01, 9.461622e-01, -9.572342e-02, -1.668350e+00, 2.910434e-10, 4.779437e-10, 6.323508e+01, -2.275803e-02
2.654800e+09, 1.187038e-01, 9.460210e-01, -1.026724e-01, -1.679761e+00, 2.961600e-10, 4.778309e-10, 6.338652e+01, -2.467515e-02
2.658600e+09, 1.199666e-01, 9.458795e-01, -1.097435e-01, -1.691170e+00, 3.011097e-10, 4.777176e-10, 6.353624e+01, -2.665569e-02
2.662400e+09, 1.212221e-01, 9.457377e-01, -1.169329e-01, -1.702576e+00, 3.059001e-10, 4.776041e-10, 6.368415e+01, -2.869911e-02
2.666200e+09, 1.224703e-01, 9.455956e-01, -1.242366e-01, -1.713979e+00, 3.105384e-10, 4.774904e-10, 6.383013e+01, -3.080479e-02
2.670000e+09, 1.237107e-01, 9.454534e-01, -1.316510e-01, -1.725380e+00, 3.150313e-10, 4.773764e-10, 6.397406e+01, -3.297212e-02
2.673800e+09, 1.249433e-01, 9.453110e-01, -1.391727e-01, -1.736778e+00, 3.193853e-10, 4.772623e-10, 6.411584e+01, -3.520043e-02
2.677600e+09, 1.261677e-01, 9.451685e-01, -1.467984e-01, -1.748173e+00, 3.236066e-10, 4.771481e-10, 6.425536e+01, -3.748901e-02
2.681400e+09, 1.273838e-01, 9.450259e-01, -1.545249e-01, -1.759565e+00, 3.277010e-10, 4.770338e-10, 6.439250e+01, -3.983712e-02
2.685200e+09, 1.285913e-01, 9.448834e-01, -1.623491e-01, -1.770955e+00, 3.316741e-10, 4.769195e-10, 6.452716e+01, -4.224400e-02
2.689000e+09, 1.297900e-01, 9.447410e-01, -1.702682e-01, -1.782342e+00, 3.355311e-10, 4.768053e-10, 6.465922e+01, -4.470881e-02
2.692800e+09, 1.309798e-01, 9.445986e-01, -1.782794e-01, -1.793726e+00, 3.392771e-10, 4.766911e-10, 6.478857e+01, -4.723073e-02
2.696600e+09, 1.321604e-01, 9.444565e-01, -1.863800e-01, -1.805108e+00, 3.429169e-10, 4.765770e-10, 6.491511e+01, -4.980885e-02
2.700400e+09, 1.333316e-01, 9.443145e-01, -1.945675e-01, -1.816487e+00, 3.464550e-10, 4.764631e-10, 6.503872e+01, -5.244227e-02
2.704200e+09, 1.344932e-01, 9.441729e-01, -2.028395e-01, -1.827863e+00, 3.498958e-10, 4.763494e-10, 6.515929e+01, -5.513002e-02
2.708000e+09, 1.356451e-01, 9.440316e-01, -2.111937e-01, -1.839236e+00, 3.532435e-10, 4.762360e-10, 6.527673e+01, -5.787112e-02
2.711800e+09, 1.367871e-01, 9.438906e-01, -2.196277e-01, -1.850607e+00, 3.565020e-10, 4.761229e-10, 6.539091e+01, -6.066453e-02
2.715600e+09, 1.379189e-01, 9.437501e-01, -2.281396e-01, -1.861975e+00, 3.596751e-10, 4.760101e-10, 6.550175e+01, -6.350919e-02
2.719400e+09, 1.390404e-01, 9.436101e-01, -2.367273e-01, -1.873340e+00, 3.627664e-10, 4.758978e-10, 6.560913e+01, -6.640401e-02
2.723200e+09, 1.401514e-01, 9.434706e-01, -2.453887e-01, -1.884703e+00, 3.657794e-10, 4.757859e-10, 6.571295e+01, -6.934786e-02
2.727000e+09, 1.412517e-01, 9.433317e-01, -2.541221e-01, -1.896063e+00, 3.687172e-10, 4.756744e-10, 6.581311e+01, -7.233957e-02
2.730800e+09, 1.423412e-01, 9.431934e-01, -2.629256e-01, -1.907420e+00, 3.715831e-10, 4.755635e-10, 6.590951e+01, -7.537793e-02
2.734600e+09, 1.434197e-01, 9.430559e-01, -2.717976e-01, -1.918774e+00, 3.743801e-10, 4.754532e-10, 6.600205e+01, -7.846172e-02
2.738400e+09, 1.444871e-01, 9.429190e-01, -2.807363e-01, -1.930126e+00, 3.771111e-10, 4.753435e-10, 6.609065e+01, -8.158968e-02
2.742200e+09, 1.455431e-01, 9.427830e-01, -2.897403e-01, -1.941476e+00, 3.797787e-10, 4.752344e-10, 6.617520e+01, -8.476050e-02
2.746000e+09, 1.465876e-01, 9.426478e-01, -2.988079e-01, -1.952822e+00, 3.823857e-10, 4.751261e-10, 6.625561e+01, -8.797286e-02
2.749800e+09, 1.476205e-01, 9.425135e-01, -3.079378e-01, -1.964167e+00, 3.849346e-10, 4.750185e-10, 6.633180e+01, -9.122540e-02
2.753600e+09, 1.486416e-01, 9.423801e-01, -3.171285e-01, -1.975508e+00, 3.874277e-10, 4.749117e-10, 6.640368e+01, -9.451673e-02
2.757400e+09, 1.496508e-01, 9.422478e-01, -3.263788e-01, -1.986847e+00, 3.898673e-10, 4.748057e-10, 6.647117e+01, -9.784543e-02
2.761200e+09, 1.506478e-01, 9.421164e-01, -3.356873e-01, -1.998184e+00, 3.922558e-10, 4.747006e-10, 6.653418e+01, -1.012101e-01
2.765000e+09, 1.516326e-01, 9.419862e-01, -3.450528e-01, -2.009518e+00, 3.945953e-10, 4.745965e-10, 6.659263e+01, -1.046091e-01
2.768800e+09, 1.526050e-01, 9.418571e-01, -3.544742e-01, -2.020849e+00, 3.968877e-10, 4.744933e-10, 6.664646e+01, -1.080411e-01
2.772600e+09, 1.535649e-01, 9.417292e-01, -3.639504e-01, -2.032178e+00, 3.991350e-10, 4.743911e-10, 6.669559e+01, -1.115046e-01
2.776400e+09, 1.545120e-01, 9.416025e-01, -3.734801e-01, -2.043505e+00, 4.013392e-10, 4.742900e-10, 6.673994e+01, -1.149979e-01
2.780200e+09, 1.554464e-01, 9.414770e-01, -3.830626e-01, -2.054829e+00, 4.035021e-10, 4.741899e-10, 6.677946e+01, -1.185195e-01
2.784000e+09, 1.563679e-01, 9.413530e-01, -3.926966e-01, -2.066151e+00, 4.056253e-10, 4.740910e-10, 6.681409e+01, -1.220677e-01
2.787800e+09, 1.572762e-01, 9.412302e-01, -4.023814e-01, -2.077470e+00, 4.077106e-10, 4.739933e-10, 6.684375e+01, -1.256411e-01
2.791600e+09, 1.581714e-01, 9.411089e-01, -4.121159e-01, -2.088787e+00, 4.097595e-10, 4.738967e-10, 6.686841e+01, -1.292378e-01
2.795400e+09, 1.590532e-01, 9.409891e-01, -4.218994e-01, -2.100102e+00, 4.117737e-10, 4.738015e-10, 6.688800e+01, -1.328563e-01
2.799200e+09, 1.599215e-01, 9.408707e-01, -4.317309e-01, -2.111415e+00, 4.137547e-10, 4.737075e-10, 6.690249e+01, -1.364949e-01
2.803000e+09, 1.607762e-01, 9.407539e-01, -4.416098e-01, -2.122725e+00, 4.157038e-10, 4.736148e-10, 6.691181e+01, -1.401518e-01
2.806800e+09, 1.616172e-01, 9.406387e-01, -4.515352e-01, -2.134033e+00, 4.176225e-10, 4.735235e-10, 6.691595e+01, -1.438254e-01
2.810600e+09, 1.624444e-01, 9.405251e-01, -4.615064e-01, -2.145339e+00, 4.195120e-10, 4.734337e-10, 6.691485e+01, -1.475139e-01
2.814400e+09, 1.632576e-01, 9.404133e-01, -4.715227e-01, -2.156643e+00, 4.213739e-10, 4.733452e-10, 6.690849e+01, -1.512155e-01
2.818200e+09, 1.640568e-01, 9.403031e-01, -4.815834e-01, -2.167944e+00, 4.232091e-10, 4.732583e-10, 6.689684e+01, -1.549286e-01
2.822000e+09, 1.648418e-01, 9.401946e-01, -4.916880e-01, -2.179244e+00, 4.250191e-10, 4.731729e-10, 6.687987e+01, -1.586513e-01
2.825800e+09, 1.656124e-01, 9.400880e-01, -5.018358e-01, -2.190542e+00, 4.268049e-10, 4.730890e-10, 6.685757e+01, -1.623819e-01
2.829600e+09, 1.663687e-01, 9.399832e-01, -5.120263e-01, -2.201837e+00, 4.285677e-10, 4.730067e-10, 6.682993e+01, -1.661185e-01
2.833400e+09, 1.671104e-01, 9.398803e-01, -5.222588e-01, -2.213131e+00, 4.303085e-10, 4.729260e-10, 6.679692e+01, -1.698593e-01
2.837200e+09, 1.678375e-01, 9.397793e-01, -5.325329e-01, -2.224422e+00, 4.320285e-10, 4.728470e-10, 6.675854e+01, -1.736026e-01
2.841000e+09, 1.685498e-01, 9.396803e-01, -5.428480e-01, -2.235712e+00, 4.337287e-10, 4.727697e-10, 6.671480e+01, -1.773465e-01
2.844800e+09, 1.692473e-01, 9.395832e-01, -5.532038e-01, -2.247000e+00, 4.354101e-10, 4.726942e-10, 6.666569e+01, -1.810893e-01
2.848600e+09, 1.699299e-01, 9.394881e-01, -5.635997e-01, -2.258286e+00, 4.370736e-10, 4.726204e-10, 6.661122e+01, -1.848290e-01
2.852400e+09, 1.705974e-01, 9.393952e-01, -5.740353e-01, -2.269570e+00, 4.387202e-10, 4.725483e-10, 6.655140e+01, -1.885640e-01
2.856200e+09, 1.712497e-01, 9.393043e-01, -5.845102e-01, -2.280853e+00, 4.403508e-10, 4.724782e-10, 6.648623e+01, -1.922923e-01
2.860000e+09, 1.718869e-01, 9.392155e-01, -5.950241e-01, -2.292134e+00, 4.419663e-10, 4.724098e-10, 6.641576e+01, -1.960121e-01
2.863800e+09, 1.725087e-01, 9.391289e-01, -6.055765e-01, -2.303413e+00, 4.435676e-10, 4.723434e-10, 6.633998e+01, -1.997216e-01
2.867600e+09, 1.731150e-01, 9.390445e-01, -6.161672e-01, -2.314691e+00, 4.451555e-10, 4.722788e-10, 6.625894e+01, -2.034190e-01
2.871400e+09, 1.737059e-01, 9.389623e-01, -6.267958e-01, -2.325967e+00, 4.467308e-10, 4.722163e-10, 6.617266e+01, -2.071025e-01
2.875200e+09, 1.742811e-01, 9.388824e-01, -6.374620e-01, -2.337242e+00, 4.482944e-10, 4.721556e-10, 6.608117e+01, -2.107703e-01
2.879000e+09, 1.748406e-01, 9.388047e-01, -6.481655e-01, -2.348515e+00, 4.498470e-10, 4.720970e-10, 6.598453e+01, -2.144206e-01
2.882800e+09, 1.753844e-01, 9.387294e-01, -6.589061e-01, -2.359787e+00, 4.513894e-10, 4.720405e-10, 6.588276e+01, -2.180516e-01
2.886600e+09, 1.759122e-01, 9.386564e-01, -6.696835e-01, -2.371057e+00, 4.529224e-10, 4.719859e-10, 6.577592e+01, -2.216616e-01
2.890400e+09, 1.764242e-01, 9.385857e-01, -6.804975e-01, -2.382327e+00, 4.544466e-10, 4.719335e-10, 6.566405e+01, -2.252486e-01
2.894200e+09, 1.769201e-01, 9.385175e-01, -6.913479e-01, -2.393594e+00, 4.559628e-10, 4.718832e-10, 6.554722e+01, -2.288111e-01
2.898000e+09, 1.773998e-01, 9.384517e-01, -7.022346e-01, -2.404861e+00, 4.574718e-10, 4.718350e-10, 6.542547e+01, -2.323472e-01
2.901800e+09, 1.778634e-01, 9.383883e-01, -7.131572e-01, -2.416127e+00, 4.589741e-10, 4.717889e-10, 6.529887e+01, -2.358553e-01
2.905600e+09, 1.783108e-01, 9.383274e-01, -7.241157e-01, -2.427391e+00, 4.604705e-10, 4.717450e-10, 6.516749e+01, -2.393336e-01
2.909400e+09, 1.787417e-01, 9.382689e-01, -7.351100e-01, -2.438655e+00, 4.619616e-10, 4.717034e-10, 6.503138e+01, -2.427803e-01
2.913200e+09, 1.791563e-01, 9.382130e-01, -7.461398e-01, -2.449917e+00, 4.634482e-10, 4.716639e-10, 6.489063e+01, -2.461939e-01
2.917000e+09, 1.795544e-01, 9.381596e-01, -7.572051e-01, -2.461179e+00, 4.649308e-10, 4.716267e-10, 6.474530e+01, -2.495727e-01
2.920800e+09, 1.799360e-01, 9.381088e-01, -7.683059e-01, -2.472439e+00, 4.664101e-10, 4.715918e-10, 6.459548e+01, -2.529150e-01
2.924600e+09, 1.803009e-01, 9.380605e-01, -7.794419e-01, -2.483699e+00, 4.678867e-10, 4.715591e-10, 6.444124e+01, -2.562192e-01
2.928400e+09, 1.806492e-01, 9.380149e-01, -7.906132e-01, -2.494958e+00, 4.693612e-10, 4.715287e-10, 6.428265e+01, -2.594836e-01
2.932200e+09, 1.809807e-01, 9.379718e-01, -8.018198e-01, -2.506216e+00, 4.708343e-10, 4.715007e-10, 6.411982e+01, -2.627067e-01
2.936000e+09, 1.812954e-01, 9.379313e-01, -8.130614e-01, -2.517474e+00, 4.723066e-10, 4.714749e-10, 6.395283e+01, -2.658870e-01
2.939800e+09, 1.815932e-01, 9.378935e-01, -8.243383e-01, -2.528731e+00, 4.737787e-10, 4.714516e-10, 6.378175e+01, -2.690228e-01
2.943600e+09, 1.818741e-01, 9.378583e-01, -8.356503e-01, -2.539987e+00, 4.752511e-10, 4.714305e-10, 6.360670e+01, -2.721127e-01
2.947400e+09, 1.821381e-01, 9.378258e-01, -8.469974e-01, -2.551243e+00, 4.767245e-10, 4.714119e-10, 6.342775e+01, -2.751551e-01
2.951200e+09, 1.823850e-01, 9.377960e-01, -8.583797e-01, -2.562499e+00, 4.781995e-10, 4.713956e-10, 6.324501e+01, -2.781486e-01
2.955000e+09, 1.826148e-01, 9.377688e-01, -8.697973e-01, -2.573754e+00, 4.796766e-10, 4.713818e-10, 6.305857e+01, -2.810918e-01
2.958800e+09, 1.828276e-01, 9.377443e-01, -8.812501e-01, -2.585009e+00, 4.811565e-10, 4.713703e-10, 6.286854e+01, -2.839831e-01
2.962600e+09, 1.830231e-01, 9.377226e-01, -8.927382e-01, -2.596263e+00, 4.826397e-10, 4.713613e-10, 6.267500e+01, -2.868212e-01
2.966400e+09, 1.832014e-01, 9.377035e-01, -9.042618e-01, -2.607517e+00, 4.841268e-10, 4.713547e-10, 6.247807e+01, -2.896047e-01
2.970200e+09, 1.833624e-01, 9.376872e-01, -9.158209e-01, -2.618771e+00, 4.856185e-10, 4.713505e-10, 6.227785e+01, -2.923322e-01
2.974000e+09, 1.835061e-01, 9.376735e-01, -9.274155e-01, -2.630025e+00, 4.871152e-10, 4.713487e-10, 6.207443e+01, -2.950025e-01
2.977800e+09, 1.836325e-01, 9.376626e-01, -9.390459e-01, -2.641279e+00, 4.886176e-10, 4.713495e-10, 6.186794e+01, -2.976142e-01
2.981600e+09, 1.837415e-01, 9.376545e-01, -9.507122e-01, -2.652533e+00, 4.901263e-10, 4.713526e-10, 6.165846e+01, -3.001660e-01
2.985400e+09, 1.838331e-01, 9.376490e-01, -9.624145e-01, -2.663787e+00, 4.916419e-10, 4.713582e-10, 6.144612e+01, -3.026567e-01
2.989200e+09, 1.839071e-01, 9.376463e-01, -9.741530e-01, -2.675042e+00, 4.931649e-10, 4.713663e-10, 6.123101e+01, -3.050851e-01
2.993000e+09, 1.839638e-01, 9.376463e-01, -9.859279e-01, -2.686296e+00, 4.946960e-10, 4.713769e-10, 6.101326e+01, -3.074499e-01
2.996800e+09, 1.840028e-01, 9.376491e-01, -9.977393e-01, -2.697551e+00, 4.962358e-10, 4.713899e-10, 6.079295e+01, -3.097500e-01
3.000600e+09, 1.840244e-01, 9.376546e-01, -1.009587e+00, -2.708806e+00, 4.977849e-10, 4.714053e-10, 6.057021e+01, -3.119842e-01
3.004400e+09, 1.840283e-01, 9.376628e-01, -1.021473e+00, -2.720061e+00, 4.993438e-10, 4.714232e-10, 6.034514e+01, -3.141514e-01
3.008200e+09, 1.840147e-01, 9.376737e-01, -1.033395e+00, -2.731317e+00, 5.009133e-10, 4.714436e-10, 6.011786e+01, -3.162505e-01
3.012000e+09, 1.839835e-01, 9.376874e-01, -1.045355e+00, -2.742573e+00, 5.024940e-10, 4.714665e-10, 5.988847e+01, -3.182804e-01
3.015800e+09, 1.839346e-01, 9.377037e-01, -1.057352e+00, -2.753830e+00, 5.040865e-10, 4.714918e-10, 5.965708e+01, -3.202402e-01
3.019600e+09, 1.838680e-01, 9.377228e-01, -1.069388e+00, -2.765087e+00, 5.056915e-10, 4.715195e-10, 5.942381e+01, -3.221287e-01
3.023400e+09, 1.837838e-01, 9.377445e-01, -1.081462e+00, -2.776345e+00, 5.073095e-10, 4.715497e-10, 5.918876e+01, -3.239450e-01
3.027200e+09, 1.836819e-01, 9.377689e-01, -1.093575e+00, -2.787604e+00, 5.089414e-10, 4.715823e-10, 5.895203e+01, -3.256881e-01
3.031000e+09, 1.835624e-01, 9.377960e-01, -1.105726e+00, -2.798863e+00, 5.105877e-10, 4.716173e-10, 5.871375e+01, -3.273570e-01
3.034800e+09, 1.834251e-01, 9.378258e-01, -1.117917e+00, -2.810124e+00, 5.122492e-10, 4.716547e-10, 5.847402e+01, -3.289509e-01
3.038600e+09, 1.832701e-01, 9.378582e-01, -1.130148e+00, -2.821385e+00, 5.139266e-10, 4.716945e-10, 5.823295e+01, -3.304688e-01
3.042400e+09, 1.830974e-01, 9.378932e-01, -1.142418e+00, -2.832647e+00, 5.156206e-10, 4.717368e-10, 5.799063e+01, -3.319100e-01
3.046200e+09, 1.829070e-01, 9.379309e-01, -1.154729e+00, -2.843911e+00, 5.173320e-10, 4.717814e-10, 5.774719e+01, -3.332734e-01
3.050000e+09, 1.826989e-01, 9.379712e-01, -1.167081e+00, -2.855175e+00, 5.190614e-10, 4.718283e-10, 5.750273e+01, -3.345584e-01
3.053800e+09, 1.824731e-01, 9.380140e-01, -1.179474e+00, -2.866440e+00, 5.208097e-10, 4.718777e-10, 5.725735e+01, -3.357641e-01
3.057600e+09, 1.822296e-01, 9.380594e-01, -1.191909e+00, -2.877707e+00, 5.225777e-10, 4.719293e-10, 5.701116e+01, -3.368898e-01
3.061400e+09, 1.819685e-01, 9.381073e-01, -1.204386e+00, -2.888975e+00, 5.243661e-10, 4.719833e-10, 5.676426e+01, -3.379347e-01
3.065200e+09, 1.816896e-01, 9.381578e-01, -1.216906e+00, -2.900244e+00, 5.261759e-10, 4.720395e-10, 5.651675e+01, -3.388981e-01
3.069000e+09, 1.813931e-01, 9.382108e-01, -1.229469e+00, -2.911514e+00, 5.280078e-10, 4.720981e-10, 5.626874e+01, -3.397793e-01
3.072800e+09, 1.810790e-01, 9.382663e-01, -1.242076e+00, -2.922786e+00, 5.298627e-10, 4.721588e-10, 5.602033e+01, -3.405776e-01
3.076600e+09, 1.807472e-01, 9.383242e-01, -1.254727e+00, -2.934060e+00, 5.317415e-10, 4.722219e-10, 5.577162e+01, -3.412924e-01
3.080400e+09, 1.803979e-01, 9.383845e-01, -1.267423e+00, -2.945334e+00, 5.336452e-10, 4.722871e-10, 5.552271e+01, -3.419230e-01
3.084200e+09, 1.800310e-01, 9.384473e-01, -1.280164e+00, -2.956611e+00, 5.355747e-10, 4.723545e-10, 5.527370e+01, -3.424689e-01
3.088000e+09, 1.796465e-01, 9.385124e-01, -1.292952e+00, -2.967889e+00, 5.375310e-10, 4.724241e-10, 5.502468e+01, -3.429295e-01
3.091800e+09, 1.792446e-01, 9.385799e-01, -1.305786e+00, -2.979168e+00, 5.395150e-10, 4.724958e-10, 5.477576e+01, -3.433042e-01
3.095600e+09, 1.788252e-01, 9.386497e-01, -1.318667e+00, -2.990450e+00, 5.415279e-10, 4.725697e-10, 5.452702e+01, -3.435925e-01
3.099400e+09, 1.783883e-01, 9.387218e-01, -1.331597e+00, -3.001733e+00, 5.435706e-10, 4.726456e-10, 5.427856e+01, -3.437939e-01
3.103200e+09, 1.779341e-01, 9.387961e-01, -1.344575e+00, -3.013018e+00, 5.456443e-10, 4.727236e-10, 5.403048e+01, -3.439079e-01
3.107000e+09, 1.774625e-01, 9.388727e-01, -1.357603e+00, -3.024305e+00, 5.477502e-10, 4.728036e-10, 5.378287e+01, -3.439340e-01
3.110800e+09, 1.769736e-01, 9.389515e-01, -1.370681e+00, -3.035593e+00, 5.498893e-10, 4.728855e-10, 5.353581e+01, -3.438718e-01
3.114600e+09, 1.764674e-01, 9.390324e-01, -1.383810e+00, -3.046884e+00, 5.520630e-10, 4.729695e-10, 5.328941e+01, -3.437210e-01
3.118400e+09, 1.759441e-01, 9.391155e-01, -1.396991e+00, -3.058177e+00, 5.542724e-10, 4.730554e-10, 5.304374e+01, -3.434811e-01
3.122200e+09, 1.754036e-01, 9.392006e-01, -1.410225e+00, -3.069471e+00, 5.565188e-10, 4.731432e-10, 5.279890e+01, -3.431517e-01
3.126000e+09, 1.748460e-01, 9.392879e-01, -1.423513e+00, -3.080768e+00, 5.588037e-10, 4.732328e-10, 5.255498e+01, -3.427325e-01
3.129800e+09, 1.742715e-01, 9.393771e-01, -1.436855e+00, -3.092067e+00, 5.611284e-10, 4.733243e-10, 5.231205e+01, -3.422233e-01
3.133600e+09, 1.736799e-01, 9.394683e-01, -1.450252e+00, -3.103368e+00, 5.634942e-10, 4.734175e-10, 5.207021e+01, -3.416237e-01
3.137400e+09, 1.730716e-01, 9.395615e-01, -1.463707e+00, -3.114672e+00, 5.659028e-10, 4.735125e-10, 5.182953e+01, -3.409334e-01
3.141200e+09, 1.724464e-01, 9.396565e-01, -1.477218e+00, -3.125977e+00, 5.683557e-10, 4.736093e-10, 5.159011e+01, -3.401522e-01
3.145000e+09, 1.718044e-01, 9.397534e-01, -1.490788e+00, -3.137285e+00, 5.708544e-10, 4.737077e-10, 5.135201e+01, -3.392800e-01
3.148800e+09, 1.711459e-01, 9.398522e-01, -1.504418e+00, 3.134590e+00, 5.734006e-10, 4.738077e-10, 5.111534e+01, -3.383164e-01
3.152600e+09, 1.704708e-01, 9.399527e-01, -1.518109e+00, 3.123277e+00, 5.759961e-10, 4.739093e-10, 5.088015e+01, -3.372614e-01
3.156400e+09, 1.697792e-01, 9.400550e-01, -1.531861e+00, 3.111962e+00, 5.786426e-10, 4.740125e-10, 5.064654e+01, -3.361149e-01
3.160200e+09, 1.690712e-01, 9.401589e-01, -1.545677e+00, 3.100644e+00, 5.813419e-10, 4.741172e-10, 5.041457e+01, -3.348767e-01
3.164000e+09, 1.683470e-01, 9.402645e-01, -1.559557e+00, 3.089324e+00, 5.840960e-10, 4.742234e-10, 5.018433e+01, -3.335468e-01
3.167800e+09, 1.676066e-01, 9.403717e-01, -1.573503e+00, 3.078002e+00, 5.869070e-10, 4.743310e-10, 4.995589e+01, -3.321250e-01
3.171600e+09, 1.668502e-01, 9.404805e-01, -1.587516e+00, 3.066677e+00, 5.897768e-10, 4.744400e-10, 4.972933e+01, -3.306115e-01
3.175400e+09, 1.660778e-01, 9.405907e-01, -1.601598e+00, 3.055349e+00, 5.927076e-10, 4.745504e-10, 4.950472e+01, -3.290062e-01
3.179200e+09, 1.652895e-01, 9.407025e-01, -1.615749e+00, 3.044018e+00, 5.957016e-10, 4.746620e-10, 4.928213e+01, -3.273091e-01
3.183000e+09, 1.644856e-01, 9.408156e-01, -1.629972e+00, 3.032685e+00, 5.987613e-10, 4.747749e-10, 4.906164e+01, -3.255203e-01
3.186800e+09, 1.636660e-01, 9.409301e-01, -1.644268e+00, 3.021350e+00, 6.018889e-10, 4.748890e-10, 4.884331e+01, -3.236400e-01
3.190600e+09, 1.628310e-01, 9.410459e-01, -1.658639e+00, 3.010011e+00, 6.050871e-10, 4.750043e-10, 4.862722e+01, -3.216683e-01
3.194400e+09, 1.619807e-01, 9.411631e-01, -1.673086e+00, 2.998670e+00, 6.083585e-10, 4.751207e-10, 4.841344e+01, -3.196053e-01
3.198200e+09, 1.611152e-01, 9.412814e-01, -1.687611e+00, 2.987326e+00, 6.117057e-10, 4.752381e-10, 4.820203e+01, -3.174513e-01
3.202000e+09, 1.602346e-01, 9.414009e-01, -1.702216e+00, 2.975979e+00, 6.151317e-10, 4.753566e-10, 4.799306e+01, -3.152065e-01
3.205800e+09, 1.593392e-01, 9.415215e-01, -1.716903e+00, 2.964629e+00, 6.186393e-10, 4.754761e-10, 4.778660e+01, -3.128711e-01
3.209600e+09, 1.584290e-01, 9.416432e-01, -1.731674e+00, 2.953277e+00, 6.222317e-10, 4.755965e-10, 4.758271e+01, -3.104456e-01
3.213400e+09, 1.575042e-01, 9.417659e-01, -1.746531e+00, 2.941921e+00, 6.259121e-10, 4.757178e-10, 4.738146e+01, -3.079302e-01
3.217200e+09, 1.565651e-01, 9.418896e-01, -1.761475e+00, 2.930563e+00, 6.296838e-10, 4.758399e-10, 4.718292e+01, -3.053254e-01
3.221000e+09, 1.556117e-01, 9.420142e-01, -1.776509e+00, 2.919202e+00, 6.335502e-10, 4.759628e-10, 4.698714e+01, -3.026315e-01
3.224800e+09, 1.546443e-01, 9.421396e-01, -1.791636e+00, 2.907838e+00, 6.375151e-10, 4.760864e-10, 4.679420e+01, -2.998491e-01
3.228600e+09, 1.536630e-01, 9.422659e-01, -1.806857e+00, 2.896471e+00, 6.415822e-10, 4.762108e-10, 4.660414e+01, -2.969786e-01
3.232400e+09, 1.526680e-01, 9.423930e-01, -1.822176e+00, 2.885101e+00, 6.457554e-10, 4.763358e-10, 4.641705e+01, -2.940206e-01
3.236200e+09, 1.516595e-01, 9.425207e-01, -1.837594e+00, 2.873728e+00, 6.500388e-10, 4.764614e-10, 4.623296e+01, -2.909758e-01
3.240000e+09, 1.506378e-01, 9.426491e-01, -1.853114e+00, 2.862352e+00, 6.544368e-10, 4.765875e-10, 4.605195e+01, -2.878447e-01
3.243800e+09, 1.496030e-01, 9.427781e-01, -1.868740e+00, 2.850972e+00, 6.589537e-10, 4.767142e-10, 4.587407e+01, -2.846280e-01
3.247600e+09, 1.485554e-01, 9.429076e-01, -1.884473e+00, 2.839590e+00, 6.635942e-10, 4.768414e-10, 4.569939e+01, -2.813265e-01
3.251400e+09, 1.474952e-01, 9.430377e-01, -1.900317e+00, 2.828205e+00, 6.683632e-10, 4.769689e-10, 4.552795e+01, -2.779409e-01
3.255200e+09, 1.464225e-01, 9.431681e-01, -1.916275e+00, 2.816817e+00, 6.732657e-10, 4.770968e-10, 4.535982e+01, -2.744721e-01
3.259000e+09, 1.453378e-01, 9.432990e-01, -1.932350e+00, 2.805426e+00, 6.783070e-10, 4.772251e-10, 4.519505e+01, -2.709210e-01
3.262800e+09, 1.442412e-01, 9.434302e-01, -1.948545e+00, 2.794032e+00, 6.834925e-10, 4.773536e-10, 4.503369e+01, -2.672884e-01
3.266600e+09, 1.431330e-01, 9.435617e-01, -1.964864e+00, 2.782634e+00, 6.888281e-10, 4.774824e-10, 4.487581e+01, -2.635753e-01
3.270400e+09, 1.420134e-01, 9.436934e-01, -1.981311e+00, 2.771234e+00, 6.943196e-10, 4.776114e-10, 4.472146e+01, -2.597827e-01
3.274200e+09, 1.408827e-01, 9.438252e-01, -1.997889e+00, 2.759830e+00, 6.999732e-10, 4.777405e-10, 4.457068e+01, -2.559118e-01
3.278000e+09, 1.397413e-01, 9.439572e-01, -2.014601e+00, 2.748424e+00, 7.057954e-10, 4.778697e-10, 4.442354e+01, -2.519636e-01
3.281800e+09, 1.385893e-01, 9.440893e-01, -2.031453e+00, 2.737014e+00, 7.117930e-10, 4.779991e-10, 4.428008e+01, -2.479393e-01
3.285600e+09, 1.374272e-01, 9.442214e-01, -2.048448e+00, 2.725601e+00, 7.179730e-10, 4.781284e-10, 4.414035e+01, -2.438401e-01
3.289400e+09, 1.362553e-01, 9.443534e-01, -2.065590e+00, 2.714186e+00, 7.243426e-10, 4.782577e-10, 4.400441e+01, -2.396674e-01
3.293200e+09, 1.350738e-01, 9.444853e-01, -2.082885e+00, 2.702767e+00, 7.309095e-10, 4.783870e-10, 4.387229e+01, -2.354223e-01
3.297000e+09, 1.338831e-01, 9.446171e-01, -2.100336e+00, 2.691345e+00, 7.376815e-10, 4.785162e-10, 4.374407e+01, -2.311064e-01
3.300800e+09, 1.326836e-01, 9.447487e-01, -2.117949e+00, 2.679919e+00, 7.446669e-10, 4.786452e-10, 4.361977e+01, -2.267211e-01
3.304600e+09, 1.314756e-01, 9.448800e-01, -2.135729e+00, 2.668491e+00, 7.518742e-10, 4.787741e-10, 4.349945e+01, -2.222678e-01
3.308400e+09, 1.302596e-01, 9.450110e-01, -2.153680e+00, 2.657060e+00, 7.593123e-10, 4.789027e-10, 4.338315e+01, -2.177481e-01
3.312200e+09, 1.290359e-01, 9.451417e-01, -2.171810e+00, 2.645626e+00, 7.669903e-10, 4.790312e-10, 4.327092e+01, -2.131635e-01
3.316000e+09, 1.278048e-01, 9.452719e-01, -2.190123e+00, 2.634188e+00, 7.749177e-10, 4.791593e-10, 4.316280e+01, -2.085159e-01
3.319800e+09, 1.265670e-01, 9.454017e-01, -2.208625e+00, 2.622748e+00, 7.831045e-10, 4.792871e-10, 4.305883e+01, -2.038067e-01
3.323600e+09, 1.253227e-01, 9.455310e-01, -2.227322e+00, 2.611304e+00, 7.915607e-10, 4.794146e-10, 4.295907e+01, -1.990379e-01
3.327400e+09, 1.240724e-01, 9.456597e-01, -2.246221e+00, 2.599858e+00, 8.002970e-10, 4.795417e-10, 4.286355e+01, -1.942111e-01
3.331200e+09, 1.228166e-01, 9.457877e-01, -2.265329e+00, 2.588408e+00, 8.093242e-10, 4.796684e-10, 4.277230e+01, -1.893283e-01
3.335000e+09, 1.215559e-01, 9.459151e-01, -2.284653e+00, 2.576956e+00, 8.186535e-10, 4.797946e-10, 4.268538e+01, -1.843914e-01
3.338800e+09, 1.202906e-01, 9.460418e-01, -2.304199e+00, 2.565500e+00, 8.282964e-10, 4.799203e-10, 4.260282e+01, -1.794024e-01
3.342600e+09, 1.190214e-01, 9.461677e-01, -2.323976e+00, 2.554041e+00, 8.382647e-10, 4.800456e-10, 4.252466e+01, -1.743631e-01
3.346400e+09, 1.177488e-01, 9.462928e-01, -2.343990e+00, 2.542580e+00, 8.485705e-10, 4.801702e-10, 4.245093e+01, -1.692758e-01
3.350200e+09, 1.164733e-01, 9.464170e-01, -2.364251e+00, 2.531115e+00, 8.592261e-10, 4.802943e-10, 4.238168e+01, -1.641426e-01
3.354000e+09, 1.151956e-01, 9.465402e-01, -2.384766e+00, 2.519648e+00, 8.702442e-10, 4.804178e-10, 4.231693e+01, -1.589654e-01
3.357800e+09, 1.139162e-01, 9.466625e-01, -2.405544e+00, 2.508177e+00, 8.816374e-10, 4.805407e-10, 4.225672e+01, -1.537467e-01
3.361600e+09, 1.126358e-01, 9.467838e-01, -2.426594e+00, 2.496704e+00, 8.934186e-10, 4.806628e-10, 4.220108e+01, -1.484886e-01
3.365400e+09, 1.113551e-01, 9.469040e-01, -2.447925e+00, 2.485227e+00, 9.056009e-10, 4.807843e-10, 4.215004e+01, -1.431933e-01
3.369200e+09, 1.100747e-01, 9.470230e-01, -2.469547e+00, 2.473748e+00, 9.181971e-10, 4.809050e-10, 4.210365e+01, -1.378633e-01
3.373000e+09, 1.087954e-01, 9.471409e-01, -2.491470e+00, 2.462266e+00, 9.312201e-10, 4.810250e-10, 4.206191e+01, -1.325009e-01
3.376800e+09, 1.075180e-01, 9.472576e-01, -2.513704e+00, 2.450781e+00, 9.446827e-10, 4.811442e-10, 4.202487e+01, -1.271085e-01
3.380600e+09, 1.062431e-01, 9.473729e-01, -2.536260e+00, 2.439293e+00, 9.585972e-10, 4.812626e-10, 4.199256e+01, -1.216885e-01
3.384400e+09, 1.049717e-01, 9.474870e-01, -2.559147e+00, 2.427802e+00, 9.729757e-10, 4.813801e-10, 4.196498e+01, -1.162434e-01
3.388200e+09, 1.037045e-01, 9.475997e-01, -2.582378e+00, 2.416309e+00, 9.878295e-10, 4.814967e-10, 4.194218e+01, -1.107756e-01
3.392000e+09, 1.024424e-01, 9.477109e-01, -2.605964e+00, 2.404813e+00, 1.003169e-09, 4.816125e-10, 4.192418e+01, -1.052878e-01
3.395800e+09, 1.011864e-01, 9.478207e-01, -2.629915e+00, 2.393314e+00, 1.019005e-09, 4.817273e-10, 4.191099e+01, -9.978250e-02
3.399600e+09, 9.993745e-02, 9.479290e-01, -2.654245e+00, 2.381812e+00, 1.035345e-09, 4.818411e-10, 4.190264e+01, -9.426223e-02
3.403400e+09, 9.869644e-02, 9.480357e-01, -2.678965e+00, 2.370307e+00, 1.052197e-09, 4.819539e-10, 4.189915e+01, -8.872961e-02
3.407200e+09, 9.746445e-02, 9.481407e-01, -2.704088e+00, 2.358800e+00, 1.069565e-09, 4.820657e-10, 4.190053e+01, -8.318727e-02
3.411000e+09, 9.624256e-02, 9.482442e-01, -2.729625e+00, 2.347290e+00, 1.087454e-09, 4.821765e-10, 4.190682e+01, -7.763784e-02
3.414800e+09, 9.503187e-02, 9.483459e-01, -2.755589e+00, 2.335778e+00, 1.105865e-09, 4.822861e-10, 4.191801e+01, -7.208397e-02
3.418600e+09, 9.383354e-02, 9.484458e-01, -2.781993e+00, 2.324263e+00, 1.124795e-09, 4.823947e-10, 4.193413e+01, -6.652833e-02
3.422400e+09, 9.264877e-02, 9.485440e-01, -2.808848e+00, 2.312745e+00, 1.144240e-09, 4.825021e-10, 4.195519e+01, -6.097359e-02
3.426200e+09, 9.147881e-02, 9.486403e-01, -2.836168e+00, 2.301225e+00, 1.164192e-09, 4.826082e-10, 4.198120e+01, -5.542243e-02
3.430000e+09, 9.032494e-02, 9.487347e-01, -2.863965e+00, 2.289702e+00, 1.184639e-09, 4.827132e-10, 4.201218e+01, -4.987752e-02
3.433800e+09, 8.918852e-02, 9.488271e-01, -2.892249e+00, 2.278177e+00, 1.205562e-09, 4.828169e-10, 4.204813e+01, -4.434156e-02
3.437600e+09, 8.807091e-02, 9.489176e-01, -2.921033e+00, 2.266649e+00, 1.226939e-09, 4.829194e-10, 4.208906e+01, -3.881723e-02
3.441400e+09, 8.697356e-02, 9.490060e-01, -2.950328e+00, 2.255119e+00, 1.248744e-09, 4.830205e-10, 4.213498e+01, -3.330720e-02
3.445200e+09, 8.589793e-02, 9.490924e-01, -2.980143e+00, 2.243586e+00, 1.270941e-09, 4.831202e-10, 4.218590e+01, -2.781414e-02
3.449000e+09, 8.484555e-02, 9.491766e-01, -3.010488e+00, 2.232051e+00, 1.293489e-09, 4.832186e-10, 4.224182e+01, -2.234073e-02
3.452800e+09, 8.381797e-02, 9.492586e-01, -3.041372e+00, 2.220513e+00, 1.316341e-09, 4.833156e-10, 4.230274e+01, -1.688960e-02
3.456600e+09, 8.281681e-02, 9.493384e-01, -3.072801e+00, 2.208974e+00, 1.339439e-09, 4.834110e-10, 4.236866e+01, -1.146340e-02
3.460400e+09, 8.184370e-02, 9.494160e-01, -3.104781e+00, 2.197432e+00, 1.362720e-09, 4.835050e-10, 4.243960e+01, -6.064747e-03
3.464200e+09, 8.090032e-02, 9.494912e-01, -3.137318e+00, 2.185888e+00, 1.386109e-09, 4.835975e-10, 4.251553e+01, -6.962409e-04
3.468000e+09, 7.998838e-02, 9.495641e-01, 3.112773e+00, 2.174341e+00, 1.409526e-09, 4.836883e-10, 4.259647e+01, 4.639537e-03
3.471800e+09, 7.910959e-02, 9.496346e-01, 3.079119e+00, 2.162793e+00, 1.432878e-09, 4.837776e-10, 4.268242e+01, 9.940032e-03
3.475600e+09, 7.826572e-02, 9.497027e-01, 3.044907e+00, 2.151242e+00, 1.456065e-09, 4.838652e-10, 4.277335e+01, 1.520271e-02
3.479400e+09, 7.745852e-02, 9.497683e-01, 3.010142e+00, 2.139689e+00, 1.478977e-09, 4.839511e-10, 4.286928e+01, 2.042507e-02
3.483200e+09, 7.668976e-02, 9.498313e-01, 2.974830e+00, 2.128134e+00, 1.501498e-09, 4.840353e-10, 4.297019e+01, 2.560464e-02
3.487000e+09, 7.596119e-02, 9.498918e-01, 2.938980e+00, 2.116577e+00, 1.523502e-09, 4.841177e-10, 4.307608e+01, 3.073898e-02
3.490800e+09, 7.527457e-02, 9.499497e-01, 2.902605e+00, 2.105018e+00, 1.544857e-09, 4.841983e-10, 4.318694e+01, 3.582568e-02
3.494600e+09, 7.463160e-02, 9.500049e-01, 2.865719e+00, 2.093458e+00, 1.565425e-09, 4.842771e-10, 4.330275e+01, 4.086236e-02
3.498400e+09, 7.403397e-02, 9.500574e-01, 2.828343e+00, 2.081895e+00, 1.585066e-09, 4.843539e-10, 4.342350e+01, 4.584669e-02
3.502200e+09, 7.348332e-02, 9.501072e-01, 2.790498e+00, 2.070331e+00, 1.603635e-09, 4.844289e-10, 4.354919e+01, 5.077637e-02
3.506000e+09, 7.298121e-02, 9.501542e-01, 2.752209e+00, 2.058764e+00, 1.620991e-09, 4.845019e-10, 4.367979e+01, 5.564914e-02
3.509800e+09, 7.252916e-02, 9.501984e-01, 2.713506e+00, 2.047196e+00, 1.636992e-09, 4.845729e-10, 4.381530e+01, 6.046279e-02
3.513600e+09, 7.212856e-02, 9.502398e-01, 2.674421e+00, 2.035627e+00, 1.651502e-09, 4.846418e-10, 4.395569e+01, 6.521513e-02
3.517400e+09, 7.178072e-02, 9.502783e-01, 2.634990e+00, 2.024055e+00, 1.664393e-09, 4.847087e-10, 4.410095e+01, 6.990404e-02
3.521200e+09, 7.148685e-02, 9.503138e-01, 2.595251e+00, 2.012482e+00, 1.675547e-09, 4.847734e-10, 4.425105e+01, 7.452742e-02
3.525000e+09, 7.124802e-02, 9.503464e-01, 2.555245e+00, 2.000908e+00, 1.684860e-09, 4.848360e-10, 4.440599e+01, 7.908323e-02
3.528800e+09, 7.106517e-02, 9.503760e-01, 2.515017e+00, 1.989332e+00, 1.692239e-09, 4.848964e-10, 4.456573e+01, 8.356948e-02
3.532600e+09, 7.093908e-02, 9.504026e-01, 2.474613e+00, 1.977754e+00, 1.697613e-09, 4.849546e-10, 4.473026e+01, 8.798420e-02
3.536400e+09, 7.087040e-02, 9.504261e-01, 2.434081e+00, 1.966175e+00, 1.700928e-09, 4.850105e-10, 4.489955e+01, 9.232550e-02
3.540200e+09, 7.085960e-02, 9.504465e-01, 2.393469e+00, 1.954595e+00, 1.702150e-09, 4.850641e-10, 4.507357e+01, 9.659151e-02
3.544000e+09, 7.090700e-02, 9.504637e-01, 2.352829e+00, 1.943014e+00, 1.701267e-09, 4.851154e-10, 4.525231e+01, 1.007804e-01
3.547800e+09, 7.101273e-02, 9.504778e-01, 2.312209e+00, 1.931431e+00, 1.698288e-09, 4.851643e-10, 4.543573e+01, 1.048905e-01
3.551600e+09, 7.117679e-02, 9.504887e-01, 2.271661e+00, 1.919847e+00, 1.693244e-09, 4.852108e-10, 4.562381e+01, 1.089199e-01
3.555400e+09, 7.139896e-02, 9.504964e-01, 2.231232e+00, 1.908262e+00, 1.686186e-09, 4.852548e-10, 4.581651e+01, 1.128672e-01
3.559200e+09, 7.167891e-02, 9.505008e-01, 2.190973e+00, 1.896676e+00, 1.677184e-09, 4.852964e-10, 4.601382e+01, 1.167305e-01
3.563000e+09, 7.201611e-02, 9.505020e-01, 2.150928e+00, 1.885089e+00, 1.666327e-09, 4.853355e-10, 4.621568e+01, 1.205084e-01
3.566800e+09, 7.240990e-02, 9.504998e-01, 2.111143e+00, 1.873502e+00, 1.653717e-09, 4.853720e-10, 4.642209e+01, 1.241994e-01
3.570600e+09, 7.285946e-02, 9.504943e-01, 2.071659e+00, 1.861913e+00, 1.639472e-09, 4.854060e-10, 4.663299e+01, 1.278019e-01
3.574400e+09, 7.336386e-02, 9.504854e-01, 2.032514e+00, 1.850323e+00, 1.623717e-09, 4.854374e-10, 4.684835e+01, 1.313145e-01
3.578200e+09, 7.392204e-02, 9.504732e-01, 1.993746e+00, 1.838733e+00, 1.606590e-09, 4.854661e-10, 4.706814e+01, 1.347358e-01
3.582000e+09, 7.453281e-02, 9.504576e-01, 1.955387e+00, 1.827142e+00, 1.588228e-09, 4.854923e-10, 4.729233e+01, 1.380646e-01
3.585800e+09, 7.519491e-02, 9.504385e-01, 1.917467e+00, 1.815550e+00, 1.568776e-09, 4.855157e-10, 4.752086e+01, 1.412994e-01
3.589600e+09, 7.590699e-02, 9.504160e-01, 1.880010e+00, 1.803958e+00, 1.548378e-09, 4.855365e-10, 4.775371e+01, 1.444391e-01
3.593400e+09, 7.666761e-02, 9.503900e-01, 1.843041e+00, 1.792365e+00, 1.527174e-09, 4.855546e-10, 4.799083e+01, 1.474824e-01
3.597200e+09, 7.747528e-02, 9.503605e-01, 1.806578e+00, 1.780772e+00, 1.505304e-09, 4.855699e-10, 4.823218e+01, 1.504282e-01
3.601000e+09, 7.832847e-02, 9.503275e-01, 1.770637e+00, 1.769178e+00, 1.482899e-09, 4.855824e-10, 4.847772e+01, 1.532753e-01
3.604800e+09, 7.922561e-02, 9.502910e-01, 1.735231e+00, 1.757585e+00, 1.460087e-09, 4.855922e-10, 4.872739e+01, 1.560227e-01
3.608600e+09, 8.016509e-02, 9.502510e-01, 1.700370e+00, 1.745991e+00, 1.436986e-09, 4.855992e-10, 4.898117e+01, 1.586694e-01
3.612400e+09, 8.114532e-02, 9.502074e-01, 1.666061e+00, 1.734396e+00, 1.413707e-09, 4.856034e-10, 4.923898e+01, 1.612143e-01
3.616200e+09, 8.216465e-02, 9.501602e-01, 1.632307e+00, 1.722802e+00, 1.390351e-09, 4.856047e-10, 4.950080e+01, 1.636564e-01
3.620000e+09, 8.322149e-02, 9.501095e-01, 1.599111e+00, 1.711208e+00, 1.367012e-09, 4.856032e-10, 4.976656e+01, 1.659950e-01
3.623800e+09, 8.431421e-02, 9.500552e-01, 1.566472e+00, 1.699613e+00, 1.343773e-09, 4.855989e-10, 5.003622e+01, 1.682290e-01
3.627600e+09, 8.544122e-02, 9.499973e-01, 1.534388e+00, 1.688019e+00, 1.320709e-09, 4.855917e-10, 5.030972e+01, 1.703576e-01
3.631400e+09, 8.660096e-02, 9.499358e-01, 1.502854e+00, 1.676425e+00, 1.297886e-09, 4.855816e-10, 5.058700e+01, 1.723801e-01
3.635200e+09, 8.779188e-02, 9.498707e-01, 1.471866e+00, 1.664831e+00, 1.275360e-09, 4.855686e-10, 5.086801e+01, 1.742957e-01
3.639000e+09, 8.901246e-02, 9.498020e-01, 1.441415e+00, 1.653238e+00, 1.253182e-09, 4.855527e-10, 5.115270e+01, 1.761035e-01
3.642800e+09, 9.026122e-02, 9.497297e-01, 1.411494e+00, 1.641645e+00, 1.231395e-09, 4.855339e-10, 5.144099e+01, 1.778030e-01
3.646600e+09, 9.153671e-02, 9.496537e-01, 1.382093e+00, 1.630052e+00, 1.210032e-09, 4.855121e-10, 5.173284e+01, 1.793935e-01
3.650400e+09, 9.283752e-02, 9.495741e-01, 1.353202e+00, 1.618460e+00, 1.189124e-09, 4.854875e-10, 5.202816e+01, 1.808743e-01
3.654200e+09, 9.416229e-02, 9.494909e-01, 1.324811e+00, 1.606868e+00, 1.168692e-09, 4.854599e-10, 5.232691e+01, 1.822448e-01
3.658000e+09, 9.550968e-02, 9.494041e-01, 1.296907e+00, 1.595278e+00, 1.148756e-09, 4.854294e-10, 5.262900e+01, 1.835044e-01
3.661800e+09, 9.687841e-02, 9.493137e-01, 1.269479e+00, 1.583687e+00, 1.129329e-09, 4.853959e-10, 5.293437e+01, 1.846527e-01
3.665600e+09, 9.826723e-02, 9.492196e-01, 1.242515e+00, 1.572098e+00, 1.110419e-09, 4.853596e-10, 5.324296e+01, 1.856890e-01
3.669400e+09, 9.967494e-02, 9.491220e-01, 1.216003e+00, 1.560510e+00, 1.092031e-09, 4.853202e-10, 5.355467e+01, 1.866130e-01
3.673200e+09, 1.011004e-01, 9.490207e-01, 1.189929e+00, 1.548922e+00, 1.074169e-09, 4.852780e-10, 5.386945e+01, 1.874242e-01
3.677000e+09, 1.025424e-01, 9.489159e-01, 1.164282e+00, 1.537335e+00, 1.056832e-09, 4.852328e-10, 5.418720e+01, 1.881220e-01
3.680800e+09, 1.039999e-01, 9.488074e-01, 1.139049e+00, 1.525750e+00, 1.040015e-09, 4.851846e-10, 5.450785e+01, 1.887063e-01
3.684600e+09, 1.054720e-01, 9.486954e-01, 1.114218e+00, 1.514166e+00, 1.023715e-09, 4.851335e-10, 5.483131e+01, 1.891765e-01
3.688400e+09, 1.069574e-01, 9.485797e-01, 1.089775e+00, 1.502583e+00, 1.007925e-09, 4.850795e-10, 5.515751e+01, 1.895324e-01
3.692200e+09, 1.084554e-01, 9.484606e-01, 1.065710e+00, 1.491001e+00, 9.926358e-10, 4.850226e-10, 5.548634e+01, 1.897737e-01
3.696000e+09, 1.099649e-01, 9.483378e-01, 1.042010e+00, 1.479420e+00, 9.778382e-10, 4.849627e-10, 5.581771e+01, 1.899000e-01
3.699800e+09, 1.114851e-01, 9.482116e-01, 1.018663e+00, 1.467841e+00, 9.635218e-10, 4.848999e-10, 5.615155e+01, 1.899111e-01
3.703600e+09, 1.130151e-01, 9.480818e-01, 9.956575e-01, 1.456264e+00, 9.496754e-10, 4.848342e-10, 5.648773e+01, 1.898068e-01
3.707400e+09, 1.145540e-01, 9.479485e-01, 9.729830e-01, 1.444688e+00, 9.362871e-10, 4.847656e-10, 5.682618e+01, 1.895869e-01
3.711200e+09, 1.161010e-01, 9.478117e-01, 9.506281e-01, 1.433113e+00, 9.233446e-10, 4.846941e-10, 5.716678e+01, 1.892512e-01
3.715000e+09, 1.176554e-01, 9.476715e-01, 9.285822e-01, 1.421541e+00, 9.108354e-10, 4.846197e-10, 5.750942e+01, 1.887996e-01
3.718800e+09, 1.192165e-01, 9.475278e-01, 9.068350e-01, 1.409970e+00, 8.987466e-10, 4.845424e-10, 5.785401e+01, 1.882319e-01
3.722600e+09, 1.207834e-01, 9.473807e-01, 8.853765e-01, 1.398401e+00, 8.870653e-10, 4.844623e-10, 5.820042e+01, 1.875481e-01
3.726400e+09, 1.223556e-01, 9.472302e-01, 8.641968e-01, 1.386834e+00, 8.757787e-10, 4.843792e-10, 5.854855e+01, 1.867481e-01
3.730200e+09, 1.239323e-01, 9.470762e-01, 8.432866e-01, 1.375269e+00, 8.648740e-10, 4.842934e-10, 5.889826e+01, 1.858318e-01
3.734000e+09, 1.255129e-01, 9.469190e-01, 8.226368e-01, 1.363706e+00, 8.543384e-10, 4.842046e-10, 5.924945e+01, 1.847994e-01
3.737800e+09, 1.270967e-01, 9.467584e-01, 8.022385e-01, 1.352145e+00, 8.441594e-10, 4.841131e-10, 5.960198e+01, 1.836507e-01
3.741600e+09, 1.286833e-01, 9.465944e-01, 7.820833e-01, 1.340586e+00, 8.343247e-10, 4.840187e-10, 5.995572e+01, 1.823859e-01
3.745400e+09, 1.302719e-01, 9.464272e-01, 7.621629e-01, 1.329030e+00, 8.248222e-10, 4.839215e-10, 6.031055e+01, 1.810050e-01
3.749200e+09, 1.318620e-01, 9.462567e-01, 7.424693e-01, 1.317476e+00, 8.156402e-10, 4.838215e-10, 6.066633e+01, 1.795082e-01
3.753000e+09, 1.334531e-01, 9.460831e-01, 7.229950e-01, 1.305924e+00, 8.067672e-10, 4.837188e-10, 6.102291e+01, 1.778955e-01
3.756800e+09, 1.350447e-01, 9.459062e-01, 7.037325e-01, 1.294374e+00, 7.981919e-10, 4.836132e-10, 6.138015e+01, 1.761673e-01
3.760600e+09, 1.366362e-01, 9.457261e-01, 6.846748e-01, 1.282828e+00, 7.899035e-10, 4.835049e-10, 6.173791e+01, 1.743236e-01
3.764400e+09, 1.382272e-01, 9.455429e-01, 6.658150e-01, 1.271283e+00, 7.818915e-10, 4.833939e-10, 6.209603e+01, 1.723648e-01
3.768200e+09, 1.398172e-01, 9.453566e-01, 6.471465e-01, 1.259742e+00, 7.741457e-10, 4.832801e-10, 6.245436e+01, 1.702911e-01
3.772000e+09, 1.414057e-01, 9.451672e-01, 6.286629e-01, 1.248203e+00, 7.666563e-10, 4.831636e-10, 6.281274e+01, 1.681029e-01
3.775800e+09, 1.429923e-01, 9.449748e-01, 6.103581e-01, 1.236667e+00, 7.594136e-10, 4.830445e-10, 6.317100e+01, 1.658005e-01
3.779600e+09, 1.445765e-01, 9.447794e-01, 5.922263e-01, 1.225134e+00, 7.524086e-10, 4.829226e-10, 6.352899e+01, 1.633843e-01
3.783400e+09, 1.461579e-01, 9.445811e-01, 5.742617e-01, 1.213603e+00, 7.456324e-10, 4.827981e-10, 6.388652e+01, 1.608547e-01
3.787200e+09, 1.477362e-01, 9.443798e-01, 5.564589e-01, 1.202076e+00, 7.390765e-10, 4.826709e-10, 6.424343e+01, 1.582122e-01
3.791000e+09, 1.493109e-01, 9.441756e-01, 5.388127e-01, 1.190552e+00, 7.327325e-10, 4.825411e-10, 6.459953e+01, 1.554573e-01
3.794800e+09, 1.508816e-01, 9.439686e-01, 5.213179e-01, 1.179031e+00, 7.265928e-10, 4.824087e-10, 6.495465e+01, 1.525907e-01
3.798600e+09, 1.524480e-01, 9.437588e-01, 5.039697e-01, 1.167513e+00, 7.206495e-10, 4.822737e-10, 6.530860e+01, 1.496128e-01
3.802400e+09, 1.540097e-01, 9.435462e-01, 4.867633e-01, 1.155998e+00, 7.148956e-10, 4.821361e-10, 6.566119e+01, 1.465243e-01
3.806200e+09, 1.555663e-01, 9.433309e-01, 4.696944e-01, 1.144486e+00, 7.093238e-10, 4.819959e-10, 6.601222e+01, 1.433259e-01
3.810000e+09, 1.571175e-01, 9.431130e-01, 4.527585e-01, 1.132978e+00, 7.039275e-10, 4.818532e-10, 6.636151e+01, 1.400184e-01
3.813800e+09, 1.586630e-01, 9.428924e-01, 4.359515e-01, 1.121473e+00, 6.987003e-10, 4.817080e-10, 6.670884e+01, 1.366026e-01
3.817600e+09, 1.602025e-01, 9.426692e-01, 4.192693e-01, 1.109972e+00, 6.936358e-10, 4.815602e-10, 6.705403e+01, 1.330792e-01
3.821400e+09, 1.617356e-01, 9.424435e-01, 4.027079e-01, 1.098474e+00, 6.887282e-10, 4.814100e-10, 6.739685e+01, 1.294492e-01
3.825200e+09, 1.632619e-01, 9.422153e-01, 3.862638e-01, 1.086980e+00, 6.839717e-10, 4.812573e-10, 6.773711e+01, 1.257135e-01
3.829000e+09, 1.647813e-01, 9.419846e-01, 3.699332e-01, 1.075489e+00, 6.793608e-10, 4.811022e-10, 6.807458e+01, 1.218731e-01
3.832800e+09, 1.662934e-01, 9.417516e-01, 3.537127e-01, 1.064003e+00, 6.748902e-10, 4.809446e-10, 6.840907e+01, 1.179291e-01
3.836600e+09, 1.677980e-01, 9.415162e-01, 3.375990e-01, 1.052519e+00, 6.705550e-10, 4.807847e-10, 6.874034e+01, 1.138825e-01
3.840400e+09, 1.692946e-01, 9.412785e-01, 3.215887e-01, 1.041040e+00, 6.663502e-10, 4.806223e-10, 6.906817e+01, 1.097345e-01
3.844200e+09, 1.707832e-01, 9.410386e-01, 3.056789e-01, 1.029565e+00, 6.622712e-10, 4.804576e-10, 6.939236e+01, 1.054864e-01
3.848000e+09, 1.722633e-01, 9.407965e-01, 2.898664e-01, 1.018093e+00, 6.583135e-10, 4.802906e-10, 6.971267e+01, 1.011393e-01
3.851800e+09, 1.737348e-01, 9.405523e-01, 2.741485e-01, 1.006626e+00, 6.544729e-10, 4.801212e-10, 7.002887e+01, 9.669476e-02
3.855600e+09, 1.751974e-01, 9.403059e-01, 2.585222e-01, 9.951625e-01, 6.507452e-10, 4.799495e-10, 7.034075e+01, 9.215403e-02
3.859400e+09, 1.766508e-01, 9.400576e-01, 2.429849e-01, 9.837031e-01, 6.471265e-10, 4.797756e-10, 7.064807e+01, 8.751861e-02
3.863200e+09, 1.780947e-01, 9.398073e-01, 2.275341e-01, 9.722480e-01, 6.436130e-10, 4.795994e-10, 7.095061e+01, 8.279000e-02
3.867000e+09, 1.795291e-01, 9.395551e-01, 2.121671e-01, 9.607970e-01, 6.402011e-10, 4.794210e-10, 7.124814e+01, 7.796981e-02
3.870800e+09, 1.809535e-01, 9.393011e-01, 1.968816e-01, 9.493503e-01, 6.368873e-10, 4.792404e-10, 7.154042e+01, 7.305967e-02
3.874600e+09, 1.823678e-01, 9.390453e-01, 1.816752e-01, 9.379079e-01, 6.336682e-10, 4.790576e-10, 7.182724e+01, 6.806130e-02
3.878400e+09, 1.837717e-01, 9.387877e-01, 1.665457e-01, 9.264699e-01, 6.305407e-10, 4.788726e-10, 7.210835e+01, 6.297646e-02
3.882200e+09, 1.851651e-01, 9.385285e-01, 1.514908e-01, 9.150363e-01, 6.275016e-10, 4.786856e-10, 7.238355e+01, 5.780701e-02
3.886000e+09, 1.865477e-01, 9.382677e-01, 1.365085e-01, 9.036071e-01, 6.245479e-10, 4.784964e-10, 7.265259e+01, 5.255483e-02
3.889800e+09, 1.879193e-01, 9.380053e-01, 1.215968e-01, 8.921825e-01, 6.216769e-10, 4.783052e-10, 7.291526e+01, 4.722190e-02
3.893600e+09, 1.892796e-01, 9.377415e-01, 1.067535e-01, 8.807624e-01, 6.188858e-10, 4.781119e-10, 7.317133e+01, 4.181024e-02
3.897400e+09, 1.906286e-01, 9.374762e-01, 9.197696e-02, 8.693470e-01, 6.161719e-10, 4.779167e-10, 7.342059e+01, 3.632196e-02
3.901200e+09, 1.919659e-01, 9.372096e-01, 7.726517e-02, 8.579362e-01, 6.135327e-10, 4.777194e-10, 7.366282e+01, 3.075920e-02
3.905000e+09, 1.932914e-01, 9.369418e-01, 6.261640e-02, 8.465301e-01, 6.109659e-10, 4.775202e-10, 7.389781e+01, 2.512419e-02
3.908800e+09, 1.946048e-01, 9.366727e-01, 4.802892e-02, 8.351288e-01, 6.084690e-10, 4.773190e-10, 7.412535e+01, 1.941921e-02
3.912600e+09, 1.959061e-01, 9.364025e-01, 3.350105e-02, 8.237323e-01, 6.060398e-10, 4.771160e-10, 7.434523e+01, 1.364660e-02
3.916400e+09, 1.971950e-01, 9.361313e-01, 1.903118e-02, 8.123406e-01, 6.036762e-10, 4.769111e-10, 7.455726e+01, 7.808750e-03
3.920200e+09, 1.984713e-01, 9.358590e-01, 4.617743e-03, 8.009538e-01, 6.013760e-10, 4.767044e-10, 7.476124e+01, 1.908133e-03
3.924000e+09, 1.997348e-01, 9.355858e-01, -9.740772e-03, 7.895720e-01, 5.991372e-10, 4.764959e-10, 7.495698e+01, -4.052740e-03
3.927800e+09, 2.009854e-01, 9.353118e-01, -2.404584e-02, 7.781951e-01, 5.969580e-10, 4.762857e-10, 7.514429e+01, -1.007130e-02
3.931600e+09, 2.022229e-01, 9.350370e-01, -3.829887e-02, 7.668233e-01, 5.948365e-10, 4.760737e-10, 7.532301e+01, -1.614491e-02
3.935400e+09, 2.034471e-01, 9.347615e-01, -5.250124e-02, 7.554565e-01, 5.927708e-10, 4.758600e-10, 7.549297e+01, -2.227092e-02
3.939200e+09, 2.046578e-01, 9.344854e-01, -6.665430e-02, 7.440948e-01, 5.907592e-10, 4.756447e-10, 7.565399e+01, -2.844658e-02
3.943000e+09, 2.058549e-01, 9.342087e-01, -8.075933e-02, 7.327382e-01, 5.888001e-10, 4.754278e-10, 7.580593e+01, -3.466912e-02
3.946800e+09, 2.070383e-01, 9.339316e-01, -9.481758e-02, 7.213869e-01, 5.868919e-10, 4.752093e-10, 7.594865e+01, -4.093573e-02
3.950600e+09, 2.082076e-01, 9.336540e-01, -1.088303e-01, 7.100407e-01, 5.850330e-10, 4.749893e-10, 7.608199e+01, -4.724356e-02
3.954400e+09, 2.093629e-01, 9.333762e-01, -1.227986e-01, 6.986998e-01, 5.832218e-10, 4.747678e-10, 7.620584e+01, -5.358969e-02
3.958200e+09, 2.105039e-01, 9.330982e-01, -1.367236e-01, 6.873642e-01, 5.814571e-10, 4.745449e-10, 7.632007e+01, -5.997119e-02
3.962000e+09, 2.116305e-01, 9.328200e-01, -1.506066e-01, 6.760340e-01, 5.797373e-10, 4.743205e-10, 7.642458e+01, -6.638510e-02
3.965800e+09, 2.127426e-01, 9.325417e-01, -1.644484e-01, 6.647090e-01, 5.780612e-10, 4.740949e-10, 7.651926e+01, -7.282840e-02
3.969600e+09, 2.138399e-01, 9.322635e-01, -1.782503e-01, 6.533895e-01, 5.764273e-10, 4.738679e-10, 7.660402e+01, -7.929808e-02
3.973400e+09, 2.149224e-01, 9.319854e-01, -1.920131e-01, 6.420754e-01, 5.748345e-10, 4.736397e-10, 7.667878e+01, -8.579108e-02
3.977200e+09, 2.159898e-01, 9.317075e-01, -2.057379e-01, 6.307667e-01, 5.732815e-10, 4.734102e-10, 7.674347e+01, -9.230432e-02
3.981000e+09, 2.170421e-01, 9.314299e-01, -2.194257e-01, 6.194635e-01, 5.717672e-10, 4.731796e-10, 7.679803e+01, -9.883472e-02
3.984800e+09, 2.180792e-01, 9.311526e-01, -2.330772e-01, 6.081658e-01, 5.702904e-10, 4.729479e-10, 7.684242e+01, -1.053792e-01
3.988600e+09, 2.191008e-01, 9.308759e-01, -2.466936e-01, 5.968737e-01, 5.688501e-10, 4.727152e-10, 7.687659e+01, -1.119345e-01
3.992400e+09, 2.201069e-01, 9.305997e-01, -2.602755e-01, 5.855871e-01, 5.674450e-10, 4.724815e-10, 7.690053e+01, -1.184977e-01
3.996200e+09, 2.210972e-01, 9.303241e-01, -2.738239e-01, 5.743061e-01, 5.660742e-10, 4.722468e-10, 7.691421e+01, -1.250655e-01
4.000000e+09, 2.220718e-01, 9.300493e-01, -2.873395e-01, 5.630306e-01, 5.660742e-10, 4.722468e-10, 7.691762e+01, -1.316349e-01
