Frequency [Hz], |S00| [-], |S10| [-], Arg(S00) [-], Arg(S10) [-], Delay 0>0 [s], Delay 0>1 [s], |Z0| [Ohm] , Arg(Z0) [-]
2.000000e+08, 2.672111e-02, 9.663549e-01, 2.023943e+00, -7.629401e-01, 1.094726e-09, 6.043180e-10, 3.907548e+01, 4.804584e-02
2.038000e+08, 2.633199e-02, 9.663609e-01, 1.997805e+00, -7.773688e-01, 1.115964e-09, 6.043292e-10, 3.913747e+01, 4.793174e-02
2.076000e+08, 2.594186e-02, 9.663727e-01, 1.971160e+00, -7.917979e-01, 1.138210e-09, 6.043565e-10, 3.919967e+01, 4.777650e-02
2.114000e+08, 2.555113e-02, 9.663902e-01, 1.943984e+00, -8.062275e-01, 1.161511e-09, 6.043994e-10, 3.926205e+01, 4.758003e-02
2.152000e+08, 2.516028e-02, 9.664133e-01, 1.916252e+00, -8.206582e-01, 1.185915e-09, 6.044574e-10, 3.932454e+01, 4.734227e-02
2.190000e+08, 2.476977e-02, 9.664418e-01, 1.887937e+00, -8.350903e-01, 1.211467e-09, 6.045299e-10, 3.938712e+01, 4.706318e-02
2.228000e+08, 2.438013e-02, 9.664756e-01, 1.859012e+00, -8.495242e-01, 1.238209e-09, 6.046163e-10, 3.944973e+01, 4.674276e-02
2.266000e+08, 2.399187e-02, 9.665144e-01, 1.829448e+00, -8.639600e-01, 1.266182e-09, 6.047161e-10, 3.951233e+01, 4.638103e-02
2.304000e+08, 2.360556e-02, 9.665582e-01, 1.799216e+00, -8.783983e-01, 1.295420e-09, 6.048286e-10, 3.957488e+01, 4.597804e-02
2.342000e+08, 2.322179e-02, 9.666067e-01, 1.768287e+00, -8.928393e-01, 1.325953e-09, 6.049532e-10, 3.963733e+01, 4.553388e-02
2.380000e+08, 2.284117e-02, 9.666597e-01, 1.736628e+00, -9.072832e-01, 1.357804e-09, 6.050890e-10, 3.969965e+01, 4.504866e-02
2.418000e+08, 2.246436e-02, 9.667170e-01, 1.704209e+00, -9.217303e-01, 1.390984e-09, 6.052354e-10, 3.976178e+01, 4.452251e-02
2.456000e+08, 2.209205e-02, 9.667783e-01, 1.670998e+00, -9.361810e-01, 1.425494e-09, 6.053917e-10, 3.982368e+01, 4.395560e-02
2.494000e+08, 2.172495e-02, 9.668433e-01, 1.636963e+00, -9.506354e-01, 1.461322e-09, 6.055571e-10, 3.988531e+01, 4.334812e-02
2.532000e+08, 2.136383e-02, 9.669119e-01, 1.602072e+00, -9.650937e-01, 1.498437e-09, 6.057308e-10, 3.994662e+01, 4.270030e-02
2.570000e+08, 2.100948e-02, 9.669837e-01, 1.566295e+00, -9.795562e-01, 1.536789e-09, 6.059120e-10, 4.000756e+01, 4.201236e-02
2.608000e+08, 2.066274e-02, 9.670585e-01, 1.529603e+00, -9.940231e-01, 1.576306e-09, 6.060999e-10, 4.006810e+01, 4.128459e-02
2.646000e+08, 2.032448e-02, 9.671360e-01, 1.491967e+00, -1.008494e+00, 1.616886e-09, 6.062938e-10, 4.012819e+01, 4.051728e-02
2.684000e+08, 1.999560e-02, 9.672158e-01, 1.453362e+00, -1.022970e+00, 1.658400e-09, 6.064927e-10, 4.018779e+01, 3.971075e-02
2.722000e+08, 1.967705e-02, 9.672978e-01, 1.413766e+00, -1.037451e+00, 1.700683e-09, 6.066959e-10, 4.024684e+01, 3.886536e-02
2.760000e+08, 1.936981e-02, 9.673815e-01, 1.373160e+00, -1.051937e+00, 1.743534e-09, 6.069026e-10, 4.030532e+01, 3.798147e-02
2.798000e+08, 1.907488e-02, 9.674667e-01, 1.331531e+00, -1.066427e+00, 1.786712e-09, 6.071120e-10, 4.036316e+01, 3.705948e-02
2.836000e+08, 1.879331e-02, 9.675531e-01, 1.288871e+00, -1.080922e+00, 1.829934e-09, 6.073232e-10, 4.042033e+01, 3.609983e-02
2.874000e+08, 1.852614e-02, 9.676404e-01, 1.245180e+00, -1.095423e+00, 1.872874e-09, 6.075355e-10, 4.047679e+01, 3.510295e-02
2.912000e+08, 1.827445e-02, 9.677282e-01, 1.200463e+00, -1.109929e+00, 1.915167e-09, 6.077480e-10, 4.053249e+01, 3.406933e-02
2.950000e+08, 1.803932e-02, 9.678163e-01, 1.154736e+00, -1.124439e+00, 1.956405e-09, 6.079600e-10, 4.058738e+01, 3.299946e-02
2.988000e+08, 1.782180e-02, 9.679044e-01, 1.108025e+00, -1.138955e+00, 1.996149e-09, 6.081707e-10, 4.064144e+01, 3.189388e-02
3.026000e+08, 1.762297e-02, 9.679921e-01, 1.060364e+00, -1.153476e+00, 2.033929e-09, 6.083794e-10, 4.069460e+01, 3.075313e-02
3.064000e+08, 1.744385e-02, 9.680792e-01, 1.011802e+00, -1.168001e+00, 2.069261e-09, 6.085854e-10, 4.074683e+01, 2.957779e-02
3.102000e+08, 1.728543e-02, 9.681654e-01, 9.623962e-01, -1.182532e+00, 2.101653e-09, 6.087880e-10, 4.079809e+01, 2.836845e-02
3.140000e+08, 1.714864e-02, 9.682505e-01, 9.122170e-01, -1.197068e+00, 2.130621e-09, 6.089864e-10, 4.084834e+01, 2.712576e-02
3.178000e+08, 1.703436e-02, 9.683340e-01, 8.613460e-01, -1.211608e+00, 2.155706e-09, 6.091801e-10, 4.089753e+01, 2.585036e-02
3.216000e+08, 1.694335e-02, 9.684159e-01, 8.098762e-01, -1.226153e+00, 2.176490e-09, 6.093684e-10, 4.094562e+01, 2.454292e-02
3.254000e+08, 1.687630e-02, 9.684957e-01, 7.579100e-01, -1.240702e+00, 2.192611e-09, 6.095507e-10, 4.099258e+01, 2.320415e-02
3.292000e+08, 1.683378e-02, 9.685734e-01, 7.055590e-01, -1.255256e+00, 2.203781e-09, 6.097264e-10, 4.103836e+01, 2.183477e-02
3.330000e+08, 1.681626e-02, 9.686486e-01, 6.529413e-01, -1.269814e+00, 2.209793e-09, 6.098951e-10, 4.108292e+01, 2.043554e-02
3.368000e+08, 1.682404e-02, 9.687211e-01, 6.001801e-01, -1.284375e+00, 2.210540e-09, 6.100562e-10, 4.112624e+01, 1.900722e-02
3.406000e+08, 1.685731e-02, 9.687907e-01, 5.474010e-01, -1.298941e+00, 2.206009e-09, 6.102093e-10, 4.116826e+01, 1.755063e-02
3.444000e+08, 1.691613e-02, 9.688572e-01, 4.947301e-01, -1.313511e+00, 2.196291e-09, 6.103539e-10, 4.120895e+01, 1.606657e-02
3.482000e+08, 1.700039e-02, 9.689205e-01, 4.422912e-01, -1.328084e+00, 2.181569e-09, 6.104897e-10, 4.124827e+01, 1.455590e-02
3.520000e+08, 1.710988e-02, 9.689803e-01, 3.902039e-01, -1.342660e+00, 2.162115e-09, 6.106163e-10, 4.128620e+01, 1.301948e-02
3.558000e+08, 1.724424e-02, 9.690364e-01, 3.385810e-01, -1.357239e+00, 2.138277e-09, 6.107333e-10, 4.132269e+01, 1.145822e-02
3.596000e+08, 1.740299e-02, 9.690888e-01, 2.875272e-01, -1.371821e+00, 2.110462e-09, 6.108406e-10, 4.135771e+01, 9.873013e-03
3.634000e+08, 1.758556e-02, 9.691374e-01, 2.371376e-01, -1.386405e+00, 2.079121e-09, 6.109378e-10, 4.139123e+01, 8.264812e-03
3.672000e+08, 1.779125e-02, 9.691819e-01, 1.874963e-01, -1.400992e+00, 2.044733e-09, 6.110248e-10, 4.142322e+01, 6.634571e-03
3.710000e+08, 1.801932e-02, 9.692223e-01, 1.386761e-01, -1.415581e+00, 2.007789e-09, 6.111013e-10, 4.145364e+01, 4.983271e-03
3.748000e+08, 1.826893e-02, 9.692585e-01, 9.073791e-02, -1.430172e+00, 1.968776e-09, 6.111674e-10, 4.148247e+01, 3.311914e-03
3.786000e+08, 1.853918e-02, 9.692904e-01, 4.373121e-02, -1.444764e+00, 1.928166e-09, 6.112228e-10, 4.150968e+01, 1.621521e-03
3.824000e+08, 1.882916e-02, 9.693180e-01, -2.305887e-03, -1.459358e+00, 1.886407e-09, 6.112676e-10, 4.153524e+01, -8.686657e-05
3.862000e+08, 1.913790e-02, 9.693412e-01, -4.734593e-02, -1.473952e+00, 1.843910e-09, 6.113017e-10, 4.155912e+01, -1.812189e-03
3.900000e+08, 1.946443e-02, 9.693600e-01, -9.137132e-02, -1.488548e+00, 1.801052e-09, 6.113252e-10, 4.158130e+01, -3.553366e-03
3.938000e+08, 1.980777e-02, 9.693744e-01, -1.343734e-01, -1.503144e+00, 1.758166e-09, 6.113381e-10, 4.160177e+01, -5.309303e-03
3.976000e+08, 2.016692e-02, 9.693844e-01, -1.763516e-01, -1.517740e+00, 1.715542e-09, 6.113406e-10, 4.162048e+01, -7.078885e-03
4.014000e+08, 2.054092e-02, 9.693899e-01, -2.173120e-01, -1.532337e+00, 1.673432e-09, 6.113327e-10, 4.163744e+01, -8.860983e-03
4.052000e+08, 2.092880e-02, 9.693911e-01, -2.572671e-01, -1.546933e+00, 1.632043e-09, 6.113146e-10, 4.165260e+01, -1.065445e-02
4.090000e+08, 2.132964e-02, 9.693879e-01, -2.962339e-01, -1.561529e+00, 1.591548e-09, 6.112865e-10, 4.166597e+01, -1.245813e-02
4.128000e+08, 2.174252e-02, 9.693805e-01, -3.342339e-01, -1.576124e+00, 1.552085e-09, 6.112487e-10, 4.167752e+01, -1.427085e-02
4.166000e+08, 2.216654e-02, 9.693688e-01, -3.712916e-01, -1.590718e+00, 1.513759e-09, 6.112013e-10, 4.168723e+01, -1.609142e-02
4.204000e+08, 2.260085e-02, 9.693530e-01, -4.074343e-01, -1.605311e+00, 1.476649e-09, 6.111448e-10, 4.169510e+01, -1.791864e-02
4.242000e+08, 2.304464e-02, 9.693332e-01, -4.426909e-01, -1.619903e+00, 1.440811e-09, 6.110793e-10, 4.170111e+01, -1.975130e-02
4.280000e+08, 2.349709e-02, 9.693094e-01, -4.770919e-01, -1.634493e+00, 1.406280e-09, 6.110053e-10, 4.170526e+01, -2.158818e-02
4.318000e+08, 2.395744e-02, 9.692818e-01, -5.106683e-01, -1.649081e+00, 1.373072e-09, 6.109231e-10, 4.170753e+01, -2.342806e-02
4.356000e+08, 2.442497e-02, 9.692504e-01, -5.434520e-01, -1.663668e+00, 1.341191e-09, 6.108330e-10, 4.170792e+01, -2.526970e-02
4.394000e+08, 2.489897e-02, 9.692155e-01, -5.754744e-01, -1.678252e+00, 1.310627e-09, 6.107355e-10, 4.170642e+01, -2.711185e-02
4.432000e+08, 2.537877e-02, 9.691772e-01, -6.067670e-01, -1.692834e+00, 1.281361e-09, 6.106310e-10, 4.170303e+01, -2.895325e-02
4.470000e+08, 2.586373e-02, 9.691356e-01, -6.373609e-01, -1.707414e+00, 1.253367e-09, 6.105199e-10, 4.169776e+01, -3.079267e-02
4.508000e+08, 2.635323e-02, 9.690909e-01, -6.672864e-01, -1.721991e+00, 1.226612e-09, 6.104027e-10, 4.169059e+01, -3.262883e-02
4.546000e+08, 2.684668e-02, 9.690432e-01, -6.965732e-01, -1.736565e+00, 1.201061e-09, 6.102798e-10, 4.168154e+01, -3.446048e-02
4.584000e+08, 2.734352e-02, 9.689927e-01, -7.252498e-01, -1.751136e+00, 1.176671e-09, 6.101517e-10, 4.167060e+01, -3.628634e-02
4.622000e+08, 2.784320e-02, 9.689396e-01, -7.533442e-01, -1.765704e+00, 1.153402e-09, 6.100189e-10, 4.165778e+01, -3.810516e-02
4.660000e+08, 2.834522e-02, 9.688841e-01, -7.808829e-01, -1.780269e+00, 1.131210e-09, 6.098818e-10, 4.164310e+01, -3.991566e-02
4.698000e+08, 2.884908e-02, 9.688264e-01, -8.078918e-01, -1.794830e+00, 1.110050e-09, 6.097410e-10, 4.162655e+01, -4.171659e-02
4.736000e+08, 2.935429e-02, 9.687666e-01, -8.343955e-01, -1.809388e+00, 1.089878e-09, 6.095970e-10, 4.160815e+01, -4.350668e-02
4.774000e+08, 2.986041e-02, 9.687050e-01, -8.604175e-01, -1.823943e+00, 1.070649e-09, 6.094501e-10, 4.158792e+01, -4.528467e-02
4.812000e+08, 3.036700e-02, 9.686417e-01, -8.859804e-01, -1.838495e+00, 1.052322e-09, 6.093010e-10, 4.156585e+01, -4.704932e-02
4.850000e+08, 3.087364e-02, 9.685769e-01, -9.111058e-01, -1.853042e+00, 1.034853e-09, 6.091502e-10, 4.154199e+01, -4.879936e-02
4.888000e+08, 3.137991e-02, 9.685109e-01, -9.358140e-01, -1.867586e+00, 1.018201e-09, 6.089981e-10, 4.151633e+01, -5.053356e-02
4.926000e+08, 3.188543e-02, 9.684439e-01, -9.601247e-01, -1.882127e+00, 1.002327e-09, 6.088451e-10, 4.148890e+01, -5.225068e-02
4.964000e+08, 3.238982e-02, 9.683759e-01, -9.840563e-01, -1.896664e+00, 9.871925e-10, 6.086919e-10, 4.145972e+01, -5.394951e-02
5.002000e+08, 3.289272e-02, 9.683073e-01, -1.007627e+00, -1.911197e+00, 9.727611e-10, 6.085388e-10, 4.142882e+01, -5.562881e-02
5.040000e+08, 3.339378e-02, 9.682382e-01, -1.030852e+00, -1.925727e+00, 9.589976e-10, 6.083863e-10, 4.139621e+01, -5.728739e-02
5.078000e+08, 3.389264e-02, 9.681688e-01, -1.053750e+00, -1.940252e+00, 9.458685e-10, 6.082349e-10, 4.136193e+01, -5.892405e-02
5.116000e+08, 3.438899e-02, 9.680994e-01, -1.076333e+00, -1.954775e+00, 9.333418e-10, 6.080850e-10, 4.132599e+01, -6.053762e-02
5.154000e+08, 3.488250e-02, 9.680300e-01, -1.098618e+00, -1.969293e+00, 9.213873e-10, 6.079371e-10, 4.128844e+01, -6.212692e-02
5.192000e+08, 3.537286e-02, 9.679609e-01, -1.120617e+00, -1.983809e+00, 9.099761e-10, 6.077914e-10, 4.124930e+01, -6.369080e-02
5.230000e+08, 3.585978e-02, 9.678923e-01, -1.142344e+00, -1.998320e+00, 8.990808e-10, 6.076485e-10, 4.120860e+01, -6.522813e-02
5.268000e+08, 3.634295e-02, 9.678243e-01, -1.163810e+00, -2.012829e+00, 8.886756e-10, 6.075087e-10, 4.116637e+01, -6.673779e-02
5.306000e+08, 3.682209e-02, 9.677570e-01, -1.185028e+00, -2.027333e+00, 8.787359e-10, 6.073724e-10, 4.112265e+01, -6.821866e-02
5.344000e+08, 3.729692e-02, 9.676908e-01, -1.206009e+00, -2.041835e+00, 8.692384e-10, 6.072399e-10, 4.107748e+01, -6.966967e-02
5.382000e+08, 3.776718e-02, 9.676256e-01, -1.226763e+00, -2.056334e+00, 8.601613e-10, 6.071115e-10, 4.103090e+01, -7.108976e-02
5.420000e+08, 3.823259e-02, 9.675617e-01, -1.247300e+00, -2.070829e+00, 8.514837e-10, 6.069876e-10, 4.098293e+01, -7.247787e-02
5.458000e+08, 3.869290e-02, 9.674993e-01, -1.267630e+00, -2.085322e+00, 8.431861e-10, 6.068684e-10, 4.093363e+01, -7.383299e-02
5.496000e+08, 3.914785e-02, 9.674383e-01, -1.287762e+00, -2.099811e+00, 8.352499e-10, 6.067541e-10, 4.088303e+01, -7.515411e-02
5.534000e+08, 3.959721e-02, 9.673791e-01, -1.307705e+00, -2.114298e+00, 8.276577e-10, 6.066451e-10, 4.083118e+01, -7.644024e-02
5.572000e+08, 4.004072e-02, 9.673216e-01, -1.327466e+00, -2.128783e+00, 8.203930e-10, 6.065416e-10, 4.077811e+01, -7.769045e-02
5.610000e+08, 4.047815e-02, 9.672660e-01, -1.347054e+00, -2.143264e+00, 8.134401e-10, 6.064437e-10, 4.072388e+01, -7.890378e-02
5.648000e+08, 4.090928e-02, 9.672124e-01, -1.366476e+00, -2.157744e+00, 8.067844e-10, 6.063516e-10, 4.066852e+01, -8.007935e-02
5.686000e+08, 4.133387e-02, 9.671609e-01, -1.385739e+00, -2.172221e+00, 8.004121e-10, 6.062655e-10, 4.061209e+01, -8.121625e-02
5.724000e+08, 4.175169e-02, 9.671117e-01, -1.404849e+00, -2.186696e+00, 7.943099e-10, 6.061855e-10, 4.055463e+01, -8.231365e-02
5.762000e+08, 4.216254e-02, 9.670646e-01, -1.423814e+00, -2.201170e+00, 7.884657e-10, 6.061117e-10, 4.049619e+01, -8.337071e-02
5.800000e+08, 4.256620e-02, 9.670200e-01, -1.442640e+00, -2.215641e+00, 7.828677e-10, 6.060442e-10, 4.043681e+01, -8.438663e-02
5.838000e+08, 4.296246e-02, 9.669777e-01, -1.461332e+00, -2.230111e+00, 7.775049e-10, 6.059831e-10, 4.037656e+01, -8.536065e-02
5.876000e+08, 4.335111e-02, 9.669378e-01, -1.479896e+00, -2.244580e+00, 7.723670e-10, 6.059284e-10, 4.031547e+01, -8.629202e-02
5.914000e+08, 4.373196e-02, 9.669005e-01, -1.498337e+00, -2.259047e+00, 7.674441e-10, 6.058802e-10, 4.025360e+01, -8.718002e-02
5.952000e+08, 4.410479e-02, 9.668657e-01, -1.516660e+00, -2.273513e+00, 7.627271e-10, 6.058384e-10, 4.019101e+01, -8.802398e-02
5.990000e+08, 4.446942e-02, 9.668335e-01, -1.534871e+00, -2.287978e+00, 7.582072e-10, 6.058030e-10, 4.012773e+01, -8.882324e-02
6.028000e+08, 4.482566e-02, 9.668038e-01, -1.552974e+00, -2.302442e+00, 7.538763e-10, 6.057741e-10, 4.006383e+01, -8.957720e-02
6.066000e+08, 4.517332e-02, 9.667767e-01, -1.570974e+00, -2.316906e+00, 7.497265e-10, 6.057514e-10, 3.999936e+01, -9.028525e-02
6.104000e+08, 4.551220e-02, 9.667523e-01, -1.588874e+00, -2.331369e+00, 7.457506e-10, 6.057351e-10, 3.993437e+01, -9.094685e-02
6.142000e+08, 4.584214e-02, 9.667304e-01, -1.606680e+00, -2.345832e+00, 7.419416e-10, 6.057249e-10, 3.986892e+01, -9.156148e-02
6.180000e+08, 4.616294e-02, 9.667111e-01, -1.624395e+00, -2.360294e+00, 7.382932e-10, 6.057207e-10, 3.980306e+01, -9.212864e-02
6.218000e+08, 4.647444e-02, 9.666944e-01, -1.642022e+00, -2.374756e+00, 7.347990e-10, 6.057225e-10, 3.973684e+01, -9.264790e-02
6.256000e+08, 4.677647e-02, 9.666802e-01, -1.659566e+00, -2.389218e+00, 7.314535e-10, 6.057301e-10, 3.967033e+01, -9.311882e-02
6.294000e+08, 4.706884e-02, 9.666685e-01, -1.677031e+00, -2.403681e+00, 7.282511e-10, 6.057433e-10, 3.960357e+01, -9.354103e-02
6.332000e+08, 4.735140e-02, 9.666592e-01, -1.694418e+00, -2.418144e+00, 7.251867e-10, 6.057620e-10, 3.953663e+01, -9.391419e-02
6.370000e+08, 4.762398e-02, 9.666524e-01, -1.711733e+00, -2.432607e+00, 7.222555e-10, 6.057859e-10, 3.946955e+01, -9.423797e-02
6.408000e+08, 4.788642e-02, 9.666480e-01, -1.728978e+00, -2.447071e+00, 7.194531e-10, 6.058149e-10, 3.940239e+01, -9.451211e-02
6.446000e+08, 4.813856e-02, 9.666458e-01, -1.746155e+00, -2.461535e+00, 7.167752e-10, 6.058488e-10, 3.933521e+01, -9.473637e-02
6.484000e+08, 4.838025e-02, 9.666459e-01, -1.763269e+00, -2.476001e+00, 7.142177e-10, 6.058874e-10, 3.926806e+01, -9.491055e-02
6.522000e+08, 4.861134e-02, 9.666481e-01, -1.780322e+00, -2.490467e+00, 7.117771e-10, 6.059303e-10, 3.920101e+01, -9.503450e-02
6.560000e+08, 4.883167e-02, 9.666525e-01, -1.797316e+00, -2.504934e+00, 7.094497e-10, 6.059774e-10, 3.913410e+01, -9.510807e-02
6.598000e+08, 4.904109e-02, 9.666588e-01, -1.814255e+00, -2.519402e+00, 7.072324e-10, 6.060285e-10, 3.906739e+01, -9.513120e-02
6.636000e+08, 4.923947e-02, 9.666672e-01, -1.831141e+00, -2.533872e+00, 7.051221e-10, 6.060833e-10, 3.900093e+01, -9.510383e-02
6.674000e+08, 4.942666e-02, 9.666773e-01, -1.847977e+00, -2.548343e+00, 7.031160e-10, 6.061414e-10, 3.893479e+01, -9.502596e-02
6.712000e+08, 4.960253e-02, 9.666892e-01, -1.864765e+00, -2.562815e+00, 7.012116e-10, 6.062028e-10, 3.886901e+01, -9.489761e-02
6.750000e+08, 4.976693e-02, 9.667028e-01, -1.881507e+00, -2.577289e+00, 6.994064e-10, 6.062670e-10, 3.880365e+01, -9.471886e-02
6.788000e+08, 4.991974e-02, 9.667180e-01, -1.898206e+00, -2.591764e+00, 6.976982e-10, 6.063338e-10, 3.873877e+01, -9.448982e-02
6.826000e+08, 5.006083e-02, 9.667346e-01, -1.914864e+00, -2.606241e+00, 6.960851e-10, 6.064031e-10, 3.867441e+01, -9.421064e-02
6.864000e+08, 5.019006e-02, 9.667526e-01, -1.931484e+00, -2.620720e+00, 6.945651e-10, 6.064744e-10, 3.861064e+01, -9.388150e-02
6.902000e+08, 5.030732e-02, 9.667719e-01, -1.948067e+00, -2.635200e+00, 6.931368e-10, 6.065475e-10, 3.854750e+01, -9.350264e-02
6.940000e+08, 5.041248e-02, 9.667924e-01, -1.964617e+00, -2.649682e+00, 6.917986e-10, 6.066221e-10, 3.848505e+01, -9.307432e-02
6.978000e+08, 5.050543e-02, 9.668140e-01, -1.981134e+00, -2.664166e+00, 6.905492e-10, 6.066981e-10, 3.842334e+01, -9.259686e-02
7.016000e+08, 5.058604e-02, 9.668365e-01, -1.997622e+00, -2.678651e+00, 6.893876e-10, 6.067750e-10, 3.836243e+01, -9.207061e-02
7.054000e+08, 5.065422e-02, 9.668600e-01, -2.014082e+00, -2.693139e+00, 6.883128e-10, 6.068527e-10, 3.830235e+01, -9.149595e-02
7.092000e+08, 5.070984e-02, 9.668842e-01, -2.030516e+00, -2.707628e+00, 6.873241e-10, 6.069309e-10, 3.824317e+01, -9.087332e-02
7.130000e+08, 5.075280e-02, 9.669091e-01, -2.046927e+00, -2.722119e+00, 6.864210e-10, 6.070093e-10, 3.818494e+01, -9.020319e-02
7.168000e+08, 5.078300e-02, 9.669345e-01, -2.063316e+00, -2.736612e+00, 6.856030e-10, 6.070878e-10, 3.812770e+01, -8.948607e-02
7.206000e+08, 5.080033e-02, 9.669605e-01, -2.079685e+00, -2.751107e+00, 6.848699e-10, 6.071660e-10, 3.807151e+01, -8.872250e-02
7.244000e+08, 5.080470e-02, 9.669868e-01, -2.096037e+00, -2.765604e+00, 6.842217e-10, 6.072438e-10, 3.801640e+01, -8.791309e-02
7.282000e+08, 5.079602e-02, 9.670134e-01, -2.112374e+00, -2.780102e+00, 6.836585e-10, 6.073209e-10, 3.796244e+01, -8.705846e-02
7.320000e+08, 5.077419e-02, 9.670402e-01, -2.128697e+00, -2.794603e+00, 6.831808e-10, 6.073971e-10, 3.790966e+01, -8.615927e-02
7.358000e+08, 5.073912e-02, 9.670672e-01, -2.145009e+00, -2.809105e+00, 6.827889e-10, 6.074722e-10, 3.785811e+01, -8.521625e-02
7.396000e+08, 5.069073e-02, 9.670942e-01, -2.161311e+00, -2.823609e+00, 6.824837e-10, 6.075460e-10, 3.780784e+01, -8.423013e-02
7.434000e+08, 5.062894e-02, 9.671211e-01, -2.177606e+00, -2.838115e+00, 6.822661e-10, 6.076184e-10, 3.775889e+01, -8.320171e-02
7.472000e+08, 5.055367e-02, 9.671479e-01, -2.193896e+00, -2.852623e+00, 6.821372e-10, 6.076892e-10, 3.771131e+01, -8.213180e-02
7.510000e+08, 5.046484e-02, 9.671744e-01, -2.210183e+00, -2.867132e+00, 6.820985e-10, 6.077581e-10, 3.766514e+01, -8.102128e-02
7.548000e+08, 5.036238e-02, 9.672008e-01, -2.226469e+00, -2.881643e+00, 6.821515e-10, 6.078252e-10, 3.762042e+01, -7.987104e-02
7.586000e+08, 5.024622e-02, 9.672267e-01, -2.242756e+00, -2.896155e+00, 6.822980e-10, 6.078902e-10, 3.757719e+01, -7.868202e-02
7.624000e+08, 5.011629e-02, 9.672523e-01, -2.259046e+00, -2.910669e+00, 6.825402e-10, 6.079531e-10, 3.753549e+01, -7.745519e-02
7.662000e+08, 4.997254e-02, 9.672774e-01, -2.275343e+00, -2.925185e+00, 6.828805e-10, 6.080137e-10, 3.749537e+01, -7.619156e-02
7.700000e+08, 4.981490e-02, 9.673019e-01, -2.291647e+00, -2.939702e+00, 6.833215e-10, 6.080719e-10, 3.745686e+01, -7.489219e-02
7.738000e+08, 4.964331e-02, 9.673259e-01, -2.307962e+00, -2.954220e+00, 6.838662e-10, 6.081277e-10, 3.742000e+01, -7.355815e-02
7.776000e+08, 4.945773e-02, 9.673493e-01, -2.324290e+00, -2.968740e+00, 6.845178e-10, 6.081810e-10, 3.738482e+01, -7.219055e-02
7.814000e+08, 4.925811e-02, 9.673720e-01, -2.340634e+00, -2.983261e+00, 6.852800e-10, 6.082318e-10, 3.735136e+01, -7.079054e-02
7.852000e+08, 4.904439e-02, 9.673940e-01, -2.356996e+00, -2.997783e+00, 6.861568e-10, 6.082799e-10, 3.731966e+01, -6.935931e-02
7.890000e+08, 4.881654e-02, 9.674153e-01, -2.373378e+00, -3.012307e+00, 6.871526e-10, 6.083254e-10, 3.728975e+01, -6.789807e-02
7.928000e+08, 4.857452e-02, 9.674358e-01, -2.389785e+00, -3.026831e+00, 6.882723e-10, 6.083684e-10, 3.726166e+01, -6.640807e-02
7.966000e+08, 4.831830e-02, 9.674556e-01, -2.406218e+00, -3.041356e+00, 6.895210e-10, 6.084087e-10, 3.723542e+01, -6.489057e-02
8.004000e+08, 4.804784e-02, 9.674745e-01, -2.422681e+00, -3.055883e+00, 6.909046e-10, 6.084463e-10, 3.721107e+01, -6.334689e-02
8.042000e+08, 4.776311e-02, 9.674926e-01, -2.439177e+00, -3.070410e+00, 6.924295e-10, 6.084814e-10, 3.718863e+01, -6.177836e-02
8.080000e+08, 4.746410e-02, 9.675100e-01, -2.455710e+00, -3.084938e+00, 6.941024e-10, 6.085140e-10, 3.716813e+01, -6.018635e-02
8.118000e+08, 4.715077e-02, 9.675264e-01, -2.472282e+00, -3.099467e+00, 6.959310e-10, 6.085441e-10, 3.714961e+01, -5.857223e-02
8.156000e+08, 4.682313e-02, 9.675421e-01, -2.488899e+00, -3.113997e+00, 6.979236e-10, 6.085717e-10, 3.713307e+01, -5.693743e-02
8.194000e+08, 4.648114e-02, 9.675569e-01, -2.505562e+00, -3.128527e+00, 7.000891e-10, 6.085969e-10, 3.711857e+01, -5.528340e-02
8.232000e+08, 4.612482e-02, 9.675709e-01, -2.522278e+00, 3.140127e+00, 7.024373e-10, 6.086199e-10, 3.710610e+01, -5.361158e-02
8.270000e+08, 4.575414e-02, 9.675841e-01, -2.539049e+00, 3.125596e+00, 7.049791e-10, 6.086407e-10, 3.709570e+01, -5.192348e-02
8.308000e+08, 4.536912e-02, 9.675964e-01, -2.555881e+00, 3.111064e+00, 7.077262e-10, 6.086594e-10, 3.708740e+01, -5.022060e-02
8.346000e+08, 4.496976e-02, 9.676080e-01, -2.572779e+00, 3.096531e+00, 7.106914e-10, 6.086761e-10, 3.708120e+01, -4.850447e-02
8.384000e+08, 4.455606e-02, 9.676189e-01, -2.589748e+00, 3.081998e+00, 7.138889e-10, 6.086910e-10, 3.707713e+01, -4.677665e-02
8.422000e+08, 4.412805e-02, 9.676289e-01, -2.606792e+00, 3.067465e+00, 7.173342e-10, 6.087041e-10, 3.707521e+01, -4.503869e-02
8.460000e+08, 4.368573e-02, 9.676383e-01, -2.623920e+00, 3.052932e+00, 7.210442e-10, 6.087156e-10, 3.707545e+01, -4.329220e-02
8.498000e+08, 4.322914e-02, 9.676470e-01, -2.641135e+00, 3.038398e+00, 7.250375e-10, 6.087256e-10, 3.707788e+01, -4.153877e-02
8.536000e+08, 4.275830e-02, 9.676550e-01, -2.658446e+00, 3.023864e+00, 7.293348e-10, 6.087343e-10, 3.708249e+01, -3.978001e-02
8.574000e+08, 4.227325e-02, 9.676624e-01, -2.675860e+00, 3.009330e+00, 7.339585e-10, 6.087417e-10, 3.708932e+01, -3.801757e-02
8.612000e+08, 4.177402e-02, 9.676692e-01, -2.693384e+00, 2.994795e+00, 7.389336e-10, 6.087482e-10, 3.709837e+01, -3.625309e-02
8.650000e+08, 4.126067e-02, 9.676754e-01, -2.711027e+00, 2.980261e+00, 7.442876e-10, 6.087537e-10, 3.710965e+01, -3.448822e-02
8.688000e+08, 4.073324e-02, 9.676811e-01, -2.728798e+00, 2.965726e+00, 7.500511e-10, 6.087585e-10, 3.712317e+01, -3.272462e-02
8.726000e+08, 4.019179e-02, 9.676863e-01, -2.746706e+00, 2.951191e+00, 7.562577e-10, 6.087627e-10, 3.713894e+01, -3.096398e-02
8.764000e+08, 3.963638e-02, 9.676911e-01, -2.764762e+00, 2.936657e+00, 7.629450e-10, 6.087664e-10, 3.715696e+01, -2.920798e-02
8.802000e+08, 3.906710e-02, 9.676954e-01, -2.782979e+00, 2.922122e+00, 7.701546e-10, 6.087699e-10, 3.717725e+01, -2.745831e-02
8.840000e+08, 3.848402e-02, 9.676994e-01, -2.801367e+00, 2.907587e+00, 7.779332e-10, 6.087732e-10, 3.719980e+01, -2.571665e-02
8.878000e+08, 3.788722e-02, 9.677030e-01, -2.819941e+00, 2.893051e+00, 7.863325e-10, 6.087766e-10, 3.722462e+01, -2.398471e-02
8.916000e+08, 3.727681e-02, 9.677064e-01, -2.838715e+00, 2.878516e+00, 7.954108e-10, 6.087801e-10, 3.725172e+01, -2.226419e-02
8.954000e+08, 3.665289e-02, 9.677095e-01, -2.857707e+00, 2.863981e+00, 8.052333e-10, 6.087839e-10, 3.728109e+01, -2.055680e-02
8.992000e+08, 3.601558e-02, 9.677123e-01, -2.876933e+00, 2.849445e+00, 8.158733e-10, 6.087882e-10, 3.731273e+01, -1.886423e-02
9.030000e+08, 3.536501e-02, 9.677150e-01, -2.896413e+00, 2.834910e+00, 8.274135e-10, 6.087931e-10, 3.734664e+01, -1.718818e-02
9.068000e+08, 3.470132e-02, 9.677175e-01, -2.916168e+00, 2.820374e+00, 8.399473e-10, 6.087988e-10, 3.738281e+01, -1.553036e-02
9.106000e+08, 3.402468e-02, 9.677199e-01, -2.936223e+00, 2.805839e+00, 8.535806e-10, 6.088052e-10, 3.742125e+01, -1.389246e-02
9.144000e+08, 3.333524e-02, 9.677222e-01, -2.956603e+00, 2.791303e+00, 8.684337e-10, 6.088127e-10, 3.746194e+01, -1.227617e-02
9.182000e+08, 3.263320e-02, 9.677245e-01, -2.977338e+00, 2.776767e+00, 8.846436e-10, 6.088213e-10, 3.750488e+01, -1.068317e-02
9.220000e+08, 3.191877e-02, 9.677267e-01, -2.998459e+00, 2.762230e+00, 9.023671e-10, 6.088311e-10, 3.755006e+01, -9.115141e-03
9.258000e+08, 3.119218e-02, 9.677289e-01, -3.020004e+00, 2.747694e+00, 9.217836e-10, 6.088422e-10, 3.759747e+01, -7.573753e-03
9.296000e+08, 3.045369e-02, 9.677311e-01, -3.042013e+00, 2.733157e+00, 9.430996e-10, 6.088547e-10, 3.764710e+01, -6.060662e-03
9.334000e+08, 2.970357e-02, 9.677334e-01, -3.064531e+00, 2.718620e+00, 9.665534e-10, 6.088687e-10, 3.769893e+01, -4.577515e-03
9.372000e+08, 2.894215e-02, 9.677357e-01, -3.087608e+00, 2.704083e+00, 9.924207e-10, 6.088843e-10, 3.775295e+01, -3.125948e-03
9.410000e+08, 2.816978e-02, 9.677381e-01, -3.111303e+00, 2.689545e+00, 1.021022e-09, 6.089015e-10, 3.780914e+01, -1.707584e-03
9.448000e+08, 2.738685e-02, 9.677406e-01, -3.135681e+00, 2.675007e+00, 1.052730e-09, 6.089205e-10, 3.786749e+01, -3.240295e-04
9.486000e+08, 2.659381e-02, 9.677432e-01, 3.122369e+00, 2.660468e+00, 1.087981e-09, 6.089412e-10, 3.792798e+01, 1.023123e-03
9.524000e+08, 2.579117e-02, 9.677458e-01, 3.096392e+00, 2.645929e+00, 1.127289e-09, 6.089637e-10, 3.799059e+01, 2.332298e-03
9.562000e+08, 2.497949e-02, 9.677486e-01, 3.069477e+00, 2.631389e+00, 1.171255e-09, 6.089881e-10, 3.805529e+01, 3.601938e-03
9.600000e+08, 2.415945e-02, 9.677515e-01, 3.041512e+00, 2.616849e+00, 1.220593e-09, 6.090144e-10, 3.812207e+01, 4.830504e-03
9.638000e+08, 2.333179e-02, 9.677545e-01, 3.012369e+00, 2.602308e+00, 1.276149e-09, 6.090425e-10, 3.819089e+01, 6.016476e-03
9.676000e+08, 2.249738e-02, 9.677575e-01, 2.981899e+00, 2.587766e+00, 1.338927e-09, 6.090726e-10, 3.826174e+01, 7.158357e-03
9.714000e+08, 2.165724e-02, 9.677607e-01, 2.949931e+00, 2.573224e+00, 1.410123e-09, 6.091045e-10, 3.833458e+01, 8.254671e-03
9.752000e+08, 2.081254e-02, 9.677639e-01, 2.916263e+00, 2.558681e+00, 1.491166e-09, 6.091384e-10, 3.840939e+01, 9.303964e-03
9.790000e+08, 1.996469e-02, 9.677672e-01, 2.880660e+00, 2.544137e+00, 1.583760e-09, 6.091741e-10, 3.848613e+01, 1.030481e-02
9.828000e+08, 1.911532e-02, 9.677705e-01, 2.842846e+00, 2.529593e+00, 1.689939e-09, 6.092117e-10, 3.856477e+01, 1.125580e-02
9.866000e+08, 1.826641e-02, 9.677738e-01, 2.802496e+00, 2.515047e+00, 1.812117e-09, 6.092511e-10, 3.864529e+01, 1.215555e-02
9.904000e+08, 1.742032e-02, 9.677771e-01, 2.759230e+00, 2.500500e+00, 1.953141e-09, 6.092923e-10, 3.872763e+01, 1.300272e-02
9.942000e+08, 1.657989e-02, 9.677804e-01, 2.712597e+00, 2.485953e+00, 2.116325e-09, 6.093352e-10, 3.881177e+01, 1.379599e-02
9.980000e+08, 1.574857e-02, 9.677836e-01, 2.662067e+00, 2.471404e+00, 2.305438e-09, 6.093798e-10, 3.889767e+01, 1.453405e-02
1.001800e+09, 1.493060e-02, 9.677867e-01, 2.607022e+00, 2.456855e+00, 2.524612e-09, 6.094260e-10, 3.898529e+01, 1.521564e-02
1.005600e+09, 1.413113e-02, 9.677896e-01, 2.546744e+00, 2.442304e+00, 2.778076e-09, 6.094736e-10, 3.907458e+01, 1.583953e-02
1.009400e+09, 1.335652e-02, 9.677924e-01, 2.480415e+00, 2.427752e+00, 3.069603e-09, 6.095228e-10, 3.916550e+01, 1.640451e-02
1.013200e+09, 1.261454e-02, 9.677949e-01, 2.407125e+00, 2.413199e+00, 3.401496e-09, 6.095732e-10, 3.925801e+01, 1.690942e-02
1.017000e+09, 1.191468e-02, 9.677972e-01, 2.325910e+00, 2.398645e+00, 3.772897e-09, 6.096250e-10, 3.935206e+01, 1.735311e-02
1.020800e+09, 1.126836e-02, 9.677991e-01, 2.235828e+00, 2.384089e+00, 4.177311e-09, 6.096779e-10, 3.944760e+01, 1.773448e-02
1.024600e+09, 1.068906e-02, 9.678006e-01, 2.136090e+00, 2.369533e+00, 4.599520e-09, 6.097318e-10, 3.954459e+01, 1.805246e-02
1.028400e+09, 1.019215e-02, 9.678017e-01, 2.026271e+00, 2.354975e+00, 5.012865e-09, 6.097867e-10, 3.964296e+01, 1.830602e-02
1.032200e+09, 9.794245e-03, 9.678024e-01, 1.906584e+00, 2.340415e+00, 5.378921e-09, 6.098424e-10, 3.974267e+01, 1.849416e-02
1.036000e+09, 9.511959e-03, 9.678025e-01, 1.778156e+00, 2.325855e+00, 5.652228e-09, 6.098988e-10, 3.984366e+01, 1.861592e-02
1.039800e+09, 9.359980e-03, 9.678020e-01, 1.643203e+00, 2.311293e+00, 5.791208e-09, 6.099558e-10, 3.994587e+01, 1.867038e-02
1.043600e+09, 9.348862e-03, 9.678008e-01, 1.504931e+00, 2.296729e+00, 5.772050e-09, 6.100132e-10, 4.004925e+01, 1.865665e-02
1.047400e+09, 9.483205e-03, 9.677989e-01, 1.367117e+00, 2.282165e+00, 5.598087e-09, 6.100710e-10, 4.015374e+01, 1.857389e-02
1.051200e+09, 9.760956e-03, 9.677963e-01, 1.233457e+00, 2.267598e+00, 5.298425e-09, 6.101289e-10, 4.025927e+01, 1.842130e-02
1.055000e+09, 1.017413e-02, 9.677927e-01, 1.106951e+00, 2.253031e+00, 4.916785e-09, 6.101870e-10, 4.036578e+01, 1.819812e-02
1.058800e+09, 1.071060e-02, 9.677883e-01, 9.895575e-01, 2.238462e+00, 4.497745e-09, 6.102449e-10, 4.047321e+01, 1.790362e-02
1.062600e+09, 1.135620e-02, 9.677829e-01, 8.821689e-01, 2.223892e+00, 4.077177e-09, 6.103026e-10, 4.058148e+01, 1.753713e-02
1.066400e+09, 1.209651e-02, 9.677765e-01, 7.848217e-01, 2.209320e+00, 3.678904e-09, 6.103600e-10, 4.069054e+01, 1.709802e-02
1.070200e+09, 1.291809e-02, 9.677690e-01, 6.969838e-01, 2.194747e+00, 3.315823e-09, 6.104168e-10, 4.080030e+01, 1.658569e-02
1.074000e+09, 1.380903e-02, 9.677603e-01, 6.178149e-01, 2.180173e+00, 2.992849e-09, 6.104730e-10, 4.091070e+01, 1.599960e-02
1.077800e+09, 1.475919e-02, 9.677503e-01, 5.463574e-01, 2.165597e+00, 2.709906e-09, 6.105285e-10, 4.102167e+01, 1.533925e-02
1.081600e+09, 1.576006e-02, 9.677391e-01, 4.816554e-01, 2.151020e+00, 2.464226e-09, 6.105830e-10, 4.113313e+01, 1.460418e-02
1.085400e+09, 1.680461e-02, 9.677265e-01, 4.228192e-01, 2.136442e+00, 2.251857e-09, 6.106364e-10, 4.124500e+01, 1.379399e-02
1.089200e+09, 1.788707e-02, 9.677124e-01, 3.690537e-01, 2.121862e+00, 2.068557e-09, 6.106887e-10, 4.135720e+01, 1.290833e-02
1.093000e+09, 1.900269e-02, 9.676969e-01, 3.196646e-01, 2.107281e+00, 1.910263e-09, 6.107396e-10, 4.146966e+01, 1.194686e-02
1.096800e+09, 2.014755e-02, 9.676797e-01, 2.740549e-01, 2.092699e+00, 1.773306e-09, 6.107891e-10, 4.158230e+01, 1.090935e-02
1.100600e+09, 2.131841e-02, 9.676610e-01, 2.317153e-01, 2.078116e+00, 1.654483e-09, 6.108370e-10, 4.169502e+01, 9.795572e-03
1.104400e+09, 2.251258e-02, 9.676405e-01, 1.922127e-01, 2.063531e+00, 1.551052e-09, 6.108832e-10, 4.180775e+01, 8.605364e-03
1.108200e+09, 2.372778e-02, 9.676183e-01, 1.551796e-01, 2.048946e+00, 1.460691e-09, 6.109275e-10, 4.192041e+01, 7.338617e-03
1.112000e+09, 2.496211e-02, 9.675943e-01, 1.203040e-01, 2.034359e+00, 1.381449e-09, 6.109699e-10, 4.203290e+01, 5.995270e-03
1.115800e+09, 2.621392e-02, 9.675685e-01, 8.732039e-02, 2.019772e+00, 1.311690e-09, 6.110102e-10, 4.214513e+01, 4.575315e-03
1.119600e+09, 2.748181e-02, 9.675407e-01, 5.600234e-02, 2.005183e+00, 1.250044e-09, 6.110483e-10, 4.225702e+01, 3.078797e-03
1.123400e+09, 2.876455e-02, 9.675109e-01, 2.615616e-02, 1.990594e+00, 1.195360e-09, 6.110840e-10, 4.236848e+01, 1.505814e-03
1.127200e+09, 3.006109e-02, 9.674791e-01, -2.384387e-03, 1.976003e+00, 1.146676e-09, 6.111174e-10, 4.247941e+01, -1.434841e-04
1.131000e+09, 3.137048e-02, 9.674452e-01, -2.976254e-02, 1.961412e+00, 1.103177e-09, 6.111482e-10, 4.258973e+01, -1.868892e-03
1.134800e+09, 3.269188e-02, 9.674092e-01, -5.610210e-02, 1.946820e+00, 1.064179e-09, 6.111765e-10, 4.269933e+01, -3.670149e-03
1.138600e+09, 3.402453e-02, 9.673710e-01, -8.151054e-02, 1.932228e+00, 1.029100e-09, 6.112020e-10, 4.280813e+01, -5.546941e-03
1.142400e+09, 3.536775e-02, 9.673306e-01, -1.060814e-01, 1.917635e+00, 9.974466e-10, 6.112248e-10, 4.291603e+01, -7.498898e-03
1.146200e+09, 3.672092e-02, 9.672879e-01, -1.298966e-01, 1.903041e+00, 9.687981e-10, 6.112446e-10, 4.302293e+01, -9.525595e-03
1.150000e+09, 3.808346e-02, 9.672429e-01, -1.530277e-01, 1.888447e+00, 9.427941e-10, 6.112616e-10, 4.312873e+01, -1.162655e-02
1.153800e+09, 3.945483e-02, 9.671956e-01, -1.755380e-01, 1.873853e+00, 9.191251e-10, 6.112755e-10, 4.323334e+01, -1.380122e-02
1.157600e+09, 4.083455e-02, 9.671459e-01, -1.974831e-01, 1.859258e+00, 8.975243e-10, 6.112863e-10, 4.333666e+01, -1.604902e-02
1.161400e+09, 4.222214e-02, 9.670937e-01, -2.189125e-01, 1.844662e+00, 8.777611e-10, 6.112939e-10, 4.343859e+01, -1.836929e-02
1.165200e+09, 4.361716e-02, 9.670392e-01, -2.398700e-01, 1.830067e+00, 8.596354e-10, 6.112984e-10, 4.353903e+01, -2.076133e-02
1.169000e+09, 4.501920e-02, 9.669822e-01, -2.603947e-01, 1.815472e+00, 8.429730e-10, 6.112996e-10, 4.363789e+01, -2.322437e-02
1.172800e+09, 4.642785e-02, 9.669227e-01, -2.805216e-01, 1.800876e+00, 8.276218e-10, 6.112975e-10, 4.373506e+01, -2.575758e-02
1.176600e+09, 4.784274e-02, 9.668607e-01, -3.002820e-01, 1.786281e+00, 8.134486e-10, 6.112920e-10, 4.383044e+01, -2.836009e-02
1.180400e+09, 4.926348e-02, 9.667962e-01, -3.197040e-01, 1.771686e+00, 8.003363e-10, 6.112832e-10, 4.392395e+01, -3.103097e-02
1.184200e+09, 5.068972e-02, 9.667291e-01, -3.388129e-01, 1.757091e+00, 7.881818e-10, 6.112709e-10, 4.401547e+01, -3.376921e-02
1.188000e+09, 5.212111e-02, 9.666595e-01, -3.576316e-01, 1.742496e+00, 7.768940e-10, 6.112553e-10, 4.410491e+01, -3.657377e-02
1.191800e+09, 5.355731e-02, 9.665873e-01, -3.761808e-01, 1.727901e+00, 7.663922e-10, 6.112362e-10, 4.419218e+01, -3.944354e-02
1.195600e+09, 5.499800e-02, 9.665126e-01, -3.944793e-01, 1.713307e+00, 7.566048e-10, 6.112136e-10, 4.427717e+01, -4.237736e-02
1.199400e+09, 5.644284e-02, 9.664352e-01, -4.125441e-01, 1.698714e+00, 7.474679e-10, 6.111876e-10, 4.435980e+01, -4.537401e-02
1.203200e+09, 5.789152e-02, 9.663554e-01, -4.303907e-01, 1.684121e+00, 7.389246e-10, 6.111580e-10, 4.443996e+01, -4.843222e-02
1.207000e+09, 5.934373e-02, 9.662729e-01, -4.480333e-01, 1.669529e+00, 7.309239e-10, 6.111251e-10, 4.451756e+01, -5.155066e-02
1.210800e+09, 6.079915e-02, 9.661879e-01, -4.654849e-01, 1.654938e+00, 7.234202e-10, 6.110886e-10, 4.459251e+01, -5.472795e-02
1.214600e+09, 6.225748e-02, 9.661003e-01, -4.827574e-01, 1.640348e+00, 7.163725e-10, 6.110487e-10, 4.466472e+01, -5.796265e-02
1.218400e+09, 6.371841e-02, 9.660102e-01, -4.998616e-01, 1.625758e+00, 7.097437e-10, 6.110054e-10, 4.473410e+01, -6.125327e-02
1.222200e+09, 6.518166e-02, 9.659175e-01, -5.168075e-01, 1.611170e+00, 7.035007e-10, 6.109587e-10, 4.480057e+01, -6.459827e-02
1.226000e+09, 6.664691e-02, 9.658224e-01, -5.336043e-01, 1.596582e+00, 6.976132e-10, 6.109085e-10, 4.486403e+01, -6.799606e-02
1.229800e+09, 6.811388e-02, 9.657247e-01, -5.502606e-01, 1.581996e+00, 6.920541e-10, 6.108551e-10, 4.492440e+01, -7.144501e-02
1.233600e+09, 6.958228e-02, 9.656246e-01, -5.667842e-01, 1.567411e+00, 6.867984e-10, 6.107983e-10, 4.498160e+01, -7.494341e-02
1.237400e+09, 7.105182e-02, 9.655220e-01, -5.831823e-01, 1.552828e+00, 6.818238e-10, 6.107382e-10, 4.503555e+01, -7.848954e-02
1.241200e+09, 7.252220e-02, 9.654170e-01, -5.994616e-01, 1.538246e+00, 6.771098e-10, 6.106748e-10, 4.508618e+01, -8.208160e-02
1.245000e+09, 7.399315e-02, 9.653096e-01, -6.156283e-01, 1.523665e+00, 6.726377e-10, 6.106083e-10, 4.513340e+01, -8.571778e-02
1.248800e+09, 7.546437e-02, 9.651998e-01, -6.316883e-01, 1.509086e+00, 6.683904e-10, 6.105386e-10, 4.517715e+01, -8.939619e-02
1.252600e+09, 7.693558e-02, 9.650877e-01, -6.476468e-01, 1.494509e+00, 6.643524e-10, 6.104658e-10, 4.521736e+01, -9.311492e-02
1.256400e+09, 7.840649e-02, 9.649733e-01, -6.635090e-01, 1.479934e+00, 6.605094e-10, 6.103900e-10, 4.525396e+01, -9.687202e-02
1.260200e+09, 7.987684e-02, 9.648566e-01, -6.792794e-01, 1.465360e+00, 6.568483e-10, 6.103111e-10, 4.528689e+01, -1.006655e-01
1.264000e+09, 8.134632e-02, 9.647378e-01, -6.949623e-01, 1.450788e+00, 6.533569e-10, 6.102294e-10, 4.531609e+01, -1.044933e-01
1.267800e+09, 8.281467e-02, 9.646167e-01, -7.105620e-01, 1.436218e+00, 6.500244e-10, 6.101448e-10, 4.534151e+01, -1.083534e-01
1.271600e+09, 8.428161e-02, 9.644935e-01, -7.260820e-01, 1.421650e+00, 6.468404e-10, 6.100574e-10, 4.536308e+01, -1.122436e-01
1.275400e+09, 8.574685e-02, 9.643683e-01, -7.415260e-01, 1.407084e+00, 6.437956e-10, 6.099672e-10, 4.538077e+01, -1.161619e-01
1.279200e+09, 8.721012e-02, 9.642410e-01, -7.568974e-01, 1.392521e+00, 6.408813e-10, 6.098744e-10, 4.539452e+01, -1.201060e-01
1.283000e+09, 8.867114e-02, 9.641117e-01, -7.721991e-01, 1.377959e+00, 6.380894e-10, 6.097790e-10, 4.540429e+01, -1.240738e-01
1.286800e+09, 9.012963e-02, 9.639805e-01, -7.874342e-01, 1.363400e+00, 6.354125e-10, 6.096811e-10, 4.541004e+01, -1.280631e-01
1.290600e+09, 9.158532e-02, 9.638474e-01, -8.026054e-01, 1.348843e+00, 6.328439e-10, 6.095808e-10, 4.541175e+01, -1.320716e-01
1.294400e+09, 9.303794e-02, 9.637125e-01, -8.177152e-01, 1.334289e+00, 6.303769e-10, 6.094780e-10, 4.540938e+01, -1.360970e-01
1.298200e+09, 9.448720e-02, 9.635758e-01, -8.327662e-01, 1.319737e+00, 6.280059e-10, 6.093730e-10, 4.540290e+01, -1.401371e-01
1.302000e+09, 9.593285e-02, 9.634374e-01, -8.477605e-01, 1.305188e+00, 6.257252e-10, 6.092658e-10, 4.539229e+01, -1.441896e-01
1.305800e+09, 9.737459e-02, 9.632974e-01, -8.627004e-01, 1.290641e+00, 6.235297e-10, 6.091565e-10, 4.537753e+01, -1.482521e-01
1.309600e+09, 9.881217e-02, 9.631558e-01, -8.775878e-01, 1.276096e+00, 6.214146e-10, 6.090451e-10, 4.535862e+01, -1.523223e-01
1.313400e+09, 1.002453e-01, 9.630126e-01, -8.924248e-01, 1.261555e+00, 6.193756e-10, 6.089317e-10, 4.533553e+01, -1.563979e-01
1.317200e+09, 1.016737e-01, 9.628680e-01, -9.072131e-01, 1.247016e+00, 6.174084e-10, 6.088164e-10, 4.530827e+01, -1.604766e-01
1.321000e+09, 1.030972e-01, 9.627219e-01, -9.219544e-01, 1.232480e+00, 6.155092e-10, 6.086994e-10, 4.527682e+01, -1.645559e-01
1.324800e+09, 1.045154e-01, 9.625745e-01, -9.366504e-01, 1.217946e+00, 6.136744e-10, 6.085806e-10, 4.524121e+01, -1.686335e-01
1.328600e+09, 1.059281e-01, 9.624259e-01, -9.513025e-01, 1.203416e+00, 6.119006e-10, 6.084601e-10, 4.520142e+01, -1.727070e-01
1.332400e+09, 1.073350e-01, 9.622760e-01, -9.659123e-01, 1.188888e+00, 6.101846e-10, 6.083381e-10, 4.515748e+01, -1.767741e-01
1.336200e+09, 1.087359e-01, 9.621250e-01, -9.804811e-01, 1.174363e+00, 6.085235e-10, 6.082146e-10, 4.510939e+01, -1.808325e-01
1.340000e+09, 1.101304e-01, 9.619729e-01, -9.950103e-01, 1.159842e+00, 6.069145e-10, 6.080898e-10, 4.505718e+01, -1.848797e-01
1.343800e+09, 1.115184e-01, 9.618198e-01, -1.009501e+00, 1.145323e+00, 6.053549e-10, 6.079636e-10, 4.500087e+01, -1.889134e-01
1.347600e+09, 1.128996e-01, 9.616658e-01, -1.023955e+00, 1.130807e+00, 6.038424e-10, 6.078361e-10, 4.494049e+01, -1.929313e-01
1.351400e+09, 1.142736e-01, 9.615109e-01, -1.038372e+00, 1.116294e+00, 6.023746e-10, 6.077075e-10, 4.487607e+01, -1.969310e-01
1.355200e+09, 1.156403e-01, 9.613552e-01, -1.052754e+00, 1.101784e+00, 6.009493e-10, 6.075779e-10, 4.480764e+01, -2.009103e-01
1.359000e+09, 1.169994e-01, 9.611988e-01, -1.067103e+00, 1.087278e+00, 5.995646e-10, 6.074472e-10, 4.473524e+01, -2.048668e-01
1.362800e+09, 1.183506e-01, 9.610417e-01, -1.081418e+00, 1.072774e+00, 5.982185e-10, 6.073156e-10, 4.465892e+01, -2.087982e-01
1.366600e+09, 1.196937e-01, 9.608840e-01, -1.095701e+00, 1.058274e+00, 5.969092e-10, 6.071832e-10, 4.457872e+01, -2.127024e-01
1.370400e+09, 1.210284e-01, 9.607258e-01, -1.109953e+00, 1.043777e+00, 5.956350e-10, 6.070500e-10, 4.449469e+01, -2.165769e-01
1.374200e+09, 1.223545e-01, 9.605671e-01, -1.124174e+00, 1.029283e+00, 5.943943e-10, 6.069161e-10, 4.440688e+01, -2.204197e-01
1.378000e+09, 1.236717e-01, 9.604081e-01, -1.138366e+00, 1.014792e+00, 5.931856e-10, 6.067816e-10, 4.431535e+01, -2.242285e-01
1.381800e+09, 1.249797e-01, 9.602487e-01, -1.152529e+00, 1.000305e+00, 5.920075e-10, 6.066466e-10, 4.422017e+01, -2.280011e-01
1.385600e+09, 1.262784e-01, 9.600891e-01, -1.166664e+00, 9.858202e-01, 5.908586e-10, 6.065111e-10, 4.412138e+01, -2.317354e-01
1.389400e+09, 1.275674e-01, 9.599294e-01, -1.180771e+00, 9.713390e-01, 5.897376e-10, 6.063752e-10, 4.401906e+01, -2.354293e-01
1.393200e+09, 1.288465e-01, 9.597696e-01, -1.194852e+00, 9.568612e-01, 5.886434e-10, 6.062390e-10, 4.391328e+01, -2.390807e-01
1.397000e+09, 1.301155e-01, 9.596097e-01, -1.208907e+00, 9.423865e-01, 5.875747e-10, 6.061025e-10, 4.380410e+01, -2.426876e-01
1.400800e+09, 1.313742e-01, 9.594499e-01, -1.222936e+00, 9.279152e-01, 5.865306e-10, 6.059658e-10, 4.369161e+01, -2.462478e-01
1.404600e+09, 1.326222e-01, 9.592902e-01, -1.236940e+00, 9.134471e-01, 5.855100e-10, 6.058291e-10, 4.357587e+01, -2.497595e-01
1.408400e+09, 1.338594e-01, 9.591307e-01, -1.250919e+00, 8.989822e-01, 5.845119e-10, 6.056922e-10, 4.345696e+01, -2.532206e-01
1.412200e+09, 1.350855e-01, 9.589714e-01, -1.264875e+00, 8.845207e-01, 5.835354e-10, 6.055554e-10, 4.333497e+01, -2.566293e-01
1.416000e+09, 1.363003e-01, 9.588125e-01, -1.278808e+00, 8.700624e-01, 5.825797e-10, 6.054186e-10, 4.320997e+01, -2.599836e-01
1.419800e+09, 1.375035e-01, 9.586539e-01, -1.292717e+00, 8.556073e-01, 5.816439e-10, 6.052820e-10, 4.308205e+01, -2.632818e-01
1.423600e+09, 1.386949e-01, 9.584959e-01, -1.306605e+00, 8.411555e-01, 5.807272e-10, 6.051457e-10, 4.295130e+01, -2.665220e-01
1.427400e+09, 1.398743e-01, 9.583383e-01, -1.320470e+00, 8.267070e-01, 5.798288e-10, 6.050095e-10, 4.281780e+01, -2.697025e-01
1.431200e+09, 1.410415e-01, 9.581814e-01, -1.334314e+00, 8.122618e-01, 5.789482e-10, 6.048737e-10, 4.268164e+01, -2.728214e-01
1.435000e+09, 1.421962e-01, 9.580251e-01, -1.348137e+00, 7.978197e-01, 5.780846e-10, 6.047383e-10, 4.254291e+01, -2.758772e-01
1.438800e+09, 1.433382e-01, 9.578696e-01, -1.361940e+00, 7.833809e-01, 5.772373e-10, 6.046034e-10, 4.240171e+01, -2.788682e-01
1.442600e+09, 1.444672e-01, 9.577149e-01, -1.375722e+00, 7.689454e-01, 5.764058e-10, 6.044689e-10, 4.225812e+01, -2.817928e-01
1.446400e+09, 1.455832e-01, 9.575611e-01, -1.389484e+00, 7.545130e-01, 5.755894e-10, 6.043350e-10, 4.211224e+01, -2.846494e-01
1.450200e+09, 1.466858e-01, 9.574082e-01, -1.403227e+00, 7.400838e-01, 5.747877e-10, 6.042017e-10, 4.196415e+01, -2.874365e-01
1.454000e+09, 1.477748e-01, 9.572563e-01, -1.416951e+00, 7.256578e-01, 5.740001e-10, 6.040691e-10, 4.181397e+01, -2.901526e-01
1.457800e+09, 1.488500e-01, 9.571055e-01, -1.430656e+00, 7.112350e-01, 5.732261e-10, 6.039373e-10, 4.166177e+01, -2.927963e-01
1.461600e+09, 1.499112e-01, 9.569559e-01, -1.444342e+00, 6.968154e-01, 5.724653e-10, 6.038062e-10, 4.150766e+01, -2.953662e-01
1.465400e+09, 1.509582e-01, 9.568074e-01, -1.458010e+00, 6.823988e-01, 5.717171e-10, 6.036760e-10, 4.135173e+01, -2.978609e-01
1.469200e+09, 1.519908e-01, 9.566602e-01, -1.471661e+00, 6.679854e-01, 5.709811e-10, 6.035466e-10, 4.119408e+01, -3.002791e-01
1.473000e+09, 1.530087e-01, 9.565144e-01, -1.485294e+00, 6.535750e-01, 5.702570e-10, 6.034183e-10, 4.103481e+01, -3.026196e-01
1.476800e+09, 1.540119e-01, 9.563700e-01, -1.498909e+00, 6.391678e-01, 5.695444e-10, 6.032909e-10, 4.087400e+01, -3.048812e-01
1.480600e+09, 1.550000e-01, 9.562270e-01, -1.512508e+00, 6.247635e-01, 5.688428e-10, 6.031646e-10, 4.071175e+01, -3.070625e-01
1.484400e+09, 1.559729e-01, 9.560855e-01, -1.526089e+00, 6.103623e-01, 5.681519e-10, 6.030394e-10, 4.054817e+01, -3.091626e-01
1.488200e+09, 1.569304e-01, 9.559457e-01, -1.539655e+00, 5.959641e-01, 5.674714e-10, 6.029153e-10, 4.038334e+01, -3.111803e-01
1.492000e+09, 1.578723e-01, 9.558075e-01, -1.553204e+00, 5.815688e-01, 5.668009e-10, 6.027925e-10, 4.021737e+01, -3.131145e-01
1.495800e+09, 1.587983e-01, 9.556710e-01, -1.566737e+00, 5.671765e-01, 5.661401e-10, 6.026709e-10, 4.005034e+01, -3.149643e-01
1.499600e+09, 1.597084e-01, 9.555363e-01, -1.580254e+00, 5.527870e-01, 5.654888e-10, 6.025507e-10, 3.988235e+01, -3.167287e-01
1.503400e+09, 1.606023e-01, 9.554035e-01, -1.593755e+00, 5.384005e-01, 5.648465e-10, 6.024318e-10, 3.971349e+01, -3.184066e-01
1.507200e+09, 1.614799e-01, 9.552725e-01, -1.607242e+00, 5.240168e-01, 5.642132e-10, 6.023143e-10, 3.954385e+01, -3.199974e-01
1.511000e+09, 1.623409e-01, 9.551435e-01, -1.620713e+00, 5.096358e-01, 5.635884e-10, 6.021984e-10, 3.937353e+01, -3.215000e-01
1.514800e+09, 1.631852e-01, 9.550166e-01, -1.634169e+00, 4.952577e-01, 5.629720e-10, 6.020839e-10, 3.920262e+01, -3.229137e-01
1.518600e+09, 1.640126e-01, 9.548917e-01, -1.647611e+00, 4.808823e-01, 5.623637e-10, 6.019710e-10, 3.903121e+01, -3.242377e-01
1.522400e+09, 1.648230e-01, 9.547689e-01, -1.661038e+00, 4.665095e-01, 5.617633e-10, 6.018598e-10, 3.885939e+01, -3.254713e-01
1.526200e+09, 1.656161e-01, 9.546483e-01, -1.674451e+00, 4.521395e-01, 5.611705e-10, 6.017503e-10, 3.868724e+01, -3.266138e-01
1.530000e+09, 1.663918e-01, 9.545300e-01, -1.687849e+00, 4.377720e-01, 5.605851e-10, 6.016425e-10, 3.851486e+01, -3.276645e-01
1.533800e+09, 1.671500e-01, 9.544140e-01, -1.701234e+00, 4.234072e-01, 5.600070e-10, 6.015365e-10, 3.834232e+01, -3.286229e-01
1.537600e+09, 1.678904e-01, 9.543004e-01, -1.714605e+00, 4.090448e-01, 5.594358e-10, 6.014323e-10, 3.816973e+01, -3.294884e-01
1.541400e+09, 1.686129e-01, 9.541892e-01, -1.727962e+00, 3.946849e-01, 5.588715e-10, 6.013300e-10, 3.799715e+01, -3.302604e-01
1.545200e+09, 1.693174e-01, 9.540805e-01, -1.741305e+00, 3.803275e-01, 5.583138e-10, 6.012297e-10, 3.782468e+01, -3.309384e-01
1.549000e+09, 1.700037e-01, 9.539743e-01, -1.754636e+00, 3.659725e-01, 5.577626e-10, 6.011314e-10, 3.765239e+01, -3.315221e-01
1.552800e+09, 1.706716e-01, 9.538707e-01, -1.767953e+00, 3.516198e-01, 5.572176e-10, 6.010352e-10, 3.748037e+01, -3.320110e-01
1.556600e+09, 1.713210e-01, 9.537698e-01, -1.781257e+00, 3.372694e-01, 5.566787e-10, 6.009411e-10, 3.730870e+01, -3.324047e-01
1.560400e+09, 1.719518e-01, 9.536715e-01, -1.794548e+00, 3.229213e-01, 5.561458e-10, 6.008491e-10, 3.713746e+01, -3.327029e-01
1.564200e+09, 1.725638e-01, 9.535760e-01, -1.807827e+00, 3.085754e-01, 5.556186e-10, 6.007594e-10, 3.696671e+01, -3.329052e-01
1.568000e+09, 1.731569e-01, 9.534833e-01, -1.821093e+00, 2.942316e-01, 5.550971e-10, 6.006720e-10, 3.679655e+01, -3.330116e-01
1.571800e+09, 1.737308e-01, 9.533934e-01, -1.834347e+00, 2.798899e-01, 5.545810e-10, 6.005870e-10, 3.662705e+01, -3.330216e-01
1.575600e+09, 1.742856e-01, 9.533065e-01, -1.847588e+00, 2.655502e-01, 5.540702e-10, 6.005043e-10, 3.645828e+01, -3.329352e-01
1.579400e+09, 1.748211e-01, 9.532225e-01, -1.860817e+00, 2.512125e-01, 5.535645e-10, 6.004241e-10, 3.629031e+01, -3.327522e-01
1.583200e+09, 1.753371e-01, 9.531414e-01, -1.874034e+00, 2.368767e-01, 5.530639e-10, 6.003464e-10, 3.612321e+01, -3.324725e-01
1.587000e+09, 1.758334e-01, 9.530635e-01, -1.887239e+00, 2.225428e-01, 5.525681e-10, 6.002712e-10, 3.595706e+01, -3.320961e-01
1.590800e+09, 1.763101e-01, 9.529886e-01, -1.900432e+00, 2.082106e-01, 5.520770e-10, 6.001987e-10, 3.579193e+01, -3.316229e-01
1.594600e+09, 1.767669e-01, 9.529168e-01, -1.913614e+00, 1.938802e-01, 5.515904e-10, 6.001289e-10, 3.562788e+01, -3.310529e-01
1.598400e+09, 1.772038e-01, 9.528483e-01, -1.926783e+00, 1.795515e-01, 5.511083e-10, 6.000619e-10, 3.546498e+01, -3.303863e-01
1.602200e+09, 1.776206e-01, 9.527830e-01, -1.939942e+00, 1.652243e-01, 5.506305e-10, 5.999976e-10, 3.530330e+01, -3.296231e-01
1.606000e+09, 1.780172e-01, 9.527209e-01, -1.953089e+00, 1.508987e-01, 5.501567e-10, 5.999362e-10, 3.514291e+01, -3.287635e-01
1.609800e+09, 1.783935e-01, 9.526621e-01, -1.966224e+00, 1.365746e-01, 5.496870e-10, 5.998777e-10, 3.498386e+01, -3.278077e-01
1.613600e+09, 1.787495e-01, 9.526067e-01, -1.979349e+00, 1.222519e-01, 5.492211e-10, 5.998222e-10, 3.482621e+01, -3.267558e-01
1.617400e+09, 1.790849e-01, 9.525547e-01, -1.992462e+00, 1.079304e-01, 5.487589e-10, 5.997697e-10, 3.467004e+01, -3.256083e-01
1.621200e+09, 1.793996e-01, 9.525061e-01, -2.005564e+00, 9.361028e-02, 5.483003e-10, 5.997203e-10, 3.451540e+01, -3.243653e-01
1.625000e+09, 1.796937e-01, 9.524610e-01, -2.018655e+00, 7.929129e-02, 5.478450e-10, 5.996740e-10, 3.436235e+01, -3.230272e-01
1.628800e+09, 1.799670e-01, 9.524194e-01, -2.031736e+00, 6.497341e-02, 5.473930e-10, 5.996310e-10, 3.421095e+01, -3.215945e-01
1.632600e+09, 1.802194e-01, 9.523813e-01, -2.044805e+00, 5.065656e-02, 5.469441e-10, 5.995912e-10, 3.406125e+01, -3.200676e-01
1.636400e+09, 1.804508e-01, 9.523468e-01, -2.057864e+00, 3.634066e-02, 5.464981e-10, 5.995547e-10, 3.391332e+01, -3.184470e-01
1.640200e+09, 1.806611e-01, 9.523159e-01, -2.070912e+00, 2.202563e-02, 5.460549e-10, 5.995215e-10, 3.376721e+01, -3.167332e-01
1.644000e+09, 1.808503e-01, 9.522886e-01, -2.083950e+00, 7.711394e-03, 5.456144e-10, 5.994918e-10, 3.362296e+01, -3.149269e-01
1.647800e+09, 1.810182e-01, 9.522649e-01, -2.096977e+00, -6.602134e-03, 5.451762e-10, 5.994655e-10, 3.348065e+01, -3.130286e-01
1.651600e+09, 1.811648e-01, 9.522450e-01, -2.109994e+00, -2.091503e-02, 5.447404e-10, 5.994427e-10, 3.334031e+01, -3.110391e-01
1.655400e+09, 1.812900e-01, 9.522288e-01, -2.123000e+00, -3.522739e-02, 5.443067e-10, 5.994235e-10, 3.320200e+01, -3.089591e-01
1.659200e+09, 1.813938e-01, 9.522162e-01, -2.135996e+00, -4.953929e-02, 5.438749e-10, 5.994079e-10, 3.306576e+01, -3.067894e-01
1.663000e+09, 1.814760e-01, 9.522075e-01, -2.148982e+00, -6.385081e-02, 5.434448e-10, 5.993959e-10, 3.293166e+01, -3.045307e-01
1.666800e+09, 1.815366e-01, 9.522025e-01, -2.161957e+00, -7.816205e-02, 5.430163e-10, 5.993876e-10, 3.279973e+01, -3.021841e-01
1.670600e+09, 1.815756e-01, 9.522013e-01, -2.174922e+00, -9.247309e-02, 5.425892e-10, 5.993831e-10, 3.267002e+01, -2.997504e-01
1.674400e+09, 1.815928e-01, 9.522040e-01, -2.187877e+00, -1.067840e-01, 5.421633e-10, 5.993823e-10, 3.254259e+01, -2.972306e-01
1.678200e+09, 1.815883e-01, 9.522104e-01, -2.200822e+00, -1.210949e-01, 5.417383e-10, 5.993854e-10, 3.241747e+01, -2.946257e-01
1.682000e+09, 1.815619e-01, 9.522207e-01, -2.213757e+00, -1.354059e-01, 5.413140e-10, 5.993922e-10, 3.229471e+01, -2.919370e-01
1.685800e+09, 1.815136e-01, 9.522348e-01, -2.226681e+00, -1.497171e-01, 5.408903e-10, 5.994030e-10, 3.217435e+01, -2.891655e-01
1.689600e+09, 1.814434e-01, 9.522528e-01, -2.239595e+00, -1.640285e-01, 5.404668e-10, 5.994177e-10, 3.205644e+01, -2.863124e-01
1.693400e+09, 1.813512e-01, 9.522746e-01, -2.252500e+00, -1.783402e-01, 5.400435e-10, 5.994363e-10, 3.194101e+01, -2.833789e-01
1.697200e+09, 1.812370e-01, 9.523003e-01, -2.265394e+00, -1.926525e-01, 5.396199e-10, 5.994588e-10, 3.182811e+01, -2.803665e-01
1.701000e+09, 1.811007e-01, 9.523299e-01, -2.278278e+00, -2.069652e-01, 5.391960e-10, 5.994854e-10, 3.171778e+01, -2.772765e-01
1.704800e+09, 1.809423e-01, 9.523633e-01, -2.291152e+00, -2.212786e-01, 5.387713e-10, 5.995159e-10, 3.161006e+01, -2.741103e-01
1.708600e+09, 1.807618e-01, 9.524006e-01, -2.304015e+00, -2.355927e-01, 5.383457e-10, 5.995504e-10, 3.150498e+01, -2.708694e-01
1.712400e+09, 1.805592e-01, 9.524418e-01, -2.316869e+00, -2.499076e-01, 5.379188e-10, 5.995890e-10, 3.140258e+01, -2.675553e-01
1.716200e+09, 1.803343e-01, 9.524867e-01, -2.329712e+00, -2.642234e-01, 5.374905e-10, 5.996316e-10, 3.130290e+01, -2.641697e-01
1.720000e+09, 1.800873e-01, 9.525356e-01, -2.342546e+00, -2.785403e-01, 5.370603e-10, 5.996783e-10, 3.120597e+01, -2.607142e-01
1.723800e+09, 1.798180e-01, 9.525882e-01, -2.355368e+00, -2.928583e-01, 5.366279e-10, 5.997290e-10, 3.111182e+01, -2.571905e-01
1.727600e+09, 1.795265e-01, 9.526447e-01, -2.368181e+00, -3.071775e-01, 5.361931e-10, 5.997837e-10, 3.102050e+01, -2.536004e-01
1.731400e+09, 1.792127e-01, 9.527049e-01, -2.380983e+00, -3.214980e-01, 5.357556e-10, 5.998425e-10, 3.093202e+01, -2.499458e-01
1.735200e+09, 1.788766e-01, 9.527689e-01, -2.393775e+00, -3.358199e-01, 5.353149e-10, 5.999053e-10, 3.084643e+01, -2.462285e-01
1.739000e+09, 1.785183e-01, 9.528367e-01, -2.406556e+00, -3.501433e-01, 5.348707e-10, 5.999721e-10, 3.076374e+01, -2.424504e-01
1.742800e+09, 1.781377e-01, 9.529082e-01, -2.419327e+00, -3.644683e-01, 5.344226e-10, 6.000429e-10, 3.068400e+01, -2.386137e-01
1.746600e+09, 1.777348e-01, 9.529833e-01, -2.432087e+00, -3.787950e-01, 5.339703e-10, 6.001177e-10, 3.060723e+01, -2.347202e-01
1.750400e+09, 1.773097e-01, 9.530622e-01, -2.444836e+00, -3.931234e-01, 5.335133e-10, 6.001964e-10, 3.053345e+01, -2.307722e-01
1.754200e+09, 1.768623e-01, 9.531446e-01, -2.457574e+00, -4.074538e-01, 5.330513e-10, 6.002790e-10, 3.046269e+01, -2.267717e-01
1.758000e+09, 1.763926e-01, 9.532307e-01, -2.470301e+00, -4.217861e-01, 5.325838e-10, 6.003655e-10, 3.039497e+01, -2.227211e-01
1.761800e+09, 1.759008e-01, 9.533203e-01, -2.483017e+00, -4.361205e-01, 5.321104e-10, 6.004559e-10, 3.033033e+01, -2.186226e-01
1.765600e+09, 1.753866e-01, 9.534134e-01, -2.495722e+00, -4.504571e-01, 5.316305e-10, 6.005501e-10, 3.026877e+01, -2.144784e-01
1.769400e+09, 1.748503e-01, 9.535100e-01, -2.508415e+00, -4.647959e-01, 5.311438e-10, 6.006480e-10, 3.021033e+01, -2.102910e-01
1.773200e+09, 1.742919e-01, 9.536101e-01, -2.521097e+00, -4.791370e-01, 5.306497e-10, 6.007496e-10, 3.015502e+01, -2.060628e-01
1.777000e+09, 1.737112e-01, 9.537135e-01, -2.533767e+00, -4.934806e-01, 5.301477e-10, 6.008549e-10, 3.010287e+01, -2.017963e-01
1.780800e+09, 1.731085e-01, 9.538202e-01, -2.546425e+00, -5.078266e-01, 5.296372e-10, 6.009637e-10, 3.005388e+01, -1.974938e-01
1.784600e+09, 1.724837e-01, 9.539302e-01, -2.559070e+00, -5.221753e-01, 5.291178e-10, 6.010761e-10, 3.000808e+01, -1.931581e-01
1.788400e+09, 1.718369e-01, 9.540434e-01, -2.571704e+00, -5.365267e-01, 5.285887e-10, 6.011919e-10, 2.996548e+01, -1.887917e-01
1.792200e+09, 1.711681e-01, 9.541598e-01, -2.584324e+00, -5.508808e-01, 5.280495e-10, 6.013112e-10, 2.992609e+01, -1.843971e-01
1.796000e+09, 1.704774e-01, 9.542793e-01, -2.596932e+00, -5.652377e-01, 5.274994e-10, 6.014337e-10, 2.988994e+01, -1.799772e-01
1.799800e+09, 1.697647e-01, 9.544018e-01, -2.609527e+00, -5.795976e-01, 5.269378e-10, 6.015595e-10, 2.985702e+01, -1.755344e-01
1.803600e+09, 1.690303e-01, 9.545273e-01, -2.622108e+00, -5.939605e-01, 5.263641e-10, 6.016884e-10, 2.982736e+01, -1.710717e-01
1.807400e+09, 1.682740e-01, 9.546557e-01, -2.634675e+00, -6.083265e-01, 5.257775e-10, 6.018204e-10, 2.980095e+01, -1.665918e-01
1.811200e+09, 1.674961e-01, 9.547870e-01, -2.647229e+00, -6.226956e-01, 5.251773e-10, 6.019554e-10, 2.977781e+01, -1.620974e-01
1.815000e+09, 1.666966e-01, 9.549210e-01, -2.659768e+00, -6.370680e-01, 5.245626e-10, 6.020933e-10, 2.975794e+01, -1.575913e-01
1.818800e+09, 1.658754e-01, 9.550577e-01, -2.672293e+00, -6.514436e-01, 5.239328e-10, 6.022340e-10, 2.974135e+01, -1.530764e-01
1.822600e+09, 1.650328e-01, 9.551970e-01, -2.684802e+00, -6.658226e-01, 5.232869e-10, 6.023774e-10, 2.972805e+01, -1.485556e-01
1.826400e+09, 1.641688e-01, 9.553388e-01, -2.697296e+00, -6.802051e-01, 5.226240e-10, 6.025234e-10, 2.971802e+01, -1.440316e-01
1.830200e+09, 1.632835e-01, 9.554832e-01, -2.709774e+00, -6.945910e-01, 5.219433e-10, 6.026719e-10, 2.971128e+01, -1.395074e-01
1.834000e+09, 1.623770e-01, 9.556299e-01, -2.722236e+00, -7.089804e-01, 5.212438e-10, 6.028228e-10, 2.970782e+01, -1.349859e-01
1.837800e+09, 1.614493e-01, 9.557789e-01, -2.734682e+00, -7.233735e-01, 5.205245e-10, 6.029761e-10, 2.970765e+01, -1.304699e-01
1.841600e+09, 1.605006e-01, 9.559301e-01, -2.747110e+00, -7.377702e-01, 5.197843e-10, 6.031315e-10, 2.971075e+01, -1.259623e-01
1.845400e+09, 1.595309e-01, 9.560835e-01, -2.759520e+00, -7.521706e-01, 5.190222e-10, 6.032890e-10, 2.971712e+01, -1.214661e-01
1.849200e+09, 1.585405e-01, 9.562390e-01, -2.771912e+00, -7.665748e-01, 5.182370e-10, 6.034484e-10, 2.972676e+01, -1.169841e-01
1.853000e+09, 1.575293e-01, 9.563964e-01, -2.784286e+00, -7.809828e-01, 5.174274e-10, 6.036098e-10, 2.973965e+01, -1.125193e-01
1.856800e+09, 1.564975e-01, 9.565557e-01, -2.796640e+00, -7.953947e-01, 5.165922e-10, 6.037729e-10, 2.975580e+01, -1.080744e-01
1.860600e+09, 1.554452e-01, 9.567168e-01, -2.808974e+00, -8.098104e-01, 5.157302e-10, 6.039377e-10, 2.977518e+01, -1.036524e-01
1.864400e+09, 1.543726e-01, 9.568795e-01, -2.821288e+00, -8.242301e-01, 5.148398e-10, 6.041039e-10, 2.979778e+01, -9.925618e-02
1.868200e+09, 1.532798e-01, 9.570439e-01, -2.833580e+00, -8.386537e-01, 5.139197e-10, 6.042717e-10, 2.982359e+01, -9.488849e-02
1.872000e+09, 1.521669e-01, 9.572099e-01, -2.845851e+00, -8.530814e-01, 5.129683e-10, 6.044407e-10, 2.985259e+01, -9.055216e-02
1.875800e+09, 1.510341e-01, 9.573772e-01, -2.858098e+00, -8.675131e-01, 5.119840e-10, 6.046109e-10, 2.988477e+01, -8.625000e-02
1.879600e+09, 1.498814e-01, 9.575459e-01, -2.870323e+00, -8.819488e-01, 5.109650e-10, 6.047822e-10, 2.992011e+01, -8.198476e-02
1.883400e+09, 1.487091e-01, 9.577159e-01, -2.882522e+00, -8.963887e-01, 5.099097e-10, 6.049546e-10, 2.995858e+01, -7.775916e-02
1.887200e+09, 1.475173e-01, 9.578870e-01, -2.894697e+00, -9.108326e-01, 5.088160e-10, 6.051277e-10, 3.000017e+01, -7.357593e-02
1.891000e+09, 1.463062e-01, 9.580592e-01, -2.906846e+00, -9.252807e-01, 5.076821e-10, 6.053017e-10, 3.004484e+01, -6.943770e-02
1.894800e+09, 1.450759e-01, 9.582323e-01, -2.918967e+00, -9.397330e-01, 5.065057e-10, 6.054762e-10, 3.009258e+01, -6.534711e-02
1.898600e+09, 1.438266e-01, 9.584063e-01, -2.931060e+00, -9.541894e-01, 5.052848e-10, 6.056514e-10, 3.014336e+01, -6.130674e-02
1.902400e+09, 1.425585e-01, 9.585811e-01, -2.943125e+00, -9.686500e-01, 5.040168e-10, 6.058270e-10, 3.019715e+01, -5.731914e-02
1.906200e+09, 1.412717e-01, 9.587566e-01, -2.955159e+00, -9.831148e-01, 5.026994e-10, 6.060029e-10, 3.025391e+01, -5.338679e-02
1.910000e+09, 1.399664e-01, 9.589327e-01, -2.967161e+00, -9.975838e-01, 5.013298e-10, 6.061790e-10, 3.031362e+01, -4.951214e-02
1.913800e+09, 1.386429e-01, 9.591093e-01, -2.979131e+00, -1.012057e+00, 4.999053e-10, 6.063553e-10, 3.037625e+01, -4.569758e-02
1.917600e+09, 1.373012e-01, 9.592863e-01, -2.991067e+00, -1.026534e+00, 4.984229e-10, 6.065315e-10, 3.044175e+01, -4.194546e-02
1.921400e+09, 1.359417e-01, 9.594636e-01, -3.002967e+00, -1.041016e+00, 4.968795e-10, 6.067078e-10, 3.051010e+01, -3.825807e-02
1.925200e+09, 1.345645e-01, 9.596412e-01, -3.014831e+00, -1.055502e+00, 4.952716e-10, 6.068838e-10, 3.058125e+01, -3.463764e-02
1.929000e+09, 1.331698e-01, 9.598189e-01, -3.026656e+00, -1.069992e+00, 4.935957e-10, 6.070596e-10, 3.065516e+01, -3.108634e-02
1.932800e+09, 1.317579e-01, 9.599966e-01, -3.038441e+00, -1.084486e+00, 4.918480e-10, 6.072350e-10, 3.073180e+01, -2.760628e-02
1.936600e+09, 1.303289e-01, 9.601743e-01, -3.050184e+00, -1.098984e+00, 4.900244e-10, 6.074100e-10, 3.081111e+01, -2.419952e-02
1.940400e+09, 1.288831e-01, 9.603518e-01, -3.061884e+00, -1.113487e+00, 4.881206e-10, 6.075844e-10, 3.089306e+01, -2.086805e-02
1.944200e+09, 1.274208e-01, 9.605291e-01, -3.073539e+00, -1.127994e+00, 4.861319e-10, 6.077582e-10, 3.097760e+01, -1.761379e-02
1.948000e+09, 1.259420e-01, 9.607061e-01, -3.085146e+00, -1.142505e+00, 4.840534e-10, 6.079313e-10, 3.106468e+01, -1.443859e-02
1.951800e+09, 1.244472e-01, 9.608827e-01, -3.096703e+00, -1.157020e+00, 4.818797e-10, 6.081036e-10, 3.115425e+01, -1.134427e-02
1.955600e+09, 1.229365e-01, 9.610588e-01, -3.108208e+00, -1.171539e+00, 4.796051e-10, 6.082749e-10, 3.124626e+01, -8.332527e-03
1.959400e+09, 1.214102e-01, 9.612343e-01, -3.119659e+00, -1.186062e+00, 4.772235e-10, 6.084453e-10, 3.134066e+01, -5.405033e-03
1.963200e+09, 1.198686e-01, 9.614092e-01, -3.131054e+00, -1.200589e+00, 4.747283e-10, 6.086147e-10, 3.143739e+01, -2.563370e-03
1.967000e+09, 1.183119e-01, 9.615833e-01, 3.140797e+00, -1.215121e+00, 4.721124e-10, 6.087828e-10, 3.153640e+01, 1.909452e-04
1.970800e+09, 1.167403e-01, 9.617565e-01, 3.129525e+00, -1.229656e+00, 4.693683e-10, 6.089498e-10, 3.163763e+01, 2.856466e-03
1.974600e+09, 1.151542e-01, 9.619288e-01, 3.118318e+00, -1.244195e+00, 4.664876e-10, 6.091155e-10, 3.174102e+01, 5.431819e-03
1.978400e+09, 1.135539e-01, 9.621001e-01, 3.107180e+00, -1.258739e+00, 4.634614e-10, 6.092798e-10, 3.184651e+01, 7.915701e-03
1.982200e+09, 1.119396e-01, 9.622703e-01, 3.096115e+00, -1.273286e+00, 4.602802e-10, 6.094427e-10, 3.195403e+01, 1.030688e-02
1.986000e+09, 1.103116e-01, 9.624394e-01, 3.085125e+00, -1.287837e+00, 4.569335e-10, 6.096040e-10, 3.206354e+01, 1.260421e-02
1.989800e+09, 1.086702e-01, 9.626072e-01, 3.074215e+00, -1.302392e+00, 4.534100e-10, 6.097638e-10, 3.217495e+01, 1.480659e-02
1.993600e+09, 1.070158e-01, 9.627736e-01, 3.063389e+00, -1.316951e+00, 4.496976e-10, 6.099219e-10, 3.228821e+01, 1.691301e-02
1.997400e+09, 1.053486e-01, 9.629387e-01, 3.052652e+00, -1.331513e+00, 4.457827e-10, 6.100782e-10, 3.240324e+01, 1.892255e-02
2.001200e+09, 1.036690e-01, 9.631022e-01, 3.042009e+00, -1.346080e+00, 4.416509e-10, 6.102328e-10, 3.251998e+01, 2.083433e-02
2.005000e+09, 1.019772e-01, 9.632642e-01, 3.031464e+00, -1.360650e+00, 4.372865e-10, 6.103854e-10, 3.263835e+01, 2.264756e-02
2.008800e+09, 1.002737e-01, 9.634245e-01, 3.021023e+00, -1.375223e+00, 4.326720e-10, 6.105362e-10, 3.275829e+01, 2.436152e-02
2.012600e+09, 9.855871e-02, 9.635831e-01, 3.010693e+00, -1.389801e+00, 4.277885e-10, 6.106849e-10, 3.287971e+01, 2.597558e-02
2.016400e+09, 9.683265e-02, 9.637399e-01, 3.000479e+00, -1.404381e+00, 4.226154e-10, 6.108315e-10, 3.300255e+01, 2.748915e-02
2.020200e+09, 9.509586e-02, 9.638949e-01, 2.990388e+00, -1.418966e+00, 4.171298e-10, 6.109760e-10, 3.312672e+01, 2.890174e-02
2.024000e+09, 9.334870e-02, 9.640479e-01, 2.980429e+00, -1.433553e+00, 4.113067e-10, 6.111183e-10, 3.325215e+01, 3.021292e-02
2.027800e+09, 9.159154e-02, 9.641989e-01, 2.970609e+00, -1.448144e+00, 4.051186e-10, 6.112583e-10, 3.337875e+01, 3.142235e-02
2.031600e+09, 8.982476e-02, 9.643478e-01, 2.960936e+00, -1.462739e+00, 3.985350e-10, 6.113960e-10, 3.350646e+01, 3.252974e-02
2.035400e+09, 8.804876e-02, 9.644946e-01, 2.951420e+00, -1.477337e+00, 3.915222e-10, 6.115313e-10, 3.363518e+01, 3.353487e-02
2.039200e+09, 8.626394e-02, 9.646391e-01, 2.942072e+00, -1.491938e+00, 3.840431e-10, 6.116641e-10, 3.376483e+01, 3.443763e-02
2.043000e+09, 8.447071e-02, 9.647814e-01, 2.932903e+00, -1.506542e+00, 3.760561e-10, 6.117944e-10, 3.389532e+01, 3.523793e-02
2.046800e+09, 8.266949e-02, 9.649213e-01, 2.923924e+00, -1.521149e+00, 3.675154e-10, 6.119222e-10, 3.402658e+01, 3.593579e-02
2.050600e+09, 8.086072e-02, 9.650588e-01, 2.915149e+00, -1.535759e+00, 3.583695e-10, 6.120472e-10, 3.415851e+01, 3.653128e-02
2.054400e+09, 7.904484e-02, 9.651938e-01, 2.906593e+00, -1.550373e+00, 3.485611e-10, 6.121696e-10, 3.429103e+01, 3.702455e-02
2.058200e+09, 7.722233e-02, 9.653263e-01, 2.898271e+00, -1.564989e+00, 3.380260e-10, 6.122892e-10, 3.442404e+01, 3.741582e-02
2.062000e+09, 7.539366e-02, 9.654562e-01, 2.890200e+00, -1.579608e+00, 3.266921e-10, 6.124060e-10, 3.455746e+01, 3.770538e-02
2.065800e+09, 7.355932e-02, 9.655835e-01, 2.882400e+00, -1.594230e+00, 3.144783e-10, 6.125199e-10, 3.469119e+01, 3.789358e-02
2.069600e+09, 7.171983e-02, 9.657080e-01, 2.874891e+00, -1.608854e+00, 3.012929e-10, 6.126309e-10, 3.482514e+01, 3.798085e-02
2.073400e+09, 6.987574e-02, 9.658298e-01, 2.867697e+00, -1.623482e+00, 2.870324e-10, 6.127389e-10, 3.495922e+01, 3.796768e-02
2.077200e+09, 6.802758e-02, 9.659488e-01, 2.860844e+00, -1.638111e+00, 2.715792e-10, 6.128438e-10, 3.509334e+01, 3.785463e-02
2.081000e+09, 6.617596e-02, 9.660649e-01, 2.854360e+00, -1.652744e+00, 2.547998e-10, 6.129456e-10, 3.522739e+01, 3.764234e-02
2.084800e+09, 6.432148e-02, 9.661780e-01, 2.848276e+00, -1.667379e+00, 2.365413e-10, 6.130442e-10, 3.536129e+01, 3.733151e-02
2.088600e+09, 6.246479e-02, 9.662882e-01, 2.842629e+00, -1.682016e+00, 2.166294e-10, 6.131397e-10, 3.549494e+01, 3.692289e-02
2.092400e+09, 6.060658e-02, 9.663954e-01, 2.837456e+00, -1.696655e+00, 1.948635e-10, 6.132318e-10, 3.562823e+01, 3.641732e-02
2.096200e+09, 5.874756e-02, 9.664995e-01, 2.832804e+00, -1.711297e+00, 1.710127e-10, 6.133207e-10, 3.576109e+01, 3.581569e-02
2.100000e+09, 5.688852e-02, 9.666005e-01, 2.828721e+00, -1.725940e+00, 1.448103e-10, 6.134061e-10, 3.589340e+01, 3.511897e-02
2.103800e+09, 5.503029e-02, 9.666984e-01, 2.825263e+00, -1.740586e+00, 1.159469e-10, 6.134882e-10, 3.602507e+01, 3.432818e-02
2.107600e+09, 5.317376e-02, 9.667931e-01, 2.822495e+00, -1.755234e+00, 8.406270e-11, 6.135668e-10, 3.615600e+01, 3.344440e-02
2.111400e+09, 5.131990e-02, 9.668845e-01, 2.820488e+00, -1.769883e+00, 4.873774e-11, 6.136418e-10, 3.628609e+01, 3.246881e-02
2.115200e+09, 4.946978e-02, 9.669727e-01, 2.819324e+00, -1.784535e+00, 9.480026e-12, 6.137133e-10, 3.641525e+01, 3.140260e-02
2.119000e+09, 4.762455e-02, 9.670575e-01, 2.819098e+00, -1.799188e+00, -3.428861e-11, 6.137812e-10, 3.654337e+01, 3.024706e-02
2.122800e+09, 4.578552e-02, 9.671391e-01, 2.819916e+00, -1.813843e+00, -8.324988e-11, 6.138454e-10, 3.667037e+01, 2.900353e-02
2.126600e+09, 4.395411e-02, 9.672172e-01, 2.821904e+00, -1.828499e+00, -1.382100e-10, 6.139060e-10, 3.679613e+01, 2.767341e-02
2.130400e+09, 4.213194e-02, 9.672920e-01, 2.825204e+00, -1.843156e+00, -2.001250e-10, 6.139628e-10, 3.692057e+01, 2.625815e-02
2.134200e+09, 4.032084e-02, 9.673634e-01, 2.829982e+00, -1.857816e+00, -2.701313e-10, 6.140158e-10, 3.704359e+01, 2.475928e-02
2.138000e+09, 3.852288e-02, 9.674313e-01, 2.836432e+00, -1.872476e+00, -3.495813e-10, 6.140650e-10, 3.716510e+01, 2.317838e-02
2.141800e+09, 3.674048e-02, 9.674957e-01, 2.844779e+00, -1.887137e+00, -4.400856e-10, 6.141104e-10, 3.728499e+01, 2.151708e-02
2.145600e+09, 3.497640e-02, 9.675567e-01, 2.855286e+00, -1.901800e+00, -5.435597e-10, 6.141519e-10, 3.740317e+01, 1.977706e-02
2.149400e+09, 3.323390e-02, 9.676141e-01, 2.868264e+00, -1.916463e+00, -6.622737e-10, 6.141895e-10, 3.751956e+01, 1.796008e-02
2.153200e+09, 3.151682e-02, 9.676680e-01, 2.884077e+00, -1.931128e+00, -7.988991e-10, 6.142232e-10, 3.763405e+01, 1.606794e-02
2.157000e+09, 2.982972e-02, 9.677184e-01, 2.903151e+00, -1.945793e+00, -9.565410e-10, 6.142529e-10, 3.774657e+01, 1.410248e-02
2.160800e+09, 2.817805e-02, 9.677653e-01, 2.925990e+00, -1.960459e+00, -1.138734e-09, 6.142787e-10, 3.785701e+01, 1.206562e-02
2.164600e+09, 2.656838e-02, 9.678085e-01, 2.953178e+00, -1.975126e+00, -1.349360e-09, 6.143004e-10, 3.796530e+01, 9.959297e-03
2.168400e+09, 2.500864e-02, 9.678483e-01, 2.985396e+00, -1.989793e+00, -1.592426e-09, 6.143181e-10, 3.807134e+01, 7.785528e-03
2.172200e+09, 2.350849e-02, 9.678844e-01, 3.023417e+00, -2.004460e+00, -1.871591e-09, 6.143318e-10, 3.817505e+01, 5.546361e-03
2.176000e+09, 2.207959e-02, 9.679171e-01, 3.068103e+00, -2.019128e+00, -2.189289e-09, 6.143415e-10, 3.827636e+01, 3.243893e-03
2.179800e+09, 2.073603e-02, 9.679461e-01, 3.120375e+00, -2.033796e+00, -2.545274e-09, 6.143471e-10, 3.837518e+01, 8.802657e-04
2.183600e+09, 1.949464e-02, 9.679716e-01, -3.102039e+00, -2.048464e+00, -2.934438e-09, 6.143486e-10, 3.847143e+01, -1.542335e-03
2.187400e+09, 1.837507e-02, 9.679935e-01, -3.031976e+00, -2.063133e+00, -3.344033e-09, 6.143461e-10, 3.856503e+01, -4.021683e-03
2.191200e+09, 1.739956e-02, 9.680119e-01, -2.952134e+00, -2.077801e+00, -3.750995e-09, 6.143395e-10, 3.865592e+01, -6.555513e-03
2.195000e+09, 1.659200e-02, 9.680268e-01, -2.862575e+00, -2.092469e+00, -4.121039e-09, 6.143289e-10, 3.874403e+01, -9.141521e-03
2.198800e+09, 1.597611e-02, 9.680382e-01, -2.764181e+00, -2.107137e+00, -4.411902e-09, 6.143142e-10, 3.882929e+01, -1.177737e-02
2.202600e+09, 1.557263e-02, 9.680460e-01, -2.658841e+00, -2.121804e+00, -4.582257e-09, 6.142954e-10, 3.891163e+01, -1.446068e-02
2.206400e+09, 1.539603e-02, 9.680504e-01, -2.549435e+00, -2.136471e+00, -4.604401e-09, 6.142727e-10, 3.899099e+01, -1.718905e-02
2.210200e+09, 1.545169e-02, 9.680514e-01, -2.439500e+00, -2.151138e+00, -4.474606e-09, 6.142459e-10, 3.906732e+01, -1.996005e-02
2.214000e+09, 1.573461e-02, 9.680489e-01, -2.332664e+00, -2.165803e+00, -4.214613e-09, 6.142152e-10, 3.914055e+01, -2.277120e-02
2.217800e+09, 1.623027e-02, 9.680431e-01, -2.232035e+00, -2.180468e+00, -3.863249e-09, 6.141805e-10, 3.921064e+01, -2.562004e-02
2.221600e+09, 1.691728e-02, 9.680338e-01, -2.139796e+00, -2.195133e+00, -3.463654e-09, 6.141419e-10, 3.927754e+01, -2.850403e-02
2.225400e+09, 1.777074e-02, 9.680213e-01, -2.057097e+00, -2.209796e+00, -3.052909e-09, 6.140994e-10, 3.934121e+01, -3.142066e-02
2.229200e+09, 1.876525e-02, 9.680055e-01, -1.984206e+00, -2.224458e+00, -2.657264e-09, 6.140530e-10, 3.940160e+01, -3.436736e-02
2.233000e+09, 1.987693e-02, 9.679864e-01, -1.920761e+00, -2.239119e+00, -2.292126e-09, 6.140028e-10, 3.945867e+01, -3.734158e-02
2.236800e+09, 2.108461e-02, 9.679641e-01, -1.866034e+00, -2.253779e+00, -1.964448e-09, 6.139488e-10, 3.951240e+01, -4.034073e-02
2.240600e+09, 2.237010e-02, 9.679387e-01, -1.819130e+00, -2.268438e+00, -1.675587e-09, 6.138911e-10, 3.956274e+01, -4.336222e-02
2.244400e+09, 2.371816e-02, 9.679101e-01, -1.779124e+00, -2.283096e+00, -1.423683e-09, 6.138298e-10, 3.960969e+01, -4.640345e-02
2.248200e+09, 2.511619e-02, 9.678785e-01, -1.745132e+00, -2.297751e+00, -1.205312e-09, 6.137648e-10, 3.965320e+01, -4.946182e-02
2.252000e+09, 2.655380e-02, 9.678439e-01, -1.716354e+00, -2.312406e+00, -1.016502e-09, 6.136963e-10, 3.969328e+01, -5.253470e-02
2.255800e+09, 2.802246e-02, 9.678063e-01, -1.692083e+00, -2.327058e+00, -8.533067e-10, 6.136243e-10, 3.972989e+01, -5.561949e-02
2.259600e+09, 2.951513e-02, 9.677659e-01, -1.671710e+00, -2.341709e+00, -7.120807e-10, 6.135488e-10, 3.976304e+01, -5.871359e-02
2.263400e+09, 3.102599e-02, 9.677226e-01, -1.654708e+00, -2.356358e+00, -5.895965e-10, 6.134701e-10, 3.979271e+01, -6.181437e-02
2.267200e+09, 3.255020e-02, 9.676766e-01, -1.640631e+00, -2.371006e+00, -4.830634e-10, 6.133881e-10, 3.981890e+01, -6.491925e-02
2.271000e+09, 3.408371e-02, 9.676279e-01, -1.629097e+00, -2.385651e+00, -3.901037e-10, 6.133029e-10, 3.984162e+01, -6.802563e-02
2.274800e+09, 3.562309e-02, 9.675766e-01, -1.619783e+00, -2.400294e+00, -3.087080e-10, 6.132146e-10, 3.986087e+01, -7.113093e-02
2.278600e+09, 3.716544e-02, 9.675227e-01, -1.612412e+00, -2.414936e+00, -2.371854e-10, 6.131233e-10, 3.987666e+01, -7.423258e-02
2.282400e+09, 3.870824e-02, 9.674664e-01, -1.606749e+00, -2.429575e+00, -1.741161e-10, 6.130291e-10, 3.988901e+01, -7.732805e-02
2.286200e+09, 4.024935e-02, 9.674076e-01, -1.602592e+00, -2.444211e+00, -1.183074e-10, 6.129321e-10, 3.989793e+01, -8.041479e-02
2.290000e+09, 4.178689e-02, 9.673466e-01, -1.599767e+00, -2.458846e+00, -6.875636e-11, 6.128324e-10, 3.990345e+01, -8.349030e-02
2.293800e+09, 4.331920e-02, 9.672833e-01, -1.598126e+00, -2.473478e+00, -2.461799e-11, 6.127301e-10, 3.990559e+01, -8.655210e-02
2.297600e+09, 4.484483e-02, 9.672179e-01, -1.597538e+00, -2.488107e+00, 1.482161e-11, 6.126253e-10, 3.990438e+01, -8.959773e-02
2.301400e+09, 4.636246e-02, 9.671504e-01, -1.597892e+00, -2.502734e+00, 5.016728e-11, 6.125181e-10, 3.989986e+01, -9.262475e-02
2.305200e+09, 4.787093e-02, 9.670809e-01, -1.599090e+00, -2.517359e+00, 8.193317e-11, 6.124087e-10, 3.989205e+01, -9.563078e-02
2.309000e+09, 4.936919e-02, 9.670096e-01, -1.601046e+00, -2.531981e+00, 1.105577e-10, 6.122971e-10, 3.988101e+01, -9.861344e-02
2.312800e+09, 5.085627e-02, 9.669365e-01, -1.603685e+00, -2.546600e+00, 1.364160e-10, 6.121835e-10, 3.986678e+01, -1.015704e-01
2.316600e+09, 5.233129e-02, 9.668617e-01, -1.606943e+00, -2.561217e+00, 1.598303e-10, 6.120681e-10, 3.984940e+01, -1.044994e-01
2.320400e+09, 5.379345e-02, 9.667853e-01, -1.610759e+00, -2.575831e+00, 1.810780e-10, 6.119509e-10, 3.982893e+01, -1.073981e-01
2.324200e+09, 5.524198e-02, 9.667074e-01, -1.615082e+00, -2.590442e+00, 2.003989e-10, 6.118321e-10, 3.980542e+01, -1.102644e-01
2.328000e+09, 5.667619e-02, 9.666280e-01, -1.619867e+00, -2.605050e+00, 2.180011e-10, 6.117118e-10, 3.977892e+01, -1.130961e-01
2.331800e+09, 5.809544e-02, 9.665474e-01, -1.625072e+00, -2.619655e+00, 2.340653e-10, 6.115901e-10, 3.974950e+01, -1.158910e-01
2.335600e+09, 5.949910e-02, 9.664656e-01, -1.630660e+00, -2.634257e+00, 2.487495e-10, 6.114673e-10, 3.971723e+01, -1.186472e-01
2.339400e+09, 6.088661e-02, 9.663827e-01, -1.636600e+00, -2.648857e+00, 2.621918e-10, 6.113434e-10, 3.968215e+01, -1.213624e-01
2.343200e+09, 6.225742e-02, 9.662989e-01, -1.642860e+00, -2.663453e+00, 2.745134e-10, 6.112187e-10, 3.964436e+01, -1.240349e-01
2.347000e+09, 6.361100e-02, 9.662141e-01, -1.649414e+00, -2.678047e+00, 2.858209e-10, 6.110931e-10, 3.960391e+01, -1.266626e-01
2.350800e+09, 6.494688e-02, 9.661285e-01, -1.656238e+00, -2.692637e+00, 2.962086e-10, 6.109670e-10, 3.956088e+01, -1.292437e-01
2.354600e+09, 6.626457e-02, 9.660423e-01, -1.663311e+00, -2.707225e+00, 3.057596e-10, 6.108404e-10, 3.951534e+01, -1.317763e-01
2.358400e+09, 6.756363e-02, 9.659556e-01, -1.670611e+00, -2.721809e+00, 3.145478e-10, 6.107136e-10, 3.946738e+01, -1.342587e-01
2.362200e+09, 6.884364e-02, 9.658683e-01, -1.678121e+00, -2.736391e+00, 3.226388e-10, 6.105866e-10, 3.941707e+01, -1.366892e-01
2.366000e+09, 7.010418e-02, 9.657808e-01, -1.685824e+00, -2.750969e+00, 3.300910e-10, 6.104597e-10, 3.936450e+01, -1.390662e-01
2.369800e+09, 7.134485e-02, 9.656930e-01, -1.693706e+00, -2.765545e+00, 3.369567e-10, 6.103329e-10, 3.930975e+01, -1.413880e-01
2.373600e+09, 7.256526e-02, 9.656050e-01, -1.701751e+00, -2.780117e+00, 3.432824e-10, 6.102065e-10, 3.925290e+01, -1.436532e-01
2.377400e+09, 7.376507e-02, 9.655171e-01, -1.709947e+00, -2.794686e+00, 3.491100e-10, 6.100806e-10, 3.919404e+01, -1.458602e-01
2.381200e+09, 7.494389e-02, 9.654292e-01, -1.718283e+00, -2.809253e+00, 3.544771e-10, 6.099554e-10, 3.913326e+01, -1.480076e-01
2.385000e+09, 7.610140e-02, 9.653416e-01, -1.726746e+00, -2.823816e+00, 3.594172e-10, 6.098311e-10, 3.907064e+01, -1.500942e-01
2.388800e+09, 7.723727e-02, 9.652542e-01, -1.735328e+00, -2.838377e+00, 3.639608e-10, 6.097077e-10, 3.900629e+01, -1.521186e-01
2.392600e+09, 7.835116e-02, 9.651673e-01, -1.744018e+00, -2.852934e+00, 3.681353e-10, 6.095855e-10, 3.894028e+01, -1.540796e-01
2.396400e+09, 7.944277e-02, 9.650809e-01, -1.752807e+00, -2.867489e+00, 3.719655e-10, 6.094647e-10, 3.887271e+01, -1.559761e-01
2.400200e+09, 8.051179e-02, 9.649952e-01, -1.761688e+00, -2.882040e+00, 3.754735e-10, 6.093454e-10, 3.880368e+01, -1.578070e-01
2.404000e+09, 8.155794e-02, 9.649102e-01, -1.770653e+00, -2.896589e+00, 3.786797e-10, 6.092277e-10, 3.873328e+01, -1.595713e-01
2.407800e+09, 8.258093e-02, 9.648260e-01, -1.779695e+00, -2.911135e+00, 3.816022e-10, 6.091118e-10, 3.866159e+01, -1.612679e-01
2.411600e+09, 8.358049e-02, 9.647428e-01, -1.788806e+00, -2.925678e+00, 3.842578e-10, 6.089980e-10, 3.858873e+01, -1.628961e-01
2.415400e+09, 8.455635e-02, 9.646607e-01, -1.797980e+00, -2.940219e+00, 3.866614e-10, 6.088862e-10, 3.851477e+01, -1.644550e-01
2.419200e+09, 8.550825e-02, 9.645797e-01, -1.807212e+00, -2.954756e+00, 3.888265e-10, 6.087768e-10, 3.843981e+01, -1.659439e-01
2.423000e+09, 8.643595e-02, 9.644999e-01, -1.816496e+00, -2.969292e+00, 3.907656e-10, 6.086699e-10, 3.836396e+01, -1.673620e-01
2.426800e+09, 8.733919e-02, 9.644216e-01, -1.825826e+00, -2.983824e+00, 3.924898e-10, 6.085655e-10, 3.828730e+01, -1.687088e-01
2.430600e+09, 8.821776e-02, 9.643446e-01, -1.835197e+00, -2.998355e+00, 3.940092e-10, 6.084639e-10, 3.820993e+01, -1.699837e-01
2.434400e+09, 8.907142e-02, 9.642693e-01, -1.844604e+00, -3.012882e+00, 3.953329e-10, 6.083653e-10, 3.813195e+01, -1.711862e-01
2.438200e+09, 8.989994e-02, 9.641955e-01, -1.854043e+00, -3.027408e+00, 3.964692e-10, 6.082697e-10, 3.805344e+01, -1.723160e-01
2.442000e+09, 9.070313e-02, 9.641235e-01, -1.863510e+00, -3.041931e+00, 3.974257e-10, 6.081773e-10, 3.797450e+01, -1.733726e-01
2.445800e+09, 9.148078e-02, 9.640533e-01, -1.872999e+00, -3.056452e+00, 3.982088e-10, 6.080882e-10, 3.789523e+01, -1.743559e-01
2.449600e+09, 9.223269e-02, 9.639850e-01, -1.882506e+00, -3.070970e+00, 3.988248e-10, 6.080027e-10, 3.781571e+01, -1.752656e-01
2.453400e+09, 9.295866e-02, 9.639187e-01, -1.892029e+00, -3.085487e+00, 3.992789e-10, 6.079207e-10, 3.773604e+01, -1.761015e-01
2.457200e+09, 9.365853e-02, 9.638545e-01, -1.901562e+00, -3.100002e+00, 3.995759e-10, 6.078426e-10, 3.765632e+01, -1.768636e-01
2.461000e+09, 9.433210e-02, 9.637924e-01, -1.911102e+00, -3.114515e+00, 3.997200e-10, 6.077682e-10, 3.757662e+01, -1.775520e-01
2.464800e+09, 9.497923e-02, 9.637325e-01, -1.920646e+00, -3.129026e+00, 3.997150e-10, 6.076979e-10, 3.749705e+01, -1.781666e-01
2.468600e+09, 9.559973e-02, 9.636749e-01, -1.930190e+00, 3.139650e+00, 3.995640e-10, 6.076318e-10, 3.741769e+01, -1.787076e-01
2.472400e+09, 9.619347e-02, 9.636197e-01, -1.939730e+00, 3.125142e+00, 3.992697e-10, 6.075698e-10, 3.733862e+01, -1.791753e-01
2.476200e+09, 9.676030e-02, 9.635669e-01, -1.949263e+00, 3.110636e+00, 3.988344e-10, 6.075122e-10, 3.725994e+01, -1.795698e-01
2.480000e+09, 9.730007e-02, 9.635167e-01, -1.958785e+00, 3.096131e+00, 3.982601e-10, 6.074590e-10, 3.718173e+01, -1.798916e-01
2.483800e+09, 9.781265e-02, 9.634689e-01, -1.968294e+00, 3.081627e+00, 3.975482e-10, 6.074104e-10, 3.710408e+01, -1.801410e-01
2.487600e+09, 9.829793e-02, 9.634238e-01, -1.977786e+00, 3.067124e+00, 3.966998e-10, 6.073665e-10, 3.702707e+01, -1.803186e-01
2.491400e+09, 9.875579e-02, 9.633813e-01, -1.987258e+00, 3.052623e+00, 3.957155e-10, 6.073272e-10, 3.695078e+01, -1.804248e-01
2.495200e+09, 9.918611e-02, 9.633416e-01, -1.996706e+00, 3.038122e+00, 3.945958e-10, 6.072928e-10, 3.687529e+01, -1.804604e-01
2.499000e+09, 9.958879e-02, 9.633045e-01, -2.006127e+00, 3.023622e+00, 3.933407e-10, 6.072633e-10, 3.680069e+01, -1.804259e-01
2.502800e+09, 9.996376e-02, 9.632703e-01, -2.015519e+00, 3.009123e+00, 3.919498e-10, 6.072388e-10, 3.672705e+01, -1.803221e-01
2.506600e+09, 1.003109e-01, 9.632390e-01, -2.024877e+00, 2.994625e+00, 3.904224e-10, 6.072193e-10, 3.665444e+01, -1.801498e-01
2.510400e+09, 1.006302e-01, 9.632104e-01, -2.034199e+00, 2.980127e+00, 3.887576e-10, 6.072048e-10, 3.658296e+01, -1.799100e-01
2.514200e+09, 1.009215e-01, 9.631848e-01, -2.043481e+00, 2.965629e+00, 3.869539e-10, 6.071956e-10, 3.651266e+01, -1.796035e-01
2.518000e+09, 1.011848e-01, 9.631621e-01, -2.052720e+00, 2.951131e+00, 3.850098e-10, 6.071915e-10, 3.644363e+01, -1.792314e-01
2.521800e+09, 1.014200e-01, 9.631424e-01, -2.061912e+00, 2.936634e+00, 3.829232e-10, 6.071927e-10, 3.637594e+01, -1.787948e-01
2.525600e+09, 1.016271e-01, 9.631256e-01, -2.071055e+00, 2.922137e+00, 3.806917e-10, 6.071992e-10, 3.630965e+01, -1.782947e-01
2.529400e+09, 1.018061e-01, 9.631118e-01, -2.080144e+00, 2.907639e+00, 3.783127e-10, 6.072110e-10, 3.624483e+01, -1.777325e-01
2.533200e+09, 1.019569e-01, 9.631010e-01, -2.089177e+00, 2.893141e+00, 3.757832e-10, 6.072281e-10, 3.618156e+01, -1.771093e-01
2.537000e+09, 1.020795e-01, 9.630931e-01, -2.098149e+00, 2.878643e+00, 3.730997e-10, 6.072506e-10, 3.611990e+01, -1.764265e-01
2.540800e+09, 1.021739e-01, 9.630883e-01, -2.107057e+00, 2.864144e+00, 3.702586e-10, 6.072784e-10, 3.605990e+01, -1.756856e-01
2.544600e+09, 1.022402e-01, 9.630864e-01, -2.115898e+00, 2.849645e+00, 3.672558e-10, 6.073117e-10, 3.600164e+01, -1.748878e-01
2.548400e+09, 1.022782e-01, 9.630875e-01, -2.124666e+00, 2.835145e+00, 3.640867e-10, 6.073503e-10, 3.594518e+01, -1.740349e-01
2.552200e+09, 1.022882e-01, 9.630916e-01, -2.133359e+00, 2.820643e+00, 3.607465e-10, 6.073942e-10, 3.589057e+01, -1.731283e-01
2.556000e+09, 1.022700e-01, 9.630987e-01, -2.141973e+00, 2.806141e+00, 3.572300e-10, 6.074435e-10, 3.583787e+01, -1.721697e-01
2.559800e+09, 1.022238e-01, 9.631087e-01, -2.150502e+00, 2.791638e+00, 3.535315e-10, 6.074982e-10, 3.578714e+01, -1.711607e-01
2.563600e+09, 1.021496e-01, 9.631216e-01, -2.158943e+00, 2.777133e+00, 3.496449e-10, 6.075581e-10, 3.573843e+01, -1.701032e-01
2.567400e+09, 1.020474e-01, 9.631374e-01, -2.167291e+00, 2.762627e+00, 3.455635e-10, 6.076234e-10, 3.569180e+01, -1.689990e-01
2.571200e+09, 1.019174e-01, 9.631560e-01, -2.175542e+00, 2.748119e+00, 3.412805e-10, 6.076938e-10, 3.564729e+01, -1.678499e-01
2.575000e+09, 1.017597e-01, 9.631775e-01, -2.183690e+00, 2.733610e+00, 3.367881e-10, 6.077695e-10, 3.560495e+01, -1.666577e-01
2.578800e+09, 1.015743e-01, 9.632017e-01, -2.191731e+00, 2.719099e+00, 3.320785e-10, 6.078503e-10, 3.556483e+01, -1.654246e-01
2.582600e+09, 1.013614e-01, 9.632286e-01, -2.199660e+00, 2.704586e+00, 3.271430e-10, 6.079361e-10, 3.552698e+01, -1.641525e-01
2.586400e+09, 1.011211e-01, 9.632583e-01, -2.207471e+00, 2.690071e+00, 3.219725e-10, 6.080270e-10, 3.549144e+01, -1.628435e-01
2.590200e+09, 1.008536e-01, 9.632905e-01, -2.215158e+00, 2.675553e+00, 3.165573e-10, 6.081229e-10, 3.545825e+01, -1.614998e-01
2.594000e+09, 1.005591e-01, 9.633254e-01, -2.222716e+00, 2.661034e+00, 3.108871e-10, 6.082236e-10, 3.542745e+01, -1.601234e-01
2.597800e+09, 1.002377e-01, 9.633627e-01, -2.230139e+00, 2.646512e+00, 3.049508e-10, 6.083292e-10, 3.539908e+01, -1.587166e-01
2.601600e+09, 9.988960e-02, 9.634025e-01, -2.237420e+00, 2.631987e+00, 2.987367e-10, 6.084394e-10, 3.537317e+01, -1.572817e-01
2.605400e+09, 9.951508e-02, 9.634447e-01, -2.244553e+00, 2.617460e+00, 2.922326e-10, 6.085543e-10, 3.534976e+01, -1.558210e-01
2.609200e+09, 9.911436e-02, 9.634892e-01, -2.251530e+00, 2.602930e+00, 2.854252e-10, 6.086737e-10, 3.532888e+01, -1.543368e-01
2.613000e+09, 9.868770e-02, 9.635359e-01, -2.258345e+00, 2.588397e+00, 2.783006e-10, 6.087976e-10, 3.531056e+01, -1.528315e-01
2.616800e+09, 9.823536e-02, 9.635848e-01, -2.264990e+00, 2.573862e+00, 2.708441e-10, 6.089258e-10, 3.529483e+01, -1.513075e-01
2.620600e+09, 9.775767e-02, 9.636358e-01, -2.271457e+00, 2.559323e+00, 2.630400e-10, 6.090582e-10, 3.528170e+01, -1.497673e-01
2.624400e+09, 9.725493e-02, 9.636887e-01, -2.277737e+00, 2.544781e+00, 2.548718e-10, 6.091948e-10, 3.527122e+01, -1.482134e-01
2.628200e+09, 9.672751e-02, 9.637436e-01, -2.283822e+00, 2.530236e+00, 2.463220e-10, 6.093353e-10, 3.526340e+01, -1.466483e-01
2.632000e+09, 9.617576e-02, 9.638003e-01, -2.289704e+00, 2.515687e+00, 2.373721e-10, 6.094798e-10, 3.525825e+01, -1.450745e-01
2.635800e+09, 9.560009e-02, 9.638587e-01, -2.295371e+00, 2.501135e+00, 2.280027e-10, 6.096280e-10, 3.525580e+01, -1.434946e-01
2.639600e+09, 9.500093e-02, 9.639187e-01, -2.300815e+00, 2.486580e+00, 2.181931e-10, 6.097798e-10, 3.525606e+01, -1.419112e-01
2.643400e+09, 9.437874e-02, 9.639802e-01, -2.306024e+00, 2.472020e+00, 2.079216e-10, 6.099351e-10, 3.525904e+01, -1.403270e-01
2.647200e+09, 9.373400e-02, 9.640431e-01, -2.310989e+00, 2.457458e+00, 1.971654e-10, 6.100938e-10, 3.526476e+01, -1.387446e-01
2.651000e+09, 9.306724e-02, 9.641074e-01, -2.315696e+00, 2.442891e+00, 1.859005e-10, 6.102558e-10, 3.527322e+01, -1.371666e-01
2.654800e+09, 9.237900e-02, 9.641729e-01, -2.320135e+00, 2.428320e+00, 1.741015e-10, 6.104208e-10, 3.528443e+01, -1.355958e-01
2.658600e+09, 9.166990e-02, 9.642394e-01, -2.324292e+00, 2.413746e+00, 1.617421e-10, 6.105888e-10, 3.529839e+01, -1.340347e-01
2.662400e+09, 9.094056e-02, 9.643070e-01, -2.328154e+00, 2.399167e+00, 1.487944e-10, 6.107596e-10, 3.531511e+01, -1.324862e-01
2.666200e+09, 9.019165e-02, 9.643754e-01, -2.331706e+00, 2.384585e+00, 1.352296e-10, 6.109331e-10, 3.533459e+01, -1.309528e-01
2.670000e+09, 8.942390e-02, 9.644446e-01, -2.334935e+00, 2.369998e+00, 1.210173e-10, 6.111091e-10, 3.535682e+01, -1.294374e-01
2.673800e+09, 8.863807e-02, 9.645143e-01, -2.337824e+00, 2.355407e+00, 1.061263e-10, 6.112875e-10, 3.538179e+01, -1.279426e-01
2.677600e+09, 8.783498e-02, 9.645846e-01, -2.340358e+00, 2.340812e+00, 9.052389e-11, 6.114681e-10, 3.540950e+01, -1.264712e-01
2.681400e+09, 8.701550e-02, 9.646553e-01, -2.342520e+00, 2.326213e+00, 7.417649e-11, 6.116507e-10, 3.543995e+01, -1.250258e-01
2.685200e+09, 8.618056e-02, 9.647263e-01, -2.344291e+00, 2.311609e+00, 5.704954e-11, 6.118353e-10, 3.547310e+01, -1.236092e-01
2.689000e+09, 8.533115e-02, 9.647973e-01, -2.345653e+00, 2.297001e+00, 3.910766e-11, 6.120216e-10, 3.550896e+01, -1.222240e-01
2.692800e+09, 8.446831e-02, 9.648684e-01, -2.346587e+00, 2.282388e+00, 2.031489e-11, 6.122095e-10, 3.554750e+01, -1.208729e-01
2.696600e+09, 8.359317e-02, 9.649394e-01, -2.347072e+00, 2.267771e+00, 6.349416e-13, 6.123989e-10, 3.558870e+01, -1.195587e-01
2.700400e+09, 8.270693e-02, 9.650101e-01, -2.347087e+00, 2.253149e+00, -1.996850e-11, 6.125895e-10, 3.563254e+01, -1.182838e-01
2.704200e+09, 8.181084e-02, 9.650804e-01, -2.346610e+00, 2.238523e+00, -4.153135e-11, 6.127813e-10, 3.567899e+01, -1.170511e-01
2.708000e+09, 8.090627e-02, 9.651502e-01, -2.345618e+00, 2.223892e+00, -6.408863e-11, 6.129740e-10, 3.572803e+01, -1.158630e-01
2.711800e+09, 7.999466e-02, 9.652194e-01, -2.344088e+00, 2.209256e+00, -8.767388e-11, 6.131676e-10, 3.577962e+01, -1.147222e-01
2.715600e+09, 7.907752e-02, 9.652877e-01, -2.341995e+00, 2.194616e+00, -1.123184e-10, 6.133617e-10, 3.583374e+01, -1.136312e-01
2.719400e+09, 7.815650e-02, 9.653551e-01, -2.339313e+00, 2.179972e+00, -1.380505e-10, 6.135564e-10, 3.589033e+01, -1.125925e-01
2.723200e+09, 7.723332e-02, 9.654215e-01, -2.336017e+00, 2.165322e+00, -1.648942e-10, 6.137514e-10, 3.594937e+01, -1.116087e-01
2.727000e+09, 7.630982e-02, 9.654867e-01, -2.332080e+00, 2.150668e+00, -1.928686e-10, 6.139465e-10, 3.601081e+01, -1.106821e-01
2.730800e+09, 7.538796e-02, 9.655505e-01, -2.327475e+00, 2.136010e+00, -2.219858e-10, 6.141416e-10, 3.607461e+01, -1.098153e-01
2.734600e+09, 7.446981e-02, 9.656128e-01, -2.322175e+00, 2.121346e+00, -2.522499e-10, 6.143365e-10, 3.614072e+01, -1.090105e-01
2.738400e+09, 7.355756e-02, 9.656736e-01, -2.316152e+00, 2.106678e+00, -2.836550e-10, 6.145312e-10, 3.620909e+01, -1.082701e-01
2.742200e+09, 7.265354e-02, 9.657326e-01, -2.309380e+00, 2.092006e+00, -3.161832e-10, 6.147253e-10, 3.627967e+01, -1.075964e-01
2.746000e+09, 7.176022e-02, 9.657896e-01, -2.301830e+00, 2.077329e+00, -3.498025e-10, 6.149187e-10, 3.635239e+01, -1.069917e-01
2.749800e+09, 7.088018e-02, 9.658447e-01, -2.293478e+00, 2.062647e+00, -3.844643e-10, 6.151114e-10, 3.642721e+01, -1.064580e-01
2.753600e+09, 7.001616e-02, 9.658976e-01, -2.284299e+00, 2.047960e+00, -4.201010e-10, 6.153030e-10, 3.650405e+01, -1.059976e-01
2.757400e+09, 6.917104e-02, 9.659481e-01, -2.274269e+00, 2.033269e+00, -4.566233e-10, 6.154935e-10, 3.658286e+01, -1.056125e-01
2.761200e+09, 6.834783e-02, 9.659962e-01, -2.263366e+00, 2.018574e+00, -4.939175e-10, 6.156827e-10, 3.666356e+01, -1.053048e-01
2.765000e+09, 6.754970e-02, 9.660417e-01, -2.251573e+00, 2.003874e+00, -5.318430e-10, 6.158705e-10, 3.674608e+01, -1.050764e-01
2.768800e+09, 6.677991e-02, 9.660845e-01, -2.238875e+00, 1.989169e+00, -5.702302e-10, 6.160566e-10, 3.683035e+01, -1.049291e-01
2.772600e+09, 6.604190e-02, 9.661244e-01, -2.225260e+00, 1.974460e+00, -6.088781e-10, 6.162409e-10, 3.691629e+01, -1.048649e-01
2.776400e+09, 6.533918e-02, 9.661613e-01, -2.210722e+00, 1.959746e+00, -6.475531e-10, 6.164232e-10, 3.700383e+01, -1.048854e-01
2.780200e+09, 6.467538e-02, 9.661951e-01, -2.195261e+00, 1.945029e+00, -6.859887e-10, 6.166034e-10, 3.709288e+01, -1.049925e-01
2.784000e+09, 6.405422e-02, 9.662255e-01, -2.178883e+00, 1.930307e+00, -7.238857e-10, 6.167814e-10, 3.718334e+01, -1.051876e-01
2.787800e+09, 6.347947e-02, 9.662526e-01, -2.161599e+00, 1.915580e+00, -7.609140e-10, 6.169569e-10, 3.727515e+01, -1.054724e-01
2.791600e+09, 6.295494e-02, 9.662760e-01, -2.143431e+00, 1.900850e+00, -7.967164e-10, 6.171298e-10, 3.736819e+01, -1.058482e-01
2.795400e+09, 6.248444e-02, 9.662958e-01, -2.124409e+00, 1.886115e+00, -8.309129e-10, 6.173000e-10, 3.746238e+01, -1.063166e-01
2.799200e+09, 6.207177e-02, 9.663118e-01, -2.104570e+00, 1.871376e+00, -8.631077e-10, 6.174672e-10, 3.755762e+01, -1.068789e-01
2.803000e+09, 6.172063e-02, 9.663238e-01, -2.083962e+00, 1.856634e+00, -8.928981e-10, 6.176314e-10, 3.765380e+01, -1.075361e-01
2.806800e+09, 6.143464e-02, 9.663317e-01, -2.062643e+00, 1.841887e+00, -9.198840e-10, 6.177923e-10, 3.775083e+01, -1.082896e-01
2.810600e+09, 6.121726e-02, 9.663354e-01, -2.040680e+00, 1.827137e+00, -9.436795e-10, 6.179499e-10, 3.784860e+01, -1.091404e-01
2.814400e+09, 6.107176e-02, 9.663348e-01, -2.018149e+00, 1.812382e+00, -9.639253e-10, 6.181039e-10, 3.794699e+01, -1.100894e-01
2.818200e+09, 6.100117e-02, 9.663297e-01, -1.995134e+00, 1.797624e+00, -9.803006e-10, 6.182541e-10, 3.804590e+01, -1.111376e-01
2.822000e+09, 6.100823e-02, 9.663199e-01, -1.971728e+00, 1.782863e+00, -9.925354e-10, 6.184006e-10, 3.814521e+01, -1.122857e-01
2.825800e+09, 6.109537e-02, 9.663055e-01, -1.948030e+00, 1.768098e+00, -1.000420e-09, 6.185430e-10, 3.824480e+01, -1.135344e-01
2.829600e+09, 6.126468e-02, 9.662862e-01, -1.924144e+00, 1.753330e+00, -1.003816e-09, 6.186812e-10, 3.834456e+01, -1.148844e-01
2.833400e+09, 6.151784e-02, 9.662619e-01, -1.900177e+00, 1.738558e+00, -1.002658e-09, 6.188151e-10, 3.844436e+01, -1.163362e-01
2.837200e+09, 6.185616e-02, 9.662325e-01, -1.876237e+00, 1.723783e+00, -9.969610e-10, 6.189445e-10, 3.854407e+01, -1.178902e-01
2.841000e+09, 6.228052e-02, 9.661979e-01, -1.852434e+00, 1.709005e+00, -9.868156e-10, 6.190693e-10, 3.864357e+01, -1.195467e-01
2.844800e+09, 6.279139e-02, 9.661580e-01, -1.828873e+00, 1.694224e+00, -9.723870e-10, 6.191894e-10, 3.874273e+01, -1.213059e-01
2.848600e+09, 6.338885e-02, 9.661127e-01, -1.805656e+00, 1.679440e+00, -9.539074e-10, 6.193045e-10, 3.884142e+01, -1.231681e-01
2.852400e+09, 6.407254e-02, 9.660618e-01, -1.782880e+00, 1.664654e+00, -9.316659e-10, 6.194145e-10, 3.893950e+01, -1.251331e-01
2.856200e+09, 6.484176e-02, 9.660053e-01, -1.760636e+00, 1.649864e+00, -9.059987e-10, 6.195192e-10, 3.903683e+01, -1.272009e-01
2.860000e+09, 6.569545e-02, 9.659430e-01, -1.739004e+00, 1.635073e+00, -8.772760e-10, 6.196187e-10, 3.913329e+01, -1.293714e-01
2.863800e+09, 6.663222e-02, 9.658748e-01, -1.718058e+00, 1.620279e+00, -8.458902e-10, 6.197125e-10, 3.922874e+01, -1.316442e-01
2.867600e+09, 6.765041e-02, 9.658007e-01, -1.697861e+00, 1.605482e+00, -8.122436e-10, 6.198008e-10, 3.932302e+01, -1.340189e-01
2.871400e+09, 6.874810e-02, 9.657205e-01, -1.678468e+00, 1.590684e+00, -7.767378e-10, 6.198832e-10, 3.941601e+01, -1.364951e-01
2.875200e+09, 6.992319e-02, 9.656342e-01, -1.659923e+00, 1.575883e+00, -7.397641e-10, 6.199597e-10, 3.950755e+01, -1.390721e-01
2.879000e+09, 7.117336e-02, 9.655416e-01, -1.642260e+00, 1.561081e+00, -7.016951e-10, 6.200301e-10, 3.959752e+01, -1.417492e-01
2.882800e+09, 7.249621e-02, 9.654426e-01, -1.625506e+00, 1.546277e+00, -6.628792e-10, 6.200943e-10, 3.968575e+01, -1.445256e-01
2.886600e+09, 7.388919e-02, 9.653373e-01, -1.609679e+00, 1.531472e+00, -6.236361e-10, 6.201522e-10, 3.977211e+01, -1.474004e-01
2.890400e+09, 7.534970e-02, 9.652254e-01, -1.594789e+00, 1.516665e+00, -5.842535e-10, 6.202035e-10, 3.985646e+01, -1.503725e-01
2.894200e+09, 7.687511e-02, 9.651070e-01, -1.580840e+00, 1.501857e+00, -5.449866e-10, 6.202483e-10, 3.993864e+01, -1.534408e-01
2.898000e+09, 7.846275e-02, 9.649818e-01, -1.567827e+00, 1.487048e+00, -5.060574e-10, 6.202863e-10, 4.001853e+01, -1.566040e-01
2.901800e+09, 8.010996e-02, 9.648500e-01, -1.555745e+00, 1.472238e+00, -4.676558e-10, 6.203175e-10, 4.009596e+01, -1.598607e-01
2.905600e+09, 8.181411e-02, 9.647113e-01, -1.544579e+00, 1.457427e+00, -4.299410e-10, 6.203417e-10, 4.017080e+01, -1.632095e-01
2.909400e+09, 8.357259e-02, 9.645658e-01, -1.534314e+00, 1.442616e+00, -3.930440e-10, 6.203588e-10, 4.024291e+01, -1.666488e-01
2.913200e+09, 8.538286e-02, 9.644133e-01, -1.524929e+00, 1.427804e+00, -3.570696e-10, 6.203687e-10, 4.031214e+01, -1.701768e-01
2.917000e+09, 8.724241e-02, 9.642538e-01, -1.516404e+00, 1.412992e+00, -3.220993e-10, 6.203713e-10, 4.037836e+01, -1.737919e-01
2.920800e+09, 8.914881e-02, 9.640873e-01, -1.508713e+00, 1.398180e+00, -2.881936e-10, 6.203664e-10, 4.044143e+01, -1.774921e-01
2.924600e+09, 9.109971e-02, 9.639137e-01, -1.501832e+00, 1.383368e+00, -2.553952e-10, 6.203540e-10, 4.050121e+01, -1.812754e-01
2.928400e+09, 9.309281e-02, 9.637330e-01, -1.495735e+00, 1.368556e+00, -2.237309e-10, 6.203340e-10, 4.055758e+01, -1.851397e-01
2.932200e+09, 9.512590e-02, 9.635450e-01, -1.490393e+00, 1.353745e+00, -1.932141e-10, 6.203062e-10, 4.061039e+01, -1.890828e-01
2.936000e+09, 9.719684e-02, 9.633499e-01, -1.485780e+00, 1.338935e+00, -1.638471e-10, 6.202707e-10, 4.065953e+01, -1.931024e-01
2.939800e+09, 9.930356e-02, 9.631475e-01, -1.481868e+00, 1.324125e+00, -1.356227e-10, 6.202272e-10, 4.070486e+01, -1.971960e-01
2.943600e+09, 1.014441e-01, 9.629379e-01, -1.478629e+00, 1.309316e+00, -1.085263e-10, 6.201757e-10, 4.074628e+01, -2.013613e-01
2.947400e+09, 1.036165e-01, 9.627209e-01, -1.476038e+00, 1.294509e+00, -8.253682e-11, 6.201162e-10, 4.078365e+01, -2.055957e-01
2.951200e+09, 1.058189e-01, 9.624966e-01, -1.474068e+00, 1.279703e+00, -5.762862e-11, 6.200485e-10, 4.081687e+01, -2.098963e-01
2.955000e+09, 1.080497e-01, 9.622650e-01, -1.472692e+00, 1.264899e+00, -3.377222e-11, 6.199725e-10, 4.084582e+01, -2.142606e-01
2.958800e+09, 1.103069e-01, 9.620261e-01, -1.471885e+00, 1.250096e+00, -1.093540e-11, 6.198883e-10, 4.087042e+01, -2.186856e-01
2.962600e+09, 1.125891e-01, 9.617798e-01, -1.471624e+00, 1.235296e+00, 1.091602e-11, 6.197958e-10, 4.089054e+01, -2.231684e-01
2.966400e+09, 1.148946e-01, 9.615262e-01, -1.471885e+00, 1.220497e+00, 3.181751e-11, 6.196948e-10, 4.090610e+01, -2.277061e-01
2.970200e+09, 1.172219e-01, 9.612652e-01, -1.472645e+00, 1.205702e+00, 5.180524e-11, 6.195854e-10, 4.091702e+01, -2.322955e-01
2.974000e+09, 1.195695e-01, 9.609969e-01, -1.473881e+00, 1.190908e+00, 7.091566e-11, 6.194675e-10, 4.092320e+01, -2.369336e-01
2.977800e+09, 1.219360e-01, 9.607214e-01, -1.475575e+00, 1.176118e+00, 8.918508e-11, 6.193411e-10, 4.092457e+01, -2.416170e-01
2.981600e+09, 1.243200e-01, 9.604385e-01, -1.477704e+00, 1.161330e+00, 1.066494e-10, 6.192061e-10, 4.092105e+01, -2.463426e-01
2.985400e+09, 1.267202e-01, 9.601484e-01, -1.480250e+00, 1.146546e+00, 1.233439e-10, 6.190625e-10, 4.091259e+01, -2.511070e-01
2.989200e+09, 1.291353e-01, 9.598510e-01, -1.483195e+00, 1.131765e+00, 1.393029e-10, 6.189103e-10, 4.089911e+01, -2.559069e-01
2.993000e+09, 1.315641e-01, 9.595465e-01, -1.486521e+00, 1.116988e+00, 1.545600e-10, 6.187495e-10, 4.088057e+01, -2.607387e-01
2.996800e+09, 1.340054e-01, 9.592348e-01, -1.490212e+00, 1.102215e+00, 1.691474e-10, 6.185800e-10, 4.085692e+01, -2.655991e-01
3.000600e+09, 1.364579e-01, 9.589160e-01, -1.494250e+00, 1.087446e+00, 1.830964e-10, 6.184019e-10, 4.082812e+01, -2.704845e-01
3.004400e+09, 1.389206e-01, 9.585902e-01, -1.498622e+00, 1.072681e+00, 1.964369e-10, 6.182151e-10, 4.079413e+01, -2.753914e-01
3.008200e+09, 1.413924e-01, 9.582574e-01, -1.503312e+00, 1.057920e+00, 2.091979e-10, 6.180198e-10, 4.075493e+01, -2.803161e-01
3.012000e+09, 1.438721e-01, 9.579177e-01, -1.508307e+00, 1.043164e+00, 2.214068e-10, 6.178158e-10, 4.071050e+01, -2.852551e-01
3.015800e+09, 1.463588e-01, 9.575712e-01, -1.513593e+00, 1.028413e+00, 2.330900e-10, 6.176033e-10, 4.066083e+01, -2.902048e-01
3.019600e+09, 1.488514e-01, 9.572179e-01, -1.519158e+00, 1.013667e+00, 2.442727e-10, 6.173822e-10, 4.060590e+01, -2.951615e-01
3.023400e+09, 1.513490e-01, 9.568579e-01, -1.524991e+00, 9.989264e-01, 2.549788e-10, 6.171525e-10, 4.054572e+01, -3.001215e-01
3.027200e+09, 1.538506e-01, 9.564913e-01, -1.531079e+00, 9.841912e-01, 2.652313e-10, 6.169145e-10, 4.048030e+01, -3.050812e-01
3.031000e+09, 1.563552e-01, 9.561182e-01, -1.537411e+00, 9.694617e-01, 2.750517e-10, 6.166680e-10, 4.040965e+01, -3.100369e-01
3.034800e+09, 1.588620e-01, 9.557387e-01, -1.543978e+00, 9.547380e-01, 2.844607e-10, 6.164131e-10, 4.033379e+01, -3.149850e-01
3.038600e+09, 1.613700e-01, 9.553529e-01, -1.550770e+00, 9.400205e-01, 2.934780e-10, 6.161500e-10, 4.025275e+01, -3.199217e-01
3.042400e+09, 1.638784e-01, 9.549609e-01, -1.557777e+00, 9.253092e-01, 3.021222e-10, 6.158786e-10, 4.016656e+01, -3.248435e-01
3.046200e+09, 1.663863e-01, 9.545628e-01, -1.564991e+00, 9.106044e-01, 3.104109e-10, 6.155992e-10, 4.007526e+01, -3.297467e-01
3.050000e+09, 1.688929e-01, 9.541588e-01, -1.572402e+00, 8.959063e-01, 3.183610e-10, 6.153116e-10, 3.997891e+01, -3.346276e-01
3.053800e+09, 1.713974e-01, 9.537489e-01, -1.580004e+00, 8.812151e-01, 3.259884e-10, 6.150161e-10, 3.987754e+01, -3.394827e-01
3.057600e+09, 1.738989e-01, 9.533334e-01, -1.587787e+00, 8.665309e-01, 3.333081e-10, 6.147128e-10, 3.977123e+01, -3.443084e-01
3.061400e+09, 1.763968e-01, 9.529122e-01, -1.595745e+00, 8.518540e-01, 3.403346e-10, 6.144017e-10, 3.966004e+01, -3.491012e-01
3.065200e+09, 1.788901e-01, 9.524857e-01, -1.603871e+00, 8.371844e-01, 3.470813e-10, 6.140830e-10, 3.954402e+01, -3.538575e-01
3.069000e+09, 1.813782e-01, 9.520538e-01, -1.612158e+00, 8.225225e-01, 3.535613e-10, 6.137569e-10, 3.942327e+01, -3.585739e-01
3.072800e+09, 1.838604e-01, 9.516169e-01, -1.620599e+00, 8.078684e-01, 3.597867e-10, 6.134233e-10, 3.929786e+01, -3.632470e-01
3.076600e+09, 1.863358e-01, 9.511749e-01, -1.629190e+00, 7.932222e-01, 3.657691e-10, 6.130825e-10, 3.916788e+01, -3.678733e-01
3.080400e+09, 1.888038e-01, 9.507282e-01, -1.637923e+00, 7.785842e-01, 3.715197e-10, 6.127346e-10, 3.903341e+01, -3.724495e-01
3.084200e+09, 1.912638e-01, 9.502768e-01, -1.646793e+00, 7.639545e-01, 3.770487e-10, 6.123798e-10, 3.889455e+01, -3.769724e-01
3.088000e+09, 1.937149e-01, 9.498209e-01, -1.655796e+00, 7.493333e-01, 3.823663e-10, 6.120182e-10, 3.875140e+01, -3.814387e-01
3.091800e+09, 1.961566e-01, 9.493608e-01, -1.664925e+00, 7.347207e-01, 3.874817e-10, 6.116500e-10, 3.860405e+01, -3.858451e-01
3.095600e+09, 1.985882e-01, 9.488965e-01, -1.674177e+00, 7.201168e-01, 3.924041e-10, 6.112754e-10, 3.845262e+01, -3.901886e-01
3.099400e+09, 2.010090e-01, 9.484283e-01, -1.683546e+00, 7.055220e-01, 3.971419e-10, 6.108945e-10, 3.829722e+01, -3.944660e-01
3.103200e+09, 2.034184e-01, 9.479563e-01, -1.693028e+00, 6.909362e-01, 4.017032e-10, 6.105076e-10, 3.813795e+01, -3.986744e-01
3.107000e+09, 2.058158e-01, 9.474808e-01, -1.702619e+00, 6.763596e-01, 4.060957e-10, 6.101147e-10, 3.797493e+01, -4.028108e-01
3.110800e+09, 2.082006e-01, 9.470019e-01, -1.712315e+00, 6.617925e-01, 4.103268e-10, 6.097162e-10, 3.780827e+01, -4.068722e-01
3.114600e+09, 2.105722e-01, 9.465199e-01, -1.722112e+00, 6.472348e-01, 4.144035e-10, 6.093122e-10, 3.763810e+01, -4.108559e-01
3.118400e+09, 2.129299e-01, 9.460349e-01, -1.732006e+00, 6.326868e-01, 4.183324e-10, 6.089029e-10, 3.746454e+01, -4.147589e-01
3.122200e+09, 2.152733e-01, 9.455472e-01, -1.741995e+00, 6.181486e-01, 4.221199e-10, 6.084886e-10, 3.728770e+01, -4.185787e-01
3.126000e+09, 2.176016e-01, 9.450569e-01, -1.752073e+00, 6.036203e-01, 4.257720e-10, 6.080694e-10, 3.710772e+01, -4.223125e-01
3.129800e+09, 2.199145e-01, 9.445644e-01, -1.762239e+00, 5.891019e-01, 4.292945e-10, 6.076457e-10, 3.692472e+01, -4.259577e-01
3.133600e+09, 2.222113e-01, 9.440697e-01, -1.772489e+00, 5.745937e-01, 4.326928e-10, 6.072176e-10, 3.673882e+01, -4.295118e-01
3.137400e+09, 2.244915e-01, 9.435731e-01, -1.782820e+00, 5.600957e-01, 4.359723e-10, 6.067853e-10, 3.655016e+01, -4.329723e-01
3.141200e+09, 2.267546e-01, 9.430749e-01, -1.793229e+00, 5.456081e-01, 4.391379e-10, 6.063491e-10, 3.635885e+01, -4.363367e-01
3.145000e+09, 2.290000e-01, 9.425753e-01, -1.803714e+00, 5.311308e-01, 4.421945e-10, 6.059093e-10, 3.616503e+01, -4.396028e-01
3.148800e+09, 2.312273e-01, 9.420744e-01, -1.814272e+00, 5.166640e-01, 4.451465e-10, 6.054661e-10, 3.596883e+01, -4.427682e-01
3.152600e+09, 2.334359e-01, 9.415726e-01, -1.824900e+00, 5.022079e-01, 4.479986e-10, 6.050198e-10, 3.577037e+01, -4.458307e-01
3.156400e+09, 2.356254e-01, 9.410701e-01, -1.835597e+00, 4.877624e-01, 4.507547e-10, 6.045706e-10, 3.556978e+01, -4.487880e-01
3.160200e+09, 2.377952e-01, 9.405670e-01, -1.846359e+00, 4.733276e-01, 4.534189e-10, 6.041188e-10, 3.536719e+01, -4.516380e-01
3.164000e+09, 2.399450e-01, 9.400637e-01, -1.857185e+00, 4.589036e-01, 4.559952e-10, 6.036647e-10, 3.516272e+01, -4.543787e-01
3.167800e+09, 2.420742e-01, 9.395604e-01, -1.868072e+00, 4.444904e-01, 4.584871e-10, 6.032084e-10, 3.495650e+01, -4.570081e-01
3.171600e+09, 2.441824e-01, 9.390573e-01, -1.879019e+00, 4.300881e-01, 4.608983e-10, 6.027504e-10, 3.474866e+01, -4.595241e-01
3.175400e+09, 2.462692e-01, 9.385547e-01, -1.890024e+00, 4.156968e-01, 4.632321e-10, 6.022909e-10, 3.453931e+01, -4.619248e-01
3.179200e+09, 2.483341e-01, 9.380528e-01, -1.901084e+00, 4.013164e-01, 4.654917e-10, 6.018301e-10, 3.432859e+01, -4.642083e-01
3.183000e+09, 2.503767e-01, 9.375518e-01, -1.912198e+00, 3.869471e-01, 4.676805e-10, 6.013684e-10, 3.411661e+01, -4.663729e-01
3.186800e+09, 2.523966e-01, 9.370520e-01, -1.923364e+00, 3.725887e-01, 4.698012e-10, 6.009060e-10, 3.390349e+01, -4.684167e-01
3.190600e+09, 2.543934e-01, 9.365537e-01, -1.934581e+00, 3.582415e-01, 4.718569e-10, 6.004433e-10, 3.368936e+01, -4.703380e-01
3.194400e+09, 2.563666e-01, 9.360571e-01, -1.945848e+00, 3.439052e-01, 4.738504e-10, 5.999804e-10, 3.347432e+01, -4.721351e-01
3.198200e+09, 2.583160e-01, 9.355624e-01, -1.957161e+00, 3.295800e-01, 4.757842e-10, 5.995178e-10, 3.325850e+01, -4.738063e-01
3.202000e+09, 2.602410e-01, 9.350699e-01, -1.968521e+00, 3.152659e-01, 4.776611e-10, 5.990556e-10, 3.304201e+01, -4.753500e-01
3.205800e+09, 2.621413e-01, 9.345798e-01, -1.979926e+00, 3.009628e-01, 4.794835e-10, 5.985942e-10, 3.282496e+01, -4.767647e-01
3.209600e+09, 2.640166e-01, 9.340925e-01, -1.991374e+00, 2.866707e-01, 4.812539e-10, 5.981339e-10, 3.260746e+01, -4.780487e-01
3.213400e+09, 2.658665e-01, 9.336080e-01, -2.002864e+00, 2.723895e-01, 4.829744e-10, 5.976750e-10, 3.238962e+01, -4.792007e-01
3.217200e+09, 2.676907e-01, 9.331268e-01, -2.014396e+00, 2.581194e-01, 4.846475e-10, 5.972178e-10, 3.217155e+01, -4.802190e-01
3.221000e+09, 2.694888e-01, 9.326489e-01, -2.025967e+00, 2.438602e-01, 4.862752e-10, 5.967625e-10, 3.195335e+01, -4.811023e-01
3.224800e+09, 2.712604e-01, 9.321747e-01, -2.037578e+00, 2.296118e-01, 4.878597e-10, 5.963095e-10, 3.173512e+01, -4.818491e-01
3.228600e+09, 2.730053e-01, 9.317045e-01, -2.049226e+00, 2.153742e-01, 4.894029e-10, 5.958591e-10, 3.151698e+01, -4.824581e-01
3.232400e+09, 2.747230e-01, 9.312384e-01, -2.060911e+00, 2.011475e-01, 4.909068e-10, 5.954115e-10, 3.129901e+01, -4.829278e-01
3.236200e+09, 2.764134e-01, 9.307767e-01, -2.072632e+00, 1.869313e-01, 4.923734e-10, 5.949671e-10, 3.108132e+01, -4.832570e-01
3.240000e+09, 2.780761e-01, 9.303196e-01, -2.084388e+00, 1.727258e-01, 4.938044e-10, 5.945260e-10, 3.086401e+01, -4.834443e-01
3.243800e+09, 2.797108e-01, 9.298674e-01, -2.096178e+00, 1.585309e-01, 4.952016e-10, 5.940888e-10, 3.064716e+01, -4.834885e-01
3.247600e+09, 2.813172e-01, 9.294203e-01, -2.108002e+00, 1.443464e-01, 4.965668e-10, 5.936555e-10, 3.043087e+01, -4.833883e-01
3.251400e+09, 2.828950e-01, 9.289786e-01, -2.119858e+00, 1.301722e-01, 4.979016e-10, 5.932265e-10, 3.021524e+01, -4.831425e-01
3.255200e+09, 2.844439e-01, 9.285424e-01, -2.131746e+00, 1.160082e-01, 4.992076e-10, 5.928021e-10, 3.000035e+01, -4.827498e-01
3.259000e+09, 2.859637e-01, 9.281120e-01, -2.143665e+00, 1.018544e-01, 5.004864e-10, 5.923826e-10, 2.978629e+01, -4.822090e-01
3.262800e+09, 2.874540e-01, 9.276877e-01, -2.155614e+00, 8.771065e-02, 5.017396e-10, 5.919682e-10, 2.957315e+01, -4.815191e-01
3.266600e+09, 2.889147e-01, 9.272696e-01, -2.167594e+00, 7.357675e-02, 5.029685e-10, 5.915592e-10, 2.936101e+01, -4.806788e-01
3.270400e+09, 2.903455e-01, 9.268580e-01, -2.179603e+00, 5.945262e-02, 5.041748e-10, 5.911559e-10, 2.914995e+01, -4.796870e-01
3.274200e+09, 2.917461e-01, 9.264531e-01, -2.191641e+00, 4.533812e-02, 5.053596e-10, 5.907586e-10, 2.894007e+01, -4.785426e-01
3.278000e+09, 2.931162e-01, 9.260550e-01, -2.203707e+00, 3.123311e-02, 5.065245e-10, 5.903674e-10, 2.873144e+01, -4.772446e-01
3.281800e+09, 2.944557e-01, 9.256641e-01, -2.215800e+00, 1.713744e-02, 5.076707e-10, 5.899828e-10, 2.852414e+01, -4.757919e-01
3.285600e+09, 2.957643e-01, 9.252806e-01, -2.227922e+00, 3.050948e-03, 5.087995e-10, 5.896048e-10, 2.831824e+01, -4.741835e-01
3.289400e+09, 2.970418e-01, 9.249045e-01, -2.240070e+00, -1.102652e-02, 5.099122e-10, 5.892339e-10, 2.811384e+01, -4.724183e-01
3.293200e+09, 2.982879e-01, 9.245362e-01, -2.252245e+00, -2.509513e-02, 5.110100e-10, 5.888702e-10, 2.791100e+01, -4.704955e-01
3.297000e+09, 2.995024e-01, 9.241758e-01, -2.264445e+00, -3.915505e-02, 5.120941e-10, 5.885139e-10, 2.770980e+01, -4.684140e-01
3.300800e+09, 3.006852e-01, 9.238235e-01, -2.276672e+00, -5.320647e-02, 5.131656e-10, 5.881654e-10, 2.751031e+01, -4.661729e-01
3.304600e+09, 3.018360e-01, 9.234796e-01, -2.288925e+00, -6.724957e-02, 5.142257e-10, 5.878247e-10, 2.731261e+01, -4.637715e-01
3.308400e+09, 3.029546e-01, 9.231441e-01, -2.301202e+00, -8.128454e-02, 5.152755e-10, 5.874923e-10, 2.711677e+01, -4.612087e-01
3.312200e+09, 3.040407e-01, 9.228173e-01, -2.313505e+00, -9.531156e-02, 5.163161e-10, 5.871682e-10, 2.692286e+01, -4.584839e-01
3.316000e+09, 3.050943e-01, 9.224993e-01, -2.325833e+00, -1.093309e-01, 5.173485e-10, 5.868527e-10, 2.673096e+01, -4.555963e-01
3.319800e+09, 3.061152e-01, 9.221903e-01, -2.338185e+00, -1.233426e-01, 5.183737e-10, 5.865459e-10, 2.654113e+01, -4.525452e-01
3.323600e+09, 3.071030e-01, 9.218905e-01, -2.350562e+00, -1.373470e-01, 5.193928e-10, 5.862482e-10, 2.635344e+01, -4.493298e-01
3.327400e+09, 3.080577e-01, 9.216001e-01, -2.362963e+00, -1.513444e-01, 5.204067e-10, 5.859596e-10, 2.616797e+01, -4.459497e-01
3.331200e+09, 3.089791e-01, 9.213191e-01, -2.375388e+00, -1.653348e-01, 5.214164e-10, 5.856804e-10, 2.598479e+01, -4.424041e-01
3.335000e+09, 3.098670e-01, 9.210478e-01, -2.387838e+00, -1.793186e-01, 5.224229e-10, 5.854107e-10, 2.580396e+01, -4.386927e-01
3.338800e+09, 3.107212e-01, 9.207863e-01, -2.400311e+00, -1.932959e-01, 5.234270e-10, 5.851507e-10, 2.562555e+01, -4.348150e-01
3.342600e+09, 3.115416e-01, 9.205347e-01, -2.412808e+00, -2.072670e-01, 5.244297e-10, 5.849006e-10, 2.544962e+01, -4.307706e-01
3.346400e+09, 3.123280e-01, 9.202932e-01, -2.425330e+00, -2.212322e-01, 5.254318e-10, 5.846606e-10, 2.527626e+01, -4.265592e-01
3.350200e+09, 3.130802e-01, 9.200619e-01, -2.437875e+00, -2.351916e-01, 5.264343e-10, 5.844307e-10, 2.510552e+01, -4.221807e-01
3.354000e+09, 3.137981e-01, 9.198410e-01, -2.450444e+00, -2.491455e-01, 5.274380e-10, 5.842111e-10, 2.493747e+01, -4.176348e-01
3.357800e+09, 3.144816e-01, 9.196304e-01, -2.463037e+00, -2.630942e-01, 5.284437e-10, 5.840019e-10, 2.477218e+01, -4.129216e-01
3.361600e+09, 3.151304e-01, 9.194305e-01, -2.475655e+00, -2.770379e-01, 5.294522e-10, 5.838034e-10, 2.460971e+01, -4.080411e-01
3.365400e+09, 3.157445e-01, 9.192412e-01, -2.488296e+00, -2.909768e-01, 5.304644e-10, 5.836155e-10, 2.445014e+01, -4.029935e-01
3.369200e+09, 3.163236e-01, 9.190627e-01, -2.500961e+00, -3.049113e-01, 5.314810e-10, 5.834384e-10, 2.429353e+01, -3.977790e-01
3.373000e+09, 3.168677e-01, 9.188950e-01, -2.513651e+00, -3.188415e-01, 5.325029e-10, 5.832723e-10, 2.413995e+01, -3.923980e-01
3.376800e+09, 3.173766e-01, 9.187383e-01, -2.526365e+00, -3.327678e-01, 5.335307e-10, 5.831171e-10, 2.398945e+01, -3.868511e-01
3.380600e+09, 3.178502e-01, 9.185927e-01, -2.539104e+00, -3.466904e-01, 5.345654e-10, 5.829730e-10, 2.384212e+01, -3.811389e-01
3.384400e+09, 3.182883e-01, 9.184582e-01, -2.551867e+00, -3.606095e-01, 5.356076e-10, 5.828401e-10, 2.369802e+01, -3.752621e-01
3.388200e+09, 3.186908e-01, 9.183350e-01, -2.564655e+00, -3.745254e-01, 5.366580e-10, 5.827184e-10, 2.355720e+01, -3.692216e-01
3.392000e+09, 3.190577e-01, 9.182230e-01, -2.577468e+00, -3.884385e-01, 5.377175e-10, 5.826081e-10, 2.341975e+01, -3.630186e-01
3.395800e+09, 3.193886e-01, 9.181224e-01, -2.590307e+00, -4.023489e-01, 5.387867e-10, 5.825090e-10, 2.328572e+01, -3.566543e-01
3.399600e+09, 3.196837e-01, 9.180332e-01, -2.603171e+00, -4.162569e-01, 5.398663e-10, 5.824214e-10, 2.315518e+01, -3.501300e-01
3.403400e+09, 3.199426e-01, 9.179555e-01, -2.616061e+00, -4.301629e-01, 5.409572e-10, 5.823453e-10, 2.302821e+01, -3.434472e-01
3.407200e+09, 3.201653e-01, 9.178893e-01, -2.628977e+00, -4.440670e-01, 5.420599e-10, 5.822806e-10, 2.290485e+01, -3.366079e-01
3.411000e+09, 3.203518e-01, 9.178347e-01, -2.641919e+00, -4.579696e-01, 5.431752e-10, 5.822275e-10, 2.278519e+01, -3.296137e-01
3.414800e+09, 3.205018e-01, 9.177917e-01, -2.654888e+00, -4.718709e-01, 5.443038e-10, 5.821859e-10, 2.266929e+01, -3.224670e-01
3.418600e+09, 3.206152e-01, 9.177603e-01, -2.667884e+00, -4.857713e-01, 5.454464e-10, 5.821559e-10, 2.255720e+01, -3.151699e-01
3.422400e+09, 3.206921e-01, 9.177407e-01, -2.680907e+00, -4.996709e-01, 5.466037e-10, 5.821375e-10, 2.244901e+01, -3.077250e-01
3.426200e+09, 3.207321e-01, 9.177327e-01, -2.693958e+00, -5.135701e-01, 5.477764e-10, 5.821308e-10, 2.234476e+01, -3.001350e-01
3.430000e+09, 3.207353e-01, 9.177365e-01, -2.707037e+00, -5.274691e-01, 5.489651e-10, 5.821356e-10, 2.224454e+01, -2.924029e-01
3.433800e+09, 3.207016e-01, 9.177520e-01, -2.720144e+00, -5.413682e-01, 5.501707e-10, 5.821520e-10, 2.214839e+01, -2.845317e-01
3.437600e+09, 3.206308e-01, 9.177792e-01, -2.733280e+00, -5.552677e-01, 5.513937e-10, 5.821801e-10, 2.205639e+01, -2.765249e-01
3.441400e+09, 3.205229e-01, 9.178183e-01, -2.746445e+00, -5.691679e-01, 5.526349e-10, 5.822198e-10, 2.196860e+01, -2.683861e-01
3.445200e+09, 3.203777e-01, 9.178691e-01, -2.759640e+00, -5.830691e-01, 5.538950e-10, 5.822711e-10, 2.188508e+01, -2.601190e-01
3.449000e+09, 3.201953e-01, 9.179316e-01, -2.772865e+00, -5.969714e-01, 5.551747e-10, 5.823341e-10, 2.180589e+01, -2.517278e-01
3.452800e+09, 3.199753e-01, 9.180059e-01, -2.786120e+00, -6.108753e-01, 5.564747e-10, 5.824086e-10, 2.173109e+01, -2.432167e-01
3.456600e+09, 3.197179e-01, 9.180920e-01, -2.799406e+00, -6.247810e-01, 5.577958e-10, 5.824948e-10, 2.166074e+01, -2.345902e-01
3.460400e+09, 3.194229e-01, 9.181898e-01, -2.812724e+00, -6.386887e-01, 5.591386e-10, 5.825925e-10, 2.159491e+01, -2.258532e-01
3.464200e+09, 3.190903e-01, 9.182993e-01, -2.826075e+00, -6.525987e-01, 5.605039e-10, 5.827019e-10, 2.153365e+01, -2.170104e-01
3.468000e+09, 3.187198e-01, 9.184206e-01, -2.839457e+00, -6.665114e-01, 5.618925e-10, 5.828228e-10, 2.147701e+01, -2.080672e-01
3.471800e+09, 3.183116e-01, 9.185534e-01, -2.852873e+00, -6.804269e-01, 5.633050e-10, 5.829553e-10, 2.142506e+01, -1.990289e-01
3.475600e+09, 3.178655e-01, 9.186979e-01, -2.866322e+00, -6.943456e-01, 5.647424e-10, 5.830993e-10, 2.137784e+01, -1.899013e-01
3.479400e+09, 3.173814e-01, 9.188540e-01, -2.879806e+00, -7.082677e-01, 5.662054e-10, 5.832549e-10, 2.133541e+01, -1.806900e-01
3.483200e+09, 3.168593e-01, 9.190217e-01, -2.893325e+00, -7.221936e-01, 5.676947e-10, 5.834221e-10, 2.129783e+01, -1.714012e-01
3.487000e+09, 3.162991e-01, 9.192008e-01, -2.906879e+00, -7.361234e-01, 5.692112e-10, 5.836008e-10, 2.126513e+01, -1.620411e-01
3.490800e+09, 3.157007e-01, 9.193915e-01, -2.920470e+00, -7.500576e-01, 5.707558e-10, 5.837910e-10, 2.123736e+01, -1.526161e-01
3.494600e+09, 3.150641e-01, 9.195935e-01, -2.934097e+00, -7.639962e-01, 5.723293e-10, 5.839928e-10, 2.121459e+01, -1.431329e-01
3.498400e+09, 3.143893e-01, 9.198069e-01, -2.947762e+00, -7.779397e-01, 5.739325e-10, 5.842060e-10, 2.119683e+01, -1.335981e-01
3.502200e+09, 3.136762e-01, 9.200316e-01, -2.961466e+00, -7.918882e-01, 5.755665e-10, 5.844308e-10, 2.118415e+01, -1.240187e-01
3.506000e+09, 3.129246e-01, 9.202674e-01, -2.975208e+00, -8.058422e-01, 5.772321e-10, 5.846671e-10, 2.117658e+01, -1.144018e-01
3.509800e+09, 3.121347e-01, 9.205145e-01, -2.988990e+00, -8.198017e-01, 5.789302e-10, 5.849149e-10, 2.117415e+01, -1.047545e-01
3.513600e+09, 3.113064e-01, 9.207726e-01, -3.002813e+00, -8.337672e-01, 5.806620e-10, 5.851742e-10, 2.117691e+01, -9.508416e-02
3.517400e+09, 3.104395e-01, 9.210417e-01, -3.016677e+00, -8.477389e-01, 5.824284e-10, 5.854450e-10, 2.118488e+01, -8.539815e-02
3.521200e+09, 3.095342e-01, 9.213217e-01, -3.030583e+00, -8.617171e-01, 5.842304e-10, 5.857273e-10, 2.119811e+01, -7.570393e-02
3.525000e+09, 3.085903e-01, 9.216125e-01, -3.044532e+00, -8.757019e-01, 5.860692e-10, 5.860210e-10, 2.121661e+01, -6.600906e-02
3.528800e+09, 3.076079e-01, 9.219141e-01, -3.058525e+00, -8.896938e-01, 5.879459e-10, 5.863261e-10, 2.124041e+01, -5.632111e-02
3.532600e+09, 3.065869e-01, 9.222262e-01, -3.072563e+00, -9.036930e-01, 5.898617e-10, 5.866427e-10, 2.126954e+01, -4.664772e-02
3.536400e+09, 3.055273e-01, 9.225489e-01, -3.086646e+00, -9.176998e-01, 5.918178e-10, 5.869706e-10, 2.130402e+01, -3.699650e-02
3.540200e+09, 3.044291e-01, 9.228819e-01, -3.100777e+00, -9.317143e-01, 5.938155e-10, 5.873099e-10, 2.134387e+01, -2.737510e-02
3.544000e+09, 3.032923e-01, 9.232252e-01, -3.114955e+00, -9.457370e-01, 5.958561e-10, 5.876605e-10, 2.138910e+01, -1.779113e-02
3.547800e+09, 3.021169e-01, 9.235787e-01, -3.129181e+00, -9.597681e-01, 5.979410e-10, 5.880223e-10, 2.143973e+01, -8.252169e-03
3.551600e+09, 3.009030e-01, 9.239421e-01, 3.139727e+00, -9.738077e-01, 6.000716e-10, 5.883954e-10, 2.149578e+01, 1.234250e-03
3.555400e+09, 2.996504e-01, 9.243155e-01, 3.125400e+00, -9.878563e-01, 6.022496e-10, 5.887795e-10, 2.155724e+01, 1.066067e-02
3.559200e+09, 2.983593e-01, 9.246986e-01, 3.111021e+00, -1.001914e+00, 6.044763e-10, 5.891747e-10, 2.162413e+01, 2.001970e-02
3.563000e+09, 2.970297e-01, 9.250912e-01, 3.096588e+00, -1.015981e+00, 6.067536e-10, 5.895809e-10, 2.169646e+01, 2.930407e-02
3.566800e+09, 2.956616e-01, 9.254933e-01, 3.082101e+00, -1.030058e+00, 6.090831e-10, 5.899979e-10, 2.177422e+01, 3.850661e-02
3.570600e+09, 2.942550e-01, 9.259046e-01, 3.067559e+00, -1.044145e+00, 6.114667e-10, 5.904257e-10, 2.185741e+01, 4.762027e-02
3.574400e+09, 2.928100e-01, 9.263249e-01, 3.052959e+00, -1.058242e+00, 6.139062e-10, 5.908641e-10, 2.194603e+01, 5.663814e-02
3.578200e+09, 2.913267e-01, 9.267542e-01, 3.038302e+00, -1.072350e+00, 6.164037e-10, 5.913130e-10, 2.204009e+01, 6.555346e-02
3.582000e+09, 2.898051e-01, 9.271922e-01, 3.023584e+00, -1.086468e+00, 6.189612e-10, 5.917722e-10, 2.213956e+01, 7.435964e-02
3.585800e+09, 2.882452e-01, 9.276387e-01, 3.008806e+00, -1.100597e+00, 6.215810e-10, 5.922416e-10, 2.224444e+01, 8.305023e-02
3.589600e+09, 2.866472e-01, 9.280935e-01, 2.993965e+00, -1.114738e+00, 6.242654e-10, 5.927210e-10, 2.235472e+01, 9.161900e-02
3.593400e+09, 2.850111e-01, 9.285564e-01, 2.979060e+00, -1.128889e+00, 6.270169e-10, 5.932102e-10, 2.247038e+01, 1.000599e-01
3.597200e+09, 2.833371e-01, 9.290272e-01, 2.964089e+00, -1.143053e+00, 6.298380e-10, 5.937090e-10, 2.259142e+01, 1.083670e-01
3.601000e+09, 2.816252e-01, 9.295056e-01, 2.949051e+00, -1.157228e+00, 6.327314e-10, 5.942172e-10, 2.271781e+01, 1.165346e-01
3.604800e+09, 2.798755e-01, 9.299914e-01, 2.933944e+00, -1.171416e+00, 6.357002e-10, 5.947345e-10, 2.284953e+01, 1.245573e-01
3.608600e+09, 2.780882e-01, 9.304845e-01, 2.918766e+00, -1.185616e+00, 6.387472e-10, 5.952607e-10, 2.298656e+01, 1.324298e-01
3.612400e+09, 2.762634e-01, 9.309844e-01, 2.903515e+00, -1.199828e+00, 6.418757e-10, 5.957956e-10, 2.312889e+01, 1.401470e-01
3.616200e+09, 2.744012e-01, 9.314911e-01, 2.888190e+00, -1.214054e+00, 6.450891e-10, 5.963389e-10, 2.327647e+01, 1.477042e-01
3.620000e+09, 2.725018e-01, 9.320041e-01, 2.872787e+00, -1.228292e+00, 6.483911e-10, 5.968903e-10, 2.342930e+01, 1.550965e-01
3.623800e+09, 2.705654e-01, 9.325234e-01, 2.857306e+00, -1.242543e+00, 6.517854e-10, 5.974494e-10, 2.358733e+01, 1.623197e-01
3.627600e+09, 2.685920e-01, 9.330484e-01, 2.841744e+00, -1.256808e+00, 6.552760e-10, 5.980160e-10, 2.375055e+01, 1.693694e-01
3.631400e+09, 2.665820e-01, 9.335791e-01, 2.826099e+00, -1.271086e+00, 6.588673e-10, 5.985898e-10, 2.391891e+01, 1.762417e-01
3.635200e+09, 2.645355e-01, 9.341151e-01, 2.810368e+00, -1.285378e+00, 6.625638e-10, 5.991704e-10, 2.409239e+01, 1.829327e-01
3.639000e+09, 2.624528e-01, 9.346561e-01, 2.794548e+00, -1.299684e+00, 6.663704e-10, 5.997575e-10, 2.427094e+01, 1.894389e-01
3.642800e+09, 2.603339e-01, 9.352018e-01, 2.778638e+00, -1.314004e+00, 6.702921e-10, 6.003507e-10, 2.445455e+01, 1.957567e-01
3.646600e+09, 2.581793e-01, 9.357519e-01, 2.762634e+00, -1.328338e+00, 6.743344e-10, 6.009496e-10, 2.464316e+01, 2.018831e-01
3.650400e+09, 2.559891e-01, 9.363061e-01, 2.746533e+00, -1.342687e+00, 6.785032e-10, 6.015539e-10, 2.483674e+01, 2.078148e-01
3.654200e+09, 2.537635e-01, 9.368641e-01, 2.730333e+00, -1.357049e+00, 6.828046e-10, 6.021633e-10, 2.503524e+01, 2.135491e-01
3.658000e+09, 2.515030e-01, 9.374255e-01, 2.714031e+00, -1.371427e+00, 6.872452e-10, 6.027772e-10, 2.523863e+01, 2.190833e-01
3.661800e+09, 2.492078e-01, 9.379901e-01, 2.697622e+00, -1.385819e+00, 6.918320e-10, 6.033954e-10, 2.544686e+01, 2.244149e-01
3.665600e+09, 2.468781e-01, 9.385574e-01, 2.681104e+00, -1.400225e+00, 6.965725e-10, 6.040173e-10, 2.565988e+01, 2.295414e-01
3.669400e+09, 2.445143e-01, 9.391272e-01, 2.664472e+00, -1.414647e+00, 7.014747e-10, 6.046427e-10, 2.587765e+01, 2.344608e-01
3.673200e+09, 2.421169e-01, 9.396991e-01, 2.647724e+00, -1.429083e+00, 7.065471e-10, 6.052710e-10, 2.610012e+01, 2.391709e-01
3.677000e+09, 2.396860e-01, 9.402727e-01, 2.630854e+00, -1.443535e+00, 7.117989e-10, 6.059018e-10, 2.632724e+01, 2.436699e-01
3.680800e+09, 2.372222e-01, 9.408478e-01, 2.613859e+00, -1.458001e+00, 7.172397e-10, 6.065348e-10, 2.655895e+01, 2.479560e-01
3.684600e+09, 2.347258e-01, 9.414239e-01, 2.596734e+00, -1.472483e+00, 7.228800e-10, 6.071695e-10, 2.679520e+01, 2.520276e-01
3.688400e+09, 2.321973e-01, 9.420008e-01, 2.579475e+00, -1.486980e+00, 7.287311e-10, 6.078054e-10, 2.703593e+01, 2.558831e-01
3.692200e+09, 2.296371e-01, 9.425780e-01, 2.562076e+00, -1.501492e+00, 7.348047e-10, 6.084421e-10, 2.728109e+01, 2.595211e-01
3.696000e+09, 2.270456e-01, 9.431552e-01, 2.544531e+00, -1.516019e+00, 7.411138e-10, 6.090792e-10, 2.753061e+01, 2.629404e-01
3.699800e+09, 2.244234e-01, 9.437320e-01, 2.526836e+00, -1.530562e+00, 7.476721e-10, 6.097163e-10, 2.778442e+01, 2.661399e-01
3.703600e+09, 2.217710e-01, 9.443081e-01, 2.508985e+00, -1.545119e+00, 7.544944e-10, 6.103528e-10, 2.804247e+01, 2.691183e-01
3.707400e+09, 2.190889e-01, 9.448831e-01, 2.490970e+00, -1.559692e+00, 7.615966e-10, 6.109883e-10, 2.830468e+01, 2.718748e-01
3.711200e+09, 2.163777e-01, 9.454566e-01, 2.472786e+00, -1.574280e+00, 7.689956e-10, 6.116224e-10, 2.857098e+01, 2.744084e-01
3.715000e+09, 2.136380e-01, 9.460283e-01, 2.454426e+00, -1.588883e+00, 7.767100e-10, 6.122546e-10, 2.884130e+01, 2.767183e-01
3.718800e+09, 2.108704e-01, 9.465977e-01, 2.435881e+00, -1.603502e+00, 7.847593e-10, 6.128846e-10, 2.911555e+01, 2.788038e-01
3.722600e+09, 2.080756e-01, 9.471647e-01, 2.417144e+00, -1.618135e+00, 7.931648e-10, 6.135118e-10, 2.939365e+01, 2.806643e-01
3.726400e+09, 2.052542e-01, 9.477286e-01, 2.398206e+00, -1.632783e+00, 8.019496e-10, 6.141357e-10, 2.967553e+01, 2.822991e-01
3.730200e+09, 2.024070e-01, 9.482893e-01, 2.379059e+00, -1.647446e+00, 8.111382e-10, 6.147561e-10, 2.996108e+01, 2.837078e-01
3.734000e+09, 1.995348e-01, 9.488463e-01, 2.359692e+00, -1.662124e+00, 8.207575e-10, 6.153723e-10, 3.025022e+01, 2.848898e-01
3.737800e+09, 1.966383e-01, 9.493993e-01, 2.340096e+00, -1.676817e+00, 8.308361e-10, 6.159840e-10, 3.054284e+01, 2.858448e-01
3.741600e+09, 1.937185e-01, 9.499478e-01, 2.320258e+00, -1.691524e+00, 8.414053e-10, 6.165908e-10, 3.083885e+01, 2.865725e-01
3.745400e+09, 1.907761e-01, 9.504916e-01, 2.300169e+00, -1.706246e+00, 8.524987e-10, 6.171921e-10, 3.113814e+01, 2.870725e-01
3.749200e+09, 1.878121e-01, 9.510303e-01, 2.279815e+00, -1.720982e+00, 8.641526e-10, 6.177876e-10, 3.144059e+01, 2.873447e-01
3.753000e+09, 1.848274e-01, 9.515635e-01, 2.259182e+00, -1.735733e+00, 8.764066e-10, 6.183769e-10, 3.174609e+01, 2.873889e-01
3.756800e+09, 1.818232e-01, 9.520908e-01, 2.238257e+00, -1.750497e+00, 8.893033e-10, 6.189595e-10, 3.205452e+01, 2.872050e-01
3.760600e+09, 1.788005e-01, 9.526120e-01, 2.217024e+00, -1.765275e+00, 9.028889e-10, 6.195350e-10, 3.236574e+01, 2.867929e-01
3.764400e+09, 1.757605e-01, 9.531266e-01, 2.195466e+00, -1.780067e+00, 9.172135e-10, 6.201029e-10, 3.267962e+01, 2.861526e-01
3.768200e+09, 1.727043e-01, 9.536344e-01, 2.173567e+00, -1.794873e+00, 9.323315e-10, 6.206630e-10, 3.299602e+01, 2.852842e-01
3.772000e+09, 1.696332e-01, 9.541349e-01, 2.151306e+00, -1.809692e+00, 9.483018e-10, 6.212148e-10, 3.331478e+01, 2.841878e-01
3.775800e+09, 1.665486e-01, 9.546279e-01, 2.128665e+00, -1.824524e+00, 9.651882e-10, 6.217579e-10, 3.363577e+01, 2.828636e-01
3.779600e+09, 1.634520e-01, 9.551130e-01, 2.105620e+00, -1.839369e+00, 9.830600e-10, 6.222919e-10, 3.395880e+01, 2.813117e-01
3.783400e+09, 1.603448e-01, 9.555898e-01, 2.082148e+00, -1.854227e+00, 1.001992e-09, 6.228164e-10, 3.428372e+01, 2.795326e-01
3.787200e+09, 1.572287e-01, 9.560581e-01, 2.058224e+00, -1.869098e+00, 1.022067e-09, 6.233311e-10, 3.461035e+01, 2.775265e-01
3.791000e+09, 1.541053e-01, 9.565176e-01, 2.033821e+00, -1.883981e+00, 1.043371e-09, 6.238356e-10, 3.493849e+01, 2.752938e-01
3.794800e+09, 1.509766e-01, 9.569679e-01, 2.008910e+00, -1.898875e+00, 1.066001e-09, 6.243295e-10, 3.526796e+01, 2.728351e-01
3.798600e+09, 1.478444e-01, 9.574088e-01, 1.983458e+00, -1.913782e+00, 1.090061e-09, 6.248125e-10, 3.559856e+01, 2.701510e-01
3.802400e+09, 1.447110e-01, 9.578398e-01, 1.957431e+00, -1.928700e+00, 1.115660e-09, 6.252843e-10, 3.593007e+01, 2.672421e-01
3.806200e+09, 1.415784e-01, 9.582608e-01, 1.930794e+00, -1.943629e+00, 1.142920e-09, 6.257445e-10, 3.626227e+01, 2.641091e-01
3.810000e+09, 1.384491e-01, 9.586715e-01, 1.903505e+00, -1.958570e+00, 1.171969e-09, 6.261928e-10, 3.659494e+01, 2.607530e-01
3.813800e+09, 1.353257e-01, 9.590716e-01, 1.875523e+00, -1.973521e+00, 1.202946e-09, 6.266290e-10, 3.692784e+01, 2.571746e-01
3.817600e+09, 1.322109e-01, 9.594608e-01, 1.846802e+00, -1.988482e+00, 1.235999e-09, 6.270526e-10, 3.726073e+01, 2.533750e-01
3.821400e+09, 1.291077e-01, 9.598388e-01, 1.817291e+00, -2.003454e+00, 1.271284e-09, 6.274634e-10, 3.759334e+01, 2.493554e-01
3.825200e+09, 1.260194e-01, 9.602054e-01, 1.786937e+00, -2.018435e+00, 1.308966e-09, 6.278612e-10, 3.792541e+01, 2.451170e-01
3.829000e+09, 1.229493e-01, 9.605604e-01, 1.755684e+00, -2.033426e+00, 1.349219e-09, 6.282456e-10, 3.825667e+01, 2.406612e-01
3.832800e+09, 1.199012e-01, 9.609035e-01, 1.723470e+00, -2.048426e+00, 1.392222e-09, 6.286165e-10, 3.858684e+01, 2.359895e-01
3.836600e+09, 1.168793e-01, 9.612344e-01, 1.690229e+00, -2.063435e+00, 1.438156e-09, 6.289735e-10, 3.891562e+01, 2.311037e-01
3.840400e+09, 1.138878e-01, 9.615531e-01, 1.655892e+00, -2.078452e+00, 1.487206e-09, 6.293164e-10, 3.924271e+01, 2.260055e-01
3.844200e+09, 1.109316e-01, 9.618592e-01, 1.620383e+00, -2.093478e+00, 1.539550e-09, 6.296450e-10, 3.956780e+01, 2.206969e-01
3.848000e+09, 1.080157e-01, 9.621526e-01, 1.583625e+00, -2.108511e+00, 1.595355e-09, 6.299592e-10, 3.989058e+01, 2.151800e-01
3.851800e+09, 1.051459e-01, 9.624330e-01, 1.545534e+00, -2.123552e+00, 1.654770e-09, 6.302586e-10, 4.021071e+01, 2.094571e-01
3.855600e+09, 1.023282e-01, 9.627003e-01, 1.506024e+00, -2.138601e+00, 1.717914e-09, 6.305431e-10, 4.052786e+01, 2.035307e-01
3.859400e+09, 9.956927e-02, 9.629543e-01, 1.465007e+00, -2.153655e+00, 1.784863e-09, 6.308126e-10, 4.084169e+01, 1.974034e-01
3.863200e+09, 9.687615e-02, 9.631949e-01, 1.422392e+00, -2.168717e+00, 1.855631e-09, 6.310668e-10, 4.115185e+01, 1.910781e-01
3.867000e+09, 9.425661e-02, 9.634219e-01, 1.378087e+00, -2.183784e+00, 1.930152e-09, 6.313056e-10, 4.145799e+01, 1.845578e-01
3.870800e+09, 9.171897e-02, 9.636351e-01, 1.332002e+00, -2.198857e+00, 2.008257e-09, 6.315290e-10, 4.175975e+01, 1.778457e-01
3.874600e+09, 8.927216e-02, 9.638345e-01, 1.284053e+00, -2.213936e+00, 2.089643e-09, 6.317367e-10, 4.205675e+01, 1.709453e-01
3.878400e+09, 8.692572e-02, 9.640198e-01, 1.234160e+00, -2.229019e+00, 2.173849e-09, 6.319287e-10, 4.234863e+01, 1.638602e-01
3.882200e+09, 8.468977e-02, 9.641911e-01, 1.182257e+00, -2.244107e+00, 2.260221e-09, 6.321048e-10, 4.263503e+01, 1.565943e-01
3.886000e+09, 8.257497e-02, 9.643481e-01, 1.128292e+00, -2.259199e+00, 2.347890e-09, 6.322650e-10, 4.291555e+01, 1.491517e-01
3.889800e+09, 8.059245e-02, 9.644909e-01, 1.072233e+00, -2.274295e+00, 2.435747e-09, 6.324091e-10, 4.318983e+01, 1.415367e-01
3.893600e+09, 7.875365e-02, 9.646193e-01, 1.014077e+00, -2.289395e+00, 2.522436e-09, 6.325373e-10, 4.345749e+01, 1.337538e-01
3.897400e+09, 7.707020e-02, 9.647332e-01, 9.538513e-01, -2.304497e+00, 2.606360e-09, 6.326493e-10, 4.371816e+01, 1.258078e-01
3.901200e+09, 7.555370e-02, 9.648326e-01, 8.916216e-01, -2.319603e+00, 2.685711e-09, 6.327451e-10, 4.397146e+01, 1.177038e-01
3.905000e+09, 7.421542e-02, 9.649175e-01, 8.274973e-01, -2.334710e+00, 2.758531e-09, 6.328248e-10, 4.421702e+01, 1.094469e-01
3.908800e+09, 7.306606e-02, 9.649877e-01, 7.616343e-01, -2.349820e+00, 2.822795e-09, 6.328884e-10, 4.445447e+01, 1.010425e-01
3.912600e+09, 7.211539e-02, 9.650434e-01, 6.942370e-01, -2.364930e+00, 2.876531e-09, 6.329358e-10, 4.468347e+01, 9.249646e-02
3.916400e+09, 7.137191e-02, 9.650845e-01, 6.255566e-01, -2.380042e+00, 2.917947e-09, 6.329670e-10, 4.490365e+01, 8.381458e-02
3.920200e+09, 7.084254e-02, 9.651109e-01, 5.558874e-01, -2.395155e+00, 2.945572e-09, 6.329821e-10, 4.511468e+01, 7.500300e-02
3.924000e+09, 7.053230e-02, 9.651227e-01, 4.855586e-01, -2.410268e+00, 2.958380e-09, 6.329811e-10, 4.531622e+01, 6.606806e-02
3.927800e+09, 7.044412e-02, 9.651198e-01, 4.149240e-01, -2.425382e+00, 2.955879e-09, 6.329641e-10, 4.550796e+01, 5.701630e-02
3.931600e+09, 7.057866e-02, 9.651024e-01, 3.443492e-01, -2.440494e+00, 2.938162e-09, 6.329312e-10, 4.568957e+01, 4.785447e-02
3.935400e+09, 7.093434e-02, 9.650705e-01, 2.741973e-01, -2.455606e+00, 2.905893e-09, 6.328823e-10, 4.586078e+01, 3.858949e-02
3.939200e+09, 7.150732e-02, 9.650241e-01, 2.048159e-01, -2.470717e+00, 2.860249e-09, 6.328177e-10, 4.602130e+01, 2.922848e-02
3.943000e+09, 7.229177e-02, 9.649632e-01, 1.365243e-01, -2.485826e+00, 2.802816e-09, 6.327374e-10, 4.617088e+01, 1.977871e-02
3.946800e+09, 7.328004e-02, 9.648880e-01, 6.960399e-02, -2.500933e+00, 2.735456e-09, 6.326415e-10, 4.630927e+01, 1.024760e-02
3.950600e+09, 7.446300e-02, 9.647984e-01, 4.291956e-03, -2.516038e+00, 2.660172e-09, 6.325301e-10, 4.643624e+01, 6.427457e-04
3.954400e+09, 7.583040e-02, 9.646947e-01, -5.922259e-02, -2.531141e+00, 2.578979e-09, 6.324034e-10, 4.655160e+01, -9.028166e-03
3.958200e+09, 7.737115e-02, 9.645769e-01, -1.207986e-01, -2.546240e+00, 2.493796e-09, 6.322615e-10, 4.665517e+01, -1.875732e-02
3.962000e+09, 7.907372e-02, 9.644451e-01, -1.803407e-01, -2.561336e+00, 2.406369e-09, 6.321046e-10, 4.674678e+01, -2.853680e-02
3.965800e+09, 8.092633e-02, 9.642994e-01, -2.377954e-01, -2.576428e+00, 2.318224e-09, 6.319328e-10, 4.682631e+01, -3.835863e-02
3.969600e+09, 8.291730e-02, 9.641400e-01, -2.931456e-01, -2.591516e+00, 2.230639e-09, 6.317463e-10, 4.689364e+01, -4.821475e-02
3.973400e+09, 8.503516e-02, 9.639670e-01, -3.464045e-01, -2.606600e+00, 2.144646e-09, 6.315453e-10, 4.694868e+01, -5.809707e-02
3.977200e+09, 8.726882e-02, 9.637804e-01, -3.976103e-01, -2.621679e+00, 2.061046e-09, 6.313300e-10, 4.699137e+01, -6.799747e-02
3.981000e+09, 8.960771e-02, 9.635806e-01, -4.468201e-01, -2.636753e+00, 1.980427e-09, 6.311005e-10, 4.702167e+01, -7.790781e-02
3.984800e+09, 9.204182e-02, 9.633677e-01, -4.941050e-01, -2.651821e+00, 1.903200e-09, 6.308571e-10, 4.703958e+01, -8.781998e-02
3.988600e+09, 9.456175e-02, 9.631417e-01, -5.395460e-01, -2.666883e+00, 1.829621e-09, 6.306000e-10, 4.704510e+01, -9.772589e-02
3.992400e+09, 9.715869e-02, 9.629030e-01, -5.832302e-01, -2.681939e+00, 1.759826e-09, 6.303294e-10, 4.703828e+01, -1.076175e-01
3.996200e+09, 9.982448e-02, 9.626516e-01, -6.252480e-01, -2.696989e+00, 1.693853e-09, 6.300455e-10, 4.701917e+01, -1.174868e-01
4.000000e+09, 1.025515e-01, 9.623878e-01, -6.656906e-01, -2.712032e+00, 1.693853e-09, 6.300455e-10, 4.698786e+01, -1.273260e-01
